# bogie-ratio map (all runs): z = log(v_front/v_rear) / sigma_v(v) per 1 m of the main-cycle antenna arc;
# rel = 0: no corrections there (leave-one-out over train runs made the estimate worse nearby)
# L=11053.6510
#sv,1.750,0.0045338
#sv,2.250,0.0045308
#sv,2.750,0.0047892
#sv,3.250,0.0032790
#sv,3.750,0.0034566
#sv,4.250,0.0033451
#sv,4.750,0.0028251
#sv,5.250,0.0029010
#sv,5.750,0.0027273
#sv,6.250,0.0027171
#sv,6.750,0.0026581
#sv,7.250,0.0022745
#sv,7.750,0.0022534
#sv,8.250,0.0019878
#sv,8.750,0.0018247
#sv,9.250,0.0016105
#sv,9.750,0.0013853
#sv,10.250,0.0013477
#sv,10.750,0.0013743
#sv,11.250,0.0013053
#sv,11.750,0.0012974
#sv,12.250,0.0014789
#sv,12.750,0.0013822
#sv,13.250,0.0015049
#sv,13.750,0.0016629
#sv,14.250,0.0018002
#sv,14.750,0.0018545
bin,mu,sd,rel
0,3.31042,1.54611,1
1,1.73202,2.29760,1
2,-0.76326,2.06867,1
3,-1.84898,2.11504,1
4,-2.42395,1.95981,1
5,-1.87363,2.22305,1
6,-1.96604,2.12578,1
7,-1.27387,2.10768,1
8,-1.28284,2.17231,1
9,-0.17135,2.20735,1
10,0.34191,2.26095,1
11,1.03635,2.13511,1
12,2.15927,2.32077,1
13,2.20539,2.51211,1
14,2.71783,2.78885,1
15,2.03313,2.94906,1
16,-0.03393,2.51704,1
17,1.67955,2.63427,1
18,2.02401,2.34344,1
19,1.79378,2.68948,1
20,0.99760,2.25655,1
21,0.79843,2.45171,1
22,1.49214,2.78088,1
23,3.88184,2.73149,1
24,4.45423,2.81962,1
25,3.90972,2.79770,0
26,3.57289,2.60229,0
27,3.12546,2.59310,0
28,1.32349,2.95164,0
29,0.97435,2.72404,0
30,0.95003,2.55375,0
31,-0.15518,1.99321,0
32,-0.48177,2.04979,0
33,-0.47543,1.75546,0
34,-0.76746,1.71825,0
35,-0.06602,1.33342,0
36,0.07852,1.70672,0
37,-1.15571,2.03969,0
38,-3.13154,2.43934,0
39,-3.38227,2.04898,0
40,-3.18593,2.53178,0
41,-2.36839,2.97766,0
42,-2.99994,2.33301,0
43,-4.41116,2.27867,0
44,-4.61418,2.82141,0
45,-4.91761,2.26271,0
46,-1.95093,3.40514,0
47,-0.62803,3.25697,0
48,0.32858,3.89069,0
49,-1.50679,2.71823,0
50,-0.10242,2.93619,0
51,-0.58343,1.63344,0
52,-0.79580,1.90648,0
53,-1.30325,1.26708,0
54,-0.71870,0.84171,0
55,0.52812,1.95650,0
56,-0.11393,2.29735,0
57,0.06655,3.40915,0
58,0.83189,3.30196,0
59,1.31910,3.38703,0
60,2.26642,3.58928,0
61,3.25660,3.26923,0
62,3.31766,2.77329,0
63,4.51700,1.90511,0
64,5.79442,2.63088,0
65,5.73457,2.81585,0
66,5.23103,2.52913,0
67,4.52311,2.02322,0
68,4.59351,2.34089,0
69,2.92080,2.60119,0
70,2.61526,2.21674,0
71,0.39405,2.24069,0
72,-0.27269,2.03389,0
73,-1.41042,2.42843,0
74,-0.66258,1.90029,0
75,-0.66502,2.81564,0
76,-0.81510,2.23590,0
77,0.91700,2.47163,0
78,0.53549,2.17916,0
79,1.96724,2.21733,0
80,0.72621,2.03313,0
81,1.23649,2.46799,0
82,-0.04394,2.40966,0
83,0.43364,2.38718,0
84,-0.25077,2.10936,0
85,-0.26924,2.22309,0
86,-0.56957,1.83117,0
87,-0.92216,1.41172,0
88,0.31585,1.43960,0
89,0.39900,1.59420,0
90,0.66100,1.57020,0
91,0.48474,1.94045,0
92,0.84111,2.15476,0
93,0.72733,1.48407,0
94,-0.46476,1.50237,0
95,-1.49077,1.65967,0
96,-2.62494,1.87364,0
97,-3.64048,2.25516,0
98,-4.25827,1.65714,0
99,-5.86762,1.81159,0
100,-6.09117,1.62324,0
101,-5.34414,1.53621,0
102,-3.16552,2.07228,0
103,-1.95010,1.83489,0
104,-0.99467,2.17531,0
105,-0.45107,1.15812,0
106,0.25934,2.15837,0
107,1.08041,1.28616,0
108,0.55444,0.95207,0
109,0.04034,0.98418,0
110,-1.06754,0.97884,0
111,-0.70421,1.55645,0
112,-0.15287,0.99150,0
113,0.22622,1.87572,0
114,-0.49965,1.12968,0
115,-0.66957,1.19724,0
116,0.08738,0.98070,0
117,0.36351,0.84657,0
118,-0.12750,2.06576,0
119,0.67960,2.08528,0
120,0.37616,2.23587,0
121,-0.49677,1.47519,0
122,-0.15939,0.93790,0
123,0.13009,0.88294,0
124,0.24354,0.50847,0
125,0.67750,1.47852,0
126,-0.04844,2.16156,0
127,-1.04255,2.73260,0
128,0.57368,1.40897,0
129,0.19360,1.30803,0
130,0.21776,0.62469,0
131,-0.19817,0.51203,0
132,-0.12673,0.53595,0
133,0.07815,0.50000,0
134,-0.12545,0.53324,0
135,-0.15374,0.56666,0
136,-0.09068,0.63604,0
137,-0.02519,1.13013,0
138,0.29667,1.12680,0
139,0.31655,0.55287,0
140,0.08657,0.56805,0
141,-0.01758,0.67255,0
142,-0.05638,0.65942,0
143,-0.08365,0.86747,0
144,-0.07241,0.80282,0
145,0.00000,1.00000,0
146,-0.27215,0.72292,0
147,-0.27597,0.60152,0
148,-0.20050,0.70408,0
149,0.11805,0.65615,0
150,0.12684,0.50646,0
151,-0.06957,0.51587,0
152,-0.11203,0.55312,0
153,-0.03839,0.50275,0
154,0.02020,0.56399,0
155,0.12670,0.65616,0
156,0.21191,0.57154,0
157,0.06212,0.81018,0
158,-0.23074,0.58613,0
159,-0.12114,0.50000,0
160,0.08736,0.50800,0
161,0.18158,0.50000,0
162,-0.00730,0.50000,0
163,-0.02325,0.68891,0
164,-0.39668,0.62386,0
165,0.18979,0.67090,0
166,0.36321,0.50000,0
167,0.22001,0.50000,0
168,0.06227,0.50000,0
169,-0.07924,0.50000,0
170,-0.17806,0.55635,0
171,-0.39996,0.50000,0
172,-0.19168,0.76909,0
173,-0.42348,0.96625,0
174,-0.25511,0.61553,0
175,-0.13201,0.76295,0
176,-0.07329,0.79668,0
177,0.14886,0.70983,0
178,0.14084,0.79610,0
179,-0.65641,0.89314,0
180,-1.57854,0.99047,0
181,-1.42200,0.72039,0
182,-1.18940,1.29532,0
183,-1.16946,1.40198,0
184,-1.18239,1.41028,0
185,-1.26018,1.01061,0
186,-1.00842,1.24107,0
187,-1.11152,1.32539,0
188,-1.28907,1.21145,0
189,-1.36618,1.25301,0
190,-0.71693,1.18021,0
191,0.09230,1.31727,0
192,0.57729,2.05224,0
193,0.04570,2.12398,0
194,0.24440,2.45253,0
195,-2.10701,3.09788,0
196,-4.00270,2.14332,0
197,-2.22252,2.30393,0
198,-2.89526,2.51730,0
199,-2.61957,2.68284,0
200,-0.89668,3.06892,1
201,-1.77903,3.41718,1
202,0.56300,3.29737,1
203,3.16728,3.75575,1
204,3.73341,4.20065,1
205,2.89325,2.45371,1
206,0.10667,2.68928,1
207,-0.82215,3.43723,1
208,-3.09988,3.25338,1
209,-4.15363,3.22941,1
210,-7.79215,4.01734,1
211,-6.94033,3.53119,1
212,-4.69024,2.88661,1
213,-1.67867,2.28303,1
214,-0.53310,0.99919,1
215,0.25037,0.61890,1
216,0.14818,0.55788,1
217,-0.14859,0.52704,1
218,0.11514,0.51412,1
219,0.32956,0.66620,1
220,0.49420,0.61706,1
221,0.38717,0.55269,1
222,0.32079,0.74699,1
223,-0.01706,0.50000,1
224,0.18382,0.51684,1
225,0.23037,0.59316,0
226,-0.01675,0.50000,0
227,0.01521,0.51508,0
228,-0.25880,0.50000,0
229,-0.21772,0.68315,0
230,0.03752,0.51413,0
231,0.14191,0.50000,0
232,-0.41645,0.71882,0
233,0.06011,0.77210,0
234,0.25986,0.60524,0
235,-0.09216,0.69313,0
236,-0.11896,0.73504,0
237,-0.42782,0.65989,0
238,-0.61875,0.70838,0
239,-0.19795,1.09265,0
240,-0.07926,0.76015,0
241,-0.36185,0.82223,0
242,-0.31221,0.95049,0
243,-0.28768,0.60543,0
244,0.07519,1.07973,0
245,0.05362,0.85911,0
246,0.65030,0.79130,0
247,0.71898,0.90259,0
248,0.42348,0.71726,0
249,0.12830,0.97550,0
250,0.32960,0.85432,0
251,-0.03027,0.89264,0
252,0.04174,0.84500,0
253,-0.58084,0.97050,0
254,-0.79839,0.90479,0
255,-0.34508,0.93752,0
256,-0.38121,0.84005,0
257,-0.15583,1.09004,0
258,0.48879,0.97493,0
259,0.30944,0.82019,0
260,0.04342,0.71690,0
261,-0.02368,0.84121,0
262,-0.04370,0.70651,0
263,0.03474,0.67580,0
264,0.10532,0.74372,0
265,-0.21716,0.77163,0
266,-0.39852,0.67942,0
267,-0.29706,0.62966,0
268,0.14295,0.57115,0
269,0.04309,0.70374,0
270,0.08588,0.67839,0
271,-0.08014,0.79415,0
272,-0.13116,0.81321,0
273,-0.05628,0.76469,0
274,0.03364,0.60113,0
275,-0.09349,0.61505,0
276,0.05092,1.04398,0
277,-0.64385,0.56867,0
278,-0.16284,0.72731,0
279,-0.12377,0.89413,0
280,0.00980,0.65159,0
281,-0.14139,0.58236,0
282,-0.05600,0.51924,0
283,-0.16849,0.54346,0
284,-0.05116,0.69375,0
285,0.49528,0.80755,0
286,0.37865,0.61523,0
287,0.20102,0.65168,0
288,-0.06224,0.60263,0
289,-0.21732,0.50000,0
290,-0.32547,0.87544,0
291,-0.28533,0.94937,0
292,-0.32420,0.62648,0
293,-0.44915,1.00327,0
294,0.14576,0.81519,0
295,0.46702,0.83049,0
296,0.85433,0.79983,0
297,0.55207,0.78044,0
298,0.12408,0.56860,0
299,0.34261,0.70285,0
300,-0.13137,0.50000,1
301,-0.40101,0.70092,1
302,-0.44707,0.79006,1
303,-0.53344,0.71754,1
304,-0.74999,0.76011,1
305,-0.38230,0.65098,1
306,-0.07592,0.51286,1
307,0.07238,1.16484,1
308,-0.17405,0.56921,1
309,-0.19866,0.56189,1
310,-0.12999,0.53365,1
311,-0.51074,0.50000,1
312,-0.27644,0.50000,1
313,-0.10382,0.50000,1
314,-0.29127,0.50089,1
315,-0.21318,0.58531,1
316,0.10792,0.55253,1
317,-0.18652,0.53691,1
318,-0.07519,0.50000,1
319,-0.34945,0.50000,1
320,-0.10513,0.75756,1
321,0.47290,0.80356,1
322,-0.01853,0.73721,1
323,-0.36092,0.59311,1
324,-0.31954,0.58816,1
325,0.13046,0.53011,1
326,0.34914,0.81864,1
327,-0.26802,0.75274,1
328,-0.46150,0.57175,1
329,-0.72155,0.83052,1
330,-0.46331,0.97822,1
331,-0.34726,0.62817,1
332,0.57741,1.23035,1
333,0.62809,0.54398,1
334,0.21371,0.83507,1
335,0.41184,0.70737,1
336,0.09307,0.54645,1
337,0.32981,0.60186,1
338,0.16484,0.64013,1
339,-0.20923,0.78930,1
340,-0.11599,1.00239,1
341,-0.73620,0.83499,1
342,-0.50340,0.72432,1
343,0.11146,0.50000,1
344,0.14118,0.50000,1
345,0.48286,0.79369,1
346,0.21912,0.79958,1
347,0.04356,0.88859,1
348,0.15765,0.83630,1
349,-0.00161,0.50000,1
350,-0.14461,0.56761,1
351,-0.10639,0.79851,1
352,-0.02671,0.73762,1
353,-0.39677,0.88379,1
354,-0.77897,0.64131,1
355,-0.11801,0.65907,1
356,-0.16221,0.77911,1
357,-0.06480,0.50000,1
358,0.27025,0.61448,1
359,1.21116,0.66075,1
360,0.76125,1.04210,1
361,-0.05467,0.66351,1
362,0.01899,0.60198,1
363,-0.60895,1.45659,1
364,-0.71551,0.50000,1
365,-0.26487,0.50000,1
366,-0.86238,0.76342,1
367,-1.40645,0.64958,1
368,-1.07518,0.68679,1
369,-0.05731,0.56607,1
370,0.49097,0.71089,1
371,0.82603,0.82601,1
372,1.09999,0.84848,1
373,0.14024,0.71020,1
374,-0.18119,0.59650,1
375,-0.31730,0.55651,0
376,-0.14402,0.51194,0
377,-0.10164,0.59277,0
378,0.07555,0.77858,0
379,-0.62883,0.83199,0
380,-0.54246,0.71673,0
381,-0.14216,0.50000,0
382,0.40162,0.68339,0
383,0.36260,0.50000,0
384,0.35467,0.57816,0
385,0.10341,0.57007,0
386,0.14869,0.50000,0
387,0.22182,0.68146,0
388,0.02770,0.60367,0
389,-0.13198,0.56824,0
390,-0.32436,0.52001,0
391,0.07788,0.53396,0
392,-0.11254,0.61077,0
393,0.26045,0.50000,0
394,-0.01402,0.50000,0
395,0.12414,0.71444,0
396,-0.09256,0.56306,0
397,-0.18487,0.50000,0
398,-0.23225,0.50000,0
399,-0.38727,0.73481,0
400,0.06158,0.79543,0
401,-0.21838,0.57060,0
402,-0.21256,0.50000,0
403,0.20963,0.76017,0
404,0.31085,0.50000,0
405,0.19267,0.85050,0
406,-0.16024,0.59185,0
407,0.10864,0.59141,0
408,0.41415,0.72967,0
409,-0.06362,0.65944,0
410,0.32181,0.50000,0
411,-0.15416,0.50000,0
412,-0.31516,0.69515,0
413,-0.01499,0.50000,0
414,-0.23583,0.50000,0
415,-0.29764,0.66479,0
416,-0.53050,1.00189,0
417,-0.61502,0.68957,0
418,-0.39217,0.96790,0
419,0.26305,0.57925,0
420,0.25346,0.71412,0
421,0.46456,0.73413,0
422,0.38826,0.55563,0
423,0.07843,0.67114,0
424,-0.58790,0.72474,0
425,-0.67706,0.77402,0
426,-0.39470,1.05382,0
427,-0.74433,0.99298,0
428,-0.39480,0.97925,0
429,-0.31561,0.50000,0
430,0.19478,0.69823,0
431,0.26470,0.88900,0
432,0.86152,0.73792,0
433,0.44494,0.95715,0
434,0.56903,0.90071,0
435,0.62579,0.83186,0
436,0.52196,0.87131,0
437,0.16115,0.58161,0
438,-0.40739,0.60056,0
439,-0.58957,0.69453,0
440,-0.27221,0.67674,0
441,-0.18868,0.64448,0
442,-0.52287,0.51102,0
443,-0.65318,0.81273,0
444,-0.26573,0.56417,0
445,0.55012,0.67977,0
446,0.98462,0.52300,0
447,0.38865,0.56545,0
448,-0.03293,0.72843,0
449,-0.40196,0.51886,0
450,-0.05103,0.68356,0
451,0.29213,0.62812,0
452,0.05612,0.76553,0
453,0.15347,0.83385,0
454,-0.50676,0.76667,0
455,-0.40223,0.51941,0
456,-0.08703,0.80580,0
457,0.41670,1.06033,0
458,0.53319,1.20687,0
459,0.36429,0.69342,0
460,0.34204,0.94131,0
461,0.02509,0.75790,0
462,-0.19838,0.75924,0
463,0.54592,0.62221,0
464,0.72033,0.91255,0
465,0.54699,0.98932,0
466,-0.01558,0.91770,0
467,-0.04010,0.51688,0
468,0.22257,0.72117,0
469,0.72809,0.60050,0
470,1.12841,0.81848,0
471,-0.28897,0.87593,0
472,0.60397,1.13451,0
473,0.75188,1.09130,0
474,0.77054,0.75689,0
475,0.21197,0.73457,0
476,-0.03919,0.89181,0
477,-0.11124,0.84538,0
478,0.11659,0.68747,0
479,1.03061,0.61513,0
480,-0.58856,0.63773,0
481,-0.30392,0.95871,0
482,-0.48581,0.73934,0
483,-0.07713,1.13015,0
484,0.38307,1.14225,0
485,0.71262,1.02097,0
486,1.04040,0.69056,0
487,0.90543,1.11112,0
488,0.44737,1.11677,0
489,0.35315,0.83971,0
490,0.01767,0.89338,0
491,-0.13164,0.74780,0
492,-0.02819,0.72904,0
493,0.29644,0.62235,0
494,0.17949,0.88347,0
495,-0.11938,0.87870,0
496,0.18429,0.75586,0
497,-0.18790,0.78701,0
498,0.39440,0.85470,0
499,0.77084,0.96491,0
500,1.00290,1.21275,0
501,0.69775,0.97491,0
502,-0.04153,0.73587,0
503,-0.10872,1.07448,0
504,0.27081,0.79775,0
505,0.61884,0.94651,0
506,-0.04456,0.88157,0
507,0.00321,0.97799,0
508,0.07735,0.94935,0
509,-0.00878,0.74197,0
510,0.33082,0.80629,0
511,0.32520,0.75643,0
512,0.35834,0.92094,0
513,-0.00437,0.77778,0
514,0.01551,0.74069,0
515,-0.20943,0.83665,0
516,-0.13904,0.78304,0
517,-0.01989,1.21543,0
518,-0.00266,1.16162,0
519,-0.23346,1.02787,0
520,0.10526,0.73047,0
521,-0.21492,0.92399,0
522,-0.17827,0.91128,0
523,-0.15781,0.69813,0
524,-0.04170,0.59400,0
525,-0.03420,0.74284,0
526,-0.24271,0.80651,0
527,0.22723,0.99359,0
528,0.33611,0.56671,0
529,0.24284,0.81012,0
530,-0.12881,0.91501,0
531,-0.14814,0.70309,0
532,0.08396,0.87461,0
533,0.03231,0.77182,0
534,0.02117,0.77125,0
535,-0.07631,0.82573,0
536,0.08622,0.86934,0
537,-0.16544,0.64084,0
538,0.01703,0.63933,0
539,0.16433,0.73586,0
540,0.10037,0.63027,0
541,0.03092,0.71124,0
542,-0.14990,0.68344,0
543,-0.17901,0.91262,0
544,0.02764,0.65163,0
545,0.28395,0.66779,0
546,0.21778,0.72474,0
547,-0.15433,0.69028,0
548,0.11705,0.85777,0
549,0.03203,0.72577,0
550,0.08795,0.64787,0
551,0.11306,0.60649,0
552,0.02986,0.71010,0
553,-0.12492,0.90168,0
554,-0.21482,0.93370,0
555,-0.05158,0.63607,0
556,0.18379,0.81215,0
557,0.10905,0.70424,0
558,-0.20711,0.65498,0
559,-0.12652,0.66004,0
560,0.09788,0.82010,0
561,-0.11187,0.73408,0
562,-0.19784,0.59979,0
563,-0.27854,0.73804,0
564,-0.14722,0.97467,0
565,-0.10316,0.78442,0
566,-0.09544,0.68760,0
567,0.06214,0.93561,0
568,0.14103,0.83750,0
569,0.05900,0.80554,0
570,0.27080,0.69363,0
571,0.33268,0.80697,0
572,0.48261,0.86221,0
573,0.44021,0.79591,0
574,0.55190,0.82758,0
575,0.20471,0.84043,0
576,0.15204,0.67921,0
577,0.12799,0.69358,0
578,0.12240,0.77253,0
579,0.12813,0.75632,0
580,0.20578,0.74507,0
581,0.05660,0.79692,0
582,-0.04933,0.66721,0
583,-0.06522,0.53053,0
584,0.17735,0.53358,0
585,0.25819,0.72516,0
586,0.01919,0.51318,0
587,-0.22576,0.88079,0
588,-0.27919,0.74519,0
589,-0.76463,0.68437,0
590,-0.79806,0.62361,0
591,-0.56241,0.60510,0
592,0.02601,0.57330,0
593,0.56203,0.65041,0
594,0.50594,0.59644,0
595,0.60967,0.50000,0
596,0.57886,0.62532,0
597,0.72190,0.71924,0
598,0.64396,0.73192,0
599,0.46478,0.94600,0
600,-0.05717,0.93170,0
601,-0.07834,0.89590,0
602,0.28465,0.77801,0
603,0.20038,0.77709,0
604,-0.06546,0.64673,0
605,0.49818,0.66379,0
606,0.74672,0.50000,0
607,-0.08450,0.56774,0
608,-0.27305,0.61474,0
609,-0.27519,0.66673,0
610,0.07310,0.58821,0
611,0.37959,0.87926,0
612,0.98756,0.87768,0
613,0.36627,0.97607,0
614,0.40293,0.86886,0
615,0.74254,0.95842,0
616,0.75515,0.58831,0
617,0.36150,0.56413,0
618,0.41774,0.66200,0
619,-0.37377,0.50000,0
620,-0.14399,0.50000,0
621,-0.18123,0.50000,0
622,0.15656,0.50000,0
623,0.32417,0.56647,0
624,1.19869,0.57461,0
625,0.58799,0.59268,0
626,0.19480,0.50000,0
627,0.14498,0.50000,0
628,-0.70398,0.70407,0
629,-1.46150,1.14979,0
630,0.19529,1.15507,0
631,0.77885,0.88819,0
632,0.19715,0.84049,0
633,0.80532,0.58690,0
634,0.40108,0.50000,0
635,0.44185,0.52014,0
636,1.58496,1.05811,0
637,1.65538,1.28328,0
638,-0.30120,1.36984,0
639,-0.33889,0.91116,0
640,-0.69733,0.81431,0
641,0.94836,1.36120,0
642,1.26164,1.35864,0
643,-0.01916,0.76070,0
644,0.05898,0.78460,0
645,-0.84355,0.99868,0
646,0.29888,0.50000,0
647,0.56986,0.59965,0
648,0.14847,0.91477,0
649,-0.02449,0.80651,0
650,0.24735,0.99168,1
651,0.79074,1.11439,1
652,2.61004,1.05165,1
653,2.53575,1.32379,1
654,1.49343,0.69570,1
655,1.76763,1.02839,1
656,0.60671,1.08267,1
657,0.83444,0.78095,1
658,1.80254,0.82870,1
659,1.27217,0.71931,1
660,0.28460,0.85467,1
661,-0.29231,0.87117,1
662,-0.53302,0.50000,1
663,-0.75594,0.54803,1
664,-1.69763,0.59487,1
665,-1.96901,0.68569,1
666,-3.24690,0.68580,1
667,-3.07523,0.83643,1
668,-1.66927,0.61515,1
669,-1.75268,0.78054,1
670,-1.62761,0.54266,1
671,-0.72322,0.57278,1
672,0.01758,0.66811,1
673,0.96359,0.72487,1
674,2.20855,0.94916,1
675,1.68101,0.81674,1
676,0.86422,0.95452,1
677,2.07049,0.87701,1
678,1.60587,0.63361,1
679,2.59962,0.86762,1
680,2.48964,0.66596,1
681,1.33225,0.91941,1
682,1.95011,0.69221,1
683,1.45783,0.55890,1
684,0.95934,0.84161,1
685,0.60986,0.56440,1
686,0.57221,0.50000,1
687,0.09182,0.80193,1
688,0.23290,0.58440,1
689,0.34708,0.50000,1
690,-0.37402,0.50000,1
691,-0.90927,0.60336,1
692,-0.68667,0.50000,1
693,-0.71831,0.51550,1
694,-0.81478,0.52633,1
695,0.05485,0.63962,1
696,0.10391,0.50000,1
697,0.27203,0.50000,1
698,0.69309,0.57127,1
699,1.43768,0.74746,1
700,1.19510,0.82448,1
701,0.95041,0.57650,1
702,1.10887,0.79372,1
703,0.37822,0.84602,1
704,-0.41605,1.04558,1
705,-0.24214,0.96220,1
706,-0.94092,0.66314,1
707,-1.07464,0.63817,1
708,-0.74261,0.95569,1
709,-0.28782,0.78149,1
710,-0.06935,0.67390,1
711,0.54303,1.07496,1
712,1.10863,0.76602,1
713,1.48687,0.69098,1
714,1.27940,0.55668,1
715,1.93953,0.76715,1
716,1.77478,0.72298,1
717,1.87947,1.04305,1
718,0.55084,0.78789,1
719,0.84659,0.54649,1
720,-0.38428,0.76491,1
721,-0.73877,0.80696,1
722,-0.74514,0.50000,1
723,-0.91607,0.50000,1
724,-0.49782,0.50000,1
725,-0.33975,0.68666,1
726,0.72637,0.53730,1
727,0.87925,0.50000,1
728,1.69768,0.50000,1
729,0.47899,0.87726,1
730,0.45584,0.90218,1
731,1.22282,0.76721,1
732,-0.19813,0.62196,1
733,-0.19122,0.68554,1
734,-0.96478,0.57363,1
735,-0.24217,0.50000,1
736,-0.10261,0.58340,1
737,1.05458,0.98373,1
738,-0.50835,0.64799,1
739,0.13456,0.77487,1
740,0.11022,0.54466,1
741,0.36711,0.69667,1
742,0.57871,0.50000,1
743,0.35430,0.76490,1
744,-1.00867,0.79894,1
745,-0.96182,0.81865,1
746,-1.19571,0.51479,1
747,-0.84252,0.50000,1
748,-1.10551,0.75991,1
749,-1.01017,0.50000,1
750,-0.96407,0.91208,1
751,-0.42718,0.72828,1
752,-0.01780,0.50038,1
753,-0.06100,0.64171,1
754,-1.54757,0.79444,1
755,-1.23090,1.19849,1
756,0.34936,0.95988,1
757,-0.72556,0.86528,1
758,-0.14906,0.51334,1
759,-0.02001,0.50989,1
760,0.60147,0.78517,1
761,0.86043,1.11435,1
762,2.96987,0.86308,1
763,1.74795,1.30480,1
764,1.74157,1.12771,1
765,0.82788,2.58647,1
766,0.03315,0.94689,1
767,-1.33954,0.89876,1
768,-0.63464,0.84990,1
769,-1.55421,0.77004,1
770,-0.56644,0.64763,1
771,-0.87153,0.98492,1
772,-0.53288,0.71698,1
773,-0.94945,0.57485,1
774,0.97815,0.80146,1
775,0.45701,0.86022,1
776,0.58940,0.78046,1
777,0.33080,0.93669,1
778,-0.33667,0.83770,1
779,-0.97168,0.57659,1
780,0.18852,0.96977,1
781,0.66355,0.72542,1
782,0.97789,0.97293,1
783,1.36671,0.62611,1
784,1.42905,1.35356,1
785,1.61508,0.83498,1
786,3.01321,1.43509,1
787,3.83867,1.72186,1
788,1.57022,0.87577,1
789,2.03718,1.06190,1
790,1.36321,0.73087,1
791,1.19713,1.22523,1
792,0.28550,0.78591,1
793,-0.17917,0.85571,1
794,-1.07289,0.73356,1
795,-0.99767,1.05966,1
796,0.14575,0.65348,1
797,-0.29000,1.14780,1
798,1.64155,1.02948,1
799,1.23195,1.52118,1
800,0.81366,0.84780,1
801,0.57149,0.96355,1
802,0.38339,0.97962,1
803,0.67171,0.81733,1
804,0.51185,0.84036,1
805,-0.30731,1.33426,1
806,-2.32707,1.28919,1
807,-0.12013,0.89602,1
808,-0.18957,0.79624,1
809,0.06634,0.70971,1
810,-0.19705,0.83627,1
811,-0.71107,0.75026,1
812,-0.58074,0.68406,1
813,-0.27061,0.72453,1
814,-0.23389,0.87061,1
815,-0.14345,0.50000,1
816,-0.29263,0.63356,1
817,0.19177,0.70352,1
818,1.04405,0.56209,1
819,1.10471,0.83502,1
820,1.14692,0.75765,1
821,1.06859,0.78041,1
822,0.74269,0.64564,1
823,0.76999,0.76129,1
824,-0.10351,1.07046,1
825,-1.21499,1.06002,1
826,-1.05259,0.67375,1
827,-0.89881,0.84105,1
828,-0.67853,0.98485,1
829,-0.58083,0.94287,1
830,-0.16185,0.80236,1
831,0.37125,1.07105,1
832,0.94280,1.05616,1
833,1.08580,0.97274,1
834,1.08403,0.95732,1
835,1.15647,0.89704,1
836,0.64931,1.03403,1
837,0.00867,0.98301,1
838,-0.09171,0.98132,1
839,-0.21175,0.99041,1
840,0.05791,1.10724,1
841,0.27723,0.96953,1
842,-0.12523,1.06651,1
843,0.02500,1.10815,1
844,-0.04937,0.97291,1
845,0.09759,0.79381,1
846,0.35377,0.96441,1
847,0.43311,1.09826,1
848,0.75939,1.12551,1
849,0.32601,1.03776,1
850,0.27604,0.93660,1
851,0.19383,0.81744,1
852,0.42958,0.84333,1
853,-0.11886,1.08189,1
854,-0.22946,0.79162,1
855,-0.39713,0.83666,1
856,-0.48501,0.71708,1
857,0.15312,0.88633,1
858,0.29147,0.62409,1
859,0.31674,0.79890,1
860,-0.15158,0.78271,1
861,-0.01750,0.69501,1
862,0.25836,0.82606,1
863,0.04430,0.62474,1
864,0.05771,0.63887,1
865,-0.12408,0.56924,1
866,-0.16372,0.50000,1
867,-0.10606,0.73990,1
868,0.17039,0.55261,1
869,0.00346,0.65413,1
870,0.07234,0.50443,1
871,0.08198,0.65524,1
872,0.18157,0.61337,1
873,-0.03123,0.70130,1
874,0.12994,0.64773,1
875,0.16223,0.65718,0
876,-0.08822,0.62430,0
877,0.10359,0.55897,0
878,0.13122,0.74865,0
879,0.03972,0.75194,0
880,0.09378,1.23576,0
881,0.21701,0.86093,0
882,0.03983,0.67025,0
883,0.10912,0.83378,0
884,-0.03133,0.68319,0
885,0.01524,0.74182,0
886,0.08848,0.64879,0
887,0.00820,0.70924,0
888,0.06705,0.55529,0
889,-0.06460,0.74956,0
890,-0.18434,0.66894,0
891,-0.08132,0.52555,0
892,-0.16697,0.54178,0
893,-0.19035,0.56626,0
894,-0.16228,0.63455,0
895,-0.15684,0.59801,0
896,-0.10713,0.71000,0
897,0.08513,0.65922,0
898,0.04421,0.85540,0
899,0.02973,0.71180,0
900,0.18408,0.85472,0
901,0.09857,1.07266,0
902,-0.02317,0.89632,0
903,-0.24672,0.69899,0
904,-0.06941,0.68307,0
905,-0.38057,0.50000,0
906,-0.30114,1.05410,0
907,-0.15594,1.21447,0
908,-0.16876,0.85195,0
909,0.09970,0.70957,0
910,0.14517,0.65514,0
911,0.28996,0.77347,0
912,0.30791,0.83902,0
913,0.04884,0.77256,0
914,-0.06594,0.99596,0
915,0.10298,0.74848,0
916,0.00371,0.73870,0
917,-0.01174,1.25945,0
918,-0.22831,0.68179,0
919,0.12782,0.88873,0
920,0.00017,0.79383,0
921,0.02149,0.76546,0
922,0.06071,0.69187,0
923,0.19635,0.63672,0
924,0.11678,0.71728,0
925,0.01203,0.68789,0
926,-0.00380,0.63450,0
927,0.34637,0.66074,0
928,0.20266,0.67195,0
929,0.01502,0.67914,0
930,-0.00476,0.62793,0
931,-0.24784,0.65627,0
932,-0.00047,0.63990,0
933,-0.08681,0.52831,0
934,-0.07123,0.50581,0
935,-0.05448,0.59056,0
936,0.20550,0.53736,0
937,0.16378,0.50000,0
938,0.07090,0.50000,0
939,0.14869,0.50000,0
940,0.04781,0.50000,0
941,-0.03064,0.50000,0
942,-0.09072,0.50000,0
943,-0.20863,0.50000,0
944,-0.21457,0.67230,0
945,-0.17469,0.86159,0
946,0.07191,0.70309,0
947,0.21421,0.60914,0
948,0.09700,0.50000,0
949,0.13272,0.64305,0
950,0.12639,0.58197,0
951,0.10051,0.63466,0
952,-0.12005,0.69961,0
953,-0.12427,1.00657,0
954,0.00827,1.02567,0
955,0.01479,0.80463,0
956,-0.08493,0.66867,0
957,-0.10905,0.65569,0
958,0.17568,0.65578,0
959,0.13488,0.69435,0
960,0.08480,0.67621,0
961,0.04010,0.77801,0
962,0.07680,0.86709,0
963,-0.05066,0.67780,0
964,-0.27991,0.66985,0
965,0.21314,0.75032,0
966,0.05722,0.75356,0
967,-0.17613,1.27208,0
968,-0.11048,0.88186,0
969,-0.30471,0.74780,0
970,-0.16764,0.65876,0
971,-0.01804,0.50000,0
972,0.04759,0.57005,0
973,0.42278,1.08175,0
974,0.08085,1.25561,0
975,-0.49763,1.19581,0
976,0.05178,1.14622,0
977,-0.03880,0.97636,0
978,0.55747,1.04636,0
979,0.39737,1.04880,0
980,-0.69039,1.00237,0
981,-0.59785,0.73521,0
982,0.02854,1.56851,0
983,-0.92617,1.64160,0
984,-0.59209,1.58057,0
985,-0.99677,2.26302,0
986,-0.85641,1.36480,0
987,0.29812,1.04013,0
988,0.11083,0.50000,0
989,0.21810,0.85866,0
990,0.98373,1.37340,0
991,1.08903,1.90968,0
992,1.56968,2.18242,0
993,0.13313,1.53138,0
994,-0.08692,0.60886,0
995,-0.24368,0.50392,0
996,-0.23931,0.56713,0
997,-0.13851,0.57085,0
998,0.30718,0.55082,0
999,0.44779,0.50000,0
1000,0.59971,0.55900,1
1001,0.54333,0.50000,1
1002,0.35072,0.65595,1
1003,0.08827,0.66590,1
1004,0.15744,0.68854,1
1005,-0.40394,0.89214,1
1006,-1.36711,1.11802,1
1007,-1.33454,1.02154,1
1008,-1.04215,1.02809,1
1009,-0.57376,0.87641,1
1010,-0.18854,0.99160,1
1011,0.70104,0.93163,1
1012,0.70273,1.48448,1
1013,0.54188,0.53281,1
1014,0.60176,0.51017,1
1015,0.85255,0.50000,1
1016,0.82642,0.50000,1
1017,0.69853,0.50649,1
1018,0.05854,0.90613,1
1019,-0.70750,0.86094,1
1020,0.21767,1.25092,1
1021,-0.01954,0.64914,1
1022,-0.06253,0.50000,1
1023,-0.16098,0.50000,1
1024,-0.06457,0.50000,1
1025,-0.67544,0.80003,1
1026,-0.57010,0.50000,1
1027,-0.18458,0.50000,1
1028,0.03758,0.50000,1
1029,0.19365,0.50000,1
1030,0.24087,0.50000,1
1031,0.19864,0.50000,1
1032,-0.15718,0.64169,1
1033,0.37497,0.50860,1
1034,0.23959,0.50000,1
1035,-0.10670,0.52498,1
1036,0.04100,0.50000,1
1037,0.09744,0.50000,1
1038,-0.08387,0.55137,1
1039,0.11378,1.17545,1
1040,-0.19511,0.77546,1
1041,-0.20745,0.66419,1
1042,-0.05577,0.59624,1
1043,0.18100,0.86266,1
1044,-0.06061,1.06207,1
1045,0.86857,1.79256,1
1046,0.62440,1.20378,1
1047,-0.28289,1.29559,1
1048,0.18083,0.68012,1
1049,-0.30929,1.96971,1
1050,0.39293,1.36536,1
1051,-0.67374,1.32264,1
1052,-0.73488,1.27697,1
1053,-1.62414,1.96556,1
1054,-0.44317,2.02443,1
1055,0.64266,1.00526,1
1056,1.39637,1.15250,1
1057,-0.17247,1.27922,1
1058,-0.58341,2.03037,1
1059,1.35348,1.27826,1
1060,0.71162,0.64771,1
1061,0.35780,0.65008,1
1062,0.86538,0.70930,1
1063,0.02895,0.75927,1
1064,0.04502,0.72445,1
1065,0.67160,1.18963,1
1066,0.77100,0.73454,1
1067,0.58747,0.78624,1
1068,0.11787,0.50000,1
1069,0.02839,0.50000,1
1070,0.04243,0.50000,1
1071,0.23422,0.50000,1
1072,0.12243,0.50000,1
1073,0.21141,0.50000,1
1074,0.26228,0.50000,1
1075,0.04929,0.50000,1
1076,-0.03313,0.50000,1
1077,-0.01279,0.50000,1
1078,-0.56330,0.50000,1
1079,-0.37450,0.60836,1
1080,-0.14518,0.61702,1
1081,-0.39601,0.71325,1
1082,-0.66195,0.89571,1
1083,0.26717,0.87062,1
1084,0.28676,0.90860,1
1085,0.14428,1.05343,1
1086,-0.15956,0.61251,1
1087,-0.03637,0.87475,1
1088,0.07448,0.65820,1
1089,0.24929,0.98721,1
1090,-0.24973,0.82556,1
1091,-0.57091,0.82907,1
1092,-0.09909,1.22180,1
1093,-0.23550,0.82347,1
1094,0.14663,0.89135,1
1095,0.34117,1.05274,1
1096,0.52808,0.61476,1
1097,-0.28870,1.00786,1
1098,0.06924,0.76542,1
1099,0.23806,1.00897,1
1100,-0.07140,1.29915,1
1101,-0.23909,1.28228,1
1102,-1.45534,1.37442,1
1103,-2.27871,1.39982,1
1104,-2.12306,1.60197,1
1105,-1.80099,1.90968,1
1106,-2.31979,1.56553,1
1107,-0.88005,1.67607,1
1108,-0.61348,1.41525,1
1109,-0.16229,1.06640,1
1110,-0.22913,1.10663,1
1111,0.45381,1.19547,1
1112,0.48722,1.38759,1
1113,0.31083,1.24204,1
1114,-0.11643,1.09050,1
1115,-0.41826,1.00981,1
1116,-0.13415,1.35113,1
1117,-0.10645,1.11491,1
1118,0.32883,1.52708,1
1119,-0.01216,1.03425,1
1120,0.24553,1.01870,1
1121,0.02540,1.01420,1
1122,-0.12615,1.23206,1
1123,-0.93423,1.04725,1
1124,-0.43950,1.29308,1
1125,0.00000,1.00000,1
1126,0.00000,1.00000,1
1127,0.00000,1.00000,1
1128,-0.37010,0.50000,1
1129,0.00000,1.00000,1
1130,0.00000,1.00000,1
1131,0.00000,1.00000,1
1132,0.00000,1.00000,1
1133,0.00000,1.00000,1
1134,0.00000,1.00000,1
1135,-0.27904,0.87279,1
1136,0.00000,1.00000,1
1137,0.00000,1.00000,1
1138,0.00000,1.00000,1
1139,0.00000,1.00000,1
1140,0.00000,1.00000,1
1141,-0.81331,0.78054,1
1142,-2.01493,0.61762,1
1143,0.00000,1.00000,1
1144,0.00000,1.00000,1
1145,-0.08161,0.54173,1
1146,0.00000,1.00000,1
1147,0.00000,1.00000,1
1148,-0.19073,0.74836,1
1149,0.00000,1.00000,1
1150,0.00000,1.00000,1
1151,0.92140,0.50000,1
1152,0.53825,0.50000,1
1153,0.29099,0.56441,1
1154,0.00000,1.00000,1
1155,-0.29353,0.90892,1
1156,1.01339,0.89166,1
1157,0.00000,1.00000,1
1158,-0.26469,0.50000,1
1159,0.92530,0.56093,1
1160,-0.06417,0.69866,1
1161,0.75494,0.50000,1
1162,0.54094,0.60043,1
1163,0.00000,1.00000,1
1164,0.00000,1.00000,1
1165,-0.72009,0.54005,1
1166,0.00000,1.00000,1
1167,0.00000,1.00000,1
1168,0.00000,1.00000,1
1169,0.00000,1.00000,1
1170,0.37423,0.66365,1
1171,0.16951,0.63200,1
1172,0.00000,1.00000,1
1173,0.51895,0.50000,1
1174,0.00000,1.00000,1
1175,0.02095,0.50000,1
1176,0.24949,0.50000,1
1177,0.00000,1.00000,1
1178,0.31431,0.50000,1
1179,0.00000,1.00000,1
1180,0.00000,1.00000,1
1181,-0.00191,0.50000,1
1182,0.00000,1.00000,1
1183,0.01495,0.50000,1
1184,-0.01607,0.50000,1
1185,0.00000,1.00000,1
1186,0.00000,1.00000,1
1187,0.00000,1.00000,1
1188,0.00000,1.00000,1
1189,-0.76149,0.57796,1
1190,0.45202,0.50000,1
1191,0.55332,0.50000,1
1192,0.00000,1.00000,1
1193,0.00000,1.00000,1
1194,0.00000,1.00000,1
1195,-0.76215,0.56234,1
1196,0.00000,1.00000,1
1197,0.00000,1.00000,1
1198,-0.03423,0.53959,1
1199,0.01361,0.68845,1
1200,0.15991,0.67869,1
1201,0.54849,0.57492,1
1202,0.52214,0.50000,1
1203,1.00699,0.81193,1
1204,0.00000,1.00000,1
1205,0.35642,0.68846,1
1206,-0.16859,0.73785,1
1207,0.04559,0.62485,1
1208,-0.27312,0.90756,1
1209,-0.33969,0.58580,1
1210,0.00000,1.00000,1
1211,0.47889,0.80857,1
1212,0.00000,1.00000,1
1213,0.61864,0.83340,1
1214,0.74722,0.57138,1
1215,0.60393,0.50000,1
1216,1.52464,0.79650,1
1217,0.43840,0.68058,1
1218,0.77145,0.70627,1
1219,0.52684,0.68851,1
1220,0.06823,0.64311,1
1221,-0.32317,0.58650,1
1222,0.03384,0.75269,1
1223,-0.22033,0.92651,1
1224,-0.26344,0.66082,1
1225,0.18679,0.61754,1
1226,-0.90341,0.66002,1
1227,-0.08688,0.79113,1
1228,0.52040,0.60593,1
1229,-0.04780,0.50000,1
1230,-0.22898,0.53195,1
1231,-0.43926,0.50000,1
1232,-0.45075,0.50000,1
1233,0.44893,0.50219,1
1234,0.31847,0.74203,1
1235,-0.31331,0.67406,1
1236,0.04479,0.91944,1
1237,-1.18200,1.35057,1
1238,0.00000,1.00000,1
1239,0.42399,0.84346,1
1240,-1.10832,0.78658,1
1241,0.00000,1.00000,1
1242,-0.45337,0.80444,1
1243,-0.56021,0.98056,1
1244,0.47452,0.80347,1
1245,1.33741,0.92283,1
1246,-0.17683,0.67150,1
1247,0.00000,1.00000,1
1248,0.30634,0.77958,1
1249,-0.06004,0.53982,1
1250,0.00000,1.00000,1
1251,1.09533,0.50604,1
1252,0.85869,0.55122,1
1253,1.05101,0.60792,1
1254,0.41620,0.50000,1
1255,0.94862,0.63265,1
1256,0.44911,0.50000,1
1257,0.82014,0.50000,1
1258,-0.13957,0.55040,1
1259,0.14361,0.54700,1
1260,-0.09698,0.64624,1
1261,-0.61316,0.83554,1
1262,-1.06791,0.75086,1
1263,0.63479,0.58646,1
1264,-0.27972,0.63007,1
1265,0.00000,1.00000,1
1266,-0.33014,0.62767,1
1267,-0.43704,0.70354,1
1268,-0.30204,0.58263,1
1269,0.00000,1.00000,1
1270,0.36599,1.25192,1
1271,-0.38026,0.71558,1
1272,0.24419,0.61966,1
1273,0.31518,0.67454,1
1274,0.08760,0.94164,1
1275,-0.58731,0.87979,1
1276,0.41054,0.50000,1
1277,0.00000,1.00000,1
1278,0.45922,0.83050,1
1279,0.00000,1.00000,1
1280,-0.29918,0.71911,1
1281,-0.16659,0.74528,1
1282,1.10481,0.86017,1
1283,0.53730,0.71630,1
1284,0.51851,0.73984,1
1285,1.20896,0.73622,1
1286,-0.56493,0.63759,1
1287,0.24200,0.85173,1
1288,0.41924,0.69052,1
1289,0.42196,0.65835,1
1290,-0.15640,0.73864,1
1291,0.06740,0.54144,1
1292,0.00000,1.00000,1
1293,0.52244,0.63657,1
1294,0.58944,0.87319,1
1295,-0.02329,0.61658,1
1296,-0.21767,0.59273,1
1297,0.00000,1.00000,1
1298,0.10470,1.26334,1
1299,-0.97636,1.53439,1
1300,-0.90660,0.92138,1
1301,-0.95286,0.57408,1
1302,-0.85933,1.11961,1
1303,0.17289,0.66759,1
1304,-0.27554,1.02230,1
1305,-0.26916,0.50000,1
1306,-0.15946,0.67461,1
1307,0.24468,0.55068,1
1308,-0.42967,0.57950,1
1309,-0.00319,0.56476,1
1310,-0.39045,1.64428,1
1311,-0.80113,0.50000,1
1312,1.24747,1.48983,1
1313,0.00000,1.00000,1
1314,0.81532,0.83324,1
1315,1.20932,0.53586,1
1316,0.00000,1.00000,1
1317,0.82693,0.83817,1
1318,-0.73731,1.55449,1
1319,0.92604,0.91804,1
1320,-0.17705,0.95592,1
1321,-0.25750,0.55585,1
1322,-1.00154,1.19409,1
1323,-0.03796,1.46460,1
1324,0.55243,1.42333,1
1325,0.00000,1.00000,1
1326,-0.07269,0.79850,1
1327,-0.55264,0.99748,1
1328,-0.66992,0.87565,1
1329,-1.15200,0.51422,1
1330,0.00000,1.00000,1
1331,0.45211,0.50000,1
1332,0.21950,0.82810,1
1333,0.00000,1.00000,1
1334,0.95211,0.86642,1
1335,0.00000,1.00000,1
1336,1.10439,1.35731,1
1337,0.09329,1.16525,1
1338,-1.18671,0.76737,1
1339,0.00000,1.00000,1
1340,-0.80637,0.82343,1
1341,-1.11036,0.67750,1
1342,0.00000,1.00000,1
1343,-0.52225,0.77612,1
1344,-0.23243,0.78660,1
1345,0.02248,0.61814,1
1346,0.73762,1.05443,1
1347,-0.23490,1.19996,1
1348,1.33793,1.09558,1
1349,-0.17647,0.75522,1
1350,-0.54256,0.78443,1
1351,-0.30562,0.56803,1
1352,0.00000,1.00000,1
1353,-0.13810,0.77701,1
1354,0.09400,0.73579,1
1355,-0.68531,0.91386,1
1356,-0.79583,1.19814,1
1357,0.23167,0.66881,1
1358,-0.06377,0.68725,1
1359,0.55129,0.51603,1
1360,0.24657,0.70264,1
1361,0.44160,0.83765,1
1362,0.24693,0.76467,1
1363,-0.04958,0.83706,1
1364,0.00000,1.00000,1
1365,0.52780,0.62587,1
1366,0.75076,0.65730,1
1367,-0.10160,0.50338,1
1368,0.14456,0.70463,1
1369,-0.20135,0.99275,1
1370,0.32494,0.96637,1
1371,0.06721,1.07967,1
1372,-0.25235,0.50000,1
1373,0.36994,0.74041,1
1374,-0.25815,0.50000,1
1375,-0.64903,0.96026,1
1376,-0.57853,0.50000,1
1377,-0.66915,0.88201,1
1378,-0.38417,0.51567,1
1379,-0.65997,0.74048,1
1380,-0.79137,0.76875,1
1381,-0.77376,0.68547,1
1382,0.07611,0.90121,1
1383,0.33884,0.70583,1
1384,-0.10391,0.50000,1
1385,0.08976,0.50000,1
1386,0.77715,0.61148,1
1387,0.82642,0.59674,1
1388,-0.37972,0.73216,1
1389,0.94473,0.55783,1
1390,0.23144,0.88595,1
1391,0.58679,0.52647,1
1392,0.72255,0.50000,1
1393,-0.03472,0.61454,1
1394,-0.42114,0.54261,1
1395,0.80733,0.50000,1
1396,0.34200,0.86604,1
1397,-0.37564,0.71647,1
1398,0.48518,0.50000,1
1399,-0.00655,0.56581,1
1400,0.64619,0.76311,1
1401,0.10081,0.78364,1
1402,0.59479,0.93523,1
1403,0.57577,0.62771,1
1404,0.74901,0.54396,1
1405,0.00921,0.84015,1
1406,-0.64340,0.61255,1
1407,-0.70327,0.56547,1
1408,0.84009,0.64291,1
1409,-0.04424,0.95804,1
1410,-1.15604,1.19453,1
1411,-0.20753,0.60093,1
1412,0.20888,0.61735,1
1413,-0.80907,0.50000,1
1414,0.80132,0.73499,1
1415,-0.44201,0.98906,1
1416,-0.04462,1.04582,1
1417,1.15384,0.64009,1
1418,0.21245,0.67173,1
1419,0.13767,0.75098,1
1420,0.92296,0.72126,1
1421,0.28494,1.17446,1
1422,-0.27239,0.70297,1
1423,1.31376,0.87699,1
1424,0.17627,0.96584,1
1425,0.00000,1.00000,1
1426,-0.34076,0.50000,1
1427,-0.19930,0.73275,1
1428,0.26202,0.75276,1
1429,0.42878,0.59262,1
1430,0.52705,0.75609,1
1431,0.49102,1.02393,1
1432,-0.33429,0.92982,1
1433,0.19129,1.00789,1
1434,0.27471,0.63008,1
1435,0.43418,0.72287,1
1436,0.36680,0.71953,1
1437,-0.17984,0.97805,1
1438,-1.60509,0.77466,1
1439,-0.36121,1.21590,1
1440,-0.79307,0.71787,1
1441,-0.38635,0.75428,1
1442,-0.52377,0.95677,1
1443,-0.65776,0.81953,1
1444,-0.20729,0.82841,1
1445,0.89611,0.90474,1
1446,0.44142,0.82318,1
1447,0.86564,0.87502,1
1448,0.02729,0.85868,1
1449,0.07489,0.95638,1
1450,-0.51746,1.08453,1
1451,-0.10497,0.76007,1
1452,-0.40837,0.53005,1
1453,-0.89241,0.53246,1
1454,0.16051,1.10836,1
1455,0.44622,0.86398,1
1456,-0.66339,0.82190,1
1457,-0.24589,1.37621,1
1458,0.18007,1.31730,1
1459,-0.47904,1.20587,1
1460,0.18614,0.93897,1
1461,-0.87182,1.27515,1
1462,0.06169,1.06450,1
1463,0.64790,1.06290,1
1464,0.22660,1.30773,1
1465,0.80156,0.86161,1
1466,0.35358,1.50834,1
1467,0.45583,1.24679,1
1468,0.35485,1.46364,1
1469,1.34507,1.29979,1
1470,0.14974,1.17903,1
1471,0.27769,0.75743,1
1472,0.77750,1.07271,1
1473,0.26786,0.93330,1
1474,-0.44404,1.49463,1
1475,0.36679,1.47489,1
1476,0.41456,1.63285,1
1477,-0.07882,1.75115,1
1478,-0.59717,1.33960,1
1479,-0.29239,0.72843,1
1480,-0.27623,1.24865,1
1481,0.01302,1.11405,1
1482,0.51488,1.20114,1
1483,-0.25684,1.38458,1
1484,-0.20443,1.00421,1
1485,0.43508,1.21806,1
1486,-0.04247,0.94345,1
1487,-0.37071,1.78255,1
1488,-0.39855,1.20994,1
1489,0.00701,1.30967,1
1490,-0.34695,0.73162,1
1491,-0.22095,0.84231,1
1492,-0.20346,0.81364,1
1493,-0.10550,1.06054,1
1494,-0.14215,0.99039,1
1495,-0.44023,1.88403,1
1496,-0.06853,0.64085,1
1497,0.18485,0.57282,1
1498,0.10714,0.67603,1
1499,0.04481,0.67405,1
1500,-0.85017,0.76028,1
1501,-0.31427,0.93893,1
1502,-0.30492,0.74022,1
1503,-0.05352,0.51688,1
1504,-0.20558,0.75599,1
1505,-0.29840,0.71339,1
1506,-0.09973,0.87055,1
1507,-0.19951,1.14557,1
1508,0.00000,1.00000,1
1509,0.00000,1.00000,1
1510,-0.36165,0.92791,1
1511,-0.07252,0.81509,1
1512,0.09850,0.56421,1
1513,0.01188,0.71110,1
1514,-0.09740,0.96156,1
1515,0.21437,0.50887,1
1516,0.07344,0.56383,1
1517,0.00453,0.54681,1
1518,0.15172,0.91824,1
1519,0.31777,0.71569,1
1520,0.04832,0.70426,1
1521,-0.22569,0.61565,1
1522,0.13185,0.62898,1
1523,0.08376,0.54447,1
1524,-0.24439,0.50000,1
1525,-0.21523,0.63836,1
1526,-0.01572,0.50000,1
1527,-0.23209,0.52632,1
1528,-0.07744,0.50000,1
1529,-0.06793,0.52601,1
1530,-0.34425,0.50000,1
1531,-0.38627,0.50000,1
1532,0.00603,0.50000,1
1533,-0.29996,0.53562,1
1534,-0.01210,0.56119,1
1535,0.18647,0.50000,1
1536,-0.08424,0.63892,1
1537,0.14908,0.64848,1
1538,-0.14757,0.73678,1
1539,-0.21001,0.74782,1
1540,-0.31206,0.58247,1
1541,-0.15967,0.50000,1
1542,-0.46699,0.53833,1
1543,-0.31960,0.64812,1
1544,-0.00217,0.63297,1
1545,-0.00944,0.68229,1
1546,0.22586,0.62082,1
1547,0.34368,0.60179,1
1548,0.46404,0.79569,1
1549,0.28974,0.58314,1
1550,0.26500,0.50000,1
1551,0.07679,0.50000,1
1552,0.10805,0.54464,1
1553,-0.09571,0.50000,1
1554,0.21409,0.54603,1
1555,0.00083,0.50000,1
1556,0.49664,0.63924,1
1557,0.07618,0.50000,1
1558,0.53288,0.50000,1
1559,0.65619,0.56833,1
1560,0.66163,0.50000,1
1561,0.65329,0.50000,1
1562,0.03860,0.86411,1
1563,-0.12580,0.57549,1
1564,-0.10811,0.50000,1
1565,-0.38296,0.70418,1
1566,-0.04239,0.83673,1
1567,0.34561,0.55376,1
1568,0.37799,0.50000,1
1569,-0.06244,0.50000,1
1570,0.71883,0.72156,1
1571,0.66017,0.60009,1
1572,0.36984,0.51809,1
1573,0.55261,0.58930,1
1574,-0.67698,0.72496,1
1575,0.23519,0.68373,1
1576,-0.18206,0.58949,1
1577,-0.72280,0.50000,1
1578,-0.86205,0.84407,1
1579,-0.17385,0.64168,1
1580,-0.16135,0.73714,1
1581,0.03654,0.85297,1
1582,0.05100,1.04663,1
1583,-0.56514,0.97017,1
1584,-0.44870,0.91367,1
1585,-0.15804,0.59429,1
1586,-0.68653,0.73615,1
1587,-0.70150,1.11083,1
1588,0.48042,1.03141,1
1589,-0.07751,0.86157,1
1590,0.37001,0.69875,1
1591,0.55522,0.77173,1
1592,0.80433,0.71039,1
1593,0.28108,0.58152,1
1594,0.37234,0.91349,1
1595,-0.25029,0.85229,1
1596,-0.86065,0.69001,1
1597,-0.30752,1.20623,1
1598,0.16855,0.66237,1
1599,-0.63406,0.62408,1
1600,-0.32359,0.66460,1
1601,-0.34666,0.81309,1
1602,0.17533,0.83168,1
1603,0.22450,0.94700,1
1604,-0.12279,0.50000,1
1605,0.44540,0.59311,1
1606,0.05456,0.50000,1
1607,-0.10527,0.85108,1
1608,-0.09430,0.65766,1
1609,-0.28521,1.32391,1
1610,0.23320,0.67752,1
1611,-0.46344,1.00934,1
1612,0.66973,0.63926,1
1613,0.53099,0.83873,1
1614,0.27812,0.84170,1
1615,0.59860,0.76711,1
1616,0.46393,0.50000,1
1617,0.56389,1.43378,1
1618,0.71960,1.03018,1
1619,0.26950,1.21161,1
1620,-0.76371,1.17570,1
1621,-0.21093,0.63313,1
1622,-0.28238,0.90866,1
1623,0.00525,1.33766,1
1624,0.99005,1.11458,1
1625,-0.46636,1.07348,1
1626,-0.42398,0.76714,1
1627,-0.12767,0.73546,1
1628,-0.08173,0.64107,1
1629,0.67599,0.50000,1
1630,0.63203,0.85312,1
1631,-0.18193,1.11290,1
1632,-1.61751,0.91415,1
1633,0.63461,0.90947,1
1634,-0.02257,0.61790,1
1635,-0.65069,0.87306,1
1636,0.81873,1.18096,1
1637,0.45364,0.86912,1
1638,-1.12701,1.25732,1
1639,0.85541,0.77661,1
1640,0.40504,0.81893,1
1641,0.67392,0.68181,1
1642,1.08462,0.63500,1
1643,0.75015,1.11104,1
1644,-1.35809,1.33292,1
1645,0.41847,2.00197,1
1646,-0.20708,1.14413,1
1647,-0.97278,1.34154,1
1648,0.61052,0.97510,1
1649,0.74498,0.71473,1
1650,0.64480,0.74583,1
1651,0.09440,0.72568,1
1652,0.00000,1.00000,1
1653,0.19821,0.90425,1
1654,1.27867,0.82611,1
1655,1.07041,0.97696,1
1656,-0.13650,0.92627,1
1657,0.12744,0.78814,1
1658,0.99215,1.12355,1
1659,0.58066,0.66519,1
1660,-0.36955,0.72378,1
1661,-0.02226,0.73622,1
1662,0.22916,0.77003,1
1663,-0.66830,0.68339,1
1664,-0.50527,0.73819,1
1665,-0.94224,0.92127,1
1666,-0.34031,0.61442,1
1667,-0.34268,0.70831,1
1668,-0.46162,0.58347,1
1669,-0.31330,1.00764,1
1670,-0.76805,0.81833,1
1671,-0.05130,0.61205,1
1672,-0.26871,0.78899,1
1673,0.14924,0.85347,1
1674,0.57561,0.83560,1
1675,0.12440,0.86968,1
1676,0.08420,0.50891,1
1677,-0.13910,0.63729,1
1678,0.12083,0.50000,1
1679,0.46046,0.72028,1
1680,-0.09288,0.72927,1
1681,0.05819,0.91285,1
1682,0.04737,0.50000,1
1683,0.62908,0.72660,1
1684,-0.22860,0.67913,1
1685,0.28003,0.94793,1
1686,0.41097,1.22037,1
1687,0.81503,0.88331,1
1688,-0.60990,0.55917,1
1689,-0.17719,0.75816,1
1690,0.63168,0.50870,1
1691,0.92043,0.88780,1
1692,0.86235,0.66585,1
1693,-0.06872,0.92195,1
1694,-0.37098,0.74298,1
1695,-0.44757,1.10820,1
1696,0.80117,0.93309,1
1697,-1.08755,0.81427,1
1698,-0.23558,0.84047,1
1699,-1.33299,0.67538,1
1700,-0.82884,1.46396,1
1701,-0.78504,0.80250,1
1702,-0.72539,0.73118,1
1703,-0.13063,0.54744,1
1704,0.57771,0.83607,1
1705,-0.02248,1.28270,1
1706,-0.05339,1.38214,1
1707,0.59448,0.59548,1
1708,0.22895,1.00797,1
1709,-0.09368,0.77229,1
1710,-0.21033,0.95782,1
1711,0.60612,1.90329,1
1712,1.50845,0.90601,1
1713,1.39778,0.69212,1
1714,1.20411,1.18224,1
1715,1.00799,1.29020,1
1716,1.81277,0.74538,1
1717,1.15691,0.87396,1
1718,0.56704,0.83464,1
1719,-0.92794,1.46018,1
1720,-0.36423,0.60393,1
1721,-0.44786,0.88806,1
1722,0.47957,1.30966,1
1723,-0.52538,0.88561,1
1724,-0.02672,1.33605,1
1725,1.09738,1.15802,0
1726,1.12611,0.99668,0
1727,0.00000,1.00000,0
1728,-0.11959,0.98545,0
1729,0.21007,0.55781,0
1730,0.15193,0.68335,0
1731,0.47415,0.79466,0
1732,-0.10158,0.67604,0
1733,-0.16577,0.56232,0
1734,-0.44166,0.82253,0
1735,0.92493,0.84604,0
1736,1.06262,0.61652,0
1737,0.87868,0.72034,0
1738,1.27366,0.71934,0
1739,1.72348,0.50588,0
1740,1.31689,0.89531,0
1741,0.76560,1.46643,0
1742,1.15456,1.91068,0
1743,0.15465,1.67574,0
1744,-0.61198,1.54898,0
1745,0.39506,1.51199,0
1746,-0.93707,1.83619,0
1747,-1.24096,1.36397,0
1748,-1.06488,1.43719,0
1749,-0.94371,1.50887,0
1750,-0.37478,1.36564,0
1751,0.20889,1.13462,0
1752,-0.06391,1.02281,0
1753,0.30623,0.90650,0
1754,0.48931,1.11956,0
1755,0.31393,0.69806,0
1756,0.09783,0.68404,0
1757,-0.26450,0.59394,0
1758,-0.48827,0.60626,0
1759,-0.35691,0.62344,0
1760,-0.32907,0.50000,0
1761,0.24606,0.73453,0
1762,0.29274,0.94925,0
1763,-0.05926,0.78710,0
1764,0.30264,0.70771,0
1765,0.22641,0.55446,0
1766,0.25321,0.63002,0
1767,-0.02973,0.55766,0
1768,-0.03936,0.78636,0
1769,-0.40087,1.13355,0
1770,0.24809,1.01816,0
1771,0.11400,1.05685,0
1772,-0.17587,1.35206,0
1773,0.20860,1.04783,0
1774,0.44963,1.21068,0
1775,0.37861,0.87139,0
1776,0.40961,1.23816,0
1777,0.34348,1.10187,0
1778,0.15558,1.24265,0
1779,0.38153,0.97093,0
1780,0.24817,1.14601,0
1781,0.35612,1.18209,0
1782,0.09004,0.98328,0
1783,-0.04787,0.97702,0
1784,-0.08694,1.00914,0
1785,-0.51266,0.96795,0
1786,0.21096,0.76508,0
1787,0.26714,0.89254,0
1788,-0.02078,0.99746,0
1789,-0.52316,1.40135,0
1790,0.35989,1.13695,0
1791,0.16439,0.87010,0
1792,0.03691,0.90131,0
1793,0.27961,0.83368,0
1794,0.13231,0.99040,0
1795,-0.39137,0.78498,0
1796,-0.08514,0.88546,0
1797,-0.24569,1.54607,0
1798,0.44223,0.96241,0
1799,0.30713,1.05647,0
1800,0.59206,0.89889,0
1801,0.30063,1.00631,0
1802,-0.39043,0.66951,0
1803,-0.11846,0.71717,0
1804,0.27433,0.71762,0
1805,0.09910,0.76633,0
1806,0.15394,0.82137,0
1807,0.25061,1.11129,0
1808,0.07880,1.27051,0
1809,0.17370,0.98684,0
1810,0.22458,0.99216,0
1811,-0.21853,1.25723,0
1812,0.10652,1.17477,0
1813,0.09544,1.21520,0
1814,0.42388,0.99039,0
1815,-0.03160,1.32560,0
1816,0.25460,1.29452,0
1817,0.21001,1.25931,0
1818,0.23197,1.04602,0
1819,-0.15330,1.08500,0
1820,0.03955,1.23532,0
1821,-0.20633,1.17318,0
1822,-0.19176,1.06571,0
1823,-0.28224,1.05368,0
1824,0.04015,1.28238,0
1825,1.13137,1.39409,0
1826,-0.30072,1.05805,0
1827,-0.01340,0.87599,0
1828,0.45213,0.98613,0
1829,0.69454,1.19669,0
1830,0.35938,0.99234,0
1831,0.26960,1.01096,0
1832,-0.93560,1.41824,0
1833,-0.08657,1.49926,0
1834,0.16860,1.21222,0
1835,0.11722,1.10777,0
1836,0.01733,1.17217,0
1837,0.40816,1.07614,0
1838,-0.10232,1.31798,0
1839,-0.10952,1.30584,0
1840,-0.51760,1.13679,0
1841,-0.31979,1.18842,0
1842,0.09641,1.00553,0
1843,0.46385,1.17356,0
1844,0.37740,1.07005,0
1845,-0.04136,1.23638,0
1846,-0.24140,1.33033,0
1847,-0.25300,1.29421,0
1848,-0.02044,1.26671,0
1849,0.86739,1.20614,0
1850,1.03598,1.03380,0
1851,-0.52040,1.29915,0
1852,-1.04224,1.06697,0
1853,-0.24542,1.18705,0
1854,0.33319,1.05342,0
1855,0.43876,1.02396,0
1856,-0.19563,1.15188,0
1857,-0.99568,1.07526,0
1858,-0.97034,1.06023,0
1859,-0.00646,0.73336,0
1860,0.27744,0.59899,0
1861,0.64547,0.65205,0
1862,0.71997,0.56854,0
1863,0.45836,0.63329,0
1864,0.13739,0.72402,0
1865,0.28869,0.54604,0
1866,0.49438,0.50000,0
1867,0.26678,0.50775,0
1868,-0.32263,0.50000,0
1869,-1.38787,0.84014,0
1870,-0.91608,0.77920,0
1871,0.18165,0.50000,0
1872,0.56824,0.50000,0
1873,0.67028,0.50000,0
1874,0.61815,0.56943,0
1875,0.59839,0.50000,0
1876,0.37488,0.50000,0
1877,0.03959,0.54815,0
1878,-0.21328,0.60290,0
1879,-0.29844,0.64809,0
1880,-0.10063,0.52017,0
1881,-0.89979,1.18596,0
1882,-0.56357,0.56748,0
1883,-0.35992,0.50000,0
1884,0.17014,0.50000,0
1885,0.67755,0.56477,0
1886,0.45688,0.82392,0
1887,-0.09958,0.81937,0
1888,0.08402,1.48151,0
1889,0.43215,1.08237,0
1890,0.32263,0.71687,0
1891,-0.05245,0.55257,0
1892,0.42912,0.71531,0
1893,0.64302,0.71098,0
1894,-0.43920,0.61287,0
1895,-0.23171,0.56378,0
1896,-0.05163,0.87754,0
1897,0.55757,0.64542,0
1898,0.27225,0.76642,0
1899,0.63269,0.78705,0
1900,0.01292,0.61647,0
1901,0.51555,0.93369,0
1902,0.75004,0.71525,0
1903,-0.12989,0.50000,0
1904,-0.56844,0.91019,0
1905,0.40992,0.84853,0
1906,-0.20925,1.16056,0
1907,-0.34216,0.97178,0
1908,-0.27520,0.66880,0
1909,-0.31224,0.86370,0
1910,0.20874,0.75004,0
1911,0.49933,1.05999,0
1912,-0.24871,1.29945,0
1913,-1.22425,1.10864,0
1914,0.01455,1.07319,0
1915,-0.21104,0.56683,0
1916,0.42942,0.87431,0
1917,0.59557,1.10217,0
1918,1.19717,0.93005,0
1919,0.42765,0.94662,0
1920,0.74807,0.53963,0
1921,0.47032,0.74351,0
1922,0.59361,0.85655,0
1923,0.01831,1.00037,0
1924,0.04029,1.17694,0
1925,-0.64398,0.84564,0
1926,-1.03039,0.83057,0
1927,-0.30501,0.57941,0
1928,-0.30430,0.85675,0
1929,0.66989,0.77977,0
1930,0.71580,0.86578,0
1931,0.55182,0.81205,0
1932,-0.15919,0.78506,0
1933,-0.12038,0.92902,0
1934,0.02656,0.76236,0
1935,-0.02950,0.78118,0
1936,-0.20440,0.70699,0
1937,-0.97208,1.26828,0
1938,-1.29395,0.73548,0
1939,-0.85234,1.05948,0
1940,0.00737,0.76902,0
1941,0.64089,0.66652,0
1942,0.77810,0.75680,0
1943,0.76977,0.65752,0
1944,0.36880,0.90410,0
1945,0.40893,0.50000,0
1946,0.32322,0.52164,0
1947,0.02679,0.64025,0
1948,-0.24765,0.67280,0
1949,-0.32278,0.88821,0
1950,-0.67279,0.69877,1
1951,-0.87756,1.16805,1
1952,-0.32256,0.93463,1
1953,-0.16926,0.78272,1
1954,0.30335,0.81535,1
1955,1.15946,0.53220,1
1956,0.84100,1.09201,1
1957,0.55433,0.69610,1
1958,0.51709,0.56731,1
1959,0.58349,0.82993,1
1960,0.22379,0.69178,1
1961,0.31795,0.90627,1
1962,-0.40248,1.18648,1
1963,-0.83321,0.88337,1
1964,-0.44604,0.99644,1
1965,-0.52361,0.50645,1
1966,0.21245,0.72345,1
1967,0.24397,0.82478,1
1968,0.14626,0.99332,1
1969,0.07380,1.01990,1
1970,0.02454,0.50000,1
1971,-0.32099,0.55737,1
1972,-0.27766,0.50000,1
1973,-0.32471,0.75659,1
1974,-0.35854,0.82595,1
1975,-0.55687,0.79604,0
1976,-0.82543,1.30206,0
1977,-0.33991,0.60598,0
1978,-0.50473,0.79465,0
1979,0.51649,1.07187,0
1980,1.38174,0.96287,0
1981,0.53459,0.69924,0
1982,0.19380,0.68843,0
1983,0.28257,0.59966,0
1984,0.45302,0.50000,0
1985,0.02690,0.67980,0
1986,0.15941,1.02700,0
1987,-0.76003,1.41986,0
1988,-1.14136,1.03744,0
1989,-0.52557,0.72222,0
1990,-0.91595,0.90228,0
1991,-0.07325,0.87019,0
1992,-0.17478,1.13228,0
1993,0.54324,0.99828,0
1994,-0.19514,0.80616,0
1995,0.29364,0.50000,0
1996,0.11778,0.51075,0
1997,-0.38545,0.54376,0
1998,-0.17323,0.54627,0
1999,-0.46015,0.84421,0
2000,-0.44774,0.88757,0
2001,-0.15307,0.88165,0
2002,0.17707,0.63817,0
2003,-0.53388,0.50000,0
2004,-0.08936,0.68267,0
2005,0.32548,0.71939,0
2006,-0.41598,1.00436,0
2007,-1.15533,0.63517,0
2008,-0.85402,0.51032,0
2009,-0.90259,0.50000,0
2010,-0.34494,0.53325,0
2011,-0.12601,0.55916,0
2012,-0.32500,0.61387,0
2013,-0.34097,0.85837,0
2014,1.10669,1.08948,0
2015,0.40099,1.16617,0
2016,-0.04820,0.68175,0
2017,-0.25508,0.50000,0
2018,-0.87644,0.75862,0
2019,-1.04977,0.72864,0
2020,-0.75834,1.38369,0
2021,-0.04032,1.36294,0
2022,1.04946,0.50000,0
2023,-0.99774,0.82959,0
2024,0.16335,0.99198,0
2025,0.62787,0.83580,0
2026,0.53203,0.83105,0
2027,1.30057,0.83830,0
2028,0.06606,1.37356,0
2029,-0.21538,0.76656,0
2030,0.43263,1.57435,0
2031,0.25481,1.25987,0
2032,-1.88687,1.05505,0
2033,-1.13938,0.71678,0
2034,-0.08285,0.64447,0
2035,-0.97487,0.72347,0
2036,-0.22266,0.99887,0
2037,0.69233,1.06029,0
2038,-0.00689,0.86604,0
2039,0.76256,0.95921,0
2040,0.57440,0.98919,0
2041,-0.82653,1.11125,0
2042,0.14126,0.96705,0
2043,0.68180,1.18981,0
2044,-1.06944,1.15547,0
2045,-0.82246,0.67641,0
2046,-0.32331,0.50000,0
2047,0.08824,0.82281,0
2048,1.20916,0.61016,0
2049,-0.03816,1.55538,0
2050,-1.38806,1.08577,1
2051,-0.83697,1.38529,1
2052,0.55225,0.83795,1
2053,0.51891,0.50000,1
2054,-0.04444,0.70003,1
2055,-0.45303,0.78032,1
2056,-0.12805,1.10608,1
2057,0.38871,0.75671,1
2058,0.15989,0.78199,1
2059,-0.57517,0.50000,1
2060,0.01658,0.50000,1
2061,-0.27067,0.64854,1
2062,0.42759,0.78818,1
2063,0.40335,1.02746,1
2064,-0.50204,0.66300,1
2065,-0.46079,0.82872,1
2066,0.78971,0.50000,1
2067,0.68222,0.72702,1
2068,-0.00755,0.54587,1
2069,-0.78883,0.77052,1
2070,-0.08967,0.76851,1
2071,0.63001,0.50325,1
2072,0.48505,0.50000,1
2073,0.47971,0.65743,1
2074,0.27477,0.50000,1
2075,-0.85588,0.70238,0
2076,0.18228,1.16841,0
2077,0.21484,0.50431,0
2078,-0.97081,0.90058,0
2079,-0.12297,0.89378,0
2080,1.10836,0.89871,0
2081,-0.16843,0.66912,0
2082,-0.49098,0.50500,0
2083,0.31000,0.50000,0
2084,0.21900,0.50000,0
2085,0.11905,0.50000,0
2086,0.31413,0.50000,0
2087,-0.88644,0.81254,0
2088,-0.92507,0.63633,0
2089,0.37857,0.79110,0
2090,0.27445,0.61888,0
2091,-0.59834,0.50916,0
2092,0.36743,0.79453,0
2093,0.11979,0.88894,0
2094,-0.90024,0.63228,0
2095,-0.65823,0.56970,0
2096,0.02896,0.50000,0
2097,0.56770,0.50000,0
2098,0.42806,0.50000,0
2099,0.76152,0.50000,0
2100,0.34756,0.63071,0
2101,0.51965,0.60477,0
2102,0.86616,0.98700,0
2103,0.64013,0.74482,0
2104,-0.69960,0.69637,0
2105,-0.13865,0.63967,0
2106,-0.51299,0.55451,0
2107,-1.06596,0.50000,0
2108,-0.04819,0.50000,0
2109,-0.13459,0.50000,0
2110,-0.44386,0.57837,0
2111,0.63826,0.59604,0
2112,0.17216,0.50000,0
2113,-0.09850,0.50000,0
2114,0.52841,0.50000,0
2115,0.28388,0.50000,0
2116,0.14718,0.50000,0
2117,0.27981,0.50000,0
2118,0.67693,0.59157,0
2119,0.12166,0.53168,0
2120,0.14592,0.50000,0
2121,0.26467,0.50000,0
2122,-0.03011,0.50000,0
2123,-0.13406,0.50000,0
2124,0.02200,0.50000,0
2125,-0.41753,0.54560,0
2126,-0.36045,0.61057,0
2127,-0.25800,0.50000,0
2128,0.16908,0.50000,0
2129,0.29996,0.50000,0
2130,0.56955,0.50000,0
2131,0.44256,0.50000,0
2132,0.43630,0.50000,0
2133,0.42395,0.50000,0
2134,0.53615,0.50000,0
2135,0.20247,0.51625,0
2136,0.58500,0.50000,0
2137,0.00491,0.73297,0
2138,-1.03998,0.63940,0
2139,-0.87697,0.83058,0
2140,0.05592,0.65897,0
2141,-0.50568,0.51682,0
2142,0.22072,0.77031,0
2143,0.63524,0.59759,0
2144,-0.72860,0.97940,0
2145,-0.06516,1.25737,0
2146,0.92554,0.84569,0
2147,-0.51624,0.67738,0
2148,0.16315,0.62255,0
2149,0.53514,0.74136,0
2150,-0.65935,0.94898,1
2151,-0.65452,0.64213,1
2152,-0.48115,0.50804,1
2153,-0.67267,0.50000,1
2154,-0.21636,0.87809,1
2155,0.75042,0.81407,1
2156,0.88754,0.68112,1
2157,-0.03336,0.59938,1
2158,0.24602,0.55486,1
2159,0.37236,0.50000,1
2160,-0.05613,0.50000,1
2161,-0.32136,0.50000,1
2162,-0.49499,0.50000,1
2163,-1.13989,0.59532,1
2164,-0.72497,0.50000,1
2165,-0.57804,0.50000,1
2166,-0.98323,0.50000,1
2167,0.19101,0.81127,1
2168,1.16608,0.54898,1
2169,0.40507,0.73912,1
2170,0.00000,1.00000,1
2171,0.54143,0.79357,1
2172,0.20114,0.51364,1
2173,-0.14682,0.50000,1
2174,-0.19341,0.55265,1
2175,-0.58613,0.66874,0
2176,-0.89625,0.83926,0
2177,-0.62863,0.50000,0
2178,-0.69091,0.65165,0
2179,-0.84102,0.81169,0
2180,0.22342,1.30361,0
2181,1.66956,1.10929,0
2182,0.41222,0.99123,0
2183,0.00000,1.00000,0
2184,0.53173,0.54697,0
2185,-0.07846,0.64482,0
2186,0.20540,0.51793,0
2187,-0.54365,0.78685,0
2188,-1.45555,0.77014,0
2189,-0.34330,1.14777,0
2190,0.37715,0.60682,0
2191,0.52772,0.62966,0
2192,0.72181,0.68536,0
2193,0.96732,0.83859,0
2194,0.19134,0.89860,0
2195,-0.24900,0.78661,0
2196,-0.30568,0.50000,0
2197,-0.67847,0.50000,0
2198,-0.73101,0.60115,0
2199,-0.61618,0.50000,0
2200,-0.49738,0.50000,0
2201,-0.31423,0.82958,0
2202,-0.02520,0.69904,0
2203,0.33540,0.50000,0
2204,-0.60472,0.81198,0
2205,0.49899,1.06109,0
2206,1.20531,1.28331,0
2207,-0.80736,0.85264,0
2208,-0.21704,0.95438,0
2209,0.42008,0.95693,0
2210,0.81972,0.85103,0
2211,0.88112,0.68391,0
2212,0.42410,1.27624,0
2213,-1.28935,0.91989,0
2214,-0.92071,1.14743,0
2215,0.58456,0.72427,0
2216,-0.19682,0.50709,0
2217,-0.09456,0.67725,0
2218,0.00554,0.80642,0
2219,0.56520,0.50000,0
2220,-0.03252,0.75303,0
2221,0.28304,0.67914,0
2222,1.12514,0.64373,0
2223,0.88391,0.50000,0
2224,0.71464,0.71278,0
2225,0.21065,0.65228,0
2226,-0.67651,1.17828,0
2227,-1.09919,0.79496,0
2228,-0.35650,0.83782,0
2229,0.15974,0.84365,0
2230,-0.06473,0.56389,0
2231,0.01722,0.70939,0
2232,-0.37071,0.73404,0
2233,0.19160,0.83399,0
2234,1.08764,0.70872,0
2235,0.61223,0.50000,0
2236,0.11874,0.70610,0
2237,-1.00456,1.06099,0
2238,-1.20958,0.99536,0
2239,-0.83887,1.32337,0
2240,-0.66395,1.01630,0
2241,-0.26119,0.66704,0
2242,0.48578,1.00927,0
2243,0.07988,1.18540,0
2244,-0.47565,1.42421,0
2245,-0.54385,1.15365,0
2246,0.25925,0.99656,0
2247,0.80841,0.64772,0
2248,-0.17003,0.91845,0
2249,-0.22314,1.02234,0
2250,-0.82637,0.82005,1
2251,-0.29548,0.79606,1
2252,0.55524,0.67001,1
2253,-0.38988,0.50000,1
2254,-0.07690,0.77738,1
2255,-0.14062,0.65497,1
2256,-0.21092,0.67115,1
2257,0.07614,0.72247,1
2258,0.50726,0.67397,1
2259,0.56192,0.50000,1
2260,0.33389,0.56157,1
2261,0.26757,0.66661,1
2262,-1.21852,0.87843,1
2263,-1.82566,1.24044,1
2264,-1.03557,0.95426,1
2265,-0.03319,0.62651,1
2266,0.61815,0.78981,1
2267,0.78486,1.07297,1
2268,-0.87271,0.79867,1
2269,-0.60588,0.76402,1
2270,0.22624,0.66291,1
2271,0.19856,0.64679,1
2272,0.31912,0.87574,1
2273,-1.31075,0.99104,1
2274,-1.99455,0.88419,1
2275,0.09740,1.43669,1
2276,0.36456,0.67414,1
2277,0.60372,0.87595,1
2278,0.74017,0.58351,1
2279,0.18804,0.63037,1
2280,0.73297,0.78983,1
2281,-0.04640,1.19086,1
2282,-0.59740,0.77890,1
2283,-0.11330,0.56165,1
2284,0.25168,0.58242,1
2285,-0.00428,0.66897,1
2286,0.02988,0.92879,1
2287,1.01228,1.17148,1
2288,-0.80009,0.91925,1
2289,-0.08372,1.07641,1
2290,0.99056,0.81492,1
2291,-0.17453,0.73963,1
2292,1.09513,1.19966,1
2293,0.99472,1.03805,1
2294,0.70669,0.79323,1
2295,0.19867,0.70371,1
2296,-0.14991,1.38920,1
2297,-0.85890,1.50575,1
2298,0.55551,0.70697,1
2299,-1.06276,1.14378,1
2300,-0.77150,1.38749,1
2301,-0.24013,0.99853,1
2302,-0.60011,1.27214,1
2303,-0.74432,1.42809,1
2304,1.13164,1.06703,1
2305,1.34864,0.88554,1
2306,0.22747,0.94499,1
2307,-0.56993,1.03510,1
2308,-0.36007,0.63756,1
2309,0.74877,0.91964,1
2310,0.85663,0.50000,1
2311,0.93477,0.60353,1
2312,-0.22366,0.80258,1
2313,-0.71498,0.84436,1
2314,0.16316,0.67831,1
2315,-0.03026,0.51217,1
2316,0.29447,0.81498,1
2317,0.41505,0.57367,1
2318,0.24878,0.87469,1
2319,-0.08466,0.69707,1
2320,-0.62946,0.79351,1
2321,-0.37930,0.61268,1
2322,0.38854,0.75765,1
2323,0.87391,0.51782,1
2324,0.19626,0.66229,1
2325,-0.31063,1.02631,1
2326,-0.50874,1.13802,1
2327,-0.12338,0.95512,1
2328,-0.33687,0.50000,1
2329,0.44858,1.03981,1
2330,0.99656,0.79382,1
2331,-0.14468,1.26161,1
2332,-0.43632,0.79031,1
2333,-0.02644,0.89845,1
2334,0.66407,1.00785,1
2335,0.15403,0.78369,1
2336,0.39294,0.66765,1
2337,-0.04980,1.13112,1
2338,-0.88691,0.95550,1
2339,0.27678,0.79780,1
2340,-0.10915,0.75751,1
2341,-0.42905,1.01738,1
2342,0.05876,0.91655,1
2343,0.93530,0.78733,1
2344,0.36280,0.93772,1
2345,0.34906,1.07748,1
2346,0.24368,0.80114,1
2347,0.00612,0.77124,1
2348,0.10765,1.07829,1
2349,-0.00528,0.84772,1
2350,-0.91549,1.07218,1
2351,-0.52238,0.97808,1
2352,-0.27484,0.68079,1
2353,0.13278,1.17618,1
2354,0.68898,0.94542,1
2355,0.94459,1.10923,1
2356,0.26655,1.12516,1
2357,0.05053,1.06095,1
2358,0.27978,0.92665,1
2359,-0.03056,0.87830,1
2360,0.15650,1.15782,1
2361,-0.44150,1.05721,1
2362,-1.04426,1.23014,1
2363,-0.32941,1.19262,1
2364,0.36546,1.23651,1
2365,-0.01758,0.83965,1
2366,-0.27219,1.07059,1
2367,0.67468,1.33008,1
2368,0.56450,1.20814,1
2369,0.55375,1.10624,1
2370,-0.27394,0.79146,1
2371,-0.23080,1.18650,1
2372,0.30719,1.08059,1
2373,0.33406,0.74981,1
2374,0.23789,0.87914,1
2375,-0.34481,0.97084,1
2376,-0.08042,1.20654,1
2377,-0.06403,1.17016,1
2378,-0.03617,0.96753,1
2379,-0.04219,1.21152,1
2380,0.31263,0.92965,1
2381,0.02651,0.92082,1
2382,-0.27462,0.81452,1
2383,-0.44251,0.89825,1
2384,0.19028,0.72963,1
2385,0.20284,0.73210,1
2386,0.28412,0.63149,1
2387,-0.15605,0.88555,1
2388,-0.63766,1.05040,1
2389,0.22262,0.89949,1
2390,-0.29010,0.65966,1
2391,-0.06263,0.80506,1
2392,0.60352,0.78298,1
2393,0.60925,0.85833,1
2394,-0.46929,0.70590,1
2395,-0.07805,0.69408,1
2396,-0.07673,1.20134,1
2397,-0.13308,0.67874,1
2398,0.24624,0.72954,1
2399,-0.16182,0.93049,1
2400,-0.75034,0.93727,1
2401,-0.45489,0.86408,1
2402,-0.44377,0.70040,1
2403,-0.40485,0.72402,1
2404,0.25954,0.69939,1
2405,0.87911,0.80565,1
2406,0.56804,0.99689,1
2407,-0.50232,0.72509,1
2408,-0.75684,0.96617,1
2409,0.07975,0.50000,1
2410,0.12676,0.62664,1
2411,0.11901,0.60694,1
2412,-0.46006,0.61301,1
2413,-1.14585,0.79768,1
2414,-0.27819,0.68113,1
2415,0.33892,0.61003,1
2416,0.40358,0.50000,1
2417,0.67292,0.68530,1
2418,0.72433,0.70992,1
2419,-0.03749,0.58445,1
2420,0.36101,0.65951,1
2421,0.48661,0.61049,1
2422,0.43364,0.50000,1
2423,0.44254,0.50000,1
2424,-0.16825,0.64857,1
2425,-1.02779,0.70359,1
2426,-0.71662,1.01203,1
2427,-0.40423,0.54782,1
2428,-0.74567,0.67649,1
2429,-0.07541,0.57911,1
2430,0.06559,0.50000,1
2431,0.26803,0.50000,1
2432,0.63958,0.50642,1
2433,0.87856,0.50000,1
2434,0.62601,0.68087,1
2435,0.32257,0.50000,1
2436,-0.45198,0.73966,1
2437,-0.87674,0.77549,1
2438,-0.51957,0.68835,1
2439,-0.24095,0.51609,1
2440,0.37723,0.54208,1
2441,0.60312,0.61291,1
2442,0.30349,0.54868,1
2443,0.33090,0.50000,1
2444,0.13379,0.61602,1
2445,0.17234,0.54009,1
2446,-0.14486,0.60326,1
2447,-0.47870,0.56778,1
2448,-0.44782,0.69517,1
2449,-0.09214,0.75950,1
2450,0.08160,0.53729,1
2451,0.54062,0.56351,1
2452,0.88688,0.76003,1
2453,0.30095,0.55654,1
2454,-0.11928,0.50000,1
2455,-0.33139,0.50000,1
2456,-0.46491,0.58808,1
2457,-0.25460,0.50000,1
2458,-0.24088,0.50000,1
2459,-0.54305,0.64671,1
2460,-0.68760,0.57683,1
2461,-0.06679,0.79853,1
2462,0.47519,0.50000,1
2463,0.39513,0.50000,1
2464,0.59780,0.77680,1
2465,0.40945,0.50000,1
2466,0.57156,0.57596,1
2467,0.64126,0.60763,1
2468,0.21755,0.72673,1
2469,0.22525,0.67164,1
2470,0.28166,0.50000,1
2471,-0.03127,0.74824,1
2472,-0.30056,0.87979,1
2473,-0.43119,0.79572,1
2474,0.34861,0.64956,1
2475,0.33399,0.50000,1
2476,0.00334,0.78014,1
2477,-0.39367,0.63677,1
2478,-0.59111,0.92427,1
2479,-0.12360,1.10659,1
2480,0.45352,0.77097,1
2481,0.04658,0.63276,1
2482,-0.17163,0.54371,1
2483,-0.25362,0.71207,1
2484,0.10937,0.78353,1
2485,0.51961,0.74017,1
2486,0.18501,0.79416,1
2487,-0.30094,0.72080,1
2488,-0.52232,0.71844,1
2489,-1.19148,1.08754,1
2490,0.37843,0.98505,1
2491,-0.81787,2.02405,1
2492,-2.51137,1.68518,1
2493,-1.22380,1.02953,1
2494,-0.53008,1.17326,1
2495,0.63123,0.75105,1
2496,0.77024,0.89527,1
2497,-0.83209,1.47438,1
2498,-0.11003,2.03941,1
2499,4.47098,2.27311,1
2500,2.45983,2.48156,1
2501,-0.45829,1.35581,1
2502,-1.47638,1.59170,1
2503,-1.32702,0.89414,1
2504,-0.95278,1.34043,1
2505,-0.42640,1.08583,1
2506,-1.85609,1.25008,1
2507,-1.96111,1.44901,1
2508,0.97722,1.08829,1
2509,0.43677,0.84226,1
2510,0.81286,1.01091,1
2511,0.15566,0.68634,1
2512,0.26276,0.90551,1
2513,-0.39456,0.90053,1
2514,-0.42338,0.52654,1
2515,-0.03581,0.63560,1
2516,0.32585,0.50000,1
2517,0.36235,0.69121,1
2518,-0.02853,0.81912,1
2519,-0.46028,0.92381,1
2520,-0.97454,0.84675,1
2521,-0.93865,0.66487,1
2522,-0.99709,0.62008,1
2523,-0.82021,0.92088,1
2524,-0.87818,0.89948,1
2525,-1.58217,0.87084,1
2526,-1.42827,0.81405,1
2527,-1.28636,0.73456,1
2528,-0.58030,0.61477,1
2529,-0.38523,0.93014,1
2530,-0.21961,0.67041,1
2531,-0.63041,1.00334,1
2532,0.25204,0.92424,1
2533,0.46173,0.87238,1
2534,0.49747,0.50035,1
2535,0.91955,0.98132,1
2536,1.68460,0.69550,1
2537,1.96995,1.01161,1
2538,1.84877,0.63491,1
2539,1.59249,0.60710,1
2540,1.56065,0.52567,1
2541,0.96834,0.50388,1
2542,0.72316,0.70416,1
2543,-0.50151,1.22135,1
2544,-1.18745,0.60458,1
2545,-1.21215,0.80861,1
2546,-1.34555,0.64569,1
2547,-1.00903,0.62919,1
2548,-0.28488,1.10907,1
2549,1.28980,0.84831,1
2550,0.37098,1.12897,1
2551,0.12042,0.91853,1
2552,-0.01133,0.87156,1
2553,0.33098,0.73671,1
2554,1.00396,0.83605,1
2555,1.20374,0.87793,1
2556,0.08484,1.29172,1
2557,-0.70293,0.61563,1
2558,0.33951,0.69788,1
2559,-0.30791,0.50000,1
2560,0.31906,1.00012,1
2561,1.82603,0.93101,1
2562,0.44156,1.06108,1
2563,0.46995,1.01566,1
2564,0.75587,0.98275,1
2565,0.78809,0.78936,1
2566,1.91623,0.58988,1
2567,1.73230,0.70172,1
2568,1.04104,0.86618,1
2569,1.06871,0.87576,1
2570,-0.14602,1.03280,1
2571,-0.51588,0.50000,1
2572,0.00326,0.75919,1
2573,0.34639,0.62241,1
2574,0.31830,0.50000,1
2575,0.30257,0.65099,1
2576,-1.08672,0.79198,1
2577,0.20820,0.92496,1
2578,1.07781,0.75268,1
2579,1.67581,1.19563,1
2580,1.02841,0.55544,1
2581,0.77807,0.61298,1
2582,0.65024,0.62427,1
2583,0.38949,0.66077,1
2584,-0.11711,0.59909,1
2585,-0.67681,0.56499,1
2586,-1.10984,0.64713,1
2587,-1.08158,0.75654,1
2588,-1.10349,0.65807,1
2589,-0.46003,0.67868,1
2590,-0.48306,0.85260,1
2591,0.17991,0.62625,1
2592,0.94095,1.17793,1
2593,1.14350,1.08465,1
2594,-0.19995,1.03109,1
2595,-0.05972,0.57456,1
2596,-0.24209,0.57774,1
2597,0.29928,0.50328,1
2598,0.28047,0.59407,1
2599,0.19225,0.73736,1
2600,-0.25115,0.82775,1
2601,-0.15055,0.90185,1
2602,0.66615,0.93764,1
2603,0.61065,0.50000,1
2604,0.37567,0.87791,1
2605,0.66970,0.77613,1
2606,0.25285,1.15089,1
2607,-0.64918,0.87870,1
2608,-0.03997,0.55784,1
2609,0.62161,0.74044,1
2610,0.00763,0.56682,1
2611,-0.17468,0.66641,1
2612,-0.35238,1.07113,1
2613,-1.29395,0.73973,1
2614,-0.17630,1.12434,1
2615,-0.15368,0.79207,1
2616,0.24149,0.57415,1
2617,0.32237,1.12741,1
2618,1.01239,0.88844,1
2619,0.30978,1.15954,1
2620,0.05877,0.55641,1
2621,-0.45088,0.74885,1
2622,-0.29248,0.52855,1
2623,-0.18511,0.88854,1
2624,-0.35327,1.12822,1
2625,-0.23887,1.09170,1
2626,-0.63204,1.04734,1
2627,0.05009,0.85417,1
2628,0.17088,0.87966,1
2629,1.22273,0.79832,1
2630,0.57288,0.86931,1
2631,0.65757,1.04027,1
2632,-0.03476,0.57634,1
2633,-0.27311,0.50000,1
2634,-0.29912,0.54951,1
2635,0.20415,0.54633,1
2636,0.10700,0.50000,1
2637,0.02917,0.69487,1
2638,-0.60332,0.50000,1
2639,-0.38037,0.97809,1
2640,-0.15798,0.64930,1
2641,0.31583,0.50000,1
2642,-0.02004,0.74963,1
2643,0.55558,0.60874,1
2644,-0.42663,0.73285,1
2645,-0.65359,0.58536,1
2646,-0.09900,0.64078,1
2647,0.03209,0.56619,1
2648,-0.61578,0.50000,1
2649,0.02600,0.69589,1
2650,-0.17868,0.80290,1
2651,-0.85399,0.88619,1
2652,-0.07369,0.56123,1
2653,0.10083,0.66881,1
2654,0.36141,0.50000,1
2655,0.44787,0.54661,1
2656,0.45424,0.74041,1
2657,0.82264,0.69118,1
2658,0.09388,0.58430,1
2659,0.13640,0.79775,1
2660,-0.48946,0.76191,1
2661,-1.03979,0.76731,1
2662,-1.38502,0.69820,1
2663,-1.54223,0.57479,1
2664,-0.93120,0.60002,1
2665,-1.04297,0.52262,1
2666,-0.43446,0.50000,1
2667,0.50630,0.80595,1
2668,1.30918,0.84116,1
2669,1.09851,1.36861,1
2670,0.43381,0.66562,1
2671,0.34122,0.65552,1
2672,0.15987,0.53116,1
2673,0.57766,0.52195,1
2674,0.54395,0.50000,1
2675,-0.22545,0.83674,1
2676,-0.80698,0.78750,1
2677,0.03268,0.78335,1
2678,0.23954,0.67190,1
2679,0.36952,0.70811,1
2680,1.71559,0.94851,1
2681,0.47125,1.53652,1
2682,-0.60236,1.24528,1
2683,-0.06550,0.62782,1
2684,0.11971,0.76736,1
2685,0.12969,0.62249,1
2686,0.84839,0.65131,1
2687,0.38152,0.93848,1
2688,-1.11410,0.93306,1
2689,0.39691,1.26362,1
2690,0.84340,0.72001,1
2691,-0.14389,0.71825,1
2692,0.30089,1.28918,1
2693,1.47721,0.87201,1
2694,0.42893,1.37145,1
2695,-0.53315,1.29110,1
2696,0.48542,0.75815,1
2697,-0.08881,0.79057,1
2698,-0.11975,0.59634,1
2699,0.12988,0.85851,1
2700,-0.86341,0.86474,1
2701,-1.50607,1.13782,1
2702,0.85235,0.86092,1
2703,0.25388,0.81556,1
2704,0.38552,0.55883,1
2705,0.84277,0.79964,1
2706,1.23972,1.56521,1
2707,-0.32758,1.39081,1
2708,-1.33886,1.08389,1
2709,-2.95144,0.78052,1
2710,-3.08956,1.26773,1
2711,-1.93272,1.32661,1
2712,-0.73975,1.15354,1
2713,-1.18134,1.36484,1
2714,-0.40659,1.06505,1
2715,1.78808,1.46402,1
2716,2.07611,1.91952,1
2717,2.13997,1.76644,1
2718,1.45892,2.24376,1
2719,-1.49526,3.20786,1
2720,-3.65734,1.79652,1
2721,-2.89020,1.60619,1
2722,-1.76458,1.40309,1
2723,-0.43745,1.00413,1
2724,0.22835,0.79983,1
2725,0.55027,1.19640,1
2726,0.94281,1.69824,1
2727,1.80395,1.77636,1
2728,2.01548,1.48846,1
2729,0.81354,1.24684,1
2730,-0.11580,1.55605,1
2731,-0.58280,0.54956,1
2732,-1.45955,1.27984,1
2733,-0.97417,0.97242,1
2734,-0.52160,0.74502,1
2735,0.14928,0.66093,1
2736,0.78867,0.77830,1
2737,0.44282,1.51882,1
2738,0.65527,0.80652,1
2739,1.46215,0.79822,1
2740,1.83093,0.67414,1
2741,1.13783,0.52940,1
2742,0.98086,1.05839,1
2743,0.86785,0.66352,1
2744,0.36731,0.67695,1
2745,0.23091,0.50000,1
2746,0.54635,0.65453,1
2747,0.70052,0.53283,1
2748,0.98870,0.56077,1
2749,1.44002,0.88487,1
2750,0.85459,0.92945,1
2751,-0.06471,0.50000,1
2752,1.82070,0.60283,1
2753,1.59439,0.72035,1
2754,1.02994,0.64796,1
2755,0.92158,0.66634,1
2756,0.38765,0.67650,1
2757,-0.34355,1.19140,1
2758,-0.12411,0.50000,1
2759,-0.31233,0.50000,1
2760,-1.36396,0.61521,1
2761,-1.28479,0.57434,1
2762,-1.22638,0.88756,1
2763,-0.91032,0.96311,1
2764,0.43324,1.06833,1
2765,0.57274,0.73023,1
2766,0.53772,0.85130,1
2767,1.20464,0.79553,1
2768,1.24975,0.93312,1
2769,0.47777,0.97764,1
2770,0.15308,0.74702,1
2771,0.06894,0.66194,1
2772,-1.35052,1.35756,1
2773,-1.84947,1.30526,1
2774,0.03022,0.83537,1
2775,-0.52149,0.65061,1
2776,-0.58134,0.79350,1
2777,0.20240,0.50496,1
2778,0.49319,0.65541,1
2779,1.75518,1.14532,1
2780,1.78023,1.28658,1
2781,0.00000,1.00000,1
2782,1.36467,1.26589,1
2783,0.24517,0.76133,1
2784,-0.14463,1.18743,1
2785,-0.93731,0.74700,1
2786,-0.09165,0.70829,1
2787,-0.11447,0.70788,1
2788,-0.86974,0.99208,1
2789,-0.98040,0.96234,1
2790,0.25964,1.08716,1
2791,-1.12219,0.96592,1
2792,0.10734,1.83820,1
2793,1.68928,1.56209,1
2794,0.33400,1.83038,1
2795,-0.48817,1.09571,1
2796,0.98884,0.89437,1
2797,-0.27778,0.84160,1
2798,-0.52987,1.11695,1
2799,0.75024,1.01569,1
2800,-0.64722,1.35221,1
2801,-1.84647,1.48433,1
2802,1.40014,1.00813,1
2803,-0.27554,1.12604,1
2804,0.41741,1.15564,1
2805,1.65716,0.96528,1
2806,0.38981,1.04274,1
2807,-0.44874,0.98980,1
2808,0.21862,0.60839,1
2809,0.45776,0.70384,1
2810,-0.27684,0.58471,1
2811,-0.13276,0.78279,1
2812,-0.10039,0.61219,1
2813,-0.77462,0.67913,1
2814,-0.25303,1.11754,1
2815,0.45529,0.61873,1
2816,-0.37027,0.83479,1
2817,0.03552,1.08819,1
2818,0.31289,1.19665,1
2819,0.48609,1.24491,1
2820,-0.20624,0.76523,1
2821,0.15167,0.60246,1
2822,-0.00918,0.69241,1
2823,-0.16030,0.50000,1
2824,0.26326,0.69397,1
2825,-0.48628,1.02954,1
2826,-0.26358,0.92536,1
2827,-0.05859,0.90442,1
2828,0.80120,0.67921,1
2829,-0.13177,0.92740,1
2830,-0.48071,0.83713,1
2831,0.54085,1.19507,1
2832,0.41519,1.58449,1
2833,0.92744,2.21308,1
2834,0.66013,1.59517,1
2835,-0.24631,0.98090,1
2836,-1.24111,1.51201,1
2837,0.48660,0.75922,1
2838,0.49717,0.90287,1
2839,-0.69950,1.04382,1
2840,-1.31457,1.70033,1
2841,-2.24907,1.78757,1
2842,-0.39084,1.40479,1
2843,0.43573,1.22919,1
2844,0.24378,0.81254,1
2845,0.33617,1.16571,1
2846,0.44164,1.34133,1
2847,0.56065,0.88076,1
2848,1.06745,1.05694,1
2849,1.42230,1.22842,1
2850,0.50565,1.47795,1
2851,-0.87622,0.72766,1
2852,-1.78977,1.35991,1
2853,-0.73537,1.11057,1
2854,-0.17063,1.19507,1
2855,-0.69007,1.04200,1
2856,-0.83212,0.85266,1
2857,-0.34812,1.23592,1
2858,0.60572,1.17429,1
2859,0.82583,1.51615,1
2860,-0.26191,0.98452,1
2861,-0.12334,1.13706,1
2862,-0.25998,0.91396,1
2863,-0.24018,0.95989,1
2864,-0.10945,0.80065,1
2865,-0.07586,1.08260,1
2866,0.14266,1.08643,1
2867,0.24565,1.09788,1
2868,0.15109,0.94470,1
2869,0.01028,1.27505,1
2870,0.27687,1.11182,1
2871,0.73930,0.87926,1
2872,0.41943,0.74523,1
2873,-0.19248,0.67535,1
2874,0.11976,0.59003,1
2875,-0.14130,0.55318,1
2876,-0.11202,0.61608,1
2877,-0.07982,0.92904,1
2878,-0.75857,0.86988,1
2879,-0.71163,1.22408,1
2880,-0.16057,0.63663,1
2881,-0.47487,0.77004,1
2882,-0.13471,0.96239,1
2883,0.71266,1.04862,1
2884,0.45767,1.08396,1
2885,0.01906,0.71624,1
2886,-0.05703,0.84083,1
2887,-0.05842,0.84626,1
2888,-0.01265,0.69409,1
2889,0.17435,0.80830,1
2890,0.04429,0.83872,1
2891,-0.37113,0.78874,1
2892,0.14344,0.75795,1
2893,-0.08371,0.71603,1
2894,-0.35528,0.83426,1
2895,0.57010,0.96686,1
2896,0.36486,1.48865,1
2897,0.07199,0.80681,1
2898,-0.03891,0.99864,1
2899,-0.22789,0.64749,1
2900,0.05081,1.05249,0
2901,-0.09985,0.69993,0
2902,-0.18395,1.11801,0
2903,-0.60400,1.41993,0
2904,0.79123,1.55557,0
2905,-0.10722,0.91236,0
2906,1.04719,1.91917,0
2907,-0.14233,1.30209,0
2908,1.03111,1.35714,0
2909,-0.02340,1.07734,0
2910,-0.35387,0.74985,0
2911,-1.54963,1.43838,0
2912,-1.00137,1.58965,0
2913,-0.24515,1.38912,0
2914,-0.18280,2.17472,0
2915,-0.57136,0.73679,0
2916,-0.37288,1.64682,0
2917,1.13282,0.98614,0
2918,1.39683,1.97956,0
2919,0.81850,1.58120,0
2920,-0.32384,1.19909,0
2921,-0.02580,1.03437,0
2922,0.25198,1.06167,0
2923,0.18551,0.84453,0
2924,0.18301,1.19011,0
2925,-1.42589,1.24038,0
2926,-1.72472,1.40776,0
2927,0.21239,1.66844,0
2928,-0.49894,1.18719,0
2929,0.51256,1.25540,0
2930,0.16232,1.23958,0
2931,0.44456,1.26857,0
2932,0.14996,0.84090,0
2933,-0.25509,0.74377,0
2934,0.09648,0.84010,0
2935,0.49978,0.73293,0
2936,-0.01748,1.37382,0
2937,-0.62154,1.02278,0
2938,-0.27296,0.74731,0
2939,-0.16194,0.78878,0
2940,0.07281,0.72503,0
2941,0.82107,1.09018,0
2942,-0.02596,1.07751,0
2943,0.59517,1.14916,0
2944,0.18851,1.58955,0
2945,-0.54610,0.86195,0
2946,-0.30652,0.79005,0
2947,-0.21796,0.96101,0
2948,-0.41202,0.80175,0
2949,-0.46991,0.81017,0
2950,-0.27444,0.88282,0
2951,-0.58684,1.03971,0
2952,-0.12512,1.20046,0
2953,-0.03889,1.11380,0
2954,0.00357,1.05517,0
2955,0.36506,1.20576,0
2956,0.62852,1.30638,0
2957,0.04678,1.16936,0
2958,0.17044,1.15199,0
2959,0.14289,1.01590,0
2960,0.10882,1.05293,0
2961,0.18368,1.16948,0
2962,-0.62264,0.91966,0
2963,-0.86644,1.14484,0
2964,-0.25652,1.21201,0
2965,0.27416,1.30223,0
2966,-0.42476,1.20564,0
2967,-0.05077,0.88705,0
2968,0.71515,1.14173,0
2969,0.87635,1.15762,0
2970,0.45892,0.94830,0
2971,0.37562,1.16383,0
2972,-0.15312,1.07435,0
2973,0.49226,1.21173,0
2974,0.14878,1.41684,0
2975,0.13855,1.73329,0
2976,-0.17153,1.34081,0
2977,-0.12311,1.41197,0
2978,-0.07445,1.45096,0
2979,0.24488,1.41406,0
2980,-0.09194,1.58844,0
2981,0.15996,1.14956,0
2982,-0.03218,1.00033,0
2983,0.30510,1.25292,0
2984,-0.01087,1.00586,0
2985,0.16797,0.91920,0
2986,0.00782,0.90816,0
2987,0.07718,0.81659,0
2988,-0.01515,0.93821,0
2989,-0.01617,0.86856,0
2990,-0.09309,0.79590,0
2991,-0.11012,0.67115,0
2992,-0.21621,0.89414,0
2993,0.29401,0.82332,0
2994,0.25516,0.75202,0
2995,-0.10038,0.67527,0
2996,0.10343,0.59140,0
2997,-0.05222,0.63575,0
2998,0.19694,0.69804,0
2999,0.18792,1.00284,0
3000,0.00000,1.00000,0
3001,-0.34774,0.97279,0
3002,-0.07465,0.91241,0
3003,0.19174,0.77326,0
3004,0.19020,0.71461,0
3005,0.50611,0.88291,0
3006,0.43984,0.70644,0
3007,0.05797,0.87153,0
3008,-0.07247,0.59014,0
3009,-0.27694,0.58748,0
3010,-0.25512,0.57198,0
3011,0.56224,1.22430,0
3012,0.70899,0.99605,0
3013,-0.79838,1.10540,0
3014,-0.69901,0.79545,0
3015,-0.02446,0.55515,0
3016,0.37060,0.57590,0
3017,0.41025,0.50000,0
3018,0.36961,0.60234,0
3019,-0.74408,1.24429,0
3020,-0.62997,0.55594,0
3021,0.51641,0.78433,0
3022,0.37532,0.50000,0
3023,-0.15375,0.50000,0
3024,-0.19223,0.84618,0
3025,-0.22165,0.62260,0
3026,-0.52677,1.05876,0
3027,-0.59085,0.87735,0
3028,-0.59068,1.00718,0
3029,-0.04677,0.71250,0
3030,0.67327,1.54665,0
3031,0.83009,0.88615,0
3032,-0.26227,1.18462,0
3033,0.04341,0.84971,0
3034,0.02933,1.01187,0
3035,-0.16933,0.73151,0
3036,-0.04350,0.89036,0
3037,0.11844,0.87269,0
3038,-0.71180,1.46429,0
3039,-0.40160,1.29847,0
3040,0.35615,0.95699,0
3041,-0.03800,0.75976,0
3042,0.26923,0.72685,0
3043,1.14800,0.50217,0
3044,0.62248,0.85500,0
3045,-0.22937,0.83635,0
3046,-0.01667,0.73363,0
3047,-0.13201,0.81000,0
3048,0.01097,0.58401,0
3049,0.27070,0.74897,0
3050,-0.31404,1.44180,0
3051,-1.56242,0.97578,0
3052,0.31999,1.04466,0
3053,-0.01754,0.76142,0
3054,0.22640,0.94209,0
3055,0.53416,1.14852,0
3056,1.59466,0.90042,0
3057,-0.16293,1.41851,0
3058,-0.68740,1.05156,0
3059,-0.81297,1.01031,0
3060,-0.26268,0.58572,0
3061,0.42617,0.50000,0
3062,0.00685,0.78835,0
3063,-1.41495,1.47702,0
3064,-1.51326,0.97402,0
3065,0.47449,1.80818,0
3066,-0.32373,0.80593,0
3067,-0.54699,0.51658,0
3068,0.06578,1.27131,0
3069,0.50053,0.75234,0
3070,-1.07965,1.99237,0
3071,0.07630,0.79612,0
3072,-0.14117,1.20559,0
3073,0.16245,0.69574,0
3074,0.43449,1.10071,0
3075,-0.11184,1.24293,0
3076,-1.84825,1.13094,0
3077,0.14996,2.19512,0
3078,-0.01779,0.97434,0
3079,0.25917,0.95237,0
3080,0.83184,0.92903,0
3081,0.77972,1.22444,0
3082,0.00708,0.98850,0
3083,0.23901,0.90853,0
3084,0.35586,0.77193,0
3085,0.65566,0.79704,0
3086,-0.25625,0.78551,0
3087,-0.79560,0.96561,0
3088,-1.79704,0.98278,0
3089,-1.18936,1.25293,0
3090,-0.39518,1.08299,0
3091,-0.82529,0.83958,0
3092,0.20466,0.76850,0
3093,0.47801,0.89455,0
3094,0.46571,1.17660,0
3095,0.84853,1.05051,0
3096,0.58075,1.20569,0
3097,0.02610,1.19100,0
3098,1.26670,0.62374,0
3099,0.27032,0.89353,0
3100,0.25253,1.09647,0
3101,-1.39082,1.11892,0
3102,-0.68018,1.07209,0
3103,-0.84372,0.95740,0
3104,0.54502,0.81342,0
3105,0.34910,0.68178,0
3106,0.38304,0.78746,0
3107,-0.68640,1.02393,0
3108,-0.77663,0.88768,0
3109,-0.03092,0.88489,0
3110,0.14950,0.99100,0
3111,-0.22065,0.79391,0
3112,-0.50800,0.77853,0
3113,-0.44152,0.99611,0
3114,-0.52016,0.77162,0
3115,0.30975,0.61821,0
3116,0.16949,0.84100,0
3117,0.41994,0.81535,0
3118,-0.12308,0.95099,0
3119,0.04217,0.81940,0
3120,-0.31901,0.82747,0
3121,-0.61244,0.70469,0
3122,-0.13829,0.78266,0
3123,0.38136,0.77187,0
3124,0.14657,1.05136,0
3125,0.11468,0.75783,1
3126,0.07952,0.86077,1
3127,-0.30788,1.16632,1
3128,-0.05655,0.65761,1
3129,-0.37659,0.81118,1
3130,-0.39363,1.40117,1
3131,1.22348,1.18231,1
3132,0.20138,1.20107,1
3133,-0.40890,1.04153,1
3134,0.01230,0.76145,1
3135,0.52864,0.78054,1
3136,0.17980,0.69407,1
3137,0.56292,0.78406,1
3138,0.15988,1.15696,1
3139,-1.71966,1.01595,1
3140,-0.04366,1.08642,1
3141,0.20174,1.33150,1
3142,-0.30792,0.82205,1
3143,0.28199,1.66567,1
3144,0.51922,0.90620,1
3145,-1.25987,0.97792,1
3146,0.32445,1.08222,1
3147,0.12774,1.14317,1
3148,-0.09022,1.17798,1
3149,0.41342,0.88579,1
3150,1.08353,0.92277,1
3151,-1.32644,1.20549,1
3152,-0.73277,1.43807,1
3153,0.03418,1.29004,1
3154,-0.46260,0.80721,1
3155,-0.05118,1.31175,1
3156,0.31840,1.03112,1
3157,-0.34076,1.30423,1
3158,-0.10401,0.97250,1
3159,-0.10841,0.93927,1
3160,-0.05243,1.09602,1
3161,0.13379,0.79820,1
3162,-0.34158,0.69100,1
3163,-1.11429,1.00269,1
3164,-0.59695,0.83795,1
3165,0.64054,0.92439,1
3166,0.36728,0.94291,1
3167,0.88361,0.98926,1
3168,1.07619,1.16065,1
3169,0.94280,0.82099,1
3170,-0.39982,1.08956,1
3171,-0.41481,0.86537,1
3172,-0.48837,0.83559,1
3173,-0.12402,0.92880,1
3174,-0.02563,0.78144,1
3175,-0.30814,1.21445,0
3176,-0.79852,0.83898,0
3177,-0.22412,1.31333,0
3178,0.37619,1.10513,0
3179,0.28947,0.88925,0
3180,0.39182,0.95758,0
3181,-0.06370,0.93692,0
3182,-0.11751,1.09027,0
3183,-0.56483,0.73649,0
3184,-0.28190,0.64846,0
3185,0.00449,0.86876,0
3186,0.35506,1.08554,0
3187,0.05695,1.19166,0
3188,-0.45154,1.48033,0
3189,-0.85379,1.11344,0
3190,-0.15291,1.05686,0
3191,0.20282,1.18142,0
3192,0.43347,0.82482,0
3193,0.54308,1.27539,0
3194,0.03755,1.33632,0
3195,-0.35104,0.99818,0
3196,0.17740,0.76051,0
3197,0.02358,0.90645,0
3198,0.09897,1.24812,0
3199,-0.21382,0.80764,0
3200,-0.38969,1.10747,0
3201,-0.38903,1.14090,0
3202,0.34547,1.25554,0
3203,0.79195,1.00017,0
3204,0.62718,1.00973,0
3205,-0.09960,0.89134,0
3206,0.12665,1.06790,0
3207,0.35629,0.97988,0
3208,0.08242,1.24617,0
3209,0.08940,0.72479,0
3210,-0.27421,0.65609,0
3211,-0.09752,0.61286,0
3212,0.08160,0.50000,0
3213,-0.09021,0.53549,0
3214,-0.39634,0.66085,0
3215,-0.07480,0.62703,0
3216,-0.18159,0.60588,0
3217,0.02217,0.73232,0
3218,0.37071,0.64863,0
3219,0.20163,0.77673,0
3220,-0.07369,0.75201,0
3221,0.03385,0.84520,0
3222,0.18307,0.58421,0
3223,0.31883,0.79111,0
3224,0.24158,0.68312,0
3225,0.03291,0.72000,0
3226,-0.32371,0.56041,0
3227,0.08781,0.63733,0
3228,0.11256,0.61033,0
3229,0.02496,0.73601,0
3230,0.34314,1.02878,0
3231,0.78942,0.77835,0
3232,0.34221,1.51596,0
3233,-0.28242,0.57622,0
3234,-0.56841,0.50000,0
3235,-0.17939,0.54070,0
3236,0.02874,0.52957,0
3237,0.30961,0.57787,0
3238,-0.63006,1.04940,0
3239,-0.79552,1.26879,0
3240,0.03353,1.18889,0
3241,0.42421,0.74070,0
3242,0.42782,0.54731,0
3243,0.84738,0.98150,0
3244,0.95688,0.56313,0
3245,-0.03659,0.78138,0
3246,-0.14152,0.52777,0
3247,-0.20339,0.58820,0
3248,-0.12076,0.71509,0
3249,-0.11988,0.50000,0
3250,-0.05086,0.87659,1
3251,-1.44089,0.92328,1
3252,-0.81575,1.13354,1
3253,-0.33107,0.68518,1
3254,0.05901,0.76449,1
3255,0.17672,0.85968,1
3256,0.26109,0.62243,1
3257,0.56477,0.85208,1
3258,0.55428,0.87176,1
3259,0.45291,0.80982,1
3260,0.32484,0.86745,1
3261,0.34121,0.66075,1
3262,-0.24349,0.51775,1
3263,0.17072,0.78079,1
3264,-0.07514,0.82881,1
3265,-0.12691,1.20672,1
3266,-0.31585,0.97748,1
3267,-0.80663,0.82292,1
3268,1.22813,1.41100,1
3269,1.62170,1.04304,1
3270,-0.20729,1.94168,1
3271,-1.96547,0.90499,1
3272,-0.80847,1.37350,1
3273,0.25943,1.19162,1
3274,0.11596,0.72178,1
3275,0.14577,1.14845,1
3276,-2.84228,1.56688,1
3277,-1.37845,2.78236,1
3278,1.14011,1.34597,1
3279,1.15860,1.57378,1
3280,-0.04836,1.39709,1
3281,1.16237,1.19413,1
3282,1.01071,0.98072,1
3283,0.37325,1.13009,1
3284,0.48364,1.10470,1
3285,-0.44600,1.45278,1
3286,-0.31244,1.43695,1
3287,0.60154,0.93611,1
3288,0.02842,1.09581,1
3289,-0.52677,1.00344,1
3290,0.02910,0.96709,1
3291,-0.15618,0.85119,1
3292,-0.03726,1.68543,1
3293,0.48573,1.14879,1
3294,1.29370,1.44866,1
3295,-0.91497,1.42469,1
3296,-0.66741,0.94859,1
3297,-0.38547,1.01608,1
3298,-0.45464,0.71126,1
3299,0.18831,0.59578,1
3300,0.18298,1.00835,1
3301,-1.00205,0.96075,1
3302,-1.56314,1.24302,1
3303,-0.56865,0.79694,1
3304,-1.11463,0.85414,1
3305,-0.61158,0.69105,1
3306,-0.64202,0.81578,1
3307,-0.41999,0.75145,1
3308,0.62564,0.83417,1
3309,0.60467,0.97670,1
3310,0.86688,0.70246,1
3311,1.39108,0.88565,1
3312,1.37289,0.77031,1
3313,-0.03307,0.77457,1
3314,-0.41426,0.75436,1
3315,-0.63526,1.00499,1
3316,-1.58604,1.03231,1
3317,-0.50474,0.56649,1
3318,-0.84517,0.67088,1
3319,-0.46786,0.63861,1
3320,0.81483,0.85049,1
3321,-0.03083,1.19791,1
3322,-0.42607,0.78524,1
3323,0.50427,0.66870,1
3324,0.16867,0.69060,1
3325,-0.12890,0.54509,1
3326,-0.04923,0.77757,1
3327,0.37083,0.66086,1
3328,-0.04422,0.89963,1
3329,1.01109,0.68661,1
3330,-0.03525,0.78749,1
3331,0.07571,0.80897,1
3332,0.44886,1.01666,1
3333,-0.57625,0.77938,1
3334,-0.19613,0.58444,1
3335,-0.42539,0.61309,1
3336,-0.66785,0.81471,1
3337,0.07466,0.91568,1
3338,0.59917,0.76627,1
3339,-0.55794,0.87227,1
3340,0.04003,0.97149,1
3341,0.22683,0.93782,1
3342,-0.84730,0.65405,1
3343,-0.09286,1.00864,1
3344,1.06779,0.69326,1
3345,0.92283,0.84854,1
3346,0.17714,0.81208,1
3347,0.31551,0.74806,1
3348,-0.25264,0.80241,1
3349,0.11277,0.64853,1
3350,0.03586,0.67954,1
3351,-0.55898,0.67958,1
3352,-1.01579,0.92289,1
3353,-1.03429,1.30076,1
3354,0.16688,0.76111,1
3355,0.78464,1.06782,1
3356,0.96552,1.01353,1
3357,-0.28372,1.11571,1
3358,-0.07432,1.04624,1
3359,0.15255,0.58429,1
3360,0.23333,0.65790,1
3361,-0.51404,0.70635,1
3362,0.15900,0.98778,1
3363,0.17483,1.20462,1
3364,-0.19877,0.89655,1
3365,-0.21441,1.79815,1
3366,-0.33750,0.71104,1
3367,-0.21945,0.87846,1
3368,0.65867,1.64455,1
3369,0.74673,0.92487,1
3370,-0.60777,1.31728,1
3371,0.41227,0.95688,1
3372,0.25984,0.78681,1
3373,0.39729,0.50000,1
3374,0.29650,0.85234,1
3375,-0.02224,1.00389,1
3376,-0.45046,0.94795,1
3377,-0.70951,1.20028,1
3378,-0.08232,1.25541,1
3379,0.03882,0.93722,1
3380,0.20911,0.75240,1
3381,1.13495,0.90839,1
3382,-0.06267,1.55390,1
3383,0.30813,1.16658,1
3384,0.08864,0.94718,1
3385,-0.08218,0.90841,1
3386,0.31529,1.20195,1
3387,0.14532,0.99932,1
3388,-0.67135,1.21817,1
3389,-1.01913,1.26913,1
3390,-0.53707,1.80718,1
3391,-0.32294,0.96302,1
3392,1.02224,1.30034,1
3393,0.46388,1.61795,1
3394,0.94530,1.28230,1
3395,0.05098,1.64028,1
3396,0.12858,1.18854,1
3397,0.02261,1.12809,1
3398,0.38653,1.19831,1
3399,0.38700,1.22021,1
3400,0.11650,0.85839,1
3401,-0.02707,1.11905,1
3402,0.24000,1.65165,1
3403,-0.24117,1.48519,1
3404,0.26668,1.16735,1
3405,0.45334,1.54187,1
3406,0.08475,1.12352,1
3407,-0.14476,1.45438,1
3408,0.41889,1.66309,1
3409,-0.27266,1.22957,1
3410,-0.33071,1.22861,1
3411,0.03650,0.99491,1
3412,-0.12264,1.27573,1
3413,-0.52848,1.21055,1
3414,-0.21944,0.90052,1
3415,-0.60615,1.17730,1
3416,-0.29773,1.18884,1
3417,-0.16729,0.93580,1
3418,0.34438,1.09591,1
3419,0.25492,0.99342,1
3420,0.30421,1.43630,1
3421,0.45576,0.71555,1
3422,0.35845,0.85552,1
3423,-0.06202,0.55546,1
3424,0.10074,0.77611,1
3425,-0.25493,0.73926,1
3426,-0.42604,0.76683,1
3427,-0.48071,1.11331,1
3428,-0.32856,0.71368,1
3429,-0.05226,0.63770,1
3430,0.17326,0.82558,1
3431,0.33007,0.94416,1
3432,0.31870,0.94881,1
3433,0.00000,1.00000,1
3434,0.00000,1.00000,1
3435,0.27002,0.81270,1
3436,0.06199,0.76978,1
3437,0.02338,0.76113,1
3438,-0.01942,0.79316,1
3439,-0.15075,0.58022,1
3440,-0.04228,0.61606,1
3441,-0.07221,0.65581,1
3442,-0.02324,0.59002,1
3443,0.36180,0.85638,1
3444,0.14602,0.69251,1
3445,0.22644,1.18052,1
3446,0.14679,0.58689,1
3447,0.09067,0.51685,1
3448,-0.04277,0.53381,1
3449,-0.10166,0.57621,1
3450,-0.13925,0.80944,1
3451,-0.69015,0.63733,1
3452,-0.15829,0.99538,1
3453,-0.06524,0.81187,1
3454,-0.06236,0.52763,1
3455,-0.03910,0.67424,1
3456,0.91230,0.69065,1
3457,0.15897,0.85340,1
3458,-0.18746,0.51242,1
3459,-0.29676,0.64422,1
3460,0.05803,0.50000,1
3461,0.67068,0.58880,1
3462,0.39022,0.64160,1
3463,-0.32365,0.91304,1
3464,-0.91893,0.66979,1
3465,0.38246,1.00055,1
3466,0.19207,0.52739,1
3467,-0.00085,0.50000,1
3468,0.16183,0.99226,1
3469,0.30085,0.71630,1
3470,-0.24423,1.24472,1
3471,-0.49325,0.50000,1
3472,-0.43842,0.76052,1
3473,0.43778,0.61307,1
3474,0.03449,0.62829,1
3475,0.11817,0.89551,1
3476,-0.87857,1.01176,1
3477,-0.62730,0.79971,1
3478,-0.22386,0.89248,1
3479,0.13104,0.55479,1
3480,-0.19316,0.74453,1
3481,0.85521,1.26521,1
3482,0.44866,1.62989,1
3483,-0.23544,1.33012,1
3484,-0.43566,0.74654,1
3485,-0.16662,0.73289,1
3486,0.07993,0.50000,1
3487,0.35343,0.75677,1
3488,-0.61299,1.15542,1
3489,-2.23568,0.96792,1
3490,-0.55147,1.41335,1
3491,-0.41852,0.50000,1
3492,0.14728,0.58060,1
3493,0.50469,1.02051,1
3494,1.65715,0.54133,1
3495,0.52210,1.17918,1
3496,0.83080,1.07141,1
3497,0.22958,0.85030,1
3498,0.41037,0.74891,1
3499,-0.37525,0.98236,1
3500,-0.12546,0.91576,0
3501,-1.03566,1.22715,0
3502,-0.74428,1.34276,0
3503,-1.11028,1.40356,0
3504,0.00128,1.04070,0
3505,0.35029,1.06191,0
3506,1.37767,1.59780,0
3507,1.11299,1.86703,0
3508,-0.57455,1.06171,0
3509,-0.17641,1.23015,0
3510,0.33337,1.01410,0
3511,0.16109,1.29984,0
3512,-0.04241,1.12254,0
3513,-0.48603,1.65863,0
3514,-1.39448,1.33848,0
3515,-0.25243,2.14300,0
3516,-0.21377,1.34839,0
3517,-0.49998,1.28324,0
3518,0.01619,1.43983,0
3519,1.05949,1.04192,0
3520,0.29145,1.07570,0
3521,0.01464,0.98768,0
3522,-0.15617,1.05030,0
3523,-0.29387,1.30925,0
3524,0.16117,1.30389,0
3525,0.32657,1.31909,0
3526,-0.62092,1.48619,0
3527,0.17603,1.27097,0
3528,-0.00624,1.28773,0
3529,0.24714,1.45280,0
3530,0.14370,1.33494,0
3531,0.16728,1.38672,0
3532,0.12387,1.04574,0
3533,-0.35156,1.36714,0
3534,-0.16500,1.41255,0
3535,-0.59611,1.52427,0
3536,0.02572,1.24194,0
3537,-0.02102,1.21433,0
3538,-0.24094,1.21516,0
3539,0.08169,1.10978,0
3540,0.24491,1.12033,0
3541,0.07979,1.12483,0
3542,0.18775,0.85101,0
3543,0.28790,0.88498,0
3544,0.16185,0.96118,0
3545,0.05375,1.45603,0
3546,0.01612,0.87356,0
3547,-0.02997,0.73703,0
3548,-0.24522,0.64072,0
3549,-0.18941,0.65684,0
3550,-0.15981,0.86634,0
3551,-0.19790,0.80820,0
3552,-0.20221,0.91817,0
3553,-0.29160,0.65710,0
3554,-0.02230,0.64830,0
3555,-0.25723,0.70233,0
3556,0.79997,1.02160,0
3557,0.55632,1.28157,0
3558,0.05215,0.81674,0
3559,-0.05906,0.65058,0
3560,0.20618,0.60937,0
3561,0.25175,0.50000,0
3562,0.26674,0.50000,0
3563,-0.09301,1.16269,0
3564,-0.53166,0.70937,0
3565,0.19461,1.04185,0
3566,0.06912,0.67066,0
3567,0.11018,0.72126,0
3568,-0.02459,0.93528,0
3569,0.53077,0.50000,0
3570,-0.10981,0.64888,0
3571,-0.34407,0.50000,0
3572,0.00985,0.50000,0
3573,-0.16710,0.50000,0
3574,-0.11531,0.50000,0
3575,-0.00874,0.78194,1
3576,0.09949,0.90241,1
3577,-0.46771,1.50367,1
3578,0.16736,1.43216,1
3579,0.53905,0.72146,1
3580,0.34528,0.98851,1
3581,0.47122,0.81461,1
3582,0.42959,0.57318,1
3583,0.15831,0.74339,1
3584,0.36133,0.70500,1
3585,0.54104,0.87074,1
3586,-0.70359,1.21792,1
3587,-0.81354,1.82918,1
3588,-0.67683,1.50284,1
3589,-1.08277,1.64061,1
3590,-1.23088,1.41268,1
3591,-0.88344,1.36028,1
3592,-1.00275,1.38245,1
3593,-0.87260,1.75796,1
3594,0.32363,1.48271,1
3595,-0.34336,1.73979,1
3596,-2.30672,2.01436,1
3597,-0.54094,2.94624,1
3598,-2.43824,2.01310,1
3599,1.28279,1.52602,1
3600,1.21516,1.61077,1
3601,0.07551,1.66883,1
3602,-0.99248,2.23540,1
3603,0.38024,2.57924,1
3604,-2.37013,3.29619,1
3605,1.49745,4.78111,1
3606,0.64614,3.07788,1
3607,-1.93186,0.96865,1
3608,-3.79089,2.29620,1
3609,-1.68085,1.27669,1
3610,-0.09003,3.12364,1
3611,-0.14314,1.79841,1
3612,3.14754,3.82747,1
3613,-1.18245,1.77281,1
3614,0.33231,1.47582,1
3615,1.51050,2.54659,1
3616,2.57380,2.22472,1
3617,0.00921,1.95680,1
3618,1.52297,1.80731,1
3619,0.73721,1.40395,1
3620,-0.41845,1.44306,1
3621,-0.05574,1.12692,1
3622,-0.68605,1.47266,1
3623,-0.90209,1.53028,1
3624,-1.30267,1.52167,1
3625,-2.46183,2.83790,1
3626,-3.76381,1.52825,1
3627,-2.72903,2.42158,1
3628,-2.82964,2.51893,1
3629,-2.67041,1.51515,1
3630,-2.35777,1.34773,1
3631,-1.66577,0.80050,1
3632,0.09133,0.91361,1
3633,0.70549,0.71470,1
3634,2.28281,1.99078,1
3635,-1.05762,2.72723,1
3636,-1.23725,2.89610,1
3637,-5.14258,2.22807,1
3638,-0.25199,2.13558,1
3639,-4.92364,2.06150,1
3640,-4.27186,3.43457,1
3641,-4.86955,4.01306,1
3642,2.99673,2.46078,1
3643,6.37275,2.22280,1
3644,4.19654,2.53928,1
3645,2.28891,2.18421,1
3646,4.13596,3.70378,1
3647,0.37399,3.95552,1
3648,5.61626,5.98472,1
3649,0.62213,3.80109,1
3650,-3.26339,1.71565,0
3651,-4.24682,2.36304,0
3652,-1.60514,1.84699,0
3653,0.37929,2.61756,0
3654,-0.30605,3.47938,0
3655,2.48886,2.43298,0
3656,0.58961,3.26488,0
3657,0.69829,1.50953,0
3658,-1.01756,2.23897,0
3659,0.23623,1.41532,0
3660,0.37177,1.08564,0
3661,-0.79713,2.30948,0
3662,-0.87473,2.57268,0
3663,-2.01437,1.61909,0
3664,-3.28705,1.56768,0
3665,-1.91116,1.93492,0
3666,-3.41952,1.79547,0
3667,-2.33796,1.55110,0
3668,-1.07755,0.98974,0
3669,-0.09521,0.69835,0
3670,-0.26036,1.10993,0
3671,-0.57361,0.78339,0
3672,0.15825,0.77248,0
3673,0.61763,0.50000,0
3674,0.20904,0.50000,0
3675,0.12958,0.61939,0
3676,-0.20927,0.50000,0
3677,-0.24549,0.79752,0
3678,-0.15134,0.50000,0
3679,0.01454,0.50000,0
3680,0.01029,0.56733,0
3681,-0.34437,0.50000,0
3682,-0.35890,0.50420,0
3683,0.00280,0.50000,0
3684,-0.25550,0.50000,0
3685,-0.17586,0.50000,0
3686,-0.33138,0.50000,0
3687,-0.58059,0.50000,0
3688,-0.39558,0.73509,0
3689,0.00509,0.50000,0
3690,-0.50768,0.67829,0
3691,-0.07217,0.50000,0
3692,0.19369,0.63776,0
3693,0.45306,0.50000,0
3694,0.55840,0.50000,0
3695,1.01671,0.50000,0
3696,1.01985,0.50000,0
3697,0.60989,0.50000,0
3698,-0.18183,0.50000,0
3699,-0.81810,0.50000,0
3700,-1.05706,0.50000,0
3701,-1.13440,0.50000,0
3702,-1.29950,0.50000,0
3703,-1.34289,0.50000,0
3704,-0.88168,0.50000,0
3705,-0.15608,0.50000,0
3706,0.31939,0.50000,0
3707,0.70830,0.50000,0
3708,0.85338,0.50000,0
3709,0.52858,0.50000,0
3710,0.43954,0.50000,0
3711,0.74256,0.50000,0
3712,0.48993,0.63768,0
3713,-0.38109,0.50000,0
3714,0.55500,0.50000,0
3715,-0.25510,0.61602,0
3716,0.11953,0.50000,0
3717,0.04661,0.50000,0
3718,-0.23824,0.50000,0
3719,-0.74721,0.50000,0
3720,0.71683,0.50000,0
3721,0.10426,0.50000,0
3722,-0.02918,0.50000,0
3723,-0.24851,0.50000,0
3724,-0.44904,0.50000,0
3725,-0.34093,0.50000,1
3726,0.63884,0.50000,1
3727,0.47519,0.50000,1
3728,-0.06451,0.51723,1
3729,0.33469,0.50000,1
3730,0.13407,0.50000,1
3731,-0.15665,0.50000,1
3732,0.37465,0.56763,1
3733,-0.01833,0.50000,1
3734,-0.49226,0.50000,1
3735,-0.75270,0.50000,1
3736,-0.50650,0.50000,1
3737,-0.27050,0.50000,1
3738,-0.10004,0.60863,1
3739,-0.15715,0.56185,1
3740,-0.34100,0.76018,1
3741,0.07797,0.60811,1
3742,0.33599,0.50000,1
3743,0.14975,0.67920,1
3744,0.15962,0.50000,1
3745,-0.26042,0.81850,1
3746,0.04601,0.50000,1
3747,0.27240,0.50000,1
3748,0.21938,0.50000,1
3749,0.14458,0.51859,1
3750,0.06789,0.50000,0
3751,-0.41568,0.72290,0
3752,0.19168,0.60614,0
3753,-0.34371,0.61880,0
3754,-0.39522,0.51627,0
3755,-0.48320,0.67567,0
3756,-0.07566,0.61383,0
3757,0.02347,0.57082,0
3758,0.18832,0.50000,0
3759,-0.27582,0.61007,0
3760,-0.21102,0.50000,0
3761,-0.22675,0.50000,0
3762,0.01211,0.50000,0
3763,-0.06594,1.02705,0
3764,-0.09084,0.50000,0
3765,-0.12647,0.81097,0
3766,0.24210,0.50000,0
3767,0.21929,0.53520,0
3768,0.11413,0.67076,0
3769,0.21252,0.50000,0
3770,0.09401,0.71385,0
3771,-0.32464,0.50000,0
3772,-0.33049,0.50000,0
3773,-0.32071,0.50000,0
3774,0.11072,0.50000,0
3775,0.30722,0.75256,0
3776,0.65422,0.53287,0
3777,0.57917,0.57949,0
3778,0.47702,0.72096,0
3779,0.53828,0.50000,0
3780,0.28399,0.50339,0
3781,-0.42833,0.69343,0
3782,-0.81924,0.64627,0
3783,-0.00255,0.56890,0
3784,-0.31447,0.50000,0
3785,-0.23890,0.50000,0
3786,-0.05531,0.50000,0
3787,-0.64831,0.50000,0
3788,0.02684,0.65714,0
3789,0.63376,0.50000,0
3790,-0.02994,0.95296,0
3791,-0.47915,0.50841,0
3792,-0.01954,0.50000,0
3793,-0.16578,0.50000,0
3794,-0.14050,0.50000,0
3795,0.18571,0.62982,0
3796,0.08557,0.50000,0
3797,-0.11196,0.50000,0
3798,-0.31367,0.50000,0
3799,-0.36382,0.57462,0
3800,0.42556,0.78000,0
3801,-0.04250,0.59482,0
3802,0.04450,0.52035,0
3803,-0.84719,0.50000,0
3804,-1.05047,0.51384,0
3805,-0.28024,0.50000,0
3806,1.89152,1.24646,0
3807,1.98610,1.30610,0
3808,-0.91636,0.93797,0
3809,0.02712,0.50000,0
3810,-0.30758,0.50000,0
3811,0.69223,0.60898,0
3812,0.85661,0.56417,0
3813,-0.32915,0.96012,0
3814,-2.21202,0.78598,0
3815,-1.08584,1.94372,0
3816,0.54236,0.72515,0
3817,-0.10023,0.60665,0
3818,0.44407,0.60164,0
3819,0.16306,0.62600,0
3820,0.36761,0.86691,0
3821,0.28362,0.50000,0
3822,0.18015,0.59893,0
3823,-0.03706,1.12952,0
3824,-0.07666,2.00055,0
3825,-0.89536,0.58596,0
3826,-0.58040,0.59584,0
3827,-0.98421,0.69024,0
3828,-0.52338,0.66641,0
3829,0.39492,0.67388,0
3830,0.12995,0.60227,0
3831,0.58867,0.52518,0
3832,0.56620,0.50000,0
3833,0.00513,0.54334,0
3834,0.24106,0.54712,0
3835,-0.15179,0.62414,0
3836,-0.84368,1.05228,0
3837,-0.57371,0.59883,0
3838,1.01213,1.07494,0
3839,0.25530,0.72976,0
3840,0.28994,0.88648,0
3841,0.51205,0.55769,0
3842,-0.17713,0.73886,0
3843,0.56873,0.65753,0
3844,0.19658,0.78163,0
3845,-0.81781,0.50318,0
3846,-0.81238,0.83163,0
3847,-0.90028,0.78323,0
3848,-0.82932,0.56193,0
3849,-0.56990,0.68162,0
3850,-0.44357,0.74344,0
3851,0.14006,0.73044,0
3852,0.12998,0.65789,0
3853,-0.15249,0.50000,0
3854,-0.43101,0.60398,0
3855,0.18135,0.53636,0
3856,0.19368,0.63886,0
3857,0.32658,0.60002,0
3858,-0.51581,0.50000,0
3859,-0.34649,0.61357,0
3860,-0.00221,0.73435,0
3861,0.33362,0.74532,0
3862,0.00880,0.60076,0
3863,-0.38411,0.50000,0
3864,-0.38596,0.61059,0
3865,-0.25771,0.55052,0
3866,-0.19389,0.72935,0
3867,-0.40512,0.74182,0
3868,-0.18719,0.80880,0
3869,-0.34536,0.80677,0
3870,-0.07197,0.52317,0
3871,0.10294,0.86683,0
3872,0.54669,0.62833,0
3873,0.37522,0.69786,0
3874,-0.59550,0.81362,0
3875,-1.17762,0.93656,1
3876,0.15951,0.84779,1
3877,0.06635,0.93984,1
3878,0.41054,1.13236,1
3879,-0.22205,0.95456,1
3880,0.07858,0.81770,1
3881,-0.12796,0.93207,1
3882,0.57790,0.93505,1
3883,0.29520,1.07995,1
3884,-0.16628,1.05175,1
3885,0.01784,0.92306,1
3886,0.10039,1.25423,1
3887,-0.46305,0.81001,1
3888,-0.58156,0.77935,1
3889,0.09557,1.00135,1
3890,0.30363,1.02968,1
3891,0.14566,1.12078,1
3892,-0.06036,0.98982,1
3893,0.38017,1.17089,1
3894,-0.23646,1.27043,1
3895,-0.08919,1.24861,1
3896,-0.30054,1.31547,1
3897,0.13217,1.23912,1
3898,0.28330,1.04942,1
3899,-0.41356,1.37381,1
3900,-0.14947,1.39054,1
3901,-0.24937,1.06459,1
3902,-0.17817,1.35266,1
3903,-0.12257,1.35392,1
3904,-0.30405,1.14832,1
3905,-0.23047,1.35977,1
3906,0.11349,0.88420,1
3907,0.36940,1.10001,1
3908,0.03615,0.98899,1
3909,0.09559,0.76921,1
3910,0.10563,0.67993,1
3911,0.01920,0.61328,1
3912,0.22074,0.64205,1
3913,0.12405,0.79162,1
3914,0.06616,0.64027,1
3915,0.34105,0.51534,1
3916,0.18821,0.54855,1
3917,-0.01854,0.70044,1
3918,0.23309,0.64539,1
3919,-0.09675,0.76100,1
3920,-0.05753,0.66336,1
3921,-0.27505,0.52571,1
3922,-0.04891,0.72854,1
3923,-0.03727,0.65391,1
3924,-0.32798,0.59652,1
3925,-0.38916,0.65458,1
3926,-0.11604,0.50000,1
3927,-0.00887,0.58699,1
3928,-0.17583,0.59604,1
3929,-0.06762,0.50903,1
3930,-0.21158,0.50000,1
3931,0.04204,0.50000,1
3932,0.04879,0.50000,1
3933,-0.25701,0.58282,1
3934,-0.44730,0.56069,1
3935,0.01341,0.55781,1
3936,0.26047,0.76361,1
3937,-0.06105,0.50000,1
3938,0.32794,0.51775,1
3939,0.25900,0.51758,1
3940,0.28372,0.50000,1
3941,0.29394,0.50000,1
3942,0.11269,0.51671,1
3943,0.05976,0.50000,1
3944,-0.12927,0.50000,1
3945,-0.17320,0.52599,1
3946,-0.42127,0.50000,1
3947,-0.50497,0.56227,1
3948,-0.71082,0.74767,1
3949,-0.88984,0.50000,1
3950,-0.74304,0.70609,1
3951,1.40447,1.38618,1
3952,1.82135,1.73462,1
3953,-0.77134,0.87085,1
3954,-0.05710,0.54223,1
3955,0.31329,0.50000,1
3956,0.65010,0.57573,1
3957,0.98768,0.50000,1
3958,-0.53720,1.71293,1
3959,-2.76123,1.64308,1
3960,-0.32079,2.67091,1
3961,0.32764,1.15860,1
3962,0.26439,0.64203,1
3963,-0.57460,0.83810,1
3964,-1.25580,0.81282,1
3965,0.13442,0.64898,1
3966,-0.17458,0.50525,1
3967,-0.27932,0.50000,1
3968,0.33111,0.58505,1
3969,-0.05728,0.50000,1
3970,0.30195,0.52732,1
3971,1.28503,0.52757,1
3972,0.29540,0.94180,1
3973,-0.56101,0.69035,1
3974,-0.48923,0.50000,1
3975,-0.76069,0.67874,1
3976,-1.33105,0.95609,1
3977,-0.45833,0.80368,1
3978,0.29558,0.71996,1
3979,0.15401,0.50000,1
3980,0.23636,0.50000,1
3981,0.45084,0.85976,1
3982,0.20206,0.50000,1
3983,0.44794,0.52648,1
3984,1.18536,0.55782,1
3985,-0.11407,0.71893,1
3986,-0.37547,0.61861,1
3987,-0.47055,0.50000,1
3988,-0.62370,0.64493,1
3989,-0.62949,0.74048,1
3990,-0.06241,0.50000,1
3991,0.13119,0.50000,1
3992,0.01957,0.73596,1
3993,-0.26073,0.79859,1
3994,-0.19337,1.65072,1
3995,0.10938,0.54578,1
3996,0.02551,1.82610,1
3997,0.25323,0.73319,1
3998,-0.30803,0.77487,1
3999,-0.40248,1.63278,1
4000,0.08968,1.58712,1
4001,-1.12640,1.38104,1
4002,-0.38012,0.75592,1
4003,0.84320,0.74767,1
4004,0.33144,0.50000,1
4005,0.63245,0.73690,1
4006,-0.00042,0.54130,1
4007,-0.09870,0.71520,1
4008,0.74302,0.84203,1
4009,0.81910,0.96955,1
4010,-0.24310,1.03381,1
4011,0.27003,0.82554,1
4012,0.22439,0.81291,1
4013,0.12169,1.02717,1
4014,-0.38520,0.55629,1
4015,0.55284,0.87577,1
4016,-0.46457,0.84561,1
4017,-0.73810,0.73693,1
4018,-0.94381,0.58793,1
4019,-0.94794,0.61356,1
4020,-0.55453,0.73322,1
4021,0.18131,0.89016,1
4022,0.10774,0.62908,1
4023,0.26450,0.72746,1
4024,0.20270,0.60887,1
4025,0.71814,0.75407,1
4026,0.28306,0.57847,1
4027,0.23557,0.56550,1
4028,0.50744,0.54505,1
4029,-0.00248,0.59011,1
4030,-0.16855,0.54077,1
4031,-0.24399,0.58485,1
4032,-0.09371,0.74163,1
4033,-0.00824,0.87659,1
4034,0.17895,0.90193,1
4035,-0.26975,0.72844,1
4036,-0.21592,0.91407,1
4037,-0.05914,0.67121,1
4038,0.14537,0.65910,1
4039,1.01167,0.81351,1
4040,0.23265,0.57473,1
4041,-0.06559,0.61819,1
4042,0.31394,0.69420,1
4043,0.09428,0.82003,1
4044,-0.02575,0.60984,1
4045,-0.13321,0.99594,1
4046,-0.59986,0.85509,1
4047,-0.22669,0.76341,1
4048,-0.06116,0.94888,1
4049,-0.17538,0.75279,1
4050,0.12317,1.00934,1
4051,-0.19269,1.11564,1
4052,0.27662,0.93089,1
4053,0.55684,0.59804,1
4054,-0.03479,0.96040,1
4055,-0.01933,0.76777,1
4056,0.00873,0.70875,1
4057,0.06021,1.06400,1
4058,0.10727,1.57748,1
4059,0.07656,0.99437,1
4060,-0.09045,1.10815,1
4061,0.37766,1.21531,1
4062,0.17189,1.35489,1
4063,-0.02520,1.47420,1
4064,-0.17908,1.15786,1
4065,-0.20362,1.24862,1
4066,-0.21827,1.00144,1
4067,-0.27757,1.13345,1
4068,-0.04693,0.97459,1
4069,-0.31000,0.93721,1
4070,0.11399,1.01425,1
4071,0.74311,0.93658,1
4072,0.29463,1.17715,1
4073,-0.06414,1.18483,1
4074,-0.35291,1.18706,1
4075,0.76883,1.52885,1
4076,0.00761,1.14586,1
4077,-0.13529,1.11272,1
4078,0.13302,1.26871,1
4079,0.18842,1.29482,1
4080,0.11149,1.09606,1
4081,-0.11706,1.00946,1
4082,0.08811,1.05515,1
4083,0.32480,0.92162,1
4084,0.11446,1.13089,1
4085,-0.07256,0.86856,1
4086,-0.16053,0.94468,1
4087,-0.19135,0.73212,1
4088,-0.24198,0.69873,1
4089,-0.19231,0.62466,1
4090,0.29795,0.70138,1
4091,0.29180,0.63881,1
4092,0.03733,0.59790,1
4093,-0.13991,0.67116,1
4094,-0.18494,0.53376,1
4095,0.31540,0.69277,1
4096,0.22941,0.64407,1
4097,0.12833,0.79676,1
4098,-0.04580,0.99607,1
4099,-0.39184,0.84494,1
4100,-0.04214,1.49627,1
4101,0.09067,1.35276,1
4102,-0.08244,0.74450,1
4103,-0.01460,0.65309,1
4104,-0.10782,0.59986,1
4105,-0.16071,0.57502,1
4106,0.09923,0.64707,1
4107,0.12900,0.60221,1
4108,0.01562,0.50729,1
4109,0.18286,0.53567,1
4110,0.14578,0.56633,1
4111,0.12313,0.55389,1
4112,0.10634,0.50000,1
4113,0.07759,0.50000,1
4114,0.15331,0.50000,1
4115,0.01316,0.50000,1
4116,-0.16412,0.51766,1
4117,-0.04356,0.50000,1
4118,-0.05925,0.50000,1
4119,0.09688,0.50000,1
4120,0.06312,0.50000,1
4121,-0.07174,0.50000,1
4122,-0.18929,0.57728,1
4123,-0.14624,0.50000,1
4124,-0.26399,0.52534,1
4125,-0.19782,0.50000,1
4126,-0.14694,0.50000,1
4127,-0.04110,0.50000,1
4128,0.02616,0.50000,1
4129,0.10822,0.50000,1
4130,-0.21193,0.50000,1
4131,0.13309,0.57709,1
4132,0.18020,0.50000,1
4133,-0.01709,0.50000,1
4134,-0.13172,0.50000,1
4135,-0.11199,0.52865,1
4136,-0.16802,0.75681,1
4137,-0.20005,0.50000,1
4138,-0.27999,0.50000,1
4139,-0.24543,0.50000,1
4140,-0.11231,0.50000,1
4141,0.16232,0.50000,1
4142,0.22364,0.57858,1
4143,0.09248,0.50000,1
4144,-0.06465,0.91952,1
4145,0.04791,0.50000,1
4146,0.13261,0.50000,1
4147,0.18311,0.71056,1
4148,0.10806,0.65265,1
4149,-0.27326,0.54687,1
4150,0.02371,0.50488,1
4151,-0.03734,0.60598,1
4152,-0.14640,0.50000,1
4153,-0.17124,0.50000,1
4154,-0.36192,0.75455,1
4155,-0.43349,0.54949,1
4156,0.03847,0.73855,1
4157,-0.16444,0.50000,1
4158,-0.05224,0.55811,1
4159,-0.37617,0.68321,1
4160,-0.30485,0.58307,1
4161,-0.29456,0.66203,1
4162,-0.27190,0.50000,1
4163,-0.35296,0.57904,1
4164,-0.04593,0.55747,1
4165,-0.20426,0.50000,1
4166,0.04890,0.50000,1
4167,-0.54578,0.82634,1
4168,-0.26579,0.50000,1
4169,-0.07347,0.81553,1
4170,-0.24701,0.54414,1
4171,-0.13717,0.53993,1
4172,-0.12667,0.60908,1
4173,-0.31569,0.50000,1
4174,-0.01717,0.57589,1
4175,-0.12464,0.50000,1
4176,0.17257,0.50000,1
4177,0.40743,0.60504,1
4178,0.07635,0.50000,1
4179,0.49759,0.50000,1
4180,0.22237,0.52076,1
4181,0.51459,0.50000,1
4182,0.19308,0.72700,1
4183,-0.11233,0.50000,1
4184,-0.53742,0.60395,1
4185,-0.03837,0.57821,1
4186,-0.14239,0.54066,1
4187,0.07315,0.52747,1
4188,-0.39901,0.51911,1
4189,-0.27950,0.50000,1
4190,-0.12525,0.51727,1
4191,0.30318,0.52771,1
4192,-0.18167,0.50000,1
4193,-0.18040,0.50000,1
4194,-0.37021,0.50000,1
4195,-0.26866,0.50000,1
4196,0.01174,0.50000,1
4197,-0.37911,0.69702,1
4198,0.27087,0.61824,1
4199,0.10913,0.78558,1
4200,-0.21066,0.71020,1
4201,0.22498,0.56149,1
4202,-0.06162,0.63069,1
4203,0.07408,0.50101,1
4204,0.10537,0.72945,1
4205,-0.10736,0.74332,1
4206,-0.45601,0.58543,1
4207,0.62768,0.92004,1
4208,0.85506,0.54591,1
4209,-0.08973,0.58309,1
4210,0.25486,0.79120,1
4211,-0.07981,0.50000,1
4212,0.14750,0.70082,1
4213,0.56460,0.64402,1
4214,-0.03017,0.52330,1
4215,-0.34612,0.55817,1
4216,0.03168,0.50000,1
4217,0.44380,0.54836,1
4218,-0.01748,0.67393,1
4219,-0.11983,0.96791,1
4220,-0.54050,0.60011,1
4221,0.18801,0.74758,1
4222,-0.00472,0.91119,1
4223,0.02357,0.75737,1
4224,-0.36175,0.98385,1
4225,-0.03825,0.83934,1
4226,-0.17749,0.63029,1
4227,0.30043,0.73715,1
4228,0.04502,0.53987,1
4229,0.56661,0.66538,1
4230,-0.11465,1.28448,1
4231,0.46135,1.21965,1
4232,0.39009,1.07184,1
4233,0.12359,0.83263,1
4234,0.55635,0.89776,1
4235,0.18780,1.01316,1
4236,-0.16209,0.90579,1
4237,-0.30374,0.90342,1
4238,0.38441,0.83384,1
4239,0.39140,1.03598,1
4240,-0.11425,0.84561,1
4241,-0.36012,0.94107,1
4242,-0.39100,0.88847,1
4243,-0.65797,1.11817,1
4244,-0.52896,1.19337,1
4245,-0.51801,1.10225,1
4246,0.61796,1.55452,1
4247,0.04894,1.32147,1
4248,-1.11854,1.02043,1
4249,-1.52207,0.93720,1
4250,-1.43858,0.97307,1
4251,-1.30419,0.86445,1
4252,-1.68957,1.12960,1
4253,-2.51472,1.43995,1
4254,-3.49261,1.34196,1
4255,-2.28575,1.22828,1
4256,-1.66294,1.25868,1
4257,-0.53740,0.82342,1
4258,-1.13069,0.93624,1
4259,0.07117,0.71864,1
4260,0.76788,0.63344,1
4261,1.10237,0.51368,1
4262,0.60117,0.92120,1
4263,1.45468,0.69083,1
4264,0.36929,0.89535,1
4265,-0.01519,0.74284,1
4266,0.28551,0.74701,1
4267,-0.55226,0.85739,1
4268,-1.07620,0.72032,1
4269,-0.64269,0.92292,1
4270,-0.06752,0.60907,1
4271,0.30083,0.74443,1
4272,-0.19928,0.66570,1
4273,-0.17444,0.54295,1
4274,-0.18776,0.88775,1
4275,0.13850,0.81097,1
4276,0.61144,0.85655,1
4277,-0.42818,0.73171,1
4278,-0.15259,0.79741,1
4279,-0.10459,0.71640,1
4280,0.12696,0.95419,1
4281,-0.13848,0.85968,1
4282,0.76625,0.86082,1
4283,0.20108,1.07976,1
4284,0.30375,0.89088,1
4285,0.00478,1.10516,1
4286,0.01363,0.84345,1
4287,-0.17664,0.96587,1
4288,0.76377,1.18277,1
4289,0.41290,1.13848,1
4290,0.71486,1.07767,1
4291,0.11157,1.34207,1
4292,0.46494,1.00623,1
4293,-0.11078,0.84036,1
4294,-0.03266,0.98403,1
4295,0.61451,0.93421,1
4296,0.07664,0.74931,1
4297,-0.41249,0.73642,1
4298,0.22456,0.92430,1
4299,0.64635,0.86897,1
4300,0.59916,0.87585,1
4301,1.34717,1.12188,1
4302,1.03594,1.36641,1
4303,0.84626,1.09100,1
4304,0.61019,1.15851,1
4305,0.04640,0.96198,1
4306,-0.51733,0.91949,1
4307,-0.41275,1.00350,1
4308,-0.05691,0.70708,1
4309,-0.62172,0.52506,1
4310,-0.60825,0.63204,1
4311,-0.32588,0.56278,1
4312,-0.36770,0.64288,1
4313,0.16021,0.67926,1
4314,0.65277,0.86369,1
4315,-0.07976,0.78588,1
4316,0.39283,0.58509,1
4317,0.27132,0.76332,1
4318,0.47202,0.71578,1
4319,0.53210,0.93076,1
4320,1.00206,1.14926,1
4321,0.45870,0.64491,1
4322,0.62666,1.06938,1
4323,0.31080,0.96253,1
4324,0.13452,0.82583,1
4325,0.22310,0.78097,1
4326,-0.13242,0.63188,1
4327,-0.25214,0.65459,1
4328,0.17089,0.58596,1
4329,0.06282,0.68415,1
4330,-0.41550,0.73406,1
4331,-0.51941,1.20453,1
4332,-0.14644,1.30762,1
4333,0.03060,0.95646,1
4334,0.19780,0.90949,1
4335,0.44239,0.64602,1
4336,0.36954,0.51205,1
4337,-0.27294,0.63477,1
4338,0.22280,0.73243,1
4339,0.44118,1.30615,1
4340,-0.21618,1.17650,1
4341,0.48327,1.07717,1
4342,0.42527,1.06155,1
4343,0.17931,0.70638,1
4344,0.23070,0.89676,1
4345,0.44187,0.76194,1
4346,0.23639,0.77176,1
4347,0.28442,0.83053,1
4348,-0.42167,0.58236,1
4349,-0.64566,0.56150,1
4350,-0.72542,0.55293,1
4351,-0.63842,0.98206,1
4352,-1.12512,1.01502,1
4353,-1.21647,0.78610,1
4354,-0.89697,0.70547,1
4355,-0.14110,0.77480,1
4356,-0.06078,0.68669,1
4357,0.15568,0.81452,1
4358,0.08403,0.68337,1
4359,0.44768,0.68272,1
4360,0.55431,0.95899,1
4361,0.30291,0.83323,1
4362,-0.09162,0.87867,1
4363,-0.46041,0.71647,1
4364,-0.14402,0.81250,1
4365,-0.49409,0.66107,1
4366,0.16046,0.69961,1
4367,-0.04453,0.76180,1
4368,-0.14715,0.81034,1
4369,-0.56981,0.60783,1
4370,0.28103,0.74820,1
4371,-0.15150,0.58154,1
4372,-0.16993,0.57538,1
4373,-0.70730,0.70387,1
4374,-0.68390,0.65475,1
4375,-0.99023,0.64656,1
4376,-0.44610,0.84535,1
4377,-0.27017,0.74537,1
4378,-0.07443,0.64958,1
4379,0.40126,0.84588,1
4380,0.22301,0.70904,1
4381,0.03682,0.89332,1
4382,0.10323,0.84642,1
4383,1.18867,0.95776,1
4384,0.31587,0.67510,1
4385,0.52508,0.57554,1
4386,-0.09278,0.64044,1
4387,0.27905,0.53242,1
4388,-0.14162,0.85306,1
4389,0.68943,0.89269,1
4390,-0.52283,1.00268,1
4391,0.10534,0.69433,1
4392,-0.35095,0.62902,1
4393,-0.60033,0.67701,1
4394,-1.34896,0.81938,1
4395,-0.40198,0.95003,1
4396,-0.21697,0.92344,1
4397,-0.09559,0.82733,1
4398,-0.44403,0.78451,1
4399,-0.31669,0.66601,1
4400,-0.37030,0.56910,1
4401,-0.25250,0.88864,1
4402,0.28011,0.94329,1
4403,-0.25963,0.99909,1
4404,0.24397,0.85454,1
4405,-0.10239,0.73984,1
4406,0.41057,1.05184,1
4407,0.45916,0.62232,1
4408,0.34068,0.76811,1
4409,0.18143,0.68241,1
4410,-0.20451,0.50000,1
4411,0.24193,0.53487,1
4412,-0.50535,0.50000,1
4413,-0.61256,0.63394,1
4414,-0.46587,0.50000,1
4415,-0.83131,0.51293,1
4416,-0.09240,0.69899,1
4417,0.00920,0.93949,1
4418,0.59866,1.20373,1
4419,0.73740,0.68997,1
4420,0.04802,0.93800,1
4421,1.42156,1.26299,1
4422,2.30015,0.89018,1
4423,1.79827,0.80174,1
4424,1.34353,0.52331,1
4425,1.58205,0.78606,1
4426,0.46339,0.62147,1
4427,1.40393,0.82655,1
4428,1.80178,0.85619,1
4429,0.53880,0.84697,1
4430,0.11908,1.08463,1
4431,0.14742,0.68746,1
4432,0.32342,0.50000,1
4433,0.24304,0.63130,1
4434,0.17348,0.50000,1
4435,0.49816,0.50000,1
4436,0.17389,0.55187,1
4437,0.14010,0.50000,1
4438,0.38570,0.50000,1
4439,-0.00918,0.50000,1
4440,-0.15674,0.50000,1
4441,-0.05704,0.77923,1
4442,-0.56274,0.54375,1
4443,-0.75130,0.56864,1
4444,-0.24580,0.51413,1
4445,-0.12114,0.50000,1
4446,0.44287,0.60797,1
4447,0.28238,0.74513,1
4448,0.22279,0.68462,1
4449,0.00912,0.50000,1
4450,0.10032,0.50000,1
4451,0.15871,0.50000,1
4452,-0.06706,0.50000,1
4453,-0.23916,0.50000,1
4454,-0.46474,0.50000,1
4455,-0.48496,0.53723,1
4456,-0.56950,0.50000,1
4457,-0.27559,0.50000,1
4458,-0.09208,0.53860,1
4459,0.36207,0.66040,1
4460,-0.04026,0.78254,1
4461,-0.05132,0.79794,1
4462,0.10981,0.50000,1
4463,0.00624,0.50000,1
4464,0.03724,0.50000,1
4465,0.48692,0.50000,1
4466,0.42830,0.75841,1
4467,-0.36695,0.62058,1
4468,-0.01450,0.82453,1
4469,-0.44649,0.50000,1
4470,-0.33018,0.50000,1
4471,-0.28172,0.70903,1
4472,0.05571,0.50000,1
4473,-0.28170,0.50000,1
4474,-0.31535,0.50000,1
4475,-0.15797,0.50000,1
4476,-0.06291,0.50000,1
4477,0.06566,0.50000,1
4478,0.26091,0.50000,1
4479,-0.61578,0.52556,1
4480,-0.24243,0.54219,1
4481,0.02145,0.50000,1
4482,0.11358,0.50000,1
4483,-0.12753,0.91200,1
4484,-0.18477,0.82428,1
4485,0.07733,1.12886,1
4486,-0.32446,0.90522,1
4487,0.61170,0.81122,1
4488,-0.01948,0.66749,1
4489,-0.05218,0.53527,1
4490,0.08894,0.59074,1
4491,-0.35911,0.56982,1
4492,-0.13000,0.50000,1
4493,0.50746,0.89709,1
4494,0.25430,0.66353,1
4495,0.27648,0.79052,1
4496,0.08483,0.61196,1
4497,-0.60033,0.83136,1
4498,0.32613,0.89754,1
4499,0.01447,0.68597,1
4500,-0.01949,0.79414,1
4501,-0.20964,0.83123,1
4502,-0.43028,0.76436,1
4503,-0.23557,0.89148,1
4504,0.61768,0.98914,1
4505,0.66112,0.96566,1
4506,-0.15856,0.84225,1
4507,0.42858,0.77430,1
4508,-0.10196,1.41097,1
4509,0.16660,0.84787,1
4510,-0.19015,0.95681,1
4511,-0.03719,0.89401,1
4512,-0.33457,1.01427,1
4513,-0.28640,0.94763,1
4514,0.00411,0.91373,1
4515,-0.30974,0.81110,1
4516,-0.24915,1.22234,1
4517,-0.13873,0.82738,1
4518,0.10627,1.30384,1
4519,0.09457,0.75310,1
4520,0.33843,0.95340,1
4521,-0.11689,0.95592,1
4522,-0.02546,0.85899,1
4523,0.27032,0.94778,1
4524,0.18197,1.06709,1
4525,0.08944,1.17680,1
4526,0.53777,0.91239,1
4527,0.39926,0.92148,1
4528,0.36014,1.18830,1
4529,0.02032,0.98343,1
4530,-0.01470,1.29028,1
4531,-0.03322,0.99824,1
4532,-0.47510,1.05241,1
4533,-0.50823,1.13065,1
4534,0.11725,0.98824,1
4535,-0.26355,1.04543,1
4536,-0.50898,1.29687,1
4537,-0.36084,1.21295,1
4538,-0.31142,1.18446,1
4539,0.11555,0.99292,1
4540,0.22059,0.88613,1
4541,-0.07193,0.92546,1
4542,0.17053,0.79932,1
4543,0.00138,0.96104,1
4544,0.04638,1.13263,1
4545,0.09482,1.03778,1
4546,0.10607,1.12295,1
4547,0.17258,1.12620,1
4548,-0.07568,1.23959,1
4549,0.58998,1.04951,1
4550,0.19709,1.05910,1
4551,0.21818,1.30497,1
4552,0.01066,0.96749,1
4553,0.31154,1.01314,1
4554,-0.34645,1.09755,1
4555,-0.15041,1.01584,1
4556,0.08266,0.88727,1
4557,-0.08154,1.09787,1
4558,-0.08231,1.04985,1
4559,0.13080,1.12902,1
4560,0.01658,0.99235,1
4561,0.37426,0.86421,1
4562,0.44521,0.82096,1
4563,0.22866,0.76600,1
4564,0.05662,0.80031,1
4565,0.04141,0.64646,1
4566,0.15369,0.66916,1
4567,0.08816,0.60353,1
4568,-0.06713,0.69609,1
4569,0.12477,0.70888,1
4570,-0.01428,0.67862,1
4571,0.12136,0.70757,1
4572,0.00911,0.71956,1
4573,-0.13603,0.68712,1
4574,-0.19621,0.72410,1
4575,0.02871,0.89926,1
4576,0.00000,1.00000,1
4577,0.00000,1.00000,1
4578,0.16166,1.02033,1
4579,0.24933,0.73198,1
4580,0.30729,0.78175,1
4581,0.33981,0.53512,1
4582,0.19581,0.52357,1
4583,0.05998,0.77684,1
4584,0.04858,0.64686,1
4585,-0.09643,0.71690,1
4586,-0.14404,0.76942,1
4587,-0.34778,0.55786,1
4588,-0.37198,0.61103,1
4589,-0.35404,0.59162,1
4590,0.07726,0.75648,1
4591,0.05565,0.76000,1
4592,0.36858,0.72617,1
4593,-0.11473,0.57462,1
4594,0.07511,0.50000,1
4595,-0.26769,0.57946,1
4596,-0.14735,0.67257,1
4597,0.02450,0.55707,1
4598,-0.16454,0.50296,1
4599,-0.27852,0.50000,1
4600,0.13620,0.57681,0
4601,0.40990,0.50000,0
4602,0.30439,0.50000,0
4603,0.21857,0.51667,0
4604,0.19275,0.50000,0
4605,-0.11401,0.57003,0
4606,-0.12959,0.66619,0
4607,-0.14597,0.52040,0
4608,-0.37803,0.50000,0
4609,-0.55053,0.50000,0
4610,-0.32925,0.50000,0
4611,-0.39993,0.50000,0
4612,-0.53523,0.50000,0
4613,-0.03843,0.52056,0
4614,0.09803,0.50000,0
4615,0.07276,0.50000,0
4616,0.38072,0.77703,0
4617,0.49839,0.50000,0
4618,0.27686,0.74577,0
4619,0.15912,0.50000,0
4620,-0.12671,0.50000,0
4621,-0.15098,0.50000,0
4622,-0.08776,0.50000,0
4623,-0.38154,0.52465,0
4624,-0.91875,0.77032,0
4625,-0.58287,0.95997,0
4626,-0.07283,0.60493,0
4627,0.27188,0.50000,0
4628,0.69386,0.56356,0
4629,0.79126,0.67509,0
4630,0.26561,0.79425,0
4631,-0.11751,0.64760,0
4632,-0.06364,0.50000,0
4633,-0.33445,0.50000,0
4634,-0.29557,0.56748,0
4635,-0.47637,0.67382,0
4636,-0.45191,0.71875,0
4637,-0.26554,0.60334,0
4638,0.16814,1.28741,0
4639,-0.34492,0.53741,0
4640,-0.35739,0.65330,0
4641,0.25342,0.65243,0
4642,-0.28530,0.50000,0
4643,-0.31213,0.50000,0
4644,-0.16937,0.50000,0
4645,-0.40154,0.54965,0
4646,-0.12919,0.55026,0
4647,0.08551,0.55923,0
4648,-0.74384,0.69803,0
4649,-0.38866,0.67138,0
4650,-0.27075,0.50000,0
4651,-0.66965,0.56014,0
4652,-0.90503,0.50000,0
4653,0.55896,0.84270,0
4654,-0.14894,0.62144,0
4655,0.03211,0.50000,0
4656,0.19477,0.50431,0
4657,0.33553,0.53782,0
4658,0.20477,0.50000,0
4659,1.12524,0.53489,0
4660,0.34058,0.96006,0
4661,-1.02021,0.74080,0
4662,0.17273,0.54963,0
4663,-0.29226,0.58842,0
4664,0.00580,0.71630,0
4665,0.20516,0.67204,0
4666,0.03656,0.50000,0
4667,-0.23607,0.54939,0
4668,0.35925,0.50000,0
4669,0.39790,0.50000,0
4670,-0.02739,0.50000,0
4671,-0.16357,0.73662,0
4672,-0.56617,0.50000,0
4673,-0.36662,0.78719,0
4674,0.02284,0.50000,0
4675,0.37781,0.50000,1
4676,0.24880,0.50731,1
4677,0.38926,0.50000,1
4678,-0.22628,0.53443,1
4679,-0.48479,0.50000,1
4680,-0.43705,0.50000,1
4681,-0.25457,0.50000,1
4682,-0.59991,0.50000,1
4683,-0.71478,0.50000,1
4684,-0.62254,0.56991,1
4685,-0.30893,0.50000,1
4686,0.02313,0.52127,1
4687,-0.14654,0.50000,1
4688,-0.44872,0.68621,1
4689,1.54138,1.11348,1
4690,1.80638,0.77024,1
4691,-1.03207,0.98219,1
4692,-0.03756,0.69017,1
4693,0.11528,0.59496,1
4694,0.45616,0.67872,1
4695,0.93585,0.67727,1
4696,-0.72330,1.26773,1
4697,-1.98961,0.68051,1
4698,-0.56358,1.64874,1
4699,1.20448,0.83498,1
4700,-0.43674,0.50000,1
4701,0.45411,0.59398,1
4702,0.43727,0.54090,1
4703,0.22873,0.70500,1
4704,0.41999,0.60345,1
4705,-0.30854,0.50000,1
4706,-0.00803,0.51606,1
4707,-0.17593,0.50000,1
4708,-0.59054,0.53618,1
4709,-0.35386,0.55719,1
4710,-0.19934,0.50000,1
4711,-0.28230,0.59584,1
4712,0.11458,0.50000,1
4713,0.65170,0.50000,1
4714,0.69003,0.59922,1
4715,0.46816,0.59759,1
4716,0.44484,0.60823,1
4717,-0.06845,0.50000,1
4718,-0.56405,0.50000,1
4719,-0.21470,0.50000,1
4720,-0.25956,0.50669,1
4721,-0.65647,0.50000,1
4722,-0.05968,0.50000,1
4723,0.16879,0.88631,1
4724,0.13613,0.50000,1
4725,0.64489,0.50000,1
4726,0.52354,0.50000,1
4727,0.09968,0.50000,1
4728,0.16706,0.50000,1
4729,-0.17775,0.50000,1
4730,-0.78883,0.50000,1
4731,-0.32104,0.50000,1
4732,-0.18151,0.50000,1
4733,-0.21967,0.50000,1
4734,0.04126,0.50000,1
4735,0.07199,0.54782,1
4736,-0.74277,0.50000,1
4737,-0.32986,0.50000,1
4738,0.37613,0.50000,1
4739,0.32528,0.50000,1
4740,0.18839,0.61497,1
4741,1.21328,0.74360,1
4742,0.62189,0.76257,1
4743,-0.24374,0.50000,1
4744,0.40657,0.50000,1
4745,-0.39975,0.71601,1
4746,-1.00751,0.98698,1
4747,-0.06860,0.94340,1
4748,-0.29362,0.87419,1
4749,-0.51821,0.54741,1
4750,0.01336,0.51110,1
4751,0.20635,0.55792,1
4752,0.08118,0.55396,1
4753,1.07319,0.94524,1
4754,1.51239,0.76664,1
4755,0.15860,0.59603,1
4756,-0.01284,0.50000,1
4757,0.16391,0.58105,1
4758,0.03603,0.59128,1
4759,0.15578,0.73932,1
4760,0.46664,0.65987,1
4761,-0.59835,0.50000,1
4762,-0.83705,0.65859,1
4763,-0.37665,0.80332,1
4764,0.25189,0.93797,1
4765,0.57331,0.81737,1
4766,0.04380,0.72108,1
4767,0.26468,0.65904,1
4768,0.22075,0.59359,1
4769,0.59876,0.65446,1
4770,0.48998,0.58260,1
4771,0.12792,0.96441,1
4772,-0.50443,0.66471,1
4773,-0.76813,0.85665,1
4774,-0.80371,0.69913,1
4775,-1.36382,0.50000,1
4776,-1.12916,0.70756,1
4777,-0.77441,0.96627,1
4778,-0.48949,0.64863,1
4779,-1.18146,0.51064,1
4780,0.15296,0.63221,1
4781,0.08242,0.57105,1
4782,0.35124,0.74653,1
4783,0.28596,0.62856,1
4784,0.41296,0.70082,1
4785,-0.48009,0.87754,1
4786,0.26773,0.70060,1
4787,-1.45673,1.07587,1
4788,-0.80163,0.79884,1
4789,-1.68610,1.09153,1
4790,-1.02367,1.12151,1
4791,-0.37811,0.87624,1
4792,-0.19055,0.78560,1
4793,-0.02534,0.72226,1
4794,-0.22566,0.61562,1
4795,0.01338,0.84268,1
4796,0.18732,0.96041,1
4797,0.80861,0.75526,1
4798,-0.37861,0.94995,1
4799,-0.64744,0.75619,1
4800,-0.43506,0.69146,1
4801,-0.98909,0.88927,1
4802,-1.41506,0.71694,1
4803,0.45906,1.20560,1
4804,0.94933,0.67454,1
4805,1.03232,0.86458,1
4806,1.49968,0.73671,1
4807,1.96113,0.69966,1
4808,1.50036,0.59889,1
4809,2.81744,0.91551,1
4810,2.53685,1.30767,1
4811,0.53257,0.70501,1
4812,1.42150,0.91084,1
4813,0.01183,1.08400,1
4814,0.09739,0.74383,1
4815,-0.82384,0.95340,1
4816,0.71719,0.69355,1
4817,0.31097,0.55685,1
4818,1.14836,0.50000,1
4819,0.58410,0.50000,1
4820,0.76806,0.50000,1
4821,0.70822,0.69642,1
4822,0.93537,0.50434,1
4823,0.42871,0.99340,1
4824,-0.32473,0.57691,1
4825,-0.00375,0.51120,1
4826,-0.48803,0.64534,1
4827,-0.40523,0.50000,1
4828,-0.20108,0.50000,1
4829,0.03188,0.63864,1
4830,0.28603,0.50000,1
4831,0.48975,0.50000,1
4832,0.10899,0.50000,1
4833,0.06622,0.50000,1
4834,-0.06271,0.50000,1
4835,-0.21622,0.50000,1
4836,-0.38527,0.50000,1
4837,-0.75174,0.50000,1
4838,-0.58336,0.53778,1
4839,-1.57217,0.87619,1
4840,-1.59475,0.97707,1
4841,0.61374,0.50000,1
4842,-0.03696,0.53178,1
4843,1.50207,0.56761,1
4844,1.45764,0.50000,1
4845,1.15159,0.50000,1
4846,1.38374,0.73637,1
4847,2.88959,0.61309,1
4848,1.25720,0.98565,1
4849,0.70912,0.52147,1
4850,-0.31343,0.65024,1
4851,-1.60815,0.93946,1
4852,-0.77738,0.71236,1
4853,-0.25184,0.77787,1
4854,-0.17328,0.63421,1
4855,-0.48439,0.57406,1
4856,0.07886,0.50000,1
4857,0.18808,0.50000,1
4858,1.25397,0.71340,1
4859,1.10368,0.64325,1
4860,0.56856,0.70796,1
4861,0.04234,0.73197,1
4862,-0.33786,0.50000,1
4863,-0.24317,0.74026,1
4864,-1.25737,0.51625,1
4865,-0.48023,1.01123,1
4866,-0.10858,0.58873,1
4867,0.30293,0.52143,1
4868,0.65790,0.86025,1
4869,0.43073,1.00085,1
4870,1.32732,1.05594,1
4871,0.76698,0.61711,1
4872,1.68704,0.69114,1
4873,0.60973,1.24786,1
4874,1.16918,0.94392,1
4875,1.47081,0.61147,1
4876,0.46674,0.91701,1
4877,-0.56768,0.50743,1
4878,0.57148,0.69833,1
4879,0.99369,0.73382,1
4880,0.50248,0.55341,1
4881,0.95325,0.63849,1
4882,-0.42572,0.80088,1
4883,-0.66467,0.50636,1
4884,0.93195,0.60348,1
4885,0.77164,0.62523,1
4886,0.16491,0.50000,1
4887,0.15435,0.53542,1
4888,-0.05469,0.63334,1
4889,-0.07989,0.73453,1
4890,0.58961,0.67590,1
4891,0.68304,0.61239,1
4892,1.37765,0.51493,1
4893,0.87864,0.63900,1
4894,1.09013,0.50000,1
4895,0.46877,0.66556,1
4896,0.69900,0.59888,1
4897,1.18402,0.65758,1
4898,1.14266,0.50000,1
4899,0.36199,0.63655,1
4900,-0.03619,0.50000,1
4901,-0.19531,0.69439,1
4902,-0.39824,0.75750,1
4903,0.25133,0.55793,1
4904,0.60752,0.50000,1
4905,0.53974,0.50000,1
4906,0.32573,0.50000,1
4907,0.41822,0.50000,1
4908,0.36668,0.91298,1
4909,0.83611,0.52761,1
4910,1.34909,0.60677,1
4911,1.18580,0.61861,1
4912,0.25760,0.61598,1
4913,-0.78747,0.62713,1
4914,-1.57845,0.67583,1
4915,-1.16591,0.66099,1
4916,-0.27043,0.55663,1
4917,-0.24644,0.50000,1
4918,-0.24572,0.58667,1
4919,-0.12336,0.50000,1
4920,0.66564,0.60268,1
4921,1.60726,0.59529,1
4922,2.79952,0.60650,1
4923,1.76652,0.84822,1
4924,0.70758,0.59030,1
4925,0.93289,0.50000,0
4926,0.82697,0.50000,0
4927,1.01974,0.77013,0
4928,0.96898,0.50000,0
4929,1.80285,0.97895,0
4930,2.04702,1.00705,0
4931,0.36722,0.84762,0
4932,0.12287,0.74573,0
4933,-0.07562,0.61432,0
4934,0.48634,0.67936,0
4935,0.46749,0.64360,0
4936,-0.34350,1.00687,0
4937,-1.30674,0.66643,0
4938,0.51566,1.27602,0
4939,1.58888,0.89764,0
4940,1.16726,0.91173,0
4941,0.88900,0.80495,0
4942,0.37064,0.81194,0
4943,0.39237,1.08804,0
4944,0.13474,1.00971,0
4945,-0.13689,1.17381,0
4946,-0.19424,1.11223,0
4947,-0.24087,0.93381,0
4948,-0.08739,0.96016,0
4949,-0.20090,1.08782,0
4950,-0.39153,0.84899,0
4951,0.17780,1.03334,0
4952,0.05329,0.99256,0
4953,0.34678,0.98149,0
4954,0.29601,1.06782,0
4955,0.21980,1.27239,0
4956,0.11938,1.32888,0
4957,0.41415,1.08712,0
4958,0.17757,1.29264,0
4959,-0.08160,1.15036,0
4960,-0.01551,1.13592,0
4961,0.10528,1.10475,0
4962,0.33368,1.22239,0
4963,0.07618,1.06313,0
4964,-0.17356,1.14773,0
4965,-0.10953,1.41253,0
4966,0.00886,1.28308,0
4967,-0.29322,1.25835,0
4968,-0.37038,1.19333,0
4969,-0.01834,1.09208,0
4970,0.05620,1.22857,0
4971,0.00382,1.09112,0
4972,0.02694,1.18700,0
4973,0.61012,1.33150,0
4974,0.20906,1.14434,0
4975,0.28477,0.98632,0
4976,0.02199,0.97221,0
4977,0.12306,0.99499,0
4978,0.26103,1.06409,0
4979,0.07025,1.10929,0
4980,-0.02939,0.92731,0
4981,0.10810,1.01481,0
4982,-0.04310,0.75932,0
4983,0.07642,0.62335,0
4984,-0.02715,0.59404,0
4985,-0.02785,0.64183,0
4986,-0.14816,0.50000,0
4987,-0.10539,0.52953,0
4988,0.25412,0.87667,0
4989,0.40751,0.90976,0
4990,-0.28414,0.56410,0
4991,-0.15443,0.76113,0
4992,-0.08251,0.79383,0
4993,0.02168,0.61377,0
4994,0.03299,0.57579,0
4995,-0.02226,0.93624,0
4996,-0.46869,1.10275,0
4997,0.00000,1.00000,0
4998,-0.13557,1.29444,0
4999,0.33736,0.78217,0
5000,0.13019,0.70351,0
5001,0.27878,0.84550,0
5002,0.08928,0.71452,0
5003,-0.10205,0.79226,0
5004,-0.02792,0.68734,0
5005,-0.02414,0.61900,0
5006,0.02027,0.73290,0
5007,-0.08531,0.77065,0
5008,-0.13904,0.70687,0
5009,-0.20352,0.70333,0
5010,-0.09522,0.58604,0
5011,-0.19437,0.50000,0
5012,-0.03736,0.54219,0
5013,0.17900,0.60256,0
5014,0.33124,0.50866,0
5015,0.09869,0.51300,0
5016,-0.15786,0.50000,0
5017,0.01752,0.50000,0
5018,0.17703,0.50000,0
5019,0.20098,0.50000,0
5020,0.17253,0.59102,0
5021,-0.39239,0.55869,0
5022,-0.58704,0.52692,0
5023,-0.39688,0.61654,0
5024,0.00223,0.61937,0
5025,-0.18132,0.59150,0
5026,-0.18126,0.50000,0
5027,-0.52114,0.50000,0
5028,-0.61354,0.50000,0
5029,0.24976,0.50000,0
5030,0.19777,0.55116,0
5031,-0.15723,0.52851,0
5032,0.09794,0.50000,0
5033,0.10099,0.50000,0
5034,-0.25154,0.58372,0
5035,-0.22428,0.68986,0
5036,0.31948,0.57088,0
5037,0.01894,0.50897,0
5038,-0.23468,0.50000,0
5039,-0.16443,0.65209,0
5040,-0.38142,0.50000,0
5041,-0.28935,0.50000,0
5042,0.29707,0.50000,0
5043,-0.24863,0.84639,0
5044,-0.29951,0.50000,0
5045,-0.13973,0.50000,0
5046,-0.05426,0.60388,0
5047,-0.81811,0.50000,0
5048,-0.23249,0.62860,0
5049,0.13094,0.65085,0
5050,0.40734,0.50000,0
5051,0.25448,0.50000,0
5052,0.26449,0.53655,0
5053,-0.07424,0.50000,0
5054,0.30392,0.91901,0
5055,1.02406,0.55197,0
5056,-0.14038,0.58076,0
5057,0.09330,0.50000,0
5058,-0.18585,0.50000,0
5059,-0.44766,0.96472,0
5060,-0.62101,0.60802,0
5061,-0.24147,0.56264,0
5062,-0.58710,0.56729,0
5063,-0.22782,0.55722,0
5064,-0.18856,0.53383,0
5065,-0.54408,0.50000,0
5066,-0.71492,0.73361,0
5067,-0.22875,0.55147,0
5068,-0.32884,0.65269,0
5069,-0.02223,0.50000,0
5070,0.31349,0.62279,0
5071,0.09967,0.59473,0
5072,-1.19364,0.50000,0
5073,0.02427,0.95877,0
5074,0.66658,0.50860,0
5075,0.45127,0.50000,0
5076,0.02600,0.59535,0
5077,-0.20113,0.55101,0
5078,-0.73351,0.53401,0
5079,0.05591,0.65332,0
5080,0.79888,0.66769,0
5081,-1.18754,0.51551,0
5082,-0.42102,0.62863,0
5083,-0.13546,0.50769,0
5084,-0.08430,0.64663,0
5085,0.17222,0.56861,0
5086,0.74229,0.50000,0
5087,-0.26243,1.49485,0
5088,-0.32077,0.50000,0
5089,-0.37805,1.91978,0
5090,-0.11365,0.50000,0
5091,0.03781,0.50000,0
5092,-0.12997,0.50000,0
5093,-0.73134,0.76020,0
5094,-0.65197,0.62896,0
5095,0.55536,0.50000,0
5096,0.19998,0.77072,0
5097,-1.24539,0.50000,0
5098,-0.31174,1.00142,0
5099,0.73534,0.51302,0
5100,0.79542,0.50000,1
5101,0.99447,0.66603,1
5102,-0.08962,0.55986,1
5103,-0.39561,0.50000,1
5104,0.59732,0.51770,1
5105,1.27308,0.50000,1
5106,-0.22889,0.94496,1
5107,-1.04082,0.71861,1
5108,0.02848,0.52077,1
5109,-0.52641,0.96304,1
5110,-0.63872,0.88747,1
5111,-0.29187,0.57464,1
5112,-0.51304,0.50000,1
5113,0.05307,0.60370,1
5114,0.29307,0.61244,1
5115,-0.14929,0.72379,1
5116,-0.23739,0.74458,1
5117,-0.09372,0.75710,1
5118,-0.32499,0.78580,1
5119,-1.11875,0.65322,1
5120,-0.33308,0.88868,1
5121,0.28924,0.75580,1
5122,-0.42131,0.50000,1
5123,-0.78134,0.72830,1
5124,-0.21746,0.89668,1
5125,0.37607,0.64359,1
5126,0.95247,0.51681,1
5127,1.02931,0.65337,1
5128,0.07154,1.02373,1
5129,-0.50144,0.58500,1
5130,-0.22511,0.82581,1
5131,-0.48730,0.81435,1
5132,-1.02634,0.55653,1
5133,0.00959,0.85971,1
5134,-0.05213,1.10997,1
5135,0.19023,0.83120,1
5136,0.27161,0.83582,1
5137,0.21281,0.83199,1
5138,0.75340,0.83578,1
5139,1.65843,0.82272,1
5140,0.61666,1.12716,1
5141,-0.21470,0.74680,1
5142,-0.08187,0.93695,1
5143,-0.80190,0.91059,1
5144,-0.66462,0.86870,1
5145,-0.10627,0.91157,1
5146,0.31225,0.75915,1
5147,0.25887,0.79849,1
5148,0.31906,0.77282,1
5149,0.08248,0.70165,1
5150,0.45110,0.69848,1
5151,0.73070,1.15437,1
5152,1.12008,0.77548,1
5153,0.46327,0.99136,1
5154,0.33729,0.91385,1
5155,0.31339,0.85082,1
5156,-0.21418,0.86436,1
5157,-0.65965,1.02176,1
5158,0.45662,0.99078,1
5159,0.32261,1.00946,1
5160,-0.02178,0.74927,1
5161,-0.57384,0.81589,1
5162,-0.38886,0.74847,1
5163,-0.38776,1.09709,1
5164,0.21318,1.07376,1
5165,0.05023,0.91829,1
5166,-0.57668,0.76310,1
5167,-0.23837,0.93235,1
5168,0.15860,0.82366,1
5169,-0.33533,0.88253,1
5170,-0.04685,0.75671,1
5171,0.25446,1.06044,1
5172,0.08805,0.96603,1
5173,0.12195,0.95221,1
5174,-0.21520,0.99037,1
5175,-0.16821,1.00501,1
5176,0.44915,0.86857,1
5177,0.14125,0.97525,1
5178,-0.22196,0.83133,1
5179,0.13845,0.98052,1
5180,0.34430,0.91040,1
5181,0.06036,1.04825,1
5182,0.31097,0.98306,1
5183,0.08064,0.96729,1
5184,-0.26109,0.96017,1
5185,-0.08225,1.16398,1
5186,0.13398,1.01026,1
5187,0.00851,1.03942,1
5188,0.14757,0.99808,1
5189,0.24949,1.06969,1
5190,-0.05692,0.97587,1
5191,-0.30426,0.91808,1
5192,-0.09333,0.92089,1
5193,0.44444,1.04188,1
5194,0.42952,0.83612,1
5195,0.07474,0.91454,1
5196,-0.35800,0.88231,1
5197,-0.28406,0.96009,1
5198,0.06410,0.92327,1
5199,0.11318,0.91121,1
5200,-0.25497,0.88414,1
5201,-0.39646,0.74220,1
5202,-0.31943,0.70697,1
5203,-0.26055,0.81847,1
5204,-0.08032,0.72442,1
5205,0.38438,0.69804,1
5206,0.38551,0.58173,1
5207,0.44146,0.64235,1
5208,0.53871,0.69884,1
5209,0.24601,0.69624,1
5210,-0.05871,0.65895,1
5211,0.25974,0.71478,1
5212,0.18305,0.78633,1
5213,-0.09899,0.73819,1
5214,-0.17409,0.69117,1
5215,-0.10397,0.82123,1
5216,-0.06630,1.08554,1
5217,0.00000,1.00000,1
5218,0.00000,1.00000,1
5219,0.11248,0.95620,1
5220,0.25528,0.76290,1
5221,0.29082,0.61720,1
5222,0.25026,0.53985,1
5223,0.11826,0.69801,1
5224,0.13235,0.71626,1
5225,0.09157,0.70686,1
5226,-0.05902,0.50869,1
5227,-0.04963,0.53532,1
5228,-0.46602,0.64696,1
5229,-0.58055,0.60316,1
5230,-0.36600,0.57318,1
5231,-0.10361,0.58263,1
5232,0.02410,0.50279,1
5233,0.01732,0.50000,1
5234,-0.08271,0.52076,1
5235,0.00304,0.68729,1
5236,0.17723,0.50000,1
5237,-0.12053,0.70980,1
5238,-0.03135,0.50000,1
5239,0.17245,0.50000,1
5240,0.23477,0.67947,1
5241,0.11296,0.50000,1
5242,0.22841,0.51977,1
5243,0.06330,0.50000,1
5244,-0.18240,0.50000,1
5245,-0.19813,0.50000,1
5246,-0.27725,0.50000,1
5247,-0.60308,0.50000,1
5248,-0.60229,0.53894,1
5249,-0.62026,0.50000,1
5250,-0.39921,0.53509,1
5251,0.25167,0.50000,1
5252,0.59921,0.50000,1
5253,0.69030,0.50000,1
5254,0.29419,0.50000,1
5255,0.28058,0.50000,1
5256,-0.00142,0.50000,1
5257,-0.06598,0.55246,1
5258,-0.37086,0.72068,1
5259,-0.39356,0.50000,1
5260,-0.47498,0.69834,1
5261,-0.01062,0.61951,1
5262,-0.14339,0.55853,1
5263,-0.01444,0.76898,1
5264,-0.10649,0.72663,1
5265,-0.13639,1.12169,1
5266,0.15097,0.95080,1
5267,-0.02346,0.95425,1
5268,0.01508,1.05876,1
5269,0.13845,1.10455,1
5270,0.09804,1.18288,1
5271,-0.09272,1.18740,1
5272,0.49055,1.43906,1
5273,0.28393,1.15389,1
5274,0.10355,1.01561,1
5275,0.22530,1.06039,1
5276,0.20612,1.11973,1
5277,-0.09243,1.11584,1
5278,0.07933,1.07256,1
5279,-0.09342,1.10834,1
5280,-0.30415,1.02173,1
5281,0.30239,1.10515,1
5282,0.18929,1.08013,1
5283,-0.17381,1.09728,1
5284,0.15172,1.32326,1
5285,-0.04929,1.08271,1
5286,-0.01725,0.86912,1
5287,0.02398,0.98994,1
5288,-0.14488,0.86207,1
5289,0.71509,1.04841,1
5290,0.59320,0.94390,1
5291,-0.79148,1.06158,1
5292,-0.35042,0.75594,1
5293,-0.10624,0.88819,1
5294,0.31502,1.06315,1
5295,0.34563,0.91717,1
5296,-0.17978,1.02497,1
5297,-0.77268,0.97256,1
5298,-0.34524,1.19274,1
5299,0.25281,0.80737,1
5300,-0.02474,0.69597,1
5301,-0.24173,0.71287,1
5302,-0.41707,1.20770,1
5303,-0.16534,0.76624,1
5304,0.06964,0.74294,1
5305,-0.06973,0.67848,1
5306,-0.11081,0.50000,1
5307,0.06417,0.57536,1
5308,0.12654,0.50297,1
5309,0.27946,0.53978,1
5310,0.21833,0.69646,1
5311,-0.00222,0.50000,1
5312,-0.19420,0.58051,1
5313,-0.22241,0.57663,1
5314,-0.12530,0.60036,1
5315,-0.15937,0.58954,1
5316,-0.00996,0.54379,1
5317,-0.00423,0.56801,1
5318,-0.24824,0.73661,1
5319,-0.00115,0.65041,1
5320,0.11568,0.57605,1
5321,-0.11178,0.65865,1
5322,-0.40165,0.91813,1
5323,-1.09328,0.76713,1
5324,-1.48772,1.03065,1
5325,-1.89033,1.46623,0
5326,-2.43992,1.70416,0
5327,-2.92048,1.62638,0
5328,-3.01689,1.70119,0
5329,-2.37283,1.44473,0
5330,-2.03536,1.74094,0
5331,-1.98649,1.71955,0
5332,-1.17393,1.29343,0
5333,-0.29760,1.32463,0
5334,-0.33563,1.23708,0
5335,0.21287,1.21997,0
5336,0.37790,1.30411,0
5337,0.26953,1.21548,0
5338,0.55897,1.19114,0
5339,0.92580,1.65663,0
5340,0.28206,1.75578,0
5341,0.58620,1.38173,0
5342,0.29229,1.49470,0
5343,0.03780,1.00685,0
5344,-0.17141,1.23251,0
5345,0.13825,1.08010,0
5346,0.38111,1.14458,0
5347,0.51412,1.31831,0
5348,0.66827,1.46171,0
5349,0.59187,1.29331,0
5350,0.59629,1.46415,0
5351,0.34560,1.89870,0
5352,0.14929,1.76540,0
5353,-0.41221,1.84631,0
5354,-0.97690,1.75331,0
5355,1.34688,2.02159,0
5356,-0.49353,2.30718,0
5357,-1.50892,2.11599,0
5358,-0.04716,2.83019,0
5359,0.48642,3.10924,0
5360,-0.28327,3.06810,0
5361,-1.29073,2.58028,0
5362,-0.62486,2.02025,0
5363,-0.02873,2.13416,0
5364,1.48572,2.30908,0
5365,3.87452,2.64110,0
5366,1.72894,2.96606,0
5367,0.72313,2.62911,0
5368,0.38330,3.10373,0
5369,-0.77080,3.80048,0
5370,-1.39274,2.37258,0
5371,-1.87625,2.42539,0
5372,-2.67350,2.27671,0
5373,-1.75510,2.73490,0
5374,-2.56596,2.31972,0
5375,-3.11375,2.23655,0
5376,-0.92084,2.38266,0
5377,0.36824,2.26153,0
5378,0.29121,2.62798,0
5379,0.84618,2.34044,0
5380,0.72703,1.89601,0
5381,0.38756,1.69122,0
5382,0.08918,1.68452,0
5383,-0.61613,1.21493,0
5384,-0.50527,1.08879,0
5385,-0.13889,1.19597,0
5386,0.16989,0.77318,0
5387,0.61042,1.73032,0
5388,-1.22418,2.26144,0
5389,-0.26248,3.13088,0
5390,-2.95849,2.74302,0
5391,0.62721,1.31636,0
5392,-0.17955,1.30764,0
5393,-0.24122,1.35797,0
5394,-0.11825,1.88752,0
5395,-0.03330,1.89596,0
5396,-0.31121,2.81387,0
5397,1.48794,2.92682,0
5398,0.06083,2.56931,0
5399,0.30435,1.37619,0
5400,1.00544,1.60340,1
5401,-0.09742,0.73318,1
5402,-0.24095,0.69346,1
5403,-0.42386,0.94051,1
5404,-0.32634,0.76144,1
5405,0.05983,1.06790,1
5406,-0.25387,0.71277,1
5407,-0.67782,0.51141,1
5408,-0.60777,0.87399,1
5409,-0.23413,0.52937,1
5410,-0.98251,1.57365,1
5411,-0.87766,2.60228,1
5412,-0.99554,2.82163,1
5413,0.89188,1.91670,1
5414,-0.08638,1.16453,1
5415,-0.37566,0.79946,1
5416,-0.26115,0.71055,1
5417,0.37074,1.35766,1
5418,-0.36729,0.91844,1
5419,0.88592,2.34230,1
5420,-1.15307,0.84643,1
5421,-1.07605,2.00083,1
5422,0.14781,1.18936,1
5423,0.05393,1.75482,1
5424,-1.95244,2.22496,1
5425,-1.15457,1.33741,1
5426,-1.35003,1.35452,1
5427,-1.09791,1.28900,1
5428,-0.74955,1.54973,1
5429,-0.34251,1.37084,1
5430,-0.32287,1.92998,1
5431,-0.03668,2.55827,1
5432,0.02327,1.93988,1
5433,-0.27951,1.43084,1
5434,-0.47604,2.03958,1
5435,-1.68373,1.78771,1
5436,-1.02300,1.48126,1
5437,-0.82160,1.71338,1
5438,0.20038,1.69681,1
5439,0.29361,1.67436,1
5440,-0.92930,1.48362,1
5441,0.40905,1.59576,1
5442,1.29366,1.39350,1
5443,1.54804,0.82258,1
5444,2.30761,0.99136,1
5445,2.32220,1.27637,1
5446,1.29352,2.14111,1
5447,1.52351,1.97808,1
5448,1.01690,1.10437,1
5449,0.58298,0.70372,1
5450,0.68211,0.68183,1
5451,0.41759,0.57131,1
5452,0.45999,0.88792,1
5453,0.55113,0.58147,1
5454,0.49626,0.81830,1
5455,0.65559,0.65181,1
5456,0.43839,0.83924,1
5457,0.23979,0.76899,1
5458,0.58222,0.60681,1
5459,0.16100,0.64339,1
5460,0.08543,1.02961,1
5461,0.19008,0.51361,1
5462,-0.31911,0.71967,1
5463,0.11791,1.09243,1
5464,-0.22406,0.70986,1
5465,-0.20870,0.85362,1
5466,-0.47414,0.82592,1
5467,-0.03793,0.95711,1
5468,-0.29957,0.63162,1
5469,-0.08745,0.69159,1
5470,-0.06510,0.68836,1
5471,-0.17393,0.53234,1
5472,0.05150,0.66777,1
5473,-0.04240,0.51293,1
5474,0.26458,0.96091,1
5475,0.00000,1.00000,1
5476,0.00000,1.00000,1
5477,0.00000,1.00000,1
5478,0.00000,1.00000,1
5479,0.00000,1.00000,1
5480,0.00000,1.00000,1
5481,0.00000,1.00000,1
5482,0.00000,1.00000,1
5483,0.00000,1.00000,1
5484,0.00000,1.00000,1
5485,0.00000,1.00000,1
5486,0.00000,1.00000,1
5487,0.00000,1.00000,1
5488,0.00000,1.00000,1
5489,0.00000,1.00000,1
5490,0.00000,1.00000,1
5491,0.00000,1.00000,1
5492,0.00000,1.00000,1
5493,0.00000,1.00000,1
5494,0.00000,1.00000,1
5495,0.00000,1.00000,1
5496,0.00000,1.00000,1
5497,0.00000,1.00000,1
5498,0.00000,1.00000,1
5499,0.00000,1.00000,1
5500,0.00000,1.00000,1
5501,0.00000,1.00000,1
5502,0.00000,1.00000,1
5503,0.00000,1.00000,1
5504,0.00000,1.00000,1
5505,0.00000,1.00000,1
5506,0.00000,1.00000,1
5507,0.00000,1.00000,1
5508,0.00000,1.00000,1
5509,0.00000,1.00000,1
5510,0.00000,1.00000,1
5511,0.00000,1.00000,1
5512,0.00000,1.00000,1
5513,0.00000,1.00000,1
5514,0.00000,1.00000,1
5515,0.00000,1.00000,1
5516,0.00000,1.00000,1
5517,0.00000,1.00000,1
5518,0.00000,1.00000,1
5519,0.00000,1.00000,1
5520,0.00000,1.00000,1
5521,0.00000,1.00000,1
5522,0.00000,1.00000,1
5523,0.00000,1.00000,1
5524,0.00000,1.00000,1
5525,0.00000,1.00000,1
5526,0.00000,1.00000,1
5527,0.00000,1.00000,1
5528,0.00000,1.00000,1
5529,0.00000,1.00000,1
5530,0.00000,1.00000,1
5531,0.00000,1.00000,1
5532,0.00000,1.00000,1
5533,0.00000,1.00000,1
5534,0.00000,1.00000,1
5535,0.00000,1.00000,1
5536,0.00000,1.00000,1
5537,0.00000,1.00000,1
5538,0.00000,1.00000,1
5539,0.00000,1.00000,1
5540,0.00000,1.00000,1
5541,0.00000,1.00000,1
5542,0.00000,1.00000,1
5543,0.00000,1.00000,1
5544,0.00000,1.00000,1
5545,0.00000,1.00000,1
5546,0.00000,1.00000,1
5547,0.00000,1.00000,1
5548,0.00000,1.00000,1
5549,0.00000,1.00000,1
5550,0.00000,1.00000,1
5551,0.00000,1.00000,1
5552,0.00000,1.00000,1
5553,0.00000,1.00000,1
5554,0.00000,1.00000,1
5555,0.00000,1.00000,1
5556,0.00000,1.00000,1
5557,0.00000,1.00000,1
5558,0.00000,1.00000,1
5559,0.00000,1.00000,1
5560,0.00000,1.00000,1
5561,0.00000,1.00000,1
5562,0.00000,1.00000,1
5563,0.00000,1.00000,1
5564,0.00000,1.00000,1
5565,0.00000,1.00000,1
5566,0.00000,1.00000,1
5567,0.00000,1.00000,1
5568,0.00000,1.00000,1
5569,0.00000,1.00000,1
5570,0.00000,1.00000,1
5571,0.00000,1.00000,1
5572,0.00000,1.00000,1
5573,0.00000,1.00000,1
5574,0.00000,1.00000,1
5575,0.00000,1.00000,1
5576,0.00000,1.00000,1
5577,0.00000,1.00000,1
5578,0.00000,1.00000,1
5579,0.00000,1.00000,1
5580,0.00000,1.00000,1
5581,0.00000,1.00000,1
5582,0.00000,1.00000,1
5583,0.00000,1.00000,1
5584,0.00000,1.00000,1
5585,0.00000,1.00000,1
5586,0.00000,1.00000,1
5587,0.00000,1.00000,1
5588,0.00000,1.00000,1
5589,0.00000,1.00000,1
5590,0.00000,1.00000,1
5591,0.00000,1.00000,1
5592,0.00000,1.00000,1
5593,0.00000,1.00000,1
5594,0.00000,1.00000,1
5595,0.00000,1.00000,1
5596,0.00000,1.00000,1
5597,0.00000,1.00000,1
5598,0.00000,1.00000,1
5599,0.00000,1.00000,1
5600,0.00000,1.00000,1
5601,0.00000,1.00000,1
5602,0.00000,1.00000,1
5603,0.00000,1.00000,1
5604,0.00000,1.00000,1
5605,0.00000,1.00000,1
5606,0.00000,1.00000,1
5607,0.00000,1.00000,1
5608,0.00000,1.00000,1
5609,0.00000,1.00000,1
5610,0.00000,1.00000,1
5611,0.00000,1.00000,1
5612,0.00000,1.00000,1
5613,0.00000,1.00000,1
5614,0.00000,1.00000,1
5615,0.00000,1.00000,1
5616,0.00000,1.00000,1
5617,0.00000,1.00000,1
5618,0.00000,1.00000,1
5619,0.00000,1.00000,1
5620,0.00000,1.00000,1
5621,0.00000,1.00000,1
5622,0.00000,1.00000,1
5623,0.00000,1.00000,1
5624,0.00000,1.00000,1
5625,0.00000,1.00000,1
5626,0.00000,1.00000,1
5627,0.00000,1.00000,1
5628,0.00000,1.00000,1
5629,0.00000,1.00000,1
5630,0.00000,1.00000,1
5631,0.00000,1.00000,1
5632,0.00000,1.00000,1
5633,0.00000,1.00000,1
5634,0.00000,1.00000,1
5635,0.00000,1.00000,1
5636,0.00000,1.00000,1
5637,-0.14748,0.74208,1
5638,-0.29317,0.56845,1
5639,-0.07994,0.67774,1
5640,0.00000,1.00000,1
5641,0.00000,1.00000,1
5642,0.00000,1.00000,1
5643,0.00000,1.00000,1
5644,0.00000,1.00000,1
5645,0.00000,1.00000,1
5646,0.08864,0.75998,1
5647,-0.11201,0.68313,1
5648,-0.03663,0.73426,1
5649,-0.21770,0.50471,1
5650,-0.06940,0.51299,1
5651,0.14013,0.63148,1
5652,-0.05209,0.50000,1
5653,-0.00005,0.62167,1
5654,-0.09630,0.55655,1
5655,-0.18275,0.53924,1
5656,-0.00669,0.53572,1
5657,0.06302,0.66317,1
5658,0.18445,0.71441,1
5659,0.25821,0.53418,1
5660,0.50852,0.52409,1
5661,0.28672,0.57363,1
5662,0.10139,0.55197,1
5663,0.11684,0.50000,1
5664,-0.55741,0.62088,1
5665,-0.19114,0.51822,1
5666,-0.05913,0.50000,1
5667,-0.34073,0.56170,1
5668,-0.29248,0.55772,1
5669,-0.00831,0.79658,1
5670,0.26725,0.77084,1
5671,0.32982,0.64737,1
5672,0.65088,0.54481,1
5673,0.02981,0.62851,1
5674,0.20092,0.50000,1
5675,0.15944,0.50000,1
5676,0.04673,0.54548,1
5677,0.07632,0.50000,1
5678,-0.17198,0.50000,1
5679,-0.08175,0.63739,1
5680,-0.24049,0.62199,1
5681,-0.23713,0.58835,1
5682,-0.15707,0.58345,1
5683,-0.34526,0.58112,1
5684,-0.12249,0.72997,1
5685,-0.00073,0.69744,1
5686,0.04541,0.74050,1
5687,0.25131,0.63781,1
5688,0.07091,0.50000,1
5689,0.05551,0.60138,1
5690,-0.11914,0.57971,1
5691,-0.20579,0.73995,1
5692,-0.14136,0.56131,1
5693,-0.15925,0.50000,1
5694,-0.01029,0.51986,1
5695,0.20234,0.56938,1
5696,0.41576,0.50000,1
5697,0.29658,0.53982,1
5698,0.42388,0.64433,1
5699,0.04333,1.14150,1
5700,-0.02943,0.68975,0
5701,-0.20504,0.77931,0
5702,-0.56941,0.80548,0
5703,-0.33524,0.96082,0
5704,-0.16011,0.69677,0
5705,0.05639,0.73418,0
5706,-0.01267,0.52828,0
5707,-0.07552,0.53210,0
5708,0.23660,0.65235,0
5709,-0.11261,0.88118,0
5710,-0.75288,1.51529,0
5711,-1.86764,2.72375,0
5712,-1.67935,2.23690,0
5713,-0.44302,0.92910,0
5714,-0.35612,0.58691,0
5715,-0.03853,0.68334,0
5716,-0.12756,1.14608,0
5717,0.39236,1.25481,0
5718,0.78613,1.04880,0
5719,0.96217,2.13251,0
5720,-0.53312,1.31466,0
5721,-0.12874,1.07226,0
5722,0.66909,1.35861,0
5723,0.71688,1.07194,0
5724,0.76654,1.18348,0
5725,0.34954,1.47427,0
5726,-1.03770,2.01970,0
5727,-0.87285,2.17834,0
5728,0.13133,2.35127,0
5729,-0.95002,2.80809,0
5730,-0.63316,2.70208,0
5731,-3.30776,2.71465,0
5732,-0.32799,1.56538,0
5733,-0.31519,1.24389,0
5734,-0.42489,1.49272,0
5735,0.90403,1.96047,0
5736,-1.20794,3.06139,0
5737,4.54619,4.70618,0
5738,1.25123,3.27754,0
5739,3.84138,4.54043,0
5740,-0.19158,1.91495,0
5741,1.55075,1.96743,0
5742,2.40822,2.95458,0
5743,1.68956,2.37029,0
5744,-0.42167,2.60009,0
5745,0.38425,3.44648,0
5746,-0.51910,2.10819,0
5747,1.77450,3.07636,0
5748,-0.42982,2.23066,0
5749,0.17364,1.76325,0
5750,-0.04052,1.45065,0
5751,-0.42990,1.05528,0
5752,0.05584,1.37434,0
5753,0.40663,1.63270,0
5754,0.39071,2.37649,0
5755,0.72999,1.92526,0
5756,-0.42836,2.49621,0
5757,-1.40520,2.19042,0
5758,0.33602,2.45858,0
5759,1.71794,2.02143,0
5760,1.22181,1.91386,0
5761,0.25497,2.00982,0
5762,0.57296,2.21681,0
5763,-1.44681,1.55863,0
5764,-0.72879,2.07221,0
5765,-0.90571,1.74595,0
5766,-1.20668,1.70985,0
5767,-0.55807,1.47017,0
5768,0.10747,1.80331,0
5769,1.91945,1.96137,0
5770,3.19374,1.87091,0
5771,1.43261,1.47457,0
5772,1.76495,1.44529,0
5773,0.84197,1.40754,0
5774,-0.01876,1.17513,0
5775,0.89727,1.12588,1
5776,0.37993,0.98991,1
5777,0.50038,1.17901,1
5778,0.10478,1.28320,1
5779,0.24673,1.43329,1
5780,-0.16546,1.26319,1
5781,-0.18311,1.28160,1
5782,0.34488,1.47430,1
5783,-0.58636,1.70916,1
5784,-0.33698,1.44982,1
5785,-0.31484,1.17561,1
5786,0.22709,1.66239,1
5787,0.26029,1.19850,1
5788,0.48174,1.30126,1
5789,-0.13564,1.59083,1
5790,-0.45718,1.26705,1
5791,-0.22946,1.16095,1
5792,-0.06386,1.41501,1
5793,-0.85683,1.68809,1
5794,-0.75066,1.46087,1
5795,-0.93538,1.64137,1
5796,-0.39876,1.12668,1
5797,-1.51964,2.04547,1
5798,-2.97409,2.41431,1
5799,-3.70879,3.01462,1
5800,-4.22034,1.73588,1
5801,-5.03955,2.15266,1
5802,-5.47015,1.53188,1
5803,-5.69826,2.11937,1
5804,-5.12237,1.98245,1
5805,-2.57245,1.82939,1
5806,-1.52723,1.18046,1
5807,-1.41482,1.21888,1
5808,-1.52053,1.15434,1
5809,0.11445,1.20290,1
5810,0.36681,0.50000,1
5811,0.60539,0.50000,1
5812,0.24692,0.50000,1
5813,-0.05249,0.50000,1
5814,-0.04105,0.58567,1
5815,-0.30937,0.50000,1
5816,-0.30438,0.50000,1
5817,-0.21429,0.50000,1
5818,-0.04730,0.50000,1
5819,-0.20596,0.56146,1
5820,0.05363,0.50000,1
5821,-0.20445,0.67338,1
5822,0.14991,0.53105,1
5823,0.01787,0.50000,1
5824,0.02643,0.50000,1
5825,-0.19072,0.50000,1
5826,-0.10751,0.50796,1
5827,0.13898,0.50744,1
5828,-0.06676,0.83920,1
5829,-0.27352,0.78032,1
5830,-0.19237,0.64859,1
5831,0.00905,0.77731,1
5832,0.52852,0.75181,1
5833,-0.00584,0.96590,1
5834,0.16331,1.03258,1
5835,0.24872,1.21858,1
5836,0.16163,1.28497,1
5837,0.27293,1.13914,1
5838,-0.41023,0.84724,1
5839,-0.78629,1.46925,1
5840,-0.53956,1.48033,1
5841,-0.23362,1.58143,1
5842,-0.37109,1.35415,1
5843,-0.05104,1.31760,1
5844,0.17584,1.19333,1
5845,0.07251,1.21454,1
5846,-0.02950,1.20372,1
5847,0.12112,1.26682,1
5848,-0.29011,1.27766,1
5849,-0.30706,0.92859,1
5850,-0.11015,1.18233,0
5851,-0.16852,1.07726,0
5852,-0.02382,1.11060,0
5853,-0.14356,1.07899,0
5854,0.11728,0.80313,0
5855,0.09826,0.77439,0
5856,-0.14709,0.78460,0
5857,-0.02230,0.66678,0
5858,0.15390,0.75012,0
5859,-0.05930,0.59028,0
5860,-0.17736,0.75498,0
5861,-0.23682,0.73664,0
5862,-0.17356,0.71769,0
5863,-0.09171,0.62731,0
5864,0.20406,0.66434,0
5865,0.25426,0.59934,0
5866,0.11573,0.53641,0
5867,0.21921,0.62146,0
5868,0.09564,0.67157,0
5869,0.36845,0.83997,0
5870,0.00000,1.00000,0
5871,0.00000,1.00000,0
5872,-0.10019,0.94408,0
5873,0.00851,0.77500,0
5874,-0.14840,0.65167,0
5875,-0.13453,0.60660,0
5876,-0.02764,0.63750,0
5877,-0.16969,0.58030,0
5878,0.05422,0.58285,0
5879,0.01938,0.60513,0
5880,-0.15797,0.56903,0
5881,0.10947,0.62933,0
5882,0.29718,0.51456,0
5883,0.10512,0.50000,0
5884,0.18025,0.50000,0
5885,0.10810,0.52048,0
5886,-0.14305,0.50000,0
5887,0.16190,0.56455,0
5888,0.27251,0.51315,0
5889,-0.02757,0.54660,0
5890,-0.26410,0.50000,0
5891,-0.18821,0.64051,0
5892,-0.42342,0.54944,0
5893,-0.57300,0.55042,0
5894,-0.09924,0.50893,0
5895,-0.04239,0.50000,0
5896,0.06066,0.50000,0
5897,-0.07458,0.50000,0
5898,-0.06404,0.50000,0
5899,0.10965,0.53788,0
5900,0.61362,0.50779,0
5901,0.40093,0.63894,0
5902,-0.05361,0.50000,0
5903,-0.07438,0.50000,0
5904,-0.17222,0.55517,0
5905,-0.28293,0.50812,0
5906,-0.25773,0.58711,0
5907,-0.40216,0.50000,0
5908,-0.10643,0.50000,0
5909,-0.03384,0.50000,0
5910,-0.07512,0.50000,0
5911,0.07664,0.50000,0
5912,0.39112,0.69575,0
5913,0.31137,0.55886,0
5914,-0.26549,0.79882,0
5915,-0.28248,0.50000,0
5916,-0.50376,0.51201,0
5917,-0.31065,0.50000,0
5918,-0.31093,0.51974,0
5919,-0.65149,0.50161,0
5920,-0.54408,0.55106,0
5921,-0.48727,0.50000,0
5922,-0.25097,0.50000,0
5923,0.14891,0.60077,0
5924,0.40508,0.65104,0
5925,0.73998,0.57323,0
5926,0.25842,0.75389,0
5927,0.26161,0.58433,0
5928,0.06223,0.50000,0
5929,0.05433,0.57808,0
5930,-0.25235,0.59272,0
5931,-0.58846,0.54389,0
5932,-0.59473,0.50000,0
5933,-0.39901,0.53584,0
5934,0.25924,0.54552,0
5935,0.04032,0.56057,0
5936,0.11196,0.50000,0
5937,0.03556,0.65224,0
5938,-0.08503,0.64728,0
5939,-0.18558,0.71182,0
5940,-0.86300,0.51485,0
5941,-0.22688,0.71506,0
5942,-0.58501,0.50000,0
5943,-0.38277,0.50000,0
5944,-0.59444,0.50000,0
5945,-0.27132,0.50000,0
5946,-0.16163,0.50000,0
5947,0.27955,0.58026,0
5948,-0.02846,0.53967,0
5949,-0.75289,0.68799,0
5950,-0.25228,0.54146,0
5951,-0.27176,1.02849,0
5952,1.07975,0.73141,0
5953,1.37089,0.72238,0
5954,-0.43899,0.69115,0
5955,-0.90984,0.72614,0
5956,-0.19147,0.50000,0
5957,0.01208,0.50000,0
5958,0.43740,0.52215,0
5959,-0.91204,0.75658,0
5960,-1.55936,0.91478,0
5961,-0.55900,1.09016,0
5962,0.49108,0.50000,0
5963,0.43817,0.50000,0
5964,0.54112,0.56139,0
5965,0.03231,0.55780,0
5966,0.16574,0.60302,0
5967,0.65342,0.50000,0
5968,-0.11179,0.50000,0
5969,-0.09304,0.50000,0
5970,0.24317,0.50000,0
5971,0.24879,0.58278,0
5972,-0.07447,0.54881,0
5973,-0.32242,0.51428,0
5974,-0.14209,0.58088,0
5975,0.25986,0.50000,0
5976,0.26094,0.67001,0
5977,-0.72325,0.50000,0
5978,-0.44290,0.92786,0
5979,0.06683,0.59713,0
5980,0.08380,0.54019,0
5981,0.08384,0.50000,0
5982,-0.02293,0.50000,0
5983,-0.08790,0.50000,0
5984,0.19390,0.63718,0
5985,0.44254,0.56725,0
5986,0.42339,0.64787,0
5987,0.45931,0.65050,0
5988,0.61563,0.50676,0
5989,-0.54968,0.72430,0
5990,-1.50307,0.90331,0
5991,-0.39287,0.71953,0
5992,0.34848,0.65534,0
5993,-0.16243,0.97907,0
5994,-0.29051,0.87622,0
5995,-0.51945,0.80043,0
5996,-0.03001,0.93482,0
5997,1.12893,0.90584,0
5998,0.39964,1.04079,0
5999,-0.32357,0.58287,0
6000,0.39326,0.82807,0
6001,-0.44694,0.78418,0
6002,-0.49431,0.63788,0
6003,-0.80730,0.71697,0
6004,0.10109,0.71274,0
6005,0.19558,0.76011,0
6006,0.44438,0.84505,0
6007,0.34729,0.85954,0
6008,-0.15155,0.76300,0
6009,-0.29257,0.69802,0
6010,0.59338,0.65627,0
6011,0.21817,0.84559,0
6012,0.09765,1.08799,0
6013,-0.37011,0.97854,0
6014,-0.58837,0.64204,0
6015,-0.25536,0.82402,0
6016,-0.28829,0.94954,0
6017,0.26929,0.87813,0
6018,0.09272,0.82550,0
6019,0.16991,0.63761,0
6020,-0.42830,0.96054,0
6021,0.18572,0.99230,0
6022,0.29726,0.95377,0
6023,0.28240,1.15801,0
6024,-0.39664,0.89135,0
6025,-0.06577,0.89029,1
6026,0.36021,0.92651,1
6027,0.05382,1.08012,1
6028,-0.12153,1.06528,1
6029,-0.62511,0.98200,1
6030,0.01756,1.01918,1
6031,0.11582,0.94627,1
6032,0.73096,0.77847,1
6033,-0.04259,1.10466,1
6034,-0.24072,1.24335,1
6035,-0.15939,1.02739,1
6036,-0.28276,1.21767,1
6037,-0.13879,1.31262,1
6038,0.23434,1.10375,1
6039,0.23793,1.14651,1
6040,0.01775,1.14797,1
6041,0.18498,1.10077,1
6042,-0.03730,1.00260,1
6043,-0.19604,1.21591,1
6044,0.26780,1.35629,1
6045,0.31438,1.16083,1
6046,0.30615,1.54724,1
6047,-0.17985,1.29141,1
6048,-0.32588,1.31113,1
6049,-0.47634,1.31221,1
6050,-0.19872,1.26437,1
6051,0.35987,0.98092,1
6052,0.11482,1.02616,1
6053,0.36056,1.14861,1
6054,-0.14914,1.07393,1
6055,0.28694,1.07035,1
6056,-0.05845,1.13579,1
6057,0.57895,1.25819,1
6058,-0.03112,1.01971,1
6059,-0.02244,1.19500,1
6060,0.15964,1.27118,1
6061,-0.43361,0.98507,1
6062,-0.05026,0.92891,1
6063,-0.02691,0.99946,1
6064,-0.00751,0.95623,1
6065,0.16671,0.92567,1
6066,-0.09761,1.18455,1
6067,0.12457,0.99526,1
6068,-0.01413,0.81491,1
6069,0.47439,0.69312,1
6070,0.01073,0.72112,1
6071,-0.05690,0.66735,1
6072,0.07183,0.62206,1
6073,-0.00632,0.55530,1
6074,-0.28118,0.54789,1
6075,0.00888,0.61094,1
6076,0.08403,0.70539,1
6077,0.16021,0.60909,1
6078,-0.07689,0.78836,1
6079,-0.05962,0.71665,1
6080,0.05555,0.65248,1
6081,0.06204,0.72637,1
6082,0.15844,0.97388,1
6083,0.00000,1.00000,1
6084,0.00000,1.00000,1
6085,0.13115,0.95273,1
6086,-0.04788,0.76708,1
6087,0.03114,0.74719,1
6088,0.02543,1.02568,1
6089,0.15195,0.75292,1
6090,0.04058,0.74384,1
6091,-0.02401,0.52097,1
6092,-0.04967,0.67456,1
6093,-0.08368,0.54844,1
6094,0.31581,0.54841,1
6095,0.35713,0.61196,1
6096,-0.23757,0.61709,1
6097,-0.14343,0.54270,1
6098,-0.05569,0.57289,1
6099,-0.06530,0.53514,1
6100,0.00041,0.50000,0
6101,0.00699,0.50000,0
6102,-0.07004,0.50000,0
6103,0.03285,0.74251,0
6104,-0.14563,0.50000,0
6105,0.00193,0.53984,0
6106,0.06568,0.56488,0
6107,0.10928,0.56637,0
6108,-0.01385,0.50000,0
6109,-0.14551,0.51045,0
6110,0.07576,0.50000,0
6111,-0.10054,0.50000,0
6112,0.05988,0.50000,0
6113,-0.03815,0.68651,0
6114,-0.15948,0.50000,0
6115,-0.25714,0.50000,0
6116,-0.18769,0.61969,0
6117,-0.05969,0.50000,0
6118,-0.46635,0.50000,0
6119,-0.38903,0.50000,0
6120,-0.39677,0.50000,0
6121,-0.52346,0.56039,0
6122,-0.05876,0.50000,0
6123,-0.05858,0.50000,0
6124,-0.22687,0.50000,0
6125,0.28963,0.54480,0
6126,0.29730,0.59036,0
6127,-0.12800,0.62155,0
6128,-0.04689,0.53625,0
6129,-0.16946,0.51264,0
6130,-0.23370,0.50000,0
6131,0.14027,0.51503,0
6132,0.28978,0.53047,0
6133,0.10236,0.50000,0
6134,-0.27365,0.69798,0
6135,0.28317,0.50000,0
6136,0.38222,0.50000,0
6137,0.15078,0.50000,0
6138,-0.02238,0.65177,0
6139,-0.12352,0.54595,0
6140,-0.72239,0.60873,0
6141,-0.13048,0.83085,0
6142,0.23995,0.88995,0
6143,-0.57270,0.53258,0
6144,-0.14995,0.71604,0
6145,-0.18686,0.50403,0
6146,-0.10594,0.87776,0
6147,-0.32292,0.50000,0
6148,-0.22980,0.50000,0
6149,-0.28935,0.50000,0
6150,-0.11060,0.50000,0
6151,0.31286,0.50638,0
6152,-0.00580,0.82452,0
6153,-0.22952,0.50000,0
6154,-0.35217,0.71569,0
6155,-0.03653,0.61661,0
6156,0.29867,0.50000,0
6157,0.10876,0.74024,0
6158,-0.13978,0.50000,0
6159,-0.25925,0.50000,0
6160,0.25850,0.50000,0
6161,0.02446,0.50000,0
6162,-0.13709,0.50000,0
6163,-0.47847,0.50000,0
6164,-0.18138,0.50000,0
6165,-0.43981,0.69600,0
6166,0.15038,0.64202,0
6167,-0.32558,0.81787,0
6168,-0.16922,0.77902,0
6169,0.27618,0.81622,0
6170,0.30786,0.74762,0
6171,0.15093,0.97332,0
6172,-0.18573,0.69533,0
6173,-0.15669,0.50000,0
6174,0.12281,0.50000,0
6175,0.05378,0.62954,0
6176,0.01660,0.59138,0
6177,0.15407,0.83733,0
6178,0.23426,0.77137,0
6179,-0.41754,0.75523,0
6180,-0.53380,0.63857,0
6181,-0.32288,0.70339,0
6182,-0.64436,0.61203,0
6183,-0.46907,0.68836,0
6184,-0.20972,1.02631,0
6185,-0.02532,0.65440,0
6186,0.18731,0.70034,0
6187,0.69956,0.91459,0
6188,0.64587,0.79887,0
6189,0.68494,0.66105,0
6190,0.37829,1.24622,0
6191,0.40646,2.59871,0
6192,1.39114,1.23059,0
6193,-0.98319,1.33800,0
6194,-1.29208,1.16189,0
6195,-1.59263,1.12311,0
6196,-1.31799,0.85230,0
6197,-1.67315,0.98675,0
6198,-1.23630,1.47980,0
6199,-2.08212,1.19740,0
6200,-1.31496,1.31121,0
6201,-0.09416,0.85909,0
6202,-0.25443,0.95537,0
6203,0.06713,0.90019,0
6204,-0.40795,0.88847,0
6205,-0.21624,0.81353,0
6206,-0.15710,1.01267,0
6207,-0.29979,0.87964,0
6208,-0.46635,0.55026,0
6209,-0.46757,0.64700,0
6210,-0.24634,0.52074,0
6211,0.07317,0.56343,0
6212,0.39980,0.61915,0
6213,-0.12972,0.51008,0
6214,0.11260,0.50000,0
6215,-0.44116,0.61516,0
6216,0.06372,0.65118,0
6217,-0.92555,0.79558,0
6218,-0.27535,0.67555,0
6219,-1.31369,0.50106,0
6220,-0.70975,0.70273,0
6221,-0.54113,0.72983,0
6222,-0.50365,0.83947,0
6223,-0.45333,0.74841,0
6224,-0.45312,0.65487,0
6225,0.40166,0.50000,1
6226,0.07070,0.60186,1
6227,0.67893,0.50000,1
6228,-0.32336,0.50000,1
6229,-0.73351,0.50000,1
6230,0.30484,0.56813,1
6231,-0.23667,0.59717,1
6232,-0.53623,0.63503,1
6233,-0.13543,0.50000,1
6234,-0.20635,0.50000,1
6235,0.18886,0.50798,1
6236,0.23205,0.58971,1
6237,0.54665,0.66009,1
6238,-0.06054,0.64480,1
6239,0.16019,0.57999,1
6240,-0.39833,0.50000,1
6241,-0.49736,0.72638,1
6242,-1.16325,0.63663,1
6243,-0.42376,0.57632,1
6244,-0.74127,0.69350,1
6245,-0.43693,0.83886,1
6246,-0.46515,0.84713,1
6247,-0.07579,0.72212,1
6248,-0.02808,0.79009,1
6249,0.33078,0.63968,1
6250,0.34754,0.68466,1
6251,0.09550,0.58526,1
6252,0.48994,0.50000,1
6253,0.20643,0.54688,1
6254,-0.04546,0.63684,1
6255,-0.78217,0.58939,1
6256,0.15992,0.59024,1
6257,-1.08470,0.63312,1
6258,-0.48875,0.50000,1
6259,-0.70844,0.50000,1
6260,-0.65808,0.50000,1
6261,-0.41618,0.52036,1
6262,-0.14591,0.50000,1
6263,-0.29025,0.52991,1
6264,-0.49502,0.52186,1
6265,-0.31328,0.64695,1
6266,-1.36490,0.89944,1
6267,-2.28639,1.04737,1
6268,-0.44760,1.09982,1
6269,0.05028,0.81956,1
6270,0.01277,0.80687,1
6271,-0.32407,0.63284,1
6272,-0.24615,0.73848,1
6273,0.63944,1.22257,1
6274,1.93664,1.30255,1
6275,1.95183,1.57976,1
6276,-0.00372,1.05076,1
6277,0.87378,0.71825,1
6278,-0.41760,0.83825,1
6279,-1.10991,0.57509,1
6280,-0.50053,0.93997,1
6281,-0.58913,0.96330,1
6282,-0.48975,0.62589,1
6283,-0.57462,0.50000,1
6284,-0.76857,0.50000,1
6285,-0.48626,0.50000,1
6286,0.11122,0.78743,1
6287,0.05060,0.63920,1
6288,-0.91391,0.62377,1
6289,-0.58348,0.58172,1
6290,-0.52045,0.53066,1
6291,-0.29356,0.62205,1
6292,-0.11683,0.72789,1
6293,-0.38802,0.61082,1
6294,-0.62318,0.63832,1
6295,0.12618,0.64506,1
6296,0.46202,0.67328,1
6297,0.15000,0.50000,1
6298,-0.04380,0.61535,1
6299,-0.11909,0.69225,1
6300,0.21127,0.76026,1
6301,0.39931,0.80091,1
6302,0.08313,0.60538,1
6303,-0.41525,0.89992,1
6304,-0.22798,1.04574,1
6305,-0.16086,0.69255,1
6306,-0.31019,0.50000,1
6307,-0.11776,0.50000,1
6308,-0.39324,0.51417,1
6309,-0.51800,0.60581,1
6310,-0.24517,0.80720,1
6311,-0.20763,0.80270,1
6312,-0.04967,0.57048,1
6313,-0.33585,0.53780,1
6314,-0.04719,0.63720,1
6315,-0.02532,0.55760,1
6316,-0.48014,0.75538,1
6317,-0.81881,0.71990,1
6318,-0.55925,0.63801,1
6319,-0.89555,0.75597,1
6320,-1.00836,0.67259,1
6321,-0.51137,0.52782,1
6322,-1.04981,0.50000,1
6323,-0.33161,0.57623,1
6324,-0.01388,0.63987,1
6325,-0.56155,0.66330,1
6326,-0.35120,0.61225,1
6327,-0.73087,0.68978,1
6328,-1.10927,0.63068,1
6329,-1.82642,0.74447,1
6330,-0.70095,1.16536,1
6331,-0.06525,0.61618,1
6332,-0.31039,0.90381,1
6333,0.95902,0.60983,1
6334,0.70129,0.64359,1
6335,0.47289,0.74267,1
6336,1.24211,0.85944,1
6337,1.00683,0.82808,1
6338,-0.13246,0.68639,1
6339,-0.06783,0.65709,1
6340,-1.34063,0.76896,1
6341,-1.11966,1.25640,1
6342,0.07814,0.89243,1
6343,-0.52392,1.03881,1
6344,-0.30431,0.98109,1
6345,0.77967,0.70363,1
6346,2.88993,1.85833,1
6347,3.79160,2.02341,1
6348,-0.89071,2.32419,1
6349,-0.71300,1.20258,1
6350,0.34073,0.92066,1
6351,-0.53321,1.40956,1
6352,0.57531,1.08361,1
6353,0.02675,2.00965,1
6354,-3.88406,0.78712,1
6355,0.45162,2.43035,1
6356,2.75191,1.09587,1
6357,0.49834,0.97663,1
6358,1.64346,1.29689,1
6359,0.63316,1.25055,1
6360,-0.22731,0.86103,1
6361,1.17123,0.88194,1
6362,0.15999,1.21408,1
6363,-1.39256,0.82737,1
6364,0.06853,0.74194,1
6365,-0.27599,0.81728,1
6366,0.06123,0.50000,1
6367,0.32446,0.50000,1
6368,0.05535,0.50000,1
6369,0.53350,0.58377,1
6370,0.95456,0.50000,1
6371,0.22725,0.50922,1
6372,0.59544,0.66804,1
6373,0.59044,0.61631,1
6374,-0.48404,0.80771,1
6375,-0.92878,0.50907,1
6376,-0.67972,0.50000,1
6377,-1.16043,0.50000,1
6378,-0.27061,0.80650,1
6379,0.64485,0.53939,1
6380,0.01707,0.66199,1
6381,-0.11244,0.63721,1
6382,1.32702,0.50000,1
6383,0.62368,0.69980,1
6384,0.28081,0.50000,1
6385,0.44741,0.50000,1
6386,-0.04593,0.56580,1
6387,-0.80111,0.66653,1
6388,-0.37305,0.53616,1
6389,-0.14054,0.50000,1
6390,-0.40975,0.52321,1
6391,-0.04887,0.66608,1
6392,0.27442,0.50000,1
6393,0.09105,0.57473,1
6394,0.66166,0.70376,1
6395,0.89304,0.97506,1
6396,-0.25482,0.72676,1
6397,-0.54693,0.62312,1
6398,0.21435,0.72881,1
6399,-0.64872,0.67065,1
6400,-0.24014,0.94243,1
6401,0.51584,0.57409,1
6402,-0.06358,0.50000,1
6403,0.40814,0.70200,1
6404,0.70614,0.68833,1
6405,-0.20930,0.72349,1
6406,0.45862,0.50000,1
6407,0.00894,0.63279,1
6408,-0.27759,0.96623,1
6409,0.09564,0.70811,1
6410,-0.39538,0.86430,1
6411,-0.15783,0.68126,1
6412,-0.62190,0.68113,1
6413,-0.38592,0.70393,1
6414,-0.14709,0.55401,1
6415,0.13303,0.63310,1
6416,0.04784,0.70001,1
6417,0.24547,0.71199,1
6418,0.06694,0.58121,1
6419,0.52507,0.62140,1
6420,0.54275,0.91956,1
6421,0.54159,1.03134,1
6422,0.12143,0.90712,1
6423,0.10165,0.71686,1
6424,-0.54049,0.96361,1
6425,-0.48670,0.80309,1
6426,0.29322,0.78375,1
6427,0.24043,0.76237,1
6428,0.14580,0.78501,1
6429,-0.21793,0.90040,1
6430,0.03737,1.05105,1
6431,0.18253,0.85571,1
6432,0.08093,0.99967,1
6433,0.85365,1.19803,1
6434,1.17848,0.86235,1
6435,-0.10182,0.78536,1
6436,0.13572,0.74946,1
6437,0.05388,1.13382,1
6438,0.44350,1.03812,1
6439,0.25431,0.74614,1
6440,0.16602,1.17327,1
6441,-0.47661,1.17834,1
6442,-0.58997,1.11203,1
6443,-0.09124,0.79577,1
6444,0.51045,0.83881,1
6445,0.21091,0.90237,1
6446,0.00770,0.90268,1
6447,-0.40379,0.94152,1
6448,0.29646,0.96064,1
6449,0.17743,0.91991,1
6450,0.14299,0.86470,1
6451,-0.10394,0.82335,1
6452,-0.28479,0.87071,1
6453,-0.04939,1.09406,1
6454,0.66802,0.99623,1
6455,0.14272,1.13343,1
6456,0.69248,0.95980,1
6457,0.36868,0.90852,1
6458,0.49769,1.15979,1
6459,-0.09693,1.15741,1
6460,-0.31923,0.86022,1
6461,-0.49431,1.09373,1
6462,-0.26511,0.90780,1
6463,-0.29406,1.08291,1
6464,0.06787,1.00730,1
6465,0.01238,0.99988,1
6466,0.21169,0.88265,1
6467,0.25885,0.93578,1
6468,0.11006,0.76434,1
6469,0.44284,0.71289,1
6470,0.20250,0.92332,1
6471,0.16146,0.75671,1
6472,0.12964,0.99925,1
6473,0.01420,0.82633,1
6474,0.18249,0.99593,1
6475,-0.15409,0.79714,1
6476,-0.26966,0.89553,1
6477,-0.06561,0.80104,1
6478,0.10185,0.97670,1
6479,0.23475,0.73215,1
6480,-0.14446,0.91399,1
6481,0.14004,0.85138,1
6482,0.25452,0.56900,1
6483,0.00151,0.70487,1
6484,-0.11556,0.64082,1
6485,0.10948,0.58610,1
6486,-0.04261,0.56513,1
6487,0.04775,0.65661,1
6488,0.11896,0.64820,1
6489,-0.26448,0.68039,1
6490,-0.16424,0.63613,1
6491,-0.00566,0.68204,1
6492,-0.06941,0.63000,1
6493,0.04168,0.88125,1
6494,0.50599,0.71623,1
6495,0.07286,1.27874,1
6496,0.00000,1.00000,1
6497,0.00000,1.00000,1
6498,0.12585,0.90492,1
6499,0.03609,0.89989,1
6500,0.04214,0.66972,0
6501,-0.35932,0.75497,0
6502,-0.50197,0.80449,0
6503,-0.31237,0.66365,0
6504,-0.01726,0.60658,0
6505,0.06228,0.65490,0
6506,0.36464,0.60246,0
6507,0.23033,0.91742,0
6508,0.05851,0.70755,0
6509,-0.05109,0.77442,0
6510,-0.12613,0.57552,0
6511,-0.28126,0.63899,0
6512,-0.20157,0.68074,0
6513,-0.55084,0.59749,0
6514,-0.63930,0.58093,0
6515,-0.17802,0.61504,0
6516,-0.10298,0.55905,0
6517,0.06636,0.54468,0
6518,0.45070,0.54255,0
6519,0.49115,0.53903,0
6520,0.39470,0.50000,0
6521,0.17394,0.50000,0
6522,0.18683,0.50000,0
6523,-0.05026,0.50000,0
6524,-0.23501,0.50000,0
6525,-0.39520,0.56826,0
6526,-0.47881,0.50000,0
6527,-0.30403,0.50628,0
6528,-0.11883,0.50000,0
6529,-0.08268,0.50000,0
6530,-0.24139,0.50000,0
6531,-0.06304,0.50000,0
6532,0.14872,0.50000,0
6533,0.24341,0.50000,0
6534,0.11725,0.50000,0
6535,-0.19950,0.50000,0
6536,-0.28767,0.50000,0
6537,-0.41355,0.50000,0
6538,-0.03500,0.50000,0
6539,-0.30308,0.50000,0
6540,-0.33519,0.57185,0
6541,-0.20640,0.50000,0
6542,-0.47168,0.70303,0
6543,-0.03205,0.53280,0
6544,0.11867,0.58896,0
6545,-0.01619,0.50000,0
6546,0.08469,0.50934,0
6547,0.17687,0.50000,0
6548,0.09693,0.50000,0
6549,-0.19902,0.58320,0
6550,-0.27287,0.60135,0
6551,-0.32977,0.81098,0
6552,-0.01327,0.72438,0
6553,0.18069,0.67623,0
6554,-0.02205,0.59926,0
6555,0.20144,0.83761,0
6556,0.15542,0.89995,0
6557,0.00580,0.71883,0
6558,-0.15081,0.64222,0
6559,-0.66765,0.58369,0
6560,-0.30385,0.66679,0
6561,-0.25874,0.50000,0
6562,0.04607,0.61678,0
6563,-0.22681,0.59856,0
6564,-0.14512,0.57327,0
6565,-0.42914,0.72899,0
6566,-0.15280,0.50000,0
6567,0.38797,0.70602,0
6568,-0.04559,0.99270,0
6569,-1.05285,0.52562,0
6570,0.00228,0.85146,0
6571,-0.00271,0.72726,0
6572,-0.16853,0.50000,0
6573,-0.67255,0.67041,0
6574,-0.11366,0.57224,0
6575,0.04000,0.50000,0
6576,0.98528,0.68708,0
6577,0.45765,1.05455,0
6578,-0.71008,0.58263,0
6579,0.32575,0.50973,0
6580,0.07847,0.79745,0
6581,-0.28794,0.63054,0
6582,-0.31537,0.80885,0
6583,0.18489,0.64160,0
6584,0.35969,0.50000,0
6585,0.22222,0.60035,0
6586,-0.22752,0.50000,0
6587,0.13457,0.54902,0
6588,-0.15284,0.94227,0
6589,0.73686,0.76082,0
6590,0.29521,0.84076,0
6591,-0.69030,0.50000,0
6592,-0.28479,0.52758,0
6593,-1.03220,0.68823,0
6594,-1.23710,0.54100,0
6595,0.13589,0.65969,0
6596,0.30787,0.50000,0
6597,0.28099,0.50000,0
6598,0.62285,0.50000,0
6599,0.11871,0.53335,0
6600,0.30334,0.63460,0
6601,0.90008,0.90405,0
6602,0.61015,1.07259,0
6603,-0.72281,0.61427,0
6604,-0.43820,0.55722,0
6605,-0.15271,0.56366,0
6606,-0.64056,0.58045,0
6607,-0.11499,0.50000,0
6608,-0.00812,0.52045,0
6609,0.28175,0.50000,0
6610,-0.04095,0.50000,0
6611,-0.00794,0.59342,0
6612,-0.33413,0.72706,0
6613,-0.46687,0.93020,0
6614,0.03406,0.63047,0
6615,0.35098,1.26495,0
6616,-0.09134,0.65769,0
6617,-0.42998,0.50000,0
6618,-0.28563,0.50000,0
6619,-0.26907,0.50000,0
6620,0.03243,0.57702,0
6621,0.46498,0.66280,0
6622,0.02370,1.02956,0
6623,0.04346,0.91128,0
6624,0.21270,0.69172,0
6625,0.38804,0.64501,0
6626,-0.06679,0.63836,0
6627,-0.72564,0.51724,0
6628,-0.00032,0.86991,0
6629,-0.27965,0.97159,0
6630,-1.13343,0.50000,0
6631,-0.70162,0.77689,0
6632,-0.45559,0.91363,0
6633,-0.16963,0.87436,0
6634,1.03231,0.65124,0
6635,1.48397,1.04391,0
6636,-0.41530,0.73410,0
6637,0.06701,0.61518,0
6638,0.09962,0.81786,0
6639,0.07575,0.73640,0
6640,0.78573,0.74712,0
6641,-0.30313,0.66416,0
6642,-0.33220,0.51417,0
6643,0.10688,0.54860,0
6644,-0.08665,0.61913,0
6645,0.80665,0.72266,0
6646,0.36213,1.02850,0
6647,-0.32442,0.73846,0
6648,-0.04851,0.66042,0
6649,0.08730,0.57446,0
6650,-0.35412,0.59314,0
6651,0.34695,0.68313,0
6652,0.38124,0.53523,0
6653,-0.21736,0.61885,0
6654,-0.36553,0.50000,0
6655,-0.13999,0.82635,0
6656,-0.12742,0.50000,0
6657,0.28879,0.64969,0
6658,0.35702,0.68340,0
6659,-0.04891,0.77646,0
6660,0.13062,0.74320,0
6661,0.24047,0.70221,0
6662,0.70061,0.62388,0
6663,0.17781,0.63763,0
6664,-0.41600,0.74018,0
6665,0.15890,0.75071,0
6666,0.30170,0.75594,0
6667,-0.35549,0.50000,0
6668,-0.43783,0.50000,0
6669,-0.50238,0.53468,0
6670,-0.14370,0.68878,0
6671,0.33996,0.79602,0
6672,0.59906,0.92116,0
6673,-0.04031,0.84911,0
6674,-0.06547,0.65403,0
6675,-0.09291,0.70321,1
6676,-0.20596,0.69796,1
6677,-0.03847,0.77062,1
6678,0.25899,0.74876,1
6679,-0.06814,0.54018,1
6680,-0.21828,0.66371,1
6681,0.02803,0.54211,1
6682,-0.09016,0.50000,1
6683,-0.01345,0.60905,1
6684,0.51352,0.93041,1
6685,-0.33937,0.86389,1
6686,-0.22002,0.81450,1
6687,0.29529,0.63089,1
6688,0.11222,0.61663,1
6689,0.53737,0.73782,1
6690,0.57141,0.73329,1
6691,0.28823,0.67974,1
6692,-0.00420,0.55551,1
6693,-0.03743,0.74991,1
6694,0.04098,0.81458,1
6695,-0.14489,0.58262,1
6696,-0.02064,0.87436,1
6697,-0.38702,0.87659,1
6698,-0.35133,0.68079,1
6699,-0.34034,0.78473,1
6700,-0.10412,1.01808,1
6701,0.96446,1.09345,1
6702,-0.65479,1.24622,1
6703,-1.62161,1.28729,1
6704,-0.80221,0.83153,1
6705,-0.88078,0.87581,1
6706,-0.87795,0.74770,1
6707,-1.09739,0.74833,1
6708,-1.23784,0.86645,1
6709,-1.87044,1.47842,1
6710,-0.30767,1.43672,1
6711,-0.10237,0.94787,1
6712,-0.52827,0.61868,1
6713,-0.65990,0.95063,1
6714,-0.28468,0.61960,1
6715,-0.69058,0.99543,1
6716,-0.68128,0.82548,1
6717,-1.08720,1.04979,1
6718,-0.37386,0.95029,1
6719,-0.75186,0.78009,1
6720,-0.61542,0.93383,1
6721,-0.98086,1.08629,1
6722,-0.67219,0.73897,1
6723,-0.72278,0.83350,1
6724,-0.11380,1.01492,1
6725,-0.27306,0.69706,1
6726,-0.25947,0.60511,1
6727,0.48411,0.73037,1
6728,0.92997,0.63486,1
6729,0.39292,0.93062,1
6730,0.35768,0.98053,1
6731,0.36021,0.70938,1
6732,-0.20958,0.75685,1
6733,0.23107,0.75797,1
6734,-0.27999,0.68304,1
6735,-0.22944,0.60065,1
6736,-0.04516,0.85474,1
6737,0.46935,0.69893,1
6738,-0.36401,0.85145,1
6739,-0.18013,0.64762,1
6740,0.01924,0.76705,1
6741,-0.79240,0.83589,1
6742,-0.45465,1.07361,1
6743,0.13655,1.20022,1
6744,-0.62334,0.78026,1
6745,-0.42510,0.89327,1
6746,-0.54527,0.69862,1
6747,-0.35052,0.83404,1
6748,-0.43877,0.66881,1
6749,0.38964,0.95247,1
6750,0.02015,0.76391,0
6751,0.28236,1.06114,0
6752,0.61200,0.67741,0
6753,0.26590,0.85459,0
6754,-0.15796,1.06968,0
6755,0.25507,1.11899,0
6756,0.02698,0.96260,0
6757,0.03367,0.80022,0
6758,-0.29562,0.65353,0
6759,-0.33552,1.01615,0
6760,-0.35675,0.67055,0
6761,-0.19242,1.35422,0
6762,0.10062,1.21646,0
6763,0.04395,0.71773,0
6764,-0.04624,0.71547,0
6765,-0.15906,0.70226,0
6766,0.11056,0.69014,0
6767,0.41283,0.67227,0
6768,0.64366,0.68873,0
6769,0.55829,0.68333,0
6770,0.15030,0.77793,0
6771,0.30571,0.52790,0
6772,-0.05463,0.59541,0
6773,-0.35932,0.70453,0
6774,-0.65625,0.66202,0
6775,-1.27501,0.59393,0
6776,-1.03405,0.60767,0
6777,-0.45910,0.51676,0
6778,-0.11352,0.50800,0
6779,-0.10849,0.82384,0
6780,0.41833,0.90559,0
6781,0.82043,0.50000,0
6782,0.75892,0.59019,0
6783,0.87627,0.50000,0
6784,0.61147,0.67528,0
6785,0.22819,0.52282,0
6786,0.09355,0.52771,0
6787,0.23018,0.50000,0
6788,-0.11118,0.81553,0
6789,0.08925,0.70008,0
6790,0.47019,0.50432,0
6791,0.13329,0.56740,0
6792,-0.03665,1.10955,0
6793,0.60660,0.86940,0
6794,0.15351,0.59081,0
6795,-0.26594,0.73673,0
6796,-0.34686,0.57586,0
6797,-0.91072,0.50000,0
6798,-1.07426,0.50000,0
6799,-0.56391,0.91967,0
6800,-0.54660,0.97523,0
6801,-0.57244,0.63100,0
6802,0.18549,0.93928,0
6803,0.22239,0.57508,0
6804,0.09061,0.71225,0
6805,-0.26024,0.84100,0
6806,0.19018,0.67024,0
6807,-0.38178,0.56956,0
6808,-0.27553,0.50000,0
6809,-0.11329,0.50000,0
6810,-0.42585,0.50000,0
6811,-0.66085,0.50000,0
6812,-0.66143,0.55992,0
6813,-0.37220,0.50000,0
6814,-0.49433,0.58067,0
6815,0.49940,0.50000,0
6816,0.00584,0.58886,0
6817,-1.02021,0.74758,0
6818,-0.57523,0.98798,0
6819,0.03839,0.62664,0
6820,-0.51746,0.69769,0
6821,-0.02938,0.70443,0
6822,-0.78334,0.50000,0
6823,-1.05337,0.66203,0
6824,-0.57524,0.75897,0
6825,0.25294,0.78155,0
6826,-0.28408,0.59904,0
6827,0.07230,0.56505,0
6828,0.44168,0.50000,0
6829,-0.08488,0.70730,0
6830,0.07145,0.58575,0
6831,0.24015,0.50000,0
6832,0.18347,0.66451,0
6833,0.56158,0.79522,0
6834,0.46837,0.79712,0
6835,0.78690,0.94961,0
6836,0.65419,0.78773,0
6837,0.65708,0.75066,0
6838,0.54995,0.64636,0
6839,0.09522,0.63831,0
6840,-0.32343,0.80683,0
6841,-0.77017,1.32858,0
6842,-1.92013,0.82679,0
6843,-1.38643,0.80566,0
6844,-0.74364,0.74403,0
6845,-0.74864,0.80322,0
6846,-0.41829,0.71942,0
6847,-0.33913,0.51096,0
6848,-0.49202,0.57201,0
6849,-0.13847,0.60917,0
6850,-0.06943,0.50000,0
6851,-0.51155,0.50000,0
6852,-0.08484,0.50000,0
6853,0.24081,0.57915,0
6854,0.09553,0.59727,0
6855,0.11848,0.61923,0
6856,0.17267,0.85610,0
6857,0.46155,0.50000,0
6858,0.13558,0.50000,0
6859,-0.12420,0.50000,0
6860,-0.69507,0.50000,0
6861,-1.00501,0.52248,0
6862,-1.22105,0.69710,0
6863,-1.23643,0.79843,0
6864,-1.10331,0.90485,0
6865,-0.67921,0.51106,0
6866,-0.35866,0.53145,0
6867,-0.79197,0.61481,0
6868,-0.07159,0.50000,0
6869,0.03571,0.50000,0
6870,-0.19877,0.51101,0
6871,-0.06136,0.50000,0
6872,-0.31588,0.50000,0
6873,-0.39640,0.50000,0
6874,-0.43716,0.50000,0
6875,0.01197,0.54075,0
6876,-0.46740,0.50000,0
6877,-0.32046,0.50000,0
6878,-0.89386,0.87542,0
6879,-0.26346,1.02357,0
6880,0.70905,1.05495,0
6881,0.89768,0.73988,0
6882,-0.30335,0.91757,0
6883,-0.29839,1.02198,0
6884,0.19399,0.86608,0
6885,0.54551,0.71343,0
6886,0.85281,0.74437,0
6887,0.13806,1.41753,0
6888,-0.50058,1.11688,0
6889,0.74445,0.74506,0
6890,0.95995,0.91074,0
6891,0.22400,0.80392,0
6892,0.36881,0.51684,0
6893,-0.00545,0.70916,0
6894,-0.12552,0.62247,0
6895,-0.00093,0.51195,0
6896,-0.25823,0.50000,0
6897,0.11425,0.60155,0
6898,0.06257,0.89024,0
6899,-0.15249,0.61399,0
6900,0.14034,0.69495,0
6901,0.14869,0.59846,0
6902,0.00051,0.50342,0
6903,-0.34593,0.95660,0
6904,-0.44606,0.50000,0
6905,0.19686,0.73523,0
6906,-0.05851,0.50000,0
6907,0.00042,0.50344,0
6908,0.07619,0.50000,0
6909,0.17749,0.50000,0
6910,-0.15602,0.66865,0
6911,0.10596,0.76618,0
6912,0.13715,0.58354,0
6913,-0.23369,0.80154,0
6914,-0.22582,0.50000,0
6915,-0.30570,0.50000,0
6916,0.26164,0.62230,0
6917,0.44077,0.57775,0
6918,-0.19503,0.91923,0
6919,-0.28961,0.57797,0
6920,0.08369,0.50000,0
6921,0.14469,0.51539,0
6922,-0.00119,0.50000,0
6923,-0.08389,0.79126,0
6924,-0.62380,0.56736,0
6925,-0.07336,1.28471,0
6926,-0.18597,0.57680,0
6927,-0.33450,0.69335,0
6928,-0.18707,0.92903,0
6929,-0.04032,0.61113,0
6930,-0.21462,0.72255,0
6931,0.20267,0.50000,0
6932,0.13827,0.54835,0
6933,0.17709,0.54676,0
6934,0.29243,0.57110,0
6935,0.20838,0.50000,0
6936,-0.21110,1.07571,0
6937,-0.09650,0.83729,0
6938,0.04494,0.53833,0
6939,-0.02958,0.50000,0
6940,-0.30849,0.73167,0
6941,0.18452,0.54150,0
6942,-0.07703,0.52102,0
6943,-0.30729,0.67284,0
6944,-0.06705,0.69203,0
6945,-0.16814,0.73054,0
6946,0.32898,0.61327,0
6947,0.28989,0.73099,0
6948,0.11238,0.50730,0
6949,-0.30207,0.79281,0
6950,-0.17203,0.77744,0
6951,0.05084,0.64967,0
6952,0.22686,0.60575,0
6953,0.68662,0.71192,0
6954,-0.44182,0.73730,0
6955,0.11302,1.14474,0
6956,0.36718,0.88677,0
6957,-0.14642,1.22855,0
6958,0.27546,1.04035,0
6959,0.01315,0.76811,0
6960,0.22114,0.59764,0
6961,0.33312,1.06584,0
6962,0.41513,0.74806,0
6963,-0.47266,0.73316,0
6964,-0.26877,0.58905,0
6965,0.01427,0.87977,0
6966,-0.10555,0.82449,0
6967,-0.49848,0.95858,0
6968,-0.14008,0.61380,0
6969,-0.18150,0.74545,0
6970,-0.00135,0.74362,0
6971,0.41390,0.81662,0
6972,0.34903,0.75970,0
6973,0.19616,0.73347,0
6974,0.43158,0.58596,0
6975,0.09582,0.75934,1
6976,-0.45810,0.54948,1
6977,0.32819,0.81938,1
6978,0.17199,0.88820,1
6979,0.73595,0.65118,1
6980,0.22984,0.94299,1
6981,-0.36904,0.85164,1
6982,-0.28033,0.63951,1
6983,-0.31793,0.57716,1
6984,0.25052,0.62294,1
6985,-0.14778,0.60844,1
6986,-0.51552,0.96014,1
6987,-0.57047,0.99102,1
6988,0.02883,0.84598,1
6989,0.13320,0.76843,1
6990,0.22188,0.64871,1
6991,0.07712,1.00247,1
6992,-0.08838,0.81277,1
6993,0.07620,1.00136,1
6994,-0.04886,0.68682,1
6995,0.18490,0.76652,1
6996,0.24405,0.61926,1
6997,0.08011,0.95723,1
6998,0.00504,1.02149,1
6999,0.06902,0.88275,1
7000,0.28114,0.76458,1
7001,0.11400,0.66883,1
7002,0.08079,0.79405,1
7003,0.07810,0.75036,1
7004,-0.04787,0.66632,1
7005,-0.23303,0.78910,1
7006,-0.35876,0.50846,1
7007,-0.02888,0.78802,1
7008,0.33532,0.79394,1
7009,0.43810,0.61491,1
7010,0.28486,0.55765,1
7011,0.06520,0.61727,1
7012,-0.17386,0.66050,1
7013,-0.07813,0.66638,1
7014,-0.22336,0.50000,1
7015,-0.33107,0.53578,1
7016,0.00541,0.63946,1
7017,0.14341,0.65574,1
7018,0.07257,0.53967,1
7019,-0.01491,0.62733,1
7020,0.23288,0.50000,1
7021,0.26327,0.51835,1
7022,0.11362,0.50000,1
7023,-0.29552,0.53037,1
7024,-0.38011,0.58979,1
7025,-0.37171,0.50000,1
7026,0.29474,0.63675,1
7027,0.41922,0.63510,1
7028,-0.08870,0.65018,1
7029,-0.46068,0.64497,1
7030,-0.09403,0.78875,1
7031,0.15966,0.75896,1
7032,0.04953,0.60261,1
7033,-0.01912,0.59622,1
7034,-0.03116,0.54669,1
7035,0.17422,0.56904,1
7036,0.42799,0.65760,1
7037,0.19120,0.89099,1
7038,-0.12208,0.66562,1
7039,0.20582,0.89376,1
7040,0.14689,0.98397,1
7041,-0.70132,0.85677,1
7042,-1.01909,0.94917,1
7043,-0.24036,0.99917,1
7044,0.12378,1.05417,1
7045,-0.24263,1.06350,1
7046,-0.36893,1.21891,1
7047,-0.56511,1.06369,1
7048,-0.42358,1.21565,1
7049,0.65312,1.15677,1
7050,0.11071,1.23731,1
7051,-0.21788,1.17977,1
7052,-0.30656,0.95645,1
7053,-0.67670,0.86775,1
7054,-0.81140,0.98784,1
7055,-0.27279,1.10918,1
7056,-0.12557,0.93338,1
7057,0.00476,0.88451,1
7058,0.22184,0.98002,1
7059,0.14296,0.73391,1
7060,0.34254,1.17461,1
7061,0.52553,1.27935,1
7062,0.58456,0.98508,1
7063,-0.08566,1.03315,1
7064,-0.29066,0.91794,1
7065,0.14568,0.94485,1
7066,0.15806,0.99196,1
7067,-0.08494,0.95040,1
7068,-0.10286,0.81727,1
7069,0.10149,1.04375,1
7070,0.23987,0.94676,1
7071,0.05159,0.81056,1
7072,0.16498,0.73966,1
7073,0.25944,0.80376,1
7074,-0.16067,0.60772,1
7075,-0.01891,0.94579,1
7076,0.07092,0.74741,1
7077,0.23360,0.54266,1
7078,0.01387,0.60272,1
7079,-0.29106,0.64711,1
7080,-0.07723,0.69071,1
7081,0.00903,0.69372,1
7082,-0.01338,0.64213,1
7083,0.12056,0.58539,1
7084,0.04694,0.68949,1
7085,0.06736,0.64100,1
7086,0.35686,0.78041,1
7087,0.34024,0.95021,1
7088,0.00000,1.00000,1
7089,-0.02936,0.77293,1
7090,0.11446,0.85292,1
7091,0.22779,0.75096,1
7092,-0.13510,0.76976,1
7093,-0.07787,0.71340,1
7094,-0.14277,0.65580,1
7095,-0.16420,0.64595,1
7096,-0.25480,0.55597,1
7097,-0.13136,0.59265,1
7098,-0.28740,0.61697,1
7099,-0.03379,0.81627,1
7100,0.18728,0.75860,1
7101,0.25818,0.61140,1
7102,0.49557,0.50000,1
7103,0.23579,0.53910,1
7104,0.07077,0.50000,1
7105,-0.10757,0.53228,1
7106,-0.16452,0.50000,1
7107,0.02661,0.50000,1
7108,-0.02625,0.50000,1
7109,-0.00481,0.50000,1
7110,0.13900,0.50000,1
7111,-0.14533,0.50000,1
7112,-0.15624,0.50000,1
7113,-0.11805,0.50000,1
7114,0.18142,0.50000,1
7115,-0.13415,0.50000,1
7116,-0.58209,0.64924,1
7117,-0.60651,0.59393,1
7118,-0.13088,0.58520,1
7119,0.24103,0.50000,1
7120,0.58854,0.64708,1
7121,0.29037,0.71079,1
7122,0.08605,0.57670,1
7123,-0.14898,0.61223,1
7124,0.20610,0.57574,1
7125,-0.34556,0.73579,1
7126,-0.71591,0.61203,1
7127,-0.58498,0.50321,1
7128,-0.39001,0.64805,1
7129,-0.54444,0.52691,1
7130,-0.08614,0.54848,1
7131,0.08319,0.57678,1
7132,0.32968,0.56896,1
7133,0.35204,0.57542,1
7134,0.13925,0.67694,1
7135,-0.32681,0.50000,1
7136,0.03163,0.87425,1
7137,0.29975,0.77504,1
7138,-0.06136,0.61035,1
7139,0.19620,0.60988,1
7140,0.46665,0.57532,1
7141,-0.22277,0.63295,1
7142,-0.41705,0.70702,1
7143,0.59624,0.86762,1
7144,0.23798,0.52948,1
7145,-0.13024,0.72842,1
7146,-0.40461,0.58787,1
7147,-0.48404,0.59241,1
7148,-0.48549,0.67353,1
7149,0.65325,0.80601,1
7150,0.29406,0.92264,1
7151,-0.13627,0.79090,1
7152,0.01791,0.65701,1
7153,-0.25099,0.50861,1
7154,-0.61018,0.61803,1
7155,-0.43646,0.88487,1
7156,0.46275,0.71726,1
7157,-0.16588,0.56447,1
7158,0.12218,0.65224,1
7159,0.15686,0.58718,1
7160,0.28613,0.70528,1
7161,0.33637,0.56156,1
7162,0.91550,0.89116,1
7163,-0.44484,1.06868,1
7164,-0.60941,0.76194,1
7165,0.17036,0.89938,1
7166,-0.51387,0.90497,1
7167,-0.61372,1.02903,1
7168,-0.06189,0.86563,1
7169,-0.05843,0.67153,1
7170,-0.03158,0.52130,1
7171,0.08880,0.62627,1
7172,-0.57702,0.57824,1
7173,-0.47002,0.62625,1
7174,-0.10845,0.54220,1
7175,0.72369,1.62991,1
7176,3.30502,1.83438,1
7177,-1.12090,1.69122,1
7178,-0.26061,1.54410,1
7179,0.07387,0.73729,1
7180,0.17503,0.90921,1
7181,0.90138,1.01479,1
7182,-0.01617,1.53400,1
7183,-2.34626,1.52888,1
7184,-2.13545,1.98450,1
7185,1.16500,1.10745,1
7186,0.17768,0.72810,1
7187,1.12215,0.84228,1
7188,0.18607,0.71004,1
7189,0.20052,0.68157,1
7190,0.04752,0.63485,1
7191,0.16260,0.90363,1
7192,0.20869,0.51132,1
7193,0.05657,0.50000,1
7194,-0.29339,0.68865,1
7195,-0.47915,0.57775,1
7196,-0.34255,0.72165,1
7197,-0.19904,0.64945,1
7198,0.26367,0.85760,1
7199,-0.63597,0.99422,1
7200,-0.00378,0.65751,1
7201,0.12049,0.61092,1
7202,0.47396,0.78057,1
7203,0.40711,0.71210,1
7204,0.23036,0.65735,1
7205,0.13660,0.59221,1
7206,0.02928,0.64203,1
7207,-0.04737,0.56391,1
7208,-0.15324,0.57275,1
7209,0.25946,0.70408,1
7210,0.36146,0.88262,1
7211,0.10207,0.77831,1
7212,0.50592,0.89239,1
7213,0.58631,0.84167,1
7214,0.60719,1.07280,1
7215,0.14294,0.77258,1
7216,0.06493,1.00866,1
7217,0.44872,0.54485,1
7218,0.25686,0.56203,1
7219,0.43872,0.62642,1
7220,0.20699,0.78393,1
7221,0.26835,0.79220,1
7222,0.08232,0.54924,1
7223,0.28568,0.57900,1
7224,0.24734,0.50000,1
7225,0.31456,0.61456,1
7226,0.56913,0.65701,1
7227,-0.22191,0.70065,1
7228,0.21755,0.64158,1
7229,0.37745,0.74318,1
7230,0.76533,0.79768,1
7231,0.32637,0.77974,1
7232,-0.04894,0.93451,1
7233,-0.49293,1.11218,1
7234,0.20871,0.95118,1
7235,-0.11662,0.99724,1
7236,-0.14517,1.02745,1
7237,-0.62524,0.95369,1
7238,-0.09685,0.87335,1
7239,0.13711,1.10073,1
7240,0.50978,1.08186,1
7241,-0.00878,1.02920,1
7242,0.03985,1.25264,1
7243,-0.14201,1.11583,1
7244,0.02592,1.18398,1
7245,-0.16050,1.19054,1
7246,0.32774,1.39760,1
7247,-0.34129,0.90329,1
7248,-0.21344,1.26609,1
7249,0.17383,1.21860,1
7250,0.18512,1.08111,1
7251,0.43469,1.15112,1
7252,0.25939,1.16240,1
7253,0.60220,1.32575,1
7254,0.64635,1.04200,1
7255,0.88739,1.18840,1
7256,0.29960,0.85943,1
7257,0.41399,1.00874,1
7258,-0.00505,1.31685,1
7259,0.67034,1.23561,1
7260,0.72407,0.97194,1
7261,-0.05751,1.32250,1
7262,-0.09962,1.07464,1
7263,0.13502,1.02661,1
7264,0.16199,1.00137,1
7265,0.35711,1.09192,1
7266,0.32972,1.11227,1
7267,0.15915,1.12363,1
7268,0.53068,0.94589,1
7269,0.27709,0.92336,1
7270,-0.31576,0.96406,1
7271,-0.19626,0.88975,1
7272,-0.01829,1.07349,1
7273,-0.01159,0.90579,1
7274,0.32692,0.95856,1
7275,0.33932,1.13135,1
7276,0.10016,1.04832,1
7277,-0.44855,1.14282,1
7278,0.09585,0.91312,1
7279,0.19275,0.81313,1
7280,0.28105,1.06243,1
7281,0.24053,1.06604,1
7282,-0.09918,1.08551,1
7283,-0.19355,0.94371,1
7284,0.10655,1.08416,1
7285,0.52641,1.45553,1
7286,0.24512,1.10224,1
7287,0.32626,0.99656,1
7288,0.18220,1.07008,1
7289,0.19309,1.10492,1
7290,0.02791,1.09148,1
7291,-0.06348,1.01651,1
7292,-0.20152,0.98883,1
7293,0.10316,1.16086,1
7294,-0.31568,1.25774,1
7295,-0.50788,1.12812,1
7296,0.05838,1.14280,1
7297,0.40832,1.05212,1
7298,0.34422,1.21054,1
7299,0.46321,0.81952,1
7300,0.21193,1.09782,1
7301,0.04371,0.90708,1
7302,0.15624,1.05948,1
7303,0.01175,1.02591,1
7304,-0.29521,0.96174,1
7305,-0.23654,1.03553,1
7306,0.09082,1.00439,1
7307,0.51116,1.12000,1
7308,0.14468,1.20856,1
7309,0.62000,0.94460,1
7310,0.56155,0.92750,1
7311,0.30387,0.86144,1
7312,-0.31383,0.97588,1
7313,-0.17355,1.11118,1
7314,-0.21547,1.09584,1
7315,-0.31688,0.95953,1
7316,-0.27414,1.15059,1
7317,-0.05461,0.90572,1
7318,-0.13837,1.05099,1
7319,-0.00158,1.36557,1
7320,1.47007,1.41940,1
7321,0.39751,1.46145,1
7322,-0.24762,1.15614,1
7323,-0.21140,0.95173,1
7324,-0.21920,0.90757,1
7325,0.08621,0.93060,1
7326,0.19667,1.01687,1
7327,-0.07880,0.99905,1
7328,-1.37749,0.88208,1
7329,-0.59020,1.23224,1
7330,0.44116,1.10852,1
7331,0.45672,0.86006,1
7332,0.31728,0.85658,1
7333,0.25713,0.99994,1
7334,0.10437,0.87140,1
7335,-0.08218,1.03125,1
7336,0.02601,1.01065,1
7337,0.06902,1.13352,1
7338,0.27806,0.96942,1
7339,0.44733,0.91562,1
7340,0.35731,1.05850,1
7341,0.13571,1.25975,1
7342,-0.06328,1.05510,1
7343,-0.15005,1.02519,1
7344,0.18100,0.92583,1
7345,-0.29129,1.01365,1
7346,-0.00466,1.07857,1
7347,0.40458,0.85671,1
7348,0.35381,0.93123,1
7349,0.29151,1.22283,1
7350,0.59405,1.09483,1
7351,0.15484,1.08758,1
7352,-0.34825,0.97004,1
7353,0.32316,0.98917,1
7354,-0.00921,1.17479,1
7355,0.25901,1.11915,1
7356,-0.13691,0.85245,1
7357,-0.17168,0.94681,1
7358,0.09513,0.94142,1
7359,0.44574,1.03470,1
7360,0.08840,1.03158,1
7361,-0.16993,1.04223,1
7362,-0.18748,0.96673,1
7363,0.20823,1.13971,1
7364,-0.34681,1.12193,1
7365,-0.15074,1.18001,1
7366,0.22267,1.11617,1
7367,-0.17884,0.81370,1
7368,-0.05302,0.98130,1
7369,-0.01418,1.08462,1
7370,-0.14806,1.06921,1
7371,-0.04151,1.18485,1
7372,-0.02453,1.19334,1
7373,-0.36939,1.06149,1
7374,0.03236,1.11778,1
7375,0.23021,1.03186,1
7376,0.23113,1.00228,1
7377,-0.06006,0.96667,1
7378,-0.18156,1.02630,1
7379,-0.24460,1.11376,1
7380,0.11898,1.00409,1
7381,0.32001,0.82090,1
7382,0.09086,1.02907,1
7383,0.30242,0.97984,1
7384,0.12070,0.93778,1
7385,-0.20615,0.80268,1
7386,0.19773,1.09237,1
7387,0.16924,0.96310,1
7388,0.22584,0.96012,1
7389,0.14823,0.78105,1
7390,-0.05130,0.70793,1
7391,-0.20610,0.89765,1
7392,0.26955,0.79345,1
7393,0.17285,0.82051,1
7394,-0.15484,0.85537,1
7395,0.11844,0.80099,1
7396,0.26855,0.91643,1
7397,0.00553,1.03722,1
7398,-0.15641,0.67072,1
7399,-0.35083,0.83420,1
7400,0.19100,0.84392,1
7401,0.20446,1.04695,1
7402,-0.05476,1.09663,1
7403,-0.30400,1.09194,1
7404,0.14396,1.08382,1
7405,0.10931,1.01312,1
7406,0.11587,0.93865,1
7407,-0.08705,1.05790,1
7408,-0.30462,0.83273,1
7409,-0.16014,0.88017,1
7410,0.00821,0.64442,1
7411,0.39126,0.60587,1
7412,0.15779,0.55358,1
7413,-0.12798,0.50000,1
7414,-0.35946,0.50000,1
7415,-0.05770,0.63149,1
7416,-0.01163,0.84026,1
7417,-0.06940,0.59822,1
7418,0.05547,0.59282,1
7419,0.16378,0.52764,1
7420,-0.15293,0.69572,1
7421,0.00859,0.57399,1
7422,0.26327,0.75723,1
7423,-0.09384,0.85569,1
7424,0.11914,0.73905,1
7425,0.23277,0.79894,1
7426,0.07553,0.92125,1
7427,-0.19457,0.97115,1
7428,-0.01487,0.74214,1
7429,-0.02808,0.78190,1
7430,0.37060,0.83643,1
7431,0.34430,0.91220,1
7432,0.06398,0.78086,1
7433,0.23018,0.68933,1
7434,0.07872,0.71190,1
7435,0.60120,0.81730,1
7436,0.41630,0.92165,1
7437,-0.08554,0.64969,1
7438,-0.36890,0.62540,1
7439,-0.76638,0.62134,1
7440,-0.84181,0.81391,1
7441,-0.48565,0.58692,1
7442,-0.29296,0.54357,1
7443,0.17191,0.69991,1
7444,0.45140,0.53054,1
7445,0.78824,0.82481,1
7446,0.58020,0.61513,1
7447,0.27200,0.61131,1
7448,0.30362,0.54506,1
7449,0.07285,0.56151,1
7450,-0.27805,0.61207,1
7451,-0.44209,0.80309,1
7452,-0.27840,0.70110,1
7453,0.05089,0.71684,1
7454,0.33617,0.85078,1
7455,0.40491,0.53866,1
7456,0.43202,0.68317,1
7457,0.41182,0.72495,1
7458,-0.01747,0.65425,1
7459,-0.38126,0.86082,1
7460,-0.73193,0.88982,1
7461,-0.59872,1.07575,1
7462,-0.45147,0.96960,1
7463,0.47463,0.73306,1
7464,0.35805,0.86797,1
7465,0.53849,1.50440,1
7466,1.16299,1.90174,1
7467,-3.23355,2.16614,1
7468,-3.44131,2.13768,1
7469,-2.94927,1.84357,1
7470,-3.09452,2.19684,1
7471,-3.22281,1.99434,1
7472,-3.96396,1.79896,1
7473,-4.20032,1.86827,1
7474,-2.70341,1.95713,1
7475,-0.09313,1.89997,1
7476,0.36850,2.40845,1
7477,-0.20302,2.02834,1
7478,0.45448,3.24915,1
7479,-2.89906,2.72779,1
7480,1.53408,1.69612,1
7481,-0.05251,1.96655,1
7482,1.56597,2.14000,1
7483,0.37595,2.41666,1
7484,-0.51692,2.31651,1
7485,-0.12342,2.71239,1
7486,2.31075,4.21767,1
7487,1.62152,3.55719,1
7488,-0.25065,1.54880,1
7489,0.13653,1.30392,1
7490,0.17355,1.96028,1
7491,1.57258,1.88430,1
7492,1.45788,1.87167,1
7493,2.55384,1.67867,1
7494,2.71713,1.43128,1
7495,2.86449,1.10068,1
7496,2.26245,1.26172,1
7497,1.49797,1.12541,1
7498,0.64407,0.95132,1
7499,0.24117,1.21031,1
7500,0.46026,2.17270,1
7501,0.52988,2.26170,1
7502,0.34247,2.38083,1
7503,0.65442,2.17248,1
7504,0.43778,2.04687,1
7505,-1.31311,1.48582,1
7506,-1.64015,1.42785,1
7507,-2.29080,1.61203,1
7508,-2.49930,1.99664,1
7509,-0.12809,1.56441,1
7510,-0.22149,1.53585,1
7511,-0.00501,1.14693,1
7512,-0.08286,1.30935,1
7513,0.05625,1.54212,1
7514,-0.45384,1.31539,1
7515,-0.05600,1.59562,1
7516,-0.75442,1.45750,1
7517,-2.04662,1.81236,1
7518,-1.90113,1.69698,1
7519,-0.07662,1.71996,1
7520,0.15444,1.33958,1
7521,0.18936,1.46266,1
7522,0.66358,1.95710,1
7523,-0.34604,2.25873,1
7524,0.02861,2.19351,1
7525,-3.20249,2.06282,1
7526,-3.57035,3.20684,1
7527,-4.50441,2.14640,1
7528,-1.93602,1.74439,1
7529,-2.14326,2.45161,1
7530,-1.26674,1.90125,1
7531,-0.81853,2.08369,1
7532,1.18541,2.07920,1
7533,5.47240,2.63223,1
7534,4.35940,2.70756,1
7535,1.54142,3.37580,1
7536,-0.57964,3.08473,1
7537,-1.60148,2.22327,1
7538,-0.37391,2.08894,1
7539,0.56181,2.18446,1
7540,0.00850,2.44103,1
7541,-1.39793,2.66787,1
7542,-0.30495,2.88665,1
7543,-0.69926,3.63012,1
7544,1.29195,3.54890,1
7545,1.72329,3.91994,1
7546,0.31093,2.58839,1
7547,-0.09632,1.26873,1
7548,-0.22997,0.84316,1
7549,0.13679,0.87398,1
7550,0.19433,1.18323,1
7551,0.54777,1.58094,1
7552,-0.79401,1.42997,1
7553,-1.62773,2.54996,1
7554,0.59536,1.04587,1
7555,0.53604,0.91523,1
7556,0.40086,0.85809,1
7557,0.37444,0.60813,1
7558,0.47496,0.81031,1
7559,-0.22355,0.66634,1
7560,-0.00414,0.88118,1
7561,0.18768,0.56904,1
7562,-0.14763,0.69555,1
7563,-0.16014,0.78205,1
7564,-0.02600,0.73916,1
7565,-0.45591,1.13390,1
7566,-0.30213,0.82150,1
7567,-0.56552,0.66954,1
7568,-0.62143,0.55634,1
7569,-0.18246,0.57852,1
7570,-0.16985,0.50223,1
7571,-0.25604,0.68598,1
7572,-0.11598,0.68953,1
7573,-0.19547,1.22876,1
7574,0.06439,1.02634,1
7575,0.43764,0.81895,1
7576,0.11588,0.95865,1
7577,-0.16601,0.80098,1
7578,0.40521,0.98312,1
7579,-0.30056,0.75431,1
7580,-0.03785,0.73361,1
7581,0.23653,0.58688,1
7582,0.08534,0.66872,1
7583,-0.17270,0.72722,1
7584,-0.42789,1.47405,1
7585,0.17947,1.06073,1
7586,-0.20184,0.93262,1
7587,-0.23692,0.79540,1
7588,-0.09659,1.02297,1
7589,-0.00432,1.09034,1
7590,1.54729,1.68199,1
7591,0.17066,1.68890,1
7592,0.51484,1.11109,1
7593,0.04422,0.99722,1
7594,0.33323,0.88011,1
7595,-0.12122,1.01907,1
7596,0.40926,1.03690,1
7597,-0.69577,1.15712,1
7598,-0.43739,1.71943,1
7599,-0.32387,1.24536,1
7600,-0.31269,0.88238,1
7601,0.06915,1.60600,1
7602,0.71325,1.10617,1
7603,-0.01916,1.16752,1
7604,-0.27469,0.70654,1
7605,-0.11734,1.01413,1
7606,-0.04105,0.93435,1
7607,-0.47312,0.90150,1
7608,0.23787,1.27234,1
7609,-1.18498,1.32971,1
7610,-0.29688,1.63583,1
7611,-0.30338,1.20195,1
7612,-0.09765,1.00267,1
7613,-0.77930,1.50077,1
7614,1.52189,1.71731,1
7615,1.25972,1.44144,1
7616,0.18715,1.13865,1
7617,0.23131,0.87146,1
7618,-0.07769,0.82548,1
7619,-0.03367,0.77376,1
7620,0.17673,0.72908,1
7621,0.15320,2.23412,1
7622,-1.35187,1.48859,1
7623,-0.95806,1.54054,1
7624,-0.37445,0.91318,1
7625,0.20269,1.01714,0
7626,0.50219,0.85329,0
7627,1.02849,1.13791,0
7628,0.41060,1.05069,0
7629,0.16893,0.82934,0
7630,-0.19441,0.86974,0
7631,0.20471,0.92348,0
7632,0.17407,0.69107,0
7633,-0.05957,1.00816,0
7634,-0.30893,0.96596,0
7635,-0.40273,1.05685,0
7636,-0.17160,0.77359,0
7637,0.03851,0.62880,0
7638,0.28168,0.94796,0
7639,0.44196,0.91504,0
7640,-0.14680,0.79847,0
7641,0.06566,0.76357,0
7642,0.12356,0.64722,0
7643,-0.02113,0.77682,0
7644,-0.05234,0.80478,0
7645,-0.01027,0.63241,0
7646,-0.03308,0.85876,0
7647,-0.14964,0.83078,0
7648,-0.03526,0.95344,0
7649,-0.14798,0.90417,0
7650,0.00000,1.00000,0
7651,0.00000,1.00000,0
7652,0.93882,0.91383,0
7653,0.22163,1.26050,0
7654,-0.18573,0.76623,0
7655,-0.16832,0.70447,0
7656,0.16348,0.72614,0
7657,0.16921,0.72727,0
7658,0.33642,0.89468,0
7659,-1.00822,1.15734,0
7660,-1.28658,1.33353,0
7661,0.14900,0.74825,0
7662,0.07708,0.58506,0
7663,-0.06691,0.67049,0
7664,0.50950,1.07075,0
7665,0.88827,1.45806,0
7666,0.15385,1.03490,0
7667,-0.06946,0.56794,0
7668,-0.04230,0.51769,0
7669,0.06769,0.63082,0
7670,0.32982,0.65204,0
7671,0.08432,0.74984,0
7672,-0.60525,0.68479,0
7673,-0.43421,1.89138,0
7674,-0.24874,0.72356,0
7675,-0.26859,0.87842,0
7676,0.41713,1.02184,0
7677,0.37954,0.61084,0
7678,-0.14109,0.90269,0
7679,0.27158,0.67056,0
7680,0.16742,0.52811,0
7681,0.20828,0.63427,0
7682,0.17273,0.52848,0
7683,0.26712,0.50661,0
7684,-0.44290,1.07532,0
7685,-0.77239,0.99221,0
7686,-0.31654,0.88318,0
7687,-0.56510,0.63555,0
7688,-0.18078,0.77690,0
7689,1.10778,0.79189,0
7690,0.41992,0.93122,0
7691,0.15898,0.64001,0
7692,0.36722,0.55713,0
7693,-0.11437,0.75826,0
7694,-0.26823,0.52750,0
7695,-0.05700,0.71706,0
7696,-1.00322,0.79834,0
7697,-0.83678,1.02753,0
7698,0.19834,0.76195,0
7699,-0.21878,0.60131,0
7700,-0.27554,0.89471,0
7701,0.37275,0.79783,0
7702,0.64351,0.68629,0
7703,0.17285,0.81594,0
7704,-0.22222,0.51580,0
7705,-0.40586,0.50000,0
7706,-0.52968,0.50000,0
7707,-0.43943,0.50959,0
7708,0.08969,0.50183,0
7709,0.20905,0.63403,0
7710,-0.35303,0.50000,0
7711,0.51727,0.57203,0
7712,-0.04689,0.50000,0
7713,0.15834,0.50000,0
7714,0.19844,0.67541,0
7715,1.08392,0.96781,0
7716,-1.10379,0.85998,0
7717,-0.03280,0.64254,0
7718,-0.18693,0.65104,0
7719,0.43660,0.51647,0
7720,0.46846,0.57917,0
7721,0.40503,0.96965,0
7722,-0.78879,0.74594,0
7723,-0.14779,0.90606,0
7724,-0.33957,0.80034,0
7725,0.06805,0.80571,0
7726,-0.23723,0.91934,0
7727,0.85997,0.54673,0
7728,0.10651,0.68868,0
7729,-0.22518,0.67910,0
7730,-0.13679,0.72972,0
7731,0.08300,0.71405,0
7732,-0.10867,0.72008,0
7733,-0.36550,0.76497,0
7734,-0.84324,1.05859,0
7735,-1.07108,0.63007,0
7736,-0.23966,0.73178,0
7737,0.12718,0.64917,0
7738,0.36403,0.53807,0
7739,0.97484,1.32971,0
7740,1.57943,0.91045,0
7741,-0.03395,1.35575,0
7742,0.07462,0.74636,0
7743,-0.22968,0.66006,0
7744,0.28528,0.62217,0
7745,0.55822,0.67785,0
7746,0.24186,0.89205,0
7747,-0.79857,1.03213,0
7748,-0.31843,1.34517,0
7749,0.03455,0.70527,0
7750,0.45654,0.74610,0
7751,-0.06123,0.90961,0
7752,0.37037,0.78790,0
7753,0.29304,0.82035,0
7754,-0.02362,0.50303,0
7755,-0.11785,0.62303,0
7756,0.03483,0.69719,0
7757,-0.09535,0.81568,0
7758,-0.23457,0.80815,0
7759,0.43779,0.94343,0
7760,-0.39735,0.56935,0
7761,-0.09649,0.87928,0
7762,-0.22458,0.78887,0
7763,-0.33609,0.77257,0
7764,0.14241,1.72684,0
7765,3.44673,1.88701,0
7766,0.23633,2.89450,0
7767,-0.58305,1.10763,0
7768,-0.38490,1.07965,0
7769,-0.25251,1.22383,0
7770,0.10414,0.79491,0
7771,0.19628,1.32140,0
7772,-1.67948,1.42570,0
7773,-2.39943,2.70065,0
7774,0.77194,2.02477,0
7775,0.20193,1.15316,1
7776,0.46443,1.37800,1
7777,2.10473,1.36237,1
7778,0.15903,1.89992,1
7779,-0.32056,1.08240,1
7780,-0.03924,1.10563,1
7781,0.42621,0.91280,1
7782,0.81595,0.84360,1
7783,0.74168,1.04856,1
7784,-0.32576,1.17146,1
7785,-1.69171,1.30827,1
7786,1.27361,1.52344,1
7787,0.25243,1.28647,1
7788,-0.20152,0.97041,1
7789,0.20645,0.79491,1
7790,-0.05690,1.11385,1
7791,-0.05131,0.98873,1
7792,0.11159,0.85071,1
7793,-0.16381,0.76063,1
7794,-0.09225,0.90616,1
7795,-0.25650,1.01635,1
7796,-0.21871,0.99276,1
7797,0.23647,0.77530,1
7798,0.45570,0.67622,1
7799,0.30859,0.74836,1
7800,0.60974,0.64042,1
7801,0.30139,0.93200,1
7802,0.18644,0.87853,1
7803,-0.17850,0.90566,1
7804,-0.05944,0.58081,1
7805,-0.57432,0.61570,1
7806,-0.38789,0.50000,1
7807,-0.32388,0.50000,1
7808,-0.39084,0.70713,1
7809,-0.19516,0.75901,1
7810,0.46531,0.93593,1
7811,0.35271,0.72090,1
7812,0.28253,0.57552,1
7813,0.22001,0.58267,1
7814,0.42751,0.56881,1
7815,0.31967,0.72598,1
7816,0.05310,0.66987,1
7817,0.02095,0.98792,1
7818,-0.68813,0.98286,1
7819,0.00000,1.00000,1
7820,0.01058,1.13824,1
7821,0.15609,0.82291,1
7822,-0.17947,0.55815,1
7823,-0.00904,0.66072,1
7824,-0.12778,0.51281,1
7825,-0.08015,0.61718,1
7826,-0.10297,1.13351,1
7827,0.71389,0.74617,1
7828,1.01368,1.19292,1
7829,0.74964,0.69412,1
7830,-0.12026,1.13021,1
7831,0.10008,0.54416,1
7832,0.30288,0.56998,1
7833,0.22367,0.82082,1
7834,-0.02335,0.80425,1
7835,-0.82262,0.77111,1
7836,-1.32866,0.89781,1
7837,-1.42217,1.03974,1
7838,0.06096,0.91051,1
7839,0.16075,0.66613,1
7840,-0.02074,0.50081,1
7841,0.84301,1.41555,1
7842,1.06622,1.26680,1
7843,0.26823,1.59470,1
7844,-0.25919,0.86004,1
7845,0.30124,0.82764,1
7846,0.26281,0.73113,1
7847,0.04889,0.90183,1
7848,-0.17036,0.94719,1
7849,-1.00683,0.95277,1
7850,-1.99914,2.11531,1
7851,1.17559,0.99587,1
7852,1.29568,0.94713,1
7853,0.42784,1.45379,1
7854,-0.06175,1.00668,1
7855,-0.24621,1.29640,1
7856,-0.58577,1.09363,1
7857,-0.20125,0.97600,1
7858,0.37216,0.84194,1
7859,-0.66234,0.88016,1
7860,-1.04759,1.11186,1
7861,-0.11626,1.78011,1
7862,-0.27526,1.15092,1
7863,-0.66518,0.92635,1
7864,0.73086,1.13261,1
7865,1.47259,1.11511,1
7866,0.34727,1.81728,1
7867,-0.09143,1.24052,1
7868,-0.13975,1.41834,1
7869,0.23940,1.22893,1
7870,0.24448,0.84859,1
7871,0.13678,1.13912,1
7872,-0.99326,1.39516,1
7873,-1.24590,1.41888,1
7874,-0.62820,0.90043,1
7875,0.67857,1.07155,1
7876,0.09962,1.74926,1
7877,0.64475,1.22800,1
7878,-0.22997,1.17741,1
7879,-0.38126,1.19851,1
7880,-0.47588,0.86887,1
7881,-0.06280,0.68415,1
7882,0.14260,0.81986,1
7883,-0.71066,0.64095,1
7884,-1.02385,0.92239,1
7885,-1.04475,0.83127,1
7886,0.05369,1.12852,1
7887,-0.11123,0.80106,1
7888,0.48119,0.92823,1
7889,-0.25793,1.18685,1
7890,0.75694,1.13665,1
7891,-0.17828,1.31235,1
7892,0.06313,0.65047,1
7893,-0.67516,0.58331,1
7894,-0.08990,0.68688,1
7895,0.39259,0.87596,1
7896,0.00985,0.71795,1
7897,-0.41808,1.34712,1
7898,-0.02330,1.41988,1
7899,0.56012,1.34223,1
7900,0.50461,1.08334,1
7901,0.24992,0.93327,1
7902,0.20432,1.36915,1
7903,0.42208,0.92315,1
7904,-0.89241,0.86314,1
7905,-0.19136,0.65517,1
7906,-0.41854,0.87103,1
7907,-0.08625,0.74079,1
7908,-0.04296,0.64399,1
7909,-0.24260,0.68907,1
7910,-0.17638,0.87494,1
7911,0.43081,0.95075,1
7912,-0.04778,0.65618,1
7913,0.45930,0.54645,1
7914,0.40587,0.75563,1
7915,-0.04442,0.62104,1
7916,0.67100,0.85501,1
7917,-0.44652,0.50000,1
7918,-0.05075,0.75155,1
7919,-0.11685,0.70887,1
7920,-0.30176,0.50000,1
7921,-0.72908,0.60538,1
7922,-0.65736,0.72005,1
7923,-0.47469,0.50000,1
7924,0.16178,1.06329,1
7925,0.14953,0.50000,0
7926,0.16217,0.92489,0
7927,0.95427,0.87301,0
7928,0.79293,1.16306,0
7929,-0.09708,0.89971,0
7930,-0.38705,0.95900,0
7931,-0.09708,0.79718,0
7932,-0.06138,0.50000,0
7933,-0.14584,0.87072,0
7934,-0.70282,0.80596,0
7935,-1.46539,1.22200,0
7936,-0.25155,0.99165,0
7937,-0.11645,0.86738,0
7938,0.12481,0.63353,0
7939,0.47961,0.72013,0
7940,0.75758,0.77993,0
7941,0.05620,0.94860,0
7942,-0.80613,0.85890,0
7943,-0.14041,0.70384,0
7944,0.32748,0.55270,0
7945,0.28332,0.53076,0
7946,-0.03967,0.50000,0
7947,-0.45557,0.67080,0
7948,-0.47709,0.67683,0
7949,0.66460,1.00002,0
7950,0.06062,0.50000,0
7951,-0.22897,0.69937,0
7952,0.98448,0.67904,0
7953,0.54153,0.80353,0
7954,-0.38646,0.92639,0
7955,-0.20210,0.61937,0
7956,0.33279,0.67316,0
7957,0.33351,0.58183,0
7958,0.33984,0.58404,0
7959,-0.27221,0.72807,0
7960,-1.96276,0.64903,0
7961,-0.45942,0.91535,0
7962,-0.06908,0.62839,0
7963,-0.29240,0.69148,0
7964,-0.03655,0.72961,0
7965,0.88969,0.79673,0
7966,0.37143,0.97949,0
7967,0.48061,0.51920,0
7968,1.17400,0.69200,0
7969,0.60015,0.50000,0
7970,0.07647,0.50000,0
7971,0.17319,0.87093,0
7972,-0.39415,0.84790,0
7973,-0.74358,0.66637,0
7974,0.37223,0.50000,0
7975,-0.16452,0.72952,0
7976,-0.44588,0.54084,0
7977,0.61194,0.91973,0
7978,1.79015,1.03922,0
7979,-0.10686,0.89738,0
7980,0.40398,0.69664,0
7981,-0.47531,0.53162,0
7982,-0.91672,0.83479,0
7983,0.27784,0.53474,0
7984,-0.10312,0.76796,0
7985,-0.82444,0.96112,0
7986,-0.42990,1.14748,0
7987,0.42967,0.62506,0
7988,0.46192,0.82833,0
7989,1.24575,0.82030,0
7990,2.02463,0.59296,0
7991,0.22174,1.11166,0
7992,0.08970,0.65641,0
7993,-0.12084,0.74302,0
7994,-0.08004,0.73999,0
7995,-0.15329,0.77381,0
7996,-0.26465,0.55851,0
7997,-1.13711,0.86157,0
7998,0.03730,1.26789,0
7999,0.19739,0.77892,0
8000,0.26286,0.75964,1
8001,0.24454,0.80954,1
8002,0.36347,0.61635,1
8003,-0.34256,0.79764,1
8004,-0.46265,0.85726,1
8005,-0.35373,0.79770,1
8006,-0.66603,0.83834,1
8007,0.39394,0.57404,1
8008,0.54042,0.62783,1
8009,0.42298,0.94685,1
8010,-0.15887,0.65785,1
8011,0.31289,0.60231,1
8012,-0.49328,0.71344,1
8013,0.22755,0.79116,1
8014,0.47325,0.91480,1
8015,1.08560,0.70398,1
8016,0.12483,1.17150,1
8017,-0.04081,0.58940,1
8018,0.02800,0.62851,1
8019,0.48491,0.89712,1
8020,0.13590,0.97615,1
8021,0.08890,0.76762,1
8022,-0.64234,0.89178,1
8023,-0.82361,0.88632,1
8024,-0.33942,1.04323,1
8025,0.16611,0.79207,1
8026,-0.08002,0.58994,1
8027,0.16402,0.67325,1
8028,0.31191,1.13162,1
8029,0.33569,0.72273,1
8030,0.01051,0.76686,1
8031,0.18510,0.74096,1
8032,-0.18483,0.77687,1
8033,0.14095,0.71968,1
8034,0.04570,0.85343,1
8035,-0.17001,0.84797,1
8036,0.05149,1.13959,1
8037,-0.11042,0.84547,1
8038,0.08109,0.91087,1
8039,1.06034,1.21813,1
8040,0.83925,1.18228,1
8041,0.04360,1.24640,1
8042,-0.30759,1.05175,1
8043,-0.31376,0.91950,1
8044,0.31694,0.99628,1
8045,0.00901,0.93609,1
8046,-0.34819,0.78954,1
8047,-0.67627,0.79199,1
8048,-0.17609,0.92702,1
8049,0.36921,0.67155,1
8050,0.27208,0.85866,1
8051,0.02965,0.96478,1
8052,0.55954,0.76815,1
8053,0.10773,0.84931,1
8054,-0.23769,0.96716,1
8055,0.13228,0.80371,1
8056,0.04580,0.80974,1
8057,0.03474,0.67577,1
8058,0.30997,0.80763,1
8059,-0.36893,0.98103,1
8060,-0.62122,0.76612,1
8061,0.35550,1.23791,1
8062,0.15443,0.68338,1
8063,-0.13862,0.64635,1
8064,-0.06017,0.65703,1
8065,0.63527,0.74094,1
8066,0.29752,0.71195,1
8067,0.26857,0.70706,1
8068,0.21769,0.56923,1
8069,0.10898,0.60394,1
8070,0.12073,0.58170,1
8071,0.15700,0.61381,1
8072,-0.49143,1.11555,1
8073,-0.39907,0.74976,1
8074,-0.48758,0.70211,1
8075,-0.05642,0.65090,1
8076,0.17711,1.01154,1
8077,0.13299,0.76295,1
8078,-0.09184,0.72912,1
8079,-0.00362,0.71866,1
8080,-0.07426,0.91898,1
8081,0.00000,1.00000,1
8082,-0.07200,0.55847,1
8083,0.01165,0.89818,1
8084,-0.06072,1.00932,1
8085,-0.00582,0.69200,1
8086,-0.07833,0.80852,1
8087,0.02723,0.86222,1
8088,0.18535,0.62884,1
8089,0.35494,0.85124,1
8090,0.29241,0.57745,1
8091,0.21039,0.74473,1
8092,0.19777,0.59823,1
8093,0.10139,0.67182,1
8094,0.10747,0.51833,1
8095,-0.11365,0.52343,1
8096,-0.20112,0.71420,1
8097,-0.44915,0.83243,1
8098,-0.15074,1.05447,1
8099,-0.16486,0.61371,1
8100,-0.30954,0.50567,1
8101,-0.39965,0.72511,1
8102,0.64036,1.04714,1
8103,1.09990,1.67770,1
8104,0.27766,1.38231,1
8105,0.37611,0.61299,1
8106,-0.05788,0.64643,1
8107,0.03325,0.53325,1
8108,0.03196,0.55026,1
8109,0.10079,0.95339,1
8110,-1.59169,0.86225,1
8111,-1.13789,2.03335,1
8112,-0.41199,1.01031,1
8113,-0.27647,1.00969,1
8114,0.10783,1.14903,1
8115,0.41899,0.83487,1
8116,-0.06589,1.54575,1
8117,0.09353,0.70946,1
8118,-0.03558,0.74725,1
8119,-0.04157,0.82357,1
8120,-0.11243,0.79560,1
8121,0.12731,1.00796,1
8122,-0.73792,1.30816,1
8123,-0.61429,1.06806,1
8124,-0.08909,1.21820,1
8125,0.34657,0.83467,1
8126,-0.49629,1.13901,1
8127,1.66038,1.64547,1
8128,1.30051,1.23117,1
8129,-0.24228,0.90013,1
8130,0.06421,0.81293,1
8131,-0.20557,0.76374,1
8132,0.12511,0.96593,1
8133,0.15593,0.90906,1
8134,-0.74447,1.86179,1
8135,-1.41362,0.90047,1
8136,-1.18091,1.66675,1
8137,-0.58496,1.14222,1
8138,0.17541,0.88331,1
8139,-0.00223,1.15277,1
8140,0.32817,1.19172,1
8141,-0.01104,1.75235,1
8142,0.00215,1.07919,1
8143,0.37642,0.72245,1
8144,0.76272,0.88779,1
8145,0.55122,0.72122,1
8146,0.04905,0.65450,1
8147,-0.29529,1.02909,1
8148,-0.51544,1.90845,1
8149,-0.18693,1.64504,1
8150,-0.39703,0.99508,1
8151,0.05374,0.80863,1
8152,0.40648,1.10292,1
8153,0.02232,0.82910,1
8154,-0.50985,0.91805,1
8155,-0.66036,0.84580,1
8156,-0.23954,0.67844,1
8157,-0.30266,0.58279,1
8158,0.01475,0.64602,1
8159,0.12425,1.21643,1
8160,-0.82524,0.82100,1
8161,-0.36437,0.82171,1
8162,0.23176,0.65823,1
8163,-0.14676,0.51477,1
8164,0.12692,1.11820,1
8165,1.22618,0.80967,1
8166,-0.13681,0.88064,1
8167,0.03027,0.81351,1
8168,0.29096,0.64751,1
8169,0.27503,0.50000,1
8170,0.25033,0.55682,1
8171,0.29232,0.65867,1
8172,-0.65494,0.73204,1
8173,-0.81808,0.86548,1
8174,-0.23478,0.72933,1
8175,-0.39021,0.90760,1
8176,0.10764,1.12297,1
8177,1.12301,1.24474,1
8178,0.17945,1.74847,1
8179,0.19267,1.10899,1
8180,1.00683,0.93146,1
8181,0.47403,1.48176,1
8182,0.01405,0.91853,1
8183,0.42775,0.58330,1
8184,-0.64374,1.07077,1
8185,-0.65884,1.73581,1
8186,0.89598,1.20688,1
8187,-0.48668,1.19994,1
8188,-1.27993,1.03809,1
8189,0.13868,1.65539,1
8190,0.89854,1.12293,1
8191,-0.24616,0.89202,1
8192,-0.55799,0.81774,1
8193,-0.30585,0.82858,1
8194,-0.80319,0.81619,1
8195,-0.66550,0.54748,1
8196,-0.25445,0.50000,1
8197,-0.35808,0.65876,1
8198,-0.39388,0.74500,1
8199,0.67773,0.52910,1
8200,0.83928,1.11115,1
8201,0.31511,0.67067,1
8202,0.99830,1.45533,1
8203,1.80810,1.51195,1
8204,1.83538,1.63883,1
8205,-1.31422,1.51917,1
8206,-0.78524,0.71175,1
8207,-0.69734,1.00893,1
8208,-0.82769,1.22096,1
8209,-0.24791,1.20599,1
8210,-1.07946,1.62163,1
8211,-2.25841,2.25285,1
8212,-0.16492,1.48752,1
8213,0.95433,1.32648,1
8214,0.44173,1.81852,1
8215,1.96524,1.36716,1
8216,1.36353,2.37508,1
8217,-0.60873,2.25292,1
8218,0.21461,0.67749,1
8219,0.55144,0.72868,1
8220,-0.20487,0.75968,1
8221,-0.12870,0.63036,1
8222,-0.30630,1.70529,1
8223,-2.14862,0.91626,1
8224,-0.60189,1.12070,1
8225,0.05067,0.93987,1
8226,-0.81060,0.69115,1
8227,0.12632,1.14197,1
8228,1.15638,1.31181,1
8229,-0.14006,1.28954,1
8230,-0.55824,0.82266,1
8231,0.83117,0.69381,1
8232,0.85127,0.70824,1
8233,1.03176,0.56515,1
8234,0.82125,0.50000,1
8235,-0.25116,0.95276,1
8236,-1.23100,1.06551,1
8237,-0.77196,0.80043,1
8238,-0.54311,0.82060,1
8239,-0.84343,1.20714,1
8240,0.11752,0.81889,1
8241,1.10218,1.13734,1
8242,0.26958,0.88571,1
8243,-0.77013,0.78511,1
8244,0.58982,0.79215,1
8245,0.32272,0.92296,1
8246,-0.94412,0.58920,1
8247,-0.39548,0.90437,1
8248,-0.54110,1.88584,1
8249,-1.39183,1.27355,1
8250,-0.48916,0.89682,1
8251,-0.34209,0.50000,1
8252,0.37376,1.16540,1
8253,1.57082,1.10574,1
8254,0.77440,0.70729,1
8255,-0.38124,1.03075,1
8256,-1.39120,1.79130,1
8257,0.54695,0.87945,1
8258,-0.11203,0.50000,1
8259,-0.91843,0.79122,1
8260,-0.51692,0.78880,1
8261,-0.53470,0.59356,1
8262,0.36868,0.78190,1
8263,0.12513,0.51668,1
8264,-0.27293,0.76212,1
8265,0.67486,0.62376,1
8266,1.21224,0.64213,1
8267,0.42815,0.69787,1
8268,-0.13781,0.76614,1
8269,-0.34744,0.61855,1
8270,-0.83637,0.70194,1
8271,-0.32719,0.72636,1
8272,-0.06290,0.68813,1
8273,-0.11487,0.50000,1
8274,-0.38700,0.64808,1
8275,0.28287,0.74321,1
8276,-0.20991,0.63987,1
8277,1.01033,1.03977,1
8278,1.66404,1.11021,1
8279,1.02585,1.23693,1
8280,-0.88956,0.63923,1
8281,-0.92954,0.66283,1
8282,-0.26168,0.50000,1
8283,-0.69705,0.67964,1
8284,-0.39771,0.81339,1
8285,-1.25587,1.39858,1
8286,-2.63015,1.01865,1
8287,-0.95137,1.58028,1
8288,1.83113,2.19264,1
8289,2.23248,1.86001,1
8290,-0.46882,1.55387,1
8291,0.11366,1.43348,1
8292,1.29568,1.11147,1
8293,1.07057,1.02545,1
8294,-0.71019,0.98546,1
8295,-0.43921,1.25199,1
8296,-1.39660,1.20715,1
8297,-1.49144,2.02767,1
8298,0.19780,1.19671,1
8299,0.33542,0.82702,1
8300,-1.14474,1.49564,1
8301,0.36109,1.93776,1
8302,1.51950,1.02212,1
8303,0.36716,0.95714,1
8304,0.26755,0.72856,1
8305,0.37228,0.84508,1
8306,0.25561,0.50000,1
8307,0.35983,0.50000,1
8308,0.33375,0.50000,1
8309,0.39694,0.51827,1
8310,-0.14233,0.91281,1
8311,-0.51437,0.73236,1
8312,-0.91141,0.73337,1
8313,-0.16721,0.58422,1
8314,-0.78067,0.63756,1
8315,-0.88584,0.73776,1
8316,-0.14485,0.95012,1
8317,0.19887,0.84111,1
8318,-0.15970,0.85293,1
8319,0.09721,0.66026,1
8320,0.69001,0.95551,1
8321,0.57521,0.72773,1
8322,0.37879,0.76866,1
8323,0.69197,0.71039,1
8324,-0.13882,1.05289,1
8325,-0.20347,0.61505,1
8326,0.22435,0.65673,1
8327,-0.48910,0.93042,1
8328,-0.03421,0.98776,1
8329,0.98104,0.74391,1
8330,0.21274,1.03870,1
8331,-0.81075,0.88085,1
8332,-0.23044,0.75881,1
8333,-0.44920,0.74456,1
8334,-1.44263,0.70706,1
8335,-0.33379,1.08210,1
8336,-0.13985,1.10031,1
8337,-1.08210,0.92059,1
8338,-0.27836,1.02375,1
8339,0.60472,0.72864,1
8340,0.61731,1.01653,1
8341,1.47149,1.00613,1
8342,1.23782,1.11791,1
8343,-0.68099,0.64836,1
8344,0.34946,0.78960,1
8345,0.51529,0.71378,1
8346,-0.92023,1.01042,1
8347,-0.83439,0.65181,1
8348,-1.15181,1.29033,1
8349,-0.57973,1.25694,1
8350,0.08209,1.07958,1
8351,0.59040,0.73744,1
8352,-0.31843,0.69429,1
8353,0.32495,1.13677,1
8354,1.36554,0.74919,1
8355,-0.47964,0.86116,1
8356,-0.50659,0.77831,1
8357,-0.13417,0.60415,1
8358,0.07192,0.68755,1
8359,0.43983,0.53457,1
8360,0.60333,0.73684,1
8361,-0.72053,0.65068,1
8362,-0.72718,1.45135,1
8363,1.11953,0.76465,1
8364,0.89292,0.64214,1
8365,0.91647,0.85722,1
8366,0.79815,0.61478,1
8367,0.00956,0.60009,1
8368,-0.12149,0.58049,1
8369,0.08905,0.51096,1
8370,-0.02915,0.60141,1
8371,0.38777,0.54911,1
8372,0.15530,0.65612,1
8373,-0.49265,0.73817,1
8374,-0.93635,0.63203,1
8375,-0.79159,0.70981,1
8376,-0.76611,0.50423,1
8377,-0.19317,0.65405,1
8378,0.35555,0.69387,1
8379,0.94014,0.57332,1
8380,-0.42540,0.50000,1
8381,0.06535,0.74892,1
8382,0.50538,0.59242,1
8383,0.45306,0.60413,1
8384,0.00134,0.72976,1
8385,-0.93264,0.96435,1
8386,-1.48979,0.71849,1
8387,-1.09026,0.88813,1
8388,-0.36677,0.50000,1
8389,-0.48932,0.54436,1
8390,-0.49530,0.82257,1
8391,-0.39103,0.57494,1
8392,0.18907,0.71319,1
8393,-0.94295,0.67952,1
8394,-1.43054,0.64189,1
8395,-1.47586,0.71894,1
8396,-0.34056,0.73362,1
8397,0.03963,0.55916,1
8398,-0.09738,0.50000,1
8399,0.47324,0.74309,1
8400,0.79336,0.76815,1
8401,0.49064,0.52700,1
8402,0.69224,0.75299,1
8403,0.56752,1.02077,1
8404,0.32193,1.06750,1
8405,-1.00405,1.20855,1
8406,-2.16126,1.15649,1
8407,-0.56571,0.68510,1
8408,0.26340,0.76501,1
8409,1.48194,0.70687,1
8410,1.04778,1.55699,1
8411,-0.36564,0.76013,1
8412,1.10797,1.65215,1
8413,2.41934,0.78993,1
8414,0.94101,0.62762,1
8415,1.61240,0.82573,1
8416,0.41327,1.09634,1
8417,-0.77152,0.99345,1
8418,-1.24184,0.55621,1
8419,-0.42561,0.60421,1
8420,-0.89355,0.60630,1
8421,-0.30526,0.54178,1
8422,-0.30963,0.61224,1
8423,-0.22730,1.27077,1
8424,-0.29601,1.37344,1
8425,1.78409,0.84352,1
8426,1.22343,1.06267,1
8427,0.62164,0.64326,1
8428,1.20420,0.81849,1
8429,0.77760,0.97357,1
8430,-0.66420,1.00154,1
8431,-0.14181,0.62991,1
8432,0.02783,0.63476,1
8433,-0.33788,0.50000,1
8434,0.17109,0.73099,1
8435,0.06066,0.94130,1
8436,-0.74829,0.83355,1
8437,-0.19729,1.12140,1
8438,0.23068,0.74179,1
8439,-0.30768,0.50000,1
8440,0.42314,0.77088,1
8441,0.92231,0.90968,1
8442,-0.41809,1.02400,1
8443,-0.79550,0.67990,1
8444,0.37982,0.61679,1
8445,-0.05026,0.65770,1
8446,-0.03282,0.50000,1
8447,0.24044,0.59309,1
8448,-0.34429,1.00241,1
8449,-0.63885,0.97031,1
8450,0.37716,0.80177,1
8451,0.83738,0.62004,1
8452,0.72397,0.71235,1
8453,1.11931,0.75356,1
8454,0.58306,1.03890,1
8455,-0.15520,0.83481,1
8456,-0.31997,0.62055,1
8457,-0.78197,0.62694,1
8458,-1.08075,0.50000,1
8459,-1.04348,0.69146,1
8460,-1.19912,0.71074,1
8461,-0.82384,0.78971,1
8462,0.17620,1.05339,1
8463,0.55911,0.85519,1
8464,1.11838,0.63831,1
8465,0.99161,0.76897,1
8466,0.16153,0.51154,1
8467,0.12042,0.75566,1
8468,0.18725,0.63362,1
8469,-0.15210,0.71698,1
8470,-0.15879,0.69882,1
8471,-0.20412,0.80893,1
8472,-0.05258,0.79072,1
8473,0.35608,1.05279,1
8474,0.28930,0.81180,1
8475,-0.11412,0.59007,1
8476,0.03261,0.69794,1
8477,0.06991,0.58555,1
8478,0.08424,0.66071,1
8479,0.71932,0.77058,1
8480,-0.30753,0.79664,1
8481,0.05790,0.56855,1
8482,0.57050,0.50000,1
8483,0.19038,0.69997,1
8484,0.11115,0.73972,1
8485,-0.03932,0.78096,1
8486,-0.48214,0.77175,1
8487,-0.47951,0.94292,1
8488,0.16425,0.67156,1
8489,0.16602,0.60786,1
8490,0.01272,0.50000,1
8491,0.61346,1.02217,1
8492,0.84132,1.15088,1
8493,0.07462,0.86726,1
8494,0.49431,0.64665,1
8495,-0.14001,0.50000,1
8496,-0.14966,0.55699,1
8497,-0.04962,0.66438,1
8498,-0.09758,1.02717,1
8499,-0.85526,0.89206,1
8500,-0.01448,1.41418,1
8501,0.55808,0.50221,1
8502,0.31704,0.50979,1
8503,0.87649,0.89675,1
8504,0.32123,0.65148,1
8505,-0.54520,0.63589,1
8506,-0.19235,0.50000,1
8507,-0.30561,0.50000,1
8508,-0.47982,0.54565,1
8509,-0.51445,0.57854,1
8510,-0.18272,0.88202,1
8511,-0.66569,0.60582,1
8512,0.04466,0.70731,1
8513,0.32007,0.52117,1
8514,0.26282,0.72747,1
8515,0.29315,0.65300,1
8516,1.28792,0.69093,1
8517,0.49465,0.97471,1
8518,0.04549,0.67821,1
8519,0.00374,0.56769,1
8520,0.11864,0.63399,1
8521,0.29605,0.56856,1
8522,0.28907,0.88125,1
8523,-0.32584,1.05170,1
8524,-0.84660,0.76368,1
8525,-0.00219,0.97539,1
8526,0.35329,0.65122,1
8527,0.56656,0.54602,1
8528,0.46438,0.97669,1
8529,0.67139,0.74941,1
8530,-0.40662,0.82842,1
8531,-0.18194,0.74316,1
8532,-0.61635,0.76969,1
8533,-0.20335,0.67258,1
8534,-0.51204,0.75333,1
8535,-0.55951,1.09232,1
8536,-0.23909,1.03417,1
8537,0.02496,0.97159,1
8538,0.65769,0.71005,1
8539,0.90253,0.74224,1
8540,0.94057,0.92187,1
8541,0.75644,1.22833,1
8542,0.68644,0.82564,1
8543,0.34938,0.89608,1
8544,-0.12781,0.62049,1
8545,-0.27960,0.75145,1
8546,-0.54009,0.66399,1
8547,-0.63684,0.56391,1
8548,-0.25417,0.50236,1
8549,-0.25671,0.58678,1
8550,-0.65365,0.66186,1
8551,-0.62938,0.50000,1
8552,-0.40018,0.64065,1
8553,0.83330,0.82303,1
8554,0.22404,0.90802,1
8555,-0.32884,0.80959,1
8556,0.46450,0.91333,1
8557,0.25442,1.16327,1
8558,-1.01121,0.83078,1
8559,-0.31508,0.58312,1
8560,-1.71745,1.02343,1
8561,-2.49132,0.92092,1
8562,-1.06747,0.61928,1
8563,-2.26182,0.66366,1
8564,-3.00597,0.66795,1
8565,-1.29594,0.92081,1
8566,-1.11652,0.62133,1
8567,-0.13634,0.85006,1
8568,0.88390,0.65974,1
8569,1.27557,0.67406,1
8570,-0.10024,0.68394,1
8571,0.20647,0.50000,1
8572,0.28824,0.58120,1
8573,0.51277,0.50000,1
8574,0.63494,0.50000,1
8575,0.65934,0.78794,1
8576,-0.37430,0.75766,1
8577,0.88138,1.00777,1
8578,0.99559,0.65967,1
8579,0.09490,0.50000,1
8580,-0.63456,0.67553,1
8581,0.29591,0.57554,1
8582,-0.57274,0.79484,1
8583,-1.04148,0.74342,1
8584,-1.23171,0.50000,1
8585,-0.76996,0.50000,1
8586,-0.39827,0.50000,1
8587,0.22868,0.50000,1
8588,0.18658,1.08706,1
8589,0.27406,0.84851,1
8590,0.93248,0.95363,1
8591,0.26748,0.92763,1
8592,0.87650,0.70721,1
8593,-0.82621,0.50766,1
8594,0.08629,0.62149,1
8595,-0.42066,0.50000,1
8596,-0.57893,0.52839,1
8597,-0.46873,0.70404,1
8598,0.62655,0.67273,1
8599,-0.69831,0.62458,1
8600,-0.52190,0.50000,1
8601,-0.73621,0.50000,1
8602,-0.70703,0.50000,1
8603,-0.95072,0.66008,1
8604,-0.25830,0.89569,1
8605,-1.40507,0.92811,1
8606,-1.24666,0.92131,1
8607,-1.48270,0.73941,1
8608,-0.62558,0.65633,1
8609,-0.12751,0.73864,1
8610,0.54286,0.92615,1
8611,-0.48924,0.77334,1
8612,-0.05917,1.02686,1
8613,0.46000,1.02923,1
8614,2.24706,1.61527,1
8615,3.92468,1.06866,1
8616,0.21701,2.41582,1
8617,-0.18088,1.06413,1
8618,-0.92957,1.01091,1
8619,0.43465,0.67084,1
8620,-0.13481,0.59573,1
8621,0.08895,1.29055,1
8622,-2.94313,1.45527,1
8623,-2.77617,1.85899,1
8624,0.48568,0.97376,1
8625,-0.13737,0.69037,1
8626,0.19597,0.98477,1
8627,1.25429,1.10156,1
8628,1.38177,2.00694,1
8629,-1.61330,1.05815,1
8630,0.25799,0.94909,1
8631,-0.50437,0.68845,1
8632,1.92843,1.64108,1
8633,3.32543,0.96984,1
8634,-0.06105,2.78960,1
8635,-1.99126,1.73768,1
8636,1.40003,1.97400,1
8637,0.01014,1.06616,1
8638,0.84192,1.44597,1
8639,0.60781,1.03198,1
8640,-2.36003,1.15553,1
8641,-1.20324,2.16612,1
8642,1.03172,0.75017,1
8643,0.03301,0.76606,1
8644,0.50244,1.01239,1
8645,0.18200,0.85555,1
8646,0.79160,0.88179,1
8647,0.50811,0.95923,1
8648,0.43931,0.71494,1
8649,0.56566,0.53461,1
8650,-0.20282,0.78802,1
8651,-0.45089,0.92441,1
8652,-0.07920,0.91571,1
8653,-0.02721,0.97712,1
8654,0.14512,1.04762,1
8655,-0.06453,1.06264,1
8656,-0.06327,0.90928,1
8657,-0.00989,0.74452,1
8658,-0.23717,0.72643,1
8659,-0.15860,0.82407,1
8660,-0.34894,0.94532,1
8661,-0.64817,1.00592,1
8662,-0.23661,0.97875,1
8663,-0.18236,0.97402,1
8664,-0.31600,0.98342,1
8665,-0.11566,1.29576,1
8666,0.50495,1.18020,1
8667,-0.09967,0.94672,1
8668,0.45216,1.00066,1
8669,-0.00421,0.77115,1
8670,0.04927,0.92183,1
8671,0.04983,0.97691,1
8672,0.17792,0.88269,1
8673,-0.34388,0.70403,1
8674,-0.52358,1.21554,1
8675,-0.44618,1.04730,1
8676,-0.01784,0.98647,1
8677,0.29085,0.95822,1
8678,0.25187,0.78549,1
8679,-0.00378,0.96254,1
8680,-0.05144,0.66743,1
8681,0.02303,0.67275,1
8682,0.10035,0.69713,1
8683,0.01067,0.71418,1
8684,0.06364,0.62465,1
8685,-0.45490,0.66323,1
8686,-0.27613,0.53437,1
8687,-0.04202,0.50000,1
8688,-0.12887,0.50000,1
8689,-0.10354,0.50000,1
8690,0.16526,0.51376,1
8691,0.33253,0.50000,1
8692,0.48498,0.51828,1
8693,0.69398,0.50230,1
8694,0.66524,0.56424,1
8695,0.34887,0.50000,1
8696,0.16175,0.50000,1
8697,-0.31583,0.50000,1
8698,-0.36178,0.60030,1
8699,-0.44561,0.92528,1
8700,-0.35912,0.52069,1
8701,-0.26660,0.50000,1
8702,-0.20505,0.61166,1
8703,-0.16129,0.51561,1
8704,0.18581,0.50000,1
8705,0.61752,0.73142,1
8706,0.25342,0.79986,1
8707,-0.28630,0.53121,1
8708,-0.34085,0.50000,1
8709,-0.41609,0.50000,1
8710,-0.35120,0.50000,1
8711,0.16578,0.53228,1
8712,-0.05672,0.64243,1
8713,-0.47650,0.54670,1
8714,-0.22724,0.71959,1
8715,-0.24175,0.58569,1
8716,-0.66393,0.51235,1
8717,0.09153,0.78129,1
8718,0.59489,0.73434,1
8719,0.08911,0.73232,1
8720,0.00848,0.50000,1
8721,0.04582,0.50000,1
8722,0.07799,0.50000,1
8723,0.72220,0.50000,1
8724,0.63996,0.62154,1
8725,-0.89483,0.80141,1
8726,-0.98571,1.03567,1
8727,0.38720,0.66060,1
8728,0.26245,0.50000,1
8729,0.17482,0.57462,1
8730,0.01474,0.51191,1
8731,-0.47984,0.58385,1
8732,-0.54577,0.66136,1
8733,0.10028,0.85448,1
8734,0.32476,0.50000,1
8735,-0.14117,0.50000,1
8736,-0.07064,0.50000,1
8737,0.12580,0.50960,1
8738,0.03437,0.50000,1
8739,0.16898,0.59163,1
8740,0.29810,0.59687,1
8741,-0.27913,0.50000,1
8742,-0.06502,0.84280,1
8743,0.77326,0.92380,1
8744,-0.20987,1.29944,1
8745,-0.45374,0.90900,1
8746,0.07863,0.73075,1
8747,-0.10848,0.58389,1
8748,0.11563,0.62012,1
8749,0.11780,0.57077,1
8750,-0.75931,0.99630,1
8751,-1.12094,1.05099,1
8752,0.42293,0.79033,1
8753,0.49434,0.67360,1
8754,-0.10810,0.82020,1
8755,0.50707,0.67389,1
8756,0.36265,1.01595,1
8757,0.18414,0.94009,1
8758,-0.10946,0.50000,1
8759,-0.07294,0.50000,1
8760,-0.36872,0.60930,1
8761,-0.10390,0.65763,1
8762,0.03169,0.69558,1
8763,-0.19628,0.74246,1
8764,0.00422,0.84566,1
8765,-0.28534,0.58466,1
8766,-0.35471,0.81186,1
8767,0.11651,1.04629,1
8768,0.77907,0.75371,1
8769,0.22969,1.23514,1
8770,-0.45942,0.62713,1
8771,-0.16715,0.91141,1
8772,0.15553,0.84367,1
8773,0.29385,0.50000,1
8774,0.27320,0.60552,1
8775,-0.51359,0.86683,1
8776,-0.73475,0.85623,1
8777,-0.04705,0.73014,1
8778,-0.36925,0.63078,1
8779,-0.47946,0.73899,1
8780,0.38901,1.03246,1
8781,0.18344,1.12917,1
8782,-0.29988,0.80400,1
8783,-0.15691,0.64728,1
8784,0.05876,0.55506,1
8785,-0.23038,0.50101,1
8786,0.07249,0.50000,1
8787,-0.08669,0.77091,1
8788,-0.83958,0.79790,1
8789,0.13665,1.11476,1
8790,0.10400,0.78818,1
8791,-0.21300,0.58688,1
8792,-0.08860,0.71580,1
8793,1.32057,0.76422,1
8794,-0.06172,0.84226,1
8795,-0.29056,0.67377,1
8796,-0.73545,0.80339,1
8797,-0.24915,0.60147,1
8798,0.10027,0.50767,1
8799,-0.28975,0.86684,1
8800,-0.94556,1.20366,1
8801,-0.82720,1.10188,1
8802,-0.35032,0.74859,1
8803,0.28839,0.80782,1
8804,0.80664,0.67460,1
8805,0.52612,0.61527,1
8806,0.07137,0.70564,1
8807,0.06958,0.72287,1
8808,-0.38027,0.50000,1
8809,-0.55073,0.69849,1
8810,-0.36035,0.53734,1
8811,-0.55149,0.65451,1
8812,-0.68821,0.70101,1
8813,-0.45025,0.78648,1
8814,-0.36933,0.86354,1
8815,-0.96067,0.85042,1
8816,0.03068,0.76367,1
8817,0.52542,0.78315,1
8818,0.59284,0.57417,1
8819,0.17645,1.05971,1
8820,-0.68233,0.97276,1
8821,0.47715,1.09182,1
8822,0.39390,0.83731,1
8823,0.10328,0.84403,1
8824,-0.04613,0.58903,1
8825,-0.67198,0.75594,1
8826,-0.87669,0.91161,1
8827,-0.82183,0.83555,1
8828,-0.12641,0.53642,1
8829,-0.22684,0.53485,1
8830,0.56172,0.92215,1
8831,0.49514,0.66319,1
8832,-0.91141,1.12093,1
8833,-1.12960,0.80529,1
8834,-0.33266,0.92721,1
8835,0.47002,0.52959,1
8836,0.59911,0.50000,1
8837,0.41657,0.86259,1
8838,-1.02383,0.62736,1
8839,-1.03449,1.21738,1
8840,0.34725,0.73363,1
8841,-0.16710,0.52791,1
8842,-0.24219,0.71771,1
8843,0.11033,0.60450,1
8844,-0.52630,1.15812,1
8845,-0.28822,0.82755,1
8846,0.36575,0.68482,1
8847,0.11154,0.73427,1
8848,0.51434,0.64887,1
8849,0.08911,0.80470,1
8850,-0.98272,0.80012,1
8851,-1.72511,0.68047,1
8852,-0.07669,0.95512,1
8853,-0.05286,0.50000,1
8854,-0.23278,0.79900,1
8855,0.57642,1.02396,1
8856,1.60026,0.84245,1
8857,1.62712,0.83885,1
8858,1.25122,0.95603,1
8859,-0.27034,0.77798,1
8860,-0.50763,0.50000,1
8861,-0.63543,0.69128,1
8862,-0.30862,0.50000,1
8863,-1.24138,0.71584,1
8864,-0.71488,0.71585,1
8865,-0.42575,1.00363,1
8866,0.37455,0.74001,1
8867,-0.06647,0.50000,1
8868,0.82890,0.66424,1
8869,0.56490,0.79523,1
8870,-0.18304,0.54992,1
8871,0.13877,0.56795,1
8872,0.12552,0.50000,1
8873,-0.67096,0.56613,1
8874,-0.21165,0.56252,1
8875,0.16012,0.59388,1
8876,-0.47384,0.50000,1
8877,0.47427,0.72812,1
8878,0.19370,0.88513,1
8879,-0.75669,0.65568,1
8880,-0.46303,0.90650,1
8881,0.35254,0.85581,1
8882,-0.11020,0.88109,1
8883,-0.11121,0.76895,1
8884,0.30810,0.64656,1
8885,-1.47263,0.98994,1
8886,-0.80394,1.33214,1
8887,0.72217,0.64427,1
8888,0.27428,0.76321,1
8889,0.43806,0.84240,1
8890,-0.14083,0.83806,1
8891,-1.52157,0.95938,1
8892,-0.61139,1.08073,1
8893,0.37843,0.82132,1
8894,0.21477,0.51958,1
8895,-0.24067,0.72683,1
8896,-0.29912,0.56104,1
8897,-0.51465,0.78216,1
8898,-0.36862,0.98990,1
8899,0.13908,0.84021,1
8900,0.30751,0.52628,1
8901,-0.06912,0.72268,1
8902,-0.33892,0.50000,1
8903,-0.73530,0.63155,1
8904,0.00765,0.51502,1
8905,0.24376,0.99992,1
8906,-0.09461,0.88531,1
8907,1.28777,1.32557,1
8908,1.02430,0.75887,1
8909,-0.41601,0.67116,1
8910,-0.14639,0.86920,1
8911,-0.53620,0.68581,1
8912,-0.96277,0.64688,1
8913,0.36611,0.91188,1
8914,0.47695,0.81316,1
8915,-1.17193,0.63416,1
8916,-0.64914,0.68662,1
8917,0.01732,0.52864,1
8918,0.67088,0.89928,1
8919,0.78379,0.98037,1
8920,0.38745,0.77480,1
8921,0.55327,0.70748,1
8922,-0.03444,0.50000,1
8923,-0.38630,0.50000,1
8924,0.23411,0.81042,1
8925,-0.12694,0.63711,1
8926,-0.60294,0.63024,1
8927,-0.10523,0.50000,1
8928,-0.34954,0.90704,1
8929,-0.77917,0.67923,1
8930,0.38778,0.78185,1
8931,0.70048,0.69248,1
8932,0.69834,0.76969,1
8933,0.02807,0.50000,1
8934,0.17171,0.50000,1
8935,-0.25990,0.56231,1
8936,0.01499,0.64762,1
8937,-0.44493,0.72537,1
8938,-0.55009,0.73568,1
8939,-0.47267,0.57213,1
8940,0.07529,0.70065,1
8941,-0.00204,0.64841,1
8942,-0.35511,0.99414,1
8943,0.91399,1.18159,1
8944,1.22894,0.75688,1
8945,0.25506,0.65345,1
8946,-0.45545,0.56256,1
8947,-0.73126,0.60941,1
8948,-0.37690,0.66436,1
8949,-0.08015,0.52662,1
8950,-0.12864,0.86794,1
8951,-0.24266,0.70874,1
8952,0.28452,0.91181,1
8953,0.42663,0.65606,1
8954,-0.33089,0.88552,1
8955,-0.11727,0.97759,1
8956,1.35039,1.02239,1
8957,0.86667,1.40122,1
8958,-0.90375,0.92558,1
8959,0.39366,0.89022,1
8960,-0.04958,1.11149,1
8961,-0.33548,0.96892,1
8962,0.63611,1.16584,1
8963,-0.18735,1.16982,1
8964,-1.15359,0.99575,1
8965,-0.41190,1.13165,1
8966,-0.13891,1.41728,1
8967,-0.74882,1.08315,1
8968,0.27277,1.05590,1
8969,1.84529,0.99418,1
8970,0.40654,1.38550,1
8971,-0.68539,1.09036,1
8972,-0.23200,0.80127,1
8973,-0.35628,0.82839,1
8974,-0.13395,0.84800,1
8975,0.53765,0.57856,1
8976,-0.52825,1.01472,1
8977,-0.35013,1.01168,1
8978,0.66361,1.16017,1
8979,1.18126,1.02712,1
8980,0.71957,0.83866,1
8981,0.21736,0.83650,1
8982,0.02886,0.74441,1
8983,-0.37765,0.61655,1
8984,-0.34146,0.77137,1
8985,-0.07021,0.66612,1
8986,-0.61728,0.91431,1
8987,-0.84246,0.61038,1
8988,-0.07343,0.70031,1
8989,-0.34179,0.63185,1
8990,-0.02244,0.59485,1
8991,0.14299,0.50000,1
8992,-0.21528,0.65410,1
8993,0.08397,0.70835,1
8994,0.78287,0.68199,1
8995,0.44809,0.59085,1
8996,-0.20850,0.50000,1
8997,0.03121,0.50000,1
8998,0.06577,0.60483,1
8999,-0.47428,0.69115,1
9000,-1.21744,0.50000,1
9001,0.22674,0.68710,1
9002,0.24575,0.64563,1
9003,-0.12330,0.52192,1
9004,-0.20406,0.59398,1
9005,-0.04069,0.61066,1
9006,-0.44820,0.50000,1
9007,-0.39245,0.62534,1
9008,0.14129,0.50000,1
9009,-0.21642,0.50000,1
9010,-0.22348,0.50000,1
9011,0.44932,0.50000,1
9012,0.44234,0.59853,1
9013,-0.21374,0.51463,1
9014,0.83427,0.87420,1
9015,0.70862,0.50000,1
9016,0.48295,0.89272,1
9017,-0.26731,0.50000,1
9018,0.37383,0.50000,1
9019,0.68808,0.99917,1
9020,-0.34058,0.57612,1
9021,-0.75004,0.54955,1
9022,-0.81072,0.50000,1
9023,-0.72766,0.50000,1
9024,-0.68106,0.74926,1
9025,-0.32004,0.91547,1
9026,-0.74264,0.97287,1
9027,-0.45102,1.04109,1
9028,0.91896,0.76424,1
9029,1.18602,0.71151,1
9030,0.15467,0.64727,1
9031,0.79957,0.73751,1
9032,0.21594,0.74305,1
9033,-0.92892,0.50000,1
9034,-0.72090,0.50000,1
9035,-1.04373,0.52868,1
9036,-1.02571,0.50000,1
9037,-0.29250,0.73261,1
9038,-0.14018,0.77658,1
9039,-0.35063,0.92680,1
9040,0.54098,0.83517,1
9041,1.06950,0.61959,1
9042,0.43972,0.55301,1
9043,0.60205,0.50000,1
9044,0.63840,0.73087,1
9045,-0.28247,1.16668,1
9046,-0.21534,0.78793,1
9047,0.36777,0.65274,1
9048,-0.26916,0.57265,1
9049,-0.60267,0.50000,1
9050,0.16051,0.57076,1
9051,-0.35176,0.51827,1
9052,0.00903,0.89279,1
9053,0.96341,0.78331,1
9054,0.28463,0.78241,1
9055,-0.64994,0.70764,1
9056,0.03195,0.50000,1
9057,-0.12282,0.52374,1
9058,-0.21286,0.50000,1
9059,0.11933,0.50000,1
9060,0.20915,0.53006,1
9061,0.18273,0.50000,1
9062,0.96376,0.50000,1
9063,1.18895,0.60114,1
9064,0.18070,0.86413,1
9065,-0.91154,0.50000,1
9066,-1.00827,0.50000,1
9067,-0.60290,0.50000,1
9068,-0.43533,0.50000,1
9069,-0.91280,0.50000,1
9070,-1.11322,0.50000,1
9071,-0.96509,0.50000,1
9072,-0.41877,0.50000,1
9073,0.82097,0.50000,1
9074,1.08038,0.50000,1
9075,0.65031,0.59775,1
9076,0.76708,0.50564,1
9077,0.82112,0.70455,1
9078,0.10181,0.62356,1
9079,-0.23087,0.50000,1
9080,0.47223,0.70694,1
9081,0.69352,0.67687,1
9082,-0.52380,1.40927,1
9083,-2.12676,0.59559,1
9084,-1.02673,0.71960,1
9085,-0.49663,0.71305,1
9086,-0.26917,0.55961,1
9087,0.26190,0.55877,1
9088,-0.58641,0.66678,1
9089,-0.83874,1.12111,1
9090,0.81360,0.92000,1
9091,1.31821,0.72488,1
9092,0.28098,0.72098,1
9093,1.63895,1.09443,1
9094,1.81498,1.02600,1
9095,0.46810,1.11254,1
9096,-0.10157,0.81481,1
9097,0.08334,1.11028,1
9098,-1.38802,0.90226,1
9099,-1.37914,0.93071,1
9100,-0.49549,0.58817,1
9101,-1.19305,1.10594,1
9102,-1.04946,1.05562,1
9103,0.48266,0.70708,1
9104,0.41959,1.06291,1
9105,1.07560,0.62386,1
9106,0.99754,0.82330,1
9107,0.30286,0.71309,1
9108,0.32986,0.53667,1
9109,-0.30621,0.65074,1
9110,-0.81274,0.66304,1
9111,-0.75128,0.58405,1
9112,-0.63449,0.56717,1
9113,-0.35867,0.64226,1
9114,0.12242,0.68704,1
9115,0.01713,0.50154,1
9116,0.89013,0.51241,1
9117,1.40953,0.75075,1
9118,1.13135,1.01358,1
9119,0.62278,0.97429,1
9120,-0.40857,0.90838,1
9121,-1.19056,0.69117,1
9122,-0.70074,0.54265,1
9123,-0.37726,0.50000,1
9124,-0.06233,0.50000,1
9125,0.48322,0.75400,1
9126,0.88127,1.04858,1
9127,1.24454,0.84185,1
9128,1.18240,1.00892,1
9129,0.77962,0.61243,1
9130,0.69905,0.62216,1
9131,0.33167,0.94469,1
9132,-0.28833,1.32649,1
9133,-2.34469,0.56465,1
9134,-1.06254,0.89318,1
9135,-0.19835,0.50000,1
9136,0.15327,0.50000,1
9137,-0.05778,0.51750,1
9138,-0.06519,0.50000,1
9139,0.03974,0.65391,1
9140,-0.35265,0.59162,1
9141,0.38606,0.58252,1
9142,1.07468,0.86524,1
9143,1.86101,1.21183,1
9144,0.13911,1.44514,1
9145,-1.40992,0.89067,1
9146,-1.25060,0.60145,1
9147,-0.33604,0.71632,1
9148,0.38519,0.56503,1
9149,-0.52666,1.03585,1
9150,-1.44831,1.34575,1
9151,-0.89619,1.34087,1
9152,1.71564,1.07675,1
9153,1.29190,0.88841,1
9154,0.56367,0.71270,1
9155,1.00896,0.81845,1
9156,1.49620,0.90096,1
9157,-0.51914,1.38048,1
9158,-0.75973,1.03981,1
9159,0.34856,0.52063,1
9160,-0.51958,0.75861,1
9161,-0.11972,0.50000,1
9162,0.10074,0.83484,1
9163,-0.93946,0.75472,1
9164,0.45011,1.30055,1
9165,1.12597,0.60833,1
9166,0.50698,1.17656,1
9167,-0.22245,0.81354,1
9168,1.40727,0.76510,1
9169,-0.14553,1.42548,1
9170,-0.77527,0.50838,1
9171,-0.02483,0.65602,1
9172,-0.49500,0.59166,1
9173,-0.53455,0.50000,1
9174,-0.21116,0.75106,1
9175,-0.56429,0.90541,1
9176,-0.61549,1.03866,1
9177,0.11677,0.83224,1
9178,0.24057,0.83649,1
9179,0.28360,0.68089,1
9180,0.29634,0.61037,1
9181,-0.07539,0.95637,1
9182,-0.23435,0.50647,1
9183,-0.46662,0.53089,1
9184,-0.29668,0.84528,1
9185,-0.41647,0.63620,1
9186,-0.45766,0.57785,1
9187,-0.70036,0.70313,1
9188,-0.75382,0.75556,1
9189,-0.15242,0.92747,1
9190,-0.01049,0.58872,1
9191,0.12169,0.81475,1
9192,0.18874,0.87800,1
9193,0.47578,0.71254,1
9194,-0.02954,1.08086,1
9195,-0.45263,0.52588,1
9196,0.24999,0.52306,1
9197,0.25305,0.61011,1
9198,0.27222,0.56801,1
9199,0.09696,0.80444,1
9200,-1.19791,0.87042,1
9201,-1.56492,1.02337,1
9202,0.50477,0.93375,1
9203,-0.06146,0.64763,1
9204,-0.18017,0.86994,1
9205,0.55323,1.04965,1
9206,0.22771,0.95446,1
9207,-0.01266,0.81093,1
9208,0.26115,0.54992,1
9209,0.27696,0.50000,1
9210,0.15324,0.54503,1
9211,0.31873,0.53474,1
9212,-0.10138,0.88278,1
9213,-0.92255,1.07404,1
9214,-0.05940,0.90919,1
9215,0.35194,0.50000,1
9216,0.02590,0.56553,1
9217,0.57648,0.67576,1
9218,0.90875,0.50000,1
9219,0.33762,0.88540,1
9220,0.49007,0.54036,1
9221,-0.11093,0.51867,1
9222,-0.70160,0.50259,1
9223,-0.33124,0.50000,1
9224,-0.68866,0.65637,1
9225,-0.72761,0.50000,1
9226,-1.23980,0.65311,1
9227,-1.35515,0.75706,1
9228,-0.69774,0.92536,1
9229,0.20466,0.63765,1
9230,0.52573,0.62759,1
9231,0.70277,0.96150,1
9232,-0.00695,0.95220,1
9233,0.17853,0.55459,1
9234,0.16863,0.50000,1
9235,-0.00734,0.50000,1
9236,-0.06782,0.63192,1
9237,-0.36153,0.55840,1
9238,-0.68143,0.50000,1
9239,-0.15665,1.07334,1
9240,0.87848,0.57917,1
9241,0.85241,0.62097,1
9242,0.57285,0.50000,1
9243,0.20334,0.50000,1
9244,-0.21041,0.76075,1
9245,-0.86450,0.50000,1
9246,-0.50288,0.50000,1
9247,-0.10120,0.50000,1
9248,-0.01144,0.51847,1
9249,0.14979,0.50000,1
9250,-0.16805,0.58248,1
9251,-0.52805,0.50000,1
9252,0.44359,0.52239,1
9253,0.13827,0.50000,1
9254,-0.10186,0.52318,1
9255,-0.28099,0.50710,1
9256,-0.06053,0.69802,1
9257,0.23289,0.56796,1
9258,0.08582,0.50000,1
9259,0.19380,0.50000,1
9260,-0.03281,0.51991,1
9261,-0.80044,1.06630,1
9262,-0.88227,0.99707,1
9263,-0.14149,0.67013,1
9264,-0.75061,0.85128,1
9265,-0.45566,0.65603,1
9266,0.39450,0.75375,1
9267,-0.04782,0.90178,1
9268,0.09055,0.88801,1
9269,0.57711,0.79205,1
9270,-0.65590,0.66469,1
9271,-0.64506,0.79594,1
9272,-0.68170,0.92852,1
9273,-0.28225,0.70446,1
9274,0.59849,0.91155,1
9275,1.33374,1.00526,1
9276,0.28772,0.50000,1
9277,-0.00350,0.63809,1
9278,0.13395,0.71166,1
9279,0.25995,0.65979,1
9280,-0.15352,0.50000,1
9281,-0.87771,0.70013,1
9282,-1.80987,0.86955,1
9283,-0.61872,1.17043,1
9284,-0.19846,1.33259,1
9285,0.60154,0.96586,1
9286,2.11485,1.13446,1
9287,1.67598,1.86188,1
9288,0.21209,0.94449,1
9289,0.72149,0.55934,1
9290,0.32485,0.68590,1
9291,0.15921,0.83389,1
9292,-0.06541,1.27754,1
9293,-1.09482,1.30603,1
9294,-2.07756,0.93359,1
9295,-0.85327,1.47154,1
9296,0.25881,1.29765,1
9297,-0.27179,0.89067,1
9298,-0.49444,0.79725,1
9299,0.67593,0.68711,1
9300,-1.15132,1.48222,1
9301,-1.00028,1.10673,1
9302,-0.27530,0.76877,1
9303,-0.49368,0.66213,1
9304,-0.46293,0.92334,1
9305,0.41650,0.66911,1
9306,-0.14579,0.83494,1
9307,0.11245,0.95180,1
9308,1.44333,0.77030,1
9309,0.83413,0.74354,1
9310,0.82644,1.34758,1
9311,1.35908,1.11301,1
9312,0.12280,0.50937,1
9313,-0.15771,0.85140,1
9314,0.12982,0.88465,1
9315,-0.03667,0.59970,1
9316,-0.40330,0.80600,1
9317,0.01384,0.99185,1
9318,0.16542,1.14140,1
9319,-0.33748,0.66929,1
9320,-0.32426,0.53070,1
9321,-0.79763,0.82943,1
9322,0.20980,0.90758,1
9323,0.98715,0.96472,1
9324,0.07898,0.79926,1
9325,-0.25770,0.55804,1
9326,0.31190,0.65292,1
9327,0.68063,0.56026,1
9328,1.13615,0.52114,1
9329,0.73715,0.84632,1
9330,-0.30055,1.04595,1
9331,-0.55117,1.33766,1
9332,0.97005,1.03383,1
9333,-0.13260,0.88025,1
9334,-0.89784,0.66013,1
9335,-0.52736,0.69747,1
9336,-0.36800,0.75656,1
9337,-0.16589,0.57908,1
9338,-0.40488,0.71599,1
9339,-0.74119,1.02003,1
9340,-1.28049,0.89842,1
9341,-0.35745,0.87441,1
9342,0.53656,0.95895,1
9343,0.22294,0.88394,1
9344,0.34325,0.64935,1
9345,0.57565,0.63487,1
9346,0.73682,0.87039,1
9347,0.18995,0.90038,1
9348,-0.30779,0.96856,1
9349,0.62267,0.77998,1
9350,0.42568,0.89082,1
9351,0.02121,0.67447,1
9352,-0.10799,0.66508,1
9353,-0.18474,0.69331,1
9354,-0.05071,0.67600,1
9355,0.71409,0.82206,1
9356,0.25636,0.84509,1
9357,-0.01174,0.60399,1
9358,-0.51029,0.62160,1
9359,-0.60722,0.61418,1
9360,-0.54781,1.14160,1
9361,-0.81306,0.81607,1
9362,-0.29006,0.50000,1
9363,-0.19344,0.78550,1
9364,-0.02885,0.76320,1
9365,0.03218,0.69697,1
9366,0.07134,0.50000,1
9367,0.55605,1.02111,1
9368,0.83035,0.85728,1
9369,0.72906,0.87409,1
9370,0.33451,0.52877,1
9371,-0.04824,0.50000,1
9372,0.16782,0.80233,1
9373,-0.04556,0.79235,1
9374,-0.03882,0.58992,1
9375,-0.03185,0.56369,1
9376,0.10815,0.68662,1
9377,0.31659,0.71486,1
9378,0.14651,0.59124,1
9379,0.53585,0.60503,1
9380,0.50186,0.77508,1
9381,0.73024,0.80008,1
9382,0.88778,0.95083,1
9383,0.54814,0.73941,1
9384,-1.68331,1.26182,1
9385,-2.47986,1.39828,1
9386,-1.69063,0.88079,1
9387,-1.95996,1.27517,1
9388,-1.88062,1.14885,1
9389,-1.96293,1.22246,1
9390,-1.37153,0.81992,1
9391,-1.04655,0.93597,1
9392,0.76036,1.01346,1
9393,0.85016,0.81477,1
9394,0.73117,0.67848,1
9395,1.35665,1.13815,1
9396,1.44900,0.96116,1
9397,1.78626,0.93599,1
9398,1.42124,0.78585,1
9399,1.39797,0.68020,1
9400,1.27979,0.73072,1
9401,1.27919,0.84529,1
9402,0.80218,0.70344,1
9403,-0.17603,0.50903,1
9404,-0.43791,0.89685,1
9405,-0.43511,0.64271,1
9406,-0.12221,0.50000,1
9407,0.03930,0.65953,1
9408,-0.19564,0.77543,1
9409,-0.32626,1.04517,1
9410,-0.68533,0.80249,1
9411,-0.53521,0.71323,1
9412,-0.87797,1.03313,1
9413,-1.43045,0.71670,1
9414,-1.44116,0.85506,1
9415,-1.30544,0.75095,1
9416,-0.83836,0.96500,1
9417,-0.94625,0.95224,1
9418,0.01717,1.04485,1
9419,-0.35912,0.78653,1
9420,-0.08282,0.84008,1
9421,-0.01705,0.50000,1
9422,0.37872,0.60549,1
9423,0.08112,0.67358,1
9424,0.07491,0.68865,1
9425,0.35368,0.63268,1
9426,-0.02510,0.75098,1
9427,0.43508,0.59934,1
9428,0.58034,0.50940,1
9429,0.07422,0.55027,1
9430,0.40428,0.59974,1
9431,0.31545,0.53020,1
9432,0.23667,0.76391,1
9433,0.07008,0.60013,1
9434,-0.05031,0.50000,1
9435,-0.01323,0.50000,1
9436,0.32033,0.50000,1
9437,-0.34719,0.70704,1
9438,-0.45461,0.50000,1
9439,-0.17926,0.64231,1
9440,0.05008,0.56697,1
9441,0.01295,0.54499,1
9442,-0.14515,0.56546,1
9443,0.02468,0.50000,1
9444,-0.12335,0.58415,1
9445,0.47632,0.50000,1
9446,0.21747,0.67790,1
9447,0.09224,0.75982,1
9448,0.09737,0.50000,1
9449,0.43044,0.50000,1
9450,-0.35457,0.58120,1
9451,-0.25480,0.50000,1
9452,-0.01568,0.50000,1
9453,0.15140,0.50000,1
9454,0.37099,0.78027,1
9455,0.71010,0.63573,1
9456,0.15886,0.50386,1
9457,0.61328,0.62546,1
9458,0.19301,0.54877,1
9459,-0.20225,0.50000,1
9460,-0.06390,0.70260,1
9461,0.48518,0.62283,1
9462,-1.13519,1.56851,1
9463,-0.48411,1.01910,1
9464,-0.45792,0.91783,1
9465,0.13550,0.63171,1
9466,0.31261,0.54172,1
9467,0.47667,0.69655,1
9468,-0.28616,1.01439,1
9469,-0.64273,0.78816,1
9470,0.44221,0.88705,1
9471,-0.09512,0.50354,1
9472,-0.34459,0.50000,1
9473,-0.14617,0.57764,1
9474,0.25567,0.65961,1
9475,-0.19497,0.78699,0
9476,0.52785,0.50181,0
9477,-0.03892,0.50000,0
9478,0.27169,0.50000,0
9479,0.18624,0.50000,0
9480,0.64068,0.83446,0
9481,-0.25061,0.50000,0
9482,0.09621,0.54483,0
9483,-0.28791,0.51308,0
9484,-0.23035,0.50000,0
9485,0.08770,0.69349,0
9486,0.81390,1.07141,0
9487,0.24192,1.07742,0
9488,-0.23218,0.50000,0
9489,-0.29559,0.91780,0
9490,0.51433,0.68782,0
9491,0.59611,0.83174,0
9492,0.37298,0.55158,0
9493,-0.69724,0.89485,0
9494,-0.78935,0.61880,0
9495,0.45886,0.73909,0
9496,0.06630,0.81822,0
9497,-0.27661,0.86331,0
9498,-0.53504,1.79254,0
9499,-0.21852,0.88302,0
9500,-0.27919,0.67209,0
9501,-0.36021,0.50000,0
9502,0.09400,1.07459,0
9503,-0.35220,0.74960,0
9504,0.21458,0.50000,0
9505,0.47392,0.65920,0
9506,-0.16701,0.72672,0
9507,0.11570,0.92509,0
9508,0.00521,0.62934,0
9509,0.21193,0.68154,0
9510,0.18914,0.73945,0
9511,0.20856,0.74053,0
9512,0.46340,0.93128,0
9513,-0.79512,0.90577,0
9514,-0.40260,0.65918,0
9515,-0.05352,0.66005,0
9516,0.28309,0.62345,0
9517,-0.37407,1.10155,0
9518,-0.23579,1.17179,0
9519,0.23163,1.04705,0
9520,0.36213,1.16338,0
9521,0.53869,1.79305,0
9522,0.44549,0.52248,0
9523,0.19004,0.86547,0
9524,0.19837,0.76624,0
9525,0.23123,1.02043,0
9526,-0.41876,0.70170,0
9527,-0.21012,0.96634,0
9528,-0.27071,0.94901,0
9529,-0.34523,0.78798,0
9530,-0.12273,1.22219,0
9531,-0.05398,0.92353,0
9532,-0.26471,0.72842,0
9533,-0.13155,1.26236,0
9534,-0.01147,0.98140,0
9535,0.18962,0.67597,0
9536,0.30156,0.96384,0
9537,0.45468,0.62731,0
9538,0.46371,0.50000,0
9539,0.26363,0.50000,0
9540,-0.25776,0.50000,0
9541,-0.06609,1.20438,0
9542,0.00548,0.51814,0
9543,-0.15882,0.71502,0
9544,0.11296,0.86816,0
9545,0.07143,0.75526,0
9546,0.05998,1.09415,0
9547,0.00366,0.71372,0
9548,-0.17915,0.63472,0
9549,-0.33584,0.76684,0
9550,-0.00998,0.73769,0
9551,-0.07725,0.53963,0
9552,-0.18990,0.63721,0
9553,-0.23629,0.81989,0
9554,-0.27970,0.89215,0
9555,-0.01632,0.56357,0
9556,0.29797,0.63599,0
9557,-0.05236,0.50000,0
9558,-0.05042,0.63788,0
9559,0.07787,0.50879,0
9560,0.39925,0.65088,0
9561,0.18567,0.50000,0
9562,-0.06860,0.50000,0
9563,0.59917,0.50000,0
9564,0.55431,0.58256,0
9565,0.18325,0.50000,0
9566,0.07271,0.61479,0
9567,0.12021,0.91497,0
9568,-0.03782,1.21709,0
9569,0.49356,0.82633,0
9570,0.09691,0.85348,0
9571,0.10596,0.93675,0
9572,0.20283,0.63916,0
9573,-0.11465,0.81054,0
9574,0.18576,0.65823,0
9575,-0.16970,0.63630,0
9576,-0.21572,0.67576,0
9577,0.06972,0.95552,0
9578,0.30364,0.81881,0
9579,-0.50276,0.84820,0
9580,-0.05437,0.95803,0
9581,-0.17245,0.68901,0
9582,0.19273,0.91573,0
9583,-0.04129,0.92330,0
9584,0.29865,0.94062,0
9585,-0.29333,1.03913,0
9586,-0.20658,1.10797,0
9587,-0.10539,0.91641,0
9588,0.40600,1.00521,0
9589,0.24993,0.69187,0
9590,0.45224,1.00188,0
9591,-0.09620,1.05596,0
9592,-0.20633,0.69836,0
9593,-0.03625,0.98068,0
9594,-0.04640,0.75920,0
9595,-0.01025,0.54658,0
9596,-0.19380,0.70477,0
9597,-0.00621,0.94294,0
9598,-0.16371,0.81616,0
9599,0.13330,0.50000,0
9600,-0.33032,0.71485,1
9601,-0.22151,0.80225,1
9602,-0.06324,0.70737,1
9603,-0.03554,0.66076,1
9604,-0.13955,0.50000,1
9605,-0.57342,0.87684,1
9606,-0.16308,0.50000,1
9607,-0.32571,0.50000,1
9608,-0.15507,0.70588,1
9609,-0.25952,0.78715,1
9610,-0.86713,0.87739,1
9611,-0.56608,0.93524,1
9612,0.39720,0.81680,1
9613,0.12663,0.70717,1
9614,0.22390,0.65937,1
9615,0.22899,0.69362,1
9616,0.15482,1.31135,1
9617,0.03851,0.82859,1
9618,0.72469,1.01880,1
9619,0.06515,0.96831,1
9620,0.31046,0.76083,1
9621,0.09185,0.90162,1
9622,0.12051,0.83948,1
9623,0.45353,0.79743,1
9624,0.52642,0.74258,1
9625,0.39623,0.83905,1
9626,0.37462,1.56828,1
9627,-0.00444,0.88005,1
9628,-0.28281,0.62261,1
9629,-0.28033,1.02721,1
9630,-0.39910,1.32955,1
9631,-0.27582,0.89271,1
9632,-0.09112,0.63081,1
9633,-0.54430,0.62362,1
9634,0.05039,0.62675,1
9635,0.01050,0.84311,1
9636,-0.28556,0.50000,1
9637,0.06431,0.74036,1
9638,0.11141,0.50000,1
9639,0.20160,0.73549,1
9640,0.79947,0.53730,1
9641,0.83653,0.54213,1
9642,-0.02248,0.62093,1
9643,-0.38043,1.11638,1
9644,0.01665,0.80623,1
9645,-0.10941,0.94811,1
9646,0.10573,0.71164,1
9647,0.18019,0.62736,1
9648,-0.02533,0.60506,1
9649,-0.02379,0.50000,1
9650,0.04666,0.56947,1
9651,0.16571,0.79254,1
9652,0.22356,1.40273,1
9653,-0.04586,0.51992,1
9654,-0.30287,0.60749,1
9655,0.20653,0.60819,1
9656,-0.28173,0.65674,1
9657,0.29765,0.68616,1
9658,0.36278,0.58162,1
9659,-0.18279,0.50000,1
9660,-0.66535,0.56679,1
9661,-0.35372,0.50041,1
9662,-0.80340,0.73918,1
9663,-1.31771,0.94125,1
9664,-0.59845,0.84102,1
9665,-0.02858,0.53193,1
9666,0.19607,0.54951,1
9667,0.33640,0.50000,1
9668,0.77592,0.80675,1
9669,0.49618,0.61085,1
9670,0.38506,0.68635,1
9671,-0.27949,0.59605,1
9672,-0.41013,0.57967,1
9673,0.11927,0.84167,1
9674,1.08836,0.93158,1
9675,0.51152,0.80174,1
9676,0.07314,0.62645,1
9677,0.33268,0.50000,1
9678,0.73038,0.58908,1
9679,0.80232,0.58606,1
9680,0.17090,0.74656,1
9681,-0.17477,0.54327,1
9682,-0.33284,0.79689,1
9683,-0.35581,0.53254,1
9684,-0.68498,0.50000,1
9685,-0.53614,0.56906,1
9686,-0.34874,0.66886,1
9687,-0.09652,0.57144,1
9688,0.12420,0.50000,1
9689,-0.34082,0.71745,1
9690,-0.11836,0.50000,1
9691,-0.43187,0.50000,1
9692,-0.43846,0.83298,1
9693,-0.33082,0.67727,1
9694,-0.00487,0.79514,1
9695,-0.36137,0.50000,1
9696,-0.08709,0.50000,1
9697,0.15437,0.50000,1
9698,0.11115,0.50000,1
9699,0.04630,0.50000,1
9700,-0.38046,0.75565,1
9701,-0.19585,0.61510,1
9702,0.31820,0.50000,1
9703,0.29383,0.50000,1
9704,-0.00068,0.50000,1
9705,0.60927,0.73638,1
9706,0.05325,0.74182,1
9707,0.75033,0.84086,1
9708,0.15051,0.58586,1
9709,-0.37885,0.50000,1
9710,-0.16291,0.50000,1
9711,0.16721,0.50000,1
9712,-0.05693,0.82286,1
9713,0.13179,0.52612,1
9714,-0.00807,0.57742,1
9715,-0.03689,0.50000,1
9716,0.66188,0.50000,1
9717,0.22989,0.50772,1
9718,-0.17350,0.63368,1
9719,0.09023,0.50000,1
9720,-0.26586,0.79690,1
9721,0.14363,0.51796,1
9722,0.29120,0.50000,1
9723,0.20918,0.64199,1
9724,0.17236,0.50633,1
9725,-0.00979,0.95422,1
9726,0.18163,0.50000,1
9727,-0.11331,0.50000,1
9728,-0.34287,0.53409,1
9729,-0.12486,0.50000,1
9730,0.09788,0.57844,1
9731,0.36594,0.63465,1
9732,-0.45974,0.75504,1
9733,-0.27577,0.50000,1
9734,-0.14948,0.57844,1
9735,0.47263,0.50000,1
9736,0.54620,0.94803,1
9737,0.57282,1.65224,1
9738,-0.47109,0.61148,1
9739,-0.17446,0.81329,1
9740,-0.31832,0.86821,1
9741,0.27284,0.61374,1
9742,0.19986,0.70695,1
9743,-0.46047,0.77904,1
9744,-0.21280,0.51055,1
9745,0.16130,0.72323,1
9746,0.65199,0.51948,1
9747,0.60237,0.53566,1
9748,0.20857,0.62049,1
9749,-0.21920,0.50000,1
9750,0.45332,0.75825,1
9751,0.22732,0.55809,1
9752,0.09775,0.70127,1
9753,0.02279,0.67273,1
9754,-0.42210,0.74019,1
9755,0.09083,0.84449,1
9756,0.42425,1.05772,1
9757,-0.57299,0.58835,1
9758,-0.57673,0.53944,1
9759,-0.43387,0.50000,1
9760,-0.52469,0.87713,1
9761,0.38845,0.71642,1
9762,0.45001,0.71735,1
9763,-0.80836,0.94169,1
9764,-0.62387,0.85111,1
9765,0.44949,0.50000,1
9766,0.73068,0.51629,1
9767,0.82451,0.58019,1
9768,0.78377,0.68532,1
9769,0.07799,0.61694,1
9770,0.24617,0.88684,1
9771,0.89050,0.67954,1
9772,0.45754,0.60557,1
9773,-0.25394,2.03077,1
9774,-0.29505,0.61527,1
9775,-0.50947,0.50000,1
9776,-0.13402,0.52645,1
9777,0.04314,0.70854,1
9778,-0.13854,0.72277,1
9779,-0.18558,0.50000,1
9780,0.07627,0.59732,1
9781,-0.05149,0.72816,1
9782,-0.42630,1.21201,1
9783,-0.94609,1.10548,1
9784,-0.44112,0.94246,1
9785,0.31259,1.41811,1
9786,0.85688,1.42205,1
9787,-0.70095,0.75018,1
9788,0.11416,0.71654,1
9789,0.16104,0.75537,1
9790,1.06946,1.37868,1
9791,0.16194,1.38276,1
9792,-0.16057,1.18132,1
9793,-1.23831,1.24422,1
9794,0.01170,1.36590,1
9795,0.62304,1.07085,1
9796,-0.26769,0.80019,1
9797,0.05234,0.96323,1
9798,0.52471,0.83384,1
9799,0.37877,2.43236,1
9800,-0.28924,1.08736,1
9801,0.33867,0.64912,1
9802,0.28849,0.64910,1
9803,0.12094,0.59636,1
9804,-0.09601,0.74873,1
9805,-0.54598,1.08958,1
9806,-0.60484,0.69377,1
9807,0.32826,0.95168,1
9808,-0.01031,0.81230,1
9809,-0.44005,0.50000,1
9810,-0.16511,0.65976,1
9811,0.72896,0.61897,1
9812,1.01680,0.92275,1
9813,0.16857,0.81666,1
9814,0.23097,0.52046,1
9815,-0.02632,0.55547,1
9816,0.24334,0.53395,1
9817,0.16898,0.67398,1
9818,-0.32069,0.91255,1
9819,-0.96683,1.13796,1
9820,-0.00412,0.93765,1
9821,-0.01139,0.61926,1
9822,-0.12400,0.79907,1
9823,-0.06253,0.68311,1
9824,-0.22508,0.94913,1
9825,-0.86561,0.85214,1
9826,-0.28822,1.12616,1
9827,-0.78575,0.97576,1
9828,-0.85244,1.01172,1
9829,0.33543,0.50000,1
9830,0.55900,0.79468,1
9831,1.16935,0.67912,1
9832,1.23265,0.83463,1
9833,0.66972,0.83228,1
9834,0.01728,0.88974,1
9835,0.24850,0.52307,1
9836,-0.08768,0.98870,1
9837,0.09437,0.83633,1
9838,0.54271,0.73118,1
9839,0.04181,0.91070,1
9840,-0.56058,0.73625,1
9841,-0.19046,0.90213,1
9842,0.73498,0.60014,1
9843,0.64525,0.60302,1
9844,-0.65581,0.93575,1
9845,-0.71173,1.52305,1
9846,0.98067,1.58252,1
9847,1.03513,0.96158,1
9848,0.72378,0.62389,1
9849,0.80710,0.50000,1
9850,0.09513,0.81193,1
9851,0.38507,0.60754,1
9852,0.87694,0.66500,1
9853,-0.14945,0.73311,1
9854,-1.17454,1.29827,1
9855,-0.18765,0.57538,1
9856,-0.42661,0.60781,1
9857,-0.29457,0.60618,1
9858,0.27759,0.54794,1
9859,0.01042,0.65599,1
9860,0.33518,0.56073,1
9861,0.51279,0.50479,1
9862,0.22082,0.50000,1
9863,0.05038,0.60159,1
9864,0.98351,0.77053,1
9865,0.69705,0.96909,1
9866,-0.21811,0.61711,1
9867,-0.23361,0.81583,1
9868,-0.30767,0.50000,1
9869,0.21511,0.58520,1
9870,0.17128,0.62288,1
9871,-0.50709,0.68698,1
9872,-0.60678,0.81085,1
9873,0.36938,0.50000,1
9874,0.10263,0.50000,1
9875,0.48828,0.60213,1
9876,-0.10080,0.51637,1
9877,-0.47457,0.50000,1
9878,-1.11488,0.51584,1
9879,-0.53884,0.57326,1
9880,-0.63004,0.52556,1
9881,-0.23866,0.50000,1
9882,-0.22011,0.50000,1
9883,-0.41771,0.51226,1
9884,-0.11214,0.76488,1
9885,0.85462,0.50000,1
9886,0.73443,0.50000,1
9887,0.26437,0.54384,1
9888,-0.08862,0.50000,1
9889,-0.25151,0.64331,1
9890,0.01624,0.60914,1
9891,-0.01752,0.63931,1
9892,-0.50164,0.61875,1
9893,-0.60535,0.62666,1
9894,0.03169,0.56647,1
9895,0.68425,0.51713,1
9896,0.17225,0.62964,1
9897,-0.37541,0.67898,1
9898,-0.71941,0.55973,1
9899,0.04624,0.87552,1
9900,0.73715,0.66495,1
9901,-0.12467,0.56758,1
9902,-0.68457,0.57387,1
9903,-0.44827,0.50000,1
9904,0.27145,0.71233,1
9905,0.75714,0.55885,1
9906,0.53207,0.54394,1
9907,-0.04532,0.57604,1
9908,0.20537,0.69599,1
9909,0.26535,0.50000,1
9910,0.17861,0.50000,1
9911,0.12550,0.50000,1
9912,0.09464,0.50000,1
9913,0.45548,0.50000,1
9914,-0.04535,0.53285,1
9915,0.05821,0.79785,1
9916,0.49463,0.54097,1
9917,-0.23913,0.50000,1
9918,0.03971,0.50000,1
9919,0.13153,0.53239,1
9920,0.37606,0.55648,1
9921,-0.12751,1.13242,1
9922,-0.10293,0.86387,1
9923,-0.47864,0.75374,1
9924,-0.38765,0.70121,1
9925,-0.11018,0.50000,0
9926,0.44311,0.63715,0
9927,0.03350,0.82996,0
9928,-0.75169,0.80187,0
9929,0.05416,1.43051,0
9930,-0.07463,0.71457,0
9931,0.26286,0.59443,0
9932,0.09105,0.50272,0
9933,0.50551,0.75923,0
9934,-0.17839,0.82403,0
9935,0.00780,0.57293,0
9936,0.08962,0.50000,0
9937,-0.03636,0.50000,0
9938,-0.48428,0.50000,0
9939,-0.05607,0.50000,0
9940,-0.45465,0.50000,0
9941,-0.19348,0.84769,0
9942,-0.11159,0.65813,0
9943,-0.01678,0.50000,0
9944,-0.00739,0.50000,0
9945,-0.46178,0.50000,0
9946,-0.44893,0.85107,0
9947,0.58420,0.65207,0
9948,-0.42771,0.84133,0
9949,0.13920,0.69569,0
9950,-0.18705,0.55633,0
9951,-0.40827,0.50000,0
9952,0.08603,0.72700,0
9953,0.61613,0.77755,0
9954,-0.60110,0.95629,0
9955,-0.54145,0.87470,0
9956,-0.40175,0.50000,0
9957,-0.09725,0.74275,0
9958,0.50295,0.55202,0
9959,0.90815,0.63226,0
9960,1.45855,0.52123,0
9961,1.07189,0.52401,0
9962,0.88801,0.71845,0
9963,0.49676,0.74651,0
9964,0.65153,1.03704,0
9965,0.51973,0.66653,0
9966,-0.65380,1.08051,0
9967,-1.58624,0.85324,0
9968,-1.61906,0.90872,0
9969,-0.09911,0.80567,0
9970,-0.50847,0.69147,0
9971,1.03990,1.08056,0
9972,-0.48156,1.33166,0
9973,-0.66865,0.83464,0
9974,-0.42175,0.78016,0
9975,0.04958,0.78976,0
9976,-0.15449,0.57720,0
9977,-0.20657,0.86198,0
9978,0.02425,0.98189,0
9979,-0.84882,0.88506,0
9980,-0.02840,0.50456,0
9981,-0.11280,0.92115,0
9982,0.89815,1.22502,0
9983,1.30293,1.10583,0
9984,0.77842,1.18050,0
9985,0.08805,1.02648,0
9986,0.89502,1.50553,0
9987,1.43006,1.48954,0
9988,2.29024,1.14838,0
9989,1.41184,1.32083,0
9990,0.89230,1.22943,0
9991,-0.12856,1.32884,0
9992,1.04347,1.24418,0
9993,0.76636,1.31979,0
9994,1.63132,1.26490,0
9995,0.53964,1.18197,0
9996,0.55576,0.90282,0
9997,0.48245,0.90904,0
9998,1.02205,0.99813,0
9999,0.74754,0.98233,0
10000,-0.48443,0.93276,1
10001,-1.22666,0.88562,1
10002,-0.94657,0.79232,1
10003,-0.54865,1.09065,1
10004,-0.05363,0.92649,1
10005,0.00713,0.84089,1
10006,0.05049,0.83312,1
10007,0.06890,1.11012,1
10008,0.54392,1.07604,1
10009,0.48123,0.86475,1
10010,0.16442,0.88496,1
10011,-0.05629,0.85622,1
10012,-0.38458,1.09511,1
10013,-0.76283,0.96244,1
10014,-0.38150,0.76730,1
10015,-0.14693,0.84877,1
10016,0.27118,0.94200,1
10017,0.07269,0.93117,1
10018,-0.85912,0.94480,1
10019,-0.00711,1.09178,1
10020,0.07756,0.97381,1
10021,0.15784,1.05365,1
10022,-0.06301,1.00698,1
10023,-0.18652,0.92214,1
10024,-0.71296,0.91584,1
10025,-0.48848,1.30313,0
10026,0.09503,1.14409,0
10027,0.37897,1.25690,0
10028,-0.07116,1.58418,0
10029,-0.31841,1.23590,0
10030,-0.01274,0.86290,0
10031,0.25208,1.06244,0
10032,0.52458,1.06822,0
10033,-0.00114,1.17143,0
10034,-0.23463,1.37644,0
10035,0.27539,1.70297,0
10036,0.27037,1.12289,0
10037,0.21478,0.96409,0
10038,-0.28914,1.07559,0
10039,-0.59823,1.05286,0
10040,-0.19603,1.39398,0
10041,0.10851,1.25724,0
10042,-0.11058,1.09556,0
10043,-0.16353,0.92202,0
10044,-0.15855,1.04370,0
10045,0.09130,0.88264,0
10046,0.32805,1.11085,0
10047,0.17461,1.23473,0
10048,-0.10281,1.01132,0
10049,-0.02416,1.31055,0
10050,-0.17627,0.92409,0
10051,-0.27208,0.94726,0
10052,-0.11807,0.78282,0
10053,0.22641,0.62119,0
10054,0.41878,1.00787,0
10055,0.17756,1.01023,0
10056,0.03901,0.78627,0
10057,0.29367,0.76400,0
10058,0.13065,0.87854,0
10059,0.16594,0.76203,0
10060,0.20881,1.18095,0
10061,-0.30161,0.68863,0
10062,-0.63662,0.61620,0
10063,-0.46296,0.65193,0
10064,-0.10508,0.75495,0
10065,0.03692,0.72793,0
10066,-0.02360,0.87484,0
10067,-0.18584,0.68167,0
10068,-0.46267,0.84776,0
10069,0.66062,1.36620,0
10070,0.83349,1.10855,0
10071,0.29518,0.96178,0
10072,-0.20213,0.78419,0
10073,0.70417,1.41164,0
10074,0.27009,1.70186,0
10075,-0.55003,1.71867,0
10076,-0.26352,0.97092,0
10077,-0.91211,0.59799,0
10078,-0.00438,1.28652,0
10079,-0.35623,0.76097,0
10080,-0.10562,0.52629,0
10081,-0.78543,0.70177,0
10082,-0.19167,1.32708,0
10083,0.41588,0.97267,0
10084,0.73492,0.61922,0
10085,-0.02568,1.55196,0
10086,0.14420,1.55838,0
10087,0.17507,1.32696,0
10088,-0.17549,1.27720,0
10089,-0.11477,1.74593,0
10090,0.12892,0.97199,0
10091,-0.99950,1.06049,0
10092,-0.14973,2.09563,0
10093,0.52294,2.05985,0
10094,-0.27342,2.17058,0
10095,-0.03879,1.61759,0
10096,0.07318,1.60123,0
10097,0.44786,1.02492,0
10098,0.64463,0.83560,0
10099,0.00341,0.93213,0
10100,-0.17071,0.66604,0
10101,0.18119,0.77267,0
10102,-0.07066,0.71401,0
10103,-0.65712,0.69024,0
10104,-0.17821,1.16303,0
10105,0.47505,0.74439,0
10106,-0.34388,0.97044,0
10107,-0.23843,0.72128,0
10108,-0.39466,0.90728,0
10109,-0.09786,0.81031,0
10110,0.14839,0.93945,0
10111,1.05946,1.07411,0
10112,-0.65624,1.56309,0
10113,-0.58740,1.73603,0
10114,0.05033,0.82267,0
10115,-0.05416,0.73956,0
10116,0.13027,0.81788,0
10117,0.82439,0.89567,0
10118,0.44532,1.60334,0
10119,-0.31956,0.70448,0
10120,-0.41297,0.53290,0
10121,-0.18283,0.50000,0
10122,0.15492,0.50000,0
10123,0.24045,1.03532,0
10124,-0.08132,0.85411,0
10125,-0.62213,0.88600,0
10126,0.40307,1.29815,0
10127,0.38184,0.70218,0
10128,0.42336,0.64443,0
10129,0.09887,1.14240,0
10130,-0.21822,0.89042,0
10131,-0.87328,0.74420,0
10132,-1.07136,1.86868,0
10133,-4.28965,3.84509,0
10134,-1.87411,2.36387,0
10135,-5.24772,4.04956,0
10136,0.00752,2.58897,0
10137,-0.98268,1.91306,0
10138,-0.28226,2.89197,0
10139,1.05650,1.62470,0
10140,2.55932,3.86319,0
10141,2.34602,5.01469,0
10142,4.94034,3.51482,0
10143,0.93906,4.59396,0
10144,1.46141,2.85274,0
10145,1.11040,2.62596,0
10146,0.37581,2.62124,0
10147,-0.66691,1.78379,0
10148,-1.09685,1.89465,0
10149,-0.61144,1.54403,0
10150,-0.27351,1.47350,0
10151,0.21159,0.83540,0
10152,0.01083,1.55985,0
10153,-0.79661,1.38401,0
10154,-0.67331,1.55954,0
10155,1.45469,1.75838,0
10156,1.72480,1.75231,0
10157,0.75921,1.35439,0
10158,1.05096,1.72311,0
10159,0.72596,1.28780,0
10160,0.54332,1.08648,0
10161,0.49789,0.80914,0
10162,-0.10390,1.04390,0
10163,-0.63658,0.84045,0
10164,-0.04929,1.00449,0
10165,-0.20646,1.26503,0
10166,-0.76594,0.77705,0
10167,-0.31517,1.75506,0
10168,-0.01390,0.69895,0
10169,0.18459,0.76270,0
10170,0.29340,0.59829,0
10171,0.38039,0.69164,0
10172,0.35433,0.81172,0
10173,-0.20082,0.56975,0
10174,-0.12221,0.59083,0
10175,-0.21533,0.59968,1
10176,-0.29546,0.87760,1
10177,-0.21182,1.18213,1
10178,0.21767,1.22685,1
10179,0.03756,1.19105,1
10180,-0.42166,1.15877,1
10181,0.11247,1.00241,1
10182,0.13409,0.93279,1
10183,-0.13684,1.06289,1
10184,-0.06588,1.08987,1
10185,-0.08993,1.21825,1
10186,-0.33167,0.97430,1
10187,0.00344,1.03534,1
10188,-0.03456,0.84409,1
10189,-0.10371,0.75302,1
10190,-0.19832,0.81605,1
10191,-0.17025,0.78827,1
10192,-0.10373,0.61897,1
10193,-0.02696,0.73268,1
10194,-0.06652,0.64358,1
10195,-0.03796,0.68704,1
10196,-0.01659,0.74406,1
10197,0.19799,0.65669,1
10198,0.36528,0.67297,1
10199,0.26368,0.62447,1
10200,0.12040,0.64963,0
10201,0.02546,0.70244,0
10202,0.19421,0.71111,0
10203,0.11586,1.06318,0
10204,0.00000,1.00000,0
10205,0.00000,1.00000,0
10206,0.00639,0.82223,0
10207,0.05231,0.80233,0
10208,0.03150,0.57588,0
10209,0.04472,0.54661,0
10210,0.16337,0.50093,0
10211,0.11853,0.50000,0
10212,0.21323,0.75978,0
10213,0.02448,0.58391,0
10214,-0.09097,0.66014,0
10215,-0.08591,0.85956,0
10216,0.05345,0.85864,0
10217,-0.11577,0.62222,0
10218,-0.13038,0.50000,0
10219,-0.23872,0.50000,0
10220,-0.20235,0.50000,0
10221,-0.02794,0.50000,0
10222,0.04578,0.50000,0
10223,0.30097,0.50000,0
10224,0.13474,1.08084,0
10225,0.23382,0.61413,0
10226,0.14316,0.58076,0
10227,0.16849,0.59496,0
10228,0.05830,0.62510,0
10229,-0.17920,0.61811,0
10230,-0.36361,0.55044,0
10231,-0.44307,0.63288,0
10232,-0.23067,0.74657,0
10233,-0.05555,0.50000,0
10234,0.01855,0.50000,0
10235,-0.11018,0.50847,0
10236,-0.06403,0.52079,0
10237,0.11343,0.51611,0
10238,0.17621,0.50000,0
10239,-0.09250,0.50000,0
10240,-0.03548,0.76484,0
10241,-0.00497,0.50368,0
10242,0.00746,0.61355,0
10243,0.13587,0.50000,0
10244,-0.11062,0.50000,0
10245,0.12123,0.73547,0
10246,0.06534,0.50000,0
10247,0.38915,0.66259,0
10248,-0.18574,0.58303,0
10249,-0.07939,0.94482,0
10250,-0.24383,0.50000,0
10251,-0.26220,0.50000,0
10252,-0.09516,0.55754,0
10253,0.33794,0.50000,0
10254,0.10847,0.58578,0
10255,0.18969,0.50000,0
10256,0.17109,0.50000,0
10257,-0.12865,0.50000,0
10258,0.09723,0.50000,0
10259,0.15188,0.50000,0
10260,-0.19302,1.16760,0
10261,-0.51985,1.07955,0
10262,-0.17302,0.97911,0
10263,0.07973,1.54794,0
10264,0.04330,1.45742,0
10265,0.24345,0.96373,0
10266,0.34445,0.53409,0
10267,-0.20518,1.35939,0
10268,-0.14713,0.60361,0
10269,-0.18793,0.50000,0
10270,0.08264,0.50000,0
10271,0.21174,0.50000,0
10272,0.08454,0.51808,0
10273,-0.16032,0.87668,0
10274,-0.05263,1.29231,0
10275,-0.13825,1.14297,0
10276,-0.02277,0.50000,0
10277,0.25300,0.85660,0
10278,0.08618,0.65344,0
10279,0.44571,0.88874,0
10280,0.17109,0.50000,0
10281,0.27340,0.50000,0
10282,0.14368,0.50067,0
10283,0.04868,0.50000,0
10284,-0.05999,0.51928,0
10285,0.08060,0.92663,0
10286,-0.53043,0.50000,0
10287,-0.12923,0.98847,0
10288,-0.53769,0.50000,0
10289,-0.84477,0.50452,0
10290,-0.33305,0.88450,0
10291,-0.11363,0.61430,0
10292,-0.23855,1.61154,0
10293,-0.25948,0.56934,0
10294,-0.44762,0.50000,0
10295,-0.46313,0.50000,0
10296,-0.32102,0.50000,0
10297,-0.09507,0.93158,0
10298,-0.21085,0.71865,0
10299,0.05456,0.91085,0
10300,0.04271,0.69335,0
10301,0.45610,0.50000,0
10302,-0.19121,0.74176,0
10303,0.23094,0.68100,0
10304,-0.41520,0.79001,0
10305,-0.97581,0.98164,0
10306,-1.93607,0.83164,0
10307,-2.09545,0.95033,0
10308,-1.53745,0.67463,0
10309,-0.63909,0.73880,0
10310,0.01659,0.95637,0
10311,0.05745,0.86366,0
10312,0.82563,1.13580,0
10313,1.24662,0.63956,0
10314,1.88475,1.00258,0
10315,1.63078,1.28148,0
10316,1.84650,1.41376,0
10317,-0.18076,1.57466,0
10318,-0.77034,0.69022,0
10319,-1.05577,0.81039,0
10320,-0.80838,0.77440,0
10321,0.20572,0.81029,0
10322,1.11239,1.03810,0
10323,0.28308,1.07543,0
10324,-0.62077,1.15993,0
10325,-0.03904,0.76430,0
10326,0.35336,0.74606,0
10327,1.12354,0.98297,0
10328,0.69643,0.84988,0
10329,-0.10717,0.86104,0
10330,-0.55066,0.50000,0
10331,-0.49071,0.54386,0
10332,-0.45654,0.56059,0
10333,-0.17226,1.35539,0
10334,0.31516,1.18976,0
10335,-0.07611,1.27326,0
10336,-0.61098,0.61482,0
10337,-0.29801,0.76880,0
10338,-0.02029,0.54063,0
10339,0.44118,0.50000,0
10340,0.92302,1.49130,0
10341,0.19213,0.57968,0
10342,-0.21811,1.16276,0
10343,-0.25391,0.54171,0
10344,-0.08907,0.50000,0
10345,-0.14152,0.68019,0
10346,-1.04491,0.50000,0
10347,-0.20799,0.64270,0
10348,-0.62671,0.64337,0
10349,-0.83155,0.53137,0
10350,-0.85891,0.53829,0
10351,-0.80260,0.50000,0
10352,-1.30864,0.50000,0
10353,-0.59951,0.73600,0
10354,-0.71366,0.53941,0
10355,-0.64416,0.55777,0
10356,0.19716,0.57198,0
10357,0.15713,0.66187,0
10358,-0.44971,0.54195,0
10359,0.02620,1.07421,0
10360,-0.08585,0.77904,0
10361,-0.41960,0.55821,0
10362,-0.22942,0.50000,0
10363,-0.33922,0.50000,0
10364,-0.44953,0.50000,0
10365,-0.19157,0.72059,0
10366,0.30221,0.50000,0
10367,0.49861,1.03214,0
10368,0.81367,0.72814,0
10369,0.93002,0.50000,0
10370,0.58966,0.84365,0
10371,-0.40221,0.50000,0
10372,0.64196,0.97140,0
10373,-0.22943,0.50967,0
10374,-0.35599,0.50000,0
10375,-0.17616,0.50000,1
10376,-0.35793,0.50000,1
10377,-0.30386,0.50000,1
10378,0.21292,1.04523,1
10379,0.74510,0.77422,1
10380,0.44167,0.82445,1
10381,0.63484,0.50000,1
10382,0.33113,0.50000,1
10383,-0.26893,0.99455,1
10384,0.40048,0.85837,1
10385,0.29440,0.77158,1
10386,0.40152,0.50000,1
10387,0.16517,0.50000,1
10388,0.51052,0.65153,1
10389,1.38476,0.54908,1
10390,-0.36257,1.27766,1
10391,-0.24021,0.79766,1
10392,0.09373,1.32363,1
10393,0.34260,0.59029,1
10394,-0.08052,0.57459,1
10395,-0.09508,0.85642,1
10396,-1.51686,0.92714,1
10397,-1.07896,1.52700,1
10398,1.29987,1.06684,1
10399,0.55055,0.87443,1
10400,-0.26840,0.62654,1
10401,-0.39790,0.55491,1
10402,-0.11500,0.51848,1
10403,-0.16651,0.70769,1
10404,0.38799,0.56456,1
10405,0.01659,0.80178,1
10406,-0.31224,0.50000,1
10407,-0.06500,0.57464,1
10408,0.17572,0.78307,1
10409,0.13035,1.02976,1
10410,-1.38328,0.75867,1
10411,-0.78344,0.75535,1
10412,-1.12047,0.68589,1
10413,-1.54179,0.68390,1
10414,-0.55055,0.61369,1
10415,-1.22409,0.79845,1
10416,-1.49608,1.00487,1
10417,-0.07084,1.27985,1
10418,0.16101,0.68079,1
10419,0.08247,0.57213,1
10420,0.38281,0.89510,1
10421,-0.21044,0.89378,1
10422,0.33060,1.23106,1
10423,-0.06545,0.74735,1
10424,0.17582,0.82837,1
10425,0.44527,1.10000,1
10426,0.58051,0.50000,1
10427,0.65623,0.74583,1
10428,0.60762,0.78742,1
10429,0.74516,1.05208,1
10430,0.01596,0.88592,1
10431,0.39494,0.76412,1
10432,-0.07467,0.50961,1
10433,-0.74910,0.99457,1
10434,0.34781,1.32310,1
10435,0.32886,0.79280,1
10436,-0.37388,0.78613,1
10437,0.24392,0.76079,1
10438,0.22107,0.68506,1
10439,0.34567,0.81703,1
10440,0.37387,0.89990,1
10441,0.45299,0.77951,1
10442,-0.02520,1.57283,1
10443,0.31718,0.72816,1
10444,-0.10483,0.76850,1
10445,-0.17910,1.03497,1
10446,-0.38429,0.90076,1
10447,-0.77142,1.25881,1
10448,-0.90694,1.01053,1
10449,-1.62885,0.97488,1
10450,-0.92592,0.89922,1
10451,-0.33096,0.75144,1
10452,-0.98866,0.86908,1
10453,-0.71232,1.19182,1
10454,-0.46715,1.06042,1
10455,0.40580,0.86478,1
10456,1.06384,0.88192,1
10457,0.25193,1.41780,1
10458,-0.41826,1.45101,1
10459,-1.07231,1.04352,1
10460,-0.49963,1.30866,1
10461,-0.75056,1.04781,1
10462,-1.16528,0.86846,1
10463,-0.88567,1.00991,1
10464,-0.93306,0.95566,1
10465,0.01090,1.75579,1
10466,1.83993,1.09748,1
10467,0.75798,1.38843,1
10468,0.20656,1.11404,1
10469,0.86685,1.15385,1
10470,0.61592,1.00328,1
10471,-0.34931,1.37908,1
10472,-0.46870,1.68383,1
10473,-1.71405,1.17274,1
10474,-1.24013,1.26949,1
10475,0.17142,1.17593,1
10476,0.81586,1.02792,1
10477,-0.05373,1.19275,1
10478,0.14651,1.16065,1
10479,0.84702,1.09481,1
10480,0.22511,0.98837,1
10481,0.36504,1.06183,1
10482,0.42478,0.77423,1
10483,-0.43203,0.91259,1
10484,-0.87626,0.82304,1
10485,0.45813,0.85329,1
10486,-0.13565,0.72619,1
10487,-0.28398,0.68395,1
10488,-0.60583,0.78736,1
10489,-0.83178,0.68131,1
10490,-0.52188,0.72762,1
10491,0.07732,0.64535,1
10492,-0.05956,0.75698,1
10493,-0.05972,0.65701,1
10494,-0.18479,0.71826,1
10495,-0.44186,0.86669,1
10496,-1.06322,1.09129,1
10497,-0.40494,1.12648,1
10498,-0.02442,0.83367,1
10499,-0.37297,0.78066,1
10500,-0.31362,0.58044,1
10501,-0.16185,0.50000,1
10502,0.14497,0.56963,1
10503,0.31405,0.70789,1
10504,0.86768,1.28916,1
10505,0.52692,0.95035,1
10506,0.93439,0.84350,1
10507,0.85254,0.56874,1
10508,0.11815,0.57061,1
10509,-0.78762,1.12709,1
10510,0.01262,0.76879,1
10511,-0.87121,1.10472,1
10512,-1.07765,0.74440,1
10513,-1.13304,0.65826,1
10514,-1.01826,0.63317,1
10515,-1.09782,0.76139,1
10516,0.07987,0.81795,1
10517,-0.26775,0.50000,1
10518,-0.29001,0.71158,1
10519,0.75448,0.51226,1
10520,1.61609,0.83057,1
10521,1.06882,1.69475,1
10522,-0.11205,1.88261,1
10523,0.70848,0.73885,1
10524,0.39735,0.68346,1
10525,0.55919,0.70681,1
10526,-0.14890,0.70996,1
10527,-0.87441,0.86404,1
10528,-1.65448,0.99705,1
10529,0.15621,1.72462,1
10530,-0.09879,1.29254,1
10531,0.15666,0.98061,1
10532,0.33424,0.75658,1
10533,0.38986,0.77006,1
10534,0.26858,0.55374,1
10535,-0.00545,0.82169,1
10536,-0.79405,0.90135,1
10537,-0.88231,0.93477,1
10538,-1.15979,0.74278,1
10539,-0.98029,0.81915,1
10540,-0.74768,0.77794,1
10541,-0.83614,0.88492,1
10542,-0.13399,0.95836,1
10543,0.07266,0.89565,1
10544,0.28545,0.87323,1
10545,-0.10613,0.60276,1
10546,-0.74819,1.12653,1
10547,-0.51038,1.04010,1
10548,-0.49746,0.93668,1
10549,-0.71784,0.93630,1
10550,-0.78155,0.73684,1
10551,-0.56722,0.97617,1
10552,-0.53148,0.90320,1
10553,0.41808,1.14519,1
10554,0.63400,1.29647,1
10555,0.26771,1.45406,1
10556,0.44943,0.81739,1
10557,0.54407,1.31315,1
10558,0.69266,1.13758,1
10559,0.11293,1.05187,1
10560,-0.21256,1.03824,1
10561,-0.45243,0.79039,1
10562,-0.12854,0.61695,1
10563,-0.07643,0.68679,1
10564,-0.11865,0.71057,1
10565,-0.06746,1.02404,1
10566,0.18832,1.23926,1
10567,0.26671,1.02917,1
10568,0.28409,0.92206,1
10569,-0.91724,0.92598,1
10570,-2.16368,0.98127,1
10571,-2.93302,0.96084,1
10572,-1.92516,1.23586,1
10573,-0.56734,0.85885,1
10574,0.02371,0.73212,1
10575,-0.11026,0.86562,1
10576,-0.85634,1.16570,1
10577,0.97367,1.34682,1
10578,2.37571,1.05039,1
10579,1.97088,1.70626,1
10580,0.47480,1.30999,1
10581,0.21397,0.95857,1
10582,-0.11995,0.60629,1
10583,0.44254,0.80255,1
10584,0.60479,0.81520,1
10585,0.41163,0.74804,1
10586,0.99957,0.75956,1
10587,0.87364,0.82505,1
10588,0.18439,0.96017,1
10589,0.39102,0.54281,1
10590,0.57791,0.63762,1
10591,0.42291,1.05671,1
10592,0.04848,0.77710,1
10593,-0.62356,0.90170,1
10594,0.14646,0.68666,1
10595,-0.21401,0.71297,1
10596,0.24028,0.98514,1
10597,0.11064,0.67970,1
10598,-0.27166,0.75154,1
10599,-0.94981,0.98809,1
10600,-0.04171,0.85562,1
10601,0.00925,0.89128,1
10602,0.02290,0.50000,1
10603,-0.23659,0.68511,1
10604,-0.16703,0.77854,1
10605,-0.28080,0.89828,1
10606,0.30140,0.76200,1
10607,0.45735,0.75236,1
10608,-0.38174,0.68955,1
10609,-0.47311,0.51266,1
10610,-0.52023,0.75252,1
10611,-0.44969,0.87652,1
10612,-0.53339,0.71982,1
10613,-0.42480,1.00936,1
10614,-0.21395,0.65818,1
10615,-0.20758,0.85857,1
10616,-0.40132,1.18081,1
10617,0.34497,0.91322,1
10618,0.63623,0.84069,1
10619,0.00763,0.87959,1
10620,0.14363,0.52690,1
10621,0.14019,0.56473,1
10622,0.10514,0.53349,1
10623,0.09618,0.50320,1
10624,-0.06056,0.84073,1
10625,-0.05967,0.50000,1
10626,0.46123,0.73007,1
10627,0.65301,0.50000,1
10628,0.19743,0.56255,1
10629,-0.10287,0.82306,1
10630,-0.18445,0.82508,1
10631,-0.39780,0.83474,1
10632,-0.26908,0.50000,1
10633,-0.14162,0.57815,1
10634,-0.08488,0.50000,1
10635,-0.66154,0.50000,1
10636,-0.77806,0.60388,1
10637,-0.51128,0.50000,1
10638,0.09125,0.88856,1
10639,-0.16264,0.71880,1
10640,-0.36736,0.50000,1
10641,-0.64927,0.52996,1
10642,-0.27607,0.62456,1
10643,0.40418,0.60678,1
10644,0.25927,0.59122,1
10645,0.06086,0.50000,1
10646,-0.54843,0.50000,1
10647,0.07660,0.50000,1
10648,0.72450,0.62749,1
10649,0.20284,0.78307,1
10650,-0.19044,0.85788,1
10651,0.15701,0.50000,1
10652,-0.21505,0.50000,1
10653,-0.35498,0.50000,1
10654,0.18245,0.50000,1
10655,0.12702,0.90301,1
10656,-0.01217,0.87806,1
10657,-0.10760,0.50000,1
10658,-0.21218,0.50000,1
10659,-0.14548,0.53200,1
10660,0.08838,0.50000,1
10661,-0.24997,0.67177,1
10662,-0.35665,0.54836,1
10663,-0.64263,0.73308,1
10664,-0.16526,0.56701,1
10665,-0.33743,0.50000,1
10666,0.01146,0.50506,1
10667,-0.09694,0.52925,1
10668,0.19659,0.60703,1
10669,0.50672,0.74896,1
10670,0.17755,0.51486,1
10671,0.12924,0.58799,1
10672,0.18727,0.54287,1
10673,0.01370,0.50000,1
10674,-0.41952,0.70579,1
10675,-0.49599,0.51322,1
10676,-0.60465,0.71518,1
10677,0.13272,0.57984,1
10678,0.87163,0.50000,1
10679,0.89832,0.66457,1
10680,1.06392,0.76442,1
10681,0.09594,1.12877,1
10682,-0.44863,0.67998,1
10683,0.47350,0.57921,1
10684,-0.09699,0.64312,1
10685,-0.29794,0.59562,1
10686,-0.07349,0.68922,1
10687,-0.53348,0.68816,1
10688,0.27763,1.05828,1
10689,1.42714,1.00390,1
10690,0.42570,0.81928,1
10691,0.11626,0.86142,1
10692,1.25428,0.71777,1
10693,0.38590,1.12618,1
10694,-0.08827,0.68907,1
10695,-0.35030,0.50864,1
10696,-0.73207,0.76476,1
10697,0.21221,0.50000,1
10698,0.05144,0.53197,1
10699,-0.36916,0.85243,1
10700,-0.52973,0.79787,1
10701,-0.19742,1.11567,1
10702,0.04841,0.57437,1
10703,-0.08285,0.52218,1
10704,0.01924,0.77381,1
10705,0.07925,0.72678,1
10706,0.75809,0.95227,1
10707,0.44415,0.83483,1
10708,0.00354,0.62391,1
10709,0.81331,0.65094,1
10710,0.34643,0.74695,1
10711,0.70699,0.67711,1
10712,0.20997,0.68328,1
10713,0.08693,0.82378,1
10714,-0.22935,0.76863,1
10715,-0.52702,0.52845,1
10716,-0.40068,0.61619,1
10717,-0.10906,0.84994,1
10718,0.38343,0.64066,1
10719,0.38494,0.89553,1
10720,0.07744,0.51736,1
10721,-0.20396,0.68065,1
10722,-0.17107,0.66209,1
10723,0.11756,0.64125,1
10724,0.26904,1.02231,1
10725,-0.67730,0.97431,1
10726,-0.28556,0.89740,1
10727,-0.13857,0.68032,1
10728,0.18014,0.63886,1
10729,0.53393,0.87112,1
10730,0.42560,0.65263,1
10731,-0.08045,0.77465,1
10732,0.06498,0.52995,1
10733,0.51422,0.68970,1
10734,0.47909,0.60844,1
10735,-0.05404,0.59996,1
10736,-0.07136,0.91645,1
10737,-0.29899,0.67827,1
10738,-0.51363,0.68538,1
10739,-0.04868,0.80396,1
10740,0.36950,0.68976,1
10741,-0.14210,0.67336,1
10742,0.08346,0.81189,1
10743,0.42219,1.04151,1
10744,0.11447,0.69836,1
10745,-0.21545,0.61892,1
10746,0.39000,0.71274,1
10747,0.07246,0.54472,1
10748,0.15005,0.50000,1
10749,0.10676,0.82850,1
10750,-0.09705,0.82836,1
10751,0.12067,0.73184,1
10752,0.10355,0.56760,1
10753,-0.12287,0.75581,1
10754,0.35075,0.86172,1
10755,0.56233,0.78611,1
10756,0.60505,1.15264,1
10757,0.36920,0.86621,1
10758,-0.25456,0.97852,1
10759,-0.11876,0.83377,1
10760,0.59501,0.77310,1
10761,-0.15174,0.98202,1
10762,-0.79879,0.83772,1
10763,-0.64226,1.15607,1
10764,0.04902,0.79850,1
10765,-0.25320,0.86461,1
10766,0.93113,1.05292,1
10767,0.54646,0.97342,1
10768,-0.05065,0.92752,1
10769,0.01457,1.03076,1
10770,0.33183,0.85015,1
10771,0.11427,0.75382,1
10772,0.36712,0.79280,1
10773,0.48931,0.80258,1
10774,-0.36193,0.88916,1
10775,-0.32804,0.82934,0
10776,0.16959,1.08626,0
10777,-0.68087,0.82783,0
10778,-0.11466,0.70117,0
10779,0.27695,0.66525,0
10780,-0.02390,0.69720,0
10781,-0.21689,0.86068,0
10782,-0.12885,0.64492,0
10783,-0.10450,0.61178,0
10784,0.28628,0.61091,0
10785,0.46355,0.67463,0
10786,0.71797,1.00668,0
10787,0.16513,0.67907,0
10788,-0.21183,1.01306,0
10789,-0.34783,0.74764,0
10790,-0.40311,0.72044,0
10791,-0.37226,1.05487,0
10792,0.06675,0.72772,0
10793,-0.11414,0.82570,0
10794,-0.09315,0.70396,0
10795,0.05309,0.82151,0
10796,-0.03007,0.94263,0
10797,0.65762,1.27976,0
10798,0.61784,0.98052,0
10799,-0.09361,0.67423,0
10800,-0.05160,0.76849,0
10801,0.08824,0.64850,0
10802,0.08925,0.56730,0
10803,-0.07935,0.62568,0
10804,-0.00850,0.74342,0
10805,0.43302,0.89910,0
10806,-0.26132,0.63032,0
10807,-0.01571,0.93554,0
10808,-0.23561,0.51564,0
10809,-0.39677,0.60883,0
10810,-0.27645,0.58892,0
10811,0.19076,0.61489,0
10812,0.08995,0.56745,0
10813,-0.29274,0.70012,0
10814,-0.51692,0.80667,0
10815,-0.56236,0.74940,0
10816,-0.38019,0.60565,0
10817,0.00695,0.75977,0
10818,0.12829,0.69450,0
10819,0.07261,0.55703,0
10820,-0.12681,0.50000,0
10821,0.03124,0.68615,0
10822,0.38471,0.58588,0
10823,0.37666,0.52399,0
10824,-0.23821,0.50000,0
10825,-0.47275,0.61887,0
10826,-0.23927,0.67173,0
10827,0.35231,0.66406,0
10828,0.53678,1.03039,0
10829,0.59923,0.87584,0
10830,0.76560,0.73918,0
10831,0.43044,1.17608,0
10832,-0.03066,0.79768,0
10833,-0.67426,0.89748,0
10834,-0.65272,0.78384,0
10835,-0.77144,0.96554,0
10836,-0.09678,0.93874,0
10837,-0.81445,1.12290,0
10838,0.04448,1.22568,0
10839,0.02916,1.25378,0
10840,0.43427,0.86582,0
10841,0.39860,0.97325,0
10842,0.82951,1.01676,0
10843,0.60045,1.12620,0
10844,0.38500,0.95549,0
10845,0.02848,1.01611,0
10846,0.04314,0.83278,0
10847,-0.05652,0.89270,0
10848,-0.07188,0.80289,0
10849,-0.27589,0.96962,0
10850,-0.43546,0.86578,0
10851,-0.07432,0.70132,0
10852,0.22312,0.70602,0
10853,0.15859,0.78312,0
10854,0.00813,1.07774,0
10855,0.11146,0.92583,0
10856,0.53260,0.77540,0
10857,0.13402,0.84493,0
10858,0.06372,0.60877,0
10859,0.30251,0.53410,0
10860,-0.00911,0.71960,0
10861,0.07005,0.81179,0
10862,-0.13978,0.78282,0
10863,0.33761,0.72748,0
10864,0.28397,0.68991,0
10865,0.29503,0.54895,0
10866,0.24898,0.60356,0
10867,0.26823,0.57251,0
10868,0.09038,0.83849,0
10869,0.13330,0.64898,0
10870,0.08509,0.63498,0
10871,0.02882,0.59032,0
10872,0.17940,0.65037,0
10873,0.19053,0.63503,0
10874,0.01437,0.66401,0
10875,0.10424,0.75004,0
10876,0.13646,0.77164,0
10877,0.26366,0.78221,0
10878,0.33639,0.84842,0
10879,-0.00068,0.75881,0
10880,0.01030,0.75091,0
10881,-0.14672,0.92628,0
10882,-0.03385,0.67414,0
10883,0.06836,0.50000,0
10884,0.05592,0.63043,0
10885,0.06638,0.66868,0
10886,0.02302,0.55707,0
10887,-0.20091,0.62314,0
10888,-0.17071,0.83195,0
10889,0.12780,0.77300,0
10890,0.28597,1.25387,0
10891,-0.01382,0.89892,0
10892,-0.20658,0.60505,0
10893,-0.09889,0.52633,0
10894,0.08934,0.50000,0
10895,-0.03586,0.53556,0
10896,0.00696,0.50800,0
10897,-0.08582,0.51795,0
10898,-0.05098,0.72315,0
10899,0.06237,0.79220,0
10900,0.14093,0.89489,0
10901,0.20714,0.64802,0
10902,0.04703,0.50000,0
10903,0.05617,0.59792,0
10904,0.19403,0.79689,0
10905,0.35122,0.58354,0
10906,0.04566,0.55910,0
10907,0.06299,0.50000,0
10908,0.03234,0.89219,0
10909,-0.05292,0.63052,0
10910,-0.03828,0.57753,0
10911,0.16681,0.82674,0
10912,-0.00136,0.89721,0
10913,0.05064,0.62342,0
10914,-0.09626,0.67834,0
10915,-0.21521,0.50000,0
10916,-0.11347,0.57897,0
10917,-0.05715,0.54191,0
10918,-0.17622,0.51878,0
10919,-0.35772,0.51771,0
10920,-0.57281,0.58141,0
10921,-0.41812,0.66999,0
10922,0.07304,0.94907,0
10923,-1.19425,2.25359,0
10924,-0.52682,2.98571,0
10925,0.09447,1.99520,0
10926,0.53151,2.73868,0
10927,0.41681,2.44057,0
10928,-0.30545,2.29001,0
10929,-1.31816,2.63784,0
10930,-1.59012,2.47725,0
10931,0.14889,2.97771,0
10932,0.36792,3.69422,0
10933,-0.09258,3.02244,0
10934,1.14460,4.06686,0
10935,3.44933,1.80886,0
10936,4.70069,2.46501,0
10937,2.18523,3.90271,0
10938,-1.82368,3.32807,0
10939,-1.84543,2.96214,0
10940,-4.56600,3.20105,0
10941,-6.83976,3.64392,0
10942,-7.40281,3.10133,0
10943,-5.66435,2.50352,0
10944,-5.85309,3.39204,0
10945,-3.50998,4.01815,0
10946,-0.36810,4.38512,0
10947,0.91174,4.09677,0
10948,3.14346,3.81631,0
10949,1.87433,2.18760,0
10950,0.14731,1.54614,0
10951,-1.28646,1.04296,0
10952,-1.88667,1.40804,0
10953,-2.75799,1.05801,0
10954,-2.63753,1.20997,0
10955,-2.66745,0.97703,0
10956,-2.64407,0.84728,0
10957,-1.91103,0.95848,0
10958,-0.92277,0.89726,0
10959,-0.59271,0.95693,0
10960,-0.31613,1.02400,0
10961,0.51446,0.94381,0
10962,0.82516,1.46251,0
10963,0.11922,1.88924,0
10964,-0.19134,1.90581,0
10965,1.04995,1.62759,0
10966,1.48820,1.52983,0
10967,1.72559,1.40920,0
10968,1.71698,1.53282,0
10969,1.35895,1.24475,0
10970,1.02135,1.47620,0
10971,0.70716,1.00076,0
10972,0.12743,1.39228,0
10973,0.17425,1.12918,0
10974,0.39747,1.45000,0
10975,0.36184,1.66391,0
10976,-0.35692,1.58362,0
10977,-0.28500,1.43785,0
10978,-0.57042,1.33219,0
10979,-0.67307,1.56036,0
10980,-1.21241,1.78655,0
10981,-1.20445,1.84269,0
10982,-1.40049,1.67850,0
10983,-0.70022,1.57514,0
10984,-0.77901,1.71427,0
10985,-0.65745,1.78091,0
10986,-0.50141,2.01193,0
10987,-0.56177,1.81781,0
10988,-1.38913,1.79598,0
10989,-0.71401,1.86912,0
10990,0.68495,1.61231,0
10991,1.77232,1.36991,0
10992,2.29723,1.61689,0
10993,2.32046,1.56384,0
10994,1.05635,1.70094,0
10995,0.27515,1.48431,0
10996,-0.08434,1.91933,0
10997,-3.00830,2.39607,0
10998,-0.88574,2.21358,0
10999,-0.37215,2.14940,0
11000,0.26385,1.40628,1
11001,-0.71167,1.56388,1
11002,-0.69202,1.32949,1
11003,-1.80277,1.33398,1
11004,0.65335,2.48123,1
11005,0.47843,2.79545,1
11006,0.58784,2.63921,1
11007,-0.08691,2.25223,1
11008,-0.37092,1.95185,1
11009,1.42593,1.41839,1
11010,0.83715,1.07100,1
11011,0.79266,0.97331,1
11012,0.32514,0.86487,1
11013,-0.15934,0.98279,1
11014,0.02897,1.63227,1
11015,0.20423,1.30772,1
11016,0.02363,1.28521,1
11017,0.40228,1.43972,1
11018,0.34012,1.09464,1
11019,0.21216,0.97460,1
11020,0.12154,0.57666,1
11021,0.07623,0.63822,1
11022,-0.07770,0.62142,1
11023,-0.14932,0.54593,1
11024,-0.47638,0.57668,1
11025,-0.79612,0.63933,1
11026,-0.95203,1.21561,1
11027,-0.48622,1.79379,1
11028,0.86624,2.57683,1
11029,0.84741,2.74935,1
11030,0.45189,3.26570,1
11031,-0.18250,2.63159,1
11032,-0.11286,2.57158,1
11033,0.05047,2.81542,1
11034,0.52528,2.58989,1
11035,1.40987,2.80834,1
11036,2.80455,2.56365,1
11037,2.93470,3.17512,1
11038,3.67503,2.24756,1
11039,2.97396,2.50330,1
11040,3.41534,2.20241,1
11041,2.93929,2.48571,1
11042,3.75404,2.43480,1
11043,1.72837,2.98220,1
11044,0.50983,2.17341,1
11045,0.63872,2.21082,1
11046,0.41515,1.88458,1
11047,-0.06265,1.46652,1
11048,0.47721,2.00117,1
11049,-0.75628,2.20861,1
11050,0.02830,2.47599,1
11051,1.77924,2.21718,1
11052,4.16591,2.15000,1
11053,2.52591,1.55125,1
