s,lat,lon,h,x_tm,y_tm,yaw_enu,kappa,grade,s_odo,v_p10_kmh,v_p50_kmh,v_p90_kmh,v_max_kmh
0.0,55.79952095,37.38895321,174.277,-5082.878,-50.363,0.79524,0.000114,0.00033,0.00,5.4,9.1,12.2,12.3
1.0,55.79952738,37.38896436,174.278,-5082.178,-49.649,0.79297,0.000201,0.00049,1.05,6.6,9.6,12.2,12.3
2.0,55.79953377,37.38897556,174.279,-5081.475,-48.938,0.79311,0.000381,0.00082,2.10,7.7,10.2,12.2,12.3
3.0,55.79954019,37.38898671,174.281,-5080.775,-48.224,0.79586,0.000650,0.00113,3.15,8.9,10.7,12.3,12.3
4.0,55.79954662,37.38899785,174.284,-5080.076,-47.509,0.79350,0.000977,0.00144,4.20,10.0,11.3,12.3,12.3
5.0,55.79955301,37.38900905,174.287,-5079.372,-46.798,0.79245,0.001298,0.00173,5.26,11.1,11.8,12.3,12.3
6.0,55.79955942,37.38902021,174.290,-5078.671,-46.085,0.79656,0.001518,0.00201,6.31,11.2,11.9,12.3,12.4
7.0,55.79956587,37.38903132,174.294,-5077.974,-45.368,0.80110,0.001545,0.00227,7.35,11.2,12.0,12.3,12.4
8.0,55.79957234,37.38904238,174.298,-5077.280,-44.649,0.80347,0.001327,0.00252,8.39,11.2,12.1,12.3,12.4
9.0,55.79957881,37.38905343,174.302,-5076.586,-43.929,0.80557,0.000881,0.00274,9.43,11.2,12.1,12.4,12.5
10.0,55.79958531,37.38906444,174.307,-5075.894,-43.206,0.80740,0.000309,0.00294,10.46,11.3,12.2,12.4,12.5
11.0,55.79959180,37.38907545,174.312,-5075.203,-42.484,0.80902,-0.000226,0.00312,11.48,11.2,12.1,12.3,12.4
12.0,55.79959832,37.38908643,174.316,-5074.514,-41.759,0.80757,-0.000560,0.00327,12.50,11.1,11.9,12.2,12.4
13.0,55.79960480,37.38909747,174.321,-5073.820,-41.038,0.80031,-0.000602,0.00341,13.52,11.0,11.8,12.1,12.3
14.0,55.79961122,37.38910861,174.326,-5073.121,-40.324,0.79434,-0.000388,0.00351,14.52,10.9,11.7,12.0,12.2
15.0,55.79961763,37.38911979,174.331,-5072.419,-39.612,0.79367,-0.000070,0.00360,15.53,10.8,11.5,11.9,12.2
16.0,55.79962404,37.38913095,174.335,-5071.718,-38.898,0.80014,0.000162,0.00366,16.52,10.9,11.6,11.9,12.2
17.0,55.79963053,37.38914198,174.340,-5071.026,-38.177,0.80730,0.000185,0.00370,17.52,11.0,11.6,11.9,12.3
18.0,55.79963704,37.38915297,174.345,-5070.335,-37.453,0.80817,0.000003,0.00372,18.52,11.1,11.6,11.9,12.3
19.0,55.79964353,37.38916398,174.349,-5069.644,-36.731,0.80410,-0.000273,0.00372,19.52,11.2,11.7,11.9,12.3
20.0,55.79964999,37.38917507,174.354,-5068.948,-36.013,0.79974,-0.000501,0.00370,20.52,11.3,11.7,11.9,12.4
21.0,55.79965643,37.38918618,174.359,-5068.250,-35.296,0.79987,-0.000589,0.00366,21.51,11.3,11.7,11.8,12.4
22.0,55.79966289,37.38919726,174.364,-5067.554,-34.578,0.79991,-0.000528,0.00360,22.51,11.3,11.7,11.8,12.5
23.0,55.79966933,37.38920837,174.368,-5066.857,-33.862,0.79739,-0.000380,0.00353,23.51,11.3,11.7,11.8,12.5
24.0,55.79967576,37.38921951,174.373,-5066.157,-33.147,0.79750,-0.000236,0.00345,24.50,11.2,11.7,11.8,12.5
25.0,55.79968220,37.38923062,174.377,-5065.460,-32.430,0.79914,-0.000166,0.00336,25.50,11.2,11.7,11.8,12.6
26.0,55.79968865,37.38924172,174.381,-5064.762,-31.714,0.79934,-0.000189,0.00325,26.50,11.2,11.7,11.8,12.6
27.0,55.79969509,37.38925283,174.385,-5064.065,-30.997,0.80244,-0.000259,0.00314,27.50,11.2,11.6,11.8,12.6
28.0,55.79970158,37.38926386,174.388,-5063.373,-30.275,0.80209,-0.000291,0.00303,28.49,11.1,11.6,11.8,12.6
29.0,55.79970802,37.38927497,174.391,-5062.675,-29.559,0.79705,-0.000212,0.00290,29.49,11.1,11.5,11.8,12.6
30.0,55.79971444,37.38928612,174.394,-5061.975,-28.845,0.79362,-0.000019,0.00278,30.49,11.1,11.5,11.9,12.6
31.0,55.79972084,37.38929731,174.396,-5061.272,-28.133,0.79259,0.000218,0.00265,31.49,11.1,11.5,11.8,12.5
32.0,55.79972725,37.38930848,174.398,-5060.571,-27.420,0.79756,0.000397,0.00252,32.49,11.1,11.4,11.8,12.4
33.0,55.79973371,37.38931956,174.400,-5059.875,-26.702,0.80211,0.000454,0.00239,33.48,11.1,11.4,11.8,12.2
34.0,55.79974017,37.38933062,174.401,-5059.181,-25.983,0.80372,0.000412,0.00227,34.48,11.1,11.4,11.7,12.1
35.0,55.79974665,37.38934166,174.403,-5058.487,-25.262,0.80253,0.000356,0.00214,35.48,11.2,11.4,11.7,12.0
36.0,55.79975311,37.38935276,174.404,-5057.791,-24.545,0.79896,0.000374,0.00201,36.48,10.5,10.8,11.7,12.0
37.0,55.79975954,37.38936388,174.405,-5057.092,-23.829,0.79565,0.000485,0.00189,37.48,9.9,10.3,11.7,12.0
38.0,55.79976595,37.38937505,174.407,-5056.391,-23.116,0.79707,0.000632,0.00177,38.48,9.2,9.7,11.6,12.0
39.0,55.79977241,37.38938614,174.408,-5055.695,-22.398,0.80274,0.000725,0.00165,39.48,8.6,9.1,11.6,12.0
40.0,55.79977889,37.38939718,174.410,-5055.002,-21.677,0.80511,0.000709,0.00154,40.48,7.9,8.6,11.6,12.0
41.0,55.79978537,37.38940821,174.411,-5054.309,-20.956,0.80683,0.000596,0.00143,41.47,8.4,9.0,11.7,12.0
42.0,55.79979187,37.38941921,174.413,-5053.618,-20.233,0.80553,0.000447,0.00131,42.47,8.8,9.5,11.8,12.1
43.0,55.79979834,37.38943028,174.414,-5052.923,-19.514,0.80396,0.000314,0.00121,43.47,9.2,9.9,11.9,12.2
44.0,55.79980482,37.38944131,174.416,-5052.230,-18.793,0.80095,0.000202,0.00110,44.47,9.7,10.4,12.0,12.2
45.0,55.79981125,37.38945244,174.417,-5051.531,-18.078,0.80179,0.000073,0.00100,45.46,10.1,10.8,12.1,12.3
46.0,55.79981775,37.38946346,174.419,-5050.840,-17.356,0.80975,-0.000111,0.00089,46.46,10.2,11.1,12.3,12.4
47.0,55.79982427,37.38947441,174.420,-5050.152,-16.630,0.80925,-0.000351,0.00080,47.46,10.3,11.3,12.4,12.5
48.0,55.79983076,37.38948544,174.421,-5049.459,-15.908,0.80402,-0.000605,0.00070,48.45,10.4,11.6,12.5,12.6
49.0,55.79983723,37.38949651,174.422,-5048.764,-15.189,0.80257,-0.000816,0.00061,49.45,10.5,11.9,12.6,12.7
50.0,55.79984369,37.38950757,174.423,-5048.070,-14.470,0.80133,-0.000944,0.00053,50.45,10.6,12.1,12.7,12.8
51.0,55.79985014,37.38951867,174.423,-5047.373,-13.753,0.80183,-0.000974,0.00045,51.45,10.5,12.1,12.7,12.8
52.0,55.79985662,37.38952972,174.423,-5046.679,-13.033,0.80192,-0.000914,0.00038,52.44,10.4,12.1,12.7,12.8
53.0,55.79986307,37.38954082,174.423,-5045.982,-12.316,0.79808,-0.000792,0.00031,53.44,10.4,12.1,12.7,12.9
54.0,55.79986949,37.38955196,174.423,-5045.283,-11.601,0.79656,-0.000664,0.00025,54.44,10.3,12.1,12.7,12.9
55.0,55.79987592,37.38956309,174.423,-5044.584,-10.886,0.79560,-0.000598,0.00021,55.44,10.2,12.0,12.7,12.9
56.0,55.79988234,37.38957425,174.422,-5043.883,-10.172,0.79578,-0.000645,0.00017,56.43,9.5,12.0,12.6,12.8
57.0,55.79988877,37.38958538,174.421,-5043.184,-9.457,0.80111,-0.000782,0.00014,57.43,8.8,11.9,12.4,12.7
58.0,55.79989525,37.38959642,174.420,-5042.491,-8.736,0.80280,-0.000886,0.00013,58.43,8.2,11.9,12.3,12.6
59.0,55.79990171,37.38960751,174.418,-5041.795,-8.018,0.79718,-0.000773,0.00012,59.43,7.5,11.8,12.1,12.5
60.0,55.79990812,37.38961867,174.417,-5041.094,-7.305,0.79050,-0.000302,0.00013,60.43,6.8,11.7,12.0,12.4
61.0,55.79991449,37.38962991,174.416,-5040.388,-6.597,0.78777,0.000510,0.00014,61.42,7.0,11.7,12.0,12.3
62.0,55.79992087,37.38964114,174.415,-5039.683,-5.888,0.78309,0.001448,0.00017,62.42,7.2,11.6,12.0,12.3
63.0,55.79992718,37.38965249,174.414,-5038.971,-5.186,0.78360,0.002174,0.00021,63.42,7.4,11.5,11.9,12.2
64.0,55.79993356,37.38966371,174.413,-5038.266,-4.476,0.80309,0.002404,0.00026,64.42,7.7,11.4,11.9,12.1
65.0,55.79994011,37.38967461,174.413,-5037.582,-3.747,0.81603,0.002067,0.00031,65.42,7.9,11.3,11.9,12.0
66.0,55.79994666,37.38968553,174.413,-5036.896,-3.019,0.81425,0.001349,0.00038,66.42,8.1,11.1,11.8,11.9
67.0,55.79995319,37.38969647,174.413,-5036.209,-2.293,0.81639,0.000575,0.00045,67.42,8.3,10.9,11.6,11.8
68.0,55.79995976,37.38970734,174.414,-5035.526,-1.562,0.80150,0.000009,0.00053,68.42,8.6,10.7,11.5,11.6
69.0,55.79996611,37.38971863,174.415,-5034.818,-0.856,0.78893,-0.000280,0.00062,69.41,8.8,10.5,11.3,11.5
70.0,55.79997252,37.38972978,174.416,-5034.117,-0.143,0.80313,-0.000410,0.00071,70.41,9.0,10.3,11.2,11.4
71.0,55.79997905,37.38974074,174.418,-5033.429,0.583,0.81368,-0.000548,0.00081,71.41,9.0,10.2,11.1,11.2
72.0,55.79998559,37.38975166,174.420,-5032.743,1.311,0.80936,-0.000787,0.00091,72.41,8.9,10.1,10.9,11.1
73.0,55.79999206,37.38976272,174.421,-5032.049,2.031,0.80252,-0.001097,0.00102,73.40,8.8,10.0,10.8,11.0
74.0,55.79999853,37.38977379,174.423,-5031.354,2.749,0.80049,-0.001384,0.00113,74.40,8.8,9.9,10.6,10.8
75.0,55.80000497,37.38978490,174.424,-5030.656,3.466,0.79873,-0.001554,0.00125,75.40,8.7,9.8,10.5,10.7
76.0,55.80001141,37.38979602,174.425,-5029.958,4.182,0.79843,-0.001550,0.00137,76.39,8.6,9.8,10.4,10.7
77.0,55.80001785,37.38980713,174.426,-5029.261,4.899,0.79876,-0.001351,0.00150,77.39,8.5,9.8,10.4,10.7
78.0,55.80002430,37.38981824,174.426,-5028.563,5.615,0.79572,-0.000977,0.00163,78.38,8.4,9.8,10.4,10.7
79.0,55.80003070,37.38982942,174.427,-5027.861,6.327,0.78556,-0.000506,0.00176,79.38,8.3,9.7,10.4,10.7
80.0,55.80003701,37.38984076,174.427,-5027.149,7.030,0.78732,-0.000080,0.00190,80.37,8.2,9.7,10.3,10.7
81.0,55.80004344,37.38985190,174.427,-5026.450,7.744,0.79624,0.000149,0.00205,81.37,8.4,9.9,10.6,10.9
82.0,55.80004987,37.38986303,174.428,-5025.751,8.459,0.79574,0.000098,0.00220,82.36,8.5,10.1,10.8,11.2
83.0,55.80005629,37.38987419,174.430,-5025.050,9.173,0.79985,-0.000171,0.00235,83.36,8.7,10.3,11.1,11.4
84.0,55.80006277,37.38988523,174.432,-5024.357,9.894,0.80253,-0.000445,0.00251,84.35,8.9,10.6,11.3,11.6
85.0,55.80006922,37.38989632,174.435,-5023.660,10.611,0.79655,-0.000446,0.00267,85.35,9.0,10.8,11.6,11.8
86.0,55.80007562,37.38990750,174.438,-5022.959,11.323,0.79018,0.000019,0.00283,86.35,9.4,11.0,11.7,11.9
87.0,55.80008200,37.38991874,174.442,-5022.253,12.032,0.78511,0.000929,0.00300,87.34,9.7,11.2,11.8,12.0
88.0,55.80008834,37.38993003,174.446,-5021.544,12.737,0.77760,0.002011,0.00318,88.34,10.1,11.5,11.9,12.1
89.0,55.80009461,37.38994144,174.451,-5020.828,13.435,0.78649,0.002834,0.00335,89.33,10.4,11.7,12.1,12.2
90.0,55.80010107,37.38995253,174.455,-5020.131,14.153,0.80500,0.003013,0.00353,90.33,10.8,11.9,12.2,12.3
91.0,55.80010758,37.38996351,174.459,-5019.442,14.877,0.81585,0.002393,0.00370,91.33,10.7,11.7,12.0,12.2
92.0,55.80011416,37.38997435,174.463,-5018.761,15.609,0.82291,0.001118,0.00388,92.32,10.6,11.5,11.8,12.1
93.0,55.80012076,37.38998517,174.466,-5018.081,16.343,0.81661,-0.000444,0.00405,93.32,10.5,11.3,11.6,12.0
94.0,55.80012727,37.38999616,174.469,-5017.392,17.067,0.80609,-0.001854,0.00422,94.32,10.4,11.1,11.4,11.9
95.0,55.80013374,37.39000723,174.472,-5016.697,17.786,0.80403,-0.002754,0.00439,95.31,10.4,10.9,11.2,11.9
96.0,55.80014022,37.39001826,174.475,-5016.004,18.507,0.80498,-0.002940,0.00455,96.31,10.1,10.7,11.2,11.8
97.0,55.80014670,37.39002930,174.478,-5015.311,19.228,0.79171,-0.002385,0.00471,97.31,9.9,10.6,11.1,11.8
98.0,55.80015301,37.39004064,174.482,-5014.599,19.930,0.77905,-0.001232,0.00485,98.31,9.7,10.4,11.0,11.8
99.0,55.80015933,37.39005197,174.486,-5013.887,20.633,0.78454,0.000236,0.00499,99.30,9.5,10.3,11.0,11.7
100.0,55.80016572,37.39006318,174.491,-5013.183,21.343,0.78910,0.001666,0.00511,100.30,9.3,10.1,10.9,11.7
101.0,55.80017210,37.39007441,174.497,-5012.478,22.053,0.78800,0.002748,0.00522,101.30,9.4,10.1,10.9,11.6
102.0,55.80017847,37.39008565,174.504,-5011.773,22.761,0.79766,0.003332,0.00531,102.29,9.5,10.1,10.8,11.5
103.0,55.80018497,37.39009666,174.512,-5011.082,23.484,0.81867,0.003485,0.00539,103.29,9.6,10.1,10.8,11.4
104.0,55.80019160,37.39010741,174.520,-5010.407,24.222,0.81812,0.003443,0.00545,104.28,9.7,10.1,10.7,11.4
105.0,55.80019809,37.39011843,174.529,-5009.715,24.944,0.80558,0.003462,0.00549,105.28,9.7,10.1,10.7,11.3
106.0,55.80020457,37.39012947,174.538,-5009.021,25.664,0.80429,0.003665,0.00552,106.28,9.7,10.1,10.7,11.3
107.0,55.80021105,37.39014052,174.547,-5008.327,26.384,0.81059,0.003980,0.00554,107.27,9.7,10.2,10.7,11.4
108.0,55.80021760,37.39015142,174.555,-5007.643,27.113,0.82361,0.004181,0.00554,108.27,9.7,10.2,10.7,11.4
109.0,55.80022424,37.39016217,174.564,-5006.968,27.851,0.83136,0.003998,0.00552,109.26,9.7,10.2,10.7,11.5
110.0,55.80023089,37.39017288,174.571,-5006.295,28.591,0.83296,0.003197,0.00550,110.26,9.7,10.3,10.7,11.5
111.0,55.80023754,37.39018359,174.578,-5005.623,29.331,0.83614,0.001609,0.00547,111.25,9.7,10.2,10.7,11.9
112.0,55.80024423,37.39019423,174.583,-5004.955,30.075,0.84307,-0.000862,0.00544,112.25,9.7,10.2,10.7,12.3
113.0,55.80025097,37.39020478,174.588,-5004.293,30.825,0.85208,-0.004225,0.00540,113.24,9.7,10.1,10.7,12.7
114.0,55.80025777,37.39021520,174.592,-5003.638,31.581,0.85002,-0.008378,0.00536,114.23,9.7,10.1,10.6,13.2
115.0,55.80026448,37.39022579,174.595,-5002.973,32.327,0.83183,-0.013100,0.00531,115.22,9.7,10.0,10.6,13.6
116.0,55.80027106,37.39023665,174.598,-5002.291,33.059,0.81989,-0.018072,0.00528,116.22,9.7,10.0,10.6,14.0
117.0,55.80027763,37.39024753,174.600,-5001.608,33.789,0.80841,-0.022940,0.00524,117.21,9.7,10.0,10.6,14.5
118.0,55.80028406,37.39025865,174.602,-5000.910,34.505,0.77490,-0.027398,0.00521,118.20,9.8,10.1,10.6,15.0
119.0,55.80029020,37.39027028,174.605,-5000.179,35.188,0.73328,-0.031265,0.00519,119.19,9.8,10.1,10.5,15.5
120.0,55.80029610,37.39028231,174.607,-4999.424,35.844,0.68895,-0.034489,0.00518,120.19,9.8,10.1,10.5,16.0
121.0,55.80030164,37.39029487,174.610,-4998.636,36.459,0.66013,-0.037062,0.00517,121.18,10.2,10.5,11.0,16.4
122.0,55.80030713,37.39030748,174.614,-4997.844,37.070,0.64104,-0.038878,0.00516,122.17,10.6,10.9,11.4,16.8
123.0,55.80031239,37.39032040,174.619,-4997.033,37.655,0.58822,-0.039685,0.00516,123.16,11.0,11.3,11.8,17.2
124.0,55.80031711,37.39033398,174.625,-4996.181,38.179,0.53144,-0.039183,0.00517,124.16,11.4,11.7,12.3,17.6
125.0,55.80032151,37.39034787,174.631,-4995.310,38.669,0.48198,-0.037237,0.00518,125.15,11.8,12.1,12.7,18.0
126.0,55.80032545,37.39036220,174.638,-4994.410,39.106,0.43431,-0.034053,0.00520,126.14,12.1,12.6,13.3,18.1
127.0,55.80032909,37.39037678,174.645,-4993.496,39.510,0.40382,-0.030197,0.00522,127.14,12.5,13.2,13.9,18.3
128.0,55.80033253,37.39039151,174.653,-4992.571,39.891,0.37942,-0.026419,0.00524,128.13,12.8,13.8,14.5,18.5
129.0,55.80033576,37.39040639,174.661,-4991.638,40.251,0.36462,-0.023388,0.00527,129.12,13.2,14.3,15.0,18.7
130.0,55.80033895,37.39042129,174.668,-4990.703,40.605,0.35887,-0.021469,0.00531,130.12,13.5,14.9,15.6,18.8
131.0,55.80034209,37.39043623,174.675,-4989.765,40.953,0.34322,-0.020657,0.00535,131.12,13.6,15.0,15.7,18.8
132.0,55.80034501,37.39045131,174.682,-4988.819,41.278,0.31945,-0.020663,0.00539,132.11,13.7,15.1,15.7,18.8
133.0,55.80034775,37.39046650,174.688,-4987.867,41.581,0.29733,-0.021101,0.00545,133.11,13.9,15.2,15.8,18.7
134.0,55.80035030,37.39048179,174.693,-4986.907,41.863,0.27087,-0.021650,0.00551,134.11,14.0,15.3,15.9,18.7
135.0,55.80035258,37.39049721,174.697,-4985.940,42.116,0.24801,-0.022116,0.00558,135.10,14.1,15.3,15.9,18.7
136.0,55.80035473,37.39051269,174.700,-4984.969,42.354,0.23092,-0.022399,0.00567,136.10,14.0,15.3,15.8,18.5
137.0,55.80035671,37.39052825,174.704,-4983.993,42.574,0.20956,-0.022431,0.00577,137.10,13.9,15.2,15.8,18.4
138.0,55.80035848,37.39054388,174.706,-4983.012,42.770,0.18373,-0.022154,0.00588,138.10,13.8,15.1,15.7,18.3
139.0,55.80036001,37.39055959,174.709,-4982.027,42.939,0.15542,-0.021578,0.00600,139.10,13.8,15.1,15.7,18.1
140.0,55.80036128,37.39057537,174.712,-4981.037,43.080,0.13105,-0.020828,0.00614,140.10,13.7,15.0,15.6,18.0
141.0,55.80036238,37.39059120,174.715,-4980.044,43.201,0.10764,-0.020142,0.00629,141.10,13.7,15.0,15.5,17.9
142.0,55.80036323,37.39060707,174.718,-4979.048,43.295,0.09511,-0.019764,0.00646,142.10,13.8,14.9,15.5,17.8
143.0,55.80036410,37.39062294,174.722,-4978.053,43.391,0.08980,-0.019800,0.00663,143.10,13.9,14.9,15.4,17.7
144.0,55.80036486,37.39063883,174.727,-4977.057,43.474,0.07103,-0.020156,0.00681,144.10,13.9,14.9,15.4,17.6
145.0,55.80036540,37.39065475,174.733,-4976.058,43.533,0.04719,-0.020601,0.00700,145.10,14.0,14.9,15.3,17.5
146.0,55.80036573,37.39067068,174.740,-4975.059,43.569,0.01733,-0.020948,0.00720,146.10,14.0,15.2,15.8,17.6
147.0,55.80036573,37.39068663,174.748,-4974.059,43.567,-0.01607,-0.021191,0.00739,147.10,14.1,15.5,16.2,17.7
148.0,55.80036546,37.39070257,174.757,-4973.059,43.536,-0.03039,-0.021513,0.00758,148.11,14.1,15.8,16.7,17.7
149.0,55.80036521,37.39071851,174.767,-4972.060,43.506,-0.03804,-0.022136,0.00778,149.11,14.2,16.1,17.1,17.8
150.0,55.80036480,37.39073444,174.778,-4971.061,43.460,-0.05420,-0.023145,0.00796,150.11,14.2,16.4,17.6,17.8
151.0,55.80036425,37.39075035,174.789,-4970.063,43.398,-0.07820,-0.024403,0.00814,151.12,14.5,16.9,18.1,18.4
152.0,55.80036342,37.39076623,174.800,-4969.067,43.304,-0.11092,-0.025626,0.00832,152.12,14.8,17.5,18.7,19.0
153.0,55.80036229,37.39078205,174.812,-4968.075,43.177,-0.14363,-0.026523,0.00849,153.12,15.1,18.0,19.3,19.5
154.0,55.80036087,37.39079779,174.823,-4967.088,43.018,-0.17226,-0.026902,0.00865,154.13,15.4,18.5,19.8,20.1
155.0,55.80035923,37.39081347,174.834,-4966.105,42.834,-0.20056,-0.026678,0.00880,155.13,15.8,19.0,20.4,20.6
156.0,55.80035731,37.39082905,174.844,-4965.128,42.620,-0.22447,-0.025802,0.00895,156.14,15.8,19.6,20.9,21.1
157.0,55.80035525,37.39084457,174.854,-4964.155,42.389,-0.25062,-0.024219,0.00909,157.14,15.9,20.2,21.3,21.6
158.0,55.80035288,37.39085994,174.863,-4963.191,42.124,-0.28167,-0.021901,0.00923,158.15,15.9,20.8,21.8,22.1
159.0,55.80035028,37.39087521,174.871,-4962.234,41.833,-0.30949,-0.018941,0.00937,159.15,15.9,21.3,22.3,22.6
160.0,55.80034743,37.39089033,174.879,-4961.286,41.515,-0.33551,-0.015608,0.00950,160.15,16.0,21.9,22.8,23.1
161.0,55.80034438,37.39090533,174.886,-4960.346,41.174,-0.34590,-0.012311,0.00964,161.16,16.4,22.3,23.1,23.5
162.0,55.80034135,37.39092034,174.893,-4959.405,40.836,-0.34225,-0.009446,0.00978,162.16,16.9,22.6,23.5,23.8
163.0,55.80033837,37.39093538,174.901,-4958.462,40.503,-0.34220,-0.007240,0.00993,163.16,17.4,22.9,23.8,24.2
164.0,55.80033535,37.39095040,174.908,-4957.521,40.165,-0.34804,-0.005679,0.01007,164.16,17.8,23.3,24.1,24.5
165.0,55.80033226,37.39096537,174.916,-4956.582,39.821,-0.35498,-0.004562,0.01023,165.16,18.3,23.6,24.5,24.8
166.0,55.80032912,37.39098031,174.925,-4955.646,39.470,-0.36187,-0.003647,0.01038,166.17,18.5,23.9,24.7,25.0
167.0,55.80032592,37.39099521,174.935,-4954.711,39.113,-0.36747,-0.002767,0.01054,167.17,18.8,24.1,24.9,25.2
168.0,55.80032269,37.39101009,174.945,-4953.779,38.752,-0.36937,-0.001876,0.01071,168.17,19.0,24.3,25.1,25.4
169.0,55.80031946,37.39102496,174.956,-4952.846,38.391,-0.36731,-0.001017,0.01087,169.17,19.3,24.6,25.3,25.6
170.0,55.80031626,37.39103986,174.967,-4951.913,38.033,-0.36726,-0.000256,0.01104,170.17,19.6,24.8,25.5,25.8
171.0,55.80031303,37.39105474,174.979,-4950.980,37.673,-0.36781,0.000365,0.01121,171.17,19.9,25.0,25.6,25.9
172.0,55.80030982,37.39106963,174.992,-4950.046,37.314,-0.36612,0.000838,0.01138,172.17,20.2,25.1,25.7,26.1
173.0,55.80030662,37.39108453,175.005,-4949.112,36.957,-0.36330,0.001171,0.01154,173.17,20.6,25.3,25.8,26.2
174.0,55.80030345,37.39109946,175.018,-4948.177,36.604,-0.36313,0.001370,0.01170,174.17,20.9,25.4,25.9,26.3
175.0,55.80030025,37.39111436,175.031,-4947.243,36.247,-0.36360,0.001425,0.01185,175.17,21.3,25.6,25.9,26.4
176.0,55.80029708,37.39112927,175.044,-4946.308,35.892,-0.35922,0.001328,0.01200,176.17,21.5,25.6,26.0,26.4
177.0,55.80029396,37.39114422,175.057,-4945.370,35.543,-0.35379,0.001090,0.01214,177.17,21.7,25.6,26.0,26.4
178.0,55.80029088,37.39115920,175.070,-4944.431,35.199,-0.35373,0.000750,0.01227,178.17,22.0,25.7,26.0,26.4
179.0,55.80028776,37.39117415,175.083,-4943.494,34.851,-0.35611,0.000365,0.01240,179.17,22.2,25.7,26.0,26.4
180.0,55.80028463,37.39118910,175.096,-4942.557,34.502,-0.35522,-0.000021,0.01252,180.17,22.4,25.7,26.0,26.4
181.0,55.80028153,37.39120406,175.109,-4941.619,34.155,-0.35608,-0.000385,0.01264,181.17,22.5,25.6,25.9,26.3
182.0,55.80027839,37.39121901,175.122,-4940.682,33.805,-0.35765,-0.000721,0.01274,182.16,22.6,25.6,25.9,26.2
183.0,55.80027526,37.39123395,175.135,-4939.746,33.455,-0.35567,-0.001011,0.01285,183.16,22.7,25.5,25.8,26.1
184.0,55.80027216,37.39124891,175.148,-4938.808,33.108,-0.35526,-0.001206,0.01295,184.16,22.8,25.4,25.7,26.0
185.0,55.80026903,37.39126386,175.161,-4937.871,32.759,-0.35974,-0.001241,0.01305,185.16,22.9,25.3,25.7,25.9
186.0,55.80026585,37.39127878,175.174,-4936.936,32.404,-0.36435,-0.001076,0.01314,186.16,22.9,25.1,25.5,25.6
187.0,55.80026265,37.39129367,175.188,-4936.002,32.047,-0.36690,-0.000731,0.01324,187.16,22.8,24.8,25.2,25.4
188.0,55.80025943,37.39130856,175.201,-4935.069,31.687,-0.36782,-0.000302,0.01334,188.16,22.8,24.5,25.0,25.1
189.0,55.80025621,37.39132344,175.214,-4934.136,31.327,-0.36665,0.000079,0.01344,189.15,22.8,24.3,24.8,24.9
190.0,55.80025301,37.39133834,175.227,-4933.202,30.970,-0.36285,0.000300,0.01354,190.15,22.7,24.0,24.6,24.6
191.0,55.80024985,37.39135327,175.240,-4932.266,30.618,-0.35935,0.000312,0.01364,191.15,22.5,23.7,24.2,24.2
192.0,55.80024671,37.39136821,175.252,-4931.329,30.267,-0.36051,0.000148,0.01375,192.15,22.2,23.3,23.8,23.9
193.0,55.80024353,37.39138312,175.265,-4930.394,29.912,-0.36162,-0.000104,0.01386,193.15,22.0,22.9,23.4,23.5
194.0,55.80024037,37.39139805,175.278,-4929.459,29.559,-0.36055,-0.000337,0.01397,194.16,21.7,22.6,23.0,23.2
195.0,55.80023721,37.39141298,175.291,-4928.523,29.206,-0.36143,-0.000469,0.01409,195.16,21.5,22.2,22.6,22.8
196.0,55.80023404,37.39142789,175.305,-4927.588,28.852,-0.36472,-0.000465,0.01420,196.16,21.1,21.8,22.2,22.4
197.0,55.80023083,37.39144278,175.319,-4926.655,28.493,-0.36789,-0.000345,0.01432,197.16,20.6,21.4,21.8,22.0
198.0,55.80022760,37.39145766,175.333,-4925.722,28.133,-0.36712,-0.000160,0.01443,198.16,20.2,21.0,21.4,21.5
199.0,55.80022440,37.39147256,175.347,-4924.788,27.775,-0.36317,0.000033,0.01454,199.16,19.8,20.6,21.0,21.1
200.0,55.80022123,37.39148749,175.362,-4923.852,27.422,-0.36206,0.000204,0.01464,200.16,19.4,20.1,20.6,20.7
201.0,55.80021805,37.39150240,175.376,-4922.917,27.067,-0.36567,0.000343,0.01474,201.16,19.0,19.7,20.1,20.3
202.0,55.80021483,37.39151728,175.392,-4921.984,26.707,-0.36622,0.000454,0.01482,202.16,18.5,19.2,19.7,19.9
203.0,55.80021164,37.39153219,175.407,-4921.050,26.351,-0.36307,0.000529,0.01488,203.16,18.1,18.8,19.3,19.4
204.0,55.80020847,37.39154710,175.423,-4920.115,25.997,-0.36147,0.000557,0.01493,204.17,17.7,18.4,18.9,19.0
205.0,55.80020531,37.39156203,175.439,-4919.179,25.643,-0.36141,0.000522,0.01496,205.17,17.3,17.9,18.4,18.6
206.0,55.80020214,37.39157695,175.455,-4918.244,25.289,-0.36207,0.000424,0.01497,206.17,16.8,17.5,18.0,18.1
207.0,55.80019896,37.39159186,175.472,-4917.309,24.935,-0.36058,0.000283,0.01496,207.17,16.4,17.0,17.5,17.7
208.0,55.80019582,37.39160680,175.489,-4916.373,24.584,-0.35837,0.000139,0.01491,208.17,16.0,16.6,17.0,17.2
209.0,55.80019268,37.39162174,175.506,-4915.436,24.233,-0.35911,0.000048,0.01484,209.17,15.6,16.1,16.6,16.7
210.0,55.80018952,37.39163667,175.523,-4914.500,23.881,-0.36135,0.000054,0.01474,210.17,15.1,15.7,16.1,16.3
211.0,55.80018635,37.39165158,175.540,-4913.565,23.526,-0.36131,0.000162,0.01461,211.17,14.6,15.1,15.6,15.8
212.0,55.80018319,37.39166651,175.557,-4912.629,23.174,-0.36455,0.000323,0.01445,212.17,14.0,14.6,15.0,15.2
213.0,55.80017996,37.39168139,175.574,-4911.697,22.813,-0.36450,0.000452,0.01426,213.17,13.4,14.0,14.5,14.7
214.0,55.80017681,37.39169632,175.591,-4910.761,22.461,-0.35617,0.000468,0.01404,214.17,12.9,13.5,14.0,14.2
215.0,55.80017372,37.39171129,175.608,-4909.822,22.116,-0.35582,0.000340,0.01379,215.17,12.3,13.0,13.5,13.6
216.0,55.80017057,37.39172623,175.624,-4908.886,21.764,-0.35842,0.000104,0.01351,216.17,11.7,12.3,12.8,13.0
217.0,55.80016744,37.39174117,175.640,-4907.949,21.414,-0.35620,-0.000157,0.01321,217.17,11.0,11.6,12.2,12.4
218.0,55.80016433,37.39175613,175.655,-4907.012,21.067,-0.35649,-0.000355,0.01288,218.17,10.3,10.9,11.5,11.8
219.0,55.80016119,37.39177107,175.670,-4906.075,20.716,-0.36179,-0.000439,0.01254,219.17,9.7,10.3,10.9,11.2
220.0,55.80015799,37.39178597,175.683,-4905.141,20.359,-0.36305,-0.000415,0.01217,220.16,9.0,9.6,10.2,10.5
221.0,55.80015483,37.39180089,175.696,-4904.205,20.006,-0.36088,-0.000330,0.01180,221.16,8.5,9.5,10.1,10.5
222.0,55.80015166,37.39181582,175.708,-4903.270,19.653,-0.36022,-0.000254,0.01141,222.16,8.0,9.4,10.0,10.5
223.0,55.80014851,37.39183075,175.719,-4902.334,19.301,-0.36021,-0.000247,0.01102,223.16,7.5,9.3,9.9,10.4
224.0,55.80014535,37.39184567,175.729,-4901.398,18.948,-0.36375,-0.000337,0.01062,224.16,7.0,9.3,9.8,10.4
225.0,55.80014214,37.39186057,175.738,-4900.465,18.590,-0.36025,-0.000506,0.01022,225.16,6.5,9.2,9.7,10.4
226.0,55.80013904,37.39187553,175.747,-4899.527,18.243,-0.35643,-0.000693,0.00983,226.16,7.6,10.2,10.8,11.4
227.0,55.80013589,37.39189047,175.755,-4898.590,17.892,-0.36063,-0.000817,0.00944,227.16,8.8,11.3,11.8,12.4
228.0,55.80013272,37.39190538,175.762,-4897.655,17.537,-0.36679,-0.000814,0.00906,228.16,9.9,12.3,12.8,13.4
229.0,55.80012947,37.39192025,175.769,-4896.723,17.175,-0.36949,-0.000671,0.00869,229.15,11.1,13.3,13.8,14.4
230.0,55.80012625,37.39193513,175.776,-4895.790,16.815,-0.36566,-0.000429,0.00834,230.15,12.2,14.4,14.8,15.4
231.0,55.80012307,37.39195004,175.783,-4894.856,16.459,-0.36586,-0.000155,0.00800,231.15,13.1,15.1,15.6,16.2
232.0,55.80011984,37.39196492,175.789,-4893.923,16.099,-0.36762,0.000092,0.00768,232.15,13.9,15.9,16.3,16.9
233.0,55.80011663,37.39197981,175.796,-4892.989,15.741,-0.36490,0.000283,0.00737,233.14,14.8,16.6,17.0,17.6
234.0,55.80011345,37.39199473,175.802,-4892.054,15.386,-0.36431,0.000416,0.00709,234.14,15.7,17.4,17.7,18.4
235.0,55.80011025,37.39200963,175.808,-4891.121,15.028,-0.36607,0.000496,0.00682,235.14,16.6,18.1,18.4,19.1
236.0,55.80010704,37.39202452,175.815,-4890.187,14.670,-0.36465,0.000528,0.00657,236.13,17.3,18.7,19.0,19.7
237.0,55.80010386,37.39203943,175.821,-4889.252,14.315,-0.36247,0.000508,0.00634,237.13,18.0,19.3,19.6,20.3
238.0,55.80010069,37.39205435,175.826,-4888.317,13.961,-0.36275,0.000438,0.00613,238.13,18.7,19.9,20.2,21.0
239.0,55.80009750,37.39206926,175.832,-4887.382,13.605,-0.36207,0.000332,0.00594,239.12,19.4,20.6,20.8,21.6
240.0,55.80009434,37.39208419,175.837,-4886.447,13.252,-0.36075,0.000222,0.00577,240.12,20.1,21.2,21.3,22.2
241.0,55.80009118,37.39209911,175.842,-4885.511,12.899,-0.36115,0.000144,0.00562,241.12,20.6,21.7,21.8,22.6
242.0,55.80008802,37.39211403,175.846,-4884.576,12.545,-0.36158,0.000117,0.00549,242.12,21.1,22.1,22.4,23.1
243.0,55.80008485,37.39212895,175.850,-4883.640,12.192,-0.36362,0.000127,0.00537,243.12,21.6,22.6,22.9,23.5
244.0,55.80008165,37.39214385,175.854,-4882.706,11.834,-0.36501,0.000130,0.00527,244.11,22.1,23.1,23.4,24.0
245.0,55.80007845,37.39215875,175.858,-4881.772,11.478,-0.36113,0.000072,0.00519,245.11,22.6,23.6,23.9,24.4
246.0,55.80007532,37.39217370,175.861,-4880.835,11.127,-0.35827,-0.000073,0.00512,246.11,23.1,24.0,24.3,24.8
247.0,55.80007217,37.39218863,175.865,-4879.899,10.776,-0.35924,-0.000281,0.00507,247.11,23.5,24.4,24.8,25.3
248.0,55.80006902,37.39220356,175.869,-4878.963,10.424,-0.36112,-0.000487,0.00502,248.11,24.0,24.9,25.2,25.7
249.0,55.80006585,37.39221848,175.873,-4878.028,10.070,-0.36204,-0.000616,0.00499,249.11,24.5,25.3,25.7,26.1
250.0,55.80006268,37.39223340,175.878,-4877.093,9.716,-0.36397,-0.000619,0.00497,250.11,25.0,25.7,26.1,26.5
251.0,55.80005947,37.39224829,175.883,-4876.159,9.358,-0.36614,-0.000488,0.00496,251.11,25.3,26.1,26.5,26.9
252.0,55.80005627,37.39226319,175.887,-4875.225,9.000,-0.36614,-0.000263,0.00495,252.11,25.7,26.5,26.9,27.3
253.0,55.80005306,37.39227808,175.893,-4874.292,8.642,-0.36592,-0.000003,0.00495,253.11,26.1,27.0,27.3,27.8
254.0,55.80004986,37.39229298,175.898,-4873.358,8.284,-0.36627,0.000231,0.00496,254.11,26.5,27.4,27.7,28.2
255.0,55.80004664,37.39230787,175.903,-4872.424,7.925,-0.36417,0.000400,0.00497,255.11,26.9,27.8,28.1,28.6
256.0,55.80004348,37.39232279,175.908,-4871.489,7.572,-0.36255,0.000499,0.00498,256.11,27.2,28.1,28.5,29.0
257.0,55.80004029,37.39233770,175.914,-4870.554,7.216,-0.36321,0.000554,0.00500,257.11,27.6,28.5,28.9,29.3
258.0,55.80003711,37.39235261,175.919,-4869.619,6.861,-0.36154,0.000600,0.00501,258.11,28.0,28.9,29.2,29.7
259.0,55.80003396,37.39236754,175.924,-4868.684,6.509,-0.36188,0.000660,0.00503,259.11,28.3,29.2,29.6,30.1
260.0,55.80003077,37.39238245,175.930,-4867.749,6.153,-0.36351,0.000719,0.00505,260.11,28.7,29.6,30.0,30.4
261.0,55.80002759,37.39239736,175.935,-4866.814,5.798,-0.36200,0.000727,0.00507,261.10,29.1,29.9,30.3,30.7
262.0,55.80002443,37.39241229,175.940,-4865.878,5.445,-0.36014,0.000624,0.00508,262.10,29.4,30.3,30.7,31.1
263.0,55.80002128,37.39242722,175.945,-4864.943,5.093,-0.35683,0.000380,0.00510,263.10,29.8,30.6,31.1,31.4
264.0,55.80001818,37.39244218,175.951,-4864.004,4.746,-0.35338,0.000017,0.00511,264.10,30.1,31.0,31.4,31.7
265.0,55.80001508,37.39245715,175.956,-4863.066,4.401,-0.35725,-0.000388,0.00513,265.10,30.5,31.3,31.8,32.1
266.0,55.80001191,37.39247207,175.961,-4862.131,4.047,-0.35896,-0.000735,0.00514,266.10,30.8,31.6,32.1,32.3
267.0,55.80000879,37.39248702,175.966,-4861.194,3.698,-0.35884,-0.000941,0.00515,267.10,31.1,31.9,32.3,32.6
268.0,55.80000562,37.39250194,175.971,-4860.258,3.345,-0.36221,-0.000968,0.00516,268.10,31.4,32.2,32.6,32.9
269.0,55.80000244,37.39251685,175.976,-4859.323,2.989,-0.36548,-0.000832,0.00517,269.10,31.7,32.5,32.9,33.2
270.0,55.79999922,37.39253174,175.981,-4858.390,2.630,-0.36657,-0.000592,0.00517,270.10,32.0,32.8,33.2,33.5
271.0,55.79999602,37.39254664,175.986,-4857.456,2.273,-0.36340,-0.000322,0.00518,271.10,32.4,33.1,33.5,33.8
272.0,55.79999286,37.39256156,175.991,-4856.521,1.919,-0.36479,-0.000084,0.00518,272.10,32.7,33.4,33.9,34.1
273.0,55.79998963,37.39257644,175.996,-4855.588,1.559,-0.36528,0.000086,0.00519,273.10,33.0,33.8,34.2,34.3
274.0,55.79998646,37.39259136,176.001,-4854.653,1.205,-0.36335,0.000185,0.00519,274.10,33.4,34.1,34.5,34.6
275.0,55.79998327,37.39260626,176.006,-4853.718,0.848,-0.36278,0.000237,0.00519,275.10,33.7,34.4,34.8,34.9
276.0,55.79998010,37.39262119,176.012,-4852.783,0.495,-0.36221,0.000271,0.00519,276.10,33.9,34.7,35.0,35.2
277.0,55.79997692,37.39263610,176.017,-4851.848,0.140,-0.36397,0.000308,0.00519,277.10,34.2,34.9,35.3,35.4
278.0,55.79997373,37.39265100,176.023,-4850.914,-0.217,-0.36422,0.000346,0.00519,278.10,34.4,35.2,35.6,35.7
279.0,55.79997054,37.39266591,176.029,-4849.979,-0.573,-0.36296,0.000369,0.00519,279.10,34.7,35.4,35.8,35.9
280.0,55.79996737,37.39268083,176.034,-4849.044,-0.927,-0.36154,0.000355,0.00518,280.10,34.9,35.7,36.1,36.2
281.0,55.79996420,37.39269575,176.040,-4848.109,-1.280,-0.36003,0.000302,0.00518,281.10,35.1,35.9,36.3,36.4
282.0,55.79996106,37.39271068,176.045,-4847.173,-1.632,-0.35996,0.000230,0.00518,282.10,35.3,36.1,36.5,36.6
283.0,55.79995790,37.39272561,176.051,-4846.237,-1.985,-0.36116,0.000169,0.00518,283.10,35.6,36.3,36.7,36.8
284.0,55.79995473,37.39274053,176.056,-4845.302,-2.339,-0.36143,0.000146,0.00518,284.10,35.8,36.6,36.9,37.1
285.0,55.79995156,37.39275545,176.061,-4844.366,-2.692,-0.36167,0.000168,0.00518,285.10,36.0,36.8,37.1,37.3
286.0,55.79994839,37.39277037,176.066,-4843.431,-3.046,-0.36132,0.000224,0.00518,286.10,36.2,37.0,37.3,37.4
287.0,55.79994523,37.39278530,176.070,-4842.495,-3.399,-0.36014,0.000293,0.00518,287.10,36.4,37.2,37.5,37.6
288.0,55.79994208,37.39280023,176.075,-4841.559,-3.751,-0.35963,0.000349,0.00519,288.10,36.6,37.3,37.7,37.7
289.0,55.79993893,37.39281516,176.080,-4840.623,-4.103,-0.36086,0.000357,0.00519,289.10,36.8,37.5,37.8,37.9
290.0,55.79993576,37.39283008,176.084,-4839.688,-4.457,-0.36070,0.000283,0.00520,290.10,37.0,37.7,38.0,38.0
291.0,55.79993261,37.39284501,176.089,-4838.752,-4.809,-0.35777,0.000103,0.00521,291.11,37.2,37.8,38.1,38.2
292.0,55.79992948,37.39285996,176.094,-4837.815,-5.158,-0.35626,-0.000177,0.00522,292.11,37.3,38.0,38.3,38.3
293.0,55.79992636,37.39287491,176.099,-4836.877,-5.506,-0.35665,-0.000511,0.00523,293.11,37.5,38.1,38.4,38.5
294.0,55.79992323,37.39288986,176.104,-4835.941,-5.856,-0.35775,-0.000817,0.00525,294.11,37.6,38.2,38.5,38.6
295.0,55.79992009,37.39290479,176.109,-4835.004,-6.207,-0.36016,-0.001005,0.00526,295.11,37.8,38.3,38.7,38.8
296.0,55.79991692,37.39291971,176.114,-4834.069,-6.561,-0.36321,-0.001012,0.00527,296.11,37.9,38.5,38.7,38.9
297.0,55.79991373,37.39293462,176.119,-4833.135,-6.917,-0.36493,-0.000815,0.00528,297.11,38.0,38.6,38.8,39.0
298.0,55.79991053,37.39294952,176.125,-4832.201,-7.274,-0.36638,-0.000446,0.00529,298.11,38.1,38.7,38.9,39.1
299.0,55.79990731,37.39296440,176.130,-4831.267,-7.634,-0.36693,0.000027,0.00530,299.11,38.2,38.8,39.0,39.2
300.0,55.79990410,37.39297930,176.136,-4830.334,-7.992,-0.36721,0.000516,0.00531,300.10,38.3,38.9,39.1,39.3
301.0,55.79990088,37.39299418,176.142,-4829.401,-8.352,-0.36557,0.000938,0.00531,301.10,38.3,38.9,39.1,39.3
302.0,55.79989770,37.39300909,176.148,-4828.466,-8.707,-0.36122,0.001237,0.00531,302.10,38.3,38.9,39.2,39.3
303.0,55.79989455,37.39302403,176.154,-4827.530,-9.059,-0.35968,0.001383,0.00531,303.10,38.3,39.0,39.2,39.4
304.0,55.79989139,37.39303895,176.160,-4826.594,-9.411,-0.35962,0.001370,0.00531,304.10,38.4,39.0,39.3,39.4
305.0,55.79988825,37.39305389,176.166,-4825.658,-9.762,-0.35785,0.001203,0.00531,305.10,38.4,39.1,39.3,39.4
306.0,55.79988512,37.39306884,176.172,-4824.721,-10.111,-0.35466,0.000887,0.00530,306.10,38.4,39.0,39.3,39.4
307.0,55.79988203,37.39308381,176.178,-4823.782,-10.457,-0.35332,0.000442,0.00529,307.09,38.3,39.0,39.2,39.3
308.0,55.79987892,37.39309877,176.183,-4822.844,-10.803,-0.35307,-0.000094,0.00528,308.09,38.3,39.0,39.2,39.3
309.0,55.79987583,37.39311374,176.188,-4821.906,-11.148,-0.35245,-0.000655,0.00527,309.09,38.3,38.9,39.2,39.3
310.0,55.79987274,37.39312871,176.193,-4820.967,-11.494,-0.35428,-0.001158,0.00525,310.09,38.3,38.9,39.2,39.3
311.0,55.79986962,37.39314366,176.198,-4820.030,-11.842,-0.35695,-0.001525,0.00524,311.09,38.2,38.9,39.1,39.3
312.0,55.79986648,37.39315860,176.203,-4819.093,-12.193,-0.35965,-0.001710,0.00523,312.09,38.2,38.9,39.1,39.2
313.0,55.79986332,37.39317353,176.207,-4818.158,-12.546,-0.36426,-0.001709,0.00521,313.09,38.2,38.8,39.1,39.2
314.0,55.79986010,37.39318841,176.212,-4817.224,-12.905,-0.36560,-0.001560,0.00520,314.09,38.1,38.8,39.1,39.2
315.0,55.79985691,37.39320332,176.217,-4816.290,-13.261,-0.36673,-0.001316,0.00520,315.09,38.1,38.8,39.0,39.2
316.0,55.79985368,37.39321820,176.221,-4815.357,-13.622,-0.36683,-0.001021,0.00519,316.09,38.1,38.8,39.0,39.1
317.0,55.79985049,37.39323310,176.226,-4814.423,-13.979,-0.36688,-0.000690,0.00518,317.09,38.1,38.8,39.0,39.1
318.0,55.79984726,37.39324798,176.232,-4813.490,-14.340,-0.36963,-0.000316,0.00518,318.10,38.1,38.7,39.0,39.1
319.0,55.79984402,37.39326285,176.237,-4812.558,-14.701,-0.36949,0.000106,0.00518,319.10,38.0,38.7,39.0,39.1
320.0,55.79984079,37.39327773,176.242,-4811.625,-15.062,-0.36962,0.000556,0.00518,320.10,38.0,38.7,38.9,39.1
321.0,55.79983755,37.39329260,176.247,-4810.693,-15.424,-0.37027,0.000979,0.00518,321.10,38.1,38.7,39.0,39.1
322.0,55.79983431,37.39330747,176.253,-4809.761,-15.786,-0.36889,0.001295,0.00519,322.10,38.1,38.7,39.0,39.1
323.0,55.79983109,37.39332236,176.258,-4808.828,-16.145,-0.36374,0.001438,0.00519,323.10,38.2,38.8,39.0,39.2
324.0,55.79982793,37.39333729,176.263,-4807.892,-16.497,-0.35877,0.001378,0.00520,324.10,38.3,38.8,39.0,39.2
325.0,55.79982480,37.39335223,176.268,-4806.955,-16.847,-0.35889,0.001131,0.00521,325.10,38.3,38.8,39.0,39.2
326.0,55.79982164,37.39336716,176.273,-4806.019,-17.200,-0.35975,0.000745,0.00522,326.10,38.2,38.9,39.1,39.3
327.0,55.79981850,37.39338209,176.278,-4805.083,-17.551,-0.35840,0.000277,0.00523,327.10,38.1,39.0,39.2,39.4
328.0,55.79981536,37.39339703,176.283,-4804.146,-17.901,-0.35648,-0.000210,0.00524,328.11,38.0,39.1,39.3,39.5
329.0,55.79981225,37.39341199,176.288,-4803.209,-18.249,-0.35724,-0.000647,0.00525,329.11,37.9,39.2,39.3,39.6
330.0,55.79980910,37.39342692,176.293,-4802.273,-18.601,-0.35927,-0.000956,0.00526,330.11,37.8,39.3,39.4,39.7
331.0,55.79980595,37.39344186,176.299,-4801.336,-18.952,-0.36064,-0.001065,0.00527,331.11,37.6,39.4,39.5,39.8
332.0,55.79980278,37.39345677,176.304,-4800.401,-19.306,-0.36519,-0.000936,0.00527,332.11,37.4,39.4,39.6,39.8
333.0,55.79979955,37.39347166,176.309,-4799.468,-19.666,-0.36762,-0.000588,0.00528,333.11,37.2,39.5,39.7,39.9
334.0,55.79979634,37.39348655,176.315,-4798.535,-20.025,-0.36818,-0.000105,0.00528,334.11,37.0,39.6,39.7,40.0
335.0,55.79979311,37.39350142,176.321,-4797.602,-20.386,-0.36881,0.000388,0.00528,335.11,36.8,39.7,39.8,40.1
336.0,55.79978988,37.39351631,176.326,-4796.669,-20.746,-0.36503,0.000769,0.00528,336.11,36.8,39.7,39.9,40.1
337.0,55.79978671,37.39353122,176.332,-4795.734,-21.100,-0.36073,0.000954,0.00527,337.11,36.7,39.8,39.9,40.2
338.0,55.79978356,37.39354616,176.338,-4794.798,-21.452,-0.36048,0.000918,0.00527,338.11,36.7,39.8,40.0,40.2
339.0,55.79978039,37.39356108,176.343,-4793.863,-21.806,-0.35966,0.000688,0.00525,339.10,36.6,39.9,40.1,40.3
340.0,55.79977726,37.39357602,176.349,-4792.926,-22.156,-0.35872,0.000327,0.00524,340.10,36.6,40.0,40.1,40.4
341.0,55.79977411,37.39359095,176.354,-4791.990,-22.508,-0.35693,-0.000083,0.00522,341.10,36.6,40.0,40.1,40.3
342.0,55.79977100,37.39360591,176.360,-4791.052,-22.855,-0.35708,-0.000454,0.00520,342.10,36.7,39.9,40.1,40.3
343.0,55.79976785,37.39362084,176.365,-4790.116,-23.207,-0.36075,-0.000708,0.00518,343.10,36.8,39.9,40.1,40.3
344.0,55.79976468,37.39363576,176.370,-4789.181,-23.561,-0.36188,-0.000795,0.00516,344.10,36.9,39.9,40.1,40.3
345.0,55.79976150,37.39365068,176.375,-4788.246,-23.915,-0.36409,-0.000707,0.00513,345.10,37.0,39.9,40.1,40.3
346.0,55.79975830,37.39366557,176.380,-4787.312,-24.273,-0.36623,-0.000486,0.00510,346.10,37.0,39.9,40.1,40.3
347.0,55.79975509,37.39368047,176.385,-4786.378,-24.631,-0.36559,-0.000203,0.00507,347.10,37.0,39.8,40.1,40.2
348.0,55.79975190,37.39369537,176.390,-4785.444,-24.988,-0.36495,0.000060,0.00504,348.10,37.0,39.8,40.0,40.2
349.0,55.79974870,37.39371027,176.395,-4784.510,-25.345,-0.36418,0.000236,0.00500,349.10,37.1,39.7,40.0,40.2
350.0,55.79974552,37.39372518,176.401,-4783.575,-25.700,-0.36265,0.000295,0.00497,350.10,37.1,39.7,40.0,40.2
351.0,55.79974234,37.39374010,176.406,-4782.640,-26.055,-0.36215,0.000239,0.00494,351.10,37.1,39.5,39.8,40.0
352.0,55.79973917,37.39375501,176.411,-4781.705,-26.409,-0.36104,0.000101,0.00490,352.10,37.0,39.3,39.7,39.9
353.0,55.79973602,37.39376994,176.416,-4780.769,-26.761,-0.36145,-0.000072,0.00487,353.10,37.0,39.1,39.6,39.8
354.0,55.79973284,37.39378486,176.421,-4779.834,-27.116,-0.36255,-0.000229,0.00483,354.10,37.0,39.0,39.4,39.7
355.0,55.79972966,37.39379977,176.426,-4778.899,-27.470,-0.36311,-0.000322,0.00480,355.10,37.0,38.8,39.3,39.5
356.0,55.79972647,37.39381468,176.431,-4777.965,-27.827,-0.36319,-0.000313,0.00477,356.10,36.9,38.5,39.0,39.3
357.0,55.79972330,37.39382960,176.435,-4777.030,-28.181,-0.36304,-0.000182,0.00474,357.10,36.8,38.3,38.8,39.0
358.0,55.79972011,37.39384450,176.440,-4776.095,-28.537,-0.36598,0.000058,0.00472,358.10,36.7,38.0,38.5,38.8
359.0,55.79971689,37.39385939,176.444,-4775.162,-28.897,-0.36789,0.000354,0.00470,359.10,36.6,37.8,38.2,38.6
360.0,55.79971367,37.39387427,176.449,-4774.229,-29.256,-0.36586,0.000614,0.00468,360.10,36.5,37.5,38.0,38.3
361.0,55.79971048,37.39388918,176.453,-4773.294,-29.612,-0.36290,0.000744,0.00466,361.10,36.3,37.3,37.8,38.0
362.0,55.79970731,37.39390410,176.457,-4772.359,-29.966,-0.36025,0.000686,0.00465,362.10,36.0,37.1,37.6,37.8
363.0,55.79970417,37.39391903,176.461,-4771.423,-30.317,-0.35788,0.000446,0.00464,363.10,35.8,36.8,37.3,37.5
364.0,55.79970104,37.39393398,176.465,-4770.486,-30.667,-0.35751,0.000092,0.00463,364.10,35.5,36.6,37.1,37.2
365.0,55.79969790,37.39394892,176.469,-4769.549,-31.017,-0.35798,-0.000276,0.00463,365.10,35.2,36.4,36.9,37.0
366.0,55.79969476,37.39396386,176.473,-4768.613,-31.367,-0.36082,-0.000567,0.00462,366.10,35.0,36.1,36.6,36.7
367.0,55.79969158,37.39397877,176.478,-4767.678,-31.723,-0.36378,-0.000723,0.00462,367.10,34.7,35.8,36.4,36.5
368.0,55.79968839,37.39399368,176.482,-4766.744,-32.079,-0.36321,-0.000728,0.00462,368.10,34.4,35.6,36.1,36.3
369.0,55.79968522,37.39400859,176.486,-4765.809,-32.434,-0.36286,-0.000587,0.00462,369.10,34.1,35.3,35.8,36.0
370.0,55.79968203,37.39402350,176.491,-4764.874,-32.789,-0.36478,-0.000325,0.00462,370.11,33.8,35.0,35.5,35.8
371.0,55.79967883,37.39403840,176.495,-4763.940,-33.147,-0.36691,0.000021,0.00462,371.11,33.6,34.8,35.3,35.5
372.0,55.79967561,37.39405328,176.500,-4763.007,-33.506,-0.36794,0.000391,0.00462,372.11,33.4,34.5,35.0,35.2
373.0,55.79967238,37.39406816,176.505,-4762.074,-33.866,-0.36581,0.000719,0.00461,373.11,33.2,34.2,34.7,35.0
374.0,55.79966920,37.39408307,176.511,-4761.139,-34.222,-0.36171,0.000946,0.00460,374.11,33.0,34.0,34.5,34.7
375.0,55.79966604,37.39409800,176.516,-4760.203,-34.574,-0.35993,0.001035,0.00458,375.11,32.7,33.7,34.2,34.4
376.0,55.79966289,37.39411293,176.521,-4759.267,-34.926,-0.35962,0.000969,0.00456,376.11,32.5,33.5,34.0,34.2
377.0,55.79965974,37.39412787,176.527,-4758.331,-35.278,-0.36120,0.000744,0.00454,377.11,32.3,33.2,33.7,33.9
378.0,55.79965656,37.39414278,176.532,-4757.396,-35.633,-0.35718,0.000371,0.00450,378.11,32.0,33.0,33.5,33.6
379.0,55.79965348,37.39415775,176.537,-4756.458,-35.977,-0.35507,-0.000118,0.00447,379.11,31.8,32.7,33.2,33.4
380.0,55.79965034,37.39417269,176.542,-4755.521,-36.328,-0.35488,-0.000643,0.00442,380.11,31.6,32.4,33.0,33.1
381.0,55.79964726,37.39418767,176.547,-4754.582,-36.672,-0.35511,-0.001092,0.00437,381.11,31.3,32.1,32.7,32.8
382.0,55.79964411,37.39420260,176.551,-4753.646,-37.024,-0.36065,-0.001352,0.00431,382.11,31.0,31.9,32.4,32.6
383.0,55.79964094,37.39421752,176.556,-4752.711,-37.378,-0.36527,-0.001359,0.00425,383.11,30.7,31.6,32.1,32.4
384.0,55.79963771,37.39423240,176.561,-4751.778,-37.738,-0.36845,-0.001130,0.00417,384.11,30.4,31.3,31.8,32.1
385.0,55.79963448,37.39424728,176.565,-4750.845,-38.098,-0.36789,-0.000753,0.00410,385.11,30.2,31.0,31.5,31.9
386.0,55.79963127,37.39426217,176.569,-4749.912,-38.457,-0.36712,-0.000344,0.00401,386.11,29.9,30.7,31.2,31.6
387.0,55.79962805,37.39427706,176.574,-4748.978,-38.816,-0.36740,-0.000000,0.00393,387.11,29.5,30.4,31.0,31.3
388.0,55.79962483,37.39429195,176.578,-4748.045,-39.176,-0.36625,0.000237,0.00384,388.11,29.2,30.1,30.7,31.0
389.0,55.79962164,37.39430685,176.582,-4747.111,-39.532,-0.36356,0.000382,0.00374,389.11,28.9,29.8,30.4,30.7
390.0,55.79961847,37.39432176,176.585,-4746.176,-39.887,-0.36293,0.000479,0.00364,390.11,28.6,29.6,30.1,30.4
391.0,55.79961528,37.39433667,176.589,-4745.241,-40.242,-0.36578,0.000565,0.00354,391.11,28.3,29.3,29.8,30.1
392.0,55.79961206,37.39435156,176.593,-4744.308,-40.602,-0.36658,0.000637,0.00344,392.11,28.0,29.0,29.5,29.8
393.0,55.79960886,37.39436646,176.596,-4743.374,-40.959,-0.36471,0.000654,0.00333,393.11,27.7,28.6,29.2,29.6
394.0,55.79960567,37.39438136,176.599,-4742.440,-41.316,-0.36237,0.000572,0.00323,394.11,27.4,28.3,28.9,29.3
395.0,55.79960251,37.39439629,176.602,-4741.504,-41.668,-0.35692,0.000382,0.00313,395.11,27.1,28.0,28.6,29.0
396.0,55.79959941,37.39441125,176.605,-4740.566,-42.014,-0.35826,0.000125,0.00302,396.11,26.6,27.7,28.3,28.7
397.0,55.79959623,37.39442617,176.608,-4739.631,-42.370,-0.36224,-0.000119,0.00292,397.11,26.2,27.4,28.0,28.3
398.0,55.79959306,37.39444109,176.611,-4738.696,-42.723,-0.36101,-0.000269,0.00283,398.11,25.7,27.0,27.7,28.0
399.0,55.79958990,37.39445601,176.614,-4737.760,-43.076,-0.36246,-0.000276,0.00273,399.11,25.3,26.7,27.4,27.6
400.0,55.79958671,37.39447092,176.616,-4736.826,-43.432,-0.36423,-0.000136,0.00264,400.11,24.8,26.4,27.2,27.2
401.0,55.79958352,37.39448582,176.619,-4735.891,-43.789,-0.36334,0.000113,0.00255,401.11,24.6,26.0,26.8,26.9
402.0,55.79958035,37.39450074,176.621,-4734.956,-44.143,-0.36465,0.000395,0.00247,402.11,24.4,25.6,26.5,26.6
403.0,55.79957714,37.39451563,176.623,-4734.023,-44.502,-0.36516,0.000616,0.00239,403.11,24.2,25.3,26.1,26.2
404.0,55.79957395,37.39453054,176.625,-4733.088,-44.857,-0.36063,0.000688,0.00232,404.11,23.9,24.9,25.8,25.9
405.0,55.79957082,37.39454548,176.627,-4732.151,-45.207,-0.35864,0.000559,0.00225,405.11,23.7,24.5,25.4,25.5
406.0,55.79956766,37.39456041,176.628,-4731.215,-45.559,-0.35743,0.000240,0.00219,406.12,23.4,24.2,25.0,25.1
407.0,55.79956455,37.39457537,176.630,-4730.278,-45.907,-0.35546,-0.000191,0.00213,407.12,23.0,23.8,24.6,24.8
408.0,55.79956143,37.39459032,176.631,-4729.340,-46.255,-0.35634,-0.000612,0.00208,408.12,22.6,23.5,24.1,24.4
409.0,55.79955830,37.39460527,176.633,-4728.403,-46.605,-0.35923,-0.000901,0.00204,409.12,22.3,23.1,23.7,24.1
410.0,55.79955513,37.39462019,176.635,-4727.468,-46.958,-0.36381,-0.000983,0.00200,410.12,21.9,22.8,23.3,23.7
411.0,55.79955193,37.39463508,176.636,-4726.534,-47.317,-0.36629,-0.000856,0.00197,411.12,21.5,22.4,22.9,23.3
412.0,55.79954872,37.39464997,176.638,-4725.601,-47.675,-0.36626,-0.000577,0.00194,412.12,21.1,21.9,22.4,22.8
413.0,55.79954551,37.39466487,176.639,-4724.667,-48.033,-0.36570,-0.000233,0.00192,413.13,20.7,21.5,22.0,22.3
414.0,55.79954231,37.39467977,176.641,-4723.733,-48.390,-0.36465,0.000095,0.00189,414.13,20.3,21.1,21.6,21.9
415.0,55.79953912,37.39469467,176.643,-4722.798,-48.746,-0.36502,0.000357,0.00188,415.13,19.9,20.7,21.1,21.4
416.0,55.79953592,37.39470957,176.645,-4721.865,-49.104,-0.36447,0.000527,0.00186,416.13,19.3,20.2,20.7,20.9
417.0,55.79953274,37.39472448,176.646,-4720.930,-49.459,-0.36254,0.000601,0.00185,417.13,18.8,19.8,20.3,20.5
418.0,55.79952957,37.39473940,176.648,-4719.995,-49.813,-0.36175,0.000581,0.00184,418.13,18.3,19.3,19.8,20.0
419.0,55.79952640,37.39475432,176.650,-4719.059,-50.167,-0.36173,0.000475,0.00182,419.13,17.8,18.9,19.4,19.6
420.0,55.79952323,37.39476924,176.652,-4718.124,-50.521,-0.36055,0.000311,0.00181,420.14,17.3,18.4,19.0,19.1
421.0,55.79952008,37.39478417,176.654,-4717.188,-50.872,-0.35883,0.000134,0.00180,421.14,16.8,18.0,18.5,18.6
422.0,55.79951694,37.39479911,176.656,-4716.252,-51.223,-0.35903,0.000005,0.00179,422.14,16.4,17.5,18.0,18.1
423.0,55.79951379,37.39481404,176.658,-4715.315,-51.575,-0.36054,-0.000026,0.00177,423.14,16.0,17.0,17.5,17.6
424.0,55.79951062,37.39482896,176.660,-4714.380,-51.929,-0.36308,0.000052,0.00176,424.14,15.5,16.6,17.0,17.1
425.0,55.79950743,37.39484386,176.662,-4713.446,-52.285,-0.36475,0.000194,0.00174,425.15,15.1,16.1,16.5,16.6
426.0,55.79950423,37.39485876,176.664,-4712.512,-52.642,-0.36237,0.000315,0.00172,426.15,14.5,15.5,15.9,16.0
427.0,55.79950108,37.39487369,176.666,-4711.576,-52.994,-0.36055,0.000327,0.00169,427.15,14.0,14.9,15.3,15.4
428.0,55.79949791,37.39488862,176.668,-4710.640,-53.348,-0.35747,0.000194,0.00166,428.15,13.4,14.3,14.7,14.8
429.0,55.79949481,37.39490358,176.670,-4709.702,-53.694,-0.35581,-0.000049,0.00163,429.15,12.9,13.7,14.1,14.2
430.0,55.79949167,37.39491852,176.672,-4708.766,-54.045,-0.35839,-0.000308,0.00160,430.16,12.3,13.1,13.5,13.6
431.0,55.79948853,37.39493346,176.674,-4707.829,-54.396,-0.35946,-0.000472,0.00156,431.16,11.5,12.3,12.7,12.7
432.0,55.79948537,37.39494838,176.675,-4706.893,-54.748,-0.36161,-0.000463,0.00152,432.16,10.7,11.4,11.9,11.9
433.0,55.79948219,37.39496330,176.677,-4705.959,-55.103,-0.36466,-0.000272,0.00147,433.17,9.9,10.6,11.0,11.1
434.0,55.79947898,37.39497819,176.679,-4705.025,-55.461,-0.36506,0.000038,0.00143,434.17,9.0,9.8,10.2,10.3
435.0,55.79947580,37.39499310,176.681,-4704.090,-55.817,-0.36352,0.000351,0.00138,435.17,8.2,8.9,9.4,9.4
436.0,55.79947261,37.39500801,176.682,-4703.156,-56.173,-0.36147,0.000540,0.00133,436.17,8.2,9.4,9.9,10.0
437.0,55.79946946,37.39502294,176.684,-4702.220,-56.525,-0.36226,0.000512,0.00128,437.18,8.2,9.9,10.4,10.5
438.0,55.79946627,37.39503784,176.685,-4701.285,-56.881,-0.35797,0.000248,0.00122,438.18,8.2,10.4,10.9,11.0
439.0,55.79946319,37.39505282,176.686,-4700.346,-57.225,-0.35133,-0.000181,0.00117,439.18,8.3,10.9,11.5,11.5
440.0,55.79946010,37.39506779,176.687,-4699.408,-57.570,-0.35619,-0.000637,0.00111,440.18,8.3,11.4,12.0,12.1
441.0,55.79945694,37.39508272,176.688,-4698.472,-57.923,-0.36145,-0.000975,0.00106,441.18,8.9,12.3,12.9,13.0
442.0,55.79945377,37.39509764,176.689,-4697.537,-58.277,-0.36192,-0.001107,0.00100,442.18,9.6,13.2,13.8,13.9
443.0,55.79945060,37.39511256,176.689,-4696.602,-58.631,-0.36783,-0.001039,0.00095,443.18,10.3,14.1,14.7,14.8
444.0,55.79944733,37.39512741,176.690,-4695.671,-58.996,-0.36905,-0.000841,0.00089,444.17,11.0,15.0,15.5,15.7
445.0,55.79944414,37.39514231,176.691,-4694.736,-59.352,-0.36362,-0.000602,0.00084,445.17,11.7,15.9,16.4,16.6
446.0,55.79944096,37.39515722,176.692,-4693.801,-59.707,-0.36288,-0.000379,0.00079,446.16,12.6,16.6,17.1,17.3
447.0,55.79943778,37.39517214,176.692,-4692.866,-60.062,-0.36609,-0.000187,0.00074,447.16,13.5,17.2,17.8,18.0
448.0,55.79943454,37.39518701,176.693,-4691.934,-60.423,-0.36975,-0.000021,0.00069,448.16,14.4,17.9,18.5,18.7
449.0,55.79943130,37.39520188,176.693,-4691.002,-60.785,-0.36750,0.000113,0.00064,449.15,15.3,18.6,19.1,19.5
450.0,55.79942811,37.39521678,176.694,-4690.067,-61.142,-0.36473,0.000200,0.00060,450.15,16.2,19.3,19.8,20.2
451.0,55.79942491,37.39523169,176.695,-4689.133,-61.498,-0.36506,0.000233,0.00056,451.15,16.8,19.8,20.3,20.7
452.0,55.79942171,37.39524659,176.695,-4688.199,-61.856,-0.36408,0.000234,0.00052,452.14,17.4,20.4,20.9,21.2
453.0,55.79941854,37.39526150,176.695,-4687.264,-62.211,-0.36369,0.000246,0.00048,453.14,18.1,21.0,21.4,21.8
454.0,55.79941534,37.39527640,176.696,-4686.330,-62.567,-0.36512,0.000314,0.00044,454.14,18.7,21.5,21.9,22.3
455.0,55.79941214,37.39529130,176.696,-4685.396,-62.925,-0.36628,0.000450,0.00041,455.14,19.3,22.1,22.5,22.8
456.0,55.79940893,37.39530619,176.696,-4684.463,-63.284,-0.36624,0.000622,0.00038,456.13,19.8,22.6,23.0,23.3
457.0,55.79940573,37.39532109,176.697,-4683.529,-63.641,-0.36474,0.000766,0.00036,457.13,20.3,23.0,23.4,23.7
458.0,55.79940254,37.39533599,176.697,-4682.594,-63.997,-0.36216,0.000811,0.00033,458.13,20.7,23.5,23.9,24.2
459.0,55.79939938,37.39535092,176.697,-4681.659,-64.350,-0.35973,0.000716,0.00031,459.13,21.2,24.0,24.4,24.6
460.0,55.79939623,37.39536585,176.697,-4680.722,-64.701,-0.35890,0.000485,0.00029,460.13,21.7,24.5,24.9,25.1
461.0,55.79939309,37.39538079,176.697,-4679.786,-65.052,-0.35926,0.000169,0.00027,461.13,22.2,24.9,25.4,25.5
462.0,55.79938993,37.39539572,176.697,-4678.850,-65.404,-0.35723,-0.000149,0.00026,462.12,22.6,25.3,25.8,25.9
463.0,55.79938682,37.39541068,176.697,-4677.912,-65.751,-0.35758,-0.000383,0.00024,463.12,23.0,25.8,26.2,26.4
464.0,55.79938366,37.39542560,176.697,-4676.977,-66.104,-0.36360,-0.000475,0.00023,464.12,23.5,26.2,26.7,26.8
465.0,55.79938045,37.39544050,176.697,-4676.043,-66.463,-0.36412,-0.000413,0.00021,465.12,23.9,26.7,27.1,27.2
466.0,55.79937729,37.39545542,176.697,-4675.108,-66.817,-0.36244,-0.000242,0.00020,466.12,24.4,27.0,27.5,27.6
467.0,55.79937410,37.39547033,176.697,-4674.173,-67.172,-0.36388,-0.000039,0.00018,467.12,24.9,27.4,27.8,28.0
468.0,55.79937091,37.39548523,176.697,-4673.239,-67.528,-0.36526,0.000112,0.00016,468.12,25.4,27.8,28.2,28.4
469.0,55.79936771,37.39550013,176.697,-4672.305,-67.886,-0.36163,0.000153,0.00014,469.12,25.8,28.1,28.6,28.8
470.0,55.79936457,37.39551507,176.697,-4671.368,-68.236,-0.35805,0.000079,0.00011,470.12,26.3,28.5,28.9,29.2
471.0,55.79936143,37.39553000,176.697,-4670.432,-68.587,-0.36037,-0.000071,0.00007,471.12,26.7,28.9,29.3,29.5
472.0,55.79935826,37.39554492,176.697,-4669.496,-68.941,-0.36131,-0.000230,0.00003,472.12,27.1,29.2,29.7,29.9
473.0,55.79935510,37.39555985,176.698,-4668.561,-69.294,-0.36177,-0.000336,-0.00002,473.12,27.6,29.6,30.0,30.2
474.0,55.79935192,37.39557476,176.699,-4667.626,-69.649,-0.36418,-0.000353,-0.00007,474.12,28.0,30.0,30.4,30.6
475.0,55.79934872,37.39558966,176.699,-4666.692,-70.006,-0.36427,-0.000267,-0.00014,475.12,28.4,30.4,30.8,31.0
476.0,55.79934554,37.39560457,176.700,-4665.757,-70.362,-0.36325,-0.000077,-0.00022,476.12,28.8,30.7,31.1,31.3
477.0,55.79934235,37.39561948,176.702,-4664.822,-70.717,-0.36248,0.000205,-0.00030,477.12,29.1,31.1,31.5,31.7
478.0,55.79933918,37.39563440,176.703,-4663.887,-71.071,-0.36379,0.000532,-0.00040,478.12,29.5,31.4,31.8,32.0
479.0,55.79933598,37.39564929,176.704,-4662.953,-71.429,-0.36946,0.000813,-0.00050,479.12,29.9,31.8,32.2,32.4
480.0,55.79933272,37.39566415,176.704,-4662.022,-71.793,-0.36498,0.000921,-0.00061,480.12,30.3,32.2,32.5,32.7
481.0,55.79932958,37.39567910,176.705,-4661.085,-72.143,-0.35633,0.000754,-0.00073,481.12,30.6,32.4,32.8,33.0
482.0,55.79932647,37.39569405,176.705,-4660.148,-72.491,-0.35446,0.000295,-0.00085,482.12,31.0,32.7,33.1,33.3
483.0,55.79932337,37.39570901,176.705,-4659.210,-72.837,-0.35313,-0.000352,-0.00098,483.12,31.3,33.0,33.4,33.6
484.0,55.79932027,37.39572398,176.705,-4658.271,-73.182,-0.35448,-0.000998,-0.00111,484.12,31.6,33.3,33.7,33.8
485.0,55.79931715,37.39573893,176.704,-4657.334,-73.531,-0.35918,-0.001442,-0.00124,485.12,32.0,33.6,34.0,34.1
486.0,55.79931398,37.39575385,176.702,-4656.399,-73.885,-0.36664,-0.001561,-0.00137,486.12,32.3,33.9,34.2,34.4
487.0,55.79931073,37.39576872,176.700,-4655.467,-74.248,-0.36963,-0.001345,-0.00150,487.12,32.6,34.1,34.5,34.7
488.0,55.79930751,37.39578360,176.698,-4654.534,-74.608,-0.36900,-0.000885,-0.00162,488.12,32.9,34.4,34.8,34.9
489.0,55.79930427,37.39579847,176.695,-4653.601,-74.969,-0.36973,-0.000324,-0.00173,489.12,33.2,34.7,35.0,35.2
490.0,55.79930103,37.39581335,176.692,-4652.669,-75.331,-0.36874,0.000205,-0.00184,490.12,33.5,35.0,35.3,35.5
491.0,55.79929781,37.39582823,176.689,-4651.736,-75.690,-0.36747,0.000610,-0.00194,491.12,33.7,35.2,35.5,35.7
492.0,55.79929460,37.39584312,176.685,-4650.802,-76.049,-0.36602,0.000856,-0.00203,492.12,34.0,35.4,35.7,35.9
493.0,55.79929140,37.39585802,176.682,-4649.868,-76.406,-0.36367,0.000950,-0.00210,493.12,34.3,35.6,35.9,36.1
494.0,55.79928823,37.39587294,176.678,-4648.933,-76.760,-0.36221,0.000929,-0.00217,494.12,34.5,35.8,36.1,36.3
495.0,55.79928505,37.39588785,176.674,-4647.998,-77.115,-0.36176,0.000839,-0.00223,495.12,34.8,36.0,36.3,36.4
496.0,55.79928189,37.39590277,176.671,-4647.063,-77.468,-0.36089,0.000712,-0.00227,496.12,35.0,36.2,36.5,36.6
497.0,55.79927873,37.39591770,176.667,-4646.127,-77.821,-0.36220,0.000558,-0.00231,497.12,35.1,36.4,36.6,36.8
498.0,55.79927554,37.39593261,176.664,-4645.193,-78.177,-0.36067,0.000372,-0.00234,498.12,35.3,36.5,36.8,36.9
499.0,55.79927241,37.39594755,176.661,-4644.256,-78.527,-0.35887,0.000151,-0.00236,499.12,35.5,36.7,37.0,37.1
500.0,55.79926925,37.39596248,176.658,-4643.320,-78.879,-0.35772,-0.000083,-0.00237,500.12,35.7,36.9,37.1,37.3
501.0,55.79926614,37.39597743,176.655,-4642.382,-79.227,-0.35851,-0.000281,-0.00238,501.12,35.9,37.0,37.3,37.4
502.0,55.79926296,37.39599235,176.653,-4641.447,-79.581,-0.36008,-0.000388,-0.00239,502.12,36.1,37.2,37.4,37.5
503.0,55.79925982,37.39600729,176.651,-4640.511,-79.932,-0.36296,-0.000370,-0.00240,503.12,36.2,37.3,37.5,37.7
504.0,55.79925660,37.39602217,176.650,-4639.577,-80.291,-0.36438,-0.000236,-0.00241,504.12,36.4,37.4,37.7,37.8
505.0,55.79925344,37.39603710,176.648,-4638.642,-80.644,-0.36307,-0.000036,-0.00242,505.12,36.5,37.6,37.8,37.9
506.0,55.79925024,37.39605200,176.647,-4637.708,-81.002,-0.36318,0.000167,-0.00244,506.12,36.7,37.7,37.9,38.0
507.0,55.79924708,37.39606692,176.646,-4636.772,-81.355,-0.36152,0.000316,-0.00246,507.12,36.8,37.8,38.0,38.1
508.0,55.79924391,37.39608184,176.644,-4635.837,-81.709,-0.36035,0.000382,-0.00248,508.12,36.9,37.9,38.1,38.2
509.0,55.79924076,37.39609677,176.643,-4634.901,-82.060,-0.36042,0.000355,-0.00251,509.12,37.0,38.0,38.2,38.3
510.0,55.79923759,37.39611169,176.642,-4633.966,-82.414,-0.36075,0.000241,-0.00255,510.12,37.1,38.1,38.3,38.4
511.0,55.79923444,37.39612662,176.640,-4633.029,-82.766,-0.35905,0.000052,-0.00259,511.12,37.2,38.2,38.4,38.5
512.0,55.79923129,37.39614156,176.638,-4632.093,-83.117,-0.35899,-0.000179,-0.00264,512.12,37.3,38.2,38.5,38.5
513.0,55.79922815,37.39615649,176.636,-4631.157,-83.469,-0.35888,-0.000391,-0.00270,513.12,37.4,38.3,38.5,38.6
514.0,55.79922500,37.39617143,176.634,-4630.221,-83.819,-0.35851,-0.000499,-0.00276,514.12,37.5,38.4,38.6,38.7
515.0,55.79922186,37.39618637,176.631,-4629.284,-84.170,-0.36045,-0.000413,-0.00282,515.12,37.6,38.5,38.7,38.8
516.0,55.79921869,37.39620128,176.628,-4628.349,-84.525,-0.36556,-0.000084,-0.00289,516.12,37.6,38.5,38.7,38.8
517.0,55.79921546,37.39621616,176.625,-4627.416,-84.885,-0.36651,0.000458,-0.00296,517.12,37.7,38.6,38.8,38.9
518.0,55.79921227,37.39623107,176.621,-4626.482,-85.242,-0.36667,0.001095,-0.00303,518.12,37.8,38.7,38.8,39.0
519.0,55.79920903,37.39624594,176.618,-4625.549,-85.602,-0.36417,0.001649,-0.00311,519.12,37.8,38.7,38.9,39.0
520.0,55.79920589,37.39626088,176.614,-4624.613,-85.954,-0.35907,0.001946,-0.00318,520.12,37.9,38.8,39.0,39.1
521.0,55.79920274,37.39627581,176.610,-4623.677,-86.305,-0.35351,0.001870,-0.00326,521.12,37.9,38.8,39.0,39.1
522.0,55.79919969,37.39629081,176.607,-4622.737,-86.646,-0.34867,0.001408,-0.00333,522.12,37.9,38.8,39.0,39.1
523.0,55.79919662,37.39630579,176.603,-4621.797,-86.988,-0.34733,0.000645,-0.00341,523.12,37.9,38.8,39.0,39.1
524.0,55.79919359,37.39632080,176.599,-4620.856,-87.327,-0.34753,-0.000263,-0.00348,524.11,38.0,38.8,39.0,39.1
525.0,55.79919052,37.39633579,176.595,-4619.917,-87.670,-0.34912,-0.001136,-0.00356,525.11,38.0,38.8,39.0,39.1
526.0,55.79918746,37.39635078,176.591,-4618.977,-88.011,-0.35130,-0.001808,-0.00363,526.11,38.0,38.7,38.9,39.0
527.0,55.79918436,37.39636574,176.587,-4618.039,-88.358,-0.35525,-0.002164,-0.00371,527.11,37.9,38.6,38.8,38.9
528.0,55.79918123,37.39638069,176.583,-4617.102,-88.707,-0.36081,-0.002163,-0.00379,528.11,37.9,38.5,38.7,38.8
529.0,55.79917803,37.39639559,176.579,-4616.168,-89.064,-0.36716,-0.001846,-0.00388,529.10,37.9,38.4,38.6,38.7
530.0,55.79917480,37.39641047,176.575,-4615.235,-89.425,-0.36689,-0.001318,-0.00396,530.10,37.9,38.3,38.6,38.6
531.0,55.79917161,37.39642537,176.571,-4614.301,-89.781,-0.36691,-0.000713,-0.00406,531.10,37.7,38.1,38.3,38.4
532.0,55.79916838,37.39644025,176.568,-4613.368,-90.142,-0.36642,-0.000151,-0.00415,532.10,37.5,37.9,38.1,38.2
533.0,55.79916519,37.39645515,176.564,-4612.434,-90.498,-0.36522,0.000289,-0.00426,533.09,37.3,37.6,37.9,38.0
534.0,55.79916198,37.39647004,176.561,-4611.500,-90.857,-0.36497,0.000570,-0.00437,534.09,37.1,37.4,37.7,37.8
535.0,55.79915880,37.39648496,176.557,-4610.565,-91.212,-0.36275,0.000694,-0.00449,535.09,36.9,37.2,37.5,37.6
536.0,55.79915562,37.39649987,176.554,-4609.630,-91.566,-0.36165,0.000679,-0.00461,536.09,36.6,37.0,37.2,37.4
537.0,55.79915246,37.39651479,176.551,-4608.695,-91.919,-0.36145,0.000553,-0.00474,537.09,36.4,36.7,37.0,37.2
538.0,55.79914929,37.39652971,176.547,-4607.759,-92.274,-0.36038,0.000340,-0.00487,538.08,36.1,36.5,36.8,37.0
539.0,55.79914614,37.39654465,176.544,-4606.823,-92.625,-0.35851,0.000061,-0.00501,539.08,35.8,36.3,36.6,36.8
540.0,55.79914300,37.39655959,176.540,-4605.887,-92.975,-0.35910,-0.000278,-0.00515,540.08,35.6,36.1,36.4,36.5
541.0,55.79913985,37.39657452,176.536,-4604.951,-93.327,-0.36274,-0.000680,-0.00529,541.08,35.3,35.8,36.1,36.3
542.0,55.79913664,37.39658941,176.532,-4604.017,-93.685,-0.36223,-0.001140,-0.00542,542.08,35.0,35.6,35.9,36.1
543.0,55.79913350,37.39660435,176.527,-4603.080,-94.036,-0.35854,-0.001620,-0.00556,543.08,34.7,35.3,35.7,35.8
544.0,55.79913036,37.39661929,176.522,-4602.144,-94.387,-0.35984,-0.002040,-0.00568,544.08,34.4,35.1,35.4,35.6
545.0,55.79912719,37.39663421,176.515,-4601.209,-94.740,-0.36764,-0.002302,-0.00579,545.08,34.2,34.8,35.2,35.3
546.0,55.79912392,37.39664906,176.508,-4600.278,-95.106,-0.37206,-0.002325,-0.00589,546.08,33.9,34.6,34.9,35.1
547.0,55.79912068,37.39666393,176.501,-4599.345,-95.467,-0.37619,-0.002086,-0.00598,547.09,33.6,34.3,34.7,34.9
548.0,55.79911734,37.39667873,176.492,-4598.418,-95.840,-0.37885,-0.001622,-0.00605,548.09,33.4,34.1,34.4,34.7
549.0,55.79911405,37.39669357,176.483,-4597.487,-96.207,-0.37747,-0.000996,-0.00611,549.09,33.1,33.9,34.1,34.4
550.0,55.79911074,37.39670839,176.474,-4596.558,-96.577,-0.37923,-0.000267,-0.00615,550.09,32.8,33.6,33.8,34.2
551.0,55.79910742,37.39672320,176.464,-4595.629,-96.948,-0.37932,0.000529,-0.00617,551.09,32.5,33.4,33.6,33.9
552.0,55.79910410,37.39673802,176.455,-4594.701,-97.318,-0.37953,0.001367,-0.00618,552.09,32.3,33.1,33.4,33.7
553.0,55.79910078,37.39675284,176.445,-4593.772,-97.689,-0.37792,0.002210,-0.00617,553.09,32.0,32.9,33.1,33.4
554.0,55.79909749,37.39676767,176.437,-4592.842,-98.056,-0.37487,0.002987,-0.00615,554.09,31.7,32.6,32.9,33.1
555.0,55.79909422,37.39678252,176.429,-4591.911,-98.421,-0.37276,0.003606,-0.00612,555.09,31.4,32.4,32.7,32.9
556.0,55.79909097,37.39679738,176.421,-4590.979,-98.784,-0.36470,0.003986,-0.00608,556.09,31.2,32.2,32.4,32.6
557.0,55.79908784,37.39681233,176.415,-4590.042,-99.134,-0.35859,0.004088,-0.00603,557.09,31.0,32.0,32.2,32.4
558.0,55.79908468,37.39682726,176.409,-4589.106,-99.486,-0.35333,0.003952,-0.00599,558.09,30.7,31.8,32.0,32.2
559.0,55.79908164,37.39684226,176.404,-4588.166,-99.826,-0.34651,0.003680,-0.00595,559.09,30.5,31.6,31.8,31.9
560.0,55.79907860,37.39685726,176.400,-4587.225,-100.166,-0.34584,0.003397,-0.00591,560.09,30.3,31.4,31.6,31.7
561.0,55.79907557,37.39687227,176.396,-4586.284,-100.504,-0.34614,0.003191,-0.00589,561.09,30.2,31.2,31.5,31.6
562.0,55.79907252,37.39688727,176.393,-4585.344,-100.844,-0.34509,0.003077,-0.00587,562.09,30.1,31.1,31.4,31.4
563.0,55.79906951,37.39690229,176.390,-4584.402,-101.181,-0.34067,0.003007,-0.00587,563.09,30.0,30.9,31.2,31.3
564.0,55.79906654,37.39691734,176.387,-4583.459,-101.512,-0.33451,0.002911,-0.00589,564.09,29.9,30.8,31.1,31.2
565.0,55.79906363,37.39693243,176.384,-4582.513,-101.837,-0.32983,0.002747,-0.00593,565.09,29.8,30.7,31.0,31.1
566.0,55.79906074,37.39694752,176.381,-4581.566,-102.160,-0.32842,0.002526,-0.00599,566.09,29.8,30.7,31.0,31.1
567.0,55.79905785,37.39696262,176.377,-4580.620,-102.482,-0.32719,0.002290,-0.00607,567.08,29.8,30.7,31.0,31.1
568.0,55.79905498,37.39697773,176.373,-4579.673,-102.803,-0.32591,0.002081,-0.00616,568.08,29.8,30.7,31.0,31.1
569.0,55.79905212,37.39699284,176.369,-4578.725,-103.123,-0.32425,0.001927,-0.00628,569.08,29.8,30.7,31.0,31.2
570.0,55.79904928,37.39700797,176.364,-4577.777,-103.440,-0.32144,0.001840,-0.00641,570.08,29.8,30.7,31.0,31.2
571.0,55.79904646,37.39702311,176.359,-4576.828,-103.755,-0.31926,0.001839,-0.00656,571.08,29.8,30.8,31.1,31.3
572.0,55.79904366,37.39703826,176.353,-4575.878,-104.068,-0.31864,0.001961,-0.00672,572.07,29.8,30.8,31.1,31.4
573.0,55.79904085,37.39705341,176.346,-4574.928,-104.381,-0.31678,0.002247,-0.00689,573.07,29.8,30.9,31.1,31.4
574.0,55.79903808,37.39706857,176.339,-4573.977,-104.691,-0.31433,0.002709,-0.00707,574.07,29.9,30.9,31.2,31.5
575.0,55.79903532,37.39708374,176.331,-4573.026,-105.000,-0.31724,0.003299,-0.00725,575.07,29.9,30.9,31.2,31.6
576.0,55.79903249,37.39709888,176.323,-4572.077,-105.315,-0.31502,0.003907,-0.00743,576.06,29.9,31.0,31.2,31.6
577.0,55.79902977,37.39711407,176.315,-4571.125,-105.619,-0.30527,0.004399,-0.00761,577.06,29.9,31.0,31.3,31.6
578.0,55.79902711,37.39712931,176.306,-4570.170,-105.916,-0.29663,0.004685,-0.00778,578.06,29.9,31.0,31.3,31.7
579.0,55.79902454,37.39714458,176.297,-4569.212,-106.204,-0.28940,0.004751,-0.00795,579.06,29.9,31.0,31.3,31.7
580.0,55.79902200,37.39715988,176.288,-4568.253,-106.487,-0.28716,0.004656,-0.00810,580.05,30.0,31.0,31.3,31.7
581.0,55.79901947,37.39717517,176.278,-4567.294,-106.770,-0.28465,0.004481,-0.00824,581.05,30.0,31.0,31.3,31.6
582.0,55.79901698,37.39719050,176.269,-4566.333,-107.048,-0.28236,0.004291,-0.00837,582.05,30.0,31.1,31.3,31.6
583.0,55.79901448,37.39720581,176.259,-4565.373,-107.327,-0.27541,0.004125,-0.00848,583.05,30.0,31.1,31.3,31.5
584.0,55.79901211,37.39722119,176.249,-4564.409,-107.592,-0.26684,0.004015,-0.00857,584.04,30.0,31.1,31.3,31.4
585.0,55.79900976,37.39723658,176.239,-4563.444,-107.855,-0.26632,0.003993,-0.00864,585.04,30.0,31.1,31.3,31.4
586.0,55.79900740,37.39725197,176.229,-4562.479,-108.118,-0.26633,0.004082,-0.00868,586.04,30.1,31.1,31.3,31.4
587.0,55.79900505,37.39726735,176.219,-4561.514,-108.381,-0.26359,0.004274,-0.00871,587.04,30.1,31.1,31.3,31.4
588.0,55.79900274,37.39728276,176.209,-4560.548,-108.639,-0.25768,0.004522,-0.00872,588.04,30.1,31.1,31.3,31.3
589.0,55.79900049,37.39729820,176.199,-4559.580,-108.891,-0.24978,0.004762,-0.00871,589.04,30.1,31.1,31.3,31.3
590.0,55.79899832,37.39731367,176.189,-4558.610,-109.134,-0.24512,0.004935,-0.00869,590.03,30.1,31.1,31.3,31.3
591.0,55.79899615,37.39732914,176.179,-4557.640,-109.376,-0.24134,0.005002,-0.00864,591.03,30.1,31.1,31.3,31.3
592.0,55.79899404,37.39734464,176.169,-4556.668,-109.612,-0.23622,0.004936,-0.00858,592.03,30.1,31.0,31.3,31.3
593.0,55.79899196,37.39736016,176.159,-4555.696,-109.844,-0.23165,0.004730,-0.00850,593.03,30.1,30.9,31.3,31.3
594.0,55.79898994,37.39737569,176.149,-4554.722,-110.071,-0.22303,0.004406,-0.00841,594.03,30.1,30.9,31.2,31.3
595.0,55.79898801,37.39739126,176.140,-4553.745,-110.287,-0.21679,0.004030,-0.00831,595.03,30.1,30.8,31.2,31.3
596.0,55.79898609,37.39740684,176.131,-4552.769,-110.501,-0.21464,0.003694,-0.00820,596.03,30.1,30.7,31.2,31.3
597.0,55.79898420,37.39742243,176.123,-4551.791,-110.713,-0.21429,0.003472,-0.00809,597.03,30.1,30.7,31.2,31.2
598.0,55.79898229,37.39743801,176.115,-4550.814,-110.927,-0.21502,0.003380,-0.00796,598.03,30.2,30.6,31.1,31.2
599.0,55.79898039,37.39745359,176.107,-4549.837,-111.139,-0.21169,0.003362,-0.00783,599.03,30.2,30.5,31.1,31.2
600.0,55.79897853,37.39746919,176.100,-4548.859,-111.347,-0.20362,0.003334,-0.00770,600.04,30.2,30.5,31.1,31.2
601.0,55.79897677,37.39748483,176.093,-4547.879,-111.544,-0.19721,0.003237,-0.00757,601.04,30.2,30.4,31.1,31.2
602.0,55.79897503,37.39750047,176.087,-4546.898,-111.739,-0.19617,0.003070,-0.00744,602.04,30.2,30.4,31.1,31.2
603.0,55.79897329,37.39751611,176.081,-4545.917,-111.934,-0.19448,0.002886,-0.00731,603.04,30.2,30.4,31.1,31.2
604.0,55.79897158,37.39753176,176.075,-4544.936,-112.125,-0.19138,0.002744,-0.00718,604.04,30.2,30.4,31.0,31.2
605.0,55.79896989,37.39754742,176.068,-4543.954,-112.314,-0.18876,0.002666,-0.00705,605.04,30.2,30.4,31.0,31.1
606.0,55.79896823,37.39756309,176.062,-4542.971,-112.500,-0.19057,0.002625,-0.00692,606.04,30.2,30.4,31.0,31.1
607.0,55.79896651,37.39757874,176.056,-4541.990,-112.693,-0.18656,0.002571,-0.00680,607.04,30.2,30.4,31.0,31.1
608.0,55.79896492,37.39759444,176.049,-4541.006,-112.871,-0.17796,0.002470,-0.00668,608.04,30.2,30.3,31.0,31.1
609.0,55.79896335,37.39761014,176.042,-4540.021,-113.047,-0.17588,0.002339,-0.00657,609.04,30.2,30.3,31.0,31.1
610.0,55.79896179,37.39762584,176.035,-4539.037,-113.221,-0.17570,0.002235,-0.00646,610.04,30.2,30.3,31.0,31.1
611.0,55.79896023,37.39764154,176.028,-4538.052,-113.397,-0.17568,0.002218,-0.00635,611.04,30.2,30.3,31.0,31.1
612.0,55.79895867,37.39765724,176.021,-4537.067,-113.571,-0.17491,0.002310,-0.00625,612.04,30.2,30.3,30.9,31.1
613.0,55.79895712,37.39767295,176.014,-4536.083,-113.745,-0.17449,0.002481,-0.00616,613.04,30.1,30.3,30.9,31.1
614.0,55.79895557,37.39768865,176.007,-4535.098,-113.918,-0.16853,0.002678,-0.00607,614.04,30.1,30.3,30.9,31.1
615.0,55.79895412,37.39770439,176.001,-4534.111,-114.080,-0.16154,0.002859,-0.00599,615.04,30.1,30.3,30.9,31.1
616.0,55.79895270,37.39772013,175.995,-4533.124,-114.240,-0.16188,0.003005,-0.00592,616.04,30.1,30.3,30.9,31.1
617.0,55.79895125,37.39773587,175.989,-4532.137,-114.402,-0.16073,0.003105,-0.00586,617.04,30.1,30.3,30.9,31.1
618.0,55.79894984,37.39775162,175.984,-4531.150,-114.560,-0.15896,0.003143,-0.00582,618.04,30.1,30.3,30.9,31.1
619.0,55.79894842,37.39776736,175.979,-4530.162,-114.719,-0.15374,0.003108,-0.00578,619.03,30.0,30.3,30.9,31.1
620.0,55.79894711,37.39778314,175.974,-4529.173,-114.866,-0.14514,0.003025,-0.00576,620.03,30.0,30.3,30.9,31.1
621.0,55.79894584,37.39779892,175.970,-4528.183,-115.008,-0.14200,0.002969,-0.00576,621.03,30.0,30.3,30.8,31.1
622.0,55.79894459,37.39781471,175.965,-4527.193,-115.149,-0.14253,0.003042,-0.00577,622.03,30.0,30.3,30.8,31.1
623.0,55.79894331,37.39783049,175.961,-4526.204,-115.292,-0.14496,0.003310,-0.00580,623.03,30.0,30.3,30.8,31.1
624.0,55.79894201,37.39784627,175.957,-4525.214,-115.438,-0.14393,0.003760,-0.00584,624.02,30.0,30.3,30.8,31.0
625.0,55.79894075,37.39786206,175.953,-4524.224,-115.579,-0.13735,0.004303,-0.00591,625.02,30.0,30.3,30.8,31.0
626.0,55.79893957,37.39787786,175.950,-4523.233,-115.712,-0.12874,0.004823,-0.00599,626.01,30.0,30.3,30.7,31.0
627.0,55.79893846,37.39789369,175.946,-4522.241,-115.836,-0.12227,0.005233,-0.00608,627.01,30.0,30.4,30.7,31.0
628.0,55.79893740,37.39790952,175.941,-4521.248,-115.956,-0.11762,0.005485,-0.00620,628.01,29.9,30.4,30.7,31.0
629.0,55.79893637,37.39792536,175.936,-4520.255,-116.071,-0.11461,0.005549,-0.00632,629.00,29.9,30.4,30.7,31.0
630.0,55.79893536,37.39794120,175.931,-4519.261,-116.185,-0.10951,0.005394,-0.00647,630.00,29.9,30.4,30.6,31.0
631.0,55.79893443,37.39795706,175.926,-4518.267,-116.289,-0.09947,0.005007,-0.00662,631.00,30.1,30.6,30.8,31.1
632.0,55.79893360,37.39797294,175.919,-4517.271,-116.383,-0.08974,0.004422,-0.00679,632.00,30.2,30.7,30.9,31.2
633.0,55.79893284,37.39798883,175.912,-4516.275,-116.468,-0.08489,0.003747,-0.00697,632.99,30.3,30.8,31.1,31.3
634.0,55.79893209,37.39800472,175.905,-4515.278,-116.553,-0.08642,0.003129,-0.00715,633.99,30.5,30.9,31.2,31.4
635.0,55.79893131,37.39802060,175.897,-4514.282,-116.641,-0.08741,0.002704,-0.00734,634.99,30.6,31.1,31.4,31.5
636.0,55.79893054,37.39803649,175.889,-4513.286,-116.727,-0.08607,0.002550,-0.00753,635.99,30.9,31.3,31.6,31.8
637.0,55.79892978,37.39805237,175.881,-4512.290,-116.813,-0.08204,0.002675,-0.00773,636.99,31.2,31.6,31.9,32.0
638.0,55.79892909,37.39806827,175.873,-4511.293,-116.891,-0.07943,0.003040,-0.00792,637.99,31.5,31.9,32.1,32.3
639.0,55.79892837,37.39808417,175.864,-4510.296,-116.972,-0.07744,0.003572,-0.00811,638.99,31.7,32.1,32.3,32.5
640.0,55.79892772,37.39810007,175.855,-4509.299,-117.046,-0.07601,0.004170,-0.00830,639.99,32.0,32.4,32.6,32.8
641.0,55.79892703,37.39811596,175.847,-4508.302,-117.124,-0.07351,0.004713,-0.00848,640.99,32.3,32.7,32.9,33.1
642.0,55.79892642,37.39813187,175.838,-4507.304,-117.193,-0.06407,0.005087,-0.00866,641.98,32.6,33.0,33.2,33.4
643.0,55.79892590,37.39814779,175.829,-4506.306,-117.252,-0.05413,0.005229,-0.00883,642.98,32.9,33.2,33.5,33.7
644.0,55.79892546,37.39816372,175.820,-4505.307,-117.301,-0.04704,0.005153,-0.00898,643.98,33.2,33.5,33.8,34.0
645.0,55.79892507,37.39817965,175.810,-4504.308,-117.346,-0.04397,0.004941,-0.00913,644.98,33.5,33.8,34.1,34.3
646.0,55.79892469,37.39819558,175.801,-4503.309,-117.389,-0.04048,0.004682,-0.00926,645.98,33.8,34.1,34.4,34.6
647.0,55.79892436,37.39821151,175.791,-4502.310,-117.427,-0.03903,0.004425,-0.00938,646.98,34.1,34.4,34.7,34.9
648.0,55.79892401,37.39822744,175.781,-4501.311,-117.467,-0.03434,0.004156,-0.00948,647.98,34.4,34.7,34.9,35.2
649.0,55.79892377,37.39824338,175.770,-4500.311,-117.495,-0.02682,0.003835,-0.00957,648.98,34.7,35.0,35.2,35.5
650.0,55.79892355,37.39825932,175.760,-4499.311,-117.521,-0.02160,0.003442,-0.00963,649.98,35.0,35.3,35.5,35.7
651.0,55.79892340,37.39827527,175.749,-4498.312,-117.538,-0.01672,0.002999,-0.00968,650.98,35.3,35.5,35.7,36.0
652.0,55.79892326,37.39829121,175.738,-4497.312,-117.554,-0.01688,0.002565,-0.00972,651.98,35.5,35.7,36.0,36.2
653.0,55.79892311,37.39830715,175.727,-4496.312,-117.572,-0.01842,0.002193,-0.00973,652.98,35.7,36.0,36.2,36.4
654.0,55.79892295,37.39832309,175.716,-4495.312,-117.591,-0.01515,0.001903,-0.00972,653.98,36.0,36.2,36.4,36.7
655.0,55.79892286,37.39833904,175.705,-4494.312,-117.603,-0.01032,0.001685,-0.00969,654.98,36.2,36.4,36.7,36.9
656.0,55.79892279,37.39835498,175.694,-4493.312,-117.612,-0.01057,0.001518,-0.00964,655.98,36.4,36.6,36.9,37.1
657.0,55.79892269,37.39837093,175.683,-4492.312,-117.624,-0.01053,0.001384,-0.00957,656.98,36.6,36.8,37.1,37.3
658.0,55.79892262,37.39838687,175.672,-4491.312,-117.633,-0.00763,0.001283,-0.00947,657.98,36.8,37.0,37.2,37.4
659.0,55.79892257,37.39840281,175.661,-4490.312,-117.639,-0.00693,0.001227,-0.00936,658.98,37.0,37.2,37.4,37.6
660.0,55.79892251,37.39841876,175.650,-4489.312,-117.646,-0.00616,0.001233,-0.00923,659.98,37.1,37.4,37.6,37.8
661.0,55.79892248,37.39843470,175.640,-4488.312,-117.651,-0.00530,0.001319,-0.00908,660.98,37.3,37.5,37.7,37.9
662.0,55.79892243,37.39845065,175.629,-4487.312,-117.657,-0.00431,0.001497,-0.00892,661.98,37.4,37.7,37.9,38.0
663.0,55.79892242,37.39846659,175.619,-4486.312,-117.660,-0.00313,0.001763,-0.00874,662.98,37.6,37.8,38.0,38.2
664.0,55.79892239,37.39848254,175.610,-4485.312,-117.663,-0.00191,0.002095,-0.00855,663.98,37.7,38.0,38.2,38.3
665.0,55.79892240,37.39849848,175.600,-4484.312,-117.664,-0.00101,0.002445,-0.00834,664.98,37.9,38.1,38.3,38.4
666.0,55.79892240,37.39851443,175.591,-4483.312,-117.665,0.00358,0.002756,-0.00813,665.98,38.0,38.2,38.4,38.5
667.0,55.79892248,37.39853037,175.583,-4482.312,-117.657,0.00774,0.002963,-0.00792,666.98,38.1,38.3,38.5,38.6
668.0,55.79892255,37.39854632,175.574,-4481.312,-117.650,0.01018,0.003017,-0.00771,667.98,38.2,38.4,38.6,38.7
669.0,55.79892269,37.39856226,175.566,-4480.312,-117.636,0.01451,0.002894,-0.00750,668.97,38.3,38.4,38.7,38.8
670.0,55.79892283,37.39857820,175.559,-4479.313,-117.621,0.01808,0.002614,-0.00729,669.97,38.4,38.5,38.8,38.9
671.0,55.79892303,37.39859414,175.552,-4478.313,-117.600,0.02285,0.002245,-0.00710,670.97,38.5,38.6,38.8,38.9
672.0,55.79892326,37.39861008,175.546,-4477.313,-117.575,0.02580,0.001894,-0.00692,671.97,38.6,38.7,38.9,39.0
673.0,55.79892351,37.39862602,175.540,-4476.313,-117.548,0.02383,0.001680,-0.00675,672.97,38.6,38.7,38.9,39.1
674.0,55.79892371,37.39864196,175.534,-4475.314,-117.528,0.02283,0.001684,-0.00661,673.97,38.7,38.8,39.0,39.1
675.0,55.79892394,37.39865790,175.529,-4474.314,-117.503,0.02340,0.001919,-0.00649,674.96,38.7,38.9,39.0,39.2
676.0,55.79892415,37.39867384,175.525,-4473.314,-117.481,0.02399,0.002325,-0.00640,675.96,38.8,38.9,39.1,39.2
677.0,55.79892439,37.39868978,175.521,-4472.315,-117.455,0.02785,0.002797,-0.00634,676.96,38.8,38.9,39.1,39.3
678.0,55.79892467,37.39870572,175.517,-4471.315,-117.425,0.03196,0.003228,-0.00631,677.95,38.8,39.0,39.1,39.3
679.0,55.79892498,37.39872165,175.514,-4470.316,-117.391,0.03739,0.003546,-0.00631,678.95,38.8,39.0,39.2,39.3
680.0,55.79892536,37.39873758,175.511,-4469.316,-117.350,0.04227,0.003725,-0.00634,679.95,38.8,39.0,39.2,39.4
681.0,55.79892576,37.39875351,175.508,-4468.317,-117.306,0.04409,0.003776,-0.00641,680.94,38.9,39.1,39.3,39.4
682.0,55.79892617,37.39876944,175.505,-4467.318,-117.262,0.04749,0.003730,-0.00651,681.94,38.9,39.1,39.4,39.5
683.0,55.79892663,37.39878536,175.502,-4466.320,-117.211,0.05426,0.003635,-0.00664,682.94,38.9,39.2,39.4,39.6
684.0,55.79892716,37.39880128,175.499,-4465.321,-117.154,0.05774,0.003548,-0.00679,683.93,38.9,39.3,39.5,39.6
685.0,55.79892768,37.39881720,175.495,-4464.323,-117.096,0.05967,0.003535,-0.00698,684.93,38.9,39.3,39.6,39.7
686.0,55.79892825,37.39883311,175.490,-4463.325,-117.034,0.06332,0.003647,-0.00718,685.92,39.0,39.3,39.7,39.8
687.0,55.79892884,37.39884902,175.485,-4462.327,-116.969,0.06409,0.003893,-0.00741,686.92,39.0,39.4,39.8,39.9
688.0,55.79892942,37.39886493,175.478,-4461.329,-116.906,0.06601,0.004222,-0.00765,687.92,39.0,39.4,39.8,39.9
689.0,55.79893004,37.39888084,175.471,-4460.331,-116.837,0.07227,0.004538,-0.00789,688.91,39.0,39.4,39.9,40.0
690.0,55.79893073,37.39889674,175.463,-4459.334,-116.762,0.07907,0.004735,-0.00815,689.91,39.1,39.5,40.0,40.1
691.0,55.79893148,37.39891263,175.453,-4458.338,-116.680,0.08594,0.004746,-0.00840,690.91,39.1,39.5,40.0,40.1
692.0,55.79893229,37.39892851,175.443,-4457.342,-116.590,0.09221,0.004565,-0.00866,691.91,39.1,39.5,40.0,40.1
693.0,55.79893315,37.39894438,175.432,-4456.346,-116.495,0.09658,0.004239,-0.00890,692.90,39.1,39.5,40.1,40.2
694.0,55.79893404,37.39896024,175.420,-4455.351,-116.397,0.09938,0.003843,-0.00913,693.90,39.1,39.5,40.1,40.2
695.0,55.79893495,37.39897611,175.408,-4454.356,-116.297,0.10193,0.003448,-0.00935,694.90,39.1,39.5,40.1,40.2
696.0,55.79893589,37.39899197,175.396,-4453.361,-116.194,0.10591,0.003106,-0.00955,695.90,39.2,39.6,40.2,40.3
697.0,55.79893687,37.39900781,175.384,-4452.367,-116.086,0.10992,0.002842,-0.00974,696.90,39.3,39.6,40.2,40.3
698.0,55.79893788,37.39902366,175.372,-4451.373,-115.974,0.11185,0.002657,-0.00990,697.90,39.3,39.7,40.3,40.4
699.0,55.79893889,37.39903950,175.360,-4450.380,-115.862,0.11066,0.002524,-0.01004,698.90,39.4,39.7,40.3,40.4
700.0,55.79893988,37.39905535,175.348,-4449.386,-115.754,0.11268,0.002402,-0.01015,699.90,39.4,39.8,40.3,40.5
701.0,55.79894093,37.39907118,175.337,-4448.392,-115.637,0.11983,0.002261,-0.01025,700.90,39.4,39.8,40.3,40.5
702.0,55.79894205,37.39908701,175.325,-4447.400,-115.515,0.12385,0.002110,-0.01032,701.90,39.4,39.8,40.3,40.5
703.0,55.79894317,37.39910283,175.313,-4446.408,-115.390,0.12390,0.001998,-0.01037,702.90,39.4,39.8,40.3,40.5
704.0,55.79894428,37.39911865,175.302,-4445.415,-115.267,0.12323,0.001986,-0.01041,703.90,39.4,39.8,40.3,40.5
705.0,55.79894540,37.39913447,175.290,-4444.423,-115.144,0.12377,0.002110,-0.01042,704.90,39.4,39.8,40.3,40.5
706.0,55.79894652,37.39915029,175.278,-4443.431,-115.020,0.12412,0.002354,-0.01042,705.91,39.4,39.8,40.3,40.5
707.0,55.79894764,37.39916611,175.267,-4442.438,-114.897,0.12884,0.002660,-0.01041,706.91,39.4,39.8,40.4,40.5
708.0,55.79894885,37.39918191,175.256,-4441.447,-114.763,0.13392,0.002959,-0.01039,707.91,39.4,39.8,40.4,40.5
709.0,55.79895005,37.39919771,175.245,-4440.456,-114.630,0.13613,0.003179,-0.01037,708.91,39.4,39.8,40.4,40.5
710.0,55.79895130,37.39921350,175.235,-4439.466,-114.492,0.13818,0.003258,-0.01033,709.91,39.4,39.8,40.4,40.6
711.0,55.79895255,37.39922929,175.226,-4438.475,-114.354,0.14143,0.003130,-0.01030,710.91,39.5,39.9,40.4,40.6
712.0,55.79895385,37.39924507,175.216,-4437.486,-114.210,0.14801,0.002739,-0.01026,711.91,39.5,39.9,40.5,40.6
713.0,55.79895521,37.39926083,175.207,-4436.497,-114.059,0.15335,0.002063,-0.01022,712.91,39.5,39.9,40.5,40.7
714.0,55.79895661,37.39927658,175.199,-4435.509,-113.905,0.15620,0.001135,-0.01018,713.91,39.6,39.9,40.5,40.7
715.0,55.79895803,37.39929232,175.190,-4434.521,-113.748,0.15665,0.000063,-0.01015,714.91,39.6,40.0,40.5,40.7
716.0,55.79895943,37.39930807,175.181,-4433.534,-113.593,0.15605,-0.000997,-0.01012,715.91,39.6,40.0,40.5,40.8
717.0,55.79896084,37.39932382,175.172,-4432.546,-113.437,0.15345,-0.001864,-0.01009,716.90,39.6,40.0,40.6,40.8
718.0,55.79896220,37.39933958,175.163,-4431.557,-113.287,0.15144,-0.002392,-0.01006,717.90,39.7,40.1,40.6,40.8
719.0,55.79896356,37.39935534,175.154,-4430.569,-113.136,0.13998,-0.002502,-0.01004,718.90,39.7,40.1,40.7,40.8
720.0,55.79896472,37.39937115,175.144,-4429.577,-113.008,0.13584,-0.002209,-0.01002,719.90,39.7,40.1,40.7,40.8
721.0,55.79896602,37.39938693,175.134,-4428.587,-112.865,0.13699,-0.001607,-0.01000,720.90,39.8,40.1,40.7,40.9
722.0,55.79896719,37.39940274,175.123,-4427.596,-112.735,0.13295,-0.000833,-0.00998,721.90,39.8,40.2,40.7,40.9
723.0,55.79896842,37.39941853,175.113,-4426.605,-112.600,0.13521,-0.000022,-0.00997,722.91,39.8,40.2,40.7,40.9
724.0,55.79896963,37.39943433,175.102,-4425.614,-112.465,0.13449,0.000715,-0.00995,723.91,39.8,40.2,40.7,40.9
725.0,55.79897084,37.39945013,175.091,-4424.623,-112.332,0.13810,0.001302,-0.00994,724.91,39.8,40.2,40.7,40.9
726.0,55.79897212,37.39946591,175.080,-4423.633,-112.190,0.13879,0.001685,-0.00992,725.91,39.8,40.2,40.8,40.9
727.0,55.79897335,37.39948171,175.069,-4422.642,-112.055,0.14147,0.001832,-0.00990,726.91,39.8,40.2,40.8,40.9
728.0,55.79897467,37.39949748,175.058,-4421.653,-111.908,0.14663,0.001731,-0.00989,727.91,39.8,40.2,40.8,41.0
729.0,55.79897599,37.39951325,175.048,-4420.664,-111.763,0.14876,0.001404,-0.00987,728.91,39.8,40.2,40.8,41.0
730.0,55.79897736,37.39952901,175.037,-4419.675,-111.611,0.15065,0.000907,-0.00986,729.92,39.9,40.2,40.8,41.0
731.0,55.79897870,37.39954478,175.027,-4418.686,-111.463,0.15132,0.000326,-0.00984,730.92,39.9,40.3,40.8,41.0
732.0,55.79898008,37.39956053,175.017,-4417.698,-111.310,0.15148,-0.000242,-0.00983,731.92,39.9,40.3,40.8,41.0
733.0,55.79898143,37.39957630,175.008,-4416.709,-111.161,0.14949,-0.000710,-0.00982,732.92,39.9,40.3,40.9,41.0
734.0,55.79898277,37.39959206,174.998,-4415.720,-111.012,0.14792,-0.001025,-0.00981,733.92,39.9,40.4,40.9,41.1
735.0,55.79898410,37.39960783,174.990,-4414.731,-110.866,0.14303,-0.001168,-0.00980,734.92,39.9,40.4,40.9,41.1
736.0,55.79898535,37.39962362,174.981,-4413.741,-110.727,0.14389,-0.001158,-0.00980,735.92,40.0,40.4,41.0,41.1
737.0,55.79898669,37.39963939,174.972,-4412.752,-110.579,0.14332,-0.001031,-0.00980,736.92,40.0,40.4,41.0,41.1
738.0,55.79898794,37.39965518,174.964,-4411.761,-110.441,0.14166,-0.000835,-0.00980,737.92,40.0,40.5,41.0,41.2
739.0,55.79898924,37.39967095,174.955,-4410.772,-110.297,0.13899,-0.000619,-0.00981,738.92,40.0,40.5,41.0,41.2
740.0,55.79899044,37.39968676,174.946,-4409.780,-110.164,0.13767,-0.000434,-0.00982,739.92,40.1,40.5,41.0,41.2
741.0,55.79899173,37.39970254,174.937,-4408.791,-110.022,0.14207,-0.000314,-0.00983,740.92,40.1,40.5,41.1,41.3
742.0,55.79899300,37.39971832,174.928,-4407.801,-109.881,0.14179,-0.000267,-0.00985,741.92,40.1,40.5,41.1,41.3
743.0,55.79899428,37.39973410,174.918,-4406.811,-109.740,0.14116,-0.000272,-0.00986,742.92,40.1,40.6,41.1,41.3
744.0,55.79899555,37.39974989,174.908,-4405.821,-109.600,0.13870,-0.000281,-0.00988,743.92,40.1,40.6,41.1,41.3
745.0,55.79899679,37.39976568,174.898,-4404.830,-109.463,0.13932,-0.000245,-0.00990,744.92,40.2,40.6,41.2,41.3
746.0,55.79899806,37.39978146,174.887,-4403.840,-109.322,0.13988,-0.000122,-0.00991,745.92,40.2,40.6,41.2,41.3
747.0,55.79899931,37.39979725,174.877,-4402.849,-109.184,0.13913,0.000103,-0.00993,746.93,40.2,40.7,41.2,41.4
748.0,55.79900057,37.39981304,174.866,-4401.859,-109.045,0.13637,0.000407,-0.00993,747.93,40.2,40.7,41.2,41.4
749.0,55.79900177,37.39982884,174.856,-4400.868,-108.912,0.13559,0.000728,-0.00994,748.93,40.2,40.7,41.2,41.4
750.0,55.79900302,37.39984463,174.845,-4399.878,-108.774,0.13979,0.000979,-0.00994,749.93,40.2,40.7,41.2,41.4
751.0,55.79900429,37.39986042,174.834,-4398.888,-108.634,0.14240,0.001079,-0.00993,750.93,40.3,40.7,41.3,41.4
752.0,55.79900559,37.39987619,174.824,-4397.898,-108.490,0.14491,0.000984,-0.00991,751.93,40.3,40.7,41.3,41.5
753.0,55.79900690,37.39989197,174.813,-4396.908,-108.345,0.14588,0.000707,-0.00989,752.93,40.3,40.7,41.3,41.5
754.0,55.79900821,37.39990774,174.803,-4395.919,-108.200,0.14738,0.000314,-0.00986,753.93,40.3,40.8,41.3,41.5
755.0,55.79900956,37.39992351,174.792,-4394.930,-108.051,0.14730,-0.000095,-0.00982,754.93,40.3,40.8,41.3,41.5
756.0,55.79901087,37.39993928,174.782,-4393.941,-107.906,0.14807,-0.000410,-0.00977,755.93,40.3,40.8,41.3,41.5
757.0,55.79901222,37.39995504,174.772,-4392.952,-107.756,0.14312,-0.000551,-0.00971,756.93,40.3,40.7,41.3,41.5
758.0,55.79901345,37.39997084,174.762,-4391.961,-107.621,0.14022,-0.000487,-0.00965,757.93,40.3,40.7,41.3,41.5
759.0,55.79901475,37.39998661,174.752,-4390.972,-107.477,0.14185,-0.000247,-0.00957,758.93,40.3,40.7,41.3,41.5
760.0,55.79901601,37.40000240,174.742,-4389.981,-107.338,0.13911,0.000086,-0.00949,759.93,40.3,40.7,41.3,41.5
761.0,55.79901726,37.40001819,174.732,-4388.991,-107.199,0.14136,0.000403,-0.00940,760.93,40.2,40.6,41.1,41.4
762.0,55.79901856,37.40003397,174.722,-4388.001,-107.056,0.14171,0.000599,-0.00931,761.93,40.0,40.5,41.0,41.3
763.0,55.79901982,37.40004976,174.712,-4387.011,-106.917,0.14494,0.000598,-0.00921,762.93,39.9,40.4,40.8,41.2
764.0,55.79902117,37.40006552,174.702,-4386.022,-106.768,0.14708,0.000372,-0.00910,763.93,39.7,40.3,40.7,41.1
765.0,55.79902247,37.40008130,174.693,-4385.033,-106.624,0.14790,-0.000050,-0.00899,764.93,39.6,40.2,40.5,41.0
766.0,55.79902383,37.40009706,174.684,-4384.044,-106.473,0.14849,-0.000590,-0.00888,765.93,39.3,39.9,40.3,40.8
767.0,55.79902514,37.40011283,174.675,-4383.055,-106.328,0.14624,-0.001126,-0.00877,766.93,39.0,39.7,40.1,40.5
768.0,55.79902647,37.40012860,174.666,-4382.066,-106.181,0.14527,-0.001519,-0.00866,767.93,38.7,39.4,39.8,40.3
769.0,55.79902776,37.40014438,174.657,-4381.076,-106.038,0.14374,-0.001647,-0.00855,768.93,38.5,39.2,39.6,40.0
770.0,55.79902906,37.40016016,174.649,-4380.086,-105.895,0.13766,-0.001451,-0.00845,769.93,38.2,38.9,39.4,39.8
771.0,55.79903024,37.40017596,174.641,-4379.095,-105.764,0.12899,-0.000962,-0.00834,770.93,37.9,38.7,39.1,39.5
772.0,55.79903139,37.40019178,174.633,-4378.103,-105.638,0.13130,-0.000298,-0.00825,771.93,37.6,38.4,38.8,39.2
773.0,55.79903261,37.40020757,174.625,-4377.112,-105.502,0.13485,0.000382,-0.00816,772.93,37.3,38.1,38.5,39.0
774.0,55.79903382,37.40022337,174.618,-4376.121,-105.369,0.13699,0.000938,-0.00808,773.93,37.0,37.9,38.3,38.7
775.0,55.79903508,37.40023916,174.610,-4375.131,-105.229,0.13878,0.001297,-0.00801,774.93,36.7,37.6,38.0,38.4
776.0,55.79903632,37.40025495,174.603,-4374.140,-105.092,0.14081,0.001457,-0.00795,775.93,36.5,37.4,37.7,38.1
777.0,55.79903762,37.40027073,174.596,-4373.151,-104.948,0.14349,0.001463,-0.00790,776.93,36.2,37.1,37.4,37.9
778.0,55.79903891,37.40028651,174.589,-4372.161,-104.806,0.14450,0.001371,-0.00786,777.93,35.9,36.8,37.1,37.6
779.0,55.79904023,37.40030228,174.582,-4371.171,-104.660,0.14409,0.001217,-0.00783,778.93,35.6,36.5,36.8,37.3
780.0,55.79904151,37.40031806,174.575,-4370.181,-104.519,0.14575,0.001017,-0.00781,779.93,35.3,36.2,36.5,37.0
781.0,55.79904286,37.40033383,174.569,-4369.193,-104.370,0.14872,0.000777,-0.00781,780.93,35.0,36.0,36.2,36.8
782.0,55.79904419,37.40034960,174.562,-4368.204,-104.223,0.15029,0.000506,-0.00781,781.93,34.7,35.7,35.9,36.5
783.0,55.79904556,37.40036535,174.556,-4367.215,-104.070,0.14905,0.000215,-0.00783,782.93,34.4,35.4,35.7,36.3
784.0,55.79904687,37.40038113,174.549,-4366.226,-103.926,0.14790,-0.000088,-0.00785,783.93,34.2,35.1,35.4,36.0
785.0,55.79904823,37.40039689,174.542,-4365.237,-103.776,0.14786,-0.000406,-0.00788,784.93,33.9,34.8,35.1,35.7
786.0,55.79904954,37.40041267,174.535,-4364.248,-103.631,0.14847,-0.000742,-0.00791,785.92,33.6,34.6,34.9,35.4
787.0,55.79905090,37.40042843,174.528,-4363.259,-103.480,0.14945,-0.001086,-0.00795,786.92,33.3,34.4,34.6,35.1
788.0,55.79905223,37.40044420,174.521,-4362.270,-103.333,0.14670,-0.001399,-0.00799,787.92,33.0,34.1,34.3,34.8
789.0,55.79905355,37.40045997,174.512,-4361.280,-103.187,0.14440,-0.001615,-0.00803,788.92,32.7,33.9,34.1,34.5
790.0,55.79905483,37.40047575,174.504,-4360.291,-103.045,0.14215,-0.001665,-0.00808,789.93,32.5,33.6,33.8,34.1
791.0,55.79905611,37.40049153,174.495,-4359.301,-102.904,0.13973,-0.001502,-0.00812,790.93,32.2,33.3,33.6,33.9
792.0,55.79905735,37.40050732,174.486,-4358.310,-102.767,0.13595,-0.001127,-0.00816,791.93,31.9,33.1,33.3,33.6
793.0,55.79905856,37.40052312,174.476,-4357.319,-102.633,0.13253,-0.000605,-0.00819,792.93,31.6,32.8,33.1,33.3
794.0,55.79905974,37.40053893,174.466,-4356.328,-102.502,0.13170,-0.000042,-0.00822,793.93,31.3,32.5,32.8,33.0
795.0,55.79906094,37.40055473,174.456,-4355.336,-102.370,0.13794,0.000441,-0.00825,794.93,31.0,32.2,32.6,32.7
796.0,55.79906223,37.40057051,174.447,-4354.347,-102.227,0.13782,0.000757,-0.00827,795.93,30.7,31.9,32.2,32.4
797.0,55.79906342,37.40058631,174.437,-4353.355,-102.096,0.13765,0.000881,-0.00829,796.93,30.4,31.6,31.9,32.0
798.0,55.79906471,37.40060209,174.428,-4352.366,-101.953,0.14402,0.000852,-0.00831,797.94,30.1,31.2,31.6,31.7
799.0,55.79906602,37.40061787,174.419,-4351.376,-101.809,0.14329,0.000748,-0.00832,798.94,29.8,30.9,31.3,31.4
800.0,55.79906730,37.40063365,174.411,-4350.386,-101.667,0.14130,0.000646,-0.00833,799.94,29.5,30.6,31.0,31.1
801.0,55.79906857,37.40064944,174.403,-4349.396,-101.527,0.14120,0.000587,-0.00834,800.94,29.1,30.3,30.6,30.8
802.0,55.79906984,37.40066522,174.395,-4348.406,-101.386,0.14064,0.000560,-0.00835,801.94,28.7,30.0,30.3,30.5
803.0,55.79907110,37.40068101,174.387,-4347.416,-101.247,0.14311,0.000521,-0.00836,802.94,28.3,29.6,29.9,30.2
804.0,55.79907242,37.40069678,174.380,-4346.427,-101.101,0.14551,0.000427,-0.00838,803.95,27.9,29.3,29.6,29.9
805.0,55.79907373,37.40071255,174.372,-4345.437,-100.957,0.14532,0.000264,-0.00839,804.95,27.5,29.0,29.2,29.6
806.0,55.79907504,37.40072833,174.365,-4344.448,-100.811,0.14627,0.000049,-0.00841,805.95,27.2,28.7,28.9,29.2
807.0,55.79907636,37.40074410,174.358,-4343.458,-100.665,0.14586,-0.000177,-0.00844,806.95,26.8,28.3,28.5,28.8
808.0,55.79907767,37.40075987,174.350,-4342.469,-100.520,0.14423,-0.000376,-0.00846,807.95,26.5,28.0,28.2,28.4
809.0,55.79907896,37.40077565,174.343,-4341.479,-100.378,0.14311,-0.000528,-0.00850,808.95,26.1,27.7,27.8,28.0
810.0,55.79908025,37.40079143,174.335,-4340.489,-100.235,0.14304,-0.000633,-0.00854,809.95,25.8,27.4,27.5,27.6
811.0,55.79908154,37.40080721,174.327,-4339.500,-100.093,0.14303,-0.000696,-0.00858,810.95,25.5,27.0,27.2,27.2
812.0,55.79908283,37.40082299,174.319,-4338.510,-99.950,0.14176,-0.000722,-0.00863,811.95,25.1,26.7,26.8,26.9
813.0,55.79908410,37.40083878,174.310,-4337.520,-99.810,0.14058,-0.000708,-0.00868,812.95,24.8,26.3,26.5,26.5
814.0,55.79908536,37.40085456,174.302,-4336.529,-99.670,0.14043,-0.000653,-0.00873,813.95,24.5,26.0,26.1,26.2
815.0,55.79908663,37.40087035,174.293,-4335.539,-99.530,0.13822,-0.000558,-0.00879,814.95,24.2,25.6,25.8,25.9
816.0,55.79908786,37.40088614,174.284,-4334.549,-99.394,0.13681,-0.000425,-0.00885,815.95,23.8,25.2,25.4,25.5
817.0,55.79908910,37.40090194,174.274,-4333.558,-99.257,0.13909,-0.000252,-0.00890,816.95,23.5,24.9,25.1,25.2
818.0,55.79909036,37.40091772,174.265,-4332.568,-99.117,0.13993,-0.000029,-0.00896,817.95,23.1,24.5,24.8,24.9
819.0,55.79909162,37.40093351,174.256,-4331.577,-98.978,0.13729,0.000246,-0.00902,818.95,22.8,24.1,24.4,24.6
820.0,55.79909284,37.40094931,174.246,-4330.587,-98.843,0.13495,0.000551,-0.00907,819.95,22.4,23.8,24.1,24.2
821.0,55.79909405,37.40096511,174.237,-4329.596,-98.709,0.13578,0.000836,-0.00912,820.96,22.0,23.4,23.7,23.8
822.0,55.79909529,37.40098090,174.227,-4328.605,-98.573,0.14035,0.001047,-0.00917,821.96,21.6,23.0,23.2,23.3
823.0,55.79909658,37.40099668,174.217,-4327.615,-98.429,0.14478,0.001150,-0.00921,822.96,21.2,22.5,22.8,22.9
824.0,55.79909790,37.40101245,174.208,-4326.626,-98.284,0.14475,0.001143,-0.00925,823.96,20.8,22.1,22.3,22.5
825.0,55.79909919,37.40102823,174.198,-4325.636,-98.141,0.14286,0.001034,-0.00929,824.96,20.4,21.7,21.9,22.0
826.0,55.79910047,37.40104401,174.188,-4324.646,-97.999,0.14408,0.000819,-0.00932,825.96,20.0,21.3,21.5,21.6
827.0,55.79910179,37.40105978,174.178,-4323.657,-97.854,0.14694,0.000475,-0.00935,826.96,19.6,20.8,21.0,21.1
828.0,55.79910312,37.40107555,174.169,-4322.668,-97.706,0.14829,-0.000011,-0.00938,827.97,19.2,20.4,20.6,20.6
829.0,55.79910446,37.40109132,174.159,-4321.679,-97.558,0.14970,-0.000595,-0.00940,828.97,18.7,19.9,20.1,20.2
830.0,55.79910582,37.40110708,174.149,-4320.690,-97.408,0.15036,-0.001159,-0.00942,829.97,18.3,19.4,19.7,19.7
831.0,55.79910717,37.40112284,174.140,-4319.702,-97.259,0.14831,-0.001532,-0.00943,830.97,17.9,19.0,19.2,19.3
832.0,55.79910849,37.40113862,174.131,-4318.712,-97.113,0.14270,-0.001564,-0.00945,831.97,17.5,18.5,18.8,18.9
833.0,55.79910974,37.40115441,174.122,-4317.722,-96.974,0.13443,-0.001218,-0.00946,832.97,17.1,18.1,18.4,18.4
834.0,55.79911092,37.40117021,174.112,-4316.730,-96.845,0.12941,-0.000606,-0.00947,833.97,16.6,17.6,17.9,18.0
835.0,55.79911208,37.40118602,174.103,-4315.739,-96.716,0.13139,0.000051,-0.00947,834.98,16.2,17.2,17.5,17.5
836.0,55.79911329,37.40120182,174.094,-4314.748,-96.583,0.13761,0.000531,-0.00947,835.98,15.7,16.7,16.9,17.0
837.0,55.79911456,37.40121761,174.085,-4313.758,-96.442,0.14560,0.000722,-0.00947,836.98,15.1,16.2,16.4,16.5
838.0,55.79911591,37.40123337,174.076,-4312.769,-96.292,0.14820,0.000666,-0.00947,837.98,14.6,15.7,15.9,16.0
839.0,55.79911723,37.40124914,174.066,-4311.779,-96.146,0.14310,0.000511,-0.00946,838.98,14.1,15.1,15.3,15.5
840.0,55.79911849,37.40126493,174.056,-4310.789,-96.007,0.13790,0.000405,-0.00945,839.98,13.5,14.6,14.8,15.0
841.0,55.79911972,37.40128073,174.047,-4309.798,-95.872,0.13917,0.000422,-0.00944,840.98,12.8,13.9,14.1,14.3
842.0,55.79912100,37.40129651,174.037,-4308.809,-95.730,0.14312,0.000538,-0.00942,841.98,12.2,13.2,13.4,13.6
843.0,55.79912230,37.40131229,174.027,-4307.819,-95.586,0.14317,0.000664,-0.00939,842.99,11.5,12.4,12.7,12.8
844.0,55.79912358,37.40132807,174.017,-4306.829,-95.444,0.14265,0.000686,-0.00936,843.99,10.8,11.7,12.0,12.1
845.0,55.79912487,37.40134385,174.008,-4305.839,-95.302,0.14393,0.000505,-0.00932,844.99,10.1,11.0,11.3,11.4
846.0,55.79912617,37.40135962,173.998,-4304.850,-95.158,0.14602,0.000074,-0.00927,845.99,9.5,10.4,10.9,11.1
847.0,55.79912750,37.40137539,173.988,-4303.860,-95.011,0.15010,-0.000564,-0.00922,846.99,8.9,9.8,10.4,10.9
848.0,55.79912888,37.40139115,173.978,-4302.872,-94.858,0.15295,-0.001266,-0.00915,848.00,8.3,9.2,9.9,10.7
849.0,55.79913025,37.40140690,173.968,-4301.884,-94.706,0.14826,-0.001809,-0.00908,849.00,7.7,8.6,9.5,10.4
850.0,55.79913155,37.40142268,173.959,-4300.894,-94.563,0.14026,-0.001985,-0.00901,850.00,7.1,8.0,9.0,10.2
851.0,55.79913278,37.40143848,173.949,-4299.903,-94.427,0.13359,-0.001689,-0.00892,851.00,7.8,9.2,10.1,11.2
852.0,55.79913396,37.40145428,173.939,-4298.912,-94.297,0.12784,-0.000985,-0.00883,852.00,8.6,10.3,11.3,12.3
853.0,55.79913509,37.40147010,173.929,-4297.920,-94.172,0.12756,-0.000081,-0.00873,853.00,9.3,11.4,12.4,13.3
854.0,55.79913626,37.40148591,173.920,-4296.928,-94.042,0.13234,0.000755,-0.00863,854.00,10.0,12.6,13.5,14.3
855.0,55.79913748,37.40150171,173.910,-4295.937,-93.908,0.13687,0.001312,-0.00852,854.99,10.8,13.7,14.6,15.3
856.0,55.79913873,37.40151750,173.901,-4294.947,-93.769,0.14295,0.001501,-0.00841,855.99,10.9,14.5,15.4,16.0
857.0,55.79914005,37.40153327,173.893,-4293.958,-93.623,0.14604,0.001367,-0.00829,856.99,11.1,15.2,16.1,16.7
858.0,55.79914136,37.40154904,173.885,-4292.968,-93.478,0.14361,0.001029,-0.00818,857.99,11.3,16.0,16.8,17.3
859.0,55.79914264,37.40156483,173.877,-4291.978,-93.337,0.14235,0.000620,-0.00806,858.98,11.5,16.8,17.5,18.0
860.0,55.79914393,37.40158061,173.869,-4290.988,-93.195,0.14500,0.000240,-0.00795,859.98,11.7,17.6,18.3,18.7
861.0,55.79914526,37.40159638,173.862,-4289.999,-93.048,0.14710,-0.000055,-0.00784,860.98,12.0,18.2,18.8,19.2
862.0,55.79914658,37.40161215,173.855,-4289.010,-92.901,0.14361,-0.000248,-0.00774,861.98,12.4,18.8,19.4,19.8
863.0,55.79914784,37.40162793,173.848,-4288.020,-92.761,0.14107,-0.000347,-0.00764,862.98,12.7,19.4,20.0,20.4
864.0,55.79914912,37.40164372,173.841,-4287.030,-92.620,0.14112,-0.000380,-0.00755,863.98,13.1,20.0,20.6,21.0
865.0,55.79915039,37.40165950,173.834,-4286.040,-92.480,0.14170,-0.000370,-0.00746,864.97,13.4,20.6,21.2,21.5
866.0,55.79915168,37.40167528,173.827,-4285.050,-92.338,0.14423,-0.000321,-0.00738,865.97,14.2,21.1,21.7,22.1
867.0,55.79915299,37.40169106,173.821,-4284.061,-92.193,0.14319,-0.000215,-0.00731,866.97,15.0,21.6,22.3,22.6
868.0,55.79915426,37.40170684,173.814,-4283.070,-92.052,0.13831,-0.000034,-0.00725,867.97,15.8,22.2,22.8,23.1
869.0,55.79915548,37.40172264,173.808,-4282.080,-91.917,0.13868,0.000212,-0.00719,868.97,16.6,22.7,23.4,23.6
870.0,55.79915676,37.40173842,173.802,-4281.090,-91.776,0.14038,0.000465,-0.00715,869.97,17.4,23.2,23.9,24.1
871.0,55.79915801,37.40175421,173.796,-4280.099,-91.637,0.13998,0.000635,-0.00710,870.97,18.0,23.7,24.4,24.6
872.0,55.79915928,37.40176999,173.789,-4279.109,-91.497,0.14269,0.000630,-0.00707,871.97,18.6,24.2,24.8,25.1
873.0,55.79916059,37.40178577,173.783,-4278.120,-91.353,0.14606,0.000408,-0.00704,872.96,19.2,24.7,25.2,25.5
874.0,55.79916191,37.40180154,173.777,-4277.130,-91.206,0.14774,0.000001,-0.00701,873.96,19.8,25.1,25.7,26.0
875.0,55.79916325,37.40181731,173.770,-4276.141,-91.058,0.14754,-0.000476,-0.00698,874.96,20.4,25.6,26.1,26.4
876.0,55.79916457,37.40183308,173.763,-4275.152,-90.912,0.14733,-0.000864,-0.00696,875.96,21.0,26.0,26.6,26.9
877.0,55.79916590,37.40184885,173.756,-4274.163,-90.765,0.14457,-0.001029,-0.00693,876.96,21.5,26.4,27.0,27.3
878.0,55.79916718,37.40186463,173.748,-4273.173,-90.624,0.13626,-0.000927,-0.00691,877.96,22.1,26.8,27.5,27.7
879.0,55.79916836,37.40188044,173.741,-4272.182,-90.493,0.13235,-0.000631,-0.00688,878.96,22.6,27.2,27.9,28.2
880.0,55.79916956,37.40189624,173.733,-4271.191,-90.360,0.13506,-0.000296,-0.00685,879.96,23.2,27.6,28.3,28.6
881.0,55.79917079,37.40191203,173.725,-4270.200,-90.224,0.14050,-0.000065,-0.00682,880.96,23.6,28.0,28.7,29.0
882.0,55.79917210,37.40192781,173.717,-4269.210,-90.080,0.14409,0.000012,-0.00679,881.96,24.0,28.4,29.1,29.4
883.0,55.79917339,37.40194359,173.709,-4268.221,-89.937,0.14283,0.000004,-0.00675,882.96,24.5,28.8,29.4,29.7
884.0,55.79917467,37.40195937,173.701,-4267.231,-89.795,0.14071,0.000052,-0.00670,883.96,24.9,29.2,29.8,30.1
885.0,55.79917593,37.40197516,173.694,-4266.240,-89.656,0.13714,0.000272,-0.00666,884.96,25.3,29.6,30.1,30.5
886.0,55.79917715,37.40199095,173.687,-4265.249,-89.521,0.13445,0.000687,-0.00661,885.96,25.7,29.9,30.5,30.8
887.0,55.79917835,37.40200675,173.680,-4264.258,-89.388,0.13553,0.001201,-0.00656,886.96,26.2,30.3,30.8,31.1
888.0,55.79917959,37.40202255,173.674,-4263.268,-89.251,0.13945,0.001649,-0.00651,887.96,26.6,30.6,31.2,31.4
889.0,55.79918087,37.40203833,173.667,-4262.278,-89.110,0.14409,0.001861,-0.00645,888.96,27.0,30.9,31.5,31.7
890.0,55.79918219,37.40205410,173.661,-4261.289,-88.964,0.14794,0.001725,-0.00640,889.96,27.4,31.3,31.9,32.0
891.0,55.79918353,37.40206987,173.655,-4260.300,-88.815,0.15140,0.001224,-0.00635,890.96,27.8,31.6,32.2,32.3
892.0,55.79918491,37.40208562,173.649,-4259.311,-88.662,0.15437,0.000434,-0.00630,891.96,28.2,31.9,32.5,32.7
893.0,55.79918631,37.40210137,173.643,-4258.323,-88.508,0.15470,-0.000497,-0.00625,892.96,28.5,32.2,32.8,33.0
894.0,55.79918770,37.40211713,173.638,-4257.335,-88.354,0.15271,-0.001385,-0.00621,893.96,28.9,32.6,33.1,33.4
895.0,55.79918906,37.40213289,173.632,-4256.347,-88.203,0.14924,-0.002052,-0.00617,894.96,29.3,32.9,33.5,33.7
896.0,55.79919039,37.40214866,173.627,-4255.358,-88.057,0.14481,-0.002370,-0.00614,895.96,29.6,33.2,33.8,34.0
897.0,55.79919167,37.40216444,173.622,-4254.368,-87.915,0.13846,-0.002301,-0.00611,896.96,30.0,33.5,34.1,34.2
898.0,55.79919288,37.40218024,173.616,-4253.377,-87.781,0.13313,-0.001903,-0.00609,897.96,30.3,33.8,34.3,34.5
899.0,55.79919407,37.40219604,173.611,-4252.385,-87.649,0.13196,-0.001304,-0.00607,898.96,30.7,34.1,34.6,34.8
900.0,55.79919526,37.40221185,173.605,-4251.394,-87.518,0.13280,-0.000650,-0.00606,899.96,31.0,34.4,34.9,35.0
901.0,55.79919647,37.40222765,173.600,-4250.403,-87.384,0.13571,-0.000054,-0.00605,900.96,31.4,34.7,35.2,35.3
902.0,55.79919771,37.40224344,173.594,-4249.412,-87.247,0.13605,0.000440,-0.00604,901.96,31.7,35.0,35.6,35.7
903.0,55.79919892,37.40225924,173.589,-4248.421,-87.113,0.13517,0.000842,-0.00604,902.96,32.1,35.3,35.9,36.0
904.0,55.79920015,37.40227503,173.583,-4247.431,-86.978,0.13685,0.001182,-0.00604,903.96,32.4,35.5,36.2,36.3
905.0,55.79920139,37.40229082,173.577,-4246.440,-86.840,0.13749,0.001470,-0.00604,904.96,32.8,35.8,36.5,36.7
906.0,55.79920263,37.40230662,173.570,-4245.450,-86.703,0.13886,0.001680,-0.00604,905.96,33.0,36.1,36.8,36.9
907.0,55.79920390,37.40232240,173.564,-4244.459,-86.564,0.14086,0.001759,-0.00603,906.96,33.3,36.4,37.0,37.2
908.0,55.79920517,37.40233819,173.558,-4243.469,-86.423,0.14536,0.001653,-0.00603,907.95,33.5,36.7,37.3,37.4
909.0,55.79920652,37.40235395,173.551,-4242.481,-86.274,0.14912,0.001341,-0.00603,908.95,33.8,37.0,37.6,37.7
910.0,55.79920786,37.40236972,173.544,-4241.492,-86.126,0.15058,0.000842,-0.00602,909.95,34.0,37.2,37.8,38.0
911.0,55.79920923,37.40238548,173.538,-4240.503,-85.974,0.15065,0.000219,-0.00601,910.95,34.3,37.5,38.1,38.2
912.0,55.79921057,37.40240124,173.531,-4239.514,-85.825,0.14973,-0.000432,-0.00599,911.95,34.7,37.7,38.3,38.5
913.0,55.79921192,37.40241700,173.524,-4238.526,-85.675,0.15040,-0.000993,-0.00597,912.95,35.0,38.0,38.5,38.8
914.0,55.79921328,37.40243277,173.518,-4237.537,-85.526,0.14920,-0.001353,-0.00595,913.95,35.3,38.2,38.7,39.0
915.0,55.79921461,37.40244854,173.511,-4236.548,-85.378,0.14523,-0.001434,-0.00593,914.95,35.6,38.5,38.9,39.3
916.0,55.79921589,37.40246432,173.505,-4235.558,-85.236,0.13790,-0.001229,-0.00590,915.95,35.9,38.7,39.2,39.5
917.0,55.79921710,37.40248012,173.498,-4234.567,-85.103,0.13377,-0.000811,-0.00588,916.95,36.2,38.9,39.5,39.7
918.0,55.79921831,37.40249592,173.492,-4233.576,-84.970,0.13780,-0.000298,-0.00585,917.95,36.5,39.2,39.7,39.9
919.0,55.79921958,37.40251170,173.486,-4232.586,-84.828,0.14235,0.000195,-0.00583,918.95,36.7,39.4,40.0,40.1
920.0,55.79922087,37.40252748,173.480,-4231.596,-84.686,0.14188,0.000599,-0.00581,919.95,37.0,39.6,40.2,40.3
921.0,55.79922214,37.40254327,173.475,-4230.606,-84.546,0.14051,0.000883,-0.00579,920.95,37.3,39.8,40.4,40.5
922.0,55.79922341,37.40255905,173.469,-4229.616,-84.406,0.14062,0.001024,-0.00577,921.95,37.5,40.0,40.6,40.8
923.0,55.79922468,37.40257484,173.464,-4228.626,-84.265,0.14310,0.000985,-0.00576,922.95,37.8,40.3,40.8,41.0
924.0,55.79922599,37.40259061,173.460,-4227.636,-84.121,0.14605,0.000721,-0.00575,923.95,38.1,40.5,40.9,41.3
925.0,55.79922731,37.40260638,173.455,-4226.647,-83.974,0.14946,0.000232,-0.00575,924.95,38.3,40.7,41.1,41.5
926.0,55.79922868,37.40262214,173.450,-4225.658,-83.823,0.15108,-0.000405,-0.00576,925.95,38.6,40.9,41.3,41.7
927.0,55.79923003,37.40263790,173.446,-4224.670,-83.673,0.15051,-0.001031,-0.00577,926.95,38.8,41.1,41.6,41.9
928.0,55.79923139,37.40265367,173.441,-4223.681,-83.523,0.14869,-0.001456,-0.00579,927.95,39.0,41.3,41.8,42.0
929.0,55.79923271,37.40266944,173.437,-4222.692,-83.377,0.14102,-0.001542,-0.00581,928.95,39.2,41.6,42.0,42.2
930.0,55.79923393,37.40268523,173.432,-4221.701,-83.242,0.13241,-0.001260,-0.00584,929.95,39.5,41.8,42.3,42.4
931.0,55.79923510,37.40270104,173.427,-4220.709,-83.113,0.13148,-0.000700,-0.00587,930.95,39.7,41.9,42.4,42.6
932.0,55.79923630,37.40271684,173.421,-4219.718,-82.980,0.13801,-0.000012,-0.00591,931.95,39.9,42.1,42.6,42.7
933.0,55.79923758,37.40273263,173.415,-4218.728,-82.838,0.13951,0.000656,-0.00594,932.95,40.2,42.3,42.8,42.9
934.0,55.79923882,37.40274842,173.409,-4217.738,-82.701,0.13758,0.001204,-0.00598,933.95,40.4,42.4,42.9,43.0
935.0,55.79924006,37.40276421,173.403,-4216.747,-82.564,0.13928,0.001573,-0.00601,934.95,40.7,42.6,43.1,43.2
936.0,55.79924133,37.40278000,173.396,-4215.757,-82.424,0.14219,0.001722,-0.00604,935.95,40.8,42.7,43.2,43.3
937.0,55.79924263,37.40279577,173.389,-4214.767,-82.280,0.14601,0.001615,-0.00607,936.95,41.0,42.9,43.3,43.4
938.0,55.79924396,37.40281154,173.382,-4213.778,-82.133,0.14852,0.001238,-0.00609,937.95,41.2,43.0,43.5,43.6
939.0,55.79924530,37.40282731,173.375,-4212.789,-81.984,0.15299,0.000618,-0.00611,938.95,41.4,43.2,43.6,43.7
940.0,55.79924671,37.40284306,173.368,-4211.802,-81.828,0.15335,-0.000165,-0.00612,939.95,41.6,43.3,43.7,43.8
941.0,55.79924806,37.40285882,173.361,-4210.813,-81.679,0.15085,-0.000985,-0.00612,940.95,41.8,43.4,43.8,43.9
942.0,55.79924943,37.40287458,173.353,-4209.824,-81.527,0.15051,-0.001695,-0.00612,941.95,41.9,43.5,43.9,44.0
943.0,55.79925077,37.40289034,173.346,-4208.836,-81.379,0.14631,-0.002161,-0.00610,942.95,42.1,43.6,44.0,44.0
944.0,55.79925207,37.40290612,173.339,-4207.846,-81.236,0.14089,-0.002295,-0.00609,943.95,42.3,43.7,44.0,44.1
945.0,55.79925331,37.40292191,173.332,-4206.855,-81.098,0.13775,-0.002071,-0.00606,944.95,42.5,43.8,44.1,44.2
946.0,55.79925455,37.40293771,173.326,-4205.865,-80.961,0.13222,-0.001540,-0.00603,945.95,42.7,43.9,44.2,44.3
947.0,55.79925570,37.40295352,173.319,-4204.873,-80.834,0.13025,-0.000810,-0.00600,946.95,42.8,44.0,44.3,44.4
948.0,55.79925690,37.40296932,173.313,-4203.882,-80.701,0.13294,-0.000021,-0.00596,947.95,42.9,44.1,44.4,44.5
949.0,55.79925810,37.40298512,173.307,-4202.890,-80.569,0.13250,0.000695,-0.00592,948.95,43.1,44.2,44.5,44.6
950.0,55.79925929,37.40300093,173.301,-4201.899,-80.437,0.13545,0.001241,-0.00588,949.95,43.2,44.3,44.6,44.6
951.0,55.79926054,37.40301672,173.296,-4200.909,-80.299,0.13880,0.001575,-0.00585,950.95,43.3,44.4,44.7,44.7
952.0,55.79926179,37.40303251,173.291,-4199.918,-80.160,0.14035,0.001703,-0.00581,951.95,43.4,44.5,44.7,44.8
953.0,55.79926307,37.40304829,173.286,-4198.928,-80.019,0.14389,0.001665,-0.00578,952.95,43.6,44.6,44.8,44.9
954.0,55.79926439,37.40306406,173.281,-4197.939,-79.874,0.14607,0.001508,-0.00575,953.95,43.7,44.7,44.9,45.0
955.0,55.79926570,37.40307984,173.276,-4196.950,-79.728,0.14467,0.001264,-0.00572,954.95,43.8,44.8,45.0,45.1
956.0,55.79926699,37.40309562,173.271,-4195.960,-79.585,0.14643,0.000939,-0.00571,955.95,43.9,44.8,45.0,45.1
957.0,55.79926834,37.40311138,173.266,-4194.971,-79.436,0.14845,0.000526,-0.00570,956.95,44.0,44.9,45.1,45.2
958.0,55.79926967,37.40312715,173.261,-4193.982,-79.290,0.15032,0.000029,-0.00569,957.95,44.1,44.9,45.2,45.3
959.0,55.79927105,37.40314291,173.256,-4192.994,-79.137,0.15227,-0.000513,-0.00570,958.95,44.2,45.0,45.2,45.4
960.0,55.79927241,37.40315867,173.251,-4192.005,-78.986,0.14848,-0.001028,-0.00571,959.95,44.3,45.1,45.3,45.4
961.0,55.79927372,37.40317444,173.245,-4191.016,-78.841,0.14684,-0.001431,-0.00574,960.95,44.3,45.1,45.4,45.5
962.0,55.79927506,37.40319021,173.240,-4190.027,-78.694,0.14424,-0.001651,-0.00577,961.95,44.4,45.2,45.4,45.6
963.0,55.79927632,37.40320599,173.234,-4189.037,-78.554,0.13988,-0.001656,-0.00580,962.95,44.5,45.3,45.5,45.6
964.0,55.79927758,37.40322178,173.229,-4188.046,-78.415,0.13883,-0.001455,-0.00585,963.95,44.6,45.3,45.5,45.7
965.0,55.79927882,37.40323757,173.224,-4187.056,-78.277,0.13748,-0.001102,-0.00590,964.95,44.6,45.4,45.6,45.8
966.0,55.79928006,37.40325337,173.218,-4186.065,-78.141,0.13350,-0.000674,-0.00596,965.95,44.7,45.4,45.7,45.8
967.0,55.79928123,37.40326917,173.213,-4185.074,-78.011,0.13416,-0.000258,-0.00602,966.95,44.8,45.5,45.7,45.9
968.0,55.79928248,37.40328497,173.207,-4184.083,-77.873,0.13773,0.000080,-0.00608,967.95,44.9,45.6,45.8,46.0
969.0,55.79928372,37.40330076,173.202,-4183.093,-77.736,0.13772,0.000303,-0.00615,968.95,44.9,45.6,45.9,46.0
970.0,55.79928496,37.40331655,173.196,-4182.102,-77.599,0.13817,0.000419,-0.00621,969.95,45.0,45.7,46.0,46.1
971.0,55.79928621,37.40333234,173.190,-4181.112,-77.460,0.13894,0.000462,-0.00628,970.95,45.1,45.8,46.0,46.2
972.0,55.79928746,37.40334813,173.184,-4180.121,-77.322,0.13910,0.000479,-0.00635,971.95,45.1,45.8,46.1,46.3
973.0,55.79928872,37.40336392,173.177,-4179.131,-77.183,0.13927,0.000511,-0.00641,972.95,45.2,45.9,46.2,46.4
974.0,55.79928997,37.40337970,173.170,-4178.141,-77.044,0.13971,0.000584,-0.00647,973.95,45.2,46.0,46.2,46.4
975.0,55.79929123,37.40339549,173.163,-4177.150,-76.905,0.13953,0.000705,-0.00652,974.95,45.3,46.0,46.3,46.5
976.0,55.79929249,37.40341128,173.156,-4176.160,-76.766,0.14092,0.000863,-0.00657,975.95,45.3,46.1,46.4,46.6
977.0,55.79929377,37.40342706,173.148,-4175.170,-76.624,0.14119,0.001025,-0.00661,976.95,45.4,46.1,46.4,46.6
978.0,55.79929503,37.40344285,173.140,-4174.180,-76.484,0.14169,0.001138,-0.00664,977.95,45.4,46.2,46.5,46.7
979.0,55.79929633,37.40345863,173.133,-4173.190,-76.341,0.14482,0.001136,-0.00667,978.95,45.5,46.2,46.5,46.7
980.0,55.79929764,37.40347440,173.125,-4172.201,-76.196,0.14473,0.000961,-0.00669,979.95,45.6,46.3,46.6,46.8
981.0,55.79929894,37.40349018,173.117,-4171.211,-76.053,0.14921,0.000587,-0.00670,980.95,45.6,46.3,46.6,46.8
982.0,55.79930033,37.40350593,173.109,-4170.223,-75.898,0.15290,0.000043,-0.00671,981.96,45.6,46.4,46.7,46.8
983.0,55.79930169,37.40352169,173.102,-4169.235,-75.748,0.14956,-0.000586,-0.00670,982.96,45.6,46.4,46.7,46.9
984.0,55.79930302,37.40353746,173.095,-4168.245,-75.600,0.14816,-0.001176,-0.00670,983.96,45.6,46.4,46.7,46.9
985.0,55.79930436,37.40355323,173.088,-4167.256,-75.453,0.14887,-0.001602,-0.00668,984.96,45.6,46.5,46.8,46.9
986.0,55.79930571,37.40356899,173.081,-4166.268,-75.304,0.14293,-0.001774,-0.00666,985.96,45.6,46.5,46.8,46.9
987.0,55.79930693,37.40358479,173.074,-4165.277,-75.168,0.13552,-0.001664,-0.00663,986.96,45.7,46.5,46.8,46.9
988.0,55.79930815,37.40360059,173.068,-4164.286,-75.034,0.13567,-0.001300,-0.00660,987.96,45.7,46.6,46.9,47.0
989.0,55.79930938,37.40361638,173.062,-4163.295,-74.898,0.13691,-0.000751,-0.00657,988.96,45.7,46.6,46.9,47.0
990.0,55.79931062,37.40363217,173.056,-4162.305,-74.761,0.13587,-0.000091,-0.00653,989.96,45.8,46.6,46.9,47.0
991.0,55.79931183,37.40364797,173.050,-4161.314,-74.627,0.13347,0.000605,-0.00649,990.96,45.8,46.6,46.9,47.0
992.0,55.79931303,37.40366378,173.044,-4160.322,-74.494,0.13425,0.001261,-0.00644,991.96,45.7,46.6,46.9,47.0
993.0,55.79931425,37.40367957,173.038,-4159.332,-74.359,0.13921,0.001793,-0.00639,992.96,45.7,46.6,46.9,47.0
994.0,55.79931554,37.40369535,173.032,-4158.342,-74.217,0.14058,0.002114,-0.00634,993.97,45.7,46.6,46.9,47.0
995.0,55.79931679,37.40371114,173.025,-4157.351,-74.079,0.14295,0.002158,-0.00629,994.97,45.7,46.6,46.9,47.0
996.0,55.79931811,37.40372691,173.019,-4156.362,-73.932,0.15010,0.001904,-0.00624,995.97,45.7,46.5,46.8,46.9
997.0,55.79931949,37.40374267,173.012,-4155.374,-73.780,0.15424,0.001394,-0.00618,996.97,45.6,46.3,46.7,46.9
998.0,55.79932089,37.40375842,173.005,-4154.386,-73.625,0.15429,0.000716,-0.00612,997.97,45.6,46.2,46.7,46.9
999.0,55.79932227,37.40377418,172.999,-4153.398,-73.472,0.15226,-0.000017,-0.00606,998.97,45.6,46.1,46.6,46.9
1000.0,55.79932363,37.40378994,172.992,-4152.409,-73.321,0.15164,-0.000704,-0.00600,999.97,45.5,46.0,46.5,46.8
1001.0,55.79932500,37.40380570,172.986,-4151.421,-73.170,0.15111,-0.001265,-0.00594,1000.97,45.4,45.9,46.4,46.7
1002.0,55.79932635,37.40382146,172.979,-4150.432,-73.020,0.14884,-0.001642,-0.00587,1001.97,45.3,45.7,46.3,46.6
1003.0,55.79932768,37.40383723,172.973,-4149.443,-72.874,0.14599,-0.001790,-0.00580,1002.97,45.2,45.6,46.2,46.5
1004.0,55.79932898,37.40385300,172.967,-4148.453,-72.729,0.14258,-0.001679,-0.00573,1003.97,45.1,45.4,46.0,46.3
1005.0,55.79933025,37.40386879,172.961,-4147.463,-72.589,0.13958,-0.001311,-0.00566,1004.97,44.9,45.3,45.9,46.2
1006.0,55.79933150,37.40388458,172.956,-4146.473,-72.451,0.13732,-0.000733,-0.00559,1005.97,44.7,45.1,45.8,46.0
1007.0,55.79933272,37.40390038,172.950,-4145.482,-72.316,0.13381,-0.000046,-0.00552,1006.97,44.5,44.9,45.7,45.9
1008.0,55.79933391,37.40391618,172.945,-4144.491,-72.184,0.13618,0.000620,-0.00545,1007.97,44.3,44.7,45.5,45.7
1009.0,55.79933518,37.40393197,172.940,-4143.500,-72.044,0.14121,0.001136,-0.00538,1008.97,44.1,44.6,45.4,45.5
1010.0,55.79933646,37.40394775,172.935,-4142.510,-71.903,0.14266,0.001416,-0.00531,1009.97,43.9,44.4,45.3,45.4
1011.0,55.79933775,37.40396353,172.930,-4141.521,-71.760,0.14517,0.001429,-0.00525,1010.97,43.7,44.2,45.0,45.2
1012.0,55.79933907,37.40397930,172.925,-4140.531,-71.614,0.14840,0.001200,-0.00518,1011.97,43.5,44.0,44.8,45.0
1013.0,55.79934042,37.40399506,172.920,-4139.543,-71.464,0.14904,0.000794,-0.00511,1012.97,43.3,43.8,44.6,44.8
1014.0,55.79934176,37.40401083,172.915,-4138.554,-71.317,0.15068,0.000300,-0.00505,1013.97,43.0,43.6,44.4,44.6
1015.0,55.79934314,37.40402659,172.910,-4137.565,-71.164,0.15102,-0.000190,-0.00499,1014.97,42.8,43.3,44.2,44.4
1016.0,55.79934448,37.40404235,172.906,-4136.576,-71.016,0.14816,-0.000593,-0.00493,1015.97,42.6,43.1,44.0,44.2
1017.0,55.79934580,37.40405812,172.901,-4135.587,-70.869,0.14681,-0.000850,-0.00487,1016.97,42.4,42.9,43.8,44.0
1018.0,55.79934712,37.40407390,172.896,-4134.598,-70.723,0.14491,-0.000927,-0.00481,1017.97,42.2,42.7,43.5,43.8
1019.0,55.79934842,37.40408967,172.892,-4133.608,-70.580,0.14380,-0.000824,-0.00476,1018.97,41.9,42.5,43.3,43.6
1020.0,55.79934971,37.40410545,172.887,-4132.619,-70.436,0.14266,-0.000568,-0.00471,1019.97,41.7,42.2,43.1,43.4
1021.0,55.79935099,37.40412124,172.882,-4131.629,-70.296,0.13973,-0.000212,-0.00466,1020.97,41.5,42.0,42.9,43.2
1022.0,55.79935223,37.40413703,172.878,-4130.638,-70.158,0.14026,0.000172,-0.00461,1021.97,41.3,41.8,42.7,43.0
1023.0,55.79935351,37.40415281,172.873,-4129.648,-70.016,0.14281,0.000503,-0.00456,1022.97,41.1,41.6,42.5,42.8
1024.0,55.79935480,37.40416859,172.868,-4128.658,-69.873,0.14342,0.000707,-0.00452,1023.97,40.9,41.4,42.3,42.6
1025.0,55.79935610,37.40418437,172.864,-4127.669,-69.730,0.14516,0.000733,-0.00448,1024.97,40.7,41.2,42.1,42.4
1026.0,55.79935742,37.40420014,172.859,-4126.679,-69.584,0.14689,0.000559,-0.00444,1025.97,40.4,41.0,41.9,42.2
1027.0,55.79935874,37.40421591,172.855,-4125.690,-69.437,0.14780,0.000206,-0.00440,1026.97,40.2,40.8,41.7,41.9
1028.0,55.79936008,37.40423168,172.850,-4124.701,-69.289,0.15035,-0.000263,-0.00437,1027.97,39.9,40.6,41.4,41.7
1029.0,55.79936145,37.40424743,172.846,-4123.713,-69.138,0.14996,-0.000742,-0.00433,1028.97,39.7,40.3,41.2,41.5
1030.0,55.79936278,37.40426320,172.842,-4122.724,-68.991,0.14629,-0.001112,-0.00430,1029.97,39.5,40.1,41.0,41.2
1031.0,55.79936409,37.40427898,172.838,-4121.734,-68.846,0.14402,-0.001267,-0.00427,1030.97,39.2,39.9,40.8,41.0
1032.0,55.79936538,37.40429476,172.833,-4120.744,-68.704,0.14084,-0.001154,-0.00425,1031.97,38.9,39.6,40.6,40.8
1033.0,55.79936663,37.40431055,172.829,-4119.754,-68.565,0.13753,-0.000796,-0.00422,1032.97,38.7,39.4,40.4,40.6
1034.0,55.79936786,37.40432634,172.826,-4118.763,-68.429,0.13605,-0.000291,-0.00420,1033.97,38.4,39.2,40.2,40.4
1035.0,55.79936908,37.40434214,172.822,-4117.772,-68.294,0.13557,0.000220,-0.00418,1034.97,38.1,39.0,40.0,40.2
1036.0,55.79937030,37.40435794,172.818,-4116.782,-68.159,0.13914,0.000605,-0.00416,1035.97,37.9,38.7,39.8,40.0
1037.0,55.79937159,37.40437372,172.814,-4115.792,-68.017,0.14387,0.000786,-0.00415,1036.97,37.6,38.5,39.5,39.7
1038.0,55.79937289,37.40438949,172.811,-4114.802,-67.872,0.14552,0.000760,-0.00413,1037.97,37.4,38.2,39.3,39.5
1039.0,55.79937421,37.40440527,172.807,-4113.813,-67.727,0.14482,0.000590,-0.00412,1038.97,37.1,38.0,39.0,39.3
1040.0,55.79937550,37.40442104,172.803,-4112.823,-67.584,0.14411,0.000365,-0.00411,1039.98,36.9,37.7,38.7,39.0
1041.0,55.79937681,37.40443682,172.799,-4111.834,-67.440,0.14468,0.000170,-0.00410,1040.98,36.6,37.5,38.6,38.8
1042.0,55.79937811,37.40445260,172.795,-4110.844,-67.295,0.14467,0.000065,-0.00409,1041.98,36.3,37.3,38.4,38.6
1043.0,55.79937941,37.40446837,172.791,-4109.855,-67.151,0.14523,0.000078,-0.00408,1042.98,36.1,37.1,38.2,38.4
1044.0,55.79938073,37.40448415,172.787,-4108.865,-67.006,0.14334,0.000196,-0.00407,1043.98,35.8,36.8,38.0,38.2
1045.0,55.79938199,37.40449993,172.782,-4107.875,-66.866,0.14034,0.000369,-0.00406,1044.98,35.5,36.6,37.8,38.0
1046.0,55.79938326,37.40451572,172.778,-4106.885,-66.726,0.14194,0.000519,-0.00405,1045.98,35.3,36.3,37.5,37.7
1047.0,55.79938455,37.40453150,172.773,-4105.895,-66.583,0.14710,0.000574,-0.00404,1046.98,35.0,36.1,37.3,37.5
1048.0,55.79938590,37.40454726,172.769,-4104.906,-66.433,0.14892,0.000494,-0.00403,1047.98,34.7,35.8,37.0,37.2
1049.0,55.79938723,37.40456303,172.764,-4103.917,-66.286,0.14803,0.000290,-0.00402,1048.98,34.5,35.5,36.8,37.0
1050.0,55.79938857,37.40457880,172.759,-4102.928,-66.138,0.14800,0.000005,-0.00401,1049.98,34.2,35.2,36.5,36.7
1051.0,55.79938990,37.40459457,172.755,-4101.939,-65.991,0.14754,-0.000313,-0.00400,1050.98,33.9,34.9,36.2,36.5
1052.0,55.79939123,37.40461034,172.751,-4100.950,-65.844,0.14742,-0.000622,-0.00399,1051.98,33.6,34.6,35.9,36.2
1053.0,55.79939256,37.40462611,172.747,-4099.961,-65.697,0.14662,-0.000903,-0.00398,1052.98,33.4,34.3,35.6,35.9
1054.0,55.79939387,37.40464188,172.743,-4098.972,-65.552,0.14523,-0.001144,-0.00398,1053.99,33.1,34.0,35.4,35.6
1055.0,55.79939517,37.40465766,172.740,-4097.982,-65.408,0.14332,-0.001334,-0.00398,1054.99,32.8,33.7,35.1,35.3
1056.0,55.79939645,37.40467344,172.736,-4096.992,-65.266,0.14223,-0.001458,-0.00398,1055.99,32.5,33.5,34.8,35.0
1057.0,55.79939774,37.40468922,172.733,-4096.002,-65.124,0.14076,-0.001490,-0.00398,1056.99,32.2,33.2,34.4,34.7
1058.0,55.79939899,37.40470501,172.730,-4095.012,-64.986,0.13862,-0.001403,-0.00399,1057.98,31.8,32.9,34.1,34.4
1059.0,55.79940023,37.40472080,172.726,-4094.021,-64.848,0.13650,-0.001178,-0.00400,1058.98,31.5,32.6,33.8,34.2
1060.0,55.79940145,37.40473660,172.723,-4093.030,-64.713,0.13320,-0.000816,-0.00401,1059.98,31.1,32.4,33.4,33.9
1061.0,55.79940264,37.40475240,172.720,-4092.039,-64.582,0.13225,-0.000343,-0.00402,1060.98,30.9,32.1,33.1,33.5
1062.0,55.79940384,37.40476821,172.716,-4091.048,-64.450,0.13303,0.000199,-0.00404,1061.98,30.6,31.9,32.8,33.2
1063.0,55.79940504,37.40478401,172.713,-4090.057,-64.317,0.13430,0.000764,-0.00405,1062.98,30.3,31.7,32.5,32.8
1064.0,55.79940626,37.40479980,172.709,-4089.066,-64.182,0.13581,0.001310,-0.00407,1063.98,30.0,31.5,32.2,32.5
1065.0,55.79940748,37.40481560,172.705,-4088.075,-64.046,0.13603,0.001795,-0.00409,1064.98,29.8,31.3,31.9,32.1
1066.0,55.79940871,37.40483140,172.701,-4087.084,-63.911,0.13692,0.002178,-0.00410,1065.97,29.5,31.1,31.7,31.9
1067.0,55.79940995,37.40484719,172.697,-4086.094,-63.773,0.14204,0.002433,-0.00412,1066.97,29.2,30.9,31.4,31.6
1068.0,55.79941127,37.40486296,172.693,-4085.105,-63.628,0.14734,0.002573,-0.00412,1067.97,28.9,30.7,31.2,31.4
1069.0,55.79941261,37.40487873,172.689,-4084.116,-63.480,0.15029,0.002660,-0.00413,1068.97,28.6,30.5,31.0,31.2
1070.0,55.79941398,37.40489449,172.684,-4083.127,-63.328,0.15238,0.002795,-0.00412,1069.97,28.4,30.2,30.8,30.9
1071.0,55.79941535,37.40491024,172.679,-4082.139,-63.176,0.15236,0.003069,-0.00412,1070.97,28.0,30.0,30.7,30.8
1072.0,55.79941672,37.40492600,172.673,-4081.150,-63.025,0.15275,0.003518,-0.00410,1071.97,27.7,29.7,30.6,30.7
1073.0,55.79941810,37.40494176,172.668,-4080.162,-62.872,0.15510,0.004108,-0.00408,1072.97,27.3,29.5,30.5,30.6
1074.0,55.79941951,37.40495750,172.662,-4079.174,-62.716,0.16112,0.004754,-0.00405,1073.97,27.0,29.2,30.4,30.5
1075.0,55.79942100,37.40497323,172.657,-4078.188,-62.551,0.16928,0.005377,-0.00401,1074.97,26.7,28.9,30.3,30.3
1076.0,55.79942255,37.40498893,172.651,-4077.203,-62.379,0.17568,0.005939,-0.00397,1075.97,26.3,28.6,30.3,30.3
1077.0,55.79942416,37.40500462,172.646,-4076.219,-62.201,0.18185,0.006445,-0.00392,1076.97,25.8,28.2,30.2,30.3
1078.0,55.79942582,37.40502029,172.641,-4075.236,-62.017,0.18721,0.006910,-0.00386,1077.97,25.4,27.9,30.2,30.3
1079.0,55.79942751,37.40503595,172.637,-4074.254,-61.829,0.19089,0.007321,-0.00380,1078.97,25.0,27.6,30.2,30.2
1080.0,55.79942924,37.40505160,172.633,-4073.272,-61.638,0.19968,0.007629,-0.00375,1079.97,24.6,27.2,30.1,30.2
1081.0,55.79943109,37.40506720,172.629,-4072.293,-61.432,0.21254,0.007780,-0.00368,1080.96,24.2,27.0,30.1,30.2
1082.0,55.79943305,37.40508276,172.626,-4071.317,-61.216,0.22221,0.007750,-0.00362,1081.96,23.8,26.9,30.1,30.2
1083.0,55.79943507,37.40509830,172.624,-4070.343,-60.992,0.22905,0.007565,-0.00357,1082.96,23.4,26.7,30.1,30.2
1084.0,55.79943714,37.40511381,172.621,-4069.369,-60.762,0.23567,0.007277,-0.00351,1083.96,23.0,26.5,30.1,30.1
1085.0,55.79943928,37.40512930,172.619,-4068.398,-60.525,0.24265,0.006929,-0.00346,1084.96,22.6,26.3,30.1,30.1
1086.0,55.79944148,37.40514476,172.617,-4067.428,-60.281,0.24737,0.006532,-0.00342,1085.95,22.2,26.1,30.1,30.1
1087.0,55.79944369,37.40516021,172.615,-4066.459,-60.035,0.25461,0.006081,-0.00338,1086.95,21.7,26.0,30.1,30.1
1088.0,55.79944602,37.40517561,172.612,-4065.493,-59.777,0.26437,0.005588,-0.00335,1087.95,21.3,25.9,30.0,30.1
1089.0,55.79944840,37.40519099,172.610,-4064.528,-59.512,0.27165,0.005111,-0.00332,1088.95,20.9,25.7,30.0,30.1
1090.0,55.79945085,37.40520633,172.608,-4063.566,-59.241,0.27495,0.004737,-0.00330,1089.94,20.5,25.6,30.0,30.1
1091.0,55.79945330,37.40522167,172.605,-4062.603,-58.969,0.27158,0.004534,-0.00330,1090.94,20.1,25.5,30.0,30.1
1092.0,55.79945569,37.40523704,172.602,-4061.639,-58.704,0.27509,0.004512,-0.00329,1091.94,19.8,25.4,30.0,30.1
1093.0,55.79945819,37.40525235,172.599,-4060.679,-58.426,0.28395,0.004625,-0.00330,1092.94,19.5,25.3,30.0,30.1
1094.0,55.79946074,37.40526764,172.596,-4059.719,-58.144,0.28855,0.004805,-0.00331,1093.94,19.2,25.2,30.0,30.1
1095.0,55.79946332,37.40528292,172.593,-4058.761,-57.857,0.29412,0.004999,-0.00333,1094.93,18.8,25.1,30.0,30.1
1096.0,55.79946596,37.40529816,172.589,-4057.805,-57.564,0.29894,0.005189,-0.00335,1095.93,18.4,25.1,29.9,30.0
1097.0,55.79946863,37.40531338,172.586,-4056.850,-57.268,0.30200,0.005374,-0.00337,1096.93,18.0,25.2,29.9,30.0
1098.0,55.79947132,37.40532859,172.582,-4055.896,-56.969,0.30766,0.005552,-0.00340,1097.93,17.6,25.2,29.8,29.9
1099.0,55.79947408,37.40534377,172.578,-4054.944,-56.662,0.31427,0.005726,-0.00343,1098.92,17.2,25.2,29.8,29.9
1100.0,55.79947689,37.40535891,172.575,-4053.994,-56.351,0.32055,0.005919,-0.00346,1099.92,16.8,25.3,29.7,29.8
1101.0,55.79947976,37.40537402,172.571,-4053.046,-56.032,0.32933,0.006182,-0.00350,1100.92,16.4,25.3,29.7,29.7
1102.0,55.79948271,37.40538908,172.567,-4052.101,-55.704,0.33394,0.006570,-0.00353,1101.91,15.9,25.3,29.6,29.7
1103.0,55.79948566,37.40540414,172.564,-4051.156,-55.377,0.33537,0.007091,-0.00356,1102.91,15.4,25.3,29.5,29.6
1104.0,55.79948864,37.40541918,172.560,-4050.213,-55.046,0.33996,0.007659,-0.00358,1103.91,15.0,25.4,29.4,29.5
1105.0,55.79949167,37.40543420,172.557,-4049.271,-54.710,0.34934,0.008109,-0.00361,1104.90,14.5,25.4,29.3,29.4
1106.0,55.79949481,37.40544914,172.553,-4048.334,-54.361,0.36373,0.008264,-0.00363,1105.90,13.8,25.4,29.3,29.4
1107.0,55.79949807,37.40546399,172.550,-4047.402,-53.998,0.37683,0.008033,-0.00364,1106.90,13.1,25.5,29.3,29.4
1108.0,55.79950143,37.40547878,172.546,-4046.474,-53.625,0.38710,0.007465,-0.00365,1107.89,12.4,25.5,29.2,29.4
1109.0,55.79950487,37.40549351,172.542,-4045.550,-53.243,0.39432,0.006743,-0.00366,1108.89,11.7,25.6,29.2,29.4
1110.0,55.79950835,37.40550821,172.538,-4044.627,-52.857,0.39658,0.006107,-0.00366,1109.89,11.0,25.7,29.2,29.4
1111.0,55.79951182,37.40552291,172.534,-4043.705,-52.471,0.39868,0.005770,-0.00365,1110.88,10.3,25.8,29.1,29.4
1112.0,55.79951534,37.40553759,172.529,-4042.784,-52.081,0.40233,0.005851,-0.00364,1111.88,9.6,26.0,29.1,29.4
1113.0,55.79951887,37.40555224,172.525,-4041.865,-51.688,0.40691,0.006354,-0.00362,1112.88,8.9,26.1,29.1,29.4
1114.0,55.79952246,37.40556686,172.521,-4040.948,-51.289,0.41376,0.007172,-0.00359,1113.88,8.2,26.3,29.1,29.4
1115.0,55.79952611,37.40558143,172.516,-4040.033,-50.883,0.41899,0.008107,-0.00356,1114.88,7.5,26.5,29.0,29.4
1116.0,55.79952978,37.40559598,172.512,-4039.121,-50.475,0.42442,0.008905,-0.00352,1115.87,8.4,26.8,29.0,29.3
1117.0,55.79953352,37.40561048,172.508,-4038.211,-50.060,0.43815,0.009325,-0.00348,1116.87,9.3,27.1,29.0,29.3
1118.0,55.79953742,37.40562484,172.504,-4037.310,-49.627,0.45642,0.009232,-0.00343,1117.87,10.2,27.4,29.0,29.3
1119.0,55.79954146,37.40563909,172.501,-4036.416,-49.178,0.47196,0.008659,-0.00337,1118.87,11.1,27.7,29.0,29.3
1120.0,55.79954560,37.40565323,172.497,-4035.528,-48.718,0.48100,0.007803,-0.00332,1119.87,11.9,28.1,29.0,29.3
1121.0,55.79954978,37.40566735,172.494,-4034.643,-48.253,0.48100,0.006936,-0.00325,1120.87,12.8,28.1,29.0,29.3
1122.0,55.79955393,37.40568149,172.491,-4033.755,-47.792,0.48204,0.006279,-0.00319,1121.87,13.7,28.2,29.0,29.3
1123.0,55.79955812,37.40569559,172.487,-4032.871,-47.326,0.48688,0.005925,-0.00313,1122.87,14.6,28.3,29.0,29.3
1124.0,55.79956235,37.40570966,172.484,-4031.988,-46.857,0.49345,0.005835,-0.00306,1123.87,15.4,28.4,29.0,29.3
1125.0,55.79956665,37.40572366,172.481,-4031.109,-46.379,0.50281,0.005895,-0.00300,1124.87,16.3,28.5,29.0,29.3
1126.0,55.79957102,37.40573759,172.478,-4030.235,-45.893,0.50773,0.005975,-0.00294,1125.87,16.9,28.6,29.1,29.3
1127.0,55.79957540,37.40575151,172.474,-4029.361,-45.406,0.51068,0.005973,-0.00288,1126.87,17.6,28.7,29.2,29.4
1128.0,55.79957981,37.40576540,172.471,-4028.490,-44.915,0.51720,0.005824,-0.00284,1127.87,18.3,28.7,29.2,29.4
1129.0,55.79958429,37.40577922,172.469,-4027.623,-44.417,0.52787,0.005517,-0.00279,1128.87,18.9,28.8,29.3,29.5
1130.0,55.79958887,37.40579293,172.466,-4026.763,-43.908,0.53901,0.005094,-0.00276,1129.87,19.6,28.9,29.4,29.5
1131.0,55.79959353,37.40580657,172.464,-4025.907,-43.391,0.53680,0.004638,-0.00273,1130.87,20.1,28.9,29.5,29.6
1132.0,55.79959807,37.40582032,172.462,-4025.044,-42.885,0.53696,0.004235,-0.00271,1131.86,20.7,28.9,29.5,29.7
1133.0,55.79960273,37.40583396,172.461,-4024.188,-42.368,0.54619,0.003940,-0.00271,1132.86,21.2,28.8,29.6,29.7
1134.0,55.79960742,37.40584756,172.460,-4023.335,-41.846,0.54774,0.003757,-0.00271,1133.86,21.7,28.8,29.6,29.8
1135.0,55.79961210,37.40586117,172.459,-4022.481,-41.326,0.54967,0.003650,-0.00272,1134.86,22.3,28.8,29.7,29.9
1136.0,55.79961682,37.40587473,172.458,-4021.630,-40.802,0.55453,0.003574,-0.00274,1135.85,22.8,28.9,29.7,29.8
1137.0,55.79962157,37.40588826,172.457,-4020.780,-40.273,0.55868,0.003497,-0.00277,1136.85,23.3,29.0,29.7,29.8
1138.0,55.79962635,37.40590176,172.455,-4019.934,-39.741,0.56337,0.003415,-0.00281,1137.85,23.8,29.1,29.7,29.8
1139.0,55.79963118,37.40591521,172.454,-4019.090,-39.205,0.56613,0.003353,-0.00285,1138.85,24.3,29.1,29.7,29.8
1140.0,55.79963600,37.40592866,172.452,-4018.246,-38.669,0.56795,0.003344,-0.00290,1139.85,24.8,29.2,29.7,29.8
1141.0,55.79964085,37.40594208,172.450,-4017.404,-38.129,0.57169,0.003403,-0.00294,1140.84,25.2,29.2,29.7,29.8
1142.0,55.79964574,37.40595546,172.447,-4016.564,-37.587,0.57343,0.003511,-0.00299,1141.84,25.6,29.2,29.7,29.8
1143.0,55.79965061,37.40596885,172.444,-4015.723,-37.044,0.57603,0.003625,-0.00303,1142.84,25.9,29.3,29.7,29.8
1144.0,55.79965553,37.40598219,172.440,-4014.886,-36.497,0.58156,0.003711,-0.00307,1143.84,26.3,29.3,29.7,29.8
1145.0,55.79966049,37.40599548,172.436,-4014.052,-35.946,0.58750,0.003779,-0.00310,1144.84,26.7,29.3,29.7,29.8
1146.0,55.79966550,37.40600871,172.431,-4013.222,-35.389,0.59471,0.003897,-0.00313,1145.84,27.0,29.3,29.7,29.8
1147.0,55.79967057,37.40602188,172.426,-4012.396,-34.825,0.59477,0.004154,-0.00314,1146.84,27.2,29.2,29.7,29.8
1148.0,55.79967558,37.40603511,172.421,-4011.565,-34.268,0.59236,0.004603,-0.00315,1147.85,27.5,29.2,29.7,29.8
1149.0,55.79968062,37.40604832,172.416,-4010.736,-33.708,0.59534,0.005215,-0.00314,1148.85,27.8,29.2,29.7,29.8
1150.0,55.79968567,37.40606150,172.410,-4009.909,-33.146,0.60343,0.005896,-0.00312,1149.85,28.0,29.2,29.7,29.8
1151.0,55.79969082,37.40607456,172.405,-4009.090,-32.574,0.61563,0.006543,-0.00309,1150.85,28.2,29.3,29.7,29.8
1152.0,55.79969606,37.40608752,172.400,-4008.277,-31.991,0.62278,0.007094,-0.00305,1151.85,28.5,29.3,29.7,29.8
1153.0,55.79970131,37.40610045,172.396,-4007.465,-31.407,0.62799,0.007541,-0.00299,1152.85,28.7,29.4,29.7,29.7
1154.0,55.79970662,37.40611331,172.392,-4006.658,-30.816,0.63408,0.007895,-0.00293,1153.85,28.9,29.4,29.7,29.7
1155.0,55.79971197,37.40612612,172.388,-4005.854,-30.222,0.64042,0.008149,-0.00286,1154.85,29.1,29.5,29.6,29.7
1156.0,55.79971737,37.40613886,172.385,-4005.054,-29.621,0.65387,0.008265,-0.00278,1155.85,29.1,29.5,29.7,29.8
1157.0,55.79972291,37.40615141,172.382,-4004.266,-29.006,0.66462,0.008189,-0.00270,1156.85,29.1,29.5,29.8,29.9
1158.0,55.79972846,37.40616394,172.380,-4003.480,-28.388,0.66899,0.007877,-0.00262,1157.85,29.1,29.5,29.9,30.0
1159.0,55.79973406,37.40617641,172.378,-4002.698,-27.765,0.68008,0.007319,-0.00254,1158.85,29.1,29.5,30.0,30.1
1160.0,55.79973977,37.40618872,172.377,-4001.925,-27.130,0.68840,0.006541,-0.00246,1159.85,29.1,29.5,30.1,30.1
1161.0,55.79974549,37.40620102,172.376,-4001.153,-26.495,0.69528,0.005615,-0.00238,1160.85,29.1,29.5,30.1,30.2
1162.0,55.79975129,37.40621319,172.375,-4000.389,-25.849,0.70332,0.004647,-0.00231,1161.85,29.1,29.5,30.2,30.2
1163.0,55.79975712,37.40622532,172.374,-3999.628,-25.201,0.70356,0.003755,-0.00225,1162.85,29.1,29.5,30.2,30.3
1164.0,55.79976293,37.40623749,172.373,-3998.864,-24.555,0.70334,0.003034,-0.00219,1163.85,29.1,29.5,30.3,30.3
1165.0,55.79976875,37.40624963,172.372,-3998.102,-23.908,0.70718,0.002531,-0.00214,1164.84,29.1,29.5,30.3,30.4
1166.0,55.79977461,37.40626171,172.371,-3997.344,-23.256,0.70919,0.002236,-0.00210,1165.84,29.1,29.5,30.4,30.4
1167.0,55.79978046,37.40627381,172.370,-3996.585,-22.605,0.70723,0.002106,-0.00207,1166.84,29.1,29.5,30.4,30.5
1168.0,55.79978629,37.40628593,172.369,-3995.824,-21.956,0.71197,0.002095,-0.00204,1167.84,29.1,29.5,30.5,30.5
1169.0,55.79979221,37.40629793,172.368,-3995.070,-21.299,0.71784,0.002173,-0.00203,1168.84,29.2,29.5,30.5,30.6
1170.0,55.79979812,37.40630993,172.366,-3994.317,-20.641,0.71484,0.002337,-0.00202,1169.83,29.2,29.5,30.6,30.7
1171.0,55.79980399,37.40632200,172.364,-3993.560,-19.988,0.71409,0.002596,-0.00202,1170.83,29.2,29.5,30.6,30.7
1172.0,55.79980990,37.40633401,172.362,-3992.806,-19.331,0.72376,0.002954,-0.00202,1171.83,29.2,29.4,30.6,30.6
1173.0,55.79981590,37.40634587,172.360,-3992.061,-18.663,0.72482,0.003389,-0.00203,1172.83,29.1,29.4,30.6,30.6
1174.0,55.79982182,37.40635787,172.358,-3991.309,-18.005,0.72029,0.003856,-0.00205,1173.83,29.1,29.4,30.6,30.6
1175.0,55.79982776,37.40636982,172.355,-3990.558,-17.344,0.72923,0.004313,-0.00206,1174.83,29.1,29.4,30.6,30.6
1176.0,55.79983380,37.40638163,172.352,-3989.817,-16.672,0.73887,0.004751,-0.00208,1175.82,29.1,29.4,30.5,30.6
1177.0,55.79983987,37.40639338,172.350,-3989.080,-15.997,0.74461,0.005212,-0.00210,1176.82,29.0,29.3,30.4,30.5
1178.0,55.79984599,37.40640506,172.347,-3988.347,-15.317,0.74766,0.005759,-0.00212,1177.82,29.0,29.3,30.3,30.4
1179.0,55.79985210,37.40641674,172.345,-3987.613,-14.637,0.74800,0.006407,-0.00214,1178.82,28.9,29.3,30.2,30.4
1180.0,55.79985822,37.40642842,172.342,-3986.880,-13.957,0.74933,0.007084,-0.00216,1179.81,28.9,29.3,30.2,30.3
1181.0,55.79986435,37.40644007,172.340,-3986.149,-13.275,0.76212,0.007647,-0.00218,1180.81,28.7,29.2,30.0,30.1
1182.0,55.79987063,37.40645146,172.338,-3985.434,-12.576,0.78074,0.007955,-0.00220,1181.81,28.6,29.1,29.8,29.9
1183.0,55.79987700,37.40646271,172.336,-3984.728,-11.867,0.78813,0.007951,-0.00221,1182.80,28.4,29.0,29.6,29.7
1184.0,55.79988338,37.40647393,172.334,-3984.023,-11.158,0.79279,0.007679,-0.00223,1183.80,28.3,28.9,29.4,29.5
1185.0,55.79988981,37.40648507,172.332,-3983.324,-10.443,0.80125,0.007256,-0.00224,1184.79,28.1,28.8,29.1,29.2
1186.0,55.79989629,37.40649610,172.330,-3982.632,-9.721,0.80876,0.006805,-0.00224,1185.79,27.8,28.6,28.9,29.0
1187.0,55.79990281,37.40650706,172.328,-3981.944,-8.996,0.81514,0.006411,-0.00225,1186.78,27.5,28.4,28.7,28.8
1188.0,55.79990938,37.40651795,172.326,-3981.260,-8.266,0.81888,0.006102,-0.00225,1187.78,27.2,28.2,28.4,28.6
1189.0,55.79991594,37.40652882,172.324,-3980.577,-7.535,0.82286,0.005860,-0.00225,1188.78,26.9,28.0,28.2,28.3
1190.0,55.79992256,37.40653962,172.321,-3979.900,-6.800,0.83156,0.005648,-0.00224,1189.77,26.6,27.7,28.0,28.1
1191.0,55.79992923,37.40655029,172.319,-3979.230,-6.057,0.83940,0.005429,-0.00223,1190.77,26.4,27.4,27.7,27.8
1192.0,55.79993594,37.40656089,172.316,-3978.564,-5.311,0.84311,0.005177,-0.00222,1191.76,26.2,27.2,27.4,27.5
1193.0,55.79994265,37.40657148,172.313,-3977.900,-4.564,0.84580,0.004883,-0.00221,1192.76,26.0,26.9,27.1,27.2
1194.0,55.79994939,37.40658202,172.310,-3977.238,-3.814,0.85128,0.004549,-0.00219,1193.76,25.7,26.6,26.8,26.9
1195.0,55.79995618,37.40659247,172.307,-3976.582,-3.059,0.85853,0.004195,-0.00217,1194.75,25.5,26.3,26.5,26.6
1196.0,55.79996300,37.40660284,172.304,-3975.931,-2.300,0.86397,0.003866,-0.00215,1195.75,25.4,26.1,26.3,26.4
1197.0,55.79996985,37.40661316,172.301,-3975.283,-1.539,0.86571,0.003619,-0.00213,1196.75,25.3,25.9,26.1,26.2
1198.0,55.79997669,37.40662348,172.299,-3974.635,-0.777,0.86515,0.003503,-0.00211,1197.75,25.1,25.6,25.9,26.0
1199.0,55.79998353,37.40663382,172.296,-3973.986,-0.016,0.86691,0.003534,-0.00209,1198.74,25.0,25.4,25.7,25.9
1200.0,55.79999039,37.40664410,172.294,-3973.340,0.747,0.87355,0.003709,-0.00208,1199.74,24.9,25.2,25.5,25.7
1201.0,55.79999731,37.40665427,172.293,-3972.702,1.517,0.87811,0.004019,-0.00207,1200.74,24.9,25.2,25.5,25.8
1202.0,55.80000423,37.40666444,172.291,-3972.063,2.287,0.88126,0.004460,-0.00206,1201.74,24.9,25.2,25.6,25.8
1203.0,55.80001118,37.40667454,172.290,-3971.429,3.060,0.88552,0.005020,-0.00205,1202.74,24.9,25.3,25.7,25.9
1204.0,55.80001815,37.40668460,172.288,-3970.797,3.835,0.88491,0.005655,-0.00205,1203.74,24.9,25.3,25.7,26.0
1205.0,55.80002509,37.40669472,172.287,-3970.163,4.608,0.89118,0.006283,-0.00206,1204.73,24.9,25.3,25.8,26.1
1206.0,55.80003213,37.40670462,172.286,-3969.540,5.391,0.90286,0.006829,-0.00208,1205.73,24.9,25.3,25.8,26.1
1207.0,55.80003920,37.40671444,172.285,-3968.924,6.178,0.91562,0.007267,-0.00210,1206.73,24.9,25.3,25.9,26.2
1208.0,55.80004638,37.40672403,172.284,-3968.322,6.976,0.92217,0.007632,-0.00214,1207.73,24.8,25.4,26.0,26.3
1209.0,55.80005353,37.40673369,172.282,-3967.716,7.772,0.92251,0.007989,-0.00218,1208.73,24.8,25.4,26.1,26.3
1210.0,55.80006071,37.40674326,172.281,-3967.114,8.571,0.93018,0.008374,-0.00222,1209.73,24.8,25.4,26.2,26.4
1211.0,55.80006794,37.40675272,172.280,-3966.520,9.375,0.94055,0.008774,-0.00228,1210.72,25.0,25.5,26.3,26.5
1212.0,55.80007523,37.40676203,172.278,-3965.936,10.186,0.95228,0.009151,-0.00234,1211.72,25.1,25.6,26.4,26.6
1213.0,55.80008259,37.40677119,172.276,-3965.361,11.005,0.96226,0.009487,-0.00241,1212.72,25.3,25.8,26.6,26.7
1214.0,55.80008998,37.40678024,172.275,-3964.792,11.827,0.97283,0.009801,-0.00248,1213.72,25.4,25.9,26.7,26.8
1215.0,55.80009744,37.40678912,172.272,-3964.235,12.658,0.98144,0.010123,-0.00256,1214.72,25.6,26.0,26.8,26.9
1216.0,55.80010492,37.40679794,172.270,-3963.681,13.490,0.98721,0.010445,-0.00264,1215.71,25.9,26.3,27.1,27.2
1217.0,55.80011244,37.40680667,172.267,-3963.133,14.327,0.99766,0.010689,-0.00272,1216.71,26.2,26.6,27.3,27.4
1218.0,55.80012002,37.40681521,172.265,-3962.596,15.170,1.01184,0.010732,-0.00280,1217.71,26.5,26.8,27.5,27.7
1219.0,55.80012768,37.40682355,172.262,-3962.072,16.022,1.02675,0.010466,-0.00288,1218.71,26.7,27.1,27.8,27.9
1220.0,55.80013540,37.40683169,172.258,-3961.561,16.882,1.03969,0.009864,-0.00296,1219.71,27.0,27.4,28.0,28.1
1221.0,55.80014317,37.40683968,172.255,-3961.059,17.747,1.05107,0.009004,-0.00303,1220.71,27.3,27.7,28.3,28.5
1222.0,55.80015100,37.40684751,172.251,-3960.568,18.617,1.05844,0.008042,-0.00310,1221.71,27.7,28.1,28.7,28.8
1223.0,55.80015884,37.40685529,172.247,-3960.079,19.490,1.06295,0.007150,-0.00316,1222.71,28.0,28.4,29.0,29.1
1224.0,55.80016670,37.40686299,172.243,-3959.595,20.365,1.06874,0.006456,-0.00322,1223.71,28.3,28.8,29.3,29.4
1225.0,55.80017459,37.40687061,172.238,-3959.116,21.243,1.07238,0.006021,-0.00327,1224.71,28.6,29.1,29.7,29.8
1226.0,55.80018249,37.40687821,172.234,-3958.639,22.122,1.07668,0.005856,-0.00331,1225.71,28.9,29.5,30.0,30.1
1227.0,55.80019042,37.40688571,172.230,-3958.168,23.004,1.08537,0.005946,-0.00334,1226.71,29.3,29.8,30.3,30.4
1228.0,55.80019839,37.40689306,172.225,-3957.706,23.891,1.09174,0.006269,-0.00336,1227.71,29.6,30.1,30.7,30.8
1229.0,55.80020636,37.40690038,172.221,-3957.246,24.779,1.09299,0.006790,-0.00338,1228.71,29.9,30.5,31.0,31.1
1230.0,55.80021434,37.40690770,172.218,-3956.786,25.667,1.09611,0.007441,-0.00339,1229.71,30.3,30.8,31.4,31.4
1231.0,55.80022235,37.40691493,172.214,-3956.332,26.557,1.10671,0.008115,-0.00339,1230.71,30.6,31.1,31.7,31.8
1232.0,55.80023042,37.40692195,172.210,-3955.891,27.455,1.12166,0.008683,-0.00339,1231.71,30.9,31.4,32.0,32.1
1233.0,55.80023854,37.40692875,172.207,-3955.463,28.359,1.12895,0.009014,-0.00338,1232.71,31.2,31.7,32.3,32.5
1234.0,55.80024666,37.40693556,172.203,-3955.036,29.263,1.13340,0.009000,-0.00337,1233.71,31.5,32.0,32.6,32.8
1235.0,55.80025482,37.40694223,172.200,-3954.616,30.171,1.14982,0.008582,-0.00336,1234.71,31.8,32.2,32.9,33.1
1236.0,55.80026306,37.40694856,172.197,-3954.218,31.088,1.16223,0.007787,-0.00334,1235.71,32.1,32.6,33.3,33.5
1237.0,55.80027131,37.40695488,172.193,-3953.822,32.006,1.17009,0.006758,-0.00332,1236.70,32.4,32.9,33.6,33.8
1238.0,55.80027961,37.40696098,172.190,-3953.438,32.930,1.17954,0.005730,-0.00330,1237.70,32.7,33.2,33.9,34.1
1239.0,55.80028792,37.40696701,172.187,-3953.059,33.855,1.18061,0.004957,-0.00328,1238.70,33.0,33.5,34.3,34.4
1240.0,55.80029623,37.40697308,172.184,-3952.678,34.779,1.17672,0.004591,-0.00326,1239.70,33.3,33.8,34.6,34.7
1241.0,55.80030451,37.40697923,172.181,-3952.291,35.702,1.17467,0.004593,-0.00325,1240.70,33.5,34.1,34.9,35.0
1242.0,55.80031280,37.40698536,172.178,-3951.906,36.625,1.18044,0.004741,-0.00323,1241.70,33.7,34.4,35.2,35.3
1243.0,55.80032113,37.40699134,172.175,-3951.530,37.551,1.19082,0.004726,-0.00322,1242.70,33.9,34.7,35.5,35.6
1244.0,55.80032949,37.40699716,172.172,-3951.164,38.482,1.20369,0.004305,-0.00322,1243.69,34.1,35.0,35.8,35.9
1245.0,55.80033790,37.40700276,172.170,-3950.812,39.418,1.21141,0.003403,-0.00321,1244.69,34.3,35.3,36.1,36.2
1246.0,55.80034631,37.40700835,172.167,-3950.461,40.354,1.21310,0.002133,-0.00322,1245.69,34.5,35.6,36.3,36.4
1247.0,55.80035473,37.40701390,172.164,-3950.112,41.291,1.21282,0.000724,-0.00322,1246.69,34.7,35.9,36.6,36.7
1248.0,55.80036314,37.40701949,172.161,-3949.760,42.227,1.21131,-0.000573,-0.00324,1247.69,34.9,36.2,36.9,37.0
1249.0,55.80037155,37.40702509,172.158,-3949.408,43.163,1.20820,-0.001555,-0.00325,1248.69,35.0,36.5,37.2,37.3
1250.0,55.80037995,37.40703078,172.155,-3949.051,44.097,1.20393,-0.002104,-0.00328,1249.69,35.2,36.7,37.4,37.5
1251.0,55.80038833,37.40703650,172.152,-3948.691,45.030,1.19978,-0.002189,-0.00330,1250.69,35.4,37.0,37.7,37.8
1252.0,55.80039669,37.40704231,172.149,-3948.325,45.961,1.19453,-0.001860,-0.00334,1251.69,35.5,37.2,37.9,38.1
1253.0,55.80040504,37.40704819,172.146,-3947.956,46.890,1.19146,-0.001237,-0.00338,1252.69,35.6,37.5,38.2,38.4
1254.0,55.80041338,37.40705410,172.142,-3947.585,47.819,1.18955,-0.000489,-0.00342,1253.69,35.8,37.7,38.4,38.6
1255.0,55.80042172,37.40706003,172.139,-3947.212,48.747,1.19165,0.000208,-0.00347,1254.69,35.9,37.9,38.6,38.9
1256.0,55.80043008,37.40706587,172.135,-3946.845,49.677,1.19529,0.000712,-0.00353,1255.69,36.0,38.2,38.9,39.1
1257.0,55.80043844,37.40707170,172.132,-3946.478,50.607,1.19773,0.000952,-0.00359,1256.69,36.1,38.4,39.1,39.4
1258.0,55.80044681,37.40707747,172.129,-3946.116,51.539,1.20070,0.000937,-0.00365,1257.69,36.2,38.6,39.4,39.6
1259.0,55.80045519,37.40708321,172.125,-3945.755,52.472,1.20109,0.000734,-0.00372,1258.69,36.3,38.8,39.6,39.8
1260.0,55.80046357,37.40708897,172.122,-3945.393,53.404,1.20102,0.000435,-0.00379,1259.69,36.4,39.1,39.9,40.0
1261.0,55.80047195,37.40709471,172.119,-3945.032,54.337,1.20093,0.000125,-0.00387,1260.69,36.5,39.3,40.0,40.2
1262.0,55.80048032,37.40710047,172.116,-3944.670,55.269,1.20115,-0.000133,-0.00395,1261.69,36.6,39.5,40.2,40.4
1263.0,55.80048870,37.40710620,172.112,-3944.310,56.202,1.20067,-0.000300,-0.00404,1262.69,36.7,39.7,40.4,40.6
1264.0,55.80049707,37.40711198,172.109,-3943.947,57.133,1.19888,-0.000361,-0.00412,1263.69,36.7,39.9,40.6,40.7
1265.0,55.80050544,37.40711776,172.105,-3943.583,58.065,1.19846,-0.000329,-0.00421,1264.69,36.8,40.1,40.8,40.9
1266.0,55.80051381,37.40712355,172.101,-3943.219,58.996,1.19706,-0.000238,-0.00429,1265.69,36.8,40.3,41.0,41.1
1267.0,55.80052217,37.40712938,172.097,-3942.853,59.927,1.19620,-0.000135,-0.00438,1266.69,36.9,40.5,41.2,41.4
1268.0,55.80053054,37.40713519,172.092,-3942.487,60.858,1.19841,-0.000066,-0.00446,1267.69,36.9,40.7,41.3,41.6
1269.0,55.80053891,37.40714095,172.088,-3942.125,61.790,1.20025,-0.000059,-0.00454,1268.69,36.9,40.9,41.5,41.8
1270.0,55.80054729,37.40714671,172.083,-3941.763,62.722,1.19917,-0.000120,-0.00462,1269.69,36.9,41.1,41.7,42.0
1271.0,55.80055565,37.40715251,172.078,-3941.399,63.653,1.19750,-0.000238,-0.00470,1270.69,36.9,41.2,41.9,42.2
1272.0,55.80056402,37.40715832,172.072,-3941.034,64.584,1.19622,-0.000385,-0.00476,1271.69,36.8,41.4,42.0,42.3
1273.0,55.80057238,37.40716415,172.067,-3940.667,65.515,1.20013,-0.000517,-0.00483,1272.69,36.8,41.5,42.1,42.4
1274.0,55.80058077,37.40716984,172.061,-3940.309,66.448,1.20144,-0.000584,-0.00489,1273.69,36.8,41.6,42.3,42.6
1275.0,55.80058913,37.40717564,172.055,-3939.945,67.380,1.19444,-0.000543,-0.00494,1274.69,36.7,41.8,42.4,42.7
1276.0,55.80059748,37.40718154,172.049,-3939.574,68.308,1.19037,-0.000394,-0.00498,1275.69,36.6,41.9,42.5,42.8
1277.0,55.80060582,37.40718745,172.043,-3939.202,69.237,1.19221,-0.000174,-0.00502,1276.69,36.4,42.0,42.6,42.9
1278.0,55.80061418,37.40719330,172.037,-3938.835,70.167,1.19667,0.000061,-0.00505,1277.68,36.2,42.1,42.7,43.0
1279.0,55.80062255,37.40719908,172.032,-3938.471,71.098,1.19596,0.000266,-0.00508,1278.68,36.0,42.2,42.8,43.1
1280.0,55.80063090,37.40720495,172.026,-3938.103,72.028,1.19495,0.000430,-0.00510,1279.68,35.8,42.3,42.9,43.2
1281.0,55.80063926,37.40721076,172.020,-3937.737,72.959,1.19649,0.000556,-0.00511,1280.68,35.6,42.4,43.0,43.3
1282.0,55.80064762,37.40721658,172.015,-3937.371,73.889,1.19544,0.000640,-0.00513,1281.68,35.3,42.5,43.0,43.3
1283.0,55.80065598,37.40722242,172.010,-3937.004,74.820,1.19559,0.000656,-0.00513,1282.68,35.1,42.6,43.1,43.4
1284.0,55.80066434,37.40722824,172.005,-3936.638,75.750,1.19846,0.000573,-0.00514,1283.68,34.9,42.7,43.1,43.5
1285.0,55.80067272,37.40723400,172.000,-3936.276,76.683,1.20157,0.000383,-0.00514,1284.68,34.6,42.9,43.2,43.6
1286.0,55.80068110,37.40723972,171.995,-3935.917,77.616,1.20187,0.000121,-0.00514,1285.68,34.4,42.9,43.3,43.6
1287.0,55.80068948,37.40724547,171.991,-3935.555,78.548,1.20084,-0.000135,-0.00514,1286.67,34.1,43.0,43.4,43.7
1288.0,55.80069786,37.40725122,171.986,-3935.193,79.480,1.20004,-0.000300,-0.00514,1287.67,33.9,43.1,43.4,43.8
1289.0,55.80070623,37.40725700,171.982,-3934.831,80.412,1.19758,-0.000316,-0.00514,1288.67,33.7,43.2,43.5,43.8
1290.0,55.80071459,37.40726283,171.977,-3934.464,81.343,1.19524,-0.000180,-0.00514,1289.67,33.4,43.3,43.6,43.9
1291.0,55.80072295,37.40726867,171.972,-3934.097,82.273,1.19611,0.000058,-0.00514,1290.67,33.1,43.3,43.7,43.9
1292.0,55.80073131,37.40727447,171.967,-3933.732,83.204,1.19583,0.000311,-0.00514,1291.67,32.8,43.4,43.7,44.0
1293.0,55.80073967,37.40728032,171.963,-3933.365,84.134,1.19755,0.000488,-0.00513,1292.67,32.5,43.4,43.8,44.0
1294.0,55.80074804,37.40728607,171.957,-3933.003,85.066,1.20072,0.000526,-0.00513,1293.67,32.2,43.5,43.9,44.1
1295.0,55.80075642,37.40729183,171.952,-3932.641,85.998,1.20009,0.000408,-0.00512,1294.67,31.9,43.5,43.9,44.1
1296.0,55.80076479,37.40729760,171.947,-3932.278,86.930,1.20082,0.000166,-0.00512,1295.67,31.6,43.5,43.9,44.1
1297.0,55.80077317,37.40730333,171.941,-3931.918,87.863,1.20415,-0.000129,-0.00511,1296.67,31.3,43.5,43.9,44.1
1298.0,55.80078157,37.40730900,171.935,-3931.561,88.797,1.20423,-0.000397,-0.00510,1297.67,31.0,43.5,44.0,44.1
1299.0,55.80078995,37.40731474,171.930,-3931.201,89.730,1.19637,-0.000574,-0.00508,1298.67,30.7,43.5,44.0,44.0
1300.0,55.80079829,37.40732064,171.924,-3930.830,90.659,1.19529,-0.000639,-0.00507,1299.67,30.4,43.5,44.0,44.0
1301.0,55.80080667,37.40732641,171.918,-3930.468,91.591,1.19926,-0.000601,-0.00505,1300.67,30.1,43.5,43.9,44.0
1302.0,55.80081504,37.40733219,171.913,-3930.104,92.522,1.19772,-0.000480,-0.00503,1301.67,29.9,43.4,43.9,44.1
1303.0,55.80082340,37.40733800,171.907,-3929.739,93.453,1.19763,-0.000292,-0.00500,1302.67,29.6,43.4,43.8,44.1
1304.0,55.80083177,37.40734379,171.902,-3929.375,94.385,1.19391,-0.000052,-0.00498,1303.67,29.3,43.3,43.8,44.1
1305.0,55.80084011,37.40734971,171.896,-3929.003,95.313,1.19443,0.000208,-0.00495,1304.67,29.0,43.3,43.7,44.1
1306.0,55.80084848,37.40735549,171.891,-3928.640,96.245,1.19627,0.000426,-0.00493,1305.67,28.8,43.1,43.6,44.1
1307.0,55.80085683,37.40736135,171.887,-3928.271,97.174,1.19511,0.000536,-0.00490,1306.67,28.5,42.8,43.5,44.1
1308.0,55.80086520,37.40736716,171.882,-3927.906,98.105,1.19951,0.000488,-0.00488,1307.67,28.2,42.6,43.4,44.1
1309.0,55.80087358,37.40737290,171.877,-3927.545,99.038,1.20236,0.000290,-0.00485,1308.67,27.9,42.4,43.2,44.0
1310.0,55.80088196,37.40737862,171.873,-3927.186,99.971,1.20178,0.000007,-0.00483,1309.67,27.6,42.2,43.1,44.0
1311.0,55.80089034,37.40738437,171.868,-3926.824,100.903,1.20062,-0.000259,-0.00481,1310.67,27.3,41.9,42.9,43.9
1312.0,55.80089871,37.40739013,171.864,-3926.462,101.835,1.19921,-0.000411,-0.00480,1311.67,27.0,41.7,42.6,43.8
1313.0,55.80090708,37.40739593,171.860,-3926.098,102.767,1.19580,-0.000395,-0.00479,1312.67,26.7,41.5,42.4,43.7
1314.0,55.80091543,37.40740178,171.855,-3925.729,103.696,1.19609,-0.000222,-0.00478,1313.67,26.4,41.3,42.2,43.6
1315.0,55.80092380,37.40740757,171.851,-3925.366,104.628,1.19514,0.000040,-0.00478,1314.67,26.1,41.1,41.9,43.4
1316.0,55.80093215,37.40741346,171.847,-3924.996,105.557,1.19380,0.000292,-0.00478,1315.67,25.9,40.8,41.7,43.3
1317.0,55.80094051,37.40741928,171.843,-3924.630,106.487,1.19806,0.000440,-0.00479,1316.67,25.6,40.6,41.5,43.1
1318.0,55.80094889,37.40742504,171.838,-3924.267,107.420,1.20044,0.000433,-0.00481,1317.67,25.4,40.3,41.3,42.9
1319.0,55.80095726,37.40743080,171.834,-3923.906,108.352,1.20072,0.000275,-0.00483,1318.67,25.1,40.1,41.2,42.7
1320.0,55.80096564,37.40743655,171.830,-3923.544,109.284,1.20139,0.000014,-0.00486,1319.67,24.9,39.9,41.0,42.5
1321.0,55.80097402,37.40744229,171.825,-3923.183,110.217,1.20050,-0.000275,-0.00488,1320.67,24.5,39.6,40.8,42.3
1322.0,55.80098239,37.40744807,171.821,-3922.820,111.149,1.19855,-0.000514,-0.00492,1321.67,24.1,39.4,40.6,42.1
1323.0,55.80099076,37.40745386,171.816,-3922.456,112.080,1.19880,-0.000642,-0.00495,1322.67,23.7,39.1,40.4,41.8
1324.0,55.80099913,37.40745963,171.812,-3922.093,113.012,1.19861,-0.000615,-0.00499,1323.67,23.3,38.9,40.2,41.6
1325.0,55.80100750,37.40746543,171.807,-3921.729,113.943,1.19517,-0.000423,-0.00503,1324.67,23.0,38.7,40.0,41.4
1326.0,55.80101585,37.40747130,171.802,-3921.360,114.872,1.19208,-0.000103,-0.00507,1325.67,22.6,38.4,39.8,41.2
1327.0,55.80102419,37.40747719,171.797,-3920.989,115.801,1.19325,0.000266,-0.00511,1326.67,22.3,38.2,39.6,41.0
1328.0,55.80103255,37.40748303,171.792,-3920.622,116.732,1.19570,0.000578,-0.00514,1327.67,22.0,37.9,39.4,40.9
1329.0,55.80104091,37.40748885,171.786,-3920.257,117.662,1.19642,0.000728,-0.00517,1328.67,21.7,37.7,39.2,40.7
1330.0,55.80104928,37.40749467,171.781,-3919.891,118.593,1.19874,0.000659,-0.00520,1329.67,21.4,37.5,39.0,40.5
1331.0,55.80105765,37.40750042,171.775,-3919.530,119.525,1.20247,0.000385,-0.00522,1330.67,21.5,37.2,38.8,40.3
1332.0,55.80106604,37.40750612,171.769,-3919.171,120.459,1.20368,-0.000006,-0.00523,1331.68,21.5,36.8,38.6,40.1
1333.0,55.80107443,37.40751184,171.763,-3918.812,121.392,1.20218,-0.000379,-0.00524,1332.68,21.6,36.5,38.3,39.9
1334.0,55.80108280,37.40751759,171.757,-3918.450,122.325,1.19956,-0.000602,-0.00524,1333.68,21.7,36.2,38.1,39.6
1335.0,55.80109117,37.40752338,171.750,-3918.086,123.256,1.19661,-0.000603,-0.00523,1334.68,21.7,35.9,37.9,39.4
1336.0,55.80109953,37.40752922,171.744,-3917.719,124.186,1.19261,-0.000398,-0.00522,1335.68,21.7,35.6,37.7,39.2
1337.0,55.80110787,37.40753513,171.738,-3917.348,125.115,1.19263,-0.000076,-0.00520,1336.69,21.7,35.4,37.4,38.9
1338.0,55.80111623,37.40754097,171.732,-3916.981,126.045,1.19556,0.000243,-0.00517,1337.69,21.7,35.1,37.2,38.7
1339.0,55.80112459,37.40754679,171.726,-3916.615,126.975,1.19798,0.000465,-0.00514,1338.69,21.7,34.8,37.0,38.5
1340.0,55.80113296,37.40755256,171.720,-3916.252,127.907,1.20005,0.000552,-0.00510,1339.69,21.7,34.5,36.7,38.2
1341.0,55.80114134,37.40755832,171.715,-3915.890,128.840,1.19923,0.000515,-0.00505,1340.69,21.4,34.3,36.4,38.0
1342.0,55.80114971,37.40756411,171.709,-3915.526,129.771,1.19825,0.000385,-0.00501,1341.70,21.2,34.1,36.2,37.7
1343.0,55.80115808,37.40756990,171.704,-3915.162,130.702,1.19947,0.000190,-0.00496,1342.70,20.9,33.9,35.9,37.5
1344.0,55.80116645,37.40757565,171.699,-3914.800,131.635,1.20141,-0.000048,-0.00491,1343.70,20.7,33.7,35.7,37.2
1345.0,55.80117483,37.40758139,171.695,-3914.440,132.567,1.20101,-0.000302,-0.00486,1344.70,20.4,33.5,35.4,37.0
1346.0,55.80118321,37.40758715,171.690,-3914.078,133.499,1.19985,-0.000528,-0.00481,1345.70,19.7,33.2,35.1,36.7
1347.0,55.80119158,37.40759292,171.686,-3913.715,134.431,1.19925,-0.000655,-0.00476,1346.70,18.9,32.9,34.9,36.5
1348.0,55.80119995,37.40759870,171.682,-3913.351,135.363,1.19850,-0.000617,-0.00472,1347.70,18.2,32.6,34.6,36.3
1349.0,55.80120832,37.40760449,171.678,-3912.988,136.294,1.19603,-0.000377,-0.00468,1348.70,17.4,32.3,34.4,36.0
1350.0,55.80121667,37.40761035,171.674,-3912.619,137.224,1.19245,0.000031,-0.00465,1349.70,16.7,32.1,34.1,35.8
1351.0,55.80122502,37.40761625,171.670,-3912.249,138.153,1.19105,0.000492,-0.00462,1350.70,16.4,31.8,33.9,35.5
1352.0,55.80123336,37.40762215,171.666,-3911.878,139.082,1.19334,0.000849,-0.00460,1351.70,16.2,31.6,33.6,35.3
1353.0,55.80124172,37.40762797,171.662,-3911.512,140.012,1.19868,0.000965,-0.00459,1352.70,16.0,31.4,33.3,35.1
1354.0,55.80125010,37.40763372,171.659,-3911.151,140.945,1.20439,0.000793,-0.00458,1353.70,15.7,31.2,33.1,34.8
1355.0,55.80125850,37.40763937,171.655,-3910.795,141.879,1.20706,0.000405,-0.00458,1354.71,15.5,31.0,32.8,34.6
1356.0,55.80126690,37.40764503,171.651,-3910.439,142.814,1.20425,-0.000047,-0.00459,1355.71,15.9,30.8,32.7,34.3
1357.0,55.80127528,37.40765078,171.647,-3910.078,143.747,1.20031,-0.000413,-0.00460,1356.71,16.4,30.7,32.5,34.1
1358.0,55.80128365,37.40765655,171.643,-3909.715,144.678,1.19780,-0.000612,-0.00461,1357.71,16.9,30.6,32.4,33.8
1359.0,55.80129201,37.40766237,171.638,-3909.350,145.609,1.19619,-0.000659,-0.00463,1358.71,17.3,30.4,32.2,33.5
1360.0,55.80130037,37.40766820,171.634,-3908.983,146.540,1.19717,-0.000626,-0.00465,1359.71,17.8,30.3,32.1,33.3
1361.0,55.80130874,37.40767398,171.630,-3908.620,147.471,1.19844,-0.000586,-0.00467,1360.71,18.4,30.3,31.9,33.0
1362.0,55.80131711,37.40767977,171.625,-3908.256,148.403,1.19890,-0.000560,-0.00469,1361.71,19.0,30.3,31.8,32.7
1363.0,55.80132548,37.40768555,171.620,-3907.893,149.334,1.19818,-0.000515,-0.00470,1362.71,19.6,30.3,31.6,32.4
1364.0,55.80133385,37.40769136,171.615,-3907.528,150.265,1.19567,-0.000400,-0.00472,1363.71,20.3,30.3,31.5,32.2
1365.0,55.80134220,37.40769720,171.610,-3907.160,151.195,1.19340,-0.000188,-0.00473,1364.71,20.9,30.3,31.4,31.9
1366.0,55.80135055,37.40770308,171.604,-3906.791,152.125,1.19184,0.000089,-0.00473,1365.72,21.1,30.4,31.3,31.8
1367.0,55.80135890,37.40770898,171.599,-3906.420,153.053,1.19302,0.000354,-0.00473,1366.72,21.4,30.4,31.2,31.6
1368.0,55.80136725,37.40771482,171.593,-3906.053,153.983,1.19693,0.000520,-0.00471,1367.72,21.6,30.4,31.1,31.5
1369.0,55.80137562,37.40772060,171.587,-3905.690,154.915,1.19793,0.000543,-0.00470,1368.72,21.9,30.4,31.0,31.4
1370.0,55.80138399,37.40772641,171.582,-3905.324,155.846,1.19910,0.000436,-0.00467,1369.72,22.1,30.4,30.9,31.3
1371.0,55.80139237,37.40773215,171.576,-3904.963,156.779,1.20115,0.000266,-0.00463,1370.72,22.2,30.4,30.9,31.3
1372.0,55.80140074,37.40773790,171.570,-3904.602,157.711,1.19918,0.000116,-0.00459,1371.72,22.2,30.4,30.9,31.3
1373.0,55.80140911,37.40774371,171.565,-3904.237,158.642,1.19680,0.000038,-0.00454,1372.72,22.3,30.3,30.9,31.3
1374.0,55.80141747,37.40774953,171.560,-3903.871,159.573,1.19613,0.000035,-0.00448,1373.73,22.3,30.3,30.9,31.3
1375.0,55.80142583,37.40775535,171.554,-3903.505,160.503,1.19671,0.000065,-0.00441,1374.73,22.4,30.2,30.9,31.3
1376.0,55.80143420,37.40776116,171.550,-3903.140,161.434,1.19883,0.000075,-0.00434,1375.73,22.6,30.3,30.9,31.2
1377.0,55.80144257,37.40776692,171.545,-3902.778,162.367,1.19923,0.000038,-0.00427,1376.73,22.9,30.3,30.9,31.2
1378.0,55.80145094,37.40777271,171.541,-3902.414,163.298,1.19936,-0.000033,-0.00419,1377.73,23.1,30.3,30.9,31.1
1379.0,55.80145932,37.40777846,171.536,-3902.052,164.230,1.20077,-0.000097,-0.00411,1378.73,23.4,30.4,30.9,31.1
1380.0,55.80146769,37.40778422,171.532,-3901.691,165.163,1.19797,-0.000117,-0.00402,1379.73,23.6,30.4,30.9,31.0
1381.0,55.80147605,37.40779005,171.529,-3901.324,166.093,1.19465,-0.000090,-0.00394,1380.73,23.8,30.4,30.9,31.0
1382.0,55.80148441,37.40779590,171.525,-3900.956,167.023,1.19555,-0.000042,-0.00386,1381.73,23.9,30.3,30.9,31.0
1383.0,55.80149277,37.40780172,171.522,-3900.591,167.954,1.19950,-0.000009,-0.00379,1382.73,24.1,30.3,30.9,31.0
1384.0,55.80150115,37.40780745,171.519,-3900.230,168.886,1.20030,-0.000004,-0.00371,1383.73,24.2,30.3,30.9,31.0
1385.0,55.80150952,37.40781324,171.516,-3899.867,169.818,1.19852,-0.000010,-0.00364,1384.73,24.4,30.3,30.9,31.0
1386.0,55.80151789,37.40781902,171.513,-3899.503,170.749,1.19724,0.000009,-0.00358,1385.73,24.1,30.2,30.9,31.0
1387.0,55.80152625,37.40782485,171.510,-3899.137,171.680,1.19585,0.000073,-0.00353,1386.73,23.8,30.1,30.9,31.0
1388.0,55.80153461,37.40783067,171.508,-3898.771,172.611,1.19764,0.000177,-0.00348,1387.73,23.5,30.0,30.9,30.9
1389.0,55.80154299,37.40783645,171.505,-3898.408,173.542,1.19889,0.000285,-0.00344,1388.73,23.3,29.9,30.9,30.9
1390.0,55.80155135,37.40784224,171.502,-3898.044,174.474,1.19673,0.000347,-0.00341,1389.72,23.0,29.7,30.8,30.9
1391.0,55.80155971,37.40784807,171.499,-3897.677,175.404,1.19734,0.000318,-0.00338,1390.72,22.4,29.5,30.7,30.8
1392.0,55.80156808,37.40785385,171.496,-3897.314,176.336,1.20161,0.000177,-0.00337,1391.72,21.9,29.3,30.5,30.7
1393.0,55.80157647,37.40785956,171.493,-3896.955,177.269,1.20271,-0.000059,-0.00336,1392.72,21.4,29.1,30.3,30.6
1394.0,55.80158485,37.40786529,171.490,-3896.594,178.202,1.20063,-0.000330,-0.00336,1393.72,20.8,28.8,30.2,30.4
1395.0,55.80159322,37.40787107,171.487,-3896.232,179.134,1.19906,-0.000550,-0.00336,1394.72,20.3,28.6,30.0,30.3
1396.0,55.80160159,37.40787685,171.484,-3895.868,180.065,1.20007,-0.000637,-0.00338,1395.72,20.4,28.3,29.6,30.0
1397.0,55.80160997,37.40788259,171.481,-3895.507,180.998,1.19783,-0.000555,-0.00340,1396.71,20.4,28.0,29.3,29.6
1398.0,55.80161833,37.40788845,171.478,-3895.139,181.928,1.19243,-0.000332,-0.00343,1397.71,20.5,27.6,29.0,29.3
1399.0,55.80162667,37.40789435,171.474,-3894.768,182.856,1.19128,-0.000061,-0.00346,1398.71,20.6,27.3,28.6,28.9
1400.0,55.80163502,37.40790023,171.471,-3894.398,183.786,1.19470,0.000141,-0.00350,1399.71,20.6,27.0,28.3,28.6
1401.0,55.80164338,37.40790604,171.468,-3894.034,184.717,1.20057,0.000195,-0.00354,1400.71,20.9,26.7,28.0,28.2
1402.0,55.80165177,37.40791175,171.465,-3893.675,185.650,1.20014,0.000101,-0.00359,1401.71,21.1,26.4,27.6,27.9
1403.0,55.80166013,37.40791756,171.461,-3893.309,186.581,1.19904,-0.000061,-0.00365,1402.71,21.3,26.1,27.3,27.5
1404.0,55.80166851,37.40792331,171.458,-3892.948,187.513,1.20022,-0.000183,-0.00371,1403.71,21.5,25.7,26.9,27.1
1405.0,55.80167688,37.40792908,171.454,-3892.585,188.445,1.19402,-0.000186,-0.00378,1404.71,21.7,25.4,26.6,26.8
1406.0,55.80168522,37.40793501,171.451,-3892.212,189.373,1.19201,-0.000050,-0.00385,1405.71,21.6,25.1,26.2,26.4
1407.0,55.80169358,37.40794085,171.447,-3891.845,190.303,1.19622,0.000190,-0.00393,1406.71,21.6,24.7,25.8,26.0
1408.0,55.80170194,37.40794665,171.443,-3891.481,191.234,1.19754,0.000479,-0.00401,1407.71,21.5,24.4,25.4,25.6
1409.0,55.80171031,37.40795245,171.439,-3891.116,192.166,1.19730,0.000765,-0.00409,1408.71,21.5,24.1,25.0,25.3
1410.0,55.80171868,37.40795826,171.435,-3890.751,193.097,1.19651,0.000997,-0.00419,1409.71,21.4,23.7,24.6,24.9
1411.0,55.80172704,37.40796409,171.431,-3890.385,194.027,1.19623,0.001119,-0.00428,1410.71,21.0,23.3,24.2,24.5
1412.0,55.80173540,37.40796991,171.427,-3890.019,194.958,1.20116,0.001067,-0.00439,1411.71,20.6,22.9,23.9,24.2
1413.0,55.80174379,37.40797558,171.422,-3889.662,195.892,1.20524,0.000801,-0.00449,1412.71,20.2,22.5,23.5,23.8
1414.0,55.80175218,37.40798128,171.418,-3889.304,196.826,1.20455,0.000334,-0.00461,1413.71,19.8,22.2,23.1,23.5
1415.0,55.80176057,37.40798698,171.414,-3888.946,197.759,1.20672,-0.000243,-0.00473,1414.71,19.4,21.8,22.7,23.1
1416.0,55.80176897,37.40799261,171.410,-3888.592,198.695,1.20790,-0.000781,-0.00485,1415.71,19.2,21.4,22.3,22.7
1417.0,55.80177737,37.40799827,171.406,-3888.236,199.629,1.20429,-0.001113,-0.00498,1416.71,19.1,21.0,21.9,22.2
1418.0,55.80178575,37.40800401,171.401,-3887.875,200.562,1.19790,-0.001133,-0.00511,1417.71,19.0,20.6,21.5,21.8
1419.0,55.80179410,37.40800986,171.397,-3887.507,201.492,1.19305,-0.000843,-0.00525,1418.71,18.8,20.2,21.1,21.3
1420.0,55.80180245,37.40801575,171.392,-3887.138,202.421,1.19179,-0.000361,-0.00539,1419.71,18.7,19.8,20.6,20.9
1421.0,55.80181080,37.40802164,171.387,-3886.767,203.350,1.19353,0.000124,-0.00554,1420.71,18.3,19.4,20.2,20.5
1422.0,55.80181916,37.40802747,171.381,-3886.401,204.280,1.19808,0.000439,-0.00568,1421.71,18.0,18.9,19.7,20.0
1423.0,55.80182753,37.40803322,171.376,-3886.039,205.212,1.20168,0.000503,-0.00583,1422.71,17.6,18.5,19.3,19.6
1424.0,55.80183592,37.40803895,171.370,-3885.679,206.145,1.20273,0.000350,-0.00598,1423.71,17.2,18.1,18.8,19.2
1425.0,55.80184430,37.40804467,171.364,-3885.319,207.078,1.20369,0.000099,-0.00613,1424.71,16.8,17.6,18.3,18.8
1426.0,55.80185269,37.40805037,171.358,-3884.961,208.012,1.20045,-0.000116,-0.00628,1425.71,16.4,17.2,17.9,18.3
1427.0,55.80186105,37.40805619,171.351,-3884.596,208.943,1.19602,-0.000208,-0.00642,1426.71,16.0,16.8,17.5,17.9
1428.0,55.80186941,37.40806202,171.344,-3884.229,209.873,1.19761,-0.000167,-0.00657,1427.71,15.5,16.3,17.1,17.5
1429.0,55.80187778,37.40806779,171.337,-3883.866,210.805,1.19902,-0.000043,-0.00671,1428.72,15.1,15.9,16.7,17.1
1430.0,55.80188615,37.40807357,171.330,-3883.503,211.737,1.19769,0.000087,-0.00684,1429.72,14.7,15.5,16.3,16.7
1431.0,55.80189452,37.40807939,171.322,-3883.137,212.668,1.19738,0.000162,-0.00697,1430.72,14.1,14.9,15.7,16.2
1432.0,55.80190288,37.40808518,171.315,-3882.773,213.599,1.20026,0.000165,-0.00710,1431.72,13.5,14.3,15.1,15.8
1433.0,55.80191127,37.40809091,171.307,-3882.413,214.532,1.20262,0.000125,-0.00722,1432.72,12.8,13.7,14.5,15.4
1434.0,55.80191965,37.40809663,171.299,-3882.053,215.465,1.20148,0.000094,-0.00734,1433.72,12.2,13.1,13.9,14.9
1435.0,55.80192802,37.40810240,171.291,-3881.691,216.397,1.19826,0.000112,-0.00745,1434.72,11.6,12.6,13.3,14.5
1436.0,55.80193639,37.40810822,171.283,-3881.325,217.328,1.19589,0.000174,-0.00755,1435.72,10.8,11.7,12.5,13.8
1437.0,55.80194475,37.40811405,171.275,-3880.959,218.258,1.19813,0.000238,-0.00765,1436.72,10.0,10.8,11.6,13.0
1438.0,55.80195312,37.40811980,171.267,-3880.597,219.190,1.20203,0.000255,-0.00775,1437.72,9.1,9.9,10.7,12.3
1439.0,55.80196151,37.40812552,171.259,-3880.238,220.124,1.20263,0.000212,-0.00785,1438.72,8.3,9.0,9.8,11.6
1440.0,55.80196989,37.40813125,171.251,-3879.877,221.056,1.20179,0.000142,-0.00794,1439.73,7.5,8.1,9.0,10.9
1441.0,55.80197827,37.40813699,171.242,-3879.517,221.989,1.20181,0.000099,-0.00804,1440.73,8.1,8.9,9.8,11.4
1442.0,55.80198665,37.40814273,171.234,-3879.156,222.922,1.20190,0.000110,-0.00814,1441.73,8.7,9.7,10.5,11.8
1443.0,55.80199503,37.40814847,171.225,-3878.795,223.854,1.19620,0.000143,-0.00825,1442.73,9.2,10.5,11.3,12.3
1444.0,55.80200337,37.40815437,171.216,-3878.424,224.783,1.19616,0.000122,-0.00836,1443.73,9.8,11.2,12.1,12.8
1445.0,55.80201175,37.40816011,171.208,-3878.064,225.716,1.20513,-0.000014,-0.00849,1444.73,10.4,12.0,12.9,13.3
1446.0,55.80202015,37.40816575,171.200,-3877.709,226.651,1.20799,-0.000260,-0.00862,1445.73,11.3,12.9,13.7,14.2
1447.0,55.80202855,37.40817140,171.192,-3877.354,227.585,1.20410,-0.000531,-0.00877,1446.72,12.2,13.8,14.6,15.0
1448.0,55.80203693,37.40817716,171.184,-3876.992,228.518,1.19909,-0.000709,-0.00893,1447.72,13.1,14.7,15.5,15.9
1449.0,55.80204529,37.40818296,171.176,-3876.627,229.449,1.19827,-0.000712,-0.00911,1448.72,14.0,15.6,16.4,16.8
1450.0,55.80205366,37.40818874,171.169,-3876.264,230.381,1.19636,-0.000542,-0.00931,1449.72,14.9,16.6,17.2,17.7
1451.0,55.80206202,37.40819460,171.162,-3875.896,231.310,1.19281,-0.000282,-0.00952,1450.72,15.5,17.2,17.8,18.4
1452.0,55.80207036,37.40820048,171.155,-3875.526,232.239,1.19742,-0.000047,-0.00975,1451.71,16.1,17.9,18.4,19.0
1453.0,55.80207875,37.40820620,171.148,-3875.166,233.172,1.19996,0.000070,-0.01000,1452.71,16.7,18.5,19.0,19.7
1454.0,55.80208711,37.40821201,171.140,-3874.801,234.103,1.19825,0.000034,-0.01027,1453.71,17.3,19.2,19.7,20.3
1455.0,55.80209549,37.40821779,171.132,-3874.438,235.035,1.20117,-0.000122,-0.01056,1454.70,17.9,19.8,20.3,21.0
1456.0,55.80210387,37.40822351,171.124,-3874.079,235.968,1.20021,-0.000333,-0.01085,1455.70,18.3,20.4,20.9,21.5
1457.0,55.80211223,37.40822931,171.115,-3873.714,236.900,1.19683,-0.000521,-0.01117,1456.69,18.7,21.0,21.5,22.0
1458.0,55.80212060,37.40823513,171.105,-3873.348,237.830,1.19735,-0.000629,-0.01149,1457.69,19.2,21.6,22.1,22.6
1459.0,55.80212897,37.40824092,171.094,-3872.984,238.762,1.19692,-0.000625,-0.01182,1458.68,19.6,22.2,22.7,23.1
1460.0,55.80213732,37.40824675,171.082,-3872.618,239.692,1.19425,-0.000499,-0.01216,1459.68,20.1,22.7,23.3,23.7
1461.0,55.80214568,37.40825262,171.069,-3872.249,240.622,1.19417,-0.000270,-0.01251,1460.68,20.3,23.2,23.7,24.1
1462.0,55.80215403,37.40825846,171.055,-3871.882,241.552,1.19357,0.000019,-0.01285,1461.67,20.6,23.7,24.2,24.6
1463.0,55.80216238,37.40826434,171.041,-3871.512,242.481,1.19208,0.000312,-0.01319,1462.67,20.8,24.1,24.7,25.1
1464.0,55.80217073,37.40827022,171.025,-3871.143,243.410,1.19316,0.000557,-0.01353,1463.67,21.1,24.6,25.1,25.6
1465.0,55.80217909,37.40827607,171.010,-3870.775,244.340,1.19799,0.000734,-0.01387,1464.67,21.4,25.1,25.6,26.1
1466.0,55.80218747,37.40828181,170.994,-3870.414,245.273,1.20071,0.000858,-0.01419,1465.67,21.5,25.5,26.0,26.5
1467.0,55.80219584,37.40828758,170.977,-3870.051,246.205,1.19778,0.000957,-0.01451,1466.67,21.6,26.0,26.4,27.0
1468.0,55.80220420,37.40829341,170.961,-3869.685,247.135,1.19554,0.001039,-0.01482,1467.67,21.8,26.4,26.9,27.4
1469.0,55.80221256,37.40829924,170.945,-3869.318,248.065,1.19740,0.001068,-0.01513,1468.67,21.9,26.8,27.3,27.9
1470.0,55.80222093,37.40830501,170.928,-3868.956,248.997,1.20211,0.000981,-0.01542,1469.67,22.1,27.3,27.8,28.4
1471.0,55.80222932,37.40831071,170.912,-3868.598,249.931,1.20527,0.000731,-0.01570,1470.67,22.4,27.7,28.2,28.8
1472.0,55.80223771,37.40831639,170.896,-3868.241,250.865,1.20627,0.000321,-0.01597,1471.67,22.8,28.1,28.6,29.1
1473.0,55.80224611,37.40832205,170.880,-3867.885,251.800,1.20604,-0.000185,-0.01623,1472.66,23.2,28.5,29.0,29.5
1474.0,55.80225450,37.40832774,170.864,-3867.527,252.734,1.20450,-0.000684,-0.01649,1473.66,23.6,28.9,29.4,29.9
1475.0,55.80226289,37.40833345,170.848,-3867.168,253.667,1.20390,-0.001070,-0.01674,1474.66,23.9,29.3,29.8,30.3
1476.0,55.80227127,37.40833915,170.831,-3866.810,254.601,1.20237,-0.001270,-0.01698,1475.66,24.1,29.6,30.2,30.6
1477.0,55.80227965,37.40834491,170.814,-3866.448,255.533,1.19682,-0.001270,-0.01722,1476.66,24.3,30.0,30.6,30.9
1478.0,55.80228800,37.40835077,170.797,-3866.079,256.462,1.19226,-0.001108,-0.01745,1477.66,24.5,30.4,31.0,31.3
1479.0,55.80229635,37.40835667,170.780,-3865.709,257.391,1.19492,-0.000855,-0.01769,1478.65,24.6,30.8,31.4,31.6
1480.0,55.80230472,37.40836246,170.762,-3865.345,258.323,1.19842,-0.000572,-0.01791,1479.65,24.8,31.2,31.8,32.0
1481.0,55.80231308,37.40836825,170.744,-3864.981,259.254,1.19517,-0.000286,-0.01814,1480.65,24.9,31.5,32.1,32.3
1482.0,55.80232143,37.40837413,170.726,-3864.611,260.183,1.19309,0.000003,-0.01836,1481.65,25.0,31.8,32.4,32.7
1483.0,55.80232979,37.40837998,170.707,-3864.244,261.113,1.19417,0.000302,-0.01858,1482.65,25.1,32.2,32.7,33.0
1484.0,55.80233814,37.40838583,170.689,-3863.876,262.043,1.19368,0.000606,-0.01880,1483.65,25.1,32.5,33.0,33.4
1485.0,55.80234649,37.40839170,170.670,-3863.507,262.973,1.19546,0.000888,-0.01902,1484.65,25.2,32.8,33.3,33.8
1486.0,55.80235486,37.40839750,170.651,-3863.143,263.904,1.19816,0.001108,-0.01924,1485.65,25.2,33.1,33.6,34.1
1487.0,55.80236323,37.40840328,170.632,-3862.779,264.835,1.19785,0.001226,-0.01945,1486.65,25.1,33.4,33.9,34.4
1488.0,55.80237160,37.40840909,170.612,-3862.414,265.766,1.19932,0.001207,-0.01966,1487.65,25.1,33.7,34.2,34.6
1489.0,55.80237997,37.40841483,170.593,-3862.053,266.699,1.20186,0.001033,-0.01986,1488.65,25.0,34.0,34.5,34.9
1490.0,55.80238836,37.40842057,170.573,-3861.693,267.632,1.20636,0.000715,-0.02006,1489.64,24.9,34.3,34.8,35.2
1491.0,55.80239676,37.40842617,170.552,-3861.340,268.567,1.20653,0.000292,-0.02026,1490.64,23.0,34.6,35.0,35.5
1492.0,55.80240515,37.40843190,170.532,-3860.980,269.500,1.20377,-0.000176,-0.02044,1491.64,21.1,34.9,35.3,35.8
1493.0,55.80241354,37.40843759,170.510,-3860.623,270.434,1.20408,-0.000621,-0.02062,1492.64,19.1,35.2,35.6,36.0
1494.0,55.80242192,37.40844331,170.489,-3860.263,271.367,1.20362,-0.000980,-0.02079,1493.64,17.2,35.4,35.8,36.3
1495.0,55.80243031,37.40844901,170.467,-3859.905,272.301,1.20234,-0.001193,-0.02095,1494.64,15.2,35.7,36.1,36.5
1496.0,55.80243868,37.40845477,170.445,-3859.543,273.233,1.19959,-0.001218,-0.02110,1495.64,14.7,35.9,36.3,36.7
1497.0,55.80244705,37.40846056,170.423,-3859.179,274.165,1.19631,-0.001037,-0.02125,1496.64,14.1,36.1,36.5,36.9
1498.0,55.80245541,37.40846641,170.401,-3858.811,275.095,1.19375,-0.000669,-0.02138,1497.64,13.5,36.4,36.7,37.1
1499.0,55.80246376,37.40847227,170.378,-3858.443,276.024,1.19352,-0.000177,-0.02150,1498.64,12.9,36.6,37.0,37.3
1500.0,55.80247211,37.40847813,170.356,-3858.074,276.954,1.19389,0.000341,-0.02161,1499.64,12.3,36.8,37.2,37.5
1501.0,55.80248047,37.40848398,170.333,-3857.707,277.884,1.19491,0.000778,-0.02172,1500.64,12.9,37.0,37.3,37.6
1502.0,55.80248883,37.40848981,170.311,-3857.340,278.814,1.19714,0.001046,-0.02181,1501.64,13.5,37.1,37.5,37.7
1503.0,55.80249720,37.40849560,170.288,-3856.977,279.746,1.20000,0.001104,-0.02190,1502.64,14.1,37.3,37.7,37.9
1504.0,55.80250558,37.40850134,170.266,-3856.616,280.678,1.20307,0.000969,-0.02198,1503.64,14.6,37.5,37.8,38.0
1505.0,55.80251397,37.40850704,170.243,-3856.258,281.612,1.20475,0.000720,-0.02205,1504.64,15.2,37.6,38.0,38.1
1506.0,55.80252236,37.40851273,170.221,-3855.900,282.546,1.20478,0.000463,-0.02212,1505.64,15.7,37.8,38.1,38.2
1507.0,55.80253075,37.40851843,170.198,-3855.542,283.480,1.20309,0.000297,-0.02219,1506.64,16.1,37.9,38.2,38.4
1508.0,55.80253912,37.40852417,170.176,-3855.181,284.412,1.20119,0.000264,-0.02226,1507.64,16.5,38.1,38.4,38.5
1509.0,55.80254750,37.40852992,170.154,-3854.819,285.345,1.19964,0.000339,-0.02232,1508.64,17.0,38.2,38.5,38.6
1510.0,55.80255587,37.40853571,170.132,-3854.455,286.276,1.20116,0.000445,-0.02238,1509.64,17.4,38.3,38.6,38.8
1511.0,55.80256426,37.40854142,170.110,-3854.097,287.210,1.20441,0.000493,-0.02245,1510.64,18.0,38.4,38.7,38.9
1512.0,55.80257265,37.40854711,170.088,-3853.739,288.143,1.20619,0.000429,-0.02252,1511.64,18.6,38.5,38.7,38.9
1513.0,55.80258105,37.40855276,170.066,-3853.384,289.078,1.20680,0.000244,-0.02259,1512.63,19.2,38.5,38.8,39.0
1514.0,55.80258944,37.40855844,170.044,-3853.027,290.012,1.20576,-0.000028,-0.02267,1513.63,19.8,38.6,38.9,39.1
1515.0,55.80259783,37.40856412,170.022,-3852.670,290.946,1.20559,-0.000328,-0.02275,1514.63,20.3,38.6,38.9,39.1
1516.0,55.80260622,37.40856980,170.000,-3852.313,291.880,1.20625,-0.000595,-0.02284,1515.63,20.7,38.7,39.0,39.2
1517.0,55.80261462,37.40857547,169.978,-3851.957,292.815,1.20523,-0.000779,-0.02294,1516.62,21.1,38.7,39.1,39.2
1518.0,55.80262301,37.40858118,169.956,-3851.598,293.748,1.20214,-0.000852,-0.02304,1517.62,21.6,38.8,39.1,39.3
1519.0,55.80263138,37.40858693,169.933,-3851.236,294.680,1.20015,-0.000819,-0.02315,1518.62,22.0,38.8,39.2,39.3
1520.0,55.80263975,37.40859270,169.911,-3850.873,295.612,1.19926,-0.000716,-0.02326,1519.62,22.4,38.9,39.2,39.4
1521.0,55.80264813,37.40859848,169.888,-3850.510,296.544,1.19897,-0.000599,-0.02338,1520.61,22.8,39.0,39.3,39.4
1522.0,55.80265650,37.40860426,169.865,-3850.146,297.476,1.19974,-0.000514,-0.02350,1521.61,23.2,39.0,39.3,39.5
1523.0,55.80266487,37.40861002,169.841,-3849.785,298.408,1.20039,-0.000475,-0.02362,1522.61,23.6,39.1,39.4,39.6
1524.0,55.80267325,37.40861578,169.818,-3849.422,299.340,1.19964,-0.000458,-0.02375,1523.61,24.0,39.1,39.4,39.6
1525.0,55.80268162,37.40862156,169.794,-3849.059,300.272,1.19878,-0.000411,-0.02388,1524.60,24.5,39.2,39.5,39.7
1526.0,55.80268999,37.40862735,169.771,-3848.695,301.203,1.19796,-0.000278,-0.02400,1525.60,24.9,39.3,39.6,39.7
1527.0,55.80269835,37.40863315,169.747,-3848.331,302.134,1.19568,-0.000029,-0.02413,1526.60,25.3,39.3,39.6,39.8
1528.0,55.80270671,37.40863901,169.722,-3847.963,303.064,1.19493,0.000326,-0.02425,1527.60,25.8,39.3,39.7,39.8
1529.0,55.80271507,37.40864483,169.698,-3847.596,303.995,1.19611,0.000730,-0.02436,1528.60,26.2,39.4,39.7,39.9
1530.0,55.80272343,37.40865065,169.673,-3847.231,304.925,1.19726,0.001100,-0.02447,1529.60,26.7,39.4,39.8,39.9
1531.0,55.80273180,37.40865645,169.648,-3846.867,305.857,1.19913,0.001337,-0.02457,1530.60,27.1,39.4,39.7,39.9
1532.0,55.80274017,37.40866221,169.623,-3846.504,306.789,1.20131,0.001358,-0.02467,1531.60,27.5,39.3,39.7,39.8
1533.0,55.80274855,37.40866794,169.597,-3846.144,307.722,1.20482,0.001116,-0.02475,1532.60,28.0,39.3,39.6,39.8
1534.0,55.80275695,37.40867360,169.571,-3845.789,308.656,1.20897,0.000626,-0.02483,1533.60,28.4,39.2,39.6,39.7
1535.0,55.80276536,37.40867920,169.544,-3845.436,309.592,1.20926,-0.000031,-0.02490,1534.60,28.8,39.1,39.5,39.6
1536.0,55.80277376,37.40868485,169.518,-3845.081,310.527,1.20818,-0.000714,-0.02495,1535.60,29.1,39.0,39.4,39.6
1537.0,55.80278216,37.40869049,169.492,-3844.727,311.462,1.20751,-0.001259,-0.02500,1536.60,29.4,38.9,39.3,39.6
1538.0,55.80279056,37.40869616,169.465,-3844.371,312.397,1.20322,-0.001523,-0.02504,1537.60,29.7,38.8,39.1,39.6
1539.0,55.80279893,37.40870192,169.439,-3844.008,313.329,1.19861,-0.001438,-0.02507,1538.60,30.0,38.7,39.0,39.6
1540.0,55.80280730,37.40870773,169.413,-3843.643,314.260,1.19271,-0.001039,-0.02509,1539.60,30.3,38.5,38.9,39.5
1541.0,55.80281563,37.40871367,169.388,-3843.270,315.187,1.19115,-0.000455,-0.02511,1540.60,30.5,38.4,38.8,39.4
1542.0,55.80282399,37.40871952,169.362,-3842.902,316.117,1.19510,0.000151,-0.02513,1541.60,30.7,38.3,38.7,39.4
1543.0,55.80283235,37.40872534,169.337,-3842.536,317.048,1.19773,0.000642,-0.02515,1542.60,30.9,38.2,38.5,39.3
1544.0,55.80284072,37.40873112,169.312,-3842.173,317.980,1.20038,0.000958,-0.02517,1543.60,31.1,38.0,38.4,39.2
1545.0,55.80284910,37.40873686,169.287,-3841.812,318.912,1.20164,0.001116,-0.02520,1544.60,31.3,37.9,38.3,39.1
1546.0,55.80285748,37.40874260,169.263,-3841.452,319.845,1.20168,0.001165,-0.02523,1545.60,31.4,37.8,38.1,39.0
1547.0,55.80286586,37.40874834,169.238,-3841.091,320.778,1.20138,0.001135,-0.02527,1546.60,31.5,37.7,38.0,38.9
1548.0,55.80287423,37.40875409,169.213,-3840.729,321.710,1.20227,0.001011,-0.02532,1547.60,31.6,37.5,37.9,38.7
1549.0,55.80288262,37.40875981,169.188,-3840.370,322.643,1.20458,0.000753,-0.02539,1548.59,31.7,37.4,37.7,38.6
1550.0,55.80289101,37.40876548,169.164,-3840.013,323.577,1.20791,0.000343,-0.02547,1549.59,31.8,37.2,37.6,38.5
1551.0,55.80289942,37.40877110,169.140,-3839.660,324.513,1.21164,-0.000173,-0.02557,1550.59,31.8,37.1,37.4,38.3
1552.0,55.80290784,37.40877667,169.116,-3839.310,325.450,1.21032,-0.000684,-0.02569,1551.59,31.8,37.0,37.2,38.2
1553.0,55.80291623,37.40878232,169.092,-3838.955,326.384,1.20414,-0.001048,-0.02583,1552.59,31.8,36.8,37.1,38.1
1554.0,55.80292461,37.40878807,169.069,-3838.593,327.317,1.20218,-0.001156,-0.02599,1553.59,31.7,36.7,36.9,37.9
1555.0,55.80293299,37.40879379,169.045,-3838.234,328.250,1.19953,-0.000979,-0.02617,1554.59,31.7,36.5,36.7,37.8
1556.0,55.80294135,37.40879962,169.021,-3837.868,329.181,1.19697,-0.000581,-0.02637,1555.58,31.7,36.3,36.6,37.6
1557.0,55.80294972,37.40880541,168.997,-3837.504,330.112,1.19510,-0.000087,-0.02659,1556.58,31.6,36.2,36.5,37.4
1558.0,55.80295807,37.40881130,168.973,-3837.134,331.041,1.19719,0.000375,-0.02682,1557.58,31.5,36.0,36.3,37.3
1559.0,55.80296645,37.40881702,168.947,-3836.774,331.974,1.20258,0.000729,-0.02707,1558.58,31.5,35.9,36.2,37.1
1560.0,55.80297484,37.40882275,168.922,-3836.414,332.907,1.20449,0.000973,-0.02734,1559.58,31.4,35.7,36.1,37.0
1561.0,55.80298323,37.40882842,168.895,-3836.057,333.841,1.20515,0.001146,-0.02761,1560.57,31.3,35.5,35.8,36.8
1562.0,55.80299162,37.40883413,168.867,-3835.699,334.775,1.20267,0.001267,-0.02790,1561.57,31.1,35.3,35.6,36.6
1563.0,55.80300000,37.40883987,168.839,-3835.338,335.707,1.19845,0.001303,-0.02819,1562.57,31.0,35.1,35.4,36.5
1564.0,55.80300836,37.40884570,168.811,-3834.971,336.638,1.20290,0.001186,-0.02848,1563.57,30.9,34.9,35.2,36.3
1565.0,55.80301676,37.40885132,168.781,-3834.618,337.573,1.21797,0.000878,-0.02877,1564.57,30.7,34.7,35.0,36.1
1566.0,55.80302522,37.40885670,168.752,-3834.280,338.514,1.21913,0.000421,-0.02906,1565.57,30.5,34.5,34.8,35.9
1567.0,55.80303363,37.40886227,168.721,-3833.929,339.451,1.20742,-0.000081,-0.02934,1566.57,30.4,34.2,34.6,35.7
1568.0,55.80304201,37.40886801,168.691,-3833.569,340.384,1.20624,-0.000521,-0.02961,1567.57,30.2,34.0,34.3,35.5
1569.0,55.80305042,37.40887362,168.660,-3833.216,341.320,1.20897,-0.000841,-0.02988,1568.56,30.0,33.7,34.1,35.3
1570.0,55.80305882,37.40887927,168.628,-3832.861,342.254,1.20839,-0.001039,-0.03012,1569.56,29.8,33.5,33.9,35.1
1571.0,55.80306722,37.40888490,168.596,-3832.507,343.190,1.20667,-0.001140,-0.03036,1570.56,29.7,33.2,33.6,34.9
1572.0,55.80307561,37.40889060,168.564,-3832.149,344.123,1.20433,-0.001159,-0.03058,1571.56,29.5,33.0,33.4,34.7
1573.0,55.80308400,37.40889630,168.532,-3831.791,345.057,1.20307,-0.001090,-0.03078,1572.56,29.3,32.8,33.1,34.4
1574.0,55.80309238,37.40890204,168.499,-3831.430,345.989,1.20115,-0.000915,-0.03096,1573.56,29.1,32.5,32.9,34.2
1575.0,55.80310075,37.40890780,168.467,-3831.068,346.922,1.20147,-0.000624,-0.03112,1574.57,28.9,32.3,32.6,34.0
1576.0,55.80310914,37.40891353,168.434,-3830.708,347.855,1.19933,-0.000225,-0.03127,1575.57,28.7,32.0,32.4,33.7
1577.0,55.80311750,37.40891935,168.401,-3830.342,348.785,1.19758,0.000240,-0.03140,1576.57,28.4,31.7,32.1,33.5
1578.0,55.80312587,37.40892513,168.368,-3829.979,349.717,1.19754,0.000696,-0.03151,1577.57,28.2,31.4,31.8,33.2
1579.0,55.80313423,37.40893095,168.336,-3829.613,350.648,1.20050,0.001050,-0.03161,1578.57,27.9,31.1,31.5,33.0
1580.0,55.80314262,37.40893664,168.303,-3829.255,351.581,1.20460,0.001219,-0.03170,1579.57,27.6,30.8,31.2,32.8
1581.0,55.80315101,37.40894234,168.271,-3828.897,352.515,1.20557,0.001161,-0.03177,1580.57,27.4,30.6,31.0,32.4
1582.0,55.80315940,37.40894801,168.239,-3828.541,353.449,1.20901,0.000882,-0.03183,1581.57,27.1,30.3,30.7,32.1
1583.0,55.80316781,37.40895361,168.207,-3828.189,354.385,1.20957,0.000441,-0.03189,1582.57,26.8,30.0,30.4,31.8
1584.0,55.80317621,37.40895925,168.175,-3827.834,355.320,1.20986,-0.000068,-0.03194,1583.57,26.6,29.7,30.2,31.5
1585.0,55.80318462,37.40896484,168.143,-3827.483,356.257,1.21006,-0.000533,-0.03198,1584.58,26.3,29.5,29.9,31.1
1586.0,55.80319303,37.40897049,168.112,-3827.128,357.192,1.20737,-0.000847,-0.03202,1585.58,26.1,29.2,29.6,30.9
1587.0,55.80320142,37.40897615,168.080,-3826.772,358.126,1.20580,-0.000938,-0.03207,1586.58,25.9,28.9,29.3,30.6
1588.0,55.80320981,37.40898184,168.048,-3826.414,359.060,1.20175,-0.000791,-0.03211,1587.58,25.7,28.7,29.1,30.3
1589.0,55.80321818,37.40898763,168.017,-3826.050,359.991,1.19869,-0.000464,-0.03215,1588.58,25.5,28.4,28.8,30.0
1590.0,55.80322655,37.40899341,167.985,-3825.687,360.923,1.19957,-0.000075,-0.03220,1589.58,25.3,28.2,28.5,29.7
1591.0,55.80323493,37.40899918,167.953,-3825.325,361.855,1.20101,0.000240,-0.03226,1590.58,25.2,28.0,28.3,29.5
1592.0,55.80324331,37.40900491,167.921,-3824.964,362.788,1.20408,0.000373,-0.03232,1591.58,25.0,27.8,28.2,29.2
1593.0,55.80325170,37.40901059,167.889,-3824.608,363.722,1.20611,0.000285,-0.03240,1592.58,24.9,27.7,28.0,29.0
1594.0,55.80326009,37.40901626,167.857,-3824.251,364.656,1.20710,0.000017,-0.03248,1593.58,24.7,27.5,27.8,28.8
1595.0,55.80326849,37.40902190,167.825,-3823.896,365.591,1.20773,-0.000331,-0.03257,1594.59,24.6,27.3,27.7,28.5
1596.0,55.80327689,37.40902756,167.793,-3823.540,366.526,1.20505,-0.000643,-0.03267,1595.59,24.5,27.2,27.6,28.4
1597.0,55.80328527,37.40903328,167.761,-3823.181,367.459,1.20268,-0.000826,-0.03279,1596.59,24.5,27.0,27.4,28.2
1598.0,55.80329366,37.40903901,167.730,-3822.821,368.392,1.20126,-0.000840,-0.03291,1597.59,24.4,26.9,27.3,28.1
1599.0,55.80330203,37.40904478,167.698,-3822.458,369.324,1.19851,-0.000701,-0.03305,1598.59,24.4,26.8,27.2,27.9
1600.0,55.80331039,37.40905059,167.666,-3822.093,370.255,1.19814,-0.000461,-0.03320,1599.59,24.3,26.6,27.0,27.7
1601.0,55.80331877,37.40905636,167.633,-3821.730,371.187,1.19925,-0.000180,-0.03336,1600.59,24.3,26.5,26.9,27.6
1602.0,55.80332714,37.40906214,167.601,-3821.367,372.118,1.19927,0.000098,-0.03353,1601.59,24.3,26.5,26.8,27.5
1603.0,55.80333551,37.40906792,167.568,-3821.004,373.050,1.20054,0.000356,-0.03371,1602.59,24.3,26.4,26.7,27.4
1604.0,55.80334389,37.40907366,167.535,-3820.643,373.983,1.20014,0.000585,-0.03390,1603.59,24.2,26.3,26.6,27.3
1605.0,55.80335226,37.40907944,167.502,-3820.280,374.914,1.19883,0.000774,-0.03409,1604.59,24.2,26.2,26.6,27.2
1606.0,55.80336063,37.40908522,167.469,-3819.917,375.846,1.20104,0.000892,-0.03429,1605.58,24.3,26.2,26.5,27.1
1607.0,55.80336901,37.40909094,167.435,-3819.557,376.779,1.20399,0.000903,-0.03450,1606.58,24.3,26.1,26.4,26.9
1608.0,55.80337740,37.40909663,167.400,-3819.199,377.713,1.20504,0.000784,-0.03471,1607.58,24.4,26.1,26.3,26.8
1609.0,55.80338580,37.40910232,167.365,-3818.842,378.647,1.20603,0.000547,-0.03492,1608.58,24.4,26.0,26.3,26.7
1610.0,55.80339419,37.40910798,167.330,-3818.486,379.582,1.20867,0.000237,-0.03513,1609.58,24.5,26.0,26.2,26.6
1611.0,55.80340260,37.40911359,167.294,-3818.133,380.517,1.20877,-0.000079,-0.03534,1610.58,24.5,25.9,26.1,26.5
1612.0,55.80341100,37.40911925,167.258,-3817.777,381.452,1.20442,-0.000339,-0.03554,1611.58,24.6,25.9,26.1,26.5
1613.0,55.80341938,37.40912499,167.222,-3817.417,382.385,1.20269,-0.000501,-0.03575,1612.58,24.6,25.8,26.1,26.4
1614.0,55.80342776,37.40913070,167.185,-3817.058,383.318,1.20534,-0.000542,-0.03594,1613.58,24.7,25.7,26.0,26.3
1615.0,55.80343616,37.40913637,167.148,-3816.702,384.252,1.20526,-0.000456,-0.03614,1614.59,24.7,25.7,26.0,26.2
1616.0,55.80344454,37.40914208,167.111,-3816.343,385.186,1.20148,-0.000244,-0.03632,1615.59,24.7,25.6,25.9,26.1
1617.0,55.80345292,37.40914785,167.074,-3815.980,386.118,1.19975,0.000072,-0.03650,1616.59,24.7,25.6,25.9,26.0
1618.0,55.80346129,37.40915362,167.036,-3815.618,387.050,1.20021,0.000440,-0.03667,1617.59,24.7,25.5,25.8,25.9
1619.0,55.80346967,37.40915938,166.999,-3815.256,387.982,1.20204,0.000785,-0.03683,1618.59,24.7,25.5,25.8,25.9
1620.0,55.80347805,37.40916509,166.962,-3814.897,388.915,1.20458,0.001020,-0.03699,1619.59,24.6,25.4,25.8,25.8
1621.0,55.80348644,37.40917077,166.924,-3814.539,389.849,1.20614,0.001067,-0.03714,1620.59,24.7,25.4,25.7,25.7
1622.0,55.80349484,37.40917643,166.887,-3814.184,390.784,1.20718,0.000871,-0.03728,1621.59,24.7,25.3,25.7,25.7
1623.0,55.80350324,37.40918209,166.849,-3813.828,391.718,1.20855,0.000429,-0.03741,1622.59,24.7,25.3,25.6,25.7
1624.0,55.80351164,37.40918771,166.811,-3813.475,392.654,1.21319,-0.000198,-0.03754,1623.59,24.8,25.2,25.5,25.6
1625.0,55.80352007,37.40919322,166.773,-3813.128,393.592,1.21585,-0.000874,-0.03765,1624.59,24.8,25.2,25.5,25.6
1626.0,55.80352849,37.40919877,166.735,-3812.780,394.529,1.21020,-0.001426,-0.03777,1625.60,24.7,25.1,25.5,25.6
1627.0,55.80353688,37.40920445,166.697,-3812.422,395.463,1.20331,-0.001696,-0.03788,1626.60,24.7,25.1,25.4,25.6
1628.0,55.80354526,37.40921020,166.659,-3812.061,396.396,1.19983,-0.001610,-0.03798,1627.60,24.7,25.1,25.4,25.6
1629.0,55.80355363,37.40921599,166.621,-3811.697,397.327,1.19670,-0.001193,-0.03808,1628.60,24.6,25.0,25.4,25.6
1630.0,55.80356199,37.40922183,166.583,-3811.330,398.257,1.19513,-0.000563,-0.03818,1629.60,24.6,25.0,25.3,25.6
1631.0,55.80357035,37.40922766,166.544,-3810.964,399.188,1.19737,0.000129,-0.03827,1630.60,24.6,24.9,25.3,25.6
1632.0,55.80357872,37.40923344,166.506,-3810.601,400.120,1.19882,0.000735,-0.03837,1631.60,24.6,24.9,25.2,25.6
1633.0,55.80358709,37.40923923,166.468,-3810.237,401.051,1.19853,0.001153,-0.03846,1632.60,24.6,24.8,25.2,25.6
1634.0,55.80359546,37.40924501,166.429,-3809.873,401.983,1.20186,0.001334,-0.03855,1633.60,24.6,24.8,25.1,25.6
1635.0,55.80360385,37.40925070,166.391,-3809.515,402.916,1.20734,0.001294,-0.03864,1634.60,24.6,24.8,25.1,25.6
1636.0,55.80361225,37.40925632,166.352,-3809.162,403.852,1.21012,0.001093,-0.03873,1635.60,24.5,24.7,25.0,25.6
1637.0,55.80362066,37.40926193,166.314,-3808.810,404.788,1.20779,0.000808,-0.03881,1636.60,24.5,24.7,25.0,25.5
1638.0,55.80362905,37.40926762,166.275,-3808.452,405.722,1.20603,0.000499,-0.03890,1637.60,24.4,24.7,25.0,25.5
1639.0,55.80363745,37.40927328,166.237,-3808.096,406.656,1.20707,0.000190,-0.03899,1638.60,24.4,24.6,24.9,25.5
1640.0,55.80364584,37.40927894,166.198,-3807.741,407.591,1.20889,-0.000115,-0.03908,1639.60,24.3,24.6,24.9,25.4
1641.0,55.80365425,37.40928455,166.159,-3807.388,408.527,1.21095,-0.000404,-0.03917,1640.60,24.3,24.6,24.9,25.4
1642.0,55.80366266,37.40929015,166.119,-3807.036,409.463,1.20914,-0.000637,-0.03926,1641.60,24.3,24.5,24.8,25.4
1643.0,55.80367106,37.40929581,166.080,-3806.680,410.397,1.20567,-0.000759,-0.03936,1642.60,24.2,24.5,24.8,25.4
1644.0,55.80367945,37.40930151,166.040,-3806.322,411.331,1.20407,-0.000730,-0.03945,1643.61,24.2,24.5,24.8,25.3
1645.0,55.80368783,37.40930722,166.000,-3805.963,412.264,1.20346,-0.000556,-0.03954,1644.61,24.2,24.4,24.7,25.3
1646.0,55.80369622,37.40931294,165.960,-3805.604,413.197,1.20105,-0.000301,-0.03963,1645.61,24.2,24.4,24.7,25.2
1647.0,55.80370459,37.40931872,165.921,-3805.241,414.129,1.20012,-0.000061,-0.03972,1646.61,24.1,24.4,24.7,25.2
1648.0,55.80371297,37.40932447,165.881,-3804.879,415.062,1.20318,0.000079,-0.03981,1647.61,24.1,24.4,24.7,25.1
1649.0,55.80372136,37.40933015,165.841,-3804.522,415.995,1.20660,0.000092,-0.03990,1648.61,24.0,24.4,24.7,25.1
1650.0,55.80372976,37.40933580,165.801,-3804.167,416.930,1.20768,0.000034,-0.03998,1649.61,24.0,24.4,24.6,25.0
1651.0,55.80373816,37.40934146,165.762,-3803.811,417.865,1.20652,0.000011,-0.04006,1650.61,24.0,24.4,24.6,25.0
1652.0,55.80374655,37.40934714,165.722,-3803.454,418.799,1.20329,0.000124,-0.04014,1651.61,24.0,24.4,24.6,24.9
1653.0,55.80375492,37.40935289,165.683,-3803.093,419.731,1.19962,0.000402,-0.04021,1652.61,24.0,24.3,24.6,24.9
1654.0,55.80376329,37.40935868,165.643,-3802.729,420.663,1.19995,0.000777,-0.04028,1653.61,24.0,24.3,24.6,24.9
1655.0,55.80377167,37.40936442,165.602,-3802.368,421.595,1.20261,0.001118,-0.04034,1654.61,24.0,24.3,24.6,24.8
1656.0,55.80378006,37.40937013,165.562,-3802.009,422.529,1.20709,0.001291,-0.04040,1655.61,24.0,24.3,24.6,24.9
1657.0,55.80378847,37.40937574,165.521,-3801.657,423.465,1.21240,0.001222,-0.04044,1656.61,24.0,24.3,24.7,25.0
1658.0,55.80379689,37.40938129,165.480,-3801.308,424.402,1.21287,0.000916,-0.04048,1657.61,24.0,24.3,24.7,25.1
1659.0,55.80380530,37.40938689,165.438,-3800.956,425.338,1.21161,0.000451,-0.04051,1658.61,24.0,24.3,24.7,25.2
1660.0,55.80381371,37.40939248,165.396,-3800.605,426.274,1.21335,-0.000067,-0.04053,1659.61,24.0,24.3,24.8,25.2
1661.0,55.80382213,37.40939802,165.354,-3800.256,427.211,1.21441,-0.000528,-0.04054,1660.61,24.0,24.3,24.8,25.4
1662.0,55.80383055,37.40940358,165.312,-3799.907,428.148,1.21075,-0.000847,-0.04054,1661.62,24.0,24.3,24.8,25.5
1663.0,55.80383895,37.40940923,165.270,-3799.552,429.083,1.20681,-0.000978,-0.04053,1662.62,24.0,24.3,24.8,25.6
1664.0,55.80384734,37.40941491,165.228,-3799.195,430.017,1.20625,-0.000916,-0.04051,1663.62,24.0,24.3,24.9,25.8
1665.0,55.80385574,37.40942058,165.186,-3798.838,430.952,1.20601,-0.000700,-0.04048,1664.62,24.0,24.3,24.9,25.9
1666.0,55.80386413,37.40942626,165.145,-3798.481,431.886,1.20353,-0.000402,-0.04045,1665.62,24.0,24.4,24.9,25.9
1667.0,55.80387251,37.40943200,165.104,-3798.120,432.818,1.20237,-0.000101,-0.04041,1666.62,24.0,24.4,25.0,25.9
1668.0,55.80388089,37.40943772,165.063,-3797.761,433.752,1.20529,0.000133,-0.04036,1667.63,24.0,24.4,25.1,25.9
1669.0,55.80388929,37.40944338,165.023,-3797.406,434.686,1.20779,0.000264,-0.04031,1668.63,23.9,24.4,25.1,26.0
1670.0,55.80389769,37.40944902,164.983,-3797.051,435.621,1.20703,0.000293,-0.04026,1669.63,23.9,24.4,25.2,26.0
1671.0,55.80390608,37.40945470,164.944,-3796.694,436.555,1.20648,0.000256,-0.04020,1670.63,24.0,24.4,25.3,25.9
1672.0,55.80391448,37.40946036,164.904,-3796.338,437.490,1.20828,0.000197,-0.04015,1671.63,24.0,24.4,25.3,25.8
1673.0,55.80392288,37.40946598,164.865,-3795.985,438.425,1.20774,0.000153,-0.04009,1672.63,24.1,24.4,25.4,25.8
1674.0,55.80393128,37.40947166,164.826,-3795.628,439.360,1.20611,0.000135,-0.04003,1673.63,24.1,24.4,25.4,25.7
1675.0,55.80393967,37.40947733,164.787,-3795.271,440.294,1.20661,0.000125,-0.03997,1674.63,24.2,24.5,25.5,25.7
1676.0,55.80394807,37.40948299,164.747,-3794.916,441.228,1.20727,0.000089,-0.03992,1675.63,24.2,24.5,25.4,25.6
1677.0,55.80395647,37.40948865,164.708,-3794.560,442.163,1.20774,-0.000001,-0.03986,1676.63,24.2,24.5,25.4,25.6
1678.0,55.80396487,37.40949429,164.668,-3794.205,443.098,1.20867,-0.000142,-0.03981,1677.63,24.2,24.6,25.4,25.5
1679.0,55.80397327,37.40949992,164.629,-3793.852,444.033,1.20998,-0.000286,-0.03976,1678.63,24.2,24.6,25.3,25.5
1680.0,55.80398168,37.40950553,164.589,-3793.499,444.969,1.20928,-0.000357,-0.03971,1679.63,24.2,24.7,25.3,25.5
1681.0,55.80399008,37.40951117,164.549,-3793.144,445.904,1.20576,-0.000287,-0.03966,1680.63,24.2,24.6,25.3,25.4
1682.0,55.80399846,37.40951688,164.509,-3792.785,446.838,1.20306,-0.000055,-0.03962,1681.63,24.3,24.6,25.3,25.4
1683.0,55.80400684,37.40952261,164.469,-3792.425,447.770,1.20288,0.000289,-0.03957,1682.63,24.3,24.6,25.2,25.4
1684.0,55.80401523,37.40952833,164.429,-3792.066,448.704,1.20360,0.000633,-0.03953,1683.63,24.3,24.6,25.2,25.3
1685.0,55.80402362,37.40953404,164.390,-3791.707,449.637,1.20590,0.000850,-0.03949,1684.63,24.3,24.6,25.2,25.3
1686.0,55.80403202,37.40953969,164.350,-3791.352,450.572,1.21025,0.000846,-0.03944,1685.63,24.3,24.6,25.2,25.4
1687.0,55.80404043,37.40954526,164.311,-3791.002,451.509,1.21290,0.000599,-0.03940,1686.63,24.3,24.6,25.1,25.4
1688.0,55.80404885,37.40955083,164.271,-3790.652,452.445,1.21251,0.000167,-0.03936,1687.63,24.3,24.6,25.1,25.5
1689.0,55.80405726,37.40955642,164.232,-3790.300,453.382,1.21317,-0.000331,-0.03931,1688.63,24.3,24.6,25.1,25.6
1690.0,55.80406568,37.40956197,164.193,-3789.951,454.319,1.21362,-0.000753,-0.03927,1689.63,24.2,24.6,25.1,25.6
1691.0,55.80407409,37.40956754,164.153,-3789.601,455.255,1.20918,-0.000981,-0.03923,1690.63,24.3,24.6,25.1,25.7
1692.0,55.80408249,37.40957323,164.114,-3789.244,456.189,1.20439,-0.000964,-0.03918,1691.63,24.3,24.6,25.0,25.8
1693.0,55.80409087,37.40957895,164.074,-3788.885,457.123,1.20262,-0.000738,-0.03914,1692.63,24.3,24.5,25.0,25.9
1694.0,55.80409925,37.40958468,164.035,-3788.524,458.055,1.20240,-0.000402,-0.03909,1693.63,24.3,24.5,24.9,26.0
1695.0,55.80410763,37.40959040,163.996,-3788.164,458.988,1.20346,-0.000084,-0.03905,1694.63,24.3,24.5,24.9,26.0
1696.0,55.80411602,37.40959611,163.957,-3787.806,459.922,1.20561,0.000115,-0.03900,1695.63,24.3,24.5,24.9,26.0
1697.0,55.80412442,37.40960177,163.918,-3787.450,460.857,1.20755,0.000153,-0.03896,1696.63,24.3,24.5,24.8,26.0
1698.0,55.80413282,37.40960742,163.879,-3787.095,461.791,1.20700,0.000053,-0.03891,1697.63,24.3,24.5,24.8,26.0
1699.0,55.80414121,37.40961309,163.841,-3786.738,462.726,1.20722,-0.000109,-0.03886,1698.64,24.2,24.5,24.8,26.0
1700.0,55.80414961,37.40961873,163.802,-3786.384,463.661,1.20823,-0.000245,-0.03882,1699.64,24.2,24.5,24.7,26.0
1701.0,55.80415801,37.40962438,163.764,-3786.029,464.596,1.20527,-0.000280,-0.03877,1700.64,24.2,24.5,24.7,25.9
1702.0,55.80416639,37.40963011,163.726,-3785.669,465.529,1.20236,-0.000183,-0.03873,1701.64,24.2,24.5,24.7,25.9
1703.0,55.80417478,37.40963584,163.687,-3785.309,466.461,1.20342,0.000024,-0.03868,1702.64,24.2,24.5,24.7,25.8
1704.0,55.80418316,37.40964154,163.649,-3784.951,467.395,1.20371,0.000276,-0.03863,1703.64,24.2,24.5,24.7,25.8
1705.0,55.80419155,37.40964726,163.610,-3784.591,468.328,1.20319,0.000486,-0.03858,1704.64,24.2,24.5,24.7,25.7
1706.0,55.80419993,37.40965297,163.571,-3784.232,469.261,1.20522,0.000575,-0.03853,1705.64,24.1,24.5,24.7,25.7
1707.0,55.80420833,37.40965863,163.533,-3783.876,470.196,1.20805,0.000504,-0.03847,1706.65,24.1,24.5,24.7,25.7
1708.0,55.80421673,37.40966426,163.494,-3783.522,471.131,1.20987,0.000288,-0.03842,1707.65,24.1,24.4,24.7,25.6
1709.0,55.80422514,37.40966987,163.455,-3783.170,472.067,1.21047,-0.000000,-0.03836,1708.65,24.1,24.4,24.7,25.6
1710.0,55.80423355,37.40967548,163.416,-3782.817,473.003,1.20940,-0.000260,-0.03829,1709.65,24.1,24.4,24.7,25.6
1711.0,55.80424195,37.40968112,163.377,-3782.463,473.938,1.20700,-0.000404,-0.03822,1710.65,24.1,24.4,24.7,25.6
1712.0,55.80425034,37.40968680,163.338,-3782.105,474.872,1.20474,-0.000389,-0.03815,1711.65,24.1,24.4,24.7,25.6
1713.0,55.80425873,37.40969251,163.300,-3781.747,475.805,1.20323,-0.000236,-0.03808,1712.65,24.1,24.4,24.8,25.5
1714.0,55.80426711,37.40969824,163.261,-3781.387,476.738,1.20343,-0.000011,-0.03800,1713.65,24.1,24.4,24.8,25.5
1715.0,55.80427550,37.40970394,163.223,-3781.028,477.672,1.20531,0.000210,-0.03791,1714.65,24.1,24.4,24.8,25.5
1716.0,55.80428389,37.40970961,163.185,-3780.672,478.606,1.20667,0.000368,-0.03782,1715.65,24.1,24.4,24.9,25.6
1717.0,55.80429229,37.40971527,163.147,-3780.316,479.541,1.20716,0.000438,-0.03773,1716.66,24.1,24.3,25.0,25.7
1718.0,55.80430069,37.40972093,163.109,-3779.961,480.476,1.20707,0.000423,-0.03763,1717.66,24.1,24.3,25.1,25.7
1719.0,55.80430908,37.40972660,163.071,-3779.605,481.410,1.20768,0.000342,-0.03753,1718.66,24.0,24.3,25.2,25.8
1720.0,55.80431748,37.40973223,163.034,-3779.250,482.345,1.20879,0.000220,-0.03742,1719.66,24.0,24.3,25.2,25.9
1721.0,55.80432589,37.40973786,162.996,-3778.896,483.280,1.20914,0.000081,-0.03731,1720.66,24.0,24.3,25.2,25.9
1722.0,55.80433429,37.40974349,162.959,-3778.543,484.216,1.20876,-0.000052,-0.03720,1721.66,24.0,24.3,25.2,25.9
1723.0,55.80434269,37.40974913,162.922,-3778.188,485.151,1.20836,-0.000163,-0.03709,1722.66,24.0,24.3,25.2,25.9
1724.0,55.80435109,37.40975477,162.885,-3777.833,486.086,1.20747,-0.000243,-0.03697,1723.66,24.1,24.3,25.2,26.0
1725.0,55.80435949,37.40976044,162.848,-3777.477,487.020,1.20648,-0.000290,-0.03685,1724.66,24.1,24.3,25.2,26.0
1726.0,55.80436788,37.40976611,162.811,-3777.121,487.955,1.20724,-0.000304,-0.03673,1725.66,24.0,24.3,25.2,25.9
1727.0,55.80437628,37.40977176,162.774,-3776.766,488.889,1.20877,-0.000278,-0.03661,1726.66,24.0,24.3,25.2,25.9
1728.0,55.80438469,37.40977738,162.737,-3776.413,489.825,1.20658,-0.000210,-0.03650,1727.66,24.0,24.3,25.3,25.9
1729.0,55.80439307,37.40978309,162.700,-3776.054,490.758,1.20335,-0.000112,-0.03638,1728.66,24.0,24.2,25.3,25.9
1730.0,55.80440146,37.40978881,162.664,-3775.694,491.691,1.20425,-0.000011,-0.03626,1729.66,24.0,24.2,25.3,25.8
1731.0,55.80440985,37.40979450,162.627,-3775.337,492.625,1.20685,0.000061,-0.03615,1730.66,24.0,24.2,25.3,25.8
1732.0,55.80441825,37.40980014,162.591,-3774.982,493.560,1.20787,0.000094,-0.03605,1731.66,24.0,24.2,25.3,25.8
1733.0,55.80442665,37.40980580,162.556,-3774.627,494.495,1.20729,0.000112,-0.03594,1732.66,23.9,24.2,25.3,25.8
1734.0,55.80443504,37.40981146,162.520,-3774.271,495.430,1.20735,0.000160,-0.03585,1733.66,23.9,24.2,25.3,25.8
1735.0,55.80444344,37.40981711,162.485,-3773.916,496.364,1.20611,0.000272,-0.03576,1734.66,23.9,24.2,25.3,25.8
1736.0,55.80445183,37.40982280,162.450,-3773.558,497.298,1.20479,0.000440,-0.03567,1735.66,23.9,24.2,25.2,25.7
1737.0,55.80446022,37.40982850,162.415,-3773.200,498.232,1.20526,0.000603,-0.03559,1736.66,24.0,24.2,25.2,25.7
1738.0,55.80446861,37.40983418,162.381,-3772.843,499.166,1.20640,0.000668,-0.03552,1737.66,24.0,24.2,25.1,25.7
1739.0,55.80447701,37.40983984,162.346,-3772.487,500.101,1.21001,0.000553,-0.03545,1738.66,24.0,24.2,25.1,25.7
1740.0,55.80448543,37.40984541,162.312,-3772.137,501.037,1.21329,0.000238,-0.03540,1739.66,24.0,24.2,25.0,25.6
1741.0,55.80449384,37.40985097,162.277,-3771.787,501.974,1.21351,-0.000223,-0.03534,1740.66,24.0,24.2,25.0,25.6
1742.0,55.80450226,37.40985654,162.242,-3771.437,502.911,1.21330,-0.000707,-0.03530,1741.66,24.0,24.3,25.0,25.5
1743.0,55.80451068,37.40986211,162.208,-3771.087,503.848,1.21120,-0.001077,-0.03526,1742.66,24.0,24.3,25.0,25.5
1744.0,55.80451908,37.40986774,162.173,-3770.734,504.783,1.20559,-0.001230,-0.03522,1743.66,24.0,24.4,25.0,25.4
1745.0,55.80452746,37.40987347,162.138,-3770.373,505.716,1.20200,-0.001136,-0.03519,1744.66,24.0,24.4,25.0,25.4
1746.0,55.80453584,37.40987921,162.103,-3770.013,506.649,1.20250,-0.000836,-0.03517,1745.66,24.0,24.4,25.1,25.5
1747.0,55.80454423,37.40988493,162.068,-3769.653,507.582,1.20206,-0.000421,-0.03514,1746.66,24.0,24.4,25.1,25.5
1748.0,55.80455260,37.40989068,162.032,-3769.292,508.514,1.20096,0.000007,-0.03512,1747.66,24.0,24.5,25.1,25.6
1749.0,55.80456098,37.40989643,161.997,-3768.930,509.446,1.20206,0.000366,-0.03510,1748.66,24.0,24.5,25.2,25.7
1750.0,55.80456936,37.40990215,161.962,-3768.571,510.380,1.20411,0.000610,-0.03507,1749.66,24.0,24.5,25.2,25.8
1751.0,55.80457775,37.40990784,161.926,-3768.213,511.314,1.20602,0.000735,-0.03505,1750.66,24.0,24.5,25.2,25.8
1752.0,55.80458615,37.40991350,161.891,-3767.857,512.248,1.20743,0.000764,-0.03503,1751.66,23.9,24.5,25.2,25.8
1753.0,55.80459455,37.40991915,161.855,-3767.502,513.183,1.20718,0.000726,-0.03500,1752.66,23.9,24.5,25.1,25.8
1754.0,55.80460295,37.40992482,161.820,-3767.146,514.117,1.20633,0.000631,-0.03497,1753.66,23.9,24.5,25.1,25.8
1755.0,55.80461134,37.40993049,161.785,-3766.789,515.052,1.20745,0.000470,-0.03494,1754.66,23.9,24.4,25.1,25.8
1756.0,55.80461974,37.40993613,161.749,-3766.435,515.987,1.20952,0.000228,-0.03490,1755.67,23.9,24.4,25.1,25.8
1757.0,55.80462815,37.40994174,161.714,-3766.082,516.922,1.21085,-0.000085,-0.03486,1756.67,23.8,24.4,25.0,25.7
1758.0,55.80463656,37.40994734,161.679,-3765.731,517.859,1.21212,-0.000411,-0.03482,1757.67,23.8,24.3,25.0,25.6
1759.0,55.80464497,37.40995291,161.644,-3765.380,518.795,1.21097,-0.000665,-0.03477,1758.67,23.8,24.3,25.0,25.5
1760.0,55.80465338,37.40995854,161.609,-3765.027,519.730,1.20615,-0.000763,-0.03472,1759.67,23.7,24.2,25.0,25.5
1761.0,55.80466176,37.40996426,161.574,-3764.667,520.664,1.20237,-0.000666,-0.03467,1760.67,23.5,24.3,25.0,25.5
1762.0,55.80467014,37.40997000,161.539,-3764.306,521.596,1.20311,-0.000393,-0.03461,1761.67,23.3,24.4,25.1,25.6
1763.0,55.80467853,37.40997570,161.504,-3763.948,522.530,1.20457,-0.000013,-0.03456,1762.67,23.1,24.5,25.2,25.6
1764.0,55.80468692,37.40998140,161.469,-3763.590,523.464,1.20331,0.000384,-0.03451,1763.67,22.9,24.6,25.3,25.7
1765.0,55.80469530,37.40998713,161.435,-3763.230,524.396,1.20255,0.000708,-0.03445,1764.67,22.7,24.6,25.4,25.7
1766.0,55.80470368,37.40999285,161.400,-3762.870,525.330,1.20645,0.000893,-0.03440,1765.68,22.4,24.8,25.5,25.9
1767.0,55.80471209,37.40999847,161.366,-3762.517,526.265,1.20989,0.000904,-0.03435,1766.68,22.1,24.9,25.7,26.0
1768.0,55.80472049,37.41000409,161.332,-3762.164,527.201,1.21005,0.000746,-0.03431,1767.68,21.9,25.1,25.8,26.2
1769.0,55.80472890,37.41000970,161.298,-3761.811,528.136,1.21137,0.000455,-0.03427,1768.68,21.6,25.2,26.0,26.3
1770.0,55.80473732,37.41001528,161.264,-3761.460,529.073,1.21187,0.000090,-0.03423,1769.68,21.4,25.4,26.1,26.5
1771.0,55.80474573,37.41002088,161.230,-3761.109,530.009,1.21070,-0.000283,-0.03421,1770.68,21.1,25.5,26.2,26.5
1772.0,55.80475413,37.41002650,161.196,-3760.756,530.945,1.21108,-0.000598,-0.03419,1771.68,20.9,25.5,26.3,26.6
1773.0,55.80476254,37.41003208,161.162,-3760.404,531.881,1.21053,-0.000794,-0.03418,1772.68,20.6,25.6,26.4,26.7
1774.0,55.80477095,37.41003771,161.129,-3760.051,532.816,1.20690,-0.000837,-0.03419,1773.68,20.4,25.7,26.4,26.8
1775.0,55.80477934,37.41004341,161.096,-3759.693,533.750,1.20457,-0.000725,-0.03420,1774.68,20.1,25.8,26.5,26.9
1776.0,55.80478773,37.41004911,161.063,-3759.334,534.684,1.20409,-0.000499,-0.03422,1775.67,20.3,25.8,26.5,26.9
1777.0,55.80479611,37.41005482,161.030,-3758.976,535.617,1.20301,-0.000232,-0.03424,1776.67,20.5,25.8,26.5,26.9
1778.0,55.80480449,37.41006055,160.997,-3758.615,536.550,1.20395,-0.000003,-0.03428,1777.67,20.8,25.8,26.5,26.9
1779.0,55.80481289,37.41006623,160.964,-3758.258,537.484,1.20621,0.000139,-0.03433,1778.67,21.0,25.7,26.5,26.8
1780.0,55.80482128,37.41007190,160.931,-3757.902,538.418,1.20719,0.000191,-0.03438,1779.67,21.2,25.7,26.5,26.8
1781.0,55.80482968,37.41007755,160.898,-3757.547,539.353,1.20756,0.000196,-0.03443,1780.67,21.4,25.6,26.4,26.7
1782.0,55.80483808,37.41008320,160.864,-3757.192,540.288,1.20654,0.000224,-0.03449,1781.67,21.6,25.5,26.2,26.5
1783.0,55.80484647,37.41008889,160.830,-3756.834,541.222,1.20535,0.000333,-0.03455,1782.67,21.8,25.4,26.1,26.3
1784.0,55.80485486,37.41009458,160.796,-3756.477,542.156,1.20531,0.000545,-0.03461,1783.67,22.0,25.2,26.0,26.2
1785.0,55.80486325,37.41010026,160.761,-3756.120,543.090,1.20593,0.000827,-0.03467,1784.67,22.2,25.1,25.8,26.0
1786.0,55.80487165,37.41010593,160.726,-3755.763,544.024,1.20648,0.001084,-0.03472,1785.67,21.9,24.9,25.6,25.9
1787.0,55.80488004,37.41011160,160.690,-3755.407,544.959,1.20679,0.001182,-0.03477,1786.67,21.6,24.6,25.3,25.7
1788.0,55.80488844,37.41011726,160.654,-3755.051,545.893,1.20948,0.000999,-0.03481,1787.67,21.3,24.4,25.1,25.6
1789.0,55.80489685,37.41012285,160.617,-3754.700,546.829,1.21552,0.000492,-0.03484,1788.67,21.0,24.2,24.8,25.4
1790.0,55.80490528,37.41012833,160.581,-3754.355,547.768,1.22056,-0.000234,-0.03486,1789.67,20.7,23.9,24.6,25.3
1791.0,55.80491373,37.41013377,160.544,-3754.014,548.708,1.22105,-0.000937,-0.03487,1790.67,20.1,23.6,24.2,25.0
1792.0,55.80492217,37.41013923,160.507,-3753.670,549.647,1.21625,-0.001323,-0.03486,1791.67,19.6,23.3,23.9,24.8
1793.0,55.80493058,37.41014481,160.471,-3753.319,550.584,1.20491,-0.001199,-0.03484,1792.67,19.0,23.0,23.6,24.5
1794.0,55.80493895,37.41015062,160.435,-3752.955,551.515,1.19505,-0.000609,-0.03480,1793.67,18.5,22.7,23.3,24.3
1795.0,55.80494730,37.41015649,160.399,-3752.585,552.444,1.19434,0.000154,-0.03475,1794.67,17.9,22.4,22.9,24.0
1796.0,55.80495566,37.41016232,160.364,-3752.219,553.375,1.20099,0.000664,-0.03468,1795.67,17.5,22.0,22.6,23.7
1797.0,55.80496405,37.41016799,160.329,-3751.863,554.309,1.21281,0.000586,-0.03459,1796.67,17.1,21.7,22.2,23.4
1798.0,55.80497249,37.41017347,160.294,-3751.519,555.248,1.22202,-0.000148,-0.03449,1797.67,16.7,21.3,21.9,23.1
1799.0,55.80498094,37.41017887,160.259,-3751.179,556.188,1.22338,-0.001287,-0.03436,1798.67,16.2,21.0,21.5,22.8
1800.0,55.80498938,37.41018430,160.225,-3750.838,557.128,1.21824,-0.002384,-0.03422,1799.67,15.8,20.7,21.2,22.5
1801.0,55.80499780,37.41018985,160.190,-3750.489,558.065,1.20478,-0.003022,-0.03406,1800.67,15.4,20.2,20.7,22.2
1802.0,55.80500616,37.41019569,160.156,-3750.122,558.996,1.19046,-0.003013,-0.03388,1801.67,14.9,19.8,20.3,21.8
1803.0,55.80501449,37.41020167,160.121,-3749.746,559.922,1.18577,-0.002466,-0.03368,1802.68,14.4,19.4,19.9,21.4
1804.0,55.80502281,37.41020764,160.087,-3749.371,560.849,1.18763,-0.001691,-0.03346,1803.68,14.0,18.9,19.5,21.0
1805.0,55.80503115,37.41021357,160.052,-3748.998,561.777,1.19264,-0.001012,-0.03321,1804.68,13.5,18.5,19.0,20.7
1806.0,55.80503951,37.41021939,160.018,-3748.632,562.708,1.19870,-0.000608,-0.03294,1805.68,13.8,18.2,18.7,20.2
1807.0,55.80504789,37.41022514,159.985,-3748.271,563.641,1.19878,-0.000460,-0.03264,1806.68,14.1,17.8,18.3,19.8
1808.0,55.80505625,37.41023096,159.951,-3747.905,564.571,1.19301,-0.000417,-0.03231,1807.68,14.4,17.5,17.9,19.4
1809.0,55.80506459,37.41023688,159.918,-3747.534,565.500,1.18922,-0.000322,-0.03196,1808.69,14.6,17.1,17.6,19.0
1810.0,55.80507293,37.41024281,159.885,-3747.161,566.427,1.18833,-0.000104,-0.03157,1809.69,14.9,16.8,17.2,18.6
1811.0,55.80508127,37.41024875,159.852,-3746.787,567.355,1.18887,0.000206,-0.03114,1810.69,14.8,16.5,17.0,18.3
1812.0,55.80508961,37.41025467,159.820,-3746.415,568.283,1.19128,0.000516,-0.03069,1811.70,14.7,16.3,16.7,17.9
1813.0,55.80509796,37.41026054,159.787,-3746.046,569.213,1.19356,0.000738,-0.03019,1812.70,14.6,16.0,16.5,17.5
1814.0,55.80510631,37.41026640,159.755,-3745.678,570.143,1.19376,0.000837,-0.02966,1813.70,14.5,15.8,16.2,17.2
1815.0,55.80511466,37.41027226,159.723,-3745.310,571.072,1.19446,0.000842,-0.02909,1814.70,14.4,15.5,16.0,16.8
1816.0,55.80512302,37.41027809,159.691,-3744.943,572.003,1.19783,0.000844,-0.02848,1815.71,14.4,15.4,15.9,16.6
1817.0,55.80513140,37.41028386,159.660,-3744.581,572.935,1.19894,0.000965,-0.02783,1816.71,14.4,15.3,15.8,16.4
1818.0,55.80513976,37.41028966,159.629,-3744.217,573.866,1.19681,0.001295,-0.02714,1817.71,14.4,15.2,15.6,16.2
1819.0,55.80514812,37.41029548,159.598,-3743.850,574.796,1.19481,0.001832,-0.02642,1818.72,14.4,15.1,15.5,15.9
1820.0,55.80515648,37.41030134,159.568,-3743.482,575.726,1.19221,0.002452,-0.02566,1819.72,14.4,14.9,15.4,15.7
1821.0,55.80516482,37.41030725,159.539,-3743.111,576.655,1.19408,0.002944,-0.02488,1820.72,14.1,14.7,15.1,15.7
1822.0,55.80517319,37.41031305,159.511,-3742.747,577.586,1.20808,0.003101,-0.02406,1821.72,13.8,14.4,14.9,15.7
1823.0,55.80518162,37.41031854,159.485,-3742.402,578.525,1.22259,0.002808,-0.02323,1822.72,13.5,14.1,14.6,15.8
1824.0,55.80519008,37.41032391,159.460,-3742.064,579.466,1.21983,0.002056,-0.02237,1823.72,13.2,13.8,14.4,15.8
1825.0,55.80519849,37.41032948,159.436,-3741.714,580.403,1.21435,0.000874,-0.02151,1824.72,13.0,13.6,14.1,15.8
1826.0,55.80520692,37.41033501,159.414,-3741.366,581.340,1.21629,-0.000742,-0.02063,1825.72,12.9,13.4,14.1,15.5
1827.0,55.80521535,37.41034052,159.394,-3741.020,582.278,1.21988,-0.002835,-0.01975,1826.72,12.8,13.3,14.1,15.2
1828.0,55.80522379,37.41034595,159.377,-3740.679,583.218,1.22334,-0.005418,-0.01887,1827.72,12.7,13.2,14.1,14.9
1829.0,55.80523224,37.41035136,159.361,-3740.339,584.159,1.22140,-0.008382,-0.01800,1828.72,12.6,13.0,14.1,14.6
1830.0,55.80524067,37.41035684,159.346,-3739.994,585.098,1.20958,-0.011475,-0.01714,1829.72,12.6,12.9,14.1,14.3
1831.0,55.80524905,37.41036260,159.333,-3739.632,586.030,1.19377,-0.014372,-0.01630,1830.71,12.6,12.9,14.0,14.3
1832.0,55.80525738,37.41036856,159.321,-3739.258,586.957,1.17190,-0.016791,-0.01548,1831.70,12.6,12.9,13.9,14.3
1833.0,55.80526561,37.41037496,159.310,-3738.855,587.872,1.14378,-0.018578,-0.01469,1832.70,12.5,12.8,13.8,14.2
1834.0,55.80527374,37.41038174,159.299,-3738.430,588.777,1.12600,-0.019718,-0.01392,1833.69,12.5,12.8,13.7,14.2
1835.0,55.80528183,37.41038866,159.288,-3737.995,589.678,1.11292,-0.020287,-0.01320,1834.68,12.5,12.8,13.6,14.2
1836.0,55.80528986,37.41039581,159.277,-3737.545,590.571,1.08743,-0.020420,-0.01251,1835.67,12.5,12.8,13.7,14.2
1837.0,55.80529774,37.41040346,159.266,-3737.065,591.448,1.05887,-0.020313,-0.01187,1836.66,12.5,12.9,13.7,14.2
1838.0,55.80530552,37.41041141,159.256,-3736.566,592.315,1.03706,-0.020234,-0.01127,1837.65,12.5,12.9,13.8,14.3
1839.0,55.80531321,37.41041966,159.245,-3736.048,593.170,1.01904,-0.020477,-0.01072,1838.64,12.5,12.9,13.9,14.3
1840.0,55.80532083,37.41042811,159.236,-3735.517,594.018,1.01038,-0.021257,-0.01022,1839.62,12.5,13.0,14.0,14.4
1841.0,55.80532843,37.41043659,159.227,-3734.985,594.864,0.99871,-0.022591,-0.00978,1840.61,12.6,13.0,14.0,14.4
1842.0,55.80533594,37.41044535,159.219,-3734.435,595.699,0.97396,-0.024267,-0.00939,1841.60,12.8,13.1,14.0,14.4
1843.0,55.80534330,37.41045449,159.212,-3733.861,596.518,0.94276,-0.025922,-0.00907,1842.59,12.9,13.2,14.0,14.4
1844.0,55.80535048,37.41046407,159.206,-3733.260,597.317,0.90919,-0.027187,-0.00880,1843.58,13.0,13.3,14.0,14.3
1845.0,55.80535748,37.41047406,159.201,-3732.632,598.096,0.87734,-0.027802,-0.00860,1844.56,13.1,13.3,14.0,14.3
1846.0,55.80536430,37.41048443,159.197,-3731.982,598.855,0.84797,-0.027628,-0.00846,1845.55,13.2,13.4,14.0,14.4
1847.0,55.80537096,37.41049514,159.193,-3731.309,599.596,0.82087,-0.026600,-0.00839,1846.54,13.2,13.5,14.0,14.5
1848.0,55.80537746,37.41050615,159.190,-3730.619,600.319,0.79169,-0.024661,-0.00838,1847.53,13.3,13.5,14.0,14.5
1849.0,55.80538375,37.41051753,159.187,-3729.904,601.019,0.76141,-0.021776,-0.00844,1848.52,13.3,13.6,14.0,14.6
1850.0,55.80538986,37.41052921,159.184,-3729.171,601.698,0.73742,-0.018003,-0.00857,1849.51,13.3,13.7,14.0,14.7
1851.0,55.80539584,37.41054112,159.181,-3728.424,602.363,0.71399,-0.013601,-0.00875,1850.50,13.4,13.8,14.1,14.7
1852.0,55.80540164,37.41055330,159.177,-3727.660,603.008,0.69656,-0.009070,-0.00900,1851.49,13.4,13.8,14.2,14.6
1853.0,55.80540738,37.41056557,159.173,-3726.890,603.646,0.69443,-0.005067,-0.00930,1852.48,13.5,13.9,14.3,14.6
1854.0,55.80541314,37.41057779,159.167,-3726.123,604.288,0.70446,-0.002215,-0.00966,1853.47,13.6,14.0,14.3,14.6
1855.0,55.80541902,37.41058985,159.161,-3725.366,604.942,0.72142,-0.000879,-0.01006,1854.46,13.6,14.1,14.4,14.6
1856.0,55.80542502,37.41060172,159.154,-3724.621,605.609,0.73127,-0.001046,-0.01051,1855.45,13.6,14.1,14.4,14.6
1857.0,55.80543103,37.41061357,159.145,-3723.877,606.277,0.73002,-0.002377,-0.01100,1856.44,13.6,14.2,14.4,14.6
1858.0,55.80543701,37.41062547,159.136,-3723.131,606.943,0.72175,-0.004399,-0.01152,1857.43,13.6,14.2,14.4,14.6
1859.0,55.80544291,37.41063749,159.126,-3722.376,607.599,0.70945,-0.006723,-0.01206,1858.42,13.6,14.2,14.4,14.7
1860.0,55.80544872,37.41064965,159.114,-3721.613,608.245,0.70212,-0.009176,-0.01262,1859.41,13.6,14.3,14.4,14.7
1861.0,55.80545452,37.41066183,159.101,-3720.849,608.890,0.69767,-0.011780,-0.01319,1860.40,13.1,14.3,14.5,14.8
1862.0,55.80546027,37.41067407,159.087,-3720.081,609.530,0.68641,-0.014648,-0.01376,1861.39,12.6,14.3,14.6,14.9
1863.0,55.80546592,37.41068648,159.072,-3719.302,610.158,0.67027,-0.017844,-0.01433,1862.38,12.2,14.3,14.6,15.0
1864.0,55.80547144,37.41069905,159.056,-3718.513,610.773,0.65499,-0.021297,-0.01489,1863.36,11.7,14.3,14.7,15.1
1865.0,55.80547687,37.41071176,159.038,-3717.716,611.376,0.63557,-0.024773,-0.01544,1864.35,11.2,14.3,14.7,15.2
1866.0,55.80548212,37.41072470,159.020,-3716.904,611.960,0.60513,-0.027914,-0.01597,1865.33,11.7,14.4,14.8,15.2
1867.0,55.80548710,37.41073797,159.000,-3716.071,612.514,0.56857,-0.030319,-0.01647,1866.32,12.2,14.4,14.8,15.3
1868.0,55.80549180,37.41075156,158.980,-3715.219,613.036,0.53355,-0.031663,-0.01695,1867.31,12.7,14.4,14.9,15.3
1869.0,55.80549625,37.41076541,158.959,-3714.350,613.531,0.49460,-0.031809,-0.01740,1868.29,13.2,14.4,14.9,15.4
1870.0,55.80550034,37.41077961,158.937,-3713.459,613.986,0.44912,-0.030874,-0.01781,1869.28,13.7,14.5,15.0,15.4
1871.0,55.80550406,37.41079413,158.916,-3712.548,614.399,0.41486,-0.029218,-0.01820,1870.27,13.7,14.5,15.0,15.8
1872.0,55.80550759,37.41080879,158.894,-3711.629,614.792,0.39443,-0.027335,-0.01855,1871.26,13.7,14.5,15.1,16.1
1873.0,55.80551098,37.41082356,158.872,-3710.702,615.167,0.37462,-0.025708,-0.01887,1872.25,13.7,14.5,15.1,16.5
1874.0,55.80551418,37.41083846,158.850,-3709.768,615.523,0.35425,-0.024668,-0.01916,1873.24,13.7,14.5,15.1,16.9
1875.0,55.80551722,37.41085346,158.828,-3708.826,615.861,0.33029,-0.024321,-0.01943,1874.23,13.8,14.5,15.1,17.3
1876.0,55.80552002,37.41086862,158.807,-3707.876,616.172,0.30753,-0.024545,-0.01967,1875.22,13.9,14.5,15.1,17.5
1877.0,55.80552267,37.41088385,158.787,-3706.920,616.466,0.29186,-0.025035,-0.01988,1876.21,13.9,14.5,15.2,17.8
1878.0,55.80552520,37.41089916,158.766,-3705.961,616.747,0.26632,-0.025404,-0.02008,1877.20,14.0,14.5,15.2,18.0
1879.0,55.80552741,37.41091461,158.746,-3704.991,616.993,0.22753,-0.025305,-0.02025,1878.19,14.1,14.5,15.2,18.3
1880.0,55.80552927,37.41093022,158.727,-3704.013,617.199,0.19426,-0.024565,-0.02041,1879.18,14.2,14.5,15.2,18.6
1881.0,55.80553090,37.41094590,158.707,-3703.029,617.379,0.16970,-0.023250,-0.02056,1880.17,14.2,14.6,15.3,18.7
1882.0,55.80553232,37.41096165,158.688,-3702.041,617.536,0.14765,-0.021644,-0.02070,1881.16,14.2,14.7,15.3,18.8
1883.0,55.80553355,37.41097744,158.669,-3701.051,617.673,0.12716,-0.020139,-0.02083,1882.14,14.2,14.8,15.3,18.9
1884.0,55.80553461,37.41099328,158.649,-3700.058,617.790,0.11277,-0.019085,-0.02096,1883.13,14.2,14.8,15.4,19.0
1885.0,55.80553559,37.41100913,158.630,-3699.064,617.898,0.10318,-0.018668,-0.02107,1884.12,14.2,14.9,15.4,19.1
1886.0,55.80553648,37.41102500,158.610,-3698.068,617.996,0.08904,-0.018853,-0.02118,1885.11,13.7,15.0,15.4,19.1
1887.0,55.80553720,37.41104090,158.589,-3697.072,618.076,0.06904,-0.019421,-0.02127,1886.10,13.1,15.0,15.4,19.1
1888.0,55.80553773,37.41105682,158.569,-3696.073,618.134,0.04645,-0.020066,-0.02136,1887.09,12.6,15.0,15.5,19.1
1889.0,55.80553805,37.41107275,158.547,-3695.074,618.169,0.02230,-0.020511,-0.02143,1888.08,12.0,15.1,15.5,19.1
1890.0,55.80553815,37.41108870,158.525,-3694.074,618.178,0.00059,-0.020610,-0.02149,1889.07,11.4,15.1,15.5,19.1
1891.0,55.80553808,37.41110465,158.503,-3693.074,618.170,-0.02207,-0.020398,-0.02154,1890.06,12.1,15.2,15.7,19.2
1892.0,55.80553777,37.41112058,158.480,-3692.075,618.134,-0.04837,-0.020068,-0.02156,1891.05,12.7,15.3,16.0,19.3
1893.0,55.80553723,37.41113650,158.457,-3691.076,618.073,-0.06649,-0.019892,-0.02157,1892.04,13.3,15.4,16.2,19.4
1894.0,55.80553659,37.41115241,158.433,-3690.079,618.001,-0.07743,-0.020082,-0.02155,1893.04,13.9,15.5,16.4,19.5
1895.0,55.80553585,37.41116830,158.409,-3689.082,617.919,-0.08978,-0.020653,-0.02150,1894.03,14.5,15.6,16.7,19.6
1896.0,55.80553499,37.41118418,158.385,-3688.087,617.822,-0.10794,-0.021371,-0.02142,1895.03,14.7,16.1,17.2,19.7
1897.0,55.80553393,37.41120001,158.361,-3687.094,617.703,-0.13534,-0.021807,-0.02132,1896.02,14.9,16.6,17.7,19.8
1898.0,55.80553258,37.41121578,158.337,-3686.106,617.552,-0.16679,-0.021489,-0.02118,1897.02,15.1,17.1,18.3,20.0
1899.0,55.80553096,37.41123147,158.313,-3685.122,617.371,-0.19438,-0.020084,-0.02102,1898.01,15.3,17.6,18.8,20.1
1900.0,55.80552913,37.41124708,158.289,-3684.143,617.166,-0.22128,-0.017525,-0.02082,1899.01,15.6,18.2,19.3,20.2
1901.0,55.80552704,37.41126259,158.265,-3683.171,616.932,-0.24393,-0.014038,-0.02058,1900.01,15.5,18.8,19.8,20.6
1902.0,55.80552481,37.41127803,158.242,-3682.203,616.683,-0.25599,-0.010084,-0.02032,1901.01,15.4,19.4,20.3,21.1
1903.0,55.80552250,37.41129345,158.219,-3681.236,616.426,-0.26103,-0.006225,-0.02003,1902.01,15.3,20.1,20.7,21.5
1904.0,55.80552019,37.41130886,158.197,-3680.270,616.167,-0.25809,-0.002984,-0.01971,1903.01,15.2,20.7,21.2,21.9
1905.0,55.80551793,37.41132429,158.175,-3679.303,615.915,-0.25392,-0.000709,-0.01936,1904.01,15.1,21.4,21.7,22.3
1906.0,55.80551569,37.41133974,158.155,-3678.335,615.664,-0.24684,0.000510,-0.01899,1905.01,15.5,21.8,22.1,22.7
1907.0,55.80551356,37.41135523,158.135,-3677.363,615.427,-0.23717,0.000842,-0.01860,1906.01,15.9,22.3,22.6,23.1
1908.0,55.80551148,37.41137074,158.116,-3676.391,615.195,-0.23619,0.000651,-0.01820,1907.02,16.3,22.7,23.0,23.5
1909.0,55.80550937,37.41138624,158.098,-3675.419,614.959,-0.24047,0.000351,-0.01777,1908.02,16.7,23.2,23.5,23.8
1910.0,55.80550722,37.41140173,158.081,-3674.448,614.718,-0.24559,0.000263,-0.01734,1909.02,17.2,23.6,23.9,24.2
1911.0,55.80550502,37.41141719,158.065,-3673.479,614.472,-0.25030,0.000503,-0.01690,1910.02,17.5,24.0,24.3,24.8
1912.0,55.80550278,37.41143264,158.049,-3672.510,614.223,-0.25129,0.000979,-0.01646,1911.02,17.8,24.3,24.7,25.3
1913.0,55.80550057,37.41144809,158.034,-3671.542,613.975,-0.24689,0.001460,-0.01601,1912.02,18.1,24.7,25.0,25.8
1914.0,55.80549841,37.41146357,158.019,-3670.571,613.734,-0.23885,0.001702,-0.01556,1913.03,18.5,25.0,25.4,26.4
1915.0,55.80549633,37.41147908,158.004,-3669.598,613.502,-0.23486,0.001555,-0.01512,1914.03,18.8,25.4,25.8,26.9
1916.0,55.80549424,37.41149459,157.990,-3668.626,613.269,-0.23459,0.001015,-0.01468,1915.03,19.1,25.7,26.1,27.3
1917.0,55.80549217,37.41151011,157.976,-3667.653,613.037,-0.22986,0.000212,-0.01425,1916.03,19.4,26.0,26.5,27.7
1918.0,55.80549017,37.41152566,157.963,-3666.679,612.813,-0.22773,-0.000640,-0.01383,1917.03,19.7,26.3,26.9,28.1
1919.0,55.80548813,37.41154119,157.949,-3665.705,612.585,-0.23387,-0.001324,-0.01343,1918.03,20.0,26.6,27.2,28.4
1920.0,55.80548602,37.41155669,157.937,-3664.733,612.349,-0.24095,-0.001703,-0.01304,1919.03,20.3,27.0,27.6,28.8
1921.0,55.80548386,37.41157217,157.924,-3663.763,612.108,-0.24552,-0.001756,-0.01266,1920.03,20.5,27.2,27.9,29.2
1922.0,55.80548167,37.41158763,157.912,-3662.793,611.863,-0.24689,-0.001570,-0.01230,1921.03,20.7,27.5,28.1,29.6
1923.0,55.80547948,37.41160310,157.900,-3661.823,611.619,-0.24595,-0.001274,-0.01196,1922.03,20.8,27.8,28.4,30.0
1924.0,55.80547731,37.41161858,157.889,-3660.853,611.376,-0.24518,-0.000955,-0.01164,1923.03,21.0,28.1,28.7,30.3
1925.0,55.80547514,37.41163405,157.879,-3659.883,611.134,-0.24489,-0.000620,-0.01135,1924.03,21.2,28.4,28.9,30.7
1926.0,55.80547297,37.41164953,157.869,-3658.913,610.891,-0.24571,-0.000201,-0.01108,1925.03,21.3,28.6,29.2,31.1
1927.0,55.80547078,37.41166499,157.859,-3657.943,610.648,-0.24968,0.000372,-0.01083,1926.03,21.4,28.8,29.4,31.4
1928.0,55.80546854,37.41168044,157.850,-3656.975,610.397,-0.25243,0.001104,-0.01060,1927.03,21.5,29.1,29.6,31.8
1929.0,55.80546631,37.41169589,157.842,-3656.007,610.148,-0.25085,0.001893,-0.01041,1928.03,21.7,29.3,29.8,32.1
1930.0,55.80546410,37.41171134,157.833,-3655.038,609.901,-0.24709,0.002545,-0.01024,1929.03,21.8,29.5,30.1,32.5
1931.0,55.80546193,37.41172682,157.825,-3654.067,609.659,-0.24194,0.002845,-0.01010,1930.03,21.6,29.7,30.2,32.8
1932.0,55.80545981,37.41174231,157.817,-3653.096,609.422,-0.23455,0.002643,-0.00998,1931.03,21.5,29.8,30.3,33.1
1933.0,55.80545777,37.41175785,157.810,-3652.122,609.194,-0.22649,0.001920,-0.00989,1932.03,21.4,30.0,30.5,33.4
1934.0,55.80545579,37.41177340,157.802,-3651.147,608.973,-0.22247,0.000808,-0.00983,1933.03,21.2,30.1,30.6,33.7
1935.0,55.80545382,37.41178896,157.794,-3650.171,608.753,-0.22390,-0.000445,-0.00979,1934.02,21.1,30.2,30.7,33.9
1936.0,55.80545182,37.41180450,157.786,-3649.197,608.528,-0.22841,-0.001556,-0.00978,1935.02,20.7,30.3,30.8,34.2
1937.0,55.80544977,37.41182003,157.777,-3648.223,608.300,-0.23331,-0.002290,-0.00979,1936.02,20.3,30.3,30.8,34.5
1938.0,55.80544768,37.41183554,157.769,-3647.251,608.066,-0.23860,-0.002527,-0.00982,1937.02,20.0,30.4,30.9,34.8
1939.0,55.80544554,37.41185103,157.761,-3646.280,607.827,-0.24432,-0.002285,-0.00988,1938.02,19.6,30.4,30.9,35.1
1940.0,55.80544335,37.41186650,157.752,-3645.310,607.582,-0.25014,-0.001708,-0.00994,1939.02,19.2,30.5,31.0,35.4
1941.0,55.80544111,37.41188194,157.743,-3644.342,607.332,-0.25009,-0.001009,-0.01003,1940.02,19.1,30.5,31.0,35.6
1942.0,55.80543892,37.41189741,157.734,-3643.373,607.087,-0.24737,-0.000397,-0.01013,1941.01,18.9,30.5,31.0,35.8
1943.0,55.80543672,37.41191287,157.724,-3642.403,606.842,-0.24482,-0.000000,-0.01024,1942.01,18.8,30.6,31.0,36.0
1944.0,55.80543458,37.41192836,157.714,-3641.432,606.602,-0.24169,0.000171,-0.01035,1943.01,18.7,30.6,31.0,36.2
1945.0,55.80543244,37.41194384,157.704,-3640.461,606.364,-0.24081,0.000203,-0.01047,1944.01,18.5,30.6,31.1,36.5
1946.0,55.80543031,37.41195934,157.693,-3639.490,606.126,-0.24337,0.000216,-0.01060,1945.01,18.1,30.5,30.9,36.5
1947.0,55.80542812,37.41197481,157.682,-3638.520,605.882,-0.24756,0.000284,-0.01072,1946.00,17.6,30.4,30.8,36.6
1948.0,55.80542592,37.41199027,157.670,-3637.551,605.635,-0.24739,0.000402,-0.01084,1947.00,17.2,30.2,30.7,36.6
1949.0,55.80542374,37.41200574,157.658,-3636.581,605.392,-0.24454,0.000503,-0.01096,1948.00,16.7,30.1,30.5,36.7
1950.0,55.80542159,37.41202122,157.646,-3635.611,605.151,-0.24224,0.000517,-0.01108,1949.00,16.2,30.0,30.4,36.7
1951.0,55.80541945,37.41203671,157.634,-3634.639,604.912,-0.23936,0.000431,-0.01119,1950.00,15.6,29.8,30.2,36.7
1952.0,55.80541734,37.41205221,157.621,-3633.668,604.677,-0.23711,0.000300,-0.01129,1951.00,15.1,29.6,30.0,36.8
1953.0,55.80541524,37.41206772,157.609,-3632.695,604.442,-0.24118,0.000221,-0.01139,1952.00,14.5,29.4,29.8,36.8
1954.0,55.80541306,37.41208319,157.596,-3631.725,604.199,-0.24453,0.000260,-0.01148,1953.00,13.9,29.2,29.6,36.8
1955.0,55.80541091,37.41209867,157.584,-3630.755,603.958,-0.24261,0.000417,-0.01156,1954.00,13.3,29.0,29.4,36.9
1956.0,55.80540876,37.41211415,157.571,-3629.784,603.719,-0.24356,0.000616,-0.01164,1955.00,12.6,28.7,29.2,36.8
1957.0,55.80540659,37.41212963,157.559,-3628.814,603.476,-0.24237,0.000738,-0.01171,1956.00,11.9,28.5,28.9,36.8
1958.0,55.80540447,37.41214512,157.547,-3627.842,603.239,-0.23751,0.000685,-0.01177,1957.00,11.2,28.2,28.7,36.8
1959.0,55.80540238,37.41216063,157.535,-3626.870,603.005,-0.23509,0.000418,-0.01183,1958.00,10.5,27.9,28.5,36.8
1960.0,55.80540030,37.41217615,157.523,-3625.898,602.773,-0.23509,-0.000018,-0.01189,1959.00,9.8,27.7,28.2,36.8
1961.0,55.80539821,37.41219166,157.511,-3624.925,602.540,-0.23476,-0.000508,-0.01195,1960.00,10.5,27.4,27.9,36.6
1962.0,55.80539613,37.41220717,157.499,-3623.952,602.308,-0.23547,-0.000907,-0.01200,1961.00,11.1,27.2,27.6,36.4
1963.0,55.80539403,37.41222268,157.487,-3622.980,602.073,-0.24010,-0.001088,-0.01206,1961.99,11.8,26.9,27.3,36.2
1964.0,55.80539188,37.41223816,157.476,-3622.010,601.832,-0.24357,-0.000987,-0.01212,1962.99,12.4,26.7,27.0,36.0
1965.0,55.80538971,37.41225364,157.465,-3621.039,601.591,-0.24547,-0.000639,-0.01218,1963.99,13.0,26.4,26.7,35.9
1966.0,55.80538753,37.41226910,157.454,-3620.070,601.346,-0.24756,-0.000176,-0.01224,1964.99,13.6,26.1,26.5,35.6
1967.0,55.80538533,37.41228457,157.443,-3619.100,601.101,-0.24731,0.000207,-0.01230,1965.99,14.1,25.8,26.2,35.4
1968.0,55.80538314,37.41230004,157.432,-3618.131,600.857,-0.24480,0.000325,-0.01237,1966.98,14.7,25.5,25.9,35.1
1969.0,55.80538099,37.41231552,157.420,-3617.160,600.616,-0.23931,0.000103,-0.01244,1967.98,15.2,25.2,25.6,34.8
1970.0,55.80537890,37.41233103,157.409,-3616.188,600.383,-0.23295,-0.000368,-0.01251,1968.98,15.7,24.8,25.4,34.6
1971.0,55.80537686,37.41234656,157.397,-3615.214,600.154,-0.23340,-0.000848,-0.01258,1969.98,16.1,24.5,25.0,34.2
1972.0,55.80537476,37.41236206,157.384,-3614.242,599.920,-0.24020,-0.001054,-0.01266,1970.98,16.5,24.2,24.7,33.9
1973.0,55.80537260,37.41237754,157.371,-3613.271,599.678,-0.25003,-0.000820,-0.01273,1971.98,16.9,23.8,24.3,33.5
1974.0,55.80537033,37.41239297,157.358,-3612.304,599.425,-0.25831,-0.000212,-0.01281,1972.98,17.3,23.5,23.9,33.2
1975.0,55.80536802,37.41240839,157.344,-3611.338,599.167,-0.25648,0.000492,-0.01288,1973.98,17.7,23.1,23.6,32.8
1976.0,55.80536579,37.41242383,157.330,-3610.369,598.918,-0.24826,0.000939,-0.01296,1974.98,17.7,22.8,23.2,32.3
1977.0,55.80536362,37.41243931,157.316,-3609.399,598.676,-0.23779,0.000911,-0.01303,1975.98,17.7,22.4,22.9,31.7
1978.0,55.80536157,37.41245483,157.302,-3608.426,598.447,-0.22954,0.000444,-0.01309,1976.98,17.8,22.0,22.5,31.1
1979.0,55.80535955,37.41247037,157.288,-3607.452,598.221,-0.23214,-0.000188,-0.01316,1977.98,17.8,21.7,22.2,30.6
1980.0,55.80535745,37.41248588,157.275,-3606.479,597.987,-0.24088,-0.000637,-0.01321,1978.98,17.9,21.3,21.8,30.0
1981.0,55.80535528,37.41250135,157.261,-3605.509,597.744,-0.24857,-0.000684,-0.01327,1979.98,17.7,20.9,21.4,29.4
1982.0,55.80535305,37.41251680,157.248,-3604.541,597.494,-0.25430,-0.000355,-0.01331,1980.98,17.5,20.5,21.0,28.8
1983.0,55.80535078,37.41253223,157.234,-3603.574,597.241,-0.25424,0.000115,-0.01335,1981.99,17.3,20.2,20.6,28.2
1984.0,55.80534854,37.41254768,157.221,-3602.605,596.991,-0.24679,0.000445,-0.01339,1982.99,17.2,19.8,20.3,27.6
1985.0,55.80534640,37.41256316,157.207,-3601.634,596.752,-0.23632,0.000489,-0.01341,1983.99,17.0,19.4,19.9,27.0
1986.0,55.80534435,37.41257869,157.194,-3600.661,596.523,-0.23179,0.000319,-0.01343,1984.99,16.7,19.0,19.5,26.3
1987.0,55.80534229,37.41259421,157.180,-3599.688,596.293,-0.23703,0.000147,-0.01345,1985.99,16.4,18.6,19.1,25.6
1988.0,55.80534015,37.41260970,157.166,-3598.717,596.054,-0.24818,0.000151,-0.01345,1986.99,16.2,18.1,18.6,24.9
1989.0,55.80533789,37.41262513,157.153,-3597.749,595.801,-0.25521,0.000342,-0.01345,1987.99,15.9,17.7,18.2,24.2
1990.0,55.80533563,37.41264057,157.139,-3596.782,595.549,-0.24936,0.000563,-0.01344,1988.99,15.6,17.3,17.8,23.5
1991.0,55.80533347,37.41265605,157.125,-3595.811,595.308,-0.23775,0.000613,-0.01342,1989.99,15.1,16.8,17.4,22.5
1992.0,55.80533141,37.41267157,157.111,-3594.838,595.078,-0.23062,0.000403,-0.01340,1990.99,14.6,16.3,17.0,21.6
1993.0,55.80532938,37.41268711,157.097,-3593.864,594.851,-0.23458,0.000011,-0.01337,1991.99,14.1,15.8,16.6,20.6
1994.0,55.80532725,37.41270260,157.084,-3592.893,594.613,-0.24035,-0.000377,-0.01333,1992.99,13.6,15.3,16.1,19.6
1995.0,55.80532512,37.41271809,157.070,-3591.921,594.375,-0.24361,-0.000588,-0.01328,1993.99,13.1,14.7,15.7,18.7
1996.0,55.80532293,37.41273356,157.056,-3590.952,594.130,-0.24418,-0.000553,-0.01323,1994.99,12.4,14.0,15.0,17.5
1997.0,55.80532079,37.41274904,157.042,-3589.981,593.891,-0.24495,-0.000319,-0.01316,1995.99,11.7,13.3,14.3,16.4
1998.0,55.80531859,37.41276451,157.029,-3589.011,593.645,-0.24675,0.000004,-0.01309,1996.99,11.0,12.6,13.6,15.2
1999.0,55.80531642,37.41277998,157.015,-3588.041,593.403,-0.24204,0.000298,-0.01302,1997.99,10.3,11.8,13.0,14.1
2000.0,55.80531430,37.41279548,157.002,-3587.070,593.166,-0.24209,0.000483,-0.01293,1998.99,9.6,11.1,12.3,13.0
2001.0,55.80531213,37.41281095,156.988,-3586.100,592.923,-0.24243,0.000530,-0.01284,1999.99,8.9,10.7,11.8,12.6
2002.0,55.80531000,37.41282645,156.975,-3585.128,592.686,-0.23975,0.000448,-0.01275,2000.99,8.1,10.3,11.4,12.1
2003.0,55.80530788,37.41284194,156.962,-3584.157,592.448,-0.23967,0.000274,-0.01265,2001.99,7.4,9.9,11.0,11.7
2004.0,55.80530575,37.41285744,156.949,-3583.185,592.211,-0.23742,0.000059,-0.01254,2002.99,6.6,9.5,10.5,11.3
2005.0,55.80530366,37.41287295,156.937,-3582.213,591.978,-0.23976,-0.000150,-0.01243,2003.99,5.9,9.1,10.1,10.9
2006.0,55.80530150,37.41288842,156.924,-3581.243,591.736,-0.24220,-0.000317,-0.01232,2004.99,6.1,10.2,11.1,12.5
2007.0,55.80529937,37.41290392,156.911,-3580.271,591.498,-0.24050,-0.000429,-0.01221,2005.99,6.3,11.2,12.1,14.2
2008.0,55.80529724,37.41291941,156.899,-3579.300,591.260,-0.24169,-0.000481,-0.01210,2006.99,6.6,12.3,13.1,15.8
2009.0,55.80529509,37.41293489,156.886,-3578.330,591.019,-0.24119,-0.000475,-0.01198,2007.99,6.8,13.4,14.1,17.4
2010.0,55.80529296,37.41295038,156.874,-3577.358,590.782,-0.24229,-0.000416,-0.01188,2008.99,7.0,14.4,15.1,19.0
2011.0,55.80529079,37.41296586,156.862,-3576.388,590.540,-0.24602,-0.000316,-0.01177,2009.99,8.2,15.2,15.8,19.5
2012.0,55.80528860,37.41298133,156.850,-3575.418,590.295,-0.24470,-0.000190,-0.01167,2010.98,9.4,15.9,16.6,19.9
2013.0,55.80528645,37.41299681,156.839,-3574.448,590.055,-0.24199,-0.000050,-0.01158,2011.98,10.5,16.7,17.3,20.4
2014.0,55.80528431,37.41301230,156.828,-3573.477,589.816,-0.24316,0.000098,-0.01150,2012.98,11.7,17.4,18.0,20.8
2015.0,55.80528214,37.41302777,156.817,-3572.506,589.573,-0.24472,0.000256,-0.01143,2013.98,12.9,18.2,18.8,21.2
2016.0,55.80527997,37.41304325,156.807,-3571.536,589.331,-0.24434,0.000418,-0.01137,2014.97,13.6,18.8,19.4,21.5
2017.0,55.80527781,37.41305873,156.797,-3570.566,589.090,-0.24253,0.000557,-0.01132,2015.97,14.3,19.4,20.0,21.7
2018.0,55.80527567,37.41307422,156.788,-3569.595,588.851,-0.24233,0.000621,-0.01128,2016.96,15.0,20.0,20.6,22.0
2019.0,55.80527351,37.41308970,156.778,-3568.624,588.610,-0.24298,0.000542,-0.01125,2017.96,15.7,20.6,21.2,22.3
2020.0,55.80527137,37.41310518,156.769,-3567.653,588.370,-0.24027,0.000275,-0.01124,2018.96,16.4,21.2,21.8,22.5
2021.0,55.80526925,37.41312068,156.759,-3566.682,588.134,-0.23622,-0.000166,-0.01125,2019.96,16.7,21.7,22.3,23.0
2022.0,55.80526718,37.41313620,156.749,-3565.709,587.902,-0.23387,-0.000693,-0.01126,2020.95,17.0,22.2,22.8,23.6
2023.0,55.80526511,37.41315171,156.738,-3564.736,587.670,-0.23823,-0.001152,-0.01129,2021.95,17.2,22.7,23.3,24.1
2024.0,55.80526295,37.41316719,156.728,-3563.766,587.430,-0.24438,-0.001375,-0.01133,2022.95,17.5,23.2,23.9,24.6
2025.0,55.80526077,37.41318267,156.717,-3562.796,587.186,-0.24546,-0.001241,-0.01138,2023.95,17.8,23.7,24.4,25.2
2026.0,55.80525860,37.41319814,156.706,-3561.825,586.944,-0.24845,-0.000730,-0.01144,2024.95,18.0,24.1,24.9,25.5
2027.0,55.80525637,37.41321359,156.695,-3560.857,586.695,-0.25342,0.000061,-0.01150,2025.94,18.3,24.6,25.3,25.9
2028.0,55.80525411,37.41322902,156.683,-3559.889,586.442,-0.25348,0.000934,-0.01157,2026.94,18.5,25.0,25.8,26.2
2029.0,55.80525188,37.41324447,156.672,-3558.921,586.193,-0.25087,0.001650,-0.01165,2027.94,18.7,25.5,26.2,26.5
2030.0,55.80524967,37.41325993,156.660,-3557.952,585.946,-0.24269,0.002008,-0.01172,2028.94,19.0,26.0,26.7,26.9
2031.0,55.80524758,37.41327544,156.648,-3556.980,585.712,-0.23428,0.001923,-0.01180,2029.94,19.0,26.4,27.1,27.2
2032.0,55.80524551,37.41329096,156.637,-3556.007,585.481,-0.23298,0.001444,-0.01187,2030.94,19.1,26.8,27.5,27.6
2033.0,55.80524344,37.41330648,156.625,-3555.034,585.251,-0.23276,0.000731,-0.01194,2031.94,19.2,27.2,27.8,27.9
2034.0,55.80524138,37.41332200,156.612,-3554.061,585.020,-0.23288,-0.000017,-0.01200,2032.94,19.3,27.7,28.2,28.3
2035.0,55.80523931,37.41333751,156.600,-3553.088,584.789,-0.23454,-0.000634,-0.01205,2033.93,19.4,28.1,28.6,28.6
2036.0,55.80523722,37.41335302,156.587,-3552.115,584.555,-0.23810,-0.001033,-0.01210,2034.93,19.7,28.4,28.9,29.0
2037.0,55.80523509,37.41336852,156.574,-3551.144,584.317,-0.24163,-0.001206,-0.01213,2035.93,20.1,28.7,29.3,29.3
2038.0,55.80523294,37.41338400,156.560,-3550.173,584.077,-0.24281,-0.001203,-0.01215,2036.93,20.5,29.1,29.6,29.6
2039.0,55.80523079,37.41339948,156.547,-3549.203,583.837,-0.24124,-0.001092,-0.01216,2037.93,20.8,29.4,29.9,30.0
2040.0,55.80522866,37.41341498,156.533,-3548.231,583.599,-0.24195,-0.000933,-0.01215,2038.93,21.2,29.7,30.3,30.3
2041.0,55.80522650,37.41343045,156.520,-3547.261,583.357,-0.24619,-0.000764,-0.01213,2039.93,21.6,29.9,30.5,30.5
2042.0,55.80522430,37.41344591,156.506,-3546.292,583.111,-0.24642,-0.000602,-0.01209,2040.93,22.1,30.1,30.7,30.8
2043.0,55.80522213,37.41346139,156.493,-3545.321,582.869,-0.24448,-0.000454,-0.01204,2041.93,22.6,30.3,31.0,31.0
2044.0,55.80521996,37.41347687,156.479,-3544.351,582.627,-0.24458,-0.000313,-0.01198,2042.93,23.0,30.5,31.2,31.3
2045.0,55.80521779,37.41349234,156.466,-3543.381,582.385,-0.24590,-0.000167,-0.01190,2043.93,23.5,30.7,31.5,31.5
2046.0,55.80521560,37.41350781,156.454,-3542.411,582.141,-0.24762,-0.000004,-0.01181,2044.93,23.8,30.9,31.6,31.7
2047.0,55.80521340,37.41352327,156.441,-3541.442,581.895,-0.24659,0.000174,-0.01171,2045.93,24.1,31.0,31.8,31.9
2048.0,55.80521123,37.41353874,156.429,-3540.472,581.652,-0.24586,0.000352,-0.01160,2046.93,24.4,31.2,31.9,32.0
2049.0,55.80520905,37.41355421,156.416,-3539.502,581.408,-0.24620,0.000502,-0.01149,2047.93,24.7,31.3,32.0,32.2
2050.0,55.80520687,37.41356968,156.404,-3538.532,581.165,-0.24452,0.000602,-0.01137,2048.93,25.0,31.5,32.2,32.3
2051.0,55.80520471,37.41358517,156.393,-3537.561,580.924,-0.24353,0.000644,-0.01125,2049.93,25.1,31.5,32.2,32.4
2052.0,55.80520255,37.41360064,156.381,-3536.591,580.683,-0.24300,0.000647,-0.01113,2050.93,25.2,31.5,32.3,32.4
2053.0,55.80520040,37.41361613,156.371,-3535.620,580.443,-0.24120,0.000645,-0.01101,2051.93,25.2,31.6,32.3,32.4
2054.0,55.80519827,37.41363162,156.360,-3534.649,580.205,-0.24010,0.000679,-0.01090,2052.93,25.3,31.6,32.3,32.5
2055.0,55.80519615,37.41364712,156.350,-3533.678,579.967,-0.24156,0.000758,-0.01079,2053.93,25.4,31.7,32.4,32.5
2056.0,55.80519399,37.41366260,156.340,-3532.707,579.726,-0.24526,0.000855,-0.01069,2054.92,25.4,31.7,32.4,32.5
2057.0,55.80519180,37.41367806,156.331,-3531.737,579.482,-0.24192,0.000908,-0.01060,2055.92,25.4,31.7,32.4,32.6
2058.0,55.80518970,37.41369357,156.322,-3530.765,579.247,-0.23469,0.000864,-0.01053,2056.92,25.4,31.7,32.5,32.6
2059.0,55.80518764,37.41370909,156.313,-3529.792,579.017,-0.23470,0.000710,-0.01046,2057.92,25.4,31.7,32.5,32.6
2060.0,55.80518554,37.41372459,156.304,-3528.820,578.782,-0.23541,0.000481,-0.01041,2058.92,25.4,31.7,32.5,32.6
2061.0,55.80518346,37.41374011,156.295,-3527.847,578.550,-0.23541,0.000231,-0.01037,2059.92,25.5,31.8,32.5,32.7
2062.0,55.80518136,37.41375562,156.286,-3526.875,578.316,-0.23689,-0.000007,-0.01034,2060.92,25.5,31.8,32.6,32.7
2063.0,55.80517926,37.41377112,156.277,-3525.903,578.081,-0.23732,-0.000237,-0.01033,2061.92,25.5,31.8,32.6,32.7
2064.0,55.80517715,37.41378662,156.268,-3524.931,577.846,-0.23611,-0.000487,-0.01033,2062.92,25.6,31.9,32.6,32.8
2065.0,55.80517507,37.41380213,156.259,-3523.959,577.613,-0.23622,-0.000773,-0.01034,2063.92,25.6,31.9,32.6,32.8
2066.0,55.80517297,37.41381764,156.250,-3522.987,577.377,-0.23627,-0.001066,-0.01035,2064.91,25.7,32.0,32.7,32.9
2067.0,55.80517088,37.41383315,156.240,-3522.014,577.145,-0.23515,-0.001296,-0.01038,2065.91,25.9,32.0,32.7,33.1
2068.0,55.80516879,37.41384866,156.230,-3521.042,576.911,-0.23987,-0.001382,-0.01042,2066.91,26.0,32.0,32.8,33.2
2069.0,55.80516663,37.41386414,156.220,-3520.072,576.670,-0.24643,-0.001288,-0.01045,2067.91,26.1,32.1,32.9,33.4
2070.0,55.80516443,37.41387960,156.209,-3519.102,576.424,-0.24825,-0.001044,-0.01050,2068.91,26.3,32.1,33.0,33.5
2071.0,55.80516223,37.41389506,156.199,-3518.133,576.178,-0.24767,-0.000722,-0.01054,2069.91,26.6,32.2,33.1,33.6
2072.0,55.80516004,37.41391053,156.187,-3517.163,575.933,-0.24652,-0.000377,-0.01058,2070.91,26.8,32.3,33.3,33.7
2073.0,55.80515786,37.41392600,156.176,-3516.193,575.690,-0.24222,-0.000005,-0.01062,2071.91,27.1,32.5,33.4,33.8
2074.0,55.80515574,37.41394150,156.165,-3515.222,575.454,-0.24081,0.000438,-0.01066,2072.92,27.4,32.6,33.6,33.9
2075.0,55.80515359,37.41395698,156.153,-3514.251,575.213,-0.25013,0.000963,-0.01069,2073.92,27.7,32.7,33.7,34.0
2076.0,55.80515131,37.41397240,156.141,-3513.284,574.959,-0.25649,0.001492,-0.01072,2074.92,27.9,32.8,34.0,34.3
2077.0,55.80514905,37.41398784,156.129,-3512.317,574.706,-0.24636,0.001859,-0.01074,2075.92,28.0,33.0,34.3,34.5
2078.0,55.80514694,37.41400334,156.117,-3511.345,574.471,-0.23421,0.001902,-0.01076,2076.92,28.2,33.1,34.5,34.8
2079.0,55.80514489,37.41401886,156.105,-3510.371,574.242,-0.23082,0.001558,-0.01077,2077.92,28.3,33.2,34.8,35.1
2080.0,55.80514285,37.41403439,156.094,-3509.398,574.013,-0.22988,0.000903,-0.01078,2078.92,28.5,33.4,35.1,35.4
2081.0,55.80514081,37.41404993,156.082,-3508.424,573.786,-0.23220,0.000106,-0.01078,2079.92,28.7,33.5,35.4,35.7
2082.0,55.80513873,37.41406544,156.071,-3507.451,573.553,-0.23415,-0.000652,-0.01078,2080.92,28.9,33.7,35.7,35.9
2083.0,55.80513666,37.41408096,156.060,-3506.478,573.322,-0.23648,-0.001232,-0.01078,2081.92,29.0,33.9,36.0,36.2
2084.0,55.80513453,37.41409645,156.049,-3505.507,573.084,-0.23737,-0.001560,-0.01077,2082.93,29.2,34.0,36.3,36.5
2085.0,55.80513245,37.41411196,156.038,-3504.534,572.851,-0.23733,-0.001604,-0.01077,2083.93,29.4,34.2,36.6,36.8
2086.0,55.80513032,37.41412746,156.028,-3503.563,572.614,-0.24446,-0.001374,-0.01077,2084.93,29.6,34.3,36.8,37.1
2087.0,55.80512811,37.41414292,156.017,-3502.594,572.367,-0.24948,-0.000925,-0.01077,2085.93,29.9,34.4,37.1,37.4
2088.0,55.80512590,37.41415837,156.007,-3501.625,572.120,-0.24800,-0.000357,-0.01077,2086.93,30.2,34.4,37.4,37.7
2089.0,55.80512372,37.41417384,155.998,-3500.655,571.876,-0.24491,0.000198,-0.01078,2087.93,30.4,34.5,37.6,38.0
2090.0,55.80512156,37.41418932,155.988,-3499.685,571.636,-0.24586,0.000613,-0.01079,2088.93,30.7,34.6,37.9,38.3
2091.0,55.80511936,37.41420478,155.979,-3498.715,571.390,-0.24495,0.000806,-0.01081,2089.93,30.8,34.7,38.1,38.5
2092.0,55.80511722,37.41422027,155.970,-3497.744,571.150,-0.23842,0.000761,-0.01083,2090.92,31.0,34.7,38.4,38.8
2093.0,55.80511513,37.41423578,155.960,-3496.772,570.917,-0.23605,0.000532,-0.01086,2091.92,31.2,34.8,38.7,39.0
2094.0,55.80511303,37.41425129,155.950,-3495.800,570.683,-0.23921,0.000218,-0.01089,2092.92,31.3,34.8,38.9,39.3
2095.0,55.80511089,37.41426677,155.940,-3494.829,570.443,-0.24107,-0.000070,-0.01092,2093.92,31.5,34.9,39.2,39.6
2096.0,55.80510876,37.41428226,155.930,-3493.858,570.205,-0.23883,-0.000249,-0.01096,2094.92,31.6,35.0,39.4,39.8
2097.0,55.80510666,37.41429777,155.919,-3492.886,569.970,-0.23978,-0.000282,-0.01099,2095.92,31.7,35.0,39.7,40.0
2098.0,55.80510451,37.41431325,155.908,-3491.915,569.730,-0.24543,-0.000195,-0.01103,2096.92,31.9,35.1,39.9,40.3
2099.0,55.80510230,37.41432871,155.896,-3490.946,569.484,-0.24440,-0.000059,-0.01106,2097.92,32.0,35.2,40.2,40.5
2100.0,55.80510017,37.41434421,155.884,-3489.974,569.246,-0.24165,0.000039,-0.01109,2098.92,32.1,35.3,40.4,40.8
2101.0,55.80509802,37.41435969,155.871,-3489.004,569.006,-0.24065,0.000032,-0.01112,2099.91,32.2,35.2,40.7,41.0
2102.0,55.80509591,37.41437519,155.859,-3488.032,568.770,-0.23938,-0.000090,-0.01115,2100.91,32.3,35.1,40.9,41.2
2103.0,55.80509378,37.41439068,155.846,-3487.061,568.532,-0.24039,-0.000273,-0.01117,2101.91,32.3,35.0,41.2,41.4
2104.0,55.80509164,37.41440617,155.834,-3486.089,568.294,-0.23808,-0.000422,-0.01118,2102.91,32.4,34.9,41.4,41.6
2105.0,55.80508955,37.41442168,155.821,-3485.117,568.060,-0.24072,-0.000453,-0.01119,2103.91,32.5,34.9,41.7,41.9
2106.0,55.80508738,37.41443715,155.809,-3484.147,567.817,-0.24827,-0.000339,-0.01120,2104.91,32.4,34.7,41.9,42.1
2107.0,55.80508515,37.41445260,155.797,-3483.178,567.568,-0.24761,-0.000120,-0.01119,2105.91,32.2,34.6,42.1,42.4
2108.0,55.80508299,37.41446808,155.786,-3482.208,567.327,-0.24418,0.000123,-0.01119,2106.91,32.1,34.5,42.3,42.7
2109.0,55.80508082,37.41448356,155.775,-3481.238,567.085,-0.24193,0.000317,-0.01118,2107.91,32.0,34.4,42.5,43.0
2110.0,55.80507870,37.41449905,155.763,-3480.266,566.847,-0.23975,0.000432,-0.01116,2108.91,31.9,34.2,42.7,43.3
2111.0,55.80507657,37.41451455,155.753,-3479.295,566.610,-0.24200,0.000467,-0.01115,2109.91,31.6,34.1,43.0,43.5
2112.0,55.80507441,37.41453002,155.742,-3478.325,566.368,-0.24362,0.000418,-0.01112,2110.91,31.4,33.9,43.2,43.7
2113.0,55.80507225,37.41454550,155.731,-3477.354,566.128,-0.24239,0.000260,-0.01110,2111.91,31.2,33.7,43.5,43.9
2114.0,55.80507011,37.41456099,155.721,-3476.383,565.888,-0.24193,-0.000034,-0.01108,2112.91,31.0,33.6,43.7,44.1
2115.0,55.80506796,37.41457648,155.711,-3475.412,565.648,-0.23506,-0.000446,-0.01106,2113.91,30.7,33.4,44.0,44.3
2116.0,55.80506594,37.41459201,155.700,-3474.438,565.422,-0.23439,-0.000878,-0.01103,2114.91,30.5,33.4,44.1,44.5
2117.0,55.80506381,37.41460750,155.690,-3473.467,565.184,-0.24202,-0.001175,-0.01101,2115.91,30.2,33.5,44.3,44.7
2118.0,55.80506165,37.41462298,155.679,-3472.496,564.943,-0.24514,-0.001188,-0.01099,2116.91,30.0,33.5,44.5,44.9
2119.0,55.80505946,37.41463845,155.669,-3471.527,564.699,-0.24845,-0.000853,-0.01097,2117.91,29.8,33.5,44.7,45.1
2120.0,55.80505724,37.41465391,155.658,-3470.558,564.451,-0.25165,-0.000239,-0.01095,2118.91,29.5,33.5,44.9,45.3
2121.0,55.80505500,37.41466935,155.646,-3469.590,564.201,-0.25386,0.000466,-0.01093,2119.91,29.2,33.4,45.0,45.4
2122.0,55.80505275,37.41468478,155.635,-3468.622,563.949,-0.24988,0.001022,-0.01092,2120.91,28.9,33.3,45.2,45.6
2123.0,55.80505057,37.41470026,155.623,-3467.652,563.706,-0.24312,0.001242,-0.01091,2121.91,28.6,33.2,45.3,45.7
2124.0,55.80504844,37.41471575,155.612,-3466.681,563.467,-0.23889,0.001078,-0.01091,2122.91,28.2,33.1,45.5,45.9
2125.0,55.80504634,37.41473125,155.600,-3465.709,563.233,-0.23427,0.000662,-0.01090,2123.91,27.9,33.0,45.6,46.0
2126.0,55.80504428,37.41474678,155.589,-3464.735,563.003,-0.23313,0.000257,-0.01091,2124.91,27.6,32.7,45.8,46.2
2127.0,55.80504220,37.41476229,155.578,-3463.763,562.771,-0.23798,0.000136,-0.01091,2125.91,27.4,32.4,46.0,46.4
2128.0,55.80504006,37.41477778,155.567,-3462.792,562.532,-0.24800,0.000433,-0.01093,2126.91,27.1,32.1,46.2,46.6
2129.0,55.80503780,37.41479321,155.557,-3461.824,562.280,-0.25302,0.001064,-0.01094,2127.92,26.8,31.8,46.4,46.8
2130.0,55.80503558,37.41480866,155.547,-3460.856,562.031,-0.24701,0.001751,-0.01097,2128.92,26.6,31.5,46.6,47.0
2131.0,55.80503343,37.41482415,155.537,-3459.885,561.791,-0.23895,0.002152,-0.01099,2129.92,26.2,31.2,46.8,47.1
2132.0,55.80503134,37.41483966,155.528,-3458.912,561.558,-0.22971,0.002018,-0.01103,2130.92,25.9,30.9,46.9,47.2
2133.0,55.80502935,37.41485521,155.518,-3457.937,561.335,-0.22368,0.001302,-0.01107,2131.91,25.6,30.6,47.0,47.3
2134.0,55.80502737,37.41487076,155.508,-3456.962,561.114,-0.22275,0.000159,-0.01112,2132.91,25.2,30.3,47.2,47.5
2135.0,55.80502540,37.41488632,155.498,-3455.987,560.894,-0.22450,-0.001119,-0.01117,2133.91,24.9,30.0,47.3,47.6
2136.0,55.80502338,37.41490186,155.487,-3455.012,560.669,-0.22981,-0.002206,-0.01123,2134.91,24.5,29.8,47.4,47.7
2137.0,55.80502132,37.41491738,155.476,-3454.039,560.438,-0.23373,-0.002837,-0.01129,2135.91,24.1,29.6,47.6,47.8
2138.0,55.80501924,37.41493290,155.464,-3453.067,560.206,-0.23880,-0.002874,-0.01136,2136.91,23.7,29.3,47.7,47.9
2139.0,55.80501708,37.41494838,155.452,-3452.096,559.965,-0.24947,-0.002348,-0.01144,2137.91,23.3,29.1,47.8,48.0
2140.0,55.80501482,37.41496381,155.440,-3451.129,559.712,-0.25632,-0.001456,-0.01153,2138.91,23.0,28.8,47.9,48.2
2141.0,55.80501254,37.41497924,155.428,-3450.161,559.458,-0.25527,-0.000497,-0.01161,2139.91,22.6,28.7,48.0,48.3
2142.0,55.80501029,37.41499468,155.416,-3449.194,559.207,-0.24835,0.000235,-0.01171,2140.90,22.3,28.6,48.2,48.4
2143.0,55.80500814,37.41501016,155.404,-3448.223,558.966,-0.24018,0.000574,-0.01181,2141.90,21.9,28.4,48.3,48.5
2144.0,55.80500604,37.41502566,155.393,-3447.251,558.731,-0.23864,0.000541,-0.01192,2142.90,21.6,28.3,48.4,48.6
2145.0,55.80500391,37.41504116,155.381,-3446.280,558.493,-0.24124,0.000319,-0.01203,2143.90,21.3,28.2,48.5,48.7
2146.0,55.80500176,37.41505664,155.369,-3445.309,558.253,-0.24098,0.000153,-0.01214,2144.90,20.9,28.2,48.6,48.8
2147.0,55.80499964,37.41507213,155.358,-3444.337,558.016,-0.24288,0.000219,-0.01226,2145.90,20.5,28.2,48.7,49.0
2148.0,55.80499745,37.41508760,155.346,-3443.368,557.772,-0.24933,0.000535,-0.01239,2146.90,20.1,28.3,48.9,49.1
2149.0,55.80499522,37.41510305,155.335,-3442.399,557.523,-0.25144,0.000947,-0.01252,2147.90,19.7,28.3,49.0,49.2
2150.0,55.80499300,37.41511850,155.323,-3441.430,557.275,-0.24750,0.001211,-0.01266,2148.90,19.3,28.4,49.1,49.4
2151.0,55.80499083,37.41513398,155.311,-3440.460,557.033,-0.23808,0.001132,-0.01280,2149.90,19.1,27.9,49.2,49.4
2152.0,55.80498877,37.41514950,155.298,-3439.487,556.803,-0.22839,0.000683,-0.01295,2150.90,18.8,27.4,49.3,49.5
2153.0,55.80498678,37.41516505,155.286,-3438.512,556.580,-0.22825,0.000031,-0.01310,2151.90,18.6,27.0,49.4,49.6
2154.0,55.80498472,37.41518057,155.273,-3437.539,556.350,-0.23338,-0.000563,-0.01326,2152.90,18.3,26.5,49.5,49.7
2155.0,55.80498264,37.41519609,155.259,-3436.566,556.117,-0.24290,-0.000899,-0.01342,2153.90,18.0,26.1,49.5,49.7
2156.0,55.80498042,37.41521154,155.246,-3435.598,555.869,-0.25061,-0.000944,-0.01358,2154.90,17.6,26.5,49.6,49.8
2157.0,55.80497820,37.41522699,155.232,-3434.629,555.621,-0.24767,-0.000818,-0.01375,2155.90,17.1,26.9,49.7,49.9
2158.0,55.80497603,37.41524247,155.218,-3433.659,555.379,-0.23962,-0.000680,-0.01392,2156.90,16.6,27.4,49.7,49.9
2159.0,55.80497395,37.41525798,155.204,-3432.686,555.147,-0.23549,-0.000607,-0.01410,2157.90,16.1,27.8,49.8,50.0
2160.0,55.80497185,37.41527349,155.189,-3431.714,554.912,-0.24196,-0.000552,-0.01428,2158.90,15.6,28.2,49.9,50.1
2161.0,55.80496966,37.41528895,155.175,-3430.744,554.667,-0.24696,-0.000406,-0.01446,2159.90,15.1,28.2,50.0,50.2
2162.0,55.80496747,37.41530442,155.160,-3429.774,554.424,-0.24787,-0.000098,-0.01465,2160.90,14.5,28.2,50.1,50.3
2163.0,55.80496526,37.41531988,155.146,-3428.805,554.177,-0.24974,0.000346,-0.01484,2161.90,14.0,28.2,50.1,50.4
2164.0,55.80496305,37.41533533,155.131,-3427.837,553.929,-0.24697,0.000804,-0.01503,2162.90,13.5,28.1,50.2,50.5
2165.0,55.80496088,37.41535081,155.117,-3426.866,553.688,-0.24396,0.001119,-0.01523,2163.89,12.9,28.1,50.3,50.6
2166.0,55.80495872,37.41536629,155.102,-3425.896,553.446,-0.24235,0.001171,-0.01542,2164.89,12.1,28.0,50.4,50.7
2167.0,55.80495659,37.41538178,155.087,-3424.925,553.208,-0.23912,0.000932,-0.01562,2165.89,11.3,27.9,50.5,50.7
2168.0,55.80495448,37.41539728,155.071,-3423.953,552.972,-0.23275,0.000481,-0.01582,2166.89,10.5,27.8,50.6,50.8
2169.0,55.80495246,37.41541282,155.056,-3422.978,552.747,-0.23159,-0.000034,-0.01602,2167.89,9.7,27.7,50.7,50.8
2170.0,55.80495037,37.41542833,155.040,-3422.006,552.513,-0.23885,-0.000466,-0.01622,2168.89,8.9,27.6,50.8,50.9
2171.0,55.80494822,37.41544381,155.023,-3421.035,552.273,-0.24498,-0.000737,-0.01641,2169.89,9.4,27.4,50.8,50.9
2172.0,55.80494603,37.41545928,155.007,-3420.066,552.028,-0.24646,-0.000852,-0.01660,2170.89,9.9,27.1,50.9,51.0
2173.0,55.80494385,37.41547475,154.990,-3419.096,551.786,-0.23951,-0.000862,-0.01679,2171.88,10.5,26.9,51.0,51.1
2174.0,55.80494178,37.41549027,154.973,-3418.123,551.554,-0.23775,-0.000804,-0.01697,2172.88,11.0,26.6,51.0,51.2
2175.0,55.80493964,37.41550575,154.956,-3417.152,551.314,-0.24391,-0.000681,-0.01714,2173.88,11.5,26.4,51.1,51.3
2176.0,55.80493746,37.41552122,154.939,-3416.182,551.071,-0.24794,-0.000487,-0.01730,2174.88,12.5,24.5,51.2,51.4
2177.0,55.80493524,37.41553668,154.921,-3415.213,550.824,-0.25048,-0.000243,-0.01745,2175.88,13.4,22.7,51.4,51.5
2178.0,55.80493302,37.41555213,154.904,-3414.245,550.575,-0.24587,0.000002,-0.01758,2176.88,14.4,20.8,51.5,51.7
2179.0,55.80493088,37.41556762,154.886,-3413.273,550.337,-0.24209,0.000206,-0.01769,2177.88,15.3,19.0,51.6,51.8
2180.0,55.80492872,37.41558310,154.868,-3412.303,550.096,-0.24472,0.000364,-0.01778,2178.88,16.3,17.1,51.7,51.9
2181.0,55.80492654,37.41559857,154.849,-3411.333,549.852,-0.24267,0.000500,-0.01786,2179.88,17.0,19.2,51.8,52.0
2182.0,55.80492442,37.41561406,154.830,-3410.361,549.615,-0.24367,0.000619,-0.01791,2180.88,17.7,21.3,51.9,52.1
2183.0,55.80492222,37.41562953,154.810,-3409.392,549.370,-0.24663,0.000661,-0.01793,2181.88,18.3,23.4,51.9,52.1
2184.0,55.80492005,37.41564500,154.789,-3408.422,549.127,-0.24736,0.000515,-0.01794,2182.88,19.0,25.5,52.0,52.2
2185.0,55.80491784,37.41566046,154.768,-3407.453,548.880,-0.24065,0.000098,-0.01791,2183.88,19.7,27.6,52.0,52.2
2186.0,55.80491578,37.41567598,154.747,-3406.480,548.650,-0.23127,-0.000538,-0.01786,2184.88,20.2,28.0,52.0,52.2
2187.0,55.80491374,37.41569151,154.725,-3405.506,548.422,-0.23203,-0.001163,-0.01779,2185.88,20.7,28.3,52.1,52.2
2188.0,55.80491166,37.41570702,154.704,-3404.533,548.190,-0.23639,-0.001453,-0.01769,2186.88,21.2,28.7,52.1,52.2
2189.0,55.80490954,37.41572252,154.684,-3403.562,547.953,-0.24960,-0.001164,-0.01757,2187.88,21.7,29.1,52.1,52.2
2190.0,55.80490724,37.41573794,154.664,-3402.595,547.696,-0.26390,-0.000305,-0.01743,2188.88,22.2,29.5,52.1,52.2
2191.0,55.80490487,37.41575332,154.645,-3401.631,547.432,-0.26254,0.000821,-0.01728,2189.88,22.7,29.8,52.1,52.3
2192.0,55.80490259,37.41576874,154.627,-3400.664,547.177,-0.25135,0.001743,-0.01710,2190.88,23.2,30.2,52.2,52.3
2193.0,55.80490042,37.41578421,154.609,-3399.694,546.934,-0.24098,0.002054,-0.01691,2191.88,23.6,30.6,52.2,52.3
2194.0,55.80489832,37.41579972,154.593,-3398.722,546.700,-0.23164,0.001618,-0.01672,2192.88,24.1,30.9,52.2,52.4
2195.0,55.80489631,37.41581526,154.578,-3397.747,546.475,-0.22482,0.000638,-0.01651,2193.88,24.6,31.3,52.2,52.4
2196.0,55.80489433,37.41583082,154.563,-3396.772,546.254,-0.22680,-0.000456,-0.01630,2194.88,25.0,31.6,52.2,52.4
2197.0,55.80489228,37.41584635,154.548,-3395.799,546.025,-0.23736,-0.001220,-0.01609,2195.88,25.5,31.9,52.3,52.4
2198.0,55.80489012,37.41586182,154.534,-3394.828,545.784,-0.24795,-0.001408,-0.01588,2196.88,25.9,32.2,52.3,52.4
2199.0,55.80488789,37.41587727,154.519,-3393.860,545.534,-0.25529,-0.001070,-0.01568,2197.88,26.3,32.5,52.3,52.4
2200.0,55.80488560,37.41589269,154.504,-3392.893,545.279,-0.25527,-0.000481,-0.01547,2198.88,26.7,32.8,52.3,52.4
2201.0,55.80488336,37.41590814,154.490,-3391.925,545.029,-0.24423,0.000033,-0.01528,2199.87,27.1,33.2,52.2,52.4
2202.0,55.80488127,37.41592364,154.475,-3390.952,544.795,-0.23657,0.000277,-0.01509,2200.87,27.5,33.5,52.1,52.3
2203.0,55.80487917,37.41593915,154.460,-3389.980,544.561,-0.23970,0.000253,-0.01492,2201.87,27.8,33.8,52.1,52.3
2204.0,55.80487702,37.41595463,154.446,-3389.010,544.320,-0.24121,0.000113,-0.01475,2202.87,28.2,34.2,52.0,52.2
2205.0,55.80487489,37.41597013,154.432,-3388.038,544.083,-0.24285,0.000025,-0.01459,2203.87,28.5,34.5,51.9,52.1
2206.0,55.80487271,37.41598560,154.419,-3387.068,543.839,-0.24895,0.000067,-0.01444,2204.87,28.8,34.8,51.9,52.1
2207.0,55.80487048,37.41600104,154.405,-3386.100,543.590,-0.24822,0.000203,-0.01431,2205.87,29.1,35.0,51.9,52.1
2208.0,55.80486831,37.41601652,154.392,-3385.130,543.348,-0.24393,0.000336,-0.01418,2206.87,29.4,35.3,51.9,52.1
2209.0,55.80486615,37.41603200,154.379,-3384.159,543.107,-0.23752,0.000384,-0.01405,2207.87,29.7,35.6,51.8,52.1
2210.0,55.80486410,37.41604752,154.366,-3383.186,542.877,-0.23926,0.000317,-0.01394,2208.87,30.0,35.9,51.8,52.0
2211.0,55.80486191,37.41606299,154.353,-3382.216,542.633,-0.24581,0.000147,-0.01383,2209.87,30.2,36.1,51.7,52.0
2212.0,55.80485974,37.41607847,154.339,-3381.246,542.391,-0.24235,-0.000088,-0.01372,2210.87,30.5,36.4,51.7,51.9
2213.0,55.80485761,37.41609396,154.326,-3380.275,542.153,-0.23959,-0.000335,-0.01361,2211.87,30.8,36.7,51.6,51.9
2214.0,55.80485549,37.41610945,154.312,-3379.303,541.916,-0.23863,-0.000512,-0.01351,2212.87,31.0,37.0,51.5,51.8
2215.0,55.80485338,37.41612496,154.297,-3378.331,541.680,-0.24046,-0.000517,-0.01340,2213.87,31.3,37.3,51.4,51.7
2216.0,55.80485123,37.41614044,154.283,-3377.361,541.440,-0.24636,-0.000266,-0.01329,2214.87,31.6,37.5,51.4,51.7
2217.0,55.80484901,37.41615589,154.269,-3376.392,541.193,-0.24953,0.000241,-0.01318,2215.87,32.0,37.8,51.4,51.6
2218.0,55.80484680,37.41617135,154.255,-3375.423,540.946,-0.24878,0.000884,-0.01306,2216.88,32.3,38.1,51.4,51.6
2219.0,55.80484460,37.41618681,154.241,-3374.453,540.700,-0.24910,0.001444,-0.01294,2217.88,32.6,38.4,51.4,51.5
2220.0,55.80484239,37.41620227,154.228,-3373.484,540.453,-0.24342,0.001686,-0.01281,2218.88,33.0,38.6,51.4,51.5
2221.0,55.80484029,37.41621777,154.214,-3372.512,540.218,-0.23453,0.001467,-0.01267,2219.88,33.2,38.9,51.4,51.5
2222.0,55.80483823,37.41623329,154.201,-3371.539,539.988,-0.22893,0.000811,-0.01253,2220.88,33.5,39.2,51.5,51.5
2223.0,55.80483622,37.41624884,154.188,-3370.564,539.764,-0.22628,-0.000096,-0.01238,2221.88,33.7,39.4,51.5,51.5
2224.0,55.80483421,37.41626438,154.175,-3369.590,539.539,-0.23180,-0.000983,-0.01223,2222.89,34.0,39.7,51.5,51.5
2225.0,55.80483211,37.41627989,154.162,-3368.618,539.305,-0.23922,-0.001615,-0.01207,2223.89,34.3,40.0,51.5,51.5
2226.0,55.80482997,37.41629537,154.149,-3367.647,539.065,-0.24442,-0.001871,-0.01190,2224.89,34.6,40.2,51.5,51.6
2227.0,55.80482778,37.41631084,154.137,-3366.677,538.821,-0.24679,-0.001762,-0.01174,2225.89,34.9,40.4,51.5,51.6
2228.0,55.80482559,37.41632631,154.125,-3365.708,538.577,-0.24547,-0.001379,-0.01157,2226.89,35.2,40.7,51.6,51.6
2229.0,55.80482343,37.41634178,154.113,-3364.737,538.335,-0.24519,-0.000840,-0.01140,2227.89,35.5,40.9,51.6,51.7
2230.0,55.80482125,37.41635725,154.102,-3363.767,538.091,-0.25043,-0.000247,-0.01123,2228.89,35.8,41.1,51.6,51.7
2231.0,55.80481899,37.41637269,154.092,-3362.800,537.839,-0.25232,0.000312,-0.01106,2229.90,36.1,42.0,51.6,51.8
2232.0,55.80481677,37.41638814,154.081,-3361.831,537.592,-0.24688,0.000775,-0.01089,2230.90,36.3,43.0,51.7,51.8
2233.0,55.80481461,37.41640362,154.071,-3360.860,537.351,-0.24327,0.001109,-0.01073,2231.90,36.6,43.9,51.7,51.8
2234.0,55.80481246,37.41641910,154.061,-3359.890,537.110,-0.24163,0.001317,-0.01057,2232.90,36.9,44.8,51.7,51.8
2235.0,55.80481033,37.41643460,154.051,-3358.918,536.872,-0.24171,0.001417,-0.01042,2233.90,37.2,45.7,51.7,51.9
2236.0,55.80480817,37.41645008,154.042,-3357.948,536.632,-0.24263,0.001412,-0.01028,2234.90,37.4,45.9,51.7,51.8
2237.0,55.80480602,37.41646556,154.032,-3356.977,536.391,-0.24089,0.001274,-0.01015,2235.90,37.7,46.1,51.7,51.8
2238.0,55.80480390,37.41648106,154.023,-3356.006,536.154,-0.23655,0.000952,-0.01002,2236.90,38.0,46.2,51.7,51.8
2239.0,55.80480183,37.41649657,154.013,-3355.033,535.923,-0.23226,0.000420,-0.00991,2237.90,38.3,46.4,51.7,51.8
2240.0,55.80479978,37.41651210,154.004,-3354.059,535.694,-0.23188,-0.000287,-0.00981,2238.90,38.6,46.6,51.7,51.8
2241.0,55.80479771,37.41652762,153.995,-3353.086,535.463,-0.23340,-0.001069,-0.00971,2239.90,38.8,46.1,51.7,51.9
2242.0,55.80479564,37.41654314,153.986,-3352.113,535.232,-0.23443,-0.001782,-0.00963,2240.90,39.1,45.6,51.7,51.9
2243.0,55.80479355,37.41655865,153.977,-3351.141,534.999,-0.23964,-0.002272,-0.00956,2241.89,39.3,45.1,51.8,51.9
2244.0,55.80479139,37.41657412,153.969,-3350.171,534.757,-0.24316,-0.002425,-0.00949,2242.89,39.6,44.6,51.8,51.9
2245.0,55.80478924,37.41658961,153.960,-3349.200,534.517,-0.24774,-0.002185,-0.00944,2243.89,39.8,44.1,51.8,51.9
2246.0,55.80478700,37.41660505,153.951,-3348.232,534.266,-0.25300,-0.001581,-0.00939,2244.89,40.0,44.9,51.8,51.9
2247.0,55.80478476,37.41662049,153.943,-3347.263,534.016,-0.25594,-0.000719,-0.00936,2245.89,40.3,45.6,51.8,51.9
2248.0,55.80478247,37.41663591,153.934,-3346.297,533.760,-0.25668,0.000240,-0.00933,2246.89,40.5,46.4,51.8,51.9
2249.0,55.80478021,37.41665135,153.925,-3345.329,533.509,-0.25224,0.001121,-0.00930,2247.89,40.8,47.1,51.8,51.9
2250.0,55.80477800,37.41666680,153.916,-3344.360,533.261,-0.24884,0.001778,-0.00928,2248.88,41.0,47.8,51.8,51.9
2251.0,55.80477580,37.41668227,153.907,-3343.391,533.016,-0.24551,0.002123,-0.00927,2249.88,41.2,47.9,51.8,51.9
2252.0,55.80477364,37.41669775,153.898,-3342.420,532.775,-0.24234,0.002134,-0.00925,2250.88,41.4,48.0,51.8,52.0
2253.0,55.80477151,37.41671324,153.889,-3341.449,532.536,-0.23941,0.001854,-0.00924,2251.88,41.7,48.1,51.9,52.0
2254.0,55.80476940,37.41672874,153.879,-3340.477,532.301,-0.23447,0.001381,-0.00923,2252.88,41.9,48.2,51.9,52.0
2255.0,55.80476735,37.41674426,153.870,-3339.504,532.072,-0.23310,0.000844,-0.00922,2253.88,42.1,48.3,51.9,52.0
2256.0,55.80476526,37.41675978,153.860,-3338.531,531.839,-0.23596,0.000374,-0.00921,2254.88,42.3,48.4,51.9,52.0
2257.0,55.80476316,37.41677528,153.850,-3337.559,531.604,-0.23648,0.000066,-0.00919,2255.88,42.5,48.4,51.8,52.0
2258.0,55.80476107,37.41679079,153.840,-3336.587,531.370,-0.23758,-0.000061,-0.00918,2256.88,42.7,48.5,51.8,52.0
2259.0,55.80475895,37.41680628,153.830,-3335.615,531.133,-0.24235,-0.000052,-0.00916,2257.88,42.9,48.5,51.8,51.9
2260.0,55.80475677,37.41682176,153.820,-3334.645,530.890,-0.24128,0.000017,-0.00914,2258.88,43.2,48.6,51.8,51.9
2261.0,55.80475467,37.41683726,153.811,-3333.673,530.655,-0.23315,0.000092,-0.00912,2259.88,43.3,48.6,51.8,51.9
2262.0,55.80475263,37.41685279,153.801,-3332.700,530.428,-0.23269,0.000174,-0.00910,2260.88,43.5,48.5,51.8,52.0
2263.0,55.80475054,37.41686830,153.792,-3331.727,530.194,-0.23897,0.000293,-0.00907,2261.88,43.7,48.5,51.7,52.0
2264.0,55.80474839,37.41688379,153.782,-3330.756,529.955,-0.24205,0.000472,-0.00905,2262.88,43.9,48.5,51.7,52.0
2265.0,55.80474625,37.41689927,153.773,-3329.786,529.715,-0.23925,0.000683,-0.00902,2263.88,44.0,48.5,51.7,52.0
2266.0,55.80474415,37.41691478,153.765,-3328.813,529.481,-0.23453,0.000862,-0.00900,2264.88,44.2,48.4,51.7,52.0
2267.0,55.80474208,37.41693030,153.756,-3327.840,529.250,-0.23365,0.000932,-0.00898,2265.87,44.4,48.4,51.7,52.0
2268.0,55.80474000,37.41694581,153.747,-3326.868,529.018,-0.23367,0.000839,-0.00896,2266.87,44.5,48.3,51.6,52.0
2269.0,55.80473794,37.41696133,153.739,-3325.895,528.787,-0.23207,0.000568,-0.00895,2267.87,44.7,48.2,51.6,52.0
2270.0,55.80473589,37.41697686,153.730,-3324.921,528.558,-0.23065,0.000147,-0.00894,2268.87,44.9,48.1,51.6,52.0
2271.0,55.80473385,37.41699239,153.722,-3323.948,528.330,-0.22796,-0.000351,-0.00894,2269.87,45.0,48.1,51.6,52.0
2272.0,55.80473184,37.41700793,153.714,-3322.973,528.106,-0.22738,-0.000819,-0.00894,2270.87,45.1,48.0,51.6,52.0
2273.0,55.80472981,37.41702347,153.705,-3321.999,527.879,-0.23353,-0.001139,-0.00895,2271.87,45.2,47.9,51.5,51.9
2274.0,55.80472770,37.41703896,153.697,-3321.027,527.643,-0.23828,-0.001221,-0.00897,2272.87,45.4,47.8,51.5,51.9
2275.0,55.80472558,37.41705446,153.688,-3320.056,527.407,-0.23690,-0.001027,-0.00900,2273.87,45.5,47.8,51.5,51.8
2276.0,55.80472349,37.41706997,153.680,-3319.083,527.173,-0.24064,-0.000582,-0.00903,2274.87,45.6,47.6,51.5,51.8
2277.0,55.80472132,37.41708544,153.671,-3318.113,526.930,-0.24254,0.000037,-0.00908,2275.86,45.7,47.5,51.5,51.8
2278.0,55.80471919,37.41710094,153.663,-3317.142,526.693,-0.24025,0.000720,-0.00913,2276.86,45.8,47.4,51.5,51.8
2279.0,55.80471705,37.41711643,153.655,-3316.171,526.454,-0.24076,0.001344,-0.00919,2277.86,45.9,47.3,51.5,51.8
2280.0,55.80471492,37.41713192,153.647,-3315.199,526.216,-0.23795,0.001797,-0.00926,2278.86,46.0,47.2,51.4,51.7
2281.0,55.80471283,37.41714743,153.638,-3314.227,525.983,-0.23158,0.001999,-0.00934,2279.86,46.1,47.2,51.4,51.7
2282.0,55.80471081,37.41716297,153.630,-3313.253,525.757,-0.22833,0.001920,-0.00943,2280.86,46.2,47.3,51.4,51.7
2283.0,55.80470878,37.41717850,153.621,-3312.279,525.530,-0.22726,0.001574,-0.00952,2281.86,46.3,47.3,51.4,51.7
2284.0,55.80470678,37.41719405,153.612,-3311.304,525.307,-0.22399,0.001008,-0.00962,2282.86,46.4,47.3,51.3,51.7
2285.0,55.80470480,37.41720961,153.602,-3310.329,525.086,-0.22371,0.000293,-0.00973,2283.86,46.5,47.3,51.3,51.7
2286.0,55.80470281,37.41722515,153.592,-3309.354,524.863,-0.22367,-0.000486,-0.00984,2284.86,46.5,47.4,51.2,51.7
2287.0,55.80470083,37.41724071,153.582,-3308.379,524.642,-0.22307,-0.001218,-0.00995,2285.86,46.6,47.5,51.2,51.6
2288.0,55.80469885,37.41725626,153.571,-3307.404,524.420,-0.22543,-0.001774,-0.01007,2286.86,46.6,47.6,51.1,51.5
2289.0,55.80469683,37.41727180,153.561,-3306.429,524.195,-0.22962,-0.002020,-0.01019,2287.86,46.7,47.7,51.1,51.5
2290.0,55.80469477,37.41728733,153.550,-3305.456,523.965,-0.23433,-0.001866,-0.01032,2288.86,46.7,47.7,51.0,51.4
2291.0,55.80469267,37.41730283,153.539,-3304.484,523.731,-0.24077,-0.001301,-0.01045,2289.86,46.7,47.8,51.0,51.3
2292.0,55.80469050,37.41731831,153.529,-3303.514,523.488,-0.24466,-0.000415,-0.01058,2290.86,46.7,47.9,50.9,51.2
2293.0,55.80468834,37.41733378,153.518,-3302.544,523.246,-0.24178,0.000621,-0.01071,2291.86,46.7,48.0,50.8,51.2
2294.0,55.80468621,37.41734928,153.508,-3301.572,523.009,-0.23919,0.001604,-0.01084,2292.86,46.7,48.1,50.7,51.1
2295.0,55.80468409,37.41736477,153.497,-3300.601,522.773,-0.23674,0.002358,-0.01097,2293.86,46.8,48.2,50.6,51.0
2296.0,55.80468201,37.41738029,153.487,-3299.628,522.540,-0.23081,0.002777,-0.01110,2294.85,46.8,48.2,50.5,50.9
2297.0,55.80468000,37.41739583,153.476,-3298.654,522.315,-0.22422,0.002836,-0.01123,2295.85,46.8,48.2,50.4,50.7
2298.0,55.80467803,37.41741139,153.465,-3297.678,522.096,-0.22125,0.002584,-0.01136,2296.85,46.8,48.3,50.3,50.5
2299.0,55.80467607,37.41742695,153.454,-3296.702,521.876,-0.21982,0.002101,-0.01149,2297.85,46.9,48.3,50.1,50.4
2300.0,55.80467413,37.41744252,153.443,-3295.726,521.660,-0.21737,0.001470,-0.01161,2298.85,46.9,48.3,50.0,50.2
2301.0,55.80467221,37.41745810,153.431,-3294.749,521.445,-0.21604,0.000754,-0.01173,2299.85,46.9,48.3,49.8,50.1
2302.0,55.80467029,37.41747368,153.419,-3293.773,521.231,-0.21590,-0.000005,-0.01185,2300.85,46.9,48.3,49.6,50.0
2303.0,55.80466837,37.41748926,153.407,-3292.796,521.016,-0.21613,-0.000761,-0.01197,2301.85,47.0,48.2,49.5,49.8
2304.0,55.80466645,37.41750484,153.394,-3291.819,520.802,-0.21634,-0.001450,-0.01207,2302.85,47.0,48.2,49.3,49.7
2305.0,55.80466453,37.41752041,153.382,-3290.842,520.587,-0.21753,-0.001979,-0.01218,2303.85,47.0,48.2,49.1,49.6
2306.0,55.80466259,37.41753598,153.369,-3289.866,520.370,-0.22204,-0.002248,-0.01228,2304.85,47.0,48.1,49.0,49.4
2307.0,55.80466059,37.41755153,153.356,-3288.892,520.147,-0.22916,-0.002187,-0.01237,2305.85,47.0,48.0,48.8,49.2
2308.0,55.80465852,37.41756705,153.342,-3287.919,519.916,-0.23297,-0.001792,-0.01246,2306.85,46.9,47.9,48.7,49.0
2309.0,55.80465645,37.41758257,153.329,-3286.946,519.685,-0.23364,-0.001135,-0.01255,2307.85,46.9,47.8,48.6,48.9
2310.0,55.80465438,37.41759808,153.315,-3285.973,519.453,-0.23671,-0.000351,-0.01263,2308.85,46.9,47.6,48.4,48.7
2311.0,55.80465225,37.41761358,153.302,-3285.001,519.216,-0.23665,0.000413,-0.01271,2309.85,46.7,47.5,48.2,48.5
2312.0,55.80465018,37.41762909,153.288,-3284.029,518.984,-0.23117,0.001037,-0.01279,2310.85,46.5,47.4,48.0,48.3
2313.0,55.80464815,37.41764463,153.275,-3283.055,518.758,-0.22698,0.001468,-0.01286,2311.85,46.4,47.2,47.8,48.1
2314.0,55.80464615,37.41766018,153.261,-3282.080,518.534,-0.22682,0.001705,-0.01293,2312.85,46.2,47.1,47.6,47.9
2315.0,55.80464413,37.41767571,153.248,-3281.106,518.308,-0.22640,0.001772,-0.01301,2313.85,46.0,46.9,47.4,47.7
2316.0,55.80464213,37.41769126,153.236,-3280.131,518.085,-0.22403,0.001680,-0.01307,2314.85,45.9,46.8,47.2,47.5
2317.0,55.80464015,37.41770682,153.223,-3279.156,517.864,-0.22179,0.001420,-0.01314,2315.85,45.7,46.6,47.0,47.3
2318.0,55.80463819,37.41772238,153.211,-3278.180,517.645,-0.21789,0.000979,-0.01321,2316.85,45.5,46.5,46.8,47.2
2319.0,55.80463628,37.41773796,153.200,-3277.203,517.431,-0.21694,0.000386,-0.01328,2317.85,45.3,46.3,46.6,47.0
2320.0,55.80463434,37.41775353,153.188,-3276.227,517.215,-0.21473,-0.000269,-0.01335,2318.85,45.2,46.2,46.4,46.8
2321.0,55.80463246,37.41776913,153.176,-3275.249,517.005,-0.21372,-0.000838,-0.01342,2319.85,45.0,46.0,46.3,46.7
2322.0,55.80463054,37.41778471,153.163,-3274.272,516.790,-0.22065,-0.001164,-0.01348,2320.85,44.8,45.9,46.1,46.5
2323.0,55.80462855,37.41780025,153.151,-3273.298,516.567,-0.22580,-0.001146,-0.01354,2321.85,44.6,45.7,45.9,46.4
2324.0,55.80462653,37.41781580,153.137,-3272.323,516.343,-0.22773,-0.000789,-0.01360,2322.85,44.4,45.5,45.8,46.3
2325.0,55.80462450,37.41783133,153.124,-3271.349,516.116,-0.22993,-0.000208,-0.01366,2323.85,44.2,45.3,45.6,46.1
2326.0,55.80462245,37.41784686,153.109,-3270.376,515.887,-0.22995,0.000399,-0.01371,2324.85,44.0,45.2,45.5,45.9
2327.0,55.80462042,37.41786239,153.094,-3269.402,515.660,-0.22632,0.000822,-0.01375,2325.85,43.8,45.0,45.3,45.8
2328.0,55.80461844,37.41787794,153.079,-3268.427,515.438,-0.22148,0.000904,-0.01379,2326.85,43.6,44.8,45.1,45.6
2329.0,55.80461649,37.41789351,153.064,-3267.451,515.221,-0.21845,0.000590,-0.01382,2327.85,43.4,44.6,44.9,45.4
2330.0,55.80461456,37.41790908,153.048,-3266.474,515.005,-0.21587,-0.000059,-0.01384,2328.85,43.2,44.4,44.7,45.2
2331.0,55.80461265,37.41792467,153.032,-3265.497,514.792,-0.21493,-0.000886,-0.01386,2329.85,43.0,44.2,44.5,45.0
2332.0,55.80461074,37.41794025,153.017,-3264.520,514.578,-0.21855,-0.001685,-0.01386,2330.85,42.8,44.0,44.4,44.9
2333.0,55.80460877,37.41795581,153.001,-3263.545,514.359,-0.22391,-0.002254,-0.01386,2331.85,42.6,43.8,44.2,44.7
2334.0,55.80460676,37.41797135,152.986,-3262.570,514.134,-0.22682,-0.002442,-0.01385,2332.85,42.4,43.6,44.0,44.5
2335.0,55.80460475,37.41798689,152.972,-3261.596,513.909,-0.23202,-0.002185,-0.01383,2333.85,42.1,43.4,43.8,44.3
2336.0,55.80460265,37.41800240,152.957,-3260.624,513.674,-0.23810,-0.001518,-0.01381,2334.85,41.9,43.2,43.6,44.1
2337.0,55.80460052,37.41801789,152.943,-3259.652,513.437,-0.24010,-0.000574,-0.01377,2335.85,41.7,43.0,43.4,43.9
2338.0,55.80459839,37.41803338,152.930,-3258.681,513.199,-0.24136,0.000450,-0.01374,2336.85,41.5,42.8,43.2,43.7
2339.0,55.80459624,37.41804887,152.917,-3257.710,512.959,-0.23740,0.001347,-0.01370,2337.85,41.3,42.6,43.0,43.5
2340.0,55.80459418,37.41806439,152.904,-3256.737,512.728,-0.23066,0.001958,-0.01365,2338.85,41.1,42.3,42.8,43.3
2341.0,55.80459215,37.41807992,152.892,-3255.763,512.502,-0.22705,0.002217,-0.01361,2339.85,40.8,42.1,42.7,43.1
2342.0,55.80459014,37.41809547,152.879,-3254.789,512.278,-0.22365,0.002154,-0.01356,2340.86,40.6,41.9,42.5,42.9
2343.0,55.80458818,37.41811103,152.866,-3253.813,512.058,-0.22118,0.001860,-0.01351,2341.86,40.4,41.7,42.4,42.7
2344.0,55.80458622,37.41812659,152.854,-3252.837,511.839,-0.22097,0.001445,-0.01346,2342.86,40.1,41.5,42.2,42.5
2345.0,55.80458425,37.41814215,152.841,-3251.862,511.620,-0.21886,0.000994,-0.01341,2343.86,39.9,41.3,42.1,42.3
2346.0,55.80458233,37.41815773,152.828,-3250.885,511.405,-0.21949,0.000554,-0.01337,2344.86,39.6,41.0,41.9,42.1
2347.0,55.80458036,37.41817329,152.814,-3249.910,511.184,-0.21928,0.000149,-0.01332,2345.86,39.4,40.8,41.7,41.8
2348.0,55.80457844,37.41818887,152.800,-3248.933,510.970,-0.21803,-0.000203,-0.01328,2346.86,39.2,40.6,41.5,41.6
2349.0,55.80457648,37.41820443,152.786,-3247.957,510.752,-0.21889,-0.000470,-0.01324,2347.86,38.9,40.4,41.3,41.4
2350.0,55.80457455,37.41822000,152.772,-3246.981,510.536,-0.21890,-0.000608,-0.01320,2348.86,38.7,40.1,41.1,41.2
2351.0,55.80457260,37.41823557,152.758,-3246.005,510.318,-0.22215,-0.000584,-0.01317,2349.86,38.4,39.9,40.9,41.0
2352.0,55.80457060,37.41825112,152.745,-3245.030,510.095,-0.22549,-0.000400,-0.01314,2350.86,38.1,39.7,40.6,40.8
2353.0,55.80456859,37.41826666,152.731,-3244.055,509.870,-0.22591,-0.000113,-0.01311,2351.86,37.7,39.6,40.4,40.6
2354.0,55.80456659,37.41828221,152.718,-3243.081,509.647,-0.22471,0.000184,-0.01309,2352.86,37.4,39.4,40.2,40.4
2355.0,55.80456460,37.41829776,152.705,-3242.106,509.425,-0.22316,0.000387,-0.01308,2353.86,37.1,39.2,40.0,40.2
2356.0,55.80456263,37.41831332,152.693,-3241.130,509.204,-0.22072,0.000421,-0.01306,2354.86,36.8,38.9,39.7,39.9
2357.0,55.80456068,37.41832888,152.680,-3240.154,508.987,-0.22013,0.000269,-0.01306,2355.86,36.4,38.6,39.5,39.7
2358.0,55.80455872,37.41834445,152.668,-3239.179,508.768,-0.21890,-0.000021,-0.01306,2356.86,36.1,38.4,39.3,39.5
2359.0,55.80455680,37.41836002,152.656,-3238.202,508.553,-0.21741,-0.000348,-0.01306,2357.87,35.8,38.1,39.1,39.2
2360.0,55.80455486,37.41837560,152.644,-3237.226,508.336,-0.21968,-0.000590,-0.01307,2358.87,35.4,37.9,38.9,39.0
2361.0,55.80455289,37.41839116,152.632,-3236.250,508.117,-0.22227,-0.000645,-0.01308,2359.87,35.0,37.6,38.6,38.8
2362.0,55.80455091,37.41840671,152.620,-3235.275,507.895,-0.22541,-0.000477,-0.01310,2360.87,34.6,37.4,38.4,38.6
2363.0,55.80454889,37.41842225,152.607,-3234.301,507.670,-0.22889,-0.000132,-0.01312,2361.87,34.2,37.2,38.1,38.3
2364.0,55.80454685,37.41843778,152.595,-3233.327,507.442,-0.22747,0.000278,-0.01314,2362.87,33.8,37.0,37.9,38.1
2365.0,55.80454485,37.41845333,152.582,-3232.352,507.219,-0.22406,0.000619,-0.01317,2363.87,33.4,36.8,37.7,37.9
2366.0,55.80454287,37.41846888,152.569,-3231.377,506.997,-0.22202,0.000792,-0.01320,2364.86,32.9,36.5,37.5,37.7
2367.0,55.80454091,37.41848444,152.556,-3230.401,506.778,-0.21893,0.000765,-0.01323,2365.86,32.4,36.3,37.3,37.5
2368.0,55.80453898,37.41850002,152.543,-3229.425,506.563,-0.21864,0.000567,-0.01325,2366.86,31.9,36.0,37.0,37.3
2369.0,55.80453703,37.41851558,152.530,-3228.449,506.345,-0.21859,0.000270,-0.01328,2367.86,31.3,35.8,36.8,37.0
2370.0,55.80453510,37.41853116,152.516,-3227.472,506.129,-0.21863,-0.000047,-0.01330,2368.86,30.8,35.5,36.6,36.8
2371.0,55.80453315,37.41854672,152.502,-3226.496,505.911,-0.21983,-0.000315,-0.01332,2369.86,30.3,35.2,36.4,36.6
2372.0,55.80453120,37.41856229,152.487,-3225.520,505.693,-0.21935,-0.000482,-0.01333,2370.86,29.7,34.9,36.1,36.3
2373.0,55.80452925,37.41857786,152.473,-3224.544,505.476,-0.22050,-0.000516,-0.01334,2371.86,29.1,34.6,35.8,36.0
2374.0,55.80452728,37.41859342,152.458,-3223.569,505.256,-0.22254,-0.000414,-0.01335,2372.86,28.6,34.4,35.5,35.7
2375.0,55.80452530,37.41860897,152.444,-3222.594,505.034,-0.22560,-0.000208,-0.01335,2373.86,28.0,34.1,35.3,35.5
2376.0,55.80452328,37.41862451,152.429,-3221.620,504.808,-0.22569,0.000040,-0.01334,2374.87,27.5,33.8,35.0,35.2
2377.0,55.80452129,37.41864006,152.415,-3220.644,504.587,-0.22156,0.000256,-0.01333,2375.87,27.0,33.5,34.7,34.9
2378.0,55.80451934,37.41865563,152.401,-3219.668,504.369,-0.22095,0.000377,-0.01331,2376.87,26.5,33.2,34.4,34.6
2379.0,55.80451737,37.41867119,152.387,-3218.693,504.148,-0.22146,0.000364,-0.01329,2377.87,26.0,32.9,34.1,34.4
2380.0,55.80451541,37.41868675,152.373,-3217.717,503.929,-0.22086,0.000213,-0.01327,2378.87,25.5,32.6,33.8,34.1
2381.0,55.80451345,37.41870231,152.360,-3216.742,503.710,-0.21932,-0.000048,-0.01324,2379.87,25.1,32.1,33.5,33.7
2382.0,55.80451151,37.41871788,152.347,-3215.765,503.494,-0.21813,-0.000361,-0.01321,2380.87,24.7,31.6,33.2,33.4
2383.0,55.80450957,37.41873345,152.335,-3214.789,503.277,-0.21779,-0.000641,-0.01318,2381.87,24.3,31.2,32.9,33.1
2384.0,55.80450764,37.41874903,152.322,-3213.812,503.062,-0.22138,-0.000811,-0.01316,2382.87,23.8,30.7,32.6,32.8
2385.0,55.80450564,37.41876457,152.310,-3212.838,502.838,-0.22592,-0.000824,-0.01313,2383.87,23.4,30.3,32.3,32.4
2386.0,55.80450363,37.41878012,152.298,-3211.863,502.614,-0.22599,-0.000691,-0.01311,2384.87,22.6,29.9,32.0,32.1
2387.0,55.80450163,37.41879566,152.285,-3210.889,502.390,-0.22624,-0.000477,-0.01308,2385.87,21.8,29.6,31.6,31.8
2388.0,55.80449962,37.41881121,152.273,-3209.914,502.165,-0.22714,-0.000268,-0.01307,2386.87,21.0,29.2,31.3,31.5
2389.0,55.80449760,37.41882674,152.261,-3208.940,501.940,-0.22584,-0.000128,-0.01305,2387.87,20.2,28.8,31.0,31.2
2390.0,55.80449561,37.41884229,152.248,-3207.965,501.718,-0.22341,-0.000066,-0.01305,2388.87,19.4,28.5,30.6,30.9
2391.0,55.80449363,37.41885785,152.235,-3206.990,501.497,-0.22313,-0.000033,-0.01304,2389.87,18.0,28.2,30.3,30.5
2392.0,55.80449165,37.41887340,152.223,-3206.015,501.275,-0.22386,0.000052,-0.01305,2390.87,16.6,27.9,30.0,30.2
2393.0,55.80448965,37.41888895,152.210,-3205.040,501.053,-0.22678,0.000246,-0.01305,2391.87,15.3,27.6,29.7,29.9
2394.0,55.80448762,37.41890449,152.197,-3204.066,500.825,-0.22984,0.000542,-0.01307,2392.87,13.9,27.3,29.4,29.5
2395.0,55.80448557,37.41892001,152.183,-3203.092,500.597,-0.22779,0.000861,-0.01309,2393.87,12.6,27.0,29.0,29.2
2396.0,55.80448358,37.41893556,152.170,-3202.118,500.374,-0.22405,0.001088,-0.01311,2394.88,11.8,26.6,28.7,28.8
2397.0,55.80448160,37.41895112,152.157,-3201.142,500.153,-0.22131,0.001127,-0.01314,2395.88,11.0,26.3,28.3,28.4
2398.0,55.80447965,37.41896668,152.143,-3200.166,499.935,-0.21798,0.000949,-0.01318,2396.88,10.3,25.9,27.9,28.1
2399.0,55.80447772,37.41898226,152.130,-3199.190,499.720,-0.21634,0.000603,-0.01322,2397.88,9.5,25.6,27.5,27.7
2400.0,55.80447580,37.41899784,152.117,-3198.213,499.505,-0.21657,0.000195,-0.01327,2398.88,8.8,25.2,27.1,27.3
2401.0,55.80447388,37.41901341,152.104,-3197.236,499.290,-0.21769,-0.000161,-0.01333,2399.88,9.6,24.8,26.7,26.9
2402.0,55.80447194,37.41902899,152.091,-3196.260,499.073,-0.21940,-0.000387,-0.01339,2400.88,10.3,24.4,26.3,26.5
2403.0,55.80446998,37.41904455,152.078,-3195.284,498.855,-0.22172,-0.000475,-0.01345,2401.88,11.1,23.9,25.9,26.2
2404.0,55.80446800,37.41906010,152.065,-3194.309,498.634,-0.22334,-0.000476,-0.01352,2402.88,11.9,23.5,25.5,25.8
2405.0,55.80446601,37.41907566,152.053,-3193.334,498.412,-0.22310,-0.000475,-0.01360,2403.87,12.6,23.0,25.1,25.4
2406.0,55.80446404,37.41909121,152.040,-3192.359,498.191,-0.22079,-0.000538,-0.01369,2404.87,13.0,22.7,24.7,25.0
2407.0,55.80446209,37.41910678,152.027,-3191.383,497.974,-0.21880,-0.000664,-0.01377,2405.87,13.4,22.3,24.3,24.6
2408.0,55.80446015,37.41912235,152.014,-3190.406,497.757,-0.22069,-0.000782,-0.01386,2406.87,13.9,21.9,23.9,24.2
2409.0,55.80445817,37.41913791,152.000,-3189.431,497.536,-0.22324,-0.000781,-0.01396,2407.87,14.3,21.5,23.5,23.8
2410.0,55.80445619,37.41915346,151.987,-3188.456,497.314,-0.22512,-0.000579,-0.01406,2408.87,14.7,21.1,23.1,23.3
2411.0,55.80445418,37.41916900,151.973,-3187.481,497.090,-0.22931,-0.000178,-0.01415,2409.86,14.7,20.7,22.7,22.9
2412.0,55.80445212,37.41918452,151.959,-3186.508,496.860,-0.23276,0.000318,-0.01425,2410.86,14.7,20.3,22.2,22.4
2413.0,55.80445005,37.41920004,151.945,-3185.535,496.628,-0.22931,0.000750,-0.01435,2411.86,14.7,19.9,21.7,22.0
2414.0,55.80444805,37.41921559,151.930,-3184.561,496.405,-0.22237,0.000981,-0.01445,2412.86,14.7,19.5,21.2,21.5
2415.0,55.80444610,37.41923116,151.916,-3183.585,496.187,-0.21781,0.000973,-0.01454,2413.86,14.6,19.0,20.7,21.0
2416.0,55.80444418,37.41924673,151.901,-3182.608,495.973,-0.21629,0.000799,-0.01463,2414.86,14.5,18.6,20.3,20.6
2417.0,55.80444226,37.41926231,151.886,-3181.631,495.758,-0.21954,0.000584,-0.01471,2415.86,14.3,18.2,19.8,20.1
2418.0,55.80444028,37.41927787,151.870,-3180.656,495.537,-0.22256,0.000428,-0.01479,2416.86,14.1,17.7,19.3,19.7
2419.0,55.80443830,37.41929342,151.855,-3179.681,495.317,-0.22275,0.000347,-0.01486,2417.86,14.0,17.3,18.8,19.2
2420.0,55.80443632,37.41930898,151.839,-3178.705,495.095,-0.22215,0.000290,-0.01492,2418.86,13.8,16.8,18.3,18.8
2421.0,55.80443436,37.41932454,151.823,-3177.730,494.876,-0.21811,0.000201,-0.01497,2419.86,13.4,16.3,17.8,18.2
2422.0,55.80443245,37.41934012,151.807,-3176.753,494.663,-0.21432,0.000077,-0.01501,2420.86,13.0,15.8,17.2,17.7
2423.0,55.80443055,37.41935571,151.791,-3175.776,494.451,-0.21601,-0.000021,-0.01505,2421.87,12.6,15.3,16.6,17.1
2424.0,55.80442861,37.41937128,151.774,-3174.799,494.234,-0.22050,-0.000021,-0.01507,2422.87,12.1,14.7,16.1,16.6
2425.0,55.80442664,37.41938684,151.758,-3173.824,494.013,-0.22260,0.000092,-0.01509,2423.87,11.7,14.2,15.5,16.0
2426.0,55.80442466,37.41940239,151.742,-3172.849,493.792,-0.22406,0.000242,-0.01509,2424.87,11.3,13.5,14.8,15.3
2427.0,55.80442266,37.41941794,151.726,-3171.874,493.569,-0.22315,0.000305,-0.01510,2425.87,10.8,12.8,14.1,14.7
2428.0,55.80442070,37.41943350,151.710,-3170.898,493.350,-0.21459,0.000184,-0.01509,2426.87,10.4,12.1,13.4,14.0
2429.0,55.80441884,37.41944910,151.694,-3169.920,493.143,-0.21029,-0.000117,-0.01508,2427.88,9.9,11.4,12.7,13.3
2430.0,55.80441696,37.41946470,151.679,-3168.942,492.932,-0.21562,-0.000489,-0.01507,2428.88,9.5,10.8,12.0,12.6
2431.0,55.80441501,37.41948026,151.664,-3167.966,492.715,-0.21960,-0.000773,-0.01505,2429.88,9.0,10.3,11.5,12.1
2432.0,55.80441306,37.41949583,151.650,-3166.990,492.497,-0.22095,-0.000845,-0.01504,2430.88,8.5,9.9,11.0,11.5
2433.0,55.80441109,37.41951139,151.635,-3166.015,492.277,-0.22255,-0.000675,-0.01502,2431.88,7.9,9.4,10.5,10.9
2434.0,55.80440911,37.41952694,151.621,-3165.040,492.055,-0.22691,-0.000330,-0.01501,2432.88,7.4,9.0,9.9,10.3
2435.0,55.80440706,37.41954247,151.607,-3164.066,491.827,-0.22745,0.000060,-0.01499,2433.88,6.9,8.6,9.4,9.7
2436.0,55.80440507,37.41955802,151.593,-3163.091,491.604,-0.21995,0.000364,-0.01499,2434.88,6.9,9.7,10.5,10.8
2437.0,55.80440315,37.41957360,151.579,-3162.114,491.390,-0.21951,0.000491,-0.01498,2435.88,7.0,10.8,11.6,11.9
2438.0,55.80440117,37.41958915,151.564,-3161.139,491.169,-0.22174,0.000421,-0.01498,2436.88,7.0,11.8,12.7,13.0
2439.0,55.80439922,37.41960472,151.550,-3160.163,490.951,-0.21777,0.000199,-0.01499,2437.88,7.1,12.9,13.8,14.0
2440.0,55.80439730,37.41962030,151.536,-3159.186,490.737,-0.21714,-0.000089,-0.01500,2438.88,7.1,14.0,14.9,15.1
2441.0,55.80439536,37.41963587,151.521,-3158.210,490.520,-0.21740,-0.000339,-0.01502,2439.88,8.0,14.8,15.7,15.9
2442.0,55.80439344,37.41965145,151.507,-3157.233,490.305,-0.22019,-0.000477,-0.01504,2440.87,8.8,15.6,16.4,16.7
2443.0,55.80439145,37.41966700,151.492,-3156.259,490.083,-0.22548,-0.000478,-0.01507,2441.87,9.6,16.3,17.2,17.5
2444.0,55.80438944,37.41968254,151.477,-3155.284,489.858,-0.22407,-0.000373,-0.01510,2442.87,10.5,17.1,17.9,18.3
2445.0,55.80438747,37.41969810,151.462,-3154.309,489.638,-0.22195,-0.000227,-0.01513,2443.87,11.3,17.8,18.7,19.0
2446.0,55.80438550,37.41971366,151.447,-3153.333,489.418,-0.22270,-0.000098,-0.01516,2444.86,12.2,18.5,19.3,19.6
2447.0,55.80438352,37.41972921,151.432,-3152.358,489.197,-0.22246,-0.000011,-0.01519,2445.86,13.2,19.1,19.9,20.2
2448.0,55.80438155,37.41974477,151.417,-3151.382,488.977,-0.22127,0.000047,-0.01522,2446.86,14.1,19.7,20.5,20.8
2449.0,55.80437959,37.41976033,151.401,-3150.407,488.758,-0.22133,0.000110,-0.01525,2447.85,15.0,20.3,21.1,21.4
2450.0,55.80437761,37.41977589,151.386,-3149.431,488.538,-0.22342,0.000200,-0.01527,2448.85,15.9,21.0,21.7,22.0
2451.0,55.80437562,37.41979144,151.370,-3148.456,488.315,-0.22447,0.000312,-0.01529,2449.85,16.6,21.5,22.2,22.5
2452.0,55.80437363,37.41980699,151.354,-3147.481,488.092,-0.22257,0.000413,-0.01530,2450.85,17.3,22.0,22.8,23.0
2453.0,55.80437167,37.41982255,151.339,-3146.506,487.873,-0.22015,0.000461,-0.01530,2451.85,18.0,22.6,23.3,23.6
2454.0,55.80436972,37.41983812,151.323,-3145.530,487.656,-0.21973,0.000425,-0.01528,2452.84,18.7,23.1,23.8,24.1
2455.0,55.80436776,37.41985368,151.307,-3144.554,487.437,-0.22021,0.000298,-0.01526,2453.84,19.3,23.6,24.3,24.6
2456.0,55.80436581,37.41986925,151.292,-3143.578,487.219,-0.21871,0.000098,-0.01522,2454.84,19.9,24.0,24.7,25.1
2457.0,55.80436388,37.41988482,151.275,-3142.601,487.003,-0.21740,-0.000151,-0.01517,2455.84,20.4,24.5,25.2,25.5
2458.0,55.80436195,37.41990040,151.259,-3141.625,486.787,-0.21891,-0.000423,-0.01511,2456.84,20.9,24.9,25.6,26.0
2459.0,55.80435999,37.41991596,151.243,-3140.649,486.569,-0.22117,-0.000694,-0.01504,2457.84,21.4,25.4,26.0,26.4
2460.0,55.80435802,37.41993152,151.226,-3139.674,486.349,-0.22242,-0.000927,-0.01495,2458.84,21.9,25.8,26.5,26.9
2461.0,55.80435604,37.41994707,151.209,-3138.698,486.128,-0.22055,-0.001053,-0.01485,2459.84,22.4,26.2,26.9,27.2
2462.0,55.80435410,37.41996265,151.192,-3137.722,485.911,-0.21811,-0.000971,-0.01473,2460.84,22.9,26.6,27.3,27.6
2463.0,55.80435217,37.41997822,151.176,-3136.746,485.695,-0.22451,-0.000595,-0.01461,2461.84,23.4,27.0,27.7,28.0
2464.0,55.80435011,37.41999374,151.159,-3135.772,485.466,-0.23525,0.000089,-0.01448,2462.84,23.9,27.4,28.1,28.4
2465.0,55.80434799,37.42000924,151.144,-3134.801,485.229,-0.23520,0.000979,-0.01435,2463.84,24.4,27.8,28.5,28.8
2466.0,55.80434594,37.42002476,151.128,-3133.828,485.000,-0.22641,0.001881,-0.01421,2464.84,24.8,28.2,28.9,29.1
2467.0,55.80434397,37.42004032,151.114,-3132.852,484.780,-0.22149,0.002577,-0.01407,2465.84,25.2,28.6,29.3,29.5
2468.0,55.80434201,37.42005588,151.100,-3131.876,484.560,-0.21966,0.002904,-0.01393,2466.84,25.6,28.9,29.7,29.9
2469.0,55.80434007,37.42007146,151.087,-3130.900,484.344,-0.21286,0.002792,-0.01379,2467.84,26.0,29.3,30.1,30.2
2470.0,55.80433822,37.42008706,151.075,-3129.922,484.138,-0.20738,0.002263,-0.01366,2468.84,26.4,29.7,30.5,30.6
2471.0,55.80433638,37.42010267,151.063,-3128.943,483.932,-0.20517,0.001409,-0.01354,2469.84,26.8,30.0,30.8,30.9
2472.0,55.80433458,37.42011829,151.051,-3127.964,483.730,-0.20380,0.000365,-0.01343,2470.84,27.2,30.3,31.1,31.3
2473.0,55.80433276,37.42013391,151.040,-3126.984,483.528,-0.20458,-0.000708,-0.01333,2471.84,27.5,30.6,31.5,31.6
2474.0,55.80433094,37.42014953,151.028,-3126.005,483.324,-0.20504,-0.001641,-0.01324,2472.83,27.9,30.9,31.8,32.0
2475.0,55.80432912,37.42016514,151.017,-3125.026,483.120,-0.20891,-0.002288,-0.01317,2473.83,28.3,31.2,32.1,32.3
2476.0,55.80432723,37.42018073,151.006,-3124.049,482.909,-0.21579,-0.002552,-0.01311,2474.83,28.4,31.6,32.4,32.7
2477.0,55.80432528,37.42019630,150.995,-3123.073,482.692,-0.22191,-0.002419,-0.01307,2475.83,28.6,31.9,32.8,33.0
2478.0,55.80432329,37.42021185,150.983,-3122.098,482.469,-0.22527,-0.001961,-0.01304,2476.83,28.8,32.3,33.1,33.4
2479.0,55.80432128,37.42022739,150.972,-3121.123,482.245,-0.22643,-0.001314,-0.01303,2477.83,29.0,32.6,33.4,33.7
2480.0,55.80431927,37.42024293,150.960,-3120.149,482.020,-0.22641,-0.000634,-0.01302,2478.83,29.2,33.0,33.7,34.0
2481.0,55.80431726,37.42025848,150.948,-3119.174,481.796,-0.22472,-0.000058,-0.01303,2479.83,29.2,33.3,34.0,34.4
2482.0,55.80431528,37.42027403,150.935,-3118.199,481.574,-0.22381,0.000320,-0.01305,2480.83,29.2,33.6,34.4,34.7
2483.0,55.80431329,37.42028958,150.923,-3117.224,481.352,-0.22425,0.000463,-0.01308,2481.83,29.2,33.9,34.7,35.1
2484.0,55.80431129,37.42030513,150.909,-3116.249,481.130,-0.22109,0.000396,-0.01311,2482.83,29.2,34.2,35.0,35.4
2485.0,55.80430936,37.42032070,150.895,-3115.273,480.914,-0.21701,0.000194,-0.01315,2483.83,29.2,34.6,35.4,35.8
2486.0,55.80430744,37.42033628,150.881,-3114.296,480.699,-0.21869,-0.000029,-0.01319,2484.84,28.9,34.8,35.6,36.1
2487.0,55.80430548,37.42035184,150.867,-3113.320,480.480,-0.22017,-0.000175,-0.01323,2485.84,28.6,35.1,35.9,36.4
2488.0,55.80430353,37.42036741,150.852,-3112.344,480.262,-0.22481,-0.000198,-0.01327,2486.84,28.4,35.4,36.2,36.7
2489.0,55.80430149,37.42038294,150.838,-3111.371,480.034,-0.22835,-0.000125,-0.01332,2487.84,28.1,35.7,36.5,37.0
2490.0,55.80429948,37.42039848,150.824,-3110.396,479.810,-0.22245,-0.000021,-0.01336,2488.84,27.9,35.9,36.8,37.2
2491.0,55.80429754,37.42041405,150.810,-3109.420,479.593,-0.21857,0.000054,-0.01339,2489.84,27.6,36.2,37.1,37.5
2492.0,55.80429559,37.42042962,150.796,-3108.444,479.376,-0.22072,0.000089,-0.01343,2490.84,27.3,36.6,37.4,37.7
2493.0,55.80429362,37.42044518,150.782,-3107.469,479.155,-0.22256,0.000108,-0.01346,2491.84,27.0,36.9,37.7,37.9
2494.0,55.80429164,37.42046073,150.769,-3106.493,478.934,-0.22367,0.000138,-0.01348,2492.83,26.8,37.2,38.0,38.2
2495.0,55.80428964,37.42047628,150.756,-3105.518,478.711,-0.22349,0.000179,-0.01351,2493.83,26.5,37.5,38.3,38.4
2496.0,55.80428767,37.42049184,150.743,-3104.543,478.491,-0.22155,0.000200,-0.01353,2494.83,26.2,37.7,38.5,38.7
2497.0,55.80428571,37.42050740,150.730,-3103.567,478.272,-0.22069,0.000170,-0.01354,2495.83,25.8,38.0,38.8,39.0
2498.0,55.80428375,37.42052297,150.717,-3102.591,478.053,-0.22040,0.000076,-0.01356,2496.83,25.5,38.2,39.1,39.2
2499.0,55.80428179,37.42053853,150.703,-3101.616,477.835,-0.22002,-0.000064,-0.01357,2497.83,25.2,38.4,39.3,39.5
2500.0,55.80427984,37.42055410,150.689,-3100.640,477.617,-0.22007,-0.000208,-0.01358,2498.83,24.8,38.7,39.6,39.8
2501.0,55.80427789,37.42056966,150.675,-3099.664,477.398,-0.22108,-0.000309,-0.01359,2499.83,24.5,38.9,39.8,40.0
2502.0,55.80427592,37.42058522,150.661,-3098.688,477.178,-0.22218,-0.000334,-0.01360,2500.83,24.1,39.2,40.1,40.3
2503.0,55.80427394,37.42060077,150.647,-3097.713,476.957,-0.22424,-0.000270,-0.01361,2501.83,23.7,39.5,40.3,40.5
2504.0,55.80427194,37.42061632,150.633,-3096.738,476.734,-0.22236,-0.000128,-0.01363,2502.83,23.4,39.8,40.5,40.8
2505.0,55.80426999,37.42063189,150.619,-3095.762,476.516,-0.22354,0.000059,-0.01365,2503.83,23.0,40.1,40.8,41.0
2506.0,55.80426797,37.42064742,150.604,-3094.788,476.290,-0.22545,0.000249,-0.01368,2504.83,22.6,40.3,41.0,41.3
2507.0,55.80426599,37.42066298,150.591,-3093.813,476.069,-0.22222,0.000395,-0.01372,2505.83,22.3,40.5,41.2,41.5
2508.0,55.80426402,37.42067854,150.577,-3092.837,475.849,-0.22117,0.000460,-0.01376,2506.83,21.9,40.7,41.4,41.8
2509.0,55.80426206,37.42069410,150.564,-3091.862,475.631,-0.22132,0.000424,-0.01382,2507.83,21.6,41.0,41.6,42.1
2510.0,55.80426009,37.42070966,150.551,-3090.886,475.410,-0.21999,0.000292,-0.01388,2508.83,21.2,41.2,41.9,42.3
2511.0,55.80425815,37.42072523,150.538,-3089.910,475.194,-0.21826,0.000091,-0.01396,2509.83,20.8,41.4,42.1,42.6
2512.0,55.80425621,37.42074080,150.525,-3088.934,474.977,-0.21925,-0.000138,-0.01405,2510.83,20.3,41.7,42.4,42.8
2513.0,55.80425426,37.42075637,150.513,-3087.958,474.759,-0.21993,-0.000354,-0.01415,2511.83,19.8,41.9,42.7,43.1
2514.0,55.80425230,37.42077193,150.501,-3086.982,474.541,-0.22187,-0.000515,-0.01427,2512.83,19.4,42.2,43.0,43.3
2515.0,55.80425032,37.42078748,150.489,-3086.007,474.319,-0.22090,-0.000592,-0.01440,2513.82,18.9,42.4,43.2,43.5
2516.0,55.80424838,37.42080306,150.477,-3085.030,474.103,-0.22181,-0.000563,-0.01453,2514.82,18.5,42.7,43.5,43.8
2517.0,55.80424638,37.42081860,150.464,-3084.056,473.879,-0.22437,-0.000426,-0.01468,2515.82,18.1,42.9,43.7,44.0
2518.0,55.80424440,37.42083416,150.451,-3083.081,473.658,-0.22509,-0.000201,-0.01484,2516.82,17.6,43.2,43.9,44.2
2519.0,55.80424238,37.42084970,150.437,-3082.106,473.433,-0.22677,0.000069,-0.01500,2517.82,17.2,43.4,44.2,44.4
2520.0,55.80424037,37.42086524,150.423,-3081.132,473.208,-0.22390,0.000321,-0.01516,2518.82,16.7,43.7,44.4,44.7
2521.0,55.80423840,37.42088080,150.408,-3080.156,472.989,-0.22391,0.000498,-0.01533,2519.82,16.2,43.9,44.6,44.9
2522.0,55.80423639,37.42089634,150.392,-3079.182,472.764,-0.22159,0.000565,-0.01549,2520.82,15.6,44.1,44.8,45.1
2523.0,55.80423447,37.42091192,150.376,-3078.205,472.549,-0.21987,0.000518,-0.01565,2521.82,15.1,44.3,45.1,45.3
2524.0,55.80423249,37.42092747,150.359,-3077.230,472.328,-0.22172,0.000384,-0.01581,2522.82,14.6,44.5,45.3,45.5
2525.0,55.80423053,37.42094304,150.341,-3076.254,472.109,-0.21924,0.000208,-0.01595,2523.82,14.0,44.7,45.5,45.8
2526.0,55.80422859,37.42095861,150.323,-3075.278,471.893,-0.21885,0.000040,-0.01608,2524.82,13.2,44.9,45.7,46.0
2527.0,55.80422664,37.42097417,150.305,-3074.302,471.675,-0.22001,-0.000076,-0.01620,2525.82,12.3,45.1,45.9,46.2
2528.0,55.80422469,37.42098974,150.287,-3073.326,471.456,-0.22192,-0.000126,-0.01631,2526.82,11.4,45.3,46.1,46.4
2529.0,55.80422270,37.42100529,150.268,-3072.351,471.235,-0.22229,-0.000131,-0.01639,2527.83,10.5,45.5,46.3,46.6
2530.0,55.80422074,37.42102085,150.250,-3071.375,471.015,-0.22170,-0.000145,-0.01646,2528.83,9.7,45.7,46.5,46.8
2531.0,55.80421877,37.42103641,150.232,-3070.400,470.795,-0.22318,-0.000226,-0.01651,2529.83,10.2,45.9,46.7,47.0
2532.0,55.80421678,37.42105196,150.214,-3069.425,470.573,-0.21936,-0.000396,-0.01655,2530.83,10.8,46.1,46.8,47.1
2533.0,55.80421487,37.42106754,150.196,-3068.448,470.360,-0.21818,-0.000621,-0.01656,2531.83,11.3,46.3,47.0,47.3
2534.0,55.80421290,37.42108310,150.178,-3067.472,470.140,-0.22060,-0.000809,-0.01656,2532.83,11.8,46.5,47.1,47.4
2535.0,55.80421095,37.42109867,150.161,-3066.496,469.922,-0.22137,-0.000851,-0.01654,2533.83,12.4,46.6,47.3,47.6
2536.0,55.80420897,37.42111422,150.143,-3065.521,469.701,-0.22910,-0.000675,-0.01651,2534.83,13.2,46.8,47.5,47.7
2537.0,55.80420688,37.42112973,150.126,-3064.548,469.468,-0.23004,-0.000273,-0.01646,2535.83,14.1,47.0,47.6,47.8
2538.0,55.80420488,37.42114528,150.108,-3063.574,469.245,-0.22671,0.000293,-0.01641,2536.83,15.0,47.1,47.8,48.0
2539.0,55.80420286,37.42116082,150.091,-3062.600,469.018,-0.22829,0.000926,-0.01635,2537.83,15.8,47.3,47.9,48.1
2540.0,55.80420083,37.42117635,150.074,-3061.626,468.792,-0.22700,0.001529,-0.01628,2538.83,16.7,47.4,48.0,48.2
2541.0,55.80419883,37.42119190,150.058,-3060.651,468.568,-0.22227,0.002023,-0.01620,2539.83,17.3,47.6,48.2,48.4
2542.0,55.80419688,37.42120747,150.042,-3059.675,468.351,-0.21937,0.002342,-0.01613,2540.83,18.0,47.7,48.3,48.5
2543.0,55.80419493,37.42122303,150.026,-3058.699,468.133,-0.21829,0.002424,-0.01605,2541.83,18.6,47.9,48.4,48.6
2544.0,55.80419301,37.42123861,150.011,-3057.722,467.918,-0.21488,0.002203,-0.01598,2542.83,19.3,48.0,48.5,48.8
2545.0,55.80419111,37.42125420,149.996,-3056.745,467.707,-0.21135,0.001636,-0.01590,2543.83,19.9,48.1,48.6,48.9
2546.0,55.80418925,37.42126980,149.981,-3055.767,467.499,-0.20388,0.000741,-0.01584,2544.83,20.4,48.2,48.7,49.0
2547.0,55.80418749,37.42128543,149.967,-3054.786,467.302,-0.20069,-0.000372,-0.01577,2545.83,21.0,48.3,48.8,49.1
2548.0,55.80418568,37.42130106,149.953,-3053.807,467.100,-0.20606,-0.001508,-0.01571,2546.83,21.5,48.4,48.9,49.1
2549.0,55.80418383,37.42131666,149.939,-3052.829,466.892,-0.20892,-0.002439,-0.01565,2547.83,22.1,48.5,49.0,49.2
2550.0,55.80418197,37.42133226,149.925,-3051.850,466.685,-0.21350,-0.002985,-0.01560,2548.83,22.6,48.6,49.1,49.3
2551.0,55.80418003,37.42134783,149.911,-3050.874,466.469,-0.22297,-0.003076,-0.01554,2549.83,23.1,48.7,49.3,49.5
2552.0,55.80417801,37.42136337,149.896,-3049.900,466.243,-0.23093,-0.002771,-0.01549,2550.83,23.6,48.9,49.4,49.7
2553.0,55.80417593,37.42137888,149.882,-3048.927,466.011,-0.23014,-0.002223,-0.01543,2551.83,24.1,49.1,49.6,49.9
2554.0,55.80417392,37.42139443,149.867,-3047.953,465.787,-0.22834,-0.001605,-0.01537,2552.83,24.6,49.2,49.7,50.1
2555.0,55.80417188,37.42140996,149.852,-3046.979,465.558,-0.23030,-0.001048,-0.01530,2553.83,25.1,49.4,49.8,50.3
2556.0,55.80416984,37.42142548,149.836,-3046.005,465.330,-0.22987,-0.000603,-0.01523,2554.83,25.5,49.4,49.9,50.3
2557.0,55.80416780,37.42144102,149.820,-3045.032,465.103,-0.23046,-0.000255,-0.01514,2555.83,25.9,49.5,49.9,50.4
2558.0,55.80416574,37.42145654,149.802,-3044.058,464.873,-0.23119,0.000042,-0.01504,2556.83,26.4,49.6,50.0,50.4
2559.0,55.80416369,37.42147207,149.784,-3043.085,464.644,-0.23084,0.000339,-0.01493,2557.82,26.8,49.7,50.0,50.5
2560.0,55.80416165,37.42148759,149.766,-3042.111,464.416,-0.23081,0.000671,-0.01481,2558.82,27.2,49.7,50.0,50.6
2561.0,55.80415960,37.42150312,149.748,-3041.138,464.187,-0.22974,0.001057,-0.01467,2559.82,27.6,49.7,50.1,50.6
2562.0,55.80415757,37.42151865,149.730,-3040.164,463.960,-0.22865,0.001494,-0.01453,2560.82,28.0,49.8,50.1,50.6
2563.0,55.80415554,37.42153419,149.712,-3039.190,463.733,-0.22838,0.001963,-0.01436,2561.83,28.4,49.8,50.2,50.7
2564.0,55.80415351,37.42154973,149.695,-3038.216,463.507,-0.22704,0.002420,-0.01419,2562.83,28.7,49.8,50.2,50.7
2565.0,55.80415151,37.42156527,149.680,-3037.241,463.283,-0.22143,0.002805,-0.01401,2563.83,29.1,49.9,50.3,50.7
2566.0,55.80414958,37.42158084,149.665,-3036.265,463.068,-0.21723,0.003051,-0.01383,2564.83,29.5,50.0,50.4,50.8
2567.0,55.80414765,37.42159642,149.652,-3035.288,462.852,-0.21758,0.003088,-0.01364,2565.83,29.8,50.1,50.5,51.0
2568.0,55.80414572,37.42161199,149.639,-3034.312,462.636,-0.21047,0.002860,-0.01345,2566.83,30.2,50.2,50.6,51.1
2569.0,55.80414391,37.42162761,149.628,-3033.333,462.434,-0.20342,0.002336,-0.01326,2567.83,30.5,50.3,50.7,51.2
2570.0,55.80414210,37.42164323,149.617,-3032.353,462.232,-0.20298,0.001517,-0.01307,2568.83,30.9,50.4,50.9,51.3
2571.0,55.80414030,37.42165886,149.606,-3031.374,462.031,-0.20137,0.000444,-0.01290,2569.84,31.2,50.4,50.9,51.4
2572.0,55.80413852,37.42167449,149.595,-3030.394,461.832,-0.19960,-0.000798,-0.01274,2570.84,31.5,50.4,50.9,51.4
2573.0,55.80413675,37.42169012,149.585,-3029.413,461.635,-0.20013,-0.002079,-0.01259,2571.84,31.8,50.4,50.9,51.4
2574.0,55.80413496,37.42170575,149.574,-3028.433,461.435,-0.20300,-0.003231,-0.01245,2572.84,32.1,50.5,50.9,51.5
2575.0,55.80413314,37.42172136,149.563,-3027.454,461.231,-0.20797,-0.004078,-0.01234,2573.84,32.4,50.5,51.0,51.5
2576.0,55.80413126,37.42173696,149.552,-3026.477,461.022,-0.21832,-0.004483,-0.01224,2574.84,32.8,50.5,51.0,51.5
2577.0,55.80412926,37.42175251,149.541,-3025.502,460.798,-0.22792,-0.004390,-0.01216,2575.85,33.1,50.6,51.1,51.6
2578.0,55.80412722,37.42176803,149.530,-3024.528,460.570,-0.23029,-0.003845,-0.01210,2576.85,33.4,50.7,51.2,51.6
2579.0,55.80412517,37.42178356,149.519,-3023.555,460.342,-0.23584,-0.002980,-0.01206,2577.85,33.8,50.8,51.3,51.7
2580.0,55.80412303,37.42179905,149.509,-3022.584,460.103,-0.24096,-0.001971,-0.01204,2578.85,34.1,50.8,51.3,51.7
2581.0,55.80412090,37.42181454,149.498,-3021.612,459.864,-0.23911,-0.000981,-0.01203,2579.85,34.4,50.9,51.4,51.8
2582.0,55.80411879,37.42183004,149.488,-3020.641,459.629,-0.23670,-0.000114,-0.01204,2580.85,34.7,51.0,51.5,51.9
2583.0,55.80411670,37.42184555,149.478,-3019.668,459.395,-0.23485,0.000603,-0.01205,2581.85,35.1,51.0,51.6,51.9
2584.0,55.80411462,37.42186106,149.467,-3018.696,459.163,-0.23412,0.001205,-0.01208,2582.85,35.4,51.1,51.6,52.0
2585.0,55.80411254,37.42187658,149.456,-3017.723,458.932,-0.23499,0.001739,-0.01212,2583.84,35.7,51.1,51.7,52.1
2586.0,55.80411045,37.42189209,149.445,-3016.750,458.698,-0.23394,0.002218,-0.01216,2584.84,36.0,51.2,51.8,52.1
2587.0,55.80410839,37.42190761,149.432,-3015.777,458.468,-0.23054,0.002603,-0.01220,2585.84,36.2,51.3,51.8,52.2
2588.0,55.80410636,37.42192314,149.419,-3014.803,458.241,-0.22740,0.002814,-0.01223,2586.84,36.5,51.3,51.8,52.2
2589.0,55.80410435,37.42193869,149.406,-3013.829,458.017,-0.22114,0.002778,-0.01227,2587.84,36.8,51.4,51.9,52.2
2590.0,55.80410243,37.42195426,149.392,-3012.852,457.802,-0.21540,0.002468,-0.01230,2588.84,37.0,51.4,51.9,52.3
2591.0,55.80410053,37.42196985,149.378,-3011.875,457.590,-0.21328,0.001921,-0.01232,2589.84,37.3,51.5,52.0,52.3
2592.0,55.80409864,37.42198544,149.363,-3010.897,457.379,-0.21172,0.001227,-0.01233,2590.84,37.6,51.5,52.0,52.3
2593.0,55.80409676,37.42200103,149.349,-3009.920,457.169,-0.21120,0.000501,-0.01233,2591.84,37.9,51.6,52.0,52.4
2594.0,55.80409489,37.42201663,149.334,-3008.942,456.960,-0.21162,-0.000149,-0.01232,2592.84,38.2,51.6,52.0,52.4
2595.0,55.80409300,37.42203222,149.320,-3007.964,456.749,-0.21274,-0.000633,-0.01229,2593.85,38.5,51.7,52.1,52.4
2596.0,55.80409111,37.42204781,149.307,-3006.987,456.537,-0.21569,-0.000899,-0.01226,2594.85,38.7,51.7,52.1,52.4
2597.0,55.80408917,37.42206338,149.293,-3006.011,456.321,-0.21812,-0.000930,-0.01222,2595.85,38.9,51.7,52.1,52.5
2598.0,55.80408723,37.42207895,149.280,-3005.034,456.104,-0.21804,-0.000754,-0.01217,2596.85,39.1,51.7,52.2,52.5
2599.0,55.80408530,37.42209452,149.267,-3004.058,455.888,-0.22126,-0.000445,-0.01211,2597.85,39.3,51.7,52.2,52.5
2600.0,55.80408330,37.42211007,149.254,-3003.083,455.666,-0.22335,-0.000120,-0.01204,2598.85,39.5,51.7,52.2,52.5
2601.0,55.80408133,37.42212563,149.242,-3002.108,455.445,-0.22006,0.000084,-0.01198,2599.85,39.8,51.7,52.2,52.4
2602.0,55.80407939,37.42214120,149.230,-3001.131,455.229,-0.21841,0.000047,-0.01191,2600.85,40.1,51.7,52.2,52.4
2603.0,55.80407745,37.42215677,149.219,-3000.155,455.012,-0.21616,-0.000283,-0.01185,2601.85,40.4,51.7,52.1,52.3
2604.0,55.80407555,37.42217236,149.207,-2999.178,454.800,-0.21282,-0.000862,-0.01180,2602.85,40.7,51.6,52.1,52.3
2605.0,55.80407367,37.42218795,149.196,-2998.200,454.590,-0.21402,-0.001548,-0.01175,2603.85,41.0,51.6,52.1,52.2
2606.0,55.80407175,37.42220353,149.186,-2997.224,454.375,-0.21859,-0.002131,-0.01172,2604.85,41.2,51.6,52.1,52.2
2607.0,55.80406978,37.42221909,149.176,-2996.248,454.156,-0.22309,-0.002388,-0.01170,2605.85,41.4,51.6,52.1,52.2
2608.0,55.80406779,37.42223464,149.166,-2995.273,453.933,-0.22810,-0.002148,-0.01170,2606.85,41.6,51.6,52.1,52.2
2609.0,55.80406574,37.42225016,149.156,-2994.300,453.704,-0.23337,-0.001342,-0.01172,2607.85,41.8,51.6,52.1,52.2
2610.0,55.80406364,37.42226567,149.146,-2993.327,453.470,-0.23782,-0.000045,-0.01175,2608.85,42.0,51.6,52.1,52.2
2611.0,55.80406152,37.42228116,149.137,-2992.356,453.233,-0.24231,0.001512,-0.01182,2609.85,42.2,51.5,52.0,52.2
2612.0,55.80405935,37.42229664,149.127,-2991.386,452.990,-0.23834,0.002988,-0.01190,2610.85,42.5,51.5,52.0,52.1
2613.0,55.80405729,37.42231216,149.117,-2990.413,452.760,-0.22717,0.004015,-0.01201,2611.84,42.7,51.4,51.9,52.1
2614.0,55.80405531,37.42232772,149.106,-2989.437,452.540,-0.21772,0.004305,-0.01214,2612.84,43.0,51.3,51.9,52.1
2615.0,55.80405342,37.42234331,149.096,-2988.460,452.328,-0.20848,0.003748,-0.01230,2613.84,43.2,51.3,51.8,52.1
2616.0,55.80405161,37.42235892,149.085,-2987.480,452.126,-0.20002,0.002445,-0.01247,2614.84,43.4,51.2,51.8,52.1
2617.0,55.80404986,37.42237457,149.074,-2986.500,451.931,-0.19518,0.000688,-0.01267,2615.84,43.7,51.2,51.8,52.1
2618.0,55.80404813,37.42239022,149.063,-2985.518,451.738,-0.19779,-0.001123,-0.01289,2616.84,43.9,51.2,51.8,52.2
2619.0,55.80404634,37.42240584,149.051,-2984.539,451.538,-0.20551,-0.002591,-0.01312,2617.84,44.1,51.1,51.7,52.2
2620.0,55.80404448,37.42242144,149.039,-2983.561,451.330,-0.21337,-0.003420,-0.01336,2618.84,44.3,51.1,51.7,52.2
2621.0,55.80404255,37.42243702,149.027,-2982.584,451.115,-0.22129,-0.003481,-0.01362,2619.84,44.6,51.1,51.7,52.3
2622.0,55.80404055,37.42245256,149.014,-2981.609,450.891,-0.22941,-0.002824,-0.01388,2620.84,44.8,51.1,51.7,52.3
2623.0,55.80403848,37.42246808,149.001,-2980.636,450.660,-0.23338,-0.001654,-0.01414,2621.84,45.0,51.1,51.7,52.3
2624.0,55.80403641,37.42248360,148.986,-2979.664,450.428,-0.23311,-0.000269,-0.01440,2622.84,45.2,51.1,51.7,52.3
2625.0,55.80403434,37.42249912,148.972,-2978.691,450.198,-0.23306,0.001006,-0.01465,2623.84,45.4,51.1,51.7,52.4
2626.0,55.80403227,37.42251464,148.957,-2977.718,449.966,-0.22810,0.001893,-0.01489,2624.84,45.7,51.2,51.7,52.4
2627.0,55.80403029,37.42253019,148.941,-2976.742,449.745,-0.21929,0.002212,-0.01512,2625.84,45.9,51.3,51.8,52.5
2628.0,55.80402838,37.42254577,148.924,-2975.766,449.531,-0.21305,0.001924,-0.01533,2626.84,46.1,51.4,51.9,52.5
2629.0,55.80402651,37.42256137,148.907,-2974.788,449.323,-0.21067,0.001131,-0.01552,2627.84,46.3,51.4,52.0,52.5
2630.0,55.80402463,37.42257696,148.890,-2973.810,449.113,-0.21036,0.000045,-0.01568,2628.84,46.5,51.5,52.0,52.6
2631.0,55.80402277,37.42259256,148.871,-2972.832,448.905,-0.20838,-0.001057,-0.01581,2629.84,46.6,51.5,52.0,52.6
2632.0,55.80402093,37.42260817,148.853,-2971.853,448.699,-0.21205,-0.001905,-0.01591,2630.84,46.8,51.6,52.0,52.6
2633.0,55.80401900,37.42262375,148.834,-2970.877,448.484,-0.22119,-0.002296,-0.01597,2631.84,46.9,51.6,52.0,52.6
2634.0,55.80401700,37.42263929,148.814,-2969.902,448.261,-0.22872,-0.002143,-0.01600,2632.85,47.0,51.6,52.0,52.7
2635.0,55.80401494,37.42265481,148.794,-2968.929,448.031,-0.23000,-0.001495,-0.01599,2633.85,47.1,51.6,52.1,52.7
2636.0,55.80401291,37.42267035,148.775,-2967.954,447.805,-0.23121,-0.000524,-0.01594,2634.85,47.2,51.6,52.1,52.7
2637.0,55.80401083,37.42268586,148.755,-2966.982,447.572,-0.23537,0.000516,-0.01585,2635.86,47.4,51.7,52.1,52.7
2638.0,55.80400874,37.42270137,148.736,-2966.010,447.338,-0.23101,0.001345,-0.01573,2636.86,47.5,51.7,52.1,52.7
2639.0,55.80400673,37.42271692,148.718,-2965.035,447.114,-0.22393,0.001724,-0.01557,2637.86,47.6,51.7,52.2,52.7
2640.0,55.80400476,37.42273247,148.700,-2964.060,446.894,-0.21968,0.001531,-0.01537,2638.86,47.8,51.7,52.2,52.7
2641.0,55.80400283,37.42274805,148.683,-2963.083,446.679,-0.21352,0.000812,-0.01514,2639.87,47.6,51.7,52.2,52.7
2642.0,55.80400097,37.42276365,148.667,-2962.105,446.470,-0.20893,-0.000200,-0.01488,2640.87,47.4,51.7,52.3,52.7
2643.0,55.80399912,37.42277925,148.652,-2961.127,446.264,-0.21084,-0.001138,-0.01459,2641.87,47.2,51.7,52.3,52.7
2644.0,55.80399722,37.42279484,148.637,-2960.149,446.052,-0.21730,-0.001617,-0.01428,2642.87,47.0,51.7,52.3,52.8
2645.0,55.80399525,37.42281040,148.623,-2959.174,445.832,-0.22974,-0.001373,-0.01395,2643.87,46.8,51.7,52.4,52.8
2646.0,55.80399314,37.42282590,148.609,-2958.202,445.596,-0.23725,-0.000373,-0.01360,2644.87,46.6,51.7,52.3,52.8
2647.0,55.80399104,37.42284141,148.595,-2957.230,445.362,-0.23495,0.001150,-0.01323,2645.87,46.4,51.6,52.3,52.7
2648.0,55.80398897,37.42285692,148.581,-2956.257,445.131,-0.23637,0.002761,-0.01286,2646.87,46.2,51.6,52.3,52.7
2649.0,55.80398685,37.42287242,148.567,-2955.285,444.894,-0.23016,0.003952,-0.01249,2647.87,46.0,51.5,52.3,52.7
2650.0,55.80398488,37.42288798,148.554,-2954.310,444.675,-0.21445,0.004313,-0.01211,2648.87,45.8,51.5,52.3,52.6
2651.0,55.80398304,37.42290358,148.541,-2953.331,444.468,-0.20014,0.003664,-0.01174,2649.87,45.6,51.4,52.2,52.6
2652.0,55.80398133,37.42291924,148.529,-2952.350,444.277,-0.19272,0.002119,-0.01137,2650.87,45.5,51.4,52.1,52.5
2653.0,55.80397961,37.42293489,148.517,-2951.368,444.085,-0.19267,0.000051,-0.01102,2651.87,45.3,51.3,52.1,52.4
2654.0,55.80397790,37.42295055,148.507,-2950.387,443.894,-0.19201,-0.002021,-0.01069,2652.87,45.1,51.2,52.0,52.4
2655.0,55.80397619,37.42296620,148.498,-2949.405,443.704,-0.20138,-0.003599,-0.01038,2653.87,45.0,51.2,51.9,52.3
2656.0,55.80397432,37.42298180,148.490,-2948.427,443.494,-0.21673,-0.004348,-0.01008,2654.87,44.9,51.2,51.9,52.2
2657.0,55.80397234,37.42299736,148.483,-2947.452,443.274,-0.22684,-0.004179,-0.00982,2655.87,44.9,51.1,51.9,52.2
2658.0,55.80397029,37.42301288,148.477,-2946.478,443.044,-0.23288,-0.003247,-0.00958,2656.87,44.8,51.1,51.9,52.1
2659.0,55.80396821,37.42302839,148.472,-2945.506,442.812,-0.23495,-0.001876,-0.00937,2657.87,44.7,51.1,51.8,52.1
2660.0,55.80396612,37.42304390,148.466,-2944.533,442.579,-0.23575,-0.000441,-0.00920,2658.87,44.7,51.1,51.8,52.0
2661.0,55.80396403,37.42305941,148.461,-2943.561,442.345,-0.23123,0.000728,-0.00905,2659.87,44.6,51.1,51.8,52.0
2662.0,55.80396201,37.42307495,148.456,-2942.587,442.120,-0.22512,0.001420,-0.00893,2660.87,44.5,51.1,51.8,51.9
2663.0,55.80396003,37.42309050,148.450,-2941.611,441.899,-0.22242,0.001568,-0.00884,2661.87,44.5,51.1,51.7,51.9
2664.0,55.80395806,37.42310606,148.443,-2940.636,441.679,-0.21944,0.001242,-0.00878,2662.87,44.4,51.1,51.7,51.9
2665.0,55.80395613,37.42312164,148.436,-2939.659,441.463,-0.21415,0.000626,-0.00874,2663.87,44.3,51.0,51.7,51.8
2666.0,55.80395426,37.42313723,148.429,-2938.682,441.254,-0.21261,-0.000032,-0.00873,2664.87,44.2,51.0,51.6,51.8
2667.0,55.80395235,37.42315282,148.421,-2937.704,441.041,-0.21896,-0.000488,-0.00874,2665.87,44.1,50.9,51.6,51.8
2668.0,55.80395037,37.42316837,148.412,-2936.729,440.820,-0.22487,-0.000568,-0.00876,2666.87,44.0,50.9,51.5,51.8
2669.0,55.80394836,37.42318391,148.403,-2935.755,440.595,-0.22673,-0.000227,-0.00880,2667.87,43.9,50.8,51.5,51.8
2670.0,55.80394634,37.42319945,148.394,-2934.781,440.370,-0.22728,0.000443,-0.00884,2668.87,43.8,50.7,51.4,51.8
2671.0,55.80394432,37.42321499,148.384,-2933.806,440.145,-0.22759,0.001237,-0.00889,2669.88,43.7,50.7,51.4,51.8
2672.0,55.80394230,37.42323053,148.375,-2932.832,439.919,-0.22522,0.001896,-0.00894,2670.88,43.6,50.8,51.4,51.8
2673.0,55.80394032,37.42324608,148.365,-2931.857,439.698,-0.21998,0.002166,-0.00899,2671.88,43.5,50.8,51.4,51.8
2674.0,55.80393839,37.42326166,148.356,-2930.880,439.482,-0.21314,0.001882,-0.00904,2672.88,43.4,50.8,51.4,51.8
2675.0,55.80393653,37.42327726,148.346,-2929.902,439.275,-0.20733,0.001027,-0.00907,2673.88,43.3,50.8,51.4,51.8
2676.0,55.80393471,37.42329287,148.336,-2928.923,439.071,-0.20350,-0.000233,-0.00910,2674.88,43.2,50.8,51.4,51.7
2677.0,55.80393292,37.42330850,148.325,-2927.943,438.871,-0.19960,-0.001576,-0.00911,2675.88,43.1,50.9,51.4,51.7
2678.0,55.80393116,37.42332414,148.315,-2926.963,438.674,-0.20889,-0.002616,-0.00910,2676.88,43.0,50.9,51.4,51.7
2679.0,55.80392920,37.42333970,148.304,-2925.987,438.456,-0.22293,-0.003035,-0.00908,2677.88,43.0,50.9,51.4,51.6
2680.0,55.80392720,37.42335525,148.293,-2925.012,438.232,-0.22838,-0.002691,-0.00904,2678.88,42.9,51.0,51.4,51.6
2681.0,55.80392515,37.42337077,148.283,-2924.039,438.003,-0.23373,-0.001675,-0.00897,2679.88,42.8,51.0,51.4,51.6
2682.0,55.80392305,37.42338628,148.272,-2923.067,437.769,-0.23747,-0.000278,-0.00889,2680.88,42.8,51.0,51.3,51.6
2683.0,55.80392093,37.42340178,148.261,-2922.095,437.533,-0.23583,0.001096,-0.00878,2681.88,42.7,51.0,51.3,51.6
2684.0,55.80391886,37.42341729,148.251,-2921.122,437.301,-0.22927,0.002047,-0.00866,2682.88,42.6,51.0,51.3,51.6
2685.0,55.80391686,37.42343284,148.241,-2920.147,437.078,-0.22010,0.002292,-0.00852,2683.89,42.5,51.0,51.3,51.6
2686.0,55.80391495,37.42344842,148.231,-2919.170,436.865,-0.21262,0.001750,-0.00836,2684.89,42.5,51.0,51.3,51.6
2687.0,55.80391308,37.42346402,148.221,-2918.192,436.656,-0.20823,0.000585,-0.00818,2685.89,42.5,51.0,51.3,51.6
2688.0,55.80391125,37.42347963,148.212,-2917.214,436.451,-0.20393,-0.000825,-0.00799,2686.89,42.4,50.9,51.4,51.6
2689.0,55.80390946,37.42349526,148.203,-2916.234,436.251,-0.20754,-0.001998,-0.00778,2687.89,42.4,50.9,51.4,51.6
2690.0,55.80390756,37.42351084,148.195,-2915.257,436.039,-0.21963,-0.002503,-0.00757,2688.90,42.3,50.9,51.4,51.6
2691.0,55.80390556,37.42352639,148.187,-2914.282,435.815,-0.23433,-0.002117,-0.00735,2689.90,42.4,50.9,51.4,51.6
2692.0,55.80390340,37.42354187,148.179,-2913.311,435.575,-0.24139,-0.000900,-0.00712,2690.90,42.5,50.9,51.4,51.5
2693.0,55.80390127,37.42355736,148.172,-2912.340,435.337,-0.23853,0.000827,-0.00689,2691.90,42.6,50.8,51.4,51.5
2694.0,55.80389917,37.42357287,148.166,-2911.368,435.102,-0.23539,0.002607,-0.00666,2692.90,42.7,50.8,51.4,51.5
2695.0,55.80389710,37.42358838,148.160,-2910.395,434.871,-0.22746,0.003993,-0.00643,2693.90,42.8,50.8,51.4,51.5
2696.0,55.80389513,37.42360394,148.154,-2909.419,434.651,-0.21681,0.004663,-0.00620,2694.90,42.9,50.7,51.3,51.5
2697.0,55.80389324,37.42361953,148.149,-2908.442,434.441,-0.20856,0.004490,-0.00599,2695.90,43.0,50.7,51.3,51.5
2698.0,55.80389142,37.42363515,148.145,-2907.463,434.237,-0.20036,0.003549,-0.00578,2696.90,43.1,50.6,51.2,51.5
2699.0,55.80388968,37.42365079,148.140,-2906.482,434.042,-0.19208,0.002089,-0.00558,2697.90,43.1,50.5,51.2,51.5
2700.0,55.80388801,37.42366646,148.136,-2905.500,433.855,-0.19012,0.000463,-0.00539,2698.90,43.2,50.5,51.1,51.5
2701.0,55.80388630,37.42368212,148.132,-2904.518,433.665,-0.19707,-0.000959,-0.00521,2699.90,43.3,50.3,51.1,51.5
2702.0,55.80388450,37.42369774,148.128,-2903.538,433.464,-0.20461,-0.001897,-0.00505,2700.89,43.4,50.2,51.0,51.4
2703.0,55.80388266,37.42371335,148.124,-2902.560,433.258,-0.20982,-0.002223,-0.00490,2701.89,43.4,50.1,50.9,51.3
2704.0,55.80388077,37.42372894,148.120,-2901.582,433.047,-0.21465,-0.001971,-0.00476,2702.89,43.5,49.9,50.9,51.2
2705.0,55.80387885,37.42374452,148.117,-2900.606,432.832,-0.21735,-0.001301,-0.00464,2703.89,43.6,49.8,50.8,51.2
2706.0,55.80387691,37.42376009,148.113,-2899.629,432.616,-0.21750,-0.000432,-0.00453,2704.89,43.6,49.6,50.6,51.0
2707.0,55.80387498,37.42377566,148.110,-2898.653,432.401,-0.21660,0.000415,-0.00442,2705.89,43.6,49.4,50.5,50.8
2708.0,55.80387306,37.42379124,148.107,-2897.676,432.186,-0.21551,0.001062,-0.00433,2706.89,43.7,49.2,50.3,50.6
2709.0,55.80387115,37.42380682,148.103,-2896.699,431.973,-0.21152,0.001406,-0.00425,2707.89,43.7,49.0,50.2,50.4
2710.0,55.80386930,37.42382243,148.100,-2895.721,431.766,-0.20601,0.001431,-0.00416,2708.89,43.7,48.8,50.0,50.2
2711.0,55.80386749,37.42383805,148.096,-2894.741,431.564,-0.20264,0.001211,-0.00409,2709.89,43.8,48.7,49.8,50.1
2712.0,55.80386570,37.42385367,148.093,-2893.762,431.364,-0.20379,0.000888,-0.00401,2710.89,43.8,48.5,49.7,49.9
2713.0,55.80386386,37.42386928,148.089,-2892.783,431.159,-0.20457,0.000627,-0.00393,2711.89,43.8,48.4,49.5,49.8
2714.0,55.80386206,37.42388491,148.084,-2891.803,430.957,-0.20362,0.000564,-0.00385,2712.89,43.9,48.2,49.4,49.7
2715.0,55.80386024,37.42390052,148.080,-2890.824,430.755,-0.20638,0.000765,-0.00376,2713.89,43.9,48.1,49.2,49.5
2716.0,55.80385839,37.42391613,148.075,-2889.846,430.548,-0.20866,0.001195,-0.00366,2714.89,43.9,47.9,49.0,49.3
2717.0,55.80385653,37.42393173,148.070,-2888.867,430.340,-0.20747,0.001729,-0.00356,2715.89,43.9,47.7,48.8,49.0
2718.0,55.80385470,37.42394734,148.065,-2887.889,430.136,-0.20403,0.002186,-0.00344,2716.89,43.9,47.5,48.5,48.8
2719.0,55.80385291,37.42396297,148.060,-2886.909,429.935,-0.19897,0.002394,-0.00331,2717.89,44.0,47.3,48.3,48.6
2720.0,55.80385116,37.42397861,148.055,-2885.928,429.740,-0.19322,0.002259,-0.00317,2718.90,44.0,47.1,48.1,48.3
2721.0,55.80384947,37.42399427,148.050,-2884.946,429.551,-0.18750,0.001802,-0.00302,2719.90,43.9,46.9,47.8,48.1
2722.0,55.80384783,37.42400995,148.045,-2883.963,429.367,-0.18443,0.001155,-0.00285,2720.90,43.8,46.6,47.6,47.9
2723.0,55.80384619,37.42402563,148.041,-2882.980,429.184,-0.18740,0.000504,-0.00267,2721.90,43.8,46.4,47.4,47.6
2724.0,55.80384449,37.42404129,148.037,-2881.998,428.995,-0.18995,0.000020,-0.00247,2722.90,43.7,46.2,47.1,47.4
2725.0,55.80384281,37.42405695,148.033,-2881.016,428.807,-0.19112,-0.000201,-0.00227,2723.91,43.6,46.0,46.9,47.2
2726.0,55.80384109,37.42407260,148.030,-2880.035,428.615,-0.19382,-0.000158,-0.00205,2724.91,43.6,45.8,46.7,47.0
2727.0,55.80383936,37.42408825,148.028,-2879.053,428.421,-0.19483,0.000069,-0.00183,2725.91,43.5,45.6,46.5,46.8
2728.0,55.80383762,37.42410390,148.025,-2878.072,428.228,-0.19245,0.000366,-0.00160,2726.91,43.4,45.4,46.3,46.6
2729.0,55.80383593,37.42411956,148.024,-2877.090,428.039,-0.19077,0.000618,-0.00137,2727.92,43.4,45.2,46.1,46.5
2730.0,55.80383423,37.42413522,148.023,-2876.109,427.849,-0.19087,0.000737,-0.00113,2728.92,43.3,45.0,45.9,46.3
2731.0,55.80383254,37.42415088,148.023,-2875.127,427.659,-0.18899,0.000673,-0.00089,2729.92,43.3,44.8,45.7,46.1
2732.0,55.80383087,37.42416655,148.023,-2874.144,427.473,-0.18615,0.000417,-0.00065,2730.92,43.2,44.7,45.6,45.9
2733.0,55.80382922,37.42418222,148.023,-2873.161,427.289,-0.18550,0.000002,-0.00042,2731.92,43.1,44.6,45.4,45.8
2734.0,55.80382757,37.42419790,148.024,-2872.179,427.104,-0.18529,-0.000492,-0.00019,2732.92,43.1,44.4,45.3,45.6
2735.0,55.80382593,37.42421358,148.026,-2871.195,426.921,-0.18497,-0.000955,0.00004,2733.92,43.0,44.3,45.1,45.4
2736.0,55.80382427,37.42422925,148.027,-2870.213,426.736,-0.18795,-0.001261,0.00026,2734.92,42.9,44.1,45.0,45.3
2737.0,55.80382258,37.42424491,148.028,-2869.231,426.547,-0.19289,-0.001306,0.00047,2735.92,42.8,44.0,44.9,45.1
2738.0,55.80382084,37.42426056,148.030,-2868.250,426.353,-0.19578,-0.001032,0.00067,2736.92,42.7,43.9,44.8,45.0
2739.0,55.80381910,37.42427620,148.031,-2867.269,426.158,-0.19712,-0.000445,0.00086,2737.92,42.6,43.7,44.6,44.8
2740.0,55.80381734,37.42429184,148.032,-2866.289,425.961,-0.19822,0.000387,0.00104,2738.92,42.5,43.6,44.5,44.7
2741.0,55.80381557,37.42430747,148.034,-2865.308,425.764,-0.19816,0.001335,0.00121,2739.92,42.5,43.4,44.4,44.6
2742.0,55.80381381,37.42432311,148.035,-2864.328,425.567,-0.19845,0.002233,0.00137,2740.92,42.4,43.3,44.2,44.5
2743.0,55.80381204,37.42433875,148.037,-2863.347,425.370,-0.19374,0.002920,0.00152,2741.93,42.3,43.2,44.1,44.3
2744.0,55.80381036,37.42435441,148.038,-2862.365,425.182,-0.18404,0.003292,0.00165,2742.93,42.3,43.0,44.0,44.2
2745.0,55.80380877,37.42437010,148.040,-2861.381,425.004,-0.17809,0.003345,0.00178,2743.93,42.2,42.9,43.9,44.1
2746.0,55.80380719,37.42438580,148.042,-2860.397,424.828,-0.17487,0.003178,0.00189,2744.93,42.2,42.8,43.8,44.0
2747.0,55.80380565,37.42440151,148.044,-2859.412,424.656,-0.17188,0.002944,0.00199,2745.93,42.1,42.8,43.8,44.0
2748.0,55.80380413,37.42441723,148.047,-2858.426,424.486,-0.17365,0.002785,0.00208,2746.93,42.1,42.7,43.7,44.0
2749.0,55.80380256,37.42443293,148.050,-2857.442,424.310,-0.17323,0.002770,0.00215,2747.93,42.0,42.6,43.7,43.9
2750.0,55.80380105,37.42444865,148.053,-2856.456,424.141,-0.16863,0.002879,0.00222,2748.93,42.0,42.6,43.6,43.9
2751.0,55.80379956,37.42446438,148.056,-2855.470,423.975,-0.16533,0.003032,0.00227,2749.93,42.0,42.6,43.6,43.9
2752.0,55.80379810,37.42448011,148.060,-2854.483,423.812,-0.16208,0.003137,0.00231,2750.93,41.9,42.5,43.6,43.9
2753.0,55.80379667,37.42449586,148.063,-2853.496,423.652,-0.15832,0.003128,0.00234,2751.93,41.9,42.5,43.6,43.9
2754.0,55.80379528,37.42451161,148.067,-2852.508,423.497,-0.15221,0.002997,0.00236,2752.93,41.9,42.5,43.6,44.0
2755.0,55.80379396,37.42452738,148.070,-2851.519,423.349,-0.15015,0.002790,0.00237,2753.93,41.9,42.5,43.6,44.0
2756.0,55.80379261,37.42454315,148.074,-2850.531,423.197,-0.14705,0.002590,0.00238,2754.92,41.9,42.5,43.6,44.0
2757.0,55.80379134,37.42455894,148.077,-2849.541,423.056,-0.14486,0.002485,0.00237,2755.92,41.8,42.4,43.7,44.0
2758.0,55.80379003,37.42457471,148.080,-2848.552,422.909,-0.14694,0.002536,0.00236,2756.92,41.8,42.4,43.7,44.1
2759.0,55.80378872,37.42459049,148.083,-2847.563,422.763,-0.14455,0.002760,0.00235,2757.92,41.8,42.4,43.7,44.1
2760.0,55.80378745,37.42460627,148.085,-2846.573,422.621,-0.14103,0.003136,0.00233,2758.92,41.7,42.4,43.7,44.1
2761.0,55.80378621,37.42462207,148.087,-2845.582,422.482,-0.13596,0.003615,0.00231,2759.92,41.7,42.4,43.7,44.2
2762.0,55.80378503,37.42463788,148.089,-2844.591,422.350,-0.13432,0.004135,0.00230,2760.92,41.7,42.4,43.7,44.3
2763.0,55.80378381,37.42465368,148.091,-2843.600,422.214,-0.13097,0.004614,0.00228,2761.92,41.6,42.4,43.7,44.3
2764.0,55.80378269,37.42466950,148.093,-2842.608,422.088,-0.12524,0.004959,0.00226,2762.91,41.6,42.4,43.7,44.4
2765.0,55.80378158,37.42468532,148.094,-2841.616,421.964,-0.11941,0.005081,0.00225,2763.91,41.5,42.4,43.7,44.5
2766.0,55.80378057,37.42470117,148.096,-2840.623,421.850,-0.10817,0.004920,0.00224,2764.91,41.5,42.4,43.7,44.6
2767.0,55.80377965,37.42471703,148.097,-2839.628,421.748,-0.10276,0.004465,0.00224,2765.91,41.5,42.5,43.8,44.7
2768.0,55.80377873,37.42473290,148.099,-2838.633,421.645,-0.10067,0.003759,0.00225,2766.92,41.5,42.5,43.8,44.8
2769.0,55.80377786,37.42474877,148.100,-2837.638,421.547,-0.09693,0.002888,0.00226,2767.92,41.5,42.6,43.8,44.8
2770.0,55.80377701,37.42476464,148.102,-2836.643,421.451,-0.09180,0.001970,0.00228,2768.92,41.5,42.6,43.8,44.9
2771.0,55.80377623,37.42478053,148.104,-2835.646,421.364,-0.08897,0.001138,0.00231,2769.92,41.4,42.7,43.9,45.0
2772.0,55.80377542,37.42479641,148.105,-2834.651,421.274,-0.09247,0.000519,0.00234,2770.92,41.3,42.8,43.9,45.1
2773.0,55.80377458,37.42481229,148.107,-2833.655,421.179,-0.09565,0.000199,0.00238,2771.92,41.2,42.9,44.0,45.1
2774.0,55.80377372,37.42482816,148.108,-2832.660,421.083,-0.09758,0.000198,0.00243,2772.92,41.0,43.0,44.1,45.2
2775.0,55.80377284,37.42484403,148.110,-2831.665,420.984,-0.09778,0.000471,0.00248,2773.92,40.9,43.1,44.1,45.2
2776.0,55.80377198,37.42485990,148.112,-2830.669,420.888,-0.09646,0.000933,0.00253,2774.92,40.7,43.2,44.2,45.3
2777.0,55.80377112,37.42487578,148.114,-2829.674,420.792,-0.09440,0.001483,0.00259,2775.92,40.4,43.3,44.2,45.3
2778.0,55.80377030,37.42489166,148.116,-2828.678,420.699,-0.09304,0.002027,0.00264,2776.93,40.1,43.4,44.3,45.4
2779.0,55.80376947,37.42490754,148.119,-2827.682,420.606,-0.09169,0.002468,0.00270,2777.93,39.8,43.5,44.3,45.4
2780.0,55.80376866,37.42492342,148.122,-2826.687,420.516,-0.08867,0.002708,0.00276,2778.93,39.6,43.6,44.4,45.4
2781.0,55.80376789,37.42493931,148.125,-2825.690,420.429,-0.08458,0.002664,0.00281,2779.93,39.3,43.7,44.4,45.5
2782.0,55.80376716,37.42495520,148.129,-2824.694,420.347,-0.07651,0.002307,0.00286,2780.93,39.0,43.8,44.5,45.5
2783.0,55.80376652,37.42497111,148.133,-2823.696,420.276,-0.07195,0.001687,0.00290,2781.93,38.7,43.8,44.5,45.5
2784.0,55.80376588,37.42498701,148.136,-2822.699,420.203,-0.07077,0.000929,0.00294,2782.93,38.4,43.9,44.6,45.6
2785.0,55.80376527,37.42500292,148.140,-2821.701,420.135,-0.07277,0.000189,0.00296,2783.93,38.1,44.0,44.6,45.6
2786.0,55.80376458,37.42501882,148.144,-2820.704,420.058,-0.07731,-0.000406,0.00298,2784.93,37.8,44.1,44.7,45.6
2787.0,55.80376389,37.42503472,148.148,-2819.707,419.980,-0.07818,-0.000791,0.00299,2785.93,37.5,44.1,44.7,45.7
2788.0,55.80376319,37.42505062,148.152,-2818.710,419.902,-0.07804,-0.000955,0.00299,2786.93,37.1,44.2,44.8,45.7
2789.0,55.80376250,37.42506652,148.156,-2817.713,419.824,-0.07875,-0.000910,0.00298,2787.93,36.8,44.2,44.8,45.8
2790.0,55.80376179,37.42508242,148.160,-2816.716,419.744,-0.08085,-0.000675,0.00296,2788.93,36.4,44.3,44.8,45.8
2791.0,55.80376106,37.42509831,148.163,-2815.720,419.663,-0.08221,-0.000284,0.00294,2789.93,36.0,44.4,44.9,45.8
2792.0,55.80376033,37.42511420,148.167,-2814.723,419.580,-0.08572,0.000193,0.00290,2790.93,35.6,44.4,44.9,45.9
2793.0,55.80375954,37.42513009,148.170,-2813.727,419.491,-0.08729,0.000647,0.00285,2791.93,35.2,44.5,45.0,45.9
2794.0,55.80375877,37.42514598,148.173,-2812.731,419.406,-0.08072,0.000965,0.00280,2792.93,34.8,44.6,45.0,45.9
2795.0,55.80375810,37.42516188,148.177,-2811.734,419.330,-0.07462,0.001075,0.00274,2793.93,34.4,44.6,45.1,45.9
2796.0,55.80375744,37.42517778,148.180,-2810.736,419.256,-0.07445,0.000987,0.00267,2794.93,34.4,44.7,45.1,46.0
2797.0,55.80375677,37.42519369,148.183,-2809.739,419.181,-0.07458,0.000776,0.00260,2795.93,34.3,44.7,45.2,46.0
2798.0,55.80375612,37.42520959,148.186,-2808.742,419.107,-0.07497,0.000540,0.00253,2796.93,34.3,44.7,45.2,46.0
2799.0,55.80375544,37.42522549,148.189,-2807.745,419.032,-0.07664,0.000361,0.00245,2797.93,34.3,44.8,45.2,46.0
2800.0,55.80375475,37.42524139,148.191,-2806.748,418.954,-0.07525,0.000283,0.00238,2798.93,34.3,44.8,45.2,46.0
2801.0,55.80375410,37.42525730,148.193,-2805.751,418.881,-0.07283,0.000323,0.00230,2799.93,34.1,44.8,45.3,46.0
2802.0,55.80375346,37.42527320,148.195,-2804.753,418.809,-0.07541,0.000479,0.00223,2800.93,33.8,44.8,45.3,46.0
2803.0,55.80375276,37.42528910,148.197,-2803.756,418.731,-0.07757,0.000730,0.00216,2801.93,33.6,44.8,45.3,46.0
2804.0,55.80375208,37.42530500,148.199,-2802.759,418.654,-0.07464,0.001031,0.00209,2802.93,33.4,44.8,45.3,46.0
2805.0,55.80375143,37.42532091,148.200,-2801.762,418.581,-0.07290,0.001316,0.00203,2803.93,33.1,44.8,45.3,46.0
2806.0,55.80375078,37.42533681,148.201,-2800.764,418.508,-0.07274,0.001510,0.00197,2804.93,32.9,44.8,45.3,45.9
2807.0,55.80375014,37.42535272,148.202,-2799.767,418.436,-0.06933,0.001555,0.00191,2805.93,32.6,44.7,45.3,45.9
2808.0,55.80374955,37.42536863,148.203,-2798.769,418.370,-0.06486,0.001429,0.00186,2806.93,32.3,44.7,45.2,45.9
2809.0,55.80374899,37.42538455,148.203,-2797.771,418.306,-0.06255,0.001156,0.00181,2807.93,32.0,44.6,45.2,45.8
2810.0,55.80374844,37.42540046,148.204,-2796.773,418.245,-0.06319,0.000795,0.00176,2808.93,31.7,44.6,45.2,45.8
2811.0,55.80374786,37.42541638,148.205,-2795.775,418.180,-0.06370,0.000429,0.00172,2809.93,31.3,44.5,45.1,45.7
2812.0,55.80374730,37.42543229,148.206,-2794.777,418.117,-0.06194,0.000139,0.00168,2810.93,30.9,44.3,44.9,45.5
2813.0,55.80374676,37.42544821,148.208,-2793.779,418.056,-0.06180,-0.000011,0.00163,2811.93,30.5,44.2,44.8,45.3
2814.0,55.80374621,37.42546413,148.210,-2792.781,417.994,-0.06572,0.000015,0.00159,2812.93,30.1,44.1,44.7,45.2
2815.0,55.80374559,37.42548004,148.212,-2791.783,417.925,-0.06735,0.000208,0.00154,2813.93,29.6,44.0,44.6,45.0
2816.0,55.80374501,37.42549595,148.214,-2790.786,417.859,-0.06520,0.000517,0.00149,2814.93,29.2,43.8,44.4,44.9
2817.0,55.80374444,37.42551186,148.217,-2789.788,417.795,-0.06534,0.000862,0.00144,2815.93,28.7,43.6,44.3,44.7
2818.0,55.80374385,37.42552778,148.220,-2788.790,417.729,-0.06494,0.001163,0.00139,2816.92,28.3,43.5,44.1,44.5
2819.0,55.80374328,37.42554369,148.222,-2787.792,417.665,-0.06100,0.001362,0.00133,2817.92,27.8,43.3,43.9,44.4
2820.0,55.80374276,37.42555961,148.225,-2786.794,417.607,-0.05663,0.001445,0.00127,2818.93,27.3,43.1,43.8,44.2
2821.0,55.80374228,37.42557554,148.228,-2785.795,417.552,-0.05627,0.001428,0.00120,2819.93,26.6,42.9,43.6,44.0
2822.0,55.80374177,37.42559146,148.230,-2784.797,417.494,-0.05820,0.001349,0.00113,2820.93,25.9,42.7,43.4,43.8
2823.0,55.80374124,37.42560738,148.232,-2783.798,417.435,-0.05608,0.001246,0.00106,2821.93,25.3,42.6,43.3,43.7
2824.0,55.80374077,37.42562330,148.233,-2782.800,417.382,-0.05141,0.001161,0.00098,2822.93,24.6,42.4,43.1,43.5
2825.0,55.80374033,37.42563923,148.234,-2781.801,417.333,-0.05040,0.001139,0.00091,2823.93,23.9,42.2,42.9,43.3
2826.0,55.80373988,37.42565515,148.234,-2780.802,417.281,-0.05234,0.001209,0.00083,2824.93,23.6,42.0,42.7,43.1
2827.0,55.80373940,37.42567108,148.234,-2779.804,417.228,-0.05301,0.001367,0.00075,2825.93,23.2,41.9,42.6,43.0
2828.0,55.80373894,37.42568700,148.234,-2778.805,417.175,-0.05204,0.001565,0.00067,2826.93,22.9,41.7,42.4,42.8
2829.0,55.80373848,37.42570293,148.234,-2777.807,417.124,-0.05113,0.001725,0.00059,2827.93,22.6,41.5,42.2,42.6
2830.0,55.80373803,37.42571886,148.233,-2776.808,417.073,-0.04317,0.001789,0.00052,2828.94,22.3,41.4,42.1,42.4
2831.0,55.80373772,37.42573479,148.233,-2775.809,417.038,-0.03836,0.001748,0.00045,2829.94,22.8,41.2,41.9,42.3
2832.0,55.80373735,37.42575073,148.233,-2774.809,416.996,-0.04237,0.001642,0.00038,2830.94,23.3,41.1,41.8,42.1
2833.0,55.80373697,37.42576666,148.232,-2773.810,416.953,-0.04115,0.001526,0.00032,2831.94,23.9,41.0,41.6,42.0
2834.0,55.80373662,37.42578260,148.232,-2772.811,416.914,-0.03823,0.001422,0.00026,2832.94,24.4,40.9,41.5,41.8
2835.0,55.80373629,37.42579853,148.232,-2771.812,416.876,-0.03918,0.001308,0.00021,2833.94,25.0,40.8,41.4,41.7
2836.0,55.80373593,37.42581447,148.232,-2770.813,416.836,-0.03783,0.001144,0.00016,2834.94,25.4,40.7,41.3,41.6
2837.0,55.80373562,37.42583040,148.233,-2769.813,416.801,-0.03201,0.000905,0.00013,2835.94,25.9,40.7,41.2,41.5
2838.0,55.80373537,37.42584634,148.233,-2768.814,416.772,-0.02907,0.000608,0.00009,2836.94,26.3,40.6,41.2,41.4
2839.0,55.80373511,37.42586228,148.233,-2767.814,416.743,-0.03231,0.000303,0.00007,2837.94,26.8,40.6,41.1,41.2
2840.0,55.80373480,37.42587822,148.233,-2766.815,416.707,-0.03622,0.000045,0.00005,2838.94,27.2,40.5,41.0,41.1
2841.0,55.80373447,37.42589416,148.233,-2765.815,416.670,-0.03475,-0.000127,0.00005,2839.94,27.5,40.5,41.0,41.2
2842.0,55.80373419,37.42591010,148.233,-2764.816,416.638,-0.03199,-0.000190,0.00005,2840.94,27.8,40.5,41.1,41.2
2843.0,55.80373391,37.42592603,148.233,-2763.816,416.606,-0.03298,-0.000129,0.00006,2841.94,28.2,40.5,41.1,41.2
2844.0,55.80373361,37.42594197,148.233,-2762.817,416.572,-0.03548,0.000065,0.00008,2842.94,28.5,40.5,41.1,41.2
2845.0,55.80373329,37.42595791,148.232,-2761.818,416.535,-0.03705,0.000372,0.00010,2843.94,28.8,40.5,41.1,41.3
2846.0,55.80373295,37.42597384,148.232,-2760.818,416.498,-0.03808,0.000730,0.00014,2844.94,29.0,40.5,41.1,41.3
2847.0,55.80373261,37.42598978,148.231,-2759.819,416.459,-0.03596,0.001041,0.00019,2845.94,29.2,40.5,41.1,41.2
2848.0,55.80373232,37.42600572,148.230,-2758.820,416.426,-0.03113,0.001215,0.00025,2846.95,29.4,40.5,41.1,41.2
2849.0,55.80373207,37.42602166,148.230,-2757.820,416.397,-0.02867,0.001206,0.00032,2847.95,29.6,40.5,41.1,41.2
2850.0,55.80373181,37.42603760,148.229,-2756.820,416.368,-0.02635,0.001037,0.00040,2848.95,29.8,40.5,41.1,41.2
2851.0,55.80373160,37.42605354,148.228,-2755.821,416.344,-0.02457,0.000772,0.00048,2849.95,30.0,40.5,41.0,41.2
2852.0,55.80373138,37.42606948,148.228,-2754.821,416.319,-0.02715,0.000477,0.00058,2850.95,30.2,40.4,41.0,41.1
2853.0,55.80373113,37.42608542,148.227,-2753.822,416.290,-0.02938,0.000185,0.00068,2851.95,30.4,40.4,40.9,41.1
2854.0,55.80373087,37.42610136,148.227,-2752.822,416.261,-0.02786,-0.000108,0.00078,2852.95,30.5,40.4,40.9,41.0
2855.0,55.80373064,37.42611731,148.227,-2751.822,416.234,-0.02360,-0.000406,0.00089,2853.95,30.7,40.4,40.8,41.0
2856.0,55.80373046,37.42613325,148.227,-2750.823,416.213,-0.02374,-0.000687,0.00100,2854.95,30.9,40.2,40.7,40.9
2857.0,55.80373022,37.42614919,148.228,-2749.823,416.187,-0.02873,-0.000899,0.00112,2855.95,31.1,40.1,40.5,40.8
2858.0,55.80372995,37.42616513,148.229,-2748.823,416.156,-0.03022,-0.000984,0.00123,2856.95,31.2,39.9,40.4,40.8
2859.0,55.80372969,37.42618107,148.230,-2747.824,416.126,-0.03161,-0.000919,0.00134,2857.95,31.4,39.8,40.2,40.7
2860.0,55.80372939,37.42619701,148.232,-2746.824,416.093,-0.03503,-0.000723,0.00144,2858.95,31.6,39.6,40.1,40.6
2861.0,55.80372907,37.42621294,148.234,-2745.825,416.056,-0.03420,-0.000450,0.00153,2859.95,31.7,39.4,39.9,40.4
2862.0,55.80372879,37.42622888,148.237,-2744.826,416.024,-0.03277,-0.000155,0.00162,2860.95,31.8,39.1,39.7,40.2
2863.0,55.80372850,37.42624482,148.239,-2743.826,415.991,-0.03409,0.000126,0.00169,2861.95,31.9,38.9,39.5,40.0
2864.0,55.80372819,37.42626076,148.243,-2742.827,415.956,-0.03227,0.000378,0.00175,2862.94,32.0,38.7,39.3,39.8
2865.0,55.80372793,37.42627670,148.246,-2741.827,415.926,-0.03164,0.000596,0.00180,2863.94,32.0,38.4,39.1,39.6
2866.0,55.80372763,37.42629264,148.250,-2740.828,415.893,-0.03396,0.000762,0.00183,2864.94,32.1,38.2,38.8,39.3
2867.0,55.80372733,37.42630857,148.254,-2739.828,415.858,-0.03301,0.000848,0.00185,2865.94,32.2,37.9,38.6,39.1
2868.0,55.80372705,37.42632451,148.258,-2738.829,415.827,-0.02835,0.000830,0.00186,2866.94,32.2,37.7,38.4,38.9
2869.0,55.80372683,37.42634046,148.262,-2737.829,415.802,-0.02486,0.000714,0.00185,2867.94,32.3,37.4,38.1,38.6
2870.0,55.80372662,37.42635640,148.265,-2736.829,415.777,-0.02575,0.000537,0.00182,2868.94,32.4,37.2,37.9,38.4
2871.0,55.80372638,37.42637234,148.268,-2735.830,415.750,-0.02745,0.000346,0.00179,2869.94,32.4,37.0,37.6,38.1
2872.0,55.80372614,37.42638828,148.271,-2734.830,415.722,-0.02860,0.000167,0.00175,2870.94,32.4,36.7,37.4,37.9
2873.0,55.80372588,37.42640422,148.274,-2733.831,415.693,-0.02795,-0.000007,0.00169,2871.94,32.5,36.5,37.1,37.6
2874.0,55.80372564,37.42642016,148.276,-2732.831,415.666,-0.02601,-0.000195,0.00163,2872.94,32.5,36.2,36.8,37.4
2875.0,55.80372542,37.42643610,148.277,-2731.831,415.641,-0.02537,-0.000401,0.00156,2873.94,32.5,36.0,36.6,37.1
2876.0,55.80372520,37.42645205,148.278,-2730.832,415.616,-0.02662,-0.000588,0.00150,2874.94,32.5,35.7,36.3,36.8
2877.0,55.80372496,37.42646799,148.279,-2729.832,415.588,-0.02698,-0.000686,0.00143,2875.94,32.5,35.4,36.1,36.5
2878.0,55.80372473,37.42648393,148.279,-2728.832,415.562,-0.02933,-0.000623,0.00136,2876.94,32.5,35.2,35.8,36.2
2879.0,55.80372444,37.42649987,148.279,-2727.833,415.529,-0.03317,-0.000364,0.00129,2877.94,32.5,34.9,35.6,35.9
2880.0,55.80372414,37.42651580,148.279,-2726.833,415.495,-0.03378,0.000060,0.00123,2878.94,32.5,34.7,35.4,35.6
2881.0,55.80372385,37.42653174,148.279,-2725.834,415.462,-0.03374,0.000555,0.00118,2879.94,32.5,34.4,35.1,35.3
2882.0,55.80372355,37.42654768,148.279,-2724.835,415.428,-0.03259,0.000989,0.00113,2880.94,32.4,34.2,34.9,35.1
2883.0,55.80372327,37.42656362,148.279,-2723.835,415.396,-0.02941,0.001233,0.00110,2881.94,32.4,33.9,34.6,34.8
2884.0,55.80372303,37.42657956,148.279,-2722.835,415.369,-0.02482,0.001206,0.00107,2882.94,32.3,33.7,34.3,34.5
2885.0,55.80372284,37.42659550,148.280,-2721.836,415.347,-0.02204,0.000895,0.00105,2883.94,32.2,33.4,34.1,34.3
2886.0,55.80372265,37.42661145,148.280,-2720.836,415.325,-0.02188,0.000363,0.00105,2884.94,32.1,33.2,33.8,34.0
2887.0,55.80372245,37.42662739,148.281,-2719.836,415.303,-0.02076,-0.000269,0.00106,2885.94,31.9,32.9,33.5,33.7
2888.0,55.80372228,37.42664333,148.281,-2718.836,415.283,-0.02023,-0.000850,0.00108,2886.95,31.8,32.7,33.2,33.5
2889.0,55.80372210,37.42665928,148.282,-2717.837,415.263,-0.02460,-0.001239,0.00112,2887.95,31.6,32.5,32.9,33.2
2890.0,55.80372185,37.42667522,148.283,-2716.837,415.234,-0.02961,-0.001346,0.00117,2888.95,31.5,32.2,32.6,32.9
2891.0,55.80372158,37.42669116,148.285,-2715.837,415.203,-0.03164,-0.001152,0.00124,2889.95,31.3,32.0,32.5,32.8
2892.0,55.80372130,37.42670710,148.286,-2714.838,415.171,-0.03347,-0.000721,0.00132,2890.95,31.1,31.8,32.3,32.7
2893.0,55.80372099,37.42672303,148.287,-2713.839,415.136,-0.03536,-0.000181,0.00142,2891.95,30.9,31.6,32.1,32.6
2894.0,55.80372067,37.42673897,148.288,-2712.839,415.100,-0.03492,0.000319,0.00153,2892.95,30.7,31.4,31.9,32.5
2895.0,55.80372038,37.42675491,148.289,-2711.840,415.067,-0.03084,0.000656,0.00166,2893.95,30.5,31.2,31.7,32.4
2896.0,55.80372013,37.42677085,148.290,-2710.840,415.039,-0.02709,0.000771,0.00180,2894.96,30.4,31.0,31.6,32.4
2897.0,55.80371990,37.42678679,148.291,-2709.841,415.012,-0.02611,0.000686,0.00196,2895.96,30.2,30.9,31.5,32.3
2898.0,55.80371967,37.42680273,148.291,-2708.841,414.986,-0.02569,0.000486,0.00214,2896.96,30.1,30.7,31.4,32.2
2899.0,55.80371945,37.42681867,148.292,-2707.841,414.961,-0.02600,0.000277,0.00233,2897.96,29.9,30.5,31.3,32.2
2900.0,55.80371922,37.42683462,148.292,-2706.842,414.934,-0.02716,0.000150,0.00253,2898.96,29.8,30.3,31.2,32.1
2901.0,55.80371897,37.42685056,148.293,-2705.842,414.907,-0.02800,0.000144,0.00274,2899.96,29.7,30.2,31.1,31.9
2902.0,55.80371872,37.42686650,148.294,-2704.842,414.878,-0.02885,0.000247,0.00297,2900.97,29.7,30.2,31.1,31.8
2903.0,55.80371847,37.42688244,148.296,-2703.843,414.849,-0.02856,0.000406,0.00321,2901.97,29.6,30.1,31.0,31.6
2904.0,55.80371822,37.42689838,148.297,-2702.843,414.821,-0.02754,0.000547,0.00345,2902.97,29.6,30.0,30.9,31.4
2905.0,55.80371798,37.42691432,148.300,-2701.843,414.794,-0.02503,0.000607,0.00369,2903.97,29.6,29.9,30.9,31.2
2906.0,55.80371778,37.42693026,148.303,-2700.844,414.771,-0.02406,0.000541,0.00394,2904.97,29.5,29.9,30.8,31.1
2907.0,55.80371756,37.42694620,148.307,-2699.844,414.746,-0.02462,0.000336,0.00418,2905.98,29.5,29.8,30.7,31.0
2908.0,55.80371735,37.42696215,148.312,-2698.844,414.722,-0.02217,0.000007,0.00442,2906.98,29.4,29.8,30.5,31.0
2909.0,55.80371718,37.42697809,148.317,-2697.845,414.701,-0.02050,-0.000409,0.00465,2907.98,29.4,29.8,30.4,30.9
2910.0,55.80371700,37.42699403,148.323,-2696.845,414.681,-0.02296,-0.000863,0.00487,2908.98,29.3,29.7,30.3,30.8
2911.0,55.80371677,37.42700998,148.329,-2695.845,414.656,-0.02568,-0.001303,0.00507,2909.98,29.3,29.7,30.3,30.7
2912.0,55.80371655,37.42702592,148.336,-2694.845,414.630,-0.02676,-0.001679,0.00526,2910.98,29.3,29.6,30.3,30.7
2913.0,55.80371630,37.42704186,148.343,-2693.846,414.602,-0.02776,-0.001937,0.00542,2911.98,29.2,29.6,30.3,30.7
2914.0,55.80371606,37.42705780,148.351,-2692.846,414.574,-0.02888,-0.002021,0.00557,2912.98,29.2,29.5,30.3,30.6
2915.0,55.80371580,37.42707374,148.359,-2691.847,414.544,-0.03445,-0.001884,0.00569,2913.98,29.1,29.4,30.3,30.6
2916.0,55.80371545,37.42708967,148.367,-2690.847,414.505,-0.03952,-0.001512,0.00579,2914.98,29.1,29.4,30.3,30.7
2917.0,55.80371510,37.42710561,148.376,-2689.848,414.465,-0.04217,-0.000930,0.00586,2915.98,29.0,29.4,30.3,30.7
2918.0,55.80371471,37.42712154,148.385,-2688.849,414.421,-0.04091,-0.000192,0.00591,2916.97,29.0,29.3,30.3,30.8
2919.0,55.80371438,37.42713748,148.393,-2687.850,414.383,-0.03774,0.000648,0.00594,2917.97,28.9,29.3,30.3,30.8
2920.0,55.80371404,37.42715341,148.402,-2686.851,414.345,-0.03973,0.001550,0.00594,2918.97,28.9,29.3,30.3,30.9
2921.0,55.80371367,37.42716935,148.410,-2685.851,414.304,-0.03993,0.002492,0.00592,2919.97,28.9,29.3,30.3,30.9
2922.0,55.80371333,37.42718528,148.418,-2684.852,414.266,-0.03541,0.003458,0.00588,2920.97,28.9,29.2,30.3,30.9
2923.0,55.80371305,37.42720122,148.425,-2683.853,414.233,-0.02951,0.004420,0.00582,2921.96,28.9,29.2,30.2,31.0
2924.0,55.80371281,37.42721716,148.432,-2682.853,414.207,-0.02524,0.005329,0.00575,2922.96,28.9,29.2,30.2,31.0
2925.0,55.80371261,37.42723310,148.438,-2681.853,414.183,-0.02173,0.006108,0.00566,2923.96,28.9,29.1,30.2,31.0
2926.0,55.80371243,37.42724905,148.443,-2680.854,414.163,-0.01601,0.006669,0.00556,2924.96,28.9,29.1,30.2,31.1
2927.0,55.80371233,37.42726499,148.448,-2679.854,414.151,-0.00282,0.006948,0.00546,2925.95,28.9,29.2,30.2,31.1
2928.0,55.80371239,37.42728094,148.452,-2678.854,414.157,0.00987,0.006929,0.00535,2926.95,28.9,29.2,30.2,31.1
2929.0,55.80371252,37.42729688,148.456,-2677.854,414.170,0.01379,0.006660,0.00523,2927.95,28.8,29.2,30.2,31.2
2930.0,55.80371265,37.42731283,148.459,-2676.854,414.185,0.01805,0.006218,0.00511,2928.95,28.8,29.2,30.2,31.2
2931.0,55.80371285,37.42732877,148.463,-2675.854,414.207,0.02486,0.005677,0.00499,2929.95,28.8,29.2,30.3,31.2
2932.0,55.80371311,37.42734471,148.467,-2674.854,414.235,0.03143,0.005083,0.00486,2930.95,28.8,29.3,30.3,31.2
2933.0,55.80371343,37.42736065,148.470,-2673.855,414.269,0.03449,0.004470,0.00473,2931.94,28.7,29.3,30.3,31.2
2934.0,55.80371374,37.42737659,148.474,-2672.856,414.304,0.04095,0.003891,0.00460,2932.94,28.7,29.4,30.3,31.2
2935.0,55.80371417,37.42739251,148.478,-2671.857,414.351,0.04771,0.003432,0.00447,2933.94,28.7,29.4,30.4,31.2
2936.0,55.80371461,37.42740844,148.482,-2670.858,414.399,0.04670,0.003188,0.00433,2934.94,28.8,29.5,30.4,31.2
2937.0,55.80371502,37.42742437,148.487,-2669.859,414.445,0.04440,0.003208,0.00418,2935.94,28.8,29.5,30.5,31.2
2938.0,55.80371542,37.42744030,148.491,-2668.860,414.488,0.04433,0.003461,0.00403,2936.94,28.9,29.6,30.5,31.2
2939.0,55.80371583,37.42745623,148.496,-2667.861,414.533,0.04993,0.003840,0.00386,2937.94,29.0,29.6,30.6,31.2
2940.0,55.80371633,37.42747216,148.501,-2666.862,414.588,0.05864,0.004215,0.00368,2938.94,29.1,29.6,30.6,31.2
2941.0,55.80371689,37.42748807,148.505,-2665.864,414.650,0.06487,0.004490,0.00348,2939.94,29.1,29.6,30.6,31.2
2942.0,55.80371750,37.42750398,148.510,-2664.867,414.717,0.06812,0.004620,0.00326,2940.94,29.2,29.7,30.6,31.2
2943.0,55.80371813,37.42751989,148.515,-2663.869,414.787,0.07021,0.004600,0.00301,2941.93,29.3,29.7,30.6,31.1
2944.0,55.80371877,37.42753580,148.520,-2662.872,414.858,0.07597,0.004446,0.00275,2942.93,29.3,29.7,30.6,31.1
2945.0,55.80371950,37.42755169,148.525,-2661.875,414.938,0.08262,0.004188,0.00245,2943.93,29.4,29.7,30.6,31.1
2946.0,55.80372027,37.42756758,148.529,-2660.878,415.023,0.09073,0.003875,0.00213,2944.93,29.5,29.8,30.6,31.1
2947.0,55.80372114,37.42758345,148.534,-2659.883,415.120,0.09294,0.003566,0.00178,2945.92,29.6,30.0,30.7,31.1
2948.0,55.80372194,37.42759933,148.538,-2658.887,415.208,0.08982,0.003297,0.00139,2946.92,29.7,30.1,30.7,31.1
2949.0,55.80372276,37.42761521,148.541,-2657.891,415.299,0.09264,0.003054,0.00098,2947.92,29.7,30.2,30.8,31.2
2950.0,55.80372362,37.42763109,148.545,-2656.896,415.393,0.09727,0.002779,0.00054,2948.92,29.8,30.4,30.8,31.2
2951.0,55.80372452,37.42764695,148.547,-2655.901,415.493,0.10489,0.002418,0.00006,2949.91,30.0,30.5,31.0,31.3
2952.0,55.80372551,37.42766280,148.549,-2654.907,415.603,0.10901,0.001967,-0.00044,2950.91,30.3,30.7,31.2,31.5
2953.0,55.80372648,37.42767866,148.551,-2653.913,415.711,0.10762,0.001492,-0.00097,2951.91,30.5,30.9,31.4,31.6
2954.0,55.80372745,37.42769451,148.552,-2652.918,415.818,0.10735,0.001090,-0.00153,2952.90,30.7,31.1,31.6,31.8
2955.0,55.80372842,37.42771036,148.552,-2651.924,415.925,0.10826,0.000845,-0.00210,2953.90,31.0,31.3,31.8,32.0
2956.0,55.80372940,37.42772621,148.551,-2650.930,416.034,0.10620,0.000801,-0.00269,2954.89,31.2,31.6,32.0,32.2
2957.0,55.80373033,37.42774207,148.549,-2649.935,416.137,0.10489,0.000959,-0.00330,2955.89,31.4,31.8,32.3,32.4
2958.0,55.80373129,37.42775793,148.547,-2648.941,416.243,0.11022,0.001311,-0.00391,2956.89,31.7,32.1,32.5,32.7
2959.0,55.80373232,37.42777377,148.543,-2647.947,416.357,0.11166,0.001851,-0.00452,2957.88,31.9,32.3,32.8,32.9
2960.0,55.80373330,37.42778962,148.539,-2646.953,416.466,0.10916,0.002577,-0.00514,2958.88,32.2,32.5,33.0,33.1
2961.0,55.80373429,37.42780547,148.533,-2645.959,416.575,0.11027,0.003465,-0.00575,2959.88,32.4,32.8,33.2,33.4
2962.0,55.80373529,37.42782132,148.526,-2644.966,416.686,0.11359,0.004457,-0.00634,2960.87,32.6,33.0,33.5,33.7
2963.0,55.80373634,37.42783716,148.518,-2643.972,416.802,0.12118,0.005464,-0.00692,2961.87,32.8,33.2,33.7,34.0
2964.0,55.80373747,37.42785298,148.509,-2642.980,416.928,0.12955,0.006386,-0.00747,2962.87,33.0,33.4,33.9,34.2
2965.0,55.80373867,37.42786878,148.499,-2641.989,417.060,0.13520,0.007128,-0.00800,2963.86,33.2,33.7,34.2,34.5
2966.0,55.80373991,37.42788458,148.489,-2640.998,417.197,0.14072,0.007608,-0.00849,2964.86,33.4,33.9,34.3,34.8
2967.0,55.80374120,37.42790036,148.477,-2640.009,417.341,0.15256,0.007768,-0.00895,2965.86,33.6,34.1,34.5,35.0
2968.0,55.80374265,37.42791610,148.464,-2639.022,417.501,0.16407,0.007596,-0.00937,2966.86,33.8,34.2,34.7,35.3
2969.0,55.80374414,37.42793182,148.451,-2638.036,417.667,0.17438,0.007137,-0.00975,2967.85,33.9,34.4,34.9,35.5
2970.0,55.80374577,37.42794750,148.437,-2637.052,417.848,0.18039,0.006490,-0.01009,2968.85,34.1,34.6,35.1,35.7
2971.0,55.80374738,37.42796319,148.423,-2636.068,418.026,0.18427,0.005772,-0.01038,2969.85,34.2,34.8,35.3,36.0
2972.0,55.80374908,37.42797885,148.409,-2635.086,418.215,0.18786,0.005080,-0.01062,2970.85,34.3,34.9,35.5,36.2
2973.0,55.80375074,37.42799452,148.394,-2634.103,418.400,0.19346,0.004465,-0.01081,2971.85,34.3,35.0,35.8,36.5
2974.0,55.80375254,37.42801015,148.379,-2633.123,418.599,0.20011,0.003941,-0.01096,2972.85,34.4,35.1,36.0,36.7
2975.0,55.80375432,37.42802578,148.365,-2632.143,418.797,0.19982,0.003497,-0.01107,2973.85,34.5,35.2,36.2,37.0
2976.0,55.80375612,37.42804140,148.350,-2631.163,418.996,0.20173,0.003131,-0.01113,2974.86,34.5,35.3,36.4,37.2
2977.0,55.80375793,37.42805702,148.336,-2630.184,419.198,0.20985,0.002856,-0.01115,2975.86,34.6,35.4,36.6,37.4
2978.0,55.80375987,37.42807259,148.323,-2629.207,419.413,0.21081,0.002705,-0.01113,2976.86,34.6,35.5,36.8,37.6
2979.0,55.80376170,37.42808820,148.310,-2628.228,419.616,0.20966,0.002720,-0.01107,2977.86,34.6,35.6,37.1,37.9
2980.0,55.80376362,37.42810378,148.298,-2627.251,419.829,0.21243,0.002922,-0.01099,2978.86,34.7,35.7,37.3,38.1
2981.0,55.80376550,37.42811937,148.286,-2626.273,420.038,0.21409,0.003299,-0.01087,2979.86,34.7,35.8,37.5,38.3
2982.0,55.80376744,37.42813494,148.276,-2625.297,420.254,0.21770,0.003791,-0.01072,2980.86,34.7,35.8,37.7,38.5
2983.0,55.80376939,37.42815051,148.265,-2624.320,420.470,0.22204,0.004298,-0.01055,2981.86,34.7,35.9,37.9,38.7
2984.0,55.80377141,37.42816605,148.255,-2623.346,420.694,0.22575,0.004698,-0.01036,2982.86,34.6,35.9,38.1,38.9
2985.0,55.80377342,37.42818159,148.245,-2622.371,420.918,0.23224,0.004881,-0.01016,2983.86,34.6,35.9,38.3,39.1
2986.0,55.80377556,37.42819708,148.235,-2621.399,421.155,0.23975,0.004780,-0.00994,2984.86,34.6,35.9,38.5,39.2
2987.0,55.80377770,37.42821257,148.225,-2620.428,421.393,0.24860,0.004408,-0.00971,2985.86,34.5,35.9,38.6,39.4
2988.0,55.80377999,37.42822799,148.216,-2619.461,421.647,0.25395,0.003856,-0.00947,2986.86,34.4,35.9,38.7,39.5
2989.0,55.80378222,37.42824343,148.206,-2618.492,421.895,0.25526,0.003262,-0.00922,2987.86,34.4,35.9,38.8,39.6
2990.0,55.80378453,37.42825884,148.197,-2617.526,422.152,0.25610,0.002748,-0.00896,2988.86,34.3,35.9,39.0,39.8
2991.0,55.80378678,37.42827428,148.187,-2616.558,422.402,0.25428,0.002380,-0.00871,2989.86,34.1,35.9,39.1,39.9
2992.0,55.80378906,37.42828971,148.178,-2615.590,422.655,0.25794,0.002161,-0.00845,2990.86,33.8,35.9,39.2,40.1
2993.0,55.80379138,37.42830511,148.169,-2614.624,422.912,0.26342,0.002051,-0.00819,2991.86,33.6,35.9,39.3,40.2
2994.0,55.80379375,37.42832049,148.161,-2613.659,423.176,0.26481,0.002002,-0.00793,2992.86,33.4,35.8,39.4,40.4
2995.0,55.80379609,37.42833589,148.153,-2612.693,423.435,0.26402,0.001966,-0.00767,2993.86,33.1,35.8,39.5,40.5
2996.0,55.80379845,37.42835128,148.146,-2611.728,423.698,0.26572,0.001887,-0.00742,2994.86,32.9,35.7,39.6,40.6
2997.0,55.80380081,37.42836666,148.139,-2610.764,423.961,0.26804,0.001704,-0.00717,2995.86,32.6,35.6,39.7,40.7
2998.0,55.80380322,37.42838203,148.132,-2609.800,424.227,0.27108,0.001369,-0.00693,2996.86,32.3,35.5,39.8,40.7
2999.0,55.80380564,37.42839738,148.126,-2608.837,424.496,0.27704,0.000888,-0.00668,2997.86,32.1,35.4,39.9,40.8
3000.0,55.80380814,37.42841270,148.121,-2607.876,424.774,0.27804,0.000337,-0.00645,2998.86,31.8,35.3,39.9,40.9
3001.0,55.80381058,37.42842805,148.116,-2606.914,425.045,0.27618,-0.000164,-0.00622,2999.86,31.5,35.0,40.0,40.9
3002.0,55.80381305,37.42844338,148.111,-2605.952,425.320,0.27320,-0.000509,-0.00599,3000.86,31.2,34.7,40.1,41.0
3003.0,55.80381543,37.42845875,148.106,-2604.988,425.585,0.26646,-0.000656,-0.00577,3001.87,30.9,34.4,40.1,41.0
3004.0,55.80381779,37.42847414,148.101,-2604.023,425.846,0.26813,-0.000644,-0.00555,3002.87,30.6,34.2,40.2,41.1
3005.0,55.80382020,37.42848950,148.095,-2603.059,426.114,0.27103,-0.000557,-0.00534,3003.87,30.3,33.9,40.2,41.1
3006.0,55.80382261,37.42850487,148.090,-2602.096,426.382,0.27007,-0.000471,-0.00513,3004.87,30.0,33.6,40.3,41.2
3007.0,55.80382501,37.42852023,148.085,-2601.132,426.648,0.26919,-0.000429,-0.00493,3005.88,29.7,33.3,40.4,41.3
3008.0,55.80382739,37.42853561,148.080,-2600.168,426.914,0.26828,-0.000422,-0.00473,3006.88,29.4,33.0,40.4,41.3
3009.0,55.80382978,37.42855098,148.075,-2599.203,427.178,0.26850,-0.000414,-0.00454,3007.88,29.2,32.7,40.5,41.4
3010.0,55.80383217,37.42856635,148.070,-2598.239,427.444,0.26939,-0.000360,-0.00435,3008.88,28.9,32.4,40.5,41.5
3011.0,55.80383457,37.42858172,148.066,-2597.275,427.711,0.26706,-0.000227,-0.00416,3009.88,28.5,32.1,40.7,41.6
3012.0,55.80383692,37.42859711,148.061,-2596.310,427.972,0.26449,-0.000013,-0.00398,3010.88,28.2,31.8,40.8,41.7
3013.0,55.80383927,37.42861250,148.057,-2595.345,428.233,0.26507,0.000241,-0.00380,3011.88,27.9,31.5,41.0,41.8
3014.0,55.80384164,37.42862788,148.053,-2594.380,428.496,0.26651,0.000465,-0.00362,3012.88,27.6,31.2,41.1,41.9
3015.0,55.80384402,37.42864326,148.050,-2593.416,428.760,0.26743,0.000579,-0.00345,3013.88,27.3,30.9,41.3,42.0
3016.0,55.80384640,37.42865864,148.047,-2592.451,429.024,0.26894,0.000525,-0.00327,3014.88,26.9,30.6,41.4,42.1
3017.0,55.80384880,37.42867400,148.044,-2591.487,429.292,0.27268,0.000295,-0.00310,3015.88,26.5,30.3,41.6,42.2
3018.0,55.80385124,37.42868935,148.042,-2590.525,429.563,0.27350,-0.000065,-0.00293,3016.88,26.2,30.0,41.7,42.4
3019.0,55.80385366,37.42870471,148.039,-2589.562,429.832,0.27077,-0.000467,-0.00277,3017.88,25.8,29.6,41.9,42.5
3020.0,55.80385606,37.42872008,148.037,-2588.598,430.098,0.27049,-0.000807,-0.00260,3018.89,25.5,29.3,42.0,42.6
3021.0,55.80385847,37.42873544,148.035,-2587.635,430.366,0.26987,-0.000999,-0.00244,3019.89,25.1,29.0,42.2,42.8
3022.0,55.80386086,37.42875081,148.033,-2586.670,430.631,0.26561,-0.000992,-0.00228,3020.89,24.7,28.7,42.4,43.0
3023.0,55.80386320,37.42876621,148.031,-2585.705,430.891,0.26256,-0.000791,-0.00212,3021.89,24.4,28.4,42.5,43.1
3024.0,55.80386553,37.42878161,148.029,-2584.739,431.150,0.26185,-0.000441,-0.00197,3022.89,24.0,28.1,42.7,43.3
3025.0,55.80386786,37.42879701,148.028,-2583.773,431.409,0.26290,-0.000013,-0.00181,3023.89,23.7,27.8,42.9,43.4
3026.0,55.80387021,37.42881240,148.026,-2582.808,431.670,0.26461,0.000423,-0.00166,3024.89,23.3,27.6,43.0,43.6
3027.0,55.80387257,37.42882779,148.024,-2581.842,431.932,0.26366,0.000803,-0.00151,3025.90,22.8,27.3,43.2,43.8
3028.0,55.80387490,37.42884319,148.022,-2580.877,432.191,0.26378,0.001081,-0.00136,3026.90,22.4,27.1,43.3,44.0
3029.0,55.80387726,37.42885857,148.020,-2579.912,432.453,0.26806,0.001218,-0.00122,3027.90,22.0,26.8,43.5,44.2
3030.0,55.80387967,37.42887393,148.019,-2578.948,432.721,0.27094,0.001189,-0.00108,3028.90,21.6,26.6,43.6,44.4
3031.0,55.80388208,37.42888930,148.017,-2577.985,432.989,0.27041,0.000985,-0.00094,3029.90,21.2,26.5,43.8,44.6
3032.0,55.80388448,37.42890466,148.016,-2577.021,433.255,0.27220,0.000625,-0.00081,3030.91,20.7,26.3,43.9,44.7
3033.0,55.80388692,37.42892001,148.015,-2576.058,433.526,0.27551,0.000158,-0.00068,3031.91,20.3,26.2,44.1,44.9
3034.0,55.80388937,37.42893535,148.015,-2575.096,433.799,0.27584,-0.000340,-0.00056,3032.91,19.8,26.1,44.2,45.1
3035.0,55.80389182,37.42895069,148.014,-2574.134,434.071,0.27273,-0.000774,-0.00044,3033.91,19.4,25.9,44.3,45.2
3036.0,55.80389422,37.42896606,148.014,-2573.170,434.338,0.26971,-0.001057,-0.00033,3034.91,18.9,25.9,44.5,45.3
3037.0,55.80389662,37.42898143,148.015,-2572.206,434.604,0.26893,-0.001130,-0.00023,3035.92,18.4,25.9,44.6,45.4
3038.0,55.80389901,37.42899680,148.015,-2571.242,434.869,0.26706,-0.000975,-0.00014,3036.92,17.9,25.9,44.8,45.5
3039.0,55.80390137,37.42901219,148.016,-2570.277,435.132,0.26380,-0.000628,-0.00005,3037.92,17.4,25.9,44.9,45.6
3040.0,55.80390370,37.42902759,148.018,-2569.311,435.391,0.26219,-0.000171,0.00003,3038.92,16.9,25.9,45.1,45.7
3041.0,55.80390603,37.42904299,148.019,-2568.345,435.650,0.26265,0.000282,0.00010,3039.92,16.4,25.9,45.2,45.9
3042.0,55.80390837,37.42905838,148.021,-2567.380,435.910,0.26533,0.000612,0.00016,3040.92,15.9,25.9,45.4,46.1
3043.0,55.80391075,37.42907376,148.022,-2566.415,436.175,0.26814,0.000734,0.00022,3041.92,15.3,25.9,45.6,46.3
3044.0,55.80391314,37.42908913,148.024,-2565.451,436.440,0.26995,0.000622,0.00027,3042.92,14.8,25.9,45.7,46.5
3045.0,55.80391556,37.42910449,148.025,-2564.488,436.708,0.27253,0.000316,0.00032,3043.92,14.2,25.9,45.9,46.6
3046.0,55.80391799,37.42911984,148.026,-2563.525,436.978,0.27237,-0.000085,0.00037,3044.92,13.5,25.9,46.0,46.8
3047.0,55.80392040,37.42913521,148.027,-2562.562,437.246,0.26989,-0.000457,0.00041,3045.92,12.8,25.9,46.1,46.9
3048.0,55.80392279,37.42915058,148.027,-2561.597,437.512,0.26985,-0.000684,0.00045,3046.92,12.1,25.9,46.2,47.0
3049.0,55.80392520,37.42916594,148.027,-2560.634,437.779,0.26839,-0.000696,0.00050,3047.92,11.4,25.9,46.3,47.2
3050.0,55.80392756,37.42918132,148.027,-2559.669,438.042,0.26384,-0.000490,0.00055,3048.92,10.7,25.9,46.4,47.3
3051.0,55.80392989,37.42919673,148.026,-2558.703,438.301,0.26048,-0.000138,0.00060,3049.92,10.6,25.9,46.5,47.4
3052.0,55.80393220,37.42921214,148.025,-2557.737,438.557,0.26217,0.000234,0.00066,3050.92,10.4,25.9,46.6,47.5
3053.0,55.80393456,37.42922752,148.024,-2556.771,438.819,0.26786,0.000502,0.00072,3051.92,10.2,25.9,46.7,47.6
3054.0,55.80393696,37.42924289,148.024,-2555.808,439.086,0.26885,0.000591,0.00080,3052.92,10.1,25.9,46.8,47.7
3055.0,55.80393934,37.42925827,148.023,-2554.843,439.350,0.26905,0.000499,0.00087,3053.92,9.9,25.9,46.9,47.8
3056.0,55.80394175,37.42927363,148.023,-2553.880,439.618,0.27089,0.000292,0.00096,3054.92,11.0,25.8,47.0,47.9
3057.0,55.80394416,37.42928899,148.023,-2552.916,439.886,0.27074,0.000066,0.00106,3055.92,12.1,25.8,47.1,48.0
3058.0,55.80394656,37.42930436,148.023,-2551.953,440.153,0.26970,-0.000091,0.00116,3056.92,13.2,25.8,47.2,48.1
3059.0,55.80394895,37.42931973,148.024,-2550.989,440.418,0.26734,-0.000135,0.00126,3057.93,14.3,25.8,47.2,48.2
3060.0,55.80395132,37.42933511,148.025,-2550.024,440.681,0.26603,-0.000082,0.00137,3058.93,15.4,25.8,47.3,48.3
3061.0,55.80395369,37.42935050,148.026,-2549.059,440.944,0.26640,0.000007,0.00149,3059.93,16.2,26.0,47.4,48.3
3062.0,55.80395606,37.42936588,148.028,-2548.094,441.208,0.26790,0.000064,0.00161,3060.93,16.9,26.3,47.4,48.4
3063.0,55.80395845,37.42938125,148.030,-2547.130,441.474,0.26855,0.000057,0.00172,3061.93,17.7,26.6,47.5,48.4
3064.0,55.80396083,37.42939662,148.032,-2546.166,441.738,0.27129,0.000011,0.00184,3062.93,18.4,26.8,47.6,48.4
3065.0,55.80396327,37.42941197,148.034,-2545.203,442.010,0.27207,0.000001,0.00196,3063.93,19.2,27.1,47.6,48.5
3066.0,55.80396567,37.42942734,148.037,-2544.240,442.276,0.26692,0.000107,0.00207,3064.93,19.8,27.4,47.7,48.5
3067.0,55.80396802,37.42944273,148.039,-2543.274,442.537,0.26424,0.000354,0.00218,3065.93,20.4,27.7,47.8,48.6
3068.0,55.80397037,37.42945812,148.042,-2542.309,442.798,0.26570,0.000688,0.00228,3066.93,21.0,28.0,47.8,48.7
3069.0,55.80397275,37.42947350,148.045,-2541.344,443.062,0.26704,0.000988,0.00237,3067.93,21.7,28.3,47.9,48.8
3070.0,55.80397512,37.42948888,148.049,-2540.380,443.326,0.27000,0.001111,0.00246,3068.94,22.3,28.5,48.0,48.8
3071.0,55.80397755,37.42950423,148.052,-2539.417,443.596,0.27455,0.000953,0.00254,3069.94,22.7,28.7,48.0,48.9
3072.0,55.80398000,37.42951957,148.056,-2538.455,443.868,0.27606,0.000496,0.00261,3070.94,23.2,28.9,48.1,48.9
3073.0,55.80398246,37.42953491,148.060,-2537.493,444.141,0.27798,-0.000176,0.00267,3071.93,23.7,29.1,48.1,49.0
3074.0,55.80398494,37.42955024,148.063,-2536.532,444.417,0.27940,-0.000898,0.00273,3072.93,24.1,29.3,48.2,49.1
3075.0,55.80398742,37.42956556,148.067,-2535.570,444.692,0.27666,-0.001475,0.00277,3073.93,24.6,29.5,48.2,49.1
3076.0,55.80398986,37.42958091,148.070,-2534.608,444.963,0.27016,-0.001757,0.00282,3074.93,24.7,29.6,48.2,49.1
3077.0,55.80399223,37.42959630,148.074,-2533.643,445.226,0.26299,-0.001701,0.00285,3075.93,24.8,29.7,48.2,49.1
3078.0,55.80399454,37.42961170,148.077,-2532.676,445.483,0.26007,-0.001380,0.00288,3076.93,25.0,29.8,48.3,49.1
3079.0,55.80399685,37.42962711,148.080,-2531.710,445.740,0.26127,-0.000939,0.00291,3077.93,25.1,29.9,48.3,49.2
3080.0,55.80399919,37.42964251,148.083,-2530.744,446.000,0.26314,-0.000505,0.00293,3078.93,25.3,29.9,48.3,49.2
3081.0,55.80400154,37.42965790,148.085,-2529.779,446.261,0.26731,-0.000119,0.00295,3079.93,25.3,29.9,48.3,49.2
3082.0,55.80400395,37.42967327,148.088,-2528.815,446.528,0.26656,0.000260,0.00298,3080.93,25.3,29.9,48.3,49.1
3083.0,55.80400628,37.42968866,148.090,-2527.849,446.787,0.26167,0.000695,0.00300,3081.93,25.2,29.9,48.3,49.1
3084.0,55.80400860,37.42970407,148.093,-2526.883,447.046,0.26015,0.001182,0.00302,3082.93,25.2,29.9,48.2,49.1
3085.0,55.80401091,37.42971948,148.095,-2525.917,447.302,0.25919,0.001618,0.00305,3083.93,25.2,29.9,48.2,49.1
3086.0,55.80401322,37.42973489,148.098,-2524.950,447.558,0.26561,0.001842,0.00307,3084.94,25.2,29.9,48.2,49.1
3087.0,55.80401563,37.42975025,148.100,-2523.987,447.827,0.27591,0.001725,0.00310,3085.94,25.2,29.9,48.2,49.1
3088.0,55.80401812,37.42976557,148.103,-2523.026,448.103,0.27952,0.001253,0.00314,3086.94,25.2,29.8,48.2,49.1
3089.0,55.80402060,37.42978090,148.105,-2522.065,448.379,0.27852,0.000542,0.00317,3087.94,25.1,29.8,48.2,49.1
3090.0,55.80402307,37.42979623,148.108,-2521.103,448.653,0.27665,-0.000211,0.00321,3088.94,25.1,29.8,48.2,49.1
3091.0,55.80402552,37.42981158,148.111,-2520.141,448.925,0.27598,-0.000803,0.00326,3089.94,25.0,29.8,48.1,49.0
3092.0,55.80402797,37.42982692,148.114,-2519.179,449.198,0.27354,-0.001099,0.00330,3090.94,25.0,29.8,48.1,49.0
3093.0,55.80403038,37.42984228,148.118,-2518.215,449.465,0.26761,-0.001069,0.00335,3091.94,24.9,29.8,48.1,49.0
3094.0,55.80403273,37.42985767,148.121,-2517.250,449.727,0.26464,-0.000788,0.00340,3092.94,24.8,29.7,48.1,49.0
3095.0,55.80403509,37.42987306,148.125,-2516.285,449.988,0.26509,-0.000409,0.00345,3093.94,24.8,29.7,48.1,49.0
3096.0,55.80403745,37.42988844,148.128,-2515.320,450.251,0.26574,-0.000099,0.00350,3094.94,24.9,29.9,48.0,49.0
3097.0,55.80403982,37.42990383,148.132,-2514.355,450.514,0.26914,0.000031,0.00355,3095.95,25.1,30.1,48.0,48.9
3098.0,55.80404224,37.42991919,148.136,-2513.392,450.783,0.27389,-0.000041,0.00360,3096.95,25.3,30.3,48.0,48.9
3099.0,55.80404468,37.42993453,148.139,-2512.429,451.055,0.27319,-0.000247,0.00365,3097.95,25.4,30.5,48.0,48.8
3100.0,55.80404709,37.42994989,148.143,-2511.466,451.322,0.26834,-0.000476,0.00370,3098.95,25.6,30.7,48.0,48.8
3101.0,55.80404946,37.42996528,148.147,-2510.501,451.585,0.26515,-0.000628,0.00375,3099.95,25.7,31.0,47.9,48.8
3102.0,55.80405181,37.42998067,148.151,-2509.536,451.846,0.26656,-0.000635,0.00379,3100.95,25.8,31.3,47.9,48.8
3103.0,55.80405420,37.42999604,148.155,-2508.572,452.112,0.26900,-0.000466,0.00383,3101.95,25.8,31.6,47.9,48.8
3104.0,55.80405659,37.43001141,148.159,-2507.608,452.378,0.26526,-0.000121,0.00387,3102.95,25.9,31.9,47.9,48.8
3105.0,55.80405892,37.43002681,148.163,-2506.642,452.636,0.26175,0.000351,0.00390,3103.95,26.0,32.1,47.9,48.8
3106.0,55.80406125,37.43004221,148.167,-2505.676,452.895,0.26089,0.000845,0.00394,3104.95,25.8,32.5,47.9,48.8
3107.0,55.80406356,37.43005762,148.172,-2504.709,453.152,0.26343,0.001212,0.00397,3105.95,25.7,32.8,48.0,48.9
3108.0,55.80406594,37.43007300,148.176,-2503.745,453.416,0.26958,0.001316,0.00400,3106.95,25.5,33.1,48.1,48.9
3109.0,55.80406836,37.43008836,148.181,-2502.781,453.685,0.27501,0.001100,0.00402,3107.94,25.3,33.4,48.1,49.0
3110.0,55.80407083,37.43010369,148.186,-2501.820,453.959,0.27843,0.000615,0.00405,3108.94,25.1,33.8,48.2,49.0
3111.0,55.80407330,37.43011902,148.190,-2500.859,454.234,0.27629,0.000000,0.00407,3109.95,24.5,34.0,48.2,49.1
3112.0,55.80407574,37.43013437,148.194,-2499.896,454.505,0.27270,-0.000578,0.00409,3110.95,23.9,34.3,48.3,49.1
3113.0,55.80407815,37.43014973,148.198,-2498.932,454.773,0.27119,-0.000986,0.00412,3111.95,23.2,34.6,48.3,49.2
3114.0,55.80408056,37.43016509,148.202,-2497.969,455.041,0.26972,-0.001157,0.00415,3112.95,22.6,34.9,48.4,49.2
3115.0,55.80408295,37.43018046,148.206,-2497.005,455.306,0.26777,-0.001089,0.00417,3113.95,22.0,35.2,48.5,49.3
3116.0,55.80408532,37.43019584,148.210,-2496.040,455.570,0.26552,-0.000830,0.00420,3114.95,21.1,35.4,48.5,49.3
3117.0,55.80408767,37.43021124,148.213,-2495.075,455.831,0.26243,-0.000452,0.00424,3115.95,20.3,35.7,48.6,49.4
3118.0,55.80408999,37.43022664,148.217,-2494.109,456.089,0.26264,-0.000029,0.00427,3116.95,19.5,36.0,48.7,49.5
3119.0,55.80409235,37.43024203,148.220,-2493.143,456.350,0.26744,0.000382,0.00431,3117.95,18.6,36.2,48.8,49.6
3120.0,55.80409475,37.43025740,148.224,-2492.180,456.617,0.26843,0.000744,0.00436,3118.95,17.8,36.5,48.8,49.6
3121.0,55.80409712,37.43027278,148.228,-2491.215,456.880,0.26541,0.001028,0.00440,3119.95,17.6,36.7,48.9,49.6
3122.0,55.80409947,37.43028817,148.232,-2490.250,457.142,0.26568,0.001190,0.00446,3120.95,17.5,37.0,48.9,49.7
3123.0,55.80410185,37.43030355,148.236,-2489.285,457.405,0.26949,0.001180,0.00451,3121.95,17.3,37.3,49.0,49.7
3124.0,55.80410426,37.43031891,148.241,-2488.322,457.674,0.27328,0.000959,0.00457,3122.95,17.1,37.5,49.0,49.7
3125.0,55.80410670,37.43033425,148.245,-2487.359,457.945,0.27876,0.000540,0.00463,3123.95,17.0,37.8,49.1,49.7
3126.0,55.80410922,37.43034956,148.249,-2486.399,458.225,0.27752,-0.000008,0.00469,3124.95,17.6,38.0,49.1,49.7
3127.0,55.80411163,37.43036492,148.254,-2485.436,458.493,0.27324,-0.000584,0.00476,3125.95,18.2,38.2,49.1,49.7
3128.0,55.80411407,37.43038027,148.259,-2484.473,458.764,0.27222,-0.001082,0.00482,3126.95,18.8,38.4,49.1,49.8
3129.0,55.80411647,37.43039564,148.263,-2483.510,459.031,0.27193,-0.001414,0.00489,3127.95,19.4,38.6,49.1,49.8
3130.0,55.80411891,37.43041099,148.268,-2482.547,459.301,0.27158,-0.001522,0.00495,3128.95,20.0,38.9,49.1,49.8
3131.0,55.80412130,37.43042636,148.273,-2481.583,459.567,0.26605,-0.001382,0.00501,3129.95,20.5,39.1,49.2,49.9
3132.0,55.80412364,37.43044175,148.279,-2480.617,459.827,0.26173,-0.001017,0.00507,3130.95,20.9,39.3,49.3,49.9
3133.0,55.80412596,37.43045716,148.284,-2479.651,460.085,0.25976,-0.000506,0.00512,3131.95,21.4,39.5,49.3,50.0
3134.0,55.80412827,37.43047257,148.290,-2478.684,460.341,0.26062,0.000035,0.00517,3132.95,21.9,39.7,49.4,50.0
3135.0,55.80413060,37.43048797,148.295,-2477.719,460.600,0.26474,0.000492,0.00521,3133.95,22.4,39.9,49.4,50.1
3136.0,55.80413298,37.43050335,148.301,-2476.754,460.864,0.26654,0.000794,0.00524,3134.95,22.9,40.1,49.4,50.1
3137.0,55.80413534,37.43051873,148.307,-2475.789,461.127,0.26725,0.000921,0.00527,3135.95,23.4,40.4,49.4,50.1
3138.0,55.80413773,37.43053411,148.313,-2474.825,461.392,0.26848,0.000892,0.00530,3136.94,23.8,40.6,49.4,50.1
3139.0,55.80414012,37.43054948,148.319,-2473.861,461.658,0.26866,0.000733,0.00531,3137.94,24.3,40.8,49.5,50.1
3140.0,55.80414251,37.43056485,148.325,-2472.897,461.923,0.26995,0.000467,0.00532,3138.94,24.8,41.0,49.5,50.1
3141.0,55.80414492,37.43058021,148.331,-2471.933,462.191,0.27055,0.000112,0.00532,3139.94,25.2,41.2,49.5,50.2
3142.0,55.80414732,37.43059558,148.337,-2470.970,462.458,0.27341,-0.000289,0.00532,3140.94,25.7,41.4,49.6,50.2
3143.0,55.80414978,37.43061092,148.343,-2470.008,462.731,0.27219,-0.000662,0.00530,3141.94,26.1,41.7,49.6,50.3
3144.0,55.80415216,37.43062629,148.349,-2469.043,462.996,0.26933,-0.000909,0.00529,3142.94,26.5,41.9,49.7,50.4
3145.0,55.80415457,37.43064166,148.355,-2468.080,463.263,0.26788,-0.000941,0.00526,3143.94,27.0,42.1,49.7,50.4
3146.0,55.80415692,37.43065705,148.361,-2467.115,463.525,0.26362,-0.000713,0.00524,3144.94,27.3,42.2,49.7,50.5
3147.0,55.80415926,37.43067244,148.366,-2466.149,463.784,0.26175,-0.000257,0.00520,3145.94,27.7,42.4,49.8,50.5
3148.0,55.80416158,37.43068785,148.371,-2465.183,464.042,0.26093,0.000322,0.00517,3146.93,28.1,42.5,49.8,50.5
3149.0,55.80416390,37.43070325,148.376,-2464.217,464.300,0.26185,0.000873,0.00513,3147.93,28.5,42.7,49.8,50.5
3150.0,55.80416624,37.43071865,148.381,-2463.251,464.560,0.26532,0.001248,0.00508,3148.93,28.9,42.8,49.8,50.6
3151.0,55.80416862,37.43073403,148.385,-2462.286,464.825,0.27094,0.001349,0.00504,3149.93,29.2,43.0,49.8,50.6
3152.0,55.80417106,37.43074938,148.390,-2461.324,465.095,0.27228,0.001162,0.00499,3150.93,29.6,43.2,49.9,50.6
3153.0,55.80417346,37.43076474,148.394,-2460.360,465.363,0.27487,0.000758,0.00494,3151.93,29.9,43.4,49.9,50.6
3154.0,55.80417594,37.43078007,148.399,-2459.399,465.638,0.27698,0.000257,0.00488,3152.93,30.2,43.6,49.9,50.6
3155.0,55.80417838,37.43079541,148.403,-2458.436,465.909,0.27305,-0.000211,0.00483,3153.93,30.6,43.7,49.9,50.6
3156.0,55.80418080,37.43081078,148.408,-2457.473,466.178,0.27145,-0.000555,0.00477,3154.93,30.9,43.9,49.9,50.6
3157.0,55.80418321,37.43082614,148.413,-2456.510,466.446,0.26992,-0.000740,0.00471,3155.93,31.2,44.1,50.0,50.7
3158.0,55.80418560,37.43084151,148.418,-2455.545,466.711,0.26918,-0.000781,0.00465,3156.93,31.6,44.3,50.0,50.7
3159.0,55.80418800,37.43085688,148.423,-2454.582,466.978,0.26860,-0.000725,0.00458,3157.93,31.9,44.5,50.0,50.7
3160.0,55.80419037,37.43087226,148.428,-2453.617,467.242,0.26728,-0.000620,0.00451,3158.93,32.2,44.6,50.0,50.8
3161.0,55.80419275,37.43088763,148.433,-2452.653,467.506,0.26738,-0.000510,0.00444,3159.93,32.5,44.8,50.1,50.8
3162.0,55.80419513,37.43090301,148.439,-2451.688,467.770,0.26714,-0.000419,0.00436,3160.93,32.8,44.9,50.1,50.8
3163.0,55.80419750,37.43091839,148.443,-2450.724,468.034,0.26648,-0.000360,0.00428,3161.93,33.1,45.1,50.1,50.8
3164.0,55.80419987,37.43093377,148.448,-2449.759,468.297,0.26642,-0.000326,0.00420,3162.93,33.4,45.2,50.2,50.8
3165.0,55.80420224,37.43094916,148.453,-2448.794,468.560,0.26703,-0.000296,0.00411,3163.93,33.7,45.4,50.2,50.8
3166.0,55.80420462,37.43096453,148.457,-2447.830,468.825,0.26625,-0.000227,0.00402,3164.93,34.0,45.5,50.2,50.8
3167.0,55.80420698,37.43097992,148.461,-2446.865,469.087,0.26508,-0.000064,0.00393,3165.93,34.3,45.6,50.3,50.8
3168.0,55.80420933,37.43099531,148.465,-2445.900,469.348,0.26632,0.000231,0.00384,3166.93,34.6,45.8,50.3,50.9
3169.0,55.80421172,37.43101069,148.469,-2444.935,469.613,0.26402,0.000652,0.00375,3167.93,34.9,45.9,50.3,50.9
3170.0,55.80421403,37.43102609,148.473,-2443.969,469.870,0.26100,0.001118,0.00365,3168.93,35.2,46.0,50.4,50.9
3171.0,55.80421636,37.43104149,148.477,-2443.003,470.129,0.26351,0.001481,0.00356,3169.93,35.4,46.2,50.4,50.9
3172.0,55.80421872,37.43105688,148.480,-2442.038,470.391,0.26883,0.001576,0.00347,3170.93,35.6,46.3,50.3,50.9
3173.0,55.80422114,37.43107224,148.484,-2441.075,470.660,0.27632,0.001288,0.00338,3171.93,35.9,46.4,50.3,50.9
3174.0,55.80422363,37.43108756,148.487,-2440.114,470.937,0.27820,0.000615,0.00329,3172.93,36.1,46.5,50.3,51.0
3175.0,55.80422608,37.43110290,148.490,-2439.152,471.209,0.27935,-0.000311,0.00321,3173.93,36.3,46.6,50.3,51.0
3176.0,55.80422859,37.43111821,148.493,-2438.191,471.488,0.28054,-0.001253,0.00314,3174.93,36.6,46.7,50.3,50.9
3177.0,55.80423107,37.43113354,148.495,-2437.230,471.763,0.27467,-0.001942,0.00307,3175.93,36.8,46.8,50.3,50.9
3178.0,55.80423348,37.43114891,148.497,-2436.266,472.031,0.26847,-0.002161,0.00301,3176.93,37.1,46.9,50.3,50.8
3179.0,55.80423584,37.43116429,148.500,-2435.301,472.294,0.26176,-0.001824,0.00296,3177.93,37.3,47.0,50.3,50.8
3180.0,55.80423813,37.43117971,148.502,-2434.334,472.548,0.25591,-0.001008,0.00291,3178.93,37.6,47.1,50.3,50.7
3181.0,55.80424040,37.43119514,148.504,-2433.367,472.800,0.25481,0.000057,0.00288,3179.93,37.8,47.2,50.3,50.7
3182.0,55.80424267,37.43121057,148.506,-2432.399,473.053,0.25756,0.001057,0.00285,3180.92,38.1,47.3,50.3,50.6
3183.0,55.80424498,37.43122598,148.508,-2431.433,473.309,0.26330,0.001693,0.00283,3181.92,38.3,47.4,50.3,50.6
3184.0,55.80424736,37.43124136,148.510,-2430.468,473.573,0.26947,0.001771,0.00283,3182.92,38.5,47.5,50.3,50.5
3185.0,55.80424978,37.43125672,148.512,-2429.505,473.842,0.27577,0.001268,0.00283,3183.92,38.8,47.6,50.3,50.5
3186.0,55.80425226,37.43127204,148.514,-2428.544,474.118,0.28088,0.000338,0.00284,3184.92,39.0,47.7,50.3,50.5
3187.0,55.80425476,37.43128735,148.517,-2427.583,474.396,0.27797,-0.000733,0.00285,3185.92,39.2,47.8,50.3,50.5
3188.0,55.80425720,37.43130271,148.519,-2426.620,474.666,0.27424,-0.001615,0.00288,3186.92,39.3,47.9,50.3,50.4
3189.0,55.80425964,37.43131805,148.521,-2425.658,474.938,0.27009,-0.002031,0.00291,3187.92,39.5,47.9,50.3,50.4
3190.0,55.80426200,37.43133344,148.524,-2424.693,475.200,0.26098,-0.001836,0.00295,3188.92,39.7,48.0,50.3,50.4
3191.0,55.80426428,37.43134886,148.526,-2423.726,475.454,0.25402,-0.001064,0.00299,3189.91,39.9,48.0,50.3,50.4
3192.0,55.80426652,37.43136430,148.529,-2422.757,475.703,0.25420,0.000086,0.00303,3190.91,40.1,48.1,50.3,50.5
3193.0,55.80426881,37.43137973,148.532,-2421.790,475.957,0.25701,0.001297,0.00308,3191.91,40.3,48.1,50.3,50.5
3194.0,55.80427110,37.43139515,148.535,-2420.823,476.211,0.25854,0.002224,0.00313,3192.91,40.5,48.1,50.3,50.5
3195.0,55.80427341,37.43141055,148.538,-2419.856,476.468,0.26374,0.002586,0.00317,3193.91,40.7,48.1,50.3,50.6
3196.0,55.80427579,37.43142593,148.542,-2418.892,476.732,0.27759,0.002255,0.00322,3194.91,40.9,48.2,50.3,50.6
3197.0,55.80427834,37.43144122,148.545,-2417.933,477.016,0.28482,0.001307,0.00326,3195.91,41.1,48.2,50.3,50.6
3198.0,55.80428085,37.43145654,148.549,-2416.973,477.294,0.28151,0.000005,0.00330,3196.90,41.3,48.3,50.2,50.6
3199.0,55.80428334,37.43147186,148.553,-2416.012,477.572,0.28298,-0.001280,0.00333,3197.90,41.5,48.4,50.2,50.6
3200.0,55.80428587,37.43148716,148.557,-2415.052,477.853,0.27698,-0.002191,0.00335,3198.90,41.7,48.4,50.2,50.6
3201.0,55.80428827,37.43150253,148.561,-2414.088,478.119,0.26455,-0.002494,0.00337,3199.90,41.9,48.5,50.2,50.6
3202.0,55.80429058,37.43151794,148.565,-2413.122,478.376,0.25802,-0.002146,0.00338,3200.90,42.1,48.6,50.2,50.5
3203.0,55.80429286,37.43153336,148.569,-2412.154,478.629,0.25687,-0.001283,0.00338,3201.90,42.2,48.7,50.1,50.5
3204.0,55.80429515,37.43154878,148.573,-2411.187,478.884,0.25658,-0.000152,0.00337,3202.91,42.4,48.7,50.1,50.5
3205.0,55.80429743,37.43156421,148.578,-2410.220,479.137,0.25710,0.000968,0.00335,3203.91,42.6,48.8,50.1,50.5
3206.0,55.80429973,37.43157962,148.582,-2409.253,479.392,0.26129,0.001837,0.00333,3204.91,42.7,48.9,50.1,50.4
3207.0,55.80430208,37.43159501,148.586,-2408.288,479.653,0.26768,0.002293,0.00330,3205.91,42.8,49.0,50.0,50.3
3208.0,55.80430449,37.43161037,148.590,-2407.324,479.921,0.26997,0.002256,0.00326,3206.91,42.9,49.1,50.0,50.2
3209.0,55.80430688,37.43162575,148.594,-2406.360,480.187,0.27455,0.001737,0.00322,3207.91,43.0,49.2,49.9,50.1
3210.0,55.80430937,37.43164107,148.598,-2405.399,480.464,0.28278,0.000834,0.00317,3208.91,43.1,49.3,49.9,50.0
3211.0,55.80431190,37.43165637,148.602,-2404.440,480.745,0.27865,-0.000277,0.00312,3209.91,43.2,49.3,49.9,50.0
3212.0,55.80431432,37.43167173,148.605,-2403.476,481.014,0.27843,-0.001365,0.00307,3210.91,43.2,49.3,49.9,50.1
3213.0,55.80431685,37.43168703,148.608,-2402.517,481.294,0.27979,-0.002196,0.00301,3211.91,43.3,49.3,49.9,50.1
3214.0,55.80431929,37.43170238,148.611,-2401.554,481.566,0.26871,-0.002595,0.00296,3212.91,43.3,49.4,49.9,50.2
3215.0,55.80432162,37.43171777,148.613,-2400.588,481.825,0.25879,-0.002506,0.00291,3213.92,43.4,49.4,50.0,50.3
3216.0,55.80432390,37.43173320,148.615,-2399.621,482.078,0.25586,-0.001997,0.00286,3214.92,43.2,49.3,50.0,50.3
3217.0,55.80432618,37.43174863,148.617,-2398.653,482.332,0.25726,-0.001222,0.00281,3215.92,43.1,49.3,50.1,50.3
3218.0,55.80432848,37.43176404,148.619,-2397.687,482.587,0.25877,-0.000349,0.00277,3216.92,43.0,49.2,50.2,50.4
3219.0,55.80433079,37.43177945,148.621,-2396.720,482.843,0.25879,0.000487,0.00273,3217.92,42.9,49.2,50.2,50.4
3220.0,55.80433308,37.43179487,148.622,-2395.753,483.099,0.25828,0.001196,0.00270,3218.92,42.8,49.1,50.3,50.5
3221.0,55.80433538,37.43181028,148.624,-2394.786,483.354,0.25936,0.001720,0.00267,3219.92,42.7,49.1,50.3,50.5
3222.0,55.80433770,37.43182569,148.626,-2393.820,483.611,0.26243,0.002020,0.00265,3220.92,42.7,49.2,50.4,50.5
3223.0,55.80434005,37.43184108,148.628,-2392.855,483.873,0.26992,0.002083,0.00263,3221.92,42.6,49.3,50.4,50.6
3224.0,55.80434250,37.43185643,148.630,-2391.893,484.145,0.27441,0.001927,0.00262,3222.92,42.6,49.3,50.5,50.6
3225.0,55.80434493,37.43187178,148.633,-2390.930,484.415,0.27237,0.001586,0.00261,3223.92,42.5,49.4,50.5,50.7
3226.0,55.80434734,37.43188714,148.636,-2389.966,484.683,0.27243,0.001088,0.00260,3224.92,42.4,49.4,50.6,50.7
3227.0,55.80434977,37.43190249,148.638,-2389.003,484.953,0.27397,0.000452,0.00259,3225.92,42.3,49.5,50.6,50.7
3228.0,55.80435221,37.43191784,148.641,-2388.041,485.224,0.27638,-0.000286,0.00259,3226.92,42.3,49.6,50.7,50.7
3229.0,55.80435469,37.43193317,148.644,-2387.079,485.499,0.28209,-0.001029,0.00259,3227.92,42.2,49.6,50.7,50.8
3230.0,55.80435722,37.43194847,148.647,-2386.120,485.781,0.27844,-0.001611,0.00258,3228.92,42.1,49.7,50.7,50.8
3231.0,55.80435963,37.43196383,148.650,-2385.156,486.049,0.26873,-0.001846,0.00258,3229.92,41.9,49.8,50.8,50.8
3232.0,55.80436200,37.43197921,148.652,-2384.192,486.312,0.26421,-0.001606,0.00257,3230.92,41.8,49.8,50.8,50.8
3233.0,55.80436433,37.43199461,148.655,-2383.226,486.571,0.26024,-0.000900,0.00256,3231.92,41.6,49.9,50.8,50.9
3234.0,55.80436663,37.43201003,148.658,-2382.259,486.826,0.25760,0.000109,0.00254,3232.92,41.5,50.0,50.9,50.9
3235.0,55.80436892,37.43202545,148.661,-2381.292,487.080,0.25811,0.001136,0.00252,3233.92,41.3,50.0,50.9,51.0
3236.0,55.80437123,37.43204086,148.664,-2380.325,487.337,0.26192,0.001863,0.00249,3234.92,41.1,50.1,50.9,51.0
3237.0,55.80437358,37.43205625,148.667,-2379.360,487.598,0.27135,0.002040,0.00246,3235.92,40.9,50.1,51.0,51.0
3238.0,55.80437605,37.43207158,148.670,-2378.399,487.873,0.27935,0.001566,0.00243,3236.92,40.7,50.2,51.0,51.0
3239.0,55.80437854,37.43208690,148.673,-2377.438,488.150,0.28138,0.000535,0.00238,3237.92,40.5,50.3,51.0,51.0
3240.0,55.80438105,37.43210222,148.676,-2376.477,488.428,0.28383,-0.000790,0.00234,3238.92,40.3,50.3,51.0,51.1
3241.0,55.80438358,37.43211752,148.679,-2375.518,488.710,0.28145,-0.002036,0.00228,3239.91,40.1,50.4,51.0,51.1
3242.0,55.80438605,37.43213285,148.682,-2374.556,488.984,0.27369,-0.002823,0.00222,3240.91,39.9,50.4,51.1,51.1
3243.0,55.80438845,37.43214822,148.684,-2373.592,489.250,0.26539,-0.002879,0.00216,3241.91,39.7,50.5,51.1,51.1
3244.0,55.80439077,37.43216362,148.687,-2372.626,489.508,0.25598,-0.002123,0.00209,3242.91,39.6,50.5,51.1,51.1
3245.0,55.80439300,37.43217907,148.689,-2371.657,489.757,0.24935,-0.000714,0.00202,3243.91,39.4,50.5,51.1,51.2
3246.0,55.80439521,37.43219453,148.691,-2370.688,490.002,0.24708,0.000980,0.00194,3244.91,39.2,50.5,51.1,51.2
3247.0,55.80439741,37.43220999,148.693,-2369.718,490.246,0.25194,0.002485,0.00187,3245.91,39.1,50.5,51.2,51.2
3248.0,55.80439970,37.43222541,148.695,-2368.751,490.500,0.26487,0.003365,0.00179,3246.91,39.0,50.5,51.2,51.2
3249.0,55.80440212,37.43224077,148.696,-2367.788,490.769,0.27648,0.003362,0.00170,3247.91,38.8,50.5,51.2,51.2
3250.0,55.80440461,37.43225609,148.698,-2366.827,491.046,0.28191,0.002468,0.00162,3248.91,38.7,50.4,51.2,51.2
3251.0,55.80440713,37.43227140,148.700,-2365.867,491.326,0.28814,0.000929,0.00154,3249.91,38.7,50.4,51.2,51.3
3252.0,55.80440972,37.43228666,148.701,-2364.909,491.615,0.29045,-0.000837,0.00145,3250.91,38.6,50.4,51.3,51.3
3253.0,55.80441228,37.43230195,148.702,-2363.951,491.899,0.28255,-0.002356,0.00137,3251.90,38.5,50.4,51.3,51.3
3254.0,55.80441474,37.43231729,148.703,-2362.989,492.172,0.27305,-0.003231,0.00129,3252.90,38.5,50.4,51.3,51.4
3255.0,55.80441713,37.43233266,148.704,-2362.025,492.438,0.26426,-0.003237,0.00120,3253.90,38.4,50.4,51.4,51.4
3256.0,55.80441944,37.43234807,148.705,-2361.058,492.695,0.25593,-0.002377,0.00112,3254.90,38.6,50.4,51.4,51.4
3257.0,55.80442169,37.43236351,148.706,-2360.090,492.944,0.24966,-0.000872,0.00105,3255.90,38.7,50.4,51.4,51.5
3258.0,55.80442389,37.43237897,148.707,-2359.120,493.189,0.25015,0.000890,0.00097,3256.90,38.8,50.5,51.5,51.5
3259.0,55.80442615,37.43239441,148.708,-2358.152,493.439,0.25582,0.002454,0.00089,3257.90,38.9,50.5,51.5,51.5
3260.0,55.80442845,37.43240982,148.708,-2357.185,493.695,0.26164,0.003400,0.00082,3258.90,39.0,50.5,51.5,51.6
3261.0,55.80443080,37.43242521,148.709,-2356.220,493.957,0.27194,0.003462,0.00075,3259.90,39.2,50.5,51.5,51.6
3262.0,55.80443328,37.43244054,148.710,-2355.259,494.232,0.28408,0.002603,0.00067,3260.90,39.3,50.5,51.6,51.6
3263.0,55.80443585,37.43245582,148.710,-2354.300,494.517,0.29392,0.001042,0.00060,3261.90,39.4,50.6,51.6,51.6
3264.0,55.80443849,37.43247106,148.710,-2353.345,494.811,0.29122,-0.000808,0.00053,3262.90,39.5,50.6,51.6,51.6
3265.0,55.80444101,37.43248637,148.711,-2352.385,495.091,0.28103,-0.002463,0.00046,3263.90,39.7,50.6,51.6,51.7
3266.0,55.80444348,37.43250170,148.711,-2351.423,495.366,0.27573,-0.003511,0.00039,3264.90,39.8,50.6,51.6,51.7
3267.0,55.80444591,37.43251705,148.711,-2350.460,495.636,0.26727,-0.003723,0.00032,3265.90,39.9,50.7,51.7,51.7
3268.0,55.80444824,37.43253245,148.712,-2349.494,495.894,0.25525,-0.003104,0.00025,3266.90,40.0,50.7,51.7,51.7
3269.0,55.80445046,37.43254791,148.712,-2348.525,496.141,0.24809,-0.001857,0.00018,3267.90,40.1,50.8,51.7,51.8
3270.0,55.80445266,37.43256337,148.713,-2347.555,496.385,0.25115,-0.000315,0.00010,3268.90,40.2,50.8,51.7,51.8
3271.0,55.80445493,37.43257880,148.713,-2346.588,496.638,0.25578,0.001167,0.00003,3269.90,40.3,50.9,51.7,51.8
3272.0,55.80445721,37.43259422,148.714,-2345.620,496.891,0.25798,0.002289,-0.00004,3270.90,40.4,50.9,51.8,51.9
3273.0,55.80445952,37.43260963,148.714,-2344.654,497.148,0.26212,0.002866,-0.00012,3271.90,40.5,50.9,51.8,51.9
3274.0,55.80446188,37.43262502,148.715,-2343.689,497.410,0.27239,0.002840,-0.00020,3272.90,40.6,51.0,51.9,51.9
3275.0,55.80446436,37.43264034,148.715,-2342.728,497.686,0.27921,0.002280,-0.00027,3273.90,40.6,51.0,51.9,52.0
3276.0,55.80446684,37.43265567,148.715,-2341.766,497.961,0.27763,0.001349,-0.00035,3274.90,40.7,51.0,51.9,52.0
3277.0,55.80446930,37.43267101,148.715,-2340.804,498.234,0.28071,0.000267,-0.00043,3275.90,40.7,51.0,51.9,52.0
3278.0,55.80447182,37.43268631,148.714,-2339.845,498.515,0.28074,-0.000740,-0.00050,3276.90,40.8,51.0,52.0,52.0
3279.0,55.80447428,37.43270165,148.713,-2338.883,498.788,0.27448,-0.001481,-0.00058,3277.90,40.8,51.0,52.0,52.0
3280.0,55.80447670,37.43271701,148.712,-2337.919,499.057,0.27048,-0.001830,-0.00065,3278.89,40.8,51.0,52.0,52.0
3281.0,55.80447909,37.43273238,148.711,-2336.955,499.323,0.26714,-0.001750,-0.00073,3279.89,40.8,51.0,52.0,52.0
3282.0,55.80448145,37.43274777,148.709,-2335.990,499.585,0.26370,-0.001282,-0.00080,3280.89,40.8,51.0,52.0,52.0
3283.0,55.80448378,37.43276317,148.708,-2335.024,499.844,0.26014,-0.000539,-0.00087,3281.89,40.8,51.1,52.0,52.1
3284.0,55.80448608,37.43277858,148.706,-2334.058,500.099,0.26058,0.000320,-0.00094,3282.89,40.8,51.1,52.0,52.1
3285.0,55.80448842,37.43279398,148.705,-2333.092,500.359,0.26362,0.001119,-0.00100,3283.89,40.8,51.1,52.0,52.1
3286.0,55.80449077,37.43280937,148.704,-2332.127,500.621,0.26471,0.001693,-0.00107,3284.89,40.7,51.1,52.0,52.1
3287.0,55.80449313,37.43282476,148.702,-2331.162,500.883,0.26884,0.001919,-0.00114,3285.89,40.7,51.2,52.0,52.1
3288.0,55.80449555,37.43284012,148.701,-2330.199,501.152,0.27524,0.001745,-0.00120,3286.89,40.6,51.2,52.0,52.1
3289.0,55.80449802,37.43285545,148.700,-2329.237,501.426,0.27968,0.001194,-0.00127,3287.88,40.6,51.2,52.0,52.1
3290.0,55.80450052,37.43287077,148.699,-2328.276,501.704,0.27929,0.000365,-0.00133,3288.88,40.5,51.2,52.0,52.1
3291.0,55.80450298,37.43288610,148.697,-2327.314,501.978,0.27883,-0.000597,-0.00140,3289.88,40.5,51.2,52.0,52.1
3292.0,55.80450547,37.43290142,148.696,-2326.354,502.254,0.27995,-0.001525,-0.00147,3290.88,40.5,51.2,52.0,52.1
3293.0,55.80450796,37.43291675,148.695,-2325.392,502.530,0.27500,-0.002264,-0.00154,3291.88,40.5,51.2,52.0,52.1
3294.0,55.80451036,37.43293211,148.694,-2324.429,502.797,0.26869,-0.002694,-0.00161,3292.88,40.4,51.2,52.0,52.1
3295.0,55.80451273,37.43294750,148.692,-2323.464,503.061,0.26565,-0.002746,-0.00169,3293.88,40.4,51.2,52.0,52.1
3296.0,55.80451509,37.43296289,148.691,-2322.499,503.323,0.26262,-0.002416,-0.00178,3294.88,40.4,51.2,52.0,52.1
3297.0,55.80451741,37.43297829,148.690,-2321.533,503.580,0.25541,-0.001769,-0.00187,3295.88,40.4,51.2,52.0,52.1
3298.0,55.80451963,37.43299374,148.688,-2320.564,503.828,0.25151,-0.000927,-0.00197,3296.87,40.4,51.2,52.0,52.1
3299.0,55.80452189,37.43300918,148.687,-2319.596,504.078,0.25500,-0.000034,-0.00207,3297.87,40.3,51.2,52.0,52.1
3300.0,55.80452417,37.43302460,148.685,-2318.628,504.332,0.25839,0.000785,-0.00218,3298.87,40.3,51.2,52.0,52.1
3301.0,55.80452649,37.43304001,148.684,-2317.662,504.589,0.25988,0.001454,-0.00229,3299.87,40.3,51.2,52.0,52.1
3302.0,55.80452880,37.43305542,148.682,-2316.696,504.846,0.26065,0.001944,-0.00242,3300.87,40.3,51.2,51.9,52.0
3303.0,55.80453112,37.43307082,148.680,-2315.730,505.105,0.26390,0.002244,-0.00254,3301.87,40.3,51.2,51.9,52.0
3304.0,55.80453349,37.43308620,148.678,-2314.765,505.368,0.26646,0.002327,-0.00268,3302.87,40.3,51.3,51.9,52.0
3305.0,55.80453586,37.43310159,148.675,-2313.800,505.631,0.26818,0.002148,-0.00282,3303.87,40.3,51.3,51.9,52.0
3306.0,55.80453826,37.43311695,148.673,-2312.836,505.898,0.27428,0.001661,-0.00297,3304.87,40.2,51.3,52.0,52.0
3307.0,55.80454074,37.43313228,148.670,-2311.875,506.173,0.27797,0.000864,-0.00312,3305.86,40.2,51.4,52.0,52.1
3308.0,55.80454320,37.43314762,148.668,-2310.913,506.447,0.27872,-0.000155,-0.00328,3306.86,40.2,51.4,52.0,52.1
3309.0,55.80454569,37.43316294,148.665,-2309.952,506.723,0.28202,-0.001212,-0.00344,3307.86,40.2,51.4,52.0,52.2
3310.0,55.80454821,37.43317825,148.662,-2308.992,507.003,0.27789,-0.002062,-0.00360,3308.86,40.1,51.5,52.1,52.2
3311.0,55.80455063,37.43319361,148.658,-2308.029,507.272,0.26862,-0.002461,-0.00376,3309.86,40.1,51.5,52.1,52.2
3312.0,55.80455299,37.43320899,148.654,-2307.064,507.534,0.26269,-0.002258,-0.00392,3310.86,40.0,51.4,52.1,52.2
3313.0,55.80455530,37.43322440,148.650,-2306.097,507.791,0.25740,-0.001449,-0.00409,3311.86,40.0,51.4,52.1,52.1
3314.0,55.80455757,37.43323983,148.646,-2305.130,508.043,0.25326,-0.000197,-0.00425,3312.86,39.9,51.4,52.1,52.1
3315.0,55.80455981,37.43325527,148.641,-2304.161,508.292,0.25201,0.001202,-0.00441,3313.86,39.9,51.4,52.1,52.1
3316.0,55.80456206,37.43327071,148.636,-2303.193,508.542,0.25721,0.002396,-0.00457,3314.86,39.8,51.4,52.1,52.1
3317.0,55.80456439,37.43328612,148.631,-2302.227,508.801,0.26734,0.003070,-0.00472,3315.86,39.7,51.4,52.1,52.2
3318.0,55.80456681,37.43330147,148.625,-2301.264,509.070,0.27496,0.003024,-0.00486,3316.86,39.7,51.4,52.1,52.2
3319.0,55.80456927,37.43331681,148.620,-2300.302,509.344,0.27839,0.002237,-0.00500,3317.86,39.6,51.4,52.1,52.2
3320.0,55.80457176,37.43333213,148.614,-2299.341,509.620,0.28691,0.000872,-0.00513,3318.86,39.5,51.4,52.1,52.2
3321.0,55.80457437,37.43334739,148.608,-2298.384,509.910,0.29152,-0.000751,-0.00526,3319.86,39.5,51.4,52.1,52.2
3322.0,55.80457693,37.43336268,148.603,-2297.425,510.195,0.28283,-0.002229,-0.00537,3320.86,39.5,51.4,52.1,52.2
3323.0,55.80457939,37.43337801,148.597,-2296.464,510.468,0.27459,-0.003182,-0.00548,3321.86,39.4,51.4,52.1,52.2
3324.0,55.80458181,37.43339337,148.591,-2295.500,510.737,0.26767,-0.003352,-0.00557,3322.86,39.4,51.4,52.1,52.2
3325.0,55.80458415,37.43340877,148.585,-2294.535,510.997,0.25874,-0.002686,-0.00566,3323.86,39.4,51.4,52.1,52.1
3326.0,55.80458641,37.43342420,148.579,-2293.567,511.249,0.24911,-0.001356,-0.00573,3324.86,39.4,51.4,52.1,52.2
3327.0,55.80458859,37.43343967,148.573,-2292.597,511.490,0.24784,0.000290,-0.00578,3325.86,39.4,51.4,52.1,52.2
3328.0,55.80459083,37.43345511,148.567,-2291.628,511.739,0.25521,0.001813,-0.00582,3326.86,39.4,51.4,52.1,52.2
3329.0,55.80459313,37.43347053,148.560,-2290.661,511.995,0.26251,0.002813,-0.00585,3327.86,39.5,51.4,52.2,52.2
3330.0,55.80459550,37.43348591,148.554,-2289.697,512.258,0.26965,0.003032,-0.00586,3328.86,39.5,51.4,52.2,52.2
3331.0,55.80459793,37.43350127,148.547,-2288.734,512.528,0.27702,0.002425,-0.00586,3329.86,39.5,51.4,52.2,52.2
3332.0,55.80460042,37.43351658,148.540,-2287.773,512.805,0.28747,0.001169,-0.00584,3330.86,39.5,51.5,52.2,52.2
3333.0,55.80460303,37.43353185,148.533,-2286.816,513.095,0.28806,-0.000389,-0.00581,3331.87,39.6,51.5,52.2,52.3
3334.0,55.80460553,37.43354716,148.526,-2285.855,513.373,0.27976,-0.001832,-0.00576,3332.87,39.6,51.5,52.2,52.3
3335.0,55.80460800,37.43356250,148.519,-2284.893,513.647,0.27499,-0.002791,-0.00569,3333.87,39.6,51.5,52.2,52.3
3336.0,55.80461042,37.43357785,148.512,-2283.930,513.917,0.26530,-0.003042,-0.00561,3334.87,39.6,51.5,52.2,52.3
3337.0,55.80461272,37.43359327,148.504,-2282.963,514.172,0.25649,-0.002553,-0.00551,3335.87,39.5,51.5,52.2,52.3
3338.0,55.80461499,37.43360870,148.497,-2281.996,514.424,0.25437,-0.001467,-0.00540,3336.87,39.5,51.4,52.2,52.3
3339.0,55.80461724,37.43362413,148.490,-2281.028,514.675,0.25294,-0.000054,-0.00528,3337.88,39.5,51.4,52.2,52.2
3340.0,55.80461949,37.43363957,148.484,-2280.060,514.924,0.25375,0.001362,-0.00515,3338.88,39.4,51.4,52.1,52.2
3341.0,55.80462176,37.43365500,148.478,-2279.092,515.177,0.25732,0.002468,-0.00502,3339.88,39.5,51.4,52.1,52.2
3342.0,55.80462407,37.43367041,148.472,-2278.125,515.433,0.26412,0.003026,-0.00487,3340.88,39.6,51.3,52.1,52.2
3343.0,55.80462646,37.43368579,148.467,-2277.161,515.699,0.27533,0.002922,-0.00472,3341.88,39.6,51.3,52.1,52.2
3344.0,55.80462896,37.43370110,148.463,-2276.201,515.977,0.28224,0.002179,-0.00457,3342.88,39.7,51.3,52.1,52.2
3345.0,55.80463147,37.43371641,148.459,-2275.240,516.256,0.28060,0.000953,-0.00442,3343.88,39.8,51.3,52.1,52.2
3346.0,55.80463395,37.43373174,148.455,-2274.279,516.531,0.28228,-0.000507,-0.00427,3344.88,39.8,51.3,52.1,52.2
3347.0,55.80463649,37.43374704,148.452,-2273.320,516.813,0.28357,-0.001908,-0.00413,3345.89,39.9,51.3,52.0,52.2
3348.0,55.80463898,37.43376236,148.449,-2272.359,517.091,0.27797,-0.002961,-0.00400,3346.89,39.9,51.2,52.0,52.2
3349.0,55.80464142,37.43377771,148.447,-2271.396,517.362,0.26879,-0.003434,-0.00387,3347.89,39.9,51.2,52.0,52.2
3350.0,55.80464376,37.43379310,148.444,-2270.431,517.622,0.25976,-0.003209,-0.00375,3348.89,40.0,51.2,52.0,52.2
3351.0,55.80464605,37.43380853,148.441,-2269.463,517.876,0.25401,-0.002314,-0.00365,3349.89,40.0,51.1,52.0,52.2
3352.0,55.80464829,37.43382397,148.439,-2268.495,518.124,0.24875,-0.000926,-0.00356,3350.89,40.1,51.0,52.0,52.2
3353.0,55.80465048,37.43383943,148.436,-2267.525,518.368,0.24900,0.000665,-0.00349,3351.89,40.1,50.9,52.0,52.2
3354.0,55.80465272,37.43385488,148.434,-2266.557,518.617,0.25387,0.002118,-0.00344,3352.89,40.2,50.8,51.9,52.2
3355.0,55.80465500,37.43387030,148.431,-2265.589,518.870,0.25842,0.003116,-0.00340,3353.89,40.2,50.7,51.9,52.1
3356.0,55.80465732,37.43388571,148.429,-2264.623,519.128,0.26553,0.003433,-0.00339,3354.89,40.3,50.6,51.9,52.1
3357.0,55.80465972,37.43390107,148.426,-2263.659,519.395,0.27536,0.002991,-0.00339,3355.89,40.3,50.6,51.8,52.1
3358.0,55.80466221,37.43391639,148.424,-2262.698,519.672,0.28561,0.001884,-0.00342,3356.89,40.4,50.5,51.8,52.1
3359.0,55.80466479,37.43393167,148.421,-2261.740,519.959,0.28536,0.000365,-0.00346,3357.88,40.4,50.4,51.8,52.1
3360.0,55.80466728,37.43394699,148.419,-2260.779,520.235,0.28081,-0.001205,-0.00353,3358.88,40.5,50.4,51.7,52.1
3361.0,55.80466978,37.43396231,148.417,-2259.819,520.513,0.28055,-0.002443,-0.00361,3359.88,40.5,50.4,51.7,52.1
3362.0,55.80467226,37.43397764,148.415,-2258.857,520.789,0.27429,-0.003045,-0.00372,3360.88,40.5,50.4,51.7,52.1
3363.0,55.80467465,37.43399301,148.412,-2257.893,521.055,0.26019,-0.002866,-0.00384,3361.88,40.5,50.4,51.7,52.1
3364.0,55.80467689,37.43400845,148.410,-2256.925,521.303,0.25026,-0.001968,-0.00399,3362.87,40.6,50.4,51.7,52.1
3365.0,55.80467911,37.43402390,148.407,-2255.956,521.550,0.25068,-0.000599,-0.00414,3363.87,40.6,50.4,51.7,52.1
3366.0,55.80468136,37.43403935,148.405,-2254.987,521.799,0.25484,0.000882,-0.00431,3364.87,40.7,50.5,51.7,52.1
3367.0,55.80468365,37.43405476,148.401,-2254.020,522.054,0.25818,0.002120,-0.00450,3365.87,40.7,50.5,51.7,52.2
3368.0,55.80468595,37.43407018,148.398,-2253.054,522.310,0.26175,0.002850,-0.00469,3366.86,40.8,50.5,51.7,52.2
3369.0,55.80468831,37.43408557,148.394,-2252.088,522.572,0.27292,0.002960,-0.00490,3367.86,40.9,50.6,51.7,52.2
3370.0,55.80469080,37.43410089,148.390,-2251.128,522.849,0.27994,0.002492,-0.00511,3368.86,41.0,50.6,51.8,52.2
3371.0,55.80469328,37.43411622,148.385,-2250.166,523.124,0.27981,0.001610,-0.00532,3369.86,41.1,50.6,51.8,52.2
3372.0,55.80469577,37.43413154,148.380,-2249.206,523.401,0.28297,0.000543,-0.00553,3370.86,41.2,50.6,51.8,52.2
3373.0,55.80469830,37.43414684,148.374,-2248.246,523.683,0.27959,-0.000465,-0.00574,3371.86,41.3,50.6,51.7,52.2
3374.0,55.80470074,37.43416219,148.367,-2247.283,523.953,0.27590,-0.001204,-0.00594,3372.86,41.4,50.6,51.7,52.2
3375.0,55.80470321,37.43417752,148.360,-2246.321,524.227,0.27735,-0.001522,-0.00613,3373.87,41.5,50.6,51.7,52.2
3376.0,55.80470567,37.43419286,148.352,-2245.360,524.501,0.27069,-0.001357,-0.00632,3374.87,41.7,50.6,51.7,52.2
3377.0,55.80470802,37.43420825,148.345,-2244.394,524.762,0.26205,-0.000764,-0.00649,3375.87,41.9,50.6,51.7,52.2
3378.0,55.80471033,37.43422366,148.337,-2243.428,525.019,0.26082,0.000075,-0.00665,3376.87,42.1,50.6,51.7,52.2
3379.0,55.80471266,37.43423906,148.329,-2242.462,525.278,0.26438,0.000880,-0.00679,3377.88,42.3,50.6,51.7,52.3
3380.0,55.80471503,37.43425444,148.320,-2241.497,525.542,0.26905,0.001347,-0.00691,3378.88,42.4,50.6,51.6,52.3
3381.0,55.80471744,37.43426980,148.312,-2240.534,525.810,0.27404,0.001248,-0.00701,3379.88,42.6,50.6,51.6,52.3
3382.0,55.80471990,37.43428514,148.303,-2239.572,526.083,0.27970,0.000514,-0.00709,3380.88,42.8,50.7,51.6,52.3
3383.0,55.80472241,37.43430045,148.295,-2238.612,526.362,0.28653,-0.000727,-0.00715,3381.88,43.0,50.7,51.5,52.3
3384.0,55.80472499,37.43431573,148.286,-2237.654,526.648,0.28520,-0.002174,-0.00719,3382.88,43.1,50.7,51.5,52.3
3385.0,55.80472747,37.43433105,148.277,-2236.693,526.924,0.27643,-0.003440,-0.00721,3383.89,43.3,50.8,51.5,52.4
3386.0,55.80472990,37.43434641,148.268,-2235.730,527.194,0.27041,-0.004187,-0.00720,3384.89,43.4,50.7,51.4,52.3
3387.0,55.80473228,37.43436178,148.259,-2234.765,527.459,0.25866,-0.004242,-0.00719,3385.89,43.6,50.6,51.4,52.3
3388.0,55.80473450,37.43437724,148.250,-2233.796,527.706,0.24652,-0.003667,-0.00715,3386.89,43.7,50.6,51.3,52.3
3389.0,55.80473667,37.43439271,148.241,-2232.826,527.947,0.24218,-0.002743,-0.00710,3387.89,43.8,50.5,51.3,52.3
3390.0,55.80473882,37.43440820,148.232,-2231.855,528.185,0.24475,-0.001856,-0.00704,3388.89,44.0,50.5,51.2,52.2
3391.0,55.80474104,37.43442365,148.224,-2230.885,528.431,0.25062,-0.001356,-0.00697,3389.88,44.1,50.5,51.2,52.2
3392.0,55.80474328,37.43443909,148.216,-2229.917,528.681,0.25351,-0.001413,-0.00689,3390.88,44.3,50.5,51.2,52.2
3393.0,55.80474555,37.43445452,148.210,-2228.949,528.933,0.25428,-0.001961,-0.00681,3391.88,44.5,50.5,51.2,52.2
3394.0,55.80474781,37.43446995,148.203,-2227.981,529.184,0.25377,-0.002722,-0.00672,3392.88,44.6,50.5,51.2,52.1
3395.0,55.80475007,37.43448539,148.197,-2227.013,529.435,0.25030,-0.003321,-0.00664,3393.88,44.8,50.5,51.2,52.1
3396.0,55.80475227,37.43450085,148.192,-2226.044,529.680,0.24246,-0.003447,-0.00655,3394.87,44.9,50.5,51.2,52.0
3397.0,55.80475439,37.43451635,148.187,-2225.072,529.915,0.22416,-0.002987,-0.00647,3395.87,45.0,50.5,51.2,52.0
3398.0,55.80475627,37.43453194,148.183,-2224.094,530.124,0.21512,-0.002074,-0.00640,3396.87,45.1,50.4,51.2,51.9
3399.0,55.80475823,37.43454750,148.178,-2223.118,530.342,0.22369,-0.001009,-0.00634,3397.87,45.3,50.4,51.2,51.9
3400.0,55.80476027,37.43456304,148.174,-2222.144,530.568,0.23168,-0.000115,-0.00628,3398.86,45.4,50.4,51.2,51.8
3401.0,55.80476237,37.43457854,148.169,-2221.171,530.801,0.23410,0.000406,-0.00623,3399.86,45.5,50.4,51.1,51.8
3402.0,55.80476444,37.43459406,148.164,-2220.198,531.032,0.23244,0.000516,-0.00619,3400.86,45.6,50.3,51.1,51.7
3403.0,55.80476651,37.43460957,148.159,-2219.225,531.262,0.23259,0.000304,-0.00616,3401.86,45.8,50.3,51.0,51.7
3404.0,55.80476859,37.43462509,148.154,-2218.252,531.493,0.23440,-0.000094,-0.00613,3402.86,45.9,50.3,51.0,51.6
3405.0,55.80477069,37.43464059,148.148,-2217.280,531.727,0.23539,-0.000552,-0.00612,3403.86,46.0,50.2,50.9,51.6
3406.0,55.80477279,37.43465610,148.142,-2216.307,531.959,0.23370,-0.000983,-0.00611,3404.87,46.1,50.2,50.9,51.5
3407.0,55.80477486,37.43467162,148.136,-2215.334,532.190,0.23012,-0.001345,-0.00611,3405.87,46.2,50.1,50.9,51.4
3408.0,55.80477690,37.43468715,148.130,-2214.360,532.415,0.22725,-0.001642,-0.00611,3406.87,46.3,50.1,50.8,51.4
3409.0,55.80477892,37.43470269,148.123,-2213.386,532.640,0.22658,-0.001910,-0.00611,3407.87,46.4,50.0,50.8,51.3
3410.0,55.80478094,37.43471823,148.116,-2212.411,532.865,0.22604,-0.002192,-0.00612,3408.87,46.5,50.0,50.8,51.2
3411.0,55.80478295,37.43473377,148.109,-2211.437,533.089,0.22377,-0.002509,-0.00613,3409.87,46.6,49.9,50.8,51.2
3412.0,55.80478493,37.43474932,148.102,-2210.461,533.309,0.22161,-0.002836,-0.00614,3410.87,46.7,49.8,50.8,51.1
3413.0,55.80478691,37.43476488,148.095,-2209.485,533.528,0.21990,-0.003112,-0.00615,3411.87,46.8,49.7,50.8,51.0
3414.0,55.80478886,37.43478044,148.088,-2208.509,533.745,0.21368,-0.003255,-0.00616,3412.87,46.9,49.6,50.8,50.9
3415.0,55.80479073,37.43479604,148.082,-2207.531,533.952,0.20791,-0.003200,-0.00617,3413.87,47.0,49.5,50.8,50.8
3416.0,55.80479258,37.43481165,148.075,-2206.552,534.158,0.20507,-0.002915,-0.00617,3414.87,47.0,49.5,50.7,50.8
3417.0,55.80479440,37.43482726,148.069,-2205.573,534.360,0.20153,-0.002416,-0.00618,3415.87,47.1,49.5,50.6,50.8
3418.0,55.80479618,37.43484289,148.063,-2204.593,534.558,0.19843,-0.001765,-0.00618,3416.87,47.2,49.5,50.5,50.7
3419.0,55.80479795,37.43485853,148.057,-2203.612,534.754,0.19559,-0.001061,-0.00618,3417.87,47.3,49.5,50.4,50.7
3420.0,55.80479968,37.43487418,148.051,-2202.631,534.947,0.19486,-0.000422,-0.00617,3418.86,47.3,49.5,50.3,50.7
3421.0,55.80480143,37.43488982,148.045,-2201.650,535.141,0.19873,0.000035,-0.00617,3419.86,47.4,49.4,50.2,50.7
3422.0,55.80480324,37.43490544,148.040,-2200.670,535.342,0.20058,0.000222,-0.00616,3420.86,47.4,49.4,50.2,50.7
3423.0,55.80480502,37.43492107,148.034,-2199.690,535.540,0.20054,0.000096,-0.00614,3421.86,47.5,49.3,50.1,50.7
3424.0,55.80480683,37.43493669,148.028,-2198.710,535.740,0.20288,-0.000322,-0.00612,3422.86,47.5,49.3,50.0,50.7
3425.0,55.80480865,37.43495231,148.023,-2197.731,535.943,0.20458,-0.000956,-0.00609,3423.86,47.5,49.3,50.0,50.7
3426.0,55.80481048,37.43496792,148.017,-2196.752,536.146,0.20321,-0.001684,-0.00606,3424.86,47.6,49.3,49.9,50.6
3427.0,55.80481228,37.43498354,148.011,-2195.772,536.346,0.19955,-0.002361,-0.00602,3425.86,47.6,49.3,49.9,50.6
3428.0,55.80481405,37.43499918,148.005,-2194.792,536.543,0.19600,-0.002857,-0.00597,3426.86,47.6,49.3,49.9,50.6
3429.0,55.80481579,37.43501482,147.999,-2193.811,536.736,0.19165,-0.003102,-0.00590,3427.86,47.7,49.3,49.8,50.6
3430.0,55.80481748,37.43503048,147.992,-2192.828,536.924,0.18412,-0.003108,-0.00583,3428.86,47.7,49.3,49.8,50.6
3431.0,55.80481909,37.43504617,147.985,-2191.844,537.102,0.17842,-0.002964,-0.00575,3429.86,47.8,49.2,49.8,50.6
3432.0,55.80482068,37.43506187,147.978,-2190.860,537.279,0.17921,-0.002782,-0.00565,3430.86,47.8,49.2,49.7,50.5
3433.0,55.80482230,37.43507755,147.971,-2189.876,537.458,0.18139,-0.002642,-0.00554,3431.86,47.9,49.2,49.7,50.4
3434.0,55.80482393,37.43509324,147.964,-2188.893,537.639,0.17990,-0.002555,-0.00542,3432.86,47.9,49.1,49.7,50.4
3435.0,55.80482552,37.43510893,147.956,-2187.909,537.816,0.17429,-0.002478,-0.00528,3433.86,48.0,49.1,49.7,50.3
3436.0,55.80482705,37.43512464,147.949,-2186.923,537.986,0.16656,-0.002369,-0.00513,3434.87,48.0,49.0,49.7,50.2
3437.0,55.80482851,37.43514038,147.942,-2185.936,538.148,0.16533,-0.002218,-0.00497,3435.87,48.0,49.0,49.6,50.1
3438.0,55.80483002,37.43515610,147.935,-2184.950,538.315,0.16754,-0.002058,-0.00480,3436.87,48.1,48.9,49.6,50.0
3439.0,55.80483151,37.43517183,147.929,-2183.964,538.481,0.16556,-0.001935,-0.00462,3437.87,48.1,48.9,49.5,49.9
3440.0,55.80483299,37.43518756,147.923,-2182.978,538.645,0.16308,-0.001893,-0.00444,3438.87,48.1,48.8,49.5,49.8
3441.0,55.80483444,37.43520330,147.918,-2181.991,538.806,0.15973,-0.001961,-0.00424,3439.87,48.1,48.8,49.5,49.8
3442.0,55.80483586,37.43521904,147.914,-2181.003,538.963,0.15817,-0.002159,-0.00405,3440.87,48.2,48.8,49.4,49.7
3443.0,55.80483728,37.43523479,147.911,-2180.016,539.121,0.15881,-0.002488,-0.00385,3441.87,48.2,48.8,49.4,49.7
3444.0,55.80483870,37.43525053,147.908,-2179.028,539.279,0.15828,-0.002911,-0.00365,3442.87,48.2,48.8,49.4,49.7
3445.0,55.80484012,37.43526628,147.906,-2178.041,539.436,0.15464,-0.003348,-0.00345,3443.87,48.2,48.8,49.3,49.6
3446.0,55.80484148,37.43528205,147.904,-2177.052,539.587,0.14875,-0.003686,-0.00326,3444.87,48.2,48.8,49.3,49.6
3447.0,55.80484279,37.43529782,147.903,-2176.063,539.733,0.14299,-0.003811,-0.00307,3445.87,48.1,48.8,49.3,49.6
3448.0,55.80484405,37.43531361,147.901,-2175.073,539.872,0.13912,-0.003640,-0.00289,3446.87,48.1,48.8,49.3,49.6
3449.0,55.80484529,37.43532941,147.900,-2174.082,540.010,0.13320,-0.003152,-0.00272,3447.87,48.1,48.8,49.3,49.6
3450.0,55.80484644,37.43534522,147.899,-2173.091,540.138,0.12738,-0.002401,-0.00255,3448.86,48.1,48.9,49.3,49.6
3451.0,55.80484758,37.43536104,147.897,-2172.098,540.264,0.12662,-0.001520,-0.00240,3449.86,48.1,48.9,49.4,49.6
3452.0,55.80484872,37.43537686,147.895,-2171.107,540.391,0.12315,-0.000700,-0.00225,3450.86,48.1,48.9,49.4,49.6
3453.0,55.80484980,37.43539269,147.894,-2170.114,540.510,0.12434,-0.000146,-0.00212,3451.87,48.0,48.9,49.4,49.6
3454.0,55.80485096,37.43540850,147.892,-2169.122,540.639,0.13199,-0.000008,-0.00199,3452.87,48.0,48.9,49.4,49.6
3455.0,55.80485217,37.43542431,147.890,-2168.131,540.773,0.13550,-0.000320,-0.00188,3453.87,48.0,48.8,49.4,49.6
3456.0,55.80485339,37.43544010,147.888,-2167.140,540.909,0.13543,-0.000980,-0.00177,3454.87,47.9,48.9,49.4,49.6
3457.0,55.80485460,37.43545591,147.886,-2166.149,541.043,0.13393,-0.001772,-0.00167,3455.87,47.8,48.9,49.4,49.6
3458.0,55.80485580,37.43547171,147.884,-2165.158,541.176,0.13142,-0.002439,-0.00158,3456.87,47.7,48.9,49.4,49.7
3459.0,55.80485697,37.43548752,147.883,-2164.167,541.305,0.12450,-0.002773,-0.00150,3457.87,47.6,49.0,49.5,49.7
3460.0,55.80485804,37.43550336,147.882,-2163.174,541.424,0.11521,-0.002684,-0.00142,3458.87,47.5,49.0,49.5,49.8
3461.0,55.80485904,37.43551920,147.881,-2162.180,541.535,0.11099,-0.002225,-0.00135,3459.87,47.3,49.0,49.5,49.8
3462.0,55.80486004,37.43553505,147.880,-2161.186,541.646,0.11166,-0.001565,-0.00129,3460.87,47.2,49.0,49.5,49.8
3463.0,55.80486105,37.43555090,147.879,-2160.192,541.758,0.11016,-0.000931,-0.00123,3461.87,47.1,49.0,49.5,49.9
3464.0,55.80486202,37.43556675,147.878,-2159.198,541.866,0.11086,-0.000535,-0.00117,3462.87,47.0,49.0,49.6,49.9
3465.0,55.80486305,37.43558260,147.877,-2158.205,541.979,0.11516,-0.000516,-0.00113,3463.87,46.8,49.0,49.6,49.9
3466.0,55.80486410,37.43559843,147.876,-2157.211,542.095,0.11714,-0.000910,-0.00108,3464.87,46.7,49.0,49.6,50.0
3467.0,55.80486515,37.43561427,147.875,-2156.218,542.213,0.11694,-0.001644,-0.00104,3465.87,46.6,49.1,49.6,50.0
3468.0,55.80486620,37.43563011,147.874,-2155.225,542.329,0.11540,-0.002555,-0.00101,3466.87,46.5,49.1,49.6,50.0
3469.0,55.80486723,37.43564595,147.873,-2154.232,542.443,0.11292,-0.003425,-0.00097,3467.86,46.4,49.1,49.6,50.0
3470.0,55.80486823,37.43566180,147.872,-2153.238,542.554,0.10744,-0.004038,-0.00094,3468.86,46.3,49.1,49.6,50.1
3471.0,55.80486917,37.43567766,147.871,-2152.243,542.658,0.09721,-0.004233,-0.00092,3469.86,46.1,49.1,49.6,50.1
3472.0,55.80486999,37.43569354,147.871,-2151.247,542.748,0.08907,-0.003941,-0.00089,3470.86,46.0,49.1,49.7,50.1
3473.0,55.80487077,37.43570942,147.870,-2150.251,542.836,0.08606,-0.003201,-0.00087,3471.86,45.8,49.1,49.7,50.2
3474.0,55.80487154,37.43572531,147.870,-2149.255,542.920,0.08116,-0.002149,-0.00085,3472.86,45.7,49.1,49.7,50.2
3475.0,55.80487224,37.43574121,147.869,-2148.258,542.998,0.07924,-0.000987,-0.00082,3473.86,45.5,49.1,49.7,50.2
3476.0,55.80487297,37.43575711,147.869,-2147.261,543.079,0.08087,0.000043,-0.00080,3474.86,45.4,49.1,49.8,50.2
3477.0,55.80487370,37.43577300,147.869,-2146.264,543.159,0.08010,0.000701,-0.00077,3475.86,45.3,49.1,49.8,50.2
3478.0,55.80487442,37.43578890,147.869,-2145.267,543.239,0.08612,0.000808,-0.00074,3476.86,45.2,49.1,49.8,50.2
3479.0,55.80487525,37.43580478,147.868,-2144.272,543.331,0.09514,0.000295,-0.00070,3477.86,45.2,49.1,49.9,50.3
3480.0,55.80487613,37.43582065,147.867,-2143.276,543.429,0.09772,-0.000744,-0.00066,3478.86,45.1,49.1,49.9,50.3
3481.0,55.80487701,37.43583652,147.866,-2142.281,543.526,0.09577,-0.002065,-0.00060,3479.86,44.9,49.1,49.9,50.3
3482.0,55.80487786,37.43585239,147.865,-2141.286,543.620,0.09213,-0.003319,-0.00054,3480.86,44.8,49.1,49.9,50.3
3483.0,55.80487868,37.43586827,147.864,-2140.290,543.710,0.08550,-0.004151,-0.00047,3481.86,44.7,49.1,50.0,50.3
3484.0,55.80487940,37.43588417,147.862,-2139.293,543.791,0.07474,-0.004292,-0.00039,3482.86,44.5,49.1,50.0,50.3
3485.0,55.80488003,37.43590008,147.861,-2138.295,543.860,0.06391,-0.003647,-0.00029,3483.86,44.4,49.0,50.0,50.2
3486.0,55.80488056,37.43591600,147.859,-2137.297,543.918,0.05756,-0.002336,-0.00018,3484.86,44.2,49.0,50.0,50.3
3487.0,55.80488107,37.43593192,147.857,-2136.299,543.975,0.05490,-0.000677,-0.00005,3485.86,44.1,49.0,50.0,50.3
3488.0,55.80488155,37.43594784,147.856,-2135.300,544.028,0.05248,0.000886,0.00010,3486.86,43.9,49.0,50.0,50.3
3489.0,55.80488202,37.43596377,147.855,-2134.301,544.080,0.06032,0.001914,0.00026,3487.86,43.8,49.0,50.0,50.3
3490.0,55.80488264,37.43597968,147.854,-2133.304,544.149,0.07638,0.002115,0.00044,3488.86,43.6,49.0,50.0,50.3
3491.0,55.80488340,37.43599557,147.853,-2132.307,544.232,0.08493,0.001435,0.00063,3489.86,43.5,49.0,49.9,50.3
3492.0,55.80488417,37.43601146,147.852,-2131.311,544.318,0.08264,0.000079,0.00085,3490.86,43.4,49.0,49.9,50.3
3493.0,55.80488489,37.43602735,147.852,-2130.314,544.397,0.08273,-0.001560,0.00108,3491.86,43.3,49.0,49.8,50.3
3494.0,55.80488567,37.43604324,147.852,-2129.318,544.484,0.08233,-0.003018,0.00132,3492.86,43.2,49.0,49.8,50.3
3495.0,55.80488638,37.43605914,147.853,-2128.321,544.562,0.07252,-0.003889,0.00158,3493.86,43.1,49.0,49.7,50.3
3496.0,55.80488698,37.43607505,147.854,-2127.323,544.628,0.05711,-0.003936,0.00185,3494.86,42.9,48.9,49.6,50.3
3497.0,55.80488741,37.43609098,147.855,-2126.324,544.676,0.04812,-0.003146,0.00214,3495.86,42.7,48.9,49.6,50.2
3498.0,55.80488785,37.43610691,147.856,-2125.325,544.725,0.04644,-0.001724,0.00244,3496.86,42.5,48.9,49.5,50.2
3499.0,55.80488825,37.43612284,147.858,-2124.326,544.769,0.04321,-0.000021,0.00274,3497.86,42.3,48.8,49.5,50.1
3500.0,55.80488864,37.43613877,147.860,-2123.327,544.811,0.04604,0.001570,0.00305,3498.86,42.2,48.8,49.4,50.1
3501.0,55.80488909,37.43615470,147.863,-2122.329,544.861,0.05592,0.002720,0.00337,3499.86,42.0,48.8,49.4,50.0
3502.0,55.80488965,37.43617061,147.867,-2121.330,544.923,0.06373,0.003230,0.00370,3500.86,41.9,48.8,49.4,50.0
3503.0,55.80489024,37.43618653,147.871,-2120.333,544.988,0.06664,0.003047,0.00403,3501.86,41.8,48.8,49.3,49.9
3504.0,55.80489085,37.43620244,147.875,-2119.335,545.056,0.07404,0.002251,0.00436,3502.86,41.7,48.8,49.3,49.9
3505.0,55.80489158,37.43621833,147.880,-2118.338,545.136,0.07854,0.001017,0.00469,3503.86,41.5,48.8,49.3,49.8
3506.0,55.80489227,37.43623423,147.886,-2117.341,545.213,0.07675,-0.000417,0.00503,3504.86,41.4,48.8,49.3,49.8
3507.0,55.80489297,37.43625013,147.892,-2116.344,545.290,0.07812,-0.001785,0.00536,3505.86,41.3,48.8,49.3,49.7
3508.0,55.80489368,37.43626603,147.899,-2115.347,545.369,0.07222,-0.002837,0.00570,3506.86,41.2,48.8,49.4,49.7
3509.0,55.80489427,37.43628194,147.906,-2114.349,545.434,0.06253,-0.003383,0.00604,3507.86,41.1,48.8,49.4,49.6
3510.0,55.80489481,37.43629786,147.913,-2113.351,545.494,0.05745,-0.003341,0.00638,3508.86,41.0,48.8,49.4,49.5
3511.0,55.80489531,37.43631378,147.921,-2112.353,545.549,0.05089,-0.002755,0.00673,3509.86,41.0,48.8,49.4,49.5
3512.0,55.80489574,37.43632971,147.928,-2111.354,545.596,0.04582,-0.001786,0.00708,3510.87,41.0,48.7,49.3,49.5
3513.0,55.80489614,37.43634564,147.935,-2110.355,545.640,0.04482,-0.000672,0.00743,3511.87,40.9,48.7,49.3,49.5
3514.0,55.80489655,37.43636157,147.942,-2109.356,545.685,0.04616,0.000344,0.00780,3512.87,40.9,48.7,49.3,49.4
3515.0,55.80489698,37.43637750,147.949,-2108.357,545.733,0.05246,0.001078,0.00817,3513.87,40.9,48.7,49.2,49.4
3516.0,55.80489750,37.43639342,147.957,-2107.359,545.790,0.05681,0.001455,0.00855,3514.87,40.9,48.7,49.2,49.4
3517.0,55.80489801,37.43640934,147.964,-2106.360,545.846,0.05765,0.001508,0.00894,3515.88,40.8,48.7,49.2,49.5
3518.0,55.80489854,37.43642526,147.971,-2105.362,545.905,0.06161,0.001349,0.00934,3516.88,40.8,48.7,49.2,49.5
3519.0,55.80489912,37.43644118,147.979,-2104.364,545.969,0.05987,0.001113,0.00976,3517.88,40.8,48.7,49.3,49.5
3520.0,55.80489963,37.43645710,147.987,-2103.365,546.025,0.05937,0.000907,0.01019,3518.89,40.8,48.7,49.3,49.5
3521.0,55.80490020,37.43647301,147.996,-2102.367,546.088,0.06320,0.000789,0.01063,3519.89,40.8,48.7,49.2,49.5
3522.0,55.80490077,37.43648893,148.005,-2101.369,546.151,0.05947,0.000756,0.01108,3520.89,40.7,48.7,49.2,49.5
3523.0,55.80490127,37.43650485,148.015,-2100.371,546.207,0.06035,0.000758,0.01154,3521.90,40.7,48.7,49.2,49.4
3524.0,55.80490186,37.43652076,148.025,-2099.373,546.272,0.06404,0.000724,0.01202,3522.90,40.7,48.7,49.2,49.4
3525.0,55.80490243,37.43653668,148.036,-2098.375,546.335,0.06276,0.000583,0.01250,3523.90,40.7,48.7,49.2,49.4
3526.0,55.80490300,37.43655259,148.048,-2097.377,546.397,0.06696,0.000300,0.01300,3524.91,40.6,48.7,49.1,49.3
3527.0,55.80490364,37.43656850,148.061,-2096.380,546.469,0.06790,-0.000116,0.01349,3525.91,40.5,48.6,49.1,49.3
3528.0,55.80490423,37.43658441,148.074,-2095.382,546.533,0.06561,-0.000602,0.01399,3526.92,40.5,48.6,49.1,49.3
3529.0,55.80490483,37.43660032,148.089,-2094.384,546.600,0.06813,-0.001060,0.01450,3527.92,40.4,48.6,49.1,49.2
3530.0,55.80490546,37.43661623,148.104,-2093.386,546.669,0.06393,-0.001380,0.01500,3528.92,40.4,48.6,49.0,49.2
3531.0,55.80490598,37.43663215,148.120,-2092.388,546.728,0.05865,-0.001474,0.01550,3529.93,40.3,48.5,49.0,49.2
3532.0,55.80490652,37.43664807,148.137,-2091.390,546.787,0.05797,-0.001300,0.01599,3530.93,40.3,48.5,49.0,49.2
3533.0,55.80490703,37.43666399,148.155,-2090.391,546.844,0.05534,-0.000878,0.01647,3531.93,40.2,48.4,49.0,49.2
3534.0,55.80490752,37.43667992,148.173,-2089.393,546.897,0.05234,-0.000291,0.01694,3532.93,40.1,48.4,48.9,49.1
3535.0,55.80490798,37.43669584,148.191,-2088.394,546.948,0.05256,0.000323,0.01741,3533.93,40.1,48.3,48.9,49.1
3536.0,55.80490847,37.43671177,148.210,-2087.396,547.002,0.05534,0.000801,0.01785,3534.93,40.3,48.3,48.9,49.1
3537.0,55.80490898,37.43672769,148.230,-2086.397,547.059,0.05717,0.000990,0.01829,3535.93,40.5,48.2,48.9,49.1
3538.0,55.80490951,37.43674361,148.249,-2085.399,547.117,0.06008,0.000802,0.01871,3536.93,40.6,48.2,48.9,49.1
3539.0,55.80491007,37.43675952,148.269,-2084.401,547.179,0.06625,0.000263,0.01911,3537.93,40.8,48.1,48.8,49.1
3540.0,55.80491071,37.43677543,148.290,-2083.403,547.249,0.07022,-0.000477,0.01950,3538.93,41.0,48.1,48.8,49.1
3541.0,55.80491134,37.43679134,148.310,-2082.406,547.319,0.06502,-0.001174,0.01987,3539.93,41.2,48.0,48.8,49.0
3542.0,55.80491188,37.43680726,148.331,-2081.407,547.379,0.05932,-0.001573,0.02022,3540.93,41.3,48.0,48.8,49.0
3543.0,55.80491241,37.43682318,148.353,-2080.409,547.438,0.05509,-0.001499,0.02056,3541.93,41.4,48.0,48.7,48.9
3544.0,55.80491288,37.43683910,148.375,-2079.411,547.489,0.04855,-0.000928,0.02089,3542.93,41.6,48.0,48.7,48.9
3545.0,55.80491329,37.43685503,148.397,-2078.412,547.535,0.04507,0.000008,0.02120,3543.93,41.7,48.0,48.7,48.9
3546.0,55.80491370,37.43687096,148.419,-2077.413,547.579,0.04717,0.001063,0.02150,3544.93,41.9,48.0,48.6,48.8
3547.0,55.80491415,37.43688689,148.442,-2076.414,547.629,0.05317,0.001956,0.02178,3545.93,42.0,47.9,48.6,48.8
3548.0,55.80491466,37.43690281,148.464,-2075.415,547.685,0.05836,0.002450,0.02206,3546.93,42.1,47.9,48.6,48.8
3549.0,55.80491521,37.43691873,148.487,-2074.417,547.746,0.06065,0.002405,0.02233,3547.93,42.3,47.9,48.6,48.8
3550.0,55.80491576,37.43693465,148.510,-2073.419,547.807,0.06935,0.001803,0.02259,3548.93,42.4,47.9,48.5,48.8
3551.0,55.80491646,37.43695054,148.533,-2072.422,547.884,0.07549,0.000750,0.02284,3549.93,42.5,47.8,48.5,48.7
3552.0,55.80491712,37.43696645,148.555,-2071.425,547.957,0.07109,-0.000544,0.02309,3550.93,42.7,47.8,48.5,48.7
3553.0,55.80491774,37.43698236,148.578,-2070.427,548.026,0.07249,-0.001810,0.02333,3551.94,42.8,47.8,48.4,48.7
3554.0,55.80491843,37.43699826,148.601,-2069.430,548.102,0.06854,-0.002775,0.02358,3552.94,42.9,47.7,48.4,48.6
3555.0,55.80491898,37.43701417,148.624,-2068.432,548.163,0.05822,-0.003223,0.02382,3553.94,43.0,47.7,48.4,48.6
3556.0,55.80491948,37.43703010,148.647,-2067.433,548.219,0.05261,-0.003053,0.02406,3554.94,43.2,47.7,48.3,48.6
3557.0,55.80491994,37.43704602,148.671,-2066.435,548.269,0.04470,-0.002302,0.02430,3555.94,43.3,47.7,48.3,48.5
3558.0,55.80492030,37.43706196,148.695,-2065.435,548.308,0.04112,-0.001134,0.02453,3556.95,43.4,47.7,48.3,48.5
3559.0,55.80492068,37.43707789,148.719,-2064.436,548.351,0.04300,0.000205,0.02477,3557.95,43.6,47.7,48.3,48.5
3560.0,55.80492108,37.43709382,148.744,-2063.437,548.394,0.04438,0.001456,0.02501,3558.95,43.7,47.7,48.3,48.4
3561.0,55.80492149,37.43710975,148.769,-2062.438,548.439,0.04935,0.002400,0.02525,3559.95,43.8,47.7,48.3,48.4
3562.0,55.80492197,37.43712568,148.795,-2061.440,548.493,0.05470,0.002905,0.02549,3560.95,43.9,47.7,48.2,48.4
3563.0,55.80492248,37.43714160,148.821,-2060.441,548.549,0.06093,0.002935,0.02573,3561.96,44.0,47.7,48.2,48.3
3564.0,55.80492307,37.43715751,148.847,-2059.443,548.614,0.06817,0.002534,0.02598,3562.96,44.2,47.6,48.1,48.3
3565.0,55.80492371,37.43717342,148.873,-2058.446,548.685,0.06643,0.001798,0.02622,3563.96,44.3,47.6,48.1,48.2
3566.0,55.80492427,37.43718933,148.900,-2057.448,548.747,0.06868,0.000842,0.02646,3564.96,44.4,47.6,48.0,48.2
3567.0,55.80492495,37.43720524,148.927,-2056.451,548.822,0.07265,-0.000209,0.02671,3565.96,44.5,47.6,48.0,48.2
3568.0,55.80492559,37.43722114,148.954,-2055.453,548.892,0.06849,-0.001219,0.02696,3566.97,44.6,47.6,47.9,48.1
3569.0,55.80492619,37.43723706,148.981,-2054.455,548.959,0.06887,-0.002040,0.02720,3567.97,44.7,47.6,47.9,48.1
3570.0,55.80492683,37.43725296,149.008,-2053.458,549.030,0.06564,-0.002526,0.02745,3568.97,44.8,47.5,47.8,48.1
3571.0,55.80492738,37.43726888,149.036,-2052.460,549.090,0.05603,-0.002578,0.02770,3569.97,44.9,47.5,47.8,48.1
3572.0,55.80492785,37.43728481,149.064,-2051.461,549.142,0.04937,-0.002182,0.02795,3570.97,44.9,47.5,47.8,48.0
3573.0,55.80492827,37.43730073,149.092,-2050.462,549.189,0.04750,-0.001427,0.02820,3571.98,45.0,47.5,47.8,48.0
3574.0,55.80492871,37.43731666,149.120,-2049.463,549.237,0.04767,-0.000479,0.02845,3572.98,45.1,47.5,47.8,48.0
3575.0,55.80492914,37.43733259,149.148,-2048.464,549.284,0.04761,0.000460,0.02870,3573.98,45.2,47.5,47.7,47.9
3576.0,55.80492957,37.43734852,149.176,-2047.466,549.332,0.04970,0.001211,0.02894,3574.98,45.2,47.5,47.7,47.9
3577.0,55.80493004,37.43736445,149.205,-2046.467,549.384,0.05470,0.001646,0.02919,3575.99,45.3,47.4,47.7,47.8
3578.0,55.80493056,37.43738037,149.233,-2045.469,549.442,0.05782,0.001712,0.02943,3576.99,45.3,47.4,47.6,47.8
3579.0,55.80493108,37.43739629,149.262,-2044.470,549.499,0.06132,0.001433,0.02967,3577.99,45.3,47.4,47.6,47.7
3580.0,55.80493167,37.43741220,149.292,-2043.472,549.564,0.06528,0.000899,0.02990,3578.99,45.4,47.4,47.5,47.7
3581.0,55.80493226,37.43742811,149.321,-2042.475,549.630,0.06432,0.000241,0.03013,3579.99,45.4,47.3,47.5,47.7
3582.0,55.80493283,37.43744403,149.352,-2041.477,549.693,0.06353,-0.000390,0.03035,3580.99,45.5,47.3,47.5,47.7
3583.0,55.80493341,37.43745994,149.383,-2040.479,549.757,0.06169,-0.000858,0.03055,3581.99,45.6,47.3,47.5,47.7
3584.0,55.80493395,37.43747586,149.414,-2039.480,549.816,0.05876,-0.001054,0.03075,3582.99,45.6,47.3,47.5,47.7
3585.0,55.80493448,37.43749178,149.446,-2038.482,549.874,0.05786,-0.000931,0.03094,3583.99,45.7,47.3,47.5,47.7
3586.0,55.80493500,37.43750770,149.479,-2037.484,549.932,0.05382,-0.000514,0.03111,3584.99,45.6,47.3,47.4,47.7
3587.0,55.80493545,37.43752363,149.512,-2036.485,549.982,0.04928,0.000084,0.03126,3585.99,45.5,47.3,47.4,47.6
3588.0,55.80493589,37.43753956,149.545,-2035.486,550.030,0.05001,0.000692,0.03140,3586.99,45.4,47.2,47.4,47.6
3589.0,55.80493636,37.43755548,149.578,-2034.487,550.082,0.05505,0.001140,0.03153,3587.99,45.3,47.2,47.4,47.6
3590.0,55.80493689,37.43757140,149.611,-2033.489,550.140,0.06428,0.001316,0.03164,3588.99,45.2,47.2,47.4,47.6
3591.0,55.80493752,37.43758731,149.644,-2032.492,550.210,0.06475,0.001200,0.03173,3590.00,45.2,47.2,47.3,47.6
3592.0,55.80493806,37.43760323,149.677,-2031.493,550.270,0.06134,0.000844,0.03180,3591.00,45.3,47.2,47.3,47.5
3593.0,55.80493863,37.43761914,149.710,-2030.495,550.333,0.06447,0.000337,0.03185,3592.00,45.3,47.1,47.3,47.5
3594.0,55.80493922,37.43763505,149.743,-2029.498,550.398,0.06433,-0.000235,0.03189,3593.00,45.4,47.1,47.3,47.5
3595.0,55.80493979,37.43765097,149.776,-2028.500,550.461,0.06538,-0.000787,0.03191,3594.00,45.4,47.1,47.3,47.5
3596.0,55.80494040,37.43766688,149.809,-2027.502,550.529,0.06501,-0.001231,0.03192,3595.00,45.4,47.1,47.3,47.4
3597.0,55.80494097,37.43768280,149.841,-2026.504,550.591,0.06015,-0.001478,0.03191,3596.00,45.5,47.1,47.3,47.4
3598.0,55.80494149,37.43769872,149.874,-2025.505,550.649,0.05681,-0.001462,0.03189,3597.00,45.5,47.1,47.3,47.4
3599.0,55.80494200,37.43771464,149.906,-2024.507,550.705,0.05348,-0.001169,0.03187,3598.00,45.6,47.1,47.2,47.3
3600.0,55.80494246,37.43773056,149.939,-2023.508,550.756,0.05081,-0.000657,0.03183,3599.00,45.6,47.0,47.2,47.3
3601.0,55.80494292,37.43774649,149.971,-2022.510,550.806,0.05052,-0.000037,0.03179,3600.01,45.7,47.0,47.2,47.3
3602.0,55.80494338,37.43776242,150.003,-2021.511,550.857,0.05193,0.000555,0.03174,3601.01,45.7,47.0,47.2,47.3
3603.0,55.80494386,37.43777834,150.035,-2020.512,550.910,0.05564,0.001000,0.03169,3602.01,45.7,47.0,47.2,47.3
3604.0,55.80494438,37.43779426,150.067,-2019.514,550.968,0.05638,0.001230,0.03164,3603.01,45.7,47.0,47.2,47.3
3605.0,55.80494488,37.43781018,150.099,-2018.515,551.023,0.05841,0.001240,0.03160,3604.01,45.7,47.0,47.2,47.3
3606.0,55.80494544,37.43782610,150.130,-2017.517,551.085,0.06503,0.001091,0.03155,3605.01,45.6,47.0,47.2,47.3
3607.0,55.80494605,37.43784201,150.161,-2016.520,551.153,0.06266,0.000888,0.03152,3606.02,45.5,47.0,47.2,47.3
3608.0,55.80494657,37.43785793,150.192,-2015.521,551.210,0.06148,0.000740,0.03150,3607.02,45.4,47.1,47.2,47.3
3609.0,55.80494717,37.43787384,150.223,-2014.523,551.276,0.06330,0.000718,0.03148,3608.02,45.3,47.1,47.2,47.3
3610.0,55.80494772,37.43788976,150.253,-2013.525,551.337,0.06015,0.000819,0.03148,3609.02,45.2,47.1,47.2,47.3
3611.0,55.80494825,37.43790568,150.283,-2012.527,551.396,0.06063,0.000958,0.03148,3610.02,45.1,47.1,47.2,47.3
3612.0,55.80494882,37.43792160,150.313,-2011.529,551.458,0.06262,0.000993,0.03151,3611.03,44.9,47.1,47.2,47.3
3613.0,55.80494939,37.43793751,150.343,-2010.531,551.521,0.06680,0.000774,0.03154,3612.03,44.7,47.1,47.3,47.3
3614.0,55.80495002,37.43795342,150.373,-2009.533,551.592,0.07091,0.000204,0.03159,3613.03,44.5,47.0,47.3,47.3
3615.0,55.80495067,37.43796932,150.402,-2008.536,551.663,0.06966,-0.000704,0.03166,3614.03,44.4,47.0,47.3,47.3
3616.0,55.80495128,37.43798523,150.433,-2007.538,551.731,0.07479,-0.001800,0.03174,3615.03,44.4,47.0,47.3,47.3
3617.0,55.80495202,37.43800113,150.463,-2006.542,551.812,0.07397,-0.002825,0.03183,3616.04,44.4,47.0,47.3,47.3
3618.0,55.80495262,37.43801704,150.494,-2005.544,551.879,0.06210,-0.003479,0.03193,3617.04,44.5,47.0,47.3,47.3
3619.0,55.80495314,37.43803296,150.525,-2004.546,551.936,0.05445,-0.003529,0.03204,3618.04,44.5,47.0,47.3,47.3
3620.0,55.80495360,37.43804889,150.556,-2003.547,551.988,0.04590,-0.002899,0.03216,3619.04,44.5,47.0,47.3,47.3
3621.0,55.80495397,37.43806482,150.588,-2002.548,552.028,0.03792,-0.001706,0.03228,3620.04,44.6,47.0,47.3,47.3
3622.0,55.80495429,37.43808076,150.620,-2001.548,552.063,0.03784,-0.000228,0.03241,3621.04,44.6,46.9,47.3,47.4
3623.0,55.80495466,37.43809669,150.653,-2000.549,552.104,0.04305,0.001187,0.03254,3622.04,44.7,46.9,47.3,47.4
3624.0,55.80495507,37.43811262,150.686,-1999.550,552.149,0.04627,0.002222,0.03267,3623.04,44.8,46.9,47.3,47.4
3625.0,55.80495550,37.43812855,150.720,-1998.551,552.196,0.05304,0.002679,0.03280,3624.04,44.8,46.9,47.3,47.4
3626.0,55.80495603,37.43814447,150.754,-1997.553,552.255,0.06256,0.002519,0.03293,3625.04,44.9,46.8,47.3,47.4
3627.0,55.80495663,37.43816038,150.788,-1996.555,552.321,0.06644,0.001859,0.03306,3626.04,44.9,46.8,47.3,47.4
3628.0,55.80495724,37.43817629,150.822,-1995.557,552.388,0.06557,0.000928,0.03317,3627.04,45.0,46.8,47.3,47.4
3629.0,55.80495782,37.43819221,150.856,-1994.559,552.452,0.06762,-0.000000,0.03328,3628.04,45.0,46.8,47.3,47.4
3630.0,55.80495846,37.43820811,150.890,-1993.562,552.523,0.06580,-0.000682,0.03338,3629.04,45.1,46.7,47.2,47.4
3631.0,55.80495901,37.43822403,150.924,-1992.564,552.584,0.05745,-0.000967,0.03348,3630.04,45.1,46.7,47.2,47.3
3632.0,55.80495950,37.43823995,150.959,-1991.565,552.638,0.05313,-0.000832,0.03357,3631.03,45.1,46.6,47.2,47.3
3633.0,55.80495997,37.43825588,150.993,-1990.567,552.690,0.05355,-0.000377,0.03364,3632.03,45.1,46.6,47.1,47.2
3634.0,55.80496047,37.43827180,151.027,-1989.568,552.745,0.05384,0.000220,0.03372,3633.03,45.2,46.5,47.1,47.2
3635.0,55.80496094,37.43828773,151.062,-1988.570,552.798,0.05455,0.000760,0.03378,3634.03,45.2,46.5,47.0,47.2
3636.0,55.80496145,37.43830365,151.096,-1987.571,552.854,0.05832,0.001072,0.03384,3635.03,45.2,46.4,47.0,47.1
3637.0,55.80496200,37.43831957,151.131,-1986.573,552.914,0.06120,0.001058,0.03390,3636.03,45.2,46.2,47.0,47.1
3638.0,55.80496256,37.43833548,151.166,-1985.575,552.977,0.06375,0.000707,0.03395,3637.03,45.3,46.1,46.9,47.1
3639.0,55.80496315,37.43835139,151.201,-1984.577,553.042,0.06742,0.000110,0.03400,3638.04,45.3,46.0,46.9,47.1
3640.0,55.80496378,37.43836730,151.235,-1983.579,553.111,0.06792,-0.000552,0.03406,3639.04,45.3,45.9,46.9,47.1
3641.0,55.80496438,37.43838321,151.270,-1982.582,553.178,0.06414,-0.001048,0.03411,3640.04,45.2,45.8,46.9,47.1
3642.0,55.80496494,37.43839913,151.304,-1981.584,553.240,0.06194,-0.001172,0.03417,3641.04,45.1,45.7,46.9,47.1
3643.0,55.80496550,37.43841505,151.337,-1980.585,553.301,0.05667,-0.000835,0.03424,3642.04,45.0,45.5,46.9,47.1
3644.0,55.80496596,37.43843097,151.370,-1979.587,553.353,0.04645,-0.000127,0.03431,3643.05,44.9,45.4,46.9,47.1
3645.0,55.80496634,37.43844691,151.403,-1978.588,553.394,0.04509,0.000688,0.03439,3644.05,44.8,45.3,46.9,47.1
3646.0,55.80496678,37.43846283,151.435,-1977.589,553.443,0.05555,0.001274,0.03447,3645.05,44.6,45.1,46.9,47.0
3647.0,55.80496735,37.43847875,151.467,-1976.591,553.505,0.06534,0.001359,0.03456,3646.06,44.3,44.9,46.9,47.0
3648.0,55.80496796,37.43849466,151.499,-1975.593,553.574,0.06870,0.000860,0.03465,3647.06,44.0,44.7,46.8,47.0
3649.0,55.80496859,37.43851057,151.531,-1974.596,553.642,0.07098,-0.000079,0.03475,3648.06,43.8,44.6,46.8,47.0
3650.0,55.80496925,37.43852647,151.564,-1973.598,553.715,0.07059,-0.001139,0.03486,3649.07,43.5,44.4,46.8,46.9
3651.0,55.80496986,37.43854238,151.598,-1972.600,553.784,0.06567,-0.001935,0.03496,3650.07,43.1,44.2,46.8,46.9
3652.0,55.80497043,37.43855830,151.633,-1971.602,553.847,0.06037,-0.002153,0.03507,3651.07,42.6,43.9,46.7,46.9
3653.0,55.80497095,37.43857422,151.668,-1970.604,553.904,0.05053,-0.001661,0.03517,3652.07,42.2,43.7,46.7,46.9
3654.0,55.80497135,37.43859015,151.705,-1969.605,553.948,0.03997,-0.000566,0.03527,3653.07,41.7,43.5,46.7,46.9
3655.0,55.80497168,37.43860609,151.742,-1968.606,553.984,0.04107,0.000814,0.03536,3654.06,41.3,43.3,46.7,46.9
3656.0,55.80497209,37.43862202,151.779,-1967.607,554.030,0.04958,0.002063,0.03545,3655.06,41.1,43.0,46.7,46.9
3657.0,55.80497258,37.43863794,151.817,-1966.608,554.083,0.05674,0.002810,0.03553,3656.06,40.9,42.8,46.7,46.9
3658.0,55.80497312,37.43865386,151.855,-1965.610,554.143,0.06471,0.002860,0.03559,3657.06,40.6,42.6,46.7,47.0
3659.0,55.80497375,37.43866977,151.893,-1964.612,554.213,0.07484,0.002237,0.03565,3658.06,40.4,42.3,46.7,47.0
3660.0,55.80497447,37.43868566,151.931,-1963.616,554.293,0.07537,0.001144,0.03569,3659.06,40.2,42.1,46.7,47.0
3661.0,55.80497511,37.43870157,151.969,-1962.618,554.363,0.07284,-0.000131,0.03572,3660.05,40.0,41.8,46.7,47.0
3662.0,55.80497579,37.43871747,152.006,-1961.621,554.438,0.07165,-0.001317,0.03574,3661.05,39.9,41.6,46.7,47.0
3663.0,55.80497640,37.43873338,152.043,-1960.623,554.506,0.06597,-0.002225,0.03574,3662.05,39.7,41.3,46.7,47.0
3664.0,55.80497698,37.43874930,152.079,-1959.625,554.570,0.06245,-0.002773,0.03573,3663.05,39.5,41.0,46.7,47.0
3665.0,55.80497753,37.43876521,152.115,-1958.627,554.631,0.05827,-0.002959,0.03571,3664.05,39.4,40.8,46.7,47.0
3666.0,55.80497803,37.43878113,152.150,-1957.629,554.687,0.05335,-0.002841,0.03567,3665.05,39.1,40.6,46.7,47.0
3667.0,55.80497850,37.43879706,152.185,-1956.630,554.738,0.05080,-0.002496,0.03562,3666.05,38.9,40.4,46.7,47.0
3668.0,55.80497895,37.43881299,152.220,-1955.631,554.788,0.04726,-0.002007,0.03556,3667.05,38.6,40.2,46.7,47.0
3669.0,55.80497935,37.43882892,152.255,-1954.632,554.832,0.04629,-0.001445,0.03549,3668.05,38.4,40.1,46.7,47.0
3670.0,55.80497979,37.43884485,152.290,-1953.633,554.881,0.04589,-0.000866,0.03541,3669.05,38.1,39.9,46.7,47.0
3671.0,55.80498019,37.43886078,152.324,-1952.634,554.924,0.04513,-0.000308,0.03533,3670.05,38.0,39.7,46.7,47.0
3672.0,55.80498061,37.43887671,152.360,-1951.635,554.971,0.04494,0.000194,0.03523,3671.05,37.9,39.4,46.7,47.1
3673.0,55.80498100,37.43889264,152.395,-1950.636,555.014,0.04462,0.000611,0.03513,3672.05,37.7,39.2,46.7,47.1
3674.0,55.80498142,37.43890857,152.431,-1949.637,555.060,0.04737,0.000920,0.03502,3673.05,37.6,38.9,46.7,47.1
3675.0,55.80498186,37.43892450,152.467,-1948.639,555.109,0.04941,0.001117,0.03491,3674.05,37.4,38.7,46.7,47.1
3676.0,55.80498232,37.43894043,152.503,-1947.640,555.159,0.05155,0.001225,0.03480,3675.05,37.3,38.5,46.7,47.1
3677.0,55.80498279,37.43895635,152.539,-1946.641,555.212,0.05297,0.001292,0.03468,3676.05,37.2,38.3,46.7,47.1
3678.0,55.80498328,37.43897227,152.575,-1945.643,555.265,0.05305,0.001369,0.03456,3677.05,37.1,38.2,46.7,47.1
3679.0,55.80498375,37.43898820,152.611,-1944.644,555.318,0.05305,0.001487,0.03444,3678.05,37.0,38.0,46.7,47.1
3680.0,55.80498424,37.43900412,152.647,-1943.646,555.371,0.05425,0.001640,0.03433,3679.05,36.9,37.8,46.8,47.2
3681.0,55.80498474,37.43902005,152.682,-1942.647,555.426,0.05678,0.001786,0.03421,3680.05,36.7,37.7,46.8,47.2
3682.0,55.80498526,37.43903597,152.717,-1941.649,555.484,0.05935,0.001860,0.03411,3681.05,36.6,37.6,46.8,47.2
3683.0,55.80498581,37.43905188,152.750,-1940.651,555.545,0.06176,0.001793,0.03400,3682.05,36.5,37.5,46.8,47.2
3684.0,55.80498638,37.43906780,152.783,-1939.653,555.608,0.06406,0.001532,0.03391,3683.05,36.3,37.4,46.8,47.2
3685.0,55.80498697,37.43908371,152.815,-1938.655,555.673,0.06730,0.001055,0.03382,3684.05,36.2,37.2,46.9,47.2
3686.0,55.80498760,37.43909962,152.847,-1937.657,555.742,0.06945,0.000385,0.03374,3685.05,36.0,37.1,46.8,47.1
3687.0,55.80498822,37.43911553,152.878,-1936.660,555.812,0.06979,-0.000397,0.03367,3686.05,35.7,36.9,46.8,47.1
3688.0,55.80498886,37.43913144,152.909,-1935.662,555.882,0.06978,-0.001146,0.03361,3687.05,35.5,36.8,46.7,47.1
3689.0,55.80498948,37.43914734,152.940,-1934.664,555.951,0.06811,-0.001679,0.03355,3688.06,35.3,36.6,46.7,47.0
3690.0,55.80499009,37.43916326,152.971,-1933.667,556.018,0.06321,-0.001827,0.03351,3689.06,35.1,36.5,46.6,47.0
3691.0,55.80499063,37.43917917,153.002,-1932.668,556.077,0.05549,-0.001500,0.03347,3690.06,34.8,36.3,46.6,46.9
3692.0,55.80499109,37.43919510,153.035,-1931.670,556.129,0.05058,-0.000743,0.03343,3691.06,34.6,36.1,46.5,46.9
3693.0,55.80499154,37.43921103,153.067,-1930.671,556.179,0.04785,0.000269,0.03340,3692.06,34.3,35.9,46.4,46.8
3694.0,55.80499196,37.43922696,153.101,-1929.672,556.224,0.05176,0.001277,0.03338,3693.06,34.1,35.8,46.4,46.8
3695.0,55.80499248,37.43924288,153.135,-1928.674,556.282,0.05957,0.002036,0.03335,3694.06,33.8,35.6,46.3,46.7
3696.0,55.80499304,37.43925879,153.170,-1927.676,556.344,0.06365,0.002387,0.03332,3695.06,33.7,35.3,46.2,46.6
3697.0,55.80499363,37.43927471,153.205,-1926.678,556.409,0.06762,0.002284,0.03329,3696.06,33.5,35.1,46.1,46.5
3698.0,55.80499426,37.43929062,153.241,-1925.680,556.479,0.07222,0.001764,0.03325,3697.07,33.3,34.9,46.0,46.4
3699.0,55.80499493,37.43930652,153.276,-1924.683,556.553,0.07446,0.000867,0.03321,3698.07,33.2,34.7,46.0,46.4
3700.0,55.80499560,37.43932242,153.312,-1923.686,556.627,0.07255,-0.000449,0.03317,3699.07,33.0,34.4,45.9,46.3
3701.0,55.80499624,37.43933833,153.347,-1922.688,556.698,0.07090,-0.002335,0.03312,3700.07,32.8,34.1,45.8,46.1
3702.0,55.80499688,37.43935423,153.382,-1921.691,556.769,0.07225,-0.005010,0.03307,3701.07,32.7,33.8,45.6,45.9
3703.0,55.80499755,37.43937014,153.416,-1920.693,556.843,0.07356,-0.008600,0.03301,3702.08,32.5,33.5,45.5,45.8
3704.0,55.80499821,37.43938604,153.450,-1919.696,556.916,0.07147,-0.012918,0.03294,3703.08,32.3,33.2,45.4,45.6
3705.0,55.80499884,37.43940195,153.483,-1918.699,556.986,0.06377,-0.017255,0.03288,3704.08,32.2,32.9,45.3,45.5
3706.0,55.80499936,37.43941787,153.516,-1917.700,557.044,0.04537,-0.020323,0.03281,3705.09,30.6,32.7,45.1,45.3
3707.0,55.80499966,37.43943381,153.548,-1916.701,557.076,0.01273,-0.020481,0.03275,3706.09,29.0,32.5,44.9,45.1
3708.0,55.80499960,37.43944976,153.579,-1915.701,557.069,-0.03822,-0.016283,0.03268,3707.09,27.5,32.3,44.7,44.9
3709.0,55.80499898,37.43946566,153.611,-1914.703,557.000,-0.10070,-0.007198,0.03262,3708.08,25.9,32.1,44.6,44.7
3710.0,55.80499780,37.43948147,153.642,-1913.712,556.868,-0.14747,0.005808,0.03256,3709.08,24.4,31.9,44.4,44.6
3711.0,55.80499635,37.43949721,153.672,-1912.725,556.706,-0.15120,0.020190,0.03251,3710.07,24.4,31.9,44.2,44.3
3712.0,55.80499511,37.43951300,153.703,-1911.735,556.567,-0.09539,0.032438,0.03246,3711.06,24.4,31.9,43.9,44.1
3713.0,55.80499465,37.43952893,153.734,-1910.736,556.516,0.00847,0.039227,0.03243,3712.05,24.4,31.8,43.7,43.9
3714.0,55.80499526,37.43954484,153.765,-1909.739,556.584,0.12105,0.038636,0.03240,3713.04,24.4,31.8,43.5,43.7
3715.0,55.80499682,37.43956054,153.796,-1908.754,556.757,0.20916,0.030882,0.03237,3714.02,24.4,31.7,43.2,43.5
3716.0,55.80499900,37.43957601,153.828,-1907.784,556.999,0.25403,0.018226,0.03236,3715.01,24.0,31.8,43.0,43.3
3717.0,55.80500135,37.43959140,153.860,-1906.819,557.260,0.24595,0.004109,0.03236,3715.99,23.6,31.8,42.8,43.1
3718.0,55.80500338,37.43960693,153.892,-1905.845,557.486,0.19848,-0.008071,0.03236,3716.98,23.3,31.8,42.6,42.8
3719.0,55.80500489,37.43962265,153.925,-1904.859,557.654,0.13810,-0.016028,0.03237,3717.97,22.9,31.8,42.4,42.6
3720.0,55.80500586,37.43963850,153.957,-1903.865,557.761,0.08773,-0.019082,0.03239,3718.96,22.5,31.9,42.2,42.4
3721.0,55.80500647,37.43965441,153.991,-1902.867,557.829,0.05785,-0.018022,0.03242,3719.95,21.7,31.9,42.0,42.3
3722.0,55.80500691,37.43967034,154.024,-1901.868,557.876,0.04304,-0.014498,0.03245,3720.94,21.0,31.9,41.8,42.1
3723.0,55.80500726,37.43968627,154.057,-1900.869,557.915,0.04107,-0.010283,0.03249,3721.94,20.2,31.9,41.6,41.9
3724.0,55.80500765,37.43970221,154.090,-1899.870,557.958,0.04742,-0.006693,0.03253,3722.93,19.5,31.9,41.4,41.7
3725.0,55.80500811,37.43971813,154.122,-1898.871,558.010,0.05557,-0.004297,0.03258,3723.93,18.7,31.9,41.3,41.6
3726.0,55.80500866,37.43973405,154.155,-1897.873,558.070,0.05807,-0.002951,0.03264,3724.93,18.2,32.0,41.1,41.3
3727.0,55.80500917,37.43974997,154.187,-1896.875,558.126,0.05271,-0.002055,0.03270,3725.93,17.8,32.0,40.9,41.1
3728.0,55.80500961,37.43976590,154.219,-1895.876,558.175,0.04487,-0.000922,0.03277,3726.93,17.3,32.1,40.7,40.9
3729.0,55.80500998,37.43978183,154.251,-1894.877,558.215,0.03360,0.000873,0.03284,3727.93,16.9,32.1,40.5,40.6
3730.0,55.80501022,37.43979778,154.283,-1893.877,558.242,0.02267,0.003279,0.03291,3728.93,16.5,32.2,40.3,40.4
3731.0,55.80501039,37.43981372,154.315,-1892.877,558.261,0.02321,0.005774,0.03300,3729.93,16.6,32.3,40.2,40.4
3732.0,55.80501065,37.43982966,154.347,-1891.878,558.288,0.04335,0.007590,0.03308,3730.93,16.7,32.4,40.2,40.4
3733.0,55.80501118,37.43984558,154.380,-1890.879,558.347,0.07035,0.008054,0.03317,3731.93,16.8,32.5,40.1,40.4
3734.0,55.80501192,37.43986147,154.413,-1889.883,558.429,0.09169,0.006891,0.03326,3732.93,16.9,32.6,40.0,40.4
3735.0,55.80501283,37.43987734,154.446,-1888.888,558.531,0.10674,0.004358,0.03336,3733.93,17.1,32.7,40.0,40.5
3736.0,55.80501384,37.43989318,154.479,-1887.894,558.642,0.10883,0.001135,0.03346,3734.93,18.3,32.8,39.9,40.4
3737.0,55.80501479,37.43990904,154.513,-1886.900,558.748,0.09896,-0.001933,0.03356,3735.93,19.5,32.9,39.8,40.3
3738.0,55.80501562,37.43992492,154.546,-1885.904,558.840,0.08550,-0.004136,0.03367,3736.93,20.7,33.0,39.7,40.2
3739.0,55.80501633,37.43994082,154.580,-1884.907,558.919,0.07143,-0.005107,0.03377,3737.93,21.9,33.0,39.5,40.1
3740.0,55.80501691,37.43995673,154.613,-1883.909,558.982,0.05842,-0.004888,0.03388,3738.93,23.1,33.1,39.4,40.0
3741.0,55.80501739,37.43997266,154.647,-1882.911,559.035,0.05029,-0.003846,0.03399,3739.93,22.7,33.2,39.2,39.9
3742.0,55.80501782,37.43998858,154.681,-1881.912,559.083,0.04942,-0.002488,0.03409,3740.93,22.2,33.3,38.9,39.7
3743.0,55.80501828,37.44000451,154.715,-1880.913,559.134,0.05557,-0.001258,0.03419,3741.93,21.8,33.3,38.7,39.6
3744.0,55.80501883,37.44002043,154.749,-1879.915,559.194,0.06109,-0.000399,0.03430,3742.93,21.3,33.4,38.4,39.4
3745.0,55.80501939,37.44003634,154.784,-1878.917,559.256,0.06331,0.000079,0.03439,3743.93,20.8,33.5,38.2,39.3
3746.0,55.80501997,37.44005226,154.819,-1877.919,559.321,0.06120,0.000320,0.03449,3744.92,21.2,33.6,38.0,39.0
3747.0,55.80502050,37.44006818,154.855,-1876.921,559.379,0.05615,0.000486,0.03458,3745.92,21.6,33.6,37.8,38.7
3748.0,55.80502099,37.44008410,154.890,-1875.922,559.433,0.05480,0.000658,0.03466,3746.92,22.0,33.7,37.6,38.5
3749.0,55.80502149,37.44010002,154.926,-1874.924,559.488,0.05767,0.000817,0.03474,3747.92,22.3,33.8,37.4,38.2
3750.0,55.80502203,37.44011594,154.962,-1873.925,559.548,0.06218,0.000899,0.03482,3748.92,22.7,33.9,37.1,38.0
3751.0,55.80502261,37.44013186,154.998,-1872.927,559.612,0.06668,0.000860,0.03490,3749.92,23.0,33.9,36.9,37.7
3752.0,55.80502323,37.44014777,155.033,-1871.930,559.681,0.06639,0.000707,0.03497,3750.92,23.2,34.0,36.7,37.4
3753.0,55.80502381,37.44016368,155.069,-1870.932,559.745,0.06171,0.000481,0.03503,3751.92,23.5,34.0,36.5,37.1
3754.0,55.80502435,37.44017960,155.104,-1869.934,559.805,0.06285,0.000235,0.03510,3752.92,23.8,34.0,36.3,36.9
3755.0,55.80502495,37.44019551,155.138,-1868.936,559.871,0.06792,0.000011,0.03516,3753.92,24.1,34.1,36.1,36.6
3756.0,55.80502558,37.44021142,155.173,-1867.938,559.940,0.06721,-0.000147,0.03522,3754.92,24.2,34.1,36.1,36.5
3757.0,55.80502616,37.44022733,155.208,-1866.940,560.005,0.06388,-0.000204,0.03528,3755.92,24.4,34.1,36.0,36.4
3758.0,55.80502673,37.44024325,155.242,-1865.942,560.068,0.06147,-0.000142,0.03534,3756.92,24.5,34.1,36.0,36.3
3759.0,55.80502727,37.44025917,155.277,-1864.944,560.128,0.06105,0.000020,0.03539,3757.92,24.7,34.1,35.9,36.2
3760.0,55.80502783,37.44027508,155.312,-1863.946,560.190,0.06276,0.000231,0.03545,3758.92,24.8,34.1,35.9,36.2
3761.0,55.80502841,37.44029100,155.347,-1862.948,560.253,0.06398,0.000424,0.03551,3759.92,25.0,34.2,35.9,36.2
3762.0,55.80502899,37.44030691,155.383,-1861.950,560.318,0.06386,0.000540,0.03557,3760.93,25.2,34.2,35.9,36.2
3763.0,55.80502956,37.44032282,155.419,-1860.952,560.381,0.06351,0.000554,0.03563,3761.93,25.4,34.2,35.9,36.2
3764.0,55.80503014,37.44033874,155.454,-1859.954,560.445,0.06907,0.000482,0.03569,3762.93,25.6,34.2,35.9,36.2
3765.0,55.80503081,37.44035464,155.490,-1858.957,560.519,0.06968,0.000362,0.03576,3763.93,25.8,34.2,35.9,36.2
3766.0,55.80503140,37.44037056,155.526,-1857.959,560.584,0.06522,0.000238,0.03582,3764.93,26.1,34.2,35.9,36.2
3767.0,55.80503199,37.44038647,155.562,-1856.961,560.649,0.06530,0.000131,0.03588,3765.93,26.5,34.2,35.9,36.2
3768.0,55.80503258,37.44040238,155.598,-1855.963,560.715,0.06624,0.000032,0.03594,3766.93,26.8,34.2,35.9,36.2
3769.0,55.80503318,37.44041829,155.634,-1854.966,560.782,0.06766,-0.000081,0.03600,3767.93,27.1,34.3,35.9,36.2
3770.0,55.80503380,37.44043420,155.669,-1853.968,560.850,0.06895,-0.000222,0.03606,3768.93,27.4,34.3,35.9,36.3
3771.0,55.80503443,37.44045011,155.705,-1852.970,560.920,0.06734,-0.000380,0.03612,3769.93,27.6,34.3,35.9,36.3
3772.0,55.80503502,37.44046602,155.741,-1851.972,560.984,0.06508,-0.000517,0.03618,3770.93,27.9,34.3,35.9,36.3
3773.0,55.80503560,37.44048194,155.777,-1850.975,561.050,0.06662,-0.000589,0.03623,3771.93,28.2,34.3,35.9,36.4
3774.0,55.80503622,37.44049785,155.814,-1849.977,561.118,0.06612,-0.000557,0.03628,3772.93,28.5,34.4,35.9,36.4
3775.0,55.80503680,37.44051376,155.850,-1848.979,561.182,0.06238,-0.000414,0.03633,3773.93,28.8,34.4,35.9,36.4
3776.0,55.80503735,37.44052968,155.887,-1847.981,561.242,0.05999,-0.000189,0.03637,3774.93,29.0,34.4,35.9,36.4
3777.0,55.80503788,37.44054560,155.924,-1846.983,561.302,0.06185,0.000051,0.03642,3775.93,29.3,34.4,35.9,36.4
3778.0,55.80503846,37.44056151,155.962,-1845.985,561.366,0.06376,0.000228,0.03645,3776.93,29.5,34.4,36.0,36.4
3779.0,55.80503903,37.44057743,155.999,-1844.987,561.429,0.06378,0.000283,0.03649,3777.93,29.7,34.4,36.0,36.4
3780.0,55.80503962,37.44059334,156.036,-1843.989,561.493,0.06556,0.000207,0.03652,3778.93,30.0,34.5,36.0,36.4
3781.0,55.80504022,37.44060925,156.074,-1842.991,561.560,0.06772,0.000048,0.03655,3779.92,30.2,34.5,36.0,36.4
3782.0,55.80504084,37.44062516,156.111,-1841.993,561.629,0.06733,-0.000110,0.03658,3780.92,30.4,34.5,36.0,36.4
3783.0,55.80504144,37.44064107,156.148,-1840.995,561.695,0.06459,-0.000182,0.03661,3781.92,30.6,34.5,36.0,36.4
3784.0,55.80504201,37.44065699,156.185,-1839.997,561.758,0.06210,-0.000126,0.03663,3782.92,30.8,34.5,36.0,36.4
3785.0,55.80504256,37.44067290,156.221,-1838.999,561.819,0.06075,0.000046,0.03666,3783.92,31.0,34.5,36.1,36.4
3786.0,55.80504310,37.44068882,156.257,-1838.001,561.879,0.06305,0.000275,0.03669,3784.92,31.1,34.5,36.1,36.4
3787.0,55.80504370,37.44070473,156.294,-1837.003,561.945,0.06472,0.000488,0.03672,3785.92,31.3,34.5,36.0,36.4
3788.0,55.80504427,37.44072065,156.330,-1836.005,562.009,0.06429,0.000631,0.03676,3786.92,31.4,34.5,36.0,36.3
3789.0,55.80504486,37.44073656,156.365,-1835.007,562.073,0.06635,0.000684,0.03679,3787.92,31.6,34.5,36.0,36.3
3790.0,55.80504547,37.44075247,156.401,-1834.010,562.141,0.06785,0.000661,0.03683,3788.92,31.7,34.5,36.0,36.3
3791.0,55.80504608,37.44076838,156.437,-1833.012,562.209,0.06810,0.000591,0.03687,3789.92,31.9,34.5,36.0,36.3
3792.0,55.80504670,37.44078429,156.473,-1832.014,562.277,0.06853,0.000500,0.03692,3790.92,32.0,34.5,36.0,36.3
3793.0,55.80504732,37.44080020,156.509,-1831.017,562.346,0.06767,0.000395,0.03697,3791.92,32.1,34.6,35.9,36.3
3794.0,55.80504792,37.44081611,156.545,-1830.019,562.413,0.06776,0.000267,0.03702,3792.92,32.3,34.6,35.9,36.3
3795.0,55.80504855,37.44083202,156.582,-1829.021,562.481,0.07022,0.000105,0.03707,3793.92,32.4,34.6,35.9,36.3
3796.0,55.80504919,37.44084793,156.619,-1828.024,562.553,0.07100,-0.000089,0.03712,3794.92,32.5,34.6,35.9,36.3
3797.0,55.80504983,37.44086383,156.656,-1827.026,562.623,0.07023,-0.000285,0.03717,3795.92,32.6,34.6,35.9,36.3
3798.0,55.80505046,37.44087974,156.693,-1826.029,562.693,0.06904,-0.000439,0.03721,3796.91,32.7,34.6,35.9,36.2
3799.0,55.80505107,37.44089565,156.731,-1825.031,562.761,0.06763,-0.000506,0.03726,3797.91,32.8,34.6,35.9,36.2
3800.0,55.80505168,37.44091156,156.769,-1824.033,562.828,0.06694,-0.000455,0.03730,3798.91,32.9,34.6,35.9,36.2
3801.0,55.80505228,37.44092747,156.807,-1823.036,562.895,0.06561,-0.000281,0.03733,3799.91,32.9,34.6,35.9,36.2
3802.0,55.80505287,37.44094339,156.845,-1822.038,562.959,0.06488,-0.000010,0.03736,3800.91,33.0,34.6,35.9,36.2
3803.0,55.80505346,37.44095930,156.884,-1821.040,563.025,0.06501,0.000302,0.03739,3801.91,33.1,34.6,35.9,36.2
3804.0,55.80505404,37.44097522,156.923,-1820.042,563.089,0.06533,0.000574,0.03740,3802.91,33.2,34.6,35.9,36.2
3805.0,55.80505464,37.44099113,156.961,-1819.044,563.155,0.06578,0.000719,0.03741,3803.91,33.3,34.6,35.9,36.3
3806.0,55.80505523,37.44100704,157.000,-1818.046,563.221,0.06819,0.000674,0.03741,3804.91,33.3,34.6,35.9,36.3
3807.0,55.80505587,37.44102295,157.038,-1817.049,563.291,0.07299,0.000439,0.03741,3805.91,33.4,34.6,35.9,36.3
3808.0,55.80505655,37.44103885,157.076,-1816.052,563.367,0.07537,0.000085,0.03740,3806.91,33.5,34.6,35.9,36.3
3809.0,55.80505723,37.44105475,157.114,-1815.054,563.442,0.07264,-0.000260,0.03738,3807.90,33.6,34.6,35.9,36.3
3810.0,55.80505786,37.44107066,157.152,-1814.057,563.512,0.06869,-0.000467,0.03735,3808.90,33.6,34.6,36.0,36.4
3811.0,55.80505847,37.44108657,157.189,-1813.059,563.579,0.06721,-0.000466,0.03732,3809.90,33.5,34.6,36.0,36.4
3812.0,55.80505907,37.44110248,157.227,-1812.061,563.646,0.06610,-0.000278,0.03728,3810.90,33.3,34.6,36.0,36.4
3813.0,55.80505966,37.44111839,157.264,-1811.063,563.711,0.06321,-0.000010,0.03724,3811.90,33.1,34.6,36.0,36.4
3814.0,55.80506021,37.44113431,157.300,-1810.065,563.772,0.06491,0.000193,0.03719,3812.90,33.0,34.6,36.0,36.4
3815.0,55.80506083,37.44115022,157.337,-1809.068,563.841,0.07027,0.000215,0.03714,3813.90,32.8,34.6,36.0,36.4
3816.0,55.80506148,37.44116612,157.374,-1808.070,563.913,0.07207,0.000020,0.03709,3814.90,32.6,34.7,36.0,36.3
3817.0,55.80506214,37.44118203,157.410,-1807.073,563.985,0.07242,-0.000326,0.03704,3815.90,32.5,34.7,36.0,36.3
3818.0,55.80506279,37.44119793,157.447,-1806.076,564.058,0.07134,-0.000686,0.03698,3816.90,32.3,34.7,36.0,36.3
3819.0,55.80506342,37.44121384,157.484,-1805.078,564.128,0.06847,-0.000907,0.03692,3817.90,32.2,34.7,36.0,36.3
3820.0,55.80506403,37.44122975,157.521,-1804.080,564.194,0.06543,-0.000883,0.03686,3818.89,32.0,34.7,36.0,36.3
3821.0,55.80506461,37.44124567,157.558,-1803.082,564.258,0.06205,-0.000600,0.03680,3819.89,32.0,34.7,36.0,36.2
3822.0,55.80506515,37.44126159,157.594,-1802.084,564.318,0.05866,-0.000133,0.03674,3820.89,32.0,34.7,36.0,36.2
3823.0,55.80506567,37.44127751,157.631,-1801.086,564.376,0.06097,0.000382,0.03667,3821.89,31.9,34.7,36.0,36.2
3824.0,55.80506625,37.44129342,157.668,-1800.088,564.440,0.06548,0.000808,0.03661,3822.89,31.9,34.7,36.0,36.2
3825.0,55.80506685,37.44130933,157.705,-1799.090,564.507,0.06709,0.001047,0.03654,3823.89,31.9,34.7,36.0,36.2
3826.0,55.80506746,37.44132524,157.742,-1798.092,564.574,0.06840,0.001066,0.03647,3824.89,32.0,34.7,36.0,36.2
3827.0,55.80506808,37.44134115,157.779,-1797.095,564.643,0.07015,0.000881,0.03639,3825.89,32.1,34.7,36.0,36.3
3828.0,55.80506873,37.44135706,157.815,-1796.097,564.715,0.07161,0.000549,0.03632,3826.88,32.1,34.7,36.0,36.3
3829.0,55.80506938,37.44137296,157.852,-1795.100,564.786,0.07213,0.000148,0.03624,3827.88,32.2,34.7,36.0,36.3
3830.0,55.80507003,37.44138887,157.888,-1794.102,564.859,0.07215,-0.000230,0.03616,3828.88,32.3,34.7,36.0,36.3
3831.0,55.80507068,37.44140477,157.925,-1793.105,564.931,0.07305,-0.000489,0.03608,3829.88,32.4,34.7,36.0,36.3
3832.0,55.80507135,37.44142068,157.961,-1792.108,565.005,0.06980,-0.000565,0.03599,3830.88,32.5,34.8,36.0,36.3
3833.0,55.80507194,37.44143659,157.997,-1791.110,565.070,0.06313,-0.000448,0.03591,3831.88,32.5,34.8,36.0,36.3
3834.0,55.80507249,37.44145251,158.033,-1790.112,565.131,0.06377,-0.000190,0.03582,3832.87,32.6,34.8,36.0,36.3
3835.0,55.80507309,37.44146842,158.069,-1789.114,565.197,0.06767,0.000113,0.03574,3833.87,32.7,34.8,36.0,36.3
3836.0,55.80507371,37.44148433,158.105,-1788.116,565.266,0.06774,0.000358,0.03565,3834.87,32.7,34.8,36.0,36.3
3837.0,55.80507431,37.44150024,158.141,-1787.119,565.333,0.06782,0.000475,0.03557,3835.87,32.7,34.8,36.0,36.3
3838.0,55.80507494,37.44151615,158.177,-1786.121,565.402,0.06995,0.000436,0.03549,3836.87,32.7,34.9,36.1,36.3
3839.0,55.80507558,37.44153205,158.212,-1785.123,565.473,0.07117,0.000257,0.03541,3837.87,32.7,34.9,36.1,36.2
3840.0,55.80507622,37.44154796,158.247,-1784.126,565.544,0.07163,-0.000016,0.03533,3838.87,32.7,34.9,36.1,36.2
3841.0,55.80507687,37.44156387,158.282,-1783.129,565.616,0.07115,-0.000313,0.03526,3839.86,32.6,34.9,36.1,36.2
3842.0,55.80507750,37.44157977,158.317,-1782.131,565.686,0.07129,-0.000562,0.03520,3840.86,32.5,34.9,36.1,36.2
3843.0,55.80507816,37.44159568,158.352,-1781.134,565.758,0.06978,-0.000698,0.03515,3841.86,32.3,34.9,36.1,36.2
3844.0,55.80507876,37.44161159,158.387,-1780.136,565.825,0.06532,-0.000687,0.03510,3842.86,32.2,34.9,36.1,36.2
3845.0,55.80507934,37.44162750,158.421,-1779.138,565.889,0.06468,-0.000536,0.03506,3843.86,32.1,34.9,36.1,36.2
3846.0,55.80507993,37.44164342,158.455,-1778.140,565.955,0.06588,-0.000283,0.03502,3844.86,32.2,34.9,36.1,36.2
3847.0,55.80508053,37.44165933,158.489,-1777.142,566.020,0.06530,0.000007,0.03500,3845.86,32.2,34.9,36.1,36.2
3848.0,55.80508111,37.44167524,158.523,-1776.144,566.085,0.06390,0.000261,0.03499,3846.86,32.3,34.9,36.1,36.2
3849.0,55.80508168,37.44169116,158.557,-1775.146,566.148,0.06526,0.000415,0.03498,3847.86,32.3,34.9,36.1,36.2
3850.0,55.80508229,37.44170707,158.591,-1774.149,566.216,0.06858,0.000431,0.03498,3848.86,32.4,34.9,36.1,36.2
3851.0,55.80508292,37.44172298,158.625,-1773.151,566.285,0.06978,0.000305,0.03499,3849.85,32.5,34.9,36.1,36.2
3852.0,55.80508355,37.44173888,158.659,-1772.154,566.355,0.07057,0.000073,0.03501,3850.85,32.6,34.9,36.1,36.2
3853.0,55.80508419,37.44175479,158.693,-1771.156,566.426,0.06937,-0.000207,0.03503,3851.85,32.8,34.9,36.1,36.2
3854.0,55.80508480,37.44177070,158.727,-1770.158,566.494,0.06726,-0.000460,0.03505,3852.85,32.9,34.9,36.1,36.2
3855.0,55.80508541,37.44178661,158.762,-1769.161,566.561,0.06874,-0.000616,0.03508,3853.85,33.0,34.9,36.1,36.2
3856.0,55.80508604,37.44180252,158.797,-1768.163,566.631,0.06869,-0.000623,0.03510,3854.85,32.9,34.8,36.1,36.2
3857.0,55.80508665,37.44181843,158.832,-1767.165,566.698,0.06389,-0.000459,0.03513,3855.85,32.8,34.8,36.1,36.2
3858.0,55.80508720,37.44183435,158.868,-1766.167,566.759,0.06063,-0.000153,0.03515,3856.85,32.7,34.8,36.1,36.2
3859.0,55.80508774,37.44185027,158.903,-1765.169,566.819,0.06210,0.000215,0.03517,3857.85,32.6,34.8,36.0,36.2
3860.0,55.80508832,37.44186618,158.940,-1764.171,566.883,0.06504,0.000538,0.03519,3858.85,32.5,34.7,36.0,36.2
3861.0,55.80508892,37.44188209,158.976,-1763.173,566.949,0.06602,0.000717,0.03520,3859.84,31.7,34.7,36.0,36.2
3862.0,55.80508951,37.44189801,159.012,-1762.175,567.015,0.06667,0.000696,0.03520,3860.84,30.9,34.6,36.0,36.2
3863.0,55.80509012,37.44191392,159.049,-1761.178,567.082,0.07124,0.000487,0.03519,3861.84,30.1,34.6,36.0,36.2
3864.0,55.80509080,37.44192982,159.086,-1760.180,567.157,0.07242,0.000165,0.03517,3862.84,29.3,34.5,36.0,36.2
3865.0,55.80509143,37.44194573,159.122,-1759.183,567.227,0.07056,-0.000158,0.03514,3863.84,28.5,34.5,36.0,36.1
3866.0,55.80509207,37.44196163,159.159,-1758.185,567.298,0.06935,-0.000383,0.03510,3864.84,27.8,34.5,36.0,36.1
3867.0,55.80509268,37.44197754,159.195,-1757.188,567.366,0.06582,-0.000456,0.03505,3865.83,27.2,34.6,36.0,36.1
3868.0,55.80509326,37.44199346,159.230,-1756.190,567.430,0.06443,-0.000389,0.03500,3866.83,26.5,34.6,36.0,36.1
3869.0,55.80509385,37.44200937,159.266,-1755.192,567.494,0.06492,-0.000245,0.03493,3867.83,25.9,34.6,36.0,36.1
3870.0,55.80509443,37.44202528,159.301,-1754.194,567.559,0.06584,-0.000096,0.03485,3868.83,25.2,34.7,36.0,36.1
3871.0,55.80509503,37.44204120,159.336,-1753.196,567.626,0.06738,0.000007,0.03475,3869.83,24.6,34.7,36.0,36.1
3872.0,55.80509565,37.44205711,159.370,-1752.199,567.694,0.06776,0.000059,0.03465,3870.82,24.0,34.7,36.0,36.1
3873.0,55.80509626,37.44207302,159.405,-1751.201,567.761,0.06708,0.000079,0.03454,3871.82,23.4,34.7,36.0,36.1
3874.0,55.80509686,37.44208893,159.439,-1750.203,567.828,0.06575,0.000092,0.03443,3872.82,22.8,34.8,36.0,36.1
3875.0,55.80509745,37.44210484,159.473,-1749.205,567.893,0.06597,0.000109,0.03430,3873.82,22.2,34.8,36.0,36.1
3876.0,55.80509805,37.44212075,159.507,-1748.207,567.960,0.06660,0.000127,0.03416,3874.82,21.3,34.8,36.0,36.1
3877.0,55.80509865,37.44213666,159.541,-1747.210,568.026,0.06721,0.000143,0.03401,3875.81,20.4,34.8,36.0,36.2
3878.0,55.80509927,37.44215257,159.575,-1746.212,568.094,0.06862,0.000171,0.03386,3876.81,19.5,34.8,36.0,36.2
3879.0,55.80509989,37.44216848,159.610,-1745.214,568.163,0.06795,0.000229,0.03370,3877.81,18.6,34.8,36.0,36.2
3880.0,55.80510049,37.44218439,159.644,-1744.216,568.230,0.06724,0.000321,0.03352,3878.81,17.7,34.8,36.0,36.2
3881.0,55.80510110,37.44220030,159.678,-1743.219,568.297,0.06545,0.000413,0.03334,3879.81,17.1,34.8,36.0,36.2
3882.0,55.80510168,37.44221622,159.712,-1742.221,568.361,0.06518,0.000439,0.03316,3880.81,16.5,34.8,36.0,36.2
3883.0,55.80510228,37.44223213,159.746,-1741.223,568.428,0.06956,0.000340,0.03296,3881.81,16.0,34.8,36.0,36.2
3884.0,55.80510293,37.44224804,159.780,-1740.226,568.500,0.07294,0.000116,0.03276,3882.81,15.4,34.8,36.0,36.3
3885.0,55.80510359,37.44226394,159.814,-1739.228,568.573,0.07535,-0.000153,0.03256,3883.81,14.8,34.8,36.0,36.3
3886.0,55.80510429,37.44227984,159.848,-1738.231,568.651,0.07247,-0.000348,0.03235,3884.81,15.1,34.9,36.1,36.3
3887.0,55.80510490,37.44229575,159.881,-1737.234,568.718,0.06478,-0.000378,0.03213,3885.81,15.5,34.9,36.1,36.3
3888.0,55.80510546,37.44231167,159.914,-1736.236,568.780,0.06259,-0.000243,0.03191,3886.80,15.9,34.9,36.1,36.3
3889.0,55.80510603,37.44232758,159.946,-1735.238,568.843,0.06455,-0.000029,0.03169,3887.80,16.2,34.9,36.1,36.4
3890.0,55.80510663,37.44234349,159.978,-1734.240,568.909,0.06819,0.000145,0.03148,3888.80,16.6,35.0,36.2,36.4
3891.0,55.80510726,37.44235940,160.009,-1733.242,568.980,0.07115,0.000200,0.03126,3889.80,17.0,34.8,36.2,36.4
3892.0,55.80510791,37.44237531,160.040,-1732.245,569.051,0.07039,0.000132,0.03104,3890.80,17.3,34.7,36.2,36.4
3893.0,55.80510854,37.44239121,160.070,-1731.247,569.120,0.07040,-0.000009,0.03083,3891.80,17.6,34.6,36.2,36.4
3894.0,55.80510918,37.44240712,160.100,-1730.250,569.192,0.06852,-0.000162,0.03062,3892.80,18.0,34.4,36.2,36.3
3895.0,55.80510977,37.44242303,160.129,-1729.252,569.257,0.06487,-0.000289,0.03042,3893.80,18.3,34.3,36.3,36.3
3896.0,55.80511035,37.44243895,160.158,-1728.254,569.322,0.06916,-0.000375,0.03022,3894.80,18.3,34.1,36.3,36.3
3897.0,55.80511102,37.44245485,160.186,-1727.257,569.395,0.07197,-0.000412,0.03003,3895.80,18.3,33.9,36.2,36.3
3898.0,55.80511165,37.44247076,160.215,-1726.259,569.465,0.06603,-0.000389,0.02985,3896.80,18.2,33.7,36.2,36.3
3899.0,55.80511221,37.44248667,160.243,-1725.261,569.527,0.06267,-0.000294,0.02967,3897.80,18.2,33.5,36.2,36.3
3900.0,55.80511278,37.44250259,160.272,-1724.263,569.591,0.06614,-0.000122,0.02949,3898.80,18.2,33.3,36.2,36.3
3901.0,55.80511341,37.44251850,160.300,-1723.265,569.660,0.06741,0.000112,0.02933,3899.79,17.7,32.8,36.2,36.3
3902.0,55.80511400,37.44253441,160.329,-1722.268,569.725,0.06693,0.000373,0.02916,3900.79,17.3,32.3,36.2,36.3
3903.0,55.80511462,37.44255032,160.358,-1721.270,569.793,0.06169,0.000602,0.02900,3901.79,16.8,31.9,36.2,36.4
3904.0,55.80511512,37.44256624,160.387,-1720.271,569.849,0.06362,0.000731,0.02884,3902.79,16.4,31.4,36.2,36.4
3905.0,55.80511576,37.44258215,160.416,-1719.274,569.920,0.07388,0.000709,0.02869,3903.79,16.0,30.9,36.2,36.4
3906.0,55.80511645,37.44259805,160.445,-1718.277,569.996,0.07317,0.000531,0.02853,3904.78,16.0,30.9,36.2,36.4
3907.0,55.80511709,37.44261396,160.475,-1717.279,570.067,0.06892,0.000248,0.02838,3905.78,16.0,30.8,36.2,36.4
3908.0,55.80511769,37.44262987,160.504,-1716.282,570.134,0.07180,-0.000052,0.02822,3906.78,16.1,30.8,36.2,36.4
3909.0,55.80511838,37.44264577,160.533,-1715.285,570.210,0.07440,-0.000285,0.02807,3907.78,16.1,30.7,36.2,36.4
3910.0,55.80511904,37.44266167,160.562,-1714.287,570.283,0.06781,-0.000404,0.02791,3908.78,16.1,30.7,36.2,36.4
3911.0,55.80511961,37.44267759,160.591,-1713.289,570.346,0.06403,-0.000410,0.02775,3909.77,16.6,30.6,36.3,36.4
3912.0,55.80512019,37.44269350,160.620,-1712.291,570.411,0.06801,-0.000340,0.02759,3910.77,17.1,30.6,36.3,36.4
3913.0,55.80512083,37.44270941,160.648,-1711.294,570.482,0.06990,-0.000233,0.02743,3911.77,17.6,30.5,36.3,36.4
3914.0,55.80512145,37.44272532,160.676,-1710.296,570.550,0.06864,-0.000106,0.02728,3912.77,18.0,30.5,36.3,36.4
3915.0,55.80512207,37.44274123,160.703,-1709.299,570.619,0.06771,0.000046,0.02712,3913.77,18.5,30.4,36.3,36.4
3916.0,55.80512268,37.44275714,160.730,-1708.301,570.686,0.06543,0.000220,0.02697,3914.77,18.9,30.3,36.3,36.4
3917.0,55.80512325,37.44277305,160.756,-1707.303,570.750,0.06610,0.000393,0.02682,3915.76,19.2,30.2,36.3,36.4
3918.0,55.80512387,37.44278896,160.782,-1706.305,570.818,0.06850,0.000517,0.02667,3916.76,19.5,30.1,36.3,36.5
3919.0,55.80512449,37.44280487,160.808,-1705.308,570.886,0.06898,0.000543,0.02653,3917.76,19.9,30.0,36.4,36.5
3920.0,55.80512511,37.44282078,160.834,-1704.310,570.956,0.07146,0.000449,0.02640,3918.76,20.2,29.9,36.4,36.5
3921.0,55.80512578,37.44283668,160.859,-1703.313,571.029,0.07331,0.000246,0.02627,3919.76,20.2,29.9,36.4,36.5
3922.0,55.80512644,37.44285259,160.884,-1702.315,571.102,0.07155,-0.000026,0.02616,3920.76,20.2,29.9,36.4,36.5
3923.0,55.80512707,37.44286850,160.908,-1701.318,571.172,0.07064,-0.000316,0.02605,3921.76,20.2,29.9,36.4,36.5
3924.0,55.80512771,37.44288440,160.933,-1700.320,571.243,0.07039,-0.000568,0.02594,3922.76,20.2,29.8,36.4,36.5
3925.0,55.80512834,37.44290031,160.958,-1699.323,571.313,0.07116,-0.000723,0.02585,3923.76,20.2,29.8,36.4,36.6
3926.0,55.80512900,37.44291622,160.983,-1698.325,571.385,0.07075,-0.000739,0.02576,3924.76,20.3,30.0,36.4,36.5
3927.0,55.80512962,37.44293212,161.008,-1697.328,571.454,0.06649,-0.000602,0.02568,3925.75,20.3,30.2,36.3,36.5
3928.0,55.80513020,37.44294804,161.033,-1696.330,571.518,0.06085,-0.000353,0.02560,3926.75,20.3,30.4,36.3,36.5
3929.0,55.80513072,37.44296396,161.058,-1695.331,571.576,0.06244,-0.000078,0.02553,3927.75,20.4,30.7,36.3,36.5
3930.0,55.80513132,37.44297987,161.083,-1694.334,571.643,0.06877,0.000129,0.02546,3928.75,20.4,30.9,36.3,36.5
3931.0,55.80513196,37.44299578,161.109,-1693.336,571.713,0.06971,0.000214,0.02539,3929.75,19.6,30.9,36.3,36.4
3932.0,55.80513258,37.44301169,161.134,-1692.339,571.782,0.06851,0.000182,0.02533,3930.75,18.8,30.9,36.3,36.4
3933.0,55.80513320,37.44302760,161.160,-1691.341,571.850,0.06718,0.000081,0.02525,3931.75,18.0,31.0,36.3,36.4
3934.0,55.80513380,37.44304351,161.186,-1690.343,571.917,0.06826,-0.000024,0.02518,3932.74,17.2,31.0,36.3,36.3
3935.0,55.80513443,37.44305942,161.212,-1689.345,571.987,0.06826,-0.000090,0.02510,3933.74,16.4,31.1,36.3,36.3
3936.0,55.80513503,37.44307533,161.237,-1688.348,572.053,0.06735,-0.000101,0.02501,3934.74,16.2,31.0,36.3,36.3
3937.0,55.80513564,37.44309124,161.263,-1687.350,572.121,0.06644,-0.000075,0.02491,3935.74,16.0,30.9,36.3,36.3
3938.0,55.80513623,37.44310715,161.289,-1686.352,572.186,0.06517,-0.000044,0.02480,3936.73,15.8,30.7,36.3,36.3
3939.0,55.80513682,37.44312306,161.315,-1685.354,572.251,0.06669,-0.000038,0.02469,3937.73,15.6,30.6,36.3,36.3
3940.0,55.80513743,37.44313897,161.341,-1684.357,572.319,0.06959,-0.000060,0.02456,3938.73,15.4,30.5,36.3,36.3
3941.0,55.80513808,37.44315488,161.366,-1683.359,572.391,0.06989,-0.000088,0.02442,3939.72,15.4,30.5,36.3,36.3
3942.0,55.80513869,37.44317079,161.392,-1682.361,572.459,0.06556,-0.000083,0.02428,3940.72,15.3,30.5,36.3,36.4
3943.0,55.80513926,37.44318671,161.417,-1681.363,572.522,0.06462,-0.000016,0.02412,3941.72,15.3,30.5,36.3,36.4
3944.0,55.80513986,37.44320262,161.442,-1680.366,572.588,0.06668,0.000117,0.02395,3942.71,15.3,30.5,36.3,36.4
3945.0,55.80514046,37.44321853,161.467,-1679.368,572.655,0.06655,0.000293,0.02377,3943.71,15.3,30.4,36.3,36.4
3946.0,55.80514106,37.44323444,161.492,-1678.370,572.721,0.06669,0.000466,0.02359,3944.71,15.2,30.4,36.3,36.4
3947.0,55.80514167,37.44325035,161.516,-1677.372,572.788,0.06741,0.000584,0.02340,3945.70,15.1,30.5,36.3,36.4
3948.0,55.80514228,37.44326626,161.540,-1676.375,572.856,0.06633,0.000593,0.02320,3946.70,15.1,30.5,36.3,36.4
3949.0,55.80514287,37.44328218,161.563,-1675.377,572.921,0.06992,0.000462,0.02300,3947.70,15.0,30.5,36.4,36.4
3950.0,55.80514354,37.44329808,161.586,-1674.380,572.995,0.07396,0.000197,0.02281,3948.70,14.9,30.5,36.4,36.5
3951.0,55.80514420,37.44331398,161.609,-1673.382,573.068,0.07297,-0.000151,0.02261,3949.69,15.2,29.9,36.4,36.5
3952.0,55.80514486,37.44332989,161.631,-1672.385,573.141,0.07135,-0.000502,0.02241,3950.69,15.6,29.3,36.4,36.5
3953.0,55.80514549,37.44334579,161.652,-1671.387,573.211,0.06892,-0.000777,0.02222,3951.69,15.9,28.7,36.4,36.5
3954.0,55.80514610,37.44336170,161.673,-1670.390,573.279,0.06645,-0.000924,0.02203,3952.69,16.2,28.1,36.4,36.5
3955.0,55.80514669,37.44337762,161.694,-1669.392,573.344,0.06783,-0.000925,0.02185,3953.69,16.6,27.5,36.4,36.5
3956.0,55.80514733,37.44339353,161.715,-1668.394,573.415,0.06603,-0.000792,0.02168,3954.69,17.0,27.6,36.4,36.5
3957.0,55.80514788,37.44340944,161.735,-1667.396,573.476,0.06147,-0.000553,0.02152,3955.69,17.5,27.7,36.4,36.5
3958.0,55.80514844,37.44342536,161.755,-1666.398,573.537,0.06302,-0.000250,0.02136,3956.69,18.0,27.8,36.4,36.5
3959.0,55.80514902,37.44344127,161.775,-1665.400,573.602,0.06509,0.000071,0.02121,3957.69,18.4,27.9,36.4,36.5
3960.0,55.80514961,37.44345719,161.795,-1664.402,573.667,0.06256,0.000357,0.02107,3958.69,18.9,28.0,36.5,36.5
3961.0,55.80515015,37.44347310,161.815,-1663.404,573.727,0.06259,0.000559,0.02094,3959.69,19.4,28.2,36.5,36.5
3962.0,55.80515074,37.44348902,161.835,-1662.406,573.793,0.06752,0.000643,0.02082,3960.69,19.8,28.3,36.5,36.5
3963.0,55.80515137,37.44350493,161.856,-1661.409,573.862,0.06831,0.000595,0.02070,3961.68,20.3,28.5,36.5,36.5
3964.0,55.80515197,37.44352084,161.876,-1660.411,573.929,0.06724,0.000435,0.02058,3962.68,20.8,28.7,36.5,36.6
3965.0,55.80515258,37.44353675,161.896,-1659.413,573.996,0.06937,0.000211,0.02047,3963.68,21.3,28.8,36.5,36.6
3966.0,55.80515323,37.44355265,161.917,-1658.416,574.068,0.07098,-0.000008,0.02036,3964.68,21.7,28.9,36.5,36.5
3967.0,55.80515386,37.44356856,161.937,-1657.418,574.138,0.06861,-0.000162,0.02025,3965.68,22.1,29.0,36.5,36.5
3968.0,55.80515446,37.44358447,161.958,-1656.420,574.205,0.06549,-0.000212,0.02015,3966.67,22.5,29.1,36.5,36.5
3969.0,55.80515504,37.44360039,161.979,-1655.422,574.269,0.06512,-0.000156,0.02004,3967.67,23.0,29.2,36.4,36.5
3970.0,55.80515564,37.44361630,161.999,-1654.425,574.335,0.06711,-0.000020,0.01992,3968.67,23.4,29.3,36.4,36.5
3971.0,55.80515625,37.44363221,162.020,-1653.427,574.403,0.06658,0.000156,0.01981,3969.67,23.7,29.3,36.4,36.5
3972.0,55.80515684,37.44364812,162.041,-1652.429,574.468,0.06626,0.000331,0.01969,3970.67,24.0,29.4,36.4,36.5
3973.0,55.80515745,37.44366403,162.061,-1651.431,574.535,0.06727,0.000469,0.01956,3971.66,24.3,29.4,36.4,36.5
3974.0,55.80515806,37.44367994,162.081,-1650.434,574.602,0.06660,0.000543,0.01943,3972.66,24.7,29.4,36.4,36.5
3975.0,55.80515865,37.44369586,162.102,-1649.436,574.668,0.06907,0.000544,0.01930,3973.66,25.0,29.4,36.4,36.6
3976.0,55.80515930,37.44371176,162.122,-1648.438,574.741,0.07233,0.000482,0.01916,3974.66,25.2,29.4,36.4,36.6
3977.0,55.80515996,37.44372767,162.141,-1647.441,574.813,0.07041,0.000388,0.01901,3975.66,25.4,29.4,36.4,36.6
3978.0,55.80516057,37.44374358,162.161,-1646.443,574.881,0.07057,0.000292,0.01886,3976.65,25.6,29.4,36.5,36.6
3979.0,55.80516123,37.44375948,162.180,-1645.446,574.954,0.07049,0.000210,0.01871,3977.65,25.8,29.3,36.5,36.6
3980.0,55.80516185,37.44377539,162.199,-1644.448,575.022,0.06753,0.000138,0.01855,3978.65,26.0,29.3,36.5,36.7
3981.0,55.80516245,37.44379130,162.217,-1643.450,575.089,0.07252,0.000061,0.01839,3979.65,26.1,29.3,36.5,36.7
3982.0,55.80516315,37.44380720,162.236,-1642.454,575.167,0.07430,-0.000036,0.01822,3980.65,26.2,29.2,36.5,36.7
3983.0,55.80516379,37.44382311,162.253,-1641.456,575.237,0.06928,-0.000156,0.01806,3981.64,26.3,29.2,36.5,36.7
3984.0,55.80516440,37.44383902,162.271,-1640.458,575.305,0.06952,-0.000301,0.01789,3982.64,26.4,29.1,36.5,36.6
3985.0,55.80516504,37.44385492,162.288,-1639.461,575.376,0.07104,-0.000462,0.01772,3983.64,26.5,29.1,36.5,36.6
3986.0,55.80516569,37.44387083,162.305,-1638.463,575.447,0.07073,-0.000614,0.01755,3984.64,26.5,29.1,36.5,36.7
3987.0,55.80516632,37.44388674,162.322,-1637.466,575.518,0.07084,-0.000707,0.01737,3985.63,26.6,29.1,36.5,36.7
3988.0,55.80516696,37.44390264,162.338,-1636.468,575.589,0.07036,-0.000682,0.01719,3986.63,26.6,29.1,36.5,36.7
3989.0,55.80516759,37.44391855,162.355,-1635.471,575.658,0.06515,-0.000505,0.01701,3987.63,26.6,29.1,36.5,36.7
3990.0,55.80516814,37.44393447,162.371,-1634.473,575.719,0.06156,-0.000198,0.01682,3988.63,26.7,29.0,36.6,36.7
3991.0,55.80516870,37.44395039,162.388,-1633.475,575.781,0.06388,0.000153,0.01663,3989.62,26.7,29.2,36.6,36.7
3992.0,55.80516929,37.44396630,162.404,-1632.477,575.847,0.06635,0.000431,0.01643,3990.62,26.7,29.3,36.6,36.7
3993.0,55.80516990,37.44398221,162.421,-1631.479,575.914,0.06774,0.000538,0.01622,3991.62,26.8,29.4,36.6,36.7
3994.0,55.80517052,37.44399812,162.438,-1630.481,575.982,0.06976,0.000443,0.01599,3992.62,26.8,29.5,36.5,36.7
3995.0,55.80517116,37.44401403,162.455,-1629.484,576.053,0.07349,0.000192,0.01576,3993.61,26.8,29.7,36.5,36.7
3996.0,55.80517184,37.44402993,162.471,-1628.487,576.129,0.07207,-0.000113,0.01551,3994.61,26.7,29.7,36.6,36.7
3997.0,55.80517246,37.44404584,162.488,-1627.489,576.197,0.06765,-0.000357,0.01525,3995.61,26.6,29.8,36.6,36.7
3998.0,55.80517306,37.44406175,162.505,-1626.491,576.264,0.06913,-0.000455,0.01498,3996.61,26.5,29.8,36.6,36.8
3999.0,55.80517371,37.44407765,162.521,-1625.494,576.335,0.06741,-0.000385,0.01468,3997.60,26.4,29.9,36.6,36.8
4000.0,55.80517428,37.44409357,162.538,-1624.496,576.399,0.06292,-0.000185,0.01437,3998.60,26.3,29.9,36.6,36.8
4001.0,55.80517484,37.44410949,162.554,-1623.498,576.461,0.06400,0.000066,0.01404,3999.60,26.3,29.9,36.7,36.8
4002.0,55.80517544,37.44412540,162.570,-1622.500,576.527,0.06770,0.000285,0.01370,4000.59,26.2,29.8,36.7,36.8
4003.0,55.80517606,37.44414131,162.585,-1621.502,576.596,0.06975,0.000421,0.01334,4001.59,26.2,29.7,36.7,36.9
4004.0,55.80517669,37.44415721,162.600,-1620.505,576.666,0.06793,0.000457,0.01296,4002.59,26.1,29.7,36.7,36.9
4005.0,55.80517729,37.44417313,162.614,-1619.507,576.732,0.06844,0.000405,0.01257,4003.59,26.1,29.6,36.7,36.9
4006.0,55.80517793,37.44418903,162.628,-1618.510,576.803,0.07113,0.000285,0.01217,4004.58,26.1,29.5,36.7,36.9
4007.0,55.80517857,37.44420494,162.641,-1617.512,576.874,0.06842,0.000111,0.01176,4005.58,26.1,29.5,36.7,36.9
4008.0,55.80517916,37.44422085,162.653,-1616.514,576.940,0.06934,-0.000100,0.01134,4006.58,26.1,29.4,36.7,36.9
4009.0,55.80517982,37.44423676,162.664,-1615.517,577.013,0.07330,-0.000316,0.01091,4007.57,26.1,29.4,36.7,36.9
4010.0,55.80518049,37.44425266,162.674,-1614.520,577.086,0.07068,-0.000494,0.01048,4008.57,26.1,29.3,36.7,36.9
4011.0,55.80518110,37.44426857,162.684,-1613.522,577.154,0.06717,-0.000588,0.01005,4009.57,26.1,29.3,36.7,36.9
4012.0,55.80518170,37.44428448,162.693,-1612.524,577.220,0.06598,-0.000575,0.00962,4010.57,26.1,29.3,36.7,36.9
4013.0,55.80518229,37.44430040,162.702,-1611.526,577.286,0.06657,-0.000468,0.00919,4011.56,26.1,29.3,36.7,36.9
4014.0,55.80518290,37.44431631,162.710,-1610.529,577.354,0.06524,-0.000309,0.00877,4012.56,26.1,29.3,36.6,36.9
4015.0,55.80518347,37.44433222,162.717,-1609.531,577.416,0.06373,-0.000145,0.00836,4013.56,26.1,29.2,36.6,36.8
4016.0,55.80518405,37.44434814,162.724,-1608.533,577.481,0.06703,-0.000003,0.00797,4014.56,26.1,29.3,36.6,36.8
4017.0,55.80518468,37.44436404,162.731,-1607.535,577.550,0.06845,0.000113,0.00758,4015.56,26.2,29.3,36.6,36.8
4018.0,55.80518529,37.44437995,162.737,-1606.537,577.618,0.06613,0.000220,0.00721,4016.55,26.2,29.3,36.6,36.8
4019.0,55.80518587,37.44439587,162.743,-1605.539,577.683,0.06487,0.000327,0.00687,4017.55,26.2,29.3,36.6,36.8
4020.0,55.80518646,37.44441178,162.749,-1604.542,577.747,0.06523,0.000428,0.00654,4018.55,26.3,29.3,36.6,36.7
4021.0,55.80518705,37.44442769,162.754,-1603.544,577.813,0.06629,0.000506,0.00623,4019.55,26.3,29.3,36.6,36.7
4022.0,55.80518765,37.44444361,162.759,-1602.546,577.880,0.07126,0.000550,0.00595,4020.55,26.4,29.3,36.6,36.7
4023.0,55.80518834,37.44445951,162.764,-1601.549,577.955,0.07106,0.000557,0.00570,4021.54,26.4,29.3,36.7,36.7
4024.0,55.80518894,37.44447542,162.769,-1600.551,578.022,0.06657,0.000524,0.00547,4022.54,26.5,29.3,36.7,36.7
4025.0,55.80518954,37.44449133,162.773,-1599.553,578.088,0.06740,0.000433,0.00527,4023.54,26.5,29.3,36.7,36.7
4026.0,55.80519015,37.44450724,162.777,-1598.556,578.157,0.07144,0.000260,0.00511,4024.54,26.5,29.3,36.7,36.7
4027.0,55.80519083,37.44452314,162.780,-1597.558,578.231,0.07364,0.000001,0.00498,4025.54,26.4,29.3,36.7,36.7
4028.0,55.80519148,37.44453905,162.783,-1596.561,578.304,0.07356,-0.000311,0.00488,4026.54,26.3,29.2,36.6,36.7
4029.0,55.80519215,37.44455495,162.786,-1595.564,578.378,0.07223,-0.000609,0.00482,4027.54,26.2,29.2,36.6,36.7
4030.0,55.80519278,37.44457086,162.789,-1594.566,578.448,0.06817,-0.000827,0.00480,4028.53,26.1,29.2,36.6,36.7
4031.0,55.80519338,37.44458677,162.791,-1593.568,578.514,0.06686,-0.000924,0.00482,4029.53,26.1,29.2,36.6,36.7
4032.0,55.80519399,37.44460268,162.794,-1592.571,578.582,0.06700,-0.000897,0.00487,4030.53,26.0,29.2,36.5,36.7
4033.0,55.80519459,37.44461859,162.796,-1591.573,578.648,0.06596,-0.000767,0.00497,4031.53,26.0,29.1,36.5,36.7
4034.0,55.80519518,37.44463450,162.798,-1590.575,578.713,0.06426,-0.000569,0.00510,4032.53,25.9,29.1,36.5,36.7
4035.0,55.80519575,37.44465042,162.800,-1589.577,578.777,0.06334,-0.000335,0.00528,4033.53,25.9,29.1,36.4,36.7
4036.0,55.80519632,37.44466634,162.803,-1588.579,578.840,0.06414,-0.000090,0.00549,4034.54,25.9,29.2,36.4,36.6
4037.0,55.80519691,37.44468225,162.806,-1587.581,578.905,0.06403,0.000138,0.00575,4035.54,26.0,29.2,36.4,36.6
4038.0,55.80519748,37.44469816,162.809,-1586.583,578.968,0.06423,0.000328,0.00604,4036.54,26.0,29.3,36.4,36.5
4039.0,55.80519807,37.44471408,162.813,-1585.585,579.033,0.06502,0.000461,0.00636,4037.54,26.0,29.4,36.3,36.5
4040.0,55.80519865,37.44472999,162.817,-1584.587,579.098,0.06527,0.000523,0.00673,4038.54,26.0,29.5,36.3,36.4
4041.0,55.80519925,37.44474590,162.822,-1583.589,579.164,0.06819,0.000513,0.00712,4039.54,26.0,29.6,36.3,36.4
4042.0,55.80519988,37.44476181,162.827,-1582.592,579.234,0.06805,0.000441,0.00755,4040.54,25.9,29.7,36.3,36.4
4043.0,55.80520048,37.44477772,162.834,-1581.594,579.300,0.06664,0.000325,0.00800,4041.54,25.9,29.7,36.3,36.4
4044.0,55.80520109,37.44479363,162.841,-1580.596,579.367,0.06958,0.000186,0.00847,4042.54,25.8,29.8,36.2,36.4
4045.0,55.80520173,37.44480954,162.849,-1579.599,579.439,0.06934,0.000048,0.00897,4043.54,25.8,29.9,36.2,36.4
4046.0,55.80520234,37.44482545,162.857,-1578.601,579.506,0.06711,-0.000072,0.00948,4044.54,25.7,29.8,36.2,36.4
4047.0,55.80520294,37.44484136,162.866,-1577.603,579.573,0.06827,-0.000161,0.01001,4045.54,25.7,29.8,36.1,36.4
4048.0,55.80520357,37.44485727,162.876,-1576.606,579.642,0.06829,-0.000212,0.01054,4046.54,25.6,29.8,36.1,36.4
4049.0,55.80520417,37.44487318,162.887,-1575.608,579.709,0.06667,-0.000220,0.01108,4047.54,25.6,29.7,36.0,36.4
4050.0,55.80520477,37.44488909,162.898,-1574.610,579.776,0.06667,-0.000179,0.01162,4048.54,25.5,29.7,36.0,36.4
4051.0,55.80520538,37.44490500,162.910,-1573.613,579.843,0.06745,-0.000090,0.01216,4049.54,25.4,29.6,36.0,36.3
4052.0,55.80520599,37.44492091,162.922,-1572.615,579.911,0.06698,0.000041,0.01269,4050.53,25.4,29.5,35.9,36.3
4053.0,55.80520659,37.44493683,162.936,-1571.617,579.976,0.06413,0.000189,0.01320,4051.53,25.3,29.5,35.9,36.2
4054.0,55.80520715,37.44495274,162.950,-1570.619,580.039,0.06549,0.000317,0.01370,4052.53,25.3,29.4,35.8,36.2
4055.0,55.80520777,37.44496865,162.965,-1569.621,580.107,0.06871,0.000388,0.01417,4053.53,25.2,29.4,35.8,36.1
4056.0,55.80520839,37.44498456,162.981,-1568.624,580.176,0.06855,0.000380,0.01462,4054.53,25.2,29.3,35.8,36.0
4057.0,55.80520901,37.44500047,162.997,-1567.626,580.244,0.06978,0.000300,0.01503,4055.53,25.2,29.3,35.7,36.0
4058.0,55.80520965,37.44501638,163.015,-1566.629,580.315,0.06978,0.000174,0.01541,4056.53,25.2,29.3,35.7,36.0
4059.0,55.80521026,37.44503229,163.033,-1565.631,580.384,0.06860,0.000036,0.01576,4057.53,25.2,29.2,35.6,35.9
4060.0,55.80521088,37.44504820,163.052,-1564.633,580.453,0.06992,-0.000087,0.01606,4058.53,25.2,29.2,35.6,35.9
4061.0,55.80521153,37.44506410,163.071,-1563.636,580.523,0.06900,-0.000182,0.01632,4059.52,25.2,29.8,35.6,35.8
4062.0,55.80521213,37.44508001,163.091,-1562.638,580.590,0.06743,-0.000247,0.01653,4060.52,25.2,30.4,35.5,35.8
4063.0,55.80521274,37.44509593,163.111,-1561.640,580.658,0.06800,-0.000283,0.01669,4061.52,25.2,31.0,35.5,35.7
4064.0,55.80521336,37.44511184,163.132,-1560.643,580.726,0.06964,-0.000288,0.01681,4062.52,25.2,31.6,35.5,35.7
4065.0,55.80521400,37.44512774,163.153,-1559.645,580.797,0.06811,-0.000259,0.01687,4063.52,25.2,32.2,35.5,35.7
4066.0,55.80521459,37.44514365,163.173,-1558.647,580.862,0.06454,-0.000201,0.01689,4064.51,25.2,32.1,35.5,35.7
4067.0,55.80521516,37.44515957,163.194,-1557.649,580.926,0.06598,-0.000122,0.01685,4065.51,25.3,32.0,35.6,35.7
4068.0,55.80521578,37.44517548,163.214,-1556.652,580.994,0.06791,-0.000032,0.01677,4066.51,25.3,31.9,35.6,35.8
4069.0,55.80521639,37.44519139,163.234,-1555.654,581.062,0.06778,0.000065,0.01664,4067.50,25.4,31.8,35.6,35.8
4070.0,55.80521700,37.44520730,163.253,-1554.656,581.130,0.06688,0.000175,0.01647,4068.50,25.4,31.8,35.6,35.8
4071.0,55.80521760,37.44522321,163.272,-1553.658,581.196,0.06619,0.000298,0.01625,4069.50,25.5,31.7,35.7,35.9
4072.0,55.80521819,37.44523912,163.290,-1552.661,581.262,0.06628,0.000416,0.01599,4070.50,25.5,31.7,35.7,35.9
4073.0,55.80521879,37.44525504,163.308,-1551.663,581.328,0.06731,0.000487,0.01570,4071.49,25.6,31.6,35.7,35.9
4074.0,55.80521941,37.44527095,163.325,-1550.665,581.397,0.06890,0.000469,0.01538,4072.49,25.6,31.6,35.8,36.0
4075.0,55.80522004,37.44528685,163.342,-1549.668,581.466,0.06982,0.000335,0.01504,4073.49,25.7,31.5,35.8,36.0
4076.0,55.80522067,37.44530276,163.358,-1548.670,581.536,0.07174,0.000105,0.01466,4074.49,25.7,31.0,35.9,36.0
4077.0,55.80522133,37.44531867,163.373,-1547.673,581.609,0.07283,-0.000159,0.01428,4075.48,25.7,30.4,35.9,36.1
4078.0,55.80522198,37.44533457,163.388,-1546.675,581.682,0.07095,-0.000366,0.01387,4076.48,25.7,29.9,35.9,36.1
4079.0,55.80522261,37.44535048,163.402,-1545.678,581.751,0.06852,-0.000442,0.01346,4077.48,25.8,29.3,36.0,36.2
4080.0,55.80522322,37.44536639,163.415,-1544.680,581.819,0.06650,-0.000357,0.01304,4078.48,25.8,28.8,36.0,36.2
4081.0,55.80522381,37.44538230,163.427,-1543.682,581.884,0.06511,-0.000152,0.01263,4079.47,25.8,28.9,36.1,36.3
4082.0,55.80522439,37.44539822,163.439,-1542.684,581.949,0.06459,0.000082,0.01221,4080.47,25.8,28.9,36.1,36.3
4083.0,55.80522497,37.44541413,163.450,-1541.686,582.013,0.06691,0.000241,0.01181,4081.47,25.9,29.0,36.2,36.3
4084.0,55.80522560,37.44543004,163.460,-1540.689,582.082,0.07034,0.000257,0.01141,4082.47,25.9,29.1,36.2,36.3
4085.0,55.80522624,37.44544595,163.470,-1539.691,582.154,0.07105,0.000124,0.01103,4083.47,26.0,29.1,36.3,36.4
4086.0,55.80522688,37.44546185,163.479,-1538.694,582.224,0.07029,-0.000099,0.01067,4084.46,25.9,29.2,36.3,36.4
4087.0,55.80522751,37.44547776,163.488,-1537.696,582.294,0.07143,-0.000327,0.01033,4085.46,25.9,29.4,36.3,36.4
4088.0,55.80522817,37.44549367,163.496,-1536.699,582.367,0.06907,-0.000490,0.01001,4086.46,25.9,29.5,36.3,36.4
4089.0,55.80522876,37.44550958,163.504,-1535.701,582.432,0.06419,-0.000562,0.00972,4087.46,25.8,29.6,36.3,36.5
4090.0,55.80522933,37.44552549,163.512,-1534.703,582.495,0.06457,-0.000561,0.00945,4088.46,25.8,29.7,36.4,36.5
4091.0,55.80522992,37.44554141,163.519,-1533.705,582.561,0.06721,-0.000515,0.00920,4089.46,25.8,29.7,36.4,36.5
4092.0,55.80523054,37.44555732,163.526,-1532.708,582.630,0.06832,-0.000432,0.00899,4090.46,25.7,29.7,36.4,36.5
4093.0,55.80523116,37.44557323,163.533,-1531.710,582.698,0.06687,-0.000298,0.00880,4091.45,25.7,29.7,36.4,36.5
4094.0,55.80523175,37.44558914,163.540,-1530.712,582.763,0.06258,-0.000102,0.00863,4092.45,25.6,29.7,36.4,36.5
4095.0,55.80523229,37.44560506,163.546,-1529.714,582.823,0.06059,0.000132,0.00849,4093.45,25.6,29.7,36.4,36.5
4096.0,55.80523284,37.44562097,163.553,-1528.716,582.884,0.06291,0.000343,0.00838,4094.45,25.5,29.7,36.4,36.5
4097.0,55.80523342,37.44563689,163.560,-1527.718,582.949,0.06714,0.000469,0.00829,4095.45,25.5,29.7,36.4,36.5
4098.0,55.80523405,37.44565280,163.567,-1526.720,583.019,0.06929,0.000482,0.00821,4096.45,25.5,29.7,36.4,36.5
4099.0,55.80523467,37.44566871,163.574,-1525.723,583.087,0.06839,0.000407,0.00816,4097.45,25.4,29.6,36.4,36.5
4100.0,55.80523529,37.44568462,163.581,-1524.725,583.155,0.06743,0.000293,0.00813,4098.45,25.4,29.6,36.4,36.5
4101.0,55.80523589,37.44570053,163.588,-1523.727,583.222,0.06691,0.000191,0.00810,4099.44,25.4,29.6,36.4,36.5
4102.0,55.80523649,37.44571644,163.596,-1522.729,583.289,0.06742,0.000122,0.00809,4100.44,25.4,29.6,36.4,36.5
4103.0,55.80523710,37.44573235,163.604,-1521.732,583.356,0.06826,0.000081,0.00809,4101.44,25.4,29.5,36.4,36.5
4104.0,55.80523773,37.44574826,163.612,-1520.734,583.425,0.06824,0.000049,0.00810,4102.44,25.4,29.5,36.4,36.5
4105.0,55.80523834,37.44576417,163.620,-1519.736,583.493,0.06727,0.000003,0.00811,4103.44,25.4,29.5,36.4,36.5
4106.0,55.80523894,37.44578008,163.629,-1518.739,583.560,0.06764,-0.000071,0.00813,4104.44,25.5,29.5,36.3,36.5
4107.0,55.80523956,37.44579599,163.638,-1517.741,583.628,0.06874,-0.000169,0.00815,4105.44,25.6,29.5,36.3,36.5
4108.0,55.80524018,37.44581190,163.646,-1516.743,583.697,0.06872,-0.000268,0.00816,4106.44,25.7,29.5,36.3,36.4
4109.0,55.80524080,37.44582781,163.655,-1515.746,583.765,0.06874,-0.000324,0.00818,4107.44,25.8,29.5,36.2,36.4
4110.0,55.80524142,37.44584372,163.664,-1514.748,583.835,0.06676,-0.000293,0.00820,4108.44,25.8,29.5,36.2,36.4
4111.0,55.80524200,37.44585963,163.673,-1513.750,583.899,0.06444,-0.000153,0.00821,4109.44,26.0,29.6,36.1,36.3
4112.0,55.80524258,37.44587555,163.682,-1512.752,583.963,0.06519,0.000085,0.00822,4110.44,26.2,29.7,36.0,36.3
4113.0,55.80524318,37.44589146,163.691,-1511.754,584.029,0.06445,0.000366,0.00822,4111.44,26.4,29.8,36.0,36.2
4114.0,55.80524375,37.44590737,163.700,-1510.756,584.092,0.06487,0.000609,0.00822,4112.44,26.6,30.0,35.9,36.2
4115.0,55.80524435,37.44592328,163.709,-1509.759,584.159,0.06719,0.000735,0.00821,4113.43,26.7,30.1,35.9,36.1
4116.0,55.80524496,37.44593920,163.717,-1508.761,584.227,0.06984,0.000693,0.00821,4114.43,27.1,30.4,35.8,36.1
4117.0,55.80524561,37.44595510,163.726,-1507.763,584.298,0.07186,0.000485,0.00820,4115.43,27.4,30.6,35.8,36.0
4118.0,55.80524625,37.44597101,163.734,-1506.766,584.370,0.07200,0.000170,0.00818,4116.43,27.7,30.9,35.8,35.9
4119.0,55.80524691,37.44598691,163.742,-1505.769,584.442,0.07311,-0.000156,0.00816,4117.43,28.0,31.2,35.7,35.9
4120.0,55.80524757,37.44600282,163.750,-1504.771,584.516,0.07123,-0.000392,0.00815,4118.43,28.3,31.4,35.7,35.8
4121.0,55.80524819,37.44601873,163.758,-1503.774,584.584,0.06783,-0.000467,0.00813,4119.43,28.5,31.6,35.7,35.8
4122.0,55.80524880,37.44603464,163.766,-1502.776,584.652,0.06629,-0.000369,0.00811,4120.43,28.8,31.7,35.7,35.9
4123.0,55.80524939,37.44605055,163.774,-1501.778,584.717,0.06547,-0.000142,0.00809,4121.42,29.1,31.9,35.7,35.9
4124.0,55.80524998,37.44606646,163.781,-1500.780,584.783,0.06615,0.000130,0.00807,4122.42,29.3,32.0,35.8,35.9
4125.0,55.80525058,37.44608237,163.789,-1499.782,584.849,0.06809,0.000359,0.00805,4123.42,29.6,32.2,35.8,36.0
4126.0,55.80525121,37.44609828,163.797,-1498.785,584.919,0.06865,0.000478,0.00803,4124.42,29.8,32.3,35.8,36.0
4127.0,55.80525182,37.44611419,163.804,-1497.787,584.986,0.06906,0.000452,0.00802,4125.42,30.1,32.5,35.8,36.0
4128.0,55.80525245,37.44613010,163.812,-1496.790,585.057,0.07158,0.000286,0.00800,4126.42,30.4,32.6,35.8,36.0
4129.0,55.80525311,37.44614600,163.820,-1495.792,585.129,0.07275,0.000021,0.00799,4127.42,30.6,32.7,35.8,36.1
4130.0,55.80525376,37.44616191,163.827,-1494.795,585.202,0.07163,-0.000277,0.00797,4128.42,30.9,32.8,35.8,36.1
4131.0,55.80525440,37.44617782,163.835,-1493.797,585.273,0.07059,-0.000526,0.00796,4129.41,31.1,32.9,35.8,36.1
4132.0,55.80525504,37.44619372,163.843,-1492.800,585.343,0.06985,-0.000654,0.00794,4130.41,31.4,33.0,35.8,36.1
4133.0,55.80525566,37.44620963,163.851,-1491.802,585.412,0.06807,-0.000611,0.00793,4131.41,31.6,33.1,35.8,36.2
4134.0,55.80525627,37.44622554,163.859,-1490.805,585.479,0.06564,-0.000394,0.00791,4132.41,31.8,33.2,35.8,36.2
4135.0,55.80525684,37.44624146,163.867,-1489.807,585.543,0.06352,-0.000057,0.00789,4133.41,32.0,33.3,35.8,36.2
4136.0,55.80525741,37.44625737,163.875,-1488.809,585.606,0.06387,0.000309,0.00786,4134.41,32.2,33.4,35.8,36.2
4137.0,55.80525800,37.44627329,163.883,-1487.811,585.671,0.06641,0.000599,0.00784,4135.40,32.5,33.5,35.8,36.2
4138.0,55.80525861,37.44628920,163.891,-1486.813,585.739,0.06919,0.000736,0.00780,4136.40,32.7,33.6,35.9,36.3
4139.0,55.80525925,37.44630511,163.900,-1485.815,585.809,0.07145,0.000697,0.00777,4137.40,32.9,33.7,35.9,36.3
4140.0,55.80525990,37.44632101,163.908,-1484.818,585.882,0.07217,0.000511,0.00773,4138.40,33.1,33.8,35.9,36.3
4141.0,55.80526055,37.44633692,163.917,-1483.821,585.953,0.07211,0.000241,0.00769,4139.40,33.1,34.0,35.9,36.3
4142.0,55.80526120,37.44635282,163.925,-1482.823,586.026,0.07145,-0.000047,0.00764,4140.39,33.2,34.1,36.0,36.3
4143.0,55.80526184,37.44636873,163.934,-1481.826,586.096,0.07122,-0.000307,0.00759,4141.39,33.2,34.2,36.0,36.3
4144.0,55.80526248,37.44638463,163.942,-1480.828,586.168,0.07081,-0.000519,0.00754,4142.39,33.3,34.4,36.0,36.3
4145.0,55.80526311,37.44640054,163.950,-1479.831,586.238,0.06906,-0.000680,0.00749,4143.39,33.3,34.5,36.1,36.3
4146.0,55.80526373,37.44641645,163.958,-1478.833,586.306,0.06872,-0.000790,0.00743,4144.39,33.4,34.6,36.1,36.3
4147.0,55.80526435,37.44643236,163.966,-1477.835,586.375,0.06907,-0.000840,0.00738,4145.38,33.4,34.7,36.2,36.3
4148.0,55.80526497,37.44644827,163.973,-1476.838,586.444,0.06716,-0.000814,0.00733,4146.38,33.5,34.7,36.2,36.3
4149.0,55.80526556,37.44646418,163.980,-1475.840,586.509,0.06552,-0.000696,0.00728,4147.38,33.5,34.8,36.2,36.3
4150.0,55.80526616,37.44648010,163.987,-1474.842,586.575,0.06360,-0.000488,0.00724,4148.38,33.6,34.9,36.3,36.3
4151.0,55.80526671,37.44649601,163.993,-1473.844,586.636,0.06234,-0.000216,0.00721,4149.38,33.7,34.9,36.3,36.3
4152.0,55.80526728,37.44651193,164.000,-1472.846,586.700,0.06363,0.000077,0.00718,4150.37,33.8,35.0,36.3,36.3
4153.0,55.80526786,37.44652784,164.006,-1471.848,586.764,0.06481,0.000339,0.00716,4151.37,33.9,35.0,36.3,36.3
4154.0,55.80526845,37.44654376,164.012,-1470.850,586.829,0.06507,0.000529,0.00714,4152.37,34.0,35.1,36.3,36.3
4155.0,55.80526903,37.44655967,164.018,-1469.852,586.894,0.06586,0.000617,0.00714,4153.37,34.2,35.2,36.3,36.3
4156.0,55.80526964,37.44657558,164.024,-1468.855,586.961,0.06725,0.000584,0.00714,4154.37,34.2,35.2,36.2,36.3
4157.0,55.80527025,37.44659149,164.030,-1467.857,587.028,0.06744,0.000433,0.00716,4155.36,34.3,35.2,36.2,36.3
4158.0,55.80527086,37.44660740,164.036,-1466.859,587.096,0.06972,0.000195,0.00718,4156.36,34.4,35.3,36.2,36.3
4159.0,55.80527150,37.44662331,164.042,-1465.862,587.167,0.07210,-0.000067,0.00722,4157.36,34.5,35.3,36.2,36.3
4160.0,55.80527216,37.44663921,164.049,-1464.864,587.240,0.06967,-0.000273,0.00726,4158.36,34.6,35.3,36.2,36.3
4161.0,55.80527276,37.44665512,164.055,-1463.867,587.307,0.06674,-0.000359,0.00731,4159.36,34.6,35.4,36.1,36.3
4162.0,55.80527336,37.44667104,164.062,-1462.869,587.373,0.06437,-0.000311,0.00737,4160.36,34.7,35.4,36.0,36.2
4163.0,55.80527392,37.44668695,164.069,-1461.871,587.435,0.06390,-0.000162,0.00743,4161.35,34.8,35.4,36.0,36.2
4164.0,55.80527451,37.44670287,164.077,-1460.873,587.501,0.06576,0.000023,0.00750,4162.35,34.8,35.5,35.9,36.2
4165.0,55.80527511,37.44671878,164.084,-1459.875,587.567,0.06673,0.000193,0.00757,4163.35,34.9,35.5,35.9,36.1
4166.0,55.80527572,37.44673469,164.092,-1458.877,587.634,0.06876,0.000325,0.00764,4164.35,34.9,35.5,35.9,36.1
4167.0,55.80527635,37.44675060,164.100,-1457.880,587.704,0.06812,0.000417,0.00771,4165.35,34.9,35.5,35.8,36.0
4168.0,55.80527695,37.44676651,164.108,-1456.882,587.770,0.06486,0.000460,0.00778,4166.35,35.0,35.5,35.8,36.0
4169.0,55.80527752,37.44678242,164.116,-1455.884,587.834,0.06632,0.000422,0.00784,4167.35,35.0,35.5,35.8,35.9
4170.0,55.80527814,37.44679833,164.124,-1454.886,587.903,0.07037,0.000260,0.00791,4168.34,35.0,35.6,35.8,35.9
4171.0,55.80527879,37.44681424,164.132,-1453.889,587.974,0.07150,-0.000041,0.00796,4169.34,35.0,35.6,35.8,35.9
4172.0,55.80527943,37.44683015,164.141,-1452.891,588.046,0.07184,-0.000439,0.00801,4170.34,35.0,35.6,35.8,35.9
4173.0,55.80528008,37.44684605,164.149,-1451.894,588.118,0.07173,-0.000831,0.00805,4171.34,35.0,35.6,35.8,35.9
4174.0,55.80528073,37.44686196,164.158,-1450.897,588.189,0.06968,-0.001086,0.00808,4172.34,35.0,35.6,35.9,35.9
4175.0,55.80528134,37.44687787,164.167,-1449.899,588.257,0.06599,-0.001099,0.00811,4173.34,34.9,35.6,35.9,35.9
4176.0,55.80528192,37.44689378,164.176,-1448.901,588.321,0.06009,-0.000841,0.00812,4174.33,35.0,35.6,35.9,36.0
4177.0,55.80528242,37.44690970,164.185,-1447.903,588.377,0.05860,-0.000374,0.00813,4175.33,35.0,35.6,36.0,36.0
4178.0,55.80528297,37.44692562,164.194,-1446.904,588.438,0.05996,0.000183,0.00812,4176.33,35.1,35.7,36.0,36.1
4179.0,55.80528351,37.44694154,164.204,-1445.906,588.497,0.06256,0.000705,0.00811,4177.33,35.1,35.7,36.1,36.1
4180.0,55.80528410,37.44695745,164.213,-1444.908,588.563,0.06739,0.001101,0.00808,4178.33,35.1,35.7,36.1,36.2
4181.0,55.80528472,37.44697336,164.222,-1443.911,588.632,0.06647,0.001333,0.00805,4179.32,35.1,35.7,36.2,36.2
4182.0,55.80528530,37.44698928,164.231,-1442.913,588.696,0.06542,0.001386,0.00802,4180.32,35.2,35.7,36.2,36.3
4183.0,55.80528590,37.44700519,164.240,-1441.915,588.762,0.06963,0.001260,0.00798,4181.32,35.2,35.8,36.2,36.3
4184.0,55.80528656,37.44702109,164.249,-1440.918,588.835,0.07367,0.000958,0.00794,4182.32,35.2,35.8,36.3,36.3
4185.0,55.80528723,37.44703700,164.257,-1439.920,588.910,0.07434,0.000508,0.00789,4183.32,35.2,35.8,36.3,36.4
4186.0,55.80528790,37.44705290,164.265,-1438.923,588.984,0.07484,-0.000027,0.00785,4184.32,35.2,35.8,36.3,36.4
4187.0,55.80528858,37.44706880,164.272,-1437.926,589.059,0.07470,-0.000550,0.00781,4185.32,35.2,35.9,36.3,36.4
4188.0,55.80528924,37.44708470,164.279,-1436.929,589.133,0.07369,-0.000958,0.00777,4186.31,35.2,35.9,36.3,36.4
4189.0,55.80528991,37.44710061,164.286,-1435.931,589.206,0.07067,-0.001182,0.00773,4187.31,35.2,35.9,36.3,36.4
4190.0,55.80529052,37.44711652,164.292,-1434.934,589.274,0.06371,-0.001204,0.00770,4188.31,35.2,36.0,36.3,36.5
4191.0,55.80529106,37.44713244,164.299,-1433.936,589.334,0.06391,-0.001055,0.00768,4189.31,35.3,36.0,36.3,36.4
4192.0,55.80529167,37.44714835,164.305,-1432.938,589.402,0.06691,-0.000788,0.00767,4190.31,35.3,36.0,36.3,36.4
4193.0,55.80529227,37.44716426,164.311,-1431.940,589.468,0.06560,-0.000445,0.00766,4191.31,35.4,36.0,36.3,36.4
4194.0,55.80529285,37.44718017,164.317,-1430.942,589.533,0.06302,-0.000060,0.00767,4192.30,35.4,36.0,36.3,36.3
4195.0,55.80529340,37.44719609,164.324,-1429.944,589.593,0.06281,0.000332,0.00768,4193.30,35.4,36.0,36.3,36.3
4196.0,55.80529399,37.44721200,164.331,-1428.946,589.658,0.06237,0.000670,0.00771,4194.30,35.5,36.0,36.3,36.3
4197.0,55.80529453,37.44722792,164.338,-1427.948,589.718,0.06405,0.000872,0.00774,4195.30,35.5,36.0,36.3,36.3
4198.0,55.80529514,37.44724383,164.345,-1426.950,589.786,0.06906,0.000872,0.00778,4196.30,35.5,36.0,36.2,36.3
4199.0,55.80529577,37.44725974,164.353,-1425.953,589.856,0.07043,0.000662,0.00783,4197.30,35.5,36.0,36.2,36.3
4200.0,55.80529641,37.44727565,164.361,-1424.955,589.927,0.07404,0.000315,0.00788,4198.30,35.5,36.0,36.2,36.2
4201.0,55.80529711,37.44729155,164.369,-1423.958,590.004,0.07326,-0.000037,0.00794,4199.30,35.5,36.0,36.2,36.2
4202.0,55.80529773,37.44730746,164.377,-1422.961,590.074,0.06922,-0.000257,0.00801,4200.29,35.4,36.0,36.2,36.2
4203.0,55.80529836,37.44732336,164.385,-1421.963,590.142,0.06754,-0.000263,0.00808,4201.29,35.4,35.9,36.1,36.2
4204.0,55.80529895,37.44733928,164.393,-1420.965,590.208,0.06349,-0.000069,0.00816,4202.29,35.3,35.9,36.1,36.2
4205.0,55.80529950,37.44735519,164.401,-1419.967,590.269,0.06381,0.000235,0.00823,4203.29,35.3,35.9,36.1,36.2
4206.0,55.80530010,37.44737111,164.410,-1418.969,590.336,0.06870,0.000524,0.00831,4204.29,35.3,35.9,36.1,36.2
4207.0,55.80530074,37.44738701,164.418,-1417.972,590.407,0.07043,0.000693,0.00838,4205.29,35.2,35.8,36.0,36.2
4208.0,55.80530137,37.44740292,164.427,-1416.974,590.477,0.07079,0.000687,0.00845,4206.29,35.2,35.8,36.0,36.2
4209.0,55.80530202,37.44741883,164.435,-1415.977,590.548,0.07112,0.000501,0.00853,4207.29,35.2,35.7,36.0,36.2
4210.0,55.80530266,37.44743473,164.444,-1414.979,590.619,0.07319,0.000172,0.00859,4208.29,35.2,35.7,35.9,36.2
4211.0,55.80530334,37.44745064,164.453,-1413.982,590.694,0.07362,-0.000235,0.00866,4209.29,35.2,35.7,35.9,36.2
4212.0,55.80530398,37.44746654,164.462,-1412.985,590.766,0.07460,-0.000634,0.00871,4210.29,35.2,35.6,35.9,36.2
4213.0,55.80530468,37.44748244,164.471,-1411.988,590.843,0.07319,-0.000941,0.00876,4211.29,35.2,35.6,35.8,36.2
4214.0,55.80530530,37.44749835,164.480,-1410.990,590.912,0.06625,-0.001088,0.00881,4212.29,35.2,35.6,35.8,36.2
4215.0,55.80530588,37.44751426,164.489,-1409.992,590.976,0.06541,-0.001052,0.00885,4213.29,35.2,35.5,35.8,36.2
4216.0,55.80530648,37.44753018,164.499,-1408.994,591.043,0.06686,-0.000851,0.00888,4214.29,35.2,35.5,35.8,36.2
4217.0,55.80530708,37.44754609,164.508,-1407.997,591.109,0.06522,-0.000541,0.00890,4215.29,35.2,35.5,35.8,36.1
4218.0,55.80530766,37.44756200,164.518,-1406.999,591.173,0.06129,-0.000195,0.00891,4216.28,35.2,35.5,35.7,36.1
4219.0,55.80530819,37.44757792,164.527,-1406.000,591.232,0.06251,0.000110,0.00892,4217.28,35.2,35.5,35.7,36.1
4220.0,55.80530879,37.44759383,164.537,-1405.002,591.298,0.06709,0.000319,0.00891,4218.28,35.2,35.5,35.7,36.1
4221.0,55.80530940,37.44760974,164.546,-1404.005,591.366,0.06739,0.000409,0.00890,4219.28,35.2,35.5,35.7,36.1
4222.0,55.80531000,37.44762566,164.556,-1403.007,591.433,0.06683,0.000394,0.00888,4220.28,35.2,35.5,35.8,36.1
4223.0,55.80531060,37.44764157,164.565,-1402.009,591.500,0.06808,0.000310,0.00885,4221.28,35.2,35.5,35.8,36.0
4224.0,55.80531123,37.44765748,164.575,-1401.012,591.569,0.06804,0.000195,0.00882,4222.28,35.2,35.5,35.8,36.0
4225.0,55.80531183,37.44767339,164.584,-1400.014,591.635,0.06717,0.000074,0.00878,4223.28,35.3,35.5,35.9,35.9
4226.0,55.80531244,37.44768930,164.593,-1399.016,591.703,0.06735,-0.000041,0.00873,4224.28,35.3,35.5,35.9,36.0
4227.0,55.80531305,37.44770521,164.603,-1398.018,591.770,0.06799,-0.000140,0.00868,4225.27,35.3,35.6,35.9,36.0
4228.0,55.80531367,37.44772112,164.612,-1397.021,591.839,0.06868,-0.000204,0.00863,4226.27,35.3,35.6,35.9,36.0
4229.0,55.80531428,37.44773703,164.620,-1396.023,591.907,0.06767,-0.000205,0.00857,4227.27,35.3,35.6,36.0,36.0
4230.0,55.80531489,37.44775294,164.629,-1395.025,591.974,0.06565,-0.000123,0.00851,4228.27,35.3,35.6,36.0,36.0
4231.0,55.80531547,37.44776885,164.637,-1394.027,592.039,0.06482,0.000037,0.00844,4229.27,35.3,35.6,36.0,36.1
4232.0,55.80531606,37.44778477,164.646,-1393.030,592.104,0.06511,0.000231,0.00838,4230.27,35.3,35.7,36.0,36.1
4233.0,55.80531664,37.44780068,164.654,-1392.032,592.169,0.06572,0.000393,0.00832,4231.27,35.4,35.7,36.1,36.1
4234.0,55.80531724,37.44781659,164.662,-1391.034,592.235,0.06615,0.000463,0.00826,4232.27,35.4,35.7,36.1,36.2
4235.0,55.80531784,37.44783250,164.670,-1390.036,592.301,0.06865,0.000413,0.00821,4233.27,35.4,35.7,36.1,36.2
4236.0,55.80531848,37.44784841,164.677,-1389.039,592.372,0.07406,0.000266,0.00816,4234.27,35.4,35.7,36.1,36.2
4237.0,55.80531917,37.44786431,164.685,-1388.042,592.449,0.07077,0.000081,0.00812,4235.26,35.4,35.7,36.2,36.2
4238.0,55.80531976,37.44788022,164.693,-1387.044,592.514,0.06535,-0.000087,0.00808,4236.26,35.4,35.7,36.2,36.2
4239.0,55.80532035,37.44789614,164.700,-1386.046,592.579,0.06787,-0.000206,0.00805,4237.26,35.4,35.8,36.2,36.3
4240.0,55.80532098,37.44791205,164.708,-1385.048,592.649,0.07019,-0.000283,0.00804,4238.26,35.4,35.8,36.2,36.3
4241.0,55.80532161,37.44792795,164.716,-1384.051,592.720,0.06849,-0.000342,0.00803,4239.26,35.4,35.8,36.2,36.3
4242.0,55.80532222,37.44794386,164.723,-1383.053,592.786,0.06507,-0.000406,0.00803,4240.26,35.4,35.8,36.2,36.3
4243.0,55.80532279,37.44795978,164.731,-1382.055,592.850,0.06831,-0.000479,0.00805,4241.26,35.4,35.8,36.2,36.3
4244.0,55.80532345,37.44797568,164.738,-1381.058,592.923,0.06957,-0.000539,0.00808,4242.26,35.4,35.9,36.2,36.3
4245.0,55.80532404,37.44799160,164.746,-1380.060,592.989,0.06501,-0.000543,0.00812,4243.26,35.4,35.9,36.2,36.3
4246.0,55.80532462,37.44800751,164.753,-1379.062,593.053,0.06457,-0.000442,0.00818,4244.26,35.3,35.9,36.2,36.3
4247.0,55.80532521,37.44802342,164.760,-1378.064,593.118,0.06526,-0.000210,0.00825,4245.26,35.3,35.8,36.2,36.3
4248.0,55.80532580,37.44803934,164.767,-1377.066,593.183,0.06376,0.000135,0.00834,4246.26,35.3,35.8,36.2,36.3
4249.0,55.80532636,37.44805525,164.774,-1376.068,593.245,0.05912,0.000518,0.00844,4247.26,35.3,35.8,36.2,36.3
4250.0,55.80532686,37.44807118,164.781,-1375.070,593.301,0.06198,0.000829,0.00855,4248.26,35.3,35.7,36.2,36.3
4251.0,55.80532748,37.44808709,164.788,-1374.072,593.369,0.06802,0.000969,0.00868,4249.26,35.3,35.7,36.2,36.2
4252.0,55.80532809,37.44810300,164.796,-1373.074,593.437,0.07149,0.000896,0.00883,4250.26,35.2,35.6,36.2,36.2
4253.0,55.80532877,37.44811890,164.804,-1372.077,593.512,0.07247,0.000645,0.00898,4251.26,35.2,35.6,36.1,36.2
4254.0,55.80532940,37.44813481,164.812,-1371.080,593.582,0.07170,0.000305,0.00915,4252.26,35.1,35.5,36.1,36.2
4255.0,55.80533006,37.44815071,164.820,-1370.082,593.655,0.07080,-0.000031,0.00933,4253.25,35.1,35.5,36.1,36.2
4256.0,55.80533067,37.44816662,164.829,-1369.085,593.724,0.06738,-0.000305,0.00952,4254.25,35.0,35.4,36.1,36.2
4257.0,55.80533127,37.44818253,164.838,-1368.087,593.790,0.06889,-0.000492,0.00971,4255.25,35.0,35.4,36.0,36.2
4258.0,55.80533192,37.44819844,164.848,-1367.089,593.861,0.07031,-0.000585,0.00991,4256.25,34.9,35.3,36.0,36.2
4259.0,55.80533254,37.44821435,164.858,-1366.092,593.930,0.06907,-0.000574,0.01012,4257.25,34.9,35.3,36.0,36.2
4260.0,55.80533316,37.44823026,164.868,-1365.094,593.999,0.06656,-0.000449,0.01033,4258.25,34.9,35.2,35.9,36.2
4261.0,55.80533374,37.44824617,164.879,-1364.096,594.063,0.06411,-0.000222,0.01054,4259.25,34.8,35.2,35.8,36.2
4262.0,55.80533432,37.44826209,164.890,-1363.098,594.127,0.06192,0.000059,0.01076,4260.25,34.8,35.2,35.8,36.2
4263.0,55.80533486,37.44827800,164.902,-1362.100,594.187,0.06461,0.000322,0.01097,4261.25,34.8,35.2,35.7,36.2
4264.0,55.80533548,37.44829391,164.913,-1361.102,594.257,0.07063,0.000499,0.01118,4262.24,34.8,35.2,35.6,36.2
4265.0,55.80533613,37.44830982,164.925,-1360.105,594.328,0.06861,0.000546,0.01139,4263.24,34.8,35.2,35.5,36.2
4266.0,55.80533672,37.44832573,164.937,-1359.107,594.394,0.06587,0.000448,0.01159,4264.24,34.8,35.2,35.5,36.1
4267.0,55.80533732,37.44834164,164.949,-1358.109,594.460,0.06954,0.000221,0.01179,4265.24,34.8,35.2,35.5,36.0
4268.0,55.80533797,37.44835755,164.961,-1357.112,594.533,0.07408,-0.000099,0.01198,4266.24,34.9,35.2,35.5,36.0
4269.0,55.80533865,37.44837345,164.974,-1356.115,594.608,0.07105,-0.000447,0.01217,4267.24,34.9,35.2,35.5,35.9
4270.0,55.80533926,37.44838936,164.987,-1355.117,594.675,0.06640,-0.000732,0.01235,4268.24,34.9,35.2,35.4,35.8
4271.0,55.80533985,37.44840527,164.999,-1354.119,594.741,0.06964,-0.000855,0.01252,4269.24,34.9,35.2,35.4,35.8
4272.0,55.80534051,37.44842118,165.012,-1353.122,594.814,0.07066,-0.000747,0.01268,4270.24,35.0,35.2,35.4,35.8
4273.0,55.80534113,37.44843709,165.026,-1352.124,594.882,0.06047,-0.000411,0.01283,4271.24,35.0,35.2,35.4,35.7
4274.0,55.80534160,37.44845301,165.039,-1351.126,594.935,0.05403,0.000056,0.01298,4272.24,35.0,35.2,35.4,35.7
4275.0,55.80534210,37.44846894,165.052,-1350.127,594.990,0.06239,0.000498,0.01311,4273.24,35.0,35.2,35.4,35.6
4276.0,55.80534273,37.44848484,165.066,-1349.130,595.059,0.07026,0.000766,0.01323,4274.24,35.0,35.2,35.4,35.6
4277.0,55.80534337,37.44850075,165.079,-1348.132,595.130,0.06956,0.000791,0.01334,4275.24,35.0,35.2,35.4,35.6
4278.0,55.80534398,37.44851666,165.093,-1347.134,595.198,0.06965,0.000602,0.01344,4276.24,35.0,35.2,35.4,35.5
4279.0,55.80534462,37.44853257,165.107,-1346.137,595.270,0.07124,0.000301,0.01353,4277.24,35.0,35.2,35.4,35.5
4280.0,55.80534527,37.44854847,165.121,-1345.139,595.341,0.07071,0.000000,0.01361,4278.24,35.0,35.3,35.4,35.5
4281.0,55.80534590,37.44856438,165.136,-1344.142,595.411,0.06795,-0.000215,0.01367,4279.24,34.9,35.3,35.4,35.5
4282.0,55.80534649,37.44858029,165.150,-1343.144,595.477,0.06665,-0.000309,0.01372,4280.24,34.9,35.3,35.4,35.5
4283.0,55.80534710,37.44859621,165.165,-1342.146,595.544,0.06855,-0.000282,0.01376,4281.24,34.9,35.3,35.5,35.5
4284.0,55.80534773,37.44861211,165.179,-1341.149,595.614,0.06870,-0.000163,0.01379,4282.24,34.9,35.3,35.5,35.5
4285.0,55.80534834,37.44862802,165.194,-1340.151,595.681,0.06404,0.000000,0.01380,4283.24,34.8,35.3,35.5,35.5
4286.0,55.80534888,37.44864394,165.209,-1339.153,595.742,0.06445,0.000148,0.01380,4284.24,34.8,35.4,35.5,35.6
4287.0,55.80534950,37.44865985,165.224,-1338.155,595.810,0.06866,0.000226,0.01379,4285.23,34.8,35.4,35.5,35.6
4288.0,55.80535012,37.44867576,165.239,-1337.158,595.879,0.06978,0.000200,0.01376,4286.23,34.7,35.4,35.5,35.6
4289.0,55.80535076,37.44869167,165.253,-1336.160,595.950,0.06984,0.000075,0.01372,4287.23,34.7,35.4,35.5,35.6
4290.0,55.80535138,37.44870758,165.268,-1335.163,596.018,0.06881,-0.000111,0.01367,4288.23,34.6,35.4,35.6,35.6
4291.0,55.80535200,37.44872349,165.282,-1334.165,596.087,0.06878,-0.000296,0.01361,4289.23,34.6,35.4,35.6,35.6
4292.0,55.80535262,37.44873940,165.296,-1333.167,596.156,0.06917,-0.000413,0.01353,4290.23,34.6,35.4,35.6,35.6
4293.0,55.80535325,37.44875531,165.310,-1332.170,596.225,0.06778,-0.000402,0.01345,4291.23,34.6,35.4,35.6,35.6
4294.0,55.80535384,37.44877122,165.324,-1331.172,596.291,0.06536,-0.000235,0.01335,4292.22,34.6,35.4,35.6,35.7
4295.0,55.80535443,37.44878713,165.337,-1330.174,596.356,0.06435,0.000073,0.01324,4293.22,34.6,35.4,35.6,35.7
4296.0,55.80535500,37.44880305,165.350,-1329.176,596.420,0.06379,0.000445,0.01311,4294.22,34.6,35.4,35.6,35.7
4297.0,55.80535558,37.44881896,165.364,-1328.178,596.483,0.06341,0.000763,0.01298,4295.22,34.6,35.4,35.6,35.7
4298.0,55.80535615,37.44883488,165.377,-1327.180,596.547,0.06596,0.000907,0.01284,4296.22,34.6,35.5,35.6,35.7
4299.0,55.80535677,37.44885079,165.390,-1326.182,596.615,0.07345,0.000806,0.01269,4297.22,34.6,35.5,35.7,35.7
4300.0,55.80535747,37.44886668,165.403,-1325.185,596.693,0.07536,0.000478,0.01252,4298.22,34.6,35.5,35.7,35.7
4301.0,55.80535812,37.44888259,165.416,-1324.188,596.766,0.07179,0.000028,0.01235,4299.22,34.6,35.5,35.7,35.8
4302.0,55.80535876,37.44889850,165.429,-1323.191,596.837,0.07480,-0.000391,0.01217,4300.21,34.6,35.5,35.7,35.8
4303.0,55.80535947,37.44891439,165.442,-1322.194,596.915,0.07233,-0.000644,0.01197,4301.21,34.6,35.5,35.7,35.8
4304.0,55.80536007,37.44893031,165.454,-1321.196,596.981,0.06528,-0.000674,0.01177,4302.21,34.6,35.5,35.7,35.8
4305.0,55.80536065,37.44894622,165.467,-1320.198,597.046,0.06349,-0.000521,0.01156,4303.21,34.6,35.5,35.8,35.8
4306.0,55.80536121,37.44896214,165.479,-1319.200,597.108,0.06457,-0.000296,0.01135,4304.21,34.6,35.6,35.8,35.9
4307.0,55.80536181,37.44897805,165.491,-1318.202,597.175,0.06774,-0.000115,0.01112,4305.21,34.6,35.6,35.8,35.9
4308.0,55.80536243,37.44899396,165.502,-1317.204,597.244,0.06934,-0.000042,0.01089,4306.20,34.7,35.6,35.8,36.0
4309.0,55.80536306,37.44900987,165.514,-1316.207,597.313,0.07038,-0.000072,0.01065,4307.20,34.7,35.7,35.9,36.0
4310.0,55.80536370,37.44902577,165.525,-1315.209,597.384,0.07030,-0.000158,0.01041,4308.20,34.7,35.7,35.9,36.1
4311.0,55.80536433,37.44904168,165.535,-1314.212,597.454,0.06413,-0.000264,0.01016,4309.20,34.7,35.7,35.9,36.1
4312.0,55.80536486,37.44905760,165.546,-1313.214,597.512,0.06259,-0.000386,0.00992,4310.20,34.7,35.7,36.0,36.1
4313.0,55.80536546,37.44907351,165.556,-1312.216,597.579,0.06929,-0.000534,0.00967,4311.19,34.8,35.7,36.0,36.1
4314.0,55.80536611,37.44908942,165.566,-1311.218,597.651,0.07047,-0.000687,0.00942,4312.19,34.8,35.7,36.0,36.2
4315.0,55.80536673,37.44910533,165.575,-1310.221,597.720,0.06734,-0.000776,0.00917,4313.19,34.8,35.7,36.1,36.2
4316.0,55.80536732,37.44912124,165.584,-1309.223,597.785,0.06500,-0.000710,0.00893,4314.19,34.8,35.7,36.1,36.2
4317.0,55.80536790,37.44913715,165.593,-1308.225,597.850,0.05930,-0.000439,0.00869,4315.19,34.8,35.7,36.1,36.2
4318.0,55.80536839,37.44915308,165.601,-1307.226,597.904,0.05801,0.000008,0.00846,4316.18,34.8,35.7,36.2,36.3
4319.0,55.80536895,37.44916899,165.608,-1306.228,597.966,0.05996,0.000520,0.00823,4317.18,34.9,35.7,36.2,36.3
4320.0,55.80536947,37.44918491,165.616,-1305.230,598.024,0.06189,0.000957,0.00802,4318.18,34.9,35.7,36.2,36.3
4321.0,55.80537007,37.44920083,165.622,-1304.232,598.089,0.06593,0.001209,0.00782,4319.18,34.7,35.7,36.2,36.3
4322.0,55.80537066,37.44921674,165.629,-1303.234,598.156,0.06851,0.001237,0.00762,4320.18,34.6,35.7,36.2,36.3
4323.0,55.80537130,37.44923265,165.636,-1302.237,598.226,0.07101,0.001079,0.00745,4321.18,34.4,35.6,36.3,36.3
4324.0,55.80537194,37.44924855,165.642,-1301.239,598.297,0.07078,0.000816,0.00729,4322.18,34.2,35.6,36.3,36.3
4325.0,55.80537258,37.44926446,165.648,-1300.242,598.368,0.07048,0.000547,0.00714,4323.18,34.1,35.6,36.3,36.3
4326.0,55.80537321,37.44928037,165.654,-1299.244,598.438,0.07125,0.000346,0.00701,4324.17,34.0,35.6,36.3,36.3
4327.0,55.80537386,37.44929627,165.660,-1298.247,598.510,0.07126,0.000254,0.00690,4325.17,33.9,35.6,36.3,36.3
4328.0,55.80537450,37.44931218,165.666,-1297.249,598.581,0.06913,0.000262,0.00680,4326.17,33.8,35.6,36.3,36.3
4329.0,55.80537511,37.44932809,165.671,-1296.252,598.648,0.06867,0.000320,0.00672,4327.17,33.6,35.6,36.2,36.3
4330.0,55.80537573,37.44934400,165.677,-1295.254,598.718,0.07025,0.000352,0.00665,4328.17,33.5,35.6,36.2,36.3
4331.0,55.80537637,37.44935991,165.682,-1294.257,598.789,0.07193,0.000284,0.00661,4329.17,33.5,35.6,36.2,36.3
4332.0,55.80537703,37.44937581,165.688,-1293.259,598.862,0.07382,0.000075,0.00657,4330.17,33.5,35.6,36.1,36.3
4333.0,55.80537770,37.44939172,165.693,-1292.262,598.936,0.07439,-0.000260,0.00656,4331.17,33.4,35.6,36.1,36.3
4334.0,55.80537837,37.44940762,165.699,-1291.265,599.010,0.07392,-0.000651,0.00655,4332.17,33.4,35.6,36.0,36.3
4335.0,55.80537903,37.44942352,165.704,-1290.268,599.084,0.07403,-0.000993,0.00655,4333.17,33.3,35.6,36.0,36.3
4336.0,55.80537971,37.44943943,165.710,-1289.270,599.158,0.07093,-0.001183,0.00657,4334.17,33.2,35.5,36.0,36.3
4337.0,55.80538031,37.44945534,165.716,-1288.273,599.226,0.06591,-0.001158,0.00659,4335.17,33.0,35.5,35.9,36.3
4338.0,55.80538089,37.44947125,165.722,-1287.275,599.290,0.06378,-0.000918,0.00662,4336.17,32.8,35.5,35.9,36.2
4339.0,55.80538146,37.44948717,165.728,-1286.277,599.353,0.06296,-0.000517,0.00666,4337.16,32.7,35.5,35.9,36.2
4340.0,55.80538203,37.44950308,165.735,-1285.279,599.416,0.06356,-0.000042,0.00669,4338.16,32.5,35.5,35.9,36.2
4341.0,55.80538261,37.44951900,165.742,-1284.281,599.480,0.06483,0.000429,0.00673,4339.16,32.2,35.4,35.8,36.2
4342.0,55.80538320,37.44953491,165.749,-1283.283,599.545,0.06534,0.000840,0.00676,4340.16,31.9,35.4,35.8,36.1
4343.0,55.80538379,37.44955082,165.756,-1282.285,599.611,0.06688,0.001167,0.00679,4341.16,31.7,35.4,35.8,36.1
4344.0,55.80538440,37.44956673,165.763,-1281.287,599.679,0.06893,0.001395,0.00682,4342.16,31.4,35.3,35.8,36.0
4345.0,55.80538503,37.44958264,165.771,-1280.290,599.748,0.06967,0.001506,0.00683,4343.16,31.1,35.3,35.8,36.0
4346.0,55.80538566,37.44959855,165.779,-1279.292,599.818,0.07075,0.001476,0.00684,4344.16,31.0,35.3,35.7,35.9
4347.0,55.80538631,37.44961445,165.787,-1278.295,599.890,0.07465,0.001284,0.00684,4345.17,30.9,35.2,35.7,35.8
4348.0,55.80538700,37.44963035,165.795,-1277.298,599.967,0.07876,0.000940,0.00682,4346.17,30.7,35.2,35.6,35.8
4349.0,55.80538772,37.44964625,165.803,-1276.301,600.047,0.07849,0.000489,0.00680,4347.17,30.6,35.2,35.5,35.7
4350.0,55.80538842,37.44966215,165.811,-1275.304,600.124,0.07797,0.000011,0.00676,4348.17,30.5,35.1,35.5,35.6
4351.0,55.80538913,37.44967805,165.819,-1274.307,600.203,0.07866,-0.000406,0.00670,4349.17,30.4,34.9,35.3,35.5
4352.0,55.80538984,37.44969394,165.827,-1273.310,600.281,0.07596,-0.000696,0.00664,4350.17,30.3,34.8,35.2,35.5
4353.0,55.80539050,37.44970985,165.835,-1272.313,600.355,0.07205,-0.000832,0.00656,4351.17,30.2,34.6,35.0,35.4
4354.0,55.80539113,37.44972576,165.842,-1271.315,600.425,0.07155,-0.000827,0.00646,4352.17,30.1,34.4,34.9,35.3
4355.0,55.80539179,37.44974166,165.849,-1270.318,600.498,0.07319,-0.000716,0.00635,4353.17,30.0,34.2,34.7,35.3
4356.0,55.80539245,37.44975757,165.856,-1269.321,600.572,0.07218,-0.000544,0.00624,4354.17,29.8,33.9,34.4,35.0
4357.0,55.80539309,37.44977347,165.863,-1268.323,600.642,0.06898,-0.000362,0.00610,4355.17,29.7,33.7,34.1,34.8
4358.0,55.80539370,37.44978938,165.870,-1267.325,600.709,0.06861,-0.000217,0.00596,4356.17,29.5,33.4,33.8,34.5
4359.0,55.80539432,37.44980529,165.876,-1266.328,600.779,0.07035,-0.000152,0.00581,4357.17,29.4,33.1,33.6,34.3
4360.0,55.80539496,37.44982120,165.882,-1265.330,600.850,0.07231,-0.000176,0.00565,4358.17,29.2,32.8,33.3,34.0
4361.0,55.80539563,37.44983710,165.887,-1264.333,600.924,0.07394,-0.000264,0.00547,4359.17,29.0,32.5,32.9,33.7
4362.0,55.80539630,37.44985301,165.893,-1263.336,600.998,0.07206,-0.000358,0.00529,4360.17,28.7,32.2,32.6,33.3
4363.0,55.80539693,37.44986891,165.898,-1262.338,601.068,0.06797,-0.000408,0.00510,4361.17,28.4,31.9,32.3,32.9
4364.0,55.80539752,37.44988483,165.903,-1261.340,601.134,0.06730,-0.000386,0.00491,4362.17,28.2,31.6,31.9,32.6
4365.0,55.80539814,37.44990074,165.908,-1260.343,601.202,0.06893,-0.000300,0.00470,4363.17,27.9,31.3,31.6,32.2
4366.0,55.80539876,37.44991665,165.912,-1259.345,601.271,0.06925,-0.000176,0.00449,4364.17,27.8,31.0,31.3,31.9
4367.0,55.80539939,37.44993255,165.917,-1258.348,601.340,0.06847,-0.000042,0.00426,4365.17,27.7,30.6,31.0,31.6
4368.0,55.80540000,37.44994846,165.921,-1257.350,601.408,0.06764,0.000080,0.00403,4366.18,27.6,30.3,30.7,31.3
4369.0,55.80540061,37.44996438,165.925,-1256.352,601.476,0.06757,0.000178,0.00380,4367.18,27.5,30.0,30.4,31.0
4370.0,55.80540122,37.44998029,165.928,-1255.354,601.543,0.06839,0.000251,0.00355,4368.18,27.4,29.7,30.1,30.6
4371.0,55.80540184,37.44999620,165.932,-1254.357,601.612,0.07082,0.000316,0.00329,4369.18,27.2,29.4,29.8,30.3
4372.0,55.80540249,37.45001210,165.936,-1253.359,601.685,0.07205,0.000403,0.00303,4370.18,27.0,29.1,29.6,29.9
4373.0,55.80540314,37.45002801,165.939,-1252.362,601.756,0.06882,0.000529,0.00276,4371.17,26.9,28.8,29.3,29.5
4374.0,55.80540373,37.45004392,165.943,-1251.364,601.822,0.06732,0.000666,0.00247,4372.17,26.7,28.5,29.0,29.2
4375.0,55.80540435,37.45005983,165.947,-1250.367,601.891,0.06953,0.000732,0.00219,4373.17,26.5,28.2,28.7,28.8
4376.0,55.80540499,37.45007574,165.950,-1249.369,601.961,0.07087,0.000633,0.00189,4374.17,26.2,27.9,28.4,28.5
4377.0,55.80540563,37.45009164,165.953,-1248.372,602.032,0.07457,0.000323,0.00159,4375.17,25.9,27.6,28.1,28.2
4378.0,55.80540633,37.45010754,165.956,-1247.375,602.110,0.08019,-0.000134,0.00129,4376.17,25.6,27.3,27.7,27.9
4379.0,55.80540707,37.45012343,165.959,-1246.378,602.193,0.08123,-0.000572,0.00099,4377.17,25.3,27.0,27.4,27.5
4380.0,55.80540779,37.45013933,165.961,-1245.381,602.273,0.07377,-0.000799,0.00068,4378.17,25.1,26.7,27.1,27.2
4381.0,55.80540840,37.45015524,165.962,-1244.384,602.340,0.06469,-0.000703,0.00038,4379.17,24.7,26.4,26.8,27.0
4382.0,55.80540896,37.45017116,165.963,-1243.385,602.402,0.06187,-0.000314,0.00009,4380.17,24.3,26.1,26.6,26.8
4383.0,55.80540952,37.45018707,165.963,-1242.387,602.464,0.06523,0.000207,-0.00020,4381.17,24.0,25.8,26.3,26.6
4384.0,55.80541013,37.45020298,165.962,-1241.390,602.532,0.07102,0.000656,-0.00047,4382.17,23.6,25.5,26.0,26.4
4385.0,55.80541080,37.45021889,165.960,-1240.392,602.606,0.07327,0.000878,-0.00073,4383.17,23.3,25.3,25.8,26.2
4386.0,55.80541145,37.45023479,165.958,-1239.395,602.679,0.07364,0.000809,-0.00097,4384.17,23.0,24.9,25.4,26.2
4387.0,55.80541212,37.45025070,165.954,-1238.398,602.753,0.07496,0.000479,-0.00119,4385.17,22.7,24.6,25.0,26.1
4388.0,55.80541280,37.45026660,165.951,-1237.401,602.828,0.07584,-0.000017,-0.00139,4386.17,22.4,24.3,24.7,26.1
4389.0,55.80541349,37.45028250,165.946,-1236.404,602.904,0.07814,-0.000544,-0.00157,4387.17,22.1,24.0,24.3,26.1
4390.0,55.80541421,37.45029839,165.942,-1235.407,602.985,0.07764,-0.000954,-0.00172,4388.18,21.8,23.6,23.9,26.0
4391.0,55.80541489,37.45031430,165.937,-1234.410,603.059,0.07110,-0.001125,-0.00185,4389.18,21.5,23.2,23.5,25.8
4392.0,55.80541549,37.45033021,165.932,-1233.412,603.127,0.06703,-0.001008,-0.00194,4390.18,21.1,22.8,23.2,25.6
4393.0,55.80541610,37.45034612,165.927,-1232.414,603.193,0.06486,-0.000655,-0.00202,4391.18,20.8,22.5,22.8,25.3
4394.0,55.80541666,37.45036204,165.922,-1231.416,603.256,0.06336,-0.000208,-0.00206,4392.18,20.5,22.1,22.4,25.1
4395.0,55.80541724,37.45037795,165.918,-1230.418,603.320,0.06544,0.000166,-0.00208,4393.18,20.2,21.7,22.0,24.9
4396.0,55.80541784,37.45039386,165.914,-1229.420,603.387,0.07039,0.000353,-0.00208,4394.18,19.8,21.2,21.6,24.8
4397.0,55.80541851,37.45040976,165.911,-1228.423,603.461,0.07385,0.000350,-0.00206,4395.18,19.4,20.8,21.2,24.7
4398.0,55.80541917,37.45042567,165.908,-1227.426,603.535,0.07454,0.000259,-0.00202,4396.18,19.1,20.3,20.7,24.7
4399.0,55.80541985,37.45044157,165.905,-1226.429,603.610,0.07129,0.000222,-0.00196,4397.18,18.7,19.9,20.3,24.6
4400.0,55.80542046,37.45045748,165.904,-1225.431,603.677,0.06583,0.000342,-0.00188,4398.18,18.3,19.4,19.9,24.5
4401.0,55.80542104,37.45047340,165.902,-1224.433,603.741,0.06682,0.000623,-0.00180,4399.18,17.9,19.0,19.4,24.5
4402.0,55.80542166,37.45048930,165.901,-1223.435,603.811,0.06863,0.000979,-0.00170,4400.18,17.5,18.5,18.9,24.4
4403.0,55.80542227,37.45050521,165.900,-1222.438,603.878,0.07040,0.001281,-0.00160,4401.18,17.1,18.1,18.5,24.3
4404.0,55.80542293,37.45052112,165.899,-1221.440,603.951,0.07521,0.001415,-0.00149,4402.18,16.7,17.6,18.0,24.2
4405.0,55.80542363,37.45053702,165.899,-1220.443,604.029,0.07742,0.001323,-0.00138,4403.18,16.3,17.2,17.6,24.1
4406.0,55.80542432,37.45055292,165.898,-1219.446,604.106,0.07870,0.001005,-0.00127,4404.18,15.9,16.8,17.2,23.7
4407.0,55.80542505,37.45056881,165.897,-1218.450,604.186,0.07999,0.000514,-0.00116,4405.18,15.5,16.4,16.9,23.4
4408.0,55.80542577,37.45058471,165.897,-1217.453,604.266,0.08069,-0.000056,-0.00104,4406.18,15.1,16.0,16.6,23.0
4409.0,55.80542650,37.45060060,165.896,-1216.456,604.347,0.08199,-0.000585,-0.00094,4407.18,14.7,15.6,16.2,22.7
4410.0,55.80542724,37.45061650,165.895,-1215.459,604.430,0.08030,-0.000951,-0.00083,4408.18,14.3,15.2,15.9,22.3
4411.0,55.80542794,37.45063240,165.895,-1214.462,604.507,0.07595,-0.001069,-0.00073,4409.18,14.2,15.1,15.8,21.9
4412.0,55.80542861,37.45064830,165.894,-1213.465,604.581,0.07104,-0.000936,-0.00063,4410.18,14.2,14.9,15.6,21.5
4413.0,55.80542922,37.45066421,165.893,-1212.468,604.649,0.06636,-0.000644,-0.00053,4411.18,14.1,14.8,15.5,21.1
4414.0,55.80542981,37.45068012,165.893,-1211.470,604.714,0.06869,-0.000332,-0.00044,4412.18,14.1,14.6,15.3,20.7
4415.0,55.80543046,37.45069603,165.893,-1210.472,604.787,0.07650,-0.000119,-0.00035,4413.18,14.0,14.5,15.2,20.3
4416.0,55.80543118,37.45071192,165.892,-1209.476,604.867,0.07758,-0.000042,-0.00026,4414.19,14.1,14.5,15.3,19.9
4417.0,55.80543186,37.45072783,165.892,-1208.478,604.942,0.07303,-0.000057,-0.00017,4415.19,14.1,14.5,15.4,19.5
4418.0,55.80543250,37.45074373,165.893,-1207.481,605.013,0.07165,-0.000086,-0.00008,4416.19,14.2,14.6,15.5,19.1
4419.0,55.80543315,37.45075964,165.893,-1206.483,605.085,0.07290,-0.000083,0.00002,4417.19,14.2,14.6,15.6,18.8
4420.0,55.80543381,37.45077554,165.894,-1205.486,605.158,0.07121,-0.000064,0.00011,4418.19,14.3,14.6,15.7,18.4
4421.0,55.80543443,37.45079145,165.894,-1204.489,605.227,0.06980,-0.000093,0.00021,4419.19,14.2,14.6,15.6,18.3
4422.0,55.80543507,37.45080736,165.895,-1203.491,605.298,0.07300,-0.000227,0.00032,4420.19,14.2,14.6,15.6,18.3
4423.0,55.80543575,37.45082326,165.895,-1202.494,605.373,0.07614,-0.000461,0.00044,4421.19,14.2,14.6,15.6,18.3
4424.0,55.80543644,37.45083916,165.895,-1201.497,605.450,0.07709,-0.000712,0.00056,4422.19,14.2,14.6,15.5,18.2
4425.0,55.80543714,37.45085506,165.895,-1200.500,605.527,0.07304,-0.000851,0.00070,4423.18,14.2,14.5,15.5,18.2
4426.0,55.80543776,37.45087097,165.895,-1199.502,605.596,0.06751,-0.000782,0.00084,4424.18,14.1,14.5,15.4,18.2
4427.0,55.80543835,37.45088688,165.894,-1198.504,605.662,0.06513,-0.000508,0.00099,4425.18,14.1,14.5,15.3,18.1
4428.0,55.80543893,37.45090280,165.893,-1197.506,605.726,0.06209,-0.000145,0.00116,4426.18,14.0,14.4,15.3,18.1
4429.0,55.80543947,37.45091872,165.893,-1196.508,605.786,0.06432,0.000140,0.00134,4427.18,14.0,14.4,15.2,18.1
4430.0,55.80544009,37.45093463,165.892,-1195.511,605.855,0.07243,0.000232,0.00152,4428.18,14.0,14.4,15.1,18.0
4431.0,55.80544078,37.45095053,165.892,-1194.513,605.931,0.07555,0.000142,0.00172,4429.18,14.0,14.4,15.1,18.0
4432.0,55.80544145,37.45096643,165.892,-1193.516,606.006,0.07421,0.000011,0.00193,4430.18,14.0,14.4,15.0,17.9
4433.0,55.80544211,37.45098233,165.893,-1192.519,606.079,0.07093,0.000016,0.00215,4431.18,14.0,14.4,15.0,17.9
4434.0,55.80544273,37.45099824,165.894,-1191.521,606.147,0.06479,0.000251,0.00238,4432.18,14.0,14.5,15.0,17.8
4435.0,55.80544328,37.45101416,165.896,-1190.523,606.209,0.06165,0.000649,0.00261,4433.18,14.0,14.5,14.9,17.8
4436.0,55.80544384,37.45103008,165.899,-1189.525,606.271,0.06395,0.001008,0.00285,4434.18,14.4,15.0,15.5,17.8
4437.0,55.80544443,37.45104599,165.903,-1188.527,606.336,0.06970,0.001112,0.00310,4435.18,14.7,15.4,16.1,17.9
4438.0,55.80544510,37.45106189,165.907,-1187.530,606.410,0.08024,0.000865,0.00335,4436.19,15.1,15.9,16.6,17.9
4439.0,55.80544588,37.45107778,165.912,-1186.534,606.497,0.08678,0.000365,0.00360,4437.19,15.5,16.4,17.2,17.9
4440.0,55.80544666,37.45109367,165.917,-1185.538,606.583,0.07958,-0.000154,0.00385,4438.19,15.8,16.8,17.8,18.0
4441.0,55.80544731,37.45110957,165.922,-1184.540,606.656,0.06971,-0.000465,0.00410,4439.18,15.9,16.9,18.2,18.4
4442.0,55.80544792,37.45112548,165.927,-1183.542,606.723,0.06686,-0.000471,0.00435,4440.18,16.0,16.9,18.5,18.8
4443.0,55.80544852,37.45114140,165.932,-1182.545,606.789,0.06742,-0.000252,0.00460,4441.18,16.1,17.0,18.9,19.2
4444.0,55.80544913,37.45115731,165.937,-1181.547,606.857,0.07125,0.000003,0.00484,4442.18,16.2,17.0,19.3,19.6
4445.0,55.80544980,37.45117321,165.942,-1180.550,606.932,0.07165,0.000128,0.00507,4443.18,16.3,17.0,19.7,20.1
4446.0,55.80545042,37.45118912,165.946,-1179.552,607.000,0.07282,0.000083,0.00529,4444.18,16.2,16.9,19.9,20.2
4447.0,55.80545111,37.45120502,165.951,-1178.555,607.077,0.08070,-0.000005,0.00551,4445.18,16.0,16.7,20.0,20.4
4448.0,55.80545187,37.45122091,165.956,-1177.559,607.162,0.08021,0.000084,0.00571,4446.18,15.9,16.5,20.2,20.6
4449.0,55.80545256,37.45123681,165.961,-1176.561,607.237,0.06817,0.000523,0.00590,4447.17,15.7,16.3,20.3,20.7
4450.0,55.80545310,37.45125273,165.967,-1175.563,607.298,0.06040,0.001309,0.00607,4448.17,15.6,16.2,20.5,20.9
4451.0,55.80545365,37.45126865,165.973,-1174.565,607.358,0.06250,0.002228,0.00623,4449.17,15.1,15.7,20.5,20.9
4452.0,55.80545423,37.45128456,165.980,-1173.567,607.423,0.07077,0.002955,0.00636,4450.17,14.7,15.2,20.5,20.9
4453.0,55.80545492,37.45130046,165.987,-1172.570,607.500,0.08566,0.003232,0.00648,4451.17,14.2,14.7,20.5,20.9
4454.0,55.80545577,37.45131634,165.995,-1171.575,607.594,0.09686,0.002998,0.00658,4452.16,13.8,14.2,20.6,20.9
4455.0,55.80545666,37.45133220,166.004,-1170.580,607.693,0.09556,0.002399,0.00665,4453.16,13.3,13.7,20.6,20.9
4456.0,55.80545749,37.45134808,166.013,-1169.584,607.785,0.08918,0.001679,0.00670,4454.16,12.7,13.1,20.5,21.1
4457.0,55.80545827,37.45136397,166.023,-1168.588,607.871,0.08830,0.001053,0.00673,4455.16,12.2,12.5,20.5,21.4
4458.0,55.80545908,37.45137985,166.033,-1167.592,607.961,0.09419,0.000631,0.00674,4456.16,11.6,11.9,20.4,21.7
4459.0,55.80545996,37.45139572,166.042,-1166.596,608.059,0.09481,0.000417,0.00672,4457.15,11.0,11.3,20.4,22.0
4460.0,55.80546078,37.45141160,166.052,-1165.601,608.150,0.08972,0.000358,0.00668,4458.15,10.5,10.7,20.3,22.3
4461.0,55.80546158,37.45142749,166.062,-1164.604,608.238,0.09020,0.000378,0.00663,4459.15,9.7,10.1,20.0,22.5
4462.0,55.80546241,37.45144337,166.071,-1163.609,608.331,0.09242,0.000408,0.00655,4460.15,8.9,9.5,19.7,22.7
4463.0,55.80546324,37.45145925,166.079,-1162.613,608.423,0.09450,0.000409,0.00646,4461.15,8.2,8.9,19.4,22.9
4464.0,55.80546411,37.45147512,166.086,-1161.618,608.519,0.09566,0.000381,0.00635,4462.15,7.4,8.3,19.1,23.1
4465.0,55.80546496,37.45149100,166.093,-1160.622,608.614,0.09464,0.000366,0.00623,4463.14,6.6,7.7,18.8,23.3
4466.0,55.80546581,37.45150687,166.099,-1159.627,608.708,0.09463,0.000427,0.00611,4464.14,7.7,8.7,18.5,23.3
4467.0,55.80546666,37.45152275,166.105,-1158.631,608.803,0.09508,0.000611,0.00598,4465.14,8.8,9.8,18.1,23.3
4468.0,55.80546752,37.45153862,166.110,-1157.636,608.898,0.09294,0.000918,0.00585,4466.14,9.9,10.9,17.8,23.3
4469.0,55.80546833,37.45155450,166.114,-1156.640,608.989,0.09166,0.001289,0.00572,4467.14,10.9,11.9,17.4,23.2
4470.0,55.80546917,37.45157038,166.118,-1155.644,609.081,0.09611,0.001631,0.00560,4468.14,12.0,13.0,17.0,23.2
4471.0,55.80547006,37.45158625,166.122,-1154.649,609.181,0.10019,0.001853,0.00548,4469.14,12.6,13.4,16.7,23.2
4472.0,55.80547097,37.45160212,166.125,-1153.654,609.281,0.10293,0.001915,0.00537,4470.13,13.1,13.8,16.4,23.1
4473.0,55.80547191,37.45161798,166.129,-1152.660,609.386,0.10640,0.001842,0.00526,4471.13,13.6,14.3,16.1,23.1
4474.0,55.80547288,37.45163383,166.132,-1151.665,609.494,0.10777,0.001714,0.00517,4472.13,14.2,14.7,15.8,23.0
4475.0,55.80547385,37.45164968,166.136,-1150.671,609.601,0.10827,0.001628,0.00510,4473.13,14.7,15.1,15.4,23.0
4476.0,55.80547483,37.45166554,166.140,-1149.677,609.710,0.10853,0.001647,0.00503,4474.13,14.8,15.2,15.5,23.0
4477.0,55.80547580,37.45168139,166.143,-1148.683,609.818,0.10856,0.001768,0.00497,4475.12,14.9,15.2,15.5,22.9
4478.0,55.80547678,37.45169724,166.147,-1147.689,609.926,0.10900,0.001926,0.00493,4476.12,14.9,15.2,15.6,22.9
4479.0,55.80547776,37.45171310,166.151,-1146.695,610.035,0.11195,0.002031,0.00489,4477.12,15.0,15.3,15.6,22.9
4480.0,55.80547879,37.45172894,166.156,-1145.701,610.150,0.11814,0.002023,0.00487,4478.12,15.1,15.3,15.7,22.9
4481.0,55.80547988,37.45174477,166.161,-1144.709,610.271,0.12320,0.001913,0.00485,4479.12,15.0,15.3,15.6,22.8
4482.0,55.80548100,37.45176059,166.165,-1143.717,610.396,0.12465,0.001767,0.00485,4480.11,15.0,15.2,15.5,22.8
4483.0,55.80548212,37.45177641,166.171,-1142.724,610.520,0.12161,0.001648,0.00484,4481.11,14.9,15.2,15.4,22.7
4484.0,55.80548319,37.45179225,166.176,-1141.731,610.638,0.11880,0.001559,0.00485,4482.11,14.9,15.1,15.4,22.7
4485.0,55.80548425,37.45180808,166.181,-1140.738,610.757,0.12189,0.001430,0.00485,4483.10,14.8,15.1,15.3,22.6
4486.0,55.80548537,37.45182391,166.187,-1139.746,610.881,0.12876,0.001169,0.00487,4484.10,14.7,15.0,15.3,22.5
4487.0,55.80548656,37.45183971,166.193,-1138.755,611.014,0.13281,0.000741,0.00488,4485.10,14.6,14.9,15.3,22.5
4488.0,55.80548776,37.45185552,166.198,-1137.764,611.146,0.13414,0.000225,0.00490,4486.09,14.5,14.9,15.3,22.4
4489.0,55.80548897,37.45187132,166.204,-1136.773,611.281,0.13323,-0.000214,0.00492,4487.09,14.4,14.8,15.3,22.3
4490.0,55.80549015,37.45188713,166.209,-1135.782,611.412,0.12773,-0.000398,0.00494,4488.09,14.4,14.7,15.3,22.2
4491.0,55.80549126,37.45190295,166.215,-1134.789,611.536,0.12331,-0.000228,0.00497,4489.08,14.4,14.8,15.3,22.2
4492.0,55.80549236,37.45191878,166.220,-1133.797,611.658,0.12124,0.000263,0.00500,4490.08,14.4,14.8,15.3,22.2
4493.0,55.80549344,37.45193461,166.225,-1132.804,611.778,0.12148,0.000917,0.00504,4491.08,14.5,14.9,15.4,22.2
4494.0,55.80549454,37.45195044,166.229,-1131.811,611.900,0.12578,0.001512,0.00509,4492.07,14.5,14.9,15.4,22.1
4495.0,55.80549570,37.45196626,166.234,-1130.820,612.029,0.12975,0.001849,0.00514,4493.07,14.6,15.0,15.4,22.1
4496.0,55.80549687,37.45198207,166.238,-1129.828,612.159,0.13198,0.001839,0.00521,4494.07,14.6,15.0,15.4,22.1
4497.0,55.80549807,37.45199787,166.243,-1128.837,612.292,0.13844,0.001547,0.00529,4495.06,14.6,15.0,15.5,22.0
4498.0,55.80549936,37.45201365,166.247,-1127.847,612.435,0.14766,0.001176,0.00539,4496.06,14.7,15.1,15.5,21.9
4499.0,55.80550071,37.45202942,166.251,-1126.859,612.586,0.14307,0.000963,0.00549,4497.06,14.7,15.1,15.6,21.9
4500.0,55.80550192,37.45204522,166.255,-1125.868,612.720,0.13072,0.001038,0.00562,4498.06,14.8,15.2,15.7,21.8
4501.0,55.80550306,37.45206104,166.259,-1124.876,612.847,0.12656,0.001317,0.00576,4499.06,14.7,15.6,16.1,21.7
4502.0,55.80550419,37.45207686,166.264,-1123.884,612.973,0.13140,0.001531,0.00593,4500.06,14.5,16.1,16.6,21.6
4503.0,55.80550542,37.45209266,166.268,-1122.893,613.109,0.14353,0.001376,0.00611,4501.06,14.4,16.6,17.1,21.4
4504.0,55.80550677,37.45210842,166.273,-1121.905,613.259,0.15469,0.000701,0.00631,4502.05,14.3,17.0,17.6,21.3
4505.0,55.80550819,37.45212417,166.278,-1120.917,613.417,0.15849,-0.000387,0.00652,4503.06,14.2,17.5,18.0,21.2
4506.0,55.80550961,37.45213992,166.283,-1119.930,613.574,0.15187,-0.001584,0.00676,4504.06,13.8,18.0,18.5,21.1
4507.0,55.80551091,37.45215570,166.288,-1118.940,613.719,0.14098,-0.002543,0.00702,4505.06,13.4,18.4,18.9,21.1
4508.0,55.80551214,37.45217150,166.294,-1117.950,613.855,0.13426,-0.003039,0.00729,4506.06,13.0,18.9,19.4,21.0
4509.0,55.80551332,37.45218730,166.300,-1116.958,613.987,0.13068,-0.003035,0.00757,4507.06,12.6,19.3,19.8,20.9
4510.0,55.80551448,37.45220312,166.307,-1115.967,614.116,0.12712,-0.002650,0.00787,4508.06,12.2,19.8,20.3,20.9
4511.0,55.80551560,37.45221894,166.314,-1114.974,614.241,0.12549,-0.002077,0.00818,4509.06,11.6,20.0,20.5,21.1
4512.0,55.80551673,37.45223476,166.321,-1113.982,614.366,0.12480,-0.001498,0.00849,4510.06,11.0,20.3,20.8,21.3
4513.0,55.80551784,37.45225059,166.330,-1112.990,614.490,0.12263,-0.001036,0.00881,4511.06,10.4,20.6,21.1,21.5
4514.0,55.80551894,37.45226641,166.338,-1111.997,614.611,0.12419,-0.000742,0.00913,4512.06,9.9,20.9,21.4,21.8
4515.0,55.80552007,37.45228223,166.347,-1111.005,614.737,0.12726,-0.000593,0.00945,4513.06,9.3,21.1,21.6,22.0
4516.0,55.80552122,37.45229805,166.357,-1110.014,614.865,0.12522,-0.000520,0.00977,4514.06,9.1,21.3,21.7,22.1
4517.0,55.80552232,37.45231388,166.368,-1109.021,614.987,0.12251,-0.000442,0.01008,4515.06,8.9,21.4,21.9,22.1
4518.0,55.80552342,37.45232971,166.378,-1108.029,615.109,0.12224,-0.000302,0.01038,4516.06,8.7,21.5,22.0,22.2
4519.0,55.80552452,37.45234553,166.390,-1107.036,615.231,0.11955,-0.000088,0.01067,4517.06,8.5,21.6,22.1,22.3
4520.0,55.80552557,37.45236137,166.402,-1106.043,615.348,0.11956,0.000174,0.01095,4518.06,8.3,21.8,22.2,22.3
4521.0,55.80552666,37.45237720,166.415,-1105.050,615.470,0.12376,0.000457,0.01121,4519.06,8.8,21.8,22.2,22.3
4522.0,55.80552779,37.45239302,166.429,-1104.058,615.595,0.12450,0.000746,0.01145,4520.06,9.3,21.8,22.2,22.3
4523.0,55.80552890,37.45240885,166.442,-1103.066,615.718,0.12308,0.001045,0.01167,4521.06,9.8,21.8,22.2,22.3
4524.0,55.80553000,37.45242467,166.456,-1102.073,615.840,0.12345,0.001349,0.01187,4522.06,10.2,21.8,22.2,22.3
4525.0,55.80553112,37.45244050,166.471,-1101.081,615.964,0.12463,0.001623,0.01206,4523.06,10.7,21.8,22.2,22.3
4526.0,55.80553224,37.45245632,166.485,-1100.089,616.089,0.12646,0.001800,0.01222,4524.06,11.1,21.7,22.1,22.2
4527.0,55.80553339,37.45247214,166.499,-1099.097,616.217,0.13110,0.001809,0.01237,4525.05,11.5,21.6,22.0,22.1
4528.0,55.80553459,37.45248794,166.513,-1098.106,616.350,0.13528,0.001611,0.01249,4526.05,11.8,21.5,21.9,22.0
4529.0,55.80553581,37.45250374,166.527,-1097.115,616.486,0.13680,0.001225,0.01260,4527.05,12.2,21.4,21.7,21.9
4530.0,55.80553704,37.45251954,166.541,-1096.125,616.623,0.13915,0.000721,0.01270,4528.05,12.6,21.3,21.6,21.8
4531.0,55.80553831,37.45253533,166.554,-1095.135,616.764,0.13959,0.000196,0.01278,4529.05,12.8,21.0,21.3,21.5
4532.0,55.80553955,37.45255112,166.568,-1094.144,616.901,0.13546,-0.000266,0.01285,4530.05,13.0,20.6,21.0,21.2
4533.0,55.80554074,37.45256693,166.581,-1093.153,617.034,0.13413,-0.000616,0.01291,4531.05,13.3,20.3,20.7,20.8
4534.0,55.80554195,37.45258273,166.594,-1092.162,617.169,0.13624,-0.000839,0.01297,4532.05,13.5,20.0,20.3,20.5
4535.0,55.80554318,37.45259853,166.606,-1091.171,617.305,0.13436,-0.000942,0.01302,4533.05,13.8,19.7,20.0,20.2
4536.0,55.80554437,37.45261433,166.619,-1090.180,617.437,0.13059,-0.000933,0.01307,4534.05,13.9,19.2,19.6,19.8
4537.0,55.80554553,37.45263015,166.631,-1089.188,617.566,0.13051,-0.000821,0.01311,4535.05,14.0,18.8,19.2,19.3
4538.0,55.80554671,37.45264596,166.644,-1088.197,617.697,0.13110,-0.000617,0.01316,4536.05,14.1,18.4,18.8,18.9
4539.0,55.80554788,37.45266177,166.656,-1087.206,617.827,0.12876,-0.000349,0.01321,4537.05,14.2,17.9,18.4,18.5
4540.0,55.80554902,37.45267759,166.668,-1086.214,617.954,0.12594,-0.000063,0.01327,4538.05,14.3,17.5,18.0,18.1
4541.0,55.80555014,37.45269341,166.680,-1085.221,618.078,0.12770,0.000190,0.01333,4539.05,14.3,17.0,17.6,18.0
4542.0,55.80555131,37.45270922,166.692,-1084.230,618.208,0.13169,0.000375,0.01339,4540.05,14.3,16.6,17.1,17.9
4543.0,55.80555250,37.45272503,166.705,-1083.239,618.341,0.13174,0.000493,0.01346,4541.05,14.2,16.1,16.7,17.7
4544.0,55.80555367,37.45274084,166.717,-1082.247,618.471,0.13200,0.000580,0.01354,4542.05,14.2,15.7,16.3,17.6
4545.0,55.80555487,37.45275664,166.730,-1081.256,618.604,0.13237,0.000685,0.01362,4543.06,14.2,15.2,15.8,17.5
4546.0,55.80555605,37.45277245,166.743,-1080.265,618.735,0.13030,0.000828,0.01370,4544.06,13.7,14.6,15.2,17.3
4547.0,55.80555721,37.45278827,166.756,-1079.273,618.864,0.13123,0.000982,0.01379,4545.06,13.2,14.1,14.7,17.0
4548.0,55.80555840,37.45280407,166.770,-1078.282,618.997,0.13329,0.001076,0.01388,4546.06,12.6,13.5,14.1,16.8
4549.0,55.80555960,37.45281988,166.784,-1077.291,619.130,0.13580,0.001028,0.01397,4547.07,12.1,13.0,13.5,16.6
4550.0,55.80556084,37.45283567,166.799,-1076.300,619.268,0.13844,0.000788,0.01407,4548.07,11.6,12.4,13.0,16.4
4551.0,55.80556209,37.45285147,166.814,-1075.310,619.406,0.14054,0.000367,0.01417,4549.07,10.8,11.6,12.2,15.7
4552.0,55.80556336,37.45286725,166.829,-1074.320,619.548,0.14232,-0.000153,0.01426,4550.07,10.1,10.9,11.5,15.0
4553.0,55.80556464,37.45288304,166.844,-1073.330,619.690,0.14081,-0.000649,0.01436,4551.08,9.3,10.1,10.7,14.3
4554.0,55.80556589,37.45289883,166.859,-1072.340,619.828,0.13800,-0.000994,0.01445,4552.08,8.5,9.4,9.9,13.6
4555.0,55.80556711,37.45291463,166.875,-1071.349,619.965,0.13384,-0.001117,0.01454,4553.08,7.7,8.6,9.2,12.9
4556.0,55.80556829,37.45293044,166.890,-1070.358,620.095,0.13079,-0.001026,0.01463,4554.08,8.0,8.9,9.5,12.5
4557.0,55.80556946,37.45294625,166.905,-1069.366,620.226,0.13023,-0.000806,0.01472,4555.09,8.2,9.2,9.9,12.2
4558.0,55.80557063,37.45296206,166.920,-1068.375,620.355,0.12915,-0.000576,0.01481,4556.09,8.4,9.5,10.2,11.8
4559.0,55.80557178,37.45297788,166.935,-1067.383,620.483,0.13224,-0.000433,0.01490,4557.09,8.6,9.8,10.6,11.5
4560.0,55.80557300,37.45299368,166.950,-1066.392,620.619,0.13353,-0.000402,0.01498,4558.09,8.9,10.1,10.9,11.1
4561.0,55.80557417,37.45300949,166.964,-1065.401,620.749,0.13338,-0.000430,0.01506,4559.09,9.3,10.6,11.3,11.5
4562.0,55.80557539,37.45302529,166.979,-1064.410,620.885,0.13320,-0.000425,0.01514,4560.08,9.8,11.0,11.7,11.9
4563.0,55.80557656,37.45304110,166.993,-1063.418,621.015,0.12882,-0.000314,0.01522,4561.08,10.3,11.5,12.1,12.2
4564.0,55.80557770,37.45305692,167.008,-1062.427,621.142,0.12481,-0.000096,0.01530,4562.08,10.8,12.0,12.5,12.6
4565.0,55.80557881,37.45307275,167.023,-1061.434,621.264,0.12495,0.000162,0.01538,4563.07,11.3,12.4,12.9,13.0
4566.0,55.80557995,37.45308857,167.038,-1060.442,621.391,0.13030,0.000372,0.01546,4564.07,11.3,12.4,12.8,13.0
4567.0,55.80558114,37.45310437,167.053,-1059.451,621.524,0.13377,0.000483,0.01553,4565.06,11.3,12.4,12.8,13.0
4568.0,55.80558235,37.45312017,167.069,-1058.460,621.658,0.13456,0.000508,0.01560,4566.06,11.3,12.5,12.8,12.9
4569.0,55.80558356,37.45313598,167.084,-1057.469,621.792,0.13236,0.000494,0.01568,4567.06,11.2,12.5,12.8,12.9
4570.0,55.80558472,37.45315179,167.100,-1056.478,621.922,0.12838,0.000476,0.01575,4568.06,11.2,12.5,12.8,12.9
4571.0,55.80558586,37.45316761,167.116,-1055.486,622.048,0.12919,0.000452,0.01582,4569.05,11.4,12.6,12.9,13.4
4572.0,55.80558704,37.45318342,167.133,-1054.494,622.179,0.13577,0.000399,0.01588,4570.05,11.6,12.7,13.1,13.8
4573.0,55.80558830,37.45319921,167.149,-1053.504,622.319,0.13706,0.000309,0.01595,4571.05,11.8,12.8,13.2,14.2
4574.0,55.80558950,37.45321501,167.166,-1052.513,622.452,0.13584,0.000206,0.01601,4572.05,12.0,12.9,13.4,14.7
4575.0,55.80559073,37.45323081,167.182,-1051.522,622.590,0.13331,0.000114,0.01607,4573.05,12.2,13.0,13.5,15.1
4576.0,55.80559189,37.45324662,167.199,-1050.531,622.718,0.13021,0.000030,0.01613,4574.05,12.8,13.8,14.4,15.7
4577.0,55.80559307,37.45326243,167.216,-1049.539,622.849,0.13386,-0.000086,0.01618,4575.05,13.4,14.5,15.2,16.3
4578.0,55.80559429,37.45327823,167.232,-1048.549,622.985,0.13487,-0.000276,0.01623,4576.05,14.0,15.3,16.0,16.9
4579.0,55.80559549,37.45329404,167.249,-1047.558,623.118,0.13608,-0.000531,0.01628,4577.05,14.6,16.1,16.8,17.4
4580.0,55.80559673,37.45330983,167.265,-1046.567,623.257,0.13882,-0.000775,0.01632,4578.05,15.3,16.9,17.6,18.0
4581.0,55.80559798,37.45332562,167.282,-1045.577,623.395,0.13348,-0.000899,0.01636,4579.05,15.6,17.5,18.2,18.6
4582.0,55.80559913,37.45334144,167.298,-1044.585,623.523,0.12742,-0.000820,0.01639,4580.05,15.9,18.2,18.9,19.2
4583.0,55.80560027,37.45335726,167.314,-1043.593,623.649,0.12621,-0.000535,0.01643,4581.05,16.2,18.8,19.5,19.8
4584.0,55.80560139,37.45337308,167.330,-1042.601,623.774,0.12519,-0.000127,0.01646,4582.05,16.5,19.4,20.2,20.4
4585.0,55.80560251,37.45338890,167.346,-1041.609,623.899,0.12710,0.000286,0.01648,4583.05,16.8,20.0,20.8,21.1
4586.0,55.80560368,37.45340472,167.363,-1040.617,624.028,0.13164,0.000611,0.01650,4584.05,16.9,20.5,21.3,21.5
4587.0,55.80560488,37.45342052,167.379,-1039.626,624.162,0.13361,0.000812,0.01652,4585.05,17.1,21.0,21.8,22.0
4588.0,55.80560607,37.45343633,167.396,-1038.635,624.294,0.13164,0.000905,0.01654,4586.05,17.3,21.5,22.3,22.5
4589.0,55.80560724,37.45345214,167.412,-1037.643,624.424,0.13066,0.000918,0.01655,4587.05,17.4,22.0,22.8,23.0
4590.0,55.80560842,37.45346795,167.429,-1036.652,624.555,0.13393,0.000865,0.01656,4588.05,17.6,22.5,23.3,23.5
4591.0,55.80560964,37.45348375,167.446,-1035.661,624.691,0.13693,0.000738,0.01656,4589.05,17.7,23.0,23.7,23.9
4592.0,55.80561087,37.45349954,167.464,-1034.671,624.828,0.13497,0.000525,0.01656,4590.05,17.9,23.4,24.1,24.3
4593.0,55.80561206,37.45351535,167.481,-1033.679,624.960,0.13687,0.000232,0.01656,4591.05,18.0,23.9,24.5,24.8
4594.0,55.80561333,37.45353114,167.498,-1032.689,625.101,0.14058,-0.000108,0.01655,4592.05,18.1,24.4,25.0,25.2
4595.0,55.80561458,37.45354693,167.515,-1031.699,625.240,0.13768,-0.000442,0.01654,4593.04,18.3,24.8,25.4,25.7
4596.0,55.80561580,37.45356273,167.532,-1030.708,625.375,0.13381,-0.000718,0.01653,4594.04,18.5,25.2,25.8,26.1
4597.0,55.80561699,37.45357854,167.549,-1029.717,625.507,0.13417,-0.000897,0.01651,4595.04,18.7,25.6,26.2,26.5
4598.0,55.80561821,37.45359434,167.565,-1028.726,625.643,0.13556,-0.000967,0.01649,4596.04,18.9,26.0,26.7,26.9
4599.0,55.80561942,37.45361014,167.582,-1027.735,625.778,0.13130,-0.000939,0.01647,4597.04,19.1,26.4,27.1,27.4
4600.0,55.80562056,37.45362596,167.598,-1026.743,625.905,0.12808,-0.000847,0.01645,4598.04,19.3,26.8,27.6,27.8
4601.0,55.80562172,37.45364177,167.614,-1025.752,626.033,0.12965,-0.000735,0.01642,4599.04,19.6,27.2,27.9,28.1
4602.0,55.80562289,37.45365759,167.631,-1024.760,626.163,0.13045,-0.000634,0.01640,4600.04,20.0,27.6,28.3,28.5
4603.0,55.80562406,37.45367340,167.647,-1023.769,626.293,0.12970,-0.000553,0.01637,4601.04,20.3,28.0,28.6,28.8
4604.0,55.80562522,37.45368921,167.663,-1022.777,626.422,0.12922,-0.000474,0.01634,4602.04,20.6,28.3,29.0,29.2
4605.0,55.80562638,37.45370503,167.680,-1021.785,626.551,0.12830,-0.000369,0.01631,4603.04,21.0,28.7,29.4,29.5
4606.0,55.80562752,37.45372084,167.696,-1020.793,626.678,0.12619,-0.000216,0.01628,4604.04,21.4,29.0,29.7,29.8
4607.0,55.80562864,37.45373667,167.712,-1019.801,626.803,0.12596,-0.000015,0.01626,4605.04,21.9,29.4,30.0,30.2
4608.0,55.80562978,37.45375249,167.728,-1018.809,626.929,0.12701,0.000215,0.01623,4606.04,22.4,29.7,30.3,30.5
4609.0,55.80563092,37.45376830,167.745,-1017.817,627.056,0.12753,0.000452,0.01621,4607.04,22.9,30.0,30.6,30.8
4610.0,55.80563207,37.45378412,167.761,-1016.826,627.183,0.12851,0.000677,0.01619,4608.04,23.4,30.3,30.9,31.1
4611.0,55.80563323,37.45379993,167.777,-1015.834,627.312,0.12909,0.000877,0.01617,4609.04,23.7,30.5,31.2,31.4
4612.0,55.80563438,37.45381575,167.793,-1014.842,627.441,0.12913,0.001035,0.01615,4610.04,24.0,30.8,31.4,31.6
4613.0,55.80563554,37.45383156,167.809,-1013.851,627.570,0.13006,0.001127,0.01614,4611.04,24.3,31.0,31.7,31.9
4614.0,55.80563672,37.45384737,167.825,-1012.859,627.700,0.13359,0.001128,0.01614,4612.04,24.6,31.3,31.9,32.1
4615.0,55.80563794,37.45386317,167.841,-1011.868,627.836,0.13586,0.001021,0.01614,4613.04,25.0,31.5,32.2,32.4
4616.0,55.80563916,37.45387897,167.857,-1010.878,627.971,0.13504,0.000812,0.01614,4614.04,24.8,31.8,32.4,32.6
4617.0,55.80564036,37.45389478,167.873,-1009.887,628.105,0.13715,0.000526,0.01616,4615.04,24.5,32.0,32.6,32.8
4618.0,55.80564162,37.45391057,167.888,-1008.896,628.245,0.13936,0.000207,0.01618,4616.04,24.3,32.2,32.8,32.9
4619.0,55.80564286,37.45392636,167.904,-1007.906,628.383,0.13748,-0.000107,0.01621,4617.04,24.1,32.4,33.0,33.1
4620.0,55.80564408,37.45394216,167.920,-1006.915,628.519,0.13551,-0.000389,0.01625,4618.04,23.9,32.6,33.2,33.3
4621.0,55.80564529,37.45395796,167.936,-1005.924,628.653,0.13502,-0.000631,0.01630,4619.05,24.3,32.8,33.4,33.4
4622.0,55.80564650,37.45397377,167.952,-1004.933,628.788,0.13533,-0.000836,0.01636,4620.05,24.7,33.0,33.5,33.6
4623.0,55.80564772,37.45398957,167.967,-1003.943,628.923,0.13582,-0.001001,0.01643,4621.05,25.1,33.1,33.7,33.7
4624.0,55.80564894,37.45400537,167.983,-1002.952,629.059,0.13369,-0.001111,0.01652,4622.05,25.6,33.3,33.8,33.9
4625.0,55.80565012,37.45402118,167.998,-1001.960,629.190,0.13002,-0.001143,0.01661,4623.05,26.0,33.5,34.0,34.1
4626.0,55.80565127,37.45403699,168.014,-1000.969,629.318,0.12925,-0.001076,0.01672,4624.05,26.4,33.6,34.1,34.2
4627.0,55.80565244,37.45405280,168.030,-999.977,629.448,0.12983,-0.000901,0.01684,4625.05,26.7,33.7,34.2,34.3
4628.0,55.80565360,37.45406862,168.046,-998.986,629.577,0.12660,-0.000630,0.01697,4626.06,27.1,33.8,34.3,34.4
4629.0,55.80565471,37.45408444,168.062,-997.993,629.700,0.12421,-0.000287,0.01712,4627.06,27.5,34.0,34.3,34.5
4630.0,55.80565583,37.45410026,168.079,-997.001,629.825,0.12633,0.000095,0.01728,4628.06,27.9,34.1,34.4,34.6
4631.0,55.80565698,37.45411608,168.095,-996.009,629.952,0.12757,0.000485,0.01745,4629.06,28.2,34.1,34.5,34.6
4632.0,55.80565812,37.45413190,168.112,-995.017,630.079,0.12781,0.000853,0.01763,4630.06,28.5,34.2,34.5,34.7
4633.0,55.80565927,37.45414772,168.129,-994.025,630.207,0.12737,0.001171,0.01782,4631.06,28.8,34.3,34.5,34.7
4634.0,55.80566041,37.45416354,168.146,-993.033,630.333,0.12884,0.001405,0.01801,4632.06,29.2,34.3,34.6,34.7
4635.0,55.80566158,37.45417935,168.163,-992.042,630.464,0.13301,0.001516,0.01822,4633.06,29.5,34.4,34.6,34.8
4636.0,55.80566279,37.45419515,168.181,-991.051,630.599,0.13556,0.001468,0.01844,4634.06,29.7,34.5,34.7,34.8
4637.0,55.80566402,37.45421095,168.199,-990.060,630.734,0.13520,0.001242,0.01865,4635.06,29.9,34.5,34.7,34.8
4638.0,55.80566522,37.45422675,168.217,-989.069,630.868,0.13904,0.000851,0.01888,4636.06,30.2,34.5,34.7,34.9
4639.0,55.80566651,37.45424253,168.236,-988.080,631.012,0.14134,0.000341,0.01910,4637.06,30.4,34.6,34.8,34.9
4640.0,55.80566775,37.45425833,168.255,-987.089,631.150,0.14133,-0.000207,0.01932,4638.06,30.7,34.6,34.8,34.9
4641.0,55.80566904,37.45427411,168.275,-986.100,631.293,0.14001,-0.000707,0.01955,4639.07,30.8,34.7,34.8,35.0
4642.0,55.80567026,37.45428991,168.295,-985.109,631.429,0.13567,-0.001086,0.01977,4640.07,31.0,34.7,34.8,35.0
4643.0,55.80567148,37.45430571,168.315,-984.118,631.564,0.13433,-0.001309,0.01998,4641.07,31.2,34.7,34.9,35.0
4644.0,55.80567267,37.45432152,168.336,-983.127,631.697,0.13269,-0.001369,0.02019,4642.07,31.3,34.8,34.9,35.0
4645.0,55.80567386,37.45433732,168.357,-982.136,631.828,0.13182,-0.001275,0.02040,4643.07,31.5,34.8,34.9,35.1
4646.0,55.80567504,37.45435313,168.379,-981.144,631.960,0.13137,-0.001041,0.02059,4644.07,31.7,34.8,34.9,35.1
4647.0,55.80567621,37.45436894,168.401,-980.153,632.090,0.12740,-0.000680,0.02078,4645.07,31.8,34.9,35.0,35.1
4648.0,55.80567733,37.45438477,168.422,-979.160,632.214,0.12452,-0.000217,0.02095,4646.07,31.9,34.9,35.0,35.2
4649.0,55.80567845,37.45440059,168.444,-978.168,632.339,0.12720,0.000309,0.02111,4647.07,32.1,34.9,35.0,35.2
4650.0,55.80567961,37.45441640,168.466,-977.177,632.468,0.12955,0.000847,0.02126,4648.07,32.2,35.0,35.1,35.2
4651.0,55.80568077,37.45443222,168.489,-976.185,632.597,0.12844,0.001339,0.02140,4649.07,32.3,35.0,35.1,35.2
4652.0,55.80568191,37.45444804,168.511,-975.193,632.724,0.12818,0.001734,0.02152,4650.07,32.4,35.0,35.1,35.3
4653.0,55.80568307,37.45446385,168.533,-974.201,632.853,0.13498,0.001996,0.02163,4651.07,32.4,35.0,35.1,35.3
4654.0,55.80568433,37.45447964,168.555,-973.211,632.993,0.13880,0.002108,0.02173,4652.07,32.5,35.0,35.1,35.3
4655.0,55.80568556,37.45449544,168.578,-972.221,633.129,0.13843,0.002071,0.02181,4653.07,32.6,35.0,35.1,35.3
4656.0,55.80568682,37.45451123,168.601,-971.230,633.269,0.14126,0.001900,0.02188,4654.07,32.7,35.0,35.1,35.3
4657.0,55.80568810,37.45452701,168.623,-970.241,633.411,0.14444,0.001612,0.02194,4655.07,32.7,34.9,35.1,35.3
4658.0,55.80568941,37.45454279,168.646,-969.251,633.557,0.14579,0.001228,0.02198,4656.07,32.7,34.9,35.1,35.2
4659.0,55.80569071,37.45455857,168.669,-968.262,633.702,0.14686,0.000789,0.02202,4657.07,32.8,34.9,35.1,35.2
4660.0,55.80569204,37.45457434,168.691,-967.273,633.849,0.14778,0.000368,0.02204,4658.07,32.8,34.8,35.1,35.2
4661.0,55.80569336,37.45459012,168.714,-966.284,633.996,0.15040,0.000078,0.02205,4659.07,32.9,34.7,35.0,35.1
4662.0,55.80569473,37.45460588,168.737,-965.295,634.149,0.14818,0.000038,0.02205,4660.07,32.9,34.6,34.9,35.0
4663.0,55.80569602,37.45462166,168.759,-964.306,634.291,0.14210,0.000326,0.02205,4661.07,32.9,34.6,34.8,34.9
4664.0,55.80569728,37.45463745,168.782,-963.316,634.432,0.14084,0.000928,0.02204,4662.07,32.9,34.5,34.7,34.8
4665.0,55.80569854,37.45465324,168.804,-962.325,634.572,0.13957,0.001727,0.02202,4663.06,33.0,34.4,34.6,34.7
4666.0,55.80569979,37.45466903,168.827,-961.335,634.710,0.14397,0.002536,0.02200,4664.06,32.8,34.1,34.4,34.6
4667.0,55.80570112,37.45468480,168.849,-960.346,634.859,0.15252,0.003171,0.02197,4665.06,32.6,33.9,34.2,34.4
4668.0,55.80570252,37.45470056,168.871,-959.358,635.014,0.15646,0.003511,0.02194,4666.06,32.4,33.7,34.0,34.2
4669.0,55.80570392,37.45471631,168.893,-958.371,635.171,0.16092,0.003523,0.02191,4667.06,32.3,33.5,33.8,34.1
4670.0,55.80570540,37.45473204,168.914,-957.384,635.335,0.16609,0.003251,0.02188,4668.06,32.1,33.2,33.6,33.9
4671.0,55.80570690,37.45474776,168.936,-956.398,635.501,0.16892,0.002787,0.02185,4669.06,31.8,33.0,33.3,33.6
4672.0,55.80570842,37.45476348,168.958,-955.413,635.671,0.17263,0.002228,0.02182,4670.06,31.4,32.7,33.0,33.3
4673.0,55.80570999,37.45477918,168.979,-954.428,635.845,0.17401,0.001662,0.02179,4671.06,31.1,32.4,32.7,33.1
4674.0,55.80571154,37.45479489,169.000,-953.443,636.017,0.17292,0.001148,0.02177,4672.06,30.8,32.2,32.4,32.8
4675.0,55.80571308,37.45481060,169.021,-952.458,636.189,0.17332,0.000725,0.02175,4673.07,30.5,31.9,32.1,32.5
4676.0,55.80571464,37.45482631,169.042,-951.473,636.362,0.17539,0.000427,0.02173,4674.07,30.3,31.6,31.9,32.3
4677.0,55.80571622,37.45484200,169.064,-950.488,636.538,0.17643,0.000298,0.02171,4675.07,30.0,31.4,31.7,32.1
4678.0,55.80571780,37.45485770,169.085,-949.504,636.713,0.17457,0.000378,0.02170,4676.07,29.8,31.1,31.5,31.9
4679.0,55.80571934,37.45487341,169.106,-948.519,636.885,0.17221,0.000679,0.02169,4677.07,29.6,30.8,31.4,31.7
4680.0,55.80572088,37.45488913,169.127,-947.533,637.056,0.17093,0.001141,0.02168,4678.08,29.3,30.6,31.2,31.5
4681.0,55.80572240,37.45490484,169.149,-946.548,637.226,0.17082,0.001633,0.02168,4679.08,29.4,30.5,31.1,31.5
4682.0,55.80572394,37.45492056,169.171,-945.562,637.396,0.17523,0.001981,0.02169,4680.08,29.4,30.5,31.1,31.4
4683.0,55.80572554,37.45493625,169.193,-944.579,637.574,0.18228,0.002040,0.02170,4681.08,29.5,30.4,31.1,31.4
4684.0,55.80572720,37.45495192,169.215,-943.596,637.758,0.18761,0.001758,0.02171,4682.08,29.5,30.4,31.0,31.4
4685.0,55.80572889,37.45496758,169.237,-942.614,637.947,0.19013,0.001199,0.02173,4683.08,29.6,30.4,31.0,31.4
4686.0,55.80573059,37.45498324,169.259,-941.632,638.136,0.19060,0.000513,0.02175,4684.08,29.7,30.4,31.1,31.4
4687.0,55.80573230,37.45499890,169.281,-940.650,638.326,0.18827,-0.000121,0.02178,4685.08,29.7,30.4,31.1,31.4
4688.0,55.80573396,37.45501457,169.302,-939.667,638.511,0.18532,-0.000556,0.02182,4686.08,29.8,30.5,31.1,31.4
4689.0,55.80573561,37.45503025,169.324,-938.684,638.695,0.18429,-0.000706,0.02185,4687.08,29.8,30.5,31.2,31.3
4690.0,55.80573726,37.45504592,169.346,-937.701,638.877,0.18277,-0.000556,0.02190,4688.08,29.9,30.5,31.2,31.3
4691.0,55.80573888,37.45506161,169.367,-936.717,639.058,0.18043,-0.000151,0.02194,4689.08,29.9,30.6,31.2,31.3
4692.0,55.80574048,37.45507730,169.388,-935.733,639.236,0.17796,0.000424,0.02199,4690.09,29.9,30.6,31.2,31.3
4693.0,55.80574207,37.45509300,169.410,-934.749,639.412,0.17967,0.001069,0.02205,4691.09,30.0,30.7,31.2,31.3
4694.0,55.80574370,37.45510868,169.431,-933.766,639.594,0.18381,0.001699,0.02211,4692.09,30.0,30.7,31.2,31.3
4695.0,55.80574535,37.45512436,169.452,-932.783,639.778,0.18747,0.002254,0.02217,4693.09,30.0,30.8,31.2,31.3
4696.0,55.80574705,37.45514002,169.473,-931.801,639.966,0.18907,0.002694,0.02223,4694.09,30.1,30.8,31.2,31.3
4697.0,55.80574873,37.45515568,169.495,-930.818,640.154,0.18968,0.002980,0.02229,4695.09,30.1,30.8,31.2,31.3
4698.0,55.80575044,37.45517134,169.516,-929.836,640.343,0.19292,0.003068,0.02234,4696.09,30.1,30.8,31.1,31.2
4699.0,55.80575218,37.45518698,169.538,-928.855,640.537,0.19976,0.002936,0.02240,4697.09,30.1,30.8,31.1,31.2
4700.0,55.80575401,37.45520260,169.561,-927.876,640.740,0.20750,0.002620,0.02245,4698.09,30.1,30.9,31.1,31.2
4701.0,55.80575589,37.45521819,169.583,-926.898,640.949,0.21024,0.002230,0.02249,4699.09,30.1,30.8,31.1,31.2
4702.0,55.80575776,37.45523379,169.606,-925.920,641.158,0.21046,0.001917,0.02252,4700.09,30.1,30.8,31.1,31.1
4703.0,55.80575964,37.45524938,169.629,-924.942,641.367,0.20476,0.001808,0.02255,4701.09,30.1,30.8,31.1,31.1
4704.0,55.80576142,37.45526502,169.653,-923.962,641.564,0.20418,0.001949,0.02256,4702.09,30.1,30.8,31.0,31.1
4705.0,55.80576329,37.45528061,169.677,-922.984,641.772,0.21077,0.002302,0.02256,4703.09,30.1,30.8,31.0,31.1
4706.0,55.80576518,37.45529620,169.702,-922.006,641.983,0.21318,0.002778,0.02255,4704.09,30.1,30.8,31.0,31.1
4707.0,55.80576709,37.45531178,169.726,-921.029,642.196,0.21473,0.003286,0.02253,4705.09,30.2,30.9,31.1,31.2
4708.0,55.80576901,37.45532736,169.751,-920.052,642.409,0.21920,0.003761,0.02249,4706.09,30.2,30.9,31.1,31.2
4709.0,55.80577100,37.45534292,169.776,-919.077,642.631,0.22363,0.004161,0.02244,4707.09,30.2,30.9,31.1,31.2
4710.0,55.80577300,37.45535846,169.800,-918.102,642.852,0.22762,0.004460,0.02238,4708.09,30.2,30.9,31.1,31.2
4711.0,55.80577506,37.45537399,169.825,-917.129,643.082,0.23356,0.004647,0.02230,4709.09,30.2,30.9,31.1,31.2
4712.0,55.80577716,37.45538949,169.848,-916.156,643.315,0.23843,0.004733,0.02222,4710.09,30.3,30.9,31.1,31.2
4713.0,55.80577931,37.45540498,169.872,-915.185,643.554,0.24482,0.004758,0.02213,4711.09,30.3,30.9,31.2,31.2
4714.0,55.80578152,37.45542043,169.894,-914.216,643.800,0.25046,0.004781,0.02203,4712.09,30.3,30.9,31.2,31.2
4715.0,55.80578376,37.45543588,169.916,-913.248,644.050,0.25362,0.004853,0.02192,4713.09,30.4,31.0,31.2,31.2
4716.0,55.80578603,37.45545131,169.937,-912.280,644.302,0.25467,0.004980,0.02181,4714.08,30.4,31.0,31.2,31.2
4717.0,55.80578829,37.45546674,169.958,-911.312,644.554,0.25750,0.005121,0.02169,4715.08,30.4,31.0,31.2,31.2
4718.0,55.80579061,37.45548215,169.978,-910.346,644.811,0.26809,0.005218,0.02157,4716.08,30.4,31.0,31.2,31.2
4719.0,55.80579305,37.45549749,169.998,-909.384,645.083,0.27826,0.005238,0.02145,4717.08,30.4,31.0,31.2,31.2
4720.0,55.80579554,37.45551282,170.018,-908.423,645.361,0.28038,0.005203,0.02133,4718.08,30.5,31.0,31.2,31.3
4721.0,55.80579803,37.45552814,170.038,-907.462,645.637,0.28327,0.005167,0.02121,4719.08,30.5,31.0,31.2,31.3
4722.0,55.80580057,37.45554344,170.057,-906.503,645.920,0.28883,0.005170,0.02109,4720.08,30.5,31.0,31.2,31.3
4723.0,55.80580315,37.45555871,170.077,-905.545,646.207,0.29152,0.005204,0.02096,4721.08,30.5,31.0,31.2,31.3
4724.0,55.80580573,37.45557398,170.097,-904.587,646.494,0.29615,0.005213,0.02083,4722.07,30.5,31.0,31.2,31.3
4725.0,55.80580839,37.45558922,170.117,-903.632,646.790,0.30650,0.005133,0.02069,4723.07,30.5,31.0,31.2,31.3
4726.0,55.80581116,37.45560439,170.138,-902.680,647.098,0.31432,0.004928,0.02055,4724.07,30.5,31.0,31.2,31.3
4727.0,55.80581395,37.45561955,170.159,-901.730,647.409,0.31664,0.004603,0.02039,4725.07,30.6,31.0,31.2,31.3
4728.0,55.80581675,37.45563470,170.180,-900.780,647.721,0.31678,0.004194,0.02023,4726.07,30.6,31.0,31.2,31.3
4729.0,55.80581955,37.45564985,170.201,-899.829,648.032,0.32580,0.003752,0.02005,4727.07,30.6,31.0,31.2,31.3
4730.0,55.80582251,37.45566491,170.223,-898.885,648.361,0.33238,0.003328,0.01986,4728.07,30.6,31.0,31.2,31.2
4731.0,55.80582541,37.45568000,170.245,-897.939,648.684,0.32834,0.002977,0.01965,4729.06,30.7,31.0,31.2,31.3
4732.0,55.80582830,37.45569510,170.267,-896.992,649.006,0.33180,0.002752,0.01943,4730.06,30.7,31.0,31.2,31.3
4733.0,55.80583127,37.45571015,170.289,-896.048,649.336,0.33849,0.002694,0.01918,4731.06,30.7,31.1,31.2,31.3
4734.0,55.80583427,37.45572518,170.311,-895.105,649.670,0.33673,0.002812,0.01892,4732.06,30.8,31.1,31.2,31.3
4735.0,55.80583721,37.45574026,170.332,-894.160,649.996,0.33563,0.003070,0.01864,4733.06,30.8,31.1,31.3,31.3
4736.0,55.80584019,37.45575530,170.353,-893.217,650.328,0.34028,0.003383,0.01835,4734.06,30.9,31.1,31.3,31.4
4737.0,55.80584321,37.45577032,170.374,-892.275,650.664,0.34618,0.003644,0.01803,4735.06,30.9,31.2,31.3,31.4
4738.0,55.80584629,37.45578530,170.394,-891.336,651.007,0.35237,0.003759,0.01771,4736.05,30.9,31.2,31.4,31.5
4739.0,55.80584941,37.45580025,170.413,-890.398,651.354,0.35555,0.003686,0.01737,4737.05,31.0,31.3,31.4,31.5
4740.0,55.80585255,37.45581520,170.431,-889.461,651.703,0.35833,0.003454,0.01702,4738.05,31.0,31.3,31.4,31.6
4741.0,55.80585571,37.45583012,170.448,-888.525,652.056,0.36790,0.003152,0.01667,4739.05,31.0,31.3,31.5,31.6
4742.0,55.80585901,37.45584495,170.464,-887.595,652.423,0.36972,0.002891,0.01631,4740.05,31.0,31.3,31.5,31.6
4743.0,55.80586221,37.45585986,170.479,-886.660,652.778,0.36415,0.002752,0.01595,4741.05,31.0,31.4,31.5,31.6
4744.0,55.80586541,37.45587476,170.494,-885.726,653.135,0.36733,0.002737,0.01559,4742.05,31.0,31.4,31.5,31.6
4745.0,55.80586866,37.45588962,170.508,-884.794,653.497,0.37083,0.002762,0.01524,4743.04,31.1,31.4,31.5,31.6
4746.0,55.80587192,37.45590448,170.521,-883.862,653.860,0.37514,0.002702,0.01489,4744.04,31.1,31.4,31.5,31.6
4747.0,55.80587525,37.45591930,170.533,-882.933,654.229,0.37950,0.002451,0.01456,4745.04,31.1,31.4,31.5,31.6
4748.0,55.80587858,37.45593410,170.546,-882.004,654.601,0.38589,0.001979,0.01424,4746.04,31.1,31.4,31.5,31.6
4749.0,55.80588201,37.45594884,170.558,-881.080,654.982,0.38847,0.001353,0.01393,4747.04,31.2,31.4,31.5,31.6
4750.0,55.80588539,37.45596362,170.570,-880.153,655.358,0.38669,0.000697,0.01363,4748.04,31.2,31.4,31.6,31.6
4751.0,55.80588879,37.45597838,170.581,-879.227,655.736,0.38650,0.000146,0.01335,4749.04,31.1,31.4,31.5,31.6
4752.0,55.80589216,37.45599316,170.593,-878.301,656.112,0.38358,-0.000208,0.01309,4750.04,31.1,31.4,31.5,31.7
4753.0,55.80589552,37.45600796,170.605,-877.373,656.485,0.38211,-0.000339,0.01284,4751.04,31.0,31.4,31.5,31.7
4754.0,55.80589887,37.45602275,170.617,-876.445,656.858,0.38159,-0.000276,0.01260,4752.04,31.0,31.4,31.5,31.7
4755.0,55.80590221,37.45603756,170.629,-875.517,657.230,0.38217,-0.000080,0.01238,4753.04,30.9,31.4,31.5,31.7
4756.0,55.80590557,37.45605234,170.641,-874.589,657.604,0.38206,0.000174,0.01217,4754.04,30.9,31.3,31.5,31.7
4757.0,55.80590891,37.45606715,170.653,-873.661,657.975,0.37970,0.000418,0.01197,4755.04,30.8,31.3,31.5,31.7
4758.0,55.80591223,37.45608197,170.665,-872.732,658.345,0.38235,0.000603,0.01179,4756.04,30.8,31.3,31.6,31.7
4759.0,55.80591561,37.45609674,170.677,-871.805,658.722,0.38678,0.000707,0.01161,4757.04,30.7,31.2,31.6,31.8
4760.0,55.80591901,37.45611150,170.688,-870.879,659.099,0.38627,0.000735,0.01143,4758.04,30.6,31.2,31.6,31.8
4761.0,55.80592238,37.45612628,170.700,-869.953,659.475,0.38492,0.000710,0.01127,4759.04,30.6,31.1,31.6,31.7
4762.0,55.80592576,37.45614106,170.711,-869.026,659.850,0.38653,0.000656,0.01110,4760.04,30.6,31.1,31.5,31.7
4763.0,55.80592916,37.45615582,170.722,-868.100,660.229,0.38773,0.000586,0.01093,4761.04,30.5,31.0,31.5,31.6
4764.0,55.80593255,37.45617059,170.732,-867.174,660.607,0.38738,0.000513,0.01077,4762.04,30.5,30.9,31.4,31.6
4765.0,55.80593595,37.45618535,170.743,-866.248,660.984,0.38907,0.000457,0.01060,4763.04,30.5,30.9,31.4,31.6
4766.0,55.80593937,37.45620010,170.753,-865.324,661.365,0.39043,0.000448,0.01043,4764.04,30.5,30.9,31.3,31.5
4767.0,55.80594279,37.45621484,170.764,-864.399,661.746,0.38943,0.000518,0.01025,4765.04,30.5,30.9,31.3,31.5
4768.0,55.80594619,37.45622960,170.774,-863.473,662.125,0.38697,0.000682,0.01007,4766.04,30.5,30.9,31.3,31.5
4769.0,55.80594957,37.45624438,170.785,-862.547,662.500,0.38683,0.000938,0.00988,4767.04,30.5,30.9,31.2,31.4
4770.0,55.80595297,37.45625914,170.795,-861.621,662.879,0.39090,0.001269,0.00968,4768.03,30.5,30.9,31.2,31.4
4771.0,55.80595642,37.45627386,170.806,-860.698,663.262,0.39423,0.001655,0.00948,4769.03,30.5,30.9,31.2,31.4
4772.0,55.80595988,37.45628858,170.816,-859.775,663.647,0.39363,0.002071,0.00926,4770.03,30.6,30.9,31.2,31.4
4773.0,55.80596331,37.45630332,170.826,-858.851,664.030,0.39199,0.002475,0.00904,4771.03,30.6,30.9,31.3,31.5
4774.0,55.80596674,37.45631806,170.837,-857.926,664.411,0.39489,0.002818,0.00880,4772.03,30.6,31.0,31.3,31.5
4775.0,55.80597023,37.45633276,170.847,-857.005,664.799,0.40342,0.003073,0.00856,4773.03,30.6,31.0,31.3,31.5
4776.0,55.80597380,37.45634739,170.856,-856.087,665.196,0.40981,0.003268,0.00832,4774.02,30.7,31.0,31.3,31.5
4777.0,55.80597739,37.45636201,170.866,-855.170,665.596,0.41212,0.003476,0.00806,4775.02,30.7,31.0,31.4,31.5
4778.0,55.80598099,37.45637661,170.874,-854.254,665.997,0.41247,0.003765,0.00781,4776.02,30.7,31.1,31.4,31.6
4779.0,55.80598459,37.45639123,170.883,-853.338,666.398,0.40911,0.004123,0.00754,4777.02,30.8,31.1,31.5,31.6
4780.0,55.80598814,37.45640587,170.890,-852.419,666.793,0.41147,0.004456,0.00728,4778.02,30.8,31.1,31.5,31.6
4781.0,55.80599178,37.45642046,170.898,-851.505,667.197,0.42647,0.004642,0.00702,4779.02,30.8,31.2,31.5,31.6
4782.0,55.80599558,37.45643491,170.904,-850.599,667.620,0.43944,0.004618,0.00676,4780.02,30.8,31.2,31.5,31.6
4783.0,55.80599942,37.45644932,170.910,-849.695,668.048,0.44130,0.004417,0.00650,4781.01,30.9,31.3,31.5,31.6
4784.0,55.80600325,37.45646374,170.916,-848.790,668.475,0.43780,0.004135,0.00625,4782.01,30.9,31.4,31.6,31.6
4785.0,55.80600704,37.45647820,170.921,-847.884,668.896,0.43726,0.003855,0.00601,4783.01,30.9,31.4,31.6,31.6
4786.0,55.80601086,37.45649264,170.926,-846.978,669.321,0.44861,0.003619,0.00578,4784.01,30.9,31.4,31.6,31.6
4787.0,55.80601484,37.45650694,170.930,-846.082,669.764,0.45571,0.003442,0.00556,4785.01,30.9,31.4,31.5,31.6
4788.0,55.80601877,37.45652127,170.934,-845.183,670.202,0.45657,0.003334,0.00536,4786.01,30.9,31.4,31.5,31.6
4789.0,55.80602276,37.45653556,170.938,-844.286,670.645,0.45654,0.003303,0.00517,4787.01,31.0,31.4,31.5,31.6
4790.0,55.80602669,37.45654990,170.942,-843.387,671.083,0.45447,0.003336,0.00500,4788.01,31.0,31.4,31.5,31.6
4791.0,55.80603065,37.45656422,170.946,-842.489,671.523,0.46136,0.003386,0.00485,4789.01,30.8,31.3,31.5,31.6
4792.0,55.80603469,37.45657846,170.950,-841.597,671.974,0.47080,0.003399,0.00473,4790.01,30.6,31.3,31.5,31.5
4793.0,55.80603880,37.45659264,170.953,-840.707,672.431,0.47443,0.003346,0.00462,4791.01,30.4,31.2,31.4,31.5
4794.0,55.80604290,37.45660683,170.957,-839.817,672.887,0.47311,0.003230,0.00454,4792.01,30.2,31.1,31.4,31.5
4795.0,55.80604699,37.45662103,170.960,-838.927,673.342,0.47568,0.003060,0.00448,4793.01,30.0,31.1,31.4,31.5
4796.0,55.80605113,37.45663518,170.963,-838.040,673.803,0.48126,0.002837,0.00445,4794.01,29.8,30.9,31.3,31.5
4797.0,55.80605530,37.45664930,170.966,-837.154,674.268,0.48293,0.002548,0.00444,4795.01,29.5,30.7,31.3,31.5
4798.0,55.80605948,37.45666342,170.969,-836.268,674.732,0.48764,0.002199,0.00445,4796.01,29.2,30.6,31.2,31.5
4799.0,55.80606372,37.45667747,170.972,-835.387,675.205,0.49166,0.001834,0.00449,4797.01,29.0,30.4,31.2,31.5
4800.0,55.80606796,37.45669154,170.974,-834.505,675.676,0.49070,0.001545,0.00455,4798.01,28.7,30.2,31.1,31.5
4801.0,55.80607219,37.45670560,170.977,-833.623,676.147,0.49068,0.001436,0.00463,4799.01,28.4,29.9,31.0,31.5
4802.0,55.80607643,37.45671967,170.980,-832.741,676.619,0.49103,0.001592,0.00473,4800.01,28.1,29.6,31.0,31.4
4803.0,55.80608067,37.45673373,170.983,-831.859,677.090,0.49009,0.002043,0.00485,4801.01,27.7,29.3,30.9,31.4
4804.0,55.80608489,37.45674780,170.986,-830.977,677.560,0.49011,0.002751,0.00498,4802.02,27.4,29.0,30.9,31.4
4805.0,55.80608912,37.45676186,170.990,-830.095,678.032,0.49362,0.003622,0.00512,4803.02,27.1,28.8,30.8,31.3
4806.0,55.80609340,37.45677589,170.994,-829.215,678.508,0.49934,0.004519,0.00528,4804.02,26.7,28.4,30.8,31.2
4807.0,55.80609773,37.45678986,170.999,-828.339,678.989,0.50498,0.005286,0.00544,4805.02,26.4,28.1,30.7,31.1
4808.0,55.80610209,37.45680380,171.004,-827.465,679.475,0.50842,0.005774,0.00561,4806.02,26.0,27.8,30.7,31.0
4809.0,55.80610648,37.45681772,171.010,-826.592,679.963,0.51853,0.005877,0.00579,4807.02,25.6,27.5,30.7,30.9
4810.0,55.80611100,37.45683150,171.016,-825.728,680.466,0.52999,0.005576,0.00596,4808.02,25.2,27.2,30.6,30.8
4811.0,55.80611556,37.45684524,171.023,-824.866,680.974,0.53764,0.004964,0.00613,4809.02,24.8,26.8,30.6,30.8
4812.0,55.80612020,37.45685889,171.030,-824.010,681.491,0.54322,0.004230,0.00630,4810.02,24.4,26.4,30.6,30.8
4813.0,55.80612485,37.45687254,171.038,-823.154,682.008,0.54315,0.003590,0.00645,4811.02,24.0,26.0,30.5,30.8
4814.0,55.80612949,37.45688619,171.046,-822.298,682.524,0.54242,0.003198,0.00660,4812.02,23.6,25.6,30.5,30.8
4815.0,55.80613412,37.45689985,171.055,-821.441,683.040,0.53987,0.003088,0.00674,4813.02,23.2,25.3,30.4,30.8
4816.0,55.80613872,37.45691355,171.063,-820.582,683.552,0.54346,0.003194,0.00687,4814.02,23.0,24.9,30.5,30.9
4817.0,55.80614341,37.45692715,171.072,-819.730,684.074,0.55311,0.003417,0.00699,4815.02,22.7,24.6,30.5,30.9
4818.0,55.80614816,37.45694069,171.080,-818.881,684.603,0.55891,0.003700,0.00709,4816.02,22.5,24.2,30.6,31.0
4819.0,55.80615294,37.45695419,171.089,-818.034,685.135,0.55998,0.004048,0.00718,4817.02,22.3,23.9,30.6,31.0
4820.0,55.80615771,37.45696771,171.097,-817.186,685.665,0.55922,0.004483,0.00726,4818.01,22.1,23.6,30.7,31.1
4821.0,55.80616248,37.45698122,171.106,-816.339,686.196,0.56292,0.004976,0.00733,4819.01,21.7,23.2,30.7,31.1
4822.0,55.80616730,37.45699468,171.114,-815.495,686.733,0.56943,0.005424,0.00738,4820.01,21.3,22.8,30.7,31.1
4823.0,55.80617216,37.45700808,171.121,-814.654,687.274,0.57629,0.005683,0.00742,4821.01,21.0,22.4,30.8,31.1
4824.0,55.80617709,37.45702142,171.129,-813.818,687.822,0.58574,0.005648,0.00745,4822.01,20.6,22.1,30.8,31.1
4825.0,55.80618210,37.45703466,171.136,-812.988,688.380,0.59645,0.005310,0.00747,4823.01,20.2,21.7,30.8,31.2
4826.0,55.80618718,37.45704780,171.143,-812.163,688.946,0.60399,0.004760,0.00748,4824.02,19.6,21.2,30.9,31.2
4827.0,55.80619230,37.45706090,171.150,-811.341,689.516,0.60306,0.004134,0.00748,4825.02,19.0,20.8,30.9,31.2
4828.0,55.80619737,37.45707407,171.157,-810.516,690.080,0.60054,0.003545,0.00746,4826.02,18.4,20.3,30.9,31.3
4829.0,55.80620245,37.45708722,171.165,-809.691,690.646,0.60636,0.003059,0.00744,4827.02,17.8,19.9,31.0,31.3
4830.0,55.80620761,37.45710027,171.172,-808.872,691.220,0.61412,0.002710,0.00741,4828.02,17.2,19.5,31.0,31.4
4831.0,55.80621281,37.45711328,171.179,-808.057,691.798,0.61710,0.002542,0.00737,4829.02,17.0,19.0,31.0,31.3
4832.0,55.80621801,37.45712628,171.187,-807.241,692.377,0.61587,0.002605,0.00731,4830.02,16.7,18.6,31.0,31.3
4833.0,55.80622319,37.45713931,171.194,-806.424,692.954,0.61364,0.002905,0.00725,4831.02,16.5,18.1,31.1,31.3
4834.0,55.80622836,37.45715236,171.202,-805.606,693.529,0.61356,0.003351,0.00718,4832.02,16.2,17.7,31.1,31.3
4835.0,55.80623353,37.45716539,171.210,-804.789,694.105,0.61747,0.003762,0.00709,4833.02,16.0,17.3,31.1,31.3
4836.0,55.80623876,37.45717836,171.217,-803.976,694.687,0.62638,0.003943,0.00699,4834.02,15.5,16.7,31.1,31.3
4837.0,55.80624407,37.45719122,171.225,-803.169,695.278,0.63722,0.003795,0.00688,4835.02,15.0,16.2,31.1,31.3
4838.0,55.80624945,37.45720399,171.233,-802.368,695.877,0.64686,0.003366,0.00676,4836.02,14.5,15.7,31.1,31.3
4839.0,55.80625490,37.45721667,171.241,-801.573,696.483,0.64602,0.002814,0.00663,4837.02,14.0,15.2,31.1,31.3
4840.0,55.80626027,37.45722945,171.249,-800.771,697.081,0.63719,0.002310,0.00648,4838.02,13.5,14.7,31.2,31.3
4841.0,55.80626558,37.45724230,171.258,-799.965,697.673,0.63908,0.001948,0.00633,4839.02,12.9,14.1,31.2,31.3
4842.0,55.80627098,37.45725505,171.266,-799.166,698.274,0.64765,0.001737,0.00617,4840.02,12.2,13.5,31.2,31.3
4843.0,55.80627642,37.45726774,171.274,-798.370,698.879,0.65123,0.001643,0.00600,4841.02,11.5,12.9,31.2,31.3
4844.0,55.80628187,37.45728042,171.282,-797.575,699.486,0.64891,0.001640,0.00583,4842.02,10.8,12.3,31.2,31.3
4845.0,55.80628728,37.45729315,171.289,-796.777,700.088,0.64788,0.001726,0.00566,4843.02,10.2,11.7,31.2,31.3
4846.0,55.80629272,37.45730584,171.296,-795.980,700.693,0.65116,0.001903,0.00549,4844.02,9.6,10.9,31.2,31.3
4847.0,55.80629817,37.45731851,171.302,-795.186,701.300,0.65228,0.002154,0.00533,4845.02,9.1,10.1,31.2,31.3
4848.0,55.80630362,37.45733119,171.306,-794.391,701.907,0.65428,0.002447,0.00517,4846.02,8.6,9.4,31.1,31.3
4849.0,55.80630911,37.45734382,171.310,-793.599,702.518,0.65892,0.002748,0.00503,4847.01,8.0,8.6,31.1,31.3
4850.0,55.80631462,37.45735640,171.313,-792.810,703.131,0.66162,0.003035,0.00490,4848.01,7.5,7.9,31.1,31.4
4851.0,55.80632015,37.45736898,171.315,-792.021,703.746,0.66340,0.003309,0.00478,4849.01,8.6,9.0,31.0,31.3
4852.0,55.80632569,37.45738153,171.317,-791.234,704.363,0.66673,0.003603,0.00468,4850.01,9.6,10.1,30.9,31.3
4853.0,55.80633126,37.45739404,171.318,-790.449,704.983,0.67150,0.003985,0.00460,4851.01,10.7,11.3,30.9,31.3
4854.0,55.80633687,37.45740650,171.320,-789.668,705.607,0.67674,0.004549,0.00454,4852.01,11.8,12.4,30.8,31.3
4855.0,55.80634251,37.45741890,171.321,-788.890,706.236,0.68108,0.005358,0.00450,4853.01,12.8,13.5,30.7,31.3
4856.0,55.80634818,37.45743127,171.323,-788.114,706.867,0.68318,0.006347,0.00448,4854.00,13.5,14.3,30.7,31.3
4857.0,55.80635385,37.45744364,171.325,-787.339,707.498,0.68220,0.007273,0.00447,4855.00,14.3,15.1,30.7,31.2
4858.0,55.80635951,37.45745603,171.327,-786.562,708.128,0.67889,0.007774,0.00448,4856.00,15.0,15.9,30.6,31.2
4859.0,55.80636513,37.45746846,171.330,-785.782,708.754,0.71138,0.007554,0.00450,4857.00,15.7,16.6,30.6,31.1
4860.0,55.80637123,37.45748017,171.334,-785.048,709.433,0.75051,0.006592,0.00454,4858.00,16.4,17.4,30.6,31.1
4861.0,55.80637739,37.45749178,171.338,-784.320,710.118,0.74316,0.005184,0.00458,4859.00,17.1,18.0,30.6,31.1
4862.0,55.80638339,37.45750365,171.342,-783.576,710.786,0.72763,0.003791,0.00463,4860.00,17.7,18.6,30.5,31.1
4863.0,55.80638934,37.45751559,171.347,-782.826,711.448,0.72423,0.002773,0.00467,4861.00,18.4,19.2,30.5,31.1
4864.0,55.80639529,37.45752753,171.352,-782.078,712.111,0.72692,0.002226,0.00471,4862.00,19.0,19.8,30.5,31.1
4865.0,55.80640128,37.45753942,171.358,-781.332,712.777,0.73362,0.002010,0.00475,4863.00,19.7,20.4,30.5,31.1
4866.0,55.80640732,37.45755122,171.364,-780.592,713.450,0.74005,0.001923,0.00477,4864.00,20.2,20.9,30.5,31.1
4867.0,55.80641339,37.45756297,171.371,-779.855,714.126,0.74298,0.001858,0.00479,4865.00,20.7,21.4,30.6,31.1
4868.0,55.80641947,37.45757470,171.378,-779.119,714.803,0.74390,0.001852,0.00478,4865.99,21.2,21.9,30.6,31.1
4869.0,55.80642556,37.45758644,171.386,-778.384,715.480,0.74233,0.002017,0.00476,4866.99,21.8,22.4,30.7,31.1
4870.0,55.80643162,37.45759820,171.394,-777.645,716.155,0.73881,0.002436,0.00472,4867.99,22.3,22.9,30.7,31.1
4871.0,55.80643766,37.45761001,171.402,-776.905,716.827,0.73920,0.003108,0.00467,4868.99,22.7,23.4,30.8,31.2
4872.0,55.80644372,37.45762177,171.410,-776.167,717.502,0.74734,0.003956,0.00459,4869.99,23.1,23.8,30.8,31.2
4873.0,55.80644987,37.45763340,171.417,-775.438,718.186,0.75545,0.004867,0.00450,4870.98,23.6,24.3,30.9,31.2
4874.0,55.80645604,37.45764499,171.424,-774.711,718.873,0.75671,0.005715,0.00439,4871.98,24.0,24.8,30.9,31.2
4875.0,55.80646220,37.45765659,171.430,-773.984,719.559,0.75966,0.006365,0.00427,4872.98,24.4,25.2,31.0,31.2
4876.0,55.80646841,37.45766811,171.436,-773.261,720.251,0.76897,0.006680,0.00413,4873.97,24.8,25.6,31.0,31.2
4877.0,55.80647470,37.45767951,171.440,-772.547,720.950,0.78124,0.006566,0.00399,4874.97,25.1,26.0,31.0,31.3
4878.0,55.80648107,37.45769075,171.444,-771.841,721.659,0.79351,0.006045,0.00384,4875.97,25.5,26.5,31.1,31.3
4879.0,55.80648750,37.45770187,171.446,-771.144,722.376,0.80174,0.005295,0.00369,4876.96,25.8,26.9,31.1,31.3
4880.0,55.80649398,37.45771293,171.449,-770.450,723.096,0.80583,0.004607,0.00354,4877.96,26.2,27.3,31.1,31.3
4881.0,55.80650047,37.45772396,171.450,-769.759,723.819,0.80423,0.004274,0.00339,4878.96,26.5,27.6,31.2,31.3
4882.0,55.80650692,37.45773505,171.451,-769.063,724.537,0.79805,0.004441,0.00325,4879.96,26.8,28.0,31.2,31.4
4883.0,55.80651333,37.45774622,171.452,-768.363,725.251,0.79815,0.005031,0.00312,4880.96,27.1,28.3,31.3,31.4
4884.0,55.80651978,37.45775731,171.453,-767.667,725.969,0.80879,0.005769,0.00300,4881.96,27.4,28.7,31.3,31.4
4885.0,55.80652633,37.45776823,171.454,-766.982,726.697,0.81996,0.006293,0.00289,4882.96,27.7,29.1,31.3,31.4
4886.0,55.80653292,37.45777907,171.455,-766.303,727.431,0.82881,0.006291,0.00279,4883.96,27.9,29.3,31.3,31.4
4887.0,55.80653957,37.45778978,171.456,-765.631,728.172,0.83875,0.005606,0.00271,4884.96,28.1,29.6,31.3,31.5
4888.0,55.80654628,37.45780038,171.457,-764.966,728.919,0.84916,0.004280,0.00264,4885.96,28.3,29.9,31.3,31.5
4889.0,55.80655306,37.45781085,171.459,-764.309,729.673,0.85655,0.002531,0.00259,4886.96,28.5,30.2,31.3,31.6
4890.0,55.80655985,37.45782127,171.461,-763.656,730.430,0.85657,0.000696,0.00255,4887.96,28.7,30.5,31.3,31.6
4891.0,55.80656663,37.45783174,171.463,-762.999,731.184,0.85212,-0.000862,0.00253,4888.96,28.8,30.7,31.5,31.7
4892.0,55.80657338,37.45784227,171.465,-762.339,731.935,0.84509,-0.001842,0.00252,4889.96,29.0,30.9,31.6,31.8
4893.0,55.80658007,37.45785290,171.468,-761.672,732.680,0.83787,-0.002064,0.00252,4890.96,29.2,31.1,31.7,31.9
4894.0,55.80658673,37.45786360,171.470,-761.001,733.422,0.83339,-0.001497,0.00253,4891.96,29.4,31.3,31.9,32.1
4895.0,55.80659337,37.45787434,171.473,-760.327,734.161,0.83011,-0.000250,0.00256,4892.96,29.6,31.5,32.0,32.2
4896.0,55.80659999,37.45788512,171.476,-759.651,734.898,0.82872,0.001449,0.00260,4893.95,29.6,31.7,32.1,32.4
4897.0,55.80660661,37.45789589,171.480,-758.976,735.635,0.82813,0.003278,0.00265,4894.95,29.6,31.8,32.3,32.6
4898.0,55.80661322,37.45790669,171.483,-758.299,736.371,0.83182,0.004879,0.00271,4895.95,29.6,32.0,32.5,32.8
4899.0,55.80661989,37.45791737,171.486,-757.629,737.113,0.84478,0.005949,0.00279,4896.95,29.6,32.2,32.6,32.9
4900.0,55.80662666,37.45792786,171.489,-756.971,737.867,0.86066,0.006348,0.00287,4897.95,29.6,32.4,32.8,33.1
4901.0,55.80663351,37.45793816,171.491,-756.325,738.630,0.87290,0.006154,0.00296,4898.95,29.5,32.6,33.0,33.4
4902.0,55.80664042,37.45794835,171.494,-755.686,739.399,0.87934,0.005627,0.00307,4899.95,29.3,32.8,33.2,33.6
4903.0,55.80664735,37.45795850,171.496,-755.049,740.170,0.87697,0.005084,0.00319,4900.95,29.2,33.0,33.4,33.8
4904.0,55.80665424,37.45796874,171.498,-754.407,740.937,0.87365,0.004764,0.00332,4901.96,29.0,33.2,33.6,34.0
4905.0,55.80666113,37.45797897,171.499,-753.765,741.704,0.87843,0.004754,0.00345,4902.96,28.9,33.4,33.8,34.3
4906.0,55.80666807,37.45798910,171.501,-753.130,742.476,0.88814,0.005015,0.00360,4903.96,29.0,33.7,34.1,34.5
4907.0,55.80667507,37.45799909,171.503,-752.504,743.255,0.89547,0.005445,0.00376,4904.96,29.0,33.9,34.3,34.8
4908.0,55.80668209,37.45800903,171.505,-751.880,744.037,0.89772,0.005926,0.00392,4905.96,29.1,34.1,34.5,35.0
4909.0,55.80668911,37.45801897,171.507,-751.257,744.819,0.89936,0.006330,0.00409,4906.97,29.1,34.3,34.7,35.3
4910.0,55.80669615,37.45802887,171.510,-750.636,745.603,0.90640,0.006519,0.00426,4907.97,29.2,34.6,34.9,35.5
4911.0,55.80670326,37.45803863,171.513,-750.024,746.394,0.92046,0.006383,0.00444,4908.97,29.4,34.8,35.2,35.8
4912.0,55.80671045,37.45804818,171.517,-749.425,747.195,0.93176,0.005891,0.00461,4909.97,29.7,35.0,35.4,36.0
4913.0,55.80671768,37.45805765,171.522,-748.831,747.999,0.93890,0.005135,0.00478,4910.97,30.0,35.3,35.7,36.3
4914.0,55.80672495,37.45806702,171.527,-748.243,748.808,0.94218,0.004295,0.00494,4911.97,30.3,35.5,35.9,36.5
4915.0,55.80673221,37.45807640,171.533,-747.655,749.617,0.94095,0.003555,0.00510,4912.97,30.5,35.8,36.2,36.7
4916.0,55.80673947,37.45808580,171.539,-747.065,750.425,0.94023,0.003012,0.00524,4913.97,30.9,36.0,36.4,37.0
4917.0,55.80674672,37.45809520,171.546,-746.476,751.232,0.94243,0.002650,0.00537,4914.97,31.2,36.2,36.6,37.2
4918.0,55.80675400,37.45810454,171.554,-745.890,752.043,0.94872,0.002373,0.00548,4915.97,31.5,36.4,36.9,37.5
4919.0,55.80676132,37.45811378,171.562,-745.310,752.858,0.95215,0.002076,0.00557,4916.97,31.8,36.7,37.1,37.7
4920.0,55.80676864,37.45812304,171.570,-744.730,753.672,0.95393,0.001709,0.00564,4917.97,32.1,36.9,37.3,38.0
4921.0,55.80677597,37.45813223,171.578,-744.153,754.489,0.95657,0.001294,0.00569,4918.97,32.4,37.1,37.6,38.2
4922.0,55.80678332,37.45814141,171.586,-743.577,755.306,0.95713,0.000904,0.00572,4919.96,32.6,37.4,37.8,38.4
4923.0,55.80679066,37.45815059,171.595,-743.001,756.124,0.95608,0.000627,0.00572,4920.96,32.9,37.6,38.1,38.6
4924.0,55.80679799,37.45815980,171.603,-742.424,756.940,0.95453,0.000538,0.00571,4921.96,33.1,37.9,38.3,38.8
4925.0,55.80680532,37.45816902,171.610,-741.845,757.756,0.95470,0.000691,0.00567,4922.96,33.4,38.1,38.6,39.0
4926.0,55.80681266,37.45817823,171.618,-741.268,758.572,0.95627,0.001113,0.00561,4923.96,33.5,38.4,38.8,39.3
4927.0,55.80682000,37.45818741,171.625,-740.692,759.390,0.95619,0.001802,0.00553,4924.96,33.6,38.6,39.0,39.7
4928.0,55.80682733,37.45819662,171.631,-740.115,760.206,0.95391,0.002705,0.00544,4925.95,33.7,38.8,39.2,40.0
4929.0,55.80683466,37.45820586,171.637,-739.535,761.022,0.95632,0.003700,0.00533,4926.95,33.8,39.0,39.4,40.4
4930.0,55.80684201,37.45821500,171.643,-738.962,761.841,0.96262,0.004596,0.00521,4927.95,33.9,39.2,39.7,40.7
4931.0,55.80684940,37.45822408,171.648,-738.393,762.663,0.96899,0.005165,0.00508,4928.95,34.0,39.5,39.9,40.9
4932.0,55.80685682,37.45823306,171.653,-737.829,763.489,0.97726,0.005211,0.00495,4929.95,34.0,39.7,40.2,41.1
4933.0,55.80686429,37.45824191,171.658,-737.274,764.321,0.98798,0.004650,0.00481,4930.95,34.1,39.9,40.4,41.2
4934.0,55.80687182,37.45825061,171.662,-736.729,765.159,0.99533,0.003555,0.00467,4931.95,34.1,40.1,40.7,41.4
4935.0,55.80687936,37.45825927,171.665,-736.186,765.999,1.00729,0.002154,0.00453,4932.94,34.2,40.3,40.9,41.6
4936.0,55.80688701,37.45826764,171.669,-735.660,766.850,1.00228,0.000741,0.00439,4933.94,34.1,40.5,41.1,41.8
4937.0,55.80689450,37.45827643,171.672,-735.109,767.684,0.98877,-0.000434,0.00425,4934.94,34.0,40.7,41.3,41.9
4938.0,55.80690201,37.45828517,171.675,-734.561,768.520,0.99027,-0.001250,0.00413,4935.94,33.9,40.9,41.4,42.1
4939.0,55.80690952,37.45829392,171.678,-734.012,769.356,0.98969,-0.001723,0.00401,4936.94,33.9,41.0,41.6,42.3
4940.0,55.80691703,37.45830267,171.681,-733.463,770.192,0.98886,-0.001941,0.00390,4937.94,33.8,41.2,41.8,42.5
4941.0,55.80692453,37.45831145,171.684,-732.913,771.027,0.98659,-0.001991,0.00379,4938.94,34.0,41.4,42.0,42.7
4942.0,55.80693202,37.45832026,171.686,-732.360,771.860,0.98351,-0.001915,0.00370,4939.94,34.2,41.6,42.1,42.9
4943.0,55.80693949,37.45832912,171.689,-731.805,772.692,0.98044,-0.001720,0.00361,4940.94,34.4,41.8,42.3,43.0
4944.0,55.80694694,37.45833801,171.692,-731.247,773.522,0.97796,-0.001408,0.00354,4941.94,34.6,42.0,42.5,43.2
4945.0,55.80695439,37.45834693,171.695,-730.687,774.351,0.97633,-0.001000,0.00347,4942.94,34.8,42.2,42.7,43.4
4946.0,55.80696182,37.45835587,171.698,-730.127,775.179,0.97560,-0.000537,0.00340,4943.94,34.9,42.4,42.9,43.5
4947.0,55.80696926,37.45836481,171.701,-729.566,776.007,0.97568,-0.000072,0.00335,4944.94,35.1,42.5,43.1,43.7
4948.0,55.80697670,37.45837375,171.704,-729.005,776.835,0.97638,0.000350,0.00329,4945.94,35.2,42.7,43.3,43.9
4949.0,55.80698415,37.45838267,171.708,-728.446,777.664,0.97746,0.000703,0.00324,4946.94,35.4,42.9,43.5,44.1
4950.0,55.80699160,37.45839158,171.711,-727.887,778.493,0.97873,0.000977,0.00320,4947.94,35.6,43.1,43.7,44.2
4951.0,55.80699905,37.45840047,171.714,-727.330,779.323,0.98004,0.001174,0.00315,4948.94,35.7,43.2,43.9,44.4
4952.0,55.80700652,37.45840934,171.718,-726.773,780.154,0.98136,0.001301,0.00311,4949.94,35.9,43.4,44.0,44.5
4953.0,55.80701399,37.45841819,171.722,-726.218,780.986,0.98276,0.001353,0.00306,4950.94,36.0,43.6,44.2,44.6
4954.0,55.80702146,37.45842703,171.725,-725.664,781.818,0.98434,0.001312,0.00302,4951.94,36.2,43.8,44.4,44.7
4955.0,55.80702895,37.45843584,171.729,-725.111,782.652,0.98612,0.001149,0.00297,4952.93,36.4,43.9,44.6,44.9
4956.0,55.80703645,37.45844463,171.732,-724.560,783.486,0.98798,0.000829,0.00292,4953.93,36.5,44.1,44.7,45.0
4957.0,55.80704395,37.45845339,171.736,-724.010,784.321,0.98968,0.000331,0.00287,4954.93,36.6,44.3,44.9,45.2
4958.0,55.80705146,37.45846213,171.739,-723.462,785.158,0.99088,-0.000337,0.00282,4955.93,36.7,44.4,45.0,45.3
4959.0,55.80705898,37.45847086,171.742,-722.914,785.994,0.99119,-0.001111,0.00276,4956.93,36.8,44.6,45.2,45.5
4960.0,55.80706649,37.45847960,171.746,-722.367,786.831,0.99021,-0.001869,0.00271,4957.92,36.9,44.8,45.3,45.7
4961.0,55.80707400,37.45848835,171.748,-721.817,787.667,0.98753,-0.002447,0.00265,4958.92,37.2,45.0,45.5,45.9
4962.0,55.80708149,37.45849716,171.751,-721.265,788.500,0.98286,-0.002690,0.00260,4959.92,37.4,45.1,45.7,46.1
4963.0,55.80708895,37.45850604,171.753,-720.708,789.331,0.97614,-0.002513,0.00254,4960.92,37.6,45.3,45.8,46.3
4964.0,55.80709637,37.45851502,171.756,-720.145,790.157,0.96784,-0.001954,0.00248,4961.92,37.8,45.5,46.0,46.5
4965.0,55.80710374,37.45852412,171.758,-719.574,790.978,0.96132,-0.001162,0.00243,4962.92,38.0,45.6,46.2,46.7
4966.0,55.80711110,37.45853328,171.760,-719.000,791.797,0.96902,-0.000321,0.00238,4963.92,38.2,45.8,46.3,46.9
4967.0,55.80711855,37.45854218,171.761,-718.442,792.627,0.97770,0.000437,0.00233,4964.92,38.4,45.9,46.5,47.0
4968.0,55.80712600,37.45855110,171.763,-717.882,793.455,0.97436,0.001085,0.00228,4965.92,38.7,46.1,46.6,47.1
4969.0,55.80713342,37.45856009,171.765,-717.318,794.281,0.97158,0.001667,0.00224,4966.92,38.9,46.2,46.8,47.3
4970.0,55.80714083,37.45856909,171.767,-716.754,795.107,0.97293,0.002227,0.00221,4967.92,39.1,46.3,46.9,47.4
4971.0,55.80714827,37.45857804,171.768,-716.193,795.934,0.97576,0.002735,0.00217,4968.92,39.3,46.5,47.0,47.6
4972.0,55.80715571,37.45858696,171.770,-715.633,796.763,0.97943,0.003086,0.00215,4969.92,39.6,46.6,47.2,47.7
4973.0,55.80716318,37.45859581,171.772,-715.078,797.595,0.98507,0.003137,0.00213,4970.92,39.8,46.7,47.3,47.8
4974.0,55.80717068,37.45860459,171.774,-714.527,798.430,0.99063,0.002783,0.00211,4971.92,40.1,46.9,47.4,47.9
4975.0,55.80717821,37.45861329,171.776,-713.981,799.268,0.99763,0.002015,0.00211,4972.92,40.3,47.0,47.5,48.0
4976.0,55.80718577,37.45862188,171.778,-713.443,800.110,1.00223,0.000946,0.00210,4973.92,40.5,47.1,47.6,48.1
4977.0,55.80719334,37.45863046,171.780,-712.904,800.953,1.00131,-0.000222,0.00211,4974.92,40.7,47.2,47.8,48.2
4978.0,55.80720090,37.45863908,171.782,-712.364,801.794,0.99750,-0.001256,0.00212,4975.92,40.9,47.4,47.9,48.3
4979.0,55.80720844,37.45864776,171.784,-711.820,802.633,0.99239,-0.001966,0.00214,4976.92,41.1,47.5,48.0,48.4
4980.0,55.80721595,37.45865651,171.786,-711.271,803.469,0.98755,-0.002262,0.00216,4977.92,41.3,47.6,48.1,48.5
4981.0,55.80722343,37.45866532,171.787,-710.718,804.302,0.98330,-0.002167,0.00219,4978.92,41.5,47.7,48.2,48.5
4982.0,55.80723090,37.45867419,171.789,-710.162,805.134,0.98012,-0.001795,0.00223,4979.92,41.7,47.8,48.3,48.6
4983.0,55.80723835,37.45868308,171.791,-709.604,805.964,0.97867,-0.001303,0.00227,4980.92,42.0,47.9,48.4,48.7
4984.0,55.80724581,37.45869198,171.793,-709.046,806.793,0.97907,-0.000828,0.00231,4981.92,42.2,48.0,48.5,48.8
4985.0,55.80725326,37.45870087,171.794,-708.489,807.624,0.98059,-0.000444,0.00237,4982.93,42.5,48.1,48.6,48.8
4986.0,55.80726073,37.45870973,171.796,-707.933,808.455,0.98204,-0.000143,0.00242,4983.93,42.6,48.2,48.7,48.9
4987.0,55.80726820,37.45871858,171.798,-707.378,809.287,0.98241,0.000130,0.00248,4984.93,42.8,48.3,48.8,48.9
4988.0,55.80727568,37.45872743,171.800,-706.823,810.119,0.98111,0.000406,0.00254,4985.93,42.9,48.4,48.9,49.0
4989.0,55.80728314,37.45873631,171.802,-706.266,810.949,0.97657,0.000639,0.00261,4986.93,43.1,48.4,48.9,49.1
4990.0,55.80729056,37.45874528,171.805,-705.703,811.776,0.97100,0.000712,0.00268,4987.93,43.3,48.5,49.0,49.1
4991.0,55.80729797,37.45875431,171.808,-705.137,812.600,0.98497,0.000519,0.00275,4988.93,43.4,48.6,49.1,49.2
4992.0,55.80730553,37.45876291,171.810,-704.598,813.442,0.99869,0.000071,0.00282,4989.94,43.6,48.7,49.1,49.2
4993.0,55.80731307,37.45877157,171.814,-704.054,814.281,0.99135,-0.000466,0.00290,4990.94,43.7,48.8,49.2,49.3
4994.0,55.80732056,37.45878037,171.817,-703.502,815.116,0.98286,-0.000839,0.00297,4991.94,43.9,48.9,49.3,49.4
4995.0,55.80732802,37.45878926,171.820,-702.945,815.946,0.97731,-0.000846,0.00304,4992.94,44.0,49.0,49.4,49.4
4996.0,55.80733545,37.45879820,171.824,-702.384,816.774,0.97464,-0.000445,0.00312,4993.94,44.2,49.0,49.4,49.5
4997.0,55.80734288,37.45880717,171.828,-701.822,817.601,0.97428,0.000219,0.00319,4994.95,44.3,49.1,49.5,49.6
4998.0,55.80735032,37.45881612,171.831,-701.260,818.428,0.97576,0.000879,0.00326,4995.95,44.5,49.2,49.6,49.7
4999.0,55.80735776,37.45882504,171.835,-700.701,819.257,0.97899,0.001268,0.00333,4996.95,44.7,49.2,49.7,49.7
5000.0,55.80736523,37.45883391,171.839,-700.145,820.088,0.98418,0.001234,0.00340,4997.95,44.8,49.3,49.7,49.8
5001.0,55.80737272,37.45884269,171.842,-699.594,820.923,0.99155,0.000806,0.00347,4998.95,45.0,49.3,49.8,49.9
5002.0,55.80738026,37.45885136,171.845,-699.050,821.762,0.99870,0.000180,0.00354,4999.95,45.1,49.4,49.8,49.9
5003.0,55.80738783,37.45885996,171.849,-698.511,822.604,0.99183,-0.000384,0.00360,5000.95,45.2,49.5,49.8,50.0
5004.0,55.80739530,37.45886881,171.852,-697.956,823.436,0.97697,-0.000697,0.00366,5001.96,45.3,49.5,49.9,50.0
5005.0,55.80740272,37.45887780,171.855,-697.392,824.262,0.97577,-0.000736,0.00372,5002.96,45.4,49.6,49.9,50.1
5006.0,55.80741018,37.45888669,171.858,-696.835,825.092,0.98096,-0.000618,0.00377,5003.96,45.5,49.6,49.9,50.1
5007.0,55.80741765,37.45889554,171.862,-696.280,825.924,0.98406,-0.000506,0.00381,5004.96,45.6,49.7,50.0,50.2
5008.0,55.80742514,37.45890434,171.865,-695.727,826.757,0.98623,-0.000498,0.00385,5005.96,45.7,49.7,50.0,50.2
5009.0,55.80743263,37.45891313,171.869,-695.176,827.592,0.98388,-0.000586,0.00388,5006.96,45.8,49.7,50.1,50.3
5010.0,55.80744009,37.45892200,171.873,-694.620,828.423,0.98040,-0.000694,0.00389,5007.95,45.9,49.8,50.1,50.3
5011.0,55.80744755,37.45893089,171.877,-694.062,829.253,0.97917,-0.000732,0.00389,5008.95,46.0,49.8,50.1,50.3
5012.0,55.80745501,37.45893978,171.882,-693.504,830.083,0.97839,-0.000650,0.00388,5009.95,46.1,49.8,50.2,50.4
5013.0,55.80746246,37.45894869,171.887,-692.946,830.912,0.97809,-0.000436,0.00386,5010.95,46.2,49.8,50.2,50.4
5014.0,55.80746991,37.45895760,171.892,-692.387,831.742,0.97748,-0.000111,0.00381,5011.95,46.3,49.8,50.2,50.4
5015.0,55.80747735,37.45896652,171.897,-691.828,832.570,0.97631,0.000283,0.00375,5012.95,46.4,49.8,50.2,50.4
5016.0,55.80748479,37.45897546,171.902,-691.267,833.399,0.97560,0.000688,0.00367,5013.95,46.5,49.8,50.2,50.4
5017.0,55.80749223,37.45898440,171.908,-690.706,834.226,0.97701,0.001041,0.00356,5014.94,46.6,49.8,50.2,50.4
5018.0,55.80749968,37.45899330,171.913,-690.148,835.056,0.98086,0.001288,0.00343,5015.94,46.6,49.8,50.3,50.4
5019.0,55.80750716,37.45900214,171.918,-689.594,835.888,0.98486,0.001405,0.00328,5016.94,46.7,49.8,50.3,50.4
5020.0,55.80751465,37.45901094,171.924,-689.042,836.723,0.98449,0.001397,0.00311,5017.94,46.8,49.8,50.3,50.4
5021.0,55.80752212,37.45901978,171.929,-688.487,837.554,0.98463,0.001286,0.00291,5018.94,46.9,49.8,50.3,50.4
5022.0,55.80752962,37.45902858,171.933,-687.936,838.389,0.98788,0.001091,0.00269,5019.93,47.0,49.8,50.2,50.4
5023.0,55.80753712,37.45903734,171.938,-687.386,839.224,0.98833,0.000816,0.00244,5020.93,47.0,49.7,50.2,50.5
5024.0,55.80754462,37.45904612,171.942,-686.836,840.059,0.98973,0.000459,0.00218,5021.93,47.1,49.7,50.1,50.5
5025.0,55.80755214,37.45905484,171.946,-686.288,840.896,0.99096,0.000021,0.00189,5022.93,47.2,49.6,50.1,50.5
5026.0,55.80755965,37.45906359,171.949,-685.740,841.732,0.98953,-0.000470,0.00159,5023.92,47.1,49.5,50.0,50.5
5027.0,55.80756715,37.45907235,171.952,-685.190,842.567,0.99098,-0.000957,0.00127,5024.92,47.0,49.4,50.0,50.5
5028.0,55.80757468,37.45908106,171.954,-684.644,843.405,0.99070,-0.001356,0.00094,5025.92,46.9,49.3,49.9,50.5
5029.0,55.80758218,37.45908983,171.955,-684.094,844.240,0.98571,-0.001584,0.00060,5026.92,46.8,49.2,49.8,50.5
5030.0,55.80758965,37.45909867,171.956,-683.539,845.072,0.98075,-0.001587,0.00025,5027.91,46.7,49.1,49.7,50.4
5031.0,55.80759710,37.45910757,171.956,-682.981,845.902,0.97883,-0.001368,-0.00010,5028.91,46.6,48.9,49.6,50.4
5032.0,55.80760456,37.45911646,171.956,-682.423,846.732,0.97826,-0.000978,-0.00046,5029.91,46.4,48.8,49.5,50.3
5033.0,55.80761201,37.45912538,171.955,-681.864,847.561,0.97636,-0.000499,-0.00081,5030.91,46.3,48.6,49.4,50.2
5034.0,55.80761944,37.45913432,171.953,-681.303,848.389,0.97654,-0.000005,-0.00115,5031.91,46.1,48.5,49.3,50.1
5035.0,55.80762689,37.45914324,171.951,-680.744,849.218,0.97906,0.000462,-0.00149,5032.91,46.0,48.4,49.2,50.1
5036.0,55.80763435,37.45915211,171.948,-680.188,850.049,0.98062,0.000887,-0.00182,5033.90,45.9,48.2,49.0,49.9
5037.0,55.80764182,37.45916098,171.944,-679.631,850.880,0.98005,0.001263,-0.00213,5034.90,45.8,48.0,48.8,49.7
5038.0,55.80764928,37.45916987,171.940,-679.074,851.710,0.97896,0.001556,-0.00243,5035.90,45.7,47.8,48.6,49.5
5039.0,55.80765673,37.45917877,171.936,-678.516,852.540,0.98166,0.001697,-0.00271,5036.90,45.6,47.6,48.5,49.3
5040.0,55.80766421,37.45918759,171.932,-677.963,853.373,0.98721,0.001600,-0.00297,5037.90,45.5,47.5,48.3,49.1
5041.0,55.80767172,37.45919635,171.927,-677.414,854.209,0.99111,0.001204,-0.00321,5038.90,45.4,47.3,48.2,49.0
5042.0,55.80767924,37.45920506,171.922,-676.867,855.046,0.99305,0.000515,-0.00342,5039.90,45.2,47.1,48.1,48.8
5043.0,55.80768677,37.45921376,171.917,-676.321,855.884,0.99413,-0.000373,-0.00362,5040.90,45.1,47.0,47.9,48.7
5044.0,55.80769430,37.45922245,171.912,-675.777,856.723,0.99451,-0.001298,-0.00380,5041.90,45.0,46.8,47.8,48.6
5045.0,55.80770183,37.45923114,171.906,-675.231,857.561,0.99244,-0.002066,-0.00395,5042.90,44.8,46.6,47.7,48.5
5046.0,55.80770934,37.45923988,171.901,-674.683,858.397,0.98465,-0.002513,-0.00409,5043.90,44.7,46.5,47.5,48.3
5047.0,55.80771680,37.45924878,171.895,-674.125,859.227,0.97756,-0.002548,-0.00420,5044.90,44.5,46.3,47.4,48.1
5048.0,55.80772424,37.45925771,171.889,-673.565,860.056,0.97490,-0.002175,-0.00430,5045.90,44.3,46.1,47.2,47.9
5049.0,55.80773167,37.45926668,171.884,-673.003,860.882,0.97183,-0.001478,-0.00438,5046.91,44.1,45.9,47.1,47.7
5050.0,55.80773908,37.45927569,171.878,-672.438,861.708,0.97174,-0.000588,-0.00445,5047.91,43.9,45.7,46.9,47.5
5051.0,55.80774650,37.45928466,171.872,-671.875,862.534,0.97156,0.000347,-0.00451,5048.91,43.7,45.6,46.7,47.3
5052.0,55.80775391,37.45929367,171.867,-671.310,863.359,0.97117,0.001176,-0.00457,5049.91,43.4,45.4,46.6,47.1
5053.0,55.80776133,37.45930265,171.862,-670.746,864.185,0.97429,0.001763,-0.00461,5050.91,43.2,45.2,46.4,46.9
5054.0,55.80776878,37.45931159,171.857,-670.186,865.014,0.97766,0.002009,-0.00465,5051.91,43.0,45.0,46.2,46.7
5055.0,55.80777623,37.45932048,171.853,-669.628,865.844,0.98624,0.001889,-0.00469,5052.91,42.8,44.9,46.1,46.5
5056.0,55.80778376,37.45932918,171.849,-669.082,866.682,0.99059,0.001462,-0.00474,5053.91,42.7,44.7,45.9,46.3
5057.0,55.80779126,37.45933796,171.845,-668.532,867.516,0.98825,0.000856,-0.00478,5054.91,42.5,44.5,45.7,46.2
5058.0,55.80779876,37.45934673,171.842,-667.982,868.352,0.98844,0.000221,-0.00484,5055.91,42.3,44.4,45.5,46.0
5059.0,55.80780626,37.45935550,171.838,-667.432,869.187,0.98724,-0.000333,-0.00489,5056.91,42.1,44.2,45.3,45.8
5060.0,55.80781375,37.45936430,171.835,-666.880,870.021,0.98461,-0.000757,-0.00496,5057.91,42.0,44.0,45.1,45.6
5061.0,55.80782123,37.45937314,171.832,-666.326,870.853,0.98303,-0.001056,-0.00503,5058.91,41.8,43.9,45.0,45.4
5062.0,55.80782870,37.45938198,171.829,-665.771,871.685,0.98369,-0.001251,-0.00512,5059.91,41.6,43.7,44.8,45.3
5063.0,55.80783618,37.45939081,171.825,-665.218,872.518,0.98394,-0.001343,-0.00521,5060.90,41.4,43.6,44.7,45.1
5064.0,55.80784366,37.45939964,171.821,-664.664,873.350,0.98073,-0.001297,-0.00531,5061.90,41.2,43.4,44.6,44.9
5065.0,55.80785111,37.45940855,171.817,-664.105,874.180,0.97682,-0.001060,-0.00542,5062.90,41.0,43.3,44.5,44.8
5066.0,55.80785855,37.45941749,171.812,-663.544,875.008,0.97525,-0.000599,-0.00554,5063.90,40.8,43.2,44.4,44.7
5067.0,55.80786598,37.45942644,171.806,-662.983,875.835,0.97423,0.000053,-0.00567,5064.90,40.6,43.2,44.3,44.5
5068.0,55.80787341,37.45943540,171.800,-662.421,876.662,0.97310,0.000783,-0.00581,5065.90,40.4,43.1,44.2,44.4
5069.0,55.80788083,37.45944438,171.794,-661.857,877.489,0.97199,0.001412,-0.00595,5066.90,40.2,43.0,44.1,44.3
5070.0,55.80788825,37.45945338,171.787,-661.293,878.314,0.97521,0.001754,-0.00610,5067.90,40.0,43.0,44.0,44.2
5071.0,55.80789570,37.45946227,171.780,-660.735,879.144,0.98727,0.001699,-0.00625,5068.90,39.7,42.9,43.9,44.1
5072.0,55.80790324,37.45947095,171.773,-660.192,879.983,0.99490,0.001276,-0.00641,5069.90,39.5,42.8,43.8,44.1
5073.0,55.80791077,37.45947964,171.766,-659.646,880.822,0.98866,0.000640,-0.00657,5070.90,39.2,42.7,43.8,44.0
5074.0,55.80791825,37.45948848,171.759,-659.092,881.654,0.98913,0.000009,-0.00673,5071.90,38.9,42.7,43.7,43.9
5075.0,55.80792578,37.45949716,171.752,-658.547,882.493,0.98800,-0.000435,-0.00690,5072.90,38.6,42.6,43.6,43.8
5076.0,55.80793325,37.45950603,171.744,-657.991,883.324,0.98032,-0.000621,-0.00708,5073.90,38.4,42.5,43.5,43.7
5077.0,55.80794071,37.45951492,171.737,-657.434,884.154,0.98054,-0.000596,-0.00726,5074.91,38.2,42.5,43.4,43.7
5078.0,55.80794817,37.45952378,171.730,-656.878,884.985,0.98204,-0.000476,-0.00744,5075.91,38.0,42.5,43.3,43.6
5079.0,55.80795565,37.45953263,171.723,-656.323,885.817,0.98328,-0.000378,-0.00763,5076.91,37.7,42.4,43.2,43.5
5080.0,55.80796312,37.45954146,171.716,-655.770,886.650,0.98407,-0.000359,-0.00782,5077.91,37.5,42.4,43.2,43.4
5081.0,55.80797061,37.45955028,171.709,-655.216,887.483,0.98397,-0.000404,-0.00802,5078.91,37.3,42.4,43.1,43.4
5082.0,55.80797808,37.45955911,171.702,-654.662,888.315,0.98301,-0.000440,-0.00822,5079.91,37.0,42.4,43.1,43.5
5083.0,55.80798556,37.45956796,171.695,-654.107,889.147,0.98143,-0.000385,-0.00842,5080.91,36.8,42.4,43.1,43.5
5084.0,55.80799302,37.45957684,171.687,-653.550,889.978,0.97958,-0.000192,-0.00863,5081.91,36.5,42.4,43.1,43.5
5085.0,55.80800047,37.45958574,171.680,-652.992,890.808,0.97833,0.000111,-0.00885,5082.91,36.3,42.4,43.0,43.5
5086.0,55.80800792,37.45959465,171.672,-652.434,891.637,0.97781,0.000416,-0.00907,5083.91,36.0,42.4,43.1,43.5
5087.0,55.80801537,37.45960356,171.663,-651.875,892.466,0.97854,0.000562,-0.00929,5084.90,35.8,42.4,43.1,43.6
5088.0,55.80802283,37.45961245,171.654,-651.317,893.296,0.98125,0.000425,-0.00951,5085.90,35.5,42.3,43.1,43.6
5089.0,55.80803030,37.45962129,171.645,-650.763,894.129,0.98572,0.000021,-0.00973,5086.90,35.3,42.3,43.1,43.6
5090.0,55.80803780,37.45963006,171.635,-650.213,894.964,0.99122,-0.000440,-0.00996,5087.90,35.0,42.2,43.1,43.6
5091.0,55.80804533,37.45963876,171.624,-649.667,895.802,0.99650,-0.000632,-0.01018,5088.90,34.7,42.2,43.2,43.6
5092.0,55.80805289,37.45964738,171.613,-649.126,896.643,0.99298,-0.000325,-0.01040,5089.90,34.5,42.1,43.2,43.7
5093.0,55.80806038,37.45965617,171.602,-648.575,897.477,0.94841,0.000420,-0.01062,5090.90,34.2,42.0,43.2,43.7
5094.0,55.80806747,37.45966596,171.590,-647.961,898.267,0.93917,0.001244,-0.01083,5091.90,33.9,42.0,43.3,43.7
5095.0,55.80807487,37.45967499,171.579,-647.395,899.090,0.99660,0.001721,-0.01104,5092.90,33.6,41.9,43.3,43.7
5096.0,55.80808255,37.45968327,171.567,-646.875,899.945,1.02615,0.001642,-0.01124,5093.90,33.3,41.9,43.3,43.8
5097.0,55.80809024,37.45969151,171.554,-646.359,900.801,1.00102,0.001101,-0.01144,5094.90,33.0,42.0,43.4,43.8
5098.0,55.80809767,37.45970047,171.542,-645.797,901.628,0.96754,0.000348,-0.01163,5095.90,32.7,42.0,43.4,43.8
5099.0,55.80810503,37.45970960,171.530,-645.224,902.448,0.96890,-0.000413,-0.01180,5096.90,32.4,42.0,43.4,43.8
5100.0,55.80811247,37.45971852,171.517,-644.665,903.277,0.99504,-0.001066,-0.01198,5097.90,32.1,42.1,43.4,43.9
5101.0,55.80812010,37.45972696,171.505,-644.135,904.125,1.01598,-0.001480,-0.01214,5098.89,31.8,42.1,43.5,43.9
5102.0,55.80812774,37.45973532,171.492,-643.611,904.977,0.99784,-0.001471,-0.01229,5099.89,31.5,42.1,43.5,43.9
5103.0,55.80813519,37.45974425,171.479,-643.051,905.805,0.95506,-0.000929,-0.01244,5100.89,31.2,42.1,43.5,43.9
5104.0,55.80814241,37.45975373,171.467,-642.456,906.609,0.95832,-0.000007,-0.01258,5101.89,30.9,42.1,43.5,43.9
5105.0,55.80814988,37.45976257,171.454,-641.902,907.441,0.97983,0.000869,-0.01270,5102.89,30.6,42.1,43.5,43.9
5106.0,55.80815732,37.45977150,171.441,-641.342,908.270,0.97750,0.001231,-0.01283,5103.89,30.3,41.9,43.5,43.9
5107.0,55.80816478,37.45978040,171.428,-640.784,909.099,0.99215,0.000882,-0.01294,5104.89,30.0,41.7,43.5,43.9
5108.0,55.80817236,37.45978894,171.414,-640.248,909.944,1.01827,0.000045,-0.01305,5105.89,29.7,41.6,43.5,43.9
5109.0,55.80818007,37.45979714,171.401,-639.734,910.801,1.00297,-0.000780,-0.01315,5106.89,29.4,41.4,43.5,43.9
5110.0,55.80818750,37.45980608,171.388,-639.173,911.629,0.96536,-0.001133,-0.01324,5107.89,29.1,41.3,43.5,43.9
5111.0,55.80819484,37.45981529,171.374,-638.596,912.446,0.96254,-0.000872,-0.01333,5108.89,28.7,41.0,43.5,43.9
5112.0,55.80820224,37.45982431,171.360,-638.030,913.270,0.97621,-0.000205,-0.01341,5109.89,28.4,40.8,43.4,43.8
5113.0,55.80820972,37.45983315,171.346,-637.476,914.102,0.98449,0.000502,-0.01349,5110.89,28.1,40.5,43.4,43.8
5114.0,55.80821721,37.45984195,171.332,-636.924,914.936,0.98697,0.000956,-0.01357,5111.89,27.8,40.3,43.4,43.7
5115.0,55.80822471,37.45985073,171.318,-636.373,915.771,0.98632,0.001071,-0.01364,5112.90,27.4,40.0,43.3,43.7
5116.0,55.80823219,37.45985955,171.304,-635.820,916.604,0.98603,0.000926,-0.01371,5113.90,27.1,39.7,43.4,43.7
5117.0,55.80823969,37.45986833,171.290,-635.269,917.439,0.98754,0.000662,-0.01378,5114.90,26.7,39.4,43.4,43.7
5118.0,55.80824719,37.45987711,171.276,-634.719,918.274,0.98773,0.000388,-0.01384,5115.90,26.4,39.1,43.4,43.8
5119.0,55.80825468,37.45988589,171.263,-634.168,919.108,0.98755,0.000152,-0.01390,5116.90,26.0,38.8,43.4,43.8
5120.0,55.80826218,37.45989467,171.249,-633.617,919.943,0.98722,-0.000046,-0.01396,5117.90,25.7,38.4,43.5,43.8
5121.0,55.80826968,37.45990346,171.235,-633.066,920.777,0.98721,-0.000221,-0.01402,5118.90,25.4,38.3,43.5,43.9
5122.0,55.80827717,37.45991224,171.222,-632.515,921.612,0.98746,-0.000385,-0.01407,5119.90,25.0,38.1,43.5,43.9
5123.0,55.80828467,37.45992103,171.208,-631.965,922.447,0.98736,-0.000536,-0.01413,5120.90,24.7,38.0,43.6,43.9
5124.0,55.80829217,37.45992981,171.194,-631.414,923.281,0.98647,-0.000656,-0.01418,5121.90,24.4,37.8,43.6,44.0
5125.0,55.80829965,37.45993862,171.180,-630.861,924.115,0.98454,-0.000725,-0.01423,5122.91,24.1,37.7,43.7,44.0
5126.0,55.80830713,37.45994746,171.166,-630.307,924.947,0.98381,-0.000727,-0.01428,5123.91,24.0,37.5,43.7,44.1
5127.0,55.80831461,37.45995628,171.151,-629.754,925.780,0.98290,-0.000661,-0.01432,5124.91,23.9,37.4,43.7,44.1
5128.0,55.80832208,37.45996514,171.137,-629.198,926.611,0.98183,-0.000537,-0.01437,5125.91,23.9,37.2,43.7,44.1
5129.0,55.80832955,37.45997400,171.122,-628.643,927.443,0.98150,-0.000380,-0.01441,5126.91,23.8,37.1,43.8,44.1
5130.0,55.80833701,37.45998287,171.107,-628.086,928.274,0.98028,-0.000220,-0.01444,5127.91,23.7,37.0,43.8,44.2
5131.0,55.80834447,37.45999175,171.092,-627.529,929.104,0.98105,-0.000085,-0.01448,5128.91,23.3,36.9,43.8,44.2
5132.0,55.80835194,37.46000060,171.077,-626.974,929.936,0.98236,0.000007,-0.01451,5129.91,22.9,36.8,43.8,44.2
5133.0,55.80835942,37.46000945,171.062,-626.419,930.768,0.98210,0.000048,-0.01454,5130.91,22.4,36.7,43.8,44.2
5134.0,55.80836689,37.46001831,171.048,-625.863,931.600,0.98184,0.000042,-0.01456,5131.91,22.0,36.6,43.8,44.2
5135.0,55.80837435,37.46002717,171.033,-625.308,932.431,0.98191,-0.000009,-0.01457,5132.92,21.6,36.5,43.8,44.2
5136.0,55.80838182,37.46003602,171.018,-624.753,933.263,0.98230,-0.000104,-0.01459,5133.92,20.6,36.4,43.8,44.2
5137.0,55.80838930,37.46004487,171.004,-624.198,934.095,0.98200,-0.000242,-0.01459,5134.92,19.6,36.3,43.8,44.2
5138.0,55.80839676,37.46005373,170.989,-623.642,934.926,0.98196,-0.000404,-0.01459,5135.92,18.7,36.3,43.8,44.2
5139.0,55.80840424,37.46006258,170.974,-623.087,935.758,0.98283,-0.000547,-0.01459,5136.92,17.7,36.2,43.7,44.2
5140.0,55.80841171,37.46007142,170.959,-622.532,936.590,0.98265,-0.000603,-0.01458,5137.92,16.7,36.1,43.7,44.1
5141.0,55.80841918,37.46008028,170.944,-621.977,937.422,0.98002,-0.000505,-0.01456,5138.93,16.2,36.2,43.6,44.0
5142.0,55.80842663,37.46008919,170.929,-621.418,938.251,0.97536,-0.000220,-0.01454,5139.93,15.7,36.2,43.4,43.9
5143.0,55.80843406,37.46009816,170.914,-620.855,939.078,0.97477,0.000231,-0.01451,5140.93,15.2,36.2,43.3,43.9
5144.0,55.80844150,37.46010709,170.899,-620.296,939.906,0.97714,0.000765,-0.01448,5141.93,14.8,36.3,43.2,43.8
5145.0,55.80844895,37.46011600,170.883,-619.737,940.735,0.97843,0.001267,-0.01445,5142.93,14.3,36.3,43.0,43.7
5146.0,55.80845640,37.46012489,170.868,-619.179,941.565,0.98035,0.001607,-0.01441,5143.93,13.2,36.3,42.8,43.5
5147.0,55.80846387,37.46013376,170.853,-618.623,942.397,0.98250,0.001673,-0.01437,5144.93,12.2,36.4,42.6,43.4
5148.0,55.80847135,37.46014259,170.839,-618.069,943.229,0.98707,0.001398,-0.01433,5145.93,11.2,36.4,42.4,43.3
5149.0,55.80847886,37.46015133,170.824,-617.521,944.066,0.99174,0.000791,-0.01428,5146.94,10.2,36.4,42.2,43.2
5150.0,55.80848638,37.46016004,170.810,-616.975,944.903,0.99335,-0.000044,-0.01424,5147.94,9.2,36.5,42.0,43.1
5151.0,55.80849391,37.46016874,170.796,-616.429,945.741,0.99397,-0.000920,-0.01420,5148.94,9.5,36.2,41.7,43.0
5152.0,55.80850144,37.46017743,170.782,-615.884,946.580,0.99177,-0.001616,-0.01416,5149.94,9.9,35.9,41.5,42.9
5153.0,55.80850895,37.46018619,170.768,-615.335,947.415,0.98355,-0.001959,-0.01413,5150.94,10.2,35.6,41.2,42.8
5154.0,55.80851640,37.46019510,170.755,-614.776,948.244,0.97578,-0.001886,-0.01410,5151.94,10.6,35.3,41.0,42.6
5155.0,55.80852383,37.46020407,170.741,-614.214,949.071,0.97361,-0.001468,-0.01408,5152.94,10.9,35.0,40.7,42.5
5156.0,55.80853125,37.46021304,170.728,-613.651,949.898,0.97397,-0.000864,-0.01407,5153.94,11.9,34.8,40.5,42.4
5157.0,55.80853869,37.46022199,170.715,-613.090,950.726,0.97589,-0.000245,-0.01407,5154.94,12.8,34.6,40.3,42.3
5158.0,55.80854613,37.46023091,170.701,-612.530,951.555,0.97781,0.000273,-0.01408,5155.94,13.7,34.3,40.0,42.2
5159.0,55.80855358,37.46023981,170.688,-611.972,952.384,0.97843,0.000648,-0.01410,5156.93,14.6,34.1,39.8,42.1
5160.0,55.80856104,37.46024871,170.674,-611.414,953.214,0.97986,0.000883,-0.01413,5157.93,15.6,33.8,39.6,42.0
5161.0,55.80856850,37.46025758,170.661,-610.858,954.045,0.97794,0.000990,-0.01417,5158.93,16.2,33.6,39.4,41.9
5162.0,55.80857594,37.46026653,170.648,-610.296,954.873,0.97878,0.000957,-0.01423,5159.93,16.7,33.4,39.1,41.7
5163.0,55.80858341,37.46027538,170.634,-609.742,955.705,0.98471,0.000768,-0.01430,5160.93,17.3,33.2,38.9,41.5
5164.0,55.80859090,37.46028417,170.621,-609.190,956.539,0.98655,0.000424,-0.01439,5161.93,17.9,33.0,38.7,41.4
5165.0,55.80859839,37.46029297,170.607,-608.639,957.373,0.98589,-0.000026,-0.01449,5162.93,18.4,32.8,38.4,41.2
5166.0,55.80860588,37.46030178,170.594,-608.086,958.206,0.98534,-0.000487,-0.01460,5163.93,18.8,32.3,38.2,41.0
5167.0,55.80861337,37.46031059,170.580,-607.533,959.040,0.98527,-0.000841,-0.01472,5164.93,19.2,31.8,37.9,40.8
5168.0,55.80862085,37.46031940,170.566,-606.981,959.873,0.98115,-0.000984,-0.01486,5165.93,19.6,31.3,37.7,40.6
5169.0,55.80862830,37.46032832,170.552,-606.421,960.702,0.97916,-0.000864,-0.01501,5166.93,20.0,30.7,37.4,40.4
5170.0,55.80863576,37.46033719,170.538,-605.865,961.533,0.97618,-0.000506,-0.01517,5167.93,20.3,30.2,37.2,40.3
5171.0,55.80864318,37.46034619,170.524,-605.301,962.359,0.97300,-0.000012,-0.01533,5168.93,20.7,29.6,36.9,40.1
5172.0,55.80865061,37.46035514,170.510,-604.740,963.186,0.97548,0.000472,-0.01550,5169.92,21.1,29.0,36.6,39.9
5173.0,55.80865805,37.46036407,170.495,-604.179,964.015,0.97819,0.000812,-0.01568,5170.92,21.5,28.4,36.4,39.7
5174.0,55.80866552,37.46037295,170.479,-603.622,964.845,0.98309,0.000946,-0.01585,5171.92,21.9,27.8,36.1,39.5
5175.0,55.80867301,37.46038175,170.464,-603.070,965.679,0.98660,0.000902,-0.01602,5172.92,22.3,27.2,35.9,39.3
5176.0,55.80868050,37.46039054,170.448,-602.519,966.514,0.98509,0.000763,-0.01620,5173.92,22.6,27.0,35.6,39.1
5177.0,55.80868798,37.46039938,170.431,-601.965,967.346,0.98221,0.000606,-0.01636,5174.91,22.8,26.8,35.3,38.9
5178.0,55.80869544,37.46040824,170.414,-601.409,968.177,0.98267,0.000445,-0.01651,5175.91,23.0,26.6,35.0,38.7
5179.0,55.80870292,37.46041707,170.397,-600.855,969.010,0.98189,0.000224,-0.01666,5176.91,23.2,26.4,34.7,38.5
5180.0,55.80871038,37.46042596,170.379,-600.298,969.840,0.98470,-0.000126,-0.01679,5177.91,23.4,26.2,34.5,38.3
5181.0,55.80871789,37.46043471,170.361,-599.749,970.676,0.99033,-0.000615,-0.01691,5178.91,23.4,26.3,34.2,38.1
5182.0,55.80872540,37.46044345,170.342,-599.201,971.513,0.99055,-0.001152,-0.01701,5179.91,23.4,26.3,34.0,37.8
5183.0,55.80873291,37.46045220,170.323,-598.653,972.349,0.98586,-0.001574,-0.01709,5180.91,23.4,26.4,33.8,37.6
5184.0,55.80874038,37.46046106,170.304,-598.097,973.180,0.98000,-0.001722,-0.01715,5181.91,23.4,26.5,33.5,37.4
5185.0,55.80874783,37.46046996,170.285,-597.539,974.010,0.97252,-0.001527,-0.01719,5182.91,23.4,26.6,33.3,37.1
5186.0,55.80875523,37.46047902,170.265,-596.971,974.833,0.97029,-0.001039,-0.01721,5183.91,23.3,26.6,33.1,36.8
5187.0,55.80876265,37.46048798,170.246,-596.408,975.660,0.97309,-0.000391,-0.01722,5184.91,23.1,26.6,32.9,36.5
5188.0,55.80877008,37.46049696,170.226,-595.845,976.486,0.97432,0.000269,-0.01720,5185.91,23.0,26.5,32.7,36.2
5189.0,55.80877752,37.46050590,170.207,-595.285,977.314,0.97585,0.000835,-0.01717,5186.92,22.8,26.5,32.5,35.9
5190.0,55.80878495,37.46051484,170.188,-594.724,978.142,0.97649,0.001256,-0.01712,5187.92,22.7,26.5,32.3,35.6
5191.0,55.80879240,37.46052375,170.170,-594.165,978.971,0.97832,0.001522,-0.01706,5188.92,22.5,26.3,32.2,35.4
5192.0,55.80879986,37.46053265,170.152,-593.607,979.801,0.98008,0.001629,-0.01698,5189.92,22.3,26.1,32.0,35.1
5193.0,55.80880732,37.46054151,170.135,-593.051,980.633,0.98279,0.001573,-0.01690,5190.92,22.1,25.9,31.8,34.9
5194.0,55.80881481,37.46055034,170.118,-592.498,981.466,0.98552,0.001356,-0.01680,5191.92,22.0,25.7,31.7,34.6
5195.0,55.80882230,37.46055913,170.102,-591.946,982.300,0.98755,0.001004,-0.01671,5192.92,21.8,25.5,31.5,34.3
5196.0,55.80882980,37.46056790,170.086,-591.396,983.135,0.98971,0.000572,-0.01661,5193.92,21.7,25.3,31.3,34.1
5197.0,55.80883731,37.46057664,170.071,-590.848,983.971,0.98966,0.000136,-0.01650,5194.92,21.6,25.1,31.1,33.8
5198.0,55.80884482,37.46058541,170.055,-590.299,984.807,0.98792,-0.000233,-0.01640,5195.92,21.5,24.9,30.8,33.5
5199.0,55.80885231,37.46059419,170.040,-589.748,985.641,0.98485,-0.000489,-0.01631,5196.92,21.4,24.7,30.6,33.3
5200.0,55.80885978,37.46060304,170.025,-589.193,986.473,0.98436,-0.000624,-0.01622,5197.92,21.3,24.5,30.4,33.0
5201.0,55.80886728,37.46061184,170.010,-588.641,987.307,0.98613,-0.000653,-0.01613,5198.92,21.1,24.2,30.2,32.7
5202.0,55.80887477,37.46062064,169.994,-588.089,988.141,0.98412,-0.000606,-0.01605,5199.92,20.9,23.9,29.9,32.3
5203.0,55.80888224,37.46062949,169.979,-587.534,988.973,0.98196,-0.000520,-0.01598,5200.92,20.6,23.5,29.6,32.0
5204.0,55.80888970,37.46063836,169.964,-586.978,989.804,0.98198,-0.000439,-0.01591,5201.92,20.4,23.2,29.4,31.7
5205.0,55.80889718,37.46064721,169.949,-586.423,990.636,0.98199,-0.000411,-0.01585,5202.92,20.2,22.9,29.1,31.3
5206.0,55.80890464,37.46065607,169.934,-585.867,991.467,0.98174,-0.000471,-0.01580,5203.92,19.9,22.5,28.8,31.0
5207.0,55.80891211,37.46066492,169.918,-585.312,992.299,0.98312,-0.000611,-0.01576,5204.92,19.5,22.1,28.5,30.6
5208.0,55.80891959,37.46067375,169.903,-584.758,993.132,0.98466,-0.000772,-0.01571,5205.92,19.1,21.6,28.2,30.3
5209.0,55.80892708,37.46068257,169.888,-584.205,993.965,0.98328,-0.000854,-0.01567,5206.92,18.8,21.2,27.9,29.9
5210.0,55.80893455,37.46069143,169.873,-583.650,994.796,0.97866,-0.000773,-0.01563,5207.92,18.4,20.8,27.6,29.6
5211.0,55.80894199,37.46070036,169.857,-583.089,995.624,0.97391,-0.000514,-0.01560,5208.92,18.1,20.4,27.2,29.3
5212.0,55.80894941,37.46070935,169.842,-582.526,996.450,0.97294,-0.000152,-0.01555,5209.92,17.7,19.9,26.9,29.0
5213.0,55.80895683,37.46071832,169.826,-581.963,997.277,0.97470,0.000181,-0.01550,5210.93,17.3,19.5,26.5,28.6
5214.0,55.80896427,37.46072726,169.810,-581.403,998.106,0.97800,0.000373,-0.01545,5211.93,17.0,19.1,26.1,28.3
5215.0,55.80897173,37.46073613,169.794,-580.846,998.936,0.98346,0.000397,-0.01538,5212.93,16.6,18.7,25.8,28.0
5216.0,55.80897923,37.46074493,169.778,-580.294,999.770,0.98565,0.000318,-0.01530,5213.93,16.1,18.3,25.3,27.6
5217.0,55.80898671,37.46075375,169.761,-579.741,1000.603,0.98060,0.000238,-0.01520,5214.93,15.7,17.9,24.8,27.2
5218.0,55.80899415,37.46076268,169.745,-579.181,1001.432,0.97395,0.000219,-0.01509,5215.93,15.3,17.5,24.4,26.8
5219.0,55.80900157,37.46077167,169.729,-578.617,1002.258,0.97428,0.000251,-0.01496,5216.93,14.8,17.1,23.9,26.5
5220.0,55.80900901,37.46078059,169.713,-578.058,1003.087,0.98316,0.000280,-0.01480,5217.93,14.4,16.7,23.4,26.1
5221.0,55.80901652,37.46078935,169.696,-577.509,1003.922,0.98688,0.000265,-0.01462,5218.94,13.8,16.0,22.9,25.6
5222.0,55.80902400,37.46079817,169.680,-576.955,1004.755,0.98070,0.000209,-0.01441,5219.94,13.3,15.3,22.4,25.2
5223.0,55.80903145,37.46080710,169.664,-576.396,1005.584,0.97781,0.000153,-0.01418,5220.94,12.7,14.7,22.0,24.8
5224.0,55.80903890,37.46081600,169.648,-575.838,1006.414,0.98173,0.000132,-0.01391,5221.95,12.1,14.0,21.5,24.4
5225.0,55.80904638,37.46082482,169.633,-575.285,1007.247,0.98356,0.000155,-0.01362,5222.95,11.6,13.3,21.0,24.0
5226.0,55.80905386,37.46083367,169.617,-574.730,1008.079,0.97927,0.000200,-0.01329,5223.95,10.8,12.5,20.5,23.5
5227.0,55.80906130,37.46084260,169.602,-574.169,1008.907,0.97933,0.000240,-0.01293,5224.96,10.0,11.6,20.1,23.1
5228.0,55.80906877,37.46085145,169.587,-573.614,1009.739,0.98298,0.000261,-0.01254,5225.96,9.2,10.8,19.7,22.6
5229.0,55.80907625,37.46086028,169.573,-573.060,1010.571,0.98463,0.000277,-0.01212,5226.96,8.4,9.9,19.2,22.1
5230.0,55.80908373,37.46086909,169.558,-572.508,1011.405,0.98499,0.000310,-0.01167,5227.97,7.6,9.1,18.8,21.7
5231.0,55.80909122,37.46087792,169.545,-571.955,1012.238,0.98098,0.000357,-0.01119,5228.97,7.3,9.2,18.3,21.1
5232.0,55.80909866,37.46088683,169.531,-571.396,1013.067,0.97783,0.000364,-0.01068,5229.97,7.0,9.4,17.8,20.5
5233.0,55.80910611,37.46089574,169.519,-570.837,1013.896,0.98151,0.000256,-0.01015,5230.97,6.8,9.5,17.3,19.9
5234.0,55.80911360,37.46090455,169.507,-570.284,1014.730,0.98769,-0.000003,-0.00959,5231.98,6.5,9.7,16.9,19.4
5235.0,55.80912111,37.46091330,169.496,-569.736,1015.566,0.99169,-0.000356,-0.00901,5232.98,6.2,9.8,16.4,18.8
5236.0,55.80912863,37.46092201,169.486,-569.190,1016.404,0.98946,-0.000660,-0.00842,5233.98,7.1,10.2,15.9,18.2
5237.0,55.80913612,37.46093081,169.476,-568.637,1017.237,0.98052,-0.000761,-0.00782,5234.98,7.9,10.6,15.5,17.6
5238.0,55.80914356,37.46093976,169.468,-568.076,1018.065,0.97449,-0.000590,-0.00720,5235.99,8.8,11.0,15.0,17.0
5239.0,55.80915099,37.46094872,169.461,-567.514,1018.892,0.97590,-0.000204,-0.00658,5236.99,9.6,11.4,14.5,16.4
5240.0,55.80915844,37.46095763,169.455,-566.956,1019.722,0.97891,0.000250,-0.00595,5237.99,10.5,11.8,14.1,15.9
5241.0,55.80916590,37.46096651,169.450,-566.398,1020.552,0.98027,0.000613,-0.00533,5238.99,10.5,11.8,13.6,15.1
5242.0,55.80917336,37.46097539,169.446,-565.842,1021.383,0.98347,0.000786,-0.00470,5239.99,10.6,11.8,13.2,14.4
5243.0,55.80918085,37.46098419,169.443,-565.290,1022.217,0.98623,0.000756,-0.00409,5240.99,10.6,11.7,12.8,13.7
5244.0,55.80918834,37.46099298,169.441,-564.738,1023.051,0.98478,0.000568,-0.00349,5241.99,10.7,11.7,12.4,12.9
5245.0,55.80919582,37.46100182,169.439,-564.184,1023.883,0.98381,0.000300,-0.00290,5242.99,10.7,11.7,12.0,12.2
5246.0,55.80920330,37.46101065,169.438,-563.631,1024.716,0.98694,0.000027,-0.00232,5243.99,10.2,11.3,11.6,11.8
5247.0,55.80921081,37.46101940,169.438,-563.081,1025.552,0.98810,-0.000191,-0.00176,5244.99,9.7,10.9,11.3,11.5
5248.0,55.80921830,37.46102820,169.439,-562.530,1026.386,0.98341,-0.000317,-0.00123,5245.98,9.2,10.5,10.9,11.1
5249.0,55.80922576,37.46103708,169.440,-561.973,1027.217,0.98093,-0.000347,-0.00071,5246.98,8.6,10.1,10.5,10.7
5250.0,55.80923323,37.46104594,169.441,-561.418,1028.048,0.98276,-0.000311,-0.00021,5247.98,8.1,9.7,10.1,10.3
5251.0,55.80924071,37.46105477,169.442,-560.864,1028.881,0.98337,-0.000255,0.00027,5248.98,8.0,9.8,10.1,10.3
5252.0,55.80924818,37.46106361,169.445,-560.309,1029.713,0.98266,-0.000226,0.00072,5249.98,7.8,9.8,10.1,10.4
5253.0,55.80925565,37.46107246,169.447,-559.754,1030.545,0.98282,-0.000256,0.00115,5250.98,7.6,9.9,10.1,10.4
5254.0,55.80926313,37.46108130,169.450,-559.200,1031.377,0.98357,-0.000365,0.00156,5251.98,7.5,9.9,10.1,10.4
5255.0,55.80927061,37.46109013,169.452,-558.646,1032.210,0.98310,-0.000570,0.00195,5252.98,7.3,10.0,10.1,10.4
5256.0,55.80927808,37.46109898,169.456,-558.091,1033.041,0.98127,-0.000884,0.00232,5253.98,7.6,9.9,10.1,10.4
5257.0,55.80928554,37.46110786,169.459,-557.534,1033.872,0.98014,-0.001281,0.00267,5254.98,7.8,9.8,10.0,10.4
5258.0,55.80929300,37.46111675,169.462,-556.977,1034.703,0.98271,-0.001648,0.00299,5255.98,8.1,9.8,10.0,10.5
5259.0,55.80930049,37.46112556,169.466,-556.424,1035.536,0.98300,-0.001751,0.00330,5256.98,8.4,9.7,10.0,10.5
5260.0,55.80930795,37.46113443,169.470,-555.868,1036.367,0.97997,-0.001280,0.00358,5257.98,8.6,9.6,10.0,10.5
5261.0,55.80931541,37.46114332,169.474,-555.310,1037.197,0.97173,0.000022,0.00384,5258.98,8.7,9.8,10.1,10.6
5262.0,55.80932279,37.46115241,169.477,-554.740,1038.019,0.95283,0.002169,0.00408,5259.98,8.7,9.9,10.1,10.7
5263.0,55.80933005,37.46116180,169.482,-554.152,1038.827,0.95482,0.004762,0.00430,5260.98,8.8,10.0,10.2,10.8
5264.0,55.80933745,37.46117084,169.486,-553.585,1039.651,0.97267,0.006931,0.00449,5261.98,8.8,10.1,10.3,11.0
5265.0,55.80934489,37.46117976,169.491,-553.026,1040.480,0.97788,0.007517,0.00465,5262.98,8.8,10.2,10.4,11.1
5266.0,55.80935235,37.46118866,169.496,-552.467,1041.309,0.98855,0.005520,0.00479,5263.98,8.8,10.1,10.3,10.9
5267.0,55.80935990,37.46119729,169.502,-551.926,1042.150,1.02136,0.000743,0.00490,5264.98,8.7,10.0,10.2,10.7
5268.0,55.80936766,37.46120531,169.508,-551.423,1043.014,1.07888,-0.005746,0.00498,5265.98,8.6,9.9,10.1,10.5
5269.0,55.80937572,37.46121234,169.515,-550.982,1043.912,1.12923,-0.011734,0.00503,5266.97,8.6,9.9,10.0,10.4
5270.0,55.80938390,37.46121893,169.522,-550.569,1044.822,1.00346,-0.014741,0.00504,5267.97,8.5,9.8,9.9,10.2
5271.0,55.80939070,37.46122928,169.530,-549.920,1045.579,0.84811,-0.013206,0.00502,5268.96,8.6,9.8,10.0,10.2
5272.0,55.80939735,37.46123999,169.539,-549.248,1046.320,0.86443,-0.007298,0.00497,5269.96,8.6,9.8,10.0,10.3
5273.0,55.80940436,37.46124997,169.547,-548.622,1047.099,0.91446,0.001102,0.00488,5270.95,8.7,9.8,10.1,10.4
5274.0,55.80941158,37.46125945,169.555,-548.028,1047.904,0.92151,0.009121,0.00476,5271.94,8.7,9.8,10.1,10.4
5275.0,55.80941866,37.46126926,169.564,-547.413,1048.692,0.93433,0.013852,0.00460,5272.93,8.8,9.8,10.2,10.5
5276.0,55.80942602,37.46127840,169.572,-546.840,1049.512,0.94091,0.013283,0.00442,5273.92,8.8,9.8,10.2,10.5
5277.0,55.80943318,37.46128804,169.580,-546.235,1050.308,1.02693,0.007098,0.00420,5274.91,8.8,9.9,10.2,10.4
5278.0,55.80944130,37.46129480,169.587,-545.811,1051.213,1.14949,-0.002879,0.00396,5275.89,8.9,9.9,10.2,10.3
5279.0,55.80944956,37.46130107,169.593,-545.418,1052.132,1.15633,-0.013037,0.00370,5276.88,8.9,9.9,10.2,10.3
5280.0,55.80945774,37.46130764,169.598,-545.006,1053.043,1.01680,-0.019341,0.00341,5277.87,8.9,10.0,10.1,10.2
5281.0,55.80946470,37.46131770,169.603,-544.375,1053.818,0.83893,-0.019156,0.00311,5278.85,8.9,9.9,10.1,10.3
5282.0,55.80947109,37.46132891,169.606,-543.672,1054.528,0.80093,-0.012462,0.00280,5279.84,8.9,9.8,10.1,10.4
5283.0,55.80947760,37.46133990,169.608,-542.983,1055.253,0.83302,-0.001678,0.00247,5280.82,9.0,9.8,10.1,10.5
5284.0,55.80948438,37.46135036,169.610,-542.327,1056.008,0.88083,0.009726,0.00214,5281.81,9.0,9.7,10.1,10.5
5285.0,55.80949145,37.46136019,169.610,-541.710,1056.795,0.93087,0.018886,0.00181,5282.79,9.0,9.7,10.1,10.6
5286.0,55.80949878,37.46136940,169.610,-541.133,1057.612,0.97378,0.024519,0.00148,5283.77,9.1,9.8,10.2,10.8
5287.0,55.80950630,37.46137811,169.609,-540.586,1058.449,1.00736,0.026928,0.00114,5284.76,9.2,9.9,10.3,10.9
5288.0,55.80951397,37.46138643,169.607,-540.065,1059.302,1.03150,0.027351,0.00081,5285.74,9.3,10.0,10.5,11.1
5289.0,55.80952172,37.46139449,169.605,-539.559,1060.165,1.05120,0.027179,0.00048,5286.73,9.4,10.2,10.6,11.2
5290.0,55.80952956,37.46140227,169.603,-539.072,1061.038,1.07128,0.027431,0.00016,5287.71,9.6,10.3,10.7,11.4
5291.0,55.80953749,37.46140977,169.601,-538.601,1061.921,1.08986,0.028553,-0.00017,5288.70,9.7,10.8,11.2,11.9
5292.0,55.80954549,37.46141702,169.599,-538.147,1062.811,1.11135,0.030477,-0.00049,5289.69,9.9,11.3,11.8,12.4
5293.0,55.80955359,37.46142391,169.596,-537.715,1063.713,1.14579,0.032818,-0.00081,5290.67,10.1,11.7,12.4,12.8
5294.0,55.80956185,37.46143016,169.595,-537.322,1064.633,1.18695,0.035112,-0.00113,5291.66,10.3,12.2,13.0,13.3
5295.0,55.80957024,37.46143585,169.593,-536.966,1065.567,1.22772,0.037001,-0.00145,5292.65,10.4,12.7,13.5,13.8
5296.0,55.80957876,37.46144089,169.592,-536.650,1066.516,1.27029,0.038312,-0.00178,5293.64,10.6,12.8,13.6,13.9
5297.0,55.80958740,37.46144528,169.592,-536.374,1067.477,1.31045,0.039025,-0.00212,5294.63,10.8,12.8,13.7,14.0
5298.0,55.80959612,37.46144909,169.592,-536.135,1068.448,1.34824,0.039174,-0.00247,5295.62,11.0,12.9,13.8,14.1
5299.0,55.80960491,37.46145232,169.592,-535.933,1069.427,1.38595,0.038752,-0.00283,5296.61,11.1,12.9,13.8,14.1
5300.0,55.80961377,37.46145495,169.592,-535.767,1070.414,1.42671,0.037701,-0.00319,5297.60,11.3,13.0,13.9,14.2
5301.0,55.80962269,37.46145689,169.593,-535.645,1071.406,1.47135,0.035974,-0.00357,5298.58,11.2,12.9,13.8,14.1
5302.0,55.80963164,37.46145811,169.593,-535.569,1072.403,1.51512,0.033619,-0.00395,5299.57,11.0,12.8,13.7,13.9
5303.0,55.80964062,37.46145866,169.592,-535.534,1073.403,1.55165,0.030769,-0.00434,5300.56,10.9,12.7,13.6,13.8
5304.0,55.80964960,37.46145872,169.591,-535.530,1074.403,1.57562,0.027523,-0.00474,5301.54,10.8,12.7,13.5,13.7
5305.0,55.80965858,37.46145851,169.588,-535.544,1075.403,1.59166,0.023784,-0.00513,5302.53,10.6,12.6,13.4,13.5
5306.0,55.80966756,37.46145805,169.585,-535.572,1076.402,1.61004,0.019249,-0.00553,5303.51,10.1,12.1,13.0,13.1
5307.0,55.80967653,37.46145725,169.580,-535.622,1077.401,1.63587,0.013652,-0.00592,5304.50,9.6,11.7,12.5,12.7
5308.0,55.80968548,37.46145597,169.573,-535.702,1078.398,1.67024,0.007157,-0.00630,5305.49,9.1,11.2,12.0,12.3
5309.0,55.80969440,37.46145408,169.565,-535.821,1079.391,1.70689,0.000591,-0.00666,5306.48,8.5,10.8,11.6,11.9
5310.0,55.80970327,37.46145164,169.555,-535.974,1080.379,1.71019,-0.004807,-0.00701,5307.47,8.0,10.3,11.1,11.5
5311.0,55.80971218,37.46144964,169.544,-536.099,1081.371,1.63120,-0.008076,-0.00735,5308.46,7.7,9.7,10.5,11.6
5312.0,55.80972116,37.46144972,169.532,-536.094,1082.371,1.53625,-0.009189,-0.00766,5309.45,7.5,9.2,10.0,11.6
5313.0,55.80973013,37.46145074,169.519,-536.030,1083.369,1.55313,-0.009134,-0.00794,5310.45,7.2,8.6,9.4,11.7
5314.0,55.80973910,37.46145028,169.505,-536.059,1084.368,1.63238,-0.009299,-0.00820,5311.44,6.9,8.0,8.8,11.8
5315.0,55.80974805,37.46144878,169.491,-536.153,1085.364,1.64478,-0.010605,-0.00844,5312.44,6.7,7.4,8.2,11.9
5316.0,55.80975701,37.46144791,169.477,-536.206,1086.362,1.60689,-0.013044,-0.00866,5313.43,7.3,8.0,8.7,12.0
5317.0,55.80976599,37.46144762,169.464,-536.225,1087.362,1.57526,-0.015882,-0.00885,5314.43,7.9,8.6,9.1,12.2
5318.0,55.80977498,37.46144777,169.452,-536.215,1088.362,1.54928,-0.018264,-0.00903,5315.42,8.5,9.1,9.6,12.3
5319.0,55.80978395,37.46144830,169.441,-536.182,1089.361,1.52551,-0.019730,-0.00919,5316.42,9.1,9.7,10.0,12.5
5320.0,55.80979292,37.46144921,169.431,-536.125,1090.360,1.50329,-0.020347,-0.00934,5317.41,9.7,10.3,10.5,12.6
5321.0,55.80980187,37.46145045,169.423,-536.047,1091.357,1.48340,-0.020520,-0.00948,5318.40,9.8,10.3,10.7,12.6
5322.0,55.80981081,37.46145199,169.415,-535.950,1092.352,1.46685,-0.020692,-0.00962,5319.39,9.8,10.3,10.8,12.5
5323.0,55.80981974,37.46145376,169.409,-535.839,1093.346,1.45267,-0.021112,-0.00976,5320.38,9.8,10.3,11.0,12.4
5324.0,55.80982865,37.46145574,169.403,-535.715,1094.338,1.43534,-0.021771,-0.00990,5321.36,9.9,10.3,11.2,12.4
5325.0,55.80983754,37.46145806,169.397,-535.569,1095.327,1.41162,-0.022466,-0.01005,5322.35,9.9,10.2,11.4,12.3
5326.0,55.80984639,37.46146080,169.391,-535.398,1096.313,1.38312,-0.022951,-0.01021,5323.33,9.9,10.2,11.3,12.3
5327.0,55.80985518,37.46146401,169.384,-535.196,1097.292,1.35277,-0.023083,-0.01039,5324.32,9.8,10.1,11.2,12.3
5328.0,55.80986392,37.46146769,169.377,-534.965,1098.265,1.32590,-0.022895,-0.01058,5325.30,9.8,10.1,11.1,12.2
5329.0,55.80987261,37.46147174,169.369,-534.711,1099.232,1.30620,-0.022563,-0.01078,5326.29,9.8,10.0,11.0,12.2
5330.0,55.80988126,37.46147603,169.360,-534.442,1100.195,1.29032,-0.022292,-0.01100,5327.27,9.7,9.9,10.9,12.2
5331.0,55.80988987,37.46148056,169.350,-534.158,1101.154,1.27155,-0.022227,-0.01124,5328.26,9.6,9.9,10.7,12.2
5332.0,55.80989842,37.46148543,169.339,-533.852,1102.106,1.24726,-0.022400,-0.01148,5329.24,9.6,9.9,10.6,12.2
5333.0,55.80990690,37.46149070,169.328,-533.522,1103.050,1.22200,-0.022763,-0.01174,5330.23,9.5,9.9,10.4,12.2
5334.0,55.80991531,37.46149633,169.315,-533.169,1103.986,1.20073,-0.023236,-0.01201,5331.21,9.4,9.9,10.3,12.2
5335.0,55.80992365,37.46150223,169.302,-532.799,1104.915,1.18001,-0.023737,-0.01229,5332.20,9.4,9.8,10.1,12.2
5336.0,55.80993191,37.46150847,169.288,-532.407,1105.835,1.15520,-0.024201,-0.01258,5333.19,9.4,9.8,10.2,12.2
5337.0,55.80994008,37.46151511,169.274,-531.991,1106.744,1.12834,-0.024582,-0.01287,5334.17,9.4,9.8,10.3,12.2
5338.0,55.80994815,37.46152212,169.260,-531.551,1107.642,1.10211,-0.024857,-0.01315,5335.16,9.4,9.7,10.4,12.2
5339.0,55.80995611,37.46152951,169.246,-531.088,1108.528,1.07673,-0.025026,-0.01344,5336.15,9.4,9.7,10.4,12.1
5340.0,55.80996396,37.46153725,169.231,-530.603,1109.403,1.05320,-0.025103,-0.01373,5337.14,9.4,9.7,10.5,12.1
5341.0,55.80997172,37.46154529,169.217,-530.098,1110.266,1.02941,-0.025092,-0.01401,5338.13,9.6,9.9,10.7,12.0
5342.0,55.80997936,37.46155368,169.202,-529.572,1111.117,1.00155,-0.024973,-0.01428,5339.12,9.8,10.2,10.8,11.8
5343.0,55.80998685,37.46156248,169.187,-529.020,1111.951,0.97435,-0.024669,-0.01455,5340.11,10.0,10.5,11.0,11.7
5344.0,55.80999422,37.46157159,169.172,-528.449,1112.771,0.95195,-0.024038,-0.01480,5341.10,10.2,10.7,11.1,11.5
5345.0,55.81000148,37.46158098,169.156,-527.860,1113.580,0.92916,-0.022865,-0.01505,5342.09,10.4,11.0,11.3,11.4
5346.0,55.81000861,37.46159068,169.141,-527.252,1114.373,0.90336,-0.020924,-0.01529,5343.09,10.4,10.9,11.2,11.4
5347.0,55.81001559,37.46160072,169.125,-526.622,1115.150,0.87491,-0.018081,-0.01551,5344.08,10.3,10.9,11.2,11.3
5348.0,55.81002240,37.46161112,169.109,-525.970,1115.908,0.84626,-0.014411,-0.01572,5345.07,10.2,10.8,11.1,11.3
5349.0,55.81002904,37.46162185,169.093,-525.297,1116.648,0.82882,-0.010238,-0.01591,5346.07,10.2,10.7,11.1,11.2
5350.0,55.81003564,37.46163268,169.077,-524.618,1117.382,0.82803,-0.006081,-0.01609,5347.06,10.1,10.6,11.0,11.2
5351.0,55.81004227,37.46164342,169.061,-523.944,1118.121,0.83384,-0.002498,-0.01626,5348.05,10.1,10.6,11.0,11.2
5352.0,55.81004894,37.46165411,169.044,-523.274,1118.863,0.83994,0.000049,-0.01641,5349.05,10.2,10.6,10.9,11.2
5353.0,55.81005565,37.46166471,169.027,-522.609,1119.610,0.84566,0.001259,-0.01654,5350.04,10.2,10.6,10.9,11.2
5354.0,55.81006239,37.46167526,169.010,-521.948,1120.360,0.85000,0.000975,-0.01665,5351.03,10.3,10.6,10.8,11.1
5355.0,55.81006915,37.46168576,168.993,-521.289,1121.113,0.85633,-0.000839,-0.01674,5352.03,10.3,10.6,10.7,11.1
5356.0,55.81007596,37.46169616,168.975,-520.637,1121.871,0.86345,-0.004080,-0.01681,5353.02,10.3,10.6,10.8,11.3
5357.0,55.81008280,37.46170649,168.957,-519.990,1122.633,0.86628,-0.008426,-0.01685,5354.01,10.3,10.6,10.8,11.5
5358.0,55.81008965,37.46171682,168.939,-519.342,1123.395,0.86193,-0.013283,-0.01688,5355.01,10.3,10.7,10.8,11.6
5359.0,55.81009644,37.46172725,168.920,-518.688,1124.151,0.84638,-0.017837,-0.01688,5356.00,10.3,10.7,10.9,11.8
5360.0,55.81010310,37.46173795,168.901,-518.017,1124.893,0.81463,-0.021251,-0.01686,5357.00,10.3,10.7,10.9,11.9
5361.0,55.81010951,37.46174913,168.881,-517.316,1125.606,0.76991,-0.022927,-0.01681,5357.99,10.4,10.9,11.1,12.1
5362.0,55.81011560,37.46176085,168.862,-516.581,1126.284,0.72766,-0.022703,-0.01674,5358.99,10.5,11.2,11.4,12.2
5363.0,55.81012145,37.46177294,168.843,-515.823,1126.936,0.70256,-0.020860,-0.01665,5359.99,10.6,11.4,11.7,12.4
5364.0,55.81012721,37.46178519,168.824,-515.055,1127.577,0.69258,-0.017947,-0.01654,5360.99,10.6,11.6,11.9,12.6
5365.0,55.81013292,37.46179749,168.805,-514.283,1128.213,0.67898,-0.014537,-0.01640,5361.98,10.7,11.9,12.2,12.7
5366.0,55.81013849,37.46181001,168.787,-513.499,1128.833,0.66204,-0.011052,-0.01625,5362.98,10.9,12.1,12.4,13.3
5367.0,55.81014397,37.46182265,168.770,-512.706,1129.442,0.65510,-0.007724,-0.01607,5363.98,11.2,12.4,12.7,13.8
5368.0,55.81014944,37.46183530,168.753,-511.913,1130.051,0.65133,-0.004668,-0.01588,5364.98,11.4,12.7,12.9,14.4
5369.0,55.81015486,37.46184801,168.737,-511.115,1130.655,0.64598,-0.001966,-0.01567,5365.98,11.6,12.9,13.2,14.9
5370.0,55.81016025,37.46186077,168.721,-510.316,1131.255,0.64644,0.000276,-0.01545,5366.98,11.8,13.2,13.4,15.5
5371.0,55.81016568,37.46187347,168.706,-509.519,1131.859,0.65314,0.001943,-0.01521,5367.98,11.9,13.1,13.4,15.6
5372.0,55.81017117,37.46188610,168.692,-508.727,1132.470,0.65968,0.002947,-0.01496,5368.97,12.0,13.1,13.4,15.8
5373.0,55.81017669,37.46189868,168.678,-507.939,1133.085,0.66768,0.003272,-0.01470,5369.97,12.0,13.0,13.3,15.9
5374.0,55.81018229,37.46191115,168.664,-507.157,1133.709,0.67543,0.002975,-0.01442,5370.97,12.1,12.9,13.3,16.1
5375.0,55.81018793,37.46192357,168.651,-506.378,1134.336,0.67229,0.002175,-0.01414,5371.96,12.2,12.8,13.3,16.2
5376.0,55.81019348,37.46193610,168.637,-505.592,1134.954,0.67520,0.001021,-0.01385,5372.96,12.1,12.7,13.2,16.3
5377.0,55.81019915,37.46194847,168.624,-504.817,1135.586,0.68722,-0.000316,-0.01354,5373.96,12.0,12.5,13.0,16.3
5378.0,55.81020488,37.46196076,168.610,-504.046,1136.223,0.68136,-0.001668,-0.01323,5374.96,11.9,12.4,12.9,16.4
5379.0,55.81021047,37.46197324,168.597,-503.263,1136.845,0.66959,-0.002884,-0.01291,5375.95,11.8,12.2,12.8,16.4
5380.0,55.81021603,37.46198577,168.583,-502.478,1137.464,0.66815,-0.003843,-0.01257,5376.95,11.8,12.1,12.6,16.5
5381.0,55.81022160,37.46199828,168.570,-501.693,1138.084,0.66467,-0.004449,-0.01223,5377.95,11.8,12.1,12.6,16.4
5382.0,55.81022711,37.46201087,168.556,-500.904,1138.698,0.66107,-0.004614,-0.01187,5378.94,11.7,12.1,12.6,16.3
5383.0,55.81023263,37.46202345,168.543,-500.115,1139.312,0.65600,-0.004253,-0.01150,5379.94,11.7,12.0,12.5,16.3
5384.0,55.81023807,37.46203615,168.530,-499.319,1139.918,0.63903,-0.003302,-0.01112,5380.93,11.7,12.0,12.5,16.2
5385.0,55.81024335,37.46204905,168.518,-498.509,1140.505,0.63048,-0.001730,-0.01072,5381.93,11.7,12.0,12.4,16.1
5386.0,55.81024866,37.46206191,168.506,-497.703,1141.097,0.64010,0.000462,-0.01031,5382.93,11.6,11.9,12.4,16.1
5387.0,55.81025408,37.46207464,168.494,-496.905,1141.700,0.64354,0.003251,-0.00989,5383.92,11.5,11.8,12.4,16.1
5388.0,55.81025944,37.46208743,168.484,-496.103,1142.297,0.63397,0.006568,-0.00946,5384.92,11.4,11.8,12.4,16.0
5389.0,55.81026472,37.46210033,168.474,-495.294,1142.884,0.63540,0.010247,-0.00902,5385.91,11.3,11.7,12.4,16.0
5390.0,55.81027010,37.46211310,168.464,-494.494,1143.484,0.65355,0.014003,-0.00856,5386.91,11.2,11.6,12.4,15.9
5391.0,55.81027564,37.46212565,168.455,-493.706,1144.100,0.67186,0.017470,-0.00810,5387.90,11.0,11.6,12.2,15.7
5392.0,55.81028129,37.46213806,168.447,-492.928,1144.729,0.69454,0.020310,-0.00762,5388.89,10.8,11.5,12.1,15.5
5393.0,55.81028714,37.46215016,168.439,-492.170,1145.380,0.72653,0.022320,-0.00714,5389.88,10.5,11.4,11.9,15.3
5394.0,55.81029322,37.46216190,168.432,-491.434,1146.057,0.75433,0.023488,-0.00666,5390.87,10.3,11.4,11.8,15.1
5395.0,55.81029944,37.46217340,168.425,-490.712,1146.750,0.77728,0.023957,-0.00617,5391.87,10.1,11.3,11.6,14.9
5396.0,55.81030582,37.46218463,168.419,-490.008,1147.460,0.80370,0.023936,-0.00567,5392.86,9.3,11.2,11.5,14.5
5397.0,55.81031237,37.46219553,168.414,-489.325,1148.189,0.82529,0.023613,-0.00518,5393.85,8.4,11.0,11.4,14.1
5398.0,55.81031902,37.46220627,168.410,-488.652,1148.929,0.84347,0.023119,-0.00468,5394.84,7.6,10.9,11.4,13.7
5399.0,55.81032579,37.46221674,168.406,-487.995,1149.683,0.87241,0.022561,-0.00418,5395.83,6.8,10.8,11.3,13.3
5400.0,55.81033277,37.46222677,168.402,-487.366,1150.460,0.90305,0.022052,-0.00368,5396.82,5.9,10.6,11.2,12.9
5401.0,55.81033990,37.46223649,168.400,-486.757,1151.253,0.92193,0.021674,-0.00319,5397.81,5.8,10.0,10.5,12.0
5402.0,55.81034709,37.46224604,168.398,-486.157,1152.054,0.93204,0.021385,-0.00269,5398.80,5.6,9.3,9.9,11.0
5403.0,55.81035432,37.46225550,168.396,-485.564,1152.859,0.94526,0.020957,-0.00220,5399.79,5.4,8.6,9.2,10.1
5404.0,55.81036165,37.46226472,168.395,-484.986,1153.675,0.96839,0.020095,-0.00171,5400.78,5.2,8.0,8.6,9.2
5405.0,55.81036912,37.46227357,168.394,-484.431,1154.507,1.00255,0.018721,-0.00122,5401.77,5.0,7.3,7.9,8.2
5406.0,55.81037679,37.46228188,168.393,-483.910,1155.361,1.04547,0.017185,-0.00073,5402.76,5.0,7.3,7.9,8.2
5407.0,55.81038466,37.46228956,168.393,-483.428,1156.237,1.06797,0.016151,-0.00049,5403.75,5.0,7.3,7.9,8.2
