bag,t,kind,n,sd,d0,p_known,accepted,along_before,along_after,cand_err
30639_92226df0,85.65000009536743,stop,1,14.42,-3.52,0.92,True,4.481643974148802,1.286911692548708,0.9616439741488017
30639_92226df0,130.35000014305115,stop,1,5.67,-2.39,0.91,True,2.588521405693127,0.3780613136404555,0.19852140569312704
30639_92226df0,200.5500001907349,stop,1,5.88,-3.04,0.9,True,2.022930911717192,-0.7531568306853541,-1.017069088282808
30639_92226df0,245.25,stop,0,3.27,0.0,0.0,False,0.7159976430647761,0.7768897243215699,
30639_92226df0,313.9500000476837,stop,1,4.89,-0.75,0.74,True,1.5563152670348492,1.0123287921955968,0.8063152670348492
30639_92226df0,351.05000019073486,stop,0,2.59,0.0,0.0,False,1.036746254071746,1.0308287193580803,
30639_92226df0,484.75,stop,0,4.87,0.0,0.0,False,1.3362707579929338,1.3329471076681925,
30639_92226df0,507.25,stop,2,5.02,-0.62,0.93,True,1.2797678843062827,1.2493934444474246,0.6597678843062827
30639_92226df0,547.5500001907349,stop,1,2.71,-1.08,0.84,True,1.4172297236402627,0.5331163826581299,0.3372297236402626
30639_92226df0,602.3500001430511,stop,1,1.98,-0.74,0.92,True,0.6811988823671308,0.0841604097895652,-0.058801117632869215
30639_92226df0,895.6500000953674,stop,1,4.71,-1.58,0.86,True,0.295804057164505,-1.014370208973281,-1.284195942835495
30639_92226df0,1121.9500000476835,stop,1,2.47,-4.68,0.53,False,-3.151710176604373,-3.1725085878881094,-7.831710176604373
30639_92226df0,1130.1500000953674,stop,1,2.47,-4.97,0.47,False,-3.107463480479618,-3.0905615132758113,-8.077463480479619
30639_253671cc,215.64999985694885,stop,2,6.7,-3.42,0.92,True,4.335016352194244,2.014738680927257,0.915016352194244
30639_253671cc,579.0499997138977,stop,1,14.25,32.8,0.47,False,8.774549923134725,8.801067518176106,41.574549923134725
30639_253671cc,608.5499997138977,stop,1,14.48,-8.78,0.91,True,9.359515271294985,1.3453623673076847,0.5795152712949854
30639_253671cc,684.4499998092651,stop,1,5.39,-1.11,0.84,True,0.8587030995709904,-0.08862092001756706,-0.25129690042900965
30618_b83d854d,1.5999999046325684,stop,1,1.01,0.24,0.42,False,-0.006256025895343567,-0.0057748809102516575,0.23374397410465642
30618_b83d854d,131.79999995231628,stop,1,1.35,-0.51,0.83,True,0.7360113134731521,0.3907910215331168,0.22601131347315206
30618_b83d854d,179.29999995231628,stop,1,2.05,-0.13,0.9,True,0.6078746188051789,0.4967774817454634,0.4778746188051789
30618_b83d854d,233.09999990463257,stop,1,2.03,-0.2,0.92,True,0.6316337178988896,0.45736224454059715,0.43163371789888955
30618_b83d854d,242.69999980926517,stop,1,0.54,-0.06,0.68,True,0.43356582974483615,0.4114910844394625,0.37356582974483615
30618_b83d854d,428.09999990463257,stop,0,2.4,0.0,0.0,False,0.14728388975583817,0.14283671078986857,
30618_b83d854d,569.2999999523163,stop,0,4.21,0.0,0.0,False,0.9052660558898086,0.9071380471972863,
30618_b83d854d,641.0999999046326,stop,1,4.74,-0.89,0.93,True,1.1396760374284571,0.35512141709182804,0.24967603742845712
30618_b83d854d,724.1999998092651,stop,2,2.12,-0.06,0.93,True,0.5439805030704522,0.5281429303798483,0.4839805030704522
30618_b83d854d,734.6999998092651,stop,1,0.69,-0.46,0.78,True,0.5072670393606568,0.2512816259132484,0.04726703936065674
30618_b83d854d,828.7999999523163,cutoff,1,1.56,0.26,0.98,True,0.1721293045155756,0.23212177361660125,0.43212930451557563
30618_b83d854d,922.5999999046326,stop,1,1.28,0.34,0.92,True,0.22185959977022338,0.33193309746705957,0.5618595997702234
30618_b83d854d,1019.3999998569489,stop,1,2.04,0.0,0.92,True,0.2993933694433106,0.2961778718539117,0.2993933694433106
30618_b83d854d,1078.8999998569489,stop,1,1.9,0.15,0.92,True,0.12227993854014355,0.2097838006424458,0.27227993854014354
30618_b83d854d,1115.4999997615814,stop,1,1.39,0.24,0.92,True,0.20044434658469298,0.31800839114187457,0.440444346584693
30618_b83d854d,1151.2999999523165,stop,1,1.02,-0.06,0.9,True,0.2601467348802454,0.24015680909952491,0.20014673488024542
30618_b8044aa0,1.5999999046325684,stop,1,1.01,0.71,0.52,False,-0.0029747849669354487,-0.0023116253160038337,0.7070252150330645
30618_b8044aa0,149.5,stop,1,2.57,0.07,0.92,True,0.07558977487669552,0.13711929164384415,0.14558977487669553
30618_b8044aa0,222.59999990463257,stop,1,2.52,-0.24,0.92,True,0.25416298099616336,0.043030680348663246,0.014162980996163366
30618_b8044aa0,342.09999990463257,stop,1,1.53,0.51,0.73,True,0.06269097765882845,0.32386390775868307,0.5726909776588285
30618_b8044aa0,388.59999990463257,stop,1,1.03,-0.04,0.91,True,0.2550405382279541,0.23106129822283994,0.21504053822795408
30618_b8044aa0,531.8999998569489,stop,2,2.24,-0.13,0.93,True,0.42102398682127057,0.34745285437162726,0.29102398682127056
30618_b8044aa0,893.6999998092651,stop,1,4.26,-0.24,0.86,True,0.5081881242074393,0.3049645846345355,0.2681881242074393
30618_b8044aa0,952.2999999523164,stop,1,1.11,-0.01,0.93,True,0.22694501779386214,0.21469747505320944,0.21694501779386213
30618_b8044aa0,1065.1999998092651,stop,1,1.6,-0.11,0.89,True,0.2417408741300035,0.1845052482103644,0.13174087413000352
30618_b8044aa0,1112.1999998092651,stop,0,1.61,0.0,0.0,False,0.2683769494595927,0.27173719170066546,
30618_b8044aa0,1183.8999998569489,stop,0,0.39,0.0,0.0,False,0.1547929148470094,0.14121488018089984,
30618_76e1f9c7,1.5999999046325684,stop,1,1.01,0.78,0.36,False,-0.0019572823718939023,-0.0031536879346963313,0.7780427176281062
30618_76e1f9c7,120.39999985694884,cutoff,1,2.49,1.33,0.97,True,0.21644163361840227,0.9112821741632304,1.5464416336184024
30618_76e1f9c7,145.89999985694885,stop,1,3.09,-1.56,0.89,True,1.8269989427554216,0.4655205773969391,0.2669989427554216
30618_76e1f9c7,163.89999985694885,stop,1,1.21,-0.22,0.87,True,0.42162997600282914,0.253597970874271,0.20162997600282914
30618_76e1f9c7,223.79999995231628,stop,0,1.74,0.0,0.0,False,0.3504052936698436,0.35234743106850225,
30618_76e1f9c7,269.59999990463257,stop,1,1.87,-0.2,0.92,True,0.33533921080646284,0.17159510992988908,0.13533921080646283
30618_76e1f9c7,300.89999985694885,stop,0,0.67,0.0,0.0,False,0.17272486651021338,0.17532430276744884,
30618_76e1f9c7,475.19999980926514,stop,0,2.25,0.0,0.0,False,-0.24817396494587085,-0.25713036795446326,
30618_76e1f9c7,651.5999999046326,stop,1,4.68,-0.63,0.93,True,9.767864392044954,6.536222061043298,9.137864392044953
30618_76e1f9c7,737.2999999523163,stop,1,1.61,-0.11,0.84,True,0.2654006652496792,0.1985199984323836,0.15540066524967922
30618_76e1f9c7,795.2999999523163,stop,1,1.45,-0.33,0.93,True,0.33776800284731745,0.17018525053153327,0.0077680028473174345
30618_76e1f9c7,854.2999999523163,stop,1,1.18,0.45,0.65,True,0.1486364412012938,0.32055658321727676,0.5986364412012938
30618_76e1f9c7,890.5,cutoff,1,1.11,-0.14,0.98,True,0.125104689731134,0.06870370968507891,-0.014895310268866008
30618_76e1f9c7,942.6999998092653,stop,1,1.85,-0.5,0.92,True,0.49141119131282934,0.3208561287629126,-0.008588808687170657
30618_76e1f9c7,1018.8999998569489,stop,1,1.43,-0.09,0.87,True,0.19676774170343922,0.14465985715462737,0.10676774170343922
30618_76e1f9c7,1071.8999998569489,stop,1,1.5,0.11,0.92,True,-0.010970678808798501,0.050959596539066246,0.0990293211912015
30618_76e1f9c7,1144.0999999046326,stop,1,1.89,0.23,0.92,True,-0.06616075593233425,0.06562606777362172,0.16383924406766576
30618_76e1f9c7,1195.0,stop,1,1.39,0.13,0.92,True,0.1427682608605436,0.21171303648549603,0.2727682608605436
30618_2dbce472,132.89999985694885,stop,1,1.22,0.47,0.87,True,-0.07885967529096441,0.22299386185110667,0.3911403247090356
30618_2dbce472,198.69999980926517,stop,0,2.51,0.0,0.0,False,2.3603207346858897,2.3593181819555213,
30618_2dbce472,237.59999990463257,stop,1,2.66,-2.05,0.88,True,2.4246782446172137,0.7003203919023572,0.3746782446172139
30618_2dbce472,291.4999997615814,stop,0,2.41,0.0,0.0,False,0.9936235555922486,0.9972755947790374,
30618_2dbce472,314.7999999523163,stop,2,2.57,-0.93,0.92,True,1.0039406353782396,0.27032782299533864,0.07394063537823958
30618_2dbce472,343.09999990463257,stop,0,1.18,0.0,0.0,False,0.24982742857557447,0.24911336268549344,
30618_2dbce472,389.39999985694885,stop,1,0.66,-0.23,0.76,True,0.0353129838153209,-0.10871094113312346,-0.1946870161846791
30618_2dbce472,639.9999997615814,stop,1,3.8,0.24,0.65,True,-0.1979175610670742,-0.042385501445686036,0.04208243893292579
30618_2dbce472,737.2999999523163,stop,1,2.64,-0.0,0.93,True,0.11964951316764222,0.12100291750432866,0.11964951316764222
30618_2dbce472,1045.7999999523165,stop,1,1.27,-0.07,0.92,True,0.3138720184545961,0.29449723266611827,0.2438720184545961
30618_2dbce472,1146.2999999523165,stop,1,2.04,-0.07,0.92,True,0.14910150746723003,0.10258348419197946,0.07910150746723002
30618_2dbce472,1224.9999997615814,stop,1,1.91,0.22,0.92,True,-0.031159267272535433,0.10800536138858,0.18884073272746457
30618_2dbce472,1280.9999997615814,stop,1,1.39,-0.05,0.92,True,0.1415021956505863,0.11738331981835068,0.0915021956505863
30618_2dbce472,1344.1999998092651,stop,0,1.15,0.0,0.0,False,-0.11947781700488173,-0.13861716848645672,
30618_b15eafc3,1.5999999046325684,stop,1,1.01,0.43,0.54,False,-0.0038340087511626,-0.00011837026113578088,0.4261659912488374
30618_b15eafc3,36.59999990463257,stop,1,1.35,0.01,0.8,True,-0.05792855412336786,-0.051700436944561626,-0.047928554123367856
30618_b15eafc3,146.39999985694885,stop,1,2.93,-0.25,0.92,True,0.08388018427192273,-0.14019158598617104,-0.16611981572807727
30618_b15eafc3,179.49999976158142,cutoff,1,1.41,0.03,0.98,True,-0.17245371757144987,-0.13934737991522247,-0.14245371757144987
30618_b15eafc3,200.7999997138977,stop,1,1.37,-0.14,0.92,True,-0.002470941915387193,-0.11035762287618162,-0.1424709419153872
30618_b15eafc3,272.69999980926514,stop,1,2.12,0.11,0.92,True,-0.13308471791997606,-0.029122244289606507,-0.023084717919976058
30618_b15eafc3,358.2999997138977,stop,1,2.2,0.28,0.74,True,0.07143988624096666,0.2443481192661812,0.35143988624096667
30618_b15eafc3,394.69999980926514,stop,1,1.08,-0.24,0.91,True,0.13816068800011744,-0.01585889978796752,-0.10183931199988255
30618_b15eafc3,537.4999997615814,stop,2,2.23,0.22,0.93,True,-0.23772134976817486,-0.06662238426668365,-0.017721349768174854
30618_b15eafc3,613.6999998092651,stop,1,1.88,-0.02,0.6,True,-0.07919878156854887,-0.07421827796043241,-0.09919878156854887
30618_b15eafc3,632.7999997138977,stop,0,1.9,0.0,0.0,False,-0.12735143495932366,-0.13198386419877195,
30618_b15eafc3,681.5999999046326,stop,1,1.97,-0.35,0.92,True,-0.21485107541368784,-0.4279374214485318,-0.5648510754136878
30618_b15eafc3,905.4999997615814,stop,0,4.27,0.0,0.0,False,-0.6284675512792887,-0.6294119223605726,
30618_b15eafc3,932.1999998092653,stop,1,4.32,0.34,0.86,True,-0.6314002865475757,-0.358219243454053,-0.2914002865475757
30618_b15eafc3,969.0999999046326,stop,1,1.14,0.33,0.92,True,-0.3211689223522258,-0.010420777777570504,0.008831077647774188
30618_b15eafc3,1062.3999998569489,stop,0,2.26,0.0,0.0,False,0.3166808913271317,0.3177746105086962,
30618_b15eafc3,1087.7999997138977,stop,1,2.4,-0.39,0.86,True,0.3106618121655772,0.07785163224355865,-0.07933818783442281
30618_b15eafc3,1120.1999998092651,stop,1,0.41,-0.38,0.86,True,0.06230233650443953,-0.09728691130638067,-0.3176976634955605
30618_68d1748a,104.0,stop,1,2.67,0.11,0.91,True,0.18748505717263272,0.280614900505053,0.29748505717263274
30618_68d1748a,241.29999995231628,stop,1,0.82,0.24,0.87,True,-2.4519968554111173,-2.294594053587053,-2.211996855411117
30618_68d1748a,299.7999999523163,stop,1,1.79,-0.09,0.92,True,-0.0023047771600007735,-0.07032647828547227,-0.09230477716000077
30618_68d1748a,436.7999999523163,stop,0,2.45,0.0,0.0,False,-0.47750583767689186,-0.47586275060091304,
30618_68d1748a,616.0,stop,1,4.87,-0.09,0.93,True,0.11379285202621067,0.03187630338967032,0.023792852026210676
30618_68d1748a,681.5999999046326,stop,2,2.13,0.17,0.93,True,0.28308385844609013,0.4328265950775544,0.4530838584460901
30618_68d1748a,797.5999999046326,cutoff,1,1.65,-0.42,0.98,True,0.41278942230765225,0.16430607742603565,-0.0072105776923477305
30618_68d1748a,844.5999999046326,stop,1,1.87,-0.4,0.92,True,0.6577738545778092,0.48668330438370816,0.2577738545778092
30618_68d1748a,942.4000000953674,stop,1,2.06,-0.57,0.92,True,0.7009600070427344,0.29395735905595916,0.13096000704273447
30618_68d1748a,1070.0,stop,1,1.47,0.02,0.92,True,0.006680044002428557,0.01847089597439789,0.026680044002428557
30618_68d1748a,1106.0,stop,1,1.04,-0.12,0.9,True,-0.10645818833424411,-0.15932457116614399,-0.2264581883342441
30618_68d1748a,1230.7000000476835,stop,0,0.59,0.0,0.0,False,-0.48038409820952316,-0.4864210451639247,
30618_095a115b,1.549999713897705,stop,1,1.02,0.12,0.42,False,-0.008745000092303069,-0.012764036626329675,0.11125499990769692
30618_095a115b,152.74999976158142,stop,1,1.93,-0.2,0.84,True,0.3817949988868692,0.3849575155045669,0.18179499888686917
30618_095a115b,171.74999976158142,cutoff,1,1.3,-1.6,0.96,True,-0.0050398911404250825,-0.25351676462523126,-1.6050398911404251
30618_095a115b,197.74999976158145,stop,1,2.2,0.14,0.9,True,-0.3089960935839773,-0.1869509161307974,-0.16899609358397727
30618_095a115b,228.349999666214,stop,1,0.81,0.3,0.87,True,-0.3643145813563373,-0.1684996042438593,-0.06431458135633733
30618_095a115b,284.849999666214,stop,1,1.79,0.07,0.92,True,-2.2097128634300685,-2.149383485733902,-2.1397128634300686
30618_095a115b,344.94999980926514,stop,1,0.94,-0.24,0.75,True,-2.2046805496800346,-2.3114630112519934,-2.444680549680035
30618_095a115b,464.94999980926514,stop,0,2.23,0.0,0.0,False,-3.080404513360227,-3.091713191962958,
30618_095a115b,639.9499998092651,stop,1,4.6,1.42,0.92,True,-3.660664904644874,-2.4088819974188675,-2.240664904644874
30618_095a115b,742.349999666214,stop,2,2.13,-0.02,0.93,True,0.21886110404016043,0.2443031992206608,0.19886110404016044
30618_095a115b,795.5499997138977,stop,1,0.69,-0.39,0.79,True,0.21529521491639134,-0.002380890861380641,-0.17470478508360868
30618_095a115b,898.9499998092651,cutoff,1,1.56,-0.4,0.98,True,0.21304137014661648,0.024669100120055243,-0.18695862985338355
30618_095a115b,955.2499997615814,stop,1,1.86,-1.74,0.89,True,0.374428949722302,-0.2932015895043444,-1.365571050277698
30618_095a115b,1004.0499997138976,stop,1,0.51,-2.29,0.18,False,-0.31056338292532243,-0.31750442820605695,-2.6005633829253223
30618_095a115b,1149.1499996185305,stop,1,1.92,0.27,0.92,True,-0.46711852012061245,-0.2928554369136236,-0.19711852012061243
30618_095a115b,1175.2499997615814,stop,1,0.35,-0.71,0.84,True,-0.30988418117128813,-0.5957399339773372,-1.019884181171288
30618_095a115b,1210.1499996185305,stop,1,1.38,0.45,0.92,True,-0.7261880273909498,-0.5080165695909512,-0.2761880273909498
30618_095a115b,1260.349999666214,stop,1,1.02,0.43,0.89,True,-0.7082184935022195,-0.5518246605669621,-0.27821849350221955
30618_7b4d83f4,108.849999666214,stop,1,3.92,-1.09,0.92,True,0.9647898594632515,-0.016243551942151657,-0.12521014053674862
30618_7b4d83f4,140.0499997138977,cutoff,1,1.73,0.37,0.98,True,-0.3108544276456241,-0.02983825554263934,0.0591455723543759
30618_7b4d83f4,161.24999976158142,stop,1,1.42,-0.01,0.92,True,-0.10465412690245902,-0.10715459906364969,-0.11465412690245902
30618_7b4d83f4,335.94999980926514,stop,1,2.49,0.68,0.91,True,-0.4470667797282626,0.10710999011852311,0.23293322027173746
30618_7b4d83f4,461.44999980926514,stop,2,2.31,-0.48,0.92,True,0.19355525951791894,-0.13948002939677034,-0.286444740482081
30618_7b4d83f4,486.0499997138977,stop,1,0.66,0.27,0.72,True,-0.17402547669626306,-0.023618231581267773,0.09597452330373696
30618_7b4d83f4,626.6499996185303,stop,1,1.52,-0.27,0.92,True,-0.20979167632848847,-0.3259622971518924,-0.4797916763284885
30618_7b4d83f4,715.0499997138977,stop,0,2.31,0.0,0.0,False,-0.3026721872060166,-0.3025841952881113,
30618_7b4d83f4,913.7499997615814,stop,1,4.4,0.97,0.92,True,-1.3211744502733134,-0.47797708360984964,-0.3511744502733134
30618_7b4d83f4,1089.7499997615814,stop,1,0.96,2.92,0.31,False,-0.5568141856823569,-0.555778396319634,2.363185814317643
30618_87afe526,197.5,stop,1,2.23,0.9,0.9,True,-1.3171818314430646,-0.6379577937215537,-0.41718183144306453
30618_87afe526,799.0,cutoff,1,1.63,-0.39,0.98,True,0.30828790580678395,0.07539383121782384,-0.08171209419321607
30618_87afe526,855.8999998569489,stop,1,1.87,-0.63,0.92,True,0.5147032663138624,0.2518226078820276,-0.11529673368613758
30618_87afe526,1129.3999998569489,stop,1,1.02,0.08,0.9,True,-0.24473990058582382,-0.21296081578255532,-0.16473990058582383
30618_0e41eac3,1.5499999523162842,stop,1,1.01,0.05,0.42,False,-0.003269716216625672,-0.0025597073865412366,0.04673028378337433
30618_0e41eac3,103.14999985694884,stop,1,1.23,0.16,0.88,True,-0.1845229023987553,-0.07118332598659095,-0.024522902398755292
30618_0e41eac3,147.04999995231628,cutoff,1,1.82,0.74,0.97,True,0.7151296889521336,1.0382947287178557,1.4551296889521335
30618_0e41eac3,172.14999985694885,stop,1,2.64,-1.97,0.88,True,2.00215930589161,0.32749777050777085,0.03215930589161009
30618_0e41eac3,198.54999995231628,stop,1,1.2,-0.32,0.87,True,0.10606351361041169,-0.16018685632963586,-0.21393648638958832
30618_0e41eac3,346.5499999523163,stop,1,0.96,0.14,0.75,True,-0.1102095308147138,-0.040478067410813556,0.029790469185286217
30618_0e41eac3,459.0499999523163,stop,0,2.23,0.0,0.0,False,-0.41060845911883487,-0.4257258503287952,
30618_0e41eac3,575.5499999523163,stop,1,3.74,-0.01,0.65,True,-0.24760518686443458,-0.24980844683370784,-0.25760518686443457
30618_0e41eac3,894.6499998569489,cutoff,1,1.65,0.29,0.98,True,-0.30483407823992453,-0.1385925135586051,-0.014834078239924553
30618_0e41eac3,959.8499999046326,stop,1,1.29,-0.77,0.91,True,-0.07337815572955218,-0.30932513555853774,-0.8433781557295522
30618_0e41eac3,994.5499999523164,stop,1,0.39,-0.63,0.89,True,-0.3360400220472254,-0.48290061199565065,-0.9660400220472254
30618_0e41eac3,1030.6499998569489,stop,1,1.4,-0.44,0.86,True,-0.633912268199024,-0.8519896445518178,-1.073912268199024
30618_0e41eac3,1102.1499998569489,stop,1,1.49,0.7,0.92,True,-0.9000836140420964,-0.5234147795711412,-0.2000836140420964
30618_0e41eac3,1186.3499999046326,stop,1,1.9,0.56,0.91,True,-0.6986186709999506,-0.36077615144733455,-0.1386186709999505
30618_0e41eac3,1242.3499999046326,stop,1,1.4,0.04,0.92,True,-0.2511835359870857,-0.2243730524618348,-0.2111835359870857
30618_0e41eac3,1290.9500000476835,stop,1,1.03,0.35,0.89,True,-0.275141683968244,-0.13700384580970892,0.07485831603175597
30618_68847170,1.6499996185302734,stop,1,1.0,-0.14,0.55,False,-0.0024251977236852598,-0.001926484480991468,-0.14242519772368528
30618_68847170,28.149999618530277,stop,1,1.34,-0.01,0.8,True,-0.05757436440153279,-0.0697898184129773,-0.06757436440153279
30618_68847170,114.94999957084656,stop,1,2.94,-0.4,0.92,True,0.25350321988083585,-0.10726548308613856,-0.14649678011916417
30618_68847170,146.24999976158142,cutoff,1,1.42,0.28,0.98,True,-0.26735241813219496,-0.05514031423511433,0.012647581867805069
30618_68847170,167.44999957084656,stop,1,1.37,-0.22,0.92,True,0.09470488851443079,-0.07320755162624033,-0.1252951114855692
30618_68847170,195.0499997138977,stop,0,0.48,0.0,0.0,False,-0.11768874027651514,-0.12804095573733343,
30618_68847170,251.64999961853027,stop,1,2.12,0.25,0.92,True,-0.3547510032402387,-0.1471589785260493,-0.10475100324023873
30618_68847170,342.5499997138977,stop,2,2.39,-0.14,0.91,True,-0.0453727091417153,-0.14590635709492245,-0.18537270914171533
30618_68847170,485.349999666214,stop,2,2.29,0.03,0.93,True,-0.16932850592771811,-0.12823442651845124,-0.13932850592771812
30618_68847170,570.0499997138977,stop,1,1.99,0.52,0.92,True,-0.25953834897298084,0.07776427200598489,0.2604616510270192
30618_68847170,808.9499995708466,stop,0,4.24,0.0,0.0,False,0.1566112944441809,0.1552575304952164,
30618_68847170,957.7499997615814,stop,1,1.12,0.26,0.92,True,-0.3091686774359909,-0.11491630997262652,-0.049168677435990904
30618_68847170,1027.0499997138977,stop,1,1.6,0.08,0.89,True,-0.07008331401524583,-0.01921236643762697,0.009916685984754176
30618_49fe4c54,77.89999985694885,stop,1,2.67,0.58,0.91,True,-0.6224858862410338,-0.1058130394373704,-0.04248588624103389
30618_49fe4c54,123.69999980926514,stop,1,1.24,0.11,0.88,True,-0.12339746252008944,-0.04267911518596477,-0.013397462520089443
30618_49fe4c54,618.7999999523163,stop,1,3.91,1.25,0.64,True,-1.5096318943676814,-0.7375063972302509,-0.2596318943676814
30618_49fe4c54,684.4999997615814,stop,0,1.79,0.0,0.0,False,-0.7302181750619973,-0.7559680618418194,
30618_49fe4c54,728.8999998569489,stop,1,2.55,0.72,0.7,True,-0.7208255302160348,-0.2442877121378848,-0.0008255302160348199
30618_49fe4c54,777.1999998092651,stop,1,1.4,0.23,0.93,True,-0.3070829823842966,-0.13774014002760393,-0.07708298238429659
30618_49fe4c54,801.7999999523163,stop,0,0.56,0.0,0.0,False,-0.17072734746978738,-0.17233035818682202,
30618_49fe4c54,1022.4999997615814,cutoff,1,1.53,0.15,0.98,True,-0.10854544478571558,-0.053487047587542955,0.041454555214284414
30618_49fe4c54,1066.2999999523165,stop,1,1.86,-1.75,0.89,True,0.4124713916351676,-0.2362794273700849,-1.3375286083648323
30618_49fe4c54,1155.1999998092651,stop,1,2.08,0.1,0.92,True,-0.29223445961181044,-0.21881609842837407,-0.19223445961181043
30618_49fe4c54,1228.2999999523165,stop,1,1.91,0.18,0.92,True,-0.328724475135538,-0.2043537934745321,-0.148724475135538
30618_49fe4c54,1279.3999998569489,stop,1,1.39,0.05,0.92,True,-0.24070573265094958,-0.2123936702087874,-0.1907057326509496
30618_49fe4c54,1348.7999999523165,stop,0,1.17,0.0,0.0,False,-0.5996313007846622,-0.6207241861486369,
30618_ab5921a4,59.5,stop,1,2.64,0.49,0.91,True,1.2700514774817468,1.7009275285982746,1.7600514774817468
30618_ab5921a4,160.39999985694885,stop,1,3.12,-2.49,0.87,True,2.827651061220169,0.7111437637143916,0.33765106122016864
30618_ab5921a4,208.5,stop,0,2.66,0.0,0.0,False,1.2056444504808528,1.2283242817589166,
30618_ab5921a4,234.29999995231628,stop,2,2.82,-1.1,0.92,True,1.276636356197875,0.4525514161407261,0.176636356197875
30618_ab5921a4,548.6999998092651,stop,1,6.65,-2.04,0.92,True,2.2846960106909555,0.4177769282056988,0.24469601069095548
30618_ab5921a4,696.0999999046326,cutoff,1,1.96,-0.06,0.98,True,0.3213639740751723,0.2562359110638935,0.2613639740751723
30618_ab5921a4,705.8999998569489,stop,0,0.8,0.0,0.0,False,0.46718351066140107,0.4482496640359095,
30618_ab5921a4,767.8999998569489,stop,1,1.9,-0.5,0.92,True,-3.91315549419418,-0.8828313111326306,-4.41315549419418
30618_ab5921a4,800.2999999523163,stop,0,1.32,0.0,0.0,False,0.36296207915523504,0.36593710776895716,
30618_ab5921a4,954.2999999523164,stop,1,1.91,0.14,0.92,True,0.09763906755959255,0.18979074484254038,0.23763906755959258
30618_ab5921a4,999.7999999523164,stop,1,1.39,0.12,0.92,True,0.14120252891590665,0.20974452483627365,0.2612025289159067
30618_ab5921a4,1034.5,stop,1,1.02,-0.08,0.9,True,0.07858939015489438,0.04668719666123777,-0.0014106098451056176
30618_ab5921a4,1151.5,stop,0,1.05,0.0,0.0,False,-0.2984084422348946,-0.3052454633774685,
30618_073f08d1,147.90000009536743,stop,0,3.35,0.0,0.0,False,0.39880706162975016,0.3714503259746606,
30618_073f08d1,166.0,stop,1,3.96,-0.16,0.92,True,0.3397030477965457,0.1988530000568607,0.1797030477965457
30618_073f08d1,195.09999990463257,cutoff,1,1.68,0.24,0.98,True,0.04373565092481286,0.25581844812029275,0.28373565092481284
30618_073f08d1,216.79999995231628,stop,1,1.42,-0.41,0.92,True,0.4891224751880109,0.16604204027888492,0.07912247518801091
30618_073f08d1,293.2999999523163,stop,1,2.24,-0.01,0.92,True,0.00835657448652331,-0.0015635822393815924,-0.0016434255134766904
30618_073f08d1,394.4000000953674,stop,1,2.45,0.34,0.91,True,-0.09732573139772879,0.18407980312576575,0.24267426860227123
30618_073f08d1,526.4000000953674,stop,2,2.29,-0.38,0.92,True,0.24998519031609284,-0.014012662217236042,-0.13001480968390716
30618_073f08d1,594.5999999046326,stop,1,1.94,0.79,0.58,False,-0.0482087618765323,-0.057442046948095654,0.7417912381234677
30618_073f08d1,605.7999999523163,stop,0,1.96,0.0,0.0,False,-0.11281816982387095,-0.10930206056572013,
30618_073f08d1,654.9000000953674,stop,1,2.02,-0.14,0.92,True,-0.18876491792262082,-0.2855654239595013,-0.32876491792262086
30618_073f08d1,696.2999999523163,stop,1,1.01,0.09,0.72,True,-0.34715862522770496,-0.31170013796427454,-0.25715862522770494
30618_073f08d1,849.0999999046326,stop,0,3.26,0.0,0.0,False,0.18113049118288574,0.16675664137362567,
30618_073f08d1,968.0999999046326,stop,1,4.19,1.05,0.86,True,-1.036577012273363,-0.21617813200554362,0.01342298772663697
30618_073f08d1,1000.7000000476836,stop,1,1.17,0.17,0.93,True,-0.2413222596771726,-0.10478758365042337,-0.0713222596771726
30618_0652866c,1.5499999523162842,stop,1,1.0,0.22,0.42,False,-0.004877358009372325,-0.0017731633812248,0.21512264199062767
30618_0652866c,1.5499999523162842,stop,1,1.0,0.22,0.42,False,-0.004877358009372325,-0.0017731633812248,0.21512264199062767
30618_0652866c,215.75,stop,1,2.66,-2.61,0.86,True,2.5252399521515816,0.37838179129047717,-0.08476004784841829
30618_0652866c,282.5499999523163,stop,2,2.78,-1.12,0.92,True,0.8336410957336257,-0.0170278366997799,-0.28635890426637445
30618_0652866c,341.25,stop,1,1.41,-2.95,0.16,False,-0.04176155960214807,-0.05701207783839496,-2.991761559602148
30618_0652866c,463.4500000476837,stop,0,3.25,0.0,0.0,False,-0.5172100502754342,-0.5311265319840035,
30618_0652866c,629.6500000953674,stop,1,6.39,-0.57,0.7,True,0.6578812298724238,0.258929043522459,0.08788122987242386
30618_0652866c,698.3500001430511,stop,0,0.96,0.0,0.0,False,-0.4955842239772234,-0.4949880867113832,
30618_0652866c,939.4500000476836,cutoff,1,1.76,1.4,0.97,True,-1.149337400970819,-0.1673113531027835,0.25066259902918087
30618_0652866c,969.1500000953674,stop,1,1.45,-0.58,0.87,True,0.3307782977161589,0.015607960541616917,-0.24922170228384105
30618_0652866c,1021.8500001430511,stop,1,1.3,-0.97,0.9,True,0.014989269423967968,-0.30934896454593913,-0.955010730576032
30618_0652866c,1122.9500000476835,stop,1,2.05,0.26,0.92,True,-0.475806190127573,-0.2881632169690568,-0.21580619012757302
30618_0652866c,1206.25,stop,1,1.91,0.23,0.92,True,-0.3334637612073688,-0.189162398022159,-0.1034637612073688
30618_0652866c,1259.75,stop,1,1.39,-0.0,0.92,True,-0.14132739182901177,-0.14056615633772523,-0.14132739182901177
30618_0652866c,1328.6500000953674,stop,1,1.03,-0.15,0.9,True,-0.2133370095186658,-0.2724235150612617,-0.36333700951866577
30618_0652866c,1364.5499999523165,stop,0,0.82,0.0,0.0,False,-0.6328475032281077,-0.6272833580624652,
30618_9c09b081,1.6500000953674316,stop,1,1.01,0.26,0.41,False,-0.0034167721997653278,-0.002930600430993503,0.2565832278002347
30618_9c09b081,57.45000004768372,stop,0,2.38,0.0,0.0,False,12.11972522396728,12.023574558756817,
30618_9c09b081,110.54999995231628,stop,1,1.25,-0.01,0.88,True,0.09123228273556071,0.09128400919700236,0.08123228273556071
30618_9c09b081,191.34999990463257,stop,1,2.65,-2.21,0.87,True,2.245354508261295,0.3895558487274398,0.03535450826129516
30618_9c09b081,209.54999995231628,stop,1,1.27,-0.33,0.87,True,0.31573343152477074,0.0642163333956674,-0.01426656847522928
30618_9c09b081,272.5499999523163,stop,1,1.89,-0.19,0.92,True,0.21740086680310217,0.05970972779841607,0.027400866803102164
30618_9c09b081,424.0499999523163,stop,0,2.46,0.0,0.0,False,-0.2912169251511764,-0.2996534597043136,
30618_9c09b081,681.75,stop,1,1.77,-0.01,0.93,True,-0.012220114555543862,-0.024458500516124502,-0.02222011455554386
30618_9c09b081,707.8499999046326,stop,0,0.64,0.0,0.0,False,-0.07935414605548316,-0.0808698835772894,
30618_9c09b081,909.0499999523164,cutoff,1,1.6,-0.52,0.98,True,0.3153996394820366,0.05964002504352043,-0.20460036051796343
30618_9c09b081,1184.8499999046326,stop,1,1.91,0.13,0.92,True,-0.18557902274694754,-0.09974870887865059,-0.05557902274694754
30618_e2dcf65f,1.5999999046325684,stop,1,1.01,0.09,0.26,False,-0.0036467762271446776,-0.004325522770132453,0.08635322377285531
30618_e2dcf65f,83.7999997138977,stop,1,3.96,-0.28,0.92,True,0.08233157641841286,-0.17319785465975993,-0.19766842358158715
30618_e2dcf65f,114.2999997138977,cutoff,1,1.68,0.03,0.98,True,-0.25820169324136016,-0.23939932725675503,-0.22820169324136017
30618_e2dcf65f,135.59999990463257,stop,1,1.42,0.05,0.92,True,-0.22903327259322245,-0.18297026149458717,-0.17903327259322244
30618_e2dcf65f,206.99999976158145,stop,1,2.23,0.23,0.92,True,-0.3233146744509176,-0.12583272657336866,-0.0933146744509176
30618_e2dcf65f,302.4999997615814,stop,2,2.46,-0.17,0.91,True,0.07999620970498582,-0.04578747680311626,-0.0900037902950142
30618_e2dcf65f,444.9999997615814,stop,2,2.33,-0.06,0.93,True,-0.10091941286292566,-0.12498959731581985,-0.16091941286292566
30618_e2dcf65f,547.6999998092651,stop,1,2.02,0.45,0.92,True,-0.20962735602820162,0.09500266707401901,0.2403726439717984
30618_e2dcf65f,647.4999997615814,stop,1,1.88,0.8,0.63,True,0.5234173839893194,0.6856579701342851,1.3234173839893195
30618_e2dcf65f,863.5999999046326,stop,1,3.92,-0.77,0.86,True,0.7518887815791527,0.14868509121933018,-0.018111218420847286
30618_e2dcf65f,899.4999997615814,stop,1,1.15,-0.11,0.93,True,0.12162802754830562,0.03681498681787991,0.011628027548305622
30618_e2dcf65f,998.4999997615814,stop,1,2.4,-0.32,0.86,True,0.25538307749283884,0.070707961711168,-0.06461692250716117
30618_28538acf,58.69999980926514,stop,1,2.63,0.31,0.91,True,-0.33427430216096465,-0.05380934641328507,-0.024274302160964656
30618_28538acf,100.19999980926514,stop,1,1.22,0.18,0.88,True,-0.1744362693011779,-0.040149683990641165,0.0055637306988221
30618_28538acf,151.69999980926514,stop,0,1.86,0.0,0.0,False,9.506761958901158,9.039135776210724,
30618_28538acf,522.3999998569489,stop,1,4.37,0.41,0.65,True,-0.6112964351264346,-0.36931407024804047,-0.20129643512643464
30618_28538acf,594.3999998569489,stop,1,3.05,-0.27,0.93,True,0.39114221849447883,0.1541925369172608,0.12114221849447881
30618_28538acf,668.1999998092651,stop,1,1.57,-0.94,0.82,True,0.4427545387107507,-0.09865069694064611,-0.49724546128924924
30618_28538acf,783.3999998569489,stop,0,1.16,0.0,0.0,False,-0.3048853042958141,-0.3296547605937487,
30618_28538acf,814.3999998569489,stop,0,1.35,0.0,0.0,False,-0.22932924630168086,-0.26129299595016175,
30618_28538acf,837.5,cutoff,1,1.59,0.75,0.98,True,-0.24377330458734872,0.11844005532058477,0.5062266954126513
30618_28538acf,867.3999998569489,stop,1,1.4,-0.7,0.87,True,0.6595880901872088,0.33561472521262226,-0.04041190981279119
30618_28538acf,924.2999999523164,stop,1,1.28,-0.47,0.92,True,0.4415973954360753,0.291667079627154,-0.028402604563924683
30618_28538acf,981.2999999523164,stop,1,1.41,-0.38,0.86,True,0.23213761198996927,0.028005007019970142,-0.14786238801003074
30618_28538acf,1028.3999998569489,stop,1,1.5,-0.01,0.92,True,0.08604848001257363,0.07915145543407656,0.07604848001257364
30618_28538acf,1101.2999999523165,stop,1,1.9,-0.02,0.92,True,0.056166967645269364,0.04609104241634871,0.03616696764526936
30618_28538acf,1152.0,stop,1,1.39,-0.17,0.92,True,0.09392571755932337,0.01081298815711169,-0.07607428244067664
30618_28538acf,1188.0999999046326,stop,1,1.02,0.11,0.9,True,-0.06006803194359455,-0.018124526512732154,0.04993196805640545
30618_8158f0b0,1.5499999523162842,stop,1,1.01,0.8,0.36,False,-0.007800014999662869,-0.01668433436937133,0.7921999850003372
30618_8158f0b0,119.25,cutoff,1,2.5,1.2,0.97,True,-0.06430145184242884,0.5637290744288156,1.1356985481575712
30618_8158f0b0,144.04999995231628,stop,1,3.1,-1.61,0.89,True,1.535546117225968,0.14072766727342254,-0.0744538827740322
30618_8158f0b0,211.34999990463257,stop,2,2.53,-0.53,0.92,True,0.400343468092798,-0.010121423142741785,-0.129656531907202
30618_8158f0b0,398.75,stop,0,2.85,0.0,0.0,False,-0.2632450387896895,-0.2807994829150949,
30618_8158f0b0,574.0499999523163,stop,1,5.75,-0.81,0.93,True,0.7494000172012307,0.012504248949069126,-0.060599982798769325
30618_8158f0b0,676.75,stop,2,2.35,-1.19,0.92,True,0.3680154776884415,-0.38890829045562814,-0.8219845223115585
30618_8158f0b0,745.75,stop,1,1.67,0.49,0.65,True,-0.4538812300356865,-0.15700016050765822,0.03611876996431351
30618_8158f0b0,876.8499999046326,stop,1,1.29,-0.73,0.91,True,0.07632116794065534,-0.1756305730348336,-0.6536788320593446
30618_8158f0b0,961.1500000953674,stop,1,2.05,0.18,0.92,True,-0.4124796421221492,-0.29074907171390774,-0.23247964212214922
30618_8158f0b0,1085.3499999046326,stop,1,1.39,0.05,0.92,True,-0.3111057686498697,-0.28369304360629644,-0.26110576864986973
30618_8158f0b0,1181.4500000476835,stop,0,1.61,0.0,0.0,False,9.274672678581881,9.276410657058248,
30618_21dd3af3,1.6499998569488523,stop,2,13.66,18.79,0.19,False,-4.772080683362777,-4.759120780836925,14.017919316637222
30618_21dd3af3,82.34999990463257,stop,1,14.29,-4.7,0.91,True,5.351361981143995,1.0608401044213234,0.651361981143995
30618_21dd3af3,124.25,stop,1,5.74,-0.11,0.92,True,0.8019979356501262,0.6976315410570789,0.6919979356501262
30618_21dd3af3,191.44999980926517,stop,1,5.71,0.51,0.92,True,0.4483003097327688,0.8926023500106613,0.9583003097327688
30618_21dd3af3,232.64999985694885,stop,1,3.05,0.22,0.81,True,0.9988954645082764,1.1803840327271633,1.2188954645082763
30618_21dd3af3,294.34999990463257,stop,2,2.56,0.11,0.91,True,0.5764924327422895,0.7155268996644788,0.6864924327422894
30618_21dd3af3,367.44999980926514,stop,0,2.28,0.0,0.0,False,0.12172352744241305,0.12370784330294222,
30618_21dd3af3,410.5499999523163,stop,0,2.45,0.0,0.0,False,0.31510600328627575,0.3015129418206258,
30618_21dd3af3,433.14999985694885,stop,2,2.63,0.43,0.92,True,0.5687901846187485,1.0867590035984254,0.9987901846187486
30618_21dd3af3,443.0499999523163,stop,1,0.78,-0.1,0.73,True,0.31785612677673186,0.25414265239519684,0.21785612677673186
30618_21dd3af3,502.14999985694885,stop,1,2.0,-0.06,0.92,True,0.3704566993037187,0.33160623217236435,0.3104566993037187
30618_21dd3af3,547.4499998092651,stop,1,1.9,-1.11,0.61,True,0.7960604710633348,0.55832290255115,-0.3139395289366653
30618_21dd3af3,611.0499999523163,stop,0,1.55,0.0,0.0,False,0.5111052065675349,0.44751523112751235,
30618_21dd3af3,628.6499998569489,stop,0,1.74,0.0,0.0,False,0.4465874794943053,0.43190546874968794,
30618_21dd3af3,772.3499999046326,stop,1,4.04,0.12,0.86,True,0.2212948244710634,0.3145402592987908,0.3412948244710634
30618_21dd3af3,820.1499998569489,stop,1,1.19,-0.06,0.93,True,0.24296067469494942,0.19983107341846745,0.18296067469494942
30618_21dd3af3,921.9499998092653,stop,1,1.6,-0.29,0.88,True,0.2447628147294857,0.0966030528143022,-0.04523718527051429
30618_21dd3af3,973.8499999046326,stop,1,1.81,-0.2,0.86,True,0.1869474618818843,0.1224432268331512,-0.013052538118115714
30618_4d487b0d,1.5999999046325684,stop,0,1.0,0.0,0.0,False,-0.17561656076900467,-0.17175821408783898,
30618_4d487b0d,139.20000004768372,cutoff,1,1.11,-1.44,0.95,True,1.426217604195668,1.3146492623446695,-0.013782395804331937
30618_4d487b0d,161.20000004768372,stop,0,1.78,0.0,0.0,False,10.993767426776005,10.580595820787003,
30618_4d487b0d,168.90000009536743,stop,0,1.81,0.0,0.0,False,9.661864986579259,9.68152798284488,
30618_4d487b0d,185.59999990463257,stop,1,2.0,-3.32,0.72,True,9.925042936212067,7.723952506383875,6.605042936212067
30618_4d487b0d,340.90000009536743,stop,0,3.85,0.0,0.0,False,5.25024412512189,5.215469960535901,
30618_4d487b0d,519.5,stop,0,9.3,0.0,0.0,False,-1.8082151958799284,-1.8300678399800712,
30618_4d487b0d,590.5,stop,1,11.21,4.28,0.92,True,-4.117898572409214,-0.18683883062325513,0.1621014275907866
30618_4d487b0d,627.7000000476837,stop,1,3.64,1.12,0.83,True,-0.8793218225249172,0.03098113624793794,0.2406781774750829
30618_4d487b0d,702.4000000953674,stop,1,1.31,0.99,0.6,True,-0.372589155558315,0.1114593175984899,0.617410844441685
30618_4d487b0d,742.7000000476837,cutoff,1,1.23,0.25,0.98,True,-0.362996110675868,-0.2759857128580406,-0.11299611067586801
30618_4d487b0d,790.0,stop,1,1.86,1.92,0.88,True,-0.8120954010697286,-0.03287120924721641,1.1079045989302714
30618_4d487b0d,897.5999999046326,stop,1,1.52,0.68,0.92,True,-0.49229903129997316,-0.07604815708840128,0.1877009687000269
30618_4d487b0d,958.5999999046326,stop,1,1.91,0.78,0.91,True,-0.5690021488703124,-0.09132244552852448,0.2109978511296876
30618_4d487b0d,996.7000000476836,stop,1,1.4,0.55,0.92,True,-0.313033688273651,-0.005301062498580334,0.23696631172634902
30618_3b36e5cd,1.6499996185302734,stop,1,1.39,0.44,0.4,False,0.1546742124881897,-0.33655936612906123,0.5946742124881896
30618_3b36e5cd,164.74999976158142,cutoff,1,1.22,-1.53,0.95,True,1.2862831845490799,1.0864140911544427,-0.24371681545092017
30618_3b36e5cd,304.849999666214,stop,1,1.0,0.21,0.75,True,-0.2068575078662541,-0.08962684283866013,0.0031424921337459
30618_3b36e5cd,360.1499996185303,stop,0,0.65,0.0,0.0,False,-0.03611994634593262,-0.049875158642507814,
30618_3b36e5cd,550.0499997138977,stop,0,3.86,0.0,0.0,False,-0.41242534898461863,-0.41179515544583234,
30618_3b36e5cd,621.6499996185303,stop,1,4.48,0.54,0.7,True,-0.33385144101951364,0.04130193007057878,0.2061485589804864
30618_3b36e5cd,666.5499997138977,stop,1,1.61,-0.1,0.93,True,0.004497318208947345,-0.07004840571392024,-0.09550268179105266
30618_3b36e5cd,697.7499997615814,stop,0,0.59,0.0,0.0,False,-0.11138073166650167,-0.12417640673974259,
30618_3b36e5cd,704.849999666214,stop,0,0.61,0.0,0.0,False,-0.1510620880464996,-0.143049322159865,
30618_3b36e5cd,876.1499996185303,cutoff,1,1.59,0.05,0.98,True,0.0763903162955765,0.09814905347977887,0.1263903162955765
30618_3b36e5cd,922.349999666214,stop,1,1.86,-0.65,0.92,True,0.6677507591185556,0.4056435459652211,0.017750759118555615
30618_3b36e5cd,982.6499996185304,stop,1,1.43,-0.27,0.87,True,0.3464015925036479,0.18736823973017952,0.07640159250364786
30618_3b36e5cd,1032.5499997138977,stop,1,1.5,-0.42,0.92,True,0.34488408257628206,0.11071434225639117,-0.07511591742371793
30618_3b36e5cd,1108.6499996185305,stop,1,1.89,0.0,0.92,True,-0.0077554453313123115,-0.0042457861663523,-0.0077554453313123115
30618_3b36e5cd,1161.7499997615814,stop,1,1.38,0.12,0.92,True,-0.07893577064511355,-0.014948197391046985,0.04106422935488645
30618_3b36e5cd,1185.849999666214,stop,0,0.31,0.0,0.0,False,-0.056451322461151546,-0.07208043784118097,
30618_748832b9,1.6499998569488523,stop,1,1.02,-1.69,0.09,False,-0.00892353548892784,-0.0015244713787729517,-1.6989235354889278
30618_748832b9,1.6499998569488523,stop,1,1.02,-1.69,0.09,False,-0.00892353548892784,-0.0015244713787729517,-1.6989235354889278
30618_748832b9,32.64999985694885,stop,1,1.46,0.14,0.8,True,-0.11406680768588068,-0.016063652831467882,0.025933192314119335
30618_748832b9,112.849999666214,stop,1,2.89,-0.27,0.92,True,0.2793709333936889,0.031538417873807977,0.009370933393688885
30618_748832b9,141.5499997138977,cutoff,1,1.4,-0.26,0.98,True,-0.10158719958773486,-0.3182431997125858,-0.3615871995877349
30618_748832b9,163.0499997138977,stop,1,1.37,0.3,0.92,True,-0.29651640253177697,-0.0565483515199958,0.003483597468223021
30618_748832b9,231.74999976158145,stop,1,2.13,0.29,0.92,True,-0.16911708839580505,0.069000381152757,0.12088291160419493
30618_748832b9,350.7499997615814,stop,2,2.4,-0.13,0.91,True,0.3115905598096752,0.2194909049011317,0.1815905598096752
30618_748832b9,486.5499997138977,stop,2,2.3,0.07,0.93,True,-0.005023367834736988,0.06307737004390791,0.06497663216526302
30618_748832b9,546.849999666214,stop,1,1.91,-0.08,0.6,True,0.07892482889106915,0.08622044627795585,-0.0010751711089308502
30618_748832b9,668.6499998569489,stop,0,2.44,0.0,0.0,False,-0.09673418964478726,-0.1148211215339325,
30618_748832b9,813.849999666214,stop,1,4.29,0.8,0.86,True,-0.6444595689073281,-0.020217122666066182,0.1555404310926719
30618_748832b9,846.349999666214,stop,1,1.15,0.16,0.93,True,-0.0770762059268799,0.043650778837314996,0.0829237940731201
30618_748832b9,957.2499997615814,stop,0,1.61,0.0,0.0,False,0.24312709431395074,0.23514502346275193,
30618_748832b9,1030.1499998569489,stop,1,0.89,0.23,0.92,True,-0.2683190794478429,-0.1792568511487671,-0.03831907944784288
30618_748832b9,1068.2499997615814,stop,0,0.42,0.0,0.0,False,0.49967643611583307,0.05020336021482561,
30618_748832b9,1108.7499997615814,stop,1,0.93,2.55,0.03,False,-2.4832247688393085,-2.481983827411433,0.06677523116069128
30618_1cc230fa,1.6499996185302734,stop,1,1.01,0.01,0.42,False,-0.003910194573489233,-0.006205562256957887,0.006089805426510767
30618_1cc230fa,134.44999980926514,stop,0,1.14,0.0,0.0,False,0.4318180082556227,0.4822063138397687,
30618_1cc230fa,145.349999666214,stop,1,1.23,-0.1,0.88,True,0.4249946424136239,0.3755918760501516,0.32499464241362386
30618_1cc230fa,211.44999980926517,stop,0,2.87,0.0,0.0,False,-0.560063589386358,-0.5565356352127837,
30618_1cc230fa,231.24999976158145,stop,0,2.98,0.0,0.0,False,0.0918745902209854,0.09541740229551911,
30618_1cc230fa,265.6499996185303,stop,1,3.14,0.24,0.9,True,-0.024956986623866577,0.18860545332889767,0.2150430133761334
30618_1cc230fa,317.0499997138977,stop,0,2.16,0.0,0.0,False,-0.37654744487888425,-0.4000406950239625,
30618_1cc230fa,335.2499997615814,stop,2,2.31,0.25,0.92,True,-0.4914411175470359,-0.25244667651698377,-0.2414411175470359
30618_1cc230fa,489.7499997615814,stop,0,2.61,0.0,0.0,False,-1.7348784664308148,-1.7591776165623774,
30618_1cc230fa,597.349999666214,stop,0,4.32,0.0,0.0,False,-3.17468107407592,-3.1946318914612073,
30618_1cc230fa,665.0499997138977,stop,1,5.2,4.13,0.9,True,-3.8819511426945272,-0.24065213139819588,0.24804885730547266
30618_1cc230fa,742.349999666214,stop,1,2.22,-0.07,0.84,True,-0.2126151531749686,-0.25381623990371327,-0.2826151531749686
30618_1cc230fa,806.349999666214,stop,1,1.6,-0.3,0.93,True,-0.21191811066522176,-0.43744890857215585,-0.5119181106652217
30618_1cc230fa,1077.9499998092651,stop,1,2.04,-0.01,0.92,True,0.0213965957370913,0.01872332825809861,0.011396595737091298
30618_1cc230fa,1153.2499997615814,stop,1,1.9,0.05,0.92,True,0.003100797826051683,0.035483595509153545,0.053100797826051684
30618_1cc230fa,1208.0499997138977,stop,1,1.39,0.04,0.92,True,0.03701756774350588,0.058375047857700924,0.07701756774350588
30618_1cc230fa,1244.849999666214,stop,1,1.02,-0.01,0.9,True,-0.0445651266548222,-0.04281617143216434,-0.0545651266548222
30618_1cc230fa,1262.1499996185305,stop,0,0.34,0.0,0.0,False,-0.07416680358467279,-0.07449207815239103,
30618_40ffd323,1.5499999523162842,stop,1,1.01,0.15,0.42,False,-0.002298234711685429,-0.003508469756766042,0.14770176528831458
30618_40ffd323,1.5499999523162842,stop,1,1.01,0.14,0.42,False,-0.002298234711685429,-0.003508469756766042,0.13770176528831457
30618_40ffd323,122.25,stop,1,1.9,4.02,0.38,False,-4.206810268707381,-4.20264532952169,-0.18681026870738116
30618_40ffd323,145.65000009536743,cutoff,1,2.48,2.92,0.96,True,5.361816425464615,7.173154797068922,8.281816425464616
30618_40ffd323,161.75,stop,0,2.33,0.0,0.0,False,6.535305459241574,6.5114474403755995,
30618_40ffd323,189.25,stop,1,3.13,-1.41,0.9,True,6.823885580919167,5.588217983154584,5.413885580919167
30618_40ffd323,207.35000014305115,stop,1,1.2,-0.32,0.87,True,5.5079669389827455,5.270170137833625,5.187966938982745
30618_40ffd323,231.85000014305115,stop,0,0.82,0.0,0.0,False,5.287657723771793,5.249305585682716,
30618_40ffd323,277.4500000476837,stop,2,1.9,-5.24,0.64,True,5.200587561038204,5.338500283548663,-0.03941243896179625
30618_40ffd323,321.5499999523163,stop,0,2.24,0.0,0.0,False,5.276421386490713,5.279751621938783,
30618_40ffd323,466.0499999523163,stop,0,5.34,0.0,0.0,False,12.841228189720828,11.800010326035581,
30618_40ffd323,524.5499999523163,stop,0,9.93,0.0,0.0,False,7.109660817118239,7.089851101860426,
30618_40ffd323,571.5499999523163,stop,0,10.36,0.0,0.0,False,7.107753196172,7.088623047449705,
30618_40ffd323,629.5499999523163,stop,1,11.5,-6.98,0.91,True,7.224437188678556,0.8687385673895738,0.2444371886785559
30618_40ffd323,817.25,cutoff,1,2.92,-0.08,0.98,True,0.05082728013464138,-0.04607688786267632,-0.029172719865358625
30618_40ffd323,846.9500000476837,stop,1,1.55,0.04,0.88,True,0.09725043917830917,0.11699690972886856,0.13725043917830917
30618_40ffd323,907.4500000476836,stop,1,1.36,0.14,0.92,True,-0.13422175698090266,-0.06956993784921293,0.005778243019097351
30618_40ffd323,974.75,stop,1,1.51,0.28,0.87,True,-0.4211308373837058,-0.2263410728494947,-0.1411308373837058
30618_40ffd323,1029.1500000953674,stop,1,1.56,0.31,0.92,True,-0.3251861778346344,-0.11173588953512878,-0.015186177834634385
30618_40ffd323,1092.1500000953674,stop,1,1.94,0.37,0.91,True,-0.36179840730873664,-0.10452487628596731,0.00820159269126336
30618_40ffd323,1132.5499999523165,stop,1,1.41,0.03,0.92,True,-0.13749609215947528,-0.11626291930330909,-0.10749609215947528
30618_40ffd323,1195.0499999523165,stop,0,1.16,0.0,0.0,False,-0.39820923849268575,-0.4165184694484568,
30618_40ffd323,1200.6500000953674,stop,0,1.16,0.0,0.0,False,-0.44563730800302415,-0.4611439978746187,
30618_40ffd323,1247.6500000953674,stop,0,1.5,0.0,0.0,False,-0.4978968234305091,-0.4928153351063406,
30618_2cb9ce37,16.399999856948853,stop,0,0.83,0.0,0.0,False,-0.03577281924435218,-0.03414626453951447,
30618_2cb9ce37,115.39999985694884,stop,0,8.09,0.0,0.0,False,-0.42348832726070973,-0.42543126676139775,
30618_2cb9ce37,133.70000004768372,stop,2,8.73,0.36,0.93,True,-0.3561040368470792,0.7237534954549733,0.0038959631529207894
30618_2cb9ce37,267.7999999523163,stop,2,2.75,-0.32,0.92,True,-0.10839798113466964,-0.36872265177650526,-0.42839798113466965
30618_2cb9ce37,363.2000000476837,stop,0,2.87,0.0,0.0,False,0.0040191803899198185,-0.01979214589576601,
30618_2cb9ce37,526.2999999523163,stop,1,5.43,-0.0,0.92,True,-0.1905546091577061,-0.19434290465482928,-0.1905546091577061
30618_2cb9ce37,609.2000000476837,stop,1,1.93,-0.07,0.89,True,-0.3805513134076152,-0.4289605408992408,-0.45055131340761523
30618_2cb9ce37,659.2999999523163,stop,1,1.86,0.08,0.87,True,-0.571070921568423,-0.5120734710442765,-0.49107092156842297
30618_af7496f0,1.6499998569488523,stop,1,1.76,-1.26,0.35,False,-0.26151814014176666,-0.10920971757179554,-1.5215181401417666
30618_af7496f0,1.6499998569488523,stop,1,1.76,-1.22,0.35,False,-0.26151814014176666,-0.10920971757179554,-1.4815181401417665
30618_af7496f0,1.6499998569488523,stop,1,1.76,-1.23,0.35,False,-0.26151814014176666,-0.10920971757179554,-1.4915181401417668
30618_af7496f0,1.6499998569488523,stop,1,1.76,-1.24,0.35,False,-0.26151814014176666,-0.10920971757179554,-1.5015181401417665
30618_af7496f0,1.6499998569488523,stop,1,1.76,-1.25,0.35,False,-0.26151814014176666,-0.10920971757179554,-1.5115181401417668
30618_af7496f0,178.54999995231628,stop,0,3.02,0.0,0.0,False,5.783161205364835,5.7316198508438765,
30618_af7496f0,182.94999980926517,stop,0,3.02,0.0,0.0,False,5.330424382276123,4.153649318155237,
30618_af7496f0,191.44999980926517,stop,0,3.03,0.0,0.0,False,4.149504196071689,4.145888570172435,
30618_af7496f0,205.34999990463257,stop,0,3.25,0.0,0.0,False,3.9969097491790286,3.9833219097548254,
30618_af7496f0,212.04999995231628,stop,0,3.26,0.0,0.0,False,3.961363981975765,3.99025513827317,
30618_af7496f0,243.04999995231628,stop,0,3.34,0.0,0.0,False,4.021652732108349,4.015892671761544,
30618_437e855c,2.4499998092651367,stop,1,1.11,0.61,0.39,False,0.04805040575180099,-0.007107688832060947,0.658050405751801
30618_437e855c,2.4499998092651367,stop,1,1.09,0.61,0.39,False,0.04805040575180099,-0.007107688832060947,0.658050405751801
30618_437e855c,2.4499998092651367,stop,1,1.01,0.69,0.37,False,0.04805040575180099,-0.007107688832060947,0.7380504057518009
30618_437e855c,96.349999666214,stop,1,2.65,0.31,0.91,True,-0.31300030473462076,-0.04175479589446848,-0.0030003047346207623
30618_437e855c,252.0499997138977,stop,2,2.67,-0.17,0.92,True,0.3403639367439621,0.24954328100151182,0.17036393674396208
30618_437e855c,279.849999666214,stop,1,0.93,2.51,0.09,False,0.21876021858150857,0.20454911449186516,2.7287602185815083
30618_437e855c,386.44999980926514,stop,0,2.85,0.0,0.0,False,0.011494399734961629,0.004593669040455561,
30618_437e855c,609.4499998092651,stop,1,1.87,0.1,0.84,True,0.36537344246410963,0.43892076285002873,0.4653734424641096
30618_437e855c,665.4499998092651,stop,1,1.51,-0.52,0.92,True,0.5235637236020529,0.20859576022501644,0.003563723602052926
30618_437e855c,780.2499997615814,cutoff,1,1.59,-0.16,0.98,True,0.06557901864095071,-0.019480609467940526,-0.09442098135904929
30618_437e855c,828.6499998569489,stop,1,1.87,-0.08,0.92,True,0.4304294558998121,0.39598716514863114,0.35042945589981206
30618_437e855c,906.2499997615814,stop,0,1.97,0.0,0.0,False,0.3999905133864471,0.37827281139983066,
30618_437e855c,925.6499998569489,stop,1,2.06,0.0,0.92,True,0.3572100278503998,0.361005322282188,0.3572100278503998
30618_437e855c,1000.0499997138976,stop,1,1.91,-0.08,0.92,True,0.25356562391278104,0.20021916292445635,0.17356562391278102
30618_437e855c,1055.6499998569489,stop,1,1.39,0.37,0.92,True,0.17802459041313445,0.3737136809815831,0.5480245904131344
30639_584b6e32,1.6499996185302734,stop,1,1.01,1.73,0.17,False,0.01691942454156487,0.0052382476937973725,1.746919424541565
30639_584b6e32,2.149999618530273,stop,1,1.01,1.73,0.17,False,0.03551080767060865,-0.001461176932077758,1.7655108076706085
30639_584b6e32,2.149999618530273,stop,1,1.07,1.66,0.2,False,0.03551080767060865,-0.001461176932077758,1.6955108076706085
30639_584b6e32,63.64999961853027,stop,1,2.66,0.85,0.9,True,-0.7807256325016406,-0.02195273374556162,0.06927436749835936
30639_584b6e32,102.5499997138977,cutoff,1,2.58,-0.38,0.97,True,0.30425620567138195,0.18828630570381194,-0.07574379432861805
30639_584b6e32,136.0499997138977,stop,1,3.1,0.11,0.9,True,0.5707206991603262,0.6627767702003404,0.6807206991603262
30639_584b6e32,150.24999976158142,stop,1,1.07,-0.32,0.87,True,0.6282399413074842,0.395847057263303,0.30823994130748417
30639_584b6e32,209.64999961853027,stop,1,1.85,-0.64,0.92,True,0.7378839854299687,0.21840317118796,0.09788398542996868
30639_584b6e32,232.44999980926517,stop,1,0.71,-0.04,0.62,True,0.040271151741442385,0.021985852729808866,0.0002711517414423839
30639_584b6e32,478.44999980926514,stop,1,4.61,-0.47,0.7,True,0.41602552096245565,0.10178553226408481,-0.05397447903754432
30639_584b6e32,541.6499996185303,stop,1,1.69,0.27,0.93,True,0.11285302651840806,0.3347784647274863,0.3828530265184081
30639_584b6e32,637.6499996185303,stop,0,0.67,0.0,0.0,False,0.49225616353642454,0.4862793428644729,
30639_584b6e32,706.4499998092651,cutoff,1,1.63,-0.06,0.98,True,0.33529812699203126,0.28371768139027476,0.27529812699203127
30639_584b6e32,735.849999666214,stop,1,1.41,-0.28,0.88,True,0.225913134293986,0.09198605915961006,-0.05408686570601404
30639_584b6e32,864.9499998092651,stop,1,2.04,-0.3,0.92,True,0.4360887695363867,0.24017591248918718,0.1360887695363867
30639_584b6e32,925.4499998092653,stop,1,1.9,0.1,0.92,True,0.016463027957482213,0.0762489792737168,0.11646302795748222
30639_584b6e32,969.1499996185304,stop,1,1.39,0.35,0.92,True,0.060168436459403715,0.2396974420506862,0.4101684364594037
30639_584b6e32,1012.6499996185304,stop,1,1.02,0.05,0.9,True,0.18190684036049565,0.20044453563154338,0.23190684036049564
30639_584b6e32,1019.0499997138976,stop,1,0.26,-0.0,0.92,True,0.1691120664532174,0.1744411682551195,0.1691120664532174
30618_d4ba7005,1.7000000476837158,stop,0,1.01,0.0,0.0,False,-0.002795900627219708,-0.0024418213395161897,
30618_d4ba7005,2.5999999046325684,stop,0,1.12,0.0,0.0,False,-0.0019160528188995598,-0.004094970958326643,
30618_d4ba7005,2.5999999046325684,stop,0,1.01,0.0,0.0,False,-0.0019160528188995598,-0.004094970958326643,
30618_d4ba7005,82.20000004768372,stop,1,3.05,0.07,0.92,True,-0.09966611748851577,-0.03400133995375295,-0.02966611748851576
30618_d4ba7005,135.5,stop,1,2.51,0.03,0.92,True,0.07478889067740403,0.10297104879188256,0.10478889067740403
30618_d4ba7005,218.7000000476837,stop,1,2.6,-0.19,0.92,True,0.27673376318041903,0.1110979425788109,0.08673376318041903
30618_d4ba7005,280.2999999523163,stop,1,1.75,-0.11,0.81,True,0.1506047565769773,0.0770879158963415,0.040604756576977305
30618_d4ba7005,366.0,stop,1,1.79,0.0,0.91,True,0.12081376329990036,0.12293837296828597,0.12081376329990036
30618_d4ba7005,482.7000000476837,stop,2,2.26,-0.03,0.93,True,0.18628848892889568,0.18054109310446625,0.15628848892889569
30618_d4ba7005,524.3999998569489,stop,1,1.29,-0.0,0.86,True,0.20476098823809874,0.20534611888511015,0.20476098823809874
30618_d4ba7005,593.0,stop,1,1.53,-0.22,0.92,True,0.2905394139420974,0.18956374637237433,0.07053941394209742
30618_d4ba7005,690.5999999046326,cutoff,1,2.36,-0.41,0.98,True,0.4227720085167546,0.20824135272628627,0.01277200851675464
30618_d4ba7005,829.5999999046326,stop,1,3.51,0.25,0.86,True,-0.010143476934114305,0.17338057056743592,0.2398565230658857
30618_d4ba7005,878.0999999046326,stop,1,1.05,-0.06,0.93,True,0.12154833183686756,0.08602658392749715,0.06154833183686756
30618_d4ba7005,954.2999999523164,stop,1,1.59,-0.15,0.89,True,0.1944180451253372,0.11621368729593295,0.0444180451253372
30618_d4ba7005,1027.0999999046326,stop,1,1.8,-0.77,0.86,True,0.3429276072674127,-0.0004808297986953849,-0.4270723927325873
30618_d4ba7005,1084.0,stop,1,0.9,-0.07,0.93,True,-0.19884654001365756,-0.21085767756447832,-0.2688465400136576
30618_d4ba7005,1118.2000000476835,stop,0,0.58,0.0,0.0,False,-0.41091326054349336,-0.4050309781523824,
30618_d4ba7005,1159.2999999523165,stop,0,0.9,0.0,0.0,False,-0.6413888240863652,-0.642374248585962,
30618_dd8e6395,1.5500001907348633,stop,0,1.01,0.0,0.0,False,0.011156782802500988,0.005689284724333879,
30618_dd8e6395,2.0500001907348637,stop,0,1.06,0.0,0.0,False,0.033401755288941244,-0.006897801507877907,
30618_dd8e6395,2.0500001907348637,stop,0,1.01,0.0,0.0,False,0.033401755288941244,-0.006897801507877907,
30618_dd8e6395,2.0500001907348637,stop,0,1.07,0.0,0.0,False,0.033401755288941244,-0.006897801507877907,
30618_dd8e6395,79.75,stop,1,2.76,0.43,0.91,True,-0.37521295726079634,-0.03293841538577281,0.05478704273920365
30618_dd8e6395,134.85000014305115,cutoff,1,2.52,-0.99,0.97,True,0.44140222981160465,0.044957151611891684,-0.5485977701883953
30618_dd8e6395,161.05000019073486,stop,1,3.05,-0.12,0.9,True,0.24091457274384487,0.1416441002049902,0.12091457274384487
30618_dd8e6395,233.15000009536743,stop,2,2.32,-0.21,0.92,True,0.23887109959375588,0.08091864693028536,0.02887109959375589
30618_dd8e6395,352.55000019073486,stop,0,2.65,0.0,0.0,False,-0.3526481972834379,-0.36197669629224455,
30618_dd8e6395,506.1500000953674,stop,1,5.14,0.07,0.7,True,-0.44458400201254794,-0.39560917140394763,-0.37458400201254793
30618_dd8e6395,558.75,stop,1,2.09,0.14,0.93,True,-0.49143022623968097,-0.3698782075317845,-0.35143022623968095
30618_dd8e6395,609.3500001430511,stop,1,1.53,-0.08,0.84,True,0.3833519088617535,0.33572003544226897,0.3033519088617535
30618_dd8e6395,659.4500000476837,stop,1,1.42,-0.23,0.93,True,0.43702220814088755,0.3264003289137214,0.20702220814088754
30618_dd8e6395,682.4500000476837,stop,1,0.47,-0.38,0.79,True,0.31485025725194465,0.16203131388891978,-0.06514974274805535
30618_dd8e6395,780.0500001907349,cutoff,1,1.53,0.17,0.98,True,0.016422300823894804,0.07059797118952382,0.18642230082389483
30618_dd8e6395,809.6500000953674,stop,1,1.38,-0.36,0.88,True,0.6119072966320297,0.4646009101119824,0.2519072966320297
30618_dd8e6395,934.1500000953674,stop,1,1.41,-0.2,0.87,True,0.331461375587479,0.22621121412778256,0.131461375587479
30618_dd8e6395,1025.25,stop,1,1.5,-0.14,0.92,True,0.25714841634762325,0.1843003084436773,0.11714841634762324
30618_dd8e6395,1100.9500000476835,stop,1,1.9,0.06,0.92,True,0.10758031555087451,0.14608760211057592,0.1675803155508745
30618_dd8e6395,1151.9500000476835,stop,1,1.39,0.05,0.92,True,0.20303916330414168,0.22652858177864696,0.25303916330414167
30618_dd8e6395,1201.9500000476835,stop,0,1.14,0.0,0.0,False,-0.23895588985228094,-0.23671845772562689,
30639_4285f2bc,565.8999998569489,stop,0,4.55,0.0,0.0,False,-1.2547393154815496,-1.2518362031881547,
30639_4285f2bc,702.7000000476837,stop,0,1.72,0.0,0.0,False,0.09865761698420285,0.09670558172026235,
30639_4285f2bc,859.5999999046326,stop,1,1.35,-0.38,0.66,True,0.35630417224322586,0.11969058240488095,-0.023695827756774146
30639_4285f2bc,896.2999999523163,cutoff,1,1.18,0.57,0.98,True,-0.018805030072329847,0.2706848381451916,0.5511949699276701
30639_4285f2bc,925.7999999523164,stop,1,1.4,-0.44,0.87,True,0.6843793687440234,0.4929072403909794,0.24437936874402338
30639_4285f2bc,977.2000000476836,stop,1,1.28,-0.16,0.92,True,0.4862605798104497,0.4442042884175034,0.32626057981044965
30639_4285f2bc,1058.8999998569489,stop,1,2.04,-0.28,0.92,True,-0.04312579305029803,-0.24815141646114075,-0.32312579305029804
30639_4285f2bc,1118.0,stop,1,1.91,0.06,0.92,True,0.10119794480315963,0.14137402232266827,0.16119794480315963
30639_4285f2bc,1133.5999999046326,stop,0,0.44,0.0,0.0,False,0.08377050749131022,0.06663318868921383,
30639_4285f2bc,1167.7000000476835,stop,1,1.39,0.02,0.92,True,0.059595355979921584,0.06910177495268702,0.07959535597992158
30639_4285f2bc,1201.7000000476835,stop,1,1.02,0.12,0.9,True,0.008431308542855101,0.05478887240625645,0.1284313085428551
30639_4285f2bc,1221.7000000476835,stop,1,0.27,-0.12,0.92,True,0.02967626204233934,-0.0043576501522730295,-0.09032373795766066
30639_4285f2bc,1259.3999998569489,stop,0,0.57,0.0,0.0,False,-0.4241598504268669,-0.44213525494175504,
30618_e9a34502,1.549999713897705,stop,1,1.01,-2.56,0.17,False,-0.001753379087260121,-0.002976406982018391,-2.56175337908726
30618_e9a34502,2.249999761581421,stop,1,1.09,-2.56,0.2,False,-0.002241625393445315,-0.003928383187050928,-2.5622416253934452
30618_e9a34502,2.249999761581421,stop,1,1.01,-2.56,0.17,False,-0.002241625393445315,-0.003928383187050928,-2.5622416253934452
30618_e9a34502,2.249999761581421,stop,1,1.08,-2.56,0.19,False,-0.002241625393445315,-0.003928383187050928,-2.5622416253934452
30618_e9a34502,35.049999713897705,stop,1,1.32,0.11,0.8,True,-0.10328409191208326,-0.023089444720486924,0.006715908087916736
30618_e9a34502,82.24999976158142,stop,0,1.1,0.0,0.0,False,-0.1309275799543531,-0.14755637428899598,
30618_e9a34502,129.0499997138977,stop,1,2.95,-0.26,0.92,True,0.12552149314881275,-0.10505498988842381,-0.13447850685118726
30618_e9a34502,166.94999980926514,cutoff,1,1.42,0.49,0.98,True,-0.22161702439259648,0.17611919557040234,0.26838297560740354
30618_e9a34502,188.24999976158145,stop,1,1.38,-0.39,0.92,True,0.4419434505125747,0.13471331127636096,0.05194345051257471
30618_e9a34502,264.64999985694885,stop,1,2.14,-0.13,0.92,True,0.16776562931912442,0.05807383765872906,0.037765629319124416
30618_e9a34502,365.14999985694885,stop,2,2.39,-0.27,0.91,True,0.08713502549241145,-0.10834716896417296,-0.18286497450758857
30618_e9a34502,485.14999985694885,stop,0,2.01,0.0,0.0,False,-0.3166700524027124,-0.336506918443003,
30618_e9a34502,512.849999666214,stop,1,2.3,1.23,0.92,True,-0.005466095559878855,0.9410099341845098,1.2245339044401211
30618_e9a34502,569.0499997138977,stop,1,1.31,-1.08,0.81,True,0.9884477218250536,0.3741741380755926,-0.09155227817494649
30618_e9a34502,609.2499997615814,stop,1,1.57,-0.71,0.92,True,0.42514618034442947,0.02056190836667806,-0.2848538196555705
30618_e9a34502,653.7499997615814,stop,1,0.99,-0.12,0.72,True,-0.05052311599736079,-0.09240216649739558,-0.17052311599736078
30618_e9a34502,873.5499997138977,stop,1,4.17,0.48,0.86,True,-0.48528016295462356,-0.11325655452371314,-0.0052801629546235795
30618_e9a34502,916.1499998569489,stop,0,0.95,0.0,0.0,False,-0.23579480442574913,-0.26149890267891873,
30618_e9a34502,935.4499998092653,stop,1,1.11,0.25,0.92,True,-0.24478241162130807,-0.0747230920985498,0.005217588378691934
30618_e9a34502,1003.5499997138976,stop,1,1.6,-0.1,0.89,True,0.07738923163939987,0.024224554498759467,-0.022610768360600136
30618_e9a34502,1052.1499998569489,stop,0,1.61,0.0,0.0,False,0.05418632937610328,0.056350016083192324,
30618_e9a34502,1101.349999666214,stop,1,1.81,-0.1,0.87,True,-0.021750762040179082,-0.06354695261452897,-0.1217507620401791
30618_e9a34502,1153.2499997615814,stop,1,0.89,-0.05,0.93,True,-0.28297598184524003,-0.29050082265734245,-0.33297598184524
30639_9f0b519f,68.89999985694885,stop,0,2.5,0.0,0.0,False,-0.24466401587765,-0.2692876537489071,
30639_9f0b519f,91.69999980926514,stop,1,3.49,0.61,0.92,True,-0.3733675222305406,0.18727983122419267,0.2366324777694594
30639_9f0b519f,139.5,stop,1,2.56,-0.17,0.92,True,0.33509823295384283,0.1850174801588846,0.16509823295384282
30639_9f0b519f,150.59999990463257,stop,0,0.77,0.0,0.0,False,0.15979841636713654,0.14285265876238565,
30639_9f0b519f,156.79999995231628,stop,0,0.8,0.0,0.0,False,0.134803012097719,0.13226207269871001,
30639_9f0b519f,216.59999990463257,stop,1,2.56,-0.06,0.92,True,0.09970399844454172,0.04718199904898541,0.03970399844454173
30639_9f0b519f,299.89999985694885,stop,2,2.55,0.11,0.91,True,0.09994978789578915,0.20724778622132098,0.20994978789578916
30639_9f0b519f,331.2999999523163,stop,1,0.96,-0.19,0.64,True,0.13515267419965046,0.0671746568489437,-0.05484732580034954
30639_9f0b519f,466.69999980926514,stop,1,2.18,0.63,0.92,True,0.02633178279701591,0.5040916184739578,0.6563317827970159
30639_9f0b519f,476.59999990463257,stop,1,0.5,-0.2,0.73,True,0.5000525201398264,0.41463314714022786,0.30005252013982636
30639_9f0b519f,537.6999998092651,stop,1,1.23,0.96,0.82,True,-0.8009521119486157,-0.32602456070334945,0.15904788805138426
30639_9f0b519f,615.1999998092651,stop,1,1.54,-1.31,0.9,True,-0.17646874656590458,-0.8120330186131094,-1.4864687465659046
30639_9f0b519f,682.5,cutoff,1,2.38,0.5,0.98,True,-0.4865492655411577,-0.16957531361151962,0.013450734458842317
30639_9f0b519f,827.6999998092651,stop,1,3.52,0.31,0.86,True,-0.0888122440734616,0.13283261655896242,0.2211877559265384
30639_9f0b519f,857.6999998092651,stop,1,1.06,0.02,0.93,True,0.13442126836512489,0.15337579813114713,0.15442126836512488
30639_9f0b519f,991.1999998092653,stop,1,2.54,-0.4,0.92,True,0.3171693093027653,0.14020093356842306,-0.0828306906972347
30618_33bec73f,129.29999995231628,stop,1,3.24,-1.22,0.91,True,1.1001852004305057,0.0008700219391504724,-0.11981479956949426
30618_33bec73f,161.79999995231628,cutoff,1,1.63,0.24,0.98,True,-0.35757215865304115,-0.21821928456350234,-0.11757215865304116
30618_33bec73f,183.09999990463257,stop,1,1.51,0.4,0.92,True,-0.44234357755429426,-0.11208748097908515,-0.04234357755429424
30618_33bec73f,263.40000009536743,stop,1,2.39,0.77,0.91,True,-0.7624802214457527,-0.09172776884519117,0.007519778554247347
30618_33bec73f,320.7000000476837,stop,1,1.73,0.22,0.81,True,-0.21641066957128977,-0.06030761863737871,0.0035893304287102357
30618_33bec73f,390.7999999523163,stop,1,1.79,-0.12,0.91,True,-0.03295961683761252,-0.1178832712822504,-0.1529596168376125
30618_33bec73f,523.7000000476837,stop,2,2.25,0.06,0.93,True,-0.2021657202813746,-0.1423720659176257,-0.1421657202813746
30618_33bec73f,578.5999999046326,stop,1,1.28,0.26,0.85,True,-0.2568090060215077,-0.1039044333748474,0.003190993978492318
30618_33bec73f,635.5,stop,1,1.53,-0.05,0.93,True,-0.11040030856628948,-0.13511517361259678,-0.16040030856628948
30618_33bec73f,855.5999999046326,stop,1,4.27,0.15,0.86,True,-0.11184494225438879,0.008676660950411242,0.038155057745611204
30618_33bec73f,892.7999999523163,stop,1,1.11,0.09,0.93,True,-0.06896554378383604,5.173912351131091e-05,0.021034456216163955
30618_33bec73f,1016.5,stop,1,1.8,0.23,0.86,True,0.15471849008757743,0.267120418809523,0.3847184900875774
30618_33bec73f,1119.5,stop,1,0.9,-1.98,0.7,True,-0.011226768628855681,-0.38902386768933944,-1.9912267686288556
30639_50956d6e,1.7000000476837158,stop,1,1.01,0.19,0.42,False,0.014821826556540407,-0.006138497425673471,0.2048218265565404
30639_50956d6e,2.0999999046325684,stop,1,1.06,0.12,0.42,False,0.02943156282469567,-0.004600091791064442,0.14943156282469566
30639_50956d6e,188.59999990463257,stop,2,2.56,0.34,0.92,True,-0.22691135950405825,0.09976955036305157,0.11308864049594178
30639_50956d6e,205.59999990463257,stop,1,0.97,-0.08,0.6,True,0.0523432222373571,0.016349151275051845,-0.0276567777626429
30639_50956d6e,490.7000000476837,stop,1,5.2,1.01,0.93,True,-0.737797160711495,0.17937779800447123,0.27220283928850497
30639_50956d6e,553.5999999046326,stop,1,1.75,0.01,0.84,True,0.311860546653867,0.3133063590113182,0.321860546653867
30639_50956d6e,588.7999999523163,stop,1,1.48,-0.37,0.93,True,0.45462222596423596,0.24267259101815508,0.08462222596423596
30639_50956d6e,653.0,stop,1,1.2,-0.46,0.65,True,0.27749235881542744,0.07733748732403942,-0.18250764118457258
30639_50956d6e,703.8999998569489,cutoff,1,1.1,0.51,0.98,True,-0.20729307510580805,-0.023067107465592825,0.30270692489419193
30639_50956d6e,756.0,stop,1,1.85,0.07,0.92,True,0.3957873024690791,0.4249242767922291,0.4657873024690791
30639_50956d6e,1041.7999999523165,stop,0,0.6,0.0,0.0,False,-3.0083202667223117,-3.37784148833202,
30639_50956d6e,1047.5999999046326,stop,0,0.61,0.0,0.0,False,-3.462266311342223,-3.4801304064395993,
30639_50956d6e,1078.5999999046326,stop,0,0.95,0.0,0.0,False,-3.597225417672098,-3.610031573594585,
30639_927002c2,1.5,stop,0,1.01,0.0,0.0,False,-0.0029253787059681535,-0.005373865843484223,
30639_927002c2,2.3999998569488525,stop,0,1.01,0.0,0.0,False,-0.004468647831587323,-0.005431476582149328,
30639_927002c2,30.0,stop,0,1.33,0.0,0.0,False,-0.26522059621911004,-0.283206144998148,
30639_927002c2,88.5,stop,1,3.48,0.86,0.92,True,-0.6725289973367149,0.10796284372843688,0.1874710026632851
30639_927002c2,130.09999990463257,stop,1,2.6,-0.31,0.92,True,0.39228884615875864,0.11748636048519352,0.08228884615875864
30639_927002c2,189.39999985694885,stop,1,2.57,-0.11,0.92,True,0.1412231769940234,0.039878574246152126,0.031223176994023397
30639_927002c2,230.59999990463257,stop,1,1.74,-0.01,0.81,True,-0.028770641356753012,-0.031180771002843416,-0.03877064135675301
30639_927002c2,290.7000000476837,stop,0,1.75,0.0,0.0,False,-0.5122416381246312,-0.511409833509024,
30639_927002c2,313.59999990463257,stop,1,1.79,0.81,0.9,True,-0.6253418676671529,-0.04651678654857155,0.1846581323328471
30639_927002c2,411.7000000476837,stop,0,1.86,0.0,0.0,False,0.11741554546828027,0.09917309446654421,
30639_927002c2,453.2000000476837,stop,0,2.2,0.0,0.0,False,0.011379121974138467,0.011129821854335335,
30639_927002c2,474.5,stop,2,2.29,0.26,0.93,True,-0.018320082917833956,0.1980451262904863,0.24167991708216605
30639_927002c2,524.5999999046326,stop,1,1.3,-0.05,0.86,True,0.22655898938398078,0.19890621743019324,0.1765589893839808
30639_927002c2,590.7000000476837,stop,1,1.53,-0.58,0.92,True,0.41336504426537507,0.1413742852214643,-0.1666349557346249
30639_927002c2,802.3999998569489,stop,1,4.31,-1.0,0.86,True,1.1978201055190065,0.40809372180562986,0.19782010551900653
30639_927002c2,837.8999998569489,stop,1,1.18,-0.2,0.93,True,0.31399427328660146,0.15674014481164383,0.11399427328660144
30639_927002c2,850.8999998569489,stop,0,0.5,0.0,0.0,False,0.14606361029811274,0.18616711033619776,
30639_927002c2,866.0999999046326,stop,0,0.51,0.0,0.0,False,0.01883653298062584,0.02649286075389518,
30639_927002c2,889.3999998569489,stop,0,0.7,0.0,0.0,False,0.1257292044381417,0.12490764121007253,
30639_927002c2,959.8999998569489,stop,1,1.6,0.57,0.88,True,-0.351032821169707,-0.02116483530243378,0.21896717883029293
30639_927002c2,1015.2000000476836,stop,0,1.62,0.0,0.0,False,0.12796121884687917,0.1265003820838717,
30639_927002c2,1086.7000000476835,stop,0,1.92,0.0,0.0,False,0.15390424759957153,0.15309543195681774,
30618_2050d396,132.09999990463257,stop,0,1.65,0.0,0.0,False,0.17287019199230536,0.14957715827544427,
30618_2050d396,138.40000009536743,stop,0,1.7,0.0,0.0,False,0.11609683654988166,0.10581017729500485,
30618_2050d396,179.40000009536743,stop,1,3.56,-0.86,0.92,True,0.6990390830315946,-0.07571902924767404,-0.16096091696840542
30618_2050d396,209.09999990463257,cutoff,1,1.63,0.52,0.98,True,-0.28943682748799465,0.10597528354460489,0.23056317251200537
30618_2050d396,230.40000009536743,stop,1,1.45,-0.11,0.92,True,0.03002654220257389,-0.059203331531414376,-0.07997345779742611
30618_2050d396,302.40000009536743,stop,1,2.27,0.75,0.91,True,-0.839079164963712,-0.19917370116542057,-0.08907916496371204
30618_2050d396,335.7000000476837,stop,0,0.69,0.0,0.0,False,-0.25333915980356153,-0.2720578184261282,
30618_2050d396,373.2000000476837,stop,1,1.69,0.37,0.81,True,-0.5214699687240807,-0.27000030150559623,-0.1514699687240807
30618_2050d396,413.2999999523163,stop,0,1.71,0.0,0.0,False,3.004644141691622,2.985093703466294,
30618_2050d396,457.5,stop,2,1.95,-3.89,0.64,True,2.6743894590234754,1.2229125399107659,-1.2156105409765248
30618_2050d396,578.2999999523163,stop,0,3.38,0.0,0.0,False,0.4915739501534435,0.4928559682344047,
30618_2050d396,627.7999999523163,stop,2,3.68,-0.26,0.93,True,0.5921826970171681,0.6193322520835011,0.33218269701716807
30618_2050d396,687.9000000953674,stop,0,2.06,0.0,0.0,False,0.3964297301673131,0.3969765337973022,
30618_2050d396,731.4000000953674,stop,0,2.6,0.0,0.0,False,0.13675659495131934,0.11270020590439099,
30618_2050d396,735.5999999046326,stop,0,2.6,0.0,0.0,False,0.10461397788213951,0.09562058472728266,
30618_2050d396,740.7000000476837,stop,0,2.61,0.0,0.0,False,0.08345913062597732,0.07736886050943367,
30618_2050d396,751.2999999523163,stop,1,2.63,-0.47,0.92,True,0.024040762329606093,-0.3861656549958685,-0.44595923767039386
30618_2050d396,800.2000000476837,stop,1,1.14,0.96,0.65,True,-0.5520191927145375,-0.10177407033606867,0.4079808072854625
30618_2050d396,1050.5999999046326,stop,1,4.47,1.87,0.92,True,-1.7827768655136795,-0.12263003202574874,0.08722313448632057
30618_2050d396,1152.5999999046326,stop,1,1.8,0.32,0.88,True,-0.10193579886291576,0.14852992740860216,0.21806420113708425
30618_2050d396,1223.9000000953674,stop,0,1.65,0.0,0.0,False,0.1641560539199605,0.16550390395369613,
30639_0be558e2,90.54999995231628,stop,1,1.02,-1.52,0.21,False,-0.016637434024442607,-0.01805329485514117,-1.5366374340244426
30639_0be558e2,157.04999995231628,stop,0,2.36,0.0,0.0,False,-0.4937529254309201,-0.5252573714769889,
30639_0be558e2,160.34999990463257,stop,0,2.36,0.0,0.0,False,-0.5324812320280347,-0.5310130483431728,
30639_0be558e2,163.45000004768372,stop,0,2.36,0.0,0.0,False,-0.5419260313899594,-0.46966635207004925,
30639_0be558e2,170.95000004768372,stop,0,2.37,0.0,0.0,False,-0.49325983901231324,-0.47636001770223435,
30639_0be558e2,184.25,stop,1,2.64,0.69,0.91,True,-0.5705743052928819,0.03997969084758315,0.11942569470711806
30639_0be558e2,211.25,stop,1,1.26,-1.2,0.83,True,-0.08688486111395165,-0.8129152428349281,-1.2868848611139516
30639_0be558e2,274.0499999523163,cutoff,1,1.96,0.77,0.97,True,-1.1389827676269633,-0.9394841790116066,-0.36898276762696325
30639_0be558e2,274.0499999523163,cutoff,1,1.96,0.76,0.97,True,-1.1389827676269633,-0.9394841790116066,-0.37898276762696326
30639_0be558e2,300.15000009536743,stop,1,2.74,1.28,0.89,True,-1.179779527103435,-0.07275426556139448,0.100220472896565
30639_0be558e2,397.75,stop,1,1.85,-0.06,0.92,True,0.34881490471065424,0.2991520128020647,0.28881490471065424
30639_0be558e2,512.6500000953674,stop,0,2.46,0.0,0.0,False,0.15716803254703673,0.14779620037610794,
30639_0be558e2,682.9500000476837,stop,1,4.87,-0.86,0.93,True,1.4466491668925932,0.6855623377725857,0.5866491668925932
30639_0be558e2,929.75,cutoff,1,1.22,-0.01,0.98,True,-0.1540837812581443,-0.16834493350117694,-0.1640837812581443
30618_67b89902,1.749999761581421,stop,1,1.02,-1.04,0.48,False,-0.0009831197851288688,-0.0012264993510966269,-1.040983119785129
30618_67b89902,2.549999713897705,stop,1,1.11,-1.04,0.49,False,0.0003088575342460068,-0.0036095763514929708,-1.039691142465754
30618_67b89902,2.549999713897705,stop,1,1.02,-1.04,0.48,False,0.0003088575342460068,-0.0036095763514929708,-1.039691142465754
30618_67b89902,2.549999713897705,stop,1,1.09,-1.04,0.49,False,0.0003088575342460068,-0.0036095763514929708,-1.039691142465754
30618_67b89902,88.34999966621399,stop,1,3.77,-0.38,0.92,True,0.39540919172632694,0.05427092350197777,0.015409191726326932
30618_67b89902,116.64999985694884,cutoff,1,1.65,-0.05,0.98,True,-0.08238076149453828,-0.14489556984248936,-0.13238076149453828
30618_67b89902,138.24999976158142,stop,1,1.43,0.16,0.92,True,-0.14933248663585608,-0.022185557881185418,0.010667513364143927
30618_67b89902,211.849999666214,stop,1,2.25,0.4,0.92,True,-0.3409298058708903,-0.0023096207926201024,0.05907019412910974
30618_67b89902,310.64999985694885,stop,2,2.47,-0.14,0.91,True,0.13146341977436146,0.03533441315803276,-0.008536580225638551
30618_67b89902,469.349999666214,stop,2,2.34,-0.55,0.92,True,0.30241588893341453,-0.09379266615886642,-0.2475841110665855
30618_67b89902,557.9499998092651,stop,1,2.07,0.46,0.92,True,-0.2929773206672576,0.04441982734017885,0.1670226793327424
30618_67b89902,640.4499998092651,cutoff,1,2.39,-0.34,0.98,True,0.0766175094397553,-0.1294685010160157,-0.2633824905602447
30618_67b89902,799.4499998092651,stop,1,3.62,0.89,0.92,True,-0.9039082574111846,-0.15725414814876823,-0.013908257411184621
30618_3e9f4952,1.6499998569488523,stop,0,1.01,0.0,0.0,False,0.015864880388374185,0.00731330693044411,
30618_3e9f4952,2.1499998569488525,stop,1,1.07,3.22,0.01,False,0.03500411124861795,-0.004313542592893965,3.2550041112486183
30618_3e9f4952,2.1499998569488525,stop,0,1.01,0.0,0.0,False,0.03500411124861795,-0.004313542592893965,
30618_3e9f4952,125.54999995231628,stop,1,2.7,-0.18,0.91,True,0.04635717791055983,-0.10895997045230221,-0.13364282208944017
30618_3e9f4952,152.54999995231628,stop,0,0.89,0.0,0.0,False,-0.1483364007345683,-0.17126124033056486,
30618_3e9f4952,170.14999985694885,stop,1,1.22,0.57,0.87,True,-0.3903738350418477,-0.022024550489394994,0.17962616495815226
30618_3e9f4952,204.44999980926517,stop,1,1.35,-0.33,0.83,True,0.29955702574917414,0.06984610455771928,-0.03044297425082587
30618_3e9f4952,253.54999995231628,stop,1,2.01,-0.03,0.91,True,-0.03183162056392914,-0.06273614205653232,-0.061831620563929136
30618_3e9f4952,330.94999980926514,stop,1,1.76,0.07,0.92,True,-0.06250994309056063,-0.008874068086850867,0.00749005690943938
30618_3e9f4952,613.1499998569489,stop,1,4.77,0.85,0.93,True,-0.7599945156812821,-0.008457927046034442,0.09000548431871791
30618_3e9f4952,677.0499999523163,stop,1,1.62,-0.41,0.84,True,0.10908321980081023,-0.14179450192113335,-0.30091678019918977
30618_3e9f4952,779.3499999046326,stop,1,1.18,1.26,0.54,False,-0.21415371373295686,-0.23664492505829546,1.0458462862670432
30618_3e9f4952,818.25,cutoff,1,1.57,0.08,0.98,True,-0.373264718789086,-0.35250444731728714,-0.293264718789086
30618_3e9f4952,848.1499998569489,stop,1,1.39,-0.03,0.88,True,0.029239650393462057,0.016382538460075376,-0.0007603496065379418
30618_3e9f4952,954.9499998092653,stop,1,1.4,-0.05,0.87,True,-0.11592083244364909,-0.138939789857204,-0.16592083244364908
30618_3e9f4952,1123.1499998569489,stop,1,1.9,0.15,0.92,True,-0.15157359093227657,-0.060837119230681316,-0.001573590932276575
30618_3e9f4952,1145.9499998092651,stop,1,0.32,-0.74,0.82,True,-0.08769320949080582,-0.36675259055503423,-0.8276932094908058
30618_3e9f4952,1181.0499999523165,stop,1,1.37,0.42,0.92,True,-0.35547550452727317,-0.1601787281167526,0.06452449547272682
30618_3e9f4952,1233.8499999046326,stop,1,1.02,0.5,0.89,True,-0.22009238454030097,-0.0340469771956192,0.279907615459699
30618_a869780d,71.64999985694885,stop,1,4.05,1.26,0.9,True,-1.5395181467767889,-0.4191197111932607,-0.2795181467767889
30618_a869780d,135.25,stop,2,2.97,0.49,0.92,True,-0.6625285026873338,-0.15988842899181396,-0.17252850268733377
30618_a869780d,158.45000004768372,stop,1,1.04,0.22,0.66,True,-0.17378969658074128,-0.04823748846492418,0.04621030341925872
30618_a869780d,269.84999990463257,stop,0,2.65,0.0,0.0,False,-0.6114371262288157,-0.6197264938076924,
30618_a869780d,539.75,stop,2,2.26,-0.39,0.93,True,0.31651200447302,0.07749399121211253,-0.07348799552697999
30618_a869780d,568.1499998569489,stop,1,0.87,-0.17,0.8,True,0.02610480830600903,-0.08145909883022218,-0.14389519169399098
30618_a869780d,669.25,cutoff,1,1.58,0.06,0.98,True,-0.1275273263104602,-0.09476578250367274,-0.06752732631046021
30618_a869780d,695.75,stop,1,1.4,-1.66,0.79,True,0.32993514767001586,-0.3760434072400554,-1.330064852329984
30618_a869780d,765.3499999046326,stop,1,1.34,0.45,0.92,True,-0.461999990252286,-0.2633133257528831,-0.011999990252285986
30618_a869780d,833.25,stop,1,1.44,0.27,0.87,True,-0.43298395770727577,-0.2695850306556183,-0.16298395770727575
30618_a869780d,885.1499998569489,stop,1,1.5,0.33,0.92,True,-0.3860479484442917,-0.1965329168997896,-0.05604794844429167
30618_a869780d,957.8499999046326,stop,1,1.9,0.32,0.92,True,-0.28153942482002375,-0.08999359030858771,0.03846057517997625
30618_a869780d,1010.9500000476836,stop,1,1.39,0.08,0.92,True,-0.11911565632278939,-0.07342949485509119,-0.03911565632278939
30618_88548b02,1.6500000953674316,stop,0,1.06,0.0,0.0,False,-0.005260318342158358,-0.007268666975411185,
30618_88548b02,2.25,stop,0,1.13,0.0,0.0,False,-0.006248666710557261,-0.008050177214001654,
30618_88548b02,2.25,stop,0,1.11,0.0,0.0,False,-0.006248666710557261,-0.008050177214001654,
30618_88548b02,2.25,stop,0,1.06,0.0,0.0,False,-0.006248666710557261,-0.008050177214001654,
30618_88548b02,2.25,stop,0,1.12,0.0,0.0,False,-0.006248666710557261,-0.008050177214001654,
30618_88548b02,15.549999952316284,stop,1,1.1,0.53,0.79,True,-0.07755711321010476,0.2974346742289213,0.45244288678989525
30618_88548b02,76.95000004768372,stop,1,3.05,1.37,0.91,True,-1.1244971051178463,0.08837134466603225,0.24550289488215382
30618_88548b02,129.15000009536743,cutoff,1,1.64,-0.18,0.98,True,1.2219295495006552,1.119784425638616,1.0419295495006553
30618_88548b02,150.25,stop,1,1.52,0.54,0.92,True,-0.2855988616096614,0.13534356783263776,0.2544011383903386
30618_88548b02,240.15000009536743,stop,1,2.42,0.23,0.92,True,-0.17870633300579566,0.02999506654181392,0.051293666994204345
30618_88548b02,256.4500000476837,stop,1,0.58,-0.1,0.93,True,-0.004745780091019304,-0.04086055042056786,-0.10474578009101931
30618_88548b02,266.34999990463257,stop,0,0.46,0.0,0.0,False,0.034966988634554656,0.025057196856909443,
30618_88548b02,370.1500000953674,stop,1,2.34,-0.07,0.91,True,-0.2603765034674256,-0.31949296458489473,-0.3303765034674256
30618_88548b02,403.1500000953674,stop,1,0.51,0.2,0.59,False,-0.3765495348398242,-0.37426993655568036,-0.17654953483982416
30618_88548b02,451.9500000476837,stop,1,0.51,-0.75,0.46,False,-0.46705754205199707,-0.4785653466186935,-1.2170575420519971
30618_88548b02,457.34999990463257,stop,1,0.52,-1.12,0.31,False,-0.5175549986182509,-0.5078710925287906,-1.637554998618251
30618_88548b02,554.4500000476837,stop,2,2.27,0.18,0.93,True,-0.04664816941891641,0.012576131866495602,0.13335183058108357
30618_88548b02,612.5499999523163,stop,1,1.29,-0.49,0.85,True,1.3978867750674062,1.1059379711112327,0.9078867750674062
30618_88548b02,692.0499999523163,stop,1,1.53,0.3,0.92,True,0.12291602305938622,0.27774228434475506,0.4229160230593862
30618_88548b02,757.8499999046326,stop,1,1.86,-0.92,0.62,True,1.2732425435123262,1.1354623258652112,0.3532425435123262
30618_88548b02,1188.25,stop,1,2.55,0.47,0.92,True,-1.1563978078089743,-1.164025135244937,-0.6863978078089743
30618_88548b02,1235.4500000476835,stop,0,0.83,0.0,0.0,False,0.03828940399289766,-0.516048843165732,
30618_88548b02,1253.4500000476835,stop,1,1.0,1.59,0.19,False,-1.7170350198270337,-1.5670063301553998,-0.12703501982703358
30618_27e994fc,1.75,stop,1,1.06,-0.18,0.42,False,-0.003674047199461239,-0.10752230067497259,-0.18367404719946123
30618_27e994fc,2.549999952316284,stop,1,1.06,-0.18,0.42,False,0.025906428067575638,-0.5357787732619551,-0.15409357193242434
30618_27e994fc,2.549999952316284,stop,1,1.16,-0.27,0.41,False,0.025906428067575638,-0.5357787732619551,-0.24409357193242437
30618_27e994fc,2.549999952316284,stop,1,1.15,-0.26,0.41,False,0.025906428067575638,-0.5357787732619551,-0.23409357193242436
30618_27e994fc,59.45000004768372,stop,1,2.64,2.12,0.88,True,-1.7605647372481326,-0.20226430642608062,0.35943526275186755
30618_27e994fc,120.75,stop,1,1.56,-0.02,0.88,True,-0.052155969105513726,-0.05574637522854509,-0.07215596910551372
30618_27e994fc,307.4500000476837,stop,1,2.93,8.6,0.15,False,-7.681973990683537,-7.692764669901507,0.9180260093164625
30618_27e994fc,446.1500000953674,stop,0,4.72,0.0,0.0,False,-13.530669399065943,-13.595535688683155,
30618_27e994fc,685.3500001430511,stop,1,10.54,26.93,0.33,False,-27.580407927354294,-27.925317528972695,-0.6504079273542942
30618_27e994fc,898.1500000953674,stop,1,17.45,12.15,0.9,True,-13.284827955053217,-2.7679189520330967,-1.1348279550532165
30618_27e994fc,1003.8500001430511,stop,1,7.5,3.22,0.91,True,-3.0463845618513625,-0.6299358926799427,0.17361543814863767
30618_27e994fc,1084.8500001430511,stop,1,3.17,0.81,0.91,True,-1.1237002076537832,-0.7536050661344971,-0.31370020765378315
30618_27e994fc,1106.25,stop,1,0.87,-0.97,0.88,True,-0.41424500533074493,-1.1443357855063798,-1.384245005330745
30618_27e994fc,1143.0499999523165,stop,1,1.45,1.02,0.91,True,-1.5659372531260891,-1.0100055237640306,-0.5459372531260891
30618_27e994fc,1203.9500000476835,stop,1,1.08,1.12,0.84,True,0.051274653411758776,-0.20716878428940963,1.1712746534117588
30618_27e994fc,1398.8500001430511,stop,0,1.18,0.0,0.0,False,-1.5229385832165727,-1.5449151698566324,
30618_27e994fc,1844.75,stop,0,1.75,0.0,0.0,False,-1.4373376149696317,-1.4434659200323559,
30639_9c362687,993.9999997615814,stop,1,5.95,-1.31,0.86,True,3.9852256379816087,2.860185897517764,2.6752256379816086
30618_e3d94878,211.19999980926517,stop,1,15.42,-4.44,0.91,True,4.682709025093081,0.6263553001486898,0.242709025093081
30618_e3d94878,248.79999995231628,stop,1,5.95,-0.5,0.92,True,0.7546671779214048,0.2989879715956025,0.2546671779214048
30618_e3d94878,309.59999990463257,stop,1,5.88,-0.02,0.92,True,0.13639546940893804,0.11574252982586464,0.11639546940893804
30618_e3d94878,351.4999997615814,stop,1,3.12,0.11,0.81,True,0.041740364862034814,0.12829956411744803,0.15174036486203482
30618_e3d94878,438.2999999523163,stop,2,2.6,0.12,0.91,True,0.19030851471016744,0.3063643612483125,0.3103085147101674
30618_e3d94878,539.7999999523163,stop,2,2.66,0.18,0.93,True,0.3151139864661011,0.5177808332310561,0.4951139864661011
30618_e3d94878,647.2999999523163,stop,1,2.21,-0.31,0.92,True,0.547880960609038,0.29817249775718685,0.23788096060903802
30618_e3d94878,771.8999998569489,stop,0,3.49,0.0,0.0,False,1.094591733561478,1.0916760905053984,
30618_e3d94878,892.2999999523163,stop,1,4.6,-1.49,0.92,True,0.17302151865164,-1.1522528760463995,-1.31697848134836
30618_e3d94878,998.2999999523164,stop,1,1.77,1.45,0.85,True,-1.1298294996634666,-0.17233893814074408,0.3201705003365334
30618_e3d94878,1067.4999997615814,stop,1,1.92,0.15,0.86,True,-0.07114220096555976,0.03043336212483309,0.07885779903444023
30618_e3d94878,1123.8999998569489,stop,1,0.95,0.15,0.92,True,-0.10419281859166972,-0.038496453116577956,0.045807181408330275
30618_2f104a1d,35.89999985694885,stop,1,1.36,0.15,0.8,True,-0.06383771119901795,0.045979153524664286,0.08616228880098205
30618_2f104a1d,78.49999976158142,stop,1,0.91,0.07,0.66,True,0.03646411577137713,0.07780760463488562,0.10646411577137713
30618_2f104a1d,144.69999980926514,stop,1,2.43,-0.63,0.92,True,0.6376674712958335,0.07995566754526989,0.00766747129583345
30618_2f104a1d,182.39999985694885,cutoff,1,1.3,0.35,0.98,True,-0.06792086639430887,0.18634178535001095,0.2820791336056911
30618_2f104a1d,203.89999985694885,stop,1,1.36,-0.48,0.92,True,0.3820046774926762,0.0020166526217946196,-0.09799532250732379
30618_2f104a1d,278.2999999523163,stop,0,2.07,0.0,0.0,False,-0.24537047948089943,-0.2443565615972331,
30618_2f104a1d,292.9999997615814,stop,1,2.11,-0.05,0.92,True,-0.30039847298094813,-0.3367291429296966,-0.3503984729809481
30618_2f104a1d,406.4999997615814,stop,1,2.38,0.61,0.91,True,-0.8278859201620589,-0.3583840281922482,-0.21788592016205888
30618_2f104a1d,498.39999985694885,stop,0,1.85,0.0,0.0,False,-0.3607574107065623,-0.3946029923077866,
30618_2f104a1d,539.1999998092651,stop,0,2.18,0.0,0.0,False,-0.5696078979626934,-0.5794641942623194,
30618_2f104a1d,543.2999999523163,stop,0,2.18,0.0,0.0,False,-0.6324244733767352,-0.629387076226153,
30618_2f104a1d,571.2999999523163,stop,1,2.27,0.71,0.92,True,-0.7426753833019197,-0.20963483492492932,-0.03267538330191977
30618_2f104a1d,637.7999999523163,stop,1,0.5,-0.16,0.74,True,-0.2325497177769939,-0.29912095119856286,-0.3925497177769939
30618_2f104a1d,725.4999997615814,stop,1,1.91,0.52,0.92,True,-0.2916515724566342,-0.03120529358268903,0.22834842754336582
30618_2f104a1d,750.2999999523163,stop,1,0.46,-0.03,0.79,True,-0.07753230119899329,-0.08869211201190597,-0.10753230119899329
30618_2f104a1d,1170.1999998092651,stop,1,2.6,-0.03,0.93,True,0.09563610846377564,0.0761994629523481,0.06563610846377564
30618_b95ca60a,1.5499999523162842,stop,1,1.01,0.45,0.54,False,-0.0031457487772095934,-0.00021327142898886267,0.44685425122279043
30618_b95ca60a,81.54999995231628,stop,1,3.79,-0.58,0.92,True,0.4567642811541572,-0.06721959800581113,-0.12323571884584278
30618_b95ca60a,109.25,cutoff,1,1.66,0.03,0.98,True,-0.20997968933763586,-0.2020141456060741,-0.17997968933763586
30618_b95ca60a,130.34999990463257,stop,1,1.42,0.07,0.92,True,-0.2555228834750187,-0.19177191901357588,-0.18552288347501872
30618_b95ca60a,208.54999995231628,stop,1,2.24,0.38,0.92,True,-0.5473239189423863,-0.22606844700836967,-0.1673239189423863
30618_b95ca60a,303.34999990463257,stop,1,2.47,0.45,0.91,True,-0.15327940566248902,0.21154686145319396,0.29672059433751097
30618_b95ca60a,430.75,stop,2,2.29,-0.22,0.93,True,0.05917566964068598,-0.08260569026688484,-0.16082433035931404
30618_b95ca60a,510.75,stop,1,2.01,0.07,0.92,True,-0.060113112839015506,-0.008375765446522581,0.0098868871609845
30618_b95ca60a,599.4500000476837,stop,0,2.34,0.0,0.0,False,0.3913077585241778,0.39828675218256565,
30618_b95ca60a,680.6499998569489,stop,0,3.39,0.0,0.0,False,1.9903651142030656,1.9061196940278973,
30618_b95ca60a,809.0499999523163,stop,1,4.41,-0.49,0.92,True,0.4354175814043502,0.013591903312286824,-0.05458241859564977
30618_b95ca60a,872.9500000476837,stop,1,1.67,-0.32,0.88,True,0.18138945413855997,-0.036660783726401684,-0.13861054586144003
30618_b95ca60a,940.0499999523164,stop,0,1.64,0.0,0.0,False,0.14941351431204752,0.13761954942072074,
30618_b95ca60a,944.1499998569489,stop,0,1.64,0.0,0.0,False,0.19555678538968108,0.19165410586543485,
30618_b95ca60a,993.3499999046326,stop,1,1.83,-0.68,0.86,True,-0.007017825266153185,-0.36896138230546727,-0.6870178252661532
30618_0f120b35,1.5999999046325684,stop,1,1.01,0.15,0.55,False,-0.003482566142196913,-0.0021122933204555587,0.14651743385780308
30618_0f120b35,39.69999980926514,stop,1,1.35,0.06,0.8,True,-0.045066416628139164,0.0037995138631898395,0.014933583371860834
30618_0f120b35,111.59999990463255,stop,1,0.62,-0.1,0.82,True,-0.009885355985203906,-0.06989288440483626,-0.10988535598520391
30618_0f120b35,159.59999990463257,stop,1,0.7,0.17,0.67,True,-0.1200132837260924,-0.02286402899125578,0.049986716273907605
30618_0f120b35,210.49999976158145,stop,1,2.34,-0.8,0.91,True,0.668568906354805,-0.039750556490677214,-0.131431093645195
30618_0f120b35,243.7999997138977,cutoff,1,1.3,-0.11,0.98,True,-0.26637395801355584,-0.3845268085526845,-0.37637395801355583
30618_0f120b35,264.9999997615814,stop,1,1.34,0.43,0.92,True,-0.4955276315290899,-0.16174936910740925,-0.06552763152908991
30618_0f120b35,340.69999980926514,stop,1,2.06,0.48,0.91,True,-0.5861036816483026,-0.19703048463300313,-0.10610368164830264
30618_0f120b35,443.4999997615814,stop,1,2.36,0.46,0.91,True,-0.27583057292956176,0.06782912454086128,0.18416942707043826
30618_0f120b35,594.0999999046326,stop,2,2.26,-0.59,0.92,True,0.4047058309707116,0.006493008413782815,-0.18529416902928836
30618_0f120b35,648.0999999046326,stop,1,1.34,-0.06,0.86,True,-0.09667391048022558,-0.1313455944967657,-0.15667391048022558
30618_0f120b35,708.1999998092651,stop,1,1.54,-0.05,0.93,True,-0.2528538986289533,-0.2759893310002255,-0.3028538986289533
30618_0f120b35,803.6999998092651,stop,1,1.85,-0.71,0.63,True,-0.12731081003263386,-0.2396303735518804,-0.8373108100326339
30618_0f120b35,1040.3999998569489,stop,1,4.01,1.45,0.92,True,-1.4831100908255734,-0.23162658826603585,-0.03311009082557348
30618_0f120b35,1146.9999997615814,stop,1,1.71,0.07,0.89,True,-0.19654715518141236,-0.1332287126580985,-0.12654715518141235
30618_f19a4ac3,86.95000004768372,stop,1,14.95,-4.0,0.91,True,4.113132188654357,0.45823821299652645,0.11313218865435726
30618_f19a4ac3,94.95000004768372,stop,1,4.5,-0.52,0.92,True,0.43770788324071763,-0.04623068390366653,-0.08229211675928239
30618_f19a4ac3,131.75,stop,1,3.65,0.19,0.92,True,-0.016725394040174466,0.1590473771704703,0.17327460595982552
30618_f19a4ac3,200.4500000476837,stop,1,4.05,-0.24,0.92,True,0.38307622061306523,0.16613578569379697,0.14307622061306524
30618_f19a4ac3,248.84999990463257,stop,0,2.1,0.0,0.0,False,0.24260668405959945,0.2392946953662346,
30618_f19a4ac3,296.84999990463257,stop,0,2.94,0.0,0.0,False,0.44216983381861547,0.4423141505915682,
30618_f19a4ac3,332.34999990463257,stop,0,3.24,0.0,0.0,False,0.3557766240098971,0.31210879692885357,
30618_f19a4ac3,400.5499999523163,stop,1,3.56,-0.51,0.64,True,1.0750292382299318,0.8174037261286209,0.5650292382299318
30618_f19a4ac3,541.1500000953674,stop,2,3.26,0.64,0.92,True,-0.40536610792118516,0.2351702359559757,0.23463389207881485
30618_f19a4ac3,551.0499999523163,stop,1,1.18,-0.24,0.71,True,0.16016986964462746,0.0031526692793459564,-0.07983013035537254
30618_f19a4ac3,629.75,stop,1,1.99,-0.29,0.6,True,0.29733422755603084,0.3019786933935979,0.007334227556030859
30618_f19a4ac3,660.9500000476837,stop,1,2.07,-0.37,0.92,True,0.2061011878812605,-0.0609431372665036,-0.1638988121187395
30618_f19a4ac3,671.3499999046326,stop,1,0.56,0.14,0.77,True,-0.10773585303780858,-0.032689947389121995,0.03226414696219143
30618_f19a4ac3,951.5499999523164,stop,1,4.44,-0.15,0.92,True,0.2406496886799854,0.1110998420287814,0.09064968867998541
30618_f19a4ac3,1051.9500000476835,stop,1,1.67,-0.08,0.89,True,0.19380634935371038,0.14210543997202885,0.11380634935371038
30618_22c1c589,1.6499998569488523,stop,1,1.01,0.01,0.26,False,-0.0028453131345335734,-0.004080021157434558,0.007154686865466426
30618_22c1c589,42.94999980926514,stop,1,1.76,0.08,0.65,True,-0.13003971492350738,-0.08319353889618601,-0.05003971492350738
30618_22c1c589,110.94999980926514,stop,1,2.83,-0.36,0.92,True,0.2754787750495387,-0.04593315258152536,-0.08452122495046127
30618_22c1c589,149.94999980926514,cutoff,1,1.38,0.11,0.98,True,-0.21096088522525228,-0.12689700311650226,-0.10096088522525228
30618_22c1c589,171.24999976158142,stop,1,1.38,0.03,0.92,True,-0.0771559841881649,-0.05012574969271184,-0.0471559841881649
30618_22c1c589,247.24999976158145,stop,1,2.18,0.08,0.92,True,-0.11159215994275493,-0.04528407903908856,-0.031592159942754924
30618_22c1c589,301.84999990463257,stop,1,1.63,0.09,0.81,True,-0.1369932515165317,-0.07827464939937992,-0.04699325151653169
30618_22c1c589,378.0499999523163,stop,1,1.74,0.53,0.91,True,0.024331296990474174,0.37607678477251244,0.5543312969904742
30618_22c1c589,528.6499998569489,stop,2,2.24,-0.53,0.92,True,0.6067951516960597,0.25570522091473774,0.07679515169605966
30618_22c1c589,617.9499998092651,stop,1,1.33,-0.42,0.85,True,0.26828996507675007,0.009515697718513119,-0.15171003492324991
30618_22c1c589,678.6499998569489,stop,1,1.54,-0.13,0.92,True,-0.07683046727571297,-0.14249580955114446,-0.20683046727571297
30618_22c1c589,958.0499999523164,stop,1,4.41,0.24,0.92,True,-0.3437908076342506,-0.1488047361316851,-0.10379080763425058
30618_22c1c589,1097.8499999046326,stop,1,2.6,0.25,0.93,True,-0.23531787861117176,-0.08628497098728051,0.01468212138882824
30618_616ec56b,1.5,stop,0,1.01,0.0,0.0,False,-0.004314585782030706,-0.0010183042187879396,
30618_616ec56b,39.20000004768372,stop,1,1.5,0.13,0.65,True,-0.13118788209605364,-0.04874106357861455,-0.0011878820960536385
30618_616ec56b,109.5,stop,0,2.27,0.0,0.0,False,0.42539506530766175,0.40822178899453876,
30618_616ec56b,127.5,stop,1,2.79,-0.43,0.92,True,0.4291974662136238,0.045957561174735755,-0.0008025337863761806
30618_616ec56b,147.20000004768372,stop,1,0.83,-1.18,0.84,True,0.02179869972209082,-0.8127512668103688,-1.158201300277909
30618_616ec56b,163.79999995231628,cutoff,1,1.14,1.56,0.96,True,-1.288473016541596,-0.33064528527691417,0.271526983458404
30618_616ec56b,184.90000009536743,stop,1,1.42,0.14,0.92,True,-0.2849637608652595,-0.1681403331623874,-0.14496376086525947
30618_616ec56b,258.09999990463257,stop,1,2.19,0.27,0.92,True,-0.4040550379600498,-0.1742566604905566,-0.1340550379600498
30618_616ec56b,353.0,stop,1,2.43,0.14,0.91,True,-0.1482524307235373,-0.0389948144413157,-0.00825243072353729
30618_616ec56b,488.59999990463257,stop,2,2.28,-0.28,0.93,True,0.005876261752394889,-0.1744194827657663,-0.27412373824760516
30618_616ec56b,640.9000000953674,stop,1,0.98,-0.22,0.72,True,-0.050801089706521106,-0.1220067003037596,-0.2708010897065211
30618_616ec56b,788.9000000953674,stop,0,3.26,0.0,0.0,False,31.183541521604024,30.921866237553544,
30618_616ec56b,923.2999999523164,stop,0,4.23,0.0,0.0,False,-0.5607484600164454,-0.5603112286695892,
30618_616ec56b,992.0,stop,1,4.28,0.67,0.92,True,-0.6194449298118887,-0.031372510549974045,0.05055507018811134
30618_616ec56b,1026.2999999523165,stop,0,0.93,0.0,0.0,False,0.034697271690175016,-0.02090660762074847,
30618_616ec56b,1066.0,stop,1,1.66,1.46,0.84,True,0.04141788004994743,1.0010014842800934,1.5014178800499474
30618_616ec56b,1146.7000000476835,stop,1,1.9,-1.48,0.83,True,1.351601331724096,0.4263970404960184,-0.12839866827590396
30618_6cb3280a,163.09999990463257,stop,1,3.94,-0.4,0.92,True,0.4669730126586319,0.09980742582319571,0.06697301265863187
30618_6cb3280a,195.59999990463257,cutoff,1,1.68,-0.05,0.98,True,-0.13546980719826976,-0.21206037184500373,-0.18546980719826978
30618_6cb3280a,217.0,stop,1,1.41,0.3,0.92,True,-0.234461083865833,0.01590609435400247,0.06553891613416699
30618_6cb3280a,289.89999985694885,stop,1,2.24,0.4,0.92,True,-0.27246851404496913,0.06199541404279391,0.1275314859550309
30618_6cb3280a,386.7999999523163,stop,2,2.46,-0.14,0.91,True,0.14484629227986842,0.05226398930256087,0.004846292279868408
30618_6cb3280a,515.7000000476837,stop,2,2.33,0.27,0.93,True,-0.39719138629425377,-0.1587759106481767,-0.12719138629425375
30618_6cb3280a,611.2000000476837,stop,1,2.0,0.28,0.92,True,-0.03497039442534041,0.1483991328696124,0.2450296055746596
30618_6cb3280a,650.0,stop,1,0.52,-0.22,0.77,True,0.10018309820267902,0.004158784292680392,-0.11981690179732098
30618_6cb3280a,774.0,stop,0,2.42,0.0,0.0,False,0.19930614932950216,0.20008857903037575,
30618_6cb3280a,931.2000000476836,stop,1,4.27,0.11,0.86,True,-0.41754917767952526,-0.34805092641075963,-0.3075491776795253
30618_6cb3280a,960.0,stop,1,1.11,0.01,0.93,True,-0.3749582156625165,-0.3581384705631847,-0.3649582156625165
30618_6cb3280a,1027.2999999523165,stop,1,1.6,-0.17,0.89,True,-0.4373696115517933,-0.5259537747337688,-0.6073696115517934
30618_6cb3280a,1067.0,stop,0,1.6,0.0,0.0,False,-0.44833768598613827,-0.44775204138331687,
30618_6cb3280a,1099.3999998569489,stop,1,1.81,-0.78,0.86,True,-0.2993606949775552,-0.6176617995790123,-1.0793606949775552
30618_6cb3280a,1223.2000000476835,stop,1,0.94,0.53,0.39,False,-0.007371000430482711,-0.0037551610043062766,0.5226289995695174
30618_2366c74a,1.6500000953674316,stop,1,1.02,0.28,0.92,True,-0.002578355440356223,0.007962498871738197,0.2774216445596438
30618_2366c74a,562.0499999523163,stop,0,2.44,0.0,0.0,False,0.4291745808101649,0.4187539294970146,
30618_2366c74a,725.3500001430511,stop,1,4.43,-0.24,0.92,True,0.29081640610746823,0.08324037645003907,0.05081640610746824
30618_2366c74a,747.5499999523163,stop,0,0.65,0.0,0.0,False,0.05581624312902834,0.05880680974230035,
30618_2366c74a,828.1500000953674,stop,0,0.76,0.0,0.0,False,0.1138105502849993,0.11417142593962483,
30618_2366c74a,889.6500000953674,stop,1,1.68,-0.28,0.88,True,0.20306486698328327,0.011652426989178217,-0.07693513301671676
30618_2366c74a,1013.75,stop,1,0.51,-1.4,0.72,True,1.8000873425441404,1.331538417112339,0.40008734254414047
30618_2366c74a,1067.3500001430511,stop,0,0.9,0.0,0.0,False,2.504391473263477,2.1516171201351666,
30618_2366c74a,1082.1500000953674,stop,1,1.02,-1.34,0.25,False,1.3708958056916023,1.3727948996720492,0.03089580569160222
30639_d927f360,1.6499996185302734,stop,1,1.01,-2.56,0.17,False,-0.0046739305798587,-0.004091288941283749,-2.564673930579859
30639_d927f360,2.149999618530273,stop,1,1.06,-2.56,0.19,False,-0.004712421173129058,-0.00459078445534511,-2.564712421173129
30639_d927f360,2.149999618530273,stop,1,1.01,-2.56,0.17,False,-0.004712421173129058,-0.00459078445534511,-2.564712421173129
30639_d927f360,25.049999713897705,stop,1,1.31,0.46,0.79,True,-0.17085959529417347,0.16450131501356083,0.2891404047058266
30639_d927f360,95.14999961853027,stop,1,2.98,0.28,0.92,True,-0.07525226481286167,0.17210003088181863,0.20474773518713835
30639_d927f360,102.44999957084656,stop,1,0.88,-2.76,0.16,False,0.16741584107718063,0.13911217252632252,-2.5925841589228193
30639_d927f360,105.94999957084656,stop,0,0.89,0.0,0.0,False,0.14066922303793175,0.12851153165961007,
30639_d927f360,144.64999961853027,stop,1,2.28,-0.39,0.92,True,0.5687421601443639,0.22819789044467828,0.17874216014436384
30639_d927f360,203.849999666214,stop,1,2.35,-0.56,0.91,True,0.5081137667411192,0.04583286225943547,-0.051886233258880865
30639_d927f360,245.74999976158145,stop,1,1.68,0.01,0.81,True,0.03837250658266681,0.04366614914907412,0.04837250658266681
30639_d927f360,326.5499997138977,stop,1,1.78,1.84,0.86,True,-1.5592339576650562,-0.3349278682273503,0.28076604233494384
30639_d927f360,347.6499996185303,stop,1,0.98,0.4,0.63,True,-0.3358786068787952,-0.18608380123012608,0.0641213931212048
30639_d927f360,458.44999957084656,stop,0,1.92,0.0,0.0,False,0.09665925670386799,0.09768569163863175,
30639_d927f360,511.849999666214,stop,1,2.18,0.3,0.92,True,0.18858791427194263,0.41442287011384493,0.4885879142719426
30639_d927f360,550.349999666214,stop,1,1.26,-0.33,0.85,True,0.6664501229493642,0.49151158225390135,0.3364501229493642
30639_d927f360,592.1499996185303,stop,1,1.52,-0.85,0.91,True,0.8860955074473585,0.5063315891995431,0.036095507447358566
30639_d927f360,830.4499995708466,stop,1,4.41,-2.22,0.91,True,2.4370075583836734,0.5150431613157619,0.21700755838367325
30639_d927f360,928.6499996185304,stop,0,2.43,0.0,0.0,False,0.7019296490249306,0.7042415558352758,
30639_d927f360,973.6499996185304,stop,1,2.58,-0.59,0.86,True,0.6792717029313048,0.2352904664336791,0.08927170293130482
30639_d927f360,1011.849999666214,stop,1,1.01,-0.03,0.93,True,0.01625975251481054,0.0034330058116707625,-0.013740247485189459
30639_d927f360,1093.849999666214,stop,1,0.98,2.11,0.09,False,-0.3725801548555679,-0.371004566821343,1.737419845144432
30639_2b4a6347,478.9500000476837,stop,2,2.26,0.24,0.93,True,-0.16685642572422635,0.02872185312993048,0.07314357427577364
30639_2b4a6347,533.1500000953674,stop,1,1.29,0.06,0.86,True,-0.08002117217201672,-0.05140652344768433,-0.020021172172016724
30618_01f73500,2.3999998569488525,stop,0,1.01,0.0,0.0,False,0.04759012231885466,-0.002537190991843072,
30618_01f73500,2.3999998569488525,stop,0,1.1,0.0,0.0,False,0.04759012231885466,-0.002537190991843072,
30618_01f73500,2.3999998569488525,stop,0,1.08,0.0,0.0,False,0.04759012231885466,-0.002537190991843072,
30618_01f73500,65.69999980926514,stop,1,2.7,0.54,0.91,True,-0.6594264806945757,-0.16664312485556215,-0.11942648069457562
30618_01f73500,131.99999976158142,cutoff,1,2.55,-3.33,0.96,True,0.1880560440440667,-1.3188863229948962,-3.1419439559559335
30618_01f73500,159.19999980926514,stop,1,3.11,0.92,0.9,True,-1.1330200629346738,-0.32184153518954095,-0.2130200629346738
30618_01f73500,228.09999990463257,stop,2,2.41,0.19,0.92,True,-0.13334609049894575,0.05608833047234524,0.056653909501054256
30618_01f73500,255.29999995231628,stop,1,0.75,-0.08,0.67,True,0.016985364426204217,-0.017849566583836185,-0.06301463557379579
30618_01f73500,585.0999999046326,stop,1,5.06,-1.26,0.92,True,1.1452140015828411,0.016540853740361603,-0.11478599841715886
30618_01f73500,616.0999999046326,stop,0,1.02,0.0,0.0,False,-0.026123434702378275,-0.022419128527464912,
30618_01f73500,709.7999999523163,stop,2,2.22,-0.52,0.93,True,0.23075347964267748,-0.09218855140147558,-0.28924652035732257
30618_01f73500,807.6999998092651,cutoff,1,1.75,0.42,0.98,True,-0.2539055685962749,0.032440946009837185,0.1660944314037251
30618_01f73500,861.8999998569489,stop,1,1.89,-0.95,0.91,True,0.5770573081707633,0.13976786552499876,-0.37294269182923667
30618_01f73500,1045.7999999523165,stop,1,1.91,0.15,0.92,True,-0.22169620563740622,-0.1334147576583519,-0.07169620563740622
30618_01f73500,1098.1999998092651,stop,1,1.39,-0.02,0.92,True,-0.08704323784039132,-0.09828911508831666,-0.10704323784039133
30618_01f73500,1137.1999998092651,stop,0,0.34,0.0,0.0,False,-0.13270484662888501,-0.16081070829452018,
30618_01f73500,1182.3999998569489,stop,0,1.15,0.0,0.0,False,-0.5610480234646729,-0.5764963734019523,
30618_dd8d0741,1.549999713897705,stop,1,1.01,1.1,0.3,False,0.015381645009039034,0.014287204770142389,1.115381645009039
30618_dd8d0741,2.3499996662139893,stop,1,1.01,1.1,0.3,False,0.046272335070076026,-0.0032579207773855774,1.146272335070076
30618_dd8d0741,2.3499996662139893,stop,1,1.09,1.02,0.33,False,0.046272335070076026,-0.0032579207773855774,1.066272335070076
30618_dd8d0741,112.44999957084656,stop,1,1.25,-0.82,0.86,True,1.1010460076068953,0.580611214807446,0.28104600760689535
30618_dd8d0741,157.24999976158142,cutoff,1,1.89,-1.6,0.96,True,0.7374181354753014,0.2758495675032167,-0.8625818645246986
30618_dd8d0741,210.94999957084656,stop,1,0.95,-0.21,0.87,True,-0.33002269288364905,-0.47437792660572004,-0.540022692883649
30618_dd8d0741,267.849999666214,stop,1,1.81,1.07,0.91,True,-1.1991116587252826,-0.3659245239208627,-0.12911165872528252
30618_dd8d0741,428.1499996185303,stop,0,2.51,0.0,0.0,False,-1.4612460127492286,-1.4704682624474064,
30618_dd8d0741,731.849999666214,stop,1,0.83,-0.55,0.78,True,0.343943797817442,0.005006652683812055,-0.20605620218255805
30618_dd8d0741,961.7499997615814,stop,1,1.43,-0.2,0.87,True,-0.017550964936063822,-0.1335203832395487,-0.21755096493606382
30618_dd8d0741,1037.7499997615814,stop,1,1.5,0.21,0.92,True,-0.197094289582239,-0.06928111385218937,0.01290571041776098
30618_dd8d0741,1064.349999666214,stop,1,0.3,-0.26,0.93,True,-0.09228647870121749,-0.19260639210151168,-0.3522864787012175
30618_dd8d0741,1127.1499996185305,stop,1,1.88,0.25,0.92,True,-0.3224266038146228,-0.1899037882499136,-0.07242660381462279
30618_dd8d0741,1179.9499995708466,stop,1,1.38,0.07,0.92,True,-0.19717717008486382,-0.16189479922778374,-0.12717717008486382
30618_a53d5f6f,156.64999985694885,stop,1,1.35,-0.64,0.82,True,0.6698757053573671,0.23038403091211246,0.029875705357367055
30618_a53d5f6f,176.44999980926514,cutoff,1,1.16,-2.22,0.94,True,0.29229071159785897,0.048407301598623664,-1.9277092884021412
30618_a53d5f6f,208.54999995231628,stop,1,2.05,0.27,0.9,True,0.10512002317142817,0.3343923038962812,0.3751200231714282
30618_a53d5f6f,235.54999995231628,stop,1,0.77,-0.4,0.87,True,0.253290650354364,0.01632826951617913,-0.14670934964563603
30618_a53d5f6f,299.44999980926514,stop,1,1.78,0.44,0.92,True,-0.031084393905181498,0.3091271721134705,0.40891560609481853
30618_a53d5f6f,420.64999985694885,stop,0,2.44,0.0,0.0,False,0.07156183206560986,0.05493784221981437,
30618_a53d5f6f,585.5499999523163,stop,1,4.8,-0.93,0.93,True,0.7851056685293738,-0.04440333520093742,-0.14489433147062625
30618_a53d5f6f,639.5499999523163,stop,1,1.63,-0.02,0.84,True,0.014108798390389816,0.004126433901378297,-0.005891201609610184
30618_a53d5f6f,685.0499999523163,stop,1,1.45,-0.6,0.92,True,0.0855005584411972,-0.23118410593203645,-0.5144994415588028
30618_a53d5f6f,787.2499997615814,cutoff,1,1.58,0.19,0.98,True,-0.6531586396146485,-0.5821589445644659,-0.4631586396146485
30618_a53d5f6f,961.2499997615814,stop,1,2.03,4.76,0.45,False,-0.5911830035943136,-0.6165798008423288,4.1688169964056865
30618_a53d5f6f,969.1499998569489,stop,1,2.04,0.67,0.92,True,-0.6367262936106827,-0.1908452234606673,0.03327370638931737
30618_a53d5f6f,1056.7499997615814,stop,1,1.91,0.15,0.92,True,-0.2375064321616542,-0.14230976314138236,-0.08750643216165421
30618_a53d5f6f,1083.0499999523165,stop,1,0.35,-1.14,0.52,False,-0.17318323769563473,-0.18749848539333436,-1.3131832376956347
30618_a53d5f6f,1091.1499998569489,stop,0,0.42,0.0,0.0,False,-0.2157272020955728,-0.24705681255580167,
30618_a53d5f6f,1095.1499998569489,stop,0,0.42,0.0,0.0,False,-0.2576180107464564,-0.27362236044665333,
30618_a53d5f6f,1134.7499997615814,stop,1,1.39,0.23,0.92,True,-0.19826247194842075,-0.061309706814251824,0.031737528051579256
