bag,vehicle,A_speed_rms_shift_10ms,A_pos_rms_shift_10ms,A_speed_rms_shift_25ms,A_pos_rms_shift_25ms,A_speed_rms_shift_47ms,A_pos_rms_shift_47ms,A_speed_rms_shift_80ms,A_pos_rms_shift_80ms,A_speed_rms_shift_127ms,A_pos_rms_shift_127ms,A_acc_rms_moving,A_speed_rms_moving,B_wheel_match_frac,B_wheel_dt_rms_ms,B_wheel_dt_max_ms,B_wheel_speed_err_rms,B_wheel_pos_err_rms,B_wheel_outside_dt_rms_ms,B_cmd_match_frac,B_cmd_dt_rms_ms,B_cmd_dt_max_ms,B_cmd_speed_err_rms,B_cmd_pos_err_rms,B_cmd_outside_dt_rms_ms,B_union_match_frac,B_union_dt_rms_ms,B_union_dt_max_ms,B_union_speed_err_rms,B_union_pos_err_rms,B_union_outside_dt_rms_ms,k,C_Jhdr_speed_rmse_d-200,C_Jhdr_speed_rmse_d-190,C_Jhdr_speed_rmse_d-180,C_Jhdr_speed_rmse_d-170,C_Jhdr_speed_rmse_d-160,C_Jhdr_speed_rmse_d-150,C_Jhdr_speed_rmse_d-140,C_Jhdr_speed_rmse_d-130,C_Jhdr_speed_rmse_d-120,C_Jhdr_speed_rmse_d-110,C_Jhdr_speed_rmse_d-100,C_Jhdr_speed_rmse_d-90,C_Jhdr_speed_rmse_d-80,C_Jhdr_bias_acc_d-80,C_Jhdr_bias_brk_d-80,C_Jhdr_speed_rmse_d-70,C_Jhdr_speed_rmse_d-60,C_Jhdr_speed_rmse_d-50,C_Jhdr_speed_rmse_d-40,C_Jhdr_speed_rmse_d-30,C_Jhdr_speed_rmse_d-20,C_Jhdr_speed_rmse_d-10,C_Jhdr_speed_rmse_d0,C_Jhdr_bias_acc_d0,C_Jhdr_bias_brk_d0,C_Jhdr_speed_rmse_d10,C_Jhdr_speed_rmse_d20,C_Jhdr_speed_rmse_d30,C_Jhdr_speed_rmse_d40,C_Jhdr_speed_rmse_d50,C_Jhdr_speed_rmse_d60,C_Jhdr_speed_rmse_d70,C_Jhdr_speed_rmse_d80,C_Jhdr_speed_rmse_d90,C_Jhdr_speed_rmse_d100,C_Jhdr_speed_rmse_d110,C_Jhdr_speed_rmse_d120,C_Jhdr_speed_rmse_d130,C_Jhdr_speed_rmse_d140,C_Jhdr_speed_rmse_d150,C_Jhdr_speed_rmse_d160,C_Jhdr_speed_rmse_d170,C_Jhdr_speed_rmse_d180,C_Jhdr_speed_rmse_d190,C_Jhdr_speed_rmse_d200,C_Jhdr_speed_best_d,C_Jhdr_speed_best_rmse,C_Jbag_speed_rmse_d-200,C_Jbag_speed_rmse_d-190,C_Jbag_speed_rmse_d-180,C_Jbag_speed_rmse_d-170,C_Jbag_speed_rmse_d-160,C_Jbag_speed_rmse_d-150,C_Jbag_speed_rmse_d-140,C_Jbag_speed_rmse_d-130,C_Jbag_speed_rmse_d-120,C_Jbag_speed_rmse_d-110,C_Jbag_speed_rmse_d-100,C_Jbag_speed_rmse_d-90,C_Jbag_speed_rmse_d-80,C_Jbag_bias_acc_d-80,C_Jbag_bias_brk_d-80,C_Jbag_speed_rmse_d-70,C_Jbag_speed_rmse_d-60,C_Jbag_speed_rmse_d-50,C_Jbag_speed_rmse_d-40,C_Jbag_speed_rmse_d-30,C_Jbag_speed_rmse_d-20,C_Jbag_speed_rmse_d-10,C_Jbag_speed_rmse_d0,C_Jbag_bias_acc_d0,C_Jbag_bias_brk_d0,C_Jbag_speed_rmse_d10,C_Jbag_speed_rmse_d20,C_Jbag_speed_rmse_d30,C_Jbag_speed_rmse_d40,C_Jbag_speed_rmse_d50,C_Jbag_speed_rmse_d60,C_Jbag_speed_rmse_d70,C_Jbag_speed_rmse_d80,C_Jbag_speed_rmse_d90,C_Jbag_speed_rmse_d100,C_Jbag_speed_rmse_d110,C_Jbag_speed_rmse_d120,C_Jbag_speed_rmse_d130,C_Jbag_speed_rmse_d140,C_Jbag_speed_rmse_d150,C_Jbag_speed_rmse_d160,C_Jbag_speed_rmse_d170,C_Jbag_speed_rmse_d180,C_Jbag_speed_rmse_d190,C_Jbag_speed_rmse_d200,C_Jbag_speed_best_d,C_Jbag_speed_best_rmse,C_pos_status2_used,C_Jhdr_pos_n,C_Jhdr_pos_rmse_d-200,C_Jhdr_pos_rmse_d-190,C_Jhdr_pos_rmse_d-180,C_Jhdr_pos_rmse_d-170,C_Jhdr_pos_rmse_d-160,C_Jhdr_pos_rmse_d-150,C_Jhdr_pos_rmse_d-140,C_Jhdr_pos_rmse_d-130,C_Jhdr_pos_rmse_d-120,C_Jhdr_pos_rmse_d-110,C_Jhdr_pos_rmse_d-100,C_Jhdr_pos_rmse_d-90,C_Jhdr_pos_rmse_d-80,C_Jhdr_pos_rmse_d-70,C_Jhdr_pos_rmse_d-60,C_Jhdr_pos_rmse_d-50,C_Jhdr_pos_rmse_d-40,C_Jhdr_pos_rmse_d-30,C_Jhdr_pos_rmse_d-20,C_Jhdr_pos_rmse_d-10,C_Jhdr_pos_rmse_d0,C_Jhdr_pos_rmse_d10,C_Jhdr_pos_rmse_d20,C_Jhdr_pos_rmse_d30,C_Jhdr_pos_rmse_d40,C_Jhdr_pos_rmse_d50,C_Jhdr_pos_rmse_d60,C_Jhdr_pos_rmse_d70,C_Jhdr_pos_rmse_d80,C_Jhdr_pos_rmse_d90,C_Jhdr_pos_rmse_d100,C_Jhdr_pos_rmse_d110,C_Jhdr_pos_rmse_d120,C_Jhdr_pos_rmse_d130,C_Jhdr_pos_rmse_d140,C_Jhdr_pos_rmse_d150,C_Jhdr_pos_rmse_d160,C_Jhdr_pos_rmse_d170,C_Jhdr_pos_rmse_d180,C_Jhdr_pos_rmse_d190,C_Jhdr_pos_rmse_d200,C_Jhdr_pos_best_d,C_Jhdr_pos_best_rmse,C_Jbag_pos_n,C_Jbag_pos_rmse_d-200,C_Jbag_pos_rmse_d-190,C_Jbag_pos_rmse_d-180,C_Jbag_pos_rmse_d-170,C_Jbag_pos_rmse_d-160,C_Jbag_pos_rmse_d-150,C_Jbag_pos_rmse_d-140,C_Jbag_pos_rmse_d-130,C_Jbag_pos_rmse_d-120,C_Jbag_pos_rmse_d-110,C_Jbag_pos_rmse_d-100,C_Jbag_pos_rmse_d-90,C_Jbag_pos_rmse_d-80,C_Jbag_pos_rmse_d-70,C_Jbag_pos_rmse_d-60,C_Jbag_pos_rmse_d-50,C_Jbag_pos_rmse_d-40,C_Jbag_pos_rmse_d-30,C_Jbag_pos_rmse_d-20,C_Jbag_pos_rmse_d-10,C_Jbag_pos_rmse_d0,C_Jbag_pos_rmse_d10,C_Jbag_pos_rmse_d20,C_Jbag_pos_rmse_d30,C_Jbag_pos_rmse_d40,C_Jbag_pos_rmse_d50,C_Jbag_pos_rmse_d60,C_Jbag_pos_rmse_d70,C_Jbag_pos_rmse_d80,C_Jbag_pos_rmse_d90,C_Jbag_pos_rmse_d100,C_Jbag_pos_rmse_d110,C_Jbag_pos_rmse_d120,C_Jbag_pos_rmse_d130,C_Jbag_pos_rmse_d140,C_Jbag_pos_rmse_d150,C_Jbag_pos_rmse_d160,C_Jbag_pos_rmse_d170,C_Jbag_pos_rmse_d180,C_Jbag_pos_rmse_d190,C_Jbag_pos_rmse_d200,C_Jbag_pos_best_d,C_Jbag_pos_best_rmse,C_Dhdr_pos_n,C_Dhdr_pos_rmse_d-200,C_Dhdr_pos_rmse_d-190,C_Dhdr_pos_rmse_d-180,C_Dhdr_pos_rmse_d-170,C_Dhdr_pos_rmse_d-160,C_Dhdr_pos_rmse_d-150,C_Dhdr_pos_rmse_d-140,C_Dhdr_pos_rmse_d-130,C_Dhdr_pos_rmse_d-120,C_Dhdr_pos_rmse_d-110,C_Dhdr_pos_rmse_d-100,C_Dhdr_pos_rmse_d-90,C_Dhdr_pos_rmse_d-80,C_Dhdr_pos_rmse_d-70,C_Dhdr_pos_rmse_d-60,C_Dhdr_pos_rmse_d-50,C_Dhdr_pos_rmse_d-40,C_Dhdr_pos_rmse_d-30,C_Dhdr_pos_rmse_d-20,C_Dhdr_pos_rmse_d-10,C_Dhdr_pos_rmse_d0,C_Dhdr_pos_rmse_d10,C_Dhdr_pos_rmse_d20,C_Dhdr_pos_rmse_d30,C_Dhdr_pos_rmse_d40,C_Dhdr_pos_rmse_d50,C_Dhdr_pos_rmse_d60,C_Dhdr_pos_rmse_d70,C_Dhdr_pos_rmse_d80,C_Dhdr_pos_rmse_d90,C_Dhdr_pos_rmse_d100,C_Dhdr_pos_rmse_d110,C_Dhdr_pos_rmse_d120,C_Dhdr_pos_rmse_d130,C_Dhdr_pos_rmse_d140,C_Dhdr_pos_rmse_d150,C_Dhdr_pos_rmse_d160,C_Dhdr_pos_rmse_d170,C_Dhdr_pos_rmse_d180,C_Dhdr_pos_rmse_d190,C_Dhdr_pos_rmse_d200,C_Dhdr_pos_best_d,C_Dhdr_pos_best_rmse,C_Dbag_pos_n,C_Dbag_pos_rmse_d-200,C_Dbag_pos_rmse_d-190,C_Dbag_pos_rmse_d-180,C_Dbag_pos_rmse_d-170,C_Dbag_pos_rmse_d-160,C_Dbag_pos_rmse_d-150,C_Dbag_pos_rmse_d-140,C_Dbag_pos_rmse_d-130,C_Dbag_pos_rmse_d-120,C_Dbag_pos_rmse_d-110,C_Dbag_pos_rmse_d-100,C_Dbag_pos_rmse_d-90,C_Dbag_pos_rmse_d-80,C_Dbag_pos_rmse_d-70,C_Dbag_pos_rmse_d-60,C_Dbag_pos_rmse_d-50,C_Dbag_pos_rmse_d-40,C_Dbag_pos_rmse_d-30,C_Dbag_pos_rmse_d-20,C_Dbag_pos_rmse_d-10,C_Dbag_pos_rmse_d0,C_Dbag_pos_rmse_d10,C_Dbag_pos_rmse_d20,C_Dbag_pos_rmse_d30,C_Dbag_pos_rmse_d40,C_Dbag_pos_rmse_d50,C_Dbag_pos_rmse_d60,C_Dbag_pos_rmse_d70,C_Dbag_pos_rmse_d80,C_Dbag_pos_rmse_d90,C_Dbag_pos_rmse_d100,C_Dbag_pos_rmse_d110,C_Dbag_pos_rmse_d120,C_Dbag_pos_rmse_d130,C_Dbag_pos_rmse_d140,C_Dbag_pos_rmse_d150,C_Dbag_pos_rmse_d160,C_Dbag_pos_rmse_d170,C_Dbag_pos_rmse_d180,C_Dbag_pos_rmse_d190,C_Dbag_pos_rmse_d200,C_Dbag_pos_best_d,C_Dbag_pos_best_rmse,B2_hdrOpt_stamp_Jhdr_speed_rms,B2_hdrOpt_stamp_Jhdr_pos_rms,B2_hdrOpt_stamp_Jbag_speed_rms,B2_hdrOpt_stamp_Jbag_pos_rms,B2_hdrOpt_snap_Jhdr_speed_rms,B2_hdrOpt_snap_Jhdr_pos_rms,B2_hdrOpt_snap_Jbag_speed_rms,B2_hdrOpt_snap_Jbag_pos_rms,B2_bagOpt_stamp_Jhdr_speed_rms,B2_bagOpt_stamp_Jhdr_pos_rms,B2_bagOpt_stamp_Jbag_speed_rms,B2_bagOpt_stamp_Jbag_pos_rms,B2_bagOpt_snap_Jhdr_speed_rms,B2_bagOpt_snap_Jhdr_pos_rms,B2_bagOpt_snap_Jbag_speed_rms,B2_bagOpt_snap_Jbag_pos_rms,good_pos
30618_01f73500,30618,0.005039,0.10367,0.012597,0.25918,0.023683,0.48725,0.040312,0.82936,0.061312,1.1947,0.55741,7.3242,0.89164,32.762,49.996,0.016567,0.32657,33.824,0.99992,21.043,29.065,0.010603,0.20176,25.336,1,19.923,21.108,0.010083,0.19687,28.373,1.001,0.098754,0.093631,0.088576,0.083577,0.078609,0.073672,0.068763,0.063854,0.059006,0.054299,0.049796,0.045567,0.041637,0.037046,-0.03697,0.038052,0.034893,0.032259,0.030274,0.029075,0.028867,0.029736,0.031618,-0.01539,0.016357,0.034312,0.037543,0.041185,0.045148,0.049343,0.053723,0.058266,0.062979,0.067837,0.072816,0.077855,0.082886,0.087916,0.092971,0.098038,0.10312,0.10824,0.11342,0.11866,0.12393,-0.02,0.028867,0.15198,0.14671,0.14149,0.13629,0.13109,0.12589,0.12068,0.11543,0.11018,0.10494,0.099757,0.094638,0.089582,0.10347,-0.10489,0.084581,0.079611,0.074674,0.069769,0.064871,0.060035,0.055339,0.050842,0.05132,-0.051604,0.046603,0.042646,0.03902,0.035803,0.033096,0.031024,0.029716,0.029373,0.030091,0.03181,0.034346,0.037432,0.04095,0.044812,0.048934,0.053263,0.057769,0.062453,0.067284,0.072233,0.08,0.029373,True,10498,0.56748,0.547,0.52653,0.50608,0.48564,0.46526,0.44489,0.42455,0.40423,0.38396,0.36375,0.34358,0.32346,0.30339,0.28341,0.26352,0.24376,0.22418,0.20481,0.1857,0.16694,0.14865,0.13101,0.11435,0.099133,0.086151,0.076554,0.071685,0.072454,0.078716,0.089328,0.10295,0.11855,0.13544,0.1532,0.17154,0.19031,0.20937,0.22864,0.24808,0.26763,0.073668,0.071685,10497,0.47561,0.45582,0.43613,0.41656,0.39708,0.37772,0.35849,0.33942,0.32052,0.30183,0.2834,0.26531,0.2476,0.23037,0.21373,0.19779,0.18275,0.16885,0.15638,0.14573,0.13731,0.13155,0.12882,0.1293,0.13292,0.13946,0.14852,0.15968,0.17252,0.18672,0.20198,0.21809,0.23487,0.25218,0.2699,0.28792,0.30621,0.32474,0.34348,0.36239,0.38144,0.023537,0.12882,10403,0.52256,0.50218,0.48185,0.46155,0.4413,0.42108,0.40087,0.38071,0.36059,0.34051,0.32049,0.30054,0.28067,0.2609,0.24126,0.22177,0.20252,0.18353,0.16489,0.14673,0.12924,0.11274,0.097732,0.085034,0.07576,0.071265,0.072449,0.079045,0.089878,0.10362,0.11927,0.13617,0.15391,0.17223,0.19095,0.20994,0.22914,0.2485,0.268,0.28761,0.3073,0.052952,0.071265,10497,0.43619,0.41602,0.39589,0.37581,0.3558,0.33584,0.31596,0.29616,0.27646,0.2569,0.23753,0.21838,0.19953,0.18101,0.16294,0.1455,0.12893,0.11363,0.10019,0.089417,0.082412,0.08015,0.082977,0.090422,0.10146,0.11507,0.13045,0.14705,0.16451,0.18259,0.2011,0.21997,0.23909,0.25832,0.27769,0.29718,0.31677,0.33645,0.3562,0.37602,0.39589,0.0094365,0.08015,0.010603,0.18267,0.04076,0.27762,0,0,0.050502,0.20992,0.050789,0.56442,0.0048315,0.14614,0.040313,0.38175,0.010397,0.3877,False
30618_0652866c,30618,0.0050938,0.07276,0.012735,0.1819,0.023941,0.34197,0.040751,0.58208,0.061257,0.86377,0.57311,6.8609,0.91186,29.124,49.999,0.014714,0.1938,30.295,0.99993,16.188,18.327,0.0082471,0.11838,26.51,1,14.304,18.327,0.0072806,0.10334,27.795,1.0008,0.12148,0.11628,0.11109,0.10587,0.10064,0.095438,0.090269,0.085185,0.080184,0.075294,0.070491,0.06576,0.061118,0.063299,-0.065105,0.056572,0.052177,0.048037,0.044233,0.040869,0.038,0.035757,0.034231,0.010883,-0.0083506,0.033495,0.033613,0.034582,0.036379,0.038954,0.042148,0.045766,0.049658,0.053772,0.058082,0.06255,0.067173,0.07194,0.076839,0.081871,0.087002,0.092151,0.097265,0.10236,0.10746,0.01,0.033495,0.15038,0.14502,0.1397,0.13443,0.12921,0.124,0.1188,0.11359,0.10837,0.10315,0.097955,0.092795,0.087712,0.099076,-0.10218,0.082707,0.077803,0.072978,0.06822,0.063554,0.058989,0.054577,0.050411,0.047106,-0.0458,0.046554,0.043094,0.040079,0.037627,0.035831,0.034768,0.03452,0.035115,0.036553,0.038794,0.041694,0.045063,0.048751,0.052697,0.056877,0.061235,0.06576,0.070443,0.075268,0.080228,0.07,0.03452,True,11668,0.50151,0.48086,0.46022,0.4396,0.419,0.39847,0.37798,0.35754,0.33718,0.31689,0.29667,0.27655,0.25656,0.23675,0.21714,0.19778,0.17877,0.16025,0.14239,0.12547,0.10992,0.096428,0.085967,0.079729,0.078705,0.083111,0.092163,0.10466,0.11953,0.136,0.15356,0.17186,0.19069,0.20993,0.22945,0.2492,0.26912,0.28918,0.30936,0.32964,0.34999,0.036854,0.078705,11769,0.49112,0.47184,0.45272,0.43377,0.415,0.39644,0.37813,0.36012,0.34247,0.32522,0.30842,0.29217,0.27655,0.26168,0.24768,0.23473,0.223,0.21271,0.20407,0.19728,0.19257,0.19007,0.18987,0.19198,0.19633,0.20277,0.21111,0.22113,0.23262,0.24537,0.25922,0.27397,0.2895,0.30568,0.32242,0.33964,0.35726,0.3752,0.39344,0.41193,0.43066,0.015866,0.18987,11674,0.53443,0.51375,0.49308,0.47244,0.45183,0.43123,0.41066,0.39014,0.36967,0.34927,0.32894,0.30868,0.2885,0.26842,0.24847,0.2287,0.20918,0.18995,0.17113,0.15284,0.13531,0.1189,0.10411,0.091738,0.082866,0.078701,0.079982,0.086464,0.097099,0.1107,0.12629,0.14326,0.16116,0.1797,0.19872,0.21806,0.23768,0.2575,0.27748,0.29759,0.31779,0.05268,0.078701,11666,0.45352,0.43326,0.41306,0.39291,0.37283,0.35284,0.33297,0.31321,0.2936,0.27417,0.25498,0.23606,0.21749,0.19937,0.18181,0.16502,0.14924,0.13484,0.1223,0.11227,0.10544,0.10246,0.10369,0.10898,0.11775,0.12933,0.14302,0.15829,0.17474,0.19205,0.21001,0.22848,0.24734,0.26648,0.28585,0.3054,0.32511,0.34495,0.36492,0.38499,0.40514,0.012091,0.10246,0.0082471,0.10906,0.036511,0.36056,0,0,0.051383,0.53181,0.032507,0.18814,0.0093757,0.17086,0.040752,0.29759,0.011302,0.35198,False
30618_0686195f,30618,0.0051131,0.44417,0.012783,1.1104,0.024031,2.0876,0.040905,3.5534,0.06193,4.8186,0.58153,7.6322,0.82981,34.422,49.996,0.017186,1.1821,35.479,0.99991,9.7574,9.8383,0.0049888,0.43307,29.293,1,9.5737,38.76,0.0048894,0.42646,31.338,1.0144,0.12266,0.1175,0.1124,0.10731,0.1022,0.097062,0.091956,0.086944,0.082037,0.077249,0.072607,0.068157,0.063883,0.063761,-0.058431,0.059767,0.055815,0.052036,0.048596,0.045647,0.043292,0.041622,0.040724,0.010497,-0.0028078,0.040606,0.041214,0.042443,0.044249,0.046549,0.049386,0.052711,0.056453,0.060535,0.06488,0.069377,0.073986,0.07866,0.083414,0.088223,0.093125,0.098123,0.10321,0.10838,0.11362,0.01,0.040606,0.16142,0.15607,0.15075,0.14542,0.14005,0.13464,0.12923,0.12386,0.11852,0.11322,0.10796,0.10279,0.097674,0.11151,-0.11223,0.092575,0.087467,0.082334,0.077247,0.072277,0.067442,0.062766,0.058291,0.058378,-0.056675,0.05407,0.050104,0.04639,0.042977,0.039929,0.037467,0.035792,0.035022,0.035204,0.036327,0.038242,0.040779,0.043778,0.047172,0.050869,0.054893,0.059211,0.063776,0.06854,0.073452,0.08,0.035022,False,9563,0.53278,0.51233,0.49193,0.47159,0.45132,0.43114,0.41105,0.3911,0.37131,0.35166,0.33218,0.3129,0.29389,0.27519,0.25687,0.23903,0.22178,0.20528,0.18973,0.17534,0.16245,0.15146,0.1428,0.13692,0.1342,0.13481,0.13873,0.14569,0.15529,0.16708,0.18063,0.19557,0.21159,0.22847,0.24605,0.26417,0.28275,0.30172,0.32097,0.34047,0.36021,0.043168,0.1342,9564,0.48316,0.46264,0.44223,0.42189,0.40162,0.38143,0.36135,0.34139,0.32157,0.30195,0.28254,0.2634,0.24462,0.22624,0.20839,0.19119,0.17487,0.15968,0.14599,0.13427,0.12508,0.11897,0.11651,0.11789,0.12297,0.13131,0.14234,0.15551,0.17031,0.18637,0.20339,0.22114,0.23948,0.25827,0.27743,0.2969,0.3166,0.33648,0.35652,0.3767,0.397,0.02142,0.11651,9563,0.51192,0.49158,0.47131,0.45112,0.43102,0.41101,0.39114,0.37138,0.35178,0.33233,0.3131,0.29413,0.27547,0.2572,0.2394,0.22218,0.20575,0.19027,0.17595,0.16312,0.15213,0.14344,0.13748,0.13463,0.13508,0.13881,0.14559,0.155,0.16659,0.17997,0.19475,0.21062,0.22738,0.24483,0.26285,0.28133,0.30018,0.31933,0.33876,0.3584,0.37824,0.033643,0.13463,9563,0.47991,0.45955,0.43927,0.41905,0.39891,0.37886,0.35892,0.33913,0.3195,0.30007,0.28088,0.26201,0.24353,0.22552,0.20809,0.1914,0.17565,0.16113,0.14823,0.13739,0.12914,0.12404,0.12244,0.12449,0.13001,0.1386,0.14973,0.16287,0.17757,0.19351,0.21039,0.22802,0.24622,0.26488,0.28392,0.30328,0.32289,0.34268,0.36263,0.38274,0.40297,0.019381,0.12244,0.0049888,0.43659,0.038809,1.8258,0,0,0.042845,0.38227,0.045894,2.4046,0.025644,0.34007,0.040905,1.968,0.024098,2.0039,False
30618_073f08d1,30618,0.0051456,0.060762,0.012864,0.15191,0.024184,0.28558,0.041165,0.4861,0.062565,0.77166,0.58968,7.5468,0.87326,32.75,49.989,0.016886,0.21434,33.796,1,16.185,17.915,0.0083282,0.098719,26.509,1,14.659,17.844,0.0076407,0.092665,29.021,1.0002,0.12439,0.11893,0.11342,0.10792,0.10247,0.097082,0.091756,0.086486,0.08126,0.076081,0.070958,0.065853,0.060769,0.062481,-0.068605,0.055819,0.051083,0.046623,0.04251,0.038771,0.035435,0.032657,0.030656,0.0093652,-0.011269,0.029513,0.029381,0.030409,0.03251,0.035493,0.039135,0.043158,0.04737,0.051785,0.056418,0.061218,0.066175,0.071286,0.076516,0.081842,0.087234,0.092612,0.097915,0.10321,0.10853,0.02,0.029381,0.16096,0.15545,0.14995,0.14447,0.13903,0.1336,0.12816,0.1227,0.11726,0.11185,0.10647,0.10113,0.0958,0.10519,-0.11457,0.090513,0.08529,0.080126,0.075002,0.069921,0.064937,0.060086,0.055423,0.052168,-0.05735,0.050982,0.046775,0.042864,0.039387,0.036478,0.034225,0.032771,0.032255,0.03273,0.034201,0.036516,0.039458,0.042855,0.046659,0.050816,0.055249,0.059901,0.06472,0.069677,0.074768,0.08,0.032255,True,12419,0.50246,0.48145,0.46048,0.43952,0.41861,0.39773,0.37687,0.35603,0.33522,0.31445,0.29372,0.27307,0.25246,0.23194,0.21154,0.19128,0.17122,0.15144,0.13206,0.11328,0.095478,0.079289,0.065934,0.05741,0.055979,0.062102,0.073908,0.089163,0.10639,0.12478,0.14389,0.16347,0.18338,0.2035,0.22381,0.24424,0.26477,0.28537,0.30602,0.32672,0.34744,0.036833,0.055979,12419,0.41582,0.39567,0.37561,0.35567,0.33587,0.31624,0.2968,0.27761,0.25873,0.24024,0.2222,0.20471,0.18794,0.1721,0.15746,0.1444,0.13338,0.12495,0.11966,0.11794,0.11994,0.12547,0.1341,0.14527,0.15845,0.17318,0.18911,0.20596,0.22352,0.24161,0.26011,0.27896,0.29809,0.31744,0.33699,0.35669,0.3765,0.39644,0.41647,0.43658,0.45676,-0.010374,0.11794,12419,0.53826,0.51729,0.49629,0.4753,0.45431,0.43331,0.41238,0.39148,0.3706,0.34974,0.32892,0.30814,0.2874,0.26673,0.24614,0.22567,0.20534,0.18519,0.16526,0.14564,0.12649,0.10805,0.090756,0.075403,0.063399,0.05694,0.057912,0.065984,0.078997,0.09494,0.11258,0.13121,0.15048,0.17017,0.19014,0.21029,0.23059,0.251,0.27151,0.29208,0.31271,0.053744,0.05694,12419,0.44379,0.423,0.40222,0.38148,0.36078,0.34012,0.31951,0.29898,0.27853,0.25818,0.23797,0.21795,0.19813,0.17858,0.1594,0.14072,0.12279,0.10598,0.090937,0.078659,0.070627,0.068359,0.0724,0.081823,0.095028,0.11067,0.12786,0.14604,0.16492,0.18425,0.20392,0.22379,0.24383,0.26402,0.28431,0.3047,0.32515,0.34567,0.3662,0.3868,0.40741,0.0085659,0.068359,0.0083282,0.098412,0.042973,0.38526,0,0,0.05214,0.57831,0.032836,0.16924,0.012541,0.14306,0.041165,0.26765,0.011931,0.33632,True
30618_095a115b,30618,0.0049921,0.0582,0.01248,0.1455,0.023463,0.27354,0.039937,0.4656,0.06013,0.73892,0.55433,7.16,0.92256,26.2,49.973,0.012873,0.14089,27.29,1,23.095,23.858,0.011529,0.13587,25.073,1,17.806,23.858,0.008833,0.10055,25.814,0.99986,0.12187,0.11681,0.11173,0.10661,0.10149,0.096377,0.091306,0.086314,0.081428,0.0766,0.07183,0.067119,0.062444,0.067911,-0.068655,0.05781,0.053275,0.048917,0.044822,0.041094,0.037802,0.034982,0.032747,0.015953,-0.015158,0.031213,0.03045,0.030497,0.031419,0.033238,0.035841,0.03906,0.042663,0.046537,0.050637,0.054935,0.059393,0.063965,0.068635,0.073435,0.078348,0.083324,0.088283,0.093237,0.098203,0.02,0.03045,0.14784,0.14263,0.13746,0.13237,0.12731,0.12226,0.1172,0.11211,0.10699,0.10187,0.09676,0.091688,0.086694,0.10026,-0.102,0.081809,0.076982,0.072214,0.067504,0.062831,0.058201,0.053676,0.04933,0.048687,-0.048846,0.045246,0.041526,0.038238,0.035412,0.033164,0.031606,0.030807,0.030808,0.031675,0.033435,0.035983,0.039151,0.042712,0.046552,0.050622,0.054896,0.059331,0.063884,0.068537,0.073323,0.07,0.030807,True,11932,0.45824,0.4381,0.41797,0.39788,0.37781,0.35776,0.33775,0.31778,0.29785,0.27797,0.25816,0.23842,0.21878,0.1993,0.18,0.16096,0.1423,0.12416,0.10684,0.090771,0.076774,0.066167,0.060774,0.061979,0.069434,0.081424,0.096268,0.11284,0.1305,0.14886,0.16769,0.18685,0.20626,0.22583,0.24553,0.26534,0.28524,0.30521,0.32522,0.34529,0.3654,0.023222,0.060774,11827,0.46429,0.44413,0.42398,0.40386,0.3838,0.36379,0.34383,0.32394,0.30411,0.28435,0.26469,0.24515,0.22578,0.20665,0.18779,0.16929,0.1513,0.13402,0.11778,0.10303,0.090589,0.081466,0.076857,0.077574,0.083481,0.093593,0.10671,0.12186,0.13838,0.15585,0.17398,0.19259,0.21155,0.23079,0.25023,0.26984,0.28957,0.3094,0.32933,0.34933,0.36939,0.023683,0.076857,11933,0.50536,0.48524,0.46511,0.44498,0.42487,0.40481,0.38478,0.36476,0.34478,0.32483,0.30492,0.28505,0.26525,0.24552,0.22587,0.20638,0.18706,0.16798,0.14924,0.13096,0.11338,0.096881,0.082144,0.070253,0.062861,0.06162,0.066869,0.077297,0.091136,0.10707,0.12431,0.14238,0.16101,0.18004,0.19935,0.21885,0.2385,0.25825,0.27809,0.298,0.31795,0.046863,0.06162,11827,0.42608,0.40585,0.38567,0.36553,0.34543,0.32538,0.30538,0.28542,0.26554,0.24573,0.22603,0.2065,0.18717,0.16811,0.14942,0.13125,0.11388,0.097699,0.083464,0.072302,0.065785,0.065321,0.071043,0.081651,0.095524,0.11144,0.12863,0.14668,0.16529,0.18431,0.20362,0.22315,0.24285,0.26268,0.2826,0.30261,0.32268,0.34281,0.36299,0.38321,0.40347,0.0057228,0.065321,0.011529,0.13632,0.036902,0.14942,0,0,0.050245,0.081708,0.028407,0.12344,0.0048092,0.12727,0.039937,0.25985,0.010702,0.26274,True
30618_0e41eac3,30618,0.0050724,0.062782,0.012681,0.15695,0.02384,0.29507,0.040579,0.50225,0.061619,0.78454,0.58208,7.1686,0.88302,29.285,49.996,0.015081,0.18399,30.493,1,23.091,26.08,0.011713,0.14638,25.074,1,18.806,26.08,0.0097641,0.12296,26.919,1.0001,0.12822,0.12281,0.11734,0.11186,0.10636,0.1009,0.095494,0.090166,0.08492,0.079707,0.074558,0.069453,0.064345,0.070971,-0.068905,0.059296,0.054342,0.049585,0.045111,0.041006,0.037336,0.034152,0.031599,0.01626,-0.014477,0.029839,0.028976,0.029134,0.030373,0.032636,0.03575,0.039476,0.043572,0.047929,0.052459,0.057156,0.062009,0.066972,0.072078,0.077297,0.08261,0.087972,0.093314,0.098651,0.10397,0.02,0.028976,0.15758,0.15205,0.14656,0.14111,0.13568,0.13027,0.12487,0.11943,0.11397,0.10851,0.10308,0.097693,0.092363,0.10676,-0.10545,0.087105,0.08187,0.076697,0.07158,0.066476,0.06144,0.05651,0.051774,0.05234,-0.051038,0.047296,0.043147,0.039402,0.036102,0.033386,0.031415,0.030297,0.030145,0.031051,0.03298,0.035779,0.039225,0.0431,0.047279,0.051668,0.056251,0.061006,0.065876,0.070895,0.076033,0.08,0.030145,True,12065,0.49585,0.47389,0.45197,0.43011,0.40828,0.38648,0.36471,0.34297,0.32131,0.29972,0.27822,0.25684,0.23557,0.21446,0.19355,0.17293,0.15271,0.13309,0.11436,0.09706,0.082097,0.070932,0.065532,0.067266,0.07565,0.088822,0.10499,0.12299,0.14212,0.16199,0.18234,0.20302,0.22392,0.24499,0.26621,0.28753,0.30894,0.33042,0.35197,0.37356,0.39516,0.022619,0.065532,12061,0.50147,0.48077,0.46018,0.4397,0.41939,0.39928,0.37941,0.35981,0.34055,0.32164,0.30315,0.28516,0.26777,0.2511,0.23529,0.22056,0.20713,0.19527,0.18525,0.17742,0.17203,0.16935,0.16948,0.17241,0.178,0.18602,0.19617,0.20815,0.22165,0.23641,0.2522,0.26883,0.28616,0.30409,0.3225,0.34131,0.36045,0.37986,0.39947,0.4193,0.43931,0.014536,0.16935,12064,0.54757,0.52546,0.50339,0.48134,0.45929,0.43729,0.41534,0.39341,0.37152,0.34967,0.32785,0.3061,0.28444,0.26288,0.24146,0.22021,0.19916,0.17837,0.15794,0.13805,0.11898,0.10117,0.08544,0.073091,0.066044,0.066,0.072979,0.085279,0.10097,0.11873,0.13775,0.15759,0.17795,0.19867,0.21965,0.2408,0.26209,0.28348,0.30496,0.32651,0.34814,0.04506,0.066,12062,0.44546,0.42369,0.40195,0.38025,0.3586,0.337,0.31547,0.29407,0.27277,0.25161,0.23064,0.20988,0.18944,0.16939,0.1499,0.13121,0.11374,0.098135,0.085409,0.077019,0.074395,0.078096,0.087347,0.10063,0.11658,0.13425,0.15305,0.17258,0.19264,0.21307,0.23372,0.25456,0.27557,0.29671,0.31795,0.33927,0.36064,0.38207,0.40353,0.42503,0.44652,-0.00086851,0.074395,0.011713,0.14141,0.039192,0.28579,0,0,0.051236,0.35043,0.02886,0.1251,0.0077052,0.16013,0.04057,0.26329,0.01156,0.30233,True
30618_0f120b35,30618,0.010125,0.063006,0.025312,0.15752,0.047587,0.29613,0.080999,0.50405,0.099606,0.78851,0.80966,7.5339,0.86542,32.402,49.995,0.019429,0.21414,33.368,1,23.094,26.93,0.023356,0.14566,25.074,1,20.319,26.93,0.013917,0.13151,27.946,0.99979,0.15143,0.14664,0.14185,0.13716,0.13256,0.12805,0.12364,0.11934,0.11517,0.11115,0.10733,0.10369,0.10019,0.067686,-0.070842,0.096928,0.093927,0.091204,0.088785,0.086698,0.084934,0.083519,0.082489,0.013072,-0.015436,0.081852,0.081601,0.081756,0.082329,0.083318,0.084721,0.086507,0.088597,0.090968,0.093596,0.096499,0.099679,0.10309,0.10672,0.11056,0.11461,0.11882,0.12312,0.12749,0.13191,0.02,0.081601,0.18151,0.17636,0.17124,0.16616,0.16116,0.15625,0.1514,0.14657,0.14181,0.13715,0.13256,0.12806,0.12367,0.10686,-0.11174,0.1194,0.11527,0.11132,0.10753,0.1039,0.10045,0.097238,0.094283,0.052663,-0.056538,0.091605,0.089228,0.087169,0.085457,0.084117,0.083165,0.082593,0.0824,0.082606,0.083227,0.084267,0.085702,0.08747,0.089544,0.091896,0.09454,0.097474,0.10064,0.10404,0.10767,0.08,0.0824,True,12533,0.49738,0.47592,0.45447,0.43302,0.41158,0.39015,0.36874,0.34735,0.32597,0.30463,0.28332,0.26208,0.24091,0.21985,0.19885,0.17795,0.15724,0.13679,0.11675,0.097371,0.079154,0.063102,0.051269,0.046959,0.052047,0.064364,0.080669,0.099019,0.11847,0.13855,0.15902,0.17977,0.2007,0.22174,0.24285,0.26405,0.28532,0.30663,0.32799,0.34937,0.3708,0.029566,0.046959,12430,0.44754,0.42746,0.40752,0.38775,0.36817,0.34882,0.32974,0.31099,0.29265,0.27476,0.25742,0.24075,0.22494,0.21015,0.19661,0.18462,0.17448,0.16653,0.16111,0.15847,0.15874,0.16192,0.16783,0.17619,0.18668,0.19896,0.21275,0.22776,0.24373,0.26049,0.27792,0.2959,0.31432,0.33312,0.35225,0.37166,0.3913,0.41114,0.4312,0.45142,0.47173,-0.0059346,0.15847,12535,0.54524,0.52379,0.50233,0.48086,0.45943,0.438,0.41658,0.39519,0.37382,0.35245,0.3311,0.30978,0.28849,0.26723,0.24603,0.22489,0.20383,0.18289,0.16212,0.14158,0.12141,0.10181,0.08321,0.066452,0.05327,0.046785,0.049671,0.060631,0.076265,0.094287,0.11356,0.13355,0.15397,0.17466,0.19553,0.21651,0.23758,0.25874,0.27998,0.30127,0.32261,0.051998,0.046785,12431,0.44089,0.4195,0.39809,0.37671,0.35535,0.33401,0.31271,0.29146,0.27029,0.2492,0.22824,0.2074,0.18671,0.16623,0.14608,0.12641,0.10748,0.089777,0.074174,0.062272,0.056479,0.058617,0.067947,0.082048,0.098903,0.11735,0.13673,0.1567,0.17709,0.19776,0.21857,0.23948,0.26052,0.28165,0.30282,0.32406,0.34537,0.36672,0.38812,0.40955,0.43103,0.0023648,0.056479,0.023356,0.14234,0.076704,0.35034,0,0,0.10137,0.45911,0.057629,0.13024,0.011629,0.16411,0.080999,0.27414,0.020553,0.31901,True
30618_1cc230fa,30618,0.0052831,0.079425,0.013208,0.19856,0.024831,0.3733,0.042265,0.6354,0.064119,0.94832,0.58845,7.0773,0.88038,25.213,49.982,0.013468,0.17492,25.95,1,15.176,15.304,0.008018,0.11997,26.853,1,13.595,15.304,0.0071842,0.10004,26.574,1.0011,0.11067,0.10519,0.099748,0.094378,0.089084,0.083855,0.078626,0.07344,0.068346,0.063335,0.058414,0.05362,0.049028,0.043912,-0.047078,0.044735,0.04084,0.037422,0.034526,0.032343,0.031092,0.030905,0.031697,-0.0084283,0.0083626,0.033393,0.035907,0.039089,0.04281,0.046921,0.051321,0.055938,0.060748,0.065759,0.070846,0.075982,0.081177,0.086409,0.091691,0.097005,0.10237,0.10777,0.11321,0.11872,0.12423,-0.01,0.030905,0.16219,0.15659,0.15101,0.14547,0.13997,0.13449,0.12896,0.12343,0.11792,0.11239,0.10688,0.10138,0.095915,0.1045,-0.11364,0.090519,0.085198,0.079942,0.074678,0.069457,0.06433,0.059289,0.054348,0.052376,-0.058334,0.04955,0.04497,0.040721,0.036924,0.033673,0.03104,0.029248,0.02853,0.028982,0.030448,0.032783,0.03586,0.039512,0.043617,0.048038,0.052691,0.057514,0.062494,0.067644,0.07285,0.08,0.02853,True,10856,0.52977,0.50962,0.48946,0.46934,0.44926,0.42925,0.40931,0.38941,0.36959,0.34986,0.33024,0.3108,0.2915,0.27239,0.25352,0.23492,0.21672,0.19899,0.18188,0.16558,0.15036,0.1366,0.12476,0.11547,0.10937,0.10701,0.10864,0.11408,0.12283,0.13424,0.1477,0.16273,0.17895,0.19602,0.21374,0.23197,0.2506,0.26954,0.28873,0.30813,0.3277,0.050928,0.10701,10854,0.44082,0.42059,0.40038,0.38021,0.3601,0.34004,0.32006,0.30017,0.28039,0.26075,0.24127,0.22203,0.20311,0.18456,0.16654,0.14922,0.1329,0.11803,0.10518,0.095137,0.08885,0.087151,0.090349,0.097959,0.10906,0.12272,0.13818,0.15488,0.17246,0.19069,0.2094,0.22848,0.24785,0.26743,0.28719,0.3071,0.32715,0.34729,0.3675,0.38778,0.40813,0.0084504,0.087151,10861,0.49724,0.47715,0.4571,0.4371,0.41715,0.39724,0.37741,0.35768,0.33806,0.31858,0.29923,0.28005,0.26109,0.2424,0.22403,0.20608,0.18865,0.17192,0.15612,0.14159,0.12875,0.11813,0.11039,0.10616,0.10584,0.10946,0.11668,0.12688,0.13942,0.15373,0.16938,0.18602,0.20342,0.22139,0.23979,0.25852,0.27753,0.29677,0.3162,0.33579,0.35553,0.035804,0.10584,10854,0.42373,0.40346,0.38322,0.36302,0.34287,0.32277,0.30274,0.2828,0.26299,0.24332,0.22384,0.20464,0.18576,0.16732,0.14947,0.13247,0.11676,0.10286,0.091568,0.083958,0.081052,0.083373,0.090531,0.10152,0.11526,0.1309,0.1478,0.16558,0.18399,0.20287,0.22211,0.24161,0.26129,0.28114,0.30115,0.32129,0.34152,0.36181,0.38216,0.40256,0.423,0.00056812,0.081052,0.008018,0.10791,0.043245,0.24798,0,0,0.050769,0.064222,0.050283,0.42066,0.012638,0.12783,0.042265,0.31276,0.015603,0.32171,False
30618_2050d396,30618,0.0047957,0.057366,0.011989,0.14342,0.02254,0.26962,0.038366,0.45893,0.058361,0.72853,0.55044,7.0287,0.90825,26.106,49.981,0.013044,0.12557,26.768,0.99992,21.039,21.107,0.01009,0.11915,25.335,1,17.725,48.507,0.0087882,0.09037,25.799,1.0006,0.15094,0.14734,0.14366,0.14005,0.13661,0.13337,0.13034,0.12749,0.12481,0.12231,0.12002,0.11788,0.11569,0.039973,-0.057077,0.11369,0.11196,0.11051,0.10938,0.10853,0.10795,0.10766,0.10767,-0.012782,-0.010855,0.10791,0.10814,0.10863,0.10941,0.11047,0.11182,0.11345,0.11532,0.11744,0.11981,0.12236,0.12485,0.12752,0.13036,0.13336,0.13652,0.13984,0.14331,0.14692,0.15069,-0.01,0.10766,0.19254,0.18827,0.18387,0.17948,0.17519,0.17103,0.16701,0.16308,0.15924,0.15548,0.15182,0.14821,0.14451,0.10791,-0.11591,0.14088,0.13741,0.13413,0.13106,0.12817,0.12545,0.12293,0.1206,0.055511,-0.069914,0.11843,0.1162,0.11415,0.11237,0.11087,0.10967,0.10877,0.10813,0.10779,0.10775,0.10793,0.1081,0.10853,0.10925,0.11025,0.11154,0.11311,0.11493,0.11701,0.11934,0.1,0.10775,True,13105,0.50772,0.48903,0.47035,0.45167,0.43303,0.41443,0.39586,0.3773,0.35875,0.34021,0.3217,0.30322,0.28476,0.26633,0.24797,0.22968,0.21149,0.1934,0.17544,0.15765,0.14011,0.12292,0.10624,0.090363,0.075772,0.063344,0.054581,0.051404,0.0548,0.063739,0.076311,0.091038,0.10702,0.12378,0.14103,0.15864,0.17647,0.19445,0.21255,0.23076,0.24903,0.069828,0.051404,13105,0.42112,0.40292,0.38476,0.36666,0.3486,0.33063,0.31275,0.29497,0.27729,0.25975,0.24236,0.22514,0.20818,0.19154,0.1753,0.15955,0.14448,0.13033,0.11745,0.1063,0.097472,0.091632,0.089369,0.090954,0.096211,0.10457,0.11534,0.1279,0.1418,0.15668,0.1723,0.18846,0.20503,0.22193,0.23908,0.25642,0.27393,0.29156,0.30932,0.32717,0.34511,0.02089,0.089369,13106,0.46832,0.44967,0.43102,0.4124,0.3938,0.37521,0.35663,0.33805,0.31952,0.30108,0.28269,0.26433,0.24604,0.22781,0.20966,0.1916,0.17367,0.15588,0.13834,0.12117,0.10452,0.088724,0.074329,0.062337,0.054321,0.052099,0.056365,0.065889,0.078767,0.093628,0.10967,0.12644,0.14366,0.1612,0.17897,0.1969,0.21495,0.2331,0.25133,0.2696,0.28791,0.048382,0.052099,13106,0.38163,0.36317,0.34472,0.32632,0.30795,0.28962,0.27134,0.25312,0.23499,0.21697,0.19905,0.18129,0.16373,0.14643,0.12952,0.11317,0.097671,0.083452,0.071288,0.06239,0.058279,0.059962,0.067014,0.078,0.091528,0.10663,0.12271,0.13946,0.15666,0.17416,0.19187,0.20974,0.22774,0.24584,0.26398,0.28217,0.30041,0.31871,0.33704,0.3554,0.37379,0.0021373,0.058279,0.01009,0.12083,0.039124,0.18716,0,0,0.048136,0.113,0.048336,0.37349,0.005267,0.095464,0.038367,0.25266,0.0099118,0.25643,True
30618_21dd3af3,30618,0.0058169,0.06673,0.014542,0.16682,0.027339,0.31363,0.046535,0.53384,0.070972,0.84725,0.61615,7.6034,0.87748,22.736,49.969,0.011977,0.14085,23.729,1,15.174,15.304,0.0088257,0.10149,26.856,1,13.234,15.304,0.0073988,0.087749,25.915,1.0008,0.11394,0.10817,0.10246,0.096845,0.091323,0.085896,0.08051,0.075158,0.069884,0.064634,0.059467,0.054409,0.049597,0.047954,-0.046026,0.045143,0.041131,0.037661,0.034786,0.032668,0.03152,0.031437,0.03242,-0.010258,0.0091398,0.034348,0.037138,0.040628,0.044636,0.049015,0.053654,0.058512,0.06355,0.068779,0.074122,0.079542,0.085014,0.090518,0.096045,0.10159,0.10716,0.11277,0.11841,0.12414,0.1299,-0.01,0.031437,0.17133,0.16545,0.1596,0.15383,0.14812,0.14246,0.1368,0.13113,0.12546,0.11973,0.11398,0.10821,0.1025,0.12053,-0.11493,0.096883,0.091361,0.085932,0.080543,0.075187,0.069909,0.064655,0.059485,0.062733,-0.060069,0.054423,0.049607,0.04515,0.041136,0.037663,0.034784,0.032661,0.031508,0.03142,0.032396,0.034317,0.0371,0.040585,0.04459,0.048964,0.053599,0.058454,0.06349,0.068716,0.074056,0.09,0.03142,True,10293,0.67091,0.64588,0.6209,0.59599,0.57111,0.54623,0.52139,0.49659,0.47186,0.44718,0.42256,0.39801,0.37359,0.3493,0.32517,0.30122,0.27751,0.25408,0.23103,0.20846,0.18658,0.16565,0.1461,0.12854,0.11387,0.10332,0.098226,0.099435,0.10674,0.11901,0.13488,0.15324,0.17328,0.19447,0.21647,0.23906,0.26211,0.2855,0.30916,0.33302,0.35705,0.063111,0.098226,10291,0.54161,0.51691,0.49224,0.46763,0.44307,0.41857,0.39418,0.36991,0.3458,0.32183,0.29805,0.27449,0.25122,0.22831,0.20592,0.1842,0.16345,0.14408,0.12674,0.1124,0.10223,0.097568,0.099169,0.10675,0.11917,0.13509,0.15342,0.17339,0.19448,0.21634,0.23878,0.26164,0.28481,0.30824,0.33187,0.35567,0.37966,0.40378,0.42802,0.45231,0.47664,0.012473,0.097568,10294,0.63305,0.608,0.583,0.55803,0.5331,0.50823,0.48339,0.45862,0.43391,0.4093,0.38479,0.36044,0.33623,0.31216,0.2883,0.26469,0.24143,0.21862,0.1964,0.17499,0.15478,0.13626,0.12024,0.1078,0.10028,0.098794,0.1036,0.1139,0.12839,0.14582,0.16527,0.18608,0.20785,0.2303,0.25327,0.27661,0.30025,0.32412,0.34816,0.37234,0.3966,0.047338,0.098794,10292,0.51984,0.49511,0.47043,0.44582,0.42126,0.39679,0.37245,0.34825,0.3242,0.30031,0.27666,0.25329,0.23029,0.2078,0.18598,0.16511,0.14565,0.12817,0.11357,0.10309,0.098029,0.099234,0.10649,0.1187,0.13451,0.15283,0.17287,0.19405,0.21599,0.23853,0.26152,0.28485,0.30843,0.33223,0.35618,0.38022,0.40435,0.42852,0.45273,0.477,0.50133,0.0031057,0.098029,0.0088257,0.10194,0.049344,0.23391,0,0,0.058169,0.0083956,0.055361,0.39742,0.0028088,0.061751,0.046535,0.29548,0.011634,0.2955,True
30618_22c1c589,30618,0.0051434,0.064574,0.012858,0.16144,0.024174,0.3035,0.041147,0.51659,0.062238,0.8192,0.56582,7.7097,0.88246,29.562,50,0.01471,0.21385,31.047,0.99991,16.18,17.6,0.0083229,0.10489,26.508,0.99991,13.667,17.6,0.0069497,0.093644,28.047,1.0002,0.12014,0.11495,0.10972,0.10442,0.099126,0.093893,0.088725,0.083625,0.078615,0.073706,0.068851,0.064024,0.059231,0.064796,-0.064117,0.054441,0.049818,0.04546,0.04144,0.037785,0.034565,0.031922,0.030003,0.0098375,-0.011323,0.028922,0.028789,0.029613,0.031453,0.034184,0.037589,0.041397,0.045422,0.049619,0.05403,0.058611,0.063337,0.068203,0.073193,0.07829,0.083464,0.088626,0.093711,0.098745,0.10382,0.02,0.028789,0.14824,0.14291,0.13762,0.1324,0.12725,0.12211,0.11693,0.11172,0.10643,0.10115,0.095918,0.090752,0.085659,0.10087,-0.098894,0.080658,0.075765,0.070933,0.066129,0.061364,0.056607,0.051997,0.047632,0.0463,-0.046523,0.043582,0.039864,0.03654,0.033761,0.03166,0.030341,0.029918,0.03041,0.031899,0.034301,0.037425,0.041009,0.04486,0.04892,0.053224,0.05772,0.06237,0.067166,0.07209,0.077128,0.07,0.029918,True,10694,0.50992,0.48847,0.46704,0.44561,0.42418,0.40277,0.38139,0.36004,0.33874,0.31751,0.29635,0.27525,0.25426,0.23341,0.21268,0.19214,0.17186,0.15196,0.1326,0.11407,0.096852,0.081734,0.070096,0.063883,0.064644,0.072135,0.0846,0.1002,0.11768,0.13634,0.15574,0.17564,0.19588,0.21638,0.23705,0.25787,0.2788,0.29981,0.3209,0.34202,0.36318,0.033949,0.063883,10692,0.44591,0.42581,0.40587,0.38613,0.36661,0.34734,0.32837,0.30975,0.29155,0.27385,0.25676,0.24039,0.22491,0.21053,0.19748,0.18601,0.17644,0.16908,0.16424,0.16219,0.16299,0.16659,0.17281,0.18138,0.19202,0.2044,0.2182,0.23319,0.24913,0.26588,0.28329,0.30123,0.3196,0.33835,0.35741,0.37674,0.39628,0.41603,0.43596,0.45602,0.47621,-0.0078026,0.16219,10596,0.55268,0.53083,0.50903,0.48727,0.46551,0.44376,0.42207,0.40044,0.37883,0.35725,0.3357,0.31422,0.2928,0.27142,0.25013,0.22898,0.20801,0.18722,0.1667,0.14657,0.12701,0.10835,0.091118,0.076245,0.065382,0.060737,0.063707,0.07336,0.087513,0.10435,0.12275,0.14212,0.16211,0.1825,0.20319,0.22407,0.24513,0.2663,0.28757,0.30891,0.33031,0.051132,0.060737,10596,0.45264,0.43129,0.40995,0.38866,0.3674,0.3462,0.32506,0.30403,0.28309,0.26228,0.24163,0.22119,0.20099,0.18111,0.16168,0.14286,0.12497,0.10845,0.094024,0.082769,0.07612,0.075316,0.080544,0.090749,0.10448,0.12054,0.13812,0.15669,0.17595,0.19569,0.21579,0.23616,0.25673,0.27745,0.29829,0.31924,0.34026,0.36134,0.38245,0.40361,0.42481,0.0062998,0.075316,0.0083229,0.10474,0.036422,0.39129,0,0,0.052094,0.58537,0.032826,0.18022,0.0096881,0.15534,0.041149,0.28498,0.012128,0.35175,True
30618_2366c74a,30618,0.005034,0.061414,0.012585,0.15353,0.02366,0.28864,0.040272,0.49131,0.061498,0.7798,0.58916,7.7151,0.92929,23.62,49.982,0.010698,0.14001,24.752,0.99991,0.94499,1.8969,0.00047568,0.0059252,34.708,0.99991,0.92809,1.8969,0.00046575,0.0058582,31.82,1.0008,0.11606,0.11045,0.10481,0.099217,0.093673,0.088203,0.08286,0.077623,0.072445,0.067332,0.062206,0.05703,0.051952,0.054251,-0.053972,0.047097,0.042549,0.03842,0.034833,0.031871,0.029673,0.028406,0.028094,-0.0020018,0.00023216,0.028731,0.030475,0.033239,0.036796,0.040924,0.045358,0.049974,0.054755,0.059671,0.064702,0.069845,0.075116,0.080497,0.085964,0.091487,0.09696,0.10238,0.10779,0.11321,0.11867,0,0.028094,0.17141,0.16573,0.16001,0.1543,0.14863,0.14299,0.13745,0.13199,0.12655,0.12111,0.11561,0.10999,0.10434,0.12442,-0.12069,0.098739,0.093186,0.087706,0.082354,0.077106,0.071915,0.066789,0.061648,0.068493,-0.066721,0.056448,0.05134,0.046458,0.041885,0.037735,0.034137,0.031176,0.028993,0.027763,0.027511,0.028218,0.030047,0.0329,0.036538,0.040738,0.045231,0.049893,0.054711,0.059654,0.064706,0.1,0.027511,True,6164,0.53753,0.51646,0.49539,0.47433,0.45324,0.43211,0.41098,0.38986,0.36876,0.34767,0.3266,0.30558,0.28456,0.26358,0.24264,0.22176,0.20094,0.18022,0.15966,0.13932,0.11932,0.09987,0.081335,0.064518,0.051139,0.044431,0.047351,0.058473,0.074196,0.092195,0.11139,0.13125,0.15151,0.17203,0.19276,0.2136,0.23454,0.25556,0.27663,0.29775,0.3189,0.052052,0.044431,6256,0.43097,0.40984,0.38873,0.36765,0.34659,0.32554,0.30454,0.28359,0.26269,0.24185,0.22111,0.20047,0.17999,0.15974,0.13982,0.12038,0.10171,0.084346,0.069259,0.058253,0.053864,0.057639,0.068233,0.083077,0.1003,0.11889,0.13828,0.1582,0.17846,0.19896,0.21963,0.24042,0.26128,0.28222,0.30322,0.32427,0.34538,0.36654,0.38773,0.40886,0.43001,0.00038985,0.053864,6169,0.53769,0.51669,0.49566,0.47462,0.45356,0.4325,0.41144,0.3904,0.36937,0.34836,0.32737,0.30641,0.28549,0.26461,0.24373,0.22288,0.20209,0.1814,0.16086,0.14053,0.12051,0.10104,0.08241,0.065419,0.051688,0.044375,0.046605,0.057286,0.072789,0.090673,0.10978,0.12955,0.14975,0.17021,0.19086,0.21167,0.23258,0.25355,0.27458,0.29565,0.31676,0.052759,0.044375,6256,0.43747,0.41633,0.39521,0.3741,0.35303,0.33197,0.31093,0.28996,0.26903,0.24816,0.22738,0.20669,0.18613,0.16576,0.14568,0.12601,0.10699,0.089061,0.073002,0.06033,0.053494,0.054738,0.063586,0.077475,0.094204,0.11252,0.13175,0.15157,0.17176,0.19221,0.21286,0.23363,0.25449,0.27543,0.29643,0.31747,0.33857,0.35973,0.3809,0.40203,0.42317,0.0035256,0.053494,0.00047568,0.0065618,0.050499,0.35362,0,0,0.050223,0.69379,0.0398,0.29881,0.010905,0.050439,0.040275,0.30537,0.01045,0.38864,True
30618_27e994fc,30618,0.018671,0.17776,0.046677,0.44441,0.087753,0.83549,0.14937,1.4221,0.15746,2.0045,1.0638,7.0464,0.91828,30.096,49.998,0.04939,0.64137,30.714,0.99995,5.5408,44.527,0.010316,0.10051,31.719,1,5.4317,5.6114,0.010308,0.10029,31.4,1.0067,0.22999,0.22779,0.2257,0.22372,0.22185,0.22007,0.2184,0.21683,0.21534,0.21395,0.2127,0.21157,0.21058,0.051931,-0.047309,0.20972,0.209,0.2084,0.20792,0.20756,0.20733,0.20723,0.20727,0.0010865,0.0062374,0.20745,0.20777,0.20823,0.20883,0.20956,0.2104,0.21134,0.21237,0.21352,0.21479,0.21619,0.21772,0.21937,0.22115,0.22304,0.22502,0.22708,0.22921,0.23144,0.23377,-0.01,0.20723,0.25634,0.25333,0.2504,0.24755,0.24478,0.24208,0.23945,0.23691,0.23445,0.23208,0.2298,0.22762,0.22555,0.11368,-0.11265,0.22356,0.22167,0.21988,0.21819,0.21662,0.21516,0.21381,0.21258,0.063115,-0.059101,0.21148,0.21052,0.2097,0.20903,0.20848,0.20806,0.20776,0.20757,0.20751,0.20758,0.20779,0.20812,0.20858,0.20919,0.20992,0.21077,0.21173,0.21279,0.21397,0.21528,0.09,0.20751,True,4071,0.031881,0.029326,0.026779,0.024234,0.021692,0.019156,0.016626,0.014124,0.01169,0.0092797,0.006961,0.0048309,0.0032526,0.0031931,0.0047107,0.0068237,0.0091275,0.011507,0.013846,0.016211,0.018592,0.020986,0.023384,0.025784,0.028186,0.030589,0.032993,0.035398,0.037809,0.040226,0.042571,0.044902,0.047233,0.049566,0.051898,0.05423,0.056562,0.058895,0.061231,0.063505,0.065782,-0.07469,0.0031931,4069,0.01826,0.015786,0.013318,0.010937,0.0085655,0.0062269,0.0040015,0.0022028,0.0023046,0.0041701,0.0064099,0.0087409,0.011106,0.013492,0.015893,0.018228,0.02055,0.022877,0.025205,0.027533,0.029863,0.032193,0.034524,0.036859,0.039132,0.041408,0.043685,0.045964,0.048243,0.050522,0.052802,0.055081,0.057361,0.059643,0.061867,0.064093,0.066321,0.068549,0.070778,0.073007,0.075236,-0.1254,0.0022028,4073,0.033725,0.031053,0.028389,0.025736,0.023099,0.020483,0.017897,0.015375,0.012953,0.010642,0.0086136,0.0070517,0.006258,0.0065203,0.0077318,0.0095375,0.011665,0.013969,0.016341,0.018746,0.021197,0.023683,0.026183,0.028694,0.031212,0.033737,0.036266,0.038742,0.041212,0.043687,0.046164,0.048643,0.051124,0.053605,0.056087,0.058569,0.061052,0.063488,0.065895,0.068306,0.070714,-0.077408,0.006258,4071,0.019113,0.016584,0.014083,0.011649,0.0092404,0.0069216,0.0047984,0.0032402,0.003217,0.0047515,0.006869,0.0091742,0.011552,0.013892,0.016258,0.018639,0.021033,0.023431,0.025831,0.028233,0.030636,0.03304,0.035446,0.037858,0.040275,0.042618,0.044949,0.047281,0.049613,0.051945,0.054277,0.056609,0.058942,0.061277,0.063552,0.065829,0.068107,0.070386,0.072666,0.074945,0.077224,-0.12488,0.003217,0.010316,0.065709,0.090025,0.63981,0,0,0.041469,0.10095,0.15969,0.58842,0.065007,0.10125,0.14937,0.52271,0.1459,0.52573,False
30618_28538acf,30618,0.010783,0.087549,0.026957,0.21887,0.050679,0.41148,0.086262,0.70039,0.10764,1.0098,0.80625,6.7145,0.87525,33.232,50,0.034043,0.23752,34.194,0.99992,16.18,21.48,0.017459,0.13567,26.515,1,14.885,25.674,0.017159,0.13226,29.168,1.0009,0.14525,0.14077,0.13639,0.1321,0.1279,0.12381,0.11981,0.11595,0.11225,0.10872,0.10539,0.10229,0.099432,0.064156,-0.059613,0.096825,0.094473,0.092422,0.090666,0.089181,0.087995,0.087143,0.086654,0.0088467,-0.0036304,0.086544,0.086821,0.087468,0.088459,0.089816,0.091535,0.093557,0.095819,0.098327,0.10108,0.10407,0.10727,0.11068,0.11428,0.11806,0.12203,0.1261,0.13025,0.13448,0.1388,0.01,0.086544,0.17457,0.16971,0.16488,0.1601,0.15539,0.15075,0.14619,0.14174,0.13737,0.13308,0.12891,0.12481,0.12083,0.10722,-0.10002,0.11699,0.1133,0.1098,0.10649,0.10341,0.10056,0.097935,0.095588,0.052276,-0.044314,0.093512,0.091699,0.09017,0.088958,0.088099,0.087614,0.087508,0.087767,0.088371,0.089344,0.090684,0.092354,0.094291,0.096498,0.098983,0.10173,0.10471,0.1079,0.11128,0.11485,0.07,0.087508,True,10068,0.54312,0.52132,0.49957,0.47789,0.45629,0.43479,0.41341,0.39215,0.37103,0.35007,0.3293,0.30878,0.28854,0.26867,0.24923,0.23035,0.21218,0.19492,0.17884,0.16427,0.15164,0.14147,0.13432,0.13069,0.13087,0.13489,0.1424,0.15289,0.16578,0.18057,0.19681,0.21418,0.23243,0.25138,0.27088,0.2908,0.31107,0.33161,0.35241,0.37339,0.39456,0.034532,0.13069,10065,0.49093,0.47046,0.45017,0.43012,0.41033,0.39084,0.37169,0.35294,0.33466,0.31694,0.29981,0.28345,0.26798,0.25359,0.24045,0.22879,0.21883,0.2108,0.20494,0.20142,0.20037,0.20185,0.20579,0.21206,0.22047,0.23081,0.24281,0.25623,0.27086,0.28655,0.30309,0.32037,0.33827,0.35672,0.37562,0.3949,0.41451,0.43442,0.45458,0.47497,0.49552,-0.00086118,0.20037,10073,0.57975,0.55786,0.536,0.5142,0.49245,0.47076,0.44916,0.42769,0.40633,0.38507,0.36396,0.34303,0.32232,0.30185,0.28168,0.26188,0.24254,0.2238,0.20581,0.18878,0.17304,0.15892,0.14692,0.13756,0.13144,0.12899,0.13047,0.13573,0.14434,0.15575,0.1694,0.18479,0.20153,0.21929,0.23786,0.25705,0.27676,0.29687,0.3173,0.33799,0.35888,0.051249,0.12899,10064,0.49596,0.47453,0.45318,0.43198,0.4109,0.39,0.36931,0.34883,0.32864,0.30877,0.28926,0.27023,0.25175,0.23398,0.2171,0.20133,0.18694,0.17427,0.16372,0.15573,0.15068,0.1489,0.15052,0.15543,0.16331,0.17377,0.18636,0.2007,0.21644,0.23331,0.25107,0.26954,0.2886,0.30814,0.32805,0.34831,0.36885,0.3896,0.41055,0.43166,0.45292,0.010241,0.1489,0.017459,0.11581,0.074926,0.4542,0,0,0.10806,0.68348,0.068835,0.20172,0.01748,0.16571,0.086266,0.31887,0.022181,0.39598,False
30618_2cb9ce37,30618,0.0052353,0.069745,0.013088,0.17436,0.024606,0.3278,0.041882,0.55796,0.063955,0.88567,0.56044,8.0359,0.97558,28.092,49.986,0.014985,0.19292,28.347,0.99986,16.482,16.583,0.0086299,0.11551,26.423,0.99986,15.824,16.583,0.0082937,0.11192,27.073,1.0009,0.1022,0.09717,0.092002,0.086766,0.081565,0.07644,0.07144,0.066609,0.061952,0.057463,0.053133,0.04891,0.044682,0.042608,-0.043172,0.040603,0.036925,0.033841,0.031518,0.030081,0.029616,0.030152,0.031593,-0.012391,0.01198,0.03373,0.036373,0.03954,0.04322,0.047324,0.051708,0.056235,0.060863,0.065602,0.070423,0.075299,0.080231,0.085234,0.090322,0.095491,0.10068,0.10584,0.11096,0.11608,0.12122,-0.02,0.029616,0.15452,0.14936,0.14405,0.13867,0.13329,0.12794,0.12265,0.11747,0.11239,0.10736,0.10237,0.097342,0.09217,0.11103,-0.11207,0.086932,0.081728,0.076601,0.071598,0.066769,0.06211,0.057619,0.053286,0.056255,-0.057033,0.049061,0.044828,0.040745,0.03706,0.033966,0.031628,0.030173,0.029684,0.030194,0.031607,0.033718,0.03634,0.039492,0.043159,0.04725,0.051622,0.056138,0.060755,0.065485,0.070298,0.08,0.029684,True,6341,0.62672,0.60356,0.58043,0.55735,0.53428,0.51123,0.4882,0.46521,0.44223,0.41923,0.39627,0.37336,0.35053,0.3278,0.3052,0.28273,0.26044,0.23838,0.21659,0.19517,0.17429,0.15415,0.13511,0.11769,0.10271,0.091393,0.085203,0.08527,0.091591,0.10305,0.11816,0.1357,0.15485,0.17509,0.19608,0.21761,0.23953,0.26174,0.28419,0.30684,0.32966,0.064897,0.085203,6306,0.51468,0.49151,0.46838,0.44527,0.42224,0.39925,0.37631,0.35344,0.33067,0.308,0.28548,0.26314,0.24103,0.21923,0.19778,0.17688,0.15677,0.1378,0.12051,0.1057,0.094578,0.088537,0.088624,0.094825,0.1061,0.12102,0.13844,0.15754,0.17775,0.19876,0.22033,0.24231,0.2646,0.28714,0.30988,0.33277,0.35579,0.37893,0.40215,0.42544,0.4488,0.014863,0.088537,6345,0.58575,0.56273,0.53974,0.51675,0.4938,0.47087,0.44797,0.42516,0.40237,0.37959,0.35686,0.33421,0.31165,0.28922,0.26694,0.24487,0.22303,0.20148,0.18037,0.15993,0.14045,0.1224,0.10646,0.093694,0.08553,0.083343,0.087588,0.097448,0.11148,0.12833,0.14703,0.16696,0.18767,0.20895,0.23066,0.25269,0.27496,0.29742,0.32001,0.34274,0.36557,0.048373,0.083343,6306,0.47964,0.45652,0.43344,0.41041,0.38741,0.36449,0.34164,0.3189,0.29628,0.27381,0.25155,0.22955,0.20786,0.18659,0.16598,0.14631,0.128,0.11173,0.098498,0.089674,0.086616,0.08992,0.098968,0.1124,0.12882,0.14727,0.16706,0.18778,0.20914,0.23098,0.25316,0.27561,0.29829,0.32116,0.34415,0.36725,0.39045,0.41372,0.43706,0.46045,0.48387,-0.00019669,0.086616,0.0086299,0.10878,0.043849,0.22317,0,0,0.052353,0.038381,0.050515,0.39908,0.0024801,0.070569,0.041885,0.2903,0.010471,0.29059,True
30618_2dbce472,30618,0.013681,0.081754,0.034203,0.20439,0.064301,0.38424,0.10945,0.65403,0.1374,0.96305,0.96773,6.7522,0.86422,31.637,49.998,0.036144,0.25228,32.73,0.99993,23.098,24.891,0.0316,0.18805,25.072,0.99993,20.298,24.437,0.02263,0.16504,27.712,1.0002,0.19907,0.19539,0.19178,0.18822,0.18478,0.18145,0.17823,0.17512,0.17219,0.16941,0.1668,0.16436,0.16207,0.079264,-0.062247,0.1599,0.15792,0.15613,0.15453,0.15313,0.15196,0.151,0.15023,0.024244,-0.0083536,0.14968,0.14934,0.14921,0.1493,0.14962,0.15017,0.15094,0.15192,0.15307,0.15441,0.15593,0.15766,0.15958,0.16168,0.16397,0.16645,0.16911,0.1719,0.17481,0.17783,0.03,0.14921,0.21885,0.21473,0.21063,0.20661,0.20266,0.19881,0.19507,0.19142,0.18787,0.18446,0.18117,0.17799,0.17491,0.11316,-0.096465,0.17195,0.16913,0.16647,0.16397,0.16163,0.15948,0.15754,0.15578,0.058518,-0.042864,0.15421,0.15284,0.15165,0.15065,0.14985,0.14928,0.14892,0.14878,0.14886,0.14918,0.14972,0.15049,0.15146,0.15261,0.15395,0.15548,0.15721,0.15914,0.16124,0.16353,0.08,0.14878,True,9739,0.50826,0.48627,0.4643,0.44238,0.42045,0.39854,0.37669,0.35491,0.33321,0.31161,0.29008,0.26866,0.24739,0.2263,0.20543,0.18491,0.16482,0.14538,0.12686,0.10979,0.094906,0.083417,0.076842,0.076477,0.082409,0.093414,0.10795,0.1248,0.14316,0.16252,0.18256,0.20309,0.22397,0.24509,0.26642,0.28789,0.30947,0.33113,0.35287,0.37468,0.39656,0.02556,0.076477,9737,0.50245,0.48074,0.45909,0.43748,0.41595,0.39448,0.3731,0.35183,0.33071,0.30975,0.28897,0.26841,0.24815,0.22828,0.20887,0.1901,0.17218,0.15538,0.14012,0.12693,0.11651,0.10967,0.10711,0.10912,0.11551,0.12559,0.13855,0.15366,0.17034,0.18817,0.20686,0.22621,0.24603,0.26627,0.28685,0.30769,0.3287,0.34987,0.37115,0.39253,0.41399,0.020598,0.10711,9642,0.54574,0.52416,0.5026,0.48106,0.45954,0.43802,0.4165,0.395,0.37353,0.35212,0.33079,0.30953,0.28838,0.26735,0.24646,0.22576,0.20529,0.18509,0.16535,0.14623,0.12801,0.11113,0.096258,0.084479,0.077227,0.075808,0.080547,0.090476,0.1041,0.1202,0.13792,0.1567,0.17621,0.19623,0.21661,0.23727,0.25814,0.27914,0.30028,0.32152,0.34282,0.047266,0.075808,9739,0.46736,0.44551,0.4237,0.40194,0.38022,0.35856,0.33696,0.31547,0.29409,0.27285,0.2518,0.23099,0.21046,0.19037,0.17083,0.15203,0.13433,0.11817,0.10432,0.093775,0.087772,0.087224,0.092249,0.10202,0.11531,0.13107,0.14851,0.16711,0.18653,0.20654,0.22699,0.24775,0.26879,0.29007,0.31147,0.33298,0.35457,0.37625,0.398,0.41981,0.44165,0.0059606,0.087224,0.0316,0.15594,0.090782,0.22266,0,0,0.12231,0.22757,0.077845,0.13963,0.039103,0.14873,0.10945,0.29395,0.058813,0.30591,False
30618_2f104a1d,30618,0.0049065,0.062325,0.012266,0.15581,0.02306,0.29293,0.039252,0.4986,0.059848,0.79062,0.56241,7.6789,0.86274,30.144,49.998,0.015178,0.16717,31.313,1,23.105,24.513,0.011336,0.14439,25.076,1,19.543,24.513,0.0098099,0.11388,27.187,0.9998,0.12203,0.11681,0.11164,0.1065,0.10131,0.096115,0.090916,0.085744,0.080609,0.075497,0.070475,0.06558,0.060822,0.065435,-0.06544,0.056187,0.051611,0.047175,0.042957,0.039074,0.035573,0.032574,0.030283,0.012116,-0.013779,0.028881,0.028517,0.029174,0.030682,0.032994,0.036029,0.039633,0.043584,0.047812,0.052238,0.056805,0.061511,0.066328,0.071231,0.076223,0.081325,0.086497,0.091667,0.09686,0.10204,0.02,0.028517,0.14918,0.14384,0.1385,0.13318,0.12784,0.12255,0.11732,0.11215,0.107,0.10181,0.096612,0.091409,0.086236,0.098997,-0.09793,0.081109,0.076004,0.070989,0.0661,0.061349,0.056724,0.052158,0.04773,0.046155,-0.046692,0.043522,0.039642,0.036141,0.033133,0.030816,0.029367,0.028935,0.029507,0.030921,0.033144,0.036102,0.039638,0.043536,0.04772,0.052108,0.056643,0.061324,0.066119,0.071006,0.075983,0.07,0.028935,True,12185,0.46533,0.44555,0.42578,0.40601,0.38626,0.36653,0.34681,0.32712,0.30746,0.28784,0.26827,0.24875,0.2293,0.20996,0.19076,0.17172,0.15292,0.13445,0.11649,0.099286,0.083305,0.06941,0.059099,0.054447,0.056866,0.065579,0.078517,0.093948,0.11084,0.12862,0.14696,0.16567,0.18464,0.20382,0.22314,0.2426,0.26214,0.28173,0.30137,0.32106,0.34079,0.031623,0.054447,12185,0.47997,0.4611,0.44232,0.42365,0.40513,0.38674,0.36852,0.35049,0.33269,0.31516,0.29793,0.28107,0.26464,0.24872,0.23345,0.21894,0.20535,0.1929,0.18181,0.17232,0.16473,0.1593,0.15627,0.15576,0.15782,0.16233,0.1691,0.17787,0.18838,0.20034,0.21351,0.22767,0.24267,0.25838,0.27466,0.29141,0.30857,0.32605,0.34381,0.36181,0.38003,0.026956,0.15576,12185,0.51169,0.49185,0.472,0.45217,0.43234,0.41255,0.39281,0.3731,0.35341,0.33375,0.31412,0.29451,0.27494,0.25542,0.23597,0.2166,0.19734,0.17825,0.15937,0.14078,0.12263,0.10512,0.088662,0.073948,0.062236,0.055467,0.05547,0.062249,0.073963,0.088683,0.10515,0.12268,0.14085,0.15946,0.17835,0.19748,0.21675,0.23614,0.25564,0.27519,0.29479,0.054995,0.055467,12185,0.4274,0.4077,0.38802,0.36836,0.34873,0.32915,0.30962,0.29014,0.27074,0.25143,0.23223,0.21315,0.19426,0.17562,0.1573,0.13944,0.12226,0.10604,0.091321,0.07895,0.070178,0.066463,0.068611,0.076134,0.087662,0.10184,0.11771,0.13469,0.15239,0.17059,0.18917,0.20804,0.22713,0.24636,0.26572,0.28517,0.30469,0.32427,0.3439,0.36358,0.3833,0.011362,0.066463,0.011336,0.14406,0.036473,0.23922,0,0,0.049495,0.27267,0.027916,0.13032,0.005523,0.14445,0.039252,0.27444,0.010946,0.29174,True
30618_33bec73f,30618,0.0048604,0.064055,0.012151,0.16014,0.022844,0.30106,0.038883,0.51244,0.059336,0.81291,0.55238,7.8174,0.90092,27.53,49.996,0.01271,0.17857,29.197,0.99991,21.044,21.107,0.010228,0.1353,25.337,1,17.961,22.39,0.0085458,0.12108,26.67,1.0005,0.13905,0.13508,0.13133,0.1278,0.12447,0.12131,0.11831,0.11538,0.11261,0.10986,0.10722,0.10487,0.10286,0.055732,-0.039439,0.10119,0.099836,0.098768,0.097976,0.097401,0.097123,0.096986,0.097067,0.00073735,0.013407,0.097537,0.098371,0.099546,0.10101,0.10273,0.10471,0.10689,0.10932,0.11186,0.11455,0.1175,0.12064,0.12395,0.12738,0.13093,0.13461,0.1384,0.14233,0.14631,0.15035,-0.01,0.096986,0.18199,0.1773,0.17277,0.16839,0.16414,0.15999,0.1559,0.1518,0.14772,0.14359,0.13946,0.13548,0.13172,0.12478,-0.10582,0.12818,0.12483,0.12164,0.1186,0.11564,0.11283,0.11007,0.10746,0.070304,-0.053291,0.10514,0.10317,0.10154,0.10019,0.0991,0.098279,0.097675,0.097368,0.097225,0.097298,0.097756,0.098573,0.099727,0.10114,0.10283,0.10477,0.10691,0.10932,0.11184,0.11453,0.09,0.097225,True,10793,0.58175,0.56062,0.5395,0.51842,0.49734,0.47626,0.45519,0.43415,0.41312,0.39209,0.37108,0.35009,0.32915,0.30826,0.2874,0.2666,0.2459,0.22532,0.20484,0.18453,0.16443,0.14465,0.12535,0.10678,0.08938,0.074005,0.062149,0.056112,0.057738,0.066478,0.080038,0.096401,0.11437,0.13328,0.15276,0.17263,0.19281,0.21317,0.2337,0.25434,0.27507,0.07294,0.056112,10794,0.47929,0.45845,0.43766,0.41689,0.39616,0.37547,0.35484,0.33428,0.31379,0.29339,0.27315,0.25307,0.23321,0.21361,0.19432,0.17548,0.15724,0.13986,0.12368,0.10925,0.097304,0.088866,0.085,0.08631,0.092587,0.10293,0.11626,0.13167,0.14849,0.16628,0.18479,0.20383,0.22325,0.24296,0.26291,0.28304,0.30331,0.32369,0.34414,0.36466,0.38527,0.022496,0.085,10797,0.53645,0.51531,0.49421,0.47312,0.45204,0.43096,0.4099,0.38885,0.36783,0.34684,0.3259,0.30501,0.28417,0.2634,0.24268,0.22206,0.20156,0.18123,0.16114,0.14141,0.1222,0.1038,0.086676,0.071778,0.060782,0.056024,0.059014,0.06876,0.082912,0.099609,0.11775,0.13677,0.15636,0.17633,0.19655,0.21695,0.2375,0.25816,0.27892,0.29974,0.32061,0.051176,0.056024,10794,0.43821,0.41724,0.39629,0.37536,0.35445,0.33359,0.31277,0.29198,0.27129,0.2507,0.23022,0.2099,0.18976,0.16986,0.15034,0.13136,0.11317,0.096245,0.081326,0.069715,0.06328,0.063614,0.070624,0.082633,0.097816,0.11492,0.13317,0.15216,0.17166,0.19153,0.21165,0.23197,0.25244,0.27301,0.29368,0.3144,0.33514,0.35593,0.37677,0.39766,0.4186,0.0045274,0.06328,0.010228,0.13436,0.038764,0.19771,0,0,0.048734,0.091423,0.048999,0.41527,0.0033997,0.10183,0.038885,0.28091,0.01003,0.28299,True
30618_3b36e5cd,30618,0.0054539,0.063872,0.013635,0.15968,0.025633,0.3002,0.043631,0.51098,0.065964,0.80143,0.59978,7.2455,0.85533,26.292,49.982,0.014287,0.16169,27.904,1,15.169,34.838,0.0082707,0.09664,26.854,1,13.467,21.101,0.0073357,0.084583,27.191,1.001,0.10958,0.10396,0.09844,0.093032,0.087711,0.082406,0.07706,0.071717,0.066465,0.061276,0.056179,0.051245,0.046598,0.043823,-0.044516,0.042309,0.038452,0.035019,0.032121,0.030018,0.028992,0.02913,0.030381,-0.010304,0.010184,0.032608,0.035623,0.039242,0.04331,0.047672,0.052301,0.057152,0.062188,0.067407,0.072727,0.078099,0.083463,0.08882,0.094188,0.099574,0.10503,0.11055,0.1161,0.12174,0.1274,-0.02,0.028992,0.1653,0.15957,0.15393,0.14838,0.14288,0.13737,0.13179,0.12617,0.12056,0.11493,0.10929,0.10368,0.098167,0.11052,-0.11306,0.092767,0.087454,0.082155,0.076815,0.07148,0.066241,0.061067,0.055994,0.05653,-0.058434,0.05109,0.046479,0.042232,0.038427,0.035056,0.032231,0.030213,0.029273,0.029487,0.030796,0.033067,0.036109,0.039744,0.043819,0.048182,0.052807,0.057651,0.062679,0.067889,0.0732,0.08,0.029273,True,11054,0.5974,0.57492,0.55241,0.52991,0.50744,0.48504,0.46265,0.44027,0.41791,0.39557,0.37329,0.35105,0.32886,0.30674,0.28472,0.26279,0.24101,0.21941,0.19803,0.17693,0.15624,0.13614,0.11693,0.099171,0.083813,0.072402,0.067015,0.069068,0.077953,0.091701,0.10845,0.12703,0.14675,0.16722,0.18818,0.20949,0.23102,0.25276,0.27465,0.29666,0.31875,0.062289,0.067015,10954,0.48347,0.46098,0.43852,0.41612,0.39376,0.37146,0.3492,0.327,0.30485,0.28278,0.26081,0.23898,0.2173,0.19583,0.17465,0.15388,0.13371,0.11448,0.096738,0.081464,0.070306,0.065391,0.068052,0.077521,0.091717,0.1088,0.12761,0.14753,0.16815,0.18924,0.21065,0.23229,0.25413,0.2761,0.29818,0.32034,0.34256,0.36482,0.38711,0.40943,0.43178,0.011526,0.065391,11054,0.56523,0.54277,0.52035,0.49794,0.47556,0.4532,0.43086,0.40856,0.38627,0.36401,0.34176,0.31955,0.29741,0.2754,0.25353,0.23178,0.21021,0.18888,0.1679,0.14743,0.12768,0.10905,0.092256,0.078449,0.06942,0.067152,0.072247,0.083361,0.098489,0.11609,0.13519,0.15529,0.17602,0.19719,0.21869,0.2404,0.26224,0.2842,0.30626,0.32835,0.35053,0.048036,0.067152,10954,0.46593,0.44349,0.42109,0.39874,0.37646,0.35425,0.33208,0.30996,0.28792,0.26598,0.24417,0.22254,0.20111,0.17997,0.15924,0.13911,0.11988,0.10205,0.086514,0.074721,0.068613,0.069674,0.077618,0.090654,0.10692,0.12518,0.14471,0.16505,0.18592,0.20716,0.22867,0.2504,0.27228,0.2943,0.3164,0.33855,0.36074,0.38298,0.40527,0.4276,0.44995,0.0035645,0.068613,0.0082707,0.094718,0.046013,0.22007,0,0,0.054125,0.022922,0.051902,0.36941,0.0045813,0.060103,0.043631,0.27469,0.012399,0.27512,False
30618_3e9f4952,30618,0.0051981,0.067373,0.012995,0.16843,0.024431,0.31665,0.041585,0.53898,0.063476,0.83148,0.59257,7.2114,0.8883,28.807,49.997,0.01461,0.2124,29.894,1,21.039,21.107,0.010936,0.14225,25.335,1,17.939,21.107,0.0092835,0.12954,26.875,1.0007,0.10581,0.10028,0.094791,0.089322,0.083881,0.078497,0.073209,0.068001,0.062853,0.057794,0.052867,0.048111,0.043616,0.040846,-0.039605,0.039377,0.035508,0.032205,0.02972,0.028192,0.02775,0.028479,0.030355,-0.01322,0.014313,0.033136,0.036576,0.040462,0.044677,0.049194,0.053961,0.058904,0.063987,0.069194,0.074532,0.079932,0.085337,0.090743,0.096141,0.10156,0.10701,0.11248,0.11799,0.12353,0.12914,-0.02,0.02775,0.16216,0.15652,0.15092,0.14531,0.13971,0.13414,0.12862,0.1231,0.11757,0.11203,0.10648,0.10094,0.095455,0.10881,-0.10793,0.089988,0.084549,0.079166,0.073881,0.068673,0.063523,0.058464,0.05354,0.055056,-0.054043,0.048787,0.044298,0.040065,0.036197,0.032878,0.030356,0.028762,0.028219,0.028826,0.030567,0.033222,0.036559,0.040355,0.0445,0.048967,0.053695,0.058604,0.06366,0.068842,0.074157,0.08,0.028219,True,12005,0.60568,0.58332,0.56096,0.53862,0.51633,0.49407,0.47185,0.44967,0.42754,0.40544,0.38341,0.36145,0.33956,0.31776,0.2961,0.27459,0.25329,0.23226,0.21158,0.19134,0.17172,0.15296,0.13539,0.11954,0.10617,0.096363,0.091272,0.09169,0.097557,0.10798,0.12179,0.13799,0.15582,0.1748,0.19461,0.215,0.23583,0.25698,0.2784,0.3,0.32177,0.064258,0.091272,12107,0.51272,0.49118,0.46976,0.44846,0.42727,0.40628,0.38546,0.36483,0.34445,0.32435,0.3046,0.28528,0.26649,0.24834,0.23098,0.21459,0.19943,0.1858,0.17405,0.16461,0.1579,0.15428,0.15395,0.15695,0.16309,0.17205,0.18341,0.19673,0.21166,0.22789,0.24517,0.26328,0.28206,0.3014,0.32117,0.34134,0.36181,0.38254,0.40349,0.42464,0.44596,0.01598,0.15395,12006,0.55706,0.5348,0.51253,0.49028,0.46805,0.44585,0.4237,0.40164,0.37967,0.35777,0.33597,0.31431,0.29278,0.2714,0.25023,0.22932,0.20874,0.18863,0.16917,0.15058,0.13325,0.11774,0.10488,0.095732,0.091405,0.092565,0.099043,0.10992,0.12402,0.14038,0.15831,0.17734,0.19715,0.21753,0.23833,0.25943,0.28078,0.30235,0.32403,0.34583,0.36775,0.042914,0.091405,12006,0.45448,0.43243,0.41043,0.38851,0.36665,0.34489,0.32324,0.30173,0.28039,0.25928,0.23847,0.21804,0.19812,0.17886,0.1605,0.14337,0.12798,0.11498,0.10534,0.10001,0.099699,0.10446,0.11363,0.12628,0.14149,0.1585,0.17682,0.19608,0.21603,0.23649,0.25734,0.27849,0.29986,0.32142,0.34313,0.36498,0.38694,0.409,0.43117,0.4534,0.47568,-0.0043987,0.099699,0.010936,0.13846,0.041716,0.26882,0,0,0.05226,0.26338,0.0524,0.42807,0.0047137,0.13225,0.041585,0.28961,0.011187,0.30387,False
30618_40ffd323,30618,0.0054929,0.060684,0.013732,0.15171,0.025817,0.28522,0.043943,0.48548,0.0673,0.76534,0.6054,6.8076,0.92162,24.07,50,0.01239,0.13043,24.668,1,0.94537,2.2495,0.00051825,0.0055131,34.707,1,0.93171,2.2495,0.00050942,0.0054259,31.848,1.0011,0.11966,0.11396,0.10822,0.10249,0.096766,0.091072,0.08544,0.07991,0.074496,0.069187,0.063921,0.058659,0.053458,0.055253,-0.053893,0.048407,0.043578,0.03909,0.035068,0.031693,0.029176,0.027711,0.027366,0.00033951,0.0013938,0.028128,0.030005,0.032863,0.036506,0.040746,0.045345,0.050186,0.055188,0.060327,0.065573,0.070912,0.076351,0.081874,0.087474,0.093147,0.098813,0.10445,0.11006,0.11568,0.12131,0,0.027366,0.17595,0.17018,0.16436,0.15852,0.15268,0.14685,0.14105,0.13531,0.12965,0.12404,0.11841,0.11271,0.10696,0.12154,-0.1218,0.10122,0.095501,0.089809,0.084179,0.078651,0.07324,0.067934,0.06267,0.066964,-0.066663,0.057406,0.052202,0.047156,0.042355,0.037916,0.033969,0.030705,0.028349,0.027096,0.026999,0.02801,0.030116,0.033161,0.036957,0.041312,0.045998,0.050903,0.055956,0.061135,0.066413,0.1,0.026999,True,10594,0.55804,0.5362,0.51435,0.4925,0.47066,0.44884,0.42707,0.40531,0.38359,0.36188,0.34019,0.31853,0.29694,0.27539,0.25392,0.23255,0.2113,0.19023,0.16938,0.14886,0.12881,0.10949,0.091389,0.075391,0.063133,0.057074,0.059173,0.068662,0.083044,0.10023,0.11902,0.13874,0.15908,0.17982,0.20084,0.22207,0.24343,0.26491,0.28647,0.3081,0.32976,0.05249,0.057074,10594,0.45408,0.43234,0.41063,0.38895,0.36734,0.34575,0.3242,0.3027,0.28126,0.25989,0.23866,0.21758,0.19669,0.17608,0.15582,0.13608,0.11712,0.099422,0.083772,0.07154,0.064704,0.064995,0.072305,0.084838,0.10066,0.11846,0.13748,0.15728,0.1776,0.19828,0.21922,0.24035,0.26161,0.28298,0.30445,0.32598,0.34755,0.36919,0.39087,0.41259,0.43436,0.0046106,0.064704,10593,0.5596,0.53779,0.51597,0.49415,0.47234,0.45055,0.42879,0.40705,0.38534,0.36365,0.34197,0.32031,0.29872,0.27718,0.25572,0.23434,0.2131,0.19202,0.17116,0.15061,0.13051,0.11112,0.092883,0.076631,0.063916,0.057152,0.058449,0.067323,0.081326,0.098294,0.11695,0.13657,0.15684,0.17752,0.19849,0.21968,0.24101,0.26245,0.28399,0.30559,0.32723,0.053452,0.057152,10593,0.4651,0.44333,0.4216,0.39987,0.37818,0.35651,0.33484,0.31322,0.29166,0.27017,0.24877,0.22748,0.20634,0.18538,0.16468,0.14434,0.12455,0.10564,0.088155,0.073155,0.062441,0.058421,0.062407,0.073086,0.088061,0.10553,0.12443,0.1442,0.16454,0.18527,0.20627,0.22747,0.2488,0.27025,0.29178,0.31338,0.33501,0.35668,0.37842,0.40019,0.422,0.010022,0.058421,0.00051825,0.0054309,0.054173,0.29228,0,0,0.053842,0.57055,0.043432,0.24553,0.014421,0.067248,0.04395,0.25091,0.014163,0.32103,True
30618_437e855c,30618,0.0052045,0.079976,0.013011,0.19994,0.024461,0.37589,0.041636,0.63981,0.063117,0.9673,0.55615,7.2418,0.84122,32.081,49.996,0.016322,0.30094,33.223,0.99991,21.042,21.108,0.010952,0.16832,25.335,1,19.051,34.05,0.0098806,0.1578,28.035,1.0012,0.1008,0.095659,0.09057,0.08551,0.080439,0.075361,0.070368,0.065491,0.060733,0.056097,0.051594,0.047249,0.043142,0.041415,-0.0376,0.039312,0.035804,0.032746,0.030402,0.028953,0.028508,0.029071,0.030612,-0.012339,0.013771,0.032983,0.035966,0.039399,0.043192,0.047286,0.051635,0.056175,0.06086,0.065652,0.070562,0.075564,0.080577,0.085596,0.090647,0.095741,0.10086,0.106,0.11116,0.11632,0.12154,-0.02,0.028508,0.15309,0.14783,0.1426,0.13737,0.13211,0.12682,0.12156,0.11636,0.11119,0.10606,0.10092,0.095784,0.090693,0.10844,-0.1019,0.085633,0.080562,0.075483,0.07049,0.065613,0.060857,0.056222,0.05172,0.055047,-0.050604,0.047375,0.043268,0.039438,0.035928,0.032862,0.030506,0.029041,0.028574,0.029113,0.03063,0.03298,0.035946,0.039366,0.043147,0.04723,0.051569,0.056102,0.060778,0.065562,0.070462,0.08,0.028574,True,8957,0.585,0.56354,0.54209,0.52066,0.49923,0.47782,0.45643,0.43504,0.4137,0.39241,0.37117,0.34997,0.32883,0.30776,0.28677,0.26585,0.24502,0.22431,0.20378,0.18349,0.16355,0.14408,0.12529,0.10751,0.091359,0.077828,0.068497,0.065194,0.068784,0.078326,0.091974,0.10817,0.12592,0.14468,0.16409,0.18394,0.20411,0.22451,0.24504,0.26573,0.28652,0.069787,0.065194,8856,0.47774,0.45676,0.43581,0.41491,0.39409,0.37337,0.35275,0.33224,0.31186,0.29163,0.27157,0.25174,0.23219,0.213,0.19429,0.1762,0.15895,0.14282,0.12821,0.1157,0.10604,0.10006,0.098437,0.10138,0.10851,0.11908,0.13227,0.14736,0.16382,0.18129,0.1995,0.21827,0.23744,0.25694,0.27671,0.29667,0.31675,0.33695,0.35724,0.37761,0.39807,0.018537,0.098437,8955,0.54079,0.5193,0.49782,0.47634,0.45489,0.43346,0.41208,0.3907,0.36937,0.34809,0.32685,0.30567,0.28459,0.2636,0.24271,0.22196,0.20142,0.18114,0.16121,0.14182,0.12313,0.10555,0.089701,0.076681,0.068139,0.065834,0.070412,0.080698,0.094841,0.11139,0.12939,0.14834,0.16791,0.18791,0.20821,0.22873,0.2494,0.27019,0.29104,0.31193,0.33288,0.048311,0.065834,8850,0.441,0.4199,0.39885,0.37788,0.35697,0.33616,0.31541,0.29473,0.27416,0.2537,0.2334,0.2133,0.19349,0.17402,0.15507,0.13679,0.11951,0.10374,0.090253,0.080219,0.07504,0.075701,0.082061,0.092954,0.10699,0.12308,0.14052,0.15888,0.17787,0.19731,0.21707,0.23709,0.25732,0.27773,0.29824,0.3188,0.33944,0.36014,0.38088,0.40164,0.42242,0.0038972,0.07504,0.010952,0.16078,0.041196,0.22794,0,0,0.052106,0.071578,0.052448,0.49701,0.0022238,0.11815,0.041638,0.33623,0.010621,0.33768,True
30618_49fe4c54,30618,0.0052443,0.10231,0.013111,0.25578,0.024648,0.48086,0.041954,0.81849,0.063315,1.1813,0.59003,7.133,0.91625,26.279,49.996,0.013786,0.2792,27.249,1,23.092,24.112,0.012111,0.24083,25.073,1,18.102,24.112,0.009515,0.17621,25.794,1.0002,0.13022,0.12493,0.11963,0.11435,0.10902,0.10367,0.098345,0.093076,0.08789,0.082807,0.077837,0.072959,0.068156,0.072367,-0.072039,0.063446,0.058816,0.054333,0.050104,0.046232,0.042806,0.039897,0.037585,0.017527,-0.016732,0.035999,0.03519,0.035192,0.036025,0.037715,0.040192,0.043329,0.046947,0.050871,0.055015,0.059386,0.06394,0.068621,0.073449,0.078429,0.083538,0.088737,0.093973,0.099186,0.10436,0.02,0.03519,0.15921,0.15369,0.14818,0.14271,0.1373,0.13196,0.12665,0.12134,0.11603,0.11069,0.10532,0.099975,0.094673,0.10835,-0.10952,0.089437,0.084291,0.079251,0.074294,0.069403,0.064605,0.059879,0.055273,0.05389,-0.054612,0.050897,0.046845,0.043177,0.039988,0.037376,0.035462,0.034316,0.033999,0.034534,0.035956,0.038225,0.041201,0.04469,0.048535,0.052635,0.056978,0.061523,0.066196,0.071002,0.075954,0.08,0.033999,True,11828,0.48904,0.46824,0.44744,0.42669,0.40598,0.38531,0.36468,0.34411,0.32362,0.30319,0.28289,0.26271,0.24268,0.22285,0.20328,0.18405,0.16529,0.14719,0.13002,0.11419,0.10033,0.089387,0.082512,0.080795,0.084546,0.093104,0.1053,0.12004,0.13652,0.15416,0.17258,0.19158,0.21101,0.23079,0.25082,0.27103,0.29139,0.31187,0.33245,0.35312,0.37386,0.028114,0.080795,11820,0.46904,0.44974,0.43059,0.41162,0.39286,0.37434,0.35611,0.33821,0.3207,0.30364,0.28711,0.27122,0.25608,0.24185,0.22869,0.2168,0.20641,0.19774,0.19101,0.18645,0.18423,0.18442,0.18704,0.19199,0.19909,0.20811,0.21882,0.23096,0.24433,0.25875,0.27406,0.29012,0.30682,0.32404,0.34172,0.35979,0.37816,0.39679,0.41568,0.4348,0.45412,0.0041828,0.18423,11827,0.53497,0.51418,0.4934,0.47263,0.45187,0.43115,0.41046,0.3898,0.3692,0.34867,0.3282,0.30779,0.28748,0.2673,0.24724,0.22738,0.20777,0.18847,0.16961,0.15133,0.13389,0.11767,0.10325,0.091472,0.083451,0.080362,0.082762,0.09021,0.1016,0.11578,0.13184,0.14919,0.16745,0.18632,0.20564,0.22531,0.24523,0.26536,0.28565,0.30607,0.3266,0.050638,0.080362,11722,0.43878,0.41805,0.39736,0.37671,0.35614,0.33567,0.31528,0.29499,0.27485,0.25489,0.23515,0.21571,0.19663,0.17806,0.16016,0.14319,0.12752,0.1137,0.1025,0.09481,0.09152,0.093117,0.099383,0.10952,0.12256,0.13769,0.15428,0.17194,0.19035,0.20931,0.2287,0.24842,0.2684,0.28858,0.30892,0.32936,0.34991,0.37057,0.3913,0.4121,0.43296,0.0017529,0.09152,0.012111,0.14195,0.041524,0.26997,0,0,0.052917,0.31955,0.029841,0.12972,0.014792,0.16109,0.041951,0.27301,0.016091,0.30274,True
30618_4d487b0d,30618,0.0087676,0.068539,0.021919,0.17135,0.041208,0.32213,0.070141,0.54831,0.099361,0.85899,0.73144,7.2258,0.83961,24.187,49.966,0.030871,0.15626,25.656,1,15.168,34.825,0.013282,0.10412,26.857,1,13.368,34.825,0.012573,0.092948,26.493,1.0012,0.77455,0.77347,0.77243,0.77143,0.77047,0.76955,0.76868,0.76786,0.76709,0.76638,0.76573,0.76513,0.76456,0.053026,-0.04589,0.76404,0.76357,0.76314,0.76276,0.76243,0.76216,0.76195,0.76179,-0.0042237,0.012502,0.76168,0.76161,0.76158,0.76159,0.76165,0.76177,0.76194,0.76216,0.76244,0.76278,0.76317,0.76359,0.76404,0.76454,0.7651,0.76571,0.76637,0.76709,0.76786,0.76869,0.03,0.76158,0.78654,0.78498,0.78348,0.78203,0.78063,0.77928,0.77797,0.7767,0.77548,0.7743,0.77316,0.77206,0.77101,0.12205,-0.11793,0.77002,0.76907,0.76818,0.76734,0.76655,0.7658,0.76509,0.76444,0.065037,-0.059666,0.76383,0.76327,0.76276,0.7623,0.7619,0.76156,0.76125,0.761,0.76079,0.76063,0.76051,0.76044,0.76042,0.76045,0.76054,0.76069,0.76089,0.76112,0.76141,0.76175,0.13,0.76042,True,8360,0.69879,0.67325,0.64771,0.62216,0.59663,0.57111,0.5456,0.5201,0.49461,0.46913,0.44367,0.41824,0.39287,0.36755,0.34228,0.31707,0.29193,0.26688,0.24198,0.21726,0.19282,0.16872,0.14516,0.12247,0.1012,0.082453,0.068364,0.062182,0.066179,0.078861,0.096862,0.11774,0.14019,0.16357,0.18754,0.2119,0.23654,0.26139,0.28639,0.31153,0.33677,0.071113,0.062182,8355,0.57215,0.54671,0.52125,0.49582,0.47041,0.44506,0.41975,0.39446,0.36923,0.34406,0.31895,0.29393,0.269,0.24421,0.2196,0.19526,0.17131,0.14795,0.1255,0.10454,0.086166,0.072363,0.066042,0.06929,0.08098,0.098139,0.11843,0.14049,0.16359,0.18735,0.21155,0.23605,0.26079,0.28568,0.3107,0.33581,0.36096,0.38618,0.41144,0.43674,0.46208,0.021656,0.066042,8362,0.6629,0.63736,0.61183,0.58631,0.56081,0.5353,0.50979,0.48433,0.4589,0.43351,0.40813,0.38277,0.35745,0.33219,0.307,0.28189,0.2569,0.23204,0.20739,0.18302,0.1591,0.13584,0.11363,0.093194,0.076001,0.064692,0.062565,0.070454,0.085645,0.10502,0.12666,0.14959,0.17329,0.19747,0.22199,0.24676,0.2717,0.2968,0.322,0.34726,0.37253,0.05705,0.062565,8356,0.56238,0.53691,0.51146,0.48604,0.46067,0.43531,0.41,0.38475,0.35956,0.33445,0.30942,0.28451,0.25973,0.23513,0.2108,0.18686,0.16349,0.14092,0.11962,0.10038,0.084597,0.074533,0.072607,0.079425,0.093111,0.11116,0.13187,0.15411,0.17729,0.2011,0.2253,0.24981,0.27455,0.29944,0.32445,0.34955,0.37475,0.40001,0.42532,0.45068,0.47607,0.017147,0.072607,0.013282,0.10438,0.056763,0.23908,0,0,0.061922,0.002184,0.083423,0.40716,0.028813,0.064672,0.070142,0.30278,0.051237,0.30279,True
30618_616ec56b,30618,0.0053494,0.11143,0.013374,0.27858,0.025142,0.52374,0.042796,0.89147,0.06555,1.2716,0.61422,7.4808,0.84034,32.139,49.998,0.016948,0.41851,33.359,0.99992,16.168,17.642,0.008649,0.18273,26.512,1,14.987,17.642,0.0079918,0.17965,28.822,1.0005,0.12807,0.12229,0.11656,0.11087,0.10516,0.099443,0.093745,0.088078,0.082435,0.076833,0.0713,0.065846,0.060531,0.060313,-0.066038,0.055355,0.050327,0.045507,0.040995,0.036868,0.033255,0.030373,0.028437,0.0067734,-0.0086416,0.027704,0.028287,0.030057,0.032832,0.036411,0.040572,0.045086,0.049861,0.054841,0.059959,0.065238,0.070624,0.076082,0.081629,0.08726,0.092939,0.098613,0.1043,0.10998,0.11566,0.01,0.027704,0.16833,0.16256,0.15682,0.15107,0.1453,0.13951,0.13373,0.12797,0.12224,0.11653,0.11084,0.10517,0.099564,0.1068,-0.11158,0.093983,0.088408,0.08286,0.077383,0.071991,0.0667,0.061535,0.056532,0.053476,-0.054268,0.051728,0.047195,0.042985,0.039179,0.035929,0.033456,0.031947,0.031504,0.032162,0.03386,0.036463,0.039752,0.04358,0.047839,0.052425,0.057286,0.062342,0.067524,0.072812,0.078185,0.08,0.031504,True,10799,0.50899,0.48849,0.46808,0.4477,0.42738,0.40712,0.38693,0.36682,0.34683,0.32698,0.3073,0.28782,0.2686,0.24969,0.23115,0.21308,0.19561,0.17891,0.1632,0.14881,0.13615,0.12574,0.11817,0.11401,0.11367,0.11719,0.12423,0.13424,0.14661,0.16078,0.17632,0.19291,0.21028,0.22825,0.24668,0.26552,0.28464,0.30401,0.32358,0.34332,0.36319,0.035878,0.11367,10892,0.40788,0.38819,0.36867,0.34935,0.33031,0.31154,0.29313,0.27512,0.25759,0.24069,0.22456,0.20935,0.19528,0.18263,0.17172,0.16288,0.15646,0.15276,0.15199,0.15419,0.15925,0.16687,0.17671,0.18845,0.20178,0.21638,0.23201,0.24847,0.26561,0.28331,0.30151,0.32011,0.33901,0.35821,0.37763,0.39725,0.41703,0.43695,0.45698,0.47711,0.49731,-0.022416,0.15199,10810,0.54581,0.52512,0.50449,0.48394,0.46343,0.44299,0.42257,0.40221,0.38194,0.36177,0.34173,0.32183,0.3021,0.28258,0.26332,0.24439,0.22591,0.20794,0.19059,0.17411,0.15874,0.14481,0.13281,0.1233,0.11687,0.11401,0.11501,0.11978,0.1279,0.1388,0.15188,0.16661,0.18259,0.19953,0.21718,0.23537,0.25402,0.27302,0.29229,0.31181,0.33151,0.052428,0.11401,10792,0.4448,0.42464,0.40459,0.3847,0.36497,0.34543,0.32616,0.30715,0.28849,0.27021,0.25241,0.23519,0.21874,0.20324,0.18887,0.17596,0.16484,0.15589,0.14949,0.14599,0.14558,0.14828,0.15396,0.16224,0.17276,0.18517,0.19912,0.21429,0.23045,0.24739,0.26496,0.28305,0.30161,0.32054,0.33975,0.35923,0.37892,0.39879,0.41879,0.43894,0.45919,-0.0037009,0.14558,0.008649,0.12225,0.04615,0.49757,0,0,0.053636,0.75057,0.034149,0.20957,0.013112,0.17971,0.042797,0.33125,0.011045,0.43249,False
30618_67b89902,30618,0.0047476,0.071345,0.011869,0.17836,0.022314,0.33532,0.037981,0.57076,0.05756,0.90548,0.50599,8.2062,0.94261,21.703,49.981,0.0098258,0.1548,22.497,0.9999,21.041,28.981,0.0099889,0.15014,25.335,1,16.237,28.881,0.0074723,0.11643,24.445,1.0004,0.090484,0.085721,0.081038,0.076455,0.071972,0.067583,0.063264,0.058969,0.054682,0.050443,0.0463,0.042304,0.03861,0.039632,-0.035247,0.035297,0.03245,0.030123,0.028382,0.027304,0.026949,0.027427,0.028775,-0.013297,0.014679,0.030902,0.033653,0.036863,0.040405,0.044136,0.048003,0.052011,0.05615,0.060429,0.064855,0.06941,0.074006,0.078612,0.083213,0.087774,0.092312,0.096874,0.10148,0.10613,0.11087,-0.02,0.026949,0.13786,0.13298,0.12815,0.1234,0.11872,0.1141,0.10952,0.10491,0.10024,0.095538,0.090804,0.086044,0.081364,0.10615,-0.098447,0.076783,0.072302,0.067916,0.063598,0.059304,0.055022,0.050789,0.046654,0.053563,-0.048471,0.042663,0.038972,0.035657,0.032806,0.030465,0.028701,0.027589,0.027191,0.027615,0.02891,0.030983,0.033688,0.036856,0.040364,0.044065,0.047909,0.051898,0.056024,0.060291,0.064707,0.08,0.027191,True,9631,0.52839,0.50925,0.49011,0.47099,0.45186,0.43278,0.41372,0.39466,0.37562,0.35659,0.33758,0.31862,0.29971,0.2808,0.26193,0.24314,0.22441,0.20576,0.18722,0.16883,0.15063,0.13271,0.1152,0.098348,0.082547,0.06849,0.057462,0.051482,0.052318,0.059679,0.071579,0.086162,0.1023,0.11936,0.137,0.15502,0.17329,0.19174,0.21032,0.22899,0.24774,0.073824,0.051482,9532,0.43407,0.41507,0.39608,0.37712,0.35819,0.3393,0.32044,0.30163,0.2829,0.26427,0.24575,0.22733,0.20907,0.19099,0.17319,0.15573,0.13874,0.1224,0.10705,0.093192,0.081587,0.073324,0.06958,0.071066,0.07747,0.087724,0.10066,0.11539,0.13125,0.1479,0.16509,0.18269,0.2006,0.21873,0.23704,0.25549,0.27408,0.29278,0.31156,0.33039,0.34923,0.022191,0.06958,9632,0.48848,0.46937,0.45024,0.4311,0.412,0.39291,0.37384,0.35479,0.33576,0.31678,0.2978,0.27887,0.25998,0.24115,0.22239,0.20372,0.18516,0.16676,0.14858,0.13067,0.11321,0.096439,0.080771,0.067021,0.05655,0.051401,0.053148,0.06121,0.073534,0.088331,0.10456,0.12167,0.13933,0.15732,0.17558,0.19402,0.21261,0.2313,0.25008,0.26892,0.28782,0.052526,0.051401,9532,0.39789,0.37889,0.35991,0.34096,0.32203,0.30315,0.28433,0.2656,0.24696,0.22841,0.20999,0.19173,0.17368,0.15594,0.1386,0.12182,0.10589,0.091264,0.078696,0.069311,0.064493,0.065266,0.071441,0.081791,0.094972,0.10997,0.12611,0.14301,0.16039,0.17816,0.1962,0.21445,0.23286,0.2514,0.27006,0.28883,0.30767,0.32657,0.34548,0.3644,0.38334,0.0036527,0.064493,0.0099889,0.15033,0.037831,0.21965,0,0,0.047688,0.084688,0.047842,0.4647,0.0035988,0.11752,0.037983,0.31437,0.010076,0.31781,True
30618_68847170,30618,0.0050165,0.061837,0.012541,0.15459,0.023577,0.29063,0.040132,0.4947,0.060719,0.78529,0.55006,7.3765,0.88842,28.407,49.996,0.013419,0.16254,29.82,1,23.094,25.285,0.011585,0.14265,25.074,1,18.11,23.569,0.0088243,0.11178,26.689,0.99987,0.11817,0.11316,0.10809,0.10297,0.097815,0.092696,0.087635,0.082659,0.077763,0.072914,0.068146,0.06345,0.05876,0.065026,-0.065111,0.05409,0.049505,0.045133,0.041066,0.037403,0.034162,0.031402,0.029323,0.01225,-0.012089,0.028072,0.027663,0.028153,0.029609,0.03198,0.035106,0.038761,0.042682,0.046804,0.0511,0.055559,0.060138,0.064828,0.069648,0.074576,0.079598,0.084661,0.089666,0.094642,0.09961,0.02,0.027663,0.14701,0.14182,0.13666,0.13155,0.12645,0.12139,0.11636,0.1113,0.10621,0.1011,0.096018,0.090986,0.086004,0.10141,-0.10222,0.081076,0.076183,0.071366,0.066627,0.061932,0.057286,0.052735,0.048382,0.049044,-0.049633,0.044286,0.040499,0.037041,0.033977,0.031509,0.029796,0.028883,0.028842,0.029764,0.031625,0.034288,0.037549,0.041157,0.045042,0.049165,0.053502,0.057982,0.062586,0.067325,0.072177,0.08,0.028842,True,11608,0.49577,0.47448,0.45322,0.43201,0.41083,0.38966,0.36853,0.34742,0.32635,0.30536,0.28445,0.26364,0.2429,0.22227,0.2018,0.18152,0.16152,0.14191,0.12286,0.10469,0.087987,0.073751,0.063657,0.059845,0.0634,0.073249,0.087283,0.10382,0.12186,0.14083,0.16038,0.18033,0.20055,0.22097,0.24153,0.26218,0.28292,0.30374,0.32461,0.34553,0.36645,0.03018,0.059845,11609,0.44955,0.42963,0.40986,0.39025,0.37083,0.35167,0.33277,0.31419,0.29596,0.27815,0.26086,0.2442,0.22829,0.21334,0.19958,0.18725,0.17662,0.168,0.16172,0.15805,0.15718,0.15914,0.16384,0.17107,0.18052,0.19186,0.20477,0.21895,0.23417,0.25025,0.26704,0.28439,0.30221,0.32045,0.33906,0.35792,0.37702,0.39632,0.4158,0.43543,0.45519,-0.0019237,0.15718,11609,0.54458,0.52329,0.502,0.48072,0.45946,0.43824,0.41707,0.39592,0.37478,0.35368,0.33261,0.31161,0.2907,0.26988,0.24913,0.22848,0.20798,0.18765,0.16757,0.14783,0.1286,0.11012,0.092889,0.077761,0.066172,0.060217,0.061503,0.069614,0.082555,0.098443,0.11608,0.13479,0.15418,0.174,0.19413,0.21449,0.235,0.25561,0.27632,0.2971,0.31794,0.053278,0.060217,11607,0.44102,0.42006,0.39915,0.37828,0.35746,0.33668,0.31595,0.29529,0.27473,0.25429,0.23399,0.21391,0.19409,0.17458,0.1555,0.13704,0.1195,0.10334,0.089314,0.078541,0.072507,0.072387,0.078216,0.088822,0.10274,0.11881,0.13626,0.15464,0.17366,0.19311,0.21285,0.23283,0.25299,0.27327,0.29365,0.31414,0.33473,0.35536,0.37601,0.39668,0.41737,0.0051949,0.072387,0.011585,0.14317,0.040048,0.38527,0,0,0.050492,0.51368,0.028546,0.12957,0.0088584,0.16979,0.040132,0.27273,0.010998,0.32763,True
30618_68d1748a,30618,0.018141,0.10202,0.045351,0.25505,0.08526,0.4795,0.14512,0.81617,0.17395,1.1825,1.1955,7.2373,0.86008,31.099,49.986,0.050235,0.27197,31.966,1,23.098,24.507,0.041945,0.20032,25.072,1,20.337,24.507,0.040369,0.18558,27.404,1,0.21894,0.21592,0.21299,0.21015,0.20738,0.20468,0.20208,0.19959,0.19721,0.19494,0.19281,0.19082,0.18897,0.081124,-0.076494,0.18725,0.18563,0.18414,0.18279,0.18161,0.18059,0.17971,0.17902,0.028153,-0.023411,0.17854,0.17823,0.17807,0.17804,0.17814,0.17842,0.17888,0.17951,0.18028,0.18121,0.18231,0.18357,0.18496,0.18647,0.1881,0.1899,0.19182,0.19388,0.19604,0.19832,0.04,0.17804,0.23579,0.23231,0.22892,0.22561,0.22239,0.21926,0.21623,0.21329,0.21045,0.20767,0.20495,0.20234,0.19985,0.11433,-0.11012,0.19745,0.19517,0.19303,0.19103,0.18917,0.18743,0.1858,0.1843,0.061641,-0.057153,0.18294,0.18175,0.18072,0.17984,0.17913,0.17864,0.17832,0.17815,0.17811,0.17821,0.17848,0.17893,0.17954,0.1803,0.18123,0.18231,0.18356,0.18494,0.18644,0.18806,0.09,0.17811,True,8668,0.46442,0.44425,0.42407,0.40394,0.38387,0.3638,0.34376,0.32377,0.30382,0.28393,0.26411,0.24435,0.22469,0.2052,0.18591,0.16686,0.14815,0.12993,0.11243,0.096032,0.081433,0.069752,0.062647,0.061697,0.067172,0.077744,0.091681,0.10767,0.12493,0.14298,0.16157,0.18052,0.19976,0.21917,0.23872,0.25838,0.27814,0.29797,0.31784,0.33778,0.35775,0.026435,0.061697,8666,0.46578,0.44568,0.42557,0.40549,0.38548,0.36548,0.34552,0.32562,0.30577,0.28598,0.26628,0.24668,0.22723,0.20798,0.18893,0.17017,0.15181,0.13404,0.11709,0.10142,0.087659,0.076842,0.070356,0.069433,0.074285,0.083901,0.096893,0.1121,0.12871,0.14626,0.16444,0.18307,0.20203,0.22121,0.24057,0.26008,0.2797,0.2994,0.31919,0.33904,0.35895,0.026561,0.069433,8668,0.51004,0.48984,0.46966,0.44949,0.42932,0.40919,0.3891,0.36905,0.34904,0.32905,0.3091,0.2892,0.26938,0.24963,0.22995,0.21038,0.19102,0.17188,0.15303,0.13463,0.11689,0.10014,0.08496,0.072356,0.063891,0.061268,0.065176,0.074608,0.08781,0.10334,0.12031,0.13819,0.15666,0.17553,0.19469,0.21409,0.23363,0.25329,0.27304,0.29289,0.31278,0.048991,0.061268,8667,0.43341,0.41328,0.39322,0.3732,0.35321,0.33326,0.31338,0.29355,0.2738,0.25412,0.23458,0.2152,0.19602,0.17707,0.15847,0.14038,0.12297,0.10661,0.091852,0.07957,0.071045,0.067747,0.070422,0.078455,0.090432,0.10502,0.12125,0.13857,0.15661,0.17515,0.19405,0.21321,0.23254,0.25202,0.27163,0.29132,0.3111,0.33094,0.35085,0.3708,0.39079,0.010533,0.067747,0.041945,0.18341,0.13274,0.20363,0,0,0.1815,0.12437,0.10321,0.16191,0.013988,0.16589,0.14512,0.34096,0.03683,0.34558,False
30618_6cb3280a,30618,0.0051651,0.064678,0.012913,0.1617,0.024276,0.30399,0.041321,0.51743,0.062706,0.81593,0.57887,7.7974,0.90296,34.263,50,0.017519,0.23885,35.344,0.99991,15.168,34.827,0.0078325,0.099775,26.854,0.99991,15.016,15.305,0.0077726,0.099263,29.912,1.0008,0.10502,0.099758,0.094551,0.089379,0.084218,0.079033,0.073829,0.068667,0.06362,0.058729,0.054035,0.049571,0.045336,0.044033,-0.040787,0.041385,0.037783,0.034561,0.031898,0.030054,0.02929,0.029694,0.03117,-0.011613,0.012491,0.033497,0.03644,0.039898,0.043757,0.047891,0.052301,0.05695,0.061811,0.066832,0.071935,0.077056,0.08217,0.087317,0.092506,0.097722,0.103,0.10833,0.11373,0.11916,0.1246,-0.02,0.02929,0.15902,0.15362,0.14826,0.14291,0.13756,0.13216,0.1267,0.12123,0.11579,0.1104,0.10507,0.099814,0.094605,0.11315,-0.1074,0.089431,0.084267,0.079079,0.073872,0.068707,0.063657,0.058763,0.054066,0.057807,-0.054076,0.0496,0.045365,0.041414,0.03781,0.034584,0.031916,0.030066,0.029294,0.029689,0.031158,0.033477,0.036414,0.039868,0.043723,0.047854,0.052259,0.056903,0.06176,0.066777,0.071876,0.08,0.029294,True,11731,0.56093,0.54017,0.51944,0.49872,0.47801,0.4573,0.43662,0.41596,0.3953,0.37468,0.35412,0.33359,0.31312,0.29272,0.27242,0.25222,0.23216,0.21226,0.19257,0.17318,0.15421,0.13583,0.11832,0.10214,0.087996,0.077036,0.070773,0.070474,0.076189,0.086735,0.10062,0.11666,0.13409,0.15242,0.17137,0.19071,0.21038,0.23029,0.25038,0.2706,0.29096,0.06548,0.070474,11729,0.45889,0.43816,0.41747,0.3968,0.37617,0.35557,0.335,0.31449,0.29405,0.27369,0.25347,0.23337,0.21345,0.19376,0.17438,0.15538,0.13697,0.11942,0.10317,0.088951,0.077867,0.071407,0.07084,0.076309,0.086683,0.10045,0.11642,0.13379,0.15209,0.17102,0.19038,0.21006,0.23001,0.25015,0.27042,0.29081,0.3113,0.33185,0.35247,0.37313,0.39382,0.01591,0.07084,11732,0.53094,0.51022,0.48952,0.46883,0.44812,0.42743,0.40674,0.3861,0.36548,0.34494,0.32448,0.30408,0.28376,0.26353,0.24339,0.22343,0.20363,0.18408,0.16491,0.14623,0.12825,0.11132,0.095995,0.083176,0.074161,0.07042,0.07279,0.080746,0.092859,0.10773,0.12439,0.14219,0.16077,0.17988,0.19938,0.21913,0.2391,0.25923,0.27948,0.29985,0.32032,0.051145,0.07042,11729,0.4442,0.42351,0.40286,0.38225,0.36167,0.34113,0.32064,0.30022,0.27989,0.2597,0.23963,0.21973,0.20005,0.18067,0.16168,0.14323,0.12561,0.10919,0.09461,0.082841,0.075224,0.073078,0.07687,0.085818,0.098521,0.11374,0.13058,0.14848,0.16712,0.18624,0.20574,0.22553,0.24554,0.2657,0.28598,0.30638,0.32687,0.34743,0.36805,0.3887,0.40938,0.0085885,0.073078,0.0078325,0.096365,0.043824,0.2224,0,0,0.051652,0.0015078,0.049155,0.37587,0.0025304,0.058342,0.041323,0.27951,0.01033,0.27951,True
30618_748832b9,30618,0.005494,0.06677,0.013735,0.16693,0.025822,0.31382,0.043952,0.53416,0.066768,0.84598,0.59565,7.716,0.87898,32.685,49.99,0.018148,0.2335,34.027,0.99991,15.169,15.304,0.0083341,0.10282,26.855,1,14.498,15.304,0.0080153,0.10113,29.396,1.0008,0.10714,0.10167,0.096317,0.091051,0.085805,0.080506,0.075106,0.069725,0.064427,0.059244,0.054273,0.049592,0.045236,0.043758,-0.041484,0.041235,0.037593,0.034346,0.031623,0.029772,0.029046,0.029563,0.031215,-0.013381,0.013375,0.033785,0.037038,0.040781,0.044871,0.049252,0.053913,0.058793,0.063869,0.069131,0.07445,0.079758,0.085054,0.090351,0.095667,0.10104,0.10654,0.11209,0.1177,0.12337,0.12902,-0.02,0.029046,0.16286,0.15726,0.15177,0.14634,0.1409,0.13538,0.12972,0.12402,0.11833,0.11263,0.10703,0.10155,0.096198,0.11442,-0.1097,0.09093,0.085678,0.080371,0.074961,0.06957,0.06426,0.059065,0.054085,0.057483,-0.054964,0.049393,0.045028,0.041018,0.037369,0.034109,0.03137,0.029505,0.028773,0.029297,0.030971,0.033569,0.036853,0.040625,0.044742,0.049146,0.053824,0.058718,0.063805,0.069076,0.074404,0.08,0.028773,True,10137,0.63621,0.61288,0.58957,0.56628,0.54302,0.51981,0.49663,0.47342,0.45022,0.42703,0.40388,0.38076,0.35769,0.33465,0.31165,0.28874,0.26596,0.24328,0.22076,0.19847,0.17649,0.15496,0.13406,0.11415,0.095858,0.080329,0.069415,0.065469,0.06965,0.080705,0.096297,0.11459,0.13449,0.15538,0.1769,0.19883,0.22105,0.24346,0.26603,0.28874,0.31156,0.069851,0.065469,10136,0.522,0.49886,0.47573,0.45263,0.42957,0.40656,0.38362,0.36074,0.33792,0.31518,0.29259,0.27014,0.24791,0.22595,0.2043,0.18308,0.16246,0.1427,0.12424,0.10771,0.094178,0.085059,0.081829,0.085133,0.094292,0.10784,0.12434,0.14279,0.16253,0.18314,0.20435,0.22601,0.248,0.27024,0.29266,0.31517,0.33778,0.3605,0.38329,0.40616,0.42907,0.019942,0.081829,10140,0.60037,0.5771,0.55385,0.53061,0.5074,0.48422,0.46105,0.4379,0.41476,0.39165,0.36858,0.34555,0.32259,0.29971,0.27691,0.25422,0.23167,0.20931,0.18721,0.16548,0.14429,0.12393,0.10487,0.087967,0.074716,0.067214,0.067433,0.075348,0.088926,0.10601,0.12515,0.14557,0.1668,0.18857,0.21068,0.23306,0.25565,0.27839,0.30124,0.32416,0.34715,0.05473,0.067214,10136,0.50024,0.47702,0.45382,0.43064,0.40752,0.38444,0.36139,0.3384,0.31546,0.29266,0.26995,0.2474,0.22504,0.2029,0.18109,0.15972,0.13902,0.11933,0.10126,0.085844,0.074682,0.069837,0.072576,0.082151,0.096564,0.114,0.13327,0.1537,0.17488,0.19657,0.21862,0.24093,0.26345,0.28608,0.30879,0.33159,0.35446,0.3774,0.40038,0.42337,0.4464,0.011422,0.069837,0.0083341,0.10283,0.046534,0.23603,0,0,0.054764,0.016936,0.052292,0.40101,0.0039611,0.063719,0.043957,0.29818,0.011774,0.29822,True
30618_76e1f9c7,30618,0.0052288,0.062666,0.013072,0.15667,0.024575,0.29453,0.04183,0.50133,0.063581,0.77849,0.57382,6.9963,0.86384,33.582,49.996,0.017702,0.22864,34.526,0.99992,23.103,26.745,0.01208,0.14693,25.068,1,21.077,26.745,0.011082,0.13933,28.386,0.99996,0.12607,0.12065,0.11526,0.10992,0.10464,0.0994,0.094161,0.088901,0.083651,0.078414,0.073225,0.0681,0.063065,0.070523,-0.067056,0.058175,0.053457,0.048952,0.044671,0.040662,0.037025,0.033841,0.031277,0.015711,-0.013762,0.029522,0.028759,0.02909,0.030473,0.032802,0.035898,0.039573,0.043624,0.047912,0.052382,0.057018,0.061808,0.066707,0.071694,0.076781,0.081986,0.087289,0.092614,0.097936,0.10324,0.02,0.028759,0.15372,0.14834,0.14292,0.13748,0.13203,0.12661,0.1212,0.11581,0.11048,0.10521,0.099979,0.094747,0.08949,0.10524,-0.10107,0.084242,0.079008,0.073825,0.06871,0.063685,0.058807,0.054103,0.049611,0.050663,-0.047794,0.045344,0.041348,0.037723,0.034543,0.031967,0.030173,0.029344,0.029586,0.030868,0.033096,0.0361,0.039696,0.043681,0.047914,0.052337,0.056935,0.061692,0.06656,0.071521,0.076585,0.07,0.029344,True,12834,0.48974,0.46873,0.44774,0.42675,0.40579,0.38486,0.36396,0.34309,0.32226,0.30148,0.28076,0.26011,0.23956,0.21912,0.19884,0.17878,0.15906,0.1398,0.12119,0.10364,0.087758,0.07462,0.065879,0.0634,0.067869,0.07809,0.092169,0.10862,0.12654,0.14538,0.16481,0.18467,0.20483,0.22523,0.24578,0.26645,0.2872,0.30803,0.32894,0.3499,0.37091,0.028533,0.0634,12833,0.49406,0.47312,0.4522,0.43129,0.41042,0.38961,0.36888,0.34821,0.32761,0.30711,0.28673,0.2665,0.24647,0.22666,0.20717,0.1881,0.16959,0.15183,0.13511,0.11991,0.10686,0.09683,0.090824,0.089663,0.093513,0.10182,0.1136,0.12791,0.144,0.16133,0.17956,0.1984,0.21773,0.23742,0.25738,0.27753,0.29786,0.31834,0.33895,0.35966,0.38047,0.02729,0.089663,12837,0.53829,0.51726,0.49625,0.47527,0.4543,0.43334,0.41239,0.39148,0.37058,0.34971,0.32887,0.3081,0.28738,0.26674,0.2462,0.22577,0.20551,0.18548,0.16573,0.1464,0.12766,0.10984,0.093475,0.07945,0.069193,0.06455,0.066709,0.075084,0.087906,0.10354,0.12092,0.13939,0.15858,0.17825,0.19826,0.21855,0.23902,0.25962,0.28031,0.30109,0.32193,0.051867,0.06455,12834,0.45137,0.43038,0.40942,0.3885,0.36764,0.34683,0.32608,0.30541,0.28485,0.26439,0.24405,0.22386,0.2039,0.18426,0.16504,0.1464,0.12858,0.112,0.097305,0.085469,0.077814,0.075622,0.079331,0.088205,0.10088,0.11613,0.13308,0.15115,0.16999,0.18937,0.20915,0.22924,0.24953,0.26999,0.2906,0.31131,0.33212,0.353,0.37395,0.39493,0.41594,0.0086917,0.075622,0.01208,0.13488,0.038846,0.15642,0,0,0.052747,0.10511,0.029752,0.12306,0.0059443,0.12952,0.041832,0.2591,0.011695,0.26408,False
30618_7b4d83f4,30618,0.0050509,0.065793,0.012627,0.16448,0.023739,0.30923,0.040407,0.52635,0.061604,0.82842,0.56222,7.5942,0.93552,25.594,49.978,0.012568,0.16932,26.66,1,23.099,25.315,0.011667,0.15295,25.075,1,17.78,24.037,0.0088621,0.1205,25.604,0.99965,0.12297,0.11782,0.11265,0.10742,0.10213,0.096788,0.091489,0.086265,0.081112,0.076043,0.07108,0.066224,0.061408,0.069068,-0.066887,0.056606,0.051835,0.047171,0.042769,0.038739,0.035133,0.032053,0.029642,0.014971,-0.013811,0.028071,0.027408,0.027727,0.029062,0.031347,0.034456,0.038185,0.042272,0.046565,0.050991,0.055541,0.060215,0.065012,0.069955,0.075034,0.080214,0.08546,0.090699,0.095889,0.10102,0.02,0.027408,0.151,0.14559,0.14021,0.13487,0.12959,0.12438,0.11923,0.11407,0.10886,0.10359,0.098278,0.093014,0.08781,0.10356,-0.10169,0.082655,0.077578,0.072595,0.067716,0.062886,0.058079,0.053305,0.048639,0.0501,-0.049118,0.044222,0.040141,0.03644,0.033232,0.03065,0.028867,0.027973,0.028051,0.029143,0.0312,0.03411,0.037664,0.041624,0.045823,0.050182,0.054689,0.059329,0.064084,0.068984,0.074022,0.07,0.027973,True,10439,0.47721,0.45632,0.43547,0.41461,0.39375,0.37291,0.3521,0.33133,0.3106,0.28994,0.26932,0.24877,0.22832,0.20799,0.18782,0.16785,0.1482,0.12899,0.11045,0.093017,0.077392,0.064908,0.05764,0.057593,0.064804,0.077269,0.092897,0.11034,0.12884,0.14802,0.16765,0.18761,0.20781,0.22818,0.24868,0.26928,0.28994,0.31069,0.3315,0.35235,0.37323,0.025061,0.057593,10435,0.47232,0.45284,0.43352,0.41437,0.39542,0.3767,0.35823,0.34008,0.32227,0.3049,0.288,0.27168,0.25607,0.24129,0.22751,0.21492,0.20374,0.19422,0.18662,0.18117,0.17808,0.17747,0.17938,0.18371,0.19031,0.19894,0.20937,0.22134,0.2346,0.24897,0.26425,0.28029,0.29699,0.31423,0.33192,0.35,0.3684,0.38709,0.40605,0.42521,0.44456,0.0073953,0.17747,10441,0.51369,0.49323,0.4728,0.45239,0.43199,0.41161,0.39123,0.37087,0.35053,0.33023,0.30996,0.28976,0.26959,0.24951,0.22954,0.20968,0.18996,0.17045,0.15122,0.13243,0.11427,0.097098,0.081537,0.068666,0.060256,0.058276,0.063338,0.074007,0.088273,0.10466,0.12233,0.14078,0.15976,0.1791,0.19871,0.21854,0.2385,0.25857,0.27873,0.29894,0.31918,0.04776,0.058276,10438,0.43379,0.41288,0.39199,0.37111,0.35028,0.32948,0.30876,0.28809,0.26748,0.24693,0.22647,0.20614,0.18599,0.16609,0.14654,0.12751,0.10926,0.092252,0.077326,0.065898,0.05999,0.061238,0.069249,0.082068,0.097833,0.11536,0.13397,0.15325,0.17297,0.193,0.21324,0.23365,0.25418,0.27481,0.29551,0.3163,0.33715,0.35803,0.37892,0.39983,0.42076,0.0033089,0.05999,0.011667,0.15076,0.038395,0.31119,0,0,0.050618,0.39189,0.028741,0.13723,0.0059386,0.15904,0.040407,0.28891,0.010286,0.31903,True
30618_8158f0b0,30618,0.0051983,0.064568,0.012996,0.16142,0.024432,0.30347,0.041587,0.51654,0.062915,0.81304,0.55913,7.2048,0.85292,30.534,49.993,0.016478,0.19912,32.052,1,16.169,17.972,0.0084056,0.10401,26.511,1,13.957,17.972,0.0073414,0.093544,28.38,1.0009,0.11835,0.1132,0.10801,0.1028,0.09764,0.092538,0.087509,0.082564,0.077646,0.072799,0.068042,0.063313,0.058618,0.062364,-0.063139,0.054024,0.049643,0.045546,0.041811,0.038473,0.035553,0.033213,0.031599,0.010135,-0.0093667,0.030781,0.030801,0.031749,0.033625,0.036295,0.039575,0.043207,0.047108,0.051236,0.05555,0.060042,0.064663,0.06942,0.074301,0.079284,0.084332,0.089348,0.094367,0.099387,0.10441,0.01,0.030781,0.15234,0.14713,0.14193,0.13673,0.13155,0.1264,0.12125,0.11608,0.1109,0.10576,0.10067,0.095613,0.090599,0.10227,-0.10843,0.085609,0.080691,0.075857,0.071078,0.066371,0.061741,0.057269,0.053007,0.050172,-0.054741,0.048975,0.045188,0.041683,0.038619,0.036121,0.034284,0.03317,0.03286,0.033457,0.034928,0.037146,0.039895,0.043112,0.046717,0.050628,0.054796,0.059143,0.063652,0.068304,0.07308,0.08,0.03286,True,10816,0.51419,0.49317,0.47215,0.45116,0.43023,0.40929,0.38838,0.36751,0.34669,0.32592,0.30523,0.28463,0.26413,0.24377,0.22357,0.20356,0.18379,0.16438,0.14548,0.12729,0.11022,0.094832,0.082062,0.073291,0.070019,0.073033,0.081661,0.094369,0.10974,0.1268,0.14495,0.16382,0.18319,0.20293,0.22294,0.24315,0.26352,0.28401,0.30459,0.32525,0.34595,0.040209,0.070019,10816,0.43399,0.41375,0.39361,0.37358,0.3537,0.33401,0.31451,0.29524,0.27629,0.25767,0.23943,0.22171,0.20465,0.18844,0.17328,0.1595,0.1475,0.13775,0.13072,0.12686,0.12647,0.1296,0.13597,0.14518,0.15672,0.17011,0.18495,0.20094,0.21782,0.23539,0.2535,0.27207,0.29099,0.31019,0.32961,0.34921,0.36899,0.38891,0.40896,0.42913,0.4494,-0.0039093,0.12647,10816,0.54847,0.52739,0.50635,0.48533,0.46431,0.44335,0.4224,0.40146,0.38055,0.3597,0.33889,0.31814,0.29748,0.2769,0.25644,0.23614,0.216,0.19606,0.1764,0.15715,0.13848,0.12064,0.10412,0.089578,0.07814,0.071294,0.070409,0.075721,0.086097,0.09997,0.11608,0.13361,0.15206,0.17114,0.19067,0.21052,0.23062,0.2509,0.27133,0.29187,0.3125,0.056391,0.070409,10816,0.45407,0.43317,0.41227,0.3914,0.37057,0.34981,0.32912,0.3085,0.28799,0.26757,0.24728,0.22715,0.20723,0.18759,0.16835,0.14965,0.13172,0.11492,0.099817,0.087301,0.078602,0.075033,0.07732,0.084991,0.096785,0.1114,0.12789,0.14561,0.16416,0.18326,0.20275,0.22254,0.24257,0.26279,0.28315,0.30364,0.3242,0.34483,0.36552,0.38627,0.40706,0.011115,0.075033,0.0084056,0.10285,0.042951,0.40382,0,0,0.052279,0.60695,0.033182,0.17803,0.012336,0.14844,0.041587,0.28144,0.011332,0.3515,True
30618_87afe526,30618,0.012322,0.083911,0.030805,0.20978,0.057912,0.39438,0.098574,0.67129,0.11852,0.98964,0.87077,7.112,0.90747,27.618,49.999,0.042672,0.17931,28.343,1,23.097,23.875,0.028482,0.19056,25.073,1,17.906,23.648,0.021721,0.1312,26.157,1.0001,0.15587,0.15162,0.14746,0.14333,0.13922,0.13519,0.13128,0.12748,0.12381,0.12032,0.11705,0.11399,0.11113,0.071701,-0.065877,0.10843,0.10592,0.10363,0.10161,0.09986,0.098379,0.097214,0.096378,0.015991,-0.011546,0.095872,0.095703,0.095844,0.096288,0.097066,0.098175,0.099592,0.10125,0.10316,0.10531,0.1077,0.11031,0.11313,0.11616,0.11941,0.12284,0.12645,0.13016,0.13397,0.13786,0.02,0.095703,0.17932,0.17462,0.16995,0.16534,0.16084,0.15646,0.1522,0.14803,0.14389,0.13977,0.13573,0.1318,0.12799,0.10671,-0.10035,0.12431,0.12081,0.11752,0.11444,0.11156,0.10884,0.1063,0.10399,0.051558,-0.04649,0.10194,0.10016,0.098653,0.097458,0.096588,0.096045,0.095837,0.095938,0.096341,0.097079,0.098152,0.099533,0.10116,0.10303,0.10515,0.1075,0.11008,0.11288,0.11588,0.11911,0.07,0.095837,True,9517,0.49042,0.46875,0.4471,0.42546,0.40384,0.38223,0.36065,0.33911,0.31762,0.29617,0.27484,0.25362,0.23256,0.2117,0.19108,0.1708,0.15098,0.13183,0.1137,0.097162,0.083192,0.07327,0.069153,0.071861,0.080686,0.093927,0.11001,0.12787,0.14687,0.16659,0.18681,0.20739,0.22824,0.24929,0.27048,0.29177,0.31317,0.33464,0.35617,0.37774,0.39936,0.021056,0.069153,9517,0.49176,0.47042,0.44916,0.42797,0.40688,0.38587,0.36495,0.34415,0.3235,0.30303,0.28279,0.26282,0.24317,0.22396,0.2053,0.18734,0.17031,0.1545,0.14038,0.12848,0.11945,0.11399,0.11261,0.11545,0.12224,0.13232,0.14503,0.15974,0.17595,0.19329,0.21149,0.23034,0.24968,0.2694,0.28944,0.30973,0.33022,0.35088,0.37172,0.39271,0.41378,0.018256,0.11261,9522,0.53851,0.51679,0.49511,0.47345,0.45181,0.43018,0.40858,0.38702,0.36549,0.34402,0.3226,0.30122,0.27994,0.25877,0.23774,0.21688,0.19622,0.17586,0.15591,0.13659,0.11817,0.10117,0.086464,0.075399,0.069708,0.070696,0.078098,0.090335,0.10576,0.1232,0.14189,0.16139,0.18145,0.20191,0.22266,0.24362,0.26473,0.28595,0.30729,0.32872,0.35022,0.043561,0.069708,9517,0.45156,0.42995,0.4084,0.38689,0.36542,0.34398,0.3226,0.30131,0.28013,0.25908,0.23818,0.21749,0.19708,0.17702,0.15746,0.13859,0.12075,0.10449,0.090623,0.080421,0.075371,0.076508,0.083576,0.09526,0.11009,0.127,0.14528,0.16448,0.18429,0.20453,0.22507,0.24585,0.26678,0.28783,0.309,0.33025,0.35157,0.37297,0.39442,0.41593,0.43748,0.0032,0.075371,0.028482,0.15093,0.090378,0.24494,0,0,0.12323,0.27787,0.070116,0.1382,0.009197,0.1495,0.098574,0.29094,0.024669,0.30658,True
30618_88548b02,30618,0.0049714,0.10055,0.012428,0.25137,0.023365,0.47256,0.039771,0.80436,0.060667,1.1787,0.57455,7.5341,0.88211,28.832,49.999,0.014155,0.22366,29.84,0.99992,5.5298,5.6129,0.0027492,0.055715,31.719,1,5.3282,18.538,0.0026498,0.052662,31.138,1.0063,0.10995,0.10469,0.099439,0.094194,0.088964,0.083815,0.078764,0.073763,0.06883,0.064035,0.059363,0.054793,0.050412,0.046615,-0.048538,0.046273,0.042476,0.039137,0.036355,0.034211,0.032861,0.032435,0.032925,-0.0071725,0.0060518,0.034252,0.036387,0.039245,0.042728,0.046594,0.050728,0.05508,0.059628,0.064319,0.06912,0.074018,0.079018,0.084143,0.089391,0.09463,0.099839,0.10506,0.11031,0.11556,0.12082,-0.01,0.032435,0.16365,0.15826,0.15286,0.14744,0.14199,0.1366,0.13127,0.12595,0.12063,0.11536,0.11011,0.10484,0.099589,0.11346,-0.11693,0.094341,0.08911,0.08396,0.078907,0.073905,0.06897,0.064175,0.059502,0.060043,-0.062406,0.054931,0.050549,0.046409,0.04261,0.039266,0.036477,0.034324,0.032958,0.03251,0.032976,0.034278,0.036388,0.039224,0.042689,0.046541,0.050661,0.055001,0.05954,0.064222,0.069015,0.09,0.03251,True,5201,0.39198,0.37064,0.34935,0.32812,0.30695,0.28589,0.26491,0.24407,0.22343,0.20301,0.18289,0.16316,0.14401,0.1257,0.10868,0.093645,0.081696,0.07431,0.072896,0.077774,0.0879,0.10174,0.11797,0.13575,0.15458,0.17413,0.19417,0.21453,0.23514,0.25597,0.27694,0.29803,0.31921,0.34046,0.36177,0.38316,0.40462,0.42609,0.44761,0.46916,0.49075,-0.022793,0.072896,5303,0.28515,0.26438,0.24372,0.2232,0.20294,0.18295,0.1634,0.14443,0.12628,0.10938,0.094387,0.082447,0.074974,0.073305,0.077842,0.087635,0.10115,0.11711,0.13463,0.15322,0.1725,0.19226,0.21238,0.23277,0.25338,0.27414,0.29504,0.31604,0.33713,0.35827,0.37946,0.40072,0.42203,0.44336,0.46474,0.48616,0.50759,0.52902,0.55046,0.57193,0.59342,-0.072349,0.073305,5298,0.37667,0.35554,0.33446,0.31344,0.29249,0.27165,0.25093,0.23037,0.21,0.18994,0.17023,0.151,0.13249,0.11505,0.099225,0.085898,0.07641,0.072299,0.074441,0.082356,0.094624,0.10978,0.12679,0.14501,0.164,0.18356,0.20354,0.2238,0.24428,0.26492,0.28569,0.30658,0.32754,0.3486,0.36971,0.39082,0.41201,0.43325,0.45452,0.47577,0.49705,-0.028395,0.072299,5202,0.27672,0.25589,0.23525,0.21483,0.19468,0.17489,0.1556,0.13704,0.11956,0.10371,0.09034,0.080691,0.076181,0.077697,0.084942,0.096632,0.11138,0.12813,0.14618,0.16516,0.18481,0.20485,0.22521,0.24584,0.26665,0.28761,0.30867,0.32983,0.35108,0.37239,0.39374,0.41514,0.43658,0.45806,0.47958,0.50113,0.52268,0.54424,0.56581,0.58739,0.60899,-0.07748,0.076181,0.0027492,0.045661,0.047087,0.41838,0,0,0.049774,0.026444,0.042522,0.40874,0.0076047,0.022154,0.039773,0.36308,0.01011,0.36318,False
30618_9c09b081,30618,0.005108,0.097397,0.01277,0.24349,0.024008,0.45776,0.040864,0.77917,0.061585,1.1199,0.56143,6.916,0.9311,22.151,49.979,0.011594,0.28812,22.901,1,16.184,17.912,0.0082663,0.15862,26.509,1,12.808,17.297,0.0066422,0.14261,25.402,1.0009,0.11983,0.1147,0.10949,0.10425,0.099036,0.093852,0.088692,0.083613,0.078658,0.073807,0.069043,0.064296,0.059552,0.063678,-0.064952,0.054869,0.050326,0.046004,0.041966,0.038319,0.035182,0.032656,0.030864,0.010765,-0.011819,0.029863,0.029725,0.030507,0.03221,0.034745,0.037952,0.041598,0.045528,0.049691,0.054054,0.05859,0.063259,0.06804,0.072925,0.077909,0.08299,0.088072,0.093108,0.09813,0.10317,0.02,0.029725,0.15133,0.14604,0.14078,0.13558,0.13041,0.12526,0.12008,0.11487,0.10969,0.10454,0.099429,0.094335,0.08928,0.10173,-0.10578,0.084282,0.079357,0.074508,0.069681,0.064893,0.06021,0.055662,0.051306,0.049227,-0.052662,0.047173,0.043308,0.03978,0.036718,0.034244,0.032435,0.031432,0.031361,0.032235,0.034005,0.036538,0.039595,0.043016,0.046773,0.050831,0.055139,0.059638,0.064279,0.069042,0.073914,0.08,0.031361,True,9712,0.4866,0.46613,0.44569,0.42526,0.40486,0.38447,0.36411,0.34378,0.32349,0.30324,0.28305,0.26292,0.24288,0.22293,0.20312,0.1835,0.16412,0.14508,0.12655,0.10878,0.092236,0.077738,0.066644,0.060832,0.061806,0.069286,0.081518,0.096717,0.1137,0.13179,0.15061,0.16992,0.18956,0.20942,0.22943,0.24954,0.26976,0.29006,0.31044,0.33089,0.35137,0.033612,0.060832,9511,0.42389,0.40495,0.38612,0.36742,0.34888,0.33051,0.31238,0.29453,0.277,0.25987,0.24323,0.22716,0.21183,0.1974,0.18408,0.17213,0.16183,0.15353,0.1476,0.14433,0.14389,0.14631,0.15144,0.15902,0.16873,0.1802,0.19315,0.2073,0.22242,0.23834,0.25491,0.27198,0.28947,0.3073,0.32543,0.34384,0.36244,0.38122,0.40017,0.41926,0.43848,-0.0034809,0.14389,9714,0.51665,0.49625,0.47587,0.45549,0.43511,0.41475,0.3944,0.37407,0.35377,0.33352,0.31328,0.29308,0.27292,0.25283,0.23284,0.21297,0.19327,0.17378,0.15458,0.13581,0.11767,0.1005,0.084869,0.071816,0.062955,0.060176,0.064286,0.074155,0.087866,0.10392,0.12141,0.13981,0.15879,0.17818,0.19784,0.2177,0.23771,0.25786,0.27812,0.29845,0.31883,0.049008,0.060176,9512,0.41999,0.40007,0.38018,0.36031,0.34048,0.32067,0.30088,0.28114,0.26147,0.24191,0.22247,0.20319,0.18411,0.1653,0.14688,0.12902,0.11201,0.09628,0.082564,0.072058,0.066312,0.066568,0.072739,0.08353,0.097415,0.11327,0.13039,0.14832,0.16681,0.1857,0.20487,0.22427,0.24383,0.2635,0.28329,0.30314,0.32307,0.34307,0.36309,0.38315,0.40325,0.0045907,0.066312,0.0082663,0.10759,0.039565,0.39536,0,0,0.051419,0.59225,0.032598,0.18465,0.010832,0.15528,0.040864,0.292,0.011145,0.35585,False
30618_a53d5f6f,30618,0.0059147,0.075954,0.014787,0.18988,0.027799,0.35698,0.047318,0.60763,0.070097,0.91125,0.57834,7.0534,0.85534,30.347,49.997,0.017821,0.23884,31.441,0.99983,21.039,21.108,0.012445,0.15923,25.334,1,18.988,21.108,0.011485,0.15046,27.396,1.0008,0.10323,0.098301,0.09343,0.088625,0.083861,0.079163,0.074549,0.070069,0.065759,0.061621,0.057653,0.053925,0.050495,0.040316,-0.036716,0.047419,0.044744,0.042562,0.040952,0.040029,0.039849,0.040402,0.041667,-0.012185,0.014558,0.043575,0.045996,0.048851,0.052078,0.05563,0.059436,0.063477,0.067708,0.072104,0.07667,0.081355,0.086081,0.090837,0.095652,0.10052,0.10541,0.11035,0.11532,0.12033,0.12541,-0.02,0.039849,0.1544,0.14922,0.14408,0.13897,0.13386,0.12876,0.12368,0.11864,0.11366,0.10871,0.10375,0.098825,0.093959,0.10634,-0.10146,0.089159,0.084399,0.079702,0.07509,0.070613,0.066301,0.062159,0.058187,0.053957,-0.050104,0.054455,0.051022,0.04794,0.045254,0.043052,0.041416,0.040458,0.040236,0.040742,0.041958,0.043817,0.046191,0.049001,0.052187,0.055699,0.059474,0.063487,0.067694,0.072067,0.076618,0.08,0.040236,True,10799,0.5814,0.56026,0.53913,0.51802,0.49692,0.47584,0.45478,0.43374,0.41271,0.3917,0.37073,0.34983,0.32897,0.30814,0.28739,0.26672,0.24616,0.22573,0.2055,0.18548,0.16577,0.1465,0.12788,0.11022,0.094108,0.08046,0.070712,0.066593,0.069126,0.077636,0.090464,0.10606,0.12341,0.14185,0.16102,0.18068,0.20067,0.22092,0.24134,0.26189,0.28256,0.071219,0.066593,10701,0.47849,0.45743,0.43641,0.41539,0.39442,0.37349,0.35266,0.33189,0.31118,0.29057,0.27008,0.24974,0.22959,0.20971,0.19013,0.17097,0.15239,0.13464,0.1181,0.10338,0.091331,0.083141,0.079996,0.08248,0.090105,0.10173,0.11617,0.13254,0.15019,0.16872,0.18787,0.20746,0.22738,0.24753,0.26786,0.28834,0.30892,0.32961,0.3504,0.37126,0.39219,0.020597,0.079996,10801,0.53821,0.51717,0.49615,0.47513,0.45411,0.4331,0.4121,0.39111,0.37012,0.34916,0.32823,0.30739,0.28664,0.26596,0.24538,0.22493,0.20466,0.18464,0.16497,0.14576,0.12725,0.10972,0.093741,0.080258,0.07073,0.066854,0.069584,0.078238,0.09115,0.10678,0.12411,0.14252,0.16163,0.18124,0.20119,0.2214,0.24181,0.26237,0.28304,0.30375,0.32454,0.050888,0.066854,10701,0.44672,0.42569,0.40468,0.38372,0.36282,0.34201,0.32124,0.30056,0.27998,0.25953,0.23925,0.21919,0.1994,0.17996,0.16099,0.14268,0.12535,0.10948,0.095771,0.085294,0.079338,0.07893,0.084134,0.094026,0.10734,0.12296,0.14014,0.15836,0.17731,0.19676,0.21657,0.23666,0.25694,0.27737,0.29793,0.31859,0.33934,0.36019,0.38111,0.40207,0.42308,0.0057075,0.07893,0.012445,0.15369,0.047874,0.21688,0,0,0.057288,0.095219,0.059485,0.47513,0.01607,0.11601,0.047322,0.32145,0.02547,0.3199,False
30618_a869780d,30618,0.0053152,0.084587,0.013288,0.21147,0.024982,0.39756,0.042522,0.6767,0.065096,1.0209,0.58303,7.6507,0.86249,22.474,49.993,0.012483,0.13619,24.214,1,20.004,20.114,0.010633,0.17105,25.471,1,15.367,20.106,0.0084049,0.1148,25.085,1.0003,0.10617,0.10069,0.095258,0.089886,0.084555,0.079273,0.07403,0.068817,0.063676,0.058588,0.053591,0.048745,0.044141,0.043109,-0.042595,0.039849,0.035935,0.03256,0.029891,0.028113,0.02738,0.027706,0.029062,-0.010066,0.012494,0.031369,0.034489,0.038216,0.042358,0.046843,0.051602,0.056576,0.061648,0.066761,0.07191,0.077108,0.082366,0.087676,0.093017,0.098407,0.10386,0.10937,0.11488,0.12036,0.12582,-0.02,0.02738,0.16176,0.1562,0.15067,0.14517,0.13969,0.13422,0.12875,0.12324,0.11774,0.11222,0.10671,0.10122,0.095788,0.10996,-0.11199,0.090412,0.085082,0.079805,0.074569,0.06936,0.064222,0.05913,0.054122,0.057061,-0.056838,0.049263,0.044643,0.040337,0.036415,0.033026,0.03033,0.028504,0.027692,0.02791,0.029153,0.031357,0.034389,0.03805,0.04215,0.046605,0.051342,0.0563,0.061359,0.066458,0.071595,0.08,0.027692,True,8513,0.65246,0.62842,0.60437,0.58036,0.55639,0.53243,0.5085,0.48461,0.46074,0.4369,0.41308,0.38926,0.36546,0.34169,0.31795,0.29426,0.27064,0.24713,0.22383,0.20077,0.17801,0.15567,0.13396,0.11324,0.094143,0.077895,0.066572,0.062892,0.068156,0.080618,0.097564,0.11705,0.13803,0.15988,0.1823,0.20508,0.22814,0.25141,0.27482,0.29835,0.32197,0.069085,0.062892,8512,0.52649,0.50265,0.47887,0.45518,0.43158,0.40805,0.3846,0.36122,0.33797,0.31484,0.2919,0.26915,0.24665,0.22448,0.20275,0.18162,0.16133,0.14225,0.12493,0.11021,0.099236,0.093328,0.093462,0.099632,0.11084,0.12572,0.14315,0.16231,0.18262,0.20378,0.22555,0.24775,0.27029,0.2931,0.31612,0.33929,0.36259,0.38597,0.40942,0.43294,0.45649,0.014786,0.093328,8517,0.6048,0.58077,0.55677,0.53276,0.50878,0.48482,0.46088,0.43695,0.41307,0.38921,0.36541,0.34168,0.31798,0.29435,0.27081,0.24736,0.22406,0.20097,0.17817,0.15578,0.134,0.11323,0.094114,0.077857,0.066554,0.062926,0.068226,0.080693,0.097621,0.11712,0.13811,0.16001,0.18251,0.20542,0.22863,0.25201,0.2755,0.29908,0.32275,0.34648,0.37027,0.049033,0.062926,8513,0.49198,0.46805,0.4442,0.4204,0.39664,0.37293,0.34929,0.32572,0.30223,0.27886,0.2556,0.23251,0.20964,0.18708,0.16497,0.14351,0.12305,0.10418,0.087885,0.075854,0.070308,0.072778,0.082558,0.097457,0.11551,0.13546,0.15658,0.17846,0.20087,0.22364,0.24664,0.26988,0.29327,0.31677,0.34034,0.364,0.38769,0.41143,0.43518,0.45895,0.48275,0.0019637,0.070308,0.010633,0.15351,0.043026,0.31001,0,0,0.053299,0.27255,0.053153,0.49117,0.0041051,0.14269,0.042522,0.33766,0.011049,0.35405,False
30618_ab5921a4,30618,0.0058021,0.082601,0.014505,0.2065,0.02727,0.38822,0.046417,0.66081,0.069781,0.9928,0.58683,6.7908,0.90942,24.743,49.994,0.014155,0.20271,25.174,1,16.184,18.947,0.0093891,0.13396,26.508,1,13.027,18.947,0.0075868,0.11324,26.095,1.0006,0.12359,0.1183,0.11307,0.1078,0.10246,0.097127,0.091757,0.086412,0.081155,0.076024,0.071033,0.066184,0.061471,0.063079,-0.065114,0.056816,0.052261,0.04791,0.043794,0.040036,0.036812,0.034285,0.032608,0.0091578,-0.010898,0.031878,0.032066,0.033077,0.034936,0.037554,0.040789,0.044505,0.048592,0.052955,0.057523,0.06225,0.067051,0.071943,0.076973,0.082111,0.087353,0.092638,0.097938,0.10324,0.10854,0.01,0.031878,0.15691,0.15144,0.14597,0.14055,0.13518,0.12985,0.12453,0.11925,0.11393,0.10858,0.10325,0.097931,0.092657,0.10297,-0.10638,0.087465,0.082371,0.077376,0.072451,0.067625,0.062858,0.058195,0.053733,0.049592,-0.052642,0.049514,0.04561,0.042119,0.039145,0.036805,0.03517,0.034323,0.034299,0.035186,0.03696,0.039484,0.042602,0.046176,0.050092,0.054272,0.058674,0.063217,0.067905,0.072776,0.077787,0.08,0.034299,True,8591,0.55434,0.53099,0.50764,0.48431,0.46102,0.43776,0.41453,0.39134,0.36821,0.34512,0.32209,0.29914,0.27629,0.25357,0.23104,0.20872,0.18673,0.16522,0.14432,0.12438,0.10596,0.089967,0.07795,0.071944,0.073428,0.082007,0.095806,0.1129,0.13198,0.15231,0.17352,0.19529,0.21745,0.23989,0.2625,0.2853,0.30821,0.33123,0.35435,0.37756,0.40082,0.033068,0.071944,8488,0.50698,0.48491,0.46301,0.44128,0.41977,0.39851,0.37753,0.35689,0.33665,0.31687,0.29764,0.27914,0.26147,0.24485,0.2295,0.21564,0.20362,0.19374,0.18636,0.18178,0.18024,0.18183,0.18646,0.19389,0.20383,0.21594,0.22986,0.24528,0.26195,0.27966,0.2982,0.31741,0.33721,0.35749,0.37818,0.39921,0.42056,0.44215,0.46394,0.48591,0.50805,-9.1995e-05,0.18024,8594,0.59296,0.56963,0.54628,0.52295,0.49965,0.47638,0.45314,0.42994,0.40679,0.38368,0.36062,0.33758,0.31461,0.29172,0.26895,0.24633,0.22391,0.20176,0.17996,0.15867,0.13814,0.11872,0.10107,0.086306,0.076126,0.072482,0.07632,0.086649,0.10151,0.1192,0.13868,0.15928,0.18061,0.20246,0.22467,0.24715,0.26983,0.29266,0.3156,0.33862,0.36168,0.049867,0.072482,8490,0.4943,0.47108,0.4479,0.42477,0.40173,0.37878,0.3559,0.33315,0.31051,0.28804,0.26578,0.2438,0.22218,0.20103,0.18057,0.16101,0.14273,0.12621,0.1123,0.1021,0.09677,0.097096,0.10304,0.11374,0.128,0.14477,0.16328,0.18302,0.20363,0.22486,0.24657,0.26862,0.29095,0.31346,0.33612,0.35889,0.3818,0.40482,0.42793,0.45113,0.47437,0.0044373,0.09677,0.0093891,0.12137,0.045419,0.45171,0,0,0.058599,0.67515,0.037026,0.20819,0.012986,0.18274,0.046417,0.32929,0.013375,0.40937,False
30618_b15eafc3,30618,0.0050868,0.061606,0.012717,0.15402,0.023908,0.28955,0.040694,0.49285,0.061342,0.78183,0.57324,7.5738,0.89729,27.643,49.998,0.014183,0.15044,28.542,1,23.101,24.988,0.011752,0.14204,25.074,1,17.722,23.968,0.0090697,0.10075,26.224,0.99977,0.1239,0.11865,0.11346,0.10825,0.10302,0.097778,0.092557,0.087304,0.082076,0.076907,0.071866,0.066965,0.062193,0.066205,-0.067955,0.057498,0.052871,0.048406,0.044184,0.040232,0.036674,0.033643,0.031381,0.013172,-0.013724,0.030036,0.029651,0.030167,0.031547,0.033793,0.036778,0.040349,0.044322,0.048561,0.053029,0.05766,0.062393,0.067195,0.072083,0.077079,0.082176,0.087392,0.09264,0.097876,0.10311,0.02,0.029651,0.15116,0.14581,0.14039,0.13496,0.12955,0.12421,0.11895,0.11375,0.10854,0.10329,0.098042,0.092815,0.087572,0.099398,-0.10184,0.082355,0.0772,0.072172,0.067285,0.062528,0.057851,0.053242,0.048795,0.046855,-0.04811,0.04459,0.040653,0.037096,0.034057,0.031775,0.030396,0.029965,0.030426,0.031746,0.033933,0.036863,0.040387,0.044317,0.048521,0.05296,0.057567,0.06228,0.067065,0.071941,0.076927,0.07,0.029965,True,11801,0.51278,0.49066,0.46854,0.44643,0.42435,0.40228,0.38021,0.35816,0.33614,0.31416,0.29218,0.27025,0.24838,0.22655,0.20484,0.18326,0.16184,0.14067,0.11986,0.099652,0.08052,0.063458,0.050587,0.045602,0.050885,0.063916,0.081044,0.1002,0.12042,0.14126,0.16247,0.18392,0.20555,0.22731,0.24913,0.271,0.29293,0.31489,0.33689,0.35892,0.38099,0.029848,0.045602,11703,0.51827,0.49632,0.47441,0.45252,0.43067,0.40889,0.38719,0.36555,0.34401,0.32255,0.3012,0.28001,0.25899,0.23821,0.21775,0.19771,0.17821,0.15944,0.14172,0.12546,0.11129,0.10012,0.09304,0.091021,0.09439,0.10261,0.11465,0.12944,0.14616,0.16423,0.18323,0.20291,0.2231,0.24365,0.26448,0.28553,0.30673,0.32807,0.34952,0.3711,0.39277,0.028731,0.091021,11800,0.56733,0.5451,0.5229,0.50072,0.47854,0.45637,0.43423,0.41209,0.38995,0.36784,0.34574,0.32365,0.30161,0.2796,0.25764,0.23573,0.21391,0.1922,0.17062,0.14923,0.12816,0.10761,0.087907,0.069767,0.054794,0.04616,0.047469,0.058029,0.073986,0.092588,0.11254,0.13325,0.15441,0.17586,0.19749,0.21926,0.24114,0.26307,0.28505,0.30707,0.32912,0.053768,0.04616,11703,0.47039,0.44825,0.42613,0.40405,0.382,0.35998,0.33801,0.31606,0.29416,0.27233,0.25057,0.22892,0.20743,0.18615,0.16513,0.14451,0.12448,0.10534,0.087693,0.072637,0.062099,0.058586,0.063276,0.07464,0.090188,0.10812,0.12745,0.14764,0.16836,0.18945,0.21079,0.23233,0.25398,0.27573,0.29754,0.3194,0.34133,0.36331,0.38534,0.4074,0.42948,0.0092591,0.058586,0.011752,0.14328,0.037579,0.17804,0,0,0.05111,0.1448,0.028942,0.12942,0.0050508,0.1375,0.040694,0.27251,0.010719,0.27949,True
30618_b8044aa0,30618,0.0050668,0.082413,0.012667,0.20603,0.023814,0.38734,0.040535,0.6593,0.061549,0.96644,0.57536,7.6116,0.88509,26.994,49.999,0.013987,0.3199,27.835,0.99992,23.108,26.851,0.011709,0.19444,25.072,0.99992,17.809,26.851,0.0092501,0.16889,25.97,0.99962,0.12378,0.11846,0.11317,0.10785,0.10253,0.09722,0.09194,0.086704,0.081508,0.076312,0.071204,0.066221,0.061342,0.067747,-0.064918,0.056529,0.051825,0.047296,0.043021,0.039107,0.035629,0.032678,0.030512,0.011914,-0.012443,0.029292,0.029063,0.029808,0.031476,0.033953,0.037141,0.040859,0.044932,0.0493,0.053895,0.058642,0.063498,0.068442,0.073459,0.078538,0.083707,0.088932,0.094185,0.099485,0.1048,0.02,0.029063,0.15147,0.14607,0.14069,0.13532,0.12992,0.12455,0.11924,0.11395,0.10863,0.1033,0.097989,0.092702,0.087461,0.10321,-0.09822,0.082261,0.077067,0.071963,0.066985,0.062118,0.057322,0.052637,0.048126,0.047594,-0.046056,0.04387,0.03997,0.036494,0.033531,0.031324,0.03003,0.029689,0.030299,0.031829,0.034175,0.037249,0.040869,0.044862,0.049163,0.053702,0.058403,0.06322,0.068129,0.073115,0.07817,0.07,0.029689,True,11519,0.48121,0.46063,0.44006,0.41948,0.39889,0.37832,0.35775,0.3372,0.31671,0.29624,0.27581,0.25545,0.23521,0.21507,0.19507,0.17525,0.15569,0.1365,0.11787,0.10013,0.083845,0.070048,0.060481,0.057309,0.061503,0.071768,0.085958,0.10247,0.12036,0.13911,0.15844,0.17814,0.1981,0.21825,0.23853,0.25891,0.27938,0.29992,0.32053,0.3412,0.36193,0.029285,0.057309,11515,0.49284,0.47313,0.45351,0.43401,0.41467,0.39547,0.37647,0.35767,0.33909,0.32079,0.3028,0.28521,0.26811,0.25158,0.23575,0.22078,0.20684,0.19416,0.18299,0.17365,0.16643,0.16163,0.15948,0.16008,0.16339,0.16926,0.17743,0.18761,0.19948,0.21278,0.22726,0.2427,0.25893,0.27582,0.29326,0.31114,0.32938,0.34793,0.36677,0.38587,0.40518,0.022831,0.15948,11521,0.52887,0.50831,0.48773,0.46715,0.44659,0.42603,0.40551,0.38502,0.36456,0.34415,0.32378,0.30345,0.28314,0.26289,0.24271,0.22261,0.2026,0.18275,0.16313,0.14383,0.12505,0.10701,0.090181,0.075382,0.06408,0.058287,0.059613,0.06766,0.080437,0.096088,0.11344,0.13184,0.1509,0.17039,0.19018,0.21019,0.23034,0.2506,0.27096,0.29137,0.31187,0.053193,0.058287,11516,0.44075,0.42018,0.39964,0.37912,0.35864,0.33819,0.31778,0.29743,0.27714,0.25693,0.23685,0.21694,0.19723,0.17778,0.15874,0.1402,0.12245,0.10582,0.090979,0.078956,0.071208,0.069191,0.073345,0.082771,0.095921,0.11148,0.12859,0.14673,0.16557,0.18488,0.20454,0.22445,0.24455,0.26481,0.28515,0.30559,0.32609,0.34668,0.36736,0.38807,0.40883,0.0082353,0.069191,0.011709,0.14219,0.037923,0.2314,0,0,0.051233,0.2602,0.028829,0.12859,0.0064919,0.14209,0.040536,0.27078,0.011691,0.28698,True
30618_b83d854d,30618,0.0054107,0.067624,0.013527,0.16906,0.02543,0.31783,0.043286,0.54099,0.065967,0.83277,0.58229,7.0339,0.88425,27.967,49.985,0.015554,0.18747,29.145,1,5.1284,6.3772,0.0027746,0.034898,31.906,1,5.0271,5.8434,0.0027326,0.034591,31.043,0.99985,0.11554,0.11003,0.10454,0.099103,0.093769,0.088526,0.083355,0.078204,0.073021,0.067818,0.062662,0.057622,0.052731,0.057865,-0.051869,0.048057,0.043688,0.039665,0.036075,0.033001,0.030533,0.028866,0.028237,0.0017122,0.00064324,0.028813,0.030527,0.033134,0.036421,0.040166,0.044264,0.048655,0.053276,0.058086,0.063057,0.068181,0.073423,0.078681,0.083938,0.089162,0.094379,0.099644,0.10498,0.11039,0.11583,0,0.028237,0.16899,0.1634,0.15781,0.15227,0.1468,0.1414,0.13604,0.13067,0.12523,0.11973,0.11423,0.10874,0.10327,0.12623,-0.11509,0.097864,0.092552,0.087329,0.082183,0.077068,0.07193,0.066788,0.061707,0.070401,-0.062684,0.056756,0.051966,0.047417,0.043197,0.039356,0.035997,0.033202,0.031069,0.029769,0.029483,0.030323,0.032222,0.034941,0.038283,0.042065,0.046195,0.050607,0.055235,0.060044,0.065002,0.1,0.029483,True,10622,0.57094,0.54831,0.52571,0.50315,0.4806,0.45806,0.43554,0.41303,0.39056,0.36816,0.34581,0.3235,0.30128,0.27918,0.25718,0.23527,0.21355,0.19206,0.17086,0.15012,0.13001,0.11086,0.093283,0.078348,0.067803,0.063837,0.067586,0.077948,0.09274,0.1102,0.12925,0.14928,0.16994,0.19098,0.21234,0.23391,0.2556,0.27741,0.29933,0.3213,0.34335,0.050145,0.063837,10618,0.4538,0.4315,0.40923,0.38698,0.36478,0.34265,0.32058,0.29859,0.27674,0.25502,0.23348,0.21215,0.19109,0.17039,0.15023,0.13084,0.11263,0.096294,0.082928,0.074106,0.07152,0.075781,0.085878,0.10006,0.11684,0.13526,0.15473,0.17489,0.19553,0.2165,0.23771,0.2591,0.28062,0.30226,0.32398,0.34576,0.36759,0.38946,0.4113,0.43317,0.45507,-0.0012499,0.07152,10620,0.58281,0.5601,0.53743,0.51477,0.49215,0.46954,0.44698,0.42444,0.40193,0.37947,0.35706,0.3347,0.3124,0.29021,0.26814,0.24614,0.22426,0.20258,0.18117,0.16014,0.13966,0.11997,0.10152,0.08517,0.072284,0.064946,0.065071,0.072622,0.085645,0.10207,0.12052,0.14018,0.16061,0.18156,0.20283,0.22434,0.24602,0.26785,0.28978,0.3118,0.33389,0.054841,0.064946,10618,0.47849,0.45618,0.43391,0.41169,0.38949,0.36735,0.34527,0.32327,0.30136,0.27959,0.25799,0.23657,0.21537,0.19447,0.17398,0.15407,0.13497,0.11709,0.10112,0.088079,0.079396,0.076533,0.080097,0.089317,0.10269,0.1188,0.13669,0.15576,0.17561,0.19599,0.21676,0.2378,0.25904,0.28044,0.30198,0.32361,0.34531,0.36708,0.38887,0.41067,0.4325,0.0094434,0.076533,0.0027746,0.032167,0.055109,0.34915,0,0,0.054499,0.62928,0.040511,0.2514,0.014076,0.078135,0.043286,0.28456,0.011808,0.35382,True
30618_b95ca60a,30618,0.011096,0.076611,0.02774,0.19153,0.05215,0.36007,0.088766,0.61289,0.11997,0.93434,0.81407,7.715,0.82884,34.657,49.999,0.038372,0.28447,35.693,0.99991,23.102,23.875,0.025615,0.17814,25.076,1,21.557,23.875,0.025223,0.17268,28.785,0.99961,0.17357,0.1694,0.16528,0.16125,0.15734,0.15355,0.1499,0.14637,0.14297,0.13969,0.13655,0.13357,0.13075,0.079644,-0.074048,0.12812,0.1257,0.12353,0.12159,0.11989,0.11843,0.11719,0.1162,0.025202,-0.019241,0.11547,0.11501,0.11483,0.11494,0.11536,0.11607,0.11706,0.11829,0.11975,0.12144,0.12334,0.12549,0.12785,0.13044,0.13323,0.13622,0.13938,0.14266,0.14606,0.14958,0.03,0.11483,0.19578,0.19125,0.18677,0.18237,0.17804,0.17378,0.16961,0.16549,0.16145,0.15754,0.15375,0.15009,0.14655,0.11378,-0.10847,0.14315,0.13986,0.13672,0.13374,0.13091,0.12827,0.12585,0.12366,0.059539,-0.05375,0.12172,0.12001,0.11854,0.1173,0.1163,0.11556,0.11508,0.11489,0.11499,0.1154,0.1161,0.11708,0.1183,0.11975,0.12142,0.12331,0.12544,0.12779,0.13037,0.13315,0.08,0.11489,True,9951,0.54294,0.51922,0.49552,0.47187,0.4482,0.42456,0.40103,0.37757,0.35417,0.33086,0.30764,0.28453,0.26153,0.23871,0.21611,0.19385,0.172,0.15076,0.13042,0.11147,0.094736,0.081618,0.074036,0.073729,0.080718,0.093398,0.10982,0.12856,0.14875,0.16987,0.19162,0.21378,0.23623,0.25891,0.28168,0.30459,0.3276,0.35069,0.37386,0.39707,0.42032,0.025404,0.073729,9951,0.53988,0.51675,0.49367,0.47066,0.44771,0.42487,0.40216,0.37959,0.35719,0.33502,0.31308,0.29147,0.27022,0.24945,0.22929,0.20987,0.19144,0.17431,0.15889,0.14573,0.13549,0.12886,0.12642,0.12839,0.13459,0.14445,0.15729,0.17243,0.18934,0.20753,0.22672,0.24667,0.26721,0.28822,0.3096,0.33126,0.35318,0.37529,0.39753,0.4199,0.44239,0.020532,0.12642,9954,0.60129,0.57733,0.55341,0.52951,0.50562,0.48179,0.45803,0.43433,0.41066,0.38703,0.36346,0.33993,0.31648,0.2931,0.26983,0.24673,0.22387,0.20132,0.17916,0.15759,0.13684,0.1173,0.099699,0.085236,0.075747,0.073194,0.078255,0.089671,0.10536,0.1237,0.14366,0.16464,0.18631,0.20845,0.23094,0.25367,0.2766,0.29966,0.32283,0.34608,0.36941,0.048316,0.073194,9951,0.50109,0.47752,0.45399,0.43052,0.4071,0.38373,0.36042,0.33719,0.31402,0.29097,0.26808,0.24538,0.22292,0.20078,0.17906,0.15792,0.13763,0.11866,0.1017,0.087946,0.079102,0.07685,0.081751,0.092619,0.10766,0.1254,0.14483,0.16536,0.18663,0.20839,0.2305,0.25288,0.27546,0.29816,0.32099,0.34391,0.36691,0.38997,0.41308,0.43625,0.45942,0.0081123,0.07685,0.025615,0.15786,0.081286,0.21885,0,0,0.11108,0.21632,0.06314,0.14852,0.0083465,0.15882,0.08877,0.31276,0.022499,0.32736,False
30618_d4ba7005,30618,0.0049817,0.064356,0.012454,0.16089,0.023414,0.30247,0.039854,0.51485,0.060981,0.81731,0.57025,7.8713,0.93381,19.653,49.964,0.0097932,0.10829,19.989,0.99991,21.044,21.108,0.010484,0.13544,25.335,1,15.9,43.48,0.0081523,0.091064,23.752,1.0006,0.10157,0.09617,0.090799,0.085493,0.080285,0.075187,0.070198,0.065281,0.060383,0.055553,0.050837,0.046224,0.041821,0.039343,-0.038223,0.037787,0.034273,0.031422,0.029402,0.028298,0.028115,0.028972,0.030856,-0.015716,0.015215,0.033554,0.03681,0.040585,0.04476,0.049205,0.053848,0.058629,0.063512,0.068505,0.073616,0.078829,0.084034,0.089271,0.094535,0.099802,0.10507,0.11036,0.11566,0.121,0.1264,-0.02,0.028115,0.15594,0.15042,0.14492,0.13946,0.13406,0.12873,0.12345,0.11817,0.11286,0.10752,0.10218,0.096776,0.091399,0.10866,-0.1057,0.086089,0.080874,0.075766,0.07077,0.065846,0.06094,0.056103,0.051381,0.053864,-0.052408,0.046775,0.042388,0.038365,0.034851,0.031982,0.029918,0.028744,0.028478,0.02924,0.031027,0.033626,0.036792,0.040487,0.044596,0.048989,0.053591,0.058338,0.063193,0.068163,0.073252,0.08,0.028478,True,11582,0.59434,0.57285,0.55135,0.52983,0.50832,0.48684,0.4654,0.44401,0.42266,0.40131,0.37998,0.35867,0.33737,0.31611,0.29489,0.27375,0.25267,0.23169,0.21085,0.19017,0.16978,0.14975,0.13018,0.11134,0.093671,0.077945,0.065581,0.058755,0.059405,0.067309,0.080343,0.096431,0.11431,0.13327,0.15287,0.1729,0.19324,0.21379,0.23451,0.25535,0.27627,0.07417,0.058755,11583,0.4914,0.47019,0.44902,0.4279,0.40683,0.38587,0.365,0.3442,0.32351,0.30296,0.28253,0.26227,0.24221,0.22242,0.20299,0.18404,0.16572,0.14824,0.13192,0.1173,0.10507,0.096132,0.091438,0.091649,0.096732,0.10599,0.11846,0.13323,0.14962,0.16714,0.18547,0.20441,0.22378,0.2435,0.26349,0.28366,0.30397,0.32443,0.345,0.36567,0.38639,0.02458,0.091438,11583,0.55078,0.52923,0.50768,0.48617,0.46468,0.44324,0.42181,0.4004,0.37898,0.35757,0.33619,0.31487,0.2936,0.2724,0.25131,0.23032,0.20946,0.18878,0.16836,0.14829,0.12869,0.10983,0.092226,0.076726,0.064832,0.058773,0.060294,0.068901,0.082407,0.098817,0.11692,0.13606,0.15585,0.17606,0.19659,0.21731,0.2382,0.2592,0.28024,0.30131,0.32245,0.053053,0.058773,11583,0.44745,0.42613,0.40481,0.38351,0.36224,0.341,0.3198,0.29863,0.27755,0.25656,0.23567,0.21493,0.19437,0.17412,0.15426,0.13489,0.11629,0.098908,0.08346,0.071222,0.064068,0.063736,0.070316,0.082157,0.097347,0.11455,0.13302,0.15229,0.17204,0.19215,0.21253,0.2331,0.25383,0.27465,0.29556,0.31656,0.33761,0.3587,0.37981,0.40095,0.42211,0.0054594,0.063736,0.010484,0.1356,0.03989,0.21295,0,0,0.050021,0.1384,0.05023,0.41909,0.004285,0.1064,0.039855,0.28349,0.010616,0.28751,True
30618_dd8d0741,30618,0.00649,0.087262,0.016225,0.21816,0.030503,0.41013,0.05192,0.6981,0.07141,1.0309,0.61583,7.4025,0.90581,24.67,49.999,0.013598,0.19047,25.182,0.99992,21.041,21.108,0.013655,0.18395,25.336,0.99992,17.511,21.108,0.011067,0.15297,25.287,1.0009,0.11402,0.10924,0.10454,0.099931,0.095432,0.091088,0.086901,0.082823,0.078853,0.075043,0.071446,0.068063,0.064967,0.043572,-0.03908,0.062194,0.059802,0.057859,0.05638,0.055362,0.054821,0.054807,0.055353,-0.0084601,0.013143,0.056422,0.057973,0.059964,0.062354,0.065104,0.068154,0.071473,0.075034,0.078827,0.082835,0.087025,0.091325,0.095715,0.10018,0.10471,0.10929,0.11393,0.11866,0.12347,0.12836,-0.01,0.054807,0.16345,0.15831,0.15321,0.14814,0.14313,0.13819,0.13333,0.12849,0.12363,0.11879,0.11399,0.10922,0.10452,0.10894,-0.10425,0.099901,0.095399,0.09105,0.086854,0.082763,0.078778,0.074955,0.071345,0.057118,-0.052069,0.06795,0.06484,0.062051,0.05964,0.057678,0.056182,0.05515,0.054608,0.054595,0.055143,0.056214,0.057767,0.059747,0.062128,0.064871,0.067914,0.071227,0.074781,0.078569,0.082572,0.09,0.054595,True,10354,0.59337,0.57136,0.54936,0.52736,0.5054,0.48345,0.46155,0.43968,0.41783,0.39603,0.37432,0.35264,0.33103,0.30949,0.28804,0.26673,0.24558,0.22461,0.2039,0.18354,0.16365,0.14444,0.12618,0.10933,0.094701,0.083409,0.07695,0.076565,0.08234,0.093148,0.10744,0.12398,0.142,0.16103,0.18074,0.2009,0.22142,0.24223,0.26325,0.28441,0.30568,0.065604,0.076565,10153,0.4979,0.47636,0.4549,0.43352,0.41224,0.39112,0.37012,0.34928,0.32861,0.30815,0.28799,0.26816,0.24874,0.22987,0.2117,0.1944,0.17821,0.16345,0.15052,0.13996,0.13231,0.1281,0.12768,0.13109,0.13806,0.14805,0.16046,0.1748,0.19066,0.20768,0.22557,0.24418,0.26334,0.28296,0.30293,0.32316,0.34361,0.36423,0.38502,0.40595,0.427,0.016087,0.12768,10368,0.54913,0.527,0.50488,0.48282,0.46079,0.43879,0.41682,0.39489,0.37302,0.35122,0.32949,0.30784,0.28634,0.26494,0.2437,0.22265,0.20186,0.18141,0.16143,0.14211,0.12382,0.10704,0.092622,0.081824,0.07622,0.076952,0.083829,0.095523,0.11051,0.12761,0.14608,0.16548,0.1855,0.20599,0.22678,0.24783,0.26906,0.29044,0.31189,0.33345,0.35508,0.043876,0.07622,10153,0.47021,0.44884,0.42757,0.40644,0.38545,0.36461,0.34396,0.32349,0.30329,0.28342,0.26394,0.24493,0.22654,0.20893,0.1923,0.17696,0.1632,0.15147,0.14228,0.13612,0.13343,0.13442,0.139,0.14686,0.15743,0.17025,0.18485,0.20086,0.21794,0.23585,0.25445,0.27359,0.29317,0.31309,0.33326,0.35365,0.37423,0.39499,0.41588,0.43687,0.45798,0.002331,0.13343,0.013655,0.14987,0.045967,0.22723,0,0,0.055979,0.1368,0.065079,0.4632,0.017579,0.13886,0.051922,0.31333,0.026337,0.32199,True
30618_dd8e6395,30618,0.005117,0.059895,0.012793,0.14974,0.02405,0.2815,0.040936,0.47916,0.062741,0.76065,0.57901,7.1962,0.85255,30.404,49.988,0.01563,0.19908,31.583,0.99992,21.041,21.108,0.010768,0.12565,25.334,0.99992,18.871,21.108,0.0097244,0.11587,27.451,1.0011,0.10399,0.098593,0.093262,0.087982,0.0827,0.077433,0.072196,0.067032,0.061982,0.057054,0.052263,0.04768,0.043363,0.041702,-0.038453,0.039371,0.035731,0.032597,0.030139,0.028618,0.028234,0.028998,0.030856,-0.013299,0.014272,0.033612,0.036969,0.040788,0.044929,0.049339,0.05394,0.058727,0.063688,0.068774,0.073996,0.079294,0.084571,0.089848,0.095143,0.10046,0.1058,0.11117,0.11658,0.12203,0.12753,-0.02,0.028234,0.15897,0.15344,0.14797,0.14252,0.13705,0.13157,0.12608,0.12061,0.11517,0.10975,0.10431,0.098918,0.093585,0.11067,-0.10452,0.088303,0.083018,0.077748,0.072507,0.067339,0.062283,0.057349,0.052553,0.055913,-0.051928,0.047964,0.043638,0.039635,0.035978,0.032822,0.030334,0.028774,0.028343,0.029053,0.030858,0.033565,0.03688,0.040664,0.044777,0.049161,0.053741,0.058508,0.063451,0.06852,0.073726,0.08,0.028343,True,12063,0.60021,0.57797,0.55574,0.53356,0.51138,0.48922,0.46709,0.44497,0.42287,0.40082,0.37884,0.35692,0.33507,0.31332,0.29167,0.27017,0.24882,0.22766,0.20678,0.18628,0.16629,0.14701,0.12883,0.11225,0.098126,0.087624,0.082129,0.082657,0.089127,0.1004,0.11508,0.13203,0.15048,0.16996,0.19014,0.21083,0.2319,0.25325,0.27482,0.29657,0.31847,0.064147,0.082129,12063,0.48923,0.4672,0.44519,0.4232,0.40124,0.37935,0.35754,0.33583,0.31422,0.29277,0.27149,0.25043,0.22964,0.2092,0.18926,0.16997,0.15159,0.1345,0.11926,0.10664,0.097709,0.093516,0.094696,0.10107,0.11177,0.12572,0.14193,0.15972,0.17861,0.19831,0.2186,0.23932,0.26037,0.28169,0.3032,0.3249,0.34675,0.36871,0.39076,0.4129,0.4351,0.012832,0.093516,12064,0.54918,0.52718,0.50519,0.48321,0.46125,0.43931,0.41738,0.39548,0.37359,0.35174,0.32997,0.3083,0.28674,0.26531,0.24406,0.22301,0.20226,0.18191,0.16213,0.14314,0.1253,0.10917,0.095599,0.085835,0.081245,0.082712,0.08999,0.10183,0.11686,0.13402,0.15258,0.17211,0.19229,0.21294,0.23393,0.25521,0.27671,0.29839,0.32018,0.34208,0.36406,0.042612,0.081245,12064,0.44929,0.42722,0.40517,0.38317,0.36121,0.33932,0.3175,0.29582,0.27428,0.25292,0.23176,0.21087,0.19036,0.17037,0.15114,0.13294,0.11629,0.10194,0.091005,0.084813,0.084423,0.089913,0.10035,0.11439,0.13087,0.14899,0.16821,0.1882,0.20876,0.22971,0.25097,0.27248,0.29417,0.31602,0.33799,0.36005,0.38219,0.40439,0.42665,0.44896,0.47132,-0.0043541,0.084423,0.010768,0.12622,0.040683,0.18646,0,0,0.051183,0.091349,0.051599,0.39014,0.0024923,0.094617,0.040938,0.26392,0.010251,0.26586,True
30618_defd0170,30618,0.0051858,0.55164,0.012964,1.3791,0.024373,2.5927,0.041486,4.4131,0.063102,6.1032,0.57617,8.0697,0.90261,21.1,49.971,0.011289,1.1946,21.34,0.9999,9.7546,9.8391,0.0050594,0.53625,29.294,1,9.0698,46.962,0.004758,0.5055,27.051,1.0159,0.10824,0.10294,0.097646,0.092374,0.087152,0.082027,0.077009,0.072083,0.067223,0.062412,0.057724,0.053201,0.048851,0.04448,-0.046788,0.044748,0.040968,0.037697,0.035076,0.033235,0.032236,0.032105,0.032951,-0.011097,0.0077714,0.034653,0.037046,0.040032,0.043477,0.047334,0.051522,0.055994,0.060674,0.065493,0.070461,0.075499,0.080559,0.085653,0.090763,0.095901,0.10108,0.10632,0.11162,0.11696,0.12235,-0.01,0.032105,0.16137,0.15592,0.15047,0.14502,0.13961,0.13426,0.12896,0.12369,0.11839,0.11305,0.1077,0.10239,0.097075,0.11298,-0.11473,0.091793,0.086577,0.081463,0.076458,0.071546,0.066695,0.061887,0.057204,0.0577,-0.060179,0.05269,0.048356,0.044284,0.040558,0.037354,0.034816,0.033074,0.032176,0.032147,0.03309,0.034881,0.037348,0.040399,0.043898,0.047796,0.052014,0.056508,0.061198,0.066019,0.07098,0.09,0.032147,False,7001,0.54339,0.5236,0.50384,0.48411,0.46442,0.44479,0.42523,0.40575,0.38638,0.36711,0.34793,0.32897,0.3102,0.29164,0.27333,0.25531,0.23767,0.22048,0.20387,0.18799,0.173,0.15917,0.1469,0.1366,0.12875,0.1238,0.12208,0.12373,0.12863,0.13645,0.14674,0.159,0.17281,0.18781,0.20376,0.22044,0.2377,0.25544,0.27357,0.29202,0.31067,0.0601,0.12208,7000,0.46302,0.44413,0.42537,0.40674,0.38826,0.36992,0.35172,0.33381,0.31624,0.29905,0.2823,0.26604,0.25038,0.23541,0.2213,0.20818,0.1963,0.18588,0.17719,0.1705,0.16606,0.16406,0.16459,0.16764,0.17306,0.18059,0.18997,0.20096,0.21332,0.22683,0.2413,0.25655,0.27248,0.28898,0.30595,0.32332,0.34104,0.35906,0.37733,0.39581,0.41448,0.012921,0.16406,6900,0.526,0.50617,0.48637,0.46662,0.44693,0.4273,0.40775,0.38829,0.36892,0.34965,0.33055,0.31159,0.29284,0.27433,0.25612,0.23828,0.22089,0.2041,0.18806,0.17296,0.15904,0.14666,0.13622,0.12824,0.12318,0.1214,0.12307,0.12804,0.13596,0.14635,0.15868,0.17252,0.18757,0.20356,0.22028,0.23758,0.25536,0.27351,0.29198,0.31077,0.32982,0.050159,0.1214,7000,0.46593,0.44705,0.4283,0.4097,0.39126,0.37298,0.35499,0.33731,0.31994,0.30291,0.2863,0.2702,0.25469,0.23988,0.22593,0.21296,0.20117,0.19083,0.18223,0.17561,0.17117,0.16906,0.16939,0.17214,0.1772,0.1844,0.19347,0.20417,0.21627,0.22956,0.24383,0.25892,0.27471,0.29108,0.30793,0.32514,0.34262,0.36039,0.37843,0.39669,0.41515,0.013653,0.16906,0.0050594,0.53888,0.046275,2.2241,0,0,0.051065,0.03803,0.046548,2.9695,0.0070269,0.2075,0.041488,2.4306,0.013212,2.4305,False
30618_e2dcf65f,30618,0.0050331,0.066115,0.012583,0.16529,0.023655,0.31074,0.040265,0.52892,0.061439,0.83965,0.56413,7.9362,0.92001,24.572,49.995,0.012606,0.14471,25.061,0.99991,16.169,18.902,0.0081379,0.10683,26.512,1,13.113,49.748,0.0066535,0.081163,26.059,1.0003,0.11805,0.11288,0.1077,0.10248,0.097256,0.092038,0.08682,0.081605,0.076446,0.071398,0.066483,0.061675,0.05694,0.06172,-0.062452,0.052252,0.047701,0.04336,0.039285,0.035546,0.032345,0.029883,0.028324,0.0081247,-0.0076893,0.027736,0.028119,0.029433,0.031655,0.034672,0.038264,0.042232,0.046521,0.051027,0.055676,0.060401,0.065198,0.070093,0.075095,0.08021,0.085404,0.090625,0.095879,0.10113,0.10635,0.01,0.027736,0.15427,0.14899,0.14367,0.13834,0.13301,0.12771,0.12243,0.11718,0.11193,0.10673,0.10157,0.096449,0.091311,0.10451,-0.10862,0.086167,0.081064,0.076026,0.071043,0.066137,0.061322,0.056664,0.052199,0.051352,-0.054119,0.047943,0.043874,0.040081,0.036695,0.033869,0.031718,0.030405,0.030049,0.030719,0.032365,0.034793,0.037796,0.041275,0.045132,0.049292,0.053666,0.058211,0.062933,0.067788,0.07275,0.08,0.030049,True,10926,0.50661,0.48551,0.46442,0.44333,0.42224,0.40117,0.38013,0.35909,0.33807,0.31714,0.29622,0.27534,0.2545,0.23373,0.21307,0.19253,0.17217,0.15203,0.13223,0.11295,0.094523,0.077529,0.063162,0.053584,0.051537,0.057826,0.070239,0.08617,0.10402,0.12298,0.1426,0.16265,0.18298,0.2035,0.22417,0.24492,0.26573,0.2866,0.30755,0.32852,0.34952,0.037383,0.051537,10926,0.42368,0.40326,0.38293,0.36268,0.34257,0.3226,0.30278,0.28316,0.26379,0.24472,0.22605,0.2079,0.19039,0.1737,0.1581,0.14395,0.13171,0.12196,0.11536,0.11244,0.11351,0.11845,0.12682,0.13799,0.15133,0.16635,0.18263,0.19986,0.21781,0.23632,0.25525,0.2745,0.29402,0.31377,0.33372,0.35381,0.37402,0.39434,0.41475,0.43524,0.45583,-0.0076604,0.11244,10926,0.5429,0.52181,0.50071,0.4796,0.45849,0.4374,0.41633,0.39531,0.3743,0.35331,0.33233,0.31139,0.29048,0.26962,0.24882,0.22808,0.20744,0.18694,0.16662,0.14654,0.12687,0.10783,0.089745,0.073351,0.060062,0.052315,0.05261,0.060814,0.074361,0.090902,0.10908,0.12822,0.14793,0.16804,0.1884,0.20894,0.2296,0.25035,0.27118,0.29206,0.31301,0.054657,0.052315,10926,0.44659,0.42569,0.40483,0.38402,0.36325,0.34253,0.32188,0.3013,0.28081,0.26044,0.24022,0.22018,0.20042,0.18099,0.16202,0.14368,0.12626,0.11019,0.096166,0.085212,0.078616,0.077492,0.082069,0.091477,0.10442,0.11977,0.13672,0.15474,0.17351,0.19281,0.21249,0.23246,0.25264,0.27297,0.29342,0.31399,0.33465,0.35538,0.37616,0.397,0.41788,0.0069376,0.077492,0.0081379,0.107,0.042829,0.43457,0,0,0.050835,0.64836,0.032129,0.18422,0.01264,0.16104,0.040266,0.29123,0.011514,0.37187,True
30618_e3d94878,30618,0.005289,0.063387,0.013223,0.15847,0.024859,0.29792,0.042312,0.50709,0.064519,0.805,0.59393,7.6221,0.85703,32.541,49.992,0.017426,0.21393,33.766,1,5.1262,6.3975,0.002712,0.032422,31.891,1,5.1198,6.3975,0.002707,0.032391,32.504,0.99971,0.12033,0.11473,0.10918,0.10372,0.098325,0.092961,0.087616,0.082236,0.076779,0.071367,0.066065,0.060906,0.055925,0.061099,-0.055095,0.051173,0.046661,0.042371,0.038388,0.03477,0.031667,0.029424,0.028331,0.0032229,-0.0040498,0.02852,0.029955,0.03236,0.035409,0.038917,0.042824,0.047089,0.051699,0.056578,0.061674,0.06693,0.072308,0.077684,0.082993,0.088259,0.093526,0.098862,0.10433,0.10986,0.11546,0,0.028331,0.17561,0.16994,0.1643,0.15872,0.15322,0.14773,0.14225,0.1367,0.13105,0.12537,0.11973,0.11413,0.10859,0.13284,-0.11696,0.10313,0.097762,0.09242,0.087095,0.081737,0.076309,0.070924,0.065658,0.075456,-0.066098,0.060543,0.055614,0.050917,0.046495,0.042319,0.03847,0.035012,0.0321,0.030049,0.029125,0.029437,0.030946,0.033384,0.036451,0.039971,0.043885,0.04815,0.052749,0.057613,0.062684,0.1,0.029125,True,11684,0.55664,0.53448,0.51232,0.49018,0.46805,0.44594,0.42383,0.40173,0.37966,0.35762,0.3356,0.31362,0.29168,0.2698,0.248,0.22628,0.20464,0.18314,0.16185,0.14085,0.12032,0.10055,0.082107,0.066091,0.054673,0.051076,0.056823,0.069619,0.086402,0.10526,0.12526,0.14593,0.16703,0.18839,0.20995,0.23167,0.2535,0.2754,0.29736,0.31939,0.34147,0.048802,0.051076,11684,0.44817,0.426,0.40386,0.38176,0.35971,0.33769,0.31571,0.2938,0.27196,0.2502,0.22855,0.20704,0.18576,0.16474,0.14411,0.12409,0.10503,0.087537,0.072772,0.062671,0.059658,0.064727,0.076298,0.091934,0.10993,0.1293,0.14951,0.17025,0.19136,0.21273,0.23426,0.25596,0.27777,0.29966,0.32159,0.34358,0.36562,0.38769,0.40979,0.43194,0.45412,-0.0013105,0.059658,11684,0.5664,0.54424,0.52208,0.49994,0.47781,0.45572,0.43365,0.41158,0.3895,0.36742,0.34537,0.32335,0.30136,0.27943,0.25755,0.23576,0.21407,0.19249,0.1711,0.14998,0.12924,0.10911,0.089998,0.072712,0.058879,0.051343,0.052885,0.062858,0.078107,0.096185,0.11576,0.13619,0.15714,0.17843,0.19997,0.22169,0.24353,0.26544,0.28742,0.30944,0.33149,0.053379,0.051343,11684,0.48684,0.46539,0.44404,0.42282,0.40172,0.38078,0.36001,0.33945,0.31912,0.29908,0.2794,0.26012,0.24135,0.22325,0.20599,0.18978,0.17493,0.16181,0.15088,0.14265,0.13758,0.13603,0.13813,0.14371,0.15245,0.16379,0.17724,0.19235,0.20876,0.22619,0.24443,0.2633,0.28271,0.30253,0.32269,0.34309,0.36371,0.38452,0.4055,0.42661,0.44786,0.0092375,0.13603,0.002712,0.032527,0.054377,0.35325,0,0,0.053363,0.63644,0.039601,0.24668,0.014005,0.078848,0.042312,0.27921,0.01204,0.3577,True
30618_e9a34502,30618,0.0051024,0.062588,0.012756,0.15647,0.023981,0.29417,0.040819,0.50071,0.062446,0.79486,0.57728,7.5608,0.84735,33.201,49.998,0.017393,0.21409,34.321,0.99992,21.041,28.996,0.010735,0.13133,25.334,1,19.527,47.496,0.010103,0.12632,28.472,1.0005,0.10287,0.09745,0.092065,0.086733,0.0814,0.07606,0.070748,0.065534,0.060424,0.055432,0.050585,0.045923,0.041485,0.03903,-0.039143,0.037342,0.033565,0.03028,0.027764,0.026299,0.026065,0.027064,0.029191,-0.01613,0.01477,0.032236,0.035851,0.03982,0.044103,0.048623,0.053363,0.058268,0.06332,0.068472,0.073731,0.079087,0.084431,0.089725,0.095044,0.10039,0.10577,0.11116,0.11659,0.12204,0.12753,-0.02,0.026065,0.15794,0.15242,0.14691,0.14144,0.13596,0.13044,0.12492,0.11944,0.11399,0.10857,0.10315,0.09773,0.092344,0.10776,-0.10701,0.087012,0.081681,0.076343,0.071034,0.065825,0.06072,0.055736,0.050896,0.053012,-0.053135,0.046243,0.041812,0.037674,0.033898,0.030612,0.028086,0.026598,0.026324,0.027269,0.029338,0.032331,0.035899,0.039829,0.044079,0.048572,0.053289,0.058175,0.063211,0.06835,0.073596,0.08,0.026324,True,11914,0.59024,0.5688,0.54738,0.52597,0.50458,0.48319,0.46179,0.44036,0.41891,0.39749,0.3761,0.35473,0.33338,0.31207,0.29082,0.26967,0.2486,0.22762,0.20674,0.18599,0.16543,0.14516,0.12532,0.1062,0.088249,0.072344,0.060136,0.05419,0.056515,0.06625,0.08077,0.097964,0.11666,0.13625,0.15639,0.1769,0.19765,0.21859,0.23968,0.26087,0.28215,0.072254,0.05419,11815,0.48503,0.46368,0.44235,0.42104,0.39973,0.37844,0.35717,0.33594,0.31477,0.29368,0.27268,0.25179,0.23105,0.21053,0.19027,0.17036,0.15094,0.13224,0.11459,0.09859,0.085166,0.075721,0.07183,0.074383,0.082792,0.095532,0.1111,0.12849,0.14706,0.1664,0.18629,0.20655,0.22709,0.24786,0.26881,0.28989,0.31105,0.33229,0.35361,0.37499,0.39643,0.02106,0.07183,11915,0.54414,0.52276,0.50139,0.48002,0.45866,0.43732,0.41599,0.39467,0.37338,0.35212,0.3309,0.30973,0.28859,0.2675,0.24649,0.22558,0.20477,0.18412,0.1637,0.1436,0.12401,0.1052,0.087639,0.072243,0.060687,0.055449,0.058306,0.068255,0.08278,0.099899,0.1185,0.13798,0.158,0.17836,0.19896,0.21973,0.24066,0.26172,0.28289,0.30414,0.32545,0.051517,0.055449,11815,0.44699,0.42557,0.40415,0.38274,0.36133,0.33994,0.31859,0.29729,0.27605,0.25488,0.2338,0.21286,0.1921,0.17158,0.15137,0.13165,0.11266,0.094853,0.079026,0.06663,0.059827,0.060554,0.068589,0.081812,0.098126,0.11624,0.13544,0.15532,0.17565,0.19629,0.21715,0.2382,0.25938,0.28067,0.30202,0.32342,0.34487,0.36637,0.38791,0.40949,0.4311,0.0040764,0.059827,0.010735,0.13187,0.040547,0.19523,0,0,0.051215,0.092333,0.051444,0.40762,0.0029656,0.10137,0.040821,0.27574,0.010635,0.27861,True
30618_f19a4ac3,30618,0.0053538,0.061603,0.013385,0.15401,0.025163,0.28953,0.042831,0.49282,0.065178,0.78212,0.5864,7.2931,0.9158,24.369,49.994,0.012728,0.15917,25.87,0.99991,16.186,19.798,0.0086649,0.10013,26.509,0.99991,12.865,17.26,0.0069769,0.086463,26.303,0.9999,0.12365,0.11826,0.11281,0.10732,0.10182,0.096343,0.090944,0.085672,0.080487,0.075389,0.070344,0.065324,0.060328,0.060287,-0.064865,0.055385,0.050577,0.046018,0.041837,0.038112,0.034916,0.032378,0.030604,0.0083609,-0.0099917,0.02971,0.029769,0.030838,0.032911,0.035876,0.039527,0.043544,0.04782,0.052306,0.056974,0.0618,0.066743,0.071817,0.077034,0.082379,0.087795,0.093153,0.098465,0.10376,0.10908,0.01,0.02971,0.15524,0.14968,0.14422,0.13879,0.1334,0.12802,0.12263,0.11722,0.11178,0.10633,0.10089,0.095493,0.090203,0.096769,-0.10374,0.084978,0.079832,0.07475,0.06972,0.064733,0.059807,0.055009,0.050412,0.045176,-0.049222,0.046094,0.042144,0.038627,0.035666,0.033383,0.0319,0.03128,0.031622,0.032971,0.035254,0.038307,0.041854,0.045763,0.049979,0.054453,0.059133,0.063951,0.068914,0.07402,0.079258,0.07,0.03128,True,10342,0.53013,0.50799,0.48588,0.46383,0.44181,0.4198,0.39781,0.37584,0.35391,0.33207,0.31029,0.28855,0.26687,0.24526,0.22376,0.2024,0.18124,0.16035,0.13984,0.11993,0.10099,0.083645,0.069102,0.05945,0.057225,0.063182,0.075401,0.091413,0.10959,0.12901,0.14913,0.16971,0.19062,0.21179,0.23311,0.25453,0.27605,0.29765,0.31932,0.34104,0.36279,0.037658,0.057225,10341,0.48206,0.46188,0.44187,0.42208,0.40254,0.38333,0.36445,0.34596,0.32791,0.31041,0.29352,0.27736,0.26206,0.24777,0.23469,0.2231,0.21317,0.20514,0.19926,0.19571,0.19457,0.1959,0.19966,0.20573,0.21391,0.22397,0.23565,0.24872,0.263,0.27827,0.2944,0.31124,0.32869,0.34664,0.36503,0.38376,0.40282,0.42218,0.44177,0.46157,0.48154,-0.00038828,0.19457,10441,0.56465,0.54259,0.52054,0.49852,0.4765,0.45455,0.43263,0.41072,0.38885,0.36701,0.34521,0.3235,0.30182,0.28022,0.25873,0.23741,0.21624,0.19526,0.17455,0.15422,0.13446,0.1156,0.098067,0.082704,0.070946,0.064786,0.065859,0.073829,0.086811,0.10293,0.12094,0.14009,0.15996,0.18034,0.20107,0.22204,0.24318,0.26446,0.28584,0.30732,0.32892,0.053564,0.064786,10340,0.48468,0.46357,0.44256,0.42169,0.40093,0.38034,0.35993,0.33976,0.31987,0.30028,0.28108,0.26235,0.24421,0.22677,0.2102,0.19471,0.1806,0.16826,0.15807,0.15046,0.14582,0.14444,0.14639,0.15155,0.15961,0.17016,0.18276,0.19703,0.21263,0.22927,0.24675,0.26492,0.28363,0.30277,0.32228,0.34207,0.36211,0.38235,0.40275,0.42332,0.44404,0.0091393,0.14444,0.0086649,0.10152,0.040241,0.38537,0,0,0.054116,0.57607,0.034167,0.17455,0.011049,0.15231,0.042833,0.27603,0.0123,0.3441,True
30639_0be558e2,30639,0.0053693,0.080427,0.013423,0.20107,0.025236,0.37801,0.042954,0.64342,0.065133,0.96476,0.57905,7.297,0.88572,33.387,49.995,0.018621,0.31371,34.582,1,10.876,39.112,0.0058369,0.090452,28.732,1,10.425,11.011,0.0056834,0.090148,30.755,1.0035,0.10999,0.10474,0.099558,0.094387,0.089257,0.084128,0.078987,0.073892,0.068876,0.063945,0.059154,0.054566,0.050217,0.047818,-0.04774,0.04608,0.042238,0.038712,0.035584,0.033081,0.031393,0.030676,0.031014,-0.0040445,0.0053106,0.032374,0.034586,0.03745,0.040824,0.044569,0.048598,0.052897,0.057433,0.062172,0.06706,0.072054,0.077096,0.082173,0.087268,0.092385,0.097528,0.10271,0.10795,0.11325,0.11859,-0.01,0.030676,0.15569,0.15034,0.14503,0.13973,0.13443,0.12911,0.12378,0.11846,0.11315,0.10788,0.10265,0.097472,0.09237,0.10418,-0.10246,0.0873,0.082265,0.077254,0.072276,0.067384,0.062602,0.057981,0.053557,0.052437,-0.04957,0.04939,0.045548,0.042036,0.038957,0.036375,0.03441,0.03325,0.033026,0.033775,0.035441,0.037883,0.040926,0.04441,0.048255,0.05235,0.056648,0.061137,0.065805,0.070619,0.075549,0.08,0.033026,True,8725,0.52023,0.50061,0.481,0.46139,0.44179,0.42221,0.40263,0.38304,0.36344,0.34386,0.32431,0.30478,0.2853,0.2659,0.24657,0.22733,0.20815,0.18909,0.17019,0.15157,0.13331,0.11561,0.098753,0.083279,0.070106,0.060743,0.057133,0.06032,0.069391,0.082417,0.097845,0.11471,0.13246,0.15079,0.16948,0.18846,0.20768,0.22708,0.24661,0.26624,0.28592,0.06032,0.057133,8725,0.42267,0.40301,0.38333,0.36365,0.34401,0.32438,0.30479,0.28524,0.26575,0.24633,0.22698,0.20773,0.18861,0.16967,0.15102,0.13274,0.11504,0.098235,0.082903,0.069995,0.061036,0.057908,0.06154,0.070928,0.084163,0.099722,0.11669,0.13452,0.15293,0.17172,0.19079,0.21007,0.22954,0.24914,0.2688,0.28856,0.30837,0.32824,0.34815,0.36811,0.38812,0.0096167,0.057908,8826,0.49481,0.47531,0.45583,0.43635,0.41688,0.3974,0.37793,0.35845,0.33897,0.31954,0.30016,0.28084,0.26158,0.24239,0.22331,0.20431,0.18545,0.16678,0.14839,0.13039,0.11298,0.096493,0.081503,0.06898,0.060511,0.057898,0.061887,0.071404,0.084603,0.10005,0.11686,0.13451,0.15272,0.1713,0.19014,0.20923,0.22848,0.24787,0.26733,0.28687,0.30647,0.04893,0.057898,8820,0.40663,0.38696,0.36731,0.34769,0.32809,0.30854,0.28904,0.2696,0.25025,0.23099,0.21184,0.19286,0.17408,0.15562,0.1376,0.1202,0.10376,0.088838,0.076323,0.067524,0.064017,0.066662,0.074831,0.086987,0.1017,0.11803,0.13538,0.15342,0.17193,0.19077,0.20988,0.22919,0.24866,0.26822,0.28788,0.30762,0.32742,0.34727,0.36717,0.38714,0.40714,0.00071659,0.064017,0.0058369,0.080722,0.040864,0.28819,0,0,0.043757,0.012525,0.048791,0.40745,0.013317,0.03661,0.042954,0.32673,0.026351,0.32674,False
30639_253671cc,30639,0.005579,0.12207,0.013947,0.30517,0.026221,0.57373,0.044632,0.97655,0.066987,1.3729,0.56741,6.9846,0.89442,31.527,49.959,0.017459,0.30465,31.588,0.99991,18.664,21.848,0.010413,0.22346,25.818,1,16.968,20.865,0.0093857,0.17718,27.733,0.99388,0.12082,0.1156,0.11037,0.10511,0.099915,0.09479,0.089701,0.084629,0.079614,0.07466,0.069727,0.064857,0.060057,0.067319,-0.062091,0.055342,0.050817,0.046543,0.042549,0.038887,0.035661,0.032987,0.03098,0.012455,-0.010561,0.029792,0.029545,0.030281,0.03197,0.034458,0.037591,0.041222,0.045163,0.049339,0.053722,0.05826,0.062953,0.067776,0.072683,0.077637,0.08266,0.08775,0.09284,0.097929,0.10305,0.02,0.029545,0.147,0.14174,0.13648,0.13124,0.12603,0.12079,0.11557,0.11034,0.10508,0.099885,0.094759,0.089669,0.084597,0.10138,-0.094136,0.079582,0.074628,0.069696,0.064826,0.060027,0.055312,0.050788,0.046515,0.046682,-0.042663,0.042522,0.038862,0.035639,0.032968,0.030965,0.029782,0.02954,0.030282,0.031976,0.034469,0.037606,0.04124,0.045183,0.049361,0.053746,0.058284,0.062977,0.067802,0.072709,0.077663,0.07,0.02954,False,8780,0.42534,0.40454,0.38396,0.36364,0.34366,0.32401,0.30477,0.28602,0.26784,0.25037,0.23377,0.21826,0.20405,0.19144,0.18076,0.17238,0.16667,0.16389,0.16421,0.16758,0.17384,0.18272,0.19383,0.20679,0.22128,0.23703,0.2538,0.27141,0.28969,0.30853,0.32784,0.34754,0.36756,0.38787,0.4084,0.42911,0.45001,0.47104,0.49219,0.51347,0.53486,-0.026015,0.16389,8782,0.41354,0.39473,0.37635,0.35847,0.34114,0.32444,0.30848,0.29338,0.2793,0.26638,0.25479,0.24474,0.23642,0.23001,0.2257,0.22357,0.22371,0.22609,0.23065,0.23723,0.2457,0.25588,0.26757,0.28059,0.29476,0.30992,0.32593,0.34267,0.36004,0.37794,0.3963,0.41506,0.43415,0.45356,0.47325,0.49318,0.5133,0.53361,0.55409,0.57473,0.59551,-0.045592,0.22357,8781,0.46507,0.44405,0.42318,0.40247,0.38197,0.3617,0.34173,0.32212,0.30291,0.28421,0.26611,0.24874,0.23225,0.21686,0.20285,0.19052,0.18018,0.17219,0.16689,0.16454,0.16527,0.16902,0.17561,0.18475,0.19608,0.20925,0.22393,0.23982,0.25672,0.27444,0.29284,0.31178,0.33118,0.35098,0.37108,0.3914,0.41194,0.43268,0.45359,0.47465,0.49584,-0.0073489,0.16454,8781,0.3732,0.35301,0.3331,0.31356,0.29445,0.27586,0.25791,0.24073,0.2245,0.20946,0.19588,0.1841,0.17444,0.16727,0.16292,0.16162,0.16345,0.1683,0.17591,0.18596,0.19808,0.2119,0.2271,0.24344,0.26071,0.2787,0.2973,0.31642,0.33596,0.35586,0.37607,0.3965,0.41715,0.43798,0.4589,0.47996,0.50113,0.52243,0.54383,0.56533,0.5869,-0.050861,0.16162,0.010413,0.22822,0.038274,0.64276,0,0,0.055776,0.90993,0.034221,0.30979,0.0063874,0.2821,0.044634,0.53808,0.011193,0.5902,True
30639_2b4a6347,30639,0.0052571,0.064176,0.013143,0.16044,0.024709,0.30163,0.042057,0.51341,0.064377,0.81503,0.57236,7.41,0.97967,22.685,49.599,0.01192,0.15558,22.685,0.9999,16.494,33.713,0.0086458,0.10456,26.496,1,13.82,33.498,0.0073776,0.093192,25.306,1.0027,0.12404,0.11871,0.11337,0.10804,0.1027,0.097331,0.091967,0.086661,0.08144,0.07629,0.071185,0.066161,0.061205,0.068193,-0.063517,0.056337,0.051547,0.046855,0.042374,0.038249,0.034594,0.031487,0.029078,0.013424,-0.012611,0.027576,0.027134,0.027775,0.02942,0.031919,0.035169,0.039021,0.043256,0.047703,0.052325,0.057091,0.061994,0.066982,0.072036,0.077163,0.082379,0.08767,0.092973,0.098258,0.10355,0.02,0.027134,0.15113,0.14565,0.1402,0.1348,0.12943,0.12407,0.11874,0.11341,0.10808,0.10274,0.097371,0.092009,0.086704,0.1022,-0.095137,0.081485,0.076336,0.071231,0.066208,0.061251,0.056381,0.051589,0.046889,0.047813,-0.044444,0.042401,0.038269,0.034607,0.031492,0.029076,0.027566,0.027116,0.027749,0.02938,0.031865,0.035104,0.038947,0.043173,0.047616,0.052239,0.057005,0.061909,0.066899,0.071953,0.077074,0.07,0.027116,False,10788,0.49081,0.47015,0.44952,0.42892,0.40837,0.3879,0.36749,0.34716,0.32693,0.30684,0.28691,0.26721,0.24777,0.22863,0.20992,0.19174,0.17426,0.1577,0.14242,0.12885,0.11757,0.10932,0.10481,0.10453,0.10853,0.11637,0.12735,0.14074,0.15592,0.1724,0.18986,0.20806,0.22684,0.24606,0.26563,0.28546,0.30551,0.32574,0.3461,0.3666,0.38719,0.025638,0.10453,10789,0.49001,0.46979,0.44965,0.4296,0.40968,0.3899,0.3703,0.35088,0.3317,0.31279,0.29421,0.276,0.25826,0.24107,0.22459,0.209,0.19451,0.18138,0.16994,0.16057,0.15361,0.1494,0.14819,0.15005,0.15487,0.1624,0.17229,0.18416,0.19765,0.21246,0.22833,0.24504,0.26246,0.28044,0.2989,0.31775,0.33692,0.35634,0.376,0.39585,0.41587,0.018937,0.14819,10789,0.522,0.50141,0.48084,0.46029,0.43977,0.41929,0.39887,0.37853,0.35829,0.33816,0.31811,0.29822,0.27849,0.25897,0.2397,0.22076,0.20225,0.18432,0.16717,0.15105,0.13631,0.12346,0.11314,0.10609,0.10299,0.10419,0.10958,0.11858,0.13046,0.14454,0.16022,0.17709,0.19485,0.21322,0.23211,0.25139,0.27096,0.29077,0.31077,0.33093,0.35125,0.042218,0.10299,10789,0.4459,0.42524,0.40466,0.38416,0.36375,0.34343,0.32323,0.30318,0.2833,0.26363,0.24422,0.22514,0.20651,0.18845,0.17117,0.15489,0.13998,0.12696,0.11642,0.10909,0.10565,0.10648,0.11149,0.12018,0.13181,0.14569,0.16121,0.17799,0.19568,0.21407,0.233,0.25234,0.27201,0.29194,0.31208,0.33237,0.3528,0.37337,0.39405,0.41483,0.43571,0.0030768,0.10565,0.0086458,0.10518,0.034894,0.20194,0,0,0.052559,0.26761,0.033492,0.17837,0.0072082,0.17235,0.042059,0.28271,0.010551,0.29779,True
30639_3b3d9eb8,30639,0.0055601,0.059086,0.0139,0.14772,0.026133,0.27771,0.044481,0.47269,0.066935,0.75039,0.55789,6.752,0.91858,25.507,49.993,0.014669,0.15832,26.372,0.99992,20.571,21.372,0.011438,0.12921,25.385,1,17.645,46.902,0.009786,0.11008,25.706,0.98999,0.65199,0.6513,0.65064,0.65002,0.64942,0.64888,0.64838,0.6479,0.64747,0.64708,0.64674,0.64644,0.64618,-0.11348,-0.1769,0.64596,0.64578,0.64564,0.64556,0.6455,0.64549,0.64551,0.64559,-0.16469,-0.12868,0.6457,0.64586,0.64605,0.64628,0.64656,0.64689,0.64726,0.64766,0.64811,0.6486,0.64912,0.64968,0.65028,0.65092,0.65161,0.65235,0.65312,0.65393,0.65479,0.65568,-0.02,0.64549,0.65538,0.65452,0.65368,0.65288,0.65212,0.65141,0.65074,0.65011,0.64951,0.64894,0.64843,0.64797,0.64754,-0.087932,-0.1991,0.64715,0.6468,0.6465,0.64626,0.64605,0.64587,0.64574,0.64565,-0.13869,-0.15121,0.6456,0.64559,0.64563,0.64571,0.64584,0.64602,0.64623,0.64649,0.64678,0.64711,0.64748,0.64788,0.64832,0.6488,0.64932,0.64988,0.65048,0.65112,0.65181,0.65254,0.02,0.64559,False,8409,0.49857,0.47768,0.45691,0.43624,0.41567,0.39521,0.37492,0.35481,0.3349,0.31521,0.29579,0.27671,0.25804,0.23989,0.22236,0.20565,0.18994,0.17549,0.16267,0.15188,0.14359,0.13825,0.13618,0.13751,0.14215,0.14979,0.16001,0.17235,0.18638,0.20176,0.2182,0.23547,0.2534,0.27186,0.29074,0.30995,0.32946,0.34922,0.36918,0.38931,0.40961,0.021092,0.13618,8407,0.49842,0.47764,0.45694,0.43633,0.41584,0.39548,0.37527,0.35523,0.3354,0.31582,0.29652,0.27759,0.25909,0.24112,0.22379,0.20728,0.1918,0.17761,0.16505,0.15448,0.14634,0.14105,0.13895,0.14019,0.14467,0.15212,0.16211,0.17424,0.18806,0.20325,0.21955,0.23668,0.25445,0.27277,0.29151,0.31059,0.32996,0.3496,0.36944,0.38943,0.40956,0.021307,0.13895,8410,0.54572,0.5246,0.50354,0.48259,0.46178,0.44106,0.42043,0.3999,0.3795,0.35927,0.33922,0.31942,0.29988,0.28068,0.26191,0.24368,0.22606,0.20922,0.19337,0.17878,0.16576,0.1547,0.14605,0.14027,0.13771,0.13854,0.14271,0.14992,0.15976,0.17178,0.18557,0.20076,0.21704,0.23421,0.25208,0.27051,0.28938,0.30862,0.32816,0.34794,0.36794,0.042555,0.13771,8407,0.47807,0.45738,0.43681,0.41635,0.39601,0.37584,0.35584,0.33605,0.3165,0.29725,0.27838,0.25996,0.24206,0.22481,0.20838,0.19298,0.17887,0.16637,0.15589,0.14783,0.1426,0.14052,0.14174,0.14617,0.15354,0.16344,0.17545,0.18918,0.20428,0.22049,0.23753,0.25522,0.27348,0.29217,0.3112,0.33053,0.35012,0.36991,0.38986,0.40996,0.4302,0.011311,0.14052,0.011438,0.12908,0.034752,0.13051,0,0,0.048561,0.020361,0.033047,0.147,0.016598,0.14756,0.044485,0.27607,0.023554,0.27629,True
30639_4285f2bc,30639,0.009797,0.1211,0.024493,0.30275,0.046046,0.56916,0.078376,0.96879,0.10189,1.3276,0.76628,6.6814,0.94224,27.033,49.98,0.022805,0.35819,27.132,0.99847,17.424,49.314,0.01207,0.21195,26.709,0.99991,14.654,37.412,0.016739,0.19171,26.847,1.0032,0.32149,0.31926,0.31714,0.31511,0.31318,0.31133,0.30957,0.30792,0.30639,0.30495,0.30362,0.30241,0.30131,0.047627,-0.083906,0.30033,0.29945,0.29868,0.29802,0.29747,0.29706,0.29675,0.29657,-0.0066199,-0.027982,0.29651,0.29656,0.29672,0.29699,0.29737,0.29786,0.29848,0.29922,0.30007,0.30103,0.30211,0.30329,0.30458,0.30596,0.30745,0.30904,0.31074,0.31256,0.31446,0.31647,0.01,0.29651,0.33427,0.33157,0.32896,0.32644,0.324,0.32166,0.31942,0.31729,0.31524,0.31328,0.31141,0.30963,0.30795,0.082395,-0.12028,0.30639,0.30494,0.30359,0.30237,0.30126,0.30026,0.29936,0.29857,0.028249,-0.064529,0.29788,0.29732,0.29688,0.29656,0.29636,0.29628,0.29632,0.29647,0.29673,0.29709,0.29756,0.29816,0.29889,0.29972,0.30066,0.30171,0.30287,0.30413,0.30549,0.30696,0.06,0.29628,False,11383,0.53267,0.5104,0.48829,0.46637,0.44466,0.42319,0.40203,0.38121,0.36077,0.34082,0.3214,0.30262,0.28462,0.26756,0.25163,0.23707,0.22412,0.21309,0.20427,0.19797,0.19442,0.19378,0.19608,0.20122,0.20899,0.21911,0.23123,0.24506,0.26036,0.27685,0.29434,0.31269,0.33173,0.35137,0.37153,0.3921,0.41304,0.43429,0.45578,0.47746,0.49934,0.0071737,0.19378,11396,0.48618,0.46514,0.4444,0.42402,0.40403,0.38449,0.36548,0.34708,0.3294,0.31254,0.29666,0.2819,0.26848,0.25659,0.24647,0.23833,0.23238,0.22878,0.22764,0.22899,0.2328,0.23891,0.24717,0.25742,0.26937,0.28283,0.2976,0.31348,0.33031,0.34795,0.36629,0.38524,0.40474,0.42466,0.44498,0.46563,0.48656,0.50774,0.52913,0.55071,0.57246,-0.020423,0.22764,11407,0.57639,0.55368,0.53112,0.5087,0.48643,0.46432,0.44241,0.42076,0.39943,0.37845,0.35787,0.33774,0.31817,0.29926,0.28113,0.26399,0.248,0.2334,0.22047,0.20953,0.2009,0.19488,0.19173,0.19158,0.19443,0.20016,0.20851,0.21918,0.23184,0.24618,0.26193,0.27886,0.29678,0.3155,0.3349,0.35487,0.37532,0.39615,0.41729,0.43872,0.46038,0.025495,0.19158,11401,0.47709,0.45517,0.43346,0.412,0.39085,0.37006,0.34968,0.32979,0.31046,0.29181,0.27398,0.25715,0.24153,0.22737,0.21494,0.20457,0.19658,0.19126,0.18884,0.18942,0.19298,0.19938,0.20834,0.21953,0.23261,0.24731,0.26333,0.28045,0.2985,0.3173,0.33675,0.35674,0.3772,0.39805,0.41926,0.44074,0.46244,0.48432,0.50635,0.5285,0.5508,-0.016938,0.18884,0.01207,0.19952,0.053481,0.47308,0,0,0.072863,0.66547,0.064826,0.34099,0.037828,0.31759,0.078404,0.53379,0.053848,0.58197,False
30639_44226bde,30639,0.005356,0.13509,0.01339,0.33772,0.025173,0.63492,0.042848,1.0807,0.065131,1.5118,0.54963,7.0162,0.91761,30.736,49.999,0.016534,0.32359,30.892,0.99991,18.662,21.29,0.0099964,0.252,25.815,0.99991,16.569,21.29,0.0088952,0.20384,27.521,0.99412,0.18961,0.18657,0.18364,0.18084,0.17812,0.17549,0.17296,0.17054,0.16825,0.1661,0.1641,0.16228,0.16063,0.051441,-0.069195,0.15913,0.15778,0.15656,0.1555,0.15462,0.15391,0.15338,0.15303,-0.0050927,-0.0205,0.15289,0.15293,0.15314,0.15351,0.15405,0.15476,0.15567,0.15676,0.15801,0.15943,0.16101,0.16274,0.16461,0.1666,0.16874,0.17102,0.17345,0.17602,0.17872,0.18152,0.01,0.15289,0.20636,0.20287,0.19943,0.19607,0.19278,0.1896,0.18656,0.18364,0.18083,0.17812,0.17548,0.17295,0.17054,0.086674,-0.099659,0.16825,0.16609,0.1641,0.16227,0.16062,0.15913,0.15777,0.15656,0.030462,-0.051188,0.1555,0.15461,0.15391,0.15337,0.15303,0.15288,0.15293,0.15314,0.15351,0.15405,0.15477,0.15567,0.15676,0.15802,0.15944,0.16101,0.16275,0.16461,0.1666,0.16874,0.06,0.15288,False,9191,0.44317,0.42215,0.4013,0.38065,0.36028,0.34021,0.32047,0.30117,0.28236,0.26415,0.24668,0.23013,0.21471,0.20068,0.18833,0.17801,0.1701,0.16493,0.16278,0.16376,0.16782,0.17475,0.18423,0.19588,0.20933,0.22428,0.2404,0.2575,0.27541,0.29397,0.31308,0.33263,0.35256,0.37281,0.3933,0.41401,0.43487,0.45589,0.47706,0.49836,0.51979,-0.018121,0.16278,9191,0.39892,0.37992,0.36133,0.34321,0.32563,0.30869,0.29254,0.27728,0.26309,0.25015,0.23867,0.22887,0.22095,0.21511,0.21154,0.21035,0.21158,0.2152,0.22108,0.22907,0.23892,0.25044,0.26339,0.27758,0.29284,0.30902,0.32594,0.34353,0.36168,0.38028,0.39931,0.41867,0.43836,0.45828,0.47842,0.49878,0.51932,0.54002,0.56086,0.5818,0.60285,-0.0501,0.21035,9192,0.4817,0.46048,0.4394,0.41848,0.39774,0.37722,0.35693,0.33695,0.31733,0.29814,0.27946,0.2614,0.24411,0.22776,0.21257,0.19881,0.18681,0.17692,0.1695,0.1649,0.16334,0.16491,0.16953,0.17696,0.18685,0.19881,0.2125,0.22761,0.24387,0.26108,0.27906,0.29769,0.31685,0.33644,0.3564,0.37666,0.39717,0.4179,0.43878,0.45982,0.48101,-1.7161e-05,0.16334,9190,0.38815,0.36776,0.34763,0.32781,0.30838,0.28942,0.27101,0.25327,0.23637,0.2205,0.2059,0.19285,0.18167,0.17278,0.16649,0.16314,0.16287,0.16572,0.17154,0.18003,0.19084,0.20362,0.21798,0.23364,0.25033,0.2679,0.28618,0.30505,0.32438,0.34411,0.36418,0.38454,0.40514,0.42593,0.44691,0.46803,0.48926,0.51062,0.53207,0.55362,0.57524,-0.044159,0.16287,0.0099964,0.25295,0.036756,0.89669,0,0,0.05356,1.303,0.032853,0.34247,0.0060932,0.34335,0.04285,0.59544,0.010712,0.7601,False
30639_50956d6e,30639,0.015236,0.076112,0.03809,0.19028,0.071608,0.35773,0.12189,0.6089,0.14403,0.93366,0.9784,7.098,0.92975,30.231,49.994,0.042609,0.21074,31.326,1,22.883,26.992,0.034784,0.17658,25.107,1,19.955,25.123,0.028657,0.14926,27.319,1.0036,0.20441,0.20076,0.19717,0.19365,0.19023,0.18693,0.18376,0.18071,0.17775,0.17492,0.17222,0.16966,0.16723,0.08739,-0.084957,0.16493,0.16278,0.16082,0.15905,0.15746,0.15602,0.15477,0.1537,0.034478,-0.032447,0.15281,0.15208,0.15154,0.1512,0.15109,0.15121,0.15153,0.15202,0.15271,0.15362,0.15469,0.15594,0.15737,0.15899,0.16081,0.16281,0.16497,0.16725,0.16968,0.17225,0.05,0.15109,0.22318,0.21921,0.21531,0.21144,0.20765,0.20394,0.2003,0.19673,0.19322,0.18981,0.18652,0.18337,0.18034,0.11999,-0.11608,0.1774,0.17459,0.17192,0.16938,0.16698,0.16469,0.16257,0.16063,0.067447,-0.063584,0.15889,0.1573,0.15586,0.15462,0.15356,0.15268,0.15198,0.15146,0.15116,0.1511,0.15127,0.15164,0.15217,0.15291,0.15384,0.15493,0.1562,0.15766,0.1593,0.16113,0.1,0.1511,True,7896,0.53919,0.51554,0.4919,0.4683,0.44471,0.42114,0.3976,0.3741,0.35065,0.32729,0.30403,0.28089,0.25786,0.23501,0.21237,0.19002,0.16806,0.14668,0.12617,0.10704,0.090168,0.077088,0.069908,0.070462,0.078559,0.09222,0.10938,0.12866,0.14923,0.17062,0.19254,0.21486,0.23745,0.26023,0.28315,0.30619,0.32931,0.35252,0.37579,0.39911,0.42243,0.024313,0.069908,7897,0.48752,0.46631,0.44533,0.42462,0.40423,0.38425,0.36473,0.34579,0.3275,0.30996,0.29331,0.27766,0.26319,0.25014,0.23874,0.22924,0.22187,0.21684,0.21432,0.21439,0.21704,0.2222,0.2297,0.23933,0.25083,0.26395,0.27844,0.29409,0.31072,0.3282,0.3464,0.36523,0.38461,0.40446,0.42469,0.44525,0.4661,0.48715,0.5084,0.52983,0.55141,-0.015266,0.21432,7898,0.59581,0.57204,0.54833,0.52463,0.50096,0.47729,0.45365,0.43002,0.40643,0.38287,0.35937,0.33593,0.31257,0.28934,0.26622,0.24326,0.2205,0.19797,0.1758,0.15414,0.13324,0.11354,0.095785,0.081239,0.071812,0.069606,0.075282,0.087321,0.10352,0.12223,0.14248,0.1637,0.18556,0.20786,0.23045,0.25323,0.27617,0.29921,0.32234,0.34556,0.36884,0.04775,0.069606,7896,0.47965,0.45627,0.43292,0.40961,0.38636,0.36318,0.34008,0.31708,0.29425,0.2716,0.24917,0.227,0.20519,0.18389,0.16325,0.14357,0.12532,0.1092,0.096298,0.087997,0.085646,0.089716,0.099431,0.11335,0.13012,0.14879,0.16872,0.18948,0.2108,0.23256,0.25467,0.27704,0.29962,0.32236,0.34523,0.3682,0.39123,0.41432,0.43742,0.46055,0.48374,-0.0013619,0.085646,0.034784,0.15757,0.051217,0.37137,0,0,0.054344,0.48538,0.087125,0.14348,0.081528,0.17496,0.12189,0.29893,0.11438,0.34386,True
30639_584b6e32,30639,0.010081,0.065891,0.025203,0.16473,0.047381,0.30969,0.080649,0.52713,0.11363,0.82998,0.87474,7.2955,0.97673,21.672,49.582,0.017987,0.1152,21.672,1,16.361,33.387,0.01642,0.1067,26.504,1,13.401,33.387,0.018419,0.078669,25.021,1.0033,0.18197,0.17859,0.17527,0.17202,0.16889,0.16585,0.16293,0.16018,0.15761,0.15522,0.15302,0.15098,0.14908,0.045749,-0.073885,0.14733,0.14575,0.14436,0.14318,0.14223,0.14151,0.14103,0.14077,-0.0082124,-0.021793,0.1407,0.14083,0.14115,0.14168,0.14242,0.14339,0.14459,0.146,0.14761,0.14938,0.15131,0.15341,0.15566,0.15809,0.1607,0.16349,0.16643,0.1695,0.17268,0.17593,0.01,0.1407,0.20066,0.1967,0.19284,0.18909,0.18546,0.18197,0.17859,0.17527,0.17203,0.16889,0.16585,0.16294,0.16019,0.079071,-0.10603,0.15761,0.15522,0.15302,0.15099,0.14908,0.14733,0.14575,0.14436,0.025634,-0.054414,0.14317,0.14222,0.1415,0.14102,0.14076,0.14069,0.14082,0.14114,0.14167,0.14241,0.14338,0.14458,0.14599,0.14759,0.14936,0.15129,0.15338,0.15563,0.15806,0.16067,0.06,0.14069,True,6617,0.47558,0.45543,0.43531,0.41522,0.39516,0.37514,0.35516,0.33521,0.31533,0.29556,0.27587,0.25628,0.23683,0.21754,0.19847,0.17972,0.16136,0.14356,0.12655,0.11074,0.09671,0.085281,0.077629,0.074937,0.077736,0.085488,0.097013,0.11115,0.12705,0.14418,0.16214,0.18064,0.19946,0.21858,0.23793,0.25746,0.27715,0.29696,0.31687,0.33681,0.3568,0.029901,0.074937,6516,0.42207,0.40333,0.38476,0.36639,0.34828,0.33046,0.31298,0.2959,0.27927,0.2632,0.24779,0.23318,0.21954,0.20704,0.1959,0.18636,0.17873,0.17324,0.17011,0.16946,0.17132,0.17559,0.18212,0.19066,0.20094,0.21271,0.22573,0.23984,0.25487,0.27063,0.28701,0.30393,0.32131,0.33908,0.35713,0.37543,0.39397,0.4127,0.43163,0.4507,0.46992,-0.012409,0.16946,6622,0.50701,0.48687,0.46677,0.44673,0.42669,0.40669,0.38671,0.36678,0.34688,0.32703,0.30721,0.28742,0.26766,0.24803,0.22865,0.20949,0.19059,0.17203,0.15392,0.13645,0.1199,0.10471,0.091585,0.081495,0.075677,0.075126,0.079965,0.089326,0.10198,0.11689,0.13325,0.15059,0.1686,0.18711,0.20597,0.22512,0.24448,0.26401,0.28367,0.30345,0.32334,0.045998,0.075126,6516,0.4255,0.40525,0.38502,0.36484,0.34468,0.32457,0.30452,0.28457,0.26474,0.24503,0.22545,0.20607,0.18696,0.16819,0.1499,0.13228,0.11564,0.10049,0.087654,0.078295,0.073684,0.074706,0.081154,0.091898,0.10565,0.1214,0.13843,0.15631,0.17476,0.1937,0.21297,0.23249,0.25219,0.27205,0.29204,0.31214,0.33232,0.35252,0.37277,0.39306,0.41341,0.0032201,0.073684,0.01642,0.10861,0.066776,0.40354,0,0,0.10081,0.60514,0.064281,0.18393,0.013744,0.1528,0.080649,0.29219,0.020196,0.35781,True
30639_92226df0,30639,0.0050054,0.073393,0.012514,0.18348,0.023525,0.34495,0.040043,0.58715,0.060125,0.88011,0.51234,6.68,0.94453,25.108,49.994,0.012214,0.21414,25.108,0.99981,18.663,31.329,0.0093417,0.14055,25.816,0.99991,15.607,31.329,0.0075679,0.12653,25.591,0.99069,0.11003,0.10542,0.10083,0.096215,0.091534,0.086851,0.082207,0.077632,0.073144,0.06874,0.064422,0.060183,0.056034,0.059309,-0.062285,0.051946,0.047917,0.044057,0.040478,0.037283,0.034561,0.032351,0.030722,0.0097961,-0.012592,0.029734,0.029486,0.02999,0.031228,0.033181,0.03578,0.038902,0.04238,0.046058,0.049887,0.053822,0.05788,0.062072,0.066409,0.070859,0.07541,0.080037,0.084686,0.089302,0.093888,0.02,0.029486,0.13371,0.1289,0.12413,0.1194,0.11472,0.11009,0.10548,0.10089,0.09628,0.0916,0.086918,0.082276,0.077702,0.089409,-0.09309,0.073215,0.068814,0.064498,0.060262,0.056117,0.052031,0.048007,0.044152,0.040507,-0.04391,0.04058,0.037393,0.034679,0.032477,0.030856,0.029873,0.029625,0.030124,0.031355,0.033298,0.035888,0.039001,0.04247,0.046138,0.049957,0.053884,0.057933,0.062118,0.066449,0.070895,0.07,0.029625,True,8961,0.48581,0.46472,0.44373,0.42281,0.40197,0.38122,0.36059,0.3401,0.3198,0.29968,0.27979,0.26018,0.24096,0.22223,0.20407,0.18667,0.17027,0.1552,0.14185,0.13076,0.12255,0.11779,0.11687,0.11991,0.12665,0.13653,0.14893,0.16327,0.17907,0.19599,0.21376,0.23219,0.25111,0.27046,0.29012,0.31004,0.33018,0.35051,0.37095,0.39153,0.41219,0.017303,0.11687,8762,0.45617,0.43628,0.41655,0.39701,0.37769,0.35862,0.33984,0.32142,0.30344,0.28596,0.26907,0.25291,0.2376,0.22336,0.21038,0.19891,0.18922,0.1816,0.17629,0.17352,0.17341,0.17596,0.18105,0.18846,0.19794,0.20921,0.22199,0.23605,0.25117,0.26717,0.28389,0.30124,0.3191,0.33738,0.35601,0.37493,0.39412,0.41352,0.43311,0.45288,0.47281,-0.0045991,0.17341,8861,0.52296,0.50184,0.48076,0.45977,0.43889,0.4181,0.39738,0.37677,0.35627,0.33592,0.31574,0.29576,0.27603,0.25659,0.23752,0.21895,0.20099,0.18382,0.16769,0.15296,0.14001,0.12939,0.12173,0.11759,0.11734,0.12101,0.12825,0.13851,0.15118,0.16569,0.18159,0.19855,0.21633,0.23473,0.25364,0.27294,0.29254,0.31241,0.33249,0.35274,0.37311,0.03563,0.11734,8758,0.43223,0.41151,0.39088,0.37036,0.34997,0.32975,0.30971,0.28988,0.27032,0.2511,0.2323,0.21403,0.19645,0.17974,0.16419,0.15017,0.1381,0.12855,0.12212,0.1193,0.12032,0.12511,0.13325,0.1442,0.15733,0.17216,0.18827,0.20537,0.22323,0.2417,0.26064,0.27996,0.29957,0.31944,0.33951,0.35973,0.38006,0.40052,0.4211,0.44175,0.46249,-0.0076406,0.1193,0.0093417,0.11467,0.034319,0.35093,0,0,0.049859,0.50176,0.030711,0.16108,0.0068706,0.1595,0.040047,0.27967,0.011082,0.33024,True
30639_927002c2,30639,0.0056202,0.06316,0.014051,0.1579,0.026415,0.29685,0.044962,0.50528,0.068975,0.80212,0.60887,7.2183,0.85597,32.945,49.998,0.017909,0.22246,34.07,0.99991,5.6381,21.185,0.0031751,0.03518,31.61,0.99991,5.6115,20.242,0.0031605,0.035097,32.406,1.0035,0.19901,0.19593,0.19299,0.19021,0.18757,0.18507,0.1827,0.18048,0.17841,0.1765,0.17477,0.17324,0.17191,0.01812,-0.065721,0.17079,0.16986,0.16912,0.16857,0.1682,0.16803,0.16806,0.16831,-0.036309,-0.012195,0.16878,0.16946,0.17034,0.17142,0.17268,0.17411,0.17571,0.1775,0.17946,0.1816,0.18393,0.18641,0.18904,0.19181,0.19469,0.1977,0.20083,0.20409,0.20745,0.21094,-0.02,0.16803,0.2162,0.21261,0.20909,0.20566,0.20233,0.19911,0.19602,0.19308,0.1903,0.18766,0.18515,0.18279,0.18056,0.052292,-0.099618,0.17849,0.17657,0.17485,0.17331,0.17198,0.17084,0.16991,0.16917,-0.002189,-0.046131,0.16861,0.16824,0.16806,0.16808,0.16832,0.16878,0.16946,0.17034,0.17141,0.17266,0.17409,0.17569,0.17747,0.17942,0.18156,0.18388,0.18635,0.18898,0.19174,0.19462,0.03,0.16806,True,10922,0.57102,0.54791,0.52478,0.50165,0.47854,0.45543,0.43234,0.40926,0.38622,0.36322,0.34026,0.31736,0.29459,0.27193,0.24939,0.22701,0.20481,0.18288,0.16134,0.14039,0.12032,0.10166,0.085321,0.07293,0.066713,0.0684,0.077502,0.091835,0.10936,0.12879,0.14937,0.17069,0.19246,0.21457,0.23692,0.25946,0.28215,0.30497,0.3279,0.3509,0.37395,0.04292,0.066713,10822,0.45808,0.43497,0.41187,0.3888,0.36578,0.34279,0.31987,0.29699,0.27419,0.25151,0.22898,0.20665,0.18459,0.16294,0.14186,0.12167,0.10288,0.086448,0.073899,0.067436,0.068793,0.0776,0.091736,0.10916,0.12854,0.14911,0.17043,0.19226,0.21437,0.23674,0.25927,0.28196,0.30479,0.32772,0.35072,0.37378,0.3969,0.42007,0.4433,0.46655,0.48982,-0.0066833,0.067436,10822,0.5749,0.55213,0.52936,0.5066,0.48385,0.46109,0.43835,0.41562,0.39292,0.37024,0.34763,0.32508,0.30264,0.28032,0.25809,0.23599,0.21408,0.19241,0.17105,0.15015,0.12996,0.11084,0.093484,0.079044,0.069394,0.066662,0.071655,0.083011,0.098561,0.11664,0.13624,0.1568,0.17796,0.19949,0.22131,0.24335,0.26557,0.28793,0.31041,0.33296,0.35559,0.048499,0.066662,10822,0.47583,0.45269,0.42955,0.40642,0.38333,0.36029,0.33729,0.31438,0.29159,0.26893,0.24639,0.224,0.20183,0.17995,0.1585,0.1377,0.11786,0.099581,0.083871,0.072458,0.06757,0.070597,0.080661,0.095558,0.11341,0.13302,0.15373,0.17513,0.19698,0.21914,0.24153,0.26411,0.28686,0.30973,0.33271,0.35575,0.37885,0.402,0.42518,0.44832,0.47148,0.0012071,0.06757,0.0031751,0.035563,0.03151,0.35356,0,0,0.056303,0.63327,0.041798,0.24266,0.013927,0.07892,0.044964,0.27821,0.011588,0.35541,True
30639_9c362687,30639,0.0052987,0.057933,0.013247,0.14483,0.024904,0.27228,0.042389,0.46346,0.064149,0.72548,0.57258,6.466,0.90049,31.067,49.998,0.01669,0.19573,31.135,1,18.66,20.103,0.0098882,0.10962,25.816,1,17.093,20.103,0.0091991,0.10398,27.58,0.99306,0.12336,0.118,0.11267,0.10738,0.10213,0.096901,0.091705,0.086527,0.081376,0.076265,0.071183,0.066157,0.061229,0.068405,-0.063603,0.056438,0.051801,0.047338,0.043127,0.039241,0.035755,0.03276,0.030429,0.012182,-0.012677,0.028982,0.028578,0.029259,0.030913,0.033381,0.036537,0.040247,0.04432,0.048604,0.053105,0.057798,0.062637,0.067578,0.072575,0.077627,0.08275,0.087956,0.093188,0.098397,0.10363,0.02,0.028578,0.15013,0.14479,0.13943,0.13407,0.12873,0.12337,0.11801,0.11268,0.10738,0.10213,0.096902,0.091704,0.086524,0.10342,-0.095433,0.081371,0.076259,0.071175,0.066148,0.061219,0.056426,0.051789,0.047327,0.047371,-0.04457,0.043116,0.03923,0.035744,0.032748,0.030418,0.028973,0.02857,0.029253,0.030907,0.033375,0.036532,0.040242,0.044315,0.048598,0.053098,0.05779,0.062628,0.067567,0.072562,0.077612,0.07,0.02857,False,12288,0.39428,0.37503,0.35597,0.33714,0.31853,0.3002,0.28218,0.26453,0.24734,0.23071,0.21479,0.19976,0.1858,0.17319,0.16226,0.15336,0.14685,0.14306,0.14221,0.14436,0.14938,0.157,0.16685,0.17856,0.19182,0.20631,0.22179,0.23807,0.255,0.27245,0.29034,0.30856,0.32706,0.34584,0.36485,0.38404,0.40339,0.42289,0.44251,0.46224,0.48205,-0.022165,0.14221,12288,0.38165,0.36356,0.34578,0.32838,0.31138,0.29485,0.27888,0.26356,0.249,0.23538,0.22284,0.21161,0.20186,0.19383,0.18775,0.18382,0.18217,0.18286,0.18589,0.19116,0.19847,0.20761,0.21833,0.23039,0.24361,0.25781,0.27285,0.2886,0.30498,0.32189,0.33923,0.35691,0.37489,0.39314,0.41164,0.43034,0.44923,0.4683,0.48752,0.50687,0.52633,-0.037941,0.18217,12288,0.43051,0.41104,0.39168,0.37246,0.35343,0.33462,0.31605,0.29776,0.27979,0.2622,0.24507,0.22853,0.21271,0.19781,0.184,0.1716,0.16092,0.15232,0.14615,0.14274,0.14228,0.14482,0.1502,0.15813,0.16825,0.18019,0.19362,0.20825,0.22385,0.24022,0.25722,0.27474,0.29267,0.31093,0.32946,0.34827,0.3673,0.38651,0.40587,0.42539,0.44502,-0.0034813,0.14228,12288,0.34934,0.33061,0.31213,0.29394,0.27609,0.25864,0.24168,0.22534,0.20978,0.19518,0.18176,0.16981,0.15966,0.15166,0.14618,0.14348,0.14375,0.14697,0.15295,0.1614,0.17194,0.18422,0.19791,0.21273,0.22848,0.24496,0.26205,0.27963,0.29762,0.31592,0.3345,0.35334,0.3724,0.39163,0.41101,0.43054,0.45018,0.46992,0.48975,0.50965,0.52962,-0.045889,0.14348,0.0098882,0.10963,0.03636,0.3078,0,0,0.052987,0.43559,0.032502,0.14878,0.0060296,0.15008,0.042391,0.2583,0.010597,0.30451,True
30639_9f0b519f,30639,0.0056394,0.06688,0.014099,0.1672,0.026505,0.31434,0.045115,0.53504,0.069193,0.84926,0.59252,7.4986,0.89695,32.738,49.992,0.018847,0.19914,33.733,0.9999,22.876,26.802,0.012903,0.15328,25.102,1,21.381,34.377,0.012143,0.14182,28.18,1.0029,0.13257,0.12695,0.12136,0.11581,0.11031,0.10483,0.099349,0.0939,0.088467,0.083034,0.077607,0.072266,0.067037,0.070301,-0.072946,0.061946,0.057013,0.052219,0.047588,0.043194,0.039122,0.035434,0.032318,0.015931,-0.018876,0.030078,0.028926,0.028985,0.030194,0.032341,0.035249,0.03874,0.042713,0.047016,0.05162,0.056478,0.061531,0.066734,0.072024,0.077342,0.082688,0.088033,0.093419,0.098831,0.1043,0.02,0.028926,0.1606,0.155,0.14941,0.14382,0.1382,0.13254,0.12692,0.12134,0.11579,0.11029,0.10481,0.099329,0.093881,0.10411,-0.10673,0.088449,0.083016,0.077589,0.072248,0.067018,0.061927,0.056995,0.0522,0.049889,-0.052665,0.047569,0.043176,0.039104,0.035418,0.032305,0.030068,0.02892,0.028983,0.030197,0.032346,0.035254,0.038744,0.042715,0.047016,0.051618,0.056473,0.061524,0.066725,0.072012,0.077327,0.07,0.02892,True,9986,0.48411,0.46305,0.44202,0.42101,0.40004,0.37915,0.35834,0.3376,0.31692,0.29633,0.27584,0.25548,0.23531,0.21535,0.1957,0.17642,0.15766,0.13961,0.12257,0.10705,0.09379,0.083875,0.078596,0.078888,0.084666,0.094933,0.10842,0.12407,0.14118,0.15926,0.17803,0.19728,0.21688,0.23673,0.25678,0.27698,0.29731,0.31775,0.33828,0.35888,0.37955,0.024491,0.078596,9987,0.43676,0.41769,0.39883,0.38021,0.36185,0.34381,0.32615,0.30893,0.29226,0.27624,0.26095,0.24655,0.2332,0.22104,0.2103,0.2012,0.19399,0.1889,0.18609,0.18565,0.18761,0.19188,0.19831,0.20669,0.21682,0.22845,0.24136,0.25539,0.27032,0.28601,0.30234,0.31922,0.33659,0.35437,0.3725,0.39093,0.40961,0.42852,0.4476,0.46685,0.48622,-0.013169,0.18565,9987,0.53521,0.51399,0.49279,0.47163,0.45049,0.42939,0.40832,0.3873,0.36636,0.34548,0.32468,0.30395,0.28332,0.26281,0.2425,0.2224,0.20254,0.18304,0.16398,0.14558,0.12811,0.11199,0.097881,0.086777,0.079942,0.078507,0.082747,0.091869,0.10458,0.11975,0.13657,0.15449,0.17317,0.1924,0.21201,0.23191,0.252,0.27226,0.29264,0.31312,0.33371,0.047496,0.078507,9987,0.42429,0.4035,0.38276,0.36209,0.34148,0.32094,0.30049,0.28015,0.25996,0.23993,0.22014,0.20067,0.18159,0.16305,0.14524,0.12847,0.11317,0.10002,0.089977,0.084162,0.083456,0.087961,0.096955,0.10934,0.12411,0.14052,0.15806,0.17639,0.19528,0.21458,0.23418,0.25401,0.27401,0.29417,0.31446,0.33488,0.35537,0.37593,0.39655,0.4172,0.4379,-0.0036715,0.083456,0.012903,0.15315,0.041088,0.43713,0,0,0.056394,0.59172,0.032215,0.14147,0.004033,0.18326,0.045117,0.2946,0.011281,0.35891,True
30639_c31df386,30639,0.0054296,0.05458,0.013574,0.13645,0.025519,0.25652,0.043437,0.43664,0.065347,0.69315,0.58789,6.2168,0.89395,27.989,49.999,0.014766,0.1512,28.603,0.99992,17.903,32.151,0.0097189,0.093256,26.004,0.99992,16.099,17.967,0.0084936,0.083749,26.848,0.9903,0.24189,0.23975,0.23772,0.23579,0.23398,0.23228,0.23072,0.22928,0.22798,0.22681,0.22576,0.22485,0.22408,0.019349,-0.044857,0.22345,0.22295,0.22259,0.22238,0.2223,0.22237,0.22258,0.22292,-0.03678,0.0051722,0.22341,0.22403,0.2248,0.2257,0.22675,0.22792,0.22922,0.23065,0.2322,0.23387,0.23567,0.23758,0.23962,0.24178,0.24405,0.24642,0.24888,0.25143,0.25408,0.25683,-0.03,0.2223,0.26055,0.25771,0.25497,0.25232,0.24976,0.24729,0.24492,0.24267,0.24052,0.23848,0.23654,0.23474,0.23307,0.068576,-0.08813,0.23151,0.23008,0.22877,0.22759,0.22654,0.22562,0.22484,0.22421,0.012735,-0.038107,0.22371,0.22337,0.22316,0.22308,0.22314,0.22334,0.22367,0.22415,0.22477,0.22553,0.22643,0.22746,0.22861,0.22991,0.23133,0.23287,0.23453,0.23633,0.23824,0.24028,0.04,0.22308,False,12766,0.57801,0.55702,0.53607,0.51517,0.49432,0.47352,0.4528,0.43216,0.41159,0.39111,0.37074,0.3505,0.3304,0.31047,0.29075,0.27129,0.25217,0.23347,0.21528,0.19776,0.18109,0.16555,0.15146,0.13927,0.12953,0.12284,0.11968,0.12034,0.12477,0.1326,0.14325,0.15616,0.17082,0.18682,0.20384,0.22164,0.24006,0.25896,0.27824,0.29782,0.31767,0.063274,0.11968,12665,0.47358,0.45284,0.43217,0.41158,0.39108,0.37069,0.35044,0.33033,0.31039,0.29067,0.27123,0.25211,0.23343,0.21527,0.19778,0.18116,0.16567,0.15166,0.13961,0.13,0.12344,0.12041,0.12119,0.12571,0.13359,0.1443,0.15724,0.1719,0.18789,0.20491,0.2227,0.24113,0.26005,0.27935,0.29897,0.31885,0.33895,0.35923,0.37966,0.4002,0.42083,0.012963,0.12041,12768,0.54041,0.51952,0.49867,0.47785,0.45709,0.43641,0.41581,0.3953,0.37489,0.3546,0.33444,0.31442,0.29462,0.2751,0.25589,0.23707,0.21873,0.20102,0.18411,0.16823,0.15372,0.141,0.1306,0.1231,0.11905,0.11878,0.12233,0.1294,0.13946,0.15191,0.16621,0.18196,0.19878,0.21643,0.23472,0.25352,0.27271,0.29222,0.31201,0.332,0.35217,0.045702,0.11878,12665,0.4601,0.4394,0.41878,0.39825,0.37782,0.35752,0.33736,0.31735,0.29755,0.27801,0.25876,0.23993,0.22157,0.20384,0.18689,0.17097,0.1564,0.14361,0.13309,0.12541,0.12111,0.12056,0.12381,0.13058,0.14036,0.15259,0.16671,0.18227,0.19896,0.21651,0.23473,0.25349,0.27267,0.29219,0.31198,0.332,0.35222,0.37261,0.39312,0.41372,0.43439,0.0064367,0.12056,0.0097189,0.09785,0.030596,0.17568,0,0,0.033226,0.0066777,0.053156,0.33835,0.020521,0.06508,0.043439,0.2405,0.034879,0.24051,True
30639_d3c43d69,30639,0.014024,0.25928,0.035061,0.64821,0.065914,1.2186,0.11219,2.0743,0.13384,2.8137,0.92576,6.8222,0.89321,30.705,49.986,0.049849,0.78679,30.741,1,18.665,22.047,0.026153,0.44566,25.816,1,16.857,22.047,0.025747,0.436,27.433,0.99506,0.16171,0.15754,0.15342,0.14939,0.14549,0.14172,0.13809,0.13458,0.13119,0.12795,0.12484,0.12188,0.11909,0.070206,-0.067963,0.1165,0.11415,0.11204,0.11019,0.1086,0.10727,0.1062,0.10538,0.015306,-0.015178,0.10482,0.10454,0.10457,0.1049,0.10554,0.10648,0.10771,0.10922,0.11095,0.1129,0.11507,0.11746,0.12008,0.12288,0.12587,0.12903,0.13236,0.13583,0.1394,0.14307,0.02,0.10454,0.18342,0.17895,0.17453,0.17016,0.16587,0.16163,0.15746,0.15334,0.14931,0.1454,0.14163,0.13799,0.13447,0.10407,-0.1009,0.13107,0.12783,0.12472,0.12177,0.11898,0.11639,0.11404,0.11194,0.049313,-0.048182,0.11009,0.1085,0.10717,0.1061,0.10528,0.10473,0.10446,0.10449,0.10484,0.10549,0.10644,0.10768,0.10919,0.11093,0.11288,0.11504,0.11742,0.12001,0.1228,0.12577,0.07,0.10446,False,8268,0.45945,0.4365,0.41372,0.39119,0.3689,0.34697,0.32549,0.30451,0.28414,0.26447,0.24569,0.22801,0.21171,0.19715,0.18476,0.17502,0.1684,0.16527,0.16584,0.17006,0.17768,0.1883,0.20144,0.21666,0.23354,0.25175,0.27103,0.29116,0.31198,0.33336,0.3552,0.37742,0.39997,0.42278,0.44584,0.46909,0.49251,0.51607,0.53975,0.56354,0.58741,-0.026532,0.16527,8266,0.42117,0.40041,0.38012,0.36038,0.34127,0.32292,0.30548,0.28915,0.27409,0.26057,0.24881,0.23907,0.2316,0.22663,0.22433,0.22477,0.22793,0.23371,0.24195,0.2524,0.2648,0.27889,0.29442,0.31116,0.32896,0.34762,0.36704,0.38711,0.40774,0.42884,0.45034,0.47219,0.49433,0.51673,0.53938,0.56227,0.58534,0.60857,0.63193,0.65541,0.67899,-0.056574,0.22433,8269,0.50108,0.47793,0.45491,0.43206,0.40943,0.38704,0.36494,0.34318,0.32183,0.30098,0.28074,0.26123,0.24265,0.22522,0.20923,0.19508,0.18317,0.17401,0.16803,0.16555,0.16672,0.17146,0.17949,0.1904,0.20376,0.21912,0.2361,0.25437,0.27368,0.29383,0.31465,0.33602,0.35785,0.38004,0.40254,0.42531,0.44831,0.4715,0.49486,0.51836,0.54199,-0.0081866,0.16555,8267,0.40357,0.3811,0.35891,0.33705,0.31562,0.29473,0.27447,0.25499,0.23652,0.21932,0.20371,0.1901,0.17893,0.17066,0.16574,0.16448,0.16695,0.17299,0.18224,0.19427,0.20861,0.22481,0.2425,0.26138,0.2812,0.30178,0.32297,0.34465,0.36673,0.38919,0.41196,0.43495,0.45817,0.48157,0.50513,0.52882,0.55262,0.57655,0.60058,0.62468,0.64887,-0.051633,0.16448,0.026153,0.45483,0.04571,1.44,0,0,0.056668,2.0414,0.086066,0.61769,0.079024,0.66454,0.11219,1.0728,0.10327,1.3076,False
30639_d601d28f,30639,0.0059114,0.065386,0.014779,0.16347,0.027784,0.30732,0.047291,0.52309,0.071594,0.8304,0.57828,6.5017,0.88564,23.783,49.938,0.01354,0.13132,23.944,0.99988,20.569,21.478,0.01216,0.12613,25.382,0.99988,17.529,21.478,0.01015,0.10139,24.948,0.98429,0.1298,0.12458,0.11941,0.11421,0.10891,0.10356,0.098259,0.093029,0.087869,0.082809,0.077862,0.073005,0.068269,0.076887,-0.065238,0.063602,0.058936,0.054355,0.050025,0.046033,0.042461,0.039409,0.036892,0.018836,-0.017605,0.034994,0.03388,0.03361,0.034165,0.035584,0.03784,0.040808,0.04435,0.048276,0.052363,0.056609,0.061031,0.065638,0.070414,0.075344,0.080384,0.085522,0.090745,0.095983,0.10113,0.03,0.03361,0.15406,0.1486,0.14317,0.13778,0.13244,0.1272,0.12202,0.11688,0.11171,0.10644,0.1011,0.095803,0.09058,0.10892,-0.091153,0.085433,0.0804,0.075511,0.070726,0.066075,0.06151,0.056956,0.052495,0.051486,-0.044116,0.048316,0.044517,0.041194,0.038463,0.036351,0.034908,0.034277,0.034489,0.035483,0.037263,0.0398,0.042982,0.046682,0.05073,0.054924,0.059253,0.063736,0.068386,0.073185,0.078121,0.07,0.034277,False,9047,0.50301,0.48245,0.46194,0.44151,0.42119,0.401,0.38096,0.3611,0.34142,0.32197,0.30278,0.28398,0.26559,0.24773,0.23051,0.2141,0.19868,0.18452,0.17191,0.16123,0.15291,0.14735,0.14488,0.14566,0.14964,0.15656,0.16607,0.17772,0.19115,0.20601,0.22201,0.23895,0.25665,0.27494,0.29371,0.31288,0.33238,0.35214,0.37213,0.39232,0.41269,0.022604,0.14488,9048,0.50458,0.48391,0.46331,0.4428,0.42241,0.40214,0.38202,0.36207,0.34229,0.32276,0.30354,0.28467,0.26622,0.2483,0.23104,0.2146,0.19919,0.18504,0.17248,0.16186,0.15364,0.14821,0.14587,0.14677,0.15086,0.15789,0.1675,0.17926,0.19278,0.20772,0.22382,0.24084,0.25864,0.27705,0.29594,0.31523,0.33484,0.35471,0.37481,0.39512,0.41561,0.022228,0.14587,9048,0.54267,0.52209,0.50158,0.48112,0.46073,0.44042,0.42022,0.40015,0.38023,0.36049,0.34095,0.32163,0.30259,0.28388,0.26557,0.24776,0.23058,0.21419,0.19876,0.18457,0.1719,0.16112,0.15263,0.14683,0.14406,0.14448,0.14808,0.15463,0.16379,0.17512,0.18827,0.20289,0.21868,0.23541,0.25289,0.27097,0.28955,0.30853,0.32784,0.34745,0.3673,0.043688,0.14406,9048,0.48218,0.46161,0.44112,0.42075,0.40051,0.38042,0.3605,0.34075,0.32128,0.3021,0.28327,0.26485,0.24698,0.22978,0.21341,0.19808,0.18403,0.17158,0.16111,0.15306,0.14781,0.14568,0.14677,0.15105,0.15824,0.16798,0.17985,0.19346,0.20846,0.22461,0.24166,0.25948,0.2779,0.29679,0.31608,0.33569,0.35555,0.37565,0.39596,0.41643,0.43707,0.011616,0.14568,0.01216,0.13471,0.039402,0.135,0,0,0.055501,0.0091847,0.035134,0.15342,0.013285,0.15349,0.047294,0.28813,0.019829,0.28813,True
30639_d927f360,30639,0.0054501,0.066166,0.013625,0.16542,0.025616,0.31098,0.043601,0.52933,0.06646,0.83603,0.57993,7.4871,0.92231,33.269,49.997,0.018135,0.23804,33.348,0.99989,16.315,23.804,0.0088909,0.10999,26.5,0.99989,15.937,23.804,0.0086841,0.10901,28.844,1.0025,0.2486,0.24658,0.24468,0.24289,0.24123,0.23969,0.23827,0.23697,0.23577,0.23469,0.23372,0.23288,0.23218,-0.011504,-0.076702,0.23161,0.23119,0.23091,0.23076,0.23073,0.23084,0.23107,0.23142,-0.064571,-0.026412,0.23191,0.23253,0.23328,0.23418,0.2352,0.23635,0.23762,0.23901,0.2405,0.24212,0.24385,0.24569,0.24766,0.24974,0.25192,0.2542,0.25658,0.25905,0.26162,0.26426,-0.03,0.23073,0.2601,0.25763,0.25523,0.25293,0.25072,0.2486,0.24658,0.24467,0.24289,0.24122,0.23969,0.23827,0.23696,0.021815,-0.10816,0.23576,0.23468,0.23372,0.23287,0.23217,0.2316,0.23117,0.23089,-0.031138,-0.057887,0.23074,0.23072,0.23082,0.23105,0.2314,0.23188,0.2325,0.23326,0.23416,0.23518,0.23632,0.23759,0.23898,0.24048,0.24209,0.24381,0.24566,0.24762,0.2497,0.25188,0.02,0.23072,True,9542,0.52571,0.50354,0.48141,0.45928,0.43714,0.41504,0.39298,0.37096,0.34898,0.32706,0.30522,0.28345,0.26179,0.24029,0.21895,0.19787,0.17711,0.1568,0.13713,0.11843,0.10124,0.086448,0.075492,0.0702,0.071844,0.079977,0.09293,0.10899,0.12697,0.14617,0.16615,0.18664,0.20755,0.22875,0.25016,0.27173,0.29343,0.31523,0.3371,0.35904,0.38103,0.032676,0.0702,9541,0.43932,0.41806,0.39692,0.37592,0.35508,0.33445,0.31405,0.29392,0.27413,0.25477,0.23597,0.21785,0.20057,0.18439,0.16962,0.15665,0.14598,0.13813,0.13361,0.13275,0.13562,0.142,0.15146,0.16344,0.17744,0.19303,0.20986,0.22763,0.24617,0.26529,0.28489,0.30486,0.32512,0.34565,0.36639,0.38731,0.40838,0.42957,0.4509,0.47234,0.49387,-0.012707,0.13275,9640,0.56252,0.54023,0.51795,0.49568,0.47343,0.4512,0.42901,0.40685,0.38472,0.36262,0.34059,0.31861,0.2967,0.27488,0.25318,0.23162,0.21023,0.18912,0.16838,0.14815,0.12866,0.11034,0.093841,0.080304,0.071458,0.069116,0.073886,0.084578,0.099309,0.11654,0.13532,0.15508,0.17547,0.19632,0.21751,0.23894,0.26056,0.28228,0.30412,0.32605,0.34805,0.048255,0.069116,9540,0.46615,0.44386,0.42163,0.39944,0.37728,0.35517,0.33313,0.31116,0.28929,0.26752,0.24587,0.22439,0.20317,0.18229,0.16185,0.14205,0.12319,0.10579,0.090701,0.079232,0.073109,0.073682,0.080827,0.093049,0.10864,0.12635,0.14541,0.16535,0.18589,0.20683,0.22811,0.24961,0.27129,0.2931,0.315,0.33699,0.35904,0.38116,0.4033,0.42549,0.44771,0.0041732,0.073109,0.0088909,0.10711,0.036177,0.41377,0,0,0.054542,0.62063,0.034713,0.18108,0.0076545,0.15407,0.043603,0.28778,0.011031,0.36155,True
30639_dce52be4,30639,0.019351,0.28532,0.048379,0.71331,0.090952,1.341,0.15481,2.2826,0.17531,3.0548,1.0277,6.6138,0.91973,22.385,49.972,0.052014,0.76557,22.429,1,17.903,32.138,0.034649,0.52047,26.002,1,15.346,32.138,0.034313,0.50546,24.931,0.99125,0.41833,0.41679,0.41531,0.41392,0.41261,0.41138,0.41023,0.40915,0.40813,0.40719,0.4063,0.40549,0.40476,0.060753,-0.036752,0.40412,0.40356,0.40308,0.40268,0.40236,0.4021,0.40191,0.4018,0.0051303,0.013822,0.40176,0.40181,0.40194,0.40216,0.40246,0.40283,0.40326,0.40377,0.40434,0.40499,0.40572,0.40654,0.40744,0.40842,0.40948,0.41059,0.41176,0.41299,0.41429,0.41567,0.01,0.40176,0.43164,0.42964,0.42769,0.42582,0.42401,0.42227,0.42059,0.41897,0.41741,0.41592,0.41449,0.41313,0.41185,0.11261,-0.084423,0.41064,0.40951,0.40844,0.40745,0.40654,0.4057,0.40493,0.40425,0.056952,-0.033644,0.40364,0.40312,0.40267,0.40229,0.402,0.40178,0.40163,0.40156,0.40157,0.40167,0.40183,0.40207,0.40238,0.40277,0.40323,0.40378,0.4044,0.4051,0.40588,0.40674,0.08,0.40156,False,9843,0.57219,0.54998,0.52784,0.50574,0.48371,0.46177,0.4399,0.41813,0.39649,0.375,0.35368,0.33255,0.31168,0.2911,0.27086,0.25111,0.23196,0.21354,0.19606,0.1798,0.16512,0.15246,0.14235,0.13539,0.13205,0.13265,0.13712,0.14512,0.15611,0.16949,0.18478,0.20152,0.21938,0.23813,0.25752,0.27745,0.29778,0.31848,0.33945,0.36067,0.38209,0.043491,0.13205,9844,0.46311,0.44123,0.41943,0.39775,0.37622,0.35488,0.33374,0.31282,0.2922,0.27197,0.25219,0.23297,0.21447,0.19689,0.18052,0.1657,0.15291,0.14266,0.13553,0.13208,0.13256,0.13693,0.14485,0.15577,0.1691,0.18434,0.20104,0.21886,0.23756,0.25695,0.27687,0.29722,0.31791,0.33888,0.36009,0.38152,0.40314,0.42489,0.44678,0.46879,0.49088,-0.0062074,0.13208,9843,0.53132,0.50928,0.48731,0.46541,0.44358,0.42184,0.40021,0.37873,0.3574,0.33626,0.31539,0.29478,0.27453,0.25473,0.23547,0.2169,0.19923,0.18272,0.16772,0.15464,0.14403,0.13646,0.13244,0.13233,0.13614,0.14356,0.15404,0.167,0.18191,0.19835,0.21597,0.23448,0.2537,0.27351,0.29377,0.31441,0.33535,0.35654,0.37793,0.39949,0.42122,0.025265,0.13233,9843,0.44642,0.4246,0.40289,0.38132,0.35994,0.33874,0.31777,0.29706,0.27674,0.25689,0.23758,0.21894,0.20119,0.18457,0.16941,0.15617,0.14533,0.13749,0.13317,0.13275,0.13621,0.14331,0.15353,0.1663,0.18109,0.19746,0.21503,0.23353,0.25278,0.2726,0.29285,0.31345,0.33434,0.35548,0.37683,0.39838,0.42009,0.44194,0.4639,0.48595,0.50812,-0.013924,0.13275,0.034649,0.51158,0.06853,0.91772,0,0,0.038169,0.018825,0.18946,1.7685,0.090856,0.33882,0.15481,1.257,0.15199,1.2554,False
