run,estimator,n_bags,n_errors,v_rmse_median,v_rmse_mean,v_rmse_max,v_mae_median,v_mae_mean,v_mae_max,v_bias_median,v_bias_mean,v_bias_max,v_max_median,v_max_mean,v_max_max,v_rmse_accel_median,v_rmse_accel_mean,v_rmse_accel_max,v_bias_accel_median,v_bias_accel_mean,v_bias_accel_max,v_rmse_brake_median,v_rmse_brake_mean,v_rmse_brake_max,v_bias_brake_median,v_bias_brake_mean,v_bias_brake_max,v_rmse_trans_median,v_rmse_trans_mean,v_rmse_trans_max,v_rmse_stop_median,v_rmse_stop_mean,v_rmse_stop_max,v_rmse_anom_median,v_rmse_anom_mean,v_rmse_anom_max,v_naive_rmse_anom_median,v_naive_rmse_anom_mean,v_naive_rmse_anom_max,pos_rmse3d_median,pos_rmse3d_mean,pos_rmse3d_max,pos_max3d_median,pos_max3d_mean,pos_max3d_max,z_rmse_median,z_rmse_mean,z_rmse_max,along_mean_median,along_mean_mean,along_mean_max,along_rmse_median,along_rmse_mean,along_rmse_max,along_max_median,along_max_mean,along_max_max,along_tan_rmse_median,along_tan_rmse_mean,along_tan_rmse_max,cross_map_rmse_median,cross_map_rmse_mean,cross_map_rmse_max,cross_map_max_median,cross_map_max_mean,cross_map_max_max,final_err3d_median,final_err3d_mean,final_err3d_max,drift_pct_3d_median,drift_pct_3d_mean,drift_pct_3d_max,drift_pct_along_median,drift_pct_along_mean,drift_pct_along_max,match_v_median,match_v_mean,match_v_max,match_pos_median,match_pos_mean,match_pos_max,rate_hz_median,rate_hz_mean,rate_hz_max,max_gap_s_median,max_gap_s_mean,max_gap_s_max,proc_p99_ms_median,proc_p99_ms_mean,proc_p99_ms_max,stamp_age_p95_ms_median,stamp_age_p95_ms_mean,stamp_age_p95_ms_max,yaw_err_mean_abs_deg_median,yaw_err_mean_abs_deg_mean,yaw_err_mean_abs_deg_max,pooled_v_rmse,pooled_v_rmse_accel,pooled_v_rmse_brake,pooled_v_rmse_trans,pooled_pos_rmse3d,pooled_along_rmse,pooled_drift_pct_3d_distance_weighted,pooled_v_all_rmse,pooled_v_moving_rmse,pooled_v_stopped_rmse,pooled_v_accel_rmse,pooled_v_brake_rmse,pooled_v_cruise_rmse,pooled_v_low_speed_rmse,pooled_v_depart_rmse,pooled_v_arrive_rmse,pooled_v_transitions_rmse,pooled_v_cmd_traction_rmse,pooled_v_cmd_brake_rmse,pooled_v_cmd_coast_rmse,v_all_rmse_median,v_all_mae_median,v_all_bias_median,v_moving_rmse_median,v_moving_mae_median,v_moving_bias_median,v_stopped_rmse_median,v_stopped_mae_median,v_stopped_bias_median,v_accel_rmse_median,v_accel_mae_median,v_accel_bias_median,v_brake_rmse_median,v_brake_mae_median,v_brake_bias_median,v_cruise_rmse_median,v_cruise_mae_median,v_cruise_bias_median,v_low_speed_rmse_median,v_low_speed_mae_median,v_low_speed_bias_median,v_depart_rmse_median,v_depart_mae_median,v_depart_bias_median,v_arrive_rmse_median,v_arrive_mae_median,v_arrive_bias_median,v_transitions_rmse_median,v_transitions_mae_median,v_transitions_bias_median,v_cmd_traction_rmse_median,v_cmd_traction_mae_median,v_cmd_traction_bias_median,v_cmd_brake_rmse_median,v_cmd_brake_mae_median,v_cmd_brake_bias_median,v_cmd_coast_rmse_median,v_cmd_coast_mae_median,v_cmd_coast_bias_median
faults_basic,cpp:tbo_replay_snapshot,17,0,0.234034,0.251924,0.646048,0.0389745,0.054408,0.204942,0.00110866,-0.00113961,0.0285748,4.433,4.68355,8.85572,0.146612,0.239529,0.934352,-0.00325329,-0.0123805,0.0375424,0.242495,0.312976,0.756468,0.0108503,0.0126448,0.0870565,0.040013,0.10876,0.331262,0.0146218,0.0433845,0.190232,0.585594,0.660623,1.48882,0.779771,0.944005,2.61415,7.36894,11.0077,37.7568,25.4307,34.005,74.4737,1.2301,2.30516,15.532,2.09752,1.37098,27.5783,7.28528,9.98824,33.5459,16.8732,25.6456,74.4701,7.34089,10.0493,33.2672,0.715024,2.12605,15.1209,7.52004,12.0908,34.5774,11.9811,14.4091,44.0498,0.221409,0.270733,0.813313,0,0.0917559,0.761308,1,0.999327,1,1,0.999414,1,43.9604,43.4213,46.0057,0.200507,0.256866,1.05794,0.69568,0.674738,1.02024,25.3718,28.4617,56.1943,1.37136,1.48278,3.60136,0.306357,0.348404,0.382415,0.161585,15.0794,13.7422,0.26894,0.306357,0.362519,0.0596359,0.348404,0.382415,0.350561,0.142288,0.187457,0.164124,0.161585,0.32478,0.365542,0.41315,0.234034,0.0389745,0.00110866,0.281338,0.0518051,0.00592552,0.0146218,0.00968977,-0.00746952,0.146612,0.036821,-0.00325329,0.242495,0.0536403,0.0108503,0.129011,0.0329325,0.00111731,0.0362412,0.0219016,-0.000813214,0.0399549,0.0234363,-0.00913858,0.0411332,0.0255326,0.000359243,0.040013,0.0237535,-0.00484464,0.139456,0.0344683,-0.00289694,0.221293,0.0539284,0.0148085,0.145913,0.0323623,0.00126757
faults_basic_mf30,cpp:tbo_replay_snapshot,17,0,0.234034,0.251848,0.646048,0.0389745,0.0543829,0.204942,0.00110866,-0.00113182,0.0285043,4.433,4.68355,8.85572,0.146612,0.239529,0.934352,-0.00325329,-0.0123805,0.0375424,0.242495,0.312976,0.756468,0.0108503,0.0126448,0.0870565,0.040013,0.10876,0.331262,0.0148454,0.0433753,0.190232,0.578774,0.657928,1.48882,0.779771,0.939975,2.61415,7.36894,11.0045,37.7568,25.4307,34.005,74.4738,1.2301,2.30695,15.532,2.09752,1.37458,27.5783,7.28528,9.98497,33.5058,16.8732,25.6456,74.4701,7.34089,10.0459,33.2275,0.714181,2.12583,15.1209,7.52004,12.0908,34.5774,11.9811,14.4091,44.0498,0.221409,0.270733,0.813313,0,0.0917559,0.761308,1,0.999909,1,1,0.999985,1,43.9604,43.4336,46.0057,0.200507,0.256866,1.05794,0.370666,0.389425,0.623288,25.3718,28.4791,56.3477,1.37136,1.48278,3.60136,0.306271,0.348404,0.382415,0.161585,15.0756,13.7384,0.26894,0.306271,0.362519,0.0595894,0.348404,0.382415,0.350561,0.142288,0.187457,0.164124,0.161585,0.32478,0.365542,0.41315,0.234034,0.0389745,0.00110866,0.281338,0.0518051,0.00592552,0.0148454,0.00982527,-0.00723802,0.146612,0.036821,-0.00325329,0.242495,0.0536403,0.0108503,0.129011,0.0329325,0.00111731,0.0362412,0.0219016,-0.000813214,0.0399549,0.0234363,-0.00913858,0.0411332,0.0255326,0.000359243,0.040013,0.0237535,-0.00484464,0.139456,0.0344683,-0.00289694,0.221293,0.0539284,0.0148085,0.145913,0.0323623,0.00126757
faults_dropouts,cpp:tbo_replay_snapshot,17,0,2.32903,2.82126,7.56223,0.702064,0.966154,2.82328,0.335146,0.408422,2.8077,13.895,13.3062,28.097,2.70997,2.72866,6.20392,0.123722,0.11068,1.91249,2.53338,2.80859,6.86713,0.14995,0.211703,2.38841,2.1352,2.89604,10.8548,2.25516,2.47668,9.40421,0.544169,0.713314,2.84755,1.84444,1.8278,4.46313,162.514,170.047,474.032,577.266,842.499,2689.37,1.85611,2.93524,15.4781,-34.973,-43.2975,14.305,164.096,174.998,454.619,585.898,843.199,2011.54,149.762,145.628,351.235,5.55703,10.7794,82.3476,60.9925,108.319,862.359,577.242,839.316,2689.37,12.0338,15.6276,49.7507,12.2031,15.6398,37.1391,0.99733,0.996813,0.998041,0.997332,0.99688,0.997728,40.9799,40.418,42.9418,3.04997,3.04633,3.05069,29.9833,25.4195,35.1211,25.08,28.214,56.1236,12.3163,10.1819,16.7338,3.2145,2.98298,3.10758,4.09947,198.337,203.405,15.6655,3.2145,3.07573,3.5254,2.98298,3.10758,3.18167,3.91859,4.15148,4.37309,4.09947,3.04549,3.14553,3.64524,2.32903,0.702064,0.335146,2.5747,0.960821,0.122934,2.25516,0.8042,0.791991,2.70997,0.920955,0.123722,2.53338,0.917326,0.14995,2.28132,0.7071,0.0501499,2.39754,1.0292,0.936945,2.03905,0.689774,0.665226,2.15846,0.760903,0.710552,2.1352,0.73994,0.687728,2.42584,0.934756,0.215309,2.41992,0.834942,0.103936,2.34196,0.874046,0.159204
faults_dropouts_mf30,cpp:tbo_replay_snapshot,17,0,0.0928666,0.167177,0.697989,0.0298474,0.0439749,0.17043,8.10404e-05,-0.00807388,0.0323961,1.18,2.82387,8.55,0.0854962,0.182313,0.985416,-0.00150288,-0.011177,0.0861293,0.0946149,0.185311,0.807232,0.00416074,-0.00915426,0.0526203,0.0783699,0.15569,0.815787,0.0151305,0.0556554,0.365907,0.275272,0.593922,2.73438,1.80705,1.78792,4.3566,4.29767,12.9653,54.1086,24.4615,34.2533,95.1333,1.2199,2.32257,15.5417,0.217989,-1.39952,31.2113,1.65784,11.7627,54.6524,12.6222,26.7336,95.1274,1.78813,11.6001,52.9486,0.44633,2.16229,15.7096,3.78833,11.6082,50.007,1.69794,18.5881,89.5139,0.0314145,0.346149,1.71882,0,0.202491,1.68404,1,0.999909,1,1,0.999985,1,43.9804,43.4306,45.9422,3.04997,3.04633,3.05069,0.144989,0.144983,0.162174,25.0828,28.1299,56.2982,0.519266,1.48466,5.96854,0.255993,0.325161,0.305725,0.246633,21.6975,21.0139,0.346939,0.255993,0.294973,0.118349,0.325161,0.305725,0.203701,0.202343,0.180958,0.307061,0.246633,0.293758,0.298198,0.265194,0.0928666,0.0298474,8.10404e-05,0.105594,0.0377997,0.00280775,0.0151305,0.00992585,-0.00776996,0.0854962,0.0302848,-0.00150288,0.0946149,0.038849,0.00416074,0.100791,0.0377207,0.00109687,0.0362911,0.0246287,-0.0014193,0.0398194,0.0233357,-0.010523,0.0412312,0.0258143,0.000442429,0.0783699,0.0293792,-0.00506393,0.107815,0.0304198,-0.00259613,0.0899612,0.0324232,0.00113815,0.0931972,0.0411987,0.00120554
faults_garbage,cpp:tbo_replay_snapshot,17,0,0.0996161,0.184366,0.776003,0.0275986,0.0479045,0.202793,-0.00337967,-0.0147526,0.0257631,1.51568,3.11514,8.49212,0.113286,0.24238,0.926693,-0.018372,-0.0295595,0.0194562,0.100112,0.187689,0.860747,0.00567107,-0.00744563,0.0533812,0.0765311,0.128215,0.34008,0.0150647,0.038825,0.19025,0.107023,0.293568,1.9886,1.45555,1.62982,2.93644,4.32678,15.7548,50.2952,25.3167,37.8682,94.3464,1.22463,2.35823,15.541,-0.205147,-5.26776,30.975,3.06196,14.6543,50.7995,9.06054,29.4531,93.794,3.10063,14.4402,48.9558,0.399037,2.06952,15.7866,2.32943,10.27,50.9093,4.53765,20.5971,90.9489,0.0836854,0.384751,1.74638,0,0.246357,1.7116,1,0.999327,1,1,0.999414,1,43.7214,43.1956,45.6493,0.994307,0.986067,1.05794,0.692147,0.681155,0.771053,25.1019,28.1921,56.2353,0.906793,1.65983,4.97154,0.278383,0.382894,0.324397,0.173449,23.2793,22.6501,0.384437,0.278383,0.329389,0.0545915,0.382894,0.324397,0.213061,0.13993,0.191571,0.178189,0.173449,0.30723,0.353116,0.263658,0.0996161,0.0275986,-0.00337967,0.0961848,0.0339424,-0.00235843,0.0150647,0.00935519,-0.00774935,0.113286,0.0424461,-0.018372,0.100112,0.0359139,0.00567107,0.0365693,0.0254877,-0.00218882,0.0321975,0.0219014,-0.00180572,0.100525,0.0306457,-0.0129229,0.0396984,0.0249277,-0.00199419,0.0765311,0.0294535,-0.00631548,0.100391,0.0366847,-0.00895912,0.0921959,0.0312326,0.00235694,0.0657821,0.0284885,-0.00396686
faults_garbage_mf30,cpp:tbo_replay_snapshot,17,0,0.0996161,0.184344,0.776003,0.0276098,0.0478908,0.202793,-0.00338062,-0.0147294,0.0257631,1.51568,3.11514,8.49212,0.113286,0.24238,0.926693,-0.018372,-0.0295595,0.0194562,0.100112,0.187689,0.860747,0.00567107,-0.00744563,0.0533812,0.0765311,0.128215,0.34008,0.0150759,0.0388154,0.19025,0.105498,0.29324,1.9886,1.45555,1.62173,2.93644,4.32678,15.7507,50.2952,25.3167,37.8682,94.3464,1.22463,2.36,15.541,-0.205147,-5.26119,30.975,3.06196,14.6501,50.7995,9.06054,29.4531,93.794,3.10063,14.436,48.9558,0.398689,2.06941,15.7866,2.32943,10.27,50.9093,4.53765,20.5971,90.949,0.0836854,0.384751,1.74638,0,0.246357,1.7116,1,0.999909,1,1,0.999985,1,43.7214,43.208,45.6493,0.994307,0.986067,1.05794,0.428068,0.510776,0.931525,25.1019,28.2067,56.3837,0.906793,1.65983,4.97154,0.278305,0.382894,0.324397,0.173449,23.273,22.6439,0.384437,0.278305,0.329389,0.054551,0.382894,0.324397,0.213061,0.13993,0.191571,0.178189,0.173449,0.30723,0.353116,0.263658,0.0996161,0.0276098,-0.00338062,0.0961848,0.0339424,-0.00235843,0.0150759,0.00935519,-0.00774935,0.113286,0.0424461,-0.018372,0.100112,0.0359139,0.00567107,0.0365693,0.0254877,-0.00218882,0.0321975,0.0219014,-0.00180571,0.100525,0.0306457,-0.0129229,0.0396984,0.0249277,-0.00199419,0.0765311,0.0294536,-0.00631548,0.100391,0.0366847,-0.00895911,0.0921959,0.0312326,0.00235694,0.0657821,0.0284885,-0.00396686
faults_realistic,cpp:tbo_replay_snapshot,17,0,0.0869931,0.178513,0.560015,0.0268209,0.0425734,0.169611,-0.00454286,-0.0115895,0.0297367,2.39874,3.60795,8.688,0.0882304,0.145725,0.656991,0.00239867,0.000854084,0.0904104,0.124154,0.170076,0.667909,-0.00643496,-0.0168426,0.05134,0.0378941,0.0913104,0.332123,0.0146985,0.034868,0.190251,0.271007,0.313555,1.19594,2.48343,2.41838,4.03303,6.65057,11.265,45.7782,25.3167,31.6248,87.9257,1.19929,2.29529,15.5413,-0.0136478,-0.967853,31.2049,4.36352,10.1829,47.4803,9.28796,22.9804,87.9091,4.41315,10.1021,45.6087,0.444961,2.11181,15.7307,3.76952,10.3288,50.3345,4.54471,17.3325,87.9257,0.0833479,0.329883,1.68833,0,0.206548,1.65354,1,0.999327,1,1,0.999414,1,44.0661,43.5484,46.1696,0.0728691,0.140815,1.05794,0.693384,0.673754,0.758185,25.0677,28.0882,55.7711,0.899251,1.34692,4.91128,0.252742,0.226504,0.241894,0.140269,17.2377,16.2578,0.323504,0.252742,0.298913,0.0515166,0.226504,0.241894,0.462322,0.124502,0.160173,0.150901,0.140269,0.32447,0.227415,0.341636,0.0869931,0.0268209,-0.00454286,0.10747,0.032811,-0.00297278,0.0146985,0.00933986,-0.00776675,0.0882304,0.0311218,0.00239867,0.124154,0.0380476,-0.00643496,0.0480198,0.0249237,-0.00128884,0.0290297,0.0212844,-0.000631604,0.0345698,0.0222998,-0.00939532,0.0361634,0.0217724,-0.00040286,0.0378941,0.0221143,-0.00462877,0.0813333,0.0314946,0.00100057,0.0991789,0.0324431,-0.00939606,0.0379674,0.0273358,-0.00260629
faults_realistic_mf30,cpp:tbo_replay_snapshot,17,0,0.0869301,0.178493,0.560015,0.0268335,0.0425619,0.169611,-0.00454286,-0.0115671,0.0297367,2.39874,3.60795,8.688,0.0882304,0.145725,0.656991,0.00239868,0.000854084,0.0904104,0.124155,0.170076,0.667909,-0.00643496,-0.0168426,0.05134,0.0378941,0.0913104,0.332123,0.0149205,0.0348589,0.190251,0.268465,0.313004,1.19594,2.45438,2.41124,4.03303,6.65057,11.2612,45.7258,25.3167,31.6248,87.9257,1.19929,2.29707,15.5413,-0.0135737,-0.961682,31.2049,4.36352,10.179,47.4236,9.28796,22.9804,87.9093,4.41315,10.0983,45.5543,0.444961,2.1117,15.7307,3.76952,10.3288,50.3345,4.54471,17.3325,87.9257,0.0833479,0.329883,1.68833,0,0.206548,1.65354,1,0.999909,1,1,0.999985,1,44.0661,43.5607,46.1696,0.0728691,0.140815,1.05794,0.62815,0.648659,1.04802,25.0677,28.1069,55.9934,0.899251,1.34692,4.91128,0.252671,0.226504,0.241894,0.140269,17.2332,16.2533,0.323504,0.252671,0.298913,0.0514798,0.226504,0.241894,0.462322,0.124502,0.160173,0.150901,0.140269,0.32447,0.227415,0.341636,0.0869301,0.0268335,-0.00454286,0.10747,0.032811,-0.00297278,0.0149205,0.00933986,-0.00776675,0.0882304,0.0311218,0.00239868,0.124155,0.0380476,-0.00643496,0.0480198,0.0249237,-0.00128884,0.0290297,0.0212844,-0.000631604,0.0345698,0.0222998,-0.00939532,0.0361634,0.0217725,-0.00040286,0.0378941,0.0221143,-0.00462877,0.0813333,0.0314947,0.00100057,0.0991789,0.0324431,-0.00939606,0.0379674,0.0273358,-0.00260629
faults_slip,cpp:tbo_replay_snapshot,17,0,0.190871,0.268599,0.794193,0.0334213,0.0524783,0.175694,-0.00949568,-0.0173619,0.0288222,5.67571,5.23302,10.8923,0.303265,0.356993,0.816047,-0.0185356,-0.0313417,0.0869728,0.157467,0.250284,1.19055,0.000511814,-0.0157622,0.0518908,0.0726397,0.101348,0.331336,0.0145587,0.0348722,0.190235,1.23311,1.35844,3.05858,1.46944,1.67651,3.16283,7.50514,15.3596,50.2251,39.5459,37.7609,96.2629,1.23796,2.34322,15.5401,-1.35243,-3.25545,31.0047,6.92041,14.4746,51.512,14.267,31.7903,96.281,7.01681,14.2838,49.5928,0.470368,2.10485,15.8136,2.86162,10.6428,51.2028,6.87416,22.7586,93.2344,0.150719,0.425472,1.79026,0.0199727,0.276696,1.75546,1,0.999327,1,1,0.999414,1,44.0661,43.5485,46.1696,0.0728691,0.140815,1.05794,0.722492,0.718393,0.83755,25.0677,28.0863,55.7711,1.00763,1.53392,5.01232,0.337431,0.445956,0.386405,0.144221,22.3238,21.6635,0.424781,0.337431,0.400154,0.0515265,0.445956,0.386405,0.330836,0.12769,0.162063,0.156283,0.144221,0.415269,0.370535,0.350345,0.190871,0.0334213,-0.00949568,0.227617,0.0442215,-0.0100187,0.0145587,0.00930158,-0.00778155,0.303265,0.0495082,-0.0185356,0.157467,0.0449029,0.000511814,0.152958,0.0452207,-0.00504669,0.0363152,0.022931,-0.00165429,0.0450223,0.0242137,-0.0109038,0.0907945,0.028614,-0.000139898,0.0726397,0.0294961,-0.0056193,0.263469,0.0488258,-0.0139113,0.160727,0.0390583,-0.000689379,0.148178,0.0367597,-0.00244914
faults_slip_mf30,cpp:tbo_replay_snapshot,17,0,0.190871,0.268522,0.794193,0.0334213,0.0524555,0.175694,-0.00949568,-0.0173329,0.0288222,5.67571,5.23302,10.8923,0.303265,0.356993,0.816047,-0.0185356,-0.0313417,0.0869728,0.157467,0.250284,1.19055,0.000511816,-0.0157622,0.0518908,0.0726398,0.101348,0.331336,0.0147837,0.0348632,0.190235,1.17621,1.33839,3.05858,1.46944,1.65767,3.16283,7.50514,15.3542,50.2251,39.5459,37.7609,96.2629,1.23796,2.34499,15.5401,-1.34975,-3.24746,31.0047,6.92041,14.469,51.4505,14.267,31.7903,96.281,7.01681,14.2784,49.5336,0.469957,2.10474,15.8136,2.86162,10.6428,51.2028,6.87416,22.7586,93.2344,0.150719,0.425472,1.79026,0.0199727,0.276696,1.75546,1,0.999909,1,1,0.999985,1,44.0661,43.5608,46.1696,0.0728691,0.140815,1.05794,0.251996,0.264974,0.620831,25.0677,28.105,55.9934,1.00763,1.53392,5.01232,0.337336,0.445956,0.386405,0.144221,22.3178,21.6575,0.424781,0.337336,0.400154,0.0514896,0.445956,0.386405,0.330836,0.12769,0.162063,0.156283,0.144221,0.415269,0.370535,0.350345,0.190871,0.0334213,-0.00949568,0.227617,0.0442215,-0.0100187,0.0147837,0.00930158,-0.00778155,0.303265,0.0495082,-0.0185356,0.157467,0.0449029,0.000511816,0.152958,0.0452207,-0.00504669,0.0363151,0.022931,-0.00165429,0.0450223,0.0242137,-0.0109038,0.0907945,0.028614,-0.000139892,0.0726398,0.0294961,-0.0056193,0.263469,0.0488258,-0.0139113,0.160727,0.0390583,-0.000689378,0.148178,0.0367597,-0.00244914
rec_rec2_faults_basic,cpp:tbo_replay_snapshot,17,0,0.237224,0.245203,0.613243,0.0415054,0.0471837,0.136231,0.00134888,0.00291282,0.056273,4.433,4.53759,8.78629,0.146619,0.224809,0.934352,3.69676e-05,-0.00891028,0.0299588,0.251255,0.310576,0.768754,0.0083642,0.0200659,0.131511,0.0400139,0.131556,0.695698,0.0148456,0.0483443,0.2753,0.578985,0.615181,1.4489,0.779771,0.939975,2.61415,8.03741,10.5535,32.9251,25.2915,34.1693,116.8,1.27714,2.30742,15.5403,2.85913,2.09769,11.6398,7.3815,8.94233,27.595,19.6693,23.0379,70.8081,7.45002,9.31738,32.7322,0.786306,2.39901,15.2526,10.865,15.4133,70.3623,13.9648,17.5851,68.5937,0.258247,0.331362,1.31712,0,0.101078,0.76014,1,0.999909,1,1,0.999985,1,43.9604,43.4336,46.0057,0.200507,0.256866,1.05794,0.375214,0.423817,0.90592,25.3718,28.4791,56.3477,1.3379,1.4216,2.45817,0.28381,0.314984,0.355539,0.215848,13.3261,10.9944,0.328219,0.28381,0.334456,0.0736536,0.314984,0.355539,0.329474,0.182602,0.190664,0.257838,0.215848,0.303684,0.333403,0.389288,0.237224,0.0415054,0.00134888,0.276999,0.0518777,0.00628347,0.0148456,0.00982564,-0.00723756,0.146619,0.0367996,3.69676e-05,0.251255,0.0537602,0.0083642,0.129045,0.032769,0.000928654,0.0362577,0.0220863,-0.00122305,0.0338637,0.0234307,-0.0092896,0.0411831,0.0256006,0.000439319,0.0400139,0.0237568,-0.00473209,0.13932,0.0344973,-0.00188893,0.337957,0.0553677,0.015934,0.145925,0.0324326,0.00176764
rec_rec2_faults_dropouts,cpp:tbo_replay_snapshot,17,0,0.0713309,0.142805,0.692902,0.0250122,0.0353249,0.101013,0.00141609,-0.00450762,0.0239907,1.18,2.57511,8.55,0.062472,0.157792,0.985409,-0.00110226,-0.00712133,0.0947295,0.0779719,0.154195,0.790409,0.0043317,-0.00337369,0.0522877,0.0784366,0.15445,0.815935,0.0151307,0.0556748,0.365941,0.275878,0.523245,2.73437,1.80705,1.78792,4.3566,4.28698,9.02513,53.4642,21.0314,29.1857,93.2707,1.21991,2.31584,15.551,0.180535,-0.815321,11.1541,1.66291,6.8122,53.996,12.6196,18.6616,93.2649,1.75275,7.21059,52.3322,0.446336,1.93832,15.266,3.1826,7.80948,28.3249,1.69668,9.26004,87.5562,0.0313913,0.17032,1.60401,0,0.102272,1.56775,1,0.999909,1,1,0.999985,1,43.9804,43.4306,45.9422,3.04997,3.04633,3.05069,0.3766,0.399412,0.69624,25.0828,28.1299,56.2982,0.444642,1.01385,5.92402,0.219789,0.287365,0.249993,0.244752,16.2213,14.9103,0.172835,0.219789,0.250206,0.118364,0.287365,0.249993,0.163213,0.201257,0.180538,0.304407,0.244752,0.267816,0.234385,0.225745,0.0713309,0.0250122,0.00141609,0.0803463,0.0325776,0.00453975,0.0151307,0.00992622,-0.00777058,0.062472,0.0303518,-0.00110226,0.0779719,0.0333346,0.0043317,0.0518188,0.0317629,0.00148753,0.0319812,0.0229122,-0.00156254,0.0338044,0.0233299,-0.0103127,0.041281,0.0247829,0.000293745,0.0784366,0.026888,-0.00493174,0.0848339,0.0292313,-0.00145755,0.0784009,0.0325072,0.00188456,0.067399,0.0339458,0.00144259
rec_rec2_faults_garbage,cpp:tbo_replay_snapshot,17,0,0.0841715,0.149736,0.654857,0.0293497,0.0374984,0.0960072,-0.00264548,-0.00859053,0.00862421,1.51564,2.85315,8.49225,0.104526,0.203788,0.894263,-0.017354,-0.0217511,0.0799372,0.0997871,0.149755,0.858861,0.00623252,0.00103286,0.0392412,0.10593,0.128594,0.340077,0.015076,0.0388524,0.190251,0.10552,0.197499,0.904658,1.45555,1.62173,2.93644,4.31722,11.2681,49.9912,24.5435,30.0503,80.8141,1.22375,2.36033,15.5482,0.0365432,-2.94315,12.4988,2.56688,9.1431,50.4964,9.05312,18.6214,82.6789,3.09789,9.51645,48.6511,0.398623,2.04699,15.2869,2.32943,8.90244,39.2164,4.54019,13.3808,80.7829,0.0832651,0.247716,1.49586,0,0.145357,1.46514,1,0.999909,1,1,0.999985,1,43.7214,43.208,45.6493,0.994307,0.986067,1.05794,0.332166,0.381935,1.05275,25.1019,28.2067,56.3837,0.733083,1.22329,3.96765,0.207793,0.308202,0.233032,0.17158,17.242,15.9797,0.249749,0.207793,0.244813,0.0545871,0.308202,0.233032,0.0813627,0.138941,0.190851,0.175454,0.17158,0.264839,0.230064,0.163227,0.0841715,0.0293497,-0.00264548,0.0916358,0.0341966,-0.000743136,0.015076,0.00935364,-0.00774965,0.104526,0.0424304,-0.017354,0.0997871,0.037192,0.00623252,0.0366781,0.0254981,-0.000937514,0.0321095,0.0227712,-0.00197365,0.100538,0.0279858,-0.0128543,0.0397171,0.0249417,-0.000102346,0.10593,0.0294426,-0.00592739,0.0975509,0.0365352,-0.0087754,0.0857962,0.0311682,0.00289129,0.0657971,0.0285294,-0.000608693
rec_rec2_faults_realistic,cpp:tbo_replay_snapshot,17,0,0.0633468,0.0762443,0.251781,0.0217452,0.0275624,0.101013,-0.00187529,-0.00138919,0.00650713,1.50809,2.13163,7.04026,0.058514,0.0872593,0.370479,0.00374219,0.00733807,0.0947396,0.0618389,0.0812094,0.246038,-9.64319e-05,-0.00522202,0.0188112,0.034632,0.0898524,0.314342,0.0149213,0.0348215,0.190252,0.164658,0.178591,0.40703,2.45438,2.41124,4.03303,4.45031,5.69008,25.6119,21.0276,23.8796,62.6955,1.24341,2.29258,15.5515,0.330128,1.19219,7.85297,1.43509,3.49748,13.684,7.29583,10.7428,33.3385,1.55753,4.0402,13.1916,0.618543,1.96658,15.2631,3.821,8.17079,24.0054,1.6996,4.43712,16.3317,0.0314451,0.0820213,0.300649,0,0.0118119,0.200802,1,0.999909,1,1,0.999985,1,44.0661,43.5607,46.1696,0.0728691,0.140815,1.05794,0.383115,0.433939,0.822416,25.0677,28.1069,55.9934,0.501535,0.686016,1.55576,0.0928282,0.123815,0.103007,0.136378,8.46671,5.1581,0.0828173,0.0928282,0.105383,0.0514495,0.123815,0.103007,0.0659557,0.122154,0.159197,0.144968,0.136378,0.123575,0.0961961,0.0673153,0.0633468,0.0217452,-0.00187529,0.075994,0.0284619,-3.69107e-06,0.0149213,0.00933834,-0.0077679,0.058514,0.0281056,0.00374219,0.0618389,0.0295765,-9.64319e-05,0.0332448,0.0235624,-0.000459241,0.0289768,0.0212338,-0.000684693,0.034545,0.0223146,-0.00947519,0.0328204,0.021783,-0.000347779,0.034632,0.021974,-0.00449712,0.0529324,0.0265228,0.00242951,0.0609403,0.0287824,-0.00250815,0.0327356,0.0237752,0.000120583
rec_rec2_faults_slip,cpp:tbo_replay_snapshot,17,0,0.187822,0.226708,0.794202,0.0316734,0.0414161,0.106119,-0.00516578,-0.0113644,0.00768473,4.92643,4.96428,10.8923,0.267361,0.295339,0.816054,-0.01677,-0.0210017,0.0956389,0.15441,0.204228,1.19056,0.00342086,-0.00822339,0.0284427,0.0726576,0.099977,0.313783,0.0147837,0.0348278,0.190236,1.02041,1.23252,3.05828,1.46944,1.65767,3.16283,7.30595,10.9556,50.2277,21.3764,31.5679,96.2651,1.222,2.33643,15.5499,-1.06761,-2.4518,7.56769,5.10542,9.16936,50.7834,12.3851,21.6118,96.2832,6.48201,9.4814,49.082,0.470253,1.92545,15.2732,2.60686,7.67587,24.3394,6.47436,13.7469,89.4069,0.119886,0.255285,1.65398,0,0.172321,1.63892,1,0.999909,1,1,0.999985,1,44.0661,43.5608,46.1696,0.0728691,0.140815,1.05794,0.561898,0.581982,0.998526,25.0677,28.105,55.9934,0.880294,1.08913,2.80736,0.293161,0.380184,0.335612,0.140672,16.6169,15.3446,0.256581,0.293161,0.347365,0.0514627,0.380184,0.335612,0.303147,0.125628,0.161035,0.151041,0.140672,0.362691,0.316266,0.315174,0.187822,0.0316734,-0.00516578,0.22067,0.0383363,-0.00356273,0.0147837,0.00930004,-0.00778191,0.267361,0.0432835,-0.01677,0.15441,0.0349086,0.00342086,0.0568043,0.0333803,-0.00449814,0.031684,0.0229101,-0.00182969,0.044986,0.0234731,-0.0107177,0.090838,0.0248706,-4.09046e-05,0.0726576,0.0286039,-0.00568713,0.237872,0.0439601,-0.0120882,0.15045,0.0363417,0.00224824,0.0652711,0.0332982,-0.00232866
rec_rec2_val,cpp:tbo_replay_snapshot,17,0,0.0355791,0.0544779,0.248708,0.018207,0.0246643,0.0998872,-0.00198057,-0.0018808,0.00347831,0.484552,1.59395,7.04,0.0300724,0.0599719,0.364011,-0.000604146,0.00396158,0.0957928,0.0290929,0.0550807,0.245567,0.00143222,-0.00229461,0.0183903,0.0332919,0.0889422,0.313727,0.0147752,0.0348104,0.19024,0.407913,0.595908,2.16289,0.639967,1.13593,3.28506,2.32389,4.78444,25.5047,21.0276,22.9187,63.6125,1.22199,2.2885,15.5503,0.0157304,0.896176,7.70057,0.866039,2.38832,13.4677,5.19526,9.2561,33.2939,1.19392,3.01327,12.9824,0.418944,1.90865,15.2683,3.16084,7.07602,24.0054,0.728006,2.64503,15.9226,0.0133369,0.0489247,0.293118,0,0.000615954,0.0104712,1,0.999909,1,1,0.999985,1,44.0661,43.5608,46.1696,0.0728691,0.140815,1.05794,0.403107,0.428158,0.775977,25.0677,28.105,55.9934,0.36493,0.548926,1.5309,0.0773625,0.105344,0.0839535,0.136005,8.00692,4.42484,0.0493686,0.0773625,0.0858837,0.0514551,0.105344,0.0839535,0.0350787,0.120835,0.158746,0.1448,0.136005,0.103524,0.0772062,0.0640828,0.0355791,0.018207,-0.00198057,0.0297927,0.0220931,0.000561474,0.0147752,0.00931047,-0.0077691,0.0300724,0.0221997,-0.000604146,0.0290929,0.0223949,0.00143222,0.0290574,0.0222535,-4.94065e-05,0.027397,0.0206874,-0.00116619,0.0313039,0.0211203,-0.00971413,0.0293311,0.0214577,-0.000227199,0.0332919,0.0210991,-0.00507808,0.0299624,0.0222258,-0.000548139,0.0287646,0.0219087,8.52948e-05,0.0293819,0.0227369,-0.000944025
rec_rec2_val_gnss1,cpp:tbo_replay_snapshot,17,0,0.0355787,0.0544623,0.248708,0.018207,0.0246505,0.0998871,-0.00198119,-0.00192306,0.00347813,0.484552,1.59392,7.04,0.0300724,0.0599525,0.364011,-0.000924943,0.00390035,0.0957926,0.0290929,0.0550634,0.245567,0.00143465,-0.00235062,0.018091,0.0332953,0.0889457,0.313727,0.0147752,0.0348104,0.19024,0.407912,0.595916,2.16289,0.639967,1.13593,3.28506,2.32388,4.78452,25.5044,21.0276,22.9131,63.6125,1.22199,2.28853,15.5508,0.015746,0.900664,7.73404,0.866014,2.38338,13.4679,5.19504,9.25655,33.2939,1.19385,3.01315,12.9785,0.418944,1.90866,15.2685,3.16084,7.07604,24.0055,0.728006,2.64502,15.9226,0.0133369,0.0489245,0.293118,0,0.000615954,0.0104712,1,0.999909,1,1,0.999985,1,44.0661,43.5608,46.1696,0.0728691,0.140815,1.05794,0.80354,0.848197,1.18506,25.0677,28.105,55.9934,0.364544,0.548668,1.5309,0.0773489,0.105329,0.0839381,0.136007,8.00731,4.42323,0.0493684,0.0773489,0.0858663,0.0514551,0.105329,0.0839381,0.0350295,0.120836,0.15875,0.144799,0.136007,0.103512,0.0771894,0.0640454,0.0355787,0.018207,-0.00198119,0.0297936,0.0220932,0.000563335,0.0147752,0.00931078,-0.0077691,0.0300724,0.0221998,-0.000924943,0.0290929,0.022395,0.00143465,0.0289912,0.0222535,-4.75536e-05,0.027397,0.0206874,-0.00116682,0.0313034,0.0211199,-0.00971413,0.0293149,0.0214573,-0.000227753,0.0332953,0.0210991,-0.00507868,0.0299623,0.0222253,-0.00055075,0.028764,0.0219089,-0.000273985,0.029382,0.0227369,-0.0010239
rec_rec2_val_refbag,cpp:tbo_replay_snapshot,17,0,0.0511022,0.0600514,0.132843,0.0356075,0.035476,0.0449221,-0.00196522,-0.00142476,0.00659483,0.272059,1.52963,7.06981,0.0636071,0.0744438,0.224227,0.0475177,0.0466219,0.0587876,0.061065,0.0650719,0.141418,-0.0464765,-0.04389,-0.00210927,0.0667765,0.0885448,0.289526,0.0152735,0.0309488,0.191054,0.178952,0.492043,2.17228,0.3717,1.01455,3.28342,2.32439,4.80782,25.5843,21.0314,23.1209,63.3827,1.22257,2.28872,15.5501,0.245833,1.07754,7.91998,1.02599,2.42444,13.6178,5.70964,9.5324,33.856,1.27916,3.05497,13.1378,0.419219,1.90945,15.2688,3.14956,7.07354,24.0041,0.574987,2.61376,15.9227,0.0106172,0.0483488,0.29312,0,0.000615954,0.0104712,1,1,1,1,1,1,44.0661,43.5608,46.1696,0.0728691,0.140815,1.05794,0.750202,0.773673,1.1557,25.0677,28.105,55.9934,0.375683,0.559653,1.49313,0.0649629,0.0861188,0.0683928,0.106129,8.00307,4.41223,0.0487849,0.0649629,0.0704979,0.0492129,0.0861188,0.0683928,0.0326842,0.0707291,0.131492,0.122086,0.106129,0.0879324,0.0599579,0.0638677,0.0511022,0.0356075,-0.00196522,0.0572474,0.045792,0.000744795,0.0152735,0.00916034,-0.00746751,0.0636071,0.0525798,0.0475177,0.061065,0.0500288,-0.0464765,0.0298054,0.0226301,-0.000683729,0.0633635,0.0530941,-0.00109178,0.0567086,0.0464621,0.0364089,0.0685975,0.0540382,-0.0506465,0.0667765,0.0547146,-0.0091353,0.0582356,0.0459007,0.0343881,0.0592146,0.0478178,-0.0429936,0.0339943,0.0258163,-0.00250862
rec_rec3_faults_basic,cpp:tbo_replay_snapshot,17,0,0.129409,0.193531,0.610936,0.0299585,0.0424638,0.147789,-0.00107177,-0.0033311,0.0401078,2.99101,3.67346,8.60152,0.109615,0.213466,0.844054,3.69676e-05,-0.00549965,0.0997382,0.169837,0.205357,0.524417,0.00734264,0.000559118,0.0527848,0.0398368,0.145241,0.695698,0.0148456,0.0484006,0.2753,0.53861,0.548547,1.1418,0.779771,0.939975,2.61415,6.99641,8.56003,42.1307,26.5239,31.0141,87.7909,1.27714,2.30413,15.5208,1.88368,1.30865,5.89607,5.95707,6.96531,36.6862,16.3766,21.5246,87.7264,6.79264,7.43985,35.1168,0.786306,2.18345,15.2327,6.86713,11.4931,30.0338,4.96419,12.4789,78.0916,0.095321,0.230841,1.43946,0,0.103395,1.41195,1,0.999909,1,1,0.999985,1,43.9604,43.4336,46.0057,0.200507,0.256866,1.05794,0.364432,0.406661,0.773212,25.3718,28.4791,56.3477,0.863654,1.17706,2.97254,0.257036,0.340504,0.263554,0.238748,12.9623,11.1927,0.232915,0.257036,0.302223,0.0737449,0.340504,0.263554,0.293605,0.20834,0.238266,0.257275,0.238748,0.34086,0.253348,0.246922,0.129409,0.0299585,-0.00107177,0.155425,0.0396064,0.00253582,0.0148456,0.00982564,-0.00722989,0.109615,0.0343723,3.69676e-05,0.169837,0.0398769,0.00734264,0.0965068,0.0327426,-0.000450585,0.0361016,0.021964,-0.000418767,0.0337885,0.0234307,-0.00884819,0.0411831,0.0256006,0.00048071,0.0398368,0.0237568,-0.00473209,0.118295,0.0340116,-0.00163344,0.17329,0.0389156,0.00673772,0.0766136,0.0318158,-0.00197087
rec_rec3_faults_dropouts,cpp:tbo_replay_snapshot,17,0,0.0713309,0.150513,0.692902,0.0250122,0.0363969,0.119235,0.00141609,-0.00596392,0.0239907,1.18,2.72161,8.55,0.062472,0.167058,0.985409,-0.00110226,-0.00959664,0.0526491,0.0779719,0.163375,0.790409,0.0043317,-0.0051551,0.0522877,0.0784366,0.154088,0.815935,0.0151307,0.0556419,0.365941,0.275878,0.551236,2.73437,1.80705,1.78792,4.3566,4.28698,9.18928,53.4642,24.5435,30.0313,93.2707,1.21991,2.31796,15.551,0.109921,-1.01855,11.1541,1.66291,7.03542,53.996,12.6196,19.4831,93.2649,1.75275,7.43277,52.3322,0.446336,1.93414,15.266,3.1826,7.67433,28.3249,1.69668,9.24483,87.5562,0.0313913,0.17004,1.60401,0,0.102272,1.56775,1,0.999909,1,1,0.999985,1,43.9804,43.4306,45.9422,3.04997,3.04633,3.05069,0.344912,0.377704,0.8298,25.0828,28.1299,56.2982,0.444642,1.0119,5.92402,0.231225,0.30366,0.264948,0.244059,16.3188,15.0158,0.172551,0.231225,0.264408,0.118353,0.30366,0.264948,0.170401,0.200754,0.178993,0.304242,0.244059,0.277089,0.251804,0.244083,0.0713309,0.0250122,0.00141609,0.0803463,0.0325776,0.00373997,0.0151307,0.00992622,-0.00777058,0.062472,0.0303518,-0.00110226,0.0779719,0.0333346,0.0043317,0.0518188,0.0317629,0.00148753,0.0319812,0.0229122,-0.00156254,0.0338044,0.0233299,-0.0103127,0.041281,0.0247829,0.000293745,0.0784366,0.026888,-0.00493174,0.0848339,0.0292313,-0.00145755,0.0784009,0.0325072,0.00188456,0.067399,0.0339458,0.00113575
rec_rec3_faults_garbage,cpp:tbo_replay_snapshot,17,0,0.0841857,0.162614,0.688202,0.0293664,0.0403545,0.162124,-0.0026874,-0.0115112,0.00862421,1.51564,2.90825,7.067,0.104526,0.207226,0.77431,-0.017354,-0.0248503,0.00872487,0.100134,0.181056,0.81071,0.00479003,-0.00294624,0.0392412,0.105922,0.128406,0.340077,0.015076,0.0388402,0.190251,0.105697,0.257168,1.75639,1.45555,1.62173,2.93644,4.31722,10.7954,41.4807,25.2915,32.3872,89.553,1.22375,2.32909,15.5482,-0.157212,-2.93904,12.4988,2.56921,8.75925,41.1096,9.05312,20.8516,88.9809,3.09789,9.19347,40.7016,0.398623,2.00824,15.2869,2.50898,8.16183,39.2164,3.4834,10.8369,49.766,0.064123,0.200419,0.916138,0,0.109438,0.819655,1,0.999909,1,1,0.999985,1,43.7214,43.208,45.6493,0.994307,0.986067,1.05794,0.419039,0.476944,0.838452,25.1019,28.2067,56.3837,0.733083,1.23636,4.24636,0.238587,0.312186,0.291147,0.171077,16.1246,14.6999,0.202267,0.238587,0.281796,0.0545789,0.312186,0.291147,0.192579,0.138856,0.189762,0.175678,0.171077,0.244406,0.315213,0.248932,0.0841857,0.0293664,-0.0026874,0.0916534,0.0342187,-0.00140533,0.015076,0.0093518,-0.00774965,0.104526,0.0424304,-0.017354,0.100134,0.0373774,0.00479003,0.0368708,0.0254981,-0.00332077,0.0321095,0.0227712,-0.00197365,0.100537,0.0279835,-0.0128543,0.0397171,0.0249417,-0.000102346,0.105922,0.0294426,-0.00592739,0.0975509,0.0365784,-0.0087754,0.0922549,0.0341649,0.00147371,0.0658565,0.0285294,-0.00402574
rec_rec3_faults_realistic,cpp:tbo_replay_snapshot,17,0,0.0633468,0.0839425,0.382651,0.0217452,0.028654,0.119571,-0.00265127,-0.00267897,0.00650713,1.50809,2.27631,7.04026,0.058514,0.0963201,0.524513,0.00374219,0.00516728,0.0578361,0.0618389,0.0906539,0.406594,-9.64319e-05,-0.0068183,0.0188112,0.034632,0.0895691,0.309526,0.0149213,0.0348096,0.190252,0.164658,0.204061,0.740565,2.45438,2.41124,4.03303,4.45031,5.80849,25.6119,21.0314,24.7341,62.6955,1.24341,2.29476,15.5515,0.330128,0.994491,7.85297,1.43509,3.64063,13.684,7.29583,11.5735,33.3385,1.55753,4.17975,13.1916,0.618543,1.95551,15.2631,3.821,8.04417,24.0054,1.6996,4.31663,14.2834,0.0314451,0.0798033,0.262942,0,0.0118119,0.200802,1,0.999909,1,1,0.999985,1,44.0661,43.5607,46.1696,0.0728691,0.140815,1.05794,0.3843,0.445068,0.793612,25.0677,28.1069,55.9934,0.501535,0.6849,1.53678,0.117339,0.157603,0.135642,0.13542,8.63376,5.43037,0.0805684,0.117339,0.135663,0.0514402,0.157603,0.135642,0.0822721,0.121709,0.157787,0.144767,0.13542,0.14214,0.133489,0.114971,0.0633468,0.0217452,-0.00265127,0.075994,0.0284619,-0.000111572,0.0149213,0.00933834,-0.0077679,0.058514,0.0281056,0.00374219,0.0618389,0.0295765,-9.64319e-05,0.0332448,0.0235624,-0.000459241,0.0289768,0.0212338,-0.000684693,0.034545,0.0223146,-0.00947519,0.0328204,0.021783,-0.000347779,0.034632,0.021974,-0.00449712,0.0529324,0.0265228,0.00242951,0.0609403,0.0287824,-0.00250815,0.0327356,0.0237752,-0.000407342
rec_rec3_faults_slip,cpp:tbo_replay_snapshot,17,0,0.187822,0.237786,0.794202,0.0316734,0.0435325,0.142513,-0.00903999,-0.0137496,0.00768473,5.33874,5.10936,10.8923,0.267361,0.30635,0.816054,-0.01677,-0.0240975,0.0415413,0.15441,0.219618,1.19056,0.00342086,-0.0118008,0.0284427,0.0726576,0.0996692,0.308551,0.0147837,0.0348162,0.190236,1.07284,1.26804,3.05828,1.46944,1.65767,3.16283,7.30595,10.9434,50.2277,28.3384,32.2036,96.2651,1.222,2.33812,15.5499,-1.06761,-2.8002,7.56769,5.10542,9.16392,50.7834,12.3851,22.2355,96.2832,6.48201,9.46742,49.082,0.470134,1.87277,15.2732,2.60686,7.06997,24.0051,6.47436,13.1745,89.4069,0.119886,0.244748,1.65398,0,0.172321,1.63892,1,0.999909,1,1,0.999985,1,44.0661,43.5608,46.1696,0.0728691,0.140815,1.05794,0.426131,0.463237,0.787515,25.0677,28.105,55.9934,0.880294,1.05073,2.80736,0.307081,0.395518,0.357741,0.139665,16.6077,15.3409,0.245897,0.307081,0.364007,0.0514535,0.395518,0.357741,0.311967,0.129406,0.159639,0.150712,0.139665,0.372764,0.3337,0.351535,0.187822,0.0316734,-0.00903999,0.22067,0.0383363,-0.00903888,0.0147837,0.00930004,-0.00778191,0.267361,0.0432835,-0.01677,0.15441,0.0349086,0.00342086,0.0568043,0.0333803,-0.00449814,0.031684,0.0229101,-0.00217036,0.044986,0.0234731,-0.0107177,0.090838,0.0248706,-4.09046e-05,0.0726576,0.0286041,-0.00568713,0.237872,0.0439601,-0.0120882,0.15045,0.0363417,0.00224824,0.0652711,0.0332982,-0.0044165
rec_rec3_val,cpp:tbo_replay_snapshot,17,0,0.0355791,0.0622596,0.380999,0.018207,0.0257746,0.118764,-0.00227531,-0.00318149,0.00333016,0.484552,1.74044,7.04,0.0300724,0.0692759,0.522179,-0.000604146,0.00173941,0.0580159,0.0290929,0.064453,0.404897,0.00143222,-0.00387888,0.0183903,0.0332919,0.0886479,0.308725,0.0147752,0.0347987,0.19024,0.530241,0.651918,2.16289,0.639967,1.13593,3.28506,2.32389,4.90169,25.5047,21.0314,23.7624,63.6125,1.22199,2.29066,15.5503,0.0157304,0.701291,7.70057,0.866039,2.53063,13.4677,5.19526,10.0758,33.2939,1.19392,3.1521,12.9824,0.418944,1.8982,15.2683,3.16084,6.95554,24.0054,0.728006,2.53071,13.9791,0.0133369,0.0468201,0.257339,0,0.000615954,0.0104712,1,0.999909,1,1,0.999985,1,44.0661,43.5608,46.1696,0.0728691,0.140815,1.05794,0.4716,0.492367,0.827306,25.0677,28.105,55.9934,0.36493,0.547966,1.51459,0.10561,0.144101,0.121455,0.135009,8.17947,4.73238,0.0472347,0.10561,0.121241,0.051446,0.144101,0.121455,0.0602193,0.120366,0.157329,0.144539,0.135009,0.1257,0.120131,0.112785,0.0355791,0.018207,-0.00227531,0.0297927,0.0220931,0.000290149,0.0147752,0.00931047,-0.0077691,0.0300724,0.0221997,-0.000604146,0.0290929,0.0223949,0.00143222,0.0290574,0.0222535,-4.94065e-05,0.027397,0.0206874,-0.00116619,0.0313039,0.0211203,-0.00971413,0.0293311,0.0214577,-0.000227199,0.0332919,0.0210991,-0.00507808,0.0299624,0.0222258,-0.000548139,0.0287646,0.0219087,8.52948e-05,0.0293819,0.0227369,-0.00102309
rec_rec3_val_gnss1,cpp:tbo_replay_snapshot,17,0,0.0355787,0.0622441,0.380999,0.018207,0.0257609,0.118763,-0.00227531,-0.00322376,0.00310375,0.484552,1.74042,7.04,0.0300724,0.0692565,0.522179,-0.000924943,0.00167817,0.0580155,0.0290929,0.0644358,0.404897,0.00143465,-0.0039349,0.018091,0.0332953,0.0886514,0.308725,0.0147752,0.0347988,0.19024,0.530241,0.651926,2.16289,0.639967,1.13593,3.28506,2.32388,4.90177,25.5044,21.0314,23.7568,63.6125,1.22199,2.29069,15.5508,0.015746,0.705779,7.73404,0.866014,2.5257,13.4679,5.19504,10.0762,33.2939,1.19385,3.15199,12.9785,0.418944,1.89821,15.2685,3.16084,6.95555,24.0055,0.728006,2.53069,13.979,0.0133369,0.0468198,0.257338,0,0.000615954,0.0104712,1,0.999909,1,1,0.999985,1,44.0661,43.5608,46.1696,0.0728691,0.140815,1.05794,0.751615,0.716265,1.19069,25.0677,28.105,55.9934,0.364544,0.547708,1.51459,0.1056,0.14409,0.121444,0.135011,8.17986,4.73088,0.0472344,0.1056,0.121228,0.051446,0.14409,0.121444,0.0601907,0.120367,0.157333,0.144539,0.135011,0.125691,0.12012,0.112764,0.0355787,0.018207,-0.00227531,0.0297936,0.0220932,0.000288184,0.0147752,0.00931078,-0.0077691,0.0300724,0.0221998,-0.000924943,0.0290929,0.022395,0.00143465,0.0289912,0.0222535,-4.75536e-05,0.027397,0.0206874,-0.00116682,0.0313034,0.0211199,-0.00971413,0.0293149,0.0214573,-0.000227753,0.0332953,0.0210991,-0.00507868,0.0299623,0.0222253,-0.00055075,0.028764,0.0219089,-0.000273985,0.029382,0.0227369,-0.00137959
rec_rec3_val_refbag,cpp:tbo_replay_snapshot,17,0,0.0511022,0.0708488,0.316399,0.0356075,0.0365904,0.0638661,-0.00208191,-0.00271971,0.00414422,0.272059,1.67809,7.06981,0.0636071,0.0866783,0.432215,0.0475177,0.0444351,0.0587876,0.061065,0.08025,0.331112,-0.0464765,-0.0454921,-0.0197778,0.0667765,0.0881112,0.289526,0.0152735,0.0309772,0.191054,0.178952,0.548309,2.17228,0.3717,1.01455,3.28342,2.32439,4.92898,25.5843,21.0355,24.0244,63.3827,1.22257,2.29088,15.5501,0.245833,0.881632,7.91998,1.02599,2.57401,13.6178,5.70964,10.4386,33.856,1.27916,3.20071,13.1378,0.419219,1.89899,15.2688,3.14956,6.95306,24.0041,0.574987,2.49943,13.9791,0.0106172,0.0462441,0.257339,0,0.000615954,0.0104712,1,1,1,1,1,1,44.0661,43.5608,46.1696,0.0728691,0.140815,1.05794,0.901304,0.900547,1.18358,25.0677,28.105,55.9934,0.375683,0.558527,1.47397,0.0966226,0.129743,0.111487,0.105229,8.17532,4.71995,0.0466509,0.0966226,0.110536,0.0492242,0.129743,0.111487,0.0590295,0.0705716,0.129971,0.122207,0.105229,0.114135,0.107856,0.112841,0.0511022,0.0356075,-0.00208191,0.0572474,0.045792,0.000651484,0.0152735,0.00916034,-0.00746751,0.0636071,0.0525798,0.0475177,0.061065,0.0511849,-0.0464765,0.0298054,0.0226301,-0.000683729,0.0633635,0.0530941,-0.00109178,0.0567086,0.0464621,0.0364089,0.0685975,0.0540382,-0.0506465,0.0667765,0.0544907,-0.0091353,0.0582356,0.0459007,0.0343881,0.0592146,0.0480704,-0.0429936,0.0339943,0.0258163,-0.00435156
rec_rec4_faults_basic,cpp:tbo_replay_snapshot,17,0,0.129409,0.174212,0.514289,0.0282667,0.0386739,0.128581,-0.000377195,0.000403182,0.0401078,2.99101,3.5181,7.93978,0.109615,0.198242,0.934352,0.00147073,-0.000372293,0.0997382,0.165681,0.180665,0.418157,0.00734264,0.00426785,0.0527848,0.0400139,0.145548,0.695698,0.0148456,0.0484181,0.2753,0.53861,0.546919,1.32658,0.779771,0.939975,2.61415,8.04019,8.46606,26.8284,25.5688,28.7341,63.5962,1.27714,2.30417,15.5403,2.11363,1.61797,5.89607,6.52115,6.53083,20.0477,16.3766,18.3113,47.7311,7.43573,7.03652,19.5032,0.786306,2.20118,15.2526,6.86713,11.6713,30.0338,7.69063,12.1494,43.9854,0.141752,0.224885,0.812124,0,0.0850838,0.76014,1,0.999909,1,1,0.999985,1,43.9604,43.4336,46.0057,0.200507,0.256866,1.05794,0.363904,0.444183,0.94318,25.3718,28.4791,56.3477,1.3379,1.2508,2.31676,0.216,0.305473,0.217453,0.239282,10.8838,8.57918,0.226765,0.216,0.252658,0.0737541,0.305473,0.217453,0.20071,0.208469,0.238782,0.257746,0.239282,0.287439,0.20643,0.222049,0.129409,0.0282667,-0.000377195,0.155425,0.0396064,0.00259189,0.0148456,0.00982564,-0.00722989,0.109615,0.0343723,0.00147073,0.165681,0.0378364,0.00734264,0.0965068,0.0327426,-0.000450585,0.0362577,0.0220863,-0.000667379,0.0337885,0.0234307,-0.00884819,0.0411831,0.0256006,0.000439319,0.0400139,0.0237568,-0.00473209,0.118295,0.0340116,-0.000570749,0.15387,0.0383174,0.01147,0.0766136,0.0295186,0.00176764
rec_rec4_faults_dropouts,cpp:tbo_replay_snapshot,17,0,0.0713309,0.142805,0.692902,0.0250122,0.0353249,0.101013,0.00141609,-0.00450762,0.0239907,1.18,2.57511,8.55,0.062472,0.157792,0.985409,-0.00110226,-0.00712133,0.0947295,0.0779719,0.154195,0.790409,0.0043317,-0.00337369,0.0522877,0.0784366,0.15445,0.815935,0.0151307,0.0556748,0.365941,0.275878,0.523245,2.73437,1.80705,1.78792,4.3566,4.28698,9.02513,53.4642,21.0314,29.1857,93.2707,1.21991,2.31584,15.551,0.180535,-0.815321,11.1541,1.66291,6.8122,53.996,12.6196,18.6616,93.2649,1.75275,7.21059,52.3322,0.446336,1.93832,15.266,3.1826,7.80948,28.3249,1.69668,9.26004,87.5562,0.0313913,0.17032,1.60401,0,0.102272,1.56775,1,0.999909,1,1,0.999985,1,43.9804,43.4306,45.9422,3.04997,3.04633,3.05069,0.42138,0.45966,0.858377,25.0828,28.1299,56.2982,0.444642,1.01385,5.92402,0.219789,0.287365,0.249993,0.244752,16.2213,14.9103,0.172835,0.219789,0.250206,0.118364,0.287365,0.249993,0.163213,0.201257,0.180538,0.304407,0.244752,0.267816,0.234385,0.225745,0.0713309,0.0250122,0.00141609,0.0803463,0.0325776,0.00453975,0.0151307,0.00992622,-0.00777058,0.062472,0.0303518,-0.00110226,0.0779719,0.0333346,0.0043317,0.0518188,0.0317629,0.00148753,0.0319812,0.0229122,-0.00156254,0.0338044,0.0233299,-0.0103127,0.041281,0.0247829,0.000293745,0.0784366,0.026888,-0.00493174,0.0848339,0.0292313,-0.00145755,0.0784009,0.0325072,0.00188456,0.067399,0.0339458,0.00144259
rec_rec4_faults_garbage,cpp:tbo_replay_snapshot,17,0,0.0841715,0.149736,0.654857,0.0293497,0.0374984,0.0960072,-0.00264548,-0.00859053,0.00862421,1.51564,2.85315,8.49225,0.104526,0.203788,0.894263,-0.017354,-0.0217511,0.0799372,0.0997871,0.149755,0.858861,0.00623252,0.00103286,0.0392412,0.10593,0.128594,0.340077,0.015076,0.0388524,0.190251,0.10552,0.197499,0.904658,1.45555,1.62173,2.93644,4.31722,11.2681,49.9912,24.5435,30.0503,80.8141,1.22375,2.36033,15.5482,0.0365432,-2.94315,12.4988,2.56688,9.1431,50.4964,9.05312,18.6214,82.6789,3.09789,9.51645,48.6511,0.398623,2.04699,15.2869,2.32943,8.90244,39.2164,4.54019,13.3808,80.7829,0.0832651,0.247716,1.49586,0,0.145357,1.46514,1,0.999909,1,1,0.999985,1,43.7214,43.208,45.6493,0.994307,0.986067,1.05794,0.451494,0.524813,0.87108,25.1019,28.2067,56.3837,0.733083,1.22329,3.96765,0.207793,0.308202,0.233032,0.17158,17.242,15.9797,0.249749,0.207793,0.244813,0.0545871,0.308202,0.233032,0.0813627,0.138941,0.190851,0.175454,0.17158,0.264839,0.230064,0.163227,0.0841715,0.0293497,-0.00264548,0.0916358,0.0341966,-0.000743136,0.015076,0.00935364,-0.00774965,0.104526,0.0424304,-0.017354,0.0997871,0.037192,0.00623252,0.0366781,0.0254981,-0.000937514,0.0321095,0.0227712,-0.00197365,0.100538,0.0279858,-0.0128543,0.0397171,0.0249417,-0.000102346,0.10593,0.0294426,-0.00592739,0.0975509,0.0365352,-0.0087754,0.0857962,0.0311682,0.00289129,0.0657971,0.0285294,-0.000608693
rec_rec4_faults_realistic,cpp:tbo_replay_snapshot,17,0,0.0633468,0.0762443,0.251781,0.0217452,0.0275624,0.101013,-0.00187529,-0.00138919,0.00650713,1.50809,2.13163,7.04026,0.058514,0.0872593,0.370479,0.00374219,0.00733807,0.0947396,0.0618389,0.0812094,0.246038,-9.64319e-05,-0.00522202,0.0188112,0.034632,0.0898524,0.314342,0.0149213,0.0348215,0.190252,0.164658,0.178591,0.40703,2.45438,2.41124,4.03303,4.45031,5.69008,25.6119,21.0276,23.8796,62.6955,1.24341,2.29258,15.5515,0.330128,1.19219,7.85297,1.43509,3.49748,13.684,7.29583,10.7428,33.3385,1.55753,4.0402,13.1916,0.618543,1.96658,15.2631,3.821,8.17079,24.0054,1.6996,4.43712,16.3317,0.0314451,0.0820213,0.300649,0,0.0118119,0.200802,1,0.999909,1,1,0.999985,1,44.0661,43.5607,46.1696,0.0728691,0.140815,1.05794,0.612364,0.668424,1.21416,25.0677,28.1069,55.9934,0.501535,0.686016,1.55576,0.0928282,0.123815,0.103007,0.136378,8.46671,5.1581,0.0828173,0.0928282,0.105383,0.0514495,0.123815,0.103007,0.0659557,0.122154,0.159197,0.144968,0.136378,0.123575,0.0961961,0.0673153,0.0633468,0.0217452,-0.00187529,0.075994,0.0284619,-3.69107e-06,0.0149213,0.00933834,-0.0077679,0.058514,0.0281056,0.00374219,0.0618389,0.0295765,-9.64319e-05,0.0332448,0.0235624,-0.000459241,0.0289768,0.0212338,-0.000684693,0.034545,0.0223146,-0.00947519,0.0328204,0.021783,-0.000347779,0.034632,0.021974,-0.00449712,0.0529324,0.0265228,0.00242951,0.0609403,0.0287824,-0.00250815,0.0327356,0.0237752,0.000120583
rec_rec4_faults_slip,cpp:tbo_replay_snapshot,17,0,0.187822,0.226708,0.794202,0.0316734,0.0414161,0.106119,-0.00516578,-0.0113644,0.00768473,4.92643,4.96428,10.8923,0.267361,0.295339,0.816054,-0.01677,-0.0210017,0.0956389,0.15441,0.204228,1.19056,0.00342086,-0.00822339,0.0284427,0.0726576,0.099977,0.313783,0.0147837,0.0348278,0.190236,1.02041,1.23252,3.05828,1.46944,1.65767,3.16283,7.30595,10.9556,50.2277,21.3764,31.5679,96.2651,1.222,2.33643,15.5499,-1.06761,-2.4518,7.56769,5.10542,9.16936,50.7834,12.3851,21.6118,96.2832,6.48201,9.4814,49.082,0.470253,1.92545,15.2732,2.60686,7.67587,24.3394,6.47436,13.7469,89.4069,0.119886,0.255285,1.65398,0,0.172321,1.63892,1,0.999909,1,1,0.999985,1,44.0661,43.5608,46.1696,0.0728691,0.140815,1.05794,0.48472,0.562051,1.38536,25.0677,28.105,55.9934,0.880294,1.08913,2.80736,0.293161,0.380184,0.335612,0.140672,16.6169,15.3446,0.256581,0.293161,0.347365,0.0514627,0.380184,0.335612,0.303147,0.125628,0.161035,0.151041,0.140672,0.362691,0.316266,0.315174,0.187822,0.0316734,-0.00516578,0.22067,0.0383363,-0.00356273,0.0147837,0.00930004,-0.00778191,0.267361,0.0432835,-0.01677,0.15441,0.0349086,0.00342086,0.0568043,0.0333803,-0.00449814,0.031684,0.0229101,-0.00182969,0.044986,0.0234731,-0.0107177,0.090838,0.0248706,-4.09046e-05,0.0726576,0.0286039,-0.00568713,0.237872,0.0439601,-0.0120882,0.15045,0.0363417,0.00224824,0.0652711,0.0332982,-0.00232866
rec_rec4_val,cpp:tbo_replay_snapshot,17,0,0.0355791,0.0544779,0.248708,0.018207,0.0246643,0.0998872,-0.00198057,-0.0018808,0.00347831,0.484552,1.59395,7.04,0.0300724,0.0599719,0.364011,-0.000604146,0.00396158,0.0957928,0.0290929,0.0550807,0.245567,0.00143222,-0.00229461,0.0183903,0.0332919,0.0889422,0.313727,0.0147752,0.0348104,0.19024,0.407913,0.595908,2.16289,0.639967,1.13593,3.28506,2.32389,4.78444,25.5047,21.0276,22.9187,63.6125,1.22199,2.2885,15.5503,0.0157304,0.896176,7.70057,0.866039,2.38832,13.4677,5.19526,9.2561,33.2939,1.19392,3.01327,12.9824,0.418944,1.90865,15.2683,3.16084,7.07602,24.0054,0.728006,2.64503,15.9226,0.0133369,0.0489247,0.293118,0,0.000615954,0.0104712,1,0.999909,1,1,0.999985,1,44.0661,43.5608,46.1696,0.0728691,0.140815,1.05794,0.624936,0.654129,1.2506,25.0677,28.105,55.9934,0.36493,0.548926,1.5309,0.0773625,0.105344,0.0839535,0.136005,8.00692,4.42484,0.0493686,0.0773625,0.0858837,0.0514551,0.105344,0.0839535,0.0350787,0.120835,0.158746,0.1448,0.136005,0.103524,0.0772062,0.0640828,0.0355791,0.018207,-0.00198057,0.0297927,0.0220931,0.000561474,0.0147752,0.00931047,-0.0077691,0.0300724,0.0221997,-0.000604146,0.0290929,0.0223949,0.00143222,0.0290574,0.0222535,-4.94065e-05,0.027397,0.0206874,-0.00116619,0.0313039,0.0211203,-0.00971413,0.0293311,0.0214577,-0.000227199,0.0332919,0.0210991,-0.00507808,0.0299624,0.0222258,-0.000548139,0.0287646,0.0219087,8.52948e-05,0.0293819,0.0227369,-0.000944025
rec_rec4_val_gnss1,cpp:tbo_replay_snapshot,17,0,0.0355787,0.0544623,0.248708,0.018207,0.0246505,0.0998871,-0.00198119,-0.00192306,0.00347813,0.484552,1.59392,7.04,0.0300724,0.0599525,0.364011,-0.000924943,0.00390035,0.0957926,0.0290929,0.0550634,0.245567,0.00143465,-0.00235062,0.018091,0.0332953,0.0889457,0.313727,0.0147752,0.0348104,0.19024,0.407912,0.595916,2.16289,0.639967,1.13593,3.28506,2.32388,4.78452,25.5044,21.0276,22.9131,63.6125,1.22199,2.28853,15.5508,0.015746,0.900664,7.73404,0.866014,2.38338,13.4679,5.19504,9.25655,33.2939,1.19385,3.01315,12.9785,0.418944,1.90866,15.2685,3.16084,7.07604,24.0055,0.728006,2.64502,15.9226,0.0133369,0.0489245,0.293118,0,0.000615954,0.0104712,1,0.999909,1,1,0.999985,1,44.0661,43.5608,46.1696,0.0728691,0.140815,1.05794,0.471805,0.510095,0.857981,25.0677,28.105,55.9934,0.364544,0.548668,1.5309,0.0773489,0.105329,0.0839381,0.136007,8.00731,4.42323,0.0493684,0.0773489,0.0858663,0.0514551,0.105329,0.0839381,0.0350295,0.120836,0.15875,0.144799,0.136007,0.103512,0.0771894,0.0640454,0.0355787,0.018207,-0.00198119,0.0297936,0.0220932,0.000563335,0.0147752,0.00931078,-0.0077691,0.0300724,0.0221998,-0.000924943,0.0290929,0.022395,0.00143465,0.0289912,0.0222535,-4.75536e-05,0.027397,0.0206874,-0.00116682,0.0313034,0.0211199,-0.00971413,0.0293149,0.0214573,-0.000227753,0.0332953,0.0210991,-0.00507868,0.0299623,0.0222253,-0.00055075,0.028764,0.0219089,-0.000273985,0.029382,0.0227369,-0.0010239
rec_rec4_val_refbag,cpp:tbo_replay_snapshot,17,0,0.0511022,0.0600514,0.132843,0.0356075,0.035476,0.0449221,-0.00196522,-0.00142476,0.00659483,0.272059,1.52963,7.06981,0.0636071,0.0744438,0.224227,0.0475177,0.0466219,0.0587876,0.061065,0.0650719,0.141418,-0.0464765,-0.04389,-0.00210927,0.0667765,0.0885448,0.289526,0.0152735,0.0309488,0.191054,0.178952,0.492043,2.17228,0.3717,1.01455,3.28342,2.32439,4.80782,25.5843,21.0314,23.1209,63.3827,1.22257,2.28872,15.5501,0.245833,1.07754,7.91998,1.02599,2.42444,13.6178,5.70964,9.5324,33.856,1.27916,3.05497,13.1378,0.419219,1.90945,15.2688,3.14956,7.07354,24.0041,0.574987,2.61376,15.9227,0.0106172,0.0483488,0.29312,0,0.000615954,0.0104712,1,1,1,1,1,1,44.0661,43.5608,46.1696,0.0728691,0.140815,1.05794,0.375178,0.427364,0.797525,25.0677,28.105,55.9934,0.375683,0.559653,1.49313,0.0649629,0.0861188,0.0683928,0.106129,8.00307,4.41223,0.0487849,0.0649629,0.0704979,0.0492129,0.0861188,0.0683928,0.0326842,0.0707291,0.131492,0.122086,0.106129,0.0879324,0.0599579,0.0638677,0.0511022,0.0356075,-0.00196522,0.0572474,0.045792,0.000744795,0.0152735,0.00916034,-0.00746751,0.0636071,0.0525798,0.0475177,0.061065,0.0500288,-0.0464765,0.0298054,0.0226301,-0.000683729,0.0633635,0.0530941,-0.00109178,0.0567086,0.0464621,0.0364089,0.0685975,0.0540382,-0.0506465,0.0667765,0.0547146,-0.0091353,0.0582356,0.0459007,0.0343881,0.0592146,0.0478178,-0.0429936,0.0339943,0.0258163,-0.00250862
ref_b1P_faults_basic,harness.baselines:B1,17,0,0.180366,0.260673,1.03102,0.0405566,0.0736134,0.404955,-0.00670444,-0.0281856,0.0138111,3.4248,4.17433,7.05527,0.18475,0.30952,1.22945,-0.00070165,-0.0341914,0.0259215,0.211869,0.293126,1.1589,-0.00511301,-0.0371882,0.0290483,0.0637449,0.114383,0.340386,0.0143828,0.0473859,0.191548,0.766797,0.950563,2.60903,0.779771,0.94499,2.61415,5.86934,27.3651,238.29,23.1008,48.6114,320.604,0.506172,0.853799,3.17302,-2.63441,-19.2657,8.88704,5.58116,27.58,241.72,12.4726,41.755,320.577,5.71703,26.562,227.909,9.52638e-14,0.189952,0.854439,4.63269e-13,3.85145,15.8785,8.47661,34.0387,260.797,0.156647,0.632699,4.80098,0.0621784,0.596948,5.28214,0.997496,0.997469,0.998451,0.997423,0.997416,0.998321,38.217,38.5114,39.4861,0.200371,0.201042,0.30054,0.1509,0.15752,0.250506,85.3465,81.3758,93.9031,0.858702,1.9837,12.8434,0.344823,0.449067,0.402248,0.15874,63.5163,64.3849,0.63532,0.344823,0.407697,0.06877,0.449067,0.402248,0.331718,0.154798,0.176842,0.167809,0.15874,0.386041,0.412126,0.39021,0.180366,0.0405566,-0.00670444,0.219979,0.0530534,-0.00709847,0.0143828,0.00969962,-0.00715001,0.18475,0.0484338,-0.00070165,0.211869,0.0535372,-0.00511301,0.201868,0.0552673,-0.0097358,0.0530871,0.0304065,-0.00430334,0.0666389,0.0280983,-0.00517892,0.0639812,0.0331243,-0.00809387,0.0637449,0.0303424,-0.0071772,0.213201,0.0547402,-0.00325339,0.184043,0.0499917,4.54694e-05,0.187267,0.0459829,-0.0138713
ref_b1P_faults_dropouts,harness.baselines:B1,17,0,0.43077,0.509291,1.07692,0.0842651,0.112882,0.406697,0.0234308,0.00278798,0.116932,5.76719,6.22257,17.0853,0.274369,0.491711,1.22613,-0.0121927,-0.0252565,0.118023,0.428074,0.58353,2.02511,0.024814,0.0235625,0.339632,0.190689,0.316973,1.85219,0.0143828,0.13063,0.890804,1.82741,2.03986,4.60528,1.84444,1.82889,4.45945,31.062,39.7559,221.977,61.9957,76.5447,324.702,0.666052,0.96083,2.95146,2.62793,-9.20952,32.4786,30.6319,39.8029,224.397,62.0222,74.0045,324.703,30.8575,38.9795,214.073,0.116027,2.02952,8.89326,7.02524,23.8379,90.3813,48.596,49.7935,245.713,0.899101,0.923303,4.52331,0,0.525509,4.99231,0.99559,0.995585,0.996559,0.995504,0.995503,0.995987,37.8635,38.0682,39.0212,3.04983,3.04376,3.05069,0.1695,0.170635,0.262405,85.3858,81.3778,93.9677,2.6361,2.9897,11.7398,0.58681,0.62821,0.779638,0.548257,63.6739,64.1505,0.929378,0.58681,0.676026,0.269621,0.62821,0.779638,0.54614,0.494729,0.203718,0.736708,0.548257,0.572442,0.759791,0.623966,0.43077,0.0842651,0.0234308,0.443707,0.104944,0.0097981,0.0143828,0.00935637,-0.00593144,0.274369,0.0924345,-0.0121927,0.428074,0.109273,0.024814,0.407841,0.102276,-0.0196351,0.137212,0.0494071,-0.00360312,0.0400951,0.0262427,-0.00292705,0.210751,0.0553319,-0.00497449,0.190689,0.0568981,-0.00504111,0.374396,0.104794,-0.0184427,0.375811,0.0838004,0.0198033,0.525379,0.127299,0.00110577
ref_b1P_faults_garbage,harness.baselines:B1,17,0,0.352058,0.427497,1.1326,0.060647,0.0904808,0.422054,-0.0147048,-0.0328645,0.0130236,6.16167,6.52849,9.02194,0.450337,0.491005,1.28628,-0.00857689,-0.0403982,0.02699,0.410699,0.463629,1.28698,-0.0333529,-0.0553566,0.0295715,0.292976,0.283712,0.412187,0.23615,0.261137,0.527323,1.50353,1.66514,2.94023,1.45555,1.63137,2.93644,14.9243,32.215,240.579,26.4123,53.8524,339.636,0.514644,0.897476,3.2159,-11.5169,-23.294,6.47499,14.8787,32.518,243.901,26.4128,50.2449,339.602,14.8909,31.415,230.482,1.03915e-13,0.177562,0.922054,4.54963e-13,3.3038,13.695,16.7381,39.1193,257.893,0.309043,0.725901,4.74754,0.250762,0.690514,5.22648,0.997775,0.997898,0.998968,0.997884,0.997843,0.998241,39.4953,39.712,40.7389,0.0629954,0.0711777,0.132635,0.161572,0.141848,0.243149,86.1692,82.222,94.6732,1.7353,2.48534,12.8178,0.473501,0.573668,0.545838,0.3041,64.7161,65.5726,0.730148,0.473501,0.534289,0.276227,0.573668,0.545838,0.42899,0.265638,0.287648,0.332028,0.3041,0.481593,0.583213,0.468024,0.352058,0.060647,-0.0147048,0.394238,0.0715069,-0.0199878,0.23615,0.0269356,0.00770822,0.450337,0.0824143,-0.00857689,0.410699,0.0769385,-0.0333529,0.249482,0.0419982,-0.0150561,0.23662,0.0488084,0.00602287,0.218685,0.0468455,0.000561411,0.302918,0.0590986,0.00889167,0.292976,0.0590727,0.00508569,0.367386,0.0649929,-0.00511374,0.492846,0.0803608,-0.0321036,0.304474,0.0471044,-0.0122588
ref_b1P_faults_realistic,harness.baselines:B1,17,0,0.79794,0.794705,1.74471,0.193767,0.226442,0.761503,0.0145491,-0.0419291,0.176156,6.15443,5.53215,7.3785,0.834022,0.818551,1.94417,-0.113673,-0.101324,0.244702,0.83721,0.82057,1.69166,-0.0594761,-0.0880089,0.274019,0.337719,0.467779,1.31346,0.488307,0.459836,1.02189,2.48494,2.41883,4.03296,2.48462,2.41911,4.03303,127.203,140.799,545.167,191.284,207.775,763.869,1.69109,2.09412,6.56021,14.5639,-27.5274,129.54,125.726,141.699,572.521,183.587,205.853,770.372,124.703,135.189,492.623,2.32026,10.5858,40.8462,24.784,75.9379,252.299,171.618,190.299,707.415,3.144,3.56396,13.0228,0,2.24347,13.7098,0.997998,0.998042,0.99914,0.998068,0.997982,0.998321,37.8035,38.0319,38.9722,0.0629954,0.0711777,0.132635,0.16304,0.185405,0.35179,85.4342,81.3741,93.7233,4.60982,6.78108,23.7685,0.85277,0.957118,0.926373,0.54612,181.376,186.028,3.55186,0.85277,0.937924,0.599215,0.957118,0.926373,0.923387,0.46274,0.468736,0.602585,0.54612,0.872863,0.957856,0.980979,0.79794,0.193767,0.0145491,0.842488,0.251568,-0.090802,0.488307,0.156317,0.145667,0.834022,0.246647,-0.113673,0.83721,0.282482,-0.0594761,0.535848,0.149672,-0.0445398,0.306162,0.10071,0.0598391,0.250409,0.0827885,0.018069,0.356746,0.127096,0.0780128,0.337719,0.118575,0.0659753,0.705818,0.193528,-0.0830148,0.951371,0.288963,-0.0528311,0.644207,0.184305,-0.0657911
ref_b1P_faults_slip,harness.baselines:B1,17,0,0.191705,0.26917,1.04107,0.0395681,0.0707993,0.397591,-0.00683214,-0.0319778,0.0180371,4.95894,4.91181,7.32213,0.302117,0.361861,1.20857,-0.00695429,-0.0376883,0.0275642,0.132951,0.246402,1.18761,-0.0113447,-0.0446476,0.0297392,0.056028,0.10157,0.337178,0.0140046,0.0341786,0.191547,1.4753,1.68435,3.16031,1.46944,1.67929,3.16283,6.4806,28.1405,235.867,18.7613,49.2081,322.761,0.579609,0.865741,3.15437,-4.08593,-19.9407,11.5608,6.49842,28.3696,239.133,13.5089,43.8015,322.733,6.46391,27.342,225.838,9.88071e-14,0.0658145,0.614619,4.56435e-13,1.66693,11.1087,9.40818,35.9944,253.78,0.174317,0.669506,4.67181,0.120523,0.655355,5.14755,0.997998,0.998042,0.99914,0.998068,0.997982,0.998321,38.4128,38.7284,39.6985,0.0629954,0.0711777,0.132635,0.184306,0.163979,0.20152,85.335,81.3525,93.8859,0.928206,1.98865,12.6666,0.351804,0.474299,0.390908,0.145977,63.067,63.9173,0.671823,0.351804,0.417059,0.0512958,0.474299,0.390908,0.345888,0.133677,0.16457,0.15684,0.145977,0.405127,0.400376,0.426768,0.191705,0.0395681,-0.00683214,0.231531,0.0536071,-0.00638709,0.0140046,0.0091021,-0.00720319,0.302117,0.0628728,-0.00695429,0.132951,0.0459798,-0.0113447,0.150085,0.0537514,-0.0101338,0.0432129,0.0280798,-0.00402071,0.0625775,0.0271223,-0.00292705,0.0548398,0.0323729,-0.0112886,0.056028,0.0293267,-0.00762351,0.263645,0.0551763,-0.0101158,0.166651,0.0467318,-0.00775892,0.175192,0.0535442,-0.0163128
ref_b1P_val,harness.baselines:B1,17,0,0.0421384,0.14755,1.03739,0.0244192,0.0568455,0.391485,-0.00735205,-0.0306796,0.021332,0.349883,2.06614,7.05527,0.0368609,0.176373,1.20706,0.00399499,-0.0271705,0.03592,0.0424729,0.155738,1.18357,-0.0140341,-0.0485231,0.0296802,0.0366013,0.0969235,0.337178,0.0140013,0.0341778,0.191548,0.643901,1.15278,3.28244,0.639967,1.16255,3.28506,4.6584,26.4707,236.485,23.1008,47.0855,322.761,0.476251,0.862458,3.14752,-3.3985,-20.2182,12.5557,4.44738,26.6944,239.782,7.87223,40.3658,322.733,4.61467,25.6598,226.379,8.97466e-14,0.0703164,0.927519,4.52168e-13,1.57607,15.5485,7.5504,34.2367,258.075,0.138321,0.637185,4.75088,0.0654961,0.622626,5.22997,0.997998,0.998042,0.99914,0.998068,0.997982,0.998321,38.4128,38.7284,39.6985,0.0629954,0.0711777,0.132635,0.128674,0.129466,0.173976,85.335,81.3525,93.8859,0.742918,1.90582,12.7143,0.303835,0.399764,0.356198,0.144468,63.0355,63.8943,0.639015,0.303835,0.359807,0.0512957,0.399764,0.356198,0.281391,0.131511,0.162908,0.155812,0.144468,0.325339,0.371995,0.370588,0.0421384,0.0244192,-0.00735205,0.0382642,0.0297429,-0.00614118,0.0140013,0.00908886,-0.00720319,0.0368609,0.0282812,0.00399499,0.0424729,0.0321212,-0.0140341,0.0350267,0.0260126,-0.0127782,0.0353408,0.0256915,-0.00402071,0.0322446,0.0226287,-0.00292705,0.0387018,0.0291985,-0.0112886,0.0366013,0.0260597,-0.00774955,0.0373168,0.0286579,0.000805057,0.0397376,0.0292909,-0.0120804,0.0362975,0.0271812,-0.0122587
ref_b2P_faults_basic,harness.baselines:B2,17,0,0.248792,0.256743,0.38754,0.0445046,0.0543138,0.15036,-0.00274398,-0.00626962,0.0392933,5.75089,6.29612,8.27719,0.241597,0.314473,0.557932,-0.0119369,-0.0136244,0.127432,0.225582,0.281147,0.689284,0.00114858,0.00402694,0.0333523,0.0637449,0.11764,0.31622,0.0143828,0.0477381,0.191548,1.04822,1.03051,1.52851,0.779771,0.94499,2.61415,9.92883,12.8737,38.1599,23.7026,30.7397,73.5759,0.384019,0.653388,2.09522,-2.92169,-3.01099,25.0984,9.79848,12.8139,39.1866,18.7872,24.1204,73.6129,9.84745,12.7646,38.0574,9.92676e-14,0.595541,5.66526,4.60046e-13,7.75988,55.3751,11.2503,18.9736,56.9435,0.246668,0.354981,1.09341,0.0413202,0.214603,1.05851,0.997496,0.997469,0.998451,0.997423,0.997416,0.998321,38.217,38.5114,39.4861,0.200371,0.201042,0.30054,0.120846,0.129855,0.266948,85.3465,81.3758,93.9031,1.52008,1.47479,3.7523,0.264927,0.347449,0.307892,0.161612,16.3549,16.3963,0.354135,0.264927,0.311918,0.0691131,0.347449,0.307892,0.243718,0.157585,0.165709,0.182726,0.161612,0.334136,0.289184,0.23138,0.248792,0.0445046,-0.00274398,0.296755,0.0600307,-6.73056e-05,0.0143828,0.00969962,-0.00715001,0.241597,0.0522849,-0.0119369,0.225582,0.0530624,0.00114858,0.239945,0.0555794,-0.0130576,0.0593739,0.0304065,-0.00430334,0.0584753,0.0275453,-0.00322446,0.0640751,0.0331243,-0.00511568,0.0637449,0.0324066,-0.00560307,0.251056,0.0527318,-0.015223,0.212085,0.0516872,0.012591,0.225564,0.047526,-0.0123619
ref_b2P_faults_dropouts,harness.baselines:B2,17,0,0.231139,0.343525,1.05372,0.0515618,0.0629473,0.137097,0.00573778,0.00652867,0.0859553,3.86416,5.8123,17.0853,0.219005,0.306094,1.08819,0.00865144,0.000607682,0.168007,0.219895,0.415718,2.02507,0.00604495,0.0257253,0.340883,0.0767108,0.254572,1.85219,0.0143828,0.0585405,0.425695,0.754546,1.41032,4.60433,1.84444,1.82889,4.45945,17.0382,23.4876,69.5532,37.2211,49.207,119.459,0.608317,0.765324,2.13819,-2.66034,0.858095,44.5047,16.9766,23.4344,68.2247,28.5224,45.0687,119.382,17.019,23.1592,68.5684,1.07388e-13,1.64596,11.1573,4.60195e-13,17.1409,101.589,23.0659,36.7807,99.7474,0.426707,0.683723,1.8446,0.188672,0.366852,1.62475,0.99559,0.995585,0.996559,0.995504,0.995503,0.995987,37.8635,38.0682,39.0212,3.04983,3.04376,3.05069,0.197632,0.216307,0.335012,85.3858,81.3778,93.9677,1.79792,2.29177,7.05155,0.447905,0.443798,0.654552,0.514846,30.9717,30.8396,0.686499,0.447905,0.525671,0.134417,0.443798,0.654552,0.382193,0.469865,0.170484,0.698057,0.514846,0.415371,0.629038,0.428951,0.231139,0.0515618,0.00573778,0.278611,0.0622349,0.0112148,0.0143828,0.00935637,-0.00730159,0.219005,0.0479539,0.00865144,0.219895,0.0716422,0.00604495,0.20023,0.0661644,0.00168685,0.0629828,0.0345307,-0.00360312,0.0400951,0.0262427,-0.00517892,0.0626368,0.030463,-0.0102657,0.0767108,0.0383752,-0.00556179,0.206035,0.0486949,0.00659668,0.160474,0.04836,0.00223252,0.221754,0.0648919,0.00329384
ref_b2P_faults_garbage,harness.baselines:B2,17,0,0.419463,0.426278,0.69962,0.0567721,0.0643307,0.163591,-0.00265373,-0.00787304,0.0196785,10.681,10.3527,12.188,0.491416,0.529756,1.10471,-0.0328745,-0.0352256,0.130417,0.489736,0.434837,0.746672,0.0281518,0.00541768,0.0622814,0.360432,0.361307,0.575762,0.279829,0.280563,0.527323,1.78965,1.74059,2.80684,1.45555,1.63137,2.93644,10.9342,13.1157,42.7431,27.2596,30.5094,79.9089,0.468211,0.662264,2.12481,-3.28065,-5.26825,8.31592,10.9065,13.0855,44.4258,19.5272,23.5541,79.9003,10.9134,13.0452,42.606,0.0012259,0.445702,3.1616,0.13752,6.42046,34.9353,13.2848,18.8178,79.9089,0.245147,0.352569,1.53439,0.156989,0.236522,1.49944,0.997775,0.997898,0.998968,0.997884,0.997843,0.998241,39.4953,39.712,40.7389,0.0629954,0.0711777,0.132635,0.1798,0.17614,0.244384,86.1692,82.222,94.6732,1.43821,1.50043,2.93212,0.439578,0.578257,0.481873,0.388807,15.7819,15.9662,0.351227,0.439578,0.487193,0.294436,0.578257,0.481873,0.266511,0.32792,0.187729,0.514095,0.388807,0.51102,0.49197,0.313713,0.419463,0.0567721,-0.00265373,0.48057,0.0613921,-0.00788952,0.279829,0.026744,0.00922733,0.491416,0.0818093,-0.0328745,0.489736,0.080842,0.0281518,0.158196,0.0331033,-0.0121614,0.235846,0.0453278,0.000899626,0.109974,0.0309517,-0.00767916,0.494182,0.0721555,0.0294268,0.360432,0.0545358,0.0116803,0.454283,0.0726867,-0.0319236,0.491281,0.0740106,0.0330074,0.29446,0.0457557,-0.00974569
ref_b2P_faults_realistic,harness.baselines:B2,17,0,0.103073,0.115789,0.272259,0.0300489,0.0391716,0.127439,-0.00690388,-0.00742144,0.0339716,3.89648,3.76421,7.05527,0.0824989,0.0959791,0.318967,0.0100345,0.0144935,0.173401,0.140275,0.164382,0.350056,-0.0272656,-0.029483,0.0325137,0.0850819,0.104079,0.3092,0.0294364,0.0454415,0.191543,0.275464,0.30023,0.518971,2.48462,2.41911,4.03303,5.98105,9.9169,44.2499,18.3593,25.2846,84.1672,0.405076,0.639743,2.13076,-3.47433,-3.22385,23.8736,5.75829,9.89512,45.9607,12.9677,19.2004,84.158,5.74452,9.82575,44.1111,9.19342e-14,0.398425,5.12879,4.5608e-13,4.91519,51.2746,9.65439,16.744,84.1672,0.178442,0.314091,1.61616,0.105946,0.211241,1.5812,0.997998,0.998042,0.99914,0.998068,0.997982,0.998321,37.8035,38.0319,38.9722,0.0629954,0.0711777,0.132635,0.076219,0.101641,0.227025,85.4342,81.3741,93.7233,0.857069,1.17936,3.58608,0.126185,0.121183,0.184935,0.143957,14.6239,14.8033,0.312522,0.126185,0.144942,0.0603686,0.121183,0.184935,0.093249,0.126365,0.149115,0.168059,0.143957,0.127754,0.173957,0.0985485,0.103073,0.0300489,-0.00690388,0.12245,0.0374415,-0.00648726,0.0294364,0.00942332,-0.00720306,0.0824989,0.0350673,0.0100345,0.140275,0.0447431,-0.0272656,0.073143,0.0290068,-0.00762972,0.0434065,0.0273719,-0.00318146,0.0392051,0.0254075,-0.0014349,0.11115,0.0319637,-0.0107389,0.0850819,0.0289566,-0.00509193,0.0854887,0.0342569,0.00693276,0.135185,0.0426558,-0.0238568,0.0504634,0.0317851,-0.0120919
ref_b2P_faults_slip,harness.baselines:B2,17,0,0.244483,0.234542,0.416595,0.043493,0.0500322,0.127022,-0.00628043,-0.00786336,0.0440222,5.76363,5.70109,11.4762,0.307012,0.300314,0.71475,-0.00851832,-0.00878333,0.173291,0.218072,0.212983,0.420702,-0.000823962,-0.00947551,0.0389447,0.0644259,0.0967186,0.308645,0.0140046,0.0341776,0.191547,1.66778,1.7252,3.20488,1.46944,1.67929,3.16283,9.73959,12.5298,46.4028,19.5781,27.7588,86.9845,0.394164,0.607119,2.1425,-2.99395,-2.79913,26.1576,9.69635,12.494,48.1257,17.4842,23.395,86.975,9.68838,12.4196,46.2635,9.00077e-14,0.500251,6.79161,4.55511e-13,5.74709,63.6911,12.1391,19.2702,86.9845,0.224485,0.359798,1.67025,0.067356,0.238879,1.63529,0.997998,0.998042,0.99914,0.998068,0.997982,0.998321,38.4128,38.7284,39.6985,0.0629954,0.0711777,0.132635,0.093764,0.117476,0.25818,85.335,81.3525,93.8859,1.30414,1.34955,3.8786,0.240994,0.343842,0.235724,0.136898,16.4973,16.6285,0.359671,0.240994,0.284681,0.0512951,0.343842,0.235724,0.244171,0.123712,0.150321,0.155531,0.136898,0.316791,0.24035,0.234285,0.244483,0.043493,-0.00628043,0.28371,0.0605059,-0.00626008,0.0140046,0.0091021,-0.00720319,0.307012,0.0598387,-0.00851832,0.218072,0.051539,-0.000823962,0.162326,0.0518838,-0.00674547,0.0400899,0.0273438,-0.00402071,0.0409435,0.026261,-0.00292705,0.0724468,0.0349464,-0.0112886,0.0644259,0.0317839,-0.00621768,0.263646,0.052938,-0.0108312,0.205624,0.0538679,0.0012903,0.208831,0.0535442,-0.0118727
ref_b2P_val,harness.baselines:B2,17,0,0.0407711,0.0614926,0.235554,0.0244192,0.0336759,0.120915,-0.00628262,-0.00673055,0.0403281,0.349883,1.47627,7.05527,0.0369703,0.0647923,0.318602,0.00731396,0.0106323,0.173042,0.0424731,0.0692485,0.257663,-0.0140341,-0.0208227,0.0296802,0.0366013,0.0881175,0.308645,0.0140013,0.0341768,0.191548,0.49274,0.580313,2.17068,0.639967,1.16255,3.28506,4.6584,9.68157,45.2106,17.5544,25.0279,86.0229,0.441347,0.632894,2.13636,-3.29357,-3.33135,25.716,4.44737,9.63095,46.9453,7.87223,18.064,86.0135,4.61466,9.57181,45.0682,8.96483e-14,0.433633,6.17638,4.5285e-13,5.05927,59.2143,7.5504,16.131,86.0229,0.138321,0.303216,1.65179,0.0638126,0.194646,1.61683,0.997998,0.998042,0.99914,0.998068,0.997982,0.998321,38.4128,38.7284,39.6985,0.0629954,0.0711777,0.132635,0.129148,0.12393,0.185585,85.335,81.3525,93.8859,0.742916,1.14482,3.88044,0.080407,0.0990439,0.0943322,0.133415,14.9592,15.1214,0.301078,0.080407,0.0897403,0.0512949,0.0990439,0.0943322,0.057897,0.119942,0.148139,0.151496,0.133415,0.100407,0.0870985,0.0787758,0.0407711,0.0244192,-0.00628262,0.0382642,0.0297429,-0.00538025,0.0140013,0.00908886,-0.00720319,0.0369703,0.0282812,0.00731396,0.0424731,0.0321212,-0.0140341,0.0350267,0.0260126,-0.00867444,0.0353408,0.0256915,-0.00365557,0.0322446,0.0226287,-0.00292705,0.0387018,0.0291985,-0.0112886,0.0366013,0.0260597,-0.0076739,0.0373168,0.0286468,0.00152675,0.0397376,0.0292909,-0.0120804,0.0362975,0.0271812,-0.0107216
sweep_train_default,cpp:tbo_replay_snapshot,52,0,0.0294129,0.080195,0.703582,0.0203791,0.0281133,0.133836,-0.00249854,0.00294635,0.0994155,0.275991,2.1215,12.0993,0.030991,0.0619267,0.721373,0.000420785,0.00305497,0.104618,0.0298318,0.0629225,0.376063,0.00162465,0.00801941,0.164785,0.0301676,0.110123,0.761314,0.0187958,0.0904806,1.64819,0.297954,0.827933,5.38273,0.745738,1.00749,5.40203,2.30048,6.1235,47.6863,19.7204,25.6581,86.2534,0.456171,1.7078,11.0634,0.0977154,1.99081,39.3126,1.00588,4.99113,46.4593,6.45899,16.577,84.3358,1.34786,5.02669,45.8116,1.061,1.62338,9.11226,4.26364,10.4606,62.2748,0.683084,7.24004,63.5015,0.0127238,0.149413,1.17115,0,0.0212022,0.515368,1,0.999369,1,1,0.999458,1,42.9414,42.9759,46.3183,0.0927004,0.140271,1.04259,0.495933,0.523287,1.10864,28.5228,29.5868,75.8553,0.515943,0.849977,7.44423,0.138578,0.115473,0.0852639,0.198997,10.8718,10.2717,0.136706,0.138578,0.0951137,0.211133,0.115473,0.0852639,0.0672585,0.0807258,0.262745,0.204601,0.198997,0.183441,0.138771,0.0649499,0.0294129,0.0203791,-0.00249854,0.0315159,0.0229141,3.01209e-05,0.0187958,0.0130318,-0.00869825,0.030991,0.0229946,0.000420785,0.0298318,0.0224573,0.00162465,0.0312339,0.0236467,-0.0032051,0.0268905,0.0202697,-0.00186523,0.0318707,0.0225255,-0.00991252,0.0285549,0.0217327,0.000101413,0.0301676,0.022033,-0.00510047,0.0321278,0.0237025,-0.000824448,0.0294141,0.0221582,-0.000672774,0.0293899,0.0226321,-0.00166397
sweep_train_dk10,cpp:tbo_replay_snapshot,52,0,0.0294129,0.0800049,0.703582,0.0203791,0.0278391,0.133836,-0.00248212,0.00288338,0.0994155,0.275991,2.12188,12.1075,0.0310748,0.0615915,0.721391,0.000420785,0.00306789,0.103809,0.0298318,0.0626452,0.376063,0.00173716,0.0080578,0.164785,0.0301676,0.110115,0.761288,0.0187958,0.0904808,1.64819,0.297954,0.827927,5.3826,0.745738,1.00749,5.40203,2.30048,6.08475,47.6863,19.7395,25.6861,86.2534,0.456171,1.70762,11.0642,0.087632,2.01183,39.3126,1.01822,4.94406,46.4593,6.49898,16.4749,84.3358,1.35262,4.98252,45.8116,1.06154,1.62308,9.11226,4.26364,10.4569,62.2748,0.683084,7.04509,63.5015,0.0127238,0.145648,1.17115,0,0.0166927,0.515368,1,0.999369,1,1,0.999458,1,42.9414,42.9759,46.3183,0.0927004,0.140271,1.04259,0.588132,0.534087,0.758094,28.5228,29.5868,75.8553,0.515943,0.844243,7.44423,0.138486,0.115291,0.0850608,0.199004,10.8118,10.2004,0.133025,0.138486,0.0949231,0.211137,0.115291,0.0850608,0.0670433,0.0807253,0.262754,0.204624,0.199004,0.183329,0.138665,0.0647849,0.0294129,0.0203791,-0.00248212,0.0315159,0.0229141,3.01209e-05,0.0187958,0.0130318,-0.00869825,0.0310748,0.023074,0.000420785,0.0298318,0.0224573,0.00173716,0.0312353,0.0236529,-0.0032051,0.0268905,0.0201744,-0.00188575,0.0318574,0.0225255,-0.00991252,0.0285549,0.0217327,0.000101413,0.0301676,0.022045,-0.0053216,0.0320668,0.0236814,-0.000824448,0.0294141,0.0221582,-0.000518343,0.0293899,0.0226321,-0.00151074
sweep_train_even_basic_ch02,cpp:tbo_replay_snapshot,26,0,0.379243,0.476136,1.85351,0.0636868,0.0802781,0.295832,-0.00125122,0.0321053,0.277949,5.59459,6.69487,19.6353,0.170541,0.309014,1.07122,0.000877766,-0.0151545,0.119852,0.291253,0.3543,1.16427,0.0120322,0.0363007,0.215735,0.161459,0.456332,2.17519,0.0561186,0.542635,3.68144,1.07606,0.985391,2.00305,0.777678,0.883146,1.56027,14.3414,22.7996,81.373,48.1146,66.4652,280.575,0.646756,1.96452,10.293,0.874229,4.98255,39.4628,13.4969,21.2157,72.7708,40.6284,63.6463,280.974,13.639,21.4706,72.0881,1.18442,4.71411,39.6814,8.63488,30.716,127.284,36.477,37.8809,115.929,0.671124,0.716701,2.18499,0,0.300595,1.97143,1,0.999317,1,1,0.999404,1,43.1017,43.0532,46.1563,0.200631,0.22387,0.944776,0.752052,0.730808,1.06943,31.7724,31.561,76.2948,1.48703,2.86132,16.1218,0.67141,0.442536,0.448393,0.678223,31.0215,28.0754,0.70872,0.67141,0.417489,1.08042,0.442536,0.448393,0.295938,0.447368,0.694519,0.671253,0.678223,0.569943,0.461241,0.255464,0.379243,0.0636868,-0.00125122,0.368994,0.0647831,0.00134998,0.0561186,0.0185502,-0.00675065,0.170541,0.0595537,0.000877766,0.291253,0.0577164,0.0120322,0.117891,0.0345459,-0.00272482,0.0459692,0.0278221,0.000922827,0.0907025,0.0329824,-0.00959037,0.0680573,0.0293007,0.00455601,0.161459,0.0323904,-0.00229759,0.386619,0.0657493,-2.2278e-05,0.229519,0.0482297,0.013497,0.0872713,0.0307854,-0.00113021
sweep_train_even_basic_cslide08,cpp:tbo_replay_snapshot,26,0,0.379243,0.475516,1.85351,0.0636868,0.080482,0.295832,-0.00125122,0.0319444,0.277949,5.59459,6.68472,19.6353,0.170541,0.313339,1.07122,0.000452728,-0.0152491,0.119852,0.291248,0.353492,1.16427,0.0120322,0.036079,0.215735,0.161459,0.454402,2.17519,0.0561186,0.541275,3.68144,1.07606,0.985431,2.00305,0.777678,0.883146,1.56027,14.3414,22.6137,77.6807,48.1146,66.0328,280.575,0.646756,1.96423,10.293,0.874229,4.9814,39.4628,13.4969,21.1029,72.7708,40.6284,63.2139,280.974,13.639,21.3349,72.0881,1.18442,4.61365,37.0159,8.63488,30.7636,127.285,35.0879,38.0622,115.929,0.648566,0.720054,2.18499,0,0.296589,1.97143,1,0.999317,1,1,0.999404,1,43.1017,43.0532,46.1563,0.200631,0.22387,0.944776,0.74671,0.76922,1.13856,31.7724,31.561,76.2948,1.42104,2.81266,16.1218,0.669867,0.443988,0.448409,0.675936,30.6194,27.9151,0.712112,0.669867,0.418132,1.07633,0.443988,0.448409,0.29615,0.446545,0.691112,0.670304,0.675936,0.569544,0.461461,0.255817,0.379243,0.0636868,-0.00125122,0.368994,0.0664115,0.00134998,0.0561186,0.0185502,-0.00675073,0.170541,0.0595537,0.000452728,0.291248,0.0577164,0.0120322,0.117891,0.0345459,-0.00272482,0.0459386,0.0278221,0.000922827,0.0907025,0.0327984,-0.00959037,0.0680409,0.0293007,0.00448625,0.161459,0.0323904,-0.00233265,0.386619,0.0695818,-6.67941e-06,0.229519,0.0482297,0.013497,0.0872713,0.0307854,-0.00107766
sweep_train_even_basic_cslip035,cpp:tbo_replay_snapshot,26,0,0.31906,0.463378,1.85351,0.0635738,0.080383,0.295832,-0.00125122,0.0318012,0.277949,5.40654,6.53972,19.6353,0.170541,0.304648,1.04602,0.000877766,-0.0178972,0.119852,0.212519,0.318529,1.16427,0.0122227,0.0383829,0.215735,0.175204,0.457787,2.17519,0.0562813,0.543324,3.68144,1.05295,0.966686,1.91108,0.777678,0.883146,1.56027,12.047,21.2877,81.6276,42.9232,64.2059,280.575,0.647401,1.96002,10.293,1.30571,6.03623,39.4628,12.0979,19.6458,72.7708,39.5566,61.6362,280.974,11.9436,19.9647,72.0881,1.21539,4.75872,39.862,9.83329,31.6335,127.284,19.8899,33.9855,115.929,0.365069,0.645362,2.18499,0,0.213765,1.97143,1,0.999317,1,1,0.999404,1,43.1017,43.0532,46.1563,0.200631,0.22387,0.944776,0.63744,0.605224,0.84346,31.7724,31.561,76.2948,1.23726,2.74826,16.1218,0.66106,0.428028,0.421787,0.679496,30.0146,26.9226,0.635841,0.66106,0.39166,1.08256,0.428028,0.421787,0.236323,0.44738,0.696942,0.671247,0.679496,0.548131,0.444089,0.228481,0.31906,0.0635738,-0.00125122,0.363732,0.0683798,0.00134998,0.0562813,0.0185502,-0.00675065,0.170541,0.0595537,0.000877766,0.212519,0.0519207,0.0122227,0.117891,0.0331335,-0.00265365,0.045852,0.0278221,0.000922827,0.0907025,0.0329824,-0.00950452,0.0686237,0.0293007,0.00497842,0.175204,0.0323534,-0.00193247,0.403611,0.0761886,-2.2278e-05,0.206096,0.0459525,0.013497,0.0827419,0.0271427,-0.00113021
sweep_train_even_basic_default,cpp:tbo_replay_snapshot,26,0,0.379243,0.476567,1.85351,0.0636868,0.0803841,0.295832,-0.00125122,0.0322022,0.277949,5.59459,6.69444,19.6353,0.170541,0.310277,1.07122,0.000877766,-0.0147932,0.119852,0.291248,0.354348,1.16427,0.0120322,0.0362757,0.215735,0.161459,0.456299,2.17519,0.0561186,0.542579,3.68144,1.07606,0.987338,2.00305,0.777678,0.883146,1.56027,14.3414,22.754,81.3486,48.1146,66.4615,280.575,0.646756,1.96447,10.293,0.874229,5.00377,39.4628,13.4969,21.171,72.7708,40.6284,63.6426,280.974,13.639,21.4262,72.0881,1.18442,4.71345,39.6642,8.63488,30.716,127.284,35.0879,37.6647,115.929,0.648566,0.712744,2.18499,0,0.296589,1.97143,1,0.999317,1,1,0.999404,1,43.1017,43.0532,46.1563,0.200631,0.22387,0.944776,0.793699,0.829709,1.14992,31.7724,31.561,76.2948,1.42104,2.85207,16.1218,0.671516,0.443466,0.448436,0.678147,31.003,28.0567,0.704675,0.671516,0.417893,1.08025,0.443466,0.448436,0.295938,0.447368,0.694374,0.671254,0.678147,0.570495,0.461241,0.255463,0.379243,0.0636868,-0.00125122,0.368994,0.0664115,0.00134998,0.0561186,0.0185502,-0.00675065,0.170541,0.0595537,0.000877766,0.291248,0.0577164,0.0120322,0.117891,0.0345459,-0.00272482,0.0459386,0.0278221,0.000922827,0.0907025,0.0329824,-0.00959037,0.0680409,0.0293007,0.00448625,0.161459,0.0323904,-0.00233265,0.386619,0.0695818,-2.2278e-05,0.229519,0.0482297,0.013497,0.0872713,0.0307854,-0.00113021
sweep_train_even_basic_rec1,cpp:tbo_replay_snapshot,26,0,0.0636957,0.0832226,0.362035,0.0228484,0.0248697,0.0454982,4.48859e-05,0.00181532,0.0240919,1.52612,2.84819,9.6279,0.0356984,0.0604458,0.176708,0.00264999,0.00518274,0.0414743,0.0414564,0.0736061,0.210421,0.00397808,0.00725062,0.0302677,0.0327503,0.118547,0.760853,0.0186341,0.0851368,0.709278,0.234414,0.281346,1.37603,0.772681,0.879234,1.56027,2.19556,5.17473,28.6602,20.388,25.0009,86.1211,0.601895,1.8985,10.282,0.12606,1.07793,16.7106,1.44755,4.14559,27.7551,8.30607,18.057,83.4103,1.75914,4.1173,26.8697,0.861199,1.51338,8.36426,7.25295,11.2366,55.3679,3.21782,7.00023,54.991,0.0592547,0.131197,0.995797,0,0.00193539,0.0421002,1,0.999912,1,1,0.999993,1,43.1221,43.066,46.1563,0.200631,0.22387,0.944776,0.596247,0.608306,1.03442,31.783,31.5792,76.5669,0.657019,0.78525,2.61354,0.106983,0.0767863,0.0907222,0.222243,8.01808,7.42036,0.130969,0.106983,0.0771961,0.160102,0.0767863,0.0907222,0.044718,0.0584946,0.301547,0.223312,0.222243,0.152199,0.09023,0.0554739,0.0636957,0.0228484,4.48859e-05,0.0640027,0.0262044,0.00308048,0.0186341,0.0130725,-0.00854525,0.0356984,0.0245694,0.00264999,0.0414564,0.026138,0.00397808,0.0331953,0.0244086,-0.00204228,0.0288002,0.0207531,-0.000226007,0.0329699,0.0233435,-0.00930331,0.0300395,0.0229815,0.00155996,0.0327503,0.023123,-0.00410406,0.0466996,0.0264659,0.00108746,0.042877,0.025101,0.00275313,0.0303996,0.022729,9.20801e-05
sweep_train_even_basic_rec2,cpp:tbo_replay_snapshot,26,0,0.378873,0.473565,1.85139,0.0624385,0.0777299,0.29517,-0.000502718,0.0284636,0.27735,5.59335,6.68193,19.635,0.150231,0.311502,1.07126,0.000359187,-0.0188375,0.114727,0.291286,0.351472,1.166,0.0124419,0.032622,0.218651,0.161476,0.454321,2.17517,0.0558895,0.540183,3.66458,1.0679,0.979284,2.00305,0.772681,0.879234,1.56027,12.2181,21.0784,77.6807,41.694,63.8437,282.629,0.646412,1.9629,10.2845,0.879228,3.36524,28.2523,12.2594,19.4018,72.6905,33.1186,60.2063,283.063,12.1442,19.6752,72.0084,1.18451,4.43283,37.016,8.72907,29.6178,127.285,20.1344,36.3488,115.921,0.37137,0.688793,2.18485,0,0.277197,1.97144,1,0.999912,1,1,0.999993,1,43.1221,43.066,46.1563,0.200631,0.22387,0.944776,0.657958,0.643293,0.968124,31.783,31.5792,76.5669,1.32639,2.59161,16.1199,0.669559,0.443284,0.447784,0.676087,29.3646,26.544,0.680056,0.669559,0.417389,1.0757,0.443284,0.447784,0.294928,0.446673,0.691096,0.670642,0.676087,0.569241,0.460901,0.253648,0.378873,0.0624385,-0.000502718,0.368998,0.0646049,0.00232743,0.0558895,0.0185515,-0.00673275,0.150231,0.0533336,0.000359187,0.291286,0.0533077,0.0124419,0.0988631,0.036156,-0.00220715,0.0459089,0.026615,0.000984763,0.0906917,0.0327775,-0.00948803,0.0679413,0.0286859,0.00248115,0.161476,0.0321028,-0.00265892,0.386866,0.0598207,7.95964e-05,0.229566,0.0480534,0.0137719,0.0786753,0.0309231,-0.00041086
sweep_train_even_basic_rec3,cpp:tbo_replay_snapshot,26,0,0.271645,0.468624,1.85139,0.0478941,0.0786677,0.29517,0.0037975,0.0310972,0.27735,4.97368,6.55532,19.635,0.123985,0.316531,1.12203,0.00133819,-0.00843464,0.163683,0.171142,0.302905,1.166,0.0117304,0.0255718,0.218651,0.101065,0.434699,2.17517,0.0258904,0.55591,3.66458,0.72495,0.917643,2.0745,0.772681,0.879234,1.56027,8.37869,19.4135,77.6807,27.8955,64.5028,282.629,0.64127,1.95873,10.2845,1.09761,4.44222,28.2523,7.36037,17.5991,72.6905,27.3542,61.4061,283.063,7.31923,17.8519,72.0084,1.46149,4.48579,37.016,9.92625,29.553,127.285,8.21178,31.5311,115.921,0.152318,0.602022,2.18485,0,0.203739,2.08826,1,0.999912,1,1,0.999993,1,43.1221,43.066,46.1563,0.200631,0.22387,0.944776,0.424,0.462275,0.823221,31.783,31.5792,76.5669,1.19514,2.45541,16.1199,0.682303,0.467405,0.441137,0.660326,28.9648,26.1252,0.589921,0.682303,0.419377,1.10209,0.467405,0.441137,0.256352,0.439377,0.727965,0.59889,0.660326,0.579444,0.454215,0.224731,0.271645,0.0478941,0.0037975,0.290324,0.0564655,0.00715922,0.0258904,0.0170165,-0.00705783,0.123985,0.0434352,0.00133819,0.171142,0.0395444,0.0117304,0.0799181,0.0309645,-0.0015761,0.0387337,0.0241628,0.000964309,0.0906728,0.0326869,-0.00898894,0.0536987,0.0256044,0.00258203,0.101065,0.0274743,-0.00267694,0.290933,0.0544276,0.00206467,0.177396,0.0455314,0.00987405,0.0757242,0.0261123,0.000773941
sweep_train_even_basic_smc015,cpp:tbo_replay_snapshot,26,0,0.160305,0.455913,1.85351,0.0427738,0.0776955,0.295832,0.00471513,0.0389158,0.277949,4.55727,6.42135,19.6353,0.117034,0.29239,1.12276,0.00170932,0.00343062,0.168816,0.170703,0.30061,1.16427,0.0109226,0.0337232,0.215735,0.0830032,0.435585,2.17519,0.0259029,0.55875,3.68144,0.685212,0.931004,2.07525,0.777678,0.883146,1.56027,10.2609,20.7795,81.3486,40.9139,64.7049,280.575,0.642682,1.96104,10.293,1.85352,5.89612,39.4628,8.1521,19.0758,72.7708,32.419,61.74,280.974,8.09029,19.2913,72.0881,1.22726,4.70919,39.6642,9.47818,29.6322,127.284,7.50752,31.2292,115.929,0.139824,0.595494,2.18499,0,0.210441,1.97143,1,0.999317,1,1,0.999404,1,43.1017,43.0532,46.1563,0.200631,0.22387,0.944776,0.738525,0.770773,1.12173,31.7724,31.561,76.2948,1.22678,2.69824,16.1218,0.677016,0.452359,0.412279,0.662474,30.217,27.2061,0.584273,0.677016,0.402984,1.10693,0.452359,0.412279,0.269946,0.440103,0.731142,0.599579,0.662474,0.57616,0.424411,0.231551,0.160305,0.0427738,0.00471513,0.192027,0.0469455,0.00728139,0.0259029,0.0170153,-0.00706474,0.117034,0.0353175,0.00170932,0.170703,0.046454,0.0109226,0.0722818,0.029129,-0.000120783,0.0388004,0.0261703,0.000881866,0.0906836,0.0328918,-0.00939835,0.0530872,0.0263063,0.00308782,0.0830032,0.0278148,-0.00296532,0.20091,0.0537865,0.00178847,0.198661,0.048026,0.0117106,0.0474593,0.0258937,0.000787182
sweep_train_even_basic_wsp0,cpp:tbo_replay_snapshot,26,0,0.063665,0.0850462,0.36448,0.0232155,0.0275933,0.0931165,-0.000899377,0.00533217,0.0861478,1.56639,2.85243,9.62683,0.0378406,0.0631142,0.176723,0.00260684,0.00887697,0.106718,0.0402725,0.0756738,0.210421,0.00347442,0.0108112,0.0846236,0.0337158,0.118711,0.761333,0.0186429,0.0851613,0.709706,0.242429,0.284018,1.37721,0.777678,0.883146,1.56027,2.17826,7.0617,47.8052,20.7163,27.817,86.1794,0.602149,1.90181,10.2906,0.241144,2.91911,39.4577,1.4585,6.21559,46.5799,8.29995,21.4879,84.3464,1.76687,6.14529,45.9341,0.861866,1.73264,9.11329,7.24892,12.8083,62.2786,3.21394,9.15416,63.5074,0.0591827,0.170917,1.17126,0,0.0217685,0.515748,1,0.999317,1,1,0.999404,1,43.1017,43.0532,46.1563,0.200631,0.22387,0.944776,0.72809,0.733301,1.10053,31.7724,31.561,76.2948,0.657674,1.02942,7.44775,0.108746,0.0800923,0.0929898,0.222286,12.3729,11.9498,0.171267,0.108746,0.0804541,0.160303,0.0800923,0.0929898,0.0517521,0.0586216,0.301607,0.223263,0.222286,0.15372,0.09227,0.063355,0.063665,0.0232155,-0.000899377,0.0639721,0.0261359,0.00226822,0.0186429,0.0130723,-0.00856649,0.0378406,0.0248662,0.00260684,0.0402725,0.0262849,0.00347442,0.0331639,0.0244325,-0.00314862,0.0289502,0.020921,-0.00036243,0.0329371,0.0233024,-0.00942629,0.0317157,0.0237673,0.00163265,0.0337158,0.0236125,-0.00449671,0.0471129,0.0268285,0.00171081,0.0427827,0.0243351,0.00218413,0.0303022,0.0226108,-0.0015613
sweep_train_even_ch02,cpp:tbo_replay_snapshot,26,0,0.0289086,0.0645728,0.355764,0.0202183,0.025081,0.0875712,-0.0022918,0.00311368,0.0807053,0.268397,2.23779,9.62692,0.030458,0.0420008,0.14841,0.000685784,0.0057087,0.0921304,0.0296984,0.0451194,0.162264,0.00131469,0.00676903,0.0840516,0.0321774,0.120065,0.761314,0.0185423,0.0850987,0.70971,0.297954,0.857774,5.38273,0.948782,1.07227,5.40203,1.95742,6.78893,47.6863,20.5434,27.5254,86.2534,0.602272,1.901,10.2906,0.0477908,2.69618,39.3126,1.04142,5.93045,46.4593,8.24181,20.8921,84.3358,1.34786,5.84997,45.8116,0.749735,1.66129,9.11226,4.26364,11.052,62.2748,0.648502,7.54832,63.5015,0.0118965,0.140668,1.17115,0,0.022281,0.515368,1,0.999317,1,1,0.999404,1,43.2477,43.1756,46.3183,0.0849377,0.121456,0.944776,0.680773,0.672143,1.05483,31.6893,31.2987,75.8553,0.525194,0.938224,7.44423,0.0953491,0.0509606,0.0574283,0.222778,12.3064,11.8851,0.141223,0.0953491,0.0518039,0.160302,0.0509606,0.0574283,0.0416863,0.0599303,0.302428,0.223137,0.222778,0.142969,0.0633948,0.0455236,0.0289086,0.0202183,-0.0022918,0.0313403,0.0223013,-0.000511899,0.0185423,0.0130318,-0.00855802,0.030458,0.0229946,0.000685784,0.0296984,0.0222694,0.00131469,0.031165,0.0236467,-0.00179116,0.0270487,0.0202697,-0.00153614,0.0325065,0.0227938,-0.00950907,0.0300628,0.0227788,0.00110933,0.0321774,0.0227288,-0.00477811,0.0317456,0.0231098,-0.000335044,0.0300006,0.022261,-0.000923071,0.0287058,0.0222163,-0.00105215
sweep_train_even_cslide08,cpp:tbo_replay_snapshot,26,0,0.0289086,0.0648386,0.355764,0.0202183,0.0252593,0.0875712,-0.00237936,0.00292596,0.0807053,0.268397,2.23659,9.62692,0.0304336,0.0450921,0.14841,0.000632283,0.00525626,0.0921304,0.0296984,0.0450809,0.162264,0.00131469,0.00655343,0.0840516,0.0321774,0.118907,0.761314,0.0185423,0.0850985,0.70971,0.297954,0.848201,5.38273,0.948782,1.07227,5.40203,1.95742,6.78545,47.6863,20.5434,27.5255,86.2534,0.602266,1.901,10.2906,0.0477908,2.69532,39.3126,1.0237,5.92615,46.4593,8.24181,20.8922,84.3358,1.34197,5.84591,45.8116,0.749735,1.66197,9.11226,4.26364,11.0769,62.2748,0.648502,7.49981,63.5015,0.0118965,0.139782,1.17115,0,0.022281,0.515368,1,0.999317,1,1,0.999404,1,43.2477,43.1756,46.3183,0.0849377,0.121456,0.944776,0.534755,0.555851,0.97895,31.6893,31.2987,75.8553,0.525194,0.937042,7.44423,0.0961631,0.055333,0.0575763,0.221262,12.3066,11.8854,0.140315,0.0961631,0.053849,0.160302,0.055333,0.0575763,0.0431694,0.0534458,0.302426,0.220253,0.221262,0.143697,0.0649814,0.0474718,0.0289086,0.0202183,-0.00237936,0.0313403,0.0223013,-0.000503093,0.0185423,0.0130318,-0.00855802,0.0304336,0.0229686,0.000632283,0.0296984,0.0222694,0.00131469,0.031165,0.0236467,-0.00179116,0.0270487,0.0202697,-0.00153614,0.0325065,0.0227938,-0.00950907,0.0300628,0.0227788,0.00110933,0.0321774,0.0227288,-0.00477811,0.0317456,0.0231098,-0.000632624,0.0298772,0.022261,-0.000923071,0.0291767,0.0222381,-0.00105215
sweep_train_even_cslip035,cpp:tbo_replay_snapshot,26,0,0.0289086,0.0645696,0.355764,0.0202183,0.0250788,0.0875712,-0.0022918,0.00311325,0.0807053,0.268397,2.23779,9.62692,0.030458,0.0419877,0.14841,0.000685784,0.00570783,0.0921304,0.0296984,0.0451112,0.162264,0.00131469,0.00676936,0.0840516,0.0321774,0.120065,0.761314,0.0185423,0.0850987,0.70971,0.297954,0.85771,5.38273,0.948782,1.07227,5.40203,1.95742,6.7889,47.6863,20.5434,27.5254,86.2534,0.602272,1.901,10.2906,0.0477908,2.69583,39.3126,1.04142,5.93045,46.4593,8.24181,20.8921,84.3358,1.34786,5.84994,45.8116,0.749735,1.66129,9.11226,4.26364,11.052,62.2748,0.648502,7.54815,63.5015,0.0118965,0.140665,1.17115,0,0.022281,0.515368,1,0.999317,1,1,0.999404,1,43.2477,43.1756,46.3183,0.0849377,0.121456,0.944776,0.663131,0.647487,1.23896,31.6893,31.2987,75.8553,0.525194,0.938221,7.44423,0.0953439,0.0509522,0.0574165,0.222778,12.3064,11.8851,0.14122,0.0953439,0.0517907,0.160302,0.0509522,0.0574165,0.0416587,0.05993,0.302428,0.223137,0.222778,0.142959,0.0633945,0.0455241,0.0289086,0.0202183,-0.0022918,0.0313403,0.0223013,-0.000511899,0.0185423,0.0130318,-0.00855802,0.030458,0.0229946,0.000685784,0.0296984,0.0222694,0.00131469,0.031165,0.0236467,-0.00179116,0.0270487,0.0202697,-0.00153614,0.0325065,0.0227938,-0.00950907,0.0300628,0.0227788,0.00110933,0.0321774,0.0227288,-0.00477811,0.0317456,0.0231098,-0.000335044,0.0300006,0.022261,-0.000923071,0.0287058,0.0222163,-0.00105215
sweep_train_even_default,cpp:tbo_replay_snapshot,26,0,0.0289086,0.0646074,0.355764,0.0202183,0.0250855,0.0875712,-0.0022918,0.00310721,0.0807053,0.268397,2.23779,9.62692,0.030458,0.0420024,0.14841,0.000685784,0.00570907,0.0921304,0.0296984,0.0453462,0.162264,0.00131469,0.00674254,0.0840516,0.0321774,0.120065,0.761314,0.0185423,0.0850987,0.70971,0.297954,0.8585,5.38273,0.948782,1.07227,5.40203,1.95742,6.78893,47.6863,20.5434,27.5254,86.2534,0.602272,1.901,10.2906,0.0477908,2.69619,39.3126,1.04142,5.93045,46.4593,8.24181,20.8921,84.3358,1.34786,5.84997,45.8116,0.749735,1.66129,9.11226,4.26364,11.052,62.2748,0.648502,7.54833,63.5015,0.0118965,0.140668,1.17115,0,0.022281,0.515368,1,0.999317,1,1,0.999404,1,43.2477,43.1756,46.3183,0.0849377,0.121456,0.944776,0.567618,0.610777,1.08172,31.6893,31.2987,75.8553,0.525194,0.938226,7.44423,0.0954069,0.0509616,0.0577667,0.222778,12.3064,11.8851,0.141223,0.0954069,0.0519512,0.160302,0.0509616,0.0577667,0.0416867,0.0599303,0.302428,0.223137,0.222778,0.143078,0.0633938,0.0455236,0.0289086,0.0202183,-0.0022918,0.0313403,0.0223013,-0.000511899,0.0185423,0.0130318,-0.00855802,0.030458,0.0229946,0.000685784,0.0296984,0.0222694,0.00131469,0.031165,0.0236467,-0.00179116,0.0270487,0.0202697,-0.00153614,0.0325065,0.0227938,-0.00950907,0.0300628,0.0227788,0.00110933,0.0321774,0.0227288,-0.00477811,0.0317456,0.0231098,-0.000335044,0.0300006,0.022261,-0.000923071,0.0287058,0.0222163,-0.00105215
sweep_train_even_realistic_ch02,cpp:tbo_replay_snapshot,26,0,0.12675,0.180392,0.884424,0.027029,0.0384829,0.150761,-0.00365893,0.00448412,0.0759698,3.92488,4.51477,9.627,0.0793742,0.120778,0.666021,0.00447421,0.0141372,0.0925999,0.120989,0.158575,0.608739,-0.00738415,0.000956693,0.071568,0.0349239,0.12274,0.765368,0.0185336,0.0853118,0.713378,0.306467,0.33262,1.08819,2.27546,2.33517,4.31687,3.42128,9.00168,46.6656,25.5885,32.5724,86.5434,0.602572,1.91655,10.2907,0.477722,3.37294,38.5312,3.04964,8.30002,45.3946,14.4842,26.7576,84.4434,3.00695,8.18446,44.7605,0.750439,1.68571,9.12286,4.3721,11.3959,62.2814,3.17699,10.312,63.5627,0.0613689,0.192108,1.17228,0,0.0517237,0.519248,1,0.999317,1,1,0.999404,1,43.2477,43.1754,46.3183,0.0849377,0.121456,0.944776,0.451664,0.484661,1.0892,31.6893,31.2994,75.8553,0.746628,1.105,7.32193,0.233794,0.169169,0.182507,0.223958,13.3633,12.9642,0.19293,0.233794,0.256447,0.160877,0.169169,0.182507,0.436761,0.0609569,0.303589,0.224118,0.223958,0.33299,0.161184,0.261595,0.12675,0.027029,-0.00365893,0.108326,0.0311069,-0.00156528,0.0185336,0.0129994,-0.00857579,0.0793742,0.0321033,0.00447421,0.120989,0.0372675,-0.00738415,0.0413897,0.0265338,-0.00211131,0.0283962,0.0210999,-0.00150295,0.0334213,0.0233115,-0.0092076,0.0315769,0.0238171,0.000175806,0.0349239,0.0247608,-0.004918,0.104139,0.0338969,0.00523932,0.12344,0.0322374,-0.00806059,0.0427537,0.0257457,-0.00140833
sweep_train_even_realistic_cslide08,cpp:tbo_replay_snapshot,26,0,0.0903302,0.140376,0.647139,0.0241393,0.0341698,0.0996324,-0.00206051,0.00875559,0.0814172,2.37072,3.77321,9.627,0.079374,0.107706,0.666021,0.00530157,0.0145484,0.0925999,0.0531494,0.109212,0.543145,-0.00191695,0.00652118,0.071568,0.0349239,0.121582,0.765368,0.0185339,0.0853121,0.713378,0.24164,0.262205,1.08819,2.27546,2.33517,4.31687,3.75661,9.45359,46.6656,25.5875,33.562,86.5434,0.639997,1.92249,10.2907,0.677275,4.28448,38.5312,3.15035,8.70111,45.3946,14.4842,27.7277,84.4434,3.46257,8.52907,44.7605,1.04232,2.02028,9.12286,4.68121,14.051,62.2814,3.57081,12.008,63.5627,0.0659008,0.238907,1.55357,0,0.0485916,0.524489,1,0.999317,1,1,0.999404,1,43.2477,43.1754,46.3183,0.0849377,0.121456,0.944776,0.437273,0.485139,1.32145,31.6893,31.2994,75.8553,0.779923,1.34891,7.6807,0.183648,0.155437,0.143883,0.222448,13.9967,13.5437,0.224661,0.183648,0.191713,0.160876,0.155437,0.143883,0.296957,0.0545873,0.303588,0.221242,0.222448,0.245319,0.132645,0.256466,0.0903302,0.0241393,-0.00206051,0.0868059,0.029606,0.000920129,0.0185339,0.0129998,-0.00857579,0.079374,0.031572,0.00530157,0.0531494,0.0280949,-0.00191695,0.0373182,0.0258313,-0.00202975,0.0284315,0.0211103,-0.00138981,0.0334237,0.0233138,-0.00925326,0.031577,0.0238171,0.000222494,0.0349239,0.0247608,-0.00489184,0.0894908,0.0313238,0.0044361,0.0554922,0.0269875,-0.00458735,0.0400088,0.0253297,-0.00143304
sweep_train_even_realistic_cslip035,cpp:tbo_replay_snapshot,26,0,0.138151,0.189209,0.884424,0.0275537,0.0390492,0.150761,-0.00466873,0.00391684,0.0759698,4.22183,4.71514,9.627,0.0793739,0.120765,0.666021,0.00456849,0.0141108,0.0925999,0.166207,0.178828,0.608739,-0.00886899,-0.00104068,0.071568,0.0349239,0.122742,0.765368,0.0185336,0.0853116,0.713378,0.345678,0.361744,1.08819,2.27546,2.33517,4.31687,3.7441,9.14052,46.6656,25.605,32.5737,86.5434,0.602572,1.91659,10.2907,0.477722,3.17986,38.5312,3.1412,8.47103,45.3946,14.4842,26.8612,84.4434,3.4104,8.34849,44.7605,0.750439,1.67966,9.12286,4.35908,11.3795,62.2814,3.80084,11.0538,63.5627,0.0773223,0.205686,1.17228,0,0.0593772,0.519248,1,0.999317,1,1,0.999404,1,43.2477,43.1754,46.3183,0.0849377,0.121456,0.944776,0.474758,0.52249,0.843805,31.6893,31.2994,75.8553,0.75357,1.13043,7.32193,0.237868,0.169166,0.20032,0.22396,13.4158,13.0174,0.206808,0.237868,0.261587,0.160876,0.169166,0.20032,0.43676,0.0609595,0.303589,0.224122,0.22396,0.332986,0.179201,0.261599,0.138151,0.0275537,-0.00466873,0.140054,0.0327399,-0.00207853,0.0185336,0.0129991,-0.00857579,0.0793739,0.0321035,0.00456849,0.166207,0.0387119,-0.00886899,0.0413899,0.0265345,-0.0022492,0.0283962,0.0211033,-0.00161873,0.0334212,0.0233115,-0.0092076,0.0315769,0.0238171,0.000121731,0.0349239,0.0247607,-0.00491774,0.104139,0.0338971,0.00517401,0.145799,0.035004,-0.00909807,0.0427537,0.0257457,-0.00141212
sweep_train_even_realistic_default,cpp:tbo_replay_snapshot,26,0,0.138151,0.189245,0.884424,0.0275537,0.0390547,0.150761,-0.00466873,0.00392584,0.0759698,4.22183,4.71514,9.627,0.0793739,0.120777,0.666021,0.00456849,0.0141381,0.0925999,0.166207,0.179037,0.608739,-0.00886899,-0.00104226,0.071568,0.0349239,0.122742,0.765368,0.0185336,0.0853116,0.713378,0.345678,0.361865,1.08819,2.27546,2.33517,4.31687,3.7441,9.14553,46.6656,25.605,32.5737,86.5434,0.602572,1.91659,10.2907,0.477722,3.19895,38.5312,3.17719,8.47791,45.3946,14.4842,26.8612,84.4434,3.4104,8.35386,44.7605,0.750439,1.67981,9.12286,4.3721,11.3969,62.2814,3.80084,11.1096,63.5627,0.0773223,0.206713,1.17228,0,0.0593772,0.519248,1,0.999317,1,1,0.999404,1,43.2477,43.1754,46.3183,0.0849377,0.121456,0.944776,0.523604,0.581866,1.19133,31.6893,31.2994,75.8553,0.75357,1.13388,7.32193,0.237893,0.169169,0.20042,0.22396,13.4176,13.0192,0.207852,0.237893,0.261618,0.160876,0.169169,0.20042,0.436763,0.0609583,0.303589,0.224121,0.22396,0.333036,0.1792,0.261598,0.138151,0.0275537,-0.00466873,0.140054,0.0327399,-0.00202667,0.0185336,0.0129991,-0.00857579,0.0793739,0.0321035,0.00456849,0.166207,0.0387119,-0.00886899,0.0413899,0.0265345,-0.00209509,0.0283962,0.0211,-0.00150254,0.0334212,0.0233115,-0.0092076,0.0315769,0.0238171,0.000121731,0.0349239,0.0247607,-0.00491774,0.104139,0.0338971,0.00517401,0.145799,0.035004,-0.00909807,0.0427537,0.0257457,-0.00141212
sweep_train_even_realistic_rec1,cpp:tbo_replay_snapshot,26,0,0.139136,0.191272,0.884253,0.0302591,0.0377292,0.164907,-0.00320682,0.000594668,0.046686,4.22194,4.71874,9.62727,0.103263,0.135592,0.666024,0.0096559,0.0130904,0.0910219,0.157021,0.176817,0.602106,-0.00941635,-0.00611182,0.0471497,0.0332778,0.120427,0.760479,0.0185253,0.0850819,0.708822,0.350276,0.374275,1.07821,2.27546,2.32938,4.31687,5.68364,7.79893,28.5635,23.904,29.8576,79.2302,0.600021,1.91456,10.2624,0.560099,1.56107,16.4471,3.8484,6.90081,27.6313,14.3931,23.6467,74.5062,4.0415,6.86305,26.7658,0.749867,1.431,8.39113,4.35911,9.20409,55.142,3.78854,8.74944,54.7819,0.0744636,0.162742,0.99201,0,0.0552633,0.488432,1,0.999912,1,1,0.999993,1,43.2681,43.1883,46.3183,0.0849377,0.121456,0.944776,0.424708,0.465928,0.827472,31.7012,31.3214,76.2271,0.780178,0.938905,2.57313,0.239122,0.180173,0.199203,0.222543,9.89071,9.30401,0.163695,0.239122,0.263413,0.160038,0.180173,0.199203,0.434794,0.0572262,0.301566,0.223863,0.222543,0.33674,0.178024,0.259012,0.139136,0.0302591,-0.00320682,0.142454,0.036671,-0.00194363,0.0185253,0.0129991,-0.00856355,0.103263,0.0344369,0.0096559,0.157021,0.0391222,-0.00941635,0.0387106,0.026523,-0.00104576,0.0275641,0.0201893,-0.00137143,0.0330085,0.0233154,-0.00908102,0.030967,0.0230196,-0.000632448,0.0332778,0.023005,-0.00451251,0.13131,0.0369835,0.00851286,0.143484,0.0337962,-0.00956173,0.0421739,0.0261769,-0.00137602
sweep_train_even_realistic_rec2,cpp:tbo_replay_snapshot,26,0,0.0902928,0.138656,0.647042,0.0241079,0.031096,0.098588,-0.00114545,0.00442494,0.0753368,2.3947,3.77209,9.62727,0.0617965,0.104332,0.666018,0.00538584,0.0096175,0.0909898,0.0487589,0.107082,0.543231,-0.00129683,0.00183392,0.0545327,0.0331496,0.121163,0.76048,0.0185255,0.0850784,0.708822,0.24066,0.260331,1.0782,2.27546,2.32938,4.31687,3.78068,6.59265,28.5635,24.7497,29.4754,86.5152,0.603396,1.91172,10.2822,0.631637,1.64114,16.4462,2.99429,5.67972,27.6313,11.9645,22.9142,83.9049,3.19736,5.61647,26.7659,0.776705,1.4511,8.39076,4.68397,9.80357,55.1399,2.61459,6.61558,54.7799,0.0579346,0.123466,0.991975,0,0.00811662,0.114964,1,0.999912,1,1,0.999993,1,43.2681,43.1883,46.3183,0.0849377,0.121456,0.944776,0.419804,0.451155,0.814264,31.7012,31.3214,76.2271,0.70774,0.801678,2.57313,0.182452,0.153817,0.14255,0.221627,8.87625,8.33579,0.123772,0.182452,0.190415,0.160034,0.153817,0.14255,0.295788,0.0544141,0.302442,0.22095,0.221627,0.24403,0.131438,0.254579,0.0902928,0.0241079,-0.00114545,0.0869818,0.0291917,0.00176506,0.0185255,0.0129999,-0.00856405,0.0617965,0.0315544,0.00538584,0.0487589,0.0272098,-0.00129683,0.036491,0.0257829,-0.000948988,0.0281865,0.020617,-0.001433,0.0330089,0.0233161,-0.00911573,0.0309673,0.0230198,1.21454e-05,0.0331496,0.0231995,-0.00450401,0.0807294,0.0316247,0.00496939,0.0479239,0.0262674,-0.00397175,0.0395605,0.0253081,-0.00081299
sweep_train_even_realistic_rec3,cpp:tbo_replay_snapshot,26,0,0.0902928,0.138656,0.647042,0.0241079,0.031096,0.098588,-0.00114545,0.00442494,0.0753368,2.3947,3.77209,9.62727,0.0617965,0.104332,0.666018,0.00538584,0.0096175,0.0909898,0.0487589,0.107082,0.543231,-0.00129683,0.00183392,0.0545327,0.0331496,0.121163,0.76048,0.0185255,0.0850784,0.708822,0.24066,0.260331,1.0782,2.27546,2.32938,4.31687,3.78068,6.59265,28.5635,24.7497,29.4754,86.5152,0.603396,1.91172,10.2822,0.631637,1.64114,16.4462,2.99429,5.67972,27.6313,11.9645,22.9142,83.9049,3.19736,5.61647,26.7659,0.776705,1.4511,8.39076,4.68397,9.80357,55.1399,2.61459,6.61558,54.7799,0.0579346,0.123466,0.991975,0,0.00811662,0.114964,1,0.999912,1,1,0.999993,1,43.2681,43.1883,46.3183,0.0849377,0.121456,0.944776,0.351283,0.42612,0.990675,31.7012,31.3214,76.2271,0.70774,0.801678,2.57313,0.182452,0.153817,0.14255,0.221627,8.87625,8.33579,0.123772,0.182452,0.190415,0.160034,0.153817,0.14255,0.295788,0.0544141,0.302442,0.22095,0.221627,0.24403,0.131438,0.254579,0.0902928,0.0241079,-0.00114545,0.0869818,0.0291917,0.00176506,0.0185255,0.0129999,-0.00856405,0.0617965,0.0315544,0.00538584,0.0487589,0.0272098,-0.00129683,0.036491,0.0257829,-0.000948988,0.0281865,0.020617,-0.001433,0.0330089,0.0233161,-0.00911573,0.0309673,0.0230198,1.21454e-05,0.0331496,0.0231995,-0.00450401,0.0807294,0.0316247,0.00496939,0.0479239,0.0262674,-0.00397175,0.0395605,0.0253081,-0.00081299
sweep_train_even_realistic_smc015,cpp:tbo_replay_snapshot,26,0,0.138151,0.189245,0.884424,0.0275537,0.0390547,0.150761,-0.00466873,0.00392584,0.0759698,4.22183,4.71514,9.627,0.0793739,0.120777,0.666021,0.00456849,0.0141381,0.0925999,0.166207,0.179037,0.608739,-0.00886899,-0.00104226,0.071568,0.0349239,0.122742,0.765368,0.0185336,0.0853116,0.713378,0.345678,0.361865,1.08819,2.27546,2.33517,4.31687,3.7441,9.14553,46.6656,25.605,32.5737,86.5434,0.602572,1.91659,10.2907,0.477722,3.19895,38.5312,3.17719,8.47791,45.3946,14.4842,26.8612,84.4434,3.4104,8.35386,44.7605,0.750439,1.67981,9.12286,4.3721,11.3969,62.2814,3.80084,11.1096,63.5627,0.0773223,0.206713,1.17228,0,0.0593772,0.519248,1,0.999317,1,1,0.999404,1,43.2477,43.1754,46.3183,0.0849377,0.121456,0.944776,0.587352,0.599159,1.62638,31.6893,31.2994,75.8553,0.75357,1.13388,7.32193,0.237893,0.169169,0.20042,0.22396,13.4176,13.0192,0.207852,0.237893,0.261618,0.160876,0.169169,0.20042,0.436763,0.0609583,0.303589,0.224121,0.22396,0.333036,0.1792,0.261598,0.138151,0.0275537,-0.00466873,0.140054,0.0327399,-0.00202667,0.0185336,0.0129991,-0.00857579,0.0793739,0.0321035,0.00456849,0.166207,0.0387119,-0.00886899,0.0413899,0.0265345,-0.00209509,0.0283962,0.0211,-0.00150254,0.0334212,0.0233115,-0.0092076,0.0315769,0.0238171,0.000121731,0.0349239,0.0247607,-0.00491774,0.104139,0.0338971,0.00517401,0.145799,0.035004,-0.00909807,0.0427537,0.0257457,-0.00141212
sweep_train_even_realistic_wsp0,cpp:tbo_replay_snapshot,26,0,0.142684,0.192778,0.876359,0.0311528,0.0405491,0.159593,-0.00466775,0.00426645,0.0759829,4.22183,4.72022,9.627,0.108902,0.138853,0.666028,0.00874736,0.0172733,0.0926415,0.167121,0.178788,0.594117,-0.0095169,-0.00221251,0.0715681,0.0350296,0.120827,0.765368,0.0185336,0.0853081,0.713378,0.351864,0.376486,1.0882,2.27546,2.33517,4.31687,5.74913,9.83693,46.6824,25.605,33.1292,82.8024,0.60029,1.91808,10.2765,0.411724,3.47494,38.5494,4.72324,9.15085,45.412,15.4793,27.6079,84.443,4.94331,9.06025,44.778,0.750438,1.67821,9.12282,4.37217,11.2149,62.2812,5.77171,12.3813,63.5625,0.11189,0.230233,1.17228,0,0.0804232,0.519233,1,0.999317,1,1,0.999404,1,43.2477,43.1754,46.3183,0.0849377,0.121456,0.944776,0.465011,0.632225,1.31835,31.6893,31.2994,75.8553,0.817863,1.22552,7.32329,0.239351,0.181384,0.199693,0.223353,13.7704,13.3266,0.231643,0.239351,0.263456,0.160875,0.181384,0.199693,0.433605,0.0573942,0.302704,0.224136,0.223353,0.336741,0.17854,0.259385,0.142684,0.0311528,-0.00466775,0.144937,0.0384486,-0.00201694,0.0185336,0.0129989,-0.00857518,0.108902,0.0352728,0.00874736,0.167121,0.0394588,-0.0095169,0.0413899,0.0265758,-0.00270656,0.0275424,0.0203708,-0.00139527,0.0334231,0.0233131,-0.00909643,0.0315769,0.0238171,0.000121728,0.0350296,0.0232688,-0.00492022,0.131171,0.0376384,0.00777376,0.145799,0.0358569,-0.00952955,0.0427539,0.0260934,-0.00154319
sweep_train_even_refbag_default,cpp:tbo_replay_snapshot,26,0,0.0515359,0.0793559,0.35722,0.036196,0.0396432,0.0892057,-0.00216281,0.00309429,0.0805711,0.28754,2.32018,9.62822,0.065849,0.0680961,0.140849,0.0505188,0.0523039,0.124075,0.0619811,0.0666301,0.134879,-0.0494227,-0.0404614,0.0577734,0.0657522,0.143849,0.762948,0.0192261,0.0853367,0.710786,0.295159,0.891133,5.39108,0.935255,1.08166,5.40252,2.03782,6.85869,47.793,20.939,28.0439,86.2228,0.602248,1.90096,10.2821,0.267355,2.9136,39.4373,1.13935,5.99959,46.5687,8.25983,20.9756,84.4256,1.45654,5.93421,45.9211,0.749512,1.66266,9.11698,4.26357,11.0385,62.2817,0.648502,7.54556,63.5015,0.0118965,0.140621,1.17115,0,0.0220745,0.515368,1,1,1,1,1,1,43.2477,43.1756,46.3183,0.0849377,0.121456,0.944776,0.472309,0.489121,1.1263,31.6893,31.2987,75.8553,0.543256,0.952014,7.45764,0.100733,0.0691012,0.0694024,0.227831,12.3507,11.9283,0.141171,0.100733,0.0643108,0.160273,0.0691012,0.0694024,0.0420222,0.0805359,0.305225,0.229782,0.227831,0.149033,0.071009,0.0566737,0.0515359,0.036196,-0.00216281,0.05917,0.047287,0.000206652,0.0192261,0.0134236,-0.00854178,0.065849,0.0549681,0.0505188,0.0619811,0.0531943,-0.0494227,0.0320574,0.0240502,-0.00191112,0.0637045,0.0549754,-0.000942011,0.0575714,0.0473322,0.0388601,0.0706933,0.0584449,-0.0509767,0.0657522,0.0540602,-0.00989133,0.0608582,0.0482563,0.0374729,0.0597174,0.0490662,-0.0427831,0.0327559,0.0241742,-0.00397736
sweep_train_even_refbag_shift25,cpp:tbo_replay_snapshot,26,0,0.041868,0.0721768,0.35615,0.0291785,0.0331556,0.0879626,-0.00218539,0.00310944,0.0806843,0.266767,2.30803,9.62757,0.0523298,0.05545,0.127377,0.0366449,0.0383742,0.108832,0.0482717,0.0560703,0.128933,-0.0347501,-0.0264439,0.0704836,0.050422,0.133201,0.761764,0.0184294,0.0846422,0.709989,0.296109,0.889715,5.38501,0.935255,1.08166,5.40252,1.94888,6.78697,47.5758,20.5184,27.7567,86.3018,0.601982,1.9006,10.2821,0.0475705,2.68585,39.1713,1.04318,5.92336,46.3466,8.11788,20.6405,84.2825,1.34143,5.84781,45.6983,0.749408,1.66106,9.10748,4.26363,11.0483,62.2767,0.648502,7.54817,63.5015,0.0118965,0.140665,1.17115,0,0.022281,0.515368,1,1,1,1,1,1,43.2477,43.1756,46.3183,0.0849377,0.121456,0.944776,0.409901,0.484945,1.18079,31.6893,31.2987,75.8553,0.525047,0.936526,7.43022,0.0966775,0.0568664,0.0602071,0.224305,12.2889,11.867,0.14122,0.0966775,0.0553395,0.159976,0.0568664,0.0602071,0.0417829,0.0699727,0.303004,0.225614,0.224305,0.144729,0.0629014,0.0556931,0.041868,0.0291785,-0.00218539,0.0475968,0.0376752,0.000264309,0.0184294,0.0131648,-0.00849077,0.0523298,0.0426523,0.0366449,0.0482717,0.0403044,-0.0347501,0.0317432,0.0237498,-0.00179596,0.0473102,0.0395979,-0.00147707,0.0440907,0.0354432,0.0252104,0.0535296,0.0431392,-0.0370803,0.050422,0.0402913,-0.00844223,0.0494934,0.039173,0.0272711,0.0472524,0.0381293,-0.0312388,0.0309344,0.023224,-0.0036647
sweep_train_even_refbag_shift50,cpp:tbo_replay_snapshot,26,0,0.0341048,0.0665801,0.35547,0.024276,0.0278764,0.0873848,-0.00223394,0.0031149,0.0808044,0.266694,2.29812,9.62692,0.0408116,0.044844,0.114593,0.0228434,0.0244547,0.0934967,0.0372024,0.0479464,0.12462,-0.0206228,-0.0124578,0.0831412,0.0365309,0.124901,0.760853,0.0180371,0.0842433,0.709166,0.297788,0.889084,5.37871,0.935255,1.08166,5.40252,1.90075,6.78658,47.3592,20.0995,27.5264,86.382,0.601757,1.90044,10.2821,-0.170415,2.45776,38.9015,1.03347,5.93955,46.1255,7.70922,20.3986,84.1382,1.3598,5.84266,45.4761,0.749367,1.65933,9.09799,4.28604,11.0494,62.281,0.677331,7.56319,63.5015,0.0125117,0.140941,1.17115,0,0.0224881,0.515368,1,1,1,1,1,1,43.2477,43.1756,46.3183,0.0849377,0.121456,0.944776,0.445513,0.491063,0.804408,31.6893,31.2987,75.8553,0.515804,0.927613,7.40408,0.0939868,0.0467237,0.0541009,0.222157,12.2341,11.8134,0.141501,0.0939868,0.0487476,0.159772,0.0467237,0.0541009,0.0416706,0.0629984,0.301715,0.223023,0.222157,0.141716,0.0576091,0.0551155,0.0341048,0.024276,-0.00223394,0.0380001,0.0291739,0.000233419,0.0180371,0.0129653,-0.00847962,0.0408116,0.0319899,0.0228434,0.0372024,0.029769,-0.0206228,0.0314934,0.0235195,-0.00168418,0.0345316,0.0267857,-0.0016715,0.0343924,0.0260878,0.0114576,0.0397216,0.0310982,-0.0238513,0.0365309,0.0283489,-0.0070203,0.0390653,0.0303743,0.0167103,0.0362822,0.0288177,-0.019116,0.0293772,0.022586,-0.00296405
sweep_train_even_shift25,cpp:tbo_replay_snapshot,26,0,0.0318556,0.0664645,0.355499,0.0227616,0.0270277,0.0878265,-0.00227436,0.00312742,0.080822,0.275628,2.23989,9.62628,0.0338012,0.0437918,0.152749,-0.0131131,-0.00822115,0.0769809,0.0340763,0.0500255,0.167448,0.0149026,0.0206546,0.0965942,0.0389643,0.125458,0.760708,0.0189491,0.0853947,0.708876,0.307504,0.859869,5.3764,0.948782,1.07227,5.40203,1.90571,6.7875,47.469,20.1237,27.3009,86.3297,0.602046,1.90084,10.2906,-0.170435,2.46796,39.0433,1.02833,5.94412,46.2375,8.31441,20.7158,84.1915,1.36221,5.84348,45.5888,0.74968,1.65963,9.10276,4.28625,11.0491,62.2792,0.677331,7.56331,63.5015,0.0125117,0.140943,1.17115,0,0.0224881,0.515368,1,0.999317,1,1,0.999404,1,43.2477,43.1756,46.3183,0.0849377,0.121456,0.944776,0.362206,0.405366,0.867435,31.6893,31.2987,75.8553,0.515665,0.928945,7.41795,0.0961292,0.0519685,0.0614618,0.223657,12.2513,11.8311,0.141503,0.0961292,0.0539378,0.160151,0.0519685,0.0614618,0.0415602,0.0645666,0.302811,0.224062,0.223657,0.143153,0.0665235,0.0458882,0.0318556,0.0227616,-0.00227436,0.0346958,0.025597,-0.000689937,0.0189491,0.0132308,-0.00837877,0.0338012,0.0264803,-0.0131131,0.0340763,0.0267476,0.0149026,0.0309188,0.0235832,-0.00174764,0.0367737,0.0287513,-0.00137933,0.0384195,0.0291315,-0.0224286,0.0383293,0.0297104,0.0167031,0.0389643,0.0292849,-0.00305483,0.0341842,0.0258389,-0.0104268,0.0342094,0.026205,0.0108502,0.029456,0.0227158,-0.000366049
sweep_train_even_shift50,cpp:tbo_replay_snapshot,26,0,0.0382906,0.0713404,0.355666,0.027899,0.0319219,0.0893415,-0.0023117,0.00314539,0.0809427,0.282838,2.24565,9.62564,0.0428843,0.0509329,0.158888,-0.0270401,-0.022075,0.0618329,0.045262,0.0593843,0.174232,0.029087,0.0344838,0.109118,0.0511411,0.134849,0.760449,0.019657,0.0860569,0.70806,0.315859,0.86229,5.37006,0.948782,1.07227,5.40203,1.93536,6.83987,47.253,19.7606,27.1389,86.4121,0.601861,1.90086,10.2906,-0.389057,2.23981,38.7766,1.21244,6.0267,46.0166,8.4205,20.6073,84.1032,1.43958,5.90175,45.3672,0.749631,1.65796,9.09324,4.35912,11.0214,62.2748,0.677331,7.58003,63.5015,0.0125117,0.141251,1.17115,0,0.0226948,0.515368,1,0.999317,1,1,0.999404,1,43.2477,43.1756,46.3183,0.0849377,0.121456,0.944776,0.403745,0.405404,0.68837,31.6893,31.2987,75.8553,0.516262,0.926826,7.39076,0.0983299,0.057446,0.0687099,0.225959,12.2037,11.7843,0.141816,0.0983299,0.0592602,0.160075,0.057446,0.0687099,0.0415197,0.0738954,0.304017,0.226679,0.225959,0.144601,0.0727364,0.0468137,0.0382906,0.027899,-0.0023117,0.0423737,0.0334158,-0.000786328,0.019657,0.0135093,-0.008293,0.0428843,0.0350042,-0.0270401,0.045262,0.0370976,0.029087,0.0309221,0.0235034,-0.00168262,0.0509764,0.0422789,-0.00150989,0.0494675,0.0399369,-0.0349666,0.0522684,0.0426161,0.032738,0.0511411,0.0411956,-0.00198063,0.0413327,0.0328097,-0.0210309,0.043361,0.0348241,0.0231019,0.0309825,0.0240028,0.000531793
sweep_train_even_smc015,cpp:tbo_replay_snapshot,26,0,0.0289086,0.0646074,0.355764,0.0202183,0.0250855,0.0875712,-0.0022918,0.00310721,0.0807053,0.268397,2.23779,9.62692,0.030458,0.0420024,0.14841,0.000685784,0.00570907,0.0921304,0.0296984,0.0453462,0.162264,0.00131469,0.00674254,0.0840516,0.0321774,0.120065,0.761314,0.0185423,0.0850987,0.70971,0.297954,0.8585,5.38273,0.948782,1.07227,5.40203,1.95742,6.78893,47.6863,20.5434,27.5254,86.2534,0.602272,1.901,10.2906,0.0477908,2.69619,39.3126,1.04142,5.93045,46.4593,8.24181,20.8921,84.3358,1.34786,5.84997,45.8116,0.749735,1.66129,9.11226,4.26364,11.052,62.2748,0.648502,7.54833,63.5015,0.0118965,0.140668,1.17115,0,0.022281,0.515368,1,0.999317,1,1,0.999404,1,43.2477,43.1756,46.3183,0.0849377,0.121456,0.944776,0.6172,0.603215,1.06535,31.6893,31.2987,75.8553,0.525194,0.938226,7.44423,0.0954069,0.0509616,0.0577667,0.222778,12.3064,11.8851,0.141223,0.0954069,0.0519512,0.160302,0.0509616,0.0577667,0.0416867,0.0599303,0.302428,0.223137,0.222778,0.143078,0.0633938,0.0455236,0.0289086,0.0202183,-0.0022918,0.0313403,0.0223013,-0.000511899,0.0185423,0.0130318,-0.00855802,0.030458,0.0229946,0.000685784,0.0296984,0.0222694,0.00131469,0.031165,0.0236467,-0.00179116,0.0270487,0.0202697,-0.00153614,0.0325065,0.0227938,-0.00950907,0.0300628,0.0227788,0.00110933,0.0321774,0.0227288,-0.00477811,0.0317456,0.0231098,-0.000335044,0.0300006,0.022261,-0.000923071,0.0287058,0.0222163,-0.00105215
sweep_train_even_wsp0,cpp:tbo_replay_snapshot,26,0,0.0279732,0.0639679,0.355764,0.0200708,0.0250222,0.0875712,-0.00217331,0.00314427,0.0807053,0.263514,2.20583,9.62692,0.0299034,0.0404895,0.14841,0.000987071,0.00586552,0.0921304,0.0296984,0.0452805,0.162264,0.0013147,0.00671753,0.0840516,0.0307217,0.117681,0.761314,0.0185423,0.0850989,0.70971,0.190375,0.839015,5.38273,0.948782,1.07227,5.40203,1.95742,6.78912,47.6863,20.5434,27.5263,86.3017,0.602236,1.901,10.2906,0.0477908,2.69721,39.3126,1.04082,5.93096,46.4593,8.24181,20.8915,84.3358,1.34735,5.8503,45.8116,0.749735,1.6612,9.11226,4.26364,11.0497,62.2748,0.648502,7.55038,63.5015,0.0118965,0.140707,1.17115,0,0.022281,0.515368,1,0.999317,1,1,0.999404,1,43.2477,43.1756,46.3183,0.0849377,0.121456,0.944776,0.55628,0.549141,1.05924,31.6893,31.2987,75.8553,0.525194,0.93849,7.44422,0.0951989,0.049673,0.0576754,0.222129,12.3064,11.8854,0.141261,0.0951989,0.0514196,0.160302,0.049673,0.0576754,0.0416843,0.0563063,0.301489,0.22315,0.222129,0.142686,0.0633991,0.0455219,0.0279732,0.0200708,-0.00217331,0.0296011,0.0222935,-0.00013825,0.0185423,0.0130318,-0.00855991,0.0299034,0.0224814,0.000987071,0.0296984,0.0222694,0.0013147,0.031165,0.0236467,-0.00198955,0.0266347,0.0199116,-0.00100934,0.0320737,0.0223655,-0.0094132,0.0300628,0.0227788,0.00110932,0.0307217,0.022033,-0.00451342,0.0312185,0.0231098,0.000219753,0.0300006,0.022261,-0.00092308,0.0287058,0.0222163,-0.00131939
sweep_train_gate2,cpp:tbo_replay_snapshot,52,0,0.031266,0.0815736,0.703582,0.0203791,0.0294133,0.133836,-0.00237128,0.00421211,0.0994155,0.287285,2.12617,12.1182,0.0308682,0.0634988,0.721373,0.000558531,0.00462579,0.104618,0.0300319,0.0645845,0.376063,0.00159482,0.00951601,0.164785,0.0301674,0.110323,0.765277,0.0187958,0.0905773,1.64819,0.297954,0.832127,5.41064,0.745738,1.00749,5.40203,2.42747,7.6602,49.7419,22.026,27.2086,86.2534,0.466894,1.71039,11.0634,0.0702867,2.32646,39.3126,0.969967,6.73625,51.1641,7.84145,18.7977,94.5663,1.51374,6.75448,49.517,1.13754,1.74167,9.11226,4.26364,11.9991,62.2748,0.685101,10.4881,81.4554,0.0125879,0.211654,1.55724,0,0.0421943,1.54104,1,0.999369,1,1,0.999458,1,42.9414,42.9759,46.3183,0.0927004,0.140271,1.04259,0.666264,0.750027,1.65569,28.5228,29.5868,75.8553,0.555396,1.0462,7.44423,0.139268,0.116423,0.0864626,0.199437,13.8161,13.4002,0.198035,0.139268,0.0963211,0.211355,0.116423,0.0864626,0.0694172,0.0807696,0.263361,0.204855,0.199437,0.184296,0.13943,0.0667619,0.031266,0.0203791,-0.00237128,0.0315159,0.022916,3.02197e-05,0.0187958,0.0130318,-0.00869825,0.0308682,0.0229946,0.000558531,0.0300319,0.0226232,0.00159482,0.031289,0.0238807,-0.00321997,0.0269094,0.0203676,-0.00175818,0.0318707,0.0225334,-0.0100491,0.0286846,0.0218452,0.000588271,0.0301674,0.022033,-0.00510047,0.0327508,0.0237656,-0.000632624,0.0294141,0.0222862,-0.000688361,0.029408,0.0228816,-0.00165341
sweep_train_gate4,cpp:tbo_replay_snapshot,52,0,0.0294129,0.07999,0.703582,0.0203743,0.0275925,0.133836,-0.00244846,0.00222623,0.0994155,0.275991,2.12156,12.0993,0.030991,0.0611911,0.721373,0.000419564,0.00225098,0.104618,0.0298478,0.0622411,0.376063,0.00162465,0.00723613,0.164785,0.0301676,0.11011,0.76087,0.0187958,0.0904692,1.64819,0.297954,0.827773,5.37972,0.745738,1.00749,5.40203,2.30048,5.9334,47.6863,19.7204,25.319,86.2534,0.456171,1.7079,11.0634,0.107381,1.81172,39.3126,0.976907,4.77421,46.4593,6.45899,16.2204,84.3358,1.35014,4.81897,45.8116,1.06265,1.6242,9.11226,4.26364,10.4895,62.2748,0.687415,7.28572,63.5015,0.0127918,0.15026,1.17115,0,0.0214394,0.515368,1,0.999369,1,1,0.999458,1,42.9414,42.9759,46.3183,0.0927004,0.140271,1.04259,0.405522,0.474428,1.02903,28.5228,29.5868,75.8553,0.515806,0.843862,7.44423,0.13836,0.115167,0.084875,0.198948,10.4775,9.82311,0.137568,0.13836,0.0946897,0.211109,0.115167,0.084875,0.0663363,0.0807112,0.26268,0.204572,0.198948,0.183266,0.138544,0.0635039,0.0294129,0.0203743,-0.00244846,0.0315095,0.0229137,3.01209e-05,0.0187958,0.0130318,-0.00869825,0.030991,0.0230077,0.000419564,0.0298478,0.0224573,0.00162465,0.0312327,0.0236467,-0.00319937,0.026897,0.0201317,-0.00186239,0.0318707,0.0225255,-0.00991252,0.0285549,0.0217327,0.000103343,0.0301676,0.022033,-0.00517993,0.0321373,0.0237101,-0.000824448,0.0294141,0.0221635,-0.000672774,0.0294123,0.0226391,-0.00157125
sweep_train_isc10,cpp:tbo_replay_snapshot,52,0,0.029419,0.0785687,0.704004,0.0204503,0.0263684,0.133735,-0.00232839,0.00215544,0.100317,0.268269,2.11924,12.0911,0.0311233,0.0599898,0.721083,0.000624077,0.0024775,0.102188,0.0298377,0.0606705,0.372822,0.00179752,0.00753476,0.161199,0.0301608,0.109979,0.76091,0.018796,0.0904886,1.64918,0.297242,0.827547,5.37999,0.745738,1.00749,5.40203,2.30639,4.96179,28.4561,19.72,24.5423,85.9656,0.455006,1.70654,11.1206,0.0910376,1.19293,16.3272,0.961685,3.72746,27.5222,6.39183,14.7634,83.2147,1.35844,3.81746,26.6519,1.07179,1.51277,8.36504,4.26361,9.68897,57.782,0.683373,5.78715,56.7212,0.0127292,0.118821,1.02505,0,0.00306059,0.0637136,1,0.999369,1,1,0.999458,1,42.9414,42.9759,46.3183,0.0927004,0.140271,1.04259,1.53557,1.486,3.23347,28.5228,29.5868,75.8553,0.517517,0.707232,2.58522,0.13777,0.114319,0.0835652,0.198934,7.87021,7.01313,0.109272,0.13777,0.0934005,0.211194,0.114319,0.0835652,0.0635101,0.0806574,0.262687,0.204538,0.198934,0.182766,0.137831,0.0603829,0.029419,0.0204503,-0.00232839,0.0313485,0.0230375,5.79999e-05,0.018796,0.0130318,-0.00869819,0.0311233,0.0231062,0.000624077,0.0298377,0.0225456,0.00179752,0.0313272,0.0237173,-0.00324512,0.0269091,0.0201321,-0.00171964,0.0318625,0.0225305,-0.00991675,0.0285471,0.0217282,0.000168022,0.0301608,0.0220561,-0.00509587,0.0326532,0.0239295,-0.000482737,0.0295643,0.0221646,-0.000539907,0.0295239,0.0227154,-0.00167025
sweep_train_isc10_dk10,cpp:tbo_replay_snapshot,52,0,0.0306021,0.0787761,0.704004,0.0206261,0.0266906,0.133735,-0.00225024,0.00249816,0.100317,0.26466,2.12042,12.1161,0.0315657,0.0606776,0.721301,0.000624077,0.00288659,0.0982329,0.0298377,0.0610685,0.370507,0.00206646,0.0079853,0.158602,0.0300175,0.109982,0.760871,0.018796,0.0905009,1.64918,0.297242,0.827597,5.37972,0.745738,1.00749,5.40203,2.35123,5.17329,36.732,21.8926,25.0107,85.9656,0.487193,1.70811,11.1207,0.0946249,1.31825,22.9327,1.02097,3.93777,36.6082,7.36281,15.2636,86.8768,1.45338,4.01962,35.3313,1.11265,1.54938,8.36582,4.26361,10.0643,57.7821,0.683373,6.27212,56.7212,0.0127292,0.129239,1.02505,0,0.00329705,0.0637136,1,0.999369,1,1,0.999458,1,42.9414,42.9759,46.3183,0.0927004,0.140271,1.04259,0.973537,0.943235,1.52886,28.5228,29.5868,75.8553,0.524853,0.746535,2.75403,0.137892,0.11451,0.0836686,0.19899,8.26418,7.49881,0.118429,0.137892,0.0936345,0.211215,0.11451,0.0836686,0.0642202,0.0806722,0.262761,0.20465,0.19899,0.18289,0.137902,0.0612765,0.0306021,0.0206261,-0.00225024,0.0319442,0.0230453,0.000249661,0.018796,0.0130318,-0.00869819,0.0315657,0.0233961,0.000624077,0.0298377,0.0225456,0.00206646,0.0313955,0.0239709,-0.00265969,0.0269091,0.0201389,-0.00171964,0.0318473,0.0225305,-0.00991675,0.0284777,0.0217282,-0.000159751,0.0300175,0.0220595,-0.00509587,0.0329518,0.0241635,-0.000482737,0.029589,0.0221646,-0.000772113,0.0295442,0.0227286,-0.00131278
sweep_train_isc10_dk10_lmp06,cpp:tbo_replay_snapshot,52,0,0.0305639,0.078228,0.704004,0.0206264,0.0259062,0.133735,-0.00227926,0.00138923,0.100317,0.26466,2.12012,12.1161,0.0313292,0.0596308,0.721062,0.000598707,0.00168573,0.105039,0.0298562,0.0600961,0.370507,0.00206363,0.0068233,0.158602,0.0298313,0.109956,0.760884,0.018796,0.0904943,1.64918,0.297246,0.827475,5.37984,0.745738,1.00749,5.40203,2.35123,4.51914,27.604,21.8926,24.5479,86.3677,0.455006,1.70237,11.1213,0.10169,0.727027,15.5466,0.999934,3.20727,26.5389,7.52529,14.5521,83.72,1.45518,3.30483,25.7432,1.11263,1.54969,8.36582,4.26361,10.0865,57.7839,0.687766,6.25277,56.7213,0.0127846,0.128857,1.02505,0,0.00487852,0.0817573,1,0.999369,1,1,0.999458,1,42.9414,42.9759,46.3183,0.0927004,0.140271,1.04259,0.444082,0.505818,1.32278,28.5228,29.5868,75.8553,0.516006,0.703113,2.63143,0.137568,0.114012,0.0830464,0.198971,6.80235,5.77688,0.118064,0.137568,0.0929676,0.211211,0.114012,0.0830464,0.0628042,0.0806537,0.262741,0.20462,0.198971,0.182628,0.13756,0.0590416,0.0305639,0.0206264,-0.00227926,0.0316559,0.0230446,0.000208186,0.018796,0.0130318,-0.00869819,0.0313292,0.0233902,0.000598707,0.0298562,0.0225456,0.00206363,0.0313936,0.0239689,-0.00238181,0.0269157,0.0201364,-0.00172464,0.031552,0.0225305,-0.00991654,0.0284777,0.021705,-0.000326991,0.0298313,0.0219888,-0.00509772,0.0329663,0.0240408,-0.000452322,0.0293889,0.0220339,-0.000769405,0.0295664,0.0227357,-0.00147234
sweep_train_isc10_lmp06,cpp:tbo_replay_snapshot,52,0,0.029419,0.0782501,0.704004,0.0204514,0.026024,0.133735,-0.0024115,0.00175559,0.100317,0.264666,2.1185,12.0911,0.0309943,0.0595682,0.721062,0.000410381,0.00204209,0.105039,0.0298562,0.0602563,0.372822,0.00179752,0.00708675,0.161199,0.0301608,0.109964,0.760859,0.018796,0.0904885,1.64918,0.297246,0.82754,5.37966,0.745738,1.00749,5.40203,2.30639,4.4485,28.4273,19.72,24.2945,86.3677,0.451634,1.70181,11.1211,0.0981023,0.778671,16.2448,0.955877,3.19581,27.5007,6.39183,14.5318,83.72,1.35867,3.28968,26.6214,1.0734,1.5138,8.36504,4.26361,9.71092,57.7839,0.687766,5.83296,56.7213,0.0127846,0.11967,1.02505,0,0.00330709,0.0637474,1,0.999369,1,1,0.999458,1,42.9414,42.9759,46.3183,0.0927004,0.140271,1.04259,1.14629,1.01769,1.5291,28.5228,29.5868,75.8553,0.512169,0.664398,2.59326,0.137628,0.114099,0.0832483,0.198929,6.90597,5.91326,0.110137,0.137628,0.0931078,0.211192,0.114099,0.0832483,0.0629957,0.0806451,0.262682,0.204536,0.198929,0.182636,0.137668,0.0596558,0.029419,0.0204514,-0.0024115,0.0313485,0.0230367,3.55387e-05,0.018796,0.0130318,-0.00869819,0.0309943,0.0231245,0.000410381,0.0298562,0.0225456,0.00179752,0.0313272,0.0237173,-0.00292986,0.0269155,0.0201363,-0.00172464,0.0318625,0.0225305,-0.00991654,0.0285471,0.0217282,-0.000140369,0.0301608,0.0220561,-0.00516568,0.0326577,0.0238456,-0.000452322,0.0295643,0.0221698,-0.0005372,0.029546,0.0227225,-0.00171521
sweep_train_isc15,cpp:tbo_replay_snapshot,52,0,0.0297097,0.07815,0.704649,0.0205012,0.025902,0.133803,-0.0021506,0.00162816,0.101474,0.263516,2.11808,12.0848,0.0313665,0.0595597,0.720486,0.000847855,0.00194684,0.103416,0.0300804,0.0601974,0.372819,0.00219722,0.00700721,0.161207,0.0300572,0.10996,0.760879,0.0187961,0.0905186,1.65065,0.297161,0.827527,5.37979,0.745738,1.00749,5.40203,2.31289,4.49563,28.5705,19.716,24.2972,85.7472,0.451595,1.7013,11.1213,0.0860921,0.711586,16.3999,0.985336,3.18353,27.6548,6.6263,14.2512,82.9394,1.36397,3.27795,26.7737,1.07163,1.51271,8.36445,4.26364,9.6745,57.7818,0.683794,5.77085,56.7212,0.012737,0.115523,1.02505,0,0.00300337,0.0637283,1,0.999369,1,1,0.999458,1,42.9414,42.9759,46.3183,0.0927004,0.140271,1.04259,0.712898,0.783042,1.62382,28.5228,29.5868,75.8553,0.517796,0.663177,2.59027,0.137625,0.114001,0.0831552,0.198938,6.94591,5.95582,0.108964,0.137625,0.0929898,0.211316,0.114001,0.0831552,0.0627351,0.0806402,0.262697,0.204533,0.198938,0.182629,0.137707,0.0593461,0.0297097,0.0205012,-0.0021506,0.0314572,0.0231799,0.00027087,0.0187961,0.0130319,-0.00869813,0.0313665,0.0233038,0.000847855,0.0300804,0.0228042,0.00219722,0.0313693,0.0238733,-0.00230556,0.026929,0.020145,-0.00168282,0.0318526,0.0225221,-0.00991842,0.0284795,0.0217279,-7.68559e-05,0.0300572,0.0220609,-0.00499874,0.0330213,0.024039,-0.000419613,0.0296422,0.0222119,-0.00028508,0.0295882,0.0227352,-0.000922901
sweep_train_isc15_dk15,cpp:tbo_replay_snapshot,52,0,0.0307043,0.0796578,0.704649,0.0207928,0.0273073,0.133803,-0.00204726,0.00292106,0.101474,0.26801,2.12235,12.12,0.0318965,0.0618984,0.72093,0.000881357,0.0034099,0.0992995,0.0306607,0.0619442,0.365483,0.00195203,0.00852424,0.15287,0.0297987,0.110014,0.760873,0.0187961,0.0905314,1.65065,0.297161,0.827292,5.37975,0.745738,1.00749,5.40203,2.36083,5.1563,39.3856,21.8872,25.5471,88.0638,0.455026,1.70544,11.1217,0.103111,1.14372,24.8008,0.993,3.86661,39.4395,7.55231,15.5775,93.9444,1.47406,3.94351,38.0749,1.11261,1.5948,8.36526,4.25964,10.3703,57.782,0.683794,6.63663,56.7212,0.012737,0.133957,1.03048,0,0.00488418,0.0854407,1,0.999369,1,1,0.999458,1,42.9414,42.9759,46.3183,0.0927004,0.140271,1.04259,0.554634,0.674145,1.40528,28.5228,29.5868,75.8553,0.525218,0.756577,4.92189,0.138309,0.115026,0.0842855,0.199018,8.26586,7.49906,0.125312,0.138309,0.0943732,0.211346,0.115026,0.0842855,0.0660444,0.0806915,0.262804,0.204683,0.199018,0.183322,0.138329,0.0630817,0.0307043,0.0207928,-0.00204726,0.0322024,0.0234438,0.000425491,0.0187961,0.0130319,-0.00869798,0.0318965,0.0236365,0.000881357,0.0306607,0.0227017,0.00195203,0.0315805,0.0240943,-0.00230556,0.0271855,0.0202996,-0.00168282,0.0314896,0.0224608,-0.00990248,0.0284795,0.0216133,-0.00017033,0.0297987,0.0219093,-0.00507839,0.0340361,0.0244238,-0.000323174,0.0296194,0.0222119,-0.000553044,0.0297293,0.0230532,-0.000959997
sweep_train_isc15_dk15_lmp06,cpp:tbo_replay_snapshot,52,0,0.0307043,0.0795781,0.704649,0.0207884,0.0272069,0.133803,-0.00204726,0.00294651,0.101474,0.26801,2.12241,12.12,0.0316055,0.0618168,0.720471,0.000883462,0.00343977,0.104188,0.0302719,0.0618429,0.365483,0.0019009,0.00855966,0.15287,0.0297905,0.110007,0.760886,0.0187961,0.0905324,1.65065,0.297165,0.827297,5.37984,0.745738,1.00749,5.40203,2.36083,4.9887,39.3856,21.8872,25.578,88.0638,0.455026,1.70528,11.1211,0.117818,1.07231,24.8008,0.97883,3.69274,39.4395,7.55432,15.6307,93.9444,1.47582,3.77395,38.0749,1.11258,1.59614,8.36526,4.25962,10.3925,57.7838,0.688265,6.62962,56.7213,0.0127987,0.133835,1.03048,0,0.00489247,0.0854407,1,0.999369,1,1,0.999458,1,42.9414,42.9759,46.3183,0.0927004,0.140271,1.04259,1.02617,0.945393,1.80285,28.5228,29.5868,75.8553,0.516958,0.750787,4.92189,0.138266,0.114946,0.0841896,0.199019,8.0995,7.31746,0.12518,0.138266,0.0942851,0.211347,0.114946,0.0841896,0.0659373,0.0806854,0.262806,0.204685,0.199019,0.183282,0.138275,0.0629235,0.0307043,0.0207884,-0.00204726,0.032025,0.0234438,0.000388486,0.0187961,0.0130319,-0.00869798,0.0316055,0.0235615,0.000883462,0.0302719,0.0226944,0.0019009,0.0314039,0.0240368,-0.00205776,0.0271896,0.0202998,-0.00168841,0.0314896,0.0224608,-0.00990246,0.0284795,0.0215925,-0.000224438,0.0297905,0.0219093,-0.00507942,0.0334399,0.0241859,-0.000310854,0.0296288,0.0222171,-0.000718373,0.0297269,0.0230721,-0.00100284
sweep_train_isc15_lmp05,cpp:tbo_replay_snapshot,52,0,0.0297171,0.0782071,0.704649,0.0205054,0.0261296,0.133803,-0.0020723,0.0011589,0.101474,0.263534,2.11838,12.0848,0.0313647,0.05975,0.72047,0.000776639,0.00112968,0.104208,0.0298645,0.0603826,0.372819,0.00176847,0.00619142,0.161207,0.0300572,0.109958,0.760887,0.0187961,0.0905128,1.65065,0.297165,0.827475,5.37984,0.745738,1.00749,5.40203,2.19622,4.77781,28.3492,19.7288,24.1543,86.186,0.451595,1.70116,11.1211,0.0855152,0.156068,16.1109,0.957505,3.49248,28.3752,7.61691,14.9552,83.4917,1.35095,3.56372,27.7297,1.00623,1.5082,8.36445,4.26364,9.6599,57.7837,0.677266,6.3698,56.7213,0.0124893,0.126124,1.02505,0,0.0133304,0.525416,1,0.999369,1,1,0.999458,1,42.9414,42.9759,46.3183,0.0927004,0.140271,1.04259,0.498003,0.677342,1.61469,28.5228,29.5868,75.8553,0.512443,0.755964,6.50301,0.137774,0.11423,0.0834838,0.19893,8.30061,7.53699,0.120274,0.137774,0.0933121,0.2113,0.11423,0.0834838,0.0633961,0.0806829,0.262673,0.204508,0.19893,0.182783,0.137903,0.059773,0.0297171,0.0205054,-0.0020723,0.031398,0.0231729,0.000273115,0.0187961,0.0130319,-0.00869813,0.0313647,0.0233153,0.000776639,0.0298645,0.0225388,0.00176847,0.0312059,0.023579,-0.00205776,0.0269337,0.0201476,-0.00168841,0.0318537,0.0225194,-0.010079,0.0284795,0.0217282,-0.000252712,0.0300572,0.0220597,-0.00507942,0.033114,0.0240352,-0.000477993,0.0293702,0.0220815,-0.000679821,0.0295943,0.0227428,-0.00114436
sweep_train_isc15_lmp06,cpp:tbo_replay_snapshot,52,0,0.0297171,0.0781363,0.704649,0.0205054,0.0258772,0.133803,-0.0020723,0.0015705,0.101474,0.263516,2.11842,12.0848,0.0313647,0.0595441,0.72047,0.000776639,0.00188404,0.104208,0.0298642,0.060167,0.372819,0.00204669,0.00694663,0.161207,0.0300572,0.109961,0.760866,0.0187961,0.0905193,1.65065,0.297165,0.827527,5.37969,0.745738,1.00749,5.40203,2.31289,4.32844,28.5425,19.716,24.3201,86.186,0.451595,1.70116,11.1211,0.103264,0.622732,16.3191,0.981864,3.01183,27.634,6.62624,14.3008,83.4917,1.36397,3.10791,26.7441,1.07322,1.51372,8.36445,4.26364,9.69697,57.7837,0.688265,5.8167,56.7213,0.0127987,0.116373,1.02505,0,0.00324966,0.0637666,1,0.999369,1,1,0.999458,1,42.9414,42.9759,46.3183,0.0927004,0.140271,1.04259,0.33992,0.346641,0.606733,28.5228,29.5868,75.8553,0.512443,0.657681,2.59819,0.137618,0.113989,0.0831391,0.198937,6.74706,5.72709,0.10983,0.137618,0.0929761,0.211316,0.113989,0.0831391,0.0627205,0.0806378,0.262697,0.204534,0.198937,0.182622,0.137698,0.0593299,0.0297171,0.0205054,-0.0020723,0.0314572,0.0231729,0.000273115,0.0187961,0.0130319,-0.00869813,0.0313647,0.0233153,0.000776639,0.0298642,0.0225345,0.00204669,0.0311965,0.023579,-0.00205776,0.0269337,0.0201476,-0.00168841,0.0318526,0.0225221,-0.00991842,0.0284795,0.0217279,-0.000224438,0.0300572,0.0220609,-0.00507942,0.033114,0.0240352,-0.000477993,0.0293694,0.0220777,-0.000281321,0.0295955,0.0227428,-0.00114436
sweep_train_isc20,cpp:tbo_replay_snapshot,52,0,0.0301343,0.0781785,0.705483,0.0205398,0.0259134,0.134043,-0.0018923,0.00173835,0.102871,0.263518,2.11848,12.0811,0.0315257,0.0596288,0.719647,0.000914465,0.00210622,0.103317,0.0300223,0.0602245,0.372814,0.00232185,0.00715348,0.161216,0.03001,0.10997,0.760878,0.0187961,0.0905583,1.65254,0.297625,0.82752,5.37978,0.745738,1.00749,5.40203,2.31985,4.43286,28.7151,19.7097,24.4181,85.3647,0.451742,1.70129,11.1213,0.0770301,0.64952,16.5009,0.988178,3.11726,27.8209,7.04824,14.366,82.6858,1.49905,3.21277,26.9276,1.07169,1.51244,8.36441,4.25962,9.65536,57.7817,0.684155,5.81268,56.7212,0.0127437,0.112474,1.02505,0,0.00345766,0.0637353,1,0.999369,1,1,0.999458,1,42.9414,42.9759,46.3183,0.0927004,0.140271,1.04259,0.341085,0.439917,1.21836,28.5228,29.5868,75.8553,0.514586,0.6595,2.59676,0.13767,0.113936,0.0831192,0.198953,6.84173,5.833,0.109754,0.13767,0.0929369,0.211476,0.113936,0.0831192,0.0626724,0.080652,0.26272,0.204541,0.198953,0.182666,0.137794,0.0592906,0.0301343,0.0205398,-0.0018923,0.0314566,0.0233528,0.000511582,0.0187961,0.0130319,-0.00869811,0.0315257,0.0234882,0.000914465,0.0300223,0.0226176,0.00232185,0.0312312,0.0235887,-0.00145916,0.0269517,0.0201622,-0.00164831,0.0318394,0.0225035,-0.00990596,0.028486,0.0217293,-6.13315e-05,0.03001,0.0220499,-0.00504792,0.0332056,0.0242757,-0.000274315,0.0293642,0.022131,-6.74958e-05,0.0296829,0.0228114,-0.000539535
sweep_train_lm_off,cpp:tbo_replay_snapshot,52,0,0.0322046,0.0826879,0.703064,0.0212418,0.0307302,0.132723,-0.000525963,0.00456059,0.103803,0.282609,2.12572,12.0621,0.0318025,0.0649686,0.721366,0.00353093,0.00511764,0.106992,0.0308026,0.0661912,0.381479,0.00455395,0.00996214,0.170997,0.0301854,0.110375,0.767996,0.0187953,0.090571,1.64711,0.29891,0.832626,5.42894,0.745738,1.00749,5.40203,4.56278,11.1388,52.8984,26.3495,31.3085,93.9753,0.463018,1.72027,10.9901,0.303696,1.27957,45.6716,3.7937,10.6248,51.8851,12.8482,25.2243,93.0493,3.83044,10.5174,51.337,1.12196,1.78336,8.71364,5.37257,14.027,60.5204,8.49891,18.774,76.0387,0.235874,0.37076,1.45369,0,0.141973,1.43748,1,0.999369,1,1,0.999458,1,42.9414,42.9759,46.3183,0.0927004,0.140271,1.04259,0.186743,0.293573,0.893328,28.5228,29.5868,75.8553,0.936585,1.69155,8.64843,0.139744,0.11724,0.0874492,0.199568,16.9025,16.6374,0.354489,0.139744,0.0973005,0.211333,0.11724,0.0874492,0.0709783,0.0807793,0.263518,0.20475,0.199568,0.184858,0.139906,0.0684489,0.0322046,0.0212418,-0.000525963,0.0314208,0.023891,0.00314451,0.0187953,0.0130314,-0.00869574,0.0318025,0.0241745,0.00353093,0.0308026,0.0231701,0.00455395,0.0313927,0.0239035,-0.000734874,0.0272691,0.020313,-0.00137521,0.0320083,0.0226526,-0.00982769,0.0289392,0.0220613,0.00115064,0.0301854,0.0226031,-0.00453583,0.033553,0.024904,0.00239595,0.0308514,0.0232984,0.00231733,0.030641,0.0231512,0.00105741
sweep_train_lmp05,cpp:tbo_replay_snapshot,52,0,0.0294129,0.0791956,0.703582,0.0203856,0.0268173,0.133836,-0.00248827,0.00243526,0.0994155,0.275991,2.12152,12.0993,0.0309685,0.06028,0.721352,0.000278801,0.00273857,0.105575,0.0298506,0.0613018,0.376063,0.00152515,0.00774027,0.164785,0.0301676,0.110074,0.760878,0.0187958,0.0904688,1.64819,0.297959,0.827769,5.3798,0.745738,1.00749,5.40203,2.18012,5.06801,47.6863,19.7336,25.3204,86.6049,0.453305,1.70243,11.1193,0.107381,1.3908,39.3126,0.918219,3.82729,46.4593,6.45899,15.6181,84.3358,1.34241,3.90871,45.8116,1.07338,1.62379,9.11226,4.26364,10.5012,62.2748,0.677331,6.93047,63.5015,0.0124779,0.143475,1.17115,0,0.0133145,0.515368,1,0.999369,1,1,0.999458,1,42.9414,42.9759,46.3183,0.0927004,0.140271,1.04259,1.58842,1.5197,2.581,28.5228,29.5868,75.8553,0.511675,0.782278,7.44423,0.138011,0.114704,0.0841926,0.19894,8.98856,8.18317,0.13086,0.138011,0.093974,0.211109,0.114704,0.0841926,0.0646502,0.0806968,0.262677,0.204557,0.19894,0.182957,0.138115,0.0618782,0.0294129,0.0203856,-0.00248827,0.0315197,0.0229152,3.1394e-05,0.0187958,0.0130318,-0.00869825,0.0309685,0.0229751,0.000278801,0.0298506,0.0224693,0.00152515,0.0312327,0.0236467,-0.00320726,0.026897,0.0201317,-0.00186602,0.0318718,0.0225228,-0.00991242,0.028555,0.0217327,0.000103343,0.0301676,0.0220317,-0.00517993,0.0321373,0.0236932,-0.000731625,0.0294141,0.0221554,-0.000714087,0.0294096,0.0226461,-0.00157125
sweep_train_lmp06,cpp:tbo_replay_snapshot,52,0,0.0294129,0.0797981,0.703582,0.0203856,0.0273743,0.133836,-0.00244846,0.00186249,0.0994155,0.275991,2.12156,12.0993,0.0309893,0.0610589,0.721352,0.000278801,0.00186773,0.105575,0.0298503,0.0620414,0.376063,0.00162465,0.00688522,0.164785,0.0301676,0.110107,0.76087,0.0187958,0.0904693,1.64819,0.297959,0.827772,5.37972,0.745738,1.00749,5.40203,2.30048,5.24195,47.6863,19.7204,25.0924,86.6049,0.453305,1.70336,11.1471,0.0937557,1.15818,39.3126,0.955309,4.03887,46.4593,6.45899,15.6043,84.3358,1.34344,4.08629,45.8116,1.06265,1.62412,9.11226,4.26364,10.4908,62.2748,0.677331,7.28123,63.5015,0.0124779,0.150177,1.17115,0,0.0214215,0.515368,1,0.999369,1,1,0.999458,1,42.9414,42.9759,46.3183,0.0927004,0.140271,1.04259,1.71238,1.9157,2.73261,28.5228,29.5868,75.8553,0.511675,0.802901,7.44423,0.138283,0.115077,0.0847499,0.198947,9.22349,8.47036,0.137483,0.138283,0.0945327,0.211109,0.115077,0.0847499,0.0658757,0.0807078,0.262679,0.204571,0.198947,0.18319,0.138489,0.0629565,0.0294129,0.0203856,-0.00244846,0.0315197,0.0229137,3.1394e-05,0.0187958,0.0130318,-0.00869825,0.0309893,0.0229898,0.000278801,0.0298503,0.0224775,0.00162465,0.0312327,0.0236467,-0.00320307,0.026897,0.0201317,-0.00186602,0.0318707,0.0225255,-0.00991252,0.0285549,0.0217327,0.000103343,0.0301676,0.022033,-0.00517993,0.0321373,0.0236932,-0.000731625,0.0294141,0.0221635,-0.000672774,0.0294096,0.0226391,-0.00157125
sweep_train_lmpr05,cpp:tbo_replay_snapshot,52,0,0.0294129,0.0791555,0.703582,0.0203856,0.0267761,0.133836,-0.00236295,0.00237858,0.0994155,0.275991,2.12152,12.0993,0.0309685,0.0602413,0.721352,0.000376097,0.00267491,0.105575,0.0298756,0.0612458,0.376063,0.00152515,0.00768023,0.164785,0.0301676,0.110073,0.760878,0.0187958,0.0904689,1.64819,0.297959,0.82777,5.3798,0.745738,1.00749,5.40203,2.18012,5.06635,47.6863,19.7336,25.3259,86.6049,0.453305,1.70244,11.1201,0.107381,1.37715,39.3126,0.918219,3.82161,46.4593,6.45899,15.6146,84.3358,1.34241,3.90546,45.8116,1.07338,1.62348,9.11226,4.26364,10.4993,62.2748,0.677331,6.93121,63.5015,0.0124779,0.143489,1.17115,0,0.0133145,0.515368,1,0.999369,1,1,0.999458,1,42.9414,42.9759,46.3183,0.0927004,0.140271,1.04259,1.53936,1.52088,1.8386,28.5228,29.5868,75.8553,0.511675,0.779524,7.44423,0.137997,0.114678,0.0841664,0.198939,8.9818,8.1756,0.130874,0.137997,0.0939446,0.211109,0.114678,0.0841664,0.0645989,0.0806959,0.262676,0.204557,0.198939,0.182944,0.138098,0.0618101,0.0294129,0.0203856,-0.00236295,0.0315197,0.0229152,9.63898e-05,0.0187958,0.0130318,-0.00869825,0.0309685,0.0229751,0.000376097,0.0298756,0.0224805,0.00152515,0.0312327,0.0236452,-0.00320726,0.026897,0.0201317,-0.00181875,0.0318718,0.0225228,-0.00991242,0.028555,0.0217537,0.000101161,0.0301676,0.0220317,-0.00517993,0.0321373,0.0236932,-0.000784545,0.0294141,0.0221554,-0.000714087,0.0294118,0.0227177,-0.00157125
sweep_train_lmpr30,cpp:tbo_replay_snapshot,52,0,0.0316548,0.0820078,0.703583,0.0203791,0.030081,0.13386,-0.00229394,0.00438065,0.0993655,0.287285,2.12585,12.0621,0.0308941,0.064303,0.721375,0.0004492,0.00457701,0.104381,0.0300459,0.065296,0.376063,0.00150115,0.00940286,0.164785,0.0301666,0.110362,0.768437,0.0187958,0.0906107,1.64819,0.297954,0.832543,5.43137,0.745738,1.00749,5.40203,2.4156,8.48509,49.7419,22.026,27.5725,86.2534,0.466885,1.71384,11.0634,0.0803701,2.17547,39.3126,0.978068,7.66813,51.1641,8.09751,20.1451,94.5663,1.50471,7.65091,49.517,1.11268,1.77325,9.11226,4.26738,12.5368,62.2748,0.708589,11.6172,81.4554,0.0129291,0.232554,1.55724,0,0.0522989,1.54104,1,0.999369,1,1,0.999458,1,42.9414,42.9759,46.3183,0.0927004,0.140271,1.04259,0.682096,0.67814,0.780017,28.5228,29.5868,75.8553,0.567722,1.1858,7.44423,0.139613,0.116953,0.0870531,0.199606,15.1145,14.7476,0.219354,0.139613,0.0969348,0.211449,0.116953,0.0870531,0.070404,0.0807648,0.263632,0.204719,0.199606,0.184732,0.139761,0.0677874,0.0316548,0.0203791,-0.00229394,0.0315159,0.0229371,7.63859e-05,0.0187958,0.0130317,-0.00869809,0.0308941,0.0230254,0.0004492,0.0300459,0.0227141,0.00150115,0.0312761,0.0238456,-0.00317728,0.0271548,0.0203661,-0.00175261,0.0318704,0.0225245,-0.0100489,0.0286898,0.0218434,0.000872877,0.0301666,0.0222727,-0.0050246,0.0327508,0.0237656,-0.000772998,0.0297274,0.0223584,-0.000742549,0.0294179,0.0228816,-0.00133703
sweep_train_mf30,cpp:tbo_replay_snapshot,52,0,0.0294129,0.0801797,0.703582,0.0203934,0.0281095,0.133836,-0.00250018,0.00295373,0.0994155,0.275991,2.1215,12.0993,0.030991,0.0619267,0.721373,0.000420785,0.00305497,0.104618,0.0298318,0.0629225,0.376063,0.00162465,0.00801941,0.164785,0.0301676,0.110123,0.761314,0.0187958,0.0904787,1.64819,0.294789,0.815651,5.38273,0.712077,0.992827,5.40203,2.30048,6.1221,47.6863,19.7204,25.6581,86.2534,0.45599,1.70754,11.0634,0.0976609,1.99053,39.3126,1.00547,4.9898,46.4593,6.45899,16.577,84.3358,1.34786,5.02541,45.8116,1.07165,1.62398,9.11226,4.26364,10.4606,62.2748,0.683084,7.24004,63.5015,0.0127238,0.149413,1.17115,0,0.0212022,0.515368,1,0.999903,1,1,0.999975,1,42.9414,42.9872,46.3183,0.0927004,0.140271,1.04259,0.60125,0.662019,1.57235,28.5287,29.6027,76.2271,0.515943,0.849977,7.44423,0.138542,0.115473,0.0852639,0.198997,10.869,10.269,0.136706,0.138542,0.0951137,0.210938,0.115473,0.0852639,0.0672585,0.0807258,0.262745,0.204601,0.198997,0.183441,0.138771,0.0649499,0.0294129,0.0203934,-0.00250018,0.031516,0.0229141,3.01324e-05,0.0187958,0.0130318,-0.00869825,0.030991,0.0229946,0.000420785,0.0298318,0.0224573,0.00162465,0.0312339,0.0236467,-0.00320509,0.0268905,0.0202697,-0.00186523,0.0318707,0.0225255,-0.00991244,0.0285549,0.0217327,0.000101413,0.0301676,0.022033,-0.00510047,0.0321278,0.0237025,-0.000824447,0.0294141,0.0221582,-0.000672774,0.0293899,0.0226321,-0.00166397
sweep_train_qs1e8,cpp:tbo_replay_snapshot,52,0,0.029305,0.080189,0.703548,0.0203872,0.0278822,0.132953,-0.00250578,0.00259766,0.102662,0.27592,2.12165,12.099,0.031014,0.0616224,0.721367,0.000126199,0.00264047,0.104721,0.0298848,0.0626459,0.376026,0.00149352,0.00762407,0.164744,0.0301706,0.110118,0.761075,0.0187959,0.0904728,1.64821,0.297901,0.82785,5.38118,0.745738,1.00749,5.40203,2.18131,6.04571,47.3536,19.7505,25.6808,86.4756,0.45548,1.7085,11.0644,0.0619253,1.89642,39.0421,0.951588,4.90358,46.1146,6.52906,16.6257,84.36,1.42979,4.93786,45.4676,1.0635,1.62624,9.11454,4.26367,10.4775,62.2813,0.704048,7.19594,63.5144,0.0130083,0.14854,1.17139,0,0.0211956,0.516193,1,0.999369,1,1,0.999458,1,42.9414,42.9759,46.3183,0.0927004,0.140271,1.04259,0.380018,0.433001,1.00318,28.5228,29.5868,75.8553,0.514885,0.841318,7.41909,0.138482,0.115343,0.0850747,0.198965,10.7586,10.1524,0.135873,0.138482,0.0949303,0.211119,0.115343,0.0850747,0.0669009,0.0807151,0.262703,0.20457,0.198965,0.183369,0.138656,0.0643618,0.029305,0.0203872,-0.00250578,0.0312557,0.0229247,4.81345e-05,0.0187959,0.0130317,-0.00869846,0.031014,0.0230213,0.000126199,0.0298848,0.0225587,0.00149352,0.0312866,0.0236997,-0.0030011,0.026893,0.0201314,-0.00187355,0.0318738,0.0225371,-0.00993242,0.0285504,0.0217441,7.80923e-05,0.0301706,0.0220293,-0.00523247,0.0321377,0.0237289,-0.00089293,0.0293611,0.0221637,-0.000638031,0.029369,0.0228121,-0.00193432
sweep_train_rec1,cpp:tbo_replay_snapshot,52,0,0.0288886,0.0766186,0.704649,0.0204343,0.025747,0.133803,-0.00197045,0.00175649,0.101474,0.253935,2.05709,12.0848,0.0308195,0.0556282,0.72049,0.00101408,0.00243949,0.104212,0.0300961,0.0601721,0.372819,0.00195406,0.0069836,0.161207,0.0295045,0.103896,0.760866,0.0187961,0.0905178,1.65065,0.0803969,0.785543,5.37969,0.712077,0.992827,5.40203,2.31289,4.32464,28.5424,19.716,24.3159,86.2434,0.451595,1.70091,11.1214,0.105815,0.634559,16.3191,0.993334,3.00989,27.6339,6.62624,14.3008,83.5639,1.36344,3.10582,26.744,1.07178,1.51414,8.36445,4.26364,9.69585,57.7837,0.688265,5.81238,56.7213,0.012797,0.116295,1.02505,0,0.00308756,0.0637666,1,0.999903,1,1,0.999975,1,42.9414,42.9872,46.3183,0.0927004,0.140271,1.04259,0.516085,0.541401,1.01572,28.5287,29.6027,76.2271,0.512818,0.659121,2.59819,0.137102,0.111909,0.083123,0.196935,6.74129,5.72113,0.109749,0.137102,0.0919751,0.211121,0.111909,0.083123,0.0627319,0.0736616,0.259737,0.204541,0.196935,0.18159,0.137705,0.0593585,0.0288886,0.0204343,-0.00197045,0.0306406,0.0228719,0.00037679,0.0187961,0.0130319,-0.00869813,0.0308195,0.0230004,0.00101408,0.0300961,0.0228042,0.00195406,0.03137,0.0238733,-0.00230544,0.0260766,0.0196396,-0.00115448,0.0307118,0.0216317,-0.00951995,0.0284795,0.0217279,-9.10806e-05,0.0295045,0.0214648,-0.00490664,0.0318927,0.0236422,-7.45603e-05,0.0296183,0.0222171,-0.000281319,0.0295955,0.0227428,-0.00141811
sweep_train_rec2,cpp:tbo_replay_snapshot,52,0,0.0297171,0.0782376,0.704649,0.0205054,0.0259605,0.133803,-0.00208134,0.00148516,0.101474,0.263516,2.11783,12.0848,0.0313647,0.0610895,0.720516,0.000589047,0.00165835,0.104232,0.0298642,0.0600344,0.372819,0.0020467,0.00685044,0.161207,0.0300572,0.109375,0.760866,0.0187961,0.0905172,1.65065,0.294,0.810445,5.37969,0.712077,0.992827,5.40203,2.31289,4.32468,28.5425,19.716,24.3202,86.186,0.451595,1.70091,11.1211,0.103264,0.621866,16.3191,0.960259,3.00764,27.634,6.62624,14.3009,83.4916,1.36344,3.10391,26.7441,1.07322,1.51459,8.36445,4.26364,9.70949,57.7837,0.688265,5.79243,56.7213,0.0127987,0.11593,1.02505,0,0.00324966,0.0637666,1,0.999903,1,1,0.999975,1,42.9414,42.9872,46.3183,0.0927004,0.140271,1.04259,0.472484,0.504636,0.972576,28.5287,29.6027,76.2271,0.512443,0.657067,2.59819,0.137844,0.115009,0.0830733,0.198064,6.74477,5.72495,0.109372,0.137844,0.0935172,0.211121,0.115009,0.0830733,0.0632074,0.0782894,0.262696,0.202908,0.198064,0.182868,0.138069,0.0600872,0.0297171,0.0205054,-0.00208134,0.0314572,0.0231729,0.000273115,0.0187961,0.0130319,-0.00869813,0.0313647,0.0233153,0.000589047,0.0298642,0.0225345,0.0020467,0.0311965,0.023579,-0.00205777,0.0269337,0.0201476,-0.00168841,0.0318526,0.0225221,-0.00991834,0.0284799,0.0217281,-0.000224437,0.0300572,0.0220609,-0.00507942,0.033114,0.0240352,-0.000511226,0.0293694,0.0220777,-0.00028132,0.0295955,0.0229493,-0.00114434
sweep_train_rec3,cpp:tbo_replay_snapshot,52,0,0.0297171,0.0705991,0.704649,0.0203074,0.0252421,0.133803,-0.00208134,0.000761596,0.101474,0.263516,2.01207,12.0848,0.0313647,0.0482412,0.242532,0.000589047,-0.000257493,0.0273396,0.0298642,0.0540029,0.372819,0.00186657,0.0062907,0.161207,0.0300572,0.109376,0.760866,0.0187961,0.0905173,1.65065,0.284064,0.727146,5.37969,0.712077,0.992827,5.40203,2.19622,4.24689,28.5425,17.8692,23.5222,86.186,0.451595,1.70083,11.1211,0.0855152,0.610732,16.3191,0.949037,2.92732,27.634,6.07092,13.4642,83.4916,1.18123,3.0238,26.7441,1.07322,1.51459,8.36445,4.26364,9.70949,57.7837,0.688265,5.79243,56.7213,0.0127987,0.11593,1.02505,0,0.00324966,0.0637666,1,0.999903,1,1,0.999975,1,42.9414,42.9872,46.3183,0.0927004,0.140271,1.04259,0.416313,0.460136,0.895144,28.5287,29.6027,76.2271,0.512443,0.655753,2.59819,0.124052,0.0630475,0.0694191,0.198064,6.71709,5.69231,0.109372,0.124052,0.0607028,0.211121,0.0630475,0.0694191,0.0341356,0.0782896,0.262696,0.202908,0.198064,0.158999,0.130876,0.0478394,0.0297171,0.0203074,-0.00208134,0.0314572,0.022911,0.000273115,0.0187961,0.0130319,-0.00869813,0.0313647,0.0233153,0.000589047,0.0298642,0.0222818,0.00186657,0.0310472,0.0233554,-0.00205777,0.0269337,0.0201476,-0.00168841,0.0318526,0.0225221,-0.00991834,0.0284799,0.0217281,-0.000224437,0.0300572,0.0220609,-0.00507942,0.033114,0.0238538,-0.000511226,0.0293694,0.021929,-0.00028132,0.0295955,0.0227428,-0.00150507
sweep_train_rec4,cpp:tbo_replay_snapshot,52,0,0.0297171,0.0782376,0.704649,0.0205054,0.0259605,0.133803,-0.00208134,0.00148516,0.101474,0.263516,2.11783,12.0848,0.0313647,0.0610895,0.720516,0.000589047,0.00165835,0.104232,0.0298642,0.0600344,0.372819,0.0020467,0.00685044,0.161207,0.0300572,0.109375,0.760866,0.0187961,0.0905172,1.65065,0.294,0.810445,5.37969,0.712077,0.992827,5.40203,2.31289,4.32468,28.5425,19.716,24.3202,86.186,0.451595,1.70091,11.1211,0.103264,0.621866,16.3191,0.960259,3.00764,27.634,6.62624,14.3009,83.4916,1.36344,3.10391,26.7441,1.07322,1.51459,8.36445,4.26364,9.70949,57.7837,0.688265,5.79243,56.7213,0.0127987,0.11593,1.02505,0,0.00324966,0.0637666,1,0.999903,1,1,0.999975,1,42.9414,42.9872,46.3183,0.0927004,0.140271,1.04259,0.543048,0.6041,1.26801,28.5287,29.6027,76.2271,0.512443,0.657067,2.59819,0.137844,0.115009,0.0830733,0.198064,6.74477,5.72495,0.109372,0.137844,0.0935172,0.211121,0.115009,0.0830733,0.0632074,0.0782894,0.262696,0.202908,0.198064,0.182868,0.138069,0.0600872,0.0297171,0.0205054,-0.00208134,0.0314572,0.0231729,0.000273115,0.0187961,0.0130319,-0.00869813,0.0313647,0.0233153,0.000589047,0.0298642,0.0225345,0.0020467,0.0311965,0.023579,-0.00205777,0.0269337,0.0201476,-0.00168841,0.0318526,0.0225221,-0.00991834,0.0284799,0.0217281,-0.000224437,0.0300572,0.0220609,-0.00507942,0.033114,0.0240352,-0.000511226,0.0293694,0.0220777,-0.00028132,0.0295955,0.0229493,-0.00114434
sweep_train_wsp0,cpp:tbo_replay_snapshot,52,0,0.0289086,0.0787804,0.703582,0.0202317,0.0279589,0.133836,-0.0023483,0.00306897,0.0994155,0.263514,2.06065,12.0993,0.0300581,0.0581763,0.721392,0.000632367,0.00353738,0.104621,0.0298317,0.0628841,0.376063,0.00162465,0.00798723,0.164785,0.0294441,0.104071,0.761314,0.0187958,0.0904811,1.64819,0.0843129,0.79728,5.38273,0.745738,1.00749,5.40203,2.30048,6.1287,47.6863,19.7204,25.6653,86.3017,0.456171,1.70778,11.063,0.0922718,2.00213,39.3126,1.00528,4.99962,46.4593,6.51171,16.6037,84.3358,1.36069,5.0349,45.8116,1.05955,1.62329,9.11226,4.26364,10.4595,62.2748,0.683084,7.23578,63.5015,0.0127238,0.149336,1.17115,0,0.0210397,0.515368,1,0.999369,1,1,0.999458,1,42.9414,42.9759,46.3183,0.0927004,0.140271,1.04259,0.599092,0.727792,1.43906,28.5228,29.5868,75.8553,0.516316,0.851689,7.44422,0.138092,0.113404,0.0852316,0.196995,10.8874,10.2886,0.136625,0.138092,0.0941181,0.211133,0.113404,0.0852316,0.0672453,0.0737576,0.259786,0.204608,0.196995,0.182404,0.138768,0.0649454,0.0289086,0.0202317,-0.0023483,0.0307382,0.0225331,9.89536e-05,0.0187958,0.0130318,-0.00869825,0.0300581,0.0225867,0.000632367,0.0298317,0.0224573,0.00162465,0.0312339,0.0236467,-0.003205,0.0266007,0.0199956,-0.00142982,0.0307662,0.0219919,-0.00950908,0.0285549,0.0217326,0.000101413,0.0294441,0.0215022,-0.00501172,0.0317456,0.0235021,-0.000632602,0.0293906,0.0221582,-0.000672774,0.0293899,0.0226321,-0.00193133
val,cpp:tbo_replay_snapshot,17,0,0.0355056,0.0781532,0.564953,0.0182308,0.0332464,0.169636,-0.00217505,-0.00573046,0.0288383,0.484552,1.84277,7.03997,0.0301119,0.0835937,0.672872,-0.00123817,-0.000660667,0.0873222,0.0293085,0.0854054,0.665671,0.000993163,-0.00825604,0.0507056,0.0371063,0.090283,0.33136,0.0145499,0.0348431,0.190239,0.588065,0.731563,2.16288,0.639967,1.15764,3.28506,2.55714,8.78462,46.6112,21.0314,27.893,89.5448,1.22198,2.29329,15.5411,0.0429274,-0.0697879,31.1649,0.883097,7.39393,48.3345,6.83348,17.6389,89.5265,1.18785,7.41318,46.4397,0.408649,2.07997,15.7462,3.17196,10.1153,50.4907,0.729835,12.0176,89.5448,0.0133848,0.225534,1.71942,0,0.109574,1.68463,1,0.999327,1,1,0.999414,1,44.0661,43.5485,46.1696,0.0728691,0.140815,1.05794,0.695903,0.690923,0.737147,25.0677,28.0863,55.7711,0.364367,1.02386,4.92842,0.150574,0.184507,0.190596,0.139662,16.3528,15.3129,0.224304,0.150574,0.176071,0.0515057,0.184507,0.190596,0.126112,0.123055,0.159791,0.150223,0.139662,0.158171,0.196049,0.15319,0.0355056,0.0182308,-0.00217505,0.0296587,0.0221261,0.000223929,0.0145499,0.00931202,-0.00776865,0.0301119,0.0222735,-0.00123817,0.0293085,0.022481,0.000993163,0.0288675,0.0223268,-0.000395163,0.0273948,0.0206903,-0.00127618,0.0313861,0.0211852,-0.00970823,0.0292516,0.0214214,-0.000325536,0.0371063,0.0210956,-0.00519064,0.0298997,0.0222494,-0.00100014,0.0287813,0.0217675,-0.00076918,0.0292818,0.0226356,-0.00127158
val_cleanref,cpp:tbo_replay_snapshot,17,0,0.0355056,0.0781532,0.564953,0.0182308,0.0332464,0.169636,-0.00217505,-0.00573046,0.0288383,0.484552,1.84277,7.03997,0.0301119,0.0835937,0.672872,-0.00123817,-0.000660667,0.0873222,0.0293085,0.0854054,0.665671,0.000993163,-0.00825604,0.0507056,0.0371063,0.090283,0.33136,0.0145499,0.0348431,0.190239,0.588065,0.731563,2.16288,0.639967,1.15764,3.28506,2.28522,8.62823,47.9566,11.0336,20.017,89.5448,1.12828,2.15014,15.5559,0.0418152,-0.113049,31.1308,0.883097,7.32776,47.9,6.29847,17.4251,89.5265,0.887204,7.29791,47.8075,0.399967,2.07567,15.7618,3.16128,9.97704,50.4907,0.729835,12.0176,89.5448,0.0133848,0.225534,1.71942,0,0.109574,1.68463,1,0.999327,1,1,0.999482,1,44.0661,43.5485,46.1696,0.0728691,0.140815,1.05794,0.688885,0.67457,0.792585,25.0677,28.0863,55.7711,0.364367,1.02386,4.92842,0.150574,0.184507,0.190596,0.139662,16.1791,14.8424,0.224304,0.150574,0.176071,0.0515057,0.184507,0.190596,0.126112,0.123055,0.159791,0.150223,0.139662,0.158171,0.196049,0.15319,0.0355056,0.0182308,-0.00217505,0.0296587,0.0221261,0.000223929,0.0145499,0.00931202,-0.00776865,0.0301119,0.0222735,-0.00123817,0.0293085,0.022481,0.000993163,0.0288675,0.0223268,-0.000395163,0.0273948,0.0206903,-0.00127618,0.0313861,0.0211852,-0.00970823,0.0292516,0.0214214,-0.000325536,0.0371063,0.0210956,-0.00519064,0.0298997,0.0222494,-0.00100014,0.0287813,0.0217675,-0.00076918,0.0292818,0.0226356,-0.00127158
val_enu_estutm,cpp:tbo_replay_snapshot,17,0,0.0355056,0.0781532,0.564953,0.0182308,0.0332464,0.169636,-0.00217505,-0.00573046,0.0288383,0.484552,1.84277,7.03997,0.0301119,0.0835937,0.672872,-0.00123817,-0.000660667,0.0873222,0.0293085,0.0854054,0.665671,0.000993163,-0.00825604,0.0507056,0.0371063,0.090283,0.33136,0.0145499,0.0348431,0.190239,0.588065,0.731563,2.16288,0.639967,1.15764,3.28506,62.9659,64.6117,80.1847,110.986,115.923,181.094,1.67675,2.64364,15.6627,-7.67282,-5.62982,19.371,31.6274,33.9984,58.9462,108.238,105.261,165.505,32.8813,35.601,60.018,53.7751,54.3162,67.7037,98.1707,98.9802,110.06,110.861,109.993,181.094,2.04707,2.0562,3.47731,1.9943,1.7321,3.14012,1,0.999327,1,1,0.999414,1,44.0661,43.5485,46.1696,0.0728691,0.140815,1.05794,0.743452,0.753419,0.90626,25.0677,28.0863,55.7711,1.45785,2.00303,5.39404,0.150574,0.184507,0.190596,0.139662,64.9389,34.4727,2.05298,0.150574,0.176071,0.0515057,0.184507,0.190596,0.126112,0.123055,0.159791,0.150223,0.139662,0.158171,0.196049,0.15319,0.0355056,0.0182308,-0.00217505,0.0296587,0.0221261,0.000223929,0.0145499,0.00931202,-0.00776865,0.0301119,0.0222735,-0.00123817,0.0293085,0.022481,0.000993163,0.0288675,0.0223268,-0.000395163,0.0273948,0.0206903,-0.00127618,0.0313861,0.0211852,-0.00970823,0.0292516,0.0214214,-0.000325536,0.0371063,0.0210956,-0.00519064,0.0298997,0.0222494,-0.00100014,0.0287813,0.0217675,-0.00076918,0.0292818,0.0226356,-0.00127158
val_gnss1,cpp:tbo_replay_snapshot,17,0,0.0355055,0.0607114,0.269195,0.0186341,0.0306728,0.127312,-0.00279835,-0.00443092,0.0327816,0.484426,1.61115,7.04421,0.0291871,0.0670405,0.398644,-0.00123394,0.000603972,0.133815,0.0310451,0.0614814,0.255565,0.000678347,-0.00566884,0.0431189,0.0374648,0.0903727,0.331315,0.0145499,0.0348367,0.190382,0.485059,0.62111,2.16451,0.639967,1.15764,3.28506,738.413,716.835,5930.31,1439.51,1295.68,10107.4,9.28786,7.01903,13.8223,0.345627,-15.8569,185.773,359.818,276.587,1680.61,634.55,433.364,2016.62,436.036,526.874,5219.92,615.538,578.623,4560.06,1304.66,1134.3,8537.53,1439.48,1287.33,10107.3,26.5339,24.0357,186.065,9.05662,6.69304,36.9114,1,0.999327,1,1,0.999414,1,44.0661,43.5485,46.1696,0.0728691,0.140815,1.05794,0.652365,0.599387,0.785222,25.0677,28.0863,55.7711,25.1786,22.2734,154.51,0.0855945,0.117157,0.0905754,0.139661,1550.74,485.542,24.0275,0.0855945,0.0962817,0.0515186,0.117157,0.0905754,0.055907,0.122897,0.159756,0.150299,0.139661,0.114694,0.0839109,0.0756739,0.0355055,0.0186341,-0.00279835,0.030276,0.0226839,-0.000309187,0.0145499,0.00931202,-0.00776524,0.0291871,0.0219694,-0.00123394,0.0310451,0.0236293,0.000678347,0.0299811,0.0231576,-0.00147387,0.0284221,0.0209694,-0.00190431,0.0314637,0.0212316,-0.00970823,0.0292516,0.0216684,-0.000930582,0.0374648,0.0210956,-0.00522532,0.029667,0.0221469,-0.00197645,0.0294097,0.0223063,-0.00083857,0.0319644,0.0250015,-0.002269
val_gnss10,cpp:tbo_replay_snapshot,17,0,0.0355059,0.0775747,0.564954,0.0182308,0.0330861,0.169641,-0.00217502,-0.00345887,0.0290698,0.484552,1.83996,7.03997,0.0301116,0.0829004,0.672874,0.000527557,0.00227717,0.0873295,0.0308954,0.0850553,0.665672,0.000993163,-0.00550547,0.0510052,0.0364025,0.090351,0.33136,0.0145499,0.0348425,0.190239,0.588064,0.732277,2.16288,0.639967,1.15764,3.28506,3.10316,9.02195,41.4758,23.363,27.8082,72.3126,1.22198,2.29971,15.5404,0.0429803,0.665213,31.1836,1.49414,7.64395,40.2692,6.85757,17.9023,72.2895,1.48713,7.67443,38.5352,0.447973,2.19436,15.7437,3.78841,11.687,50.4905,1.6925,12.1893,72.3126,0.0313139,0.22802,1.38853,0,0.0900941,1.35348,1,0.999327,1,1,0.999414,1,44.0661,43.5485,46.1696,0.0728691,0.140815,1.05794,0.71222,0.681335,0.905131,25.0677,28.0863,55.7711,0.446046,1.12324,4.91267,0.149996,0.184035,0.190111,0.139767,15.5296,14.3539,0.227509,0.149996,0.175372,0.0515056,0.184035,0.190111,0.12417,0.12306,0.159981,0.15021,0.139767,0.157347,0.195555,0.152382,0.0355059,0.0182308,-0.00217502,0.0296586,0.0221261,0.000222974,0.0145499,0.00930876,-0.00776865,0.0301116,0.0225128,0.000527557,0.0308954,0.023165,0.000993163,0.0292876,0.0225172,-0.000392857,0.0273948,0.0206903,-0.00127592,0.0313861,0.0211853,-0.00970823,0.0298413,0.0217622,-0.000325033,0.0364025,0.0210956,-0.00519012,0.0298997,0.0222492,-0.000856119,0.0301564,0.0220057,-0.000136133,0.0292818,0.0226355,0.000620209
val_gnss10_fg,cpp:tbo_replay_snapshot,17,0,0.0355059,0.0775954,0.564955,0.0182308,0.0331071,0.169643,-0.00217495,-0.00343655,0.0294459,0.484552,1.83996,7.03997,0.0301116,0.0829253,0.672876,0.000527557,0.00230977,0.0873329,0.0308953,0.0850766,0.665672,0.000993163,-0.00547754,0.0514764,0.0364025,0.0903514,0.33136,0.0145499,0.0348426,0.190239,0.588067,0.732278,2.16288,0.639967,1.15764,3.28506,3.10315,9.02912,41.5975,23.363,27.8082,72.3126,1.22198,2.29964,15.5392,0.0429638,0.66713,31.2157,1.49414,7.6525,40.2692,6.85757,17.9023,72.2895,1.48713,7.68323,38.5352,0.447973,2.19415,15.7399,3.78841,11.6871,50.4914,1.6925,12.1894,72.3126,0.0313139,0.228022,1.38853,0,0.0900941,1.35348,1,0.999327,1,1,0.999414,1,44.0661,43.5485,46.1696,0.0728691,0.140815,1.05794,1.59276,1.7779,2.71903,25.0677,28.0863,55.7711,0.446046,1.12447,4.93351,0.150009,0.184051,0.190124,0.139767,15.5515,14.3779,0.227511,0.150009,0.175387,0.0515056,0.184051,0.190124,0.124194,0.123061,0.159982,0.15021,0.139767,0.157364,0.195565,0.152409,0.0355059,0.0182308,-0.00217495,0.0296586,0.0221261,0.000223077,0.0145499,0.00930876,-0.00776865,0.0301116,0.0225128,0.000527557,0.0308953,0.023165,0.000993163,0.0292876,0.0225173,-0.000392857,0.0273948,0.0206903,-0.00127591,0.0313861,0.0211853,-0.00970823,0.0298413,0.0217622,-0.000325033,0.0364025,0.0210956,-0.00519012,0.0298997,0.0222492,-0.000856119,0.0301564,0.0220057,-0.000136036,0.0292818,0.0226355,0.000621172
val_gnss10_fg_lag6,cpp:tbo_replay_snapshot,17,0,0.0354826,0.0782065,0.565439,0.0182307,0.0333701,0.171369,-0.00221643,-0.00567329,0.0288409,0.484552,1.84274,7.04003,0.0300726,0.0836766,0.673917,-0.00169247,-0.000585602,0.0901717,0.0293091,0.0854298,0.665754,0.000991539,-0.00820048,0.0507065,0.037107,0.0902842,0.331471,0.014585,0.0348459,0.190241,0.588066,0.732066,2.1629,0.639967,1.15764,3.28506,2.55994,8.81653,46.7932,21.0311,27.8779,89.8824,1.222,2.29324,15.5411,0.046741,-0.0516113,31.1595,0.882256,7.42556,48.5152,6.81472,17.6158,89.8642,1.18553,7.44439,46.6208,0.40882,2.08912,15.7467,3.17265,10.2111,50.5023,0.729112,12.1141,89.8824,0.0133716,0.227326,1.7259,0,0.109967,1.69112,1,0.999327,1,1,0.999414,1,44.0661,43.5485,46.1696,0.0728691,0.140815,1.05794,74.8694,72.6441,83.8589,25.0677,28.0863,55.7711,0.364365,1.02883,4.92776,0.150708,0.184789,0.190634,0.13968,16.4083,15.3703,0.226105,0.150708,0.176234,0.0515072,0.184789,0.190634,0.12631,0.123105,0.159841,0.150203,0.13968,0.158438,0.196088,0.1534,0.0354826,0.0182307,-0.00221643,0.0296655,0.0221259,0.000229445,0.014585,0.00931176,-0.00776852,0.0300726,0.0222223,-0.00169247,0.0293091,0.0224812,0.000991539,0.0288971,0.0223272,-0.000411457,0.0273943,0.0206903,-0.00123231,0.0313854,0.0211847,-0.00970263,0.0292452,0.0214208,-0.000376643,0.037107,0.0210988,-0.00522324,0.0299061,0.0221458,-0.00103066,0.0287858,0.0217688,-0.000865875,0.0292956,0.0226357,-0.00133973
val_gnss10_win15,cpp:tbo_replay_snapshot,17,0,0.0355059,0.0779205,0.560402,0.0188539,0.0336643,0.17503,-0.00217474,-0.00461098,0.0314066,0.484552,1.84209,7.04021,0.0305502,0.0829513,0.659423,-0.00114904,0.000983992,0.100192,0.0310998,0.0855539,0.665842,0.00104226,-0.00703295,0.0539524,0.0371063,0.0902336,0.331589,0.0145499,0.034847,0.190246,0.588089,0.729595,2.16295,0.639967,1.15764,3.28506,4.29982,10.2187,53.7494,21.0314,29.8399,104.3,1.22206,2.30099,15.5336,-0.0164067,-1.27736,31.4012,1.49414,8.94432,55.8502,7.22935,20.0172,104.283,1.59333,8.93278,53.5235,0.408657,2.10363,15.7202,3.21777,10.3893,50.4981,0.729873,13.1026,104.3,0.0133855,0.246198,2.00275,0,0.126241,1.96798,1,0.999327,1,1,0.999414,1,44.0661,43.5485,46.1696,0.0728691,0.140815,1.05794,0.672788,0.655547,0.760955,25.0677,28.0863,55.7711,0.524772,1.202,5.14739,0.149379,0.181044,0.19057,0.13967,17.9029,17.0571,0.244555,0.149379,0.174623,0.0515097,0.181044,0.19057,0.125986,0.123185,0.159871,0.15016,0.13967,0.15488,0.195981,0.15358,0.0355059,0.0188539,-0.00217474,0.0317156,0.0230587,0.000223278,0.0145499,0.0093145,-0.00776865,0.0305502,0.0229408,-0.00114904,0.0310998,0.0231651,0.00104226,0.029755,0.0228645,-0.000395657,0.0274117,0.0206903,-0.0012757,0.0313861,0.0211852,-0.00970823,0.0291205,0.0214214,-0.000325176,0.0371063,0.0210956,-0.00513977,0.0299773,0.0223039,-0.00099798,0.0301564,0.0221614,-0.000767685,0.0302439,0.0229123,-0.00127109
val_gnss1_fg,cpp:tbo_replay_snapshot,17,0,0.0355055,0.0781297,0.564954,0.0182308,0.0332294,0.169641,-0.00217595,-0.00571516,0.0288364,0.484552,1.8427,7.03997,0.0301116,0.083568,0.672875,-0.00123394,-0.000641208,0.0873303,0.0293087,0.0853799,0.665672,0.000993163,-0.00823701,0.0507031,0.0371063,0.0902808,0.33136,0.0145499,0.0348431,0.190239,0.588065,0.731563,2.16288,0.639967,1.15764,3.28506,2.55711,8.77625,46.4695,21.0314,27.8749,89.2409,1.22198,2.29326,15.5411,0.042822,-0.0646172,31.1647,0.881412,7.38536,48.1911,6.83348,17.6205,89.2227,1.18782,7.40474,46.2985,0.408649,2.07999,15.7462,3.17186,10.1012,50.4907,0.729835,11.9999,89.2409,0.0133848,0.225194,1.71358,0,0.10923,1.6788,1,0.999327,1,1,0.999414,1,44.0661,43.5485,46.1696,0.0728691,0.140815,1.05794,1.88302,1.52323,2.25702,25.0677,28.0863,55.7711,0.364366,1.0237,4.92857,0.150558,0.184493,0.190582,0.139661,16.3318,15.2894,0.223974,0.150558,0.176052,0.0515057,0.184493,0.190582,0.126067,0.123055,0.159791,0.150222,0.139661,0.158149,0.196036,0.153168,0.0355055,0.0182308,-0.00217595,0.0296584,0.0221261,0.000220196,0.0145499,0.00931202,-0.00776864,0.0301116,0.0222731,-0.00123394,0.0293087,0.0224811,0.000993163,0.0288674,0.0223268,-0.000398026,0.0273948,0.0206903,-0.00127591,0.0313863,0.0211854,-0.00970823,0.0292516,0.0214213,-0.000325761,0.0371063,0.0210956,-0.00519087,0.0298998,0.0222492,-0.00099895,0.0287813,0.0217674,-0.000770127,0.029282,0.0226356,-0.00127296
val_gnss1_win6,cpp:tbo_replay_snapshot,17,0,0.0355056,0.0781449,0.564953,0.0182308,0.0332404,0.169636,-0.0021754,-0.00572467,0.0288389,0.484552,1.84275,7.03997,0.0301118,0.0835846,0.672872,-0.00123801,-0.00065329,0.0873224,0.0293086,0.0853965,0.665671,0.000993163,-0.00824876,0.0507064,0.0371063,0.0902822,0.33136,0.0145499,0.0348431,0.190239,0.588065,0.731563,2.16288,0.639967,1.15764,3.28506,2.55714,8.78167,46.561,21.0314,27.8867,89.4373,1.22198,2.29328,15.5411,0.0429255,-0.0679604,31.1648,0.882873,7.39093,48.2837,6.83348,17.6325,89.419,1.18785,7.41024,46.3896,0.408649,2.07997,15.7461,3.17196,10.1103,50.4907,0.729835,12.0113,89.4373,0.0133848,0.225413,1.71735,0,0.109452,1.68257,1,0.999327,1,1,0.999414,1,44.0661,43.5485,46.1696,0.0728691,0.140815,1.05794,0.720957,0.713061,0.788575,25.0677,28.0863,55.7711,0.364367,1.0238,4.92837,0.150568,0.184502,0.190591,0.139661,16.3454,15.3046,0.224186,0.150568,0.176064,0.0515057,0.184502,0.190591,0.126096,0.123055,0.159791,0.150223,0.139661,0.158163,0.196044,0.153182,0.0355056,0.0182308,-0.0021754,0.0296587,0.0221261,0.000223996,0.0145499,0.00931202,-0.00776865,0.0301118,0.0222734,-0.00123801,0.0293086,0.022481,0.000993163,0.0288675,0.0223268,-0.000395105,0.0273948,0.0206903,-0.0012761,0.0313861,0.0211852,-0.00970823,0.0292516,0.0214214,-0.000325553,0.0371063,0.0210956,-0.00519066,0.0298997,0.0222493,-0.000999737,0.0287813,0.0217675,-0.000769258,0.0292819,0.0226356,-0.00127211
val_gnss3,cpp:tbo_replay_snapshot,17,0,0.0355056,0.0781399,0.564954,0.0182308,0.0332367,0.169638,-0.0021758,-0.00572266,0.0288378,0.484552,1.84273,7.03997,0.0301117,0.083579,0.672873,-0.00123729,-0.000650738,0.0873261,0.0293086,0.0853909,0.665671,0.000993163,-0.00824656,0.050705,0.0371063,0.0902818,0.33136,0.0145499,0.0348431,0.190239,0.588065,0.731563,2.16288,0.639967,1.15764,3.28506,2.55711,8.77986,46.5308,21.0314,27.8828,89.3725,1.22198,2.29327,15.5411,0.0428713,-0.0669173,31.1649,0.881352,7.38903,48.2531,6.83348,17.6283,89.3543,1.18785,7.40836,46.3595,0.408649,2.07998,15.7462,3.17196,10.1073,50.4907,0.729835,12.0075,89.3725,0.0133848,0.225341,1.71611,0,0.109379,1.68133,1,0.999327,1,1,0.999414,1,44.0661,43.5485,46.1696,0.0728691,0.140815,1.05794,0.683985,0.656823,0.790284,25.0677,28.0863,55.7711,0.364367,1.02376,4.92846,0.150565,0.184499,0.190588,0.139661,16.3409,15.2996,0.224117,0.150565,0.17606,0.0515057,0.184499,0.190588,0.126087,0.123055,0.159791,0.150223,0.139661,0.158159,0.196041,0.153178,0.0355056,0.0182308,-0.0021758,0.0296586,0.0221261,0.000223039,0.0145499,0.00931202,-0.00776865,0.0301117,0.0222733,-0.00123729,0.0293086,0.022481,0.000993163,0.0288675,0.0223268,-0.000395842,0.0273948,0.0206903,-0.00127604,0.0313861,0.0211853,-0.00970823,0.0292516,0.0214213,-0.000325552,0.0371063,0.0210956,-0.00519066,0.0298997,0.0222493,-0.000999506,0.0287813,0.0217674,-0.000769257,0.0292819,0.0226356,-0.00127273
val_gnss3_fg,cpp:tbo_replay_snapshot,17,0,0.0355056,0.0781398,0.564953,0.0182308,0.0332366,0.169636,-0.00217573,-0.00572251,0.0288374,0.484552,1.84273,7.03997,0.0301118,0.083579,0.672872,-0.00123729,-0.000650528,0.0873233,0.0293086,0.0853909,0.665671,0.000993163,-0.0082463,0.0507045,0.0371063,0.0902818,0.33136,0.0145499,0.0348431,0.190239,0.588065,0.731563,2.16288,0.639967,1.15764,3.28506,2.55714,8.77985,46.5308,21.0314,27.8828,89.3725,1.22198,2.29327,15.5411,0.0429092,-0.06694,31.1649,0.881457,7.38903,48.2531,6.83348,17.6285,89.3543,1.18785,7.40835,46.3595,0.408649,2.07997,15.7462,3.17196,10.1072,50.4907,0.729835,12.0075,89.3725,0.0133848,0.22534,1.71611,0,0.109379,1.68133,1,0.999327,1,1,0.999414,1,44.0661,43.5485,46.1696,0.0728691,0.140815,1.05794,0.7933,0.896219,1.47461,25.0677,28.0863,55.7711,0.364367,1.02376,4.92849,0.150565,0.184498,0.190588,0.139661,16.3409,15.2996,0.224115,0.150565,0.17606,0.0515057,0.184498,0.190588,0.126087,0.123055,0.159791,0.150223,0.139661,0.158158,0.196041,0.153177,0.0355056,0.0182308,-0.00217573,0.0296587,0.0221261,0.000224544,0.0145499,0.00931202,-0.00776865,0.0301118,0.0222734,-0.00123729,0.0293086,0.022481,0.000993163,0.0288675,0.0223268,-0.00039468,0.0273948,0.0206903,-0.00127609,0.031386,0.0211852,-0.00970823,0.0292516,0.0214214,-0.000325552,0.0371063,0.0210956,-0.00519066,0.0298996,0.0222493,-0.000999727,0.0287813,0.0217675,-0.000769257,0.0292819,0.0226356,-0.00127262
val_gnss3_win8,cpp:tbo_replay_snapshot,17,0,0.0355057,0.0781565,0.564954,0.0182308,0.033249,0.16964,-0.00217468,-0.00573249,0.0288401,0.484552,1.84278,7.03997,0.0301119,0.0835974,0.672874,-0.00123774,-0.000663267,0.087328,0.0293085,0.0854089,0.665672,0.000993163,-0.00825866,0.050708,0.0371063,0.0902833,0.33136,0.0145499,0.0348431,0.190239,0.588065,0.731563,2.16288,0.639967,1.15764,3.28506,2.55713,8.78579,46.6302,21.0314,27.8953,89.5853,1.22198,2.29329,15.5411,0.0429327,-0.0704301,31.1648,0.883077,7.39512,48.3537,6.83348,17.6412,89.5671,1.18785,7.41436,46.4585,0.408649,2.07999,15.7461,3.17196,10.1174,50.4907,0.729835,12.0201,89.5853,0.0133848,0.225582,1.72019,0,0.109619,1.68541,1,0.999327,1,1,0.999414,1,44.0661,43.5485,46.1696,0.0728691,0.140815,1.05794,0.680241,0.696603,0.834645,25.0677,28.0863,55.7711,0.364368,1.02388,4.92828,0.150576,0.18451,0.190598,0.139662,16.3557,15.3162,0.224351,0.150576,0.176074,0.0515057,0.18451,0.190598,0.126119,0.123055,0.159791,0.150223,0.139662,0.158175,0.196051,0.153193,0.0355057,0.0182308,-0.00217468,0.0296586,0.0221261,0.000222999,0.0145499,0.00931202,-0.00776865,0.0301119,0.0222735,-0.00123774,0.0293085,0.022481,0.000993163,0.0288675,0.0223268,-0.000395869,0.0273948,0.0206903,-0.00127621,0.0313861,0.0211853,-0.00970823,0.0292516,0.0214214,-0.000325521,0.0371063,0.0210956,-0.00519062,0.0298997,0.0222495,-0.00100029,0.0287813,0.0217675,-0.000769106,0.0292817,0.0226355,-0.00127098
val_gnss5_fg,cpp:tbo_replay_snapshot,17,0,0.0355056,0.0781534,0.564954,0.0182308,0.0332468,0.169641,-0.00217474,-0.00573017,0.0288395,0.484552,1.84277,7.03997,0.030112,0.0835939,0.672875,-0.00123817,-0.00066031,0.0873301,0.0293085,0.0854055,0.665672,0.000993163,-0.00825573,0.0507072,0.0371063,0.0902831,0.33136,0.0145499,0.0348431,0.190239,0.588065,0.731563,2.16288,0.639967,1.15764,3.28506,2.55713,8.78467,46.6112,21.0314,27.8929,89.5448,1.22198,2.29329,15.5411,0.042946,-0.0697092,31.1648,0.883121,7.39399,48.3345,6.83348,17.6388,89.5265,1.18785,7.41325,46.4397,0.408649,2.07999,15.7461,3.17196,10.1155,50.4907,0.729835,12.0178,89.5448,0.0133848,0.225537,1.71942,0,0.109574,1.68463,1,0.999327,1,1,0.999414,1,44.0661,43.5485,46.1696,0.0728691,0.140815,1.05794,1.81814,1.53074,2.16733,25.0677,28.0863,55.7711,0.364367,1.02386,4.92833,0.150574,0.184508,0.190596,0.139662,16.3529,15.313,0.224307,0.150574,0.176071,0.0515057,0.184508,0.190596,0.126113,0.123055,0.159791,0.150223,0.139662,0.158172,0.196049,0.15319,0.0355056,0.0182308,-0.00217474,0.0296586,0.0221261,0.000223179,0.0145499,0.00931202,-0.00776865,0.030112,0.0222736,-0.00123817,0.0293085,0.022481,0.000993163,0.0288675,0.0223268,-0.000395734,0.0273948,0.0206903,-0.00127632,0.0313861,0.0211852,-0.00970823,0.0292516,0.0214214,-0.000325536,0.0371063,0.0210956,-0.00519064,0.0298997,0.0222495,-0.00100075,0.0287813,0.0217676,-0.00076918,0.0292817,0.0226355,-0.00127108
val_gnss5_win10,cpp:tbo_replay_snapshot,17,0,0.0355058,0.0779926,0.564953,0.0182308,0.0331324,0.169636,-0.00217511,-0.00558468,0.0289695,0.484552,1.84225,7.03997,0.0301114,0.0834183,0.672872,-0.0012374,-0.000470929,0.0873225,0.0293085,0.0852328,0.665671,0.000993163,-0.00807255,0.0508769,0.0371063,0.0902634,0.33136,0.0145499,0.0348431,0.190239,0.588065,0.731556,2.16288,0.639967,1.15764,3.28506,2.55713,8.72785,45.5996,21.0314,27.7656,87.3722,1.22198,2.29309,15.5407,0.0429735,-0.031733,31.1741,0.882916,7.33689,47.3104,6.83348,17.5105,87.3567,1.1879,7.35728,45.432,0.40865,2.07983,15.7448,3.16128,10.0173,50.4907,0.729835,11.8898,87.3722,0.0133848,0.22308,1.6777,0,0.107119,1.64291,1,0.999327,1,1,0.999414,1,44.0661,43.5485,46.1696,0.0728691,0.140815,1.05794,0.699229,0.705557,0.76004,25.0677,28.0863,55.7711,0.364437,1.02216,4.91874,0.150468,0.184405,0.190506,0.139656,16.2116,15.1541,0.221919,0.150468,0.175942,0.0515057,0.184405,0.190506,0.1258,0.123052,0.159785,0.15022,0.139656,0.158016,0.195961,0.153044,0.0355058,0.0182308,-0.00217511,0.0296586,0.0221261,0.000222685,0.0145499,0.00931173,-0.00776865,0.0301114,0.0222727,-0.0012374,0.0293085,0.022481,0.000993163,0.0288675,0.0223268,-0.000396107,0.0273948,0.0206903,-0.00127561,0.0313861,0.0211853,-0.00970823,0.029259,0.0214214,-0.000325177,0.0371063,0.0210956,-0.00519027,0.0298997,0.0222489,-0.000997591,0.0287813,0.0217676,-0.00070172,0.0292818,0.0226355,-0.00127165
val_lag6,cpp:tbo_replay_snapshot,17,0,0.0354825,0.0781141,0.565437,0.0182307,0.0333019,0.171364,-0.00221648,-0.00563613,0.0288539,0.484552,1.84247,7.04003,0.0300726,0.0835758,0.673914,-0.00169247,-0.000537307,0.0901646,0.0293091,0.0853283,0.665753,0.000991539,-0.00815876,0.0507235,0.037107,0.0902754,0.331471,0.014585,0.0348459,0.190241,0.588066,0.732068,2.1629,0.639967,1.15764,3.28506,2.55995,8.78355,46.2362,21.0311,27.8076,88.6893,1.222,2.29312,15.541,0.046685,-0.033358,31.1603,0.859616,7.39135,47.9522,6.81472,17.5412,88.6732,1.18532,7.41062,46.0661,0.40882,2.08898,15.7466,3.17265,10.1548,50.5023,0.729112,12.0437,88.6893,0.0133716,0.225975,1.70299,0,0.10862,1.6682,1,0.999327,1,1,0.999414,1,44.0661,43.5485,46.1696,0.0728691,0.140815,1.05794,42.6867,43.0407,56.8676,25.0677,28.0863,55.7711,0.364366,1.02801,4.92675,0.150647,0.184729,0.190581,0.139678,16.327,15.2793,0.224792,0.150647,0.176159,0.0515072,0.184729,0.190581,0.126133,0.123104,0.15984,0.150201,0.139678,0.158348,0.196036,0.153316,0.0354825,0.0182307,-0.00221648,0.0296655,0.022126,-0.000188406,0.014585,0.00931176,-0.00776852,0.0300726,0.0222224,-0.00169247,0.0293091,0.0224812,0.000991539,0.0288972,0.0223272,-0.000411124,0.0273943,0.0206903,-0.0012325,0.0313854,0.0211847,-0.00970263,0.0292453,0.0214208,-0.000376878,0.037107,0.0210988,-0.00522324,0.0299061,0.0221457,-0.00103144,0.0287858,0.0217688,-0.000863567,0.0292956,0.0226357,-0.00133981
val_mf30,cpp:tbo_replay_snapshot,17,0,0.035495,0.0781437,0.564953,0.0182308,0.0332365,0.169636,-0.00217505,-0.00570867,0.0288383,0.484552,1.84277,7.03997,0.0301119,0.0835937,0.672872,-0.00123817,-0.000660667,0.0873222,0.0293085,0.0854054,0.665671,0.000993163,-0.00825604,0.0507056,0.0371063,0.090283,0.33136,0.0147751,0.0348342,0.190239,0.52956,0.711541,2.16288,0.639967,1.13593,3.28506,2.55714,8.78086,46.5577,21.0314,27.893,89.5448,1.22198,2.29506,15.5411,0.0429274,-0.0637243,31.1649,0.883097,7.39013,48.2768,6.83348,17.6389,89.5265,1.18681,7.40944,46.3842,0.408292,2.07986,15.7462,3.17196,10.1153,50.4907,0.729835,12.0176,89.5448,0.0133848,0.225534,1.71942,0,0.109574,1.68463,1,0.999909,1,1,0.999985,1,44.0661,43.5608,46.1696,0.0728691,0.140815,1.05794,0.44592,0.526343,0.969105,25.0677,28.105,55.9934,0.364367,1.02386,4.92842,0.150532,0.184507,0.190596,0.139662,16.3486,15.3087,0.224304,0.150532,0.176071,0.0514688,0.184507,0.190596,0.126112,0.123055,0.159791,0.150223,0.139662,0.158171,0.196049,0.15319,0.035495,0.0182308,-0.00217505,0.0296587,0.0221261,0.000223929,0.0147751,0.00931202,-0.00776865,0.0301119,0.0222735,-0.00123817,0.0293085,0.022481,0.000993163,0.0288675,0.0223268,-0.000395163,0.0273948,0.0206903,-0.00127618,0.0313861,0.0211852,-0.00970823,0.0292516,0.0214214,-0.000325531,0.0371063,0.0210956,-0.00519064,0.0298997,0.0222494,-0.00100014,0.0287813,0.0217675,-0.000769179,0.0292818,0.0226356,-0.00127158
val_out2ref,cpp:tbo_replay_snapshot,17,0,0.0399158,0.0811382,0.557293,0.0217865,0.0359699,0.168341,-0.00213094,-0.00560429,0.0292445,0.492793,1.87077,7.06979,0.0364582,0.0881174,0.663356,-0.00212887,-0.00257318,0.0865546,0.0365363,0.0904685,0.654822,0.00250169,-0.00607101,0.0507914,0.0440582,0.0968639,0.326317,0.0150303,0.0356723,0.198988,0.584441,0.754102,2.1872,0.63674,1.19084,3.33651,2.59942,8.74671,46.5854,21.0316,28.104,89.8386,1.19398,2.31327,15.9955,0.0262865,-0.106765,30.3499,0.885075,7.36601,48.2284,6.95244,17.981,89.8198,1.20577,7.38946,46.4152,0.409536,2.05961,15.9044,3.37844,10.1369,50.4911,0.713064,11.9794,89.2512,0.013143,0.224818,1.71378,0,0.109075,1.67899,0.97866,0.96574,0.999268,0.999468,0.997681,1,44.0661,43.5485,46.1696,0.0728691,0.140815,1.05794,0.682052,0.66517,0.79735,25.0677,28.0863,55.7711,0.372139,1.00596,4.68163,0.146342,0.179075,0.184854,0.141433,16.0566,14.9118,0.223591,0.146342,0.170637,0.0537568,0.179075,0.184854,0.121294,0.122773,0.162302,0.154586,0.141433,0.154121,0.189047,0.152964,0.0399158,0.0217865,-0.00213094,0.0360451,0.0276922,0.000372443,0.0150303,0.00930992,-0.00784694,0.0364582,0.0286389,-0.00212887,0.0365363,0.028534,0.00250169,0.0295536,0.0227659,-0.000104795,0.0370668,0.0289554,-0.00136415,0.041613,0.0293628,-0.0116862,0.0382373,0.0292051,0.00108653,0.0440582,0.0289124,-0.00485604,0.0353668,0.0269405,-0.0025077,0.0359429,0.0271228,0.00129133,0.0315849,0.023067,-0.00160811
val_refbag,cpp:tbo_replay_snapshot,17,0,0.05166,0.0874934,0.519417,0.0359054,0.0431024,0.111869,-0.00181327,-0.00524307,0.0297033,0.34273,1.78473,7.06979,0.0648483,0.0996136,0.596476,0.0480259,0.0419569,0.0773788,0.0610069,0.103239,0.621217,-0.047335,-0.0497632,0.0123734,0.0687022,0.0881275,0.289524,0.0152737,0.0308942,0.191053,0.179195,0.607719,2.17228,0.3717,1.01455,3.28342,2.63272,8.79989,46.3625,21.0354,28.1407,89.3082,1.22256,2.2952,15.5407,0.273012,0.115286,31.3718,1.02086,7.42563,48.0813,6.98928,17.9362,89.283,1.32772,7.44942,46.1894,0.408259,2.08167,15.7619,3.16062,10.094,50.4911,0.713064,11.9751,89.3082,0.013143,0.224743,1.71487,0,0.109077,1.68009,1,1,1,1,1,1,44.0661,43.5485,46.1696,0.0728691,0.140815,1.05794,0.677278,0.634571,0.76866,25.0677,28.0863,55.7711,0.376499,1.03627,5.00121,0.143438,0.170364,0.184706,0.104785,16.3329,15.2875,0.223511,0.143438,0.167763,0.0491843,0.170364,0.184706,0.125687,0.0697593,0.131463,0.119859,0.104785,0.144678,0.190379,0.153597,0.05166,0.0359054,-0.00181327,0.0589371,0.0464068,0.000927278,0.0152737,0.00916034,-0.00746704,0.0648483,0.0540843,0.0480259,0.0610069,0.0511222,-0.047335,0.0297708,0.0226358,-0.00102847,0.0633638,0.0530889,-0.000982747,0.0565734,0.0463609,0.036448,0.06747,0.0540632,-0.0507261,0.0687022,0.0501848,-0.00937676,0.0609113,0.0461235,0.0341593,0.0591594,0.0487486,-0.0437143,0.0353957,0.0273657,-0.00307159
val_reffix,cpp:tbo_replay_snapshot,17,0,0.0355056,0.0734818,0.521866,0.0182308,0.0293555,0.111204,-0.00217505,-0.00539779,0.0314354,0.484552,1.84277,7.03997,0.0301119,0.0743683,0.601747,-0.00169405,-0.0051161,0.043058,0.0293085,0.0814853,0.62279,0.000993163,-0.00271573,0.0502809,0.0371063,0.0742973,0.283487,0.0145499,0.0324521,0.190239,0.566051,0.718162,2.16288,0.625185,1.14317,3.28475,2.55714,8.76969,46.6112,21.0314,27.893,89.5448,1.22198,2.29298,15.5412,0.0429274,-0.10054,31.1753,0.894858,7.37768,48.3345,6.83348,17.6389,89.5265,1.18785,7.39804,46.4397,0.408649,2.0807,15.7587,3.17196,10.1153,50.4907,0.729835,12.0176,89.5448,0.0133848,0.225534,1.71942,0,0.109574,1.68463,1,0.999327,1,1,0.999414,1,44.0661,43.5485,46.1696,0.0728691,0.140815,1.05794,0.695115,0.693067,0.7925,25.0677,28.0863,55.7711,0.364367,1.02375,4.97621,0.139557,0.16461,0.178845,0.101483,16.3346,15.2908,0.224304,0.139557,0.162923,0.0498724,0.16461,0.178845,0.125477,0.0626121,0.125553,0.119849,0.101483,0.139536,0.185473,0.152152,0.0355056,0.0182308,-0.00217505,0.0296587,0.0221261,0.000223929,0.0145499,0.00894767,-0.00776865,0.0301119,0.0222735,-0.00169405,0.0293085,0.022481,0.000993163,0.0288338,0.0223268,-0.000395163,0.0273948,0.0206903,-0.00136295,0.0313861,0.0211852,-0.00970823,0.0292516,0.0214214,-0.000325536,0.0371063,0.0210956,-0.00519064,0.0298997,0.0222494,-0.00100014,0.0287813,0.0217675,-0.00076918,0.0292818,0.0224495,-0.00127158
val_speed3d,cpp:tbo_replay_snapshot,17,0,0.036623,0.080142,0.565155,0.0198161,0.0345553,0.171288,-0.00415782,-0.00782114,0.0262828,0.483484,2.0009,9.69861,0.0299398,0.0835704,0.672423,-0.00215556,-0.0015228,0.086141,0.0291944,0.0881061,0.665492,2.17989e-06,-0.00929354,0.0496349,0.0383407,0.0911913,0.330717,0.0209369,0.0387637,0.1906,0.58594,0.787235,2.16936,0.637884,1.21428,3.28739,2.55714,8.78462,46.6112,21.0314,27.893,89.5448,1.22198,2.29329,15.5411,0.0429274,-0.0697748,31.1653,0.883097,7.39395,48.3345,6.83348,17.6392,89.5265,1.18785,7.41315,46.4397,0.408649,2.07999,15.7461,3.17196,10.1153,50.4907,0.729835,12.0176,89.5448,0.0133848,0.225534,1.71942,0,0.109574,1.68463,1,0.999327,1,1,0.999414,1,44.0661,43.5485,46.1696,0.0728691,0.140815,1.05794,0.6786,0.665984,0.730571,25.0677,28.0863,55.7711,0.364367,1.02375,4.92835,0.151565,0.184521,0.192839,0.139489,16.3528,15.313,0.224304,0.151565,0.177036,0.0533065,0.184521,0.192839,0.12621,0.122994,0.159144,0.150744,0.139489,0.158235,0.196202,0.160849,0.036623,0.0198161,-0.00415782,0.0296283,0.0220545,-0.000805289,0.0209369,0.0136003,-0.0120626,0.0299398,0.0222305,-0.00215556,0.0291944,0.0223463,2.17989e-06,0.0286301,0.0221625,-0.00166341,0.0276664,0.0207976,-0.00202982,0.0326979,0.022102,-0.0108756,0.0307981,0.0233375,-0.00266655,0.0383407,0.0226329,-0.0071374,0.0302045,0.0225489,-0.00244593,0.0293191,0.0222254,-0.00211801,0.0291302,0.0225366,-0.00204791
val_utm,cpp:tbo_replay_snapshot,17,0,0.0355056,0.0781532,0.564953,0.0182308,0.0332464,0.169636,-0.00217505,-0.00573046,0.0288383,0.484552,1.84277,7.03997,0.0301119,0.0835937,0.672872,-0.00123817,-0.000660667,0.0873222,0.0293085,0.0854054,0.665671,0.000993163,-0.00825604,0.0507056,0.0371063,0.090283,0.33136,0.0145499,0.0348431,0.190239,0.588065,0.731563,2.16288,0.639967,1.15764,3.28506,2.55654,8.78224,46.5969,21.025,27.8856,89.5168,1.22222,2.294,15.5447,0.0428855,-0.0693186,31.1581,0.883061,7.39133,48.3195,6.83133,17.6325,89.4981,1.18749,7.41072,46.4252,0.408448,2.07838,15.7337,3.17024,10.0745,50.3466,0.729595,12.0141,89.5168,0.0133845,0.225536,1.71941,0,0.10837,1.68462,1,0.999327,1,1,0.999414,1,44.0661,43.5485,46.1696,0.0728691,0.140815,1.05794,0.779936,0.789673,1.10819,25.0677,28.0863,55.7711,0.363715,1.0239,4.92743,0.150574,0.184507,0.190596,0.139662,16.3481,15.3083,0.224313,0.150574,0.176071,0.0515057,0.184507,0.190596,0.126112,0.123055,0.159791,0.150223,0.139662,0.158171,0.196049,0.15319,0.0355056,0.0182308,-0.00217505,0.0296587,0.0221261,0.000223929,0.0145499,0.00931202,-0.00776865,0.0301119,0.0222735,-0.00123817,0.0293085,0.022481,0.000993163,0.0288675,0.0223268,-0.000395163,0.0273948,0.0206903,-0.00127618,0.0313861,0.0211852,-0.00970823,0.0292516,0.0214214,-0.000325536,0.0371063,0.0210956,-0.00519064,0.0298997,0.0222494,-0.00100014,0.0287813,0.0217675,-0.00076918,0.0292818,0.0226356,-0.00127158
val_utm_estenu,cpp:tbo_replay_snapshot,17,0,0.0355056,0.0781532,0.564953,0.0182308,0.0332464,0.169636,-0.00217505,-0.00573046,0.0288383,0.484552,1.84277,7.03997,0.0301119,0.0835937,0.672872,-0.00123817,-0.000660667,0.0873222,0.0293085,0.0854054,0.665671,0.000993163,-0.00825604,0.0507056,0.0371063,0.090283,0.33136,0.0145499,0.0348431,0.190239,0.588065,0.731563,2.16288,0.639967,1.15764,3.28506,63.2489,63.7658,80.1759,110.27,113.471,160.556,1.5983,2.64067,15.4779,5.18542,3.81936,37.4956,30.9381,32.7237,51.7171,116.684,108.767,164.034,33.1278,34.9774,54.9429,54.128,53.9222,57.7793,112.049,112.27,160.252,109.954,109.476,159.712,2.03748,2.04272,2.94474,0,0.0153649,0.261203,1,0.999327,1,1,0.999414,1,44.0661,43.5485,46.1696,0.0728691,0.140815,1.05794,0.724655,0.690472,0.804249,25.0677,28.0863,55.7711,1.44962,1.98117,5.57551,0.150574,0.184507,0.190596,0.139662,64.1083,33.5285,2.04402,0.150574,0.176071,0.0515057,0.184507,0.190596,0.126112,0.123055,0.159791,0.150223,0.139662,0.158171,0.196049,0.15319,0.0355056,0.0182308,-0.00217505,0.0296587,0.0221261,0.000223929,0.0145499,0.00931202,-0.00776865,0.0301119,0.0222735,-0.00123817,0.0293085,0.022481,0.000993163,0.0288675,0.0223268,-0.000395163,0.0273948,0.0206903,-0.00127618,0.0313861,0.0211852,-0.00970823,0.0292516,0.0214214,-0.000325536,0.0371063,0.0210956,-0.00519064,0.0298997,0.0222494,-0.00100014,0.0287813,0.0217675,-0.00076918,0.0292818,0.0226356,-0.00127158
whatif_val_fullmap,cpp:tbo_replay_snapshot,17,0,0.0354975,0.078223,0.56588,0.0182873,0.0332601,0.169758,-0.00217237,-0.00571594,0.0288473,0.484295,1.84334,7.03959,0.0301096,0.0837378,0.674368,-0.00125677,-0.00064228,0.087155,0.0292179,0.085441,0.666492,0.00107731,-0.00824428,0.0506916,0.0371056,0.090279,0.33135,0.0145482,0.0348411,0.190229,0.587902,0.731825,2.16277,0.639967,1.15764,3.28506,2.31496,8.31166,46.6236,11.0324,25.8004,89.5647,1.22204,2.28778,15.54,-0.0194078,-0.107918,31.1617,0.744763,7.31592,48.3471,4.01321,17.0683,89.5468,0.884621,7.32906,46.452,0.398424,1.5093,15.746,3.14123,7.74623,50.4851,0.736191,12.0234,89.5647,0.0135014,0.225641,1.7198,0,0.109633,1.68502,1,0.999327,1,1,0.999414,1,44.0661,43.5485,46.1696,0.0728691,0.140815,1.05794,0.959069,1.43352,2.76424,25.0677,28.0863,55.7711,0.35575,0.951506,4.92861,0.150793,0.184894,0.190807,0.139659,16.2449,15.3099,0.224413,0.150793,0.176337,0.0515028,0.184894,0.190807,0.126221,0.12306,0.159784,0.150222,0.139659,0.158404,0.196285,0.153602,0.0354975,0.0182873,-0.00217237,0.0296748,0.0222043,0.000225119,0.0145482,0.00931192,-0.00776777,0.0301096,0.0223803,-0.00125677,0.0292179,0.0224136,0.00107731,0.0288573,0.0223336,-0.000370166,0.0274009,0.0206926,-0.00128333,0.0313876,0.0211872,-0.00994306,0.0292545,0.0214222,-0.000323305,0.0371056,0.0210955,-0.00518771,0.0299138,0.022254,-0.000999567,0.0288016,0.0217853,-0.000738117,0.0294945,0.022785,-0.00121945
