s,x,y,z,yaw,curvature,grade,lat,lon,h,utm_e,utm_n,n_runs,lat_mad,z_mad
0.000,1635.2328,293.8546,5.7867,2.571065,0.070021,-0.001752,55.805436462,37.450077154,166.0026,402853.9892,6185512.4667,17,0.0520,0.0383
0.500,1634.8121,294.1245,5.7867,2.571065,0.077776,-0.001795,55.805438888,37.450070448,166.0025,402853.5749,6185512.7460,17,0.0520,0.0383
1.000,1634.3915,294.3944,5.7863,2.744374,0.081352,-0.001881,55.805441314,37.450063741,166.0020,402853.1606,6185513.0254,17,0.0520,0.0264
1.499,1633.9042,294.5054,5.7859,2.919334,0.080094,-0.001969,55.805442312,37.450055971,166.0015,402852.6761,6185513.1474,15,0.0409,0.0145
1.999,1633.4165,294.6148,5.7853,2.963430,0.074172,-0.002057,55.805443296,37.450048195,166.0007,402852.1912,6185513.2678,13,0.0297,0.0147
2.499,1632.9213,294.6824,5.7847,3.005704,0.064539,-0.002145,55.805443905,37.450040298,166.0000,402851.6978,6185513.3466,11,0.0185,0.0149
2.999,1632.4261,294.7502,5.7838,2.999909,0.052675,-0.002233,55.805444516,37.450032401,165.9990,402851.2044,6185513.4256,9,0.0074,0.0138
3.499,1631.9317,294.8236,5.7830,2.994176,0.040222,-0.002321,55.805445176,37.450024517,165.9981,402850.7120,6185513.5102,9,0.0067,0.0126
3.998,1631.4373,294.8970,5.7819,2.990235,0.028622,-0.002409,55.805445838,37.450016634,165.9969,402850.2196,6185513.5949,9,0.0061,0.0115
4.498,1630.9435,294.9743,5.7808,2.986333,0.018881,-0.002495,55.805446534,37.450008759,165.9957,402849.7278,6185513.6833,9,0.0055,0.0104
4.998,1630.4497,295.0516,5.7796,2.983658,0.011481,-0.002582,55.805447230,37.450000885,165.9943,402849.2360,6185513.7718,9,0.0049,0.0143
5.498,1629.9563,295.1315,5.7783,2.981009,0.006451,-0.002667,55.805447949,37.449993018,165.9929,402848.7447,6185513.8629,9,0.0047,0.0182
5.998,1629.4629,295.2114,5.7768,2.979188,0.003508,-0.002750,55.805448669,37.449985150,165.9913,402848.2534,6185513.9540,9,0.0045,0.0160
6.498,1628.9698,295.2931,5.7753,2.977394,0.002226,-0.002833,55.805449404,37.449977287,165.9897,402847.7625,6185514.0469,9,0.0043,0.0138
6.997,1628.4767,295.3749,5.7736,2.976670,0.002158,-0.002913,55.805450139,37.449969424,165.9879,402847.2715,6185514.1398,9,0.0041,0.0159
7.497,1627.9837,295.4573,5.7719,2.975987,0.002917,-0.002992,55.805450881,37.449961563,165.9861,402846.7807,6185514.2333,9,0.0048,0.0179
7.997,1627.4907,295.5396,5.7700,2.977129,0.004201,-0.003070,55.805451623,37.449953702,165.9840,402846.2899,6185514.3269,9,0.0056,0.0160
8.497,1626.9976,295.6209,5.7681,2.978318,0.005789,-0.003145,55.805452355,37.449945838,165.9819,402845.7988,6185514.4193,9,0.0063,0.0141
8.997,1626.5044,295.7021,5.7658,2.982037,0.007518,-0.003218,55.805453086,37.449937973,165.9796,402845.3078,6185514.5117,9,0.0070,0.0137
9.496,1626.0106,295.7797,5.7636,2.985796,0.009271,-0.003289,55.805453784,37.449930100,165.9772,402844.8161,6185514.6005,9,0.0077,0.0134
9.996,1625.5169,295.8572,5.7610,2.992166,0.010961,-0.003358,55.805454482,37.449922226,165.9745,402844.3243,6185514.6892,9,0.0083,0.0118
10.496,1625.0222,295.9286,5.7584,2.998557,0.012513,-0.003425,55.805455124,37.449914337,165.9718,402843.8315,6185514.7717,9,0.0090,0.0101
10.996,1624.5274,295.9997,5.7554,3.006911,0.013872,-0.003490,55.805455765,37.449906448,165.9687,402843.3387,6185514.8541,9,0.0097,0.0150
11.496,1624.0316,296.0628,5.7525,3.015266,0.015002,-0.003553,55.805456333,37.449898542,165.9656,402842.8446,6185514.9284,9,0.0095,0.0199
11.996,1623.5358,296.1257,5.7493,3.024613,0.015888,-0.003615,55.805456900,37.449890635,165.9623,402842.3505,6185515.0025,9,0.0093,0.0195
12.495,1623.0388,296.1794,5.7461,3.033946,0.016534,-0.003674,55.805457384,37.449882711,165.9590,402841.8551,6185515.0676,9,0.0091,0.0191
12.995,1622.5419,296.2331,5.7428,3.043413,0.016963,-0.003732,55.805457868,37.449874787,165.9556,402841.3596,6185515.1325,9,0.0089,0.0177
13.495,1622.0441,296.2774,5.7395,3.052860,0.017210,-0.003788,55.805458268,37.449866848,165.9522,402840.8631,6185515.1881,9,0.0096,0.0163
13.995,1621.5462,296.3217,5.7364,3.061847,0.017322,-0.003843,55.805458667,37.449858909,165.9489,402840.3665,6185515.2437,9,0.0103,0.0164
14.495,1621.0476,296.3571,5.7333,3.070813,0.017347,-0.003897,55.805458986,37.449850958,165.9457,402839.8690,6185515.2904,8,0.0109,0.0165
14.994,1620.5491,296.3924,5.7305,3.079114,0.017329,-0.003950,55.805459305,37.449843008,165.9428,402839.3715,6185515.3370,8,0.0116,0.0187
15.494,1620.0500,296.4195,5.7277,3.087398,0.017301,-0.004002,55.805459550,37.449835049,165.9399,402838.8734,6185515.3754,8,0.0112,0.0209
15.994,1619.5509,296.4465,5.7254,3.095409,0.017280,-0.004054,55.805459795,37.449827090,165.9374,402838.3752,6185515.4138,8,0.0107,0.0223
16.494,1619.0514,296.4656,5.7230,3.103409,0.017263,-0.004106,55.805459968,37.449819125,165.9349,402837.8764,6185515.4443,7,0.0103,0.0237
16.994,1618.5520,296.4847,5.7212,3.111894,0.017229,-0.004157,55.805460141,37.449811161,165.9329,402837.3777,6185515.4747,7,0.0098,0.0224
17.494,1618.0523,296.4953,5.7193,3.120368,0.017138,-0.004209,55.805460238,37.449803192,165.9310,402836.8785,6185515.4967,7,0.0097,0.0211
17.993,1617.5526,296.5059,5.7179,3.129673,0.016943,-0.004261,55.805460334,37.449795223,165.9294,402836.3793,6185515.5186,7,0.0097,0.0209
18.493,1617.0527,296.5072,5.7165,3.138965,0.016593,-0.004313,55.805460348,37.449787252,165.9279,402835.8798,6185515.5313,8,0.0096,0.0208
18.993,1616.5529,296.5085,5.7154,-3.134641,0.016045,-0.004367,55.805460361,37.449779282,165.9267,402835.3803,6185515.5440,8,0.0095,0.0234
19.493,1616.0532,296.5003,5.7144,-3.125079,0.015269,-0.004421,55.805460289,37.449771312,165.9255,402834.8807,6185515.5471,8,0.0093,0.0260
19.993,1615.5534,296.4920,5.7136,-3.116402,0.014258,-0.004476,55.805460216,37.449763342,165.9246,402834.3810,6185515.5502,8,0.0092,0.0234
20.493,1615.0539,296.4751,5.7128,-3.107734,0.013027,-0.004533,55.805460066,37.449755376,165.9237,402833.8814,6185515.5447,8,0.0090,0.0207
20.992,1614.5543,296.4582,5.7122,-3.101112,0.011616,-0.004591,55.805459916,37.449747410,165.9229,402833.3817,6185515.5391,8,0.0089,0.0195
21.492,1614.0551,296.4346,5.7115,-3.094485,0.010084,-0.004650,55.805459706,37.449739448,165.9222,402832.8822,6185515.5269,8,0.0078,0.0182
21.992,1613.5558,296.4111,5.7109,-3.090472,0.008502,-0.004710,55.805459496,37.449731486,165.9214,402832.3827,6185515.5148,8,0.0067,0.0204
22.492,1613.0568,296.3836,5.7103,-3.086455,0.006948,-0.004772,55.805459251,37.449723527,165.9207,402831.8833,6185515.4986,7,0.0056,0.0227
22.992,1612.5577,296.3560,5.7096,-3.084835,0.005497,-0.004835,55.805459005,37.449715569,165.9198,402831.3839,6185515.4824,7,0.0046,0.0244
23.491,1612.0587,296.3269,5.7089,-3.083217,0.004213,-0.004900,55.805458745,37.449707611,165.9190,402830.8846,6185515.4646,7,0.0065,0.0262
23.991,1611.5598,296.2977,5.7080,-3.083193,0.003142,-0.004966,55.805458485,37.449699654,165.9180,402830.3852,6185515.4468,7,0.0086,0.0254
24.491,1611.0608,296.2685,5.7071,-3.083175,0.002310,-0.005033,55.805458224,37.449691697,165.9170,402829.8859,6185515.4290,8,0.0107,0.0246
24.991,1610.5618,296.2393,5.7060,-3.083670,0.001720,-0.005101,55.805457964,37.449683740,165.9157,402829.3865,6185515.4112,8,0.0127,0.0265
25.491,1610.0628,296.2106,5.7048,-3.084168,0.001357,-0.005169,55.805457708,37.449675782,165.9145,402828.8871,6185515.3939,8,0.0124,0.0285
25.991,1609.5638,296.1820,5.7033,-3.084251,0.001185,-0.005239,55.805457452,37.449667824,165.9128,402828.3878,6185515.3766,8,0.0120,0.0282
26.490,1609.0648,296.1533,5.7018,-3.084332,0.001161,-0.005309,55.805457196,37.449659867,165.9112,402827.8884,6185515.3593,8,0.0117,0.0278
26.990,1608.5658,296.1247,5.6998,-3.083654,0.001234,-0.005379,55.805456941,37.449651909,165.9091,402827.3890,6185515.3421,8,0.0113,0.0284
27.490,1608.0669,296.0955,5.6979,-3.082967,0.001355,-0.005449,55.805456680,37.449643952,165.9070,402826.8897,6185515.3242,8,0.0103,0.0289
27.990,1607.5679,296.0662,5.6954,-3.081785,0.001481,-0.005519,55.805456418,37.449635994,165.9044,402826.3904,6185515.3062,8,0.0093,0.0298
28.490,1607.0690,296.0357,5.6929,-3.080595,0.001578,-0.005589,55.805456147,37.449628038,165.9018,402825.8911,6185515.2871,8,0.0083,0.0306
28.989,1606.5701,296.0052,5.6899,-3.079358,0.001625,-0.005658,55.805455874,37.449620082,165.8986,402825.3918,6185515.2680,8,0.0073,0.0241
29.489,1606.0713,295.9735,5.6868,-3.078118,0.001609,-0.005726,55.805455591,37.449612128,165.8954,402824.8925,6185515.2477,8,0.0072,0.0173
29.989,1605.5725,295.9418,5.6832,-3.077070,0.001529,-0.005793,55.805455308,37.449604173,165.8917,402824.3933,6185515.2273,8,0.0071,0.0256
30.489,1605.0737,295.9091,5.6796,-3.076023,0.001394,-0.005858,55.805455016,37.449596219,165.8879,402823.8941,6185515.2060,8,0.0071,0.0341
30.989,1604.5750,295.8763,5.6754,-3.075255,0.001215,-0.005922,55.805454723,37.449588265,165.8836,402823.3948,6185515.1846,8,0.0070,0.0370
31.489,1604.0763,295.8428,5.6712,-3.074490,0.001010,-0.005984,55.805454424,37.449580313,165.8793,402822.8957,6185515.1624,8,0.0083,0.0397
31.988,1603.5776,295.8093,5.6666,-3.074130,0.000799,-0.006044,55.805454125,37.449572360,165.8746,402822.3965,6185515.1403,8,0.0097,0.0383
32.488,1603.0789,295.7754,5.6620,-3.073776,0.000602,-0.006102,55.805453822,37.449564407,165.8699,402821.8973,6185515.1178,8,0.0111,0.0367
32.988,1602.5803,295.7416,5.6571,-3.073870,0.000437,-0.006158,55.805453520,37.449556455,165.8648,402821.3982,6185515.0952,8,0.0125,0.0398
33.488,1602.0816,295.7078,5.6522,-3.073974,0.000316,-0.006211,55.805453218,37.449548502,165.8598,402820.8990,6185515.0728,8,0.0131,0.0429
33.988,1601.5829,295.6740,5.6472,-3.074294,0.000248,-0.006261,55.805452916,37.449540549,165.8546,402820.3999,6185515.0504,8,0.0138,0.0422
34.487,1601.0842,295.6406,5.6422,-3.074619,0.000235,-0.006310,55.805452617,37.449532596,165.8495,402819.9007,6185515.0283,8,0.0145,0.0413
34.987,1600.5855,295.6071,5.6373,-3.074778,0.000270,-0.006355,55.805452319,37.449524643,165.8445,402819.4015,6185515.0063,8,0.0151,0.0375
35.487,1600.0868,295.5738,5.6324,-3.074932,0.000343,-0.006398,55.805452021,37.449516690,165.8395,402818.9023,6185514.9843,8,0.0130,0.0336
35.987,1599.5881,295.5405,5.6277,-3.074688,0.000436,-0.006438,55.805451724,37.449508737,165.8347,402818.4031,6185514.9624,8,0.0108,0.0365
36.487,1599.0894,295.5070,5.6231,-3.074434,0.000531,-0.006476,55.805451424,37.449500784,165.8300,402817.9040,6185514.9402,8,0.0086,0.0395
36.987,1598.5907,295.4734,5.6189,-3.073848,0.000611,-0.006511,55.805451125,37.449492831,165.8256,402817.4048,6185514.9180,8,0.0064,0.0332
37.486,1598.0920,295.4393,5.6147,-3.073252,0.000659,-0.006544,55.805450820,37.449484879,165.8213,402816.9057,6185514.8953,8,0.0068,0.0267
37.986,1597.5934,295.4052,5.6110,-3.072576,0.000667,-0.006575,55.805450515,37.449476927,165.8175,402816.4065,6185514.8725,7,0.0073,0.0198
38.486,1597.0948,295.3704,5.6074,-3.071897,0.000628,-0.006604,55.805450204,37.449468975,165.8137,402815.9074,6185514.8490,7,0.0077,0.0128
38.986,1596.5962,295.3356,5.6042,-3.071387,0.000545,-0.006631,55.805449893,37.449461024,165.8104,402815.4083,6185514.8256,6,0.0082,0.0118
39.486,1596.0976,295.3003,5.6011,-3.070882,0.000425,-0.006656,55.805449578,37.449453073,165.8072,402814.9092,6185514.8016,6,0.0078,0.0110
39.986,1595.5990,295.2649,5.5984,-3.070689,0.000278,-0.006680,55.805449262,37.449445122,165.8044,402814.4101,6185514.7777,6,0.0074,0.0126
40.485,1595.1005,295.2294,5.5958,-3.070507,0.000118,-0.006702,55.805448945,37.449437171,165.8016,402813.9110,6185514.7535,6,0.0070,0.0142
40.985,1594.6019,295.1939,5.5936,-3.070644,-0.000042,-0.006724,55.805448628,37.449429220,165.7993,402813.4119,6185514.7294,6,0.0066,0.0138
41.485,1594.1034,295.1586,5.5913,-3.070792,-0.000188,-0.006744,55.805448312,37.449421270,165.7969,402812.9129,6185514.7054,6,0.0059,0.0134
41.985,1593.6048,295.1232,5.5892,-3.071151,-0.000310,-0.006765,55.805447996,37.449413319,165.7947,402812.4138,6185514.6814,6,0.0052,0.0140
42.485,1593.1062,295.0882,5.5872,-3.071518,-0.000397,-0.006785,55.805447683,37.449405367,165.7925,402811.9147,6185514.6578,6,0.0045,0.0147
42.984,1592.6076,295.0532,5.5852,-3.071959,-0.000445,-0.006805,55.805447370,37.449397416,165.7904,402811.4156,6185514.6341,6,0.0037,0.0190
43.484,1592.1090,295.0187,5.5831,-3.072404,-0.000451,-0.006825,55.805447062,37.449389464,165.7882,402810.9164,6185514.6109,6,0.0047,0.0235
43.984,1591.6104,294.9841,5.5809,-3.072819,-0.000417,-0.006846,55.805446753,37.449381513,165.7858,402810.4173,6185514.5877,6,0.0057,0.0293
44.484,1591.1117,294.9500,5.5787,-3.073233,-0.000347,-0.006867,55.805446448,37.449373560,165.7835,402809.9182,6185514.5650,5,0.0067,0.0352
44.984,1590.6130,294.9158,5.5761,-3.073498,-0.000247,-0.006890,55.805446143,37.449365608,165.7808,402809.4190,6185514.5422,5,0.0077,0.0330
45.484,1590.1144,294.8820,5.5736,-3.073757,-0.000126,-0.006913,55.805445840,37.449357656,165.7782,402808.9199,6185514.5197,5,0.0069,0.0305
45.983,1589.6157,294.8481,5.5707,-3.073740,0.000006,-0.006939,55.805445538,37.449349703,165.7752,402808.4207,6185514.4972,5,0.0060,0.0313
46.483,1589.1170,294.8142,5.5678,-3.073711,0.000142,-0.006966,55.805445235,37.449341750,165.7721,402807.9215,6185514.4746,5,0.0051,0.0323
46.983,1588.6184,294.7803,5.5646,-3.073423,0.000273,-0.006995,55.805444932,37.449333798,165.7688,402807.4224,6185514.4521,5,0.0042,0.0292
47.483,1588.1197,294.7461,5.5614,-3.073122,0.000393,-0.007026,55.805444627,37.449325846,165.7654,402806.9232,6185514.4292,5,0.0041,0.0261
47.983,1587.6211,294.7119,5.5579,-3.072751,0.000498,-0.007059,55.805444321,37.449317894,165.7619,402806.4241,6185514.4064,5,0.0040,0.0248
48.482,1587.1224,294.6773,5.5544,-3.072377,0.000585,-0.007094,55.805444012,37.449309942,165.7583,402805.9250,6185514.3832,6,0.0039,0.0236
48.982,1586.6238,294.6427,5.5508,-3.072065,0.000651,-0.007133,55.805443703,37.449301990,165.7545,402805.4259,6185514.3600,6,0.0038,0.0192
49.482,1586.1252,294.6079,5.5472,-3.071756,0.000691,-0.007174,55.805443392,37.449294039,165.7508,402804.9267,6185514.3365,6,0.0037,0.0147
49.982,1585.6266,294.5730,5.5436,-3.071393,0.000699,-0.007218,55.805443080,37.449286087,165.7470,402804.4276,6185514.3129,6,0.0037,0.0125
50.482,1585.1280,294.5378,5.5400,-3.071026,0.000668,-0.007265,55.805442765,37.449278136,165.7433,402803.9285,6185514.2891,6,0.0036,0.0104
50.982,1584.6295,294.5025,5.5364,-3.070432,0.000588,-0.007315,55.805442450,37.449270185,165.7396,402803.4294,6185514.2652,6,0.0036,0.0111
51.481,1584.1309,294.4667,5.5328,-3.069825,0.000455,-0.007368,55.805442130,37.449262235,165.7359,402802.9304,6185514.2407,6,0.0059,0.0119
51.981,1583.6324,294.4308,5.5293,-3.069158,0.000268,-0.007425,55.805441810,37.449254285,165.7322,402802.4313,6185514.2162,6,0.0082,0.0086
52.481,1583.1339,294.3943,5.5258,-3.068487,0.000032,-0.007485,55.805441484,37.449246335,165.7286,402801.9323,6185514.1911,5,0.0106,0.0052
52.981,1582.6354,294.3578,5.5224,-3.068287,-0.000235,-0.007548,55.805441157,37.449238385,165.7251,402801.4333,6185514.1659,5,0.0130,0.0069
53.481,1582.1370,294.3211,5.5190,-3.068113,-0.000512,-0.007616,55.805440829,37.449230436,165.7215,402800.9342,6185514.1406,5,0.0129,0.0089
53.980,1581.6385,294.2844,5.5156,-3.068777,-0.000770,-0.007686,55.805440501,37.449222487,165.7180,402800.4352,6185514.1153,5,0.0127,0.0098
54.480,1581.1400,294.2484,5.5122,-3.069491,-0.000978,-0.007760,55.805440180,37.449214537,165.7145,402799.9362,6185514.0906,5,0.0125,0.0107
54.980,1580.6414,294.2124,5.5088,-3.070804,-0.001108,-0.007838,55.805439858,37.449206586,165.7110,402799.4371,6185514.0660,5,0.0124,0.0094
55.480,1580.1428,294.1777,5.5054,-3.072155,-0.001141,-0.007919,55.805439548,37.449198635,165.7075,402798.9380,6185514.0426,5,0.0109,0.0081
55.980,1579.6442,294.1431,5.5020,-3.073446,-0.001069,-0.008005,55.805439238,37.449190683,165.7039,402798.4389,6185514.0193,5,0.0093,0.0081
56.480,1579.1455,294.1096,5.4985,-3.074735,-0.000893,-0.008093,55.805438940,37.449182730,165.7003,402797.9397,6185513.9973,6,0.0078,0.0082
56.979,1578.6468,294.0763,5.4951,-3.075417,-0.000629,-0.008185,55.805438642,37.449174777,165.6968,402797.4405,6185513.9753,6,0.0062,0.0100
57.479,1578.1481,294.0435,5.4916,-3.076061,-0.000301,-0.008281,55.805438349,37.449166823,165.6932,402796.9413,6185513.9539,6,0.0070,0.0119
57.979,1577.6493,294.0108,5.4881,-3.075946,0.000062,-0.008381,55.805438057,37.449158870,165.6895,402796.4421,6185513.9325,6,0.0078,0.0095
58.479,1577.1506,293.9779,5.4846,-3.075780,0.000427,-0.008483,55.805437764,37.449150916,165.6859,402795.9429,6185513.9110,5,0.0087,0.0070
58.979,1576.6518,293.9451,5.4811,-3.075032,0.000764,-0.008590,55.805437470,37.449142962,165.6823,402795.4437,6185513.8895,5,0.0095,0.0093
59.479,1576.1531,293.9115,5.4775,-3.074243,0.001045,-0.008699,55.805437170,37.449135010,165.6786,402794.9445,6185513.8673,5,0.0089,0.0118
59.978,1575.6545,293.8778,5.4740,-3.073151,0.001251,-0.008812,55.805436869,37.449127057,165.6749,402794.4453,6185513.8450,5,0.0082,0.0104
60.478,1575.1558,293.8431,5.4704,-3.072035,0.001368,-0.008927,55.805436559,37.449119105,165.6713,402793.9462,6185513.8216,5,0.0075,0.0088
60.978,1574.6572,293.8083,5.4668,-3.070846,0.001388,-0.009046,55.805436248,37.449111154,165.6675,402793.4471,6185513.7982,5,0.0068,0.0141
61.478,1574.1587,293.7724,5.4632,-3.069648,0.001314,-0.009168,55.805435927,37.449103203,165.6637,402792.9481,6185513.7737,5,0.0071,0.0197
61.978,1573.6602,293.7365,5.4594,-3.068618,0.001152,-0.009292,55.805435606,37.449095253,165.6598,402792.4490,6185513.7491,5,0.0075,0.0209
62.477,1573.1617,293.6995,5.4556,-3.067599,0.000917,-0.009418,55.805435276,37.449087304,165.6559,402791.9500,6185513.7235,5,0.0079,0.0217
62.977,1572.6633,293.6626,5.4515,-3.067063,0.000628,-0.009547,55.805434946,37.449079355,165.6517,402791.4510,6185513.6979,5,0.0083,0.0218
63.477,1572.1649,293.6251,5.4474,-3.066563,0.000306,-0.009678,55.805434611,37.449071407,165.6475,402790.9520,6185513.6718,5,0.0091,0.0219
63.977,1571.6664,293.5876,5.4431,-3.066718,-0.000026,-0.009811,55.805434276,37.449063458,165.6430,402790.4530,6185513.6457,5,0.0099,0.0221
64.477,1571.1680,293.5503,5.4387,-3.066925,-0.000345,-0.009945,55.805433942,37.449055510,165.6385,402789.9540,6185513.6197,6,0.0108,0.0222
64.977,1570.6696,293.5131,5.4340,-3.067607,-0.000632,-0.010081,55.805433609,37.449047561,165.6337,402789.4550,6185513.5938,6,0.0116,0.0196
65.476,1570.1711,293.4764,5.4292,-3.068328,-0.000875,-0.010217,55.805433282,37.449039612,165.6288,402788.9560,6185513.5686,6,0.0125,0.0167
65.976,1569.6726,293.4399,5.4242,-3.069181,-0.001063,-0.010355,55.805432955,37.449031662,165.6237,402788.4570,6185513.5434,6,0.0135,0.0175
66.476,1569.1741,293.4041,5.4192,-3.070045,-0.001194,-0.010493,55.805432636,37.449023712,165.6185,402787.9579,6185513.5190,5,0.0144,0.0184
66.976,1568.6755,293.3684,5.4140,-3.070854,-0.001268,-0.010631,55.805432317,37.449015761,165.6132,402787.4588,6185513.4946,5,0.0153,0.0221
67.476,1568.1769,293.3335,5.4087,-3.071660,-0.001288,-0.010769,55.805432004,37.449007810,165.6078,402786.9597,6185513.4710,5,0.0147,0.0260
67.975,1567.6783,293.2986,5.4034,-3.072419,-0.001256,-0.010907,55.805431693,37.448999858,165.6023,402786.4606,6185513.4475,5,0.0139,0.0267
68.475,1567.1797,293.2644,5.3981,-3.073176,-0.001179,-0.011043,55.805431387,37.448991906,165.5969,402785.9615,6185513.4246,6,0.0131,0.0273
68.975,1566.6810,293.2302,5.3927,-3.073891,-0.001060,-0.011179,55.805431082,37.448983954,165.5914,402785.4623,6185513.4019,6,0.0124,0.0274
69.475,1566.1823,293.1968,5.3873,-3.074603,-0.000905,-0.011313,55.805430783,37.448976001,165.5859,402784.9632,6185513.3797,6,0.0119,0.0274
69.975,1565.6836,293.1633,5.3820,-3.075155,-0.000719,-0.011446,55.805430484,37.448968048,165.5804,402784.4640,6185513.3577,6,0.0114,0.0283
70.475,1565.1849,293.1304,5.3766,-3.075694,-0.000510,-0.011576,55.805430190,37.448960095,165.5749,402783.9648,6185513.3361,6,0.0109,0.0293
70.974,1564.6862,293.0975,5.3711,-3.075911,-0.000288,-0.011704,55.805429896,37.448952141,165.5693,402783.4656,6185513.3146,6,0.0104,0.0226
71.474,1564.1874,293.0648,5.3656,-3.076099,-0.000062,-0.011830,55.805429604,37.448944187,165.5637,402782.9664,6185513.2932,6,0.0102,0.0154
71.974,1563.6887,293.0321,5.3598,-3.075900,0.000156,-0.011952,55.805429312,37.448936234,165.5578,402782.4672,6185513.2719,6,0.0101,0.0182
72.474,1563.1899,292.9992,5.3540,-3.075665,0.000355,-0.012070,55.805429018,37.448928280,165.5518,402781.9680,6185513.2503,5,0.0099,0.0215
72.974,1562.6912,292.9662,5.3477,-3.075151,0.000529,-0.012185,55.805428724,37.448920327,165.5454,402781.4688,6185513.2287,5,0.0098,0.0232
73.473,1562.1925,292.9328,5.3414,-3.074609,0.000671,-0.012296,55.805428425,37.448912374,165.5390,402780.9696,6185513.2067,5,0.0105,0.0248
73.973,1561.6938,292.8993,5.3346,-3.074020,0.000781,-0.012403,55.805428126,37.448904421,165.5320,402780.4704,6185513.1846,5,0.0112,0.0259
74.473,1561.1952,292.8653,5.3277,-3.073426,0.000858,-0.012506,55.805427822,37.448896468,165.5250,402779.9713,6185513.1619,5,0.0119,0.0269
74.973,1560.6965,292.8312,5.3202,-3.072935,0.000906,-0.012603,55.805427518,37.448888516,165.5174,402779.4721,6185513.1392,5,0.0126,0.0253
75.473,1560.1979,292.7967,5.3127,-3.072454,0.000927,-0.012696,55.805427209,37.448880564,165.5098,402778.9730,6185513.1160,5,0.0116,0.0235
75.973,1559.6992,292.7622,5.3048,-3.071999,0.000924,-0.012783,55.805426901,37.448872612,165.5018,402778.4739,6185513.0929,5,0.0104,0.0257
76.472,1559.2006,292.7272,5.2969,-3.071547,0.000900,-0.012865,55.805426588,37.448864661,165.4938,402777.9748,6185513.0693,6,0.0092,0.0281
76.972,1558.7021,292.6922,5.2888,-3.071012,0.000853,-0.012942,55.805426276,37.448856710,165.4856,402777.4757,6185513.0456,6,0.0080,0.0284
77.472,1558.2035,292.6567,5.2807,-3.070468,0.000783,-0.013013,55.805425958,37.448848759,165.4773,402776.9766,6185513.0215,6,0.0089,0.0286
77.972,1557.7049,292.6212,5.2727,-3.069935,0.000690,-0.013078,55.805425641,37.448840808,165.4692,402776.4775,6185512.9973,6,0.0099,0.0307
78.472,1557.2064,292.5851,5.2646,-3.069402,0.000575,-0.013138,55.805425319,37.448832858,165.4610,402775.9785,6185512.9726,6,0.0109,0.0329
78.971,1556.7079,292.5491,5.2568,-3.069060,0.000440,-0.013191,55.805424996,37.448824908,165.4530,402775.4794,6185512.9479,6,0.0119,0.0339
79.471,1556.2094,292.5127,5.2490,-3.068738,0.000290,-0.013239,55.805424671,37.448816959,165.4451,402774.9804,6185512.9229,6,0.0121,0.0348
79.971,1555.7109,292.4763,5.2415,-3.068662,0.000132,-0.013281,55.805424346,37.448809009,165.4375,402774.4813,6185512.8979,6,0.0122,0.0328
80.471,1555.2124,292.4398,5.2340,-3.068614,-0.000027,-0.013317,55.805424020,37.448801059,165.4298,402773.9823,6185512.8728,5,0.0123,0.0305
80.971,1554.7139,292.4034,5.2267,-3.068778,-0.000178,-0.013347,55.805423695,37.448793110,165.4225,402773.4833,6185512.8477,5,0.0125,0.0267
81.471,1554.2154,292.3671,5.2195,-3.068967,-0.000312,-0.013371,55.805423370,37.448785160,165.4151,402772.9842,6185512.8228,5,0.0122,0.0229
81.970,1553.7169,292.3309,5.2124,-3.069341,-0.000423,-0.013390,55.805423046,37.448777210,165.4079,402772.4852,6185512.7979,5,0.0119,0.0198
82.470,1553.2184,292.2950,5.2054,-3.069736,-0.000507,-0.013402,55.805422726,37.448769260,165.4008,402771.9861,6185512.7733,5,0.0116,0.0168
82.970,1552.7199,292.2591,5.1984,-3.070220,-0.000561,-0.013410,55.805422405,37.448761309,165.3937,402771.4871,6185512.7488,5,0.0113,0.0174
83.470,1552.2213,292.2237,5.1915,-3.070714,-0.000588,-0.013412,55.805422088,37.448753359,165.3866,402770.9880,6185512.7248,5,0.0113,0.0183
83.970,1551.7227,292.1883,5.1845,-3.071123,-0.000592,-0.013409,55.805421772,37.448745408,165.3795,402770.4889,6185512.7007,5,0.0113,0.0160
84.470,1551.2241,292.1533,5.1776,-3.071523,-0.000578,-0.013400,55.805421459,37.448737457,165.3725,402769.9898,6185512.6771,5,0.0112,0.0135
84.969,1550.7255,292.1183,5.1706,-3.071762,-0.000553,-0.013387,55.805421147,37.448729505,165.3654,402769.4907,6185512.6535,5,0.0112,0.0161
85.469,1550.2269,292.0835,5.1637,-3.071982,-0.000524,-0.013369,55.805420836,37.448721554,165.3584,402768.9916,6185512.6301,5,0.0117,0.0190
85.969,1549.7283,292.0488,5.1568,-3.072130,-0.000496,-0.013347,55.805420526,37.448713602,165.3514,402768.4924,6185512.6067,5,0.0122,0.0190
86.469,1549.2297,292.0142,5.1499,-3.072269,-0.000471,-0.013320,55.805420216,37.448705651,165.3443,402767.9933,6185512.5834,6,0.0128,0.0188
86.969,1548.7311,291.9795,5.1431,-3.072441,-0.000449,-0.013289,55.805419907,37.448697699,165.3374,402767.4942,6185512.5601,6,0.0133,0.0162
87.468,1548.2325,291.9451,5.1363,-3.072618,-0.000428,-0.013254,55.805419599,37.448689747,165.3305,402766.9951,6185512.5371,6,0.0149,0.0134
87.968,1547.7338,291.9106,5.1296,-3.072860,-0.000403,-0.013216,55.805419291,37.448681795,165.3237,402766.4959,6185512.5140,6,0.0165,0.0129
88.468,1547.2352,291.8764,5.1229,-3.073110,-0.000367,-0.013174,55.805418986,37.448673843,165.3168,402765.9968,6185512.4911,5,0.0180,0.0125
88.968,1546.7365,291.8422,5.1163,-3.073399,-0.000315,-0.013128,55.805418680,37.448665891,165.3101,402765.4977,6185512.4683,5,0.0196,0.0144
89.468,1546.2379,291.8083,5.1097,-3.073693,-0.000241,-0.013080,55.805418377,37.448657938,165.3034,402764.9985,6185512.4457,5,0.0187,0.0164
89.968,1545.7392,291.7744,5.1032,-3.073946,-0.000142,-0.013029,55.805418074,37.448649986,165.2968,402764.4993,6185512.4232,5,0.0175,0.0162
90.467,1545.2405,291.7407,5.0968,-3.074194,-0.000020,-0.012975,55.805417773,37.448642033,165.2902,402764.0002,6185512.4009,5,0.0164,0.0159
90.967,1544.7418,291.7071,5.0903,-3.074288,0.000124,-0.012919,55.805417473,37.448634080,165.2836,402763.5010,6185512.3786,5,0.0152,0.0159
91.467,1544.2431,291.6735,5.0839,-3.074361,0.000282,-0.012861,55.805417173,37.448626128,165.2771,402763.0018,6185512.3564,5,0.0163,0.0159
91.967,1543.7444,291.6399,5.0776,-3.074169,0.000443,-0.012801,55.805416873,37.448618175,165.2707,402762.5027,6185512.3342,5,0.0175,0.0157
92.467,1543.2458,291.6062,5.0713,-3.073941,0.000594,-0.012739,55.805416571,37.448610222,165.2642,402762.0035,6185512.3117,5,0.0188,0.0153
92.966,1542.7471,291.5724,5.0651,-3.073400,0.000722,-0.012676,55.805416269,37.448602270,165.2579,402761.5044,6185512.2893,5,0.0200,0.0111
93.466,1542.2484,291.5381,5.0588,-3.072814,0.000812,-0.012611,55.805415963,37.448594318,165.2515,402761.0052,6185512.2664,5,0.0177,0.0066
93.966,1541.7498,291.5037,5.0527,-3.072045,0.000852,-0.012545,55.805415655,37.448586366,165.2452,402760.5061,6185512.2433,5,0.0151,0.0066
94.466,1541.2512,291.4686,5.0465,-3.071250,0.000831,-0.012478,55.805415342,37.448578414,165.2390,402760.0070,6185512.2196,6,0.0125,0.0069
94.966,1540.7526,291.4334,5.0405,-3.070524,0.000744,-0.012410,55.805415027,37.448570463,165.2328,402759.5079,6185512.1958,6,0.0100,0.0103
95.466,1540.2541,291.3976,5.0344,-3.069807,0.000589,-0.012341,55.805414707,37.448562513,165.2266,402759.0088,6185512.1713,6,0.0084,0.0140
95.965,1539.7556,291.3617,5.0285,-3.069311,0.000367,-0.012272,55.805414387,37.448554563,165.2205,402758.5098,6185512.1468,6,0.0069,0.0164
96.465,1539.2571,291.3254,5.0225,-3.068846,0.000088,-0.012203,55.805414062,37.448546613,165.2144,402758.0107,6185512.1219,7,0.0054,0.0187
96.965,1538.7586,291.2891,5.0166,-3.068694,-0.000235,-0.012133,55.805413737,37.448538663,165.2084,402757.5117,6185512.0969,7,0.0039,0.0222
97.465,1538.2601,291.2526,5.0107,-3.068588,-0.000583,-0.012064,55.805413412,37.448530714,165.2024,402757.0127,6185512.0718,7,0.0046,0.0258
97.965,1537.7616,291.2161,5.0049,-3.068995,-0.000932,-0.011994,55.805413086,37.448522764,165.1965,402756.5136,6185512.0467,6,0.0054,0.0170
98.464,1537.2631,291.1801,4.9991,-3.069481,-0.001255,-0.011925,55.805412763,37.448514814,165.1905,402756.0146,6185512.0220,6,0.0063,0.0073
98.964,1536.7646,291.1441,4.9933,-3.070621,-0.001523,-0.011856,55.805412442,37.448506864,165.1846,402755.5155,6185511.9974,5,0.0071,0.0073
99.464,1536.2660,291.1092,4.9875,-3.071864,-0.001711,-0.011788,55.805412130,37.448498912,165.1787,402755.0164,6185511.9738,5,0.0078,0.0081
99.964,1535.7673,291.0745,4.9817,-3.073517,-0.001798,-0.011720,55.805411820,37.448490961,165.1728,402754.5173,6185511.9504,5,0.0086,0.0056
100.464,1535.2686,291.0412,4.9760,-3.075238,-0.001770,-0.011652,55.805411522,37.448483008,165.1670,402754.0181,6185511.9285,5,0.0093,0.0027
100.964,1534.7699,291.0082,4.9702,-3.076793,-0.001626,-0.011586,55.805411227,37.448475054,165.1611,402753.5189,6185511.9069,5,0.0101,0.0040
101.463,1534.2711,290.9765,4.9645,-3.078326,-0.001373,-0.011520,55.805410944,37.448467100,165.1552,402753.0197,6185511.8865,5,0.0093,0.0055
101.963,1533.7723,290.9450,4.9587,-3.079213,-0.001030,-0.011456,55.805410663,37.448459145,165.1494,402752.5204,6185511.8664,5,0.0085,0.0123
102.463,1533.2734,290.9142,4.9530,-3.079999,-0.000623,-0.011392,55.805410388,37.448451189,165.1435,402752.0211,6185511.8470,6,0.0076,0.0196
102.963,1532.7745,290.8834,4.9474,-3.080039,-0.000184,-0.011330,55.805410113,37.448443233,165.1377,402751.5218,6185511.8276,6,0.0068,0.0212
103.463,1532.2756,290.8527,4.9417,-3.079959,0.000256,-0.011268,55.805409839,37.448435277,165.1320,402751.0225,6185511.8082,6,0.0078,0.0225
103.963,1531.7768,290.8219,4.9362,-3.079306,0.000665,-0.011208,55.805409564,37.448427322,165.1263,402750.5232,6185511.7888,6,0.0090,0.0219
104.462,1531.2779,290.7904,4.9307,-3.078559,0.001015,-0.011149,55.805409283,37.448419367,165.1207,402750.0240,6185511.7687,6,0.0102,0.0212
104.962,1530.7791,290.7589,4.9253,-3.077455,0.001283,-0.011091,55.805409001,37.448411412,165.1152,402749.5247,6185511.7485,6,0.0115,0.0209
105.462,1530.2804,290.7264,4.9200,-3.076290,0.001454,-0.011034,55.805408711,37.448403458,165.1098,402749.0255,6185511.7274,6,0.0116,0.0205
105.962,1529.7816,290.6937,4.9149,-3.074982,0.001517,-0.010979,55.805408419,37.448395504,165.1045,402748.5263,6185511.7060,6,0.0117,0.0194
106.462,1529.2829,290.6598,4.9098,-3.073647,0.001470,-0.010925,55.805408116,37.448387552,165.0993,402748.0271,6185511.6835,6,0.0117,0.0182
106.961,1528.7843,290.6258,4.9049,-3.072443,0.001318,-0.010872,55.805407812,37.448379599,165.0943,402747.5280,6185511.6609,6,0.0118,0.0189
107.461,1528.2857,290.5908,4.9000,-3.071258,0.001073,-0.010820,55.805407499,37.448371648,165.0893,402747.0289,6185511.6372,6,0.0123,0.0197
107.961,1527.7871,290.5556,4.8954,-3.070504,0.000752,-0.010769,55.805407184,37.448363697,165.0846,402746.5298,6185511.6133,6,0.0129,0.0263
108.461,1527.2886,290.5198,4.8908,-3.069824,0.000381,-0.010720,55.805406864,37.448355747,165.0798,402746.0307,6185511.5889,6,0.0134,0.0334
108.961,1526.7900,290.4839,4.8863,-3.069795,-0.000013,-0.010672,55.805406544,37.448347796,165.0752,402745.5317,6185511.5644,6,0.0140,0.0339
109.461,1526.2915,290.4481,4.8819,-3.069880,-0.000399,-0.010624,55.805406224,37.448339846,165.0707,402745.0326,6185511.5399,6,0.0131,0.0338
109.960,1525.7930,290.4122,4.8776,-3.070622,-0.000747,-0.010578,55.805405904,37.448331896,165.0662,402744.5335,6185511.5155,6,0.0120,0.0258
110.460,1525.2944,290.3772,4.8732,-3.071482,-0.001032,-0.010532,55.805405590,37.448323944,165.0618,402744.0344,6185511.4917,5,0.0110,0.0170
110.960,1524.7958,290.3422,4.8689,-3.072703,-0.001234,-0.010487,55.805405278,37.448315993,165.0574,402743.5353,6185511.4682,5,0.0100,0.0162
111.460,1524.2971,290.3084,4.8646,-3.073991,-0.001341,-0.010443,55.805404975,37.448308041,165.0530,402743.0362,6185511.4457,5,0.0093,0.0160
111.960,1523.7984,290.2747,4.8602,-3.075199,-0.001349,-0.010399,55.805404674,37.448300088,165.0484,402742.5370,6185511.4234,5,0.0086,0.0185
112.459,1523.2997,290.2420,4.8558,-3.076394,-0.001263,-0.010357,55.805404383,37.448292134,165.0439,402742.0378,6185511.4021,5,0.0080,0.0211
112.959,1522.8009,290.2096,4.8512,-3.077244,-0.001092,-0.010314,55.805404093,37.448284180,165.0391,402741.5386,6185511.3810,5,0.0073,0.0267
113.459,1522.3021,290.1778,4.8465,-3.078033,-0.000854,-0.010272,55.805403808,37.448276225,165.0344,402741.0393,6185511.3605,5,0.0105,0.0325
113.959,1521.8033,290.1461,4.8415,-3.078436,-0.000566,-0.010230,55.805403525,37.448268271,165.0293,402740.5401,6185511.3402,5,0.0140,0.0404
114.459,1521.3045,290.1147,4.8365,-3.078768,-0.000249,-0.010188,55.805403245,37.448260316,165.0241,402740.0408,6185511.3201,6,0.0175,0.0484
114.959,1520.8056,290.0833,4.8312,-3.078708,0.000077,-0.010147,55.805402965,37.448252361,165.0187,402739.5416,6185511.3001,6,0.0210,0.0498
115.458,1520.3068,290.0518,4.8258,-3.078572,0.000393,-0.010105,55.805402684,37.448244406,165.0132,402739.0423,6185511.2800,6,0.0223,0.0507
115.958,1519.8080,290.0204,4.8201,-3.078058,0.000682,-0.010063,55.805402403,37.448236451,165.0074,402738.5430,6185511.2599,6,0.0234,0.0522
116.458,1519.3092,289.9884,4.8145,-3.077470,0.000929,-0.010022,55.805402117,37.448228496,165.0016,402738.0438,6185511.2393,6,0.0244,0.0538
116.958,1518.8104,289.9563,4.8086,-3.076606,0.001125,-0.009980,55.805401830,37.448220542,164.9956,402737.5446,6185511.2186,6,0.0255,0.0561
117.458,1518.3116,289.9235,4.8027,-3.075686,0.001261,-0.009938,55.805401537,37.448212588,164.9896,402737.0454,6185511.1971,6,0.0261,0.0584
117.957,1517.8129,289.8905,4.7968,-3.074658,0.001337,-0.009896,55.805401242,37.448204635,164.9835,402736.5462,6185511.1755,6,0.0267,0.0618
118.457,1517.3142,289.8566,4.7908,-3.073606,0.001355,-0.009854,55.805400940,37.448196682,164.9775,402736.0470,6185511.1530,6,0.0272,0.0653
118.957,1516.8156,289.8226,4.7850,-3.072667,0.001326,-0.009811,55.805400636,37.448188730,164.9715,402735.5479,6185511.1303,6,0.0278,0.0652
119.457,1516.3170,289.7877,4.7792,-3.071748,0.001261,-0.009768,55.805400324,37.448180778,164.9656,402735.0488,6185511.1068,6,0.0258,0.0648
119.957,1515.8184,289.7528,4.7737,-3.071152,0.001174,-0.009725,55.805400012,37.448172827,164.9600,402734.5496,6185511.0833,6,0.0236,0.0631
120.457,1515.3198,289.7174,4.7682,-3.070619,0.001080,-0.009682,55.805399696,37.448164876,164.9544,402734.0506,6185511.0592,6,0.0215,0.0614
120.956,1514.8212,289.6819,4.7631,-3.070394,0.000987,-0.009639,55.805399379,37.448156925,164.9491,402733.5515,6185511.0351,6,0.0193,0.0629
121.456,1514.3227,289.6463,4.7580,-3.070230,0.000901,-0.009596,55.805399060,37.448148975,164.9439,402733.0524,6185511.0108,6,0.0174,0.0647
121.956,1513.8242,289.6106,4.7532,-3.070049,0.000817,-0.009552,55.805398741,37.448141024,164.9390,402732.5533,6185510.9865,6,0.0156,0.0652
122.456,1513.3256,289.5748,4.7485,-3.069864,0.000724,-0.009509,55.805398421,37.448133074,164.9342,402732.0543,6185510.9621,6,0.0138,0.0655
122.956,1512.8271,289.5390,4.7442,-3.069359,0.000607,-0.009466,55.805398101,37.448125124,164.9298,402731.5552,6185510.9376,6,0.0119,0.0644
123.455,1512.3286,289.5027,4.7399,-3.068787,0.000448,-0.009423,55.805397777,37.448117174,164.9254,402731.0562,6185510.9127,6,0.0142,0.0631
123.955,1511.8301,289.4663,4.7359,-3.068047,0.000235,-0.009380,55.805397451,37.448109224,164.9212,402730.5571,6185510.8876,6,0.0169,0.0593
124.455,1511.3316,289.4292,4.7318,-3.067271,-0.000037,-0.009337,55.805397120,37.448101275,164.9170,402730.0581,6185510.8619,6,0.0195,0.0553
124.955,1510.8332,289.3920,4.7280,-3.066882,-0.000360,-0.009295,55.805396788,37.448093327,164.9130,402729.5591,6185510.8361,6,0.0222,0.0531
125.455,1510.3348,289.3546,4.7241,-3.066576,-0.000714,-0.009253,55.805396453,37.448085378,164.9091,402729.0601,6185510.8100,6,0.0234,0.0512
125.955,1509.8364,289.3171,4.7203,-3.067108,-0.001066,-0.009212,55.805396118,37.448077430,164.9051,402728.5612,6185510.7839,6,0.0244,0.0548
126.454,1509.3379,289.2802,4.7164,-3.067822,-0.001378,-0.009172,55.805395788,37.448069481,164.9012,402728.0621,6185510.7583,6,0.0254,0.0590
126.954,1508.8395,289.2434,4.7126,-3.069332,-0.001609,-0.009132,55.805395459,37.448061531,164.8972,402727.5631,6185510.7329,6,0.0264,0.0547
127.454,1508.3409,289.2080,4.7087,-3.071019,-0.001722,-0.009093,55.805395143,37.448053581,164.8932,402727.0640,6185510.7089,6,0.0244,0.0495
127.954,1507.8423,289.1730,4.7047,-3.072976,-0.001694,-0.009056,55.805394829,37.448045629,164.8891,402726.5649,6185510.6852,6,0.0220,0.0483
128.454,1507.3436,289.1395,4.7007,-3.074998,-0.001519,-0.009019,55.805394530,37.448037676,164.8850,402726.0658,6185510.6631,6,0.0196,0.0474
128.954,1506.8449,289.1064,4.6966,-3.076534,-0.001208,-0.008983,55.805394235,37.448029723,164.8808,402725.5666,6185510.6414,6,0.0172,0.0470
129.453,1506.3461,289.0745,4.6926,-3.077965,-0.000791,-0.008949,55.805393950,37.448021769,164.8766,402725.0673,6185510.6208,6,0.0154,0.0466
129.953,1505.8473,289.0429,4.6884,-3.078310,-0.000315,-0.008915,55.805393667,37.448013814,164.8723,402724.5681,6185510.6005,6,0.0136,0.0437
130.453,1505.3484,289.0113,4.6842,-3.078410,0.000166,-0.008883,55.805393385,37.448005859,164.8680,402724.0688,6185510.5803,6,0.0118,0.0404
130.953,1504.8496,288.9798,4.6800,-3.077404,0.000598,-0.008852,55.805393103,37.447997904,164.8637,402723.5696,6185510.5601,6,0.0101,0.0393
131.453,1504.3509,288.9472,4.6758,-3.076141,0.000932,-0.008823,55.805392812,37.447989950,164.8593,402723.0704,6185510.5389,6,0.0106,0.0384
131.952,1503.8521,288.9144,4.6715,-3.074423,0.001137,-0.008795,55.805392519,37.447981996,164.8550,402722.5711,6185510.5175,6,0.0115,0.0369
132.452,1503.3535,288.8801,4.6673,-3.072596,0.001198,-0.008768,55.805392213,37.447974044,164.8506,402722.0720,6185510.4946,6,0.0123,0.0353
132.952,1502.8549,288.8455,4.6631,-3.071173,0.001120,-0.008743,55.805391903,37.447966093,164.8463,402721.5729,6185510.4713,6,0.0131,0.0416
133.452,1502.3563,288.8098,4.6590,-3.069842,0.000928,-0.008719,55.805391584,37.447958142,164.8420,402721.0738,6185510.4469,6,0.0123,0.0487
133.952,1501.8578,288.7738,4.6549,-3.069386,0.000656,-0.008696,55.805391263,37.447950192,164.8378,402720.5748,6185510.4223,6,0.0112,0.0484
134.452,1501.3593,288.7376,4.6508,-3.069135,0.000350,-0.008674,55.805390940,37.447942242,164.8336,402720.0757,6185510.3975,6,0.0102,0.0473
134.951,1500.8608,288.7014,4.6468,-3.069608,0.000050,-0.008654,55.805390616,37.447934292,164.8295,402719.5767,6185510.3727,6,0.0091,0.0461
135.451,1500.3622,288.6657,4.6427,-3.070256,-0.000209,-0.008635,55.805390297,37.447926342,164.8253,402719.0776,6185510.3484,6,0.0099,0.0449
135.951,1499.8637,288.6302,4.6388,-3.071102,-0.000404,-0.008617,55.805389979,37.447918391,164.8213,402718.5785,6185510.3242,6,0.0108,0.0461
136.451,1499.3651,288.5953,4.6349,-3.071998,-0.000525,-0.008601,55.805389668,37.447910440,164.8172,402718.0794,6185510.3007,6,0.0117,0.0475
136.951,1498.8665,288.5607,4.6309,-3.072641,-0.000577,-0.008585,55.805389358,37.447902488,164.8132,402717.5803,6185510.2774,6,0.0126,0.0499
137.450,1498.3678,288.5265,4.6270,-3.073224,-0.000574,-0.008570,55.805389052,37.447894536,164.8092,402717.0811,6185510.2545,6,0.0113,0.0524
137.950,1497.8691,288.4924,4.6231,-3.073443,-0.000538,-0.008556,55.805388748,37.447886584,164.8051,402716.5820,6185510.2318,6,0.0098,0.0500
138.450,1497.3705,288.4584,4.6192,-3.073572,-0.000492,-0.008543,55.805388444,37.447878631,164.8011,402716.0828,6185510.2092,6,0.0083,0.0471
138.950,1496.8718,288.4244,4.6152,-3.073503,-0.000455,-0.008531,55.805388141,37.447870679,164.7969,402715.5837,6185510.1866,6,0.0067,0.0485
139.450,1496.3732,288.3904,4.6112,-3.073384,-0.000443,-0.008518,55.805387836,37.447862726,164.7928,402715.0845,6185510.1639,6,0.0102,0.0504
139.950,1495.8745,288.3563,4.6071,-3.073303,-0.000461,-0.008507,55.805387532,37.447854774,164.7887,402714.5854,6185510.1412,6,0.0143,0.0528
140.449,1495.3758,288.3222,4.6031,-3.073233,-0.000507,-0.008496,55.805387227,37.447846822,164.7845,402714.0862,6185510.1184,6,0.0183,0.0552
140.949,1494.8772,288.2880,4.5989,-3.073395,-0.000572,-0.008484,55.805386922,37.447838870,164.7802,402713.5871,6185510.0956,6,0.0223,0.0532
141.449,1494.3785,288.2540,4.5948,-3.073618,-0.000638,-0.008473,55.805386618,37.447830917,164.7760,402713.0879,6185510.0730,6,0.0224,0.0506
141.949,1493.8799,288.2201,4.5906,-3.074148,-0.000688,-0.008462,55.805386315,37.447822965,164.7717,402712.5888,6185510.0504,6,0.0219,0.0499
142.449,1493.3812,288.1867,4.5864,-3.074759,-0.000701,-0.008451,55.805386016,37.447815012,164.7673,402712.0896,6185510.0283,6,0.0215,0.0495
142.948,1492.8825,288.1534,4.5822,-3.075541,-0.000663,-0.008439,55.805385718,37.447807059,164.7630,402711.5904,6185510.0064,6,0.0210,0.0531
143.448,1492.3837,288.1207,4.5780,-3.076368,-0.000564,-0.008427,55.805385427,37.447799105,164.7586,402711.0912,6185509.9851,6,0.0189,0.0572
143.948,1491.8849,288.0882,4.5737,-3.077042,-0.000401,-0.008414,55.805385136,37.447791151,164.7543,402710.5920,6185509.9640,6,0.0166,0.0557
144.448,1491.3861,288.0562,4.5695,-3.077677,-0.000180,-0.008401,55.805384850,37.447783197,164.7499,402710.0928,6185509.9433,6,0.0143,0.0536
144.948,1490.8873,288.0243,4.5653,-3.077854,0.000084,-0.008386,55.805384566,37.447775242,164.7456,402709.5935,6185509.9228,6,0.0120,0.0524
145.448,1490.3885,287.9925,4.5611,-3.077908,0.000374,-0.008371,55.805384282,37.447767287,164.7413,402709.0943,6185509.9024,6,0.0119,0.0513
145.947,1489.8897,287.9607,4.5569,-3.077448,0.000666,-0.008355,55.805383998,37.447759333,164.7370,402708.5950,6185509.8819,6,0.0121,0.0508
146.447,1489.3909,287.9285,4.5528,-3.076849,0.000938,-0.008338,55.805383709,37.447751379,164.7328,402708.0958,6185509.8610,6,0.0123,0.0504
146.947,1488.8922,287.8961,4.5487,-3.075935,0.001167,-0.008319,55.805383420,37.447743425,164.7285,402707.5966,6185509.8400,6,0.0125,0.0530
147.447,1488.3935,287.8629,4.5446,-3.074934,0.001335,-0.008299,55.805383123,37.447735471,164.7243,402707.0974,6185509.8182,6,0.0144,0.0559
147.947,1487.8948,287.8295,4.5405,-3.073851,0.001427,-0.008277,55.805382825,37.447727518,164.7201,402706.5982,6185509.7961,6,0.0166,0.0517
148.447,1487.3961,287.7952,4.5364,-3.072743,0.001434,-0.008254,55.805382519,37.447719566,164.7160,402706.0991,6185509.7732,6,0.0187,0.0467
148.946,1486.8975,287.7607,4.5324,-3.071656,0.001351,-0.008230,55.805382210,37.447711614,164.7118,402705.5999,6185509.7501,6,0.0208,0.0419
149.446,1486.3989,287.7254,4.5283,-3.070572,0.001179,-0.008203,55.805381894,37.447703664,164.7076,402705.1009,6185509.7261,6,0.0201,0.0371
149.946,1485.9004,287.6898,4.5241,-3.069621,0.000927,-0.008175,55.805381576,37.447695713,164.7033,402704.6018,6185509.7019,6,0.0191,0.0380
150.446,1485.4019,287.6535,4.5200,-3.068707,0.000609,-0.008145,55.805381252,37.447687763,164.6990,402704.1027,6185509.6769,6,0.0180,0.0397
150.946,1484.9034,287.6170,4.5157,-3.068232,0.000247,-0.008114,55.805380925,37.447679814,164.6947,402703.6037,6185509.6518,6,0.0170,0.0393
151.445,1484.4049,287.5802,4.5115,-3.067881,-0.000129,-0.008080,55.805380597,37.447671864,164.6903,402703.1047,6185509.6264,6,0.0151,0.0388
151.945,1483.9065,287.5434,4.5071,-3.068267,-0.000487,-0.008045,55.805380267,37.447663915,164.6858,402702.6057,6185509.6009,6,0.0130,0.0395
152.445,1483.4080,287.5070,4.5027,-3.068865,-0.000793,-0.008008,55.805379942,37.447655965,164.6813,402702.1066,6185509.5759,6,0.0109,0.0403
152.945,1482.9095,287.4707,4.4983,-3.070070,-0.001019,-0.007969,55.805379618,37.447648016,164.6768,402701.6076,6185509.5510,6,0.0089,0.0420
153.445,1482.4109,287.4355,4.4939,-3.071452,-0.001143,-0.007928,55.805379303,37.447640065,164.6722,402701.1085,6185509.5271,6,0.0079,0.0437
153.945,1481.9123,287.4007,4.4894,-3.072861,-0.001155,-0.007886,55.805378992,37.447632113,164.6676,402700.6094,6185509.5036,6,0.0071,0.0482
154.444,1481.4136,287.3669,4.4849,-3.074281,-0.001058,-0.007842,55.805378690,37.447624161,164.6631,402700.1102,6185509.4812,6,0.0063,0.0531
154.944,1480.9149,287.3334,4.4805,-3.075186,-0.000870,-0.007796,55.805378391,37.447616208,164.6585,402699.6111,6185509.4591,6,0.0055,0.0537
155.444,1480.4162,287.3005,4.4761,-3.075941,-0.000616,-0.007749,55.805378097,37.447608254,164.6540,402699.1119,6185509.4376,6,0.0070,0.0537
155.944,1479.9174,287.2678,4.4718,-3.076046,-0.000331,-0.007700,55.805377805,37.447600300,164.6496,402698.6126,6185509.4163,6,0.0088,0.0536
156.444,1479.4187,287.2351,4.4676,-3.075958,-0.000048,-0.007651,55.805377512,37.447592347,164.6452,402698.1134,6185509.3949,6,0.0105,0.0534
156.943,1478.9199,287.2023,4.4635,-3.075417,0.000199,-0.007600,55.805377219,37.447584393,164.6410,402697.6142,6185509.3734,6,0.0122,0.0563
157.443,1478.4212,287.1690,4.4594,-3.074737,0.000388,-0.007548,55.805376922,37.447576440,164.6368,402697.1151,6185509.3515,6,0.0120,0.0596
157.943,1477.9225,287.1355,4.4555,-3.073930,0.000501,-0.007495,55.805376622,37.447568487,164.6328,402696.6159,6185509.3294,6,0.0115,0.0542
158.443,1477.4239,287.1014,4.4517,-3.073081,0.000537,-0.007442,55.805376318,37.447560535,164.6289,402696.1167,6185509.3066,6,0.0110,0.0478
158.943,1476.9252,287.0671,4.4481,-3.072445,0.000500,-0.007388,55.805376011,37.447552583,164.6251,402695.6176,6185509.2837,6,0.0105,0.0441
159.443,1476.4266,287.0323,4.4445,-3.071872,0.000406,-0.007334,55.805375700,37.447544631,164.6214,402695.1185,6185509.2603,6,0.0093,0.0407
159.942,1475.9280,286.9974,4.4411,-3.071699,0.000272,-0.007280,55.805375389,37.447536680,164.6179,402694.6194,6185509.2367,6,0.0080,0.0396
160.442,1475.4294,286.9625,4.4378,-3.071649,0.000120,-0.007226,55.805375076,37.447528729,164.6145,402694.1203,6185509.2132,6,0.0067,0.0389
160.942,1474.9308,286.9276,4.4345,-3.071885,-0.000030,-0.007172,55.805374764,37.447520777,164.6111,402693.6211,6185509.1896,6,0.0055,0.0372
161.442,1474.4322,286.8929,4.4313,-3.072211,-0.000161,-0.007119,55.805374454,37.447512826,164.6078,402693.1220,6185509.1663,6,0.0057,0.0353
161.942,1473.9336,286.8583,4.4281,-3.072559,-0.000260,-0.007066,55.805374145,37.447504874,164.6045,402692.6229,6185509.1430,6,0.0062,0.0349
162.441,1473.4349,286.8239,4.4249,-3.072913,-0.000318,-0.007015,55.805373838,37.447496922,164.6012,402692.1238,6185509.1200,6,0.0067,0.0346
162.941,1472.9363,286.7897,4.4217,-3.073211,-0.000330,-0.006965,55.805373532,37.447488970,164.5978,402691.6246,6185509.0971,6,0.0072,0.0324
163.441,1472.4376,286.7556,4.4185,-3.073492,-0.000296,-0.006916,55.805373227,37.447481018,164.5945,402691.1255,6185509.0744,6,0.0117,0.0298
163.941,1471.9390,286.7216,4.4152,-3.073819,-0.000219,-0.006869,55.805372924,37.447473065,164.5911,402690.6263,6185509.0518,6,0.0168,0.0285
164.441,1471.4403,286.6879,4.4119,-3.074162,-0.000106,-0.006824,55.805372622,37.447465112,164.5877,402690.1272,6185509.0295,6,0.0219,0.0273
164.941,1470.9416,286.6543,4.4085,-3.074438,0.000031,-0.006780,55.805372322,37.447457160,164.5842,402689.6280,6185509.0072,6,0.0270,0.0305
165.440,1470.4429,286.6208,4.4052,-3.074694,0.000175,-0.006739,55.805372023,37.447449207,164.5808,402689.1288,6185508.9851,6,0.0264,0.0342
165.940,1469.9442,286.5875,4.4019,-3.074535,0.000305,-0.006701,55.805371725,37.447441254,164.5774,402688.6296,6185508.9631,6,0.0249,0.0408
166.440,1469.4455,286.5539,4.3987,-3.074242,0.000400,-0.006665,55.805371424,37.447433301,164.5740,402688.1305,6185508.9409,6,0.0235,0.0478
166.940,1468.9468,286.5202,4.3956,-3.073495,0.000439,-0.006632,55.805371123,37.447425348,164.5708,402687.6313,6185508.9185,6,0.0220,0.0406
167.440,1468.4482,286.4858,4.3926,-3.072597,0.000410,-0.006601,55.805370817,37.447417396,164.5677,402687.1322,6185508.8956,6,0.0215,0.0315
167.940,1467.9496,286.4513,4.3898,-3.071728,0.000309,-0.006574,55.805370508,37.447409444,164.5648,402686.6330,6185508.8724,6,0.0211,0.0314
168.439,1467.4510,286.4160,4.3871,-3.070867,0.000144,-0.006550,55.805370193,37.447401493,164.5620,402686.1339,6185508.8485,6,0.0208,0.0325
168.939,1466.9524,286.3806,4.3847,-3.070596,-0.000063,-0.006529,55.805369876,37.447393543,164.5594,402685.6349,6185508.8244,6,0.0204,0.0287
169.439,1466.4539,286.3451,4.3823,-3.070523,-0.000286,-0.006511,55.805369559,37.447385592,164.5570,402685.1358,6185508.8003,6,0.0192,0.0243
169.939,1465.9553,286.3096,4.3802,-3.071149,-0.000491,-0.006496,55.805369242,37.447377641,164.5548,402684.6367,6185508.7762,6,0.0178,0.0265
170.439,1465.4567,286.2748,4.3782,-3.072015,-0.000649,-0.006485,55.805368930,37.447369690,164.5526,402684.1376,6185508.7527,6,0.0165,0.0297
170.938,1464.9581,286.2401,4.3763,-3.073136,-0.000739,-0.006477,55.805368620,37.447361738,164.5505,402683.6385,6185508.7294,6,0.0152,0.0283
171.438,1464.4594,286.2064,4.3744,-3.074346,-0.000750,-0.006472,55.805368319,37.447353786,164.5485,402683.1393,6185508.7070,6,0.0153,0.0261
171.938,1463.9607,286.1730,4.3725,-3.075210,-0.000686,-0.006471,55.805368020,37.447345833,164.5465,402682.6401,6185508.6849,6,0.0156,0.0275
172.438,1463.4620,286.1401,4.3706,-3.075956,-0.000562,-0.006473,55.805367726,37.447337879,164.5445,402682.1409,6185508.6634,6,0.0160,0.0293
172.938,1462.9632,286.1074,4.3685,-3.076134,-0.000404,-0.006477,55.805367434,37.447329925,164.5424,402681.6417,6185508.6421,6,0.0163,0.0296
173.438,1462.4645,286.0747,4.3665,-3.076113,-0.000237,-0.006485,55.805367142,37.447321972,164.5402,402681.1425,6185508.6208,6,0.0161,0.0296
173.937,1461.9657,286.0420,4.3643,-3.075764,-0.000090,-0.006495,55.805366850,37.447314018,164.5378,402680.6433,6185508.5994,6,0.0159,0.0289
174.437,1461.4670,286.0089,4.3620,-3.075299,0.000016,-0.006507,55.805366555,37.447306064,164.5354,402680.1441,6185508.5777,6,0.0156,0.0281
174.937,1460.9683,285.9758,4.3595,-3.074849,0.000071,-0.006522,55.805366258,37.447298111,164.5328,402679.6449,6185508.5559,6,0.0154,0.0298
175.437,1460.4696,285.9423,4.3569,-3.074403,0.000070,-0.006540,55.805365959,37.447290158,164.5302,402679.1457,6185508.5338,6,0.0170,0.0318
175.937,1459.9709,285.9087,4.3542,-3.074149,0.000020,-0.006559,55.805365658,37.447282205,164.5273,402678.6466,6185508.5115,6,0.0188,0.0338
176.436,1459.4722,285.8749,4.3514,-3.073963,-0.000064,-0.006579,55.805365357,37.447274253,164.5244,402678.1474,6185508.4891,6,0.0206,0.0359
176.936,1458.9735,285.8411,4.3484,-3.074020,-0.000163,-0.006601,55.805365055,37.447266300,164.5213,402677.6482,6185508.4667,6,0.0224,0.0333
177.436,1458.4748,285.8074,4.3455,-3.074166,-0.000252,-0.006624,55.805364753,37.447258348,164.5182,402677.1491,6185508.4444,6,0.0231,0.0300
177.936,1457.9762,285.7737,4.3423,-3.074566,-0.000310,-0.006648,55.805364453,37.447250395,164.5150,402676.6499,6185508.4221,6,0.0236,0.0322
178.436,1457.4774,285.7405,4.3392,-3.075061,-0.000317,-0.006672,55.805364155,37.447242442,164.5117,402676.1507,6185508.4001,6,0.0241,0.0352
178.936,1456.9787,285.7073,4.3359,-3.075691,-0.000259,-0.006696,55.805363859,37.447234488,164.5083,402675.6515,6185508.3783,6,0.0246,0.0374
179.435,1456.4800,285.6746,4.3325,-3.076372,-0.000131,-0.006721,55.805363567,37.447226535,164.5048,402675.1523,6185508.3570,6,0.0244,0.0394
179.935,1455.9812,285.6421,4.3291,-3.076866,0.000063,-0.006744,55.805363277,37.447218581,164.5013,402674.6531,6185508.3359,6,0.0242,0.0403
180.435,1455.4824,285.6100,4.3256,-3.077292,0.000309,-0.006767,55.805362989,37.447210626,164.4976,402674.1539,6185508.3151,6,0.0239,0.0410
180.935,1454.9836,285.5779,4.3219,-3.077189,0.000583,-0.006789,55.805362703,37.447202672,164.4939,402673.6546,6185508.2944,6,0.0237,0.0379
181.435,1454.4849,285.5456,4.3183,-3.076889,0.000858,-0.006809,55.805362414,37.447194718,164.4901,402673.1554,6185508.2735,6,0.0230,0.0343
181.934,1453.9861,285.5133,4.3145,-3.076002,0.001103,-0.006828,55.805362125,37.447186764,164.4862,402672.6562,6185508.2525,6,0.0223,0.0361
182.434,1453.4874,285.4801,4.3107,-3.074892,0.001290,-0.006845,55.805361829,37.447178811,164.4823,402672.1570,6185508.2307,6,0.0215,0.0388
182.934,1452.9887,285.4466,4.3068,-3.073518,0.001399,-0.006860,55.805361530,37.447170858,164.4783,402671.6578,6185508.2086,6,0.0208,0.0384
183.434,1452.4900,285.4121,4.3029,-3.072041,0.001420,-0.006872,55.805361221,37.447162906,164.4743,402671.1587,6185508.1854,6,0.0217,0.0377
183.934,1451.9914,285.3772,4.2990,-3.070776,0.001355,-0.006881,55.805360909,37.447154955,164.4703,402670.6596,6185508.1618,6,0.0229,0.0369
184.434,1451.4929,285.3414,4.2951,-3.069590,0.001218,-0.006888,55.805360589,37.447147004,164.4663,402670.1605,6185508.1374,6,0.0241,0.0362
184.933,1450.9944,285.3053,4.2911,-3.068911,0.001029,-0.006891,55.805360266,37.447139054,164.4622,402669.6615,6185508.1126,6,0.0253,0.0375
185.433,1450.4959,285.2688,4.2871,-3.068428,0.000814,-0.006892,55.805359940,37.447131105,164.4581,402669.1624,6185508.0875,6,0.0253,0.0391
185.933,1449.9974,285.2322,4.2831,-3.068409,0.000598,-0.006888,55.805359613,37.447123155,164.4539,402668.6634,6185508.0623,6,0.0251,0.0386
186.433,1449.4989,285.1957,4.2790,-3.068570,0.000401,-0.006882,55.805359287,37.447115206,164.4497,402668.1644,6185508.0371,6,0.0248,0.0377
186.933,1449.0005,285.1593,4.2748,-3.068877,0.000233,-0.006871,55.805358961,37.447107256,164.4454,402667.6653,6185508.0121,6,0.0246,0.0403
187.432,1448.5019,285.1231,4.2705,-3.069243,0.000097,-0.006857,55.805358637,37.447099306,164.4410,402667.1663,6185507.9872,6,0.0249,0.0435
187.932,1448.0034,285.0870,4.2661,-3.069400,-0.000016,-0.006839,55.805358315,37.447091356,164.4365,402666.6672,6185507.9625,6,0.0253,0.0433
188.432,1447.5049,285.0510,4.2617,-3.069476,-0.000120,-0.006818,55.805357993,37.447083406,164.4320,402666.1682,6185507.9379,6,0.0256,0.0426
188.932,1447.0064,285.0150,4.2572,-3.069294,-0.000229,-0.006793,55.805357671,37.447075456,164.4274,402665.6691,6185507.9132,6,0.0260,0.0433
189.432,1446.5079,284.9788,4.2527,-3.069007,-0.000358,-0.006764,55.805357347,37.447067506,164.4227,402665.1701,6185507.8884,6,0.0256,0.0443
189.932,1446.0094,284.9425,4.2482,-3.068803,-0.000511,-0.006731,55.805357023,37.447059556,164.4181,402664.6710,6185507.8634,6,0.0251,0.0439
190.431,1445.5109,284.9061,4.2437,-3.068633,-0.000685,-0.006695,55.805356697,37.447051607,164.4135,402664.1720,6185507.8384,6,0.0246,0.0434
190.931,1445.0124,284.8696,4.2394,-3.068920,-0.000868,-0.006656,55.805356371,37.447043657,164.4090,402663.6730,6185507.8133,6,0.0241,0.0437
191.431,1444.5139,284.8335,4.2351,-3.069393,-0.001041,-0.006613,55.805356048,37.447035707,164.4046,402663.1739,6185507.7885,6,0.0211,0.0441
191.931,1444.0154,284.7975,4.2311,-3.070334,-0.001181,-0.006567,55.805355726,37.447027757,164.4005,402662.6749,6185507.7639,6,0.0177,0.0453
192.431,1443.5168,284.7623,4.2271,-3.071468,-0.001268,-0.006518,55.805355412,37.447019806,164.3965,402662.1758,6185507.7401,6,0.0143,0.0467
192.931,1443.0182,284.7274,4.2236,-3.072724,-0.001285,-0.006467,55.805355100,37.447011854,164.3928,402661.6767,6185507.7166,6,0.0108,0.0457
193.430,1442.5195,284.6935,4.2201,-3.074034,-0.001228,-0.006413,55.805354797,37.447003902,164.3892,402661.1775,6185507.6940,6,0.0107,0.0443
193.930,1442.0208,284.6600,4.2170,-3.075058,-0.001099,-0.006356,55.805354497,37.446995949,164.3860,402660.6783,6185507.6718,6,0.0110,0.0430
194.430,1441.5221,284.6271,4.2140,-3.075964,-0.000910,-0.006298,55.805354203,37.446987996,164.3829,402660.1791,6185507.6503,6,0.0114,0.0417
194.930,1441.0233,284.5944,4.2113,-3.076382,-0.000681,-0.006237,55.805353911,37.446980042,164.3801,402659.6799,6185507.6290,6,0.0117,0.0441
195.430,1440.5246,284.5619,4.2087,-3.076594,-0.000432,-0.006175,55.805353621,37.446972088,164.3774,402659.1807,6185507.6078,6,0.0134,0.0472
195.929,1440.0258,284.5295,4.2063,-3.076442,-0.000183,-0.006111,55.805353331,37.446964134,164.3749,402658.6815,6185507.5868,6,0.0152,0.0498
196.429,1439.5270,284.4968,4.2040,-3.076135,0.000051,-0.006047,55.805353040,37.446956180,164.3724,402658.1823,6185507.5655,6,0.0170,0.0522
196.929,1439.0283,284.4641,4.2017,-3.075765,0.000260,-0.005981,55.805352747,37.446948226,164.3700,402657.6831,6185507.5441,6,0.0189,0.0523
197.429,1438.5296,284.4311,4.1995,-3.075368,0.000441,-0.005915,55.805352452,37.446940273,164.3677,402657.1839,6185507.5225,6,0.0185,0.0519
197.929,1438.0309,284.3979,4.1972,-3.075045,0.000596,-0.005849,55.805352156,37.446932320,164.3653,402656.6847,6185507.5007,6,0.0178,0.0491
198.429,1437.5321,284.3646,4.1950,-3.074754,0.000729,-0.005782,55.805351858,37.446924367,164.3629,402656.1855,6185507.4787,6,0.0171,0.0458
198.928,1437.0334,284.3312,4.1927,-3.074413,0.000845,-0.005716,55.805351559,37.446916414,164.3605,402655.6863,6185507.4566,6,0.0164,0.0449
199.428,1436.5348,284.2975,4.1903,-3.074051,0.000948,-0.005650,55.805351258,37.446908461,164.3581,402655.1872,6185507.4343,6,0.0163,0.0443
199.928,1436.0361,284.2637,4.1879,-3.073533,0.001039,-0.005585,55.805350956,37.446900508,164.3555,402654.6880,6185507.4119,6,0.0164,0.0448
200.428,1435.5374,284.2295,4.1855,-3.072946,0.001114,-0.005520,55.805350650,37.446892556,164.3530,402654.1888,6185507.3891,6,0.0164,0.0455
200.928,1435.0388,284.1951,4.1829,-3.072276,0.001169,-0.005457,55.805350343,37.446884604,164.3503,402653.6897,6185507.3660,6,0.0165,0.0478
201.427,1434.5402,284.1603,4.1804,-3.071569,0.001194,-0.005395,55.805350032,37.446876653,164.3477,402653.1906,6185507.3425,6,0.0174,0.0504
201.927,1434.0416,284.1252,4.1778,-3.070836,0.001179,-0.005335,55.805349718,37.446868702,164.3450,402652.6915,6185507.3188,6,0.0184,0.0504
202.427,1433.5431,284.0896,4.1753,-3.070090,0.001114,-0.005276,55.805349400,37.446860751,164.3423,402652.1924,6185507.2946,6,0.0194,0.0501
202.927,1433.0445,284.0538,4.1728,-3.069280,0.000989,-0.005220,55.805349080,37.446852801,164.3397,402651.6934,6185507.2701,6,0.0204,0.0506
203.427,1432.5460,284.0174,4.1702,-3.068439,0.000799,-0.005165,55.805348754,37.446844851,164.3371,402651.1943,6185507.2451,6,0.0197,0.0514
203.927,1432.0476,283.9807,4.1678,-3.067650,0.000542,-0.005113,55.805348426,37.446836902,164.3345,402650.6953,6185507.2198,6,0.0186,0.0520
204.426,1431.5491,283.9435,4.1654,-3.066884,0.000226,-0.005064,55.805348094,37.446828953,164.3320,402650.1963,6185507.1940,6,0.0175,0.0527
204.926,1431.0507,283.9061,4.1631,-3.066528,-0.000133,-0.005017,55.805347759,37.446821005,164.3296,402649.6973,6185507.1679,6,0.0165,0.0510
205.426,1430.5523,283.8686,4.1609,-3.066358,-0.000513,-0.004973,55.805347423,37.446813056,164.3272,402649.1983,6185507.1417,6,0.0167,0.0488
205.926,1430.0539,283.8310,4.1588,-3.066855,-0.000885,-0.004931,55.805347087,37.446805108,164.3250,402648.6994,6185507.1155,6,0.0172,0.0488
206.426,1429.5554,283.7939,4.1567,-3.067659,-0.001217,-0.004893,55.805346756,37.446797159,164.3228,402648.2004,6185507.0898,6,0.0176,0.0491
206.925,1429.0570,283.7571,4.1548,-3.068967,-0.001480,-0.004858,55.805346427,37.446789210,164.3208,402647.7013,6185507.0643,6,0.0181,0.0488
207.425,1428.5584,283.7214,4.1529,-3.070512,-0.001651,-0.004826,55.805346107,37.446781259,164.3188,402647.2023,6185507.0400,6,0.0167,0.0483
207.925,1428.0599,283.6861,4.1511,-3.072104,-0.001716,-0.004797,55.805345792,37.446773308,164.3169,402646.7032,6185507.0161,6,0.0150,0.0447
208.425,1427.5612,283.6520,4.1494,-3.073721,-0.001670,-0.004772,55.805345487,37.446765356,164.3151,402646.2040,6185506.9933,6,0.0133,0.0404
208.925,1427.0625,283.6183,4.1478,-3.075002,-0.001521,-0.004751,55.805345186,37.446757404,164.3134,402645.7049,6185506.9710,6,0.0116,0.0406
209.425,1426.5638,283.5855,4.1462,-3.076129,-0.001284,-0.004733,55.805344893,37.446749450,164.3117,402645.2057,6185506.9495,6,0.0125,0.0416
209.924,1426.0650,283.5529,4.1447,-3.076807,-0.000981,-0.004719,55.805344602,37.446741496,164.3101,402644.7064,6185506.9283,7,0.0138,0.0412
210.424,1425.5662,283.5207,4.1432,-3.077274,-0.000636,-0.004708,55.805344314,37.446733542,164.3085,402644.2072,6185506.9075,7,0.0150,0.0404
210.924,1425.0674,283.4887,4.1418,-3.077362,-0.000274,-0.004701,55.805344028,37.446725587,164.3070,402643.7080,6185506.8868,8,0.0163,0.0393
211.424,1424.5687,283.4566,4.1404,-3.077270,0.000083,-0.004698,55.805343741,37.446717633,164.3054,402643.2087,6185506.8660,8,0.0176,0.0381
211.924,1424.0699,283.4244,4.1390,-3.076900,0.000417,-0.004700,55.805343454,37.446709679,164.3039,402642.7095,6185506.8453,8,0.0189,0.0360
212.424,1423.5711,283.3920,4.1376,-3.076395,0.000715,-0.004705,55.805343163,37.446701725,164.3024,402642.2103,6185506.8241,8,0.0202,0.0336
212.923,1423.0724,283.3593,4.1361,-3.075709,0.000965,-0.004714,55.805342872,37.446693771,164.3008,402641.7111,6185506.8029,8,0.0215,0.0336
213.423,1422.5736,283.3261,4.1346,-3.074933,0.001162,-0.004727,55.805342575,37.446685818,164.2991,402641.2119,6185506.7811,8,0.0211,0.0341
213.923,1422.0749,283.2927,4.1329,-3.074074,0.001301,-0.004745,55.805342277,37.446677865,164.2973,402640.7127,6185506.7590,8,0.0205,0.0336
214.423,1421.5763,283.2587,4.1312,-3.073171,0.001378,-0.004767,55.805341972,37.446669912,164.2955,402640.2136,6185506.7363,8,0.0198,0.0329
214.923,1421.0776,283.2244,4.1293,-3.072243,0.001391,-0.004793,55.805341666,37.446661960,164.2935,402639.7144,6185506.7134,8,0.0191,0.0310
215.422,1420.5790,283.1894,4.1273,-3.071300,0.001339,-0.004824,55.805341353,37.446654009,164.2914,402639.2153,6185506.6898,8,0.0188,0.0288
215.922,1420.0805,283.1542,4.1252,-3.070369,0.001222,-0.004859,55.805341038,37.446646058,164.2892,402638.7162,6185506.6659,8,0.0185,0.0294
216.422,1419.5819,283.1183,4.1230,-3.069442,0.001044,-0.004899,55.805340717,37.446638108,164.2869,402638.2172,6185506.6414,8,0.0182,0.0306
216.922,1419.0834,283.0821,4.1205,-3.068658,0.000810,-0.004944,55.805340394,37.446630158,164.2843,402637.7181,6185506.6165,8,0.0179,0.0313
217.422,1418.5850,283.0455,4.1181,-3.067945,0.000531,-0.004993,55.805340066,37.446622209,164.2818,402637.2191,6185506.5912,8,0.0176,0.0319
217.922,1418.0865,283.0086,4.1155,-3.067601,0.000222,-0.005048,55.805339736,37.446614260,164.2790,402636.7201,6185506.5657,8,0.0173,0.0327
218.421,1417.5880,282.9716,4.1128,-3.067443,-0.000100,-0.005107,55.805339405,37.446606311,164.2763,402636.2211,6185506.5401,8,0.0171,0.0335
218.921,1417.0896,282.9345,4.1101,-3.067758,-0.000417,-0.005171,55.805339074,37.446598362,164.2734,402635.7221,6185506.5144,8,0.0168,0.0345
219.421,1416.5911,282.8978,4.1073,-3.068313,-0.000712,-0.005240,55.805338746,37.446590412,164.2705,402635.2230,6185506.4890,8,0.0169,0.0355
219.921,1416.0926,282.8613,4.1045,-3.069138,-0.000971,-0.005314,55.805338419,37.446582463,164.2676,402634.7240,6185506.4639,8,0.0170,0.0369
220.421,1415.5941,282.8254,4.1016,-3.070104,-0.001185,-0.005394,55.805338099,37.446574513,164.2646,402634.2249,6185506.4394,8,0.0171,0.0384
220.920,1415.0956,282.7899,4.0989,-3.071029,-0.001349,-0.005478,55.805337781,37.446566562,164.2618,402633.7259,6185506.4152,8,0.0172,0.0390
221.420,1414.5970,282.7550,4.0961,-3.071936,-0.001463,-0.005568,55.805337469,37.446558611,164.2589,402633.2268,6185506.3916,8,0.0183,0.0394
221.920,1414.0983,282.7203,4.0936,-3.072747,-0.001526,-0.005664,55.805337159,37.446550659,164.2562,402632.7276,6185506.3684,8,0.0197,0.0368
222.420,1413.5997,282.6862,4.0910,-3.073510,-0.001537,-0.005764,55.805336854,37.446542707,164.2536,402632.2285,6185506.3456,8,0.0210,0.0336
222.920,1413.1010,282.6523,4.0887,-3.074346,-0.001496,-0.005870,55.805336551,37.446534754,164.2512,402631.7293,6185506.3231,8,0.0223,0.0346
223.420,1412.6023,282.6190,4.0865,-3.075222,-0.001396,-0.005981,55.805336254,37.446526801,164.2488,402631.2301,6185506.3011,8,0.0227,0.0364
223.919,1412.1036,282.5860,4.0846,-3.076201,-0.001235,-0.006097,55.805335959,37.446518848,164.2468,402630.7310,6185506.2795,8,0.0229,0.0374
224.419,1411.6048,282.5537,4.0827,-3.077236,-0.001007,-0.006218,55.805335670,37.446510894,164.2448,402630.2317,6185506.2585,8,0.0231,0.0382
224.919,1411.1060,282.5217,4.0811,-3.078132,-0.000715,-0.006345,55.805335384,37.446502939,164.2431,402629.7325,6185506.2379,8,0.0233,0.0386
225.419,1410.6072,282.4903,4.0795,-3.078956,-0.000367,-0.006476,55.805335103,37.446494984,164.2414,402629.2332,6185506.2179,8,0.0271,0.0389
225.919,1410.1083,282.4592,4.0781,-3.079332,0.000021,-0.006612,55.805334825,37.446487029,164.2399,402628.7340,6185506.1981,8,0.0316,0.0367
226.418,1409.6095,282.4281,4.0767,-3.079467,0.000425,-0.006752,55.805334548,37.446479073,164.2384,402628.2347,6185506.1784,9,0.0361,0.0340
226.918,1409.1106,282.3971,4.0754,-3.079009,0.000812,-0.006897,55.805334271,37.446471118,164.2369,402627.7354,6185506.1588,9,0.0406,0.0497
227.418,1408.6118,282.3656,4.0740,-3.078228,0.001147,-0.007047,55.805333989,37.446463163,164.2354,402627.2361,6185506.1386,9,0.0410,0.0688
227.918,1408.1130,282.3338,4.0725,-3.076970,0.001398,-0.007200,55.805333705,37.446455208,164.2338,402626.7369,6185506.1182,9,0.0406,0.0727
228.418,1407.6142,282.3010,4.0709,-3.075450,0.001536,-0.007356,55.805333412,37.446447255,164.2321,402626.2377,6185506.0968,9,0.0403,0.0736
228.918,1407.1155,282.2677,4.0689,-3.073798,0.001543,-0.007517,55.805333115,37.446439302,164.2300,402625.7385,6185506.0748,9,0.0399,0.0714
229.417,1406.6169,282.2333,4.0669,-3.072070,0.001414,-0.007680,55.805332807,37.446431350,164.2278,402625.2394,6185506.0518,9,0.0357,0.0686
229.917,1406.1183,282.1983,4.0643,-3.070666,0.001159,-0.007846,55.805332494,37.446423398,164.2252,402624.7403,6185506.0281,9,0.0308,0.0737
230.417,1405.6198,282.1625,4.0616,-3.069439,0.000803,-0.008014,55.805332174,37.446415448,164.2224,402624.2412,6185506.0037,9,0.0260,0.0804
230.917,1405.1213,282.1262,4.0584,-3.068900,0.000383,-0.008184,55.805331849,37.446407498,164.2190,402623.7422,6185505.9788,9,0.0211,0.0801
231.417,1404.6228,282.0899,4.0550,-3.068742,-0.000055,-0.008355,55.805331524,37.446399549,164.2155,402623.2431,6185505.9538,9,0.0209,0.0785
231.916,1404.1243,282.0535,4.0510,-3.069306,-0.000464,-0.008528,55.805331199,37.446391599,164.2114,402622.7441,6185505.9287,9,0.0217,0.0749
232.416,1403.6257,282.0177,4.0469,-3.070275,-0.000799,-0.008701,55.805330879,37.446383649,164.2072,402622.2450,6185505.9043,9,0.0224,0.0708
232.916,1403.1272,281.9822,4.0422,-3.071623,-0.001022,-0.008874,55.805330562,37.446375698,164.2024,402621.7459,6185505.8802,9,0.0232,0.0755
233.416,1402.6285,281.9478,4.0374,-3.073188,-0.001109,-0.009046,55.805330254,37.446367746,164.1975,402621.2468,6185505.8571,9,0.0248,0.0819
233.916,1402.1299,281.9139,4.0322,-3.074639,-0.001052,-0.009218,55.805329951,37.446359794,164.1922,402620.7476,6185505.8346,9,0.0266,0.0854
234.416,1401.6311,281.8809,4.0269,-3.076030,-0.000858,-0.009389,55.805329656,37.446351840,164.1868,402620.2484,6185505.8130,9,0.0283,0.0883
234.915,1401.1324,281.8484,4.0213,-3.076922,-0.000550,-0.009557,55.805329366,37.446343886,164.1811,402619.7492,6185505.7918,9,0.0301,0.0797
235.415,1400.6336,281.8163,4.0156,-3.077530,-0.000162,-0.009724,55.805329079,37.446335932,164.1753,402619.2500,6185505.7711,9,0.0322,0.0686
235.915,1400.1348,281.7844,4.0097,-3.077485,0.000263,-0.009887,55.805328794,37.446327977,164.1693,402618.7507,6185505.7506,9,0.0344,0.0745
236.415,1399.6360,281.7523,4.0037,-3.077063,0.000678,-0.010047,55.805328507,37.446320023,164.1632,402618.2515,6185505.7298,9,0.0365,0.0838
236.915,1399.1372,281.7200,3.9976,-3.076099,0.001040,-0.010203,55.805328218,37.446312069,164.1569,402617.7523,6185505.7088,9,0.0387,0.0865
237.415,1398.6385,281.6868,3.9915,-3.074816,0.001309,-0.010355,55.805327922,37.446304116,164.1507,402617.2531,6185505.6871,9,0.0374,0.0878
237.914,1398.1398,281.6533,3.9852,-3.073309,0.001455,-0.010502,55.805327622,37.446296163,164.1443,402616.7539,6185505.6649,9,0.0354,0.0842
238.414,1397.6412,281.6186,3.9788,-3.071667,0.001462,-0.010644,55.805327312,37.446288211,164.1378,402616.2548,6185505.6416,9,0.0334,0.0795
238.914,1397.1426,281.5834,3.9724,-3.070170,0.001326,-0.010781,55.805326997,37.446280260,164.1313,402615.7557,6185505.6177,9,0.0314,0.0786
239.414,1396.6441,281.5473,3.9659,-3.068753,0.001059,-0.010911,55.805326674,37.446272310,164.1247,402615.2567,6185505.5930,9,0.0318,0.0786
239.914,1396.1456,281.5107,3.9594,-3.067787,0.000684,-0.011035,55.805326347,37.446264361,164.1180,402614.7576,6185505.5677,9,0.0326,0.0797
240.413,1395.6472,281.4736,3.9528,-3.067085,0.000238,-0.011152,55.805326015,37.446256412,164.1113,402614.2586,6185505.5420,9,0.0335,0.0811
240.913,1395.1488,281.4363,3.9462,-3.067048,-0.000236,-0.011262,55.805325681,37.446248464,164.1046,402613.7597,6185505.5160,9,0.0343,0.0793
241.413,1394.6503,281.3991,3.9395,-3.067409,-0.000688,-0.011365,55.805325350,37.446240515,164.0978,402613.2607,6185505.4903,9,0.0330,0.0768
241.913,1394.1519,281.3622,3.9328,-3.068433,-0.001072,-0.011460,55.805325019,37.446232566,164.0910,402612.7616,6185505.4646,9,0.0312,0.0717
242.413,1393.6534,281.3261,3.9261,-3.069861,-0.001346,-0.011547,55.805324696,37.446224616,164.0843,402612.2626,6185505.4399,9,0.0294,0.0661
242.913,1393.1548,281.2905,3.9195,-3.071588,-0.001481,-0.011626,55.805324378,37.446216665,164.0775,402611.7635,6185505.4157,9,0.0276,0.0686
243.412,1392.6562,281.2561,3.9128,-3.073502,-0.001462,-0.011696,55.805324071,37.446208713,164.0707,402611.2644,6185505.3927,9,0.0290,0.0728
243.912,1392.1575,281.2225,3.9062,-3.075140,-0.001290,-0.011758,55.805323770,37.446200761,164.0640,402610.7652,6185505.3704,9,0.0311,0.0767
244.412,1391.6587,281.1898,3.8996,-3.076614,-0.000984,-0.011812,55.805323478,37.446192807,164.0573,402610.2660,6185505.3490,9,0.0332,0.0806
244.912,1391.1599,281.1576,3.8931,-3.077408,-0.000577,-0.011857,55.805323190,37.446184853,164.0506,402609.7668,6185505.3282,9,0.0353,0.0733
245.412,1390.6611,281.1257,3.8866,-3.077784,-0.000114,-0.011893,55.805322905,37.446176898,164.0440,402609.2675,6185505.3077,9,0.0366,0.0635
245.911,1390.1623,281.0939,3.8800,-3.077466,0.000358,-0.011921,55.805322621,37.446168944,164.0374,402608.7683,6185505.2872,9,0.0377,0.0507
246.411,1389.6636,281.0616,3.8735,-3.076715,0.000789,-0.011940,55.805322332,37.446160989,164.0307,402608.2691,6185505.2663,9,0.0388,0.0373
246.911,1389.1648,281.0290,3.8669,-3.075531,0.001136,-0.011950,55.805322041,37.446153035,164.0240,402607.7698,6185505.2451,9,0.0399,0.0513
247.411,1388.6661,280.9956,3.8602,-3.074073,0.001364,-0.011951,55.805321742,37.446145083,164.0172,402607.2707,6185505.2231,9,0.0415,0.0712
247.911,1388.1674,280.9616,3.8534,-3.072516,0.001451,-0.011945,55.805321438,37.446137130,164.0103,402606.7715,6185505.2004,9,0.0432,0.0754
248.411,1387.6688,280.9266,3.8465,-3.070893,0.001389,-0.011929,55.805321126,37.446129179,164.0033,402606.2724,6185505.1768,9,0.0449,0.0761
248.910,1387.1703,280.8910,3.8393,-3.069502,0.001183,-0.011906,55.805320807,37.446121228,163.9960,402605.7733,6185505.1525,9,0.0466,0.0779
249.410,1386.6718,280.8546,3.8321,-3.068254,0.000851,-0.011875,55.805320482,37.446113279,163.9886,402605.2743,6185505.1275,9,0.0427,0.0799
249.910,1386.1733,280.8177,3.8246,-3.067528,0.000421,-0.011836,55.805320152,37.446105330,163.9811,402604.7753,6185505.1020,9,0.0376,0.0896
250.410,1385.6749,280.7806,3.8171,-3.067132,-0.000071,-0.011789,55.805319820,37.446097381,163.9735,402604.2763,6185505.0762,10,0.0324,0.1011
250.910,1385.1765,280.7434,3.8096,-3.067379,-0.000584,-0.011736,55.805319487,37.446089432,163.9658,402603.7773,6185505.0503,10,0.0273,0.0814
251.409,1384.6780,280.7065,3.8020,-3.068040,-0.001076,-0.011675,55.805319157,37.446081483,163.9581,402603.2783,6185505.0248,10,0.0264,0.0548
251.909,1384.1795,280.6699,3.7946,-3.069213,-0.001508,-0.011608,55.805318830,37.446073534,163.9507,402602.7793,6185504.9996,10,0.0263,0.0477
252.409,1383.6810,280.6342,3.7873,-3.070723,-0.001849,-0.011534,55.805318511,37.446065583,163.9432,402602.2802,6185504.9753,10,0.0263,0.0448
252.909,1383.1824,280.5991,3.7804,-3.072443,-0.002074,-0.011455,55.805318197,37.446057632,163.9362,402601.7811,6185504.9515,10,0.0263,0.0439
253.409,1382.6837,280.5652,3.7735,-3.074305,-0.002168,-0.011370,55.805317894,37.446049680,163.9292,402601.2819,6185504.9289,10,0.0267,0.0434
253.909,1382.1850,280.5319,3.7672,-3.076069,-0.002128,-0.011280,55.805317596,37.446041727,163.9227,402600.7828,6185504.9070,10,0.0273,0.0435
254.408,1381.6862,280.4997,3.7609,-3.077773,-0.001959,-0.011186,55.805317309,37.446033773,163.9164,402600.2835,6185504.8862,10,0.0278,0.0437
254.908,1381.1874,280.4682,3.7552,-3.079159,-0.001676,-0.011087,55.805317027,37.446025818,163.9106,402599.7843,6185504.8660,10,0.0284,0.0427
255.408,1380.6886,280.4373,3.7496,-3.080340,-0.001300,-0.010984,55.805316751,37.446017862,163.9048,402599.2850,6185504.8465,10,0.0288,0.0414
255.908,1380.1897,280.4070,3.7443,-3.081077,-0.000858,-0.010878,55.805316480,37.446009906,163.8995,402598.7857,6185504.8275,10,0.0292,0.0414
256.408,1379.6907,280.3769,3.7392,-3.081521,-0.000380,-0.010769,55.805316211,37.446001950,163.8942,402598.2864,6185504.8088,10,0.0296,0.0416
256.908,1379.1918,280.3470,3.7343,-3.081482,0.000104,-0.010657,55.805315944,37.445993993,163.8892,402597.7870,6185504.7903,10,0.0300,0.0403
257.407,1378.6929,280.3168,3.7294,-3.081119,0.000565,-0.010544,55.805315675,37.445986037,163.8842,402597.2877,6185504.7715,10,0.0303,0.0388
257.907,1378.1940,280.2865,3.7247,-3.080349,0.000978,-0.010429,55.805315404,37.445978081,163.8794,402596.7884,6185504.7526,10,0.0306,0.0385
258.407,1377.6951,280.2556,3.7200,-3.079301,0.001323,-0.010312,55.805315128,37.445970125,163.8746,402596.2891,6185504.7330,10,0.0309,0.0384
258.907,1377.1963,280.2243,3.7155,-3.078046,0.001586,-0.010195,55.805314848,37.445962170,163.8699,402595.7899,6185504.7131,10,0.0312,0.0370
259.407,1376.6975,280.1922,3.7109,-3.076644,0.001760,-0.010078,55.805314561,37.445954216,163.8653,402595.2906,6185504.6923,10,0.0305,0.0352
259.906,1376.1988,280.1594,3.7064,-3.075273,0.001847,-0.009961,55.805314268,37.445946262,163.8607,402594.7914,6185504.6709,10,0.0296,0.0332
260.406,1375.7001,280.1259,3.7019,-3.073918,0.001854,-0.009845,55.805313968,37.445938309,163.8561,402594.2923,6185504.6488,10,0.0288,0.0312
260.906,1375.2014,280.0918,3.6975,-3.072751,0.001795,-0.009729,55.805313664,37.445930357,163.8515,402593.7931,6185504.6260,10,0.0279,0.0311
261.406,1374.7028,280.0571,3.6931,-3.071710,0.001684,-0.009616,55.805313354,37.445922405,163.8470,402593.2940,6185504.6027,10,0.0267,0.0314
261.906,1374.2042,280.0220,3.6888,-3.070884,0.001540,-0.009504,55.805313040,37.445914454,163.8427,402592.7949,6185504.5790,10,0.0255,0.0330
262.406,1373.7057,279.9865,3.6845,-3.070204,0.001380,-0.009394,55.805312722,37.445906504,163.8383,402592.2958,6185504.5548,10,0.0242,0.0350
262.905,1373.2071,279.9507,3.6804,-3.069679,0.001216,-0.009287,55.805312402,37.445898553,163.8340,402591.7968,6185504.5304,10,0.0230,0.0355
263.405,1372.7086,279.9147,3.6763,-3.069261,0.001059,-0.009183,55.805312080,37.445890603,163.8298,402591.2977,6185504.5057,10,0.0233,0.0356
263.905,1372.2101,279.8785,3.6723,-3.068916,0.000915,-0.009083,55.805311756,37.445882653,163.8257,402590.7987,6185504.4809,10,0.0241,0.0339
264.405,1371.7116,279.8421,3.6684,-3.068620,0.000784,-0.008986,55.805311431,37.445874704,163.8217,402590.2996,6185504.4558,10,0.0248,0.0316
264.905,1371.2131,279.8056,3.6646,-3.068337,0.000663,-0.008893,55.805311104,37.445866754,163.8177,402589.8006,6185504.4307,10,0.0256,0.0322
265.404,1370.7146,279.7689,3.6608,-3.068062,0.000548,-0.008804,55.805310777,37.445858805,163.8138,402589.3016,6185504.4054,10,0.0255,0.0335
265.904,1370.2162,279.7322,3.6571,-3.067784,0.000429,-0.008720,55.805310448,37.445850856,163.8100,402588.8025,6185504.3800,10,0.0253,0.0356
266.404,1369.7177,279.6952,3.6534,-3.067503,0.000299,-0.008641,55.805310117,37.445842907,163.8063,402588.3035,6185504.3544,10,0.0252,0.0380
266.904,1369.2193,279.6582,3.6498,-3.067255,0.000150,-0.008567,55.805309786,37.445834958,163.8026,402587.8045,6185504.3287,10,0.0250,0.0397
267.404,1368.7208,279.6210,3.6463,-3.067030,-0.000024,-0.008498,55.805309453,37.445827009,163.7990,402587.3055,6185504.3029,10,0.0255,0.0413
267.904,1368.2224,279.5837,3.6429,-3.066910,-0.000226,-0.008434,55.805309120,37.445819060,163.7954,402586.8065,6185504.2769,10,0.0261,0.0419
268.403,1367.7240,279.5464,3.6394,-3.066865,-0.000454,-0.008376,55.805308786,37.445811112,163.7919,402586.3075,6185504.2510,10,0.0268,0.0422
268.903,1367.2256,279.5091,3.6361,-3.067007,-0.000703,-0.008323,55.805308453,37.445803163,163.7884,402585.8086,6185504.2250,10,0.0275,0.0417
269.403,1366.7271,279.4719,3.6328,-3.067286,-0.000963,-0.008277,55.805308120,37.445795215,163.7850,402585.3096,6185504.1992,10,0.0274,0.0409
269.903,1366.2287,279.4349,3.6297,-3.067822,-0.001219,-0.008236,55.805307789,37.445787266,163.7818,402584.8106,6185504.1735,10,0.0272,0.0407
270.403,1365.7302,279.3982,3.6265,-3.068549,-0.001454,-0.008201,55.805307461,37.445779316,163.7785,402584.3115,6185504.1483,10,0.0270,0.0405
270.902,1365.2317,279.3619,3.6235,-3.069546,-0.001650,-0.008173,55.805307136,37.445771367,163.7754,402583.8125,6185504.1233,10,0.0268,0.0411
271.402,1364.7332,279.3263,3.6205,-3.070746,-0.001788,-0.008150,55.805306818,37.445763416,163.7723,402583.3134,6185504.0990,10,0.0264,0.0419
271.902,1364.2346,279.2912,3.6176,-3.072111,-0.001854,-0.008134,55.805306504,37.445755465,163.7693,402582.8143,6185504.0753,10,0.0260,0.0415
272.402,1363.7359,279.2569,3.6147,-3.073603,-0.001839,-0.008124,55.805306197,37.445747513,163.7663,402582.3152,6185504.0523,10,0.0256,0.0407
272.902,1363.2372,279.2232,3.6119,-3.075028,-0.001738,-0.008119,55.805305897,37.445739560,163.7634,402581.8160,6185504.0301,10,0.0252,0.0404
273.402,1362.7385,279.1904,3.6091,-3.076406,-0.001558,-0.008121,55.805305603,37.445731607,163.7605,402581.3168,6185504.0086,10,0.0223,0.0402
273.901,1362.2397,279.1581,3.6063,-3.077473,-0.001310,-0.008130,55.805305315,37.445723652,163.7576,402580.8176,6185503.9877,10,0.0188,0.0429
274.401,1361.7409,279.1263,3.6035,-3.078309,-0.001014,-0.008144,55.805305030,37.445715698,163.7547,402580.3183,6185503.9672,9,0.0152,0.0461
274.901,1361.2421,279.0949,3.6006,-3.078743,-0.000689,-0.008164,55.805304750,37.445707743,163.7517,402579.8191,6185503.9472,9,0.0117,0.0488
275.401,1360.7433,279.0635,3.5977,-3.078872,-0.000361,-0.008191,55.805304469,37.445699788,163.7487,402579.3198,6185503.9272,9,0.0103,0.0513
275.901,1360.2444,279.0322,3.5947,-3.078700,-0.000048,-0.008223,55.805304190,37.445691833,163.7455,402578.8205,6185503.9072,9,0.0093,0.0493
276.400,1359.7456,279.0007,3.5916,-3.078296,0.000231,-0.008261,55.805303908,37.445683878,163.7423,402578.3213,6185503.8871,9,0.0084,0.0462
276.900,1359.2468,278.9690,3.5882,-3.077770,0.000466,-0.008305,55.805303624,37.445675923,163.7388,402577.8220,6185503.8667,9,0.0075,0.0447
277.400,1358.7480,278.9370,3.5848,-3.077150,0.000652,-0.008354,55.805303338,37.445667969,163.7353,402577.3228,6185503.8461,9,0.0073,0.0435
277.900,1358.2492,278.9046,3.5812,-3.076543,0.000792,-0.008410,55.805303049,37.445660014,163.7315,402576.8236,6185503.8251,9,0.0074,0.0415
278.400,1357.7505,278.8720,3.5774,-3.075946,0.000890,-0.008471,55.805302757,37.445652061,163.7277,402576.3244,6185503.8038,9,0.0074,0.0394
278.900,1357.2517,278.8391,3.5734,-3.075409,0.000954,-0.008537,55.805302463,37.445644107,163.7236,402575.8252,6185503.7822,9,0.0074,0.0353
279.399,1356.7530,278.8059,3.5694,-3.074918,0.000994,-0.008609,55.805302166,37.445636154,163.7194,402575.3260,6185503.7604,9,0.0065,0.0307
279.899,1356.2543,278.7725,3.5651,-3.074458,0.001015,-0.008686,55.805301868,37.445628201,163.7151,402574.8268,6185503.7384,9,0.0053,0.0279
280.399,1355.7556,278.7388,3.5608,-3.074020,0.001022,-0.008768,55.805301567,37.445620248,163.7106,402574.3276,6185503.7161,9,0.0042,0.0255
280.899,1355.2569,278.7050,3.5562,-3.073541,0.001014,-0.008856,55.805301264,37.445612296,163.7060,402573.8285,6185503.6936,9,0.0030,0.0261
281.399,1354.7583,278.6708,3.5517,-3.073028,0.000991,-0.008949,55.805300959,37.445604344,163.7013,402573.3293,6185503.6708,9,0.0038,0.0275
281.899,1354.2597,278.6365,3.5471,-3.072439,0.000947,-0.009047,55.805300652,37.445596392,163.6966,402572.8302,6185503.6478,9,0.0051,0.0251
282.398,1353.7610,278.6018,3.5424,-3.071787,0.000878,-0.009150,55.805300341,37.445588440,163.6918,402572.3311,6185503.6245,9,0.0064,0.0217
282.898,1353.2625,278.5668,3.5378,-3.071138,0.000783,-0.009257,55.805300028,37.445580489,163.6871,402571.8320,6185503.6008,9,0.0076,0.0187
283.398,1352.7639,278.5314,3.5331,-3.070491,0.000660,-0.009370,55.805299712,37.445572538,163.6823,402571.3329,6185503.5768,9,0.0085,0.0157
283.898,1352.2653,278.4957,3.5285,-3.070008,0.000515,-0.009487,55.805299393,37.445564588,163.6776,402570.8338,6185503.5525,9,0.0093,0.0186
284.398,1351.7668,278.4599,3.5240,-3.069656,0.000356,-0.009610,55.805299073,37.445556637,163.6730,402570.3347,6185503.5280,9,0.0100,0.0229
284.897,1351.2683,278.4239,3.5195,-3.069548,0.000193,-0.009736,55.805298751,37.445548687,163.6684,402569.8357,6185503.5034,9,0.0108,0.0223
285.397,1350.7698,278.3879,3.5151,-3.069637,0.000037,-0.009868,55.805298429,37.445540737,163.6639,402569.3366,6185503.4788,9,0.0114,0.0203
285.897,1350.2712,278.3520,3.5107,-3.069872,-0.000101,-0.010004,55.805298108,37.445532787,163.6594,402568.8376,6185503.4542,9,0.0120,0.0176
286.397,1349.7727,278.3163,3.5064,-3.070228,-0.000212,-0.010144,55.805297789,37.445524836,163.6549,402568.3385,6185503.4299,9,0.0126,0.0146
286.897,1349.2741,278.2807,3.5021,-3.070577,-0.000293,-0.010288,55.805297471,37.445516886,163.6505,402567.8394,6185503.4057,9,0.0132,0.0173
287.397,1348.7756,278.2454,3.4978,-3.070922,-0.000342,-0.010437,55.805297155,37.445508935,163.6461,402567.3403,6185503.3817,9,0.0116,0.0215
287.896,1348.2770,278.2102,3.4935,-3.071208,-0.000361,-0.010590,55.805296840,37.445500984,163.6417,402566.8412,6185503.3578,9,0.0095,0.0223
288.396,1347.7784,278.1751,3.4892,-3.071445,-0.000356,-0.010746,55.805296526,37.445493033,163.6373,402566.3421,6185503.3341,9,0.0074,0.0222
288.896,1347.2798,278.1401,3.4848,-3.071648,-0.000333,-0.010906,55.805296213,37.445485082,163.6328,402565.8430,6185503.3105,9,0.0053,0.0204
289.396,1346.7812,278.1052,3.4803,-3.071824,-0.000299,-0.011070,55.805295901,37.445477130,163.6283,402565.3439,6185503.2870,9,0.0065,0.0181
289.896,1346.2826,278.0704,3.4758,-3.071965,-0.000261,-0.011237,55.805295590,37.445469179,163.6236,402564.8448,6185503.2635,9,0.0087,0.0208
290.395,1345.7840,278.0357,3.4712,-3.072078,-0.000226,-0.011408,55.805295279,37.445461227,163.6189,402564.3457,6185503.2401,9,0.0108,0.0248
290.895,1345.2854,278.0010,3.4665,-3.072134,-0.000199,-0.011581,55.805294969,37.445453276,163.6141,402563.8466,6185503.2168,9,0.0130,0.0301
291.395,1344.7868,277.9663,3.4617,-3.072143,-0.000185,-0.011757,55.805294659,37.445445324,163.6092,402563.3474,6185503.1935,9,0.0133,0.0359
291.895,1344.2881,277.9316,3.4567,-3.072126,-0.000188,-0.011935,55.805294349,37.445437373,163.6040,402562.8483,6185503.1701,9,0.0131,0.0352
292.395,1343.7895,277.8969,3.4516,-3.072088,-0.000212,-0.012115,55.805294039,37.445429421,163.5989,402562.3492,6185503.1468,9,0.0129,0.0329
292.895,1343.2909,277.8622,3.4463,-3.072090,-0.000256,-0.012298,55.805293728,37.445421470,163.5935,402561.8501,6185503.1234,9,0.0127,0.0299
293.394,1342.7923,277.8275,3.4410,-3.072128,-0.000320,-0.012481,55.805293418,37.445413518,163.5881,402561.3510,6185503.1001,9,0.0123,0.0269
293.894,1342.2937,277.7928,3.4354,-3.072232,-0.000404,-0.012666,55.805293108,37.445405566,163.5824,402560.8518,6185503.0768,9,0.0118,0.0266
294.394,1341.7951,277.7582,3.4298,-3.072395,-0.000503,-0.012851,55.805292798,37.445397615,163.5766,402560.3527,6185503.0535,9,0.0113,0.0269
294.894,1341.2964,277.7237,3.4239,-3.072620,-0.000612,-0.013037,55.805292490,37.445389663,163.5706,402559.8536,6185503.0304,9,0.0108,0.0327
295.394,1340.7978,277.6893,3.4179,-3.072901,-0.000722,-0.013222,55.805292182,37.445381711,163.5646,402559.3544,6185503.0074,9,0.0117,0.0399
295.893,1340.2991,277.6551,3.4117,-3.073274,-0.000824,-0.013407,55.805291876,37.445373759,163.5583,402558.8553,6185502.9845,9,0.0128,0.0359
296.393,1339.8005,277.6211,3.4054,-3.073729,-0.000905,-0.013591,55.805291572,37.445365807,163.5519,402558.3562,6185502.9619,9,0.0140,0.0288
296.893,1339.3018,277.5873,3.3989,-3.074322,-0.000950,-0.013774,55.805291270,37.445357854,163.5452,402557.8570,6185502.9394,9,0.0151,0.0298
297.393,1338.8031,277.5539,3.3922,-3.075042,-0.000947,-0.013955,55.805290972,37.445349901,163.5384,402557.3578,6185502.9174,9,0.0147,0.0331
297.893,1338.3044,277.5208,3.3853,-3.075857,-0.000883,-0.014133,55.805290676,37.445341948,163.5314,402556.8586,6185502.8957,9,0.0139,0.0361
298.393,1337.8056,277.4882,3.3782,-3.076760,-0.000750,-0.014308,55.805290385,37.445333994,163.5242,402556.3594,6185502.8744,9,0.0130,0.0391
298.892,1337.3068,277.4560,3.3708,-3.077570,-0.000547,-0.014480,55.805290097,37.445326040,163.5167,402555.8602,6185502.8536,9,0.0122,0.0391
299.392,1336.8080,277.4242,3.3633,-3.078298,-0.000280,-0.014649,55.805289813,37.445318085,163.5091,402555.3609,6185502.8332,9,0.0118,0.0382
299.892,1336.3092,277.3928,3.3555,-3.078702,0.000035,-0.014812,55.805289532,37.445310130,163.5012,402554.8617,6185502.8131,9,0.0114,0.0331
300.392,1335.8104,277.3614,3.3476,-3.078814,0.000376,-0.014971,55.805289251,37.445302175,163.4932,402554.3624,6185502.7931,9,0.0111,0.0268
300.892,1335.3115,277.3301,3.3393,-3.078497,0.000713,-0.015125,55.805288971,37.445294220,163.4848,402553.8631,6185502.7731,9,0.0108,0.0289
301.392,1334.8127,277.2984,3.3309,-3.077787,0.001013,-0.015273,55.805288688,37.445286265,163.4763,402553.3639,6185502.7528,9,0.0114,0.0332
301.891,1334.3139,277.2663,3.3222,-3.076743,0.001244,-0.015415,55.805288402,37.445278311,163.4674,402552.8647,6185502.7321,9,0.0123,0.0314
302.391,1333.8152,277.2336,3.3133,-3.075388,0.001381,-0.015550,55.805288109,37.445270357,163.4585,402552.3655,6185502.7108,9,0.0132,0.0279
302.891,1333.3165,277.2002,3.3042,-3.073943,0.001406,-0.015678,55.805287810,37.445262404,163.4493,402551.8663,6185502.6887,9,0.0141,0.0244
303.391,1332.8178,277.1660,3.2950,-3.072411,0.001310,-0.015799,55.805287505,37.445254452,163.4400,402551.3671,6185502.6659,9,0.0135,0.0210
303.891,1332.3192,277.1311,3.2856,-3.071102,0.001102,-0.015912,55.805287193,37.445246501,163.4304,402550.8680,6185502.6423,9,0.0125,0.0223
304.390,1331.8207,277.0956,3.2761,-3.069995,0.000799,-0.016017,55.805286875,37.445238550,163.4208,402550.3689,6185502.6182,9,0.0115,0.0248
304.890,1331.3221,277.0596,3.2665,-3.069364,0.000432,-0.016114,55.805286553,37.445230600,163.4111,402549.8699,6185502.5936,9,0.0105,0.0305
305.390,1330.8236,277.0235,3.2568,-3.069176,0.000037,-0.016202,55.805286230,37.445222650,163.4014,402549.3708,6185502.5688,9,0.0099,0.0371
305.890,1330.3251,276.9873,3.2471,-3.069500,-0.000345,-0.016281,55.805285906,37.445214701,163.3916,402548.8718,6185502.5439,9,0.0093,0.0347
306.390,1329.8266,276.9515,3.2374,-3.070308,-0.000676,-0.016351,55.805285586,37.445206750,163.3817,402548.3727,6185502.5195,9,0.0087,0.0298
306.890,1329.3280,276.9161,3.2277,-3.071394,-0.000926,-0.016411,55.805285270,37.445198799,163.3719,402547.8736,6185502.4955,9,0.0081,0.0302
307.389,1328.8294,276.8814,3.2180,-3.072748,-0.001075,-0.016462,55.805284959,37.445190848,163.3622,402547.3745,6185502.4721,9,0.0082,0.0320
307.889,1328.3308,276.8473,3.2084,-3.074029,-0.001112,-0.016504,55.805284655,37.445182896,163.3524,402546.8754,6185502.4494,9,0.0085,0.0305
308.389,1327.8321,276.8139,3.1988,-3.075245,-0.001044,-0.016536,55.805284356,37.445174943,163.3427,402546.3762,6185502.4273,8,0.0087,0.0281
308.889,1327.3333,276.7810,3.1893,-3.076149,-0.000885,-0.016558,55.805284062,37.445166989,163.3331,402545.8770,6185502.4059,8,0.0089,0.0266
309.389,1326.8346,276.7485,3.1798,-3.076755,-0.000659,-0.016570,55.805283771,37.445159035,163.3235,402545.3778,6185502.3847,8,0.0088,0.0254
309.888,1326.3358,276.7163,3.1703,-3.077025,-0.000391,-0.016573,55.805283483,37.445151081,163.3139,402544.8786,6185502.3638,8,0.0086,0.0207
310.388,1325.8370,276.6840,3.1608,-3.076968,-0.000108,-0.016567,55.805283195,37.445143127,163.3043,402544.3793,6185502.3429,8,0.0084,0.0150
310.888,1325.3382,276.6517,3.1513,-3.076698,0.000164,-0.016550,55.805282906,37.445135173,163.2947,402543.8801,6185502.3220,8,0.0082,0.0157
311.388,1324.8395,276.6192,3.1418,-3.076220,0.000409,-0.016525,55.805282615,37.445127219,163.2851,402543.3809,6185502.3008,8,0.0075,0.0182
311.888,1324.3407,276.5864,3.1323,-3.075669,0.000613,-0.016490,55.805282322,37.445119265,163.2755,402542.8817,6185502.2794,8,0.0067,0.0195
312.388,1323.8420,276.5533,3.1229,-3.075045,0.000770,-0.016446,55.805282027,37.445111312,163.2659,402542.3825,6185502.2577,7,0.0058,0.0204
312.887,1323.3433,276.5199,3.1135,-3.074423,0.000879,-0.016392,55.805281728,37.445103359,163.2564,402541.8833,6185502.2357,7,0.0050,0.0159
313.387,1322.8446,276.4862,3.1041,-3.073803,0.000942,-0.016331,55.805281427,37.445095407,163.2469,402541.3842,6185502.2133,7,0.0052,0.0098
313.887,1322.3459,276.4522,3.0948,-3.073204,0.000964,-0.016260,55.805281123,37.445087454,163.2376,402540.8850,6185502.1907,7,0.0057,0.0085
314.387,1321.8473,276.4179,3.0856,-3.072624,0.000949,-0.016182,55.805280816,37.445079502,163.2282,402540.3859,6185502.1677,8,0.0063,0.0087
314.887,1321.3487,276.3833,3.0766,-3.072074,0.000901,-0.016095,55.805280507,37.445071551,163.2192,402539.8867,6185502.1445,8,0.0068,0.0102
315.386,1320.8501,276.3485,3.0677,-3.071551,0.000823,-0.016001,55.805280195,37.445063599,163.2101,402539.3876,6185502.1210,8,0.0071,0.0121
315.886,1320.3515,276.3134,3.0591,-3.071075,0.000718,-0.015898,55.805279881,37.445055648,163.2014,402538.8885,6185502.0973,8,0.0073,0.0124
316.386,1319.8529,276.2781,3.0505,-3.070644,0.000587,-0.015789,55.805279565,37.445047697,163.1927,402538.3894,6185502.0733,8,0.0074,0.0123
316.886,1319.3544,276.2425,3.0423,-3.070278,0.000431,-0.015673,55.805279247,37.445039747,163.1844,402537.8904,6185502.0491,8,0.0076,0.0122
317.386,1318.8558,276.2068,3.0341,-3.069977,0.000253,-0.015550,55.805278928,37.445031796,163.1761,402537.3913,6185502.0248,8,0.0073,0.0122
317.886,1318.3573,276.1710,3.0262,-3.069775,0.000056,-0.015420,55.805278608,37.445023846,163.1681,402536.8922,6185502.0003,8,0.0067,0.0135
318.385,1317.8588,276.1351,3.0184,-3.069675,-0.000155,-0.015285,55.805278287,37.445015896,163.1602,402536.3932,6185501.9758,8,0.0062,0.0151
318.885,1317.3602,276.0992,3.0109,-3.069735,-0.000370,-0.015143,55.805277965,37.445007946,163.1526,402535.8941,6185501.9512,8,0.0057,0.0128
319.385,1316.8617,276.0633,3.0034,-3.069960,-0.000580,-0.014996,55.805277645,37.444999995,163.1450,402535.3950,6185501.9267,8,0.0060,0.0094
319.885,1316.3631,276.0276,2.9962,-3.070379,-0.000771,-0.014843,55.805277325,37.444992045,163.1376,402534.8960,6185501.9024,8,0.0066,0.0083
320.385,1315.8646,275.9922,2.9890,-3.071000,-0.000932,-0.014685,55.805277009,37.444984094,163.1304,402534.3969,6185501.8783,8,0.0072,0.0079
320.884,1315.3660,275.9571,2.9820,-3.071759,-0.001051,-0.014522,55.805276695,37.444976143,163.1233,402533.8978,6185501.8546,8,0.0078,0.0069
321.384,1314.8674,275.9224,2.9751,-3.072664,-0.001119,-0.014354,55.805276385,37.444968192,163.1162,402533.3987,6185501.8313,8,0.0077,0.0057
321.884,1314.3687,275.8882,2.9683,-3.073576,-0.001132,-0.014182,55.805276079,37.444960239,163.1094,402532.8995,6185501.8085,8,0.0074,0.0086
322.384,1313.8701,275.8545,2.9616,-3.074500,-0.001089,-0.014005,55.805275777,37.444952287,163.1025,402532.4004,6185501.7861,8,0.0071,0.0128
322.884,1313.3713,275.8212,2.9549,-3.075301,-0.000995,-0.013825,55.805275480,37.444944334,163.0958,402531.9012,6185501.7642,8,0.0068,0.0119
323.384,1312.8726,275.7883,2.9484,-3.075974,-0.000858,-0.013640,55.805275185,37.444936380,163.0891,402531.4020,6185501.7426,8,0.0074,0.0096
323.883,1312.3739,275.7557,2.9419,-3.076463,-0.000688,-0.013451,55.805274894,37.444928427,163.0825,402530.9028,6185501.7213,8,0.0084,0.0097
324.383,1311.8751,275.7232,2.9354,-3.076757,-0.000498,-0.013259,55.805274604,37.444920473,163.0759,402530.4035,6185501.7003,8,0.0093,0.0106
324.883,1311.3763,275.6909,2.9289,-3.076891,-0.000301,-0.013063,55.805274315,37.444912518,163.0694,402529.9043,6185501.6793,8,0.0103,0.0120
325.383,1310.8775,275.6586,2.9224,-3.076853,-0.000105,-0.012863,55.805274026,37.444904564,163.0628,402529.4051,6185501.6583,8,0.0108,0.0137
325.883,1310.3788,275.6262,2.9160,-3.076730,0.000081,-0.012661,55.805273737,37.444896610,163.0562,402528.9059,6185501.6374,8,0.0111,0.0126
326.383,1309.8800,275.5938,2.9095,-3.076514,0.000253,-0.012455,55.805273447,37.444888656,163.0496,402528.4067,6185501.6163,8,0.0115,0.0105
326.882,1309.3812,275.5612,2.9030,-3.076265,0.000409,-0.012246,55.805273156,37.444880703,163.0430,402527.9074,6185501.5951,8,0.0118,0.0097
327.382,1308.8825,275.5285,2.8965,-3.075980,0.000549,-0.012035,55.805272863,37.444872749,163.0365,402527.4082,6185501.5737,8,0.0112,0.0092
327.882,1308.3838,275.4957,2.8901,-3.075656,0.000671,-0.011820,55.805272570,37.444864795,163.0299,402526.9090,6185501.5523,8,0.0103,0.0094
328.382,1307.8850,275.4627,2.8836,-3.075289,0.000777,-0.011604,55.805272275,37.444856842,163.0233,402526.4098,6185501.5306,8,0.0094,0.0099
328.882,1307.3863,275.4295,2.8773,-3.074851,0.000865,-0.011384,55.805271978,37.444848889,163.0169,402525.9106,6185501.5088,8,0.0085,0.0097
329.381,1306.8876,275.3960,2.8709,-3.074335,0.000933,-0.011163,55.805271678,37.444840936,163.0105,402525.4115,6185501.4867,8,0.0077,0.0093
329.881,1306.3889,275.3623,2.8648,-3.073754,0.000977,-0.010939,55.805271377,37.444832983,163.0042,402524.9123,6185501.4643,8,0.0068,0.0097
330.381,1305.8903,275.3282,2.8587,-3.073101,0.000995,-0.010714,55.805271073,37.444825031,162.9980,402524.4132,6185501.4416,8,0.0059,0.0103
330.881,1305.3916,275.2939,2.8528,-3.072440,0.000982,-0.010487,55.805270765,37.444817079,162.9920,402523.9140,6185501.4186,8,0.0051,0.0081
331.381,1304.8930,275.2592,2.8470,-3.071770,0.000938,-0.010258,55.805270455,37.444809128,162.9861,402523.4149,6185501.3953,8,0.0050,0.0052
331.881,1304.3944,275.2241,2.8415,-3.071153,0.000860,-0.010028,55.805270141,37.444801176,162.9805,402522.9158,6185501.3716,8,0.0053,0.0066
332.380,1303.8959,275.1888,2.8361,-3.070595,0.000752,-0.009797,55.805269826,37.444793226,162.9750,402522.4167,6185501.3476,8,0.0055,0.0094
332.880,1303.3973,275.1532,2.8310,-3.070123,0.000615,-0.009566,55.805269507,37.444785275,162.9698,402521.9176,6185501.3234,8,0.0057,0.0104
333.380,1302.8988,275.1174,2.8260,-3.069745,0.000456,-0.009334,55.805269187,37.444777325,162.9647,402521.4186,6185501.2990,8,0.0061,0.0107
333.880,1302.4002,275.0815,2.8212,-3.069476,0.000283,-0.009102,55.805268865,37.444769375,162.9598,402520.9195,6185501.2743,8,0.0066,0.0109
334.380,1301.9017,275.0454,2.8165,-3.069328,0.000105,-0.008871,55.805268543,37.444761425,162.9550,402520.4205,6185501.2497,8,0.0071,0.0111
334.879,1301.4032,275.0093,2.8121,-3.069326,-0.000066,-0.008640,55.805268220,37.444753475,162.9505,402519.9214,6185501.2249,8,0.0075,0.0120
335.379,1300.9047,274.9732,2.8078,-3.069490,-0.000219,-0.008410,55.805267897,37.444745525,162.9460,402519.4223,6185501.2002,8,0.0069,0.0130
335.879,1300.4062,274.9373,2.8036,-3.069806,-0.000346,-0.008182,55.805267576,37.444737574,162.9418,402518.9233,6185501.1756,8,0.0060,0.0141
336.379,1299.9076,274.9015,2.7995,-3.070300,-0.000439,-0.007956,55.805267256,37.444729624,162.9376,402518.4242,6185501.1512,7,0.0051,0.0152
336.879,1299.4091,274.8661,2.7956,-3.070847,-0.000497,-0.007732,55.805266939,37.444721673,162.9336,402517.9251,6185501.1271,7,0.0042,0.0147
337.379,1298.9105,274.8309,2.7918,-3.071459,-0.000524,-0.007511,55.805266624,37.444713722,162.9296,402517.4260,6185501.1033,7,0.0033,0.0135
337.878,1298.4119,274.7960,2.7881,-3.071942,-0.000530,-0.007293,55.805266312,37.444705771,162.9259,402516.9269,6185501.0798,7,0.0024,0.0140
338.378,1297.9133,274.7613,2.7845,-3.072276,-0.000527,-0.007079,55.805266002,37.444697819,162.9222,402516.4278,6185501.0564,7,0.0016,0.0151
338.878,1297.4146,274.7268,2.7811,-3.072408,-0.000528,-0.006870,55.805265693,37.444689868,162.9187,402515.9287,6185501.0333,7,0.0007,0.0146
339.378,1296.9160,274.6922,2.7778,-3.072300,-0.000543,-0.006665,55.805265384,37.444681916,162.9153,402515.4296,6185501.0100,7,0.0010,0.0136
339.878,1296.4174,274.6576,2.7748,-3.072186,-0.000580,-0.006466,55.805265074,37.444673964,162.9121,402514.9304,6185500.9868,7,0.0017,0.0129
340.377,1295.9188,274.6229,2.7719,-3.072063,-0.000634,-0.006273,55.805264764,37.444666013,162.9091,402514.4313,6185500.9634,8,0.0024,0.0122
340.877,1295.4202,274.5881,2.7693,-3.072204,-0.000700,-0.006087,55.805264453,37.444658061,162.9064,402513.9322,6185500.9400,8,0.0030,0.0117
341.377,1294.9215,274.5536,2.7668,-3.072663,-0.000762,-0.005908,55.805264144,37.444650110,162.9039,402513.4331,6185500.9169,8,0.0042,0.0113
341.877,1294.4229,274.5193,2.7647,-3.073348,-0.000806,-0.005737,55.805263838,37.444642158,162.9017,402512.9339,6185500.8939,8,0.0054,0.0110
342.377,1293.9242,274.4854,2.7627,-3.074307,-0.000822,-0.005574,55.805263535,37.444634205,162.8996,402512.4348,6185500.8714,8,0.0067,0.0108
342.877,1293.4255,274.4520,2.7611,-3.075174,-0.000801,-0.005420,55.805263237,37.444626252,162.8979,402511.9356,6185500.8494,8,0.0079,0.0121
343.376,1292.9268,274.4190,2.7597,-3.075932,-0.000744,-0.005275,55.805262942,37.444618299,162.8963,402511.4364,6185500.8278,8,0.0071,0.0138
343.876,1292.4280,274.3865,2.7585,-3.076429,-0.000657,-0.005140,55.805262650,37.444610345,162.8951,402510.9372,6185500.8066,8,0.0057,0.0151
344.376,1291.9293,274.3540,2.7575,-3.076608,-0.000551,-0.005016,55.805262360,37.444602391,162.8940,402510.4380,6185500.7854,7,0.0042,0.0164
344.876,1291.4305,274.3215,2.7568,-3.076662,-0.000435,-0.004902,55.805262070,37.444594437,162.8931,402509.9387,6185500.7644,7,0.0027,0.0162
345.376,1290.9317,274.2891,2.7561,-3.076562,-0.000318,-0.004800,55.805261780,37.444586483,162.8924,402509.4395,6185500.7433,7,0.0029,0.0157
345.876,1290.4330,274.2566,2.7557,-3.076517,-0.000205,-0.004709,55.805261489,37.444578529,162.8918,402508.9403,6185500.7221,7,0.0037,0.0166
346.375,1289.9342,274.2241,2.7553,-3.076539,-0.000095,-0.004631,55.805261198,37.444570575,162.8913,402508.4411,6185500.7010,7,0.0045,0.0181
346.875,1289.4355,274.1916,2.7551,-3.076618,0.000014,-0.004565,55.805260908,37.444562621,162.8910,402507.9419,6185500.6799,7,0.0053,0.0188
347.375,1288.9367,274.1592,2.7549,-3.076770,0.000128,-0.004512,55.805260618,37.444554667,162.8908,402507.4426,6185500.6588,7,0.0051,0.0194
347.875,1288.4379,274.1268,2.7549,-3.076862,0.000249,-0.004472,55.805260329,37.444546713,162.8906,402506.9434,6185500.6378,7,0.0047,0.0173
348.375,1287.9391,274.0945,2.7548,-3.076878,0.000379,-0.004445,55.805260040,37.444538759,162.8904,402506.4442,6185500.6169,7,0.0042,0.0144
348.874,1287.4404,274.0622,2.7549,-3.076751,0.000514,-0.004431,55.805259751,37.444530805,162.8904,402505.9450,6185500.5959,7,0.0038,0.0150
349.374,1286.9416,274.0297,2.7549,-3.076444,0.000647,-0.004432,55.805259461,37.444522851,162.8903,402505.4457,6185500.5748,7,0.0037,0.0168
349.874,1286.4428,273.9971,2.7550,-3.076009,0.000770,-0.004446,55.805259169,37.444514897,162.8903,402504.9465,6185500.5536,7,0.0037,0.0175
350.374,1285.9441,273.9642,2.7551,-3.075408,0.000874,-0.004473,55.805258875,37.444506944,162.8903,402504.4473,6185500.5320,7,0.0038,0.0179
350.874,1285.4454,273.9310,2.7551,-3.074748,0.000950,-0.004514,55.805258578,37.444498990,162.8902,402503.9481,6185500.5102,7,0.0038,0.0177
351.374,1284.9467,273.8975,2.7552,-3.074012,0.000991,-0.004569,55.805258278,37.444491038,162.8902,402503.4490,6185500.4880,7,0.0035,0.0173
351.873,1284.4480,273.8635,2.7552,-3.073292,0.000994,-0.004637,55.805257975,37.444483085,162.8901,402502.9498,6185500.4654,7,0.0031,0.0184
352.373,1283.9494,273.8292,2.7552,-3.072593,0.000958,-0.004719,55.805257668,37.444475133,162.8900,402502.4507,6185500.4425,8,0.0027,0.0201
352.873,1283.4508,273.7946,2.7551,-3.071963,0.000887,-0.004813,55.805257358,37.444467182,162.8898,402501.9515,6185500.4192,8,0.0023,0.0218
353.373,1282.9522,273.7597,2.7549,-3.071421,0.000786,-0.004921,55.805257046,37.444459230,162.8895,402501.4524,6185500.3957,8,0.0031,0.0235
353.873,1282.4536,273.7245,2.7546,-3.070972,0.000660,-0.005040,55.805256731,37.444451279,162.8891,402500.9533,6185500.3718,8,0.0043,0.0234
354.372,1281.9550,273.6891,2.7542,-3.070643,0.000518,-0.005172,55.805256415,37.444443328,162.8886,402500.4542,6185500.3478,8,0.0056,0.0227
354.872,1281.4565,273.6536,2.7537,-3.070415,0.000365,-0.005316,55.805256098,37.444435378,162.8880,402499.9552,6185500.3237,8,0.0068,0.0229
355.372,1280.9579,273.6181,2.7530,-3.070320,0.000207,-0.005471,55.805255779,37.444427427,162.8872,402499.4561,6185500.2995,8,0.0071,0.0234
355.872,1280.4594,273.5824,2.7522,-3.070310,0.000048,-0.005636,55.805255461,37.444419477,162.8863,402498.9570,6185500.2752,8,0.0070,0.0219
356.372,1279.9608,273.5469,2.7512,-3.070415,-0.000112,-0.005812,55.805255143,37.444411526,162.8852,402498.4579,6185500.2510,8,0.0070,0.0198
356.872,1279.4623,273.5113,2.7499,-3.070552,-0.000273,-0.005997,55.805254825,37.444403575,162.8838,402497.9588,6185500.2268,8,0.0070,0.0181
357.371,1278.9637,273.4759,2.7485,-3.070732,-0.000434,-0.006192,55.805254508,37.444395625,162.8823,402497.4598,6185500.2028,8,0.0067,0.0166
357.871,1278.4651,273.4406,2.7468,-3.070922,-0.000595,-0.006394,55.805254192,37.444387674,162.8805,402496.9607,6185500.1788,8,0.0064,0.0163
358.371,1277.9666,273.4053,2.7449,-3.071125,-0.000752,-0.006605,55.805253877,37.444379723,162.8785,402496.4616,6185500.1549,8,0.0061,0.0166
358.871,1277.4680,273.3702,2.7426,-3.071417,-0.000898,-0.006823,55.805253562,37.444371772,162.8761,402495.9625,6185500.1311,8,0.0058,0.0181
359.371,1276.9694,273.3352,2.7401,-3.071831,-0.001018,-0.007047,55.805253250,37.444363821,162.8735,402495.4634,6185500.1075,8,0.0058,0.0202
359.870,1276.4708,273.3005,2.7371,-3.072435,-0.001095,-0.007277,55.805252939,37.444355869,162.8704,402494.9643,6185500.0842,8,0.0060,0.0204
360.370,1275.9721,273.2661,2.7340,-3.073302,-0.001108,-0.007512,55.805252632,37.444347917,162.8672,402494.4651,6185500.0612,8,0.0061,0.0201
360.870,1275.4734,273.2323,2.7304,-3.074315,-0.001040,-0.007752,55.805252329,37.444339965,162.8635,402493.9660,6185500.0387,8,0.0063,0.0205
361.370,1274.9747,273.1989,2.7266,-3.075536,-0.000878,-0.007995,55.805252031,37.444332012,162.8596,402493.4668,6185500.0167,8,0.0061,0.0212
361.870,1274.4760,273.1663,2.7223,-3.076671,-0.000617,-0.008241,55.805251739,37.444324058,162.8551,402492.9676,6185499.9954,8,0.0057,0.0204
362.370,1273.9772,273.1341,2.7178,-3.077692,-0.000270,-0.008490,55.805251451,37.444316104,162.8506,402492.4683,6185499.9746,8,0.0053,0.0190
362.869,1273.4784,273.1025,2.7128,-3.078324,0.000139,-0.008741,55.805251168,37.444308149,162.8455,402491.9691,6185499.9543,8,0.0050,0.0191
363.369,1272.9796,273.0709,2.7077,-3.078414,0.000569,-0.008993,55.805250886,37.444300194,162.8403,402491.4698,6185499.9341,8,0.0067,0.0197
363.869,1272.4807,273.0394,2.7023,-3.077951,0.000973,-0.009245,55.805250604,37.444292239,162.8348,402490.9706,6185499.9139,8,0.0092,0.0205
364.369,1271.9820,273.0073,2.6967,-3.076708,0.001299,-0.009498,55.805250318,37.444284285,162.8291,402490.4713,6185499.8932,8,0.0117,0.0214
364.869,1271.4832,272.9745,2.6908,-3.075075,0.001501,-0.009750,55.805250025,37.444276331,162.8231,402489.9721,6185499.8718,8,0.0142,0.0205
365.369,1270.9845,272.9409,2.6849,-3.072883,0.001545,-0.010001,55.805249724,37.444268379,162.8170,402489.4730,6185499.8495,8,0.0141,0.0190
365.868,1270.4859,272.9059,2.6787,-3.070784,0.001419,-0.010250,55.805249411,37.444260427,162.8108,402488.9739,6185499.8259,8,0.0131,0.0187
366.368,1269.9874,272.8701,2.6725,-3.068809,0.001135,-0.010497,55.805249091,37.444252477,162.8044,402488.4748,6185499.8015,8,0.0121,0.0188
366.868,1269.4889,272.8332,2.6661,-3.067424,0.000726,-0.010742,55.805248761,37.444244528,162.7980,402487.9758,6185499.7759,8,0.0111,0.0190
367.368,1268.9905,272.7961,2.6597,-3.066880,0.000246,-0.010984,55.805248428,37.444236579,162.7914,402487.4768,6185499.7501,8,0.0098,0.0192
367.868,1268.4921,272.7586,2.6531,-3.067041,-0.000244,-0.011222,55.805248093,37.444228631,162.7848,402486.9778,6185499.7240,8,0.0084,0.0193
368.367,1267.9936,272.7216,2.6466,-3.068220,-0.000679,-0.011458,55.805247762,37.444220682,162.7781,402486.4788,6185499.6984,8,0.0070,0.0192
368.867,1267.4951,272.6853,2.6399,-3.069739,-0.001004,-0.011689,55.805247438,37.444212732,162.7714,402485.9797,6185499.6735,8,0.0056,0.0192
369.367,1266.9966,272.6499,2.6332,-3.071761,-0.001184,-0.011916,55.805247120,37.444204782,162.7646,402485.4807,6185499.6494,8,0.0057,0.0193
369.867,1266.4979,272.6156,2.6264,-3.073601,-0.001204,-0.012139,55.805246814,37.444196830,162.7577,402484.9815,6185499.6264,8,0.0063,0.0184
370.367,1265.9992,272.5819,2.6196,-3.075182,-0.001074,-0.012357,55.805246513,37.444188877,162.7507,402484.4824,6185499.6042,8,0.0069,0.0171
370.867,1265.5005,272.5492,2.6126,-3.076289,-0.000822,-0.012571,55.805246221,37.444180923,162.7437,402483.9832,6185499.5828,8,0.0075,0.0200
371.366,1265.0017,272.5167,2.6057,-3.076700,-0.000492,-0.012779,55.805245930,37.444172969,162.7366,402483.4839,6185499.5617,8,0.0082,0.0244
371.866,1264.5030,272.4844,2.5986,-3.076686,-0.000133,-0.012983,55.805245641,37.444165015,162.7295,402482.9847,6185499.5407,8,0.0090,0.0239
372.366,1264.0042,272.4519,2.5915,-3.076039,0.000207,-0.013182,55.805245350,37.444157061,162.7223,402482.4855,6185499.5195,8,0.0098,0.0215
372.866,1263.5055,272.4189,2.5843,-3.075214,0.000487,-0.013376,55.805245056,37.444149108,162.7150,402481.9863,6185499.4980,8,0.0105,0.0217
373.366,1263.0068,272.3856,2.5772,-3.074117,0.000679,-0.013565,55.805244757,37.444141155,162.7077,402481.4871,6185499.4760,8,0.0109,0.0227
373.865,1262.5081,272.3515,2.5699,-3.073086,0.000770,-0.013749,55.805244453,37.444133203,162.7004,402480.9880,6185499.4533,8,0.0110,0.0212
374.365,1262.0095,272.3171,2.5626,-3.072149,0.000757,-0.013928,55.805244145,37.444125251,162.6930,402480.4888,6185499.4303,8,0.0112,0.0189
374.865,1261.5109,272.2822,2.5553,-3.071392,0.000650,-0.014102,55.805243832,37.444117300,162.6856,402479.9897,6185499.4067,8,0.0113,0.0154
375.365,1261.0123,272.2470,2.5480,-3.070905,0.000467,-0.014272,55.805243518,37.444109349,162.6782,402479.4906,6185499.3829,8,0.0106,0.0115
375.865,1260.5137,272.2116,2.5407,-3.070592,0.000230,-0.014436,55.805243201,37.444101398,162.6707,402478.9915,6185499.3588,8,0.0096,0.0116
376.365,1260.0152,272.1761,2.5333,-3.070544,-0.000036,-0.014596,55.805242884,37.444093447,162.6633,402478.4925,6185499.3347,8,0.0085,0.0132
376.864,1259.5166,272.1406,2.5259,-3.070651,-0.000307,-0.014752,55.805242566,37.444085497,162.6558,402477.9934,6185499.3105,8,0.0075,0.0169
377.364,1259.0180,272.1052,2.5184,-3.070996,-0.000559,-0.014903,55.805242250,37.444077546,162.6482,402477.4943,6185499.2865,8,0.0072,0.0213
377.864,1258.5195,272.0701,2.5110,-3.071510,-0.000770,-0.015050,55.805241935,37.444069595,162.6406,402476.9952,6185499.2627,8,0.0071,0.0213
378.364,1258.0208,272.0352,2.5034,-3.072286,-0.000923,-0.015193,55.805241624,37.444061643,162.6330,402476.4961,6185499.2392,8,0.0071,0.0197
378.864,1257.5222,272.0009,2.4958,-3.073181,-0.001005,-0.015333,55.805241316,37.444053692,162.6253,402475.9970,6185499.2162,8,0.0070,0.0197
379.363,1257.0235,271.9669,2.4882,-3.074265,-0.001012,-0.015469,55.805241013,37.444045739,162.6176,402475.4978,6185499.1936,8,0.0066,0.0204
379.863,1256.5248,271.9336,2.4804,-3.075286,-0.000945,-0.015601,55.805240715,37.444037786,162.6097,402474.9986,6185499.1717,8,0.0061,0.0196
380.363,1256.0261,271.9007,2.4726,-3.076212,-0.000815,-0.015730,55.805240420,37.444029833,162.6018,402474.4994,6185499.1501,8,0.0056,0.0183
380.863,1255.5273,271.8683,2.4647,-3.076887,-0.000639,-0.015856,55.805240131,37.444021879,162.5937,402474.0002,6185499.1291,8,0.0052,0.0161
381.363,1255.0286,271.8360,2.4566,-3.077165,-0.000438,-0.015979,55.805239842,37.444013925,162.5856,402473.5010,6185499.1082,8,0.0048,0.0136
381.863,1254.5298,271.8039,2.4484,-3.077192,-0.000235,-0.016100,55.805239555,37.444005970,162.5772,402473.0017,6185499.0875,8,0.0045,0.0132
382.362,1254.0310,271.7717,2.4400,-3.076818,-0.000050,-0.016219,55.805239267,37.443998016,162.5688,402472.5025,6185499.0666,8,0.0043,0.0136
382.862,1253.5322,271.7392,2.4314,-3.076383,0.000102,-0.016335,55.805238977,37.443990062,162.5601,402472.0033,6185499.0455,8,0.0040,0.0160
383.362,1253.0335,271.7066,2.4227,-3.075849,0.000215,-0.016449,55.805238685,37.443982109,162.5513,402471.5041,6185499.0242,8,0.0040,0.0192
383.862,1252.5347,271.6736,2.4138,-3.075424,0.000289,-0.016562,55.805238390,37.443974155,162.5423,402471.0049,6185499.0026,8,0.0042,0.0218
384.362,1252.0360,271.6405,2.4048,-3.075176,0.000332,-0.016673,55.805238094,37.443966202,162.5332,402470.5057,6185498.9808,8,0.0044,0.0243
384.861,1251.5373,271.6072,2.3956,-3.075030,0.000354,-0.016783,55.805237796,37.443958249,162.5239,402470.0065,6185498.9589,8,0.0046,0.0267
385.361,1251.0386,271.5740,2.3864,-3.075049,0.000367,-0.016892,55.805237499,37.443950296,162.5146,402469.5073,6185498.9371,8,0.0045,0.0292
385.861,1250.5399,271.5407,2.3771,-3.075051,0.000381,-0.016999,55.805237202,37.443942343,162.5052,402469.0081,6185498.9152,8,0.0044,0.0277
386.361,1250.0412,271.5075,2.3678,-3.075026,0.000400,-0.017107,55.805236905,37.443934389,162.4958,402468.5090,6185498.8933,8,0.0043,0.0248
386.861,1249.5424,271.4743,2.3586,-3.074921,0.000426,-0.017213,55.805236607,37.443926436,162.4865,402468.0098,6185498.8714,8,0.0041,0.0205
387.361,1249.0437,271.4409,2.3495,-3.074684,0.000457,-0.017319,55.805236309,37.443918483,162.4773,402467.5106,6185498.8494,8,0.0055,0.0158
387.860,1248.5450,271.4074,2.3406,-3.074395,0.000486,-0.017425,55.805236010,37.443910531,162.4683,402467.0114,6185498.8273,8,0.0074,0.0188
388.360,1248.0464,271.3738,2.3318,-3.074018,0.000508,-0.017531,55.805235709,37.443902578,162.4594,402466.5122,6185498.8050,8,0.0094,0.0249
388.860,1247.5477,271.3399,2.3233,-3.073634,0.000518,-0.017636,55.805235406,37.443894625,162.4508,402466.0131,6185498.7825,8,0.0113,0.0255
389.360,1247.0490,271.3059,2.3149,-3.073238,0.000513,-0.017742,55.805235102,37.443886673,162.4423,402465.5139,6185498.7599,8,0.0147,0.0239
389.860,1246.5504,271.2716,2.3069,-3.072874,0.000489,-0.017848,55.805234795,37.443878721,162.4342,402465.0148,6185498.7370,8,0.0186,0.0246
390.360,1246.0517,271.2373,2.2989,-3.072561,0.000448,-0.017954,55.805234488,37.443870769,162.4261,402464.5157,6185498.7140,8,0.0225,0.0262
390.859,1245.5531,271.2027,2.2912,-3.072300,0.000389,-0.018060,55.805234179,37.443862818,162.4183,402464.0165,6185498.6907,8,0.0264,0.0266
391.359,1245.0545,271.1681,2.2835,-3.072127,0.000315,-0.018166,55.805233869,37.443854866,162.4105,402463.5174,6185498.6675,8,0.0265,0.0266
391.859,1244.5559,271.1333,2.2759,-3.071984,0.000224,-0.018273,55.805233558,37.443846915,162.4028,402463.0183,6185498.6441,8,0.0252,0.0248
392.359,1244.0573,271.0985,2.2682,-3.071889,0.000118,-0.018380,55.805233247,37.443838963,162.3950,402462.5192,6185498.6207,9,0.0240,0.0222
392.859,1243.5587,271.0637,2.2605,-3.071797,-0.000004,-0.018486,55.805232935,37.443831012,162.3872,402462.0201,6185498.5972,9,0.0227,0.0248
393.358,1243.0601,271.0288,2.2526,-3.071709,-0.000140,-0.018593,55.805232623,37.443823060,162.3792,402461.5210,6185498.5737,9,0.0213,0.0295
393.858,1242.5615,270.9939,2.2445,-3.071662,-0.000289,-0.018700,55.805232311,37.443815109,162.3710,402461.0219,6185498.5501,9,0.0199,0.0310
394.358,1242.0629,270.9590,2.2363,-3.071687,-0.000443,-0.018807,55.805231999,37.443807158,162.3627,402460.5227,6185498.5265,9,0.0185,0.0313
394.858,1241.5643,270.9241,2.2277,-3.071836,-0.000592,-0.018913,55.805231686,37.443799206,162.3540,402460.0236,6185498.5030,9,0.0171,0.0284
395.358,1241.0657,270.8893,2.2189,-3.072203,-0.000723,-0.019019,55.805231375,37.443791255,162.3451,402459.5245,6185498.4796,9,0.0157,0.0241
395.858,1240.5670,270.8547,2.2098,-3.072723,-0.000820,-0.019125,55.805231066,37.443783303,162.3359,402459.0254,6185498.4564,9,0.0143,0.0252
396.357,1240.0684,270.8205,2.2006,-3.073517,-0.000870,-0.019229,55.805230760,37.443775351,162.3266,402458.5263,6185498.4335,9,0.0129,0.0284
396.857,1239.5697,270.7867,2.1910,-3.074372,-0.000859,-0.019333,55.805230458,37.443767399,162.3169,402458.0271,6185498.4111,9,0.0115,0.0267
397.357,1239.0710,270.7533,2.1814,-3.075342,-0.000782,-0.019435,55.805230160,37.443759446,162.3072,402457.5279,6185498.3891,9,0.0104,0.0230
397.857,1238.5723,270.7206,2.1715,-3.076201,-0.000642,-0.019537,55.805229867,37.443751492,162.2972,402457.0287,6185498.3677,9,0.0093,0.0210
398.357,1238.0735,270.6880,2.1615,-3.076864,-0.000449,-0.019636,55.805229576,37.443743538,162.2871,402456.5295,6185498.3465,9,0.0083,0.0197
398.856,1237.5747,270.6559,2.1513,-3.077289,-0.000220,-0.019734,55.805229288,37.443735584,162.2768,402456.0303,6185498.3257,9,0.0072,0.0202
399.356,1237.0759,270.6238,2.1410,-3.077283,0.000020,-0.019830,55.805229001,37.443727630,162.2665,402455.5310,6185498.3050,9,0.0082,0.0216
399.856,1236.5771,270.5917,2.1306,-3.077057,0.000247,-0.019924,55.805228714,37.443719676,162.2560,402455.0318,6185498.2842,9,0.0101,0.0255
400.356,1236.0784,270.5593,2.1201,-3.076430,0.000436,-0.020016,55.805228425,37.443711722,162.2453,402454.5326,6185498.2632,9,0.0119,0.0305
400.856,1235.5796,270.5266,2.1094,-3.075719,0.000567,-0.020105,55.805228132,37.443703768,162.2346,402454.0334,6185498.2419,9,0.0138,0.0312
401.356,1235.0809,270.4935,2.0987,-3.074852,0.000630,-0.020191,55.805227836,37.443695815,162.2237,402453.5342,6185498.2202,9,0.0132,0.0303
401.855,1234.5822,270.4599,2.0877,-3.074048,0.000622,-0.020275,55.805227536,37.443687862,162.2127,402453.0350,6185498.1979,9,0.0115,0.0316
402.355,1234.0835,270.4261,2.0767,-3.073358,0.000550,-0.020356,55.805227233,37.443679910,162.2015,402452.5358,6185498.1754,9,0.0099,0.0339
402.855,1233.5849,270.3917,2.0655,-3.072823,0.000431,-0.020433,55.805226926,37.443671958,162.1902,402452.0367,6185498.1525,9,0.0083,0.0329
403.355,1233.0863,270.3574,2.0542,-3.072576,0.000288,-0.020508,55.805226618,37.443664006,162.1788,402451.5376,6185498.1295,9,0.0091,0.0305
403.855,1232.5876,270.3228,2.0428,-3.072510,0.000144,-0.020579,55.805226309,37.443656054,162.1673,402451.0385,6185498.1063,9,0.0109,0.0300
404.354,1232.0890,270.2884,2.0313,-3.072783,0.000026,-0.020647,55.805226001,37.443648102,162.1557,402450.5393,6185498.0832,9,0.0127,0.0304
404.854,1231.5904,270.2541,2.0197,-3.073170,-0.000045,-0.020711,55.805225695,37.443640150,162.1440,402450.0402,6185498.0603,9,0.0145,0.0289
405.354,1231.0917,270.2200,2.0081,-3.073775,-0.000057,-0.020773,55.805225390,37.443632198,162.1323,402449.5410,6185498.0376,9,0.0146,0.0266
405.854,1230.5930,270.1863,1.9964,-3.074331,-0.000005,-0.020830,55.805225089,37.443624245,162.1206,402449.0419,6185498.0152,9,0.0140,0.0246
406.354,1230.0943,270.1528,1.9848,-3.074795,0.000103,-0.020885,55.805224789,37.443616293,162.1089,402448.5427,6185497.9931,8,0.0134,0.0228
406.854,1229.5956,270.1196,1.9733,-3.075044,0.000252,-0.020936,55.805224492,37.443608340,162.0973,402448.0435,6185497.9712,8,0.0128,0.0217
407.353,1229.0969,270.0864,1.9619,-3.074883,0.000418,-0.020984,55.805224195,37.443600386,162.0858,402447.5443,6185497.9493,8,0.0123,0.0209
407.853,1228.5982,270.0530,1.9506,-3.074496,0.000577,-0.021029,55.805223896,37.443592434,162.0744,402447.0452,6185497.9273,8,0.0119,0.0204
408.353,1228.0995,270.0193,1.9395,-3.073671,0.000704,-0.021070,55.805223595,37.443584481,162.0631,402446.5460,6185497.9050,8,0.0114,0.0199
408.853,1227.6009,269.9851,1.9285,-3.072788,0.000779,-0.021109,55.805223289,37.443576529,162.0521,402446.0468,6185497.8822,8,0.0109,0.0186
409.353,1227.1022,269.9506,1.9177,-3.071786,0.000792,-0.021145,55.805222980,37.443568577,162.0412,402445.5477,6185497.8590,8,0.0099,0.0169
409.853,1226.6037,269.9154,1.9071,-3.070914,0.000740,-0.021179,55.805222666,37.443560626,162.0305,402445.0486,6185497.8352,8,0.0087,0.0176
410.352,1226.1051,269.8800,1.8965,-3.070296,0.000630,-0.021210,55.805222349,37.443552675,162.0198,402444.5495,6185497.8112,7,0.0075,0.0194
410.852,1225.6066,269.8442,1.8862,-3.069861,0.000472,-0.021238,55.805222029,37.443544725,162.0094,402444.0505,6185497.7867,7,0.0063,0.0193
411.352,1225.1080,269.8084,1.8759,-3.069786,0.000281,-0.021265,55.805221708,37.443536775,161.9990,402443.5514,6185497.7622,7,0.0069,0.0186
411.852,1224.6095,269.7725,1.8657,-3.069807,0.000071,-0.021290,55.805221387,37.443528825,161.9887,402443.0523,6185497.7377,7,0.0081,0.0194
412.352,1224.1110,269.7367,1.8556,-3.070020,-0.000146,-0.021313,55.805221067,37.443520874,161.9785,402442.5533,6185497.7133,7,0.0094,0.0210
412.851,1223.6124,269.7010,1.8455,-3.070240,-0.000361,-0.021334,55.805220747,37.443512924,161.9683,402442.0542,6185497.6889,7,0.0106,0.0174
413.351,1223.1139,269.6654,1.8355,-3.070474,-0.000567,-0.021355,55.805220429,37.443504973,161.9582,402441.5551,6185497.6647,7,0.0102,0.0117
413.851,1222.6153,269.6300,1.8254,-3.070738,-0.000757,-0.021374,55.805220112,37.443497023,161.9480,402441.0560,6185497.6406,7,0.0090,0.0136
414.351,1222.1167,269.5946,1.8154,-3.071064,-0.000920,-0.021393,55.805219796,37.443489072,161.9379,402440.5570,6185497.6167,7,0.0079,0.0187
414.851,1221.6181,269.5595,1.8054,-3.071518,-0.001044,-0.021412,55.805219482,37.443481121,161.9278,402440.0579,6185497.5929,7,0.0068,0.0204
415.351,1221.1195,269.5246,1.7953,-3.072237,-0.001114,-0.021430,55.805219170,37.443473170,161.9176,402439.5587,6185497.5694,7,0.0069,0.0206
415.850,1220.6209,269.4902,1.7852,-3.073103,-0.001113,-0.021448,55.805218862,37.443465218,161.9074,402439.0596,6185497.5464,7,0.0077,0.0196
416.350,1220.1222,269.4562,1.7751,-3.074278,-0.001027,-0.021466,55.805218558,37.443457265,161.8972,402438.5605,6185497.5237,7,0.0084,0.0179
416.850,1219.6235,269.4230,1.7648,-3.075444,-0.000851,-0.021485,55.805218261,37.443449312,161.8868,402438.0613,6185497.5018,7,0.0091,0.0179
417.350,1219.1248,269.3901,1.7545,-3.076600,-0.000588,-0.021504,55.805217967,37.443441359,161.8765,402437.5621,6185497.4803,7,0.0095,0.0186
417.850,1218.6260,269.3581,1.7441,-3.077499,-0.000257,-0.021524,55.805217680,37.443433405,161.8660,402437.0628,6185497.4596,7,0.0099,0.0206
418.349,1218.1272,269.3261,1.7336,-3.077864,0.000112,-0.021546,55.805217394,37.443425450,161.8554,402436.5636,6185497.4390,7,0.0102,0.0231
418.849,1217.6284,269.2944,1.7230,-3.077835,0.000479,-0.021568,55.805217111,37.443417495,161.8447,402436.0644,6185497.4187,7,0.0105,0.0212
419.349,1217.1296,269.2624,1.7123,-3.076974,0.000798,-0.021592,55.805216825,37.443409541,161.8339,402435.5651,6185497.3981,7,0.0107,0.0174
419.849,1216.6308,269.2299,1.7015,-3.075839,0.001024,-0.021618,55.805216534,37.443401587,161.8229,402435.0659,6185497.3769,7,0.0109,0.0151
420.349,1216.1321,269.1967,1.6906,-3.074113,0.001123,-0.021645,55.805216238,37.443393634,161.8119,402434.5667,6185497.3551,7,0.0110,0.0134
420.849,1215.6335,269.1625,1.6796,-3.072427,0.001074,-0.021675,55.805215931,37.443385682,161.8008,402434.0676,6185497.3322,7,0.0111,0.0137
421.348,1215.1349,269.1277,1.6685,-3.070814,0.000874,-0.021706,55.805215620,37.443377731,161.7897,402433.5685,6185497.3088,7,0.0122,0.0150
421.848,1214.6363,269.0918,1.6575,-3.069527,0.000540,-0.021740,55.805215298,37.443369781,161.7785,402433.0694,6185497.2842,7,0.0136,0.0172
422.348,1214.1378,269.0557,1.6464,-3.068936,0.000107,-0.021777,55.805214976,37.443361831,161.7673,402432.5703,6185497.2595,7,0.0150,0.0198
422.848,1213.6393,269.0192,1.6353,-3.068758,-0.000377,-0.021816,55.805214649,37.443353881,161.7562,402432.0713,6185497.2344,7,0.0164,0.0189
423.348,1213.1408,268.9829,1.6243,-3.069477,-0.000858,-0.021858,55.805214325,37.443345931,161.7450,402431.5723,6185497.2095,7,0.0157,0.0166
423.847,1212.6423,268.9472,1.6133,-3.070494,-0.001282,-0.021902,55.805214005,37.443337981,161.7340,402431.0732,6185497.1851,7,0.0140,0.0148
424.347,1212.1437,268.9119,1.6024,-3.072171,-0.001598,-0.021950,55.805213690,37.443330030,161.7229,402430.5741,6185497.1612,7,0.0123,0.0132
424.847,1211.6451,268.8778,1.5916,-3.073940,-0.001769,-0.022000,55.805213385,37.443322078,161.7120,402430.0750,6185497.1384,7,0.0106,0.0166
425.347,1211.1464,268.8443,1.5808,-3.075923,-0.001772,-0.022054,55.805213085,37.443314125,161.7012,402429.5758,6185497.1163,7,0.0104,0.0223
425.847,1210.6476,268.8122,1.5702,-3.077792,-0.001599,-0.022110,55.805212798,37.443306171,161.6905,402429.0766,6185497.0956,7,0.0108,0.0228
426.347,1210.1487,268.7806,1.5597,-3.079420,-0.001263,-0.022170,55.805212515,37.443298216,161.6799,402428.5773,6185497.0753,7,0.0113,0.0210
426.846,1209.6499,268.7501,1.5493,-3.080755,-0.000790,-0.022232,55.805212243,37.443290260,161.6694,402428.0780,6185497.0562,7,0.0118,0.0217
427.346,1209.1510,268.7198,1.5390,-3.081443,-0.000222,-0.022298,55.805211972,37.443282304,161.6590,402427.5787,6185497.0373,7,0.0114,0.0236
427.846,1208.6520,268.6900,1.5288,-3.081718,0.000387,-0.022367,55.805211705,37.443274348,161.6487,402427.0794,6185497.0188,7,0.0106,0.0223
428.346,1208.1531,268.6600,1.5186,-3.081060,0.000978,-0.022439,55.805211437,37.443266391,161.6384,402426.5801,6185497.0002,7,0.0098,0.0196
428.846,1207.6542,268.6296,1.5086,-3.080010,0.001493,-0.022514,55.805211165,37.443258435,161.6283,402426.0808,6185496.9811,7,0.0090,0.0187
429.345,1207.1554,268.5985,1.4986,-3.078060,0.001877,-0.022592,55.805210887,37.443250480,161.6182,402425.5815,6185496.9614,7,0.0107,0.0187
429.845,1206.6566,268.5661,1.4886,-3.075943,0.002090,-0.022673,55.805210597,37.443242526,161.6081,402425.0823,6185496.9403,7,0.0134,0.0176
430.345,1206.1579,268.5329,1.4786,-3.073426,0.002108,-0.022757,55.805210301,37.443234573,161.5980,402424.5831,6185496.9185,8,0.0162,0.0160
430.845,1205.6593,268.4980,1.4685,-3.071078,0.001930,-0.022843,55.805209988,37.443226622,161.5879,402424.0840,6185496.8950,8,0.0190,0.0154
431.345,1205.1607,268.4625,1.4584,-3.069110,0.001574,-0.022932,55.805209670,37.443218671,161.5777,402423.5849,6185496.8708,8,0.0195,0.0152
431.845,1204.6623,268.4256,1.4481,-3.067562,0.001080,-0.023023,55.805209340,37.443210722,161.5673,402423.0859,6185496.8453,8,0.0189,0.0178
432.344,1204.1638,268.3886,1.4377,-3.066991,0.000500,-0.023116,55.805209009,37.443202773,161.5568,402422.5869,6185496.8196,8,0.0184,0.0217
432.844,1203.6654,268.3511,1.4271,-3.066875,-0.000102,-0.023211,55.805208674,37.443194825,161.5460,402422.0879,6185496.7935,8,0.0178,0.0217
433.344,1203.1670,268.3139,1.4162,-3.067832,-0.000664,-0.023308,55.805208341,37.443186876,161.5351,402421.5889,6185496.7677,8,0.0173,0.0199
433.844,1202.6685,268.2774,1.4050,-3.069065,-0.001129,-0.023406,55.805208015,37.443178927,161.5238,402421.0899,6185496.7426,8,0.0169,0.0198
434.344,1202.1700,268.2415,1.3937,-3.070965,-0.001456,-0.023506,55.805207693,37.443170977,161.5124,402420.5908,6185496.7180,8,0.0165,0.0203
434.844,1201.6713,268.2069,1.3820,-3.072864,-0.001618,-0.023606,55.805207383,37.443163025,161.5006,402420.0917,6185496.6947,8,0.0161,0.0204
435.343,1201.1727,268.1728,1.3702,-3.074772,-0.001609,-0.023708,55.805207079,37.443155073,161.4886,402419.5925,6185496.6721,8,0.0153,0.0202
435.843,1200.6739,268.1401,1.3581,-3.076456,-0.001443,-0.023810,55.805206787,37.443147119,161.4764,402419.0933,6185496.6507,8,0.0143,0.0161
436.343,1200.1752,268.1078,1.3458,-3.077607,-0.001147,-0.023913,55.805206497,37.443139165,161.4641,402418.5941,6185496.6297,9,0.0132,0.0103
436.843,1199.6763,268.0762,1.3335,-3.078463,-0.000760,-0.024016,55.805206215,37.443131210,161.4516,402418.0949,6185496.6095,9,0.0122,0.0094
437.343,1199.1775,268.0447,1.3210,-3.078605,-0.000327,-0.024118,55.805205933,37.443123255,161.4391,402417.5956,6185496.5894,9,0.0125,0.0108
437.842,1198.6787,268.0133,1.3085,-3.078507,0.000106,-0.024220,55.805205652,37.443115300,161.4265,402417.0963,6185496.5693,9,0.0133,0.0122
438.342,1198.1799,267.9817,1.2959,-3.077819,0.000495,-0.024322,55.805205370,37.443107346,161.4138,402416.5971,6185496.5491,9,0.0141,0.0137
438.842,1197.6811,267.9496,1.2834,-3.076990,0.000805,-0.024423,55.805205083,37.443099391,161.4012,402416.0979,6185496.5283,9,0.0150,0.0162
439.342,1197.1823,267.9172,1.2708,-3.075808,0.001008,-0.024522,55.805204792,37.443091437,161.3885,402415.5986,6185496.5073,9,0.0153,0.0191
439.842,1196.6836,267.8839,1.2582,-3.074596,0.001091,-0.024621,55.805204495,37.443083484,161.3759,402415.0994,6185496.4854,9,0.0155,0.0170
440.342,1196.1849,267.8502,1.2457,-3.073305,0.001049,-0.024717,55.805204194,37.443075532,161.3632,402414.6003,6185496.4631,9,0.0156,0.0126
440.841,1195.6863,267.8157,1.2330,-3.072119,0.000892,-0.024813,55.805203885,37.443067580,161.3505,402414.1012,6185496.4399,9,0.0158,0.0136
441.341,1195.1877,267.7808,1.2204,-3.071193,0.000642,-0.024906,55.805203573,37.443059629,161.3378,402413.6020,6185496.4164,9,0.0185,0.0170
441.841,1194.6891,267.7454,1.2077,-3.070504,0.000331,-0.024997,55.805203256,37.443051678,161.3250,402413.1030,6185496.3923,9,0.0223,0.0206
442.341,1194.1906,267.7098,1.1950,-3.070411,-0.000002,-0.025086,55.805202938,37.443043728,161.3121,402412.6039,6185496.3681,9,0.0262,0.0242
442.841,1193.6920,267.6743,1.1821,-3.070591,-0.000315,-0.025173,55.805202620,37.443035777,161.2992,402412.1048,6185496.3439,9,0.0301,0.0214
443.340,1193.1934,267.6389,1.1692,-3.071474,-0.000568,-0.025258,55.805202303,37.443027826,161.2861,402411.6057,6185496.3199,9,0.0289,0.0156
443.840,1192.6948,267.6042,1.1561,-3.072500,-0.000730,-0.025340,55.805201993,37.443019875,161.2730,402411.1066,6185496.2966,9,0.0253,0.0150
444.340,1192.1962,267.5699,1.1429,-3.073901,-0.000779,-0.025420,55.805201686,37.443011923,161.2597,402410.6075,6185496.2736,9,0.0217,0.0169
444.840,1191.6975,267.5366,1.1296,-3.075204,-0.000710,-0.025497,55.805201388,37.443003970,161.2463,402410.1083,6185496.2517,9,0.0181,0.0177
445.340,1191.1987,267.5036,1.1162,-3.076259,-0.000536,-0.025572,55.805201093,37.442996016,161.2328,402409.6091,6185496.2300,9,0.0172,0.0181
445.840,1190.7000,267.4713,1.1026,-3.077039,-0.000281,-0.025644,55.805200804,37.442988062,161.2191,402409.1099,6185496.2092,9,0.0175,0.0163
446.339,1190.2012,267.4391,1.0890,-3.077102,0.000019,-0.025714,55.805200516,37.442980108,161.2054,402408.6106,6185496.1883,9,0.0177,0.0134
446.839,1189.7024,267.4069,1.0752,-3.076905,0.000321,-0.025782,55.805200228,37.442972154,161.1915,402408.1114,6185496.1675,9,0.0180,0.0128
447.339,1189.2036,267.3745,1.0614,-3.076013,0.000586,-0.025847,55.805199938,37.442964200,161.1777,402407.6122,6185496.1464,9,0.0176,0.0132
447.839,1188.7049,267.3414,1.0476,-3.075023,0.000782,-0.025911,55.805199642,37.442956247,161.1637,402407.1130,6185496.1247,9,0.0169,0.0174
448.339,1188.2062,267.3080,1.0338,-3.073764,0.000887,-0.025972,55.805199344,37.442948294,161.1498,402406.6138,6185496.1026,9,0.0162,0.0234
448.838,1187.7076,267.2737,1.0200,-3.072586,0.000894,-0.026031,55.805199036,37.442940342,161.1359,402406.1147,6185496.0796,9,0.0155,0.0222
449.338,1187.2089,267.2391,1.0063,-3.071620,0.000809,-0.026089,55.805198727,37.442932391,161.1221,402405.6156,6185496.0564,9,0.0163,0.0177
449.838,1186.7104,267.2038,0.9927,-3.070829,0.000653,-0.026145,55.805198411,37.442924440,161.1084,402405.1165,6185496.0325,9,0.0179,0.0144
450.338,1186.2118,267.1684,0.9792,-3.070513,0.000453,-0.026200,55.805198095,37.442916489,161.0949,402404.6174,6185496.0085,9,0.0195,0.0118
450.838,1185.7133,267.1328,0.9660,-3.070367,0.000240,-0.026254,55.805197776,37.442908538,161.0815,402404.1183,6185495.9842,9,0.0211,0.0132
451.338,1185.2147,267.0972,0.9528,-3.070687,0.000047,-0.026306,55.805197458,37.442900588,161.0683,402403.6192,6185495.9600,9,0.0212,0.0166
451.837,1184.7161,267.0620,0.9399,-3.071101,-0.000102,-0.026358,55.805197142,37.442892637,161.0552,402403.1201,6185495.9361,9,0.0204,0.0242
452.337,1184.2175,267.0268,0.9271,-3.071777,-0.000188,-0.026409,55.805196828,37.442884686,161.0423,402402.6210,6185495.9123,9,0.0197,0.0338
452.837,1183.7189,266.9922,0.9144,-3.072430,-0.000208,-0.026460,55.805196518,37.442876734,161.0296,402402.1219,6185495.8891,9,0.0189,0.0347
453.337,1183.2203,266.9578,0.9018,-3.073024,-0.000166,-0.026511,55.805196210,37.442868783,161.0169,402401.6228,6185495.8660,9,0.0187,0.0314
453.837,1182.7216,266.9237,0.8894,-3.073477,-0.000081,-0.026562,55.805195906,37.442860830,161.0043,402401.1236,6185495.8433,9,0.0187,0.0301
454.337,1182.2230,266.8897,0.8769,-3.073538,0.000023,-0.026614,55.805195602,37.442852878,160.9918,402400.6245,6185495.8207,9,0.0187,0.0298
454.836,1181.7243,266.8557,0.8644,-3.073421,0.000118,-0.026665,55.805195298,37.442844926,160.9792,402400.1253,6185495.7981,9,0.0188,0.0376
455.336,1181.2257,266.8216,0.8518,-3.072801,0.000177,-0.026718,55.805194992,37.442836974,160.9665,402399.6262,6185495.7753,9,0.0177,0.0495
455.836,1180.7270,266.7870,0.8392,-3.072124,0.000181,-0.026771,55.805194683,37.442829022,160.9538,402399.1271,6185495.7521,9,0.0160,0.0476
456.336,1180.2284,266.7522,0.8264,-3.071282,0.000123,-0.026826,55.805194372,37.442821071,160.9410,402398.6280,6185495.7286,9,0.0143,0.0389
456.836,1179.7299,266.7168,0.8136,-3.070593,0.000008,-0.026881,55.805194055,37.442813120,160.9280,402398.1289,6185495.7046,9,0.0127,0.0347
457.335,1179.2313,266.6813,0.8006,-3.070345,-0.000147,-0.026938,55.805193737,37.442805169,160.9149,402397.6298,6185495.6804,9,0.0123,0.0328
457.835,1178.7328,266.6456,0.7875,-3.070337,-0.000315,-0.026996,55.805193418,37.442797219,160.9018,402397.1307,6185495.6561,9,0.0125,0.0358
458.335,1178.2342,266.6101,0.7744,-3.071032,-0.000468,-0.027056,55.805193100,37.442789268,160.8885,402396.6316,6185495.6320,9,0.0128,0.0412
458.835,1177.7356,266.5752,0.7612,-3.071829,-0.000579,-0.027118,55.805192787,37.442781317,160.8753,402396.1325,6185495.6084,9,0.0130,0.0417
459.335,1177.2370,266.5405,0.7480,-3.072928,-0.000628,-0.027182,55.805192477,37.442773366,160.8619,402395.6334,6185495.5850,9,0.0130,0.0398
459.835,1176.7383,266.5066,0.7348,-3.073921,-0.000609,-0.027247,55.805192174,37.442765413,160.8487,402395.1343,6185495.5625,9,0.0127,0.0331
460.334,1176.2396,266.4729,0.7216,-3.074606,-0.000524,-0.027314,55.805191872,37.442757461,160.8354,402394.6351,6185495.5402,9,0.0125,0.0241
460.834,1175.7409,266.4397,0.7085,-3.075119,-0.000388,-0.027383,55.805191575,37.442749508,160.8222,402394.1359,6185495.5183,9,0.0123,0.0209
461.334,1175.2422,266.4065,0.6954,-3.075119,-0.000220,-0.027455,55.805191278,37.442741554,160.8090,402393.6367,6185495.4965,9,0.0120,0.0205
461.834,1174.7435,266.3733,0.6823,-3.075024,-0.000044,-0.027528,55.805190981,37.442733601,160.7958,402393.1375,6185495.4746,9,0.0118,0.0242
462.334,1174.2448,266.3400,0.6693,-3.074640,0.000121,-0.027603,55.805190684,37.442725648,160.7827,402392.6384,6185495.4527,9,0.0115,0.0299
462.833,1173.7461,266.3064,0.6562,-3.074251,0.000258,-0.027680,55.805190383,37.442717696,160.7695,402392.1392,6185495.4305,9,0.0112,0.0290
463.333,1173.2474,266.2727,0.6431,-3.073840,0.000355,-0.027760,55.805190082,37.442709743,160.7563,402391.6400,6185495.4082,9,0.0118,0.0250
463.833,1172.7487,266.2387,0.6299,-3.073447,0.000410,-0.027841,55.805189778,37.442701791,160.7430,402391.1409,6185495.3855,9,0.0129,0.0212
464.333,1172.2501,266.2046,0.6166,-3.073109,0.000420,-0.027924,55.805189473,37.442693839,160.7296,402390.6417,6185495.3628,9,0.0139,0.0174
464.833,1171.7514,266.1703,0.6031,-3.072777,0.000390,-0.028009,55.805189166,37.442685887,160.7160,402390.1426,6185495.3398,9,0.0149,0.0202
465.333,1171.2528,266.1359,0.5894,-3.072465,0.000325,-0.028095,55.805188858,37.442677935,160.7023,402389.6435,6185495.3168,9,0.0146,0.0262
465.832,1170.7542,266.1013,0.5756,-3.072175,0.000234,-0.028183,55.805188548,37.442669983,160.6883,402389.1443,6185495.2935,9,0.0136,0.0315
466.332,1170.2556,266.0666,0.5615,-3.071952,0.000127,-0.028273,55.805188238,37.442662032,160.6742,402388.6452,6185495.2702,9,0.0126,0.0364
466.832,1169.7570,266.0317,0.5473,-3.071800,0.000017,-0.028365,55.805187926,37.442654080,160.6599,402388.1461,6185495.2467,9,0.0116,0.0349
467.332,1169.2584,265.9969,0.5329,-3.071873,-0.000085,-0.028457,55.805187614,37.442646129,160.6454,402387.6470,6185495.2232,9,0.0111,0.0302
467.832,1168.7598,265.9621,0.5184,-3.072031,-0.000165,-0.028551,55.805187303,37.442638178,160.6308,402387.1479,6185495.1998,9,0.0107,0.0276
468.331,1168.2611,265.9274,0.5038,-3.072461,-0.000215,-0.028647,55.805186992,37.442630226,160.6161,402386.6488,6185495.1764,8,0.0104,0.0259
468.831,1167.7625,265.8930,0.4892,-3.072906,-0.000227,-0.028743,55.805186685,37.442622274,160.6014,402386.1496,6185495.1534,8,0.0100,0.0278
469.331,1167.2639,265.8588,0.4746,-3.073400,-0.000201,-0.028841,55.805186379,37.442614322,160.5867,402385.6505,6185495.1305,8,0.0110,0.0316
469.831,1166.7652,265.8249,0.4600,-3.073814,-0.000142,-0.028939,55.805186076,37.442606370,160.5720,402385.1513,6185495.1080,8,0.0127,0.0322
470.331,1166.2665,265.7911,0.4454,-3.073967,-0.000062,-0.029038,55.805185773,37.442598418,160.5573,402384.6522,6185495.0856,8,0.0144,0.0312
470.831,1165.7678,265.7573,0.4309,-3.074015,0.000026,-0.029139,55.805185471,37.442590465,160.5427,402384.1530,6185495.0632,8,0.0161,0.0274
471.330,1165.2692,265.7236,0.4164,-3.073716,0.000107,-0.029239,55.805185169,37.442582512,160.5281,402383.6539,6185495.0408,8,0.0156,0.0222
471.830,1164.7705,265.6895,0.4020,-3.073377,0.000169,-0.029341,55.805184865,37.442574560,160.5136,402383.1547,6185495.0181,8,0.0141,0.0220
472.330,1164.2718,265.6554,0.3876,-3.072907,0.000203,-0.029442,55.805184560,37.442566608,160.4991,402382.6556,6185494.9954,8,0.0126,0.0243
472.830,1163.7732,265.6209,0.3732,-3.072488,0.000208,-0.029545,55.805184251,37.442558656,160.4846,402382.1564,6185494.9723,8,0.0110,0.0240
473.330,1163.2746,265.5864,0.3587,-3.072234,0.000186,-0.029647,55.805183942,37.442550705,160.4701,402381.6573,6185494.9491,8,0.0101,0.0222
473.829,1162.7760,265.5517,0.3442,-3.072058,0.000144,-0.029750,55.805183631,37.442542753,160.4555,402381.1582,6185494.9257,8,0.0094,0.0238
474.329,1162.2774,265.5169,0.3296,-3.072145,0.000091,-0.029853,55.805183321,37.442534802,160.4408,402380.6591,6185494.9023,7,0.0088,0.0271
474.829,1161.7787,265.4823,0.3149,-3.072258,0.000034,-0.029956,55.805183011,37.442526850,160.4260,402380.1599,6185494.8791,7,0.0081,0.0279
475.329,1161.2801,265.4477,0.3000,-3.072463,-0.000021,-0.030059,55.805182701,37.442518899,160.4110,402379.6608,6185494.8558,7,0.0080,0.0273
475.829,1160.7815,265.4132,0.2850,-3.072634,-0.000073,-0.030162,55.805182393,37.442510947,160.3959,402379.1617,6185494.8327,7,0.0083,0.0219
476.329,1160.2829,265.3788,0.2699,-3.072693,-0.000126,-0.030265,55.805182085,37.442502995,160.3807,402378.6626,6185494.8097,7,0.0085,0.0141
476.828,1159.7842,265.3444,0.2546,-3.072718,-0.000183,-0.030368,55.805181777,37.442495043,160.3653,402378.1634,6185494.7866,7,0.0088,0.0133
477.328,1159.2856,265.3100,0.2392,-3.072630,-0.000249,-0.030470,55.805181469,37.442487091,160.3499,402377.6643,6185494.7636,7,0.0104,0.0162
477.828,1158.7870,265.2755,0.2237,-3.072560,-0.000326,-0.030572,55.805181161,37.442479140,160.3343,402377.1652,6185494.7405,7,0.0128,0.0236
478.328,1158.2883,265.2411,0.2081,-3.072554,-0.000412,-0.030674,55.805180852,37.442471188,160.3186,402376.6660,6185494.7173,7,0.0152,0.0334
478.828,1157.7897,265.2066,0.1925,-3.072617,-0.000498,-0.030775,55.805180544,37.442463236,160.3029,402376.1669,6185494.6942,7,0.0176,0.0360
479.328,1157.2911,265.1722,0.1768,-3.072924,-0.000574,-0.030876,55.805180236,37.442455284,160.2871,402375.6678,6185494.6712,7,0.0175,0.0349
479.827,1156.7924,265.1380,0.1611,-3.073308,-0.000624,-0.030976,55.805179930,37.442447332,160.2713,402375.1686,6185494.6484,7,0.0162,0.0278
480.327,1156.2938,265.1040,0.1454,-3.073976,-0.000634,-0.031076,55.805179626,37.442439380,160.2555,402374.6695,6185494.6257,7,0.0149,0.0176
480.827,1155.7951,265.0705,0.1297,-3.074669,-0.000591,-0.031174,55.805179326,37.442431427,160.2397,402374.1703,6185494.6035,7,0.0135,0.0158
481.327,1155.2963,265.0371,0.1140,-3.075458,-0.000491,-0.031272,55.805179028,37.442423474,160.2239,402373.6711,6185494.5816,7,0.0138,0.0185
481.827,1154.7976,265.0044,0.0984,-3.076171,-0.000335,-0.031368,55.805178735,37.442415521,160.2082,402373.1719,6185494.5602,7,0.0151,0.0190
482.326,1154.2988,264.9718,0.0829,-3.076613,-0.000133,-0.031464,55.805178443,37.442407567,160.1926,402372.6727,6185494.5389,7,0.0163,0.0183
482.826,1153.8001,264.9395,0.0675,-3.076905,0.000096,-0.031558,55.805178155,37.442399613,160.1771,402372.1735,6185494.5180,7,0.0175,0.0190
483.326,1153.3013,264.9071,0.0521,-3.076643,0.000329,-0.031651,55.805177865,37.442391659,160.1616,402371.6743,6185494.4970,7,0.0173,0.0204
483.826,1152.8025,264.8746,0.0368,-3.076257,0.000543,-0.031742,55.805177574,37.442383705,160.1462,402371.1751,6185494.4759,7,0.0163,0.0238
484.326,1152.3038,264.8419,0.0216,-3.075397,0.000714,-0.031832,55.805177282,37.442375752,160.1309,402370.6759,6185494.4545,7,0.0153,0.0282
484.826,1151.8051,264.8085,0.0063,-3.074517,0.000827,-0.031920,55.805176983,37.442367799,160.1156,402370.1767,6185494.4325,7,0.0143,0.0325
485.325,1151.3064,264.7749,-0.0089,-3.073551,0.000871,-0.032006,55.805176682,37.442359846,160.1003,402369.6775,6185494.4102,7,0.0138,0.0367
485.825,1150.8078,264.7405,-0.0242,-3.072654,0.000846,-0.032090,55.805176375,37.442351894,160.0849,402369.1784,6185494.3872,7,0.0135,0.0363
486.325,1150.3091,264.7060,-0.0395,-3.072008,0.000757,-0.032172,55.805176066,37.442343942,160.0695,402368.6792,6185494.3641,7,0.0132,0.0335
486.825,1149.8105,264.6710,-0.0551,-3.071444,0.000619,-0.032252,55.805175753,37.442335991,160.0538,402368.1801,6185494.3404,7,0.0129,0.0324
487.325,1149.3119,264.6359,-0.0708,-3.071196,0.000445,-0.032329,55.805175439,37.442328040,160.0380,402367.6810,6185494.3167,7,0.0131,0.0322
487.824,1148.8134,264.6007,-0.0867,-3.071010,0.000255,-0.032404,55.805175124,37.442320089,160.0220,402367.1820,6185494.2929,7,0.0136,0.0364
488.324,1148.3148,264.5654,-0.1029,-3.071062,0.000065,-0.032476,55.805174808,37.442312138,160.0058,402366.6829,6185494.2690,7,0.0142,0.0431
488.824,1147.8162,264.5302,-0.1193,-3.071165,-0.000110,-0.032546,55.805174493,37.442304188,159.9892,402366.1838,6185494.2451,7,0.0147,0.0413
489.324,1147.3176,264.4951,-0.1360,-3.071472,-0.000257,-0.032613,55.805174179,37.442296237,159.9725,402365.6847,6185494.2213,7,0.0147,0.0348
489.824,1146.8190,264.4602,-0.1529,-3.071815,-0.000367,-0.032677,55.805173867,37.442288285,159.9554,402365.1856,6185494.1978,7,0.0143,0.0314
490.324,1146.3204,264.4254,-0.1700,-3.072300,-0.000434,-0.032738,55.805173555,37.442280334,159.9383,402364.6864,6185494.1744,7,0.0139,0.0297
490.823,1145.8218,264.3910,-0.1873,-3.072778,-0.000456,-0.032796,55.805173248,37.442272382,159.9208,402364.1873,6185494.1513,7,0.0135,0.0266
491.323,1145.3232,264.3567,-0.2048,-3.073228,-0.000434,-0.032851,55.805172940,37.442264430,159.9033,402363.6882,6185494.1284,7,0.0137,0.0227
491.823,1144.8245,264.3227,-0.2223,-3.073639,-0.000370,-0.032902,55.805172637,37.442256478,159.8857,402363.1890,6185494.1058,7,0.0142,0.0214
492.323,1144.3258,264.2888,-0.2400,-3.073891,-0.000269,-0.032951,55.805172333,37.442248526,159.8679,402362.6899,6185494.0832,7,0.0148,0.0215
492.823,1143.8271,264.2551,-0.2576,-3.074109,-0.000140,-0.032997,55.805172032,37.442240573,159.8502,402362.1907,6185494.0609,7,0.0153,0.0211
493.322,1143.3285,264.2214,-0.2753,-3.074187,0.000009,-0.033039,55.805171730,37.442232620,159.8324,402361.6915,6185494.0385,7,0.0164,0.0204
493.822,1142.8298,264.1878,-0.2929,-3.074231,0.000166,-0.033078,55.805171429,37.442224668,159.8147,402361.1924,6185494.0162,7,0.0178,0.0218
494.322,1142.3311,264.1541,-0.3106,-3.074133,0.000315,-0.033115,55.805171128,37.442216715,159.7970,402360.6932,6185493.9940,7,0.0193,0.0244
494.822,1141.8324,264.1204,-0.3281,-3.073971,0.000441,-0.033148,55.805170826,37.442208763,159.7793,402360.1941,6185493.9716,7,0.0208,0.0268
495.322,1141.3337,264.0866,-0.3456,-3.073535,0.000525,-0.033179,55.805170524,37.442200810,159.7617,402359.6949,6185493.9491,7,0.0201,0.0291
495.822,1140.8351,264.0524,-0.3630,-3.073029,0.000551,-0.033206,55.805170218,37.442192858,159.7442,402359.1958,6185493.9263,7,0.0184,0.0283
496.321,1140.3364,264.0181,-0.3803,-3.072221,0.000506,-0.033231,55.805169911,37.442184906,159.7268,402358.6966,6185493.9034,7,0.0166,0.0256
496.821,1139.8378,263.9831,-0.3976,-3.071419,0.000381,-0.033253,55.805169598,37.442176955,159.7095,402358.1975,6185493.8798,7,0.0148,0.0226
497.321,1139.3393,263.9480,-0.4147,-3.070635,0.000181,-0.033273,55.805169284,37.442169004,159.6923,402357.6984,6185493.8560,7,0.0140,0.0194
497.821,1138.8407,263.9122,-0.4317,-3.069977,-0.000083,-0.033291,55.805168964,37.442161054,159.6752,402357.1993,6185493.8316,7,0.0138,0.0179
498.321,1138.3422,263.8765,-0.4487,-3.069858,-0.000387,-0.033306,55.805168644,37.442153103,159.6581,402356.7003,6185493.8072,7,0.0136,0.0175
498.821,1137.8436,263.8406,-0.4655,-3.069921,-0.000700,-0.033319,55.805168323,37.442145153,159.6412,402356.2012,6185493.7827,7,0.0134,0.0207
499.320,1137.3451,263.8049,-0.4823,-3.070789,-0.000985,-0.033330,55.805168003,37.442137203,159.6244,402355.7021,6185493.7583,7,0.0133,0.0260
499.820,1136.8465,263.7699,-0.4989,-3.071777,-0.001208,-0.033340,55.805167690,37.442129252,159.6076,402355.2030,6185493.7347,7,0.0133,0.0294
500.320,1136.3479,263.7351,-0.5155,-3.073307,-0.001338,-0.033348,55.805167379,37.442121300,159.5909,402354.7039,6185493.7113,7,0.0133,0.0318
500.820,1135.8492,263.7017,-0.5320,-3.074824,-0.001357,-0.033355,55.805167080,37.442113348,159.5744,402354.2048,6185493.6892,7,0.0132,0.0325
501.320,1135.3505,263.6684,-0.5483,-3.076293,-0.001259,-0.033361,55.805166783,37.442105394,159.5579,402353.7056,6185493.6673,7,0.0129,0.0321
501.819,1134.8517,263.6364,-0.5646,-3.077638,-0.001052,-0.033366,55.805166496,37.442097440,159.5416,402353.2063,6185493.6467,7,0.0125,0.0320
502.319,1134.3529,263.6045,-0.5807,-3.078431,-0.000756,-0.033370,55.805166211,37.442089486,159.5254,402352.7071,6185493.6262,7,0.0120,0.0319
502.819,1133.8540,263.5733,-0.5967,-3.079063,-0.000403,-0.033373,55.805165932,37.442081531,159.5093,402352.2078,6185493.6063,7,0.0115,0.0304
503.319,1133.3552,263.5421,-0.6126,-3.078958,-0.000026,-0.033376,55.805165653,37.442073575,159.4933,402351.7086,6185493.5864,7,0.0119,0.0282
503.819,1132.8564,263.5108,-0.6284,-3.078724,0.000335,-0.033379,55.805165372,37.442065620,159.4774,402351.2093,6185493.5665,7,0.0126,0.0286
504.319,1132.3575,263.4793,-0.6441,-3.077884,0.000649,-0.033381,55.805165091,37.442057665,159.4617,402350.7100,6185493.5464,7,0.0134,0.0305
504.818,1131.8587,263.4471,-0.6597,-3.076989,0.000889,-0.033384,55.805164803,37.442049711,159.4459,402350.2108,6185493.5256,7,0.0142,0.0290
505.318,1131.3600,263.4147,-0.6753,-3.075825,0.001038,-0.033386,55.805164514,37.442041757,159.4302,402349.7116,6185493.5046,7,0.0140,0.0256
505.818,1130.8613,263.3814,-0.6910,-3.074685,0.001088,-0.033389,55.805164215,37.442033804,159.4145,402349.2124,6185493.4826,7,0.0132,0.0253
506.318,1130.3626,263.3479,-0.7066,-3.073654,0.001043,-0.033392,55.805163916,37.442025852,159.3987,402348.7132,6185493.4605,7,0.0125,0.0268
506.818,1129.8639,263.3136,-0.7225,-3.072699,0.000917,-0.033396,55.805163608,37.442017900,159.3828,402348.2141,6185493.4375,7,0.0117,0.0298
507.317,1129.3653,263.2791,-0.7384,-3.072103,0.000728,-0.033400,55.805163300,37.442009948,159.3668,402347.7150,6185493.4144,7,0.0117,0.0337
507.817,1128.8667,263.2441,-0.7547,-3.071599,0.000501,-0.033405,55.805162987,37.442001997,159.3504,402347.2159,6185493.3908,7,0.0123,0.0365
508.317,1128.3681,263.2092,-0.7710,-3.071537,0.000264,-0.033411,55.805162674,37.441994046,159.3340,402346.7168,6185493.3672,7,0.0128,0.0386
508.817,1127.8695,263.1742,-0.7877,-3.071557,0.000042,-0.033418,55.805162361,37.441986094,159.3172,402346.2176,6185493.3435,7,0.0134,0.0399
509.317,1127.3709,263.1392,-0.8046,-3.071982,-0.000139,-0.033425,55.805162048,37.441978143,159.3002,402345.7185,6185493.3199,7,0.0139,0.0407
509.817,1126.8723,263.1046,-0.8218,-3.072452,-0.000264,-0.033434,55.805161739,37.441970192,159.2830,402345.2194,6185493.2967,7,0.0144,0.0391
510.316,1126.3737,263.0702,-0.8391,-3.073148,-0.000321,-0.033443,55.805161431,37.441962240,159.2655,402344.7203,6185493.2736,7,0.0149,0.0360
510.816,1125.8750,263.0363,-0.8566,-3.073819,-0.000309,-0.033454,55.805161127,37.441954288,159.2480,402344.2211,6185493.2511,7,0.0154,0.0313
511.316,1125.3763,263.0025,-0.8742,-3.074372,-0.000236,-0.033465,55.805160825,37.441946335,159.2303,402343.7220,6185493.2286,7,0.0152,0.0257
511.816,1124.8776,262.9691,-0.8918,-3.074837,-0.000117,-0.033478,55.805160527,37.441938382,159.2126,402343.2228,6185493.2066,7,0.0148,0.0217
512.316,1124.3789,262.9358,-0.9094,-3.074856,0.000026,-0.033491,55.805160228,37.441930429,159.1949,402342.7236,6185493.1847,7,0.0143,0.0186
512.815,1123.8802,262.9025,-0.9268,-3.074783,0.000171,-0.033506,55.805159930,37.441922476,159.1774,402342.2244,6185493.1627,7,0.0138,0.0163
513.315,1123.3815,262.8691,-0.9441,-3.074237,0.000294,-0.033522,55.805159631,37.441914523,159.1600,402341.7253,6185493.1407,7,0.0140,0.0143
513.815,1122.8828,262.8352,-0.9611,-3.073665,0.000380,-0.033539,55.805159328,37.441906571,159.1430,402341.2261,6185493.1181,7,0.0146,0.0125
514.315,1122.3842,262.8012,-0.9779,-3.072950,0.000418,-0.033557,55.805159024,37.441898619,159.1261,402340.7270,6185493.0955,7,0.0151,0.0107
514.815,1121.8855,262.7666,-0.9943,-3.072285,0.000407,-0.033577,55.805158715,37.441890667,159.1096,402340.2278,6185493.0723,7,0.0157,0.0097
515.315,1121.3869,262.7320,-1.0105,-3.071883,0.000355,-0.033597,55.805158405,37.441882716,159.0932,402339.7287,6185493.0490,7,0.0160,0.0090
515.814,1120.8883,262.6970,-1.0264,-3.071556,0.000275,-0.033619,55.805158092,37.441874764,159.0772,402339.2296,6185493.0254,7,0.0162,0.0144
516.314,1120.3897,262.6620,-1.0422,-3.071633,0.000181,-0.033641,55.805157779,37.441866813,159.0614,402338.7305,6185493.0018,7,0.0163,0.0232
516.814,1119.8911,262.6271,-1.0577,-3.071746,0.000091,-0.033665,55.805157466,37.441858862,159.0458,402338.2314,6185492.9782,7,0.0165,0.0257
517.314,1119.3925,262.5923,-1.0732,-3.072055,0.000016,-0.033690,55.805157155,37.441850911,159.0302,402337.7323,6185492.9547,7,0.0153,0.0244
517.814,1118.8939,262.5577,-1.0887,-3.072344,-0.000036,-0.033717,55.805156845,37.441842959,159.0146,402337.2332,6185492.9315,7,0.0132,0.0250
518.313,1118.3953,262.5231,-1.1042,-3.072528,-0.000062,-0.033744,55.805156536,37.441835007,158.9990,402336.7340,6185492.9083,7,0.0112,0.0268
518.813,1117.8966,262.4887,-1.1200,-3.072679,-0.000066,-0.033773,55.805156228,37.441827056,158.9832,402336.2349,6185492.8852,7,0.0091,0.0287
519.313,1117.3980,262.4543,-1.1359,-3.072646,-0.000050,-0.033803,55.805155920,37.441819104,158.9672,402335.7358,6185492.8622,7,0.0088,0.0307
519.813,1116.8994,262.4198,-1.1521,-3.072608,-0.000021,-0.033834,55.805155611,37.441811152,158.9508,402335.2366,6185492.8391,7,0.0095,0.0361
520.313,1116.4008,262.3853,-1.1686,-3.072536,0.000016,-0.033867,55.805155303,37.441803200,158.9343,402334.7375,6185492.8160,7,0.0102,0.0435
520.813,1115.9021,262.3508,-1.1855,-3.072477,0.000056,-0.033901,55.805154994,37.441795249,158.9173,402334.2384,6185492.7928,7,0.0109,0.0488
521.312,1115.4035,262.3163,-1.2027,-3.072492,0.000095,-0.033936,55.805154685,37.441787297,158.9000,402333.7393,6185492.7697,7,0.0114,0.0527
521.812,1114.9049,262.2818,-1.2202,-3.072502,0.000129,-0.033973,55.805154377,37.441779345,158.8824,402333.2401,6185492.7465,7,0.0119,0.0511
522.312,1114.4062,262.2473,-1.2380,-3.072483,0.000154,-0.034011,55.805154068,37.441771394,158.8645,402332.7410,6185492.7234,7,0.0124,0.0460
522.812,1113.9076,262.2128,-1.2560,-3.072435,0.000165,-0.034051,55.805153759,37.441763442,158.8464,402332.2419,6185492.7002,7,0.0129,0.0422
523.312,1113.4090,262.1782,-1.2741,-3.072210,0.000157,-0.034092,55.805153450,37.441755490,158.8282,402331.7428,6185492.6770,7,0.0121,0.0390
523.812,1112.9104,262.1435,-1.2922,-3.071970,0.000127,-0.034135,55.805153139,37.441747539,158.8100,402331.2436,6185492.6537,7,0.0104,0.0352
524.311,1112.4118,262.1087,-1.3104,-3.071630,0.000073,-0.034179,55.805152828,37.441739587,158.7918,402330.7445,6185492.6302,7,0.0088,0.0309
524.811,1111.9132,262.0736,-1.3283,-3.071322,-0.000000,-0.034225,55.805152514,37.441731636,158.7738,402330.2454,6185492.6065,7,0.0071,0.0265
525.311,1111.4146,262.0385,-1.3462,-3.071205,-0.000085,-0.034273,55.805152199,37.441723685,158.7558,402329.7463,6185492.5828,7,0.0062,0.0221
525.811,1110.9160,262.0033,-1.3637,-3.071149,-0.000168,-0.034322,55.805151884,37.441715734,158.7382,402329.2472,6185492.5589,7,0.0057,0.0204
526.311,1110.4174,261.9681,-1.3810,-3.071472,-0.000236,-0.034373,55.805151570,37.441707783,158.7208,402328.7481,6185492.5351,7,0.0052,0.0203
526.810,1109.9188,261.9333,-1.3980,-3.071829,-0.000273,-0.034425,55.805151258,37.441699832,158.7037,402328.2490,6185492.5116,7,0.0046,0.0227
527.310,1109.4202,261.8985,-1.4148,-3.072412,-0.000267,-0.034479,55.805150946,37.441691881,158.6868,402327.7499,6185492.4882,7,0.0056,0.0265
527.810,1108.9216,261.8642,-1.4313,-3.072973,-0.000213,-0.034535,55.805150639,37.441683929,158.6703,402327.2508,6185492.4652,7,0.0074,0.0289
528.310,1108.4229,261.8299,-1.4476,-3.073399,-0.000110,-0.034592,55.805150333,37.441675977,158.6538,402326.7516,6185492.4423,7,0.0092,0.0304
528.810,1107.9243,261.7960,-1.4638,-3.073765,0.000034,-0.034651,55.805150030,37.441668025,158.6376,402326.2525,6185492.4198,7,0.0111,0.0292
529.310,1107.4256,261.7622,-1.4799,-3.073742,0.000205,-0.034711,55.805149727,37.441660072,158.6214,402325.7533,6185492.3973,7,0.0114,0.0263
529.809,1106.9269,261.7283,-1.4959,-3.073658,0.000385,-0.034772,55.805149423,37.441652120,158.6053,402325.2542,6185492.3748,7,0.0109,0.0277
530.309,1106.4283,261.6943,-1.5120,-3.073180,0.000551,-0.034835,55.805149120,37.441644168,158.5891,402324.7550,6185492.3522,7,0.0104,0.0318
530.809,1105.9296,261.6599,-1.5281,-3.072666,0.000683,-0.034898,55.805148812,37.441636216,158.5729,402324.2559,6185492.3292,7,0.0098,0.0363
531.309,1105.4310,261.6255,-1.5443,-3.071917,0.000761,-0.034963,55.805148504,37.441628264,158.5566,402323.7568,6185492.3061,7,0.0101,0.0412
531.809,1104.9324,261.5903,-1.5607,-3.071162,0.000768,-0.035029,55.805148189,37.441620313,158.5401,402323.2577,6185492.2823,7,0.0109,0.0430
532.308,1104.4338,261.5551,-1.5772,-3.070355,0.000694,-0.035095,55.805147874,37.441612362,158.5236,402322.7586,6185492.2584,7,0.0116,0.0430
532.808,1103.9353,261.5192,-1.5939,-3.069568,0.000533,-0.035162,55.805147553,37.441604412,158.5068,402322.2595,6185492.2339,7,0.0124,0.0433
533.308,1103.4368,261.4832,-1.6106,-3.068909,0.000290,-0.035229,55.805147230,37.441596462,158.4900,402321.7604,6185492.2092,7,0.0126,0.0438
533.808,1102.9383,261.4466,-1.6275,-3.068310,-0.000024,-0.035297,55.805146903,37.441588513,158.4730,402321.2614,6185492.1840,7,0.0125,0.0445
534.308,1102.4398,261.4100,-1.6445,-3.068119,-0.000389,-0.035364,55.805146575,37.441580563,158.4559,402320.7624,6185492.1587,7,0.0124,0.0453
534.808,1101.9414,261.3732,-1.6616,-3.068034,-0.000775,-0.035432,55.805146246,37.441572614,158.4387,402320.2634,6185492.1333,7,0.0122,0.0453
535.307,1101.4429,261.3365,-1.6788,-3.068698,-0.001148,-0.035499,55.805145918,37.441564665,158.4214,402319.7644,6185492.1080,7,0.0128,0.0449
535.807,1100.9444,261.3004,-1.6962,-3.069474,-0.001470,-0.035565,55.805145594,37.441556715,158.4040,402319.2653,6185492.0832,7,0.0139,0.0424
536.307,1100.4458,261.2645,-1.7136,-3.071071,-0.001706,-0.035631,55.805145273,37.441548765,158.3865,402318.7662,6185492.0587,7,0.0150,0.0385
536.807,1099.9472,261.2300,-1.7311,-3.072711,-0.001825,-0.035696,55.805144964,37.441540813,158.3688,402318.2671,6185492.0355,7,0.0160,0.0384
537.307,1099.4486,261.1957,-1.7488,-3.074690,-0.001811,-0.035760,55.805144657,37.441532861,158.3510,402317.7680,6185492.0126,7,0.0152,0.0406
537.806,1098.9498,261.1631,-1.7668,-3.076605,-0.001657,-0.035822,55.805144366,37.441524908,158.3330,402317.2688,6185491.9914,7,0.0132,0.0459
538.306,1098.4510,261.1308,-1.7850,-3.078072,-0.001373,-0.035883,55.805144077,37.441516954,158.3148,402316.7695,6185491.9704,7,0.0111,0.0530
538.806,1097.9522,261.0997,-1.8034,-3.079410,-0.000983,-0.035943,55.805143799,37.441508998,158.2962,402316.2703,6185491.9507,7,0.0091,0.0508
539.306,1097.4533,261.0686,-1.8221,-3.079791,-0.000517,-0.036001,55.805143521,37.441501043,158.2774,402315.7710,6185491.9310,7,0.0080,0.0426
539.806,1096.9545,261.0379,-1.8411,-3.080053,-0.000014,-0.036057,55.805143246,37.441493088,158.2583,402315.2717,6185491.9117,7,0.0074,0.0380
540.306,1096.4556,261.0072,-1.8603,-3.079405,0.000492,-0.036111,55.805142971,37.441485132,158.2390,402314.7724,6185491.8923,7,0.0068,0.0356
540.805,1095.9568,260.9758,-1.8798,-3.078694,0.000969,-0.036163,55.805142691,37.441477177,158.2195,402314.2732,6185491.8723,7,0.0062,0.0328
541.305,1095.4579,260.9443,-1.8994,-3.077482,0.001394,-0.036213,55.805142409,37.441469222,158.1998,402313.7739,6185491.8522,7,0.0061,0.0298
541.805,1094.9592,260.9118,-1.9191,-3.076258,0.001752,-0.036261,55.805142118,37.441461268,158.1800,402313.2747,6185491.8310,7,0.0062,0.0245
542.305,1094.4604,260.8791,-1.9389,-3.074929,0.002038,-0.036306,55.805141825,37.441453315,158.1601,402312.7755,6185491.8096,7,0.0064,0.0177
542.805,1093.9618,260.8452,-1.9586,-3.073605,0.002250,-0.036350,55.805141522,37.441445362,158.1403,402312.2763,6185491.7871,7,0.0065,0.0154
543.305,1093.4631,260.8112,-1.9784,-3.072305,0.002389,-0.036391,55.805141217,37.441437410,158.1205,402311.7772,6185491.7644,7,0.0065,0.0159
543.804,1092.9645,260.7760,-1.9979,-3.070996,0.002454,-0.036431,55.805140903,37.441429459,158.1009,402311.2781,6185491.7406,7,0.0063,0.0164
544.304,1092.4659,260.7406,-2.0173,-3.069597,0.002444,-0.036468,55.805140586,37.441421508,158.0813,402310.7790,6185491.7166,7,0.0062,0.0169
544.804,1091.9675,260.7041,-2.0365,-3.068182,0.002353,-0.036504,55.805140259,37.441413559,158.0620,402310.2800,6185491.6914,7,0.0060,0.0173
545.304,1091.4690,260.6673,-2.0556,-3.066614,0.002175,-0.036538,55.805139930,37.441405610,158.0429,402309.7810,6185491.6660,7,0.0066,0.0177
545.804,1090.9706,260.6292,-2.0745,-3.065059,0.001903,-0.036570,55.805139589,37.441397663,158.0240,402309.2820,6185491.6393,7,0.0076,0.0191
546.303,1090.4723,260.5909,-2.0932,-3.063599,0.001537,-0.036600,55.805139246,37.441389715,158.0052,402308.7831,6185491.6123,7,0.0086,0.0212
546.803,1089.9740,260.5513,-2.1117,-3.062208,0.001084,-0.036630,55.805138891,37.441381770,157.9865,402308.2842,6185491.5841,7,0.0096,0.0236
547.303,1089.4758,260.5116,-2.1301,-3.061397,0.000558,-0.036658,55.805138536,37.441373824,157.9680,402307.7853,6185491.5558,7,0.0100,0.0263
547.803,1088.9776,260.4712,-2.1484,-3.060698,-0.000013,-0.036685,55.805138174,37.441365879,157.9497,402307.2865,6185491.5267,7,0.0099,0.0263
548.303,1088.4794,260.4308,-2.1665,-3.060982,-0.000595,-0.036711,55.805137813,37.441357935,157.9314,402306.7877,6185491.4977,7,0.0099,0.0246
548.803,1087.9812,260.3907,-2.1846,-3.061380,-0.001147,-0.036736,55.805137454,37.441349990,157.9133,402306.2889,6185491.4689,7,0.0098,0.0238
549.302,1087.4830,260.3507,-2.2025,-3.062820,-0.001624,-0.036761,55.805137096,37.441342044,157.8953,402305.7900,6185491.4403,7,0.0098,0.0237
549.802,1086.9847,260.3121,-2.2203,-3.064329,-0.001989,-0.036786,55.805136749,37.441334098,157.8774,402305.2911,6185491.4130,7,0.0099,0.0234
550.302,1086.4863,260.2736,-2.2380,-3.066503,-0.002210,-0.036810,55.805136405,37.441326151,157.8596,402304.7922,6185491.3859,7,0.0100,0.0231
550.802,1085.9878,260.2371,-2.2556,-3.068669,-0.002268,-0.036834,55.805136078,37.441318201,157.8420,402304.2932,6185491.3607,7,0.0100,0.0219
551.302,1085.4893,260.2008,-2.2730,-3.070805,-0.002161,-0.036859,55.805135753,37.441310252,157.8244,402303.7941,6185491.3357,7,0.0102,0.0201
551.801,1084.9907,260.1664,-2.2904,-3.072862,-0.001900,-0.036883,55.805135445,37.441302300,157.8070,402303.2950,6185491.3127,7,0.0105,0.0190
552.301,1084.4921,260.1321,-2.3076,-3.074200,-0.001515,-0.036908,55.805135139,37.441294348,157.7897,402302.7958,6185491.2898,7,0.0107,0.0184
552.801,1083.9933,260.0990,-2.3247,-3.075428,-0.001043,-0.036933,55.805134843,37.441286395,157.7725,402302.2967,6185491.2681,7,0.0110,0.0240
553.301,1083.4946,260.0660,-2.3418,-3.075596,-0.000534,-0.036959,55.805134547,37.441278441,157.7553,402301.7975,6185491.2464,7,0.0106,0.0338
553.801,1082.9959,260.0331,-2.3589,-3.075670,-0.000035,-0.036985,55.805134253,37.441270488,157.7381,402301.2983,6185491.2249,7,0.0098,0.0379
554.301,1082.4971,260.0002,-2.3761,-3.074802,0.000408,-0.037012,55.805133958,37.441262535,157.7209,402300.7991,6185491.2033,8,0.0089,0.0384
554.800,1081.9985,259.9664,-2.3933,-3.073889,0.000757,-0.037039,55.805133656,37.441254582,157.7036,402300.2999,6185491.1809,8,0.0081,0.0329
555.300,1081.4998,259.9325,-2.4106,-3.072494,0.000986,-0.037067,55.805133353,37.441246630,157.6862,402299.8007,6185491.1584,8,0.0084,0.0234
555.800,1081.0012,259.8974,-2.4280,-3.071111,0.001084,-0.037095,55.805133039,37.441238679,157.6687,402299.3016,6185491.1346,8,0.0095,0.0181
556.300,1080.5026,259.8621,-2.4456,-3.069836,0.001053,-0.037124,55.805132723,37.441230728,157.6510,402298.8026,6185491.1107,8,0.0106,0.0157
556.800,1080.0041,259.8257,-2.4635,-3.068618,0.000912,-0.037152,55.805132397,37.441222778,157.6330,402298.3035,6185491.0857,8,0.0118,0.0163
557.299,1079.5057,259.7892,-2.4815,-3.067984,0.000687,-0.037182,55.805132071,37.441214829,157.6149,402297.8045,6185491.0606,8,0.0110,0.0189
557.799,1079.0072,259.7522,-2.4998,-3.067418,0.000413,-0.037211,55.805131739,37.441206880,157.5966,402297.3055,6185491.0349,8,0.0089,0.0203
558.299,1078.5088,259.7152,-2.5182,-3.067587,0.000130,-0.037240,55.805131408,37.441198931,157.5780,402296.8065,6185491.0092,8,0.0068,0.0209
558.799,1078.0103,259.6783,-2.5369,-3.067805,-0.000126,-0.037269,55.805131078,37.441190982,157.5592,402296.3075,6185490.9837,8,0.0048,0.0222
559.299,1077.5118,259.6415,-2.5558,-3.068562,-0.000324,-0.037298,55.805130748,37.441183033,157.5403,402295.8085,6185490.9582,8,0.0045,0.0241
559.799,1077.0133,259.6054,-2.5749,-3.069331,-0.000441,-0.037327,55.805130425,37.441175083,157.5211,402295.3094,6185490.9335,8,0.0053,0.0267
560.298,1076.5148,259.5693,-2.5941,-3.070245,-0.000468,-0.037355,55.805130102,37.441167133,157.5018,402294.8104,6185490.9088,8,0.0062,0.0298
560.798,1076.0162,259.5341,-2.6134,-3.071129,-0.000406,-0.037382,55.805129787,37.441159183,157.4824,402294.3113,6185490.8849,8,0.0071,0.0318
561.298,1075.5176,259.4989,-2.6329,-3.071700,-0.000269,-0.037408,55.805129472,37.441151232,157.4629,402293.8122,6185490.8611,8,0.0080,0.0331
561.798,1075.0190,259.4643,-2.6524,-3.072214,-0.000082,-0.037433,55.805129162,37.441143280,157.4433,402293.3130,6185490.8378,8,0.0087,0.0333
562.298,1074.5204,259.4296,-2.6719,-3.072072,0.000127,-0.037457,55.805128852,37.441135329,157.4236,402292.8139,6185490.8145,8,0.0095,0.0327
562.798,1074.0218,259.3948,-2.6915,-3.071879,0.000325,-0.037480,55.805128541,37.441127377,157.4040,402292.3148,6185490.7911,8,0.0103,0.0305
563.297,1073.5232,259.3600,-2.7110,-3.071070,0.000484,-0.037502,55.805128229,37.441119426,157.3844,402291.8157,6185490.7676,8,0.0107,0.0271
563.797,1073.0246,259.3244,-2.7305,-3.070251,0.000583,-0.037521,55.805127910,37.441111475,157.3649,402291.3166,6185490.7434,8,0.0107,0.0247
564.297,1072.5261,259.2887,-2.7498,-3.069296,0.000611,-0.037540,55.805127591,37.441103525,157.3454,402290.8176,6185490.7191,8,0.0108,0.0231
564.797,1072.0276,259.2522,-2.7691,-3.068374,0.000566,-0.037556,55.805127264,37.441095576,157.3260,402290.3185,6185490.6939,8,0.0109,0.0232
565.297,1071.5291,259.2156,-2.7884,-3.067858,0.000461,-0.037571,55.805126937,37.441087626,157.3067,402289.8195,6185490.6687,8,0.0110,0.0245
565.796,1071.0307,259.1785,-2.8075,-3.067386,0.000311,-0.037584,55.805126605,37.441079678,157.2875,402289.3205,6185490.6430,8,0.0112,0.0259
566.296,1070.5323,259.1415,-2.8266,-3.067483,0.000140,-0.037596,55.805126273,37.441071729,157.2683,402288.8215,6185490.6173,8,0.0115,0.0272
566.796,1070.0338,259.1045,-2.8456,-3.067604,-0.000030,-0.037606,55.805125942,37.441063780,157.2492,402288.3225,6185490.5917,8,0.0117,0.0280
567.296,1069.5353,259.0676,-2.8646,-3.068061,-0.000180,-0.037614,55.805125612,37.441055831,157.2301,402287.8235,6185490.5661,8,0.0110,0.0285
567.796,1069.0369,259.0311,-2.8836,-3.068518,-0.000294,-0.037621,55.805125285,37.441047882,157.2110,402287.3244,6185490.5410,8,0.0097,0.0276
568.296,1068.5384,258.9946,-2.9027,-3.068982,-0.000367,-0.037627,55.805124958,37.441039932,157.1918,402286.8254,6185490.5158,8,0.0084,0.0259
568.795,1068.0399,258.9586,-2.9218,-3.069435,-0.000395,-0.037631,55.805124636,37.441031982,157.1726,402286.3264,6185490.4912,8,0.0071,0.0256
569.295,1067.5413,258.9225,-2.9410,-3.069729,-0.000383,-0.037634,55.805124313,37.441024032,157.1534,402285.8273,6185490.4665,8,0.0063,0.0263
569.795,1067.0428,258.8868,-2.9603,-3.070012,-0.000335,-0.037636,55.805123993,37.441016082,157.1340,402285.3282,6185490.4421,8,0.0060,0.0286
570.295,1066.5443,258.8511,-2.9796,-3.070160,-0.000261,-0.037638,55.805123673,37.441008132,157.1146,402284.8292,6185490.4177,8,0.0057,0.0321
570.795,1066.0457,258.8155,-2.9989,-3.070303,-0.000168,-0.037639,55.805123355,37.441000181,157.0953,402284.3301,6185490.3935,8,0.0054,0.0282
571.294,1065.5472,258.7799,-3.0182,-3.070379,-0.000066,-0.037641,55.805123036,37.440992231,157.0759,402283.8310,6185490.3692,8,0.0057,0.0192
571.794,1065.0486,258.7443,-3.0375,-3.070447,0.000037,-0.037642,55.805122718,37.440984280,157.0565,402283.3319,6185490.3451,8,0.0065,0.0175
572.294,1064.5500,258.7088,-3.0567,-3.070404,0.000131,-0.037644,55.805122400,37.440976330,157.0372,402282.8329,6185490.3209,8,0.0072,0.0209
572.794,1064.0515,258.6732,-3.0758,-3.070346,0.000204,-0.037646,55.805122082,37.440968379,157.0180,402282.3338,6185490.2967,8,0.0080,0.0220
573.294,1063.5529,258.6376,-3.0949,-3.070057,0.000246,-0.037650,55.805121763,37.440960429,156.9988,402281.8347,6185490.2725,8,0.0084,0.0216
573.794,1063.0544,258.6018,-3.1138,-3.069756,0.000247,-0.037654,55.805121442,37.440952479,156.9798,402281.3357,6185490.2480,8,0.0086,0.0258
574.293,1062.5559,258.5659,-3.1327,-3.069261,0.000199,-0.037661,55.805121121,37.440944528,156.9608,402280.8366,6185490.2234,8,0.0088,0.0331
574.793,1062.0574,258.5295,-3.1515,-3.068772,0.000099,-0.037669,55.805120796,37.440936579,156.9419,402280.3376,6185490.1984,8,0.0091,0.0378
575.293,1061.5589,258.4932,-3.1703,-3.068383,-0.000047,-0.037679,55.805120470,37.440928629,156.9231,402279.8385,6185490.1734,8,0.0095,0.0406
575.793,1061.0604,258.4564,-3.1889,-3.068023,-0.000230,-0.037692,55.805120141,37.440920680,156.9044,402279.3395,6185490.1480,8,0.0102,0.0373
576.293,1060.5619,258.4197,-3.2075,-3.068133,-0.000430,-0.037708,55.805119812,37.440912731,156.8858,402278.8405,6185490.1227,8,0.0108,0.0298
576.792,1060.0635,258.3830,-3.2259,-3.068276,-0.000624,-0.037726,55.805119484,37.440904782,156.8672,402278.3415,6185490.0974,8,0.0115,0.0255
577.292,1059.5650,258.3464,-3.2443,-3.069031,-0.000786,-0.037747,55.805119157,37.440896832,156.8487,402277.8424,6185490.0722,8,0.0118,0.0235
577.792,1059.0665,258.3106,-3.2625,-3.069804,-0.000892,-0.037772,55.805118836,37.440888882,156.8304,402277.3434,6185490.0476,8,0.0119,0.0246
578.292,1058.5679,258.2747,-3.2806,-3.070948,-0.000924,-0.037800,55.805118515,37.440880932,156.8122,402276.8443,6185490.0232,8,0.0120,0.0278
578.792,1058.0693,258.2400,-3.2986,-3.072083,-0.000874,-0.037832,55.805118204,37.440872981,156.7942,402276.3452,6185489.9998,8,0.0121,0.0269
579.292,1057.5707,258.2053,-3.3163,-3.073069,-0.000747,-0.037867,55.805117894,37.440865029,156.7764,402275.8461,6185489.9765,8,0.0125,0.0229
579.791,1057.0720,258.1716,-3.3339,-3.074021,-0.000560,-0.037906,55.805117592,37.440857077,156.7587,402275.3469,6185489.9541,8,0.0131,0.0188
580.291,1056.5733,258.1378,-3.3513,-3.074318,-0.000340,-0.037948,55.805117290,37.440849124,156.7413,402274.8477,6185489.9317,8,0.0137,0.0146
580.791,1056.0746,258.1044,-3.3685,-3.074575,-0.000124,-0.037993,55.805116990,37.440841171,156.7240,402274.3486,6185489.9096,8,0.0143,0.0150
581.291,1055.5759,258.0709,-3.3855,-3.074010,0.000050,-0.038042,55.805116691,37.440833219,156.7068,402273.8494,6185489.8875,8,0.0141,0.0187
581.791,1055.0773,258.0369,-3.4025,-3.073426,0.000151,-0.038094,55.805116386,37.440825266,156.6897,402273.3502,6185489.8648,8,0.0133,0.0229
582.290,1054.5786,258.0028,-3.4195,-3.072388,0.000154,-0.038149,55.805116081,37.440817314,156.6727,402272.8511,6185489.8421,8,0.0126,0.0276
582.790,1054.0800,257.9677,-3.4364,-3.071365,0.000052,-0.038206,55.805115767,37.440809363,156.6557,402272.3520,6185489.8184,8,0.0118,0.0310
583.290,1053.5814,257.9326,-3.4535,-3.070657,-0.000142,-0.038266,55.805115453,37.440801412,156.6386,402271.8529,6185489.7947,8,0.0113,0.0335
583.790,1053.0829,257.8969,-3.4707,-3.069993,-0.000401,-0.038327,55.805115133,37.440793462,156.6213,402271.3538,6185489.7703,8,0.0111,0.0335
584.290,1052.5844,257.8611,-3.4881,-3.070347,-0.000679,-0.038390,55.805114813,37.440785511,156.6038,402270.8548,6185489.7459,8,0.0108,0.0317
584.790,1052.0858,257.8257,-3.5058,-3.070744,-0.000923,-0.038453,55.805114496,37.440777561,156.5860,402270.3557,6185489.7218,8,0.0105,0.0318
585.289,1051.5872,257.7904,-3.5237,-3.072263,-0.001078,-0.038517,55.805114180,37.440769610,156.5680,402269.8566,6185489.6978,8,0.0098,0.0334
585.789,1051.0886,257.7565,-3.5420,-3.073794,-0.001100,-0.038580,55.805113877,37.440761658,156.5496,402269.3574,6185489.6753,8,0.0087,0.0316
586.289,1050.5899,257.7226,-3.5606,-3.075746,-0.000959,-0.038642,55.805113574,37.440753705,156.5310,402268.8583,6185489.6528,7,0.0076,0.0275
586.789,1050.0911,257.6907,-3.5795,-3.077668,-0.000651,-0.038703,55.805113288,37.440745751,156.5119,402268.3590,6185489.6323,7,0.0066,0.0267
587.289,1049.5923,257.6588,-3.5987,-3.078833,-0.000197,-0.038762,55.805113002,37.440737797,156.4926,402267.8598,6185489.6117,7,0.0070,0.0285
587.789,1049.0934,257.6280,-3.6182,-3.079939,0.000357,-0.038818,55.805112727,37.440729841,156.4731,402267.3605,6185489.5923,7,0.0087,0.0253
588.288,1048.5945,257.5972,-3.6379,-3.079355,0.000944,-0.038870,55.805112451,37.440721885,156.4533,402266.8612,6185489.5729,7,0.0103,0.0185
588.788,1048.0957,257.5658,-3.6578,-3.078718,0.001486,-0.038918,55.805112171,37.440713930,156.4333,402266.3620,6185489.5528,7,0.0119,0.0146
589.288,1047.5969,257.5344,-3.6779,-3.076384,0.001907,-0.038961,55.805111889,37.440705976,156.4131,402265.8627,6185489.5328,7,0.0122,0.0127
589.788,1047.0982,257.5007,-3.6981,-3.074036,0.002138,-0.038998,55.805111588,37.440698023,156.3929,402265.3635,6185489.5104,7,0.0114,0.0136
590.288,1046.5995,257.4669,-3.7183,-3.071046,0.002132,-0.039029,55.805111286,37.440690071,156.3726,402264.8644,6185489.4880,8,0.0106,0.0167
590.787,1046.1011,257.4302,-3.7386,-3.068086,0.001869,-0.039052,55.805110957,37.440682121,156.3521,402264.3654,6185489.4627,8,0.0098,0.0187
591.287,1045.6026,257.3935,-3.7590,-3.065976,0.001356,-0.039068,55.805110628,37.440674172,156.3317,402263.8663,6185489.4373,8,0.0095,0.0200
591.787,1045.1043,257.3547,-3.7795,-3.063919,0.000628,-0.039075,55.805110281,37.440666226,156.3111,402263.3674,6185489.4099,8,0.0097,0.0205
592.287,1044.6060,257.3159,-3.8001,-3.063693,-0.000258,-0.039074,55.805109934,37.440658279,156.2904,402262.8685,6185489.3825,7,0.0099,0.0204
592.787,1044.1077,257.2769,-3.8209,-3.063514,-0.001231,-0.039063,55.805109585,37.440650332,156.2695,402262.3696,6185489.3548,7,0.0101,0.0232
593.287,1043.6094,257.2380,-3.8419,-3.065183,-0.002209,-0.039041,55.805109236,37.440642386,156.2485,402261.8707,6185489.3272,7,0.0100,0.0280
593.786,1043.1109,257.2006,-3.8631,-3.066880,-0.003114,-0.039009,55.805108901,37.440634438,156.2272,402261.3717,6185489.3012,7,0.0098,0.0291
594.286,1042.6125,257.1633,-3.8845,-3.069873,-0.003867,-0.038967,55.805108568,37.440626489,156.2057,402260.8727,6185489.2753,8,0.0095,0.0276
594.786,1042.1139,257.1290,-3.9063,-3.072877,-0.004402,-0.038913,55.805108260,37.440618537,156.1839,402260.3736,6185489.2523,8,0.0093,0.0289
595.286,1041.6152,257.0947,-3.9282,-3.076654,-0.004662,-0.038847,55.805107953,37.440610585,156.1618,402259.8745,6185489.2294,8,0.0087,0.0322
595.786,1041.1163,257.0641,-3.9505,-3.080429,-0.004603,-0.038770,55.805107680,37.440602630,156.1394,402259.3752,6185489.2102,8,0.0078,0.0307
596.285,1040.6175,257.0336,-3.9731,-3.084412,-0.004202,-0.038680,55.805107407,37.440594674,156.1168,402258.8759,6185489.1910,9,0.0070,0.0256
596.785,1040.1183,257.0070,-3.9958,-3.088373,-0.003451,-0.038579,55.805107169,37.440586715,156.0940,402258.3765,6185489.1758,9,0.0061,0.0232
597.285,1039.6192,256.9804,-4.0187,-3.091454,-0.002366,-0.038466,55.805106931,37.440578755,156.0710,402257.8770,6185489.1606,9,0.0059,0.0229
597.785,1039.1200,256.9569,-4.0416,-3.094491,-0.000983,-0.038340,55.805106721,37.440570793,156.0481,402257.3775,6185489.1484,9,0.0062,0.0209
598.285,1038.6207,256.9334,-4.0645,-3.095226,0.000641,-0.038202,55.805106511,37.440562832,156.0251,402256.8780,6185489.1362,9,0.0065,0.0178
598.785,1038.1214,256.9105,-4.0872,-3.095915,0.002436,-0.038053,55.805106307,37.440554869,156.0023,402256.3785,6185489.1248,9,0.0068,0.0174
599.284,1037.6221,256.8877,-4.1098,-3.093500,0.004321,-0.037892,55.805106103,37.440546907,155.9796,402255.8789,6185489.1133,9,0.0073,0.0193
599.784,1037.1229,256.8625,-4.1320,-3.091055,0.006218,-0.037719,55.805105878,37.440538946,155.9573,402255.3795,6185489.0995,9,0.0081,0.0209
600.284,1036.6237,256.8372,-4.1539,-3.085885,0.008058,-0.037535,55.805105652,37.440530986,155.9353,402254.8800,6185489.0856,9,0.0089,0.0223
600.784,1036.1248,256.8068,-4.1753,-3.080705,0.009788,-0.037341,55.805105380,37.440523030,155.9138,402254.3807,6185489.0666,9,0.0097,0.0210
601.284,1035.6260,256.7764,-4.1963,-3.073872,0.011374,-0.037135,55.805105107,37.440515074,155.8927,402253.8814,6185489.0475,9,0.0097,0.0177
601.783,1035.1275,256.7392,-4.2167,-3.067043,0.012804,-0.036919,55.805104775,37.440507126,155.8723,402253.3824,6185489.0216,9,0.0091,0.0160
602.283,1034.6291,256.7019,-4.2366,-3.059435,0.014081,-0.036694,55.805104441,37.440499177,155.8523,402252.8834,6185488.9957,9,0.0085,0.0154
602.783,1034.1313,256.6572,-4.2558,-3.051835,0.015219,-0.036459,55.805104040,37.440491238,155.8330,402252.3849,6185488.9623,9,0.0079,0.0135
603.283,1033.6335,256.6123,-4.2746,-3.043665,0.016238,-0.036214,55.805103638,37.440483300,155.8141,402251.8863,6185488.9288,9,0.0080,0.0108
603.783,1033.1365,256.5594,-4.2927,-3.035504,0.017151,-0.035961,55.805103164,37.440475374,155.7959,402251.3884,6185488.8873,9,0.0086,0.0103
604.283,1032.6395,256.5065,-4.3104,-3.026488,0.017965,-0.035699,55.805102690,37.440467448,155.7781,402250.8905,6185488.8457,9,0.0092,0.0115
604.782,1032.1435,256.4446,-4.3276,-3.017482,0.018671,-0.035428,55.805102135,37.440459538,155.7609,402250.3934,6185488.7951,9,0.0098,0.0130
605.282,1031.6475,256.3827,-4.3443,-3.007360,0.019250,-0.035150,55.805101580,37.440451629,155.7440,402249.8963,6185488.7445,9,0.0098,0.0150
605.782,1031.1529,256.3108,-4.3606,-2.997252,0.019673,-0.034863,55.805100936,37.440443741,155.7277,402249.4003,6185488.6839,9,0.0092,0.0140
606.282,1030.6583,256.2389,-4.3766,-2.986187,0.019907,-0.034569,55.805100291,37.440435853,155.7117,402248.9043,6185488.6233,9,0.0086,0.0109
606.782,1030.1653,256.1561,-4.3921,-2.975139,0.019917,-0.034267,55.805099548,37.440427992,155.6960,402248.4098,6185488.5518,9,0.0080,0.0122
607.282,1029.6724,256.0733,-4.4074,-2.963779,0.019679,-0.033958,55.805098806,37.440420132,155.6807,402247.9153,6185488.4802,9,0.0076,0.0171
607.781,1029.1815,255.9793,-4.4223,-2.952428,0.019182,-0.033641,55.805097963,37.440412303,155.6657,402247.4225,6185488.3975,9,0.0073,0.0195
608.281,1028.6906,255.8853,-4.4370,-2.941762,0.018432,-0.033316,55.805097120,37.440404474,155.6509,402246.9298,6185488.3147,10,0.0071,0.0201
608.781,1028.2018,255.7809,-4.4514,-2.931088,0.017453,-0.032984,55.805096183,37.440396679,155.6364,402246.4389,6185488.2214,10,0.0068,0.0172
609.281,1027.7130,255.6765,-4.4657,-2.922147,0.016290,-0.032644,55.805095246,37.440388884,155.6220,402245.9480,6185488.1282,10,0.0063,0.0116
609.781,1027.2262,255.5633,-4.4799,-2.913192,0.015002,-0.032296,55.805094230,37.440381120,155.6078,402245.4589,6185488.0261,10,0.0054,0.0117
610.280,1026.7394,255.4501,-4.4939,-2.906581,0.013654,-0.031939,55.805093215,37.440373356,155.5937,402244.9697,6185487.9241,10,0.0046,0.0164
610.780,1026.2541,255.3305,-4.5079,-2.899964,0.012315,-0.031573,55.805092142,37.440365617,155.5796,402244.4820,6185487.8156,10,0.0038,0.0188
611.280,1025.7688,255.2109,-4.5219,-2.895483,0.011046,-0.031199,55.805091069,37.440357877,155.5655,402243.9942,6185487.7071,10,0.0043,0.0195
611.780,1025.2846,255.0870,-4.5360,-2.891003,0.009895,-0.030815,55.805089957,37.440350155,155.5513,402243.5075,6185487.5943,10,0.0057,0.0187
612.280,1024.8003,254.9630,-4.5502,-2.887761,0.008891,-0.030422,55.805088844,37.440342433,155.5371,402243.0207,6185487.4814,10,0.0071,0.0169
612.780,1024.3170,254.8360,-4.5644,-2.884520,0.008040,-0.030018,55.805087704,37.440334724,155.5227,402242.5347,6185487.3654,10,0.0086,0.0152
613.279,1023.8336,254.7089,-4.5789,-2.881562,0.007331,-0.029603,55.805086564,37.440327015,155.5082,402242.0487,6185487.2494,10,0.0092,0.0136
613.779,1023.3509,254.5790,-4.5935,-2.878601,0.006731,-0.029178,55.805085398,37.440319318,155.4935,402241.5634,6185487.1305,10,0.0091,0.0114
614.279,1022.8683,254.4490,-4.6082,-2.875488,0.006196,-0.028741,55.805084232,37.440311621,155.4787,402241.0781,6185487.0116,10,0.0091,0.0087
614.779,1022.3865,254.3161,-4.6232,-2.872368,0.005675,-0.028292,55.805083039,37.440303937,155.4636,402240.5935,6185486.8897,10,0.0090,0.0093
615.279,1021.9047,254.1831,-4.6384,-2.869240,0.005116,-0.027831,55.805081846,37.440296253,155.4484,402240.1090,6185486.7678,10,0.0096,0.0125
615.778,1021.4237,254.0472,-4.6537,-2.866107,0.004478,-0.027358,55.805080626,37.440288582,155.4329,402239.6252,6185486.6429,10,0.0107,0.0146
616.278,1020.9427,253.9112,-4.6693,-2.863358,0.003734,-0.026873,55.805079405,37.440280912,155.4173,402239.1414,6185486.5179,10,0.0118,0.0158
616.778,1020.4625,253.7726,-4.6851,-2.860610,0.002881,-0.026374,55.805078162,37.440273253,155.4014,402238.6583,6185486.3903,10,0.0129,0.0164
617.278,1019.9823,253.6340,-4.7011,-2.858722,0.001963,-0.025863,55.805076918,37.440265595,155.3854,402238.1752,6185486.2627,10,0.0129,0.0165
617.778,1019.5026,253.4936,-4.7173,-2.856844,0.001092,-0.025339,55.805075658,37.440257945,155.3690,402237.6926,6185486.1333,10,0.0121,0.0171
618.278,1019.0229,253.3532,-4.7338,-2.856492,0.000469,-0.024802,55.805074398,37.440250295,155.3525,402237.2099,6185486.0039,10,0.0113,0.0182
618.777,1018.5433,253.2124,-4.7505,-2.856165,0.000404,-0.024253,55.805073135,37.440242646,155.3356,402236.7274,6185485.8741,10,0.0105,0.0195
619.277,1018.0637,253.0717,-4.7675,-2.858119,0.001317,-0.023692,55.805071872,37.440234997,155.3186,402236.2449,6185485.7444,10,0.0098,0.0210
619.777,1017.5835,252.9329,-4.7848,-2.860118,0.003711,-0.023118,55.805070626,37.440227340,155.3012,402235.7619,6185485.6165,10,0.0093,0.0236
620.277,1017.1034,252.7940,-4.8023,-2.864723,0.008087,-0.022534,55.805069380,37.440219682,155.2836,402235.2788,6185485.4887,10,0.0088,0.0271
620.777,1016.6220,252.6596,-4.8201,-2.869388,0.014810,-0.021939,55.805068174,37.440212005,155.2658,402234.7946,6185485.3653,10,0.0083,0.0278
621.276,1016.1406,252.5253,-4.8380,-2.876217,0.023937,-0.021334,55.805066968,37.440204327,155.2478,402234.3104,6185485.2420,10,0.0084,0.0262
621.776,1015.6574,252.3974,-4.8559,-2.883104,0.035064,-0.020720,55.805065821,37.440196621,155.2298,402233.8246,6185485.1252,10,0.0090,0.0296
622.276,1015.1741,252.2698,-4.8738,-2.891334,0.047254,-0.020098,55.805064675,37.440188915,155.2118,402233.3387,6185485.0086,10,0.0097,0.0369
622.776,1014.6889,252.1499,-4.8914,-2.899610,0.059104,-0.019469,55.805063600,37.440181177,155.1941,402232.8511,6185484.8998,10,0.0103,0.0375
623.276,1014.2036,252.0302,-4.9087,-2.865728,0.068980,-0.018834,55.805062526,37.440173437,155.1768,402232.3633,6185484.7913,12,0.0332,0.0326
623.776,1013.7276,251.8778,-4.9252,-2.830442,0.075373,-0.018195,55.805061158,37.440165846,155.1602,402231.8842,6185484.6497,15,0.0741,0.0331
624.275,1013.2520,251.7242,-4.9410,-2.655658,0.077273,-0.017551,55.805059779,37.440158262,155.1443,402231.4054,6185484.5071,18,0.1150,0.0381
624.775,1012.8570,251.4179,-4.9556,-2.482076,0.074433,-0.016904,55.805057030,37.440151962,155.1296,402231.0036,6185484.2100,21,0.1560,0.0367
625.275,1012.4620,251.1117,-4.9692,-2.482076,0.067422,-0.016581,55.805054280,37.440145661,155.1159,402230.6019,6185483.9129,22,0.1744,0.0303
