{"type": "FeatureCollection", "features": [{"type": "Feature", "geometry": {"type": "LineString", "coordinates": [[37.46229772, 55.81040035, 168.369], [37.46231328, 55.81042102, 168.349], [37.46232527, 55.81044241, 168.322], [37.46233154, 55.81046457, 168.294], [37.46233224, 55.810487, 168.27], [37.46232838, 55.81050934, 168.252], [37.4623215, 55.81053145, 168.243], [37.46231111, 55.81055312, 168.24], [37.4622974, 55.8105742, 168.239], [37.46228051, 55.81059453, 168.234], [37.46226087, 55.81061406, 168.224], [37.46223852, 55.81063265, 168.212], [37.46221358, 55.81065016, 168.206], [37.46218562, 55.81066615, 168.207], [37.46215514, 55.81068061, 168.219], [37.46212236, 55.81069338, 168.235], [37.46208774, 55.81070451, 168.246], [37.46205134, 55.81071365, 168.243], [37.4620134, 55.81072049, 168.225], [37.4619741, 55.81072416, 168.2], [37.46193429, 55.81072528, 168.179], [37.46189441, 55.81072533, 168.168], [37.46185454, 55.81072515, 168.165], [37.46181467, 55.81072492, 168.16], [37.4617748, 55.81072507, 168.149], [37.46173494, 55.81072566, 168.136], [37.46169507, 55.81072559, 168.132], [37.46165537, 55.81072361, 168.14], [37.46161613, 55.81071967, 168.155], [37.46157767, 55.81071377, 168.167], [37.4615403, 55.81070597, 168.17], [37.46150465, 55.81069594, 168.169], [37.461471, 55.81068391, 168.169], [37.46143979, 55.81066995, 168.179], [37.46141107, 55.81065439, 168.202], [37.46138512, 55.81063736, 168.234], [37.46136207, 55.81061905, 168.268], [37.46134241, 55.81059952, 168.296], [37.46132567, 55.81057915, 168.315], [37.46131243, 55.81055798, 168.325], [37.46130334, 55.81053613, 168.328], [37.46129932, 55.81051381, 168.329], [37.46129917, 55.81049136, 168.33], [37.46130099, 55.81046893, 168.334], [37.46130345, 55.81044652, 168.341], [37.46130616, 55.81042412, 168.354], [37.46130888, 55.81040172, 168.375], [37.46131188, 55.81037933, 168.408], [37.46131524, 55.81035695, 168.452], [37.46131845, 55.81033457, 168.497], [37.46132134, 55.81031218, 168.539], [37.46132427, 55.81028978, 168.582], [37.4613274, 55.8102674, 168.625], [37.46133042, 55.81024501, 168.67], [37.46133319, 55.81022261, 168.717], [37.46133599, 55.81020021, 168.768], [37.46133885, 55.81017782, 168.821], [37.46134164, 55.81015542, 168.872], [37.46134448, 55.81013302, 168.918], [37.46134752, 55.81011063, 168.96], [37.46135055, 55.81008824, 169.002], [37.46135345, 55.81006585, 169.047], [37.46135639, 55.81004345, 169.094], [37.46135949, 55.81002107, 169.139], [37.46136261, 55.80999868, 169.182], [37.46136566, 55.8099763, 169.22], [37.46136866, 55.80995391, 169.254], [37.46137157, 55.80993151, 169.285], [37.46137429, 55.80990911, 169.314], [37.46137694, 55.80988671, 169.341], [37.46137981, 55.80986431, 169.367], [37.46138273, 55.80984192, 169.391], [37.46138548, 55.80981952, 169.412], [37.46138821, 55.80979712, 169.43], [37.461391, 55.80977472, 169.449], [37.46139369, 55.80975231, 169.468], [37.46139607, 55.8097299, 169.48], [37.4613978, 55.80970747, 169.487], [37.4613985, 55.80968502, 169.494], [37.46139747, 55.80966257, 169.506], [37.4613951, 55.80964016, 169.525], [37.46139116, 55.80961782, 169.546], [37.46138391, 55.80959575, 169.563], [37.46137223, 55.80957429, 169.575], [37.46135677, 55.80955361, 169.581], [37.4613369, 55.80953416, 169.583], [37.46131458, 55.80951556, 169.581], [37.46129214, 55.809497, 169.575], [37.46126987, 55.80947837, 169.567], [37.46124749, 55.80945979, 169.556], [37.46122526, 55.80944115, 169.541], [37.46120325, 55.80942242, 169.524], [37.46118108, 55.80940376, 169.508], [37.46115869, 55.80938518, 169.497], [37.46113641, 55.80936656, 169.488], [37.46111415, 55.80934793, 169.48], [37.46109195, 55.80932928, 169.472], [37.46107, 55.80931054, 169.464], [37.46104816, 55.80929175, 169.456], [37.46102617, 55.80927302, 169.447], [37.46100396, 55.80925437, 169.435], [37.46098163, 55.80923577, 169.422], [37.46095938, 55.80921714, 169.413], [37.46093727, 55.80919845, 169.411], [37.46091521, 55.80917975, 169.418], [37.46089319, 55.80916103, 169.432], [37.46087115, 55.80914232, 169.453], [37.46084905, 55.80912363, 169.481], [37.46082693, 55.80910495, 169.516], [37.4608048, 55.80908627, 169.553], [37.46078265, 55.8090676, 169.592], [37.46076046, 55.80904894, 169.634], [37.46073824, 55.8090303, 169.678], [37.46071599, 55.80901167, 169.721], [37.46069373, 55.80899304, 169.761], [37.46067155, 55.80897438, 169.799], [37.46064943, 55.8089557, 169.835], [37.46062727, 55.80893703, 169.869], [37.46060509, 55.80891837, 169.904], [37.4605829, 55.80889972, 169.94], [37.46056072, 55.80888106, 169.976], [37.4605386, 55.80886237, 170.011], [37.46051648, 55.80884369, 170.055], [37.46049431, 55.80882503, 170.107], [37.46047217, 55.80880636, 170.164], [37.46045004, 55.80878768, 170.218], [37.46042797, 55.80876898, 170.267], [37.46040598, 55.80875025, 170.311], [37.46038384, 55.80873157, 170.352], [37.46036145, 55.80871299, 170.389], [37.46033908, 55.80869441, 170.426], [37.4603169, 55.80867575, 170.464], [37.46029477, 55.80865707, 170.5], [37.46027271, 55.80863837, 170.535], [37.46025069, 55.80861965, 170.572], [37.46022859, 55.80860096, 170.607], [37.46020631, 55.80858233, 170.639], [37.460184, 55.80856373, 170.672], [37.46016177, 55.80854509, 170.706], [37.46013961, 55.80852642, 170.74], [37.46011754, 55.80850772, 170.775], [37.4600956, 55.80848897, 170.811], [37.46007364, 55.80847023, 170.849], [37.46005151, 55.80845155, 170.889], [37.46002927, 55.80843291, 170.93], [37.46000715, 55.80841423, 170.966], [37.45998517, 55.8083955, 170.996], [37.45996315, 55.80837678, 171.029], [37.45994098, 55.80835812, 171.072], [37.45991869, 55.8083395, 171.118], [37.45989644, 55.80832087, 171.154], [37.45987442, 55.80830215, 171.183], [37.45985254, 55.80828338, 171.211], [37.45983057, 55.80826464, 171.245], [37.45980841, 55.80824597, 171.281], [37.45978621, 55.80822732, 171.315], [37.45976416, 55.80820862, 171.345], [37.45974215, 55.80818989, 171.375], [37.45972006, 55.8081712, 171.409], [37.45969788, 55.80815254, 171.443], [37.45967575, 55.80813386, 171.479], [37.45965373, 55.80811514, 171.513], [37.45963171, 55.80809642, 171.546], [37.45960958, 55.80807775, 171.574], [37.45958736, 55.8080591, 171.599], [37.45956525, 55.80804042, 171.622], [37.45954325, 55.80802169, 171.643], [37.45952116, 55.808003, 171.663], [37.45949893, 55.80798436, 171.685], [37.45947671, 55.80796572, 171.708], [37.45945461, 55.80794703, 171.728], [37.45943256, 55.80792832, 171.746], [37.45941035, 55.80790967, 171.763], [37.45938809, 55.80789104, 171.782], [37.45936607, 55.80787233, 171.797], [37.45934421, 55.80785355, 171.803], [37.45932217, 55.80783484, 171.807], [37.45929981, 55.80781625, 171.813], [37.45927741, 55.80779767, 171.823], [37.45925527, 55.80777899, 171.834], [37.45923329, 55.80776026, 171.846], [37.45921127, 55.80774154, 171.858], [37.45918912, 55.80772287, 171.875], [37.45916684, 55.80770425, 171.894], [37.45914455, 55.80768563, 171.913], [37.45912236, 55.80766698, 171.928], [37.45910031, 55.80764827, 171.939], [37.45907838, 55.80762952, 171.946], [37.45905645, 55.80761077, 171.949], [37.45903442, 55.80759205, 171.949], [37.45901223, 55.8075734, 171.946], [37.45899, 55.80755476, 171.939], [37.45896786, 55.80753608, 171.93], [37.4589458, 55.80751738, 171.92], [37.4589238, 55.80749866, 171.913], [37.4589018, 55.80747993, 171.907], [37.45887971, 55.80746123, 171.901], [37.45885751, 55.80744258, 171.895], [37.45883527, 55.80742395, 171.887], [37.45881305, 55.80740531, 171.877], [37.45879088, 55.80738664, 171.865], [37.45876885, 55.80736793, 171.852], [37.45874689, 55.80734919, 171.838], [37.45872482, 55.80733049, 171.828], [37.45870267, 55.80731182, 171.821], [37.45868056, 55.80729313, 171.816], [37.4586585, 55.80727443, 171.81], [37.45863643, 55.80725573, 171.805], [37.45861434, 55.80723704, 171.802], [37.45859229, 55.80721833, 171.8], [37.45857028, 55.80719961, 171.798], [37.45854825, 55.80718089, 171.796], [37.45852613, 55.80716221, 171.791], [37.45850388, 55.80714358, 171.785], [37.45848158, 55.80712496, 171.777], [37.45845937, 55.80710632, 171.768], [37.45843724, 55.80708764, 171.757], [37.45841518, 55.80706894, 171.747], [37.45839315, 55.80705022, 171.737], [37.45837105, 55.80703153, 171.728], [37.45834891, 55.80701286, 171.72], [37.45832677, 55.80699419, 171.713], [37.45830458, 55.80697553, 171.704], [37.45828236, 55.80695689, 171.696], [37.45826016, 55.80693824, 171.69], [37.45823811, 55.80691953, 171.685], [37.45821621, 55.80690077, 171.679], [37.45819421, 55.80688204, 171.669], [37.45817196, 55.80686341, 171.654], [37.45814947, 55.80684487, 171.634], [37.45812673, 55.80682642, 171.608], [37.45810385, 55.80680804, 171.576], [37.45808095, 55.80678965, 171.54], [37.4580579, 55.80677133, 171.508], [37.45803467, 55.80675308, 171.486], [37.45801119, 55.80673494, 171.472], [37.45798725, 55.80671699, 171.466], [37.45796281, 55.80669924, 171.465], [37.457938, 55.80668167, 171.465], [37.45791269, 55.80666432, 171.463], [37.45788688, 55.80664721, 171.453], [37.45786052, 55.80663036, 171.439], [37.45783368, 55.80661376, 171.422], [37.45780658, 55.80659729, 171.406], [37.45777958, 55.80658077, 171.392], [37.45775255, 55.80656426, 171.38], [37.45772518, 55.80654793, 171.37], [37.45769741, 55.80653182, 171.362], [37.45766937, 55.80651586, 171.353], [37.45764107, 55.80650004, 171.347], [37.45761256, 55.80648435, 171.343], [37.45758384, 55.80646877, 171.338], [37.457555, 55.80645327, 171.333], [37.45752613, 55.80643778, 171.326], [37.45749704, 55.80642243, 171.318], [37.45746748, 55.80640736, 171.306], [37.45743729, 55.8063927, 171.292], [37.45740652, 55.80637842, 171.279], [37.45737568, 55.80636419, 171.271], [37.4573449, 55.80634992, 171.262], [37.45731376, 55.80633589, 171.253], [37.4572821, 55.80632225, 171.242], [37.4572502, 55.80630879, 171.226], [37.45721816, 55.80629542, 171.205], [37.45718594, 55.8062822, 171.178], [37.45715352, 55.80626913, 171.154], [37.45712104, 55.8062561, 171.136], [37.4570888, 55.80624289, 171.128], [37.45705685, 55.80622947, 171.126], [37.45702487, 55.80621606, 171.123], [37.45699246, 55.80620298, 171.113], [37.45695937, 55.80619046, 171.097], [37.45692573, 55.8061784, 171.078], [37.45689165, 55.80616675, 171.059], [37.45685727, 55.80615539, 171.041], [37.45682271, 55.80614419, 171.024], [37.4567881, 55.80613305, 171.01], [37.45675341, 55.80612197, 171.0], [37.45671859, 55.80611104, 170.993], [37.4566836, 55.80610028, 170.986], [37.45664846, 55.80608967, 170.98], [37.45661312, 55.80607928, 170.973], [37.45657755, 55.80606914, 170.966], [37.45654187, 55.80605912, 170.959], [37.45650616, 55.80604914, 170.949], [37.45647038, 55.80603922, 170.94], [37.4564344, 55.80602956, 170.931], [37.4563981, 55.80602027, 170.92], [37.45636165, 55.80601117, 170.901], [37.45632522, 55.80600205, 170.874], [37.45628875, 55.80599297, 170.845], [37.4562521, 55.80598414, 170.82], [37.45621523, 55.80597559, 170.801], [37.45617826, 55.80596719, 170.784], [37.45614132, 55.80595875, 170.765], [37.45610435, 55.80595034, 170.742], [37.45606729, 55.80594206, 170.712], [37.45603016, 55.80593389, 170.677], [37.45599302, 55.80592571, 170.638], [37.45595592, 55.8059175, 170.601], [37.45591879, 55.80590932, 170.568], [37.45588161, 55.80590122, 170.54], [37.45584442, 55.80589312, 170.516], [37.45580724, 55.80588502, 170.488], [37.45576997, 55.80587704, 170.452], [37.45573256, 55.80586928, 170.405], [37.45569498, 55.80586178, 170.352], [37.45565727, 55.80585449, 170.296], [37.45561948, 55.80584734, 170.238], [37.45558156, 55.80584042, 170.177], [37.45554351, 55.80583371, 170.116], [37.45550537, 55.80582717, 170.057], [37.4554671, 55.80582088, 170.004], [37.45542865, 55.80581494, 169.955], [37.45539002, 55.80580938, 169.906], [37.45535126, 55.80580414, 169.85], [37.4553124, 55.80579912, 169.786], [37.45527345, 55.80579433, 169.715], [37.45523443, 55.80578971, 169.644], [37.45519539, 55.80578517, 169.579], [37.45515631, 55.80578071, 169.52], [37.45511719, 55.80577638, 169.459], [37.45507802, 55.80577219, 169.396], [37.45503882, 55.8057681, 169.337], [37.45499964, 55.80576396, 169.288], [37.45496048, 55.80575973, 169.242], [37.45492132, 55.80575552, 169.194], [37.45488213, 55.80575141, 169.141], [37.45484287, 55.80574751, 169.086], [37.45480352, 55.8057439, 169.032], [37.45476412, 55.80574045, 168.978], [37.45472476, 55.80573689, 168.923], [37.45468542, 55.80573322, 168.865], [37.45464607, 55.80572962, 168.809], [37.45460666, 55.80572622, 168.756], [37.4545672, 55.80572302, 168.702], [37.45452774, 55.80571982, 168.647], [37.45448828, 55.80571663, 168.592], [37.45444879, 55.80571352, 168.54], [37.45440929, 55.8057105, 168.493], [37.45436977, 55.80570753, 168.446], [37.45433023, 55.80570465, 168.395], [37.45429068, 55.8057018, 168.343], [37.45425114, 55.80569893, 168.292], [37.4542116, 55.80569605, 168.243], [37.45417208, 55.80569311, 168.194], [37.45413256, 55.80569013, 168.145], [37.45409304, 55.80568717, 168.098], [37.45405352, 55.80568421, 168.053], [37.454014, 55.80568128, 168.009], [37.45397448, 55.80567831, 167.966], [37.45393498, 55.80567525, 167.922], [37.45389548, 55.80567222, 167.88], [37.45385596, 55.80566925, 167.841], [37.45381644, 55.8056663, 167.805], [37.45377692, 55.80566333, 167.77], [37.45373738, 55.80566042, 167.737], [37.45369784, 55.80565756, 167.702], [37.45365831, 55.80565466, 167.665], [37.45361878, 55.80565173, 167.626], [37.45357925, 55.80564879, 167.583], [37.45353973, 55.80564586, 167.536], [37.45350021, 55.80564288, 167.485], [37.45346071, 55.80563985, 167.437], [37.4534212, 55.80563684, 167.394], [37.45338168, 55.80563386, 167.354], [37.45334216, 55.8056309, 167.315], [37.45330265, 55.80562792, 167.278], [37.45326312, 55.80562499, 167.242], [37.45322358, 55.80562211, 167.206], [37.45318406, 55.80561916, 167.168], [37.45314455, 55.80561616, 167.126], [37.45310504, 55.80561317, 167.082], [37.45306552, 55.80561018, 167.039], [37.453026, 55.8056072, 166.999], [37.45298648, 55.80560427, 166.961], [37.45294696, 55.8056013, 166.924], [37.45290745, 55.80559829, 166.888], [37.45286795, 55.80559524, 166.854], [37.45282846, 55.80559218, 166.825], [37.45278895, 55.80558917, 166.797], [37.45274942, 55.80558624, 166.767], [37.4527099, 55.8055833, 166.733], [37.45267038, 55.80558033, 166.698], [37.45263086, 55.80557737, 166.663], [37.45259134, 55.8055744, 166.627], [37.45255183, 55.8055714, 166.593], [37.45251232, 55.80556841, 166.562], [37.45247281, 55.80556539, 166.533], [37.45243331, 55.80556233, 166.502], [37.45239381, 55.8055593, 166.47], [37.4523543, 55.8055563, 166.434], [37.45231481, 55.8055532, 166.396], [37.45227536, 55.80554995, 166.359], [37.45223588, 55.80554684, 166.329], [37.45219633, 55.805544, 166.307], [37.45215677, 55.80554124, 166.294], [37.45211724, 55.80553832, 166.287], [37.45207774, 55.80553527, 166.282], [37.45203824, 55.8055322, 166.276], [37.45199873, 55.80552924, 166.267], [37.45195919, 55.80552635, 166.254], [37.45191966, 55.80552343, 166.238], [37.45188011, 55.80552059, 166.221], [37.45184052, 55.80551792, 166.205], [37.45180095, 55.80551521, 166.19], [37.45176136, 55.80551256, 166.177], [37.45172172, 55.80551017, 166.164], [37.45168206, 55.80550787, 166.152], [37.45164241, 55.80550552, 166.141], [37.45160276, 55.80550315, 166.129], [37.45156313, 55.8055007, 166.112], [37.45152351, 55.80549821, 166.091], [37.45148385, 55.80549589, 166.068], [37.45144417, 55.80549374, 166.049], [37.45140447, 55.80549165, 166.034], [37.45136476, 55.80548968, 166.023], [37.45132502, 55.80548788, 166.011], [37.45128528, 55.80548607, 165.995], [37.45124554, 55.80548429, 165.979], [37.45120577, 55.80548271, 165.965], [37.45116601, 55.80548105, 165.956], [37.45112629, 55.8054791, 165.953], [37.45108658, 55.80547709, 165.953], [37.45104684, 55.80547535, 165.951], [37.45100705, 55.80547387, 165.945], [37.45096727, 55.80547245, 165.936], [37.45092749, 55.80547092, 165.926], [37.45088775, 55.8054691, 165.916], [37.45084804, 55.80546713, 165.908], [37.45080829, 55.8054654, 165.904], [37.45076851, 55.80546392, 165.901], [37.45072874, 55.80546236, 165.901], [37.45068899, 55.8054606, 165.903], [37.45064924, 55.80545888, 165.909], [37.45060946, 55.80545742, 165.915], [37.45056968, 55.80545592, 165.919], [37.45052991, 55.80545432, 165.923], [37.45049013, 55.8054528, 165.928], [37.45045037, 55.8054512, 165.933], [37.4504106, 55.80544959, 165.937], [37.45037082, 55.80544812, 165.94], [37.45033103, 55.8054467, 165.943], [37.45029126, 55.80544508, 165.947], [37.45025152, 55.80544335, 165.952], [37.45021176, 55.80544168, 165.956], [37.45017199, 55.80544011, 165.956], [37.45013221, 55.80543857, 165.955], [37.45009244, 55.80543704, 165.951], [37.45005266, 55.80543554, 165.946], [37.45001288, 55.805434, 165.938], [37.44997312, 55.80543236, 165.927], [37.44993337, 55.80543067, 165.915], [37.4498936, 55.80542906, 165.906], [37.44985382, 55.80542755, 165.9], [37.44981405, 55.80542602, 165.891], [37.44977429, 55.80542437, 165.879], [37.44973453, 55.80542267, 165.866], [37.44969477, 55.80542105, 165.853], [37.449655, 55.80541946, 165.842], [37.44961524, 55.80541782, 165.83], [37.44957548, 55.80541618, 165.817], [37.44953571, 55.8054146, 165.803], [37.44949594, 55.80541298, 165.788], [37.44945618, 55.80541134, 165.774], [37.44941641, 55.80540977, 165.76], [37.44937663, 55.8054083, 165.745], [37.44933685, 55.80540681, 165.73], [37.44929708, 55.80540525, 165.718], [37.44925731, 55.80540367, 165.708], [37.44921754, 55.80540211, 165.695], [37.44917776, 55.80540058, 165.679], [37.44913798, 55.80539906, 165.659], [37.4490982, 55.80539756, 165.636], [37.44905842, 55.80539605, 165.609], [37.44901866, 55.80539446, 165.583], [37.4489789, 55.80539281, 165.556], [37.44893913, 55.80539126, 165.53], [37.44889934, 55.8053898, 165.5], [37.44885956, 55.80538833, 165.467], [37.44881978, 55.80538682, 165.432], [37.44878, 55.80538536, 165.397], [37.44874021, 55.80538389, 165.363], [37.44870044, 55.80538233, 165.329], [37.44866068, 55.8053807, 165.295], [37.44862091, 55.80537909, 165.261], [37.44858114, 55.80537757, 165.226], [37.44854135, 55.80537613, 165.191], [37.44850157, 55.80537464, 165.158], [37.4484618, 55.80537309, 165.125], [37.44842202, 55.80537156, 165.095], [37.44838224, 55.80537004, 165.064], [37.44834247, 55.80536847, 165.032], [37.4483027, 55.80536694, 164.999], [37.44826291, 55.80536554, 164.967], [37.44822312, 55.80536413, 164.939], [37.44818334, 55.80536261, 164.914], [37.44814358, 55.805361, 164.891], [37.44810381, 55.8053594, 164.869], [37.44806403, 55.8053579, 164.845], [37.44802425, 55.80535646, 164.823], [37.44798447, 55.80535495, 164.804], [37.44794469, 55.8053534, 164.786], [37.44790492, 55.80535189, 164.768], [37.44786514, 55.80535039, 164.745], [37.44782537, 55.8053488, 164.717], [37.44778561, 55.80534717, 164.689], [37.44774583, 55.80534563, 164.662], [37.44770605, 55.80534418, 164.638], [37.44766627, 55.8053427, 164.613], [37.44762649, 55.80534115, 164.589], [37.44758672, 55.80533964, 164.565], [37.44754693, 55.80533817, 164.545], [37.44750716, 55.80533663, 164.527], [37.44746739, 55.80533501, 164.508], [37.44742763, 55.80533341, 164.487], [37.44738785, 55.8053319, 164.463], [37.44734806, 55.80533045, 164.44], [37.44730829, 55.80532893, 164.421], [37.44726852, 55.8053273, 164.403], [37.44722876, 55.80532566, 164.384], [37.44718898, 55.80532419, 164.365], [37.44714918, 55.80532285, 164.345], [37.44710941, 55.80532133, 164.326], [37.44706966, 55.80531961, 164.308], [37.4470299, 55.80531791, 164.289], [37.44699012, 55.80531641, 164.269], [37.44695033, 55.80531507, 164.248], [37.44691053, 55.80531369, 164.229], [37.44687075, 55.8053122, 164.21], [37.44683098, 55.80531062, 164.19], [37.44679122, 55.80530901, 164.169], [37.44675145, 55.80530744, 164.149], [37.44671167, 55.80530596, 164.129], [37.44667188, 55.80530451, 164.11], [37.4466321, 55.80530302, 164.091], [37.44659233, 55.80530147, 164.072], [37.44655256, 55.80529988, 164.054], [37.44651279, 55.80529827, 164.038], [37.44647303, 55.80529666, 164.022], [37.44643326, 55.80529513, 164.006], [37.44639346, 55.80529374, 163.994], [37.44635368, 55.8052923, 163.983], [37.44631391, 55.80529073, 163.97], [37.44627414, 55.80528915, 163.95], [37.44623436, 55.80528762, 163.923], [37.4461946, 55.80528603, 163.895], [37.44615484, 55.80528436, 163.872], [37.44611506, 55.8052828, 163.855], [37.44607527, 55.80528141, 163.839], [37.44603549, 55.80527999, 163.821], [37.44599571, 55.80527843, 163.801], [37.44595595, 55.80527681, 163.78], [37.44591618, 55.80527525, 163.761], [37.4458764, 55.80527374, 163.743], [37.44583662, 55.8052722, 163.724], [37.44579685, 55.80527066, 163.704], [37.44575707, 55.80526915, 163.682], [37.44571729, 55.80526766, 163.66], [37.44567753, 55.80526607, 163.638], [37.44563776, 55.80526444, 163.618], [37.44559798, 55.80526295, 163.601], [37.44555819, 55.80526161, 163.583], [37.44551839, 55.80526023, 163.563], [37.44547863, 55.80525863, 163.541], [37.44543887, 55.80525698, 163.517], [37.44539909, 55.80525546, 163.491], [37.4453593, 55.80525404, 163.462], [37.44531953, 55.80525251, 163.43], [37.44527977, 55.80525084, 163.395], [37.44524001, 55.80524922, 163.353], [37.44520023, 55.80524772, 163.305], [37.44516044, 55.80524626, 163.249], [37.44512066, 55.80524477, 163.191], [37.44508088, 55.80524326, 163.137], [37.4450411, 55.80524179, 163.089], [37.44500132, 55.80524027, 163.045], [37.44496155, 55.8052387, 163.005], [37.44492178, 55.8052372, 162.971], [37.44488199, 55.80523578, 162.94], [37.44484221, 55.80523429, 162.911], [37.44480245, 55.80523263, 162.885], [37.44476269, 55.80523096, 162.865], [37.44472291, 55.80522948, 162.848], [37.44468311, 55.80522814, 162.833], [37.44464332, 55.80522673, 162.822], [37.44460355, 55.80522517, 162.816], [37.44456379, 55.80522356, 162.812], [37.44452402, 55.80522197, 162.809], [37.44448425, 55.80522041, 162.802], [37.44444447, 55.80521889, 162.794], [37.4444047, 55.80521734, 162.783], [37.44436492, 55.8052158, 162.77], [37.44432514, 55.80521433, 162.755], [37.44428536, 55.8052128, 162.736], [37.4442456, 55.80521116, 162.712], [37.44420583, 55.80520961, 162.683], [37.44416605, 55.80520817, 162.649], [37.44412626, 55.80520671, 162.613], [37.44408648, 55.8052052, 162.576], [37.44404671, 55.80520361, 162.538], [37.44400695, 55.805202, 162.498], [37.44396717, 55.8052005, 162.456], [37.44392739, 55.80519902, 162.413], [37.44388762, 55.80519744, 162.372], [37.44384786, 55.80519581, 162.331], [37.44380809, 55.80519427, 162.289], [37.4437683, 55.8051928, 162.242], [37.44372853, 55.80519124, 162.191], [37.44368876, 55.80518965, 162.139], [37.44364899, 55.80518812, 162.088], [37.44360921, 55.80518665, 162.039], [37.44356942, 55.80518517, 161.989], [37.44352965, 55.8051836, 161.938], [37.44348989, 55.80518198, 161.885], [37.44345011, 55.80518048, 161.83], [37.44341033, 55.80517904, 161.772], [37.44337055, 55.80517753, 161.715], [37.44333078, 55.80517597, 161.661], [37.44329101, 55.80517439, 161.607], [37.44325123, 55.80517287, 161.551], [37.44321145, 55.8051714, 161.491], [37.44317167, 55.80516989, 161.428], [37.4431319, 55.80516834, 161.364], [37.44309213, 55.80516678, 161.298], [37.44305236, 55.8051652, 161.231], [37.44301259, 55.80516362, 161.164], [37.44297281, 55.80516209, 161.1], [37.44293303, 55.80516062, 161.034], [37.44289325, 55.80515916, 160.967], [37.44285347, 55.80515765, 160.902], [37.44281371, 55.80515603, 160.839], [37.44277394, 55.80515439, 160.777], [37.44273417, 55.80515285, 160.713], [37.44269439, 55.80515136, 160.648], [37.44265461, 55.80514986, 160.583], [37.44261483, 55.80514836, 160.517], [37.44257506, 55.80514683, 160.447], [37.44253529, 55.80514523, 160.373], [37.44249553, 55.80514361, 160.295], [37.44245575, 55.80514211, 160.218], [37.44241596, 55.8051407, 160.143], [37.44237618, 55.80513919, 160.067], [37.44233642, 55.80513756, 159.99], [37.44229665, 55.80513597, 159.911], [37.44225688, 55.80513443, 159.829], [37.4422171, 55.80513291, 159.744], [37.44217732, 55.80513145, 159.655], [37.44213753, 55.80513001, 159.568], [37.44209775, 55.80512852, 159.484], [37.44205798, 55.80512694, 159.401], [37.44201822, 55.80512534, 159.317], [37.44197845, 55.80512377, 159.231], [37.44193867, 55.80512225, 159.143], [37.44189889, 55.80512075, 159.055], [37.44185911, 55.80511928, 158.968], [37.44181932, 55.80511783, 158.879], [37.44177955, 55.80511633, 158.788], [37.44173977, 55.80511479, 158.695], [37.4417, 55.80511322, 158.604], [37.44166023, 55.80511165, 158.515], [37.44162046, 55.80511011, 158.428], [37.44158068, 55.80510857, 158.341], [37.44154091, 55.80510705, 158.254], [37.44150113, 55.80510554, 158.165], [37.44146136, 55.80510399, 158.076], [37.44142159, 55.80510238, 157.988], [37.44138182, 55.80510079, 157.9], [37.44134204, 55.8050993, 157.811], [37.44130226, 55.80509784, 157.719], [37.44126248, 55.80509634, 157.626], [37.44122271, 55.80509481, 157.533], [37.44118293, 55.8050933, 157.44], [37.44114315, 55.80509178, 157.347], [37.44110338, 55.80509022, 157.255], [37.4410636, 55.80508872, 157.162], [37.44102382, 55.80508727, 157.069], [37.44098405, 55.8050857, 156.974], [37.4409443, 55.80508399, 156.878], [37.44090453, 55.80508243, 156.782], [37.44086473, 55.80508106, 156.688], [37.44082494, 55.80507965, 156.597], [37.44078518, 55.80507807, 156.508], [37.44074541, 55.80507646, 156.417], [37.44070563, 55.805075, 156.324], [37.44066583, 55.80507363, 156.234], [37.44062605, 55.80507217, 156.146], [37.44058628, 55.8050706, 156.056], [37.44054651, 55.80506906, 155.962], [37.44050672, 55.8050676, 155.868], [37.44046693, 55.8050662, 155.776], [37.44042714, 55.80506487, 155.685], [37.44038734, 55.80506347, 155.593], [37.44034757, 55.80506196, 155.503], [37.4403078, 55.80506037, 155.416], [37.44026803, 55.80505875, 155.332], [37.44022826, 55.80505719, 155.244], [37.44018848, 55.80505573, 155.149], [37.44014868, 55.80505438, 155.048], [37.44010888, 55.80505308, 154.946], [37.44006908, 55.80505177, 154.849], [37.44002929, 55.80505041, 154.754], [37.4399895, 55.80504897, 154.658], [37.43994972, 55.80504751, 154.563], [37.43990992, 55.80504617, 154.479], [37.43987012, 55.80504491, 154.406], [37.43983033, 55.80504354, 154.338], [37.43979054, 55.80504206, 154.267], [37.43975076, 55.80504064, 154.191], [37.43971096, 55.80503931, 154.115], [37.43967116, 55.80503796, 154.04], [37.43963137, 55.80503657, 153.964], [37.43959158, 55.80503521, 153.887], [37.43955178, 55.80503386, 153.809], [37.43951198, 55.80503252, 153.733], [37.43947218, 55.80503124, 153.66], [37.43943238, 55.80502995, 153.587], [37.43939258, 55.80502863, 153.51], [37.43935279, 55.80502727, 153.426], [37.43931299, 55.80502593, 153.336], [37.43927318, 55.80502472, 153.245], [37.43923336, 55.80502361, 153.154], [37.43919355, 55.80502247, 153.064], [37.43915374, 55.80502123, 152.974], [37.43911394, 55.80501992, 152.885], [37.43907414, 55.80501856, 152.798], [37.43903435, 55.80501719, 152.712], [37.43899455, 55.80501587, 152.626], [37.43895475, 55.80501453, 152.541], [37.43891496, 55.80501322, 152.455], [37.43887514, 55.80501206, 152.367], [37.43883532, 55.80501095, 152.276], [37.43879552, 55.80500966, 152.18], [37.43875573, 55.80500822, 152.081], [37.43871593, 55.80500691, 151.985], [37.43867612, 55.80500574, 151.893], [37.43863631, 55.80500453, 151.806], [37.43859652, 55.80500315, 151.723], [37.43855674, 55.80500165, 151.643], [37.43851695, 55.8050002, 151.564], [37.43847716, 55.80499886, 151.481], [37.43843735, 55.80499761, 151.394], [37.43839754, 55.80499642, 151.305], [37.43835773, 55.80499518, 151.218], [37.43831794, 55.80499378, 151.134], [37.43827817, 55.80499225, 151.052], [37.43823839, 55.80499078, 150.968], [37.43819858, 55.80498953, 150.881], [37.43815876, 55.8049884, 150.798], [37.43811895, 55.8049872, 150.722], [37.43807915, 55.80498595, 150.65], [37.43803935, 55.80498463, 150.575], [37.43799956, 55.8049832, 150.495], [37.43795978, 55.80498174, 150.415], [37.43791998, 55.80498043, 150.341], [37.43788017, 55.80497922, 150.27], [37.43784036, 55.80497794, 150.198], [37.43780057, 55.80497656, 150.121], [37.43776079, 55.80497512, 150.039], [37.437721, 55.8049737, 149.956], [37.4376812, 55.8049724, 149.872], [37.43764139, 55.80497117, 149.79], [37.43760159, 55.80496986, 149.705], [37.4375618, 55.80496849, 149.619], [37.437522, 55.80496715, 149.536], [37.4374822, 55.80496586, 149.456], [37.4374424, 55.80496452, 149.381], [37.43740261, 55.80496314, 149.309], [37.43736282, 55.80496175, 149.238], [37.43732303, 55.80496037, 149.163], [37.43728323, 55.80495901, 149.086], [37.43724343, 55.80495772, 149.011], [37.43720363, 55.80495645, 148.943], [37.43716382, 55.80495517, 148.88], [37.43712402, 55.80495388, 148.819], [37.43708422, 55.80495253, 148.759], [37.43704443, 55.80495117, 148.702], [37.43700463, 55.80494988, 148.647], [37.43696482, 55.80494863, 148.588], [37.43692503, 55.8049473, 148.525], [37.43688524, 55.80494585, 148.462], [37.43684545, 55.80494441, 148.402], [37.43680565, 55.80494319, 148.349], [37.43676583, 55.80494208, 148.3], [37.43672602, 55.80494081, 148.25], [37.43668624, 55.80493934, 148.201], [37.43664647, 55.80493778, 148.157], [37.43660669, 55.80493631, 148.124], [37.43656689, 55.80493501, 148.099], [37.43652708, 55.80493372, 148.078], [37.43648729, 55.80493231, 148.057], [37.4364475, 55.80493092, 148.036], [37.43640769, 55.80492974, 148.015], [37.43636787, 55.80492861, 147.992], [37.43632808, 55.80492726, 147.965], [37.4362883, 55.80492573, 147.939], [37.43624853, 55.80492418, 147.918], [37.43620875, 55.8049227, 147.903], [37.43616896, 55.80492129, 147.891], [37.43612917, 55.80491984, 147.88], [37.4360894, 55.8049183, 147.868], [37.43604964, 55.80491668, 147.858], [37.43600988, 55.80491501, 147.852], [37.43597013, 55.80491329, 147.85], [37.43593037, 55.80491161, 147.853], [37.43589059, 55.80491013, 147.858], [37.4358508, 55.80490876, 147.864], [37.43581103, 55.80490719, 147.868], [37.4357713, 55.80490533, 147.869], [37.43573159, 55.80490333, 147.869], [37.43569189, 55.80490126, 147.872], [37.43565224, 55.80489894, 147.875], [37.43561264, 55.80489633, 147.878], [37.43557305, 55.80489367, 147.881], [37.43553344, 55.80489114, 147.885], [37.4354938, 55.80488873, 147.887], [37.43545418, 55.80488621, 147.889], [37.43541466, 55.80488329, 147.889], [37.43537522, 55.80488001, 147.892], [37.4353358, 55.80487665, 147.898], [37.43529634, 55.80487343, 147.905], [37.43525688, 55.80487025, 147.911], [37.43521746, 55.80486687, 147.917], [37.43517808, 55.80486337, 147.925], [37.43513869, 55.80485993, 147.933], [37.43509933, 55.80485633, 147.94], [37.43506011, 55.80485231, 147.953], [37.43502101, 55.80484793, 147.972], [37.43498193, 55.80484349, 147.994], [37.4349428, 55.80483918, 148.012], [37.43490366, 55.80483492, 148.025], [37.43486455, 55.80483057, 148.037], [37.43482548, 55.80482609, 148.05], [37.43478648, 55.80482142, 148.068], [37.43474757, 55.80481654, 148.086], [37.43470869, 55.80481157, 148.103], [37.43466981, 55.8048066, 148.119], [37.43463094, 55.80480161, 148.135], [37.4345921, 55.80479654, 148.151], [37.43455327, 55.80479145, 148.169], [37.43451444, 55.80478635, 148.187], [37.43447571, 55.80478103, 148.203], [37.43443714, 55.80477537, 148.217], [37.4343986, 55.8047696, 148.23], [37.43436001, 55.80476397, 148.245], [37.43432145, 55.80475827, 148.264], [37.43428303, 55.80475227, 148.291], [37.43424473, 55.80474604, 148.32], [37.43420641, 55.80473985, 148.345], [37.43416798, 55.80473388, 148.362], [37.43412947, 55.80472806, 148.373], [37.43409096, 55.80472224, 148.383], [37.43405248, 55.80471638, 148.395], [37.43401397, 55.80471057, 148.405], [37.43397547, 55.80470474, 148.41], [37.43393707, 55.8046987, 148.411], [37.43389877, 55.80469247, 148.41], [37.43386041, 55.80468635, 148.413], [37.43382188, 55.80468057, 148.42], [37.43378333, 55.80467485, 148.431], [37.43374494, 55.8046688, 148.443], [37.43370664, 55.80466257, 148.454], [37.4336682, 55.8046566, 148.468], [37.43362964, 55.80465092, 148.482], [37.43359113, 55.8046451, 148.496], [37.43355278, 55.80463897, 148.508], [37.43351444, 55.80463281, 148.52], [37.43347599, 55.80462688, 148.537], [37.43343743, 55.80462116, 148.555], [37.43339891, 55.80461539, 148.569], [37.4333605, 55.80460937, 148.577], [37.43332216, 55.80460322, 148.587], [37.43328378, 55.80459714, 148.604], [37.43324533, 55.8045912, 148.625], [37.43320682, 55.80458539, 148.643], [37.43316831, 55.80457958, 148.653], [37.43312988, 55.8045736, 148.66], [37.43309154, 55.80456746, 148.669], [37.43305318, 55.80456132, 148.679], [37.43301475, 55.80455536, 148.686], [37.43297623, 55.80454957, 148.69], [37.43293776, 55.80454368, 148.696], [37.43289944, 55.80453749, 148.706], [37.43286109, 55.80453135, 148.714], [37.43282256, 55.80452559, 148.718], [37.43278397, 55.80451995, 148.72], [37.43274556, 55.80451394, 148.722], [37.43270731, 55.8045076, 148.724], [37.43266897, 55.80450145, 148.727], [37.43263044, 55.80449567, 148.73], [37.43259188, 55.80448999, 148.729], [37.43255343, 55.80448405, 148.725], [37.43251505, 55.80447798, 148.72], [37.43247658, 55.80447209, 148.717], [37.43243809, 55.80446624, 148.717], [37.43239975, 55.80446006, 148.716], [37.43236146, 55.80445381, 148.713], [37.43232297, 55.80444798, 148.711], [37.43228438, 55.80444233, 148.709], [37.43224598, 55.80443629, 148.707], [37.43220774, 55.80442994, 148.703], [37.43216937, 55.80442386, 148.698], [37.43213079, 55.8044182, 148.691], [37.43209223, 55.80441249, 148.684], [37.43205387, 55.80440638, 148.676], [37.43201559, 55.80440011, 148.668], [37.43197713, 55.80439418, 148.659], [37.43193855, 55.80438853, 148.652], [37.43190008, 55.80438265, 148.646], [37.43186179, 55.80437639, 148.64], [37.43182349, 55.80437016, 148.633], [37.43178501, 55.80436428, 148.628], [37.43174644, 55.80435861, 148.625], [37.43170793, 55.8043528, 148.621], [37.43166955, 55.80434672, 148.616], [37.43163119, 55.8043406, 148.608], [37.43159273, 55.80433469, 148.6], [37.43155422, 55.80432888, 148.592], [37.43151579, 55.8043229, 148.582], [37.43147743, 55.80431679, 148.569], [37.43143896, 55.8043109, 148.554], [37.4314004, 55.80430521, 148.541], [37.43136193, 55.8042993, 148.535], [37.43132365, 55.80429303, 148.532], [37.43128535, 55.8042868, 148.529], [37.43124688, 55.80428091, 148.523], [37.43120833, 55.80427518, 148.516], [37.43116985, 55.80426932, 148.508], [37.43113143, 55.80426333, 148.501], [37.43109301, 55.80425733, 148.494], [37.43105457, 55.80425138, 148.487], [37.43101611, 55.80424546, 148.479], [37.43097768, 55.80423948, 148.47], [37.43093929, 55.80423342, 148.46], [37.43090088, 55.8042274, 148.449], [37.4308624, 55.80422153, 148.439], [37.4308239, 55.80421572, 148.43], [37.43078542, 55.80420985, 148.422], [37.430747, 55.80420385, 148.412], [37.43070862, 55.80419778, 148.399], [37.43067023, 55.80419172, 148.382], [37.43063178, 55.80418577, 148.367], [37.4305933, 55.8041799, 148.354], [37.43055485, 55.80417399, 148.339], [37.43051642, 55.804168, 148.317], [37.430478, 55.804162, 148.293], [37.43043957, 55.80415603, 148.276], [37.43040113, 55.80415009, 148.266], [37.43036267, 55.80414416, 148.259], [37.43032426, 55.80413815, 148.251], [37.43028589, 55.80413206, 148.241], [37.43024748, 55.80412604, 148.232], [37.43020901, 55.80412015, 148.226], [37.43017054, 55.80411425, 148.219], [37.43013211, 55.80410827, 148.209], [37.43009372, 55.80410224, 148.195], [37.43005533, 55.80409618, 148.183], [37.4300169, 55.80409021, 148.174], [37.42997842, 55.80408432, 148.166], [37.42993997, 55.8040784, 148.155], [37.42990153, 55.80407244, 148.142], [37.42986313, 55.80406641, 148.132], [37.42982475, 55.80406032, 148.126], [37.42978636, 55.80405427, 148.12], [37.4297479, 55.80404837, 148.113], [37.42970936, 55.80404261, 148.104], [37.42967084, 55.80403683, 148.097], [37.42963242, 55.80403083, 148.09], [37.42959408, 55.80402469, 148.082], [37.42955568, 55.80401864, 148.071], [37.42951721, 55.80401275, 148.06], [37.42947874, 55.80400687, 148.053], [37.42944033, 55.80400085, 148.05], [37.42940199, 55.8039947, 148.05], [37.42936366, 55.80398851, 148.049], [37.42932531, 55.80398238, 148.044], [37.42928692, 55.80397634, 148.039], [37.42924848, 55.80397039, 148.035], [37.42921002, 55.80396447, 148.032], [37.42917157, 55.80395853, 148.028], [37.42913318, 55.80395248, 148.023], [37.4290948, 55.8039464, 148.018], [37.42905637, 55.80394042, 148.016], [37.42901791, 55.80393452, 148.016], [37.42897945, 55.8039286, 148.02], [37.42894102, 55.80392263, 148.025], [37.42890262, 55.80391659, 148.03], [37.42886424, 55.80391052, 148.031], [37.4288258, 55.80390456, 148.029], [37.4287873, 55.80389873, 148.024], [37.42874881, 55.80389289, 148.021], [37.42871036, 55.80388695, 148.021], [37.42867194, 55.80388097, 148.025], [37.42863352, 55.80387496, 148.034], [37.4285951, 55.80386897, 148.046], [37.42855666, 55.80386301, 148.06], [37.42851822, 55.80385706, 148.075], [37.42847981, 55.80385104, 148.089], [37.42844143, 55.80384497, 148.105], [37.42840301, 55.80383899, 148.123], [37.42836448, 55.80383322, 148.146], [37.42832584, 55.80382768, 148.169], [37.4282872, 55.80382217, 148.189], [37.42824855, 55.80381664, 148.208], [37.42820985, 55.80381126, 148.233], [37.42817107, 55.80380607, 148.26], [37.42813222, 55.80380102, 148.283], [37.42809332, 55.8037961, 148.299], [37.42805436, 55.80379133, 148.31], [37.42801533, 55.80378677, 148.32], [37.42797625, 55.80378233, 148.331], [37.42793715, 55.80377794, 148.347], [37.42789798, 55.80377377, 148.372], [37.42785869, 55.80376997, 148.406], [37.4278193, 55.80376651, 148.442], [37.42777982, 55.80376337, 148.472], [37.42774027, 55.80376055, 148.491], [37.42770064, 55.80375813, 148.5], [37.42766096, 55.80375593, 148.503], [37.42762127, 55.8037538, 148.5], [37.42758157, 55.80375177, 148.492], [37.42754183, 55.80374998, 148.48], [37.42750205, 55.80374854, 148.469], [37.42746223, 55.8037474, 148.458], [37.4274224, 55.80374646, 148.449], [37.42738256, 55.80374573, 148.437], [37.4273427, 55.80374525, 148.423], [37.42730283, 55.80374507, 148.409], [37.42726297, 55.80374517, 148.397], [37.4272231, 55.80374533, 148.385], [37.42718324, 55.80374539, 148.371], [37.42714337, 55.80374557, 148.354], [37.42710352, 55.80374609, 148.338], [37.42706367, 55.8037469, 148.325], [37.42702383, 55.8037477, 148.315], [37.42698398, 55.80374836, 148.307], [37.42694413, 55.80374886, 148.303], [37.42690427, 55.80374934, 148.303], [37.42686442, 55.80374993, 148.303], [37.42682457, 55.80375064, 148.301], [37.42678473, 55.8037514, 148.296], [37.42674488, 55.80375216, 148.292], [37.42670503, 55.80375284, 148.288], [37.42666518, 55.80375335, 148.284], [37.42662532, 55.80375383, 148.281], [37.42658547, 55.80375449, 148.28], [37.42654563, 55.80375527, 148.281], [37.42650578, 55.80375598, 148.284], [37.42646593, 55.80375657, 148.284], [37.42642607, 55.80375708, 148.281], [37.42638621, 55.80375753, 148.276], [37.42634635, 55.80375789, 148.27], [37.42630649, 55.8037583, 148.264], [37.42626664, 55.80375889, 148.258], [37.4262268, 55.80375967, 148.252], [37.42618696, 55.80376057, 148.248], [37.42614713, 55.80376149, 148.246], [37.42610729, 55.80376225, 148.243], [37.42606743, 55.80376279, 148.24], [37.42602757, 55.80376333, 148.237], [37.42598774, 55.80376416, 148.237], [37.42594791, 55.8037651, 148.239], [37.42590806, 55.80376591, 148.24], [37.42586822, 55.80376665, 148.236], [37.42582838, 55.8037675, 148.229], [37.42578854, 55.80376837, 148.223], [37.4257487, 55.80376909, 148.222], [37.42570885, 55.80376976, 148.226], [37.42566901, 55.80377062, 148.233], [37.4256292, 55.80377181, 148.239], [37.42558941, 55.80377318, 148.242], [37.42554962, 55.80377458, 148.242], [37.42550984, 55.80377604, 148.24], [37.42547006, 55.80377755, 148.237], [37.42543028, 55.80377906, 148.234], [37.42539051, 55.80378057, 148.232], [37.42535074, 55.80378211, 148.231], [37.42531097, 55.80378368, 148.232], [37.4252712, 55.80378529, 148.23], [37.42523145, 55.80378695, 148.225], [37.42519168, 55.80378858, 148.217], [37.42515191, 55.80379015, 148.208], [37.42511215, 55.80379176, 148.2], [37.4250724, 55.80379351, 148.191], [37.42503267, 55.80379534, 148.18], [37.42499292, 55.80379707, 148.169], [37.42495315, 55.80379866, 148.158], [37.4249134, 55.80380035, 148.147], [37.42487368, 55.80380228, 148.134], [37.42483396, 55.80380421, 148.123], [37.42479424, 55.80380607, 148.117], [37.42475456, 55.80380829, 148.117], [37.42471499, 55.80381101, 148.12], [37.42467544, 55.80381383, 148.123], [37.42463587, 55.80381657, 148.121], [37.42459634, 55.8038195, 148.117], [37.42455689, 55.80382271, 148.112], [37.42451748, 55.80382612, 148.107], [37.42447813, 55.8038297, 148.101], [37.42443883, 55.80383349, 148.091], [37.4243996, 55.80383747, 148.081], [37.42436042, 55.80384163, 148.07], [37.42432129, 55.80384593, 148.06], [37.42428217, 55.80385026, 148.052], [37.42424301, 55.80385445, 148.044], [37.42420378, 55.80385847, 148.04], [37.42416457, 55.8038625, 148.041], [37.42412541, 55.80386673, 148.049], [37.42408634, 55.8038712, 148.059], [37.42404731, 55.80387575, 148.067], [37.4240082, 55.80388012, 148.073], [37.42396901, 55.80388425, 148.077], [37.42392984, 55.80388842, 148.081], [37.42389078, 55.8038929, 148.083], [37.42385182, 55.80389767, 148.083], [37.42381285, 55.80390241, 148.082], [37.4237738, 55.80390694, 148.084], [37.42373477, 55.80391151, 148.09], [37.42369588, 55.80391644, 148.103], [37.42365707, 55.80392157, 148.121], [37.42361818, 55.80392652, 148.141], [37.42357918, 55.80393116, 148.161], [37.42354015, 55.80393576, 148.183], [37.42350121, 55.80394057, 148.204], [37.42346236, 55.8039456, 148.224], [37.4234235, 55.80395062, 148.243], [37.42338458, 55.80395549, 148.264], [37.42334563, 55.80396028, 148.288], [37.42330671, 55.80396513, 148.312], [37.42326784, 55.80397012, 148.334], [37.42322898, 55.80397515, 148.356], [37.42319009, 55.80398007, 148.381], [37.42315113, 55.80398484, 148.408], [37.42311215, 55.80398956, 148.432], [37.42307323, 55.80399441, 148.451], [37.42303437, 55.80399942, 148.465], [37.42299549, 55.80400439, 148.481], [37.42295652, 55.80400912, 148.507], [37.42291748, 55.80401369, 148.544], [37.4228785, 55.80401839, 148.583], [37.42283962, 55.80402335, 148.612], [37.4228008, 55.80402846, 148.634], [37.422762, 55.80403363, 148.662], [37.42272318, 55.80403875, 148.707], [37.42268429, 55.80404367, 148.762], [37.4226453, 55.80404836, 148.815], [37.4226063, 55.80405303, 148.863], [37.42256737, 55.80405785, 148.909], [37.4225285, 55.80406284, 148.948], [37.42248966, 55.80406791, 148.981], [37.42245078, 55.80407288, 149.006], [37.42241185, 55.80407773, 149.03], [37.42237293, 55.80408258, 149.056], [37.42233401, 55.80408745, 149.09], [37.4222951, 55.80409235, 149.129], [37.4222562, 55.80409724, 149.162], [37.42221726, 55.80410207, 149.188], [37.42217832, 55.80410688, 149.21], [37.42213941, 55.80411178, 149.232], [37.42210053, 55.80411674, 149.258], [37.42206163, 55.80412167, 149.285], [37.42202272, 55.80412654, 149.314], [37.42198381, 55.80413143, 149.345], [37.42194492, 55.80413638, 149.375], [37.42190601, 55.80414126, 149.404], [37.42186709, 55.80414612, 149.435], [37.42182819, 55.80415105, 149.475], [37.42178929, 55.80415595, 149.52], [37.42175034, 55.80416076, 149.558], [37.4217114, 55.80416557, 149.586], [37.4216725, 55.80417047, 149.608], [37.42163365, 55.80417553, 149.634], [37.42159482, 55.8041806, 149.668], [37.42155594, 55.80418557, 149.704], [37.42151703, 55.80419046, 149.74], [37.4214781, 55.8041953, 149.776], [37.42143917, 55.80420015, 149.814], [37.42140029, 55.80420512, 149.855], [37.42136144, 55.80421014, 149.894], [37.42132256, 55.80421511, 149.93], [37.42128365, 55.80422, 149.969], [37.42124475, 55.80422491, 150.013], [37.42120585, 55.80422985, 150.059], [37.42116692, 55.80423467, 150.101], [37.42112794, 55.8042394, 150.138], [37.42108906, 55.80424435, 150.178], [37.42105023, 55.80424945, 150.224], [37.42101136, 55.80425442, 150.276], [37.42097245, 55.80425932, 150.324], [37.42093355, 55.80426424, 150.363], [37.42089463, 55.80426911, 150.393], [37.42085571, 55.80427396, 150.422], [37.42081684, 55.80427895, 150.454], [37.42077796, 55.80428393, 150.488], [37.42073906, 55.80428885, 150.522], [37.42070016, 55.80429377, 150.559], [37.42066124, 55.80429864, 150.598], [37.42062232, 55.80430349, 150.638], [37.42058341, 55.80430839, 150.677], [37.42054451, 55.8043133, 150.716], [37.42050561, 55.8043182, 150.752], [37.4204667, 55.80432309, 150.787], [37.4204278, 55.80432801, 150.82], [37.42038893, 55.804333, 150.849], [37.42035002, 55.8043379, 150.877], [37.42031102, 55.80434257, 150.904], [37.42027209, 55.80434739, 150.932], [37.42023324, 55.80435243, 150.963], [37.42019429, 55.80435723, 150.996], [37.42015536, 55.80436207, 151.031], [37.42011659, 55.80436729, 151.067], [37.42007773, 55.80437231, 151.101], [37.4200387, 55.80437689, 151.134], [37.41999969, 55.8043815, 151.165], [37.41996083, 55.80438653, 151.196], [37.41992202, 55.80439166, 151.229], [37.41988312, 55.80439658, 151.268], [37.41984421, 55.80440147, 151.313], [37.41980534, 55.80440647, 151.358], [37.41976647, 55.80441146, 151.399], [37.41972755, 55.80441632, 151.436], [37.41968857, 55.80442103, 151.473], [37.41964959, 55.80442575, 151.513], [37.41961068, 55.80443062, 151.55], [37.41957179, 55.80443556, 151.582], [37.4195329, 55.80444052, 151.615], [37.41949403, 55.80444551, 151.652], [37.41945515, 55.80445048, 151.694], [37.41941628, 55.80445545, 151.737], [37.41937742, 55.80446047, 151.778], [37.41933853, 55.80446543, 151.814], [37.41929959, 55.80447023, 151.848], [37.4192606, 55.80447492, 151.882], [37.41922166, 55.80447973, 151.915], [37.4191828, 55.80448474, 151.946], [37.419144, 55.8044899, 151.975], [37.41910519, 55.80449505, 152.005], [37.41906633, 55.80450007, 152.039], [37.41902741, 55.80450492, 152.076], [37.41898842, 55.80450962, 152.109], [37.41894946, 55.80451437, 152.134], [37.41891056, 55.80451929, 152.157], [37.41887168, 55.80452426, 152.184], [37.41883278, 55.80452916, 152.217], [37.41879386, 55.80453404, 152.251], [37.41875498, 55.804539, 152.286], [37.41871611, 55.804544, 152.322], [37.41867725, 55.80454901, 152.361], [37.41863835, 55.80455394, 152.399], [37.41859942, 55.80455877, 152.435], [37.4185605, 55.80456364, 152.469], [37.41852161, 55.80456858, 152.501], [37.41848274, 55.80457358, 152.533], [37.41844393, 55.8045787, 152.565], [37.4184051, 55.8045838, 152.599], [37.4183662, 55.80458872, 152.631], [37.41832725, 55.8045935, 152.664], [37.41828831, 55.80459832, 152.698], [37.4182494, 55.8046032, 152.735], [37.41821048, 55.80460806, 152.771], [37.41817154, 55.8046129, 152.803], [37.41813268, 55.80461791, 152.834], [37.41809389, 55.80462309, 152.866], [37.41805509, 55.80462825, 152.9], [37.41801623, 55.80463326, 152.935], [37.41797733, 55.80463818, 152.972], [37.41793842, 55.80464308, 153.011], [37.41789954, 55.80464805, 153.052], [37.41786069, 55.80465308, 153.089], [37.41782182, 55.80465808, 153.123], [37.41778293, 55.80466301, 153.155], [37.41774404, 55.80466796, 153.19], [37.41770519, 55.80467299, 153.224], [37.41766631, 55.80467797, 153.257], [37.4176274, 55.80468287, 153.288], [37.41758852, 55.80468783, 153.318], [37.41754969, 55.80469291, 153.352], [37.41751086, 55.804698, 153.388], [37.41747201, 55.80470304, 153.421], [37.41743314, 55.80470804, 153.448], [37.41739426, 55.80471301, 153.469], [37.41735537, 55.80471794, 153.492], [37.41731652, 55.80472299, 153.517], [37.41727774, 55.80472819, 153.544], [37.41723896, 55.8047334, 153.568], [37.41720016, 55.80473856, 153.592], [37.41716133, 55.80474366, 153.617], [37.4171225, 55.80474874, 153.643], [37.41708366, 55.8047538, 153.668], [37.41704482, 55.80475888, 153.69], [37.41700601, 55.80476402, 153.708], [37.41696722, 55.8047692, 153.725], [37.41692845, 55.80477443, 153.744], [37.41688969, 55.80477969, 153.765], [37.41685093, 55.80478494, 153.786], [37.41681217, 55.80479021, 153.809], [37.41677342, 55.80479548, 153.833], [37.41673469, 55.80480079, 153.861], [37.41669599, 55.80480619, 153.887], [37.41665733, 55.80481168, 153.908], [37.41661867, 55.80481716, 153.925], [37.41657998, 55.80482258, 153.944], [37.41654124, 55.80482789, 153.969], [37.41650247, 55.80483312, 153.999], [37.41646372, 55.80483841, 154.03], [37.41642506, 55.80484388, 154.059], [37.41638643, 55.80484945, 154.085], [37.41634781, 55.804855, 154.111], [37.41630917, 55.80486054, 154.136], [37.41627047, 55.80486593, 154.161], [37.41623166, 55.80487108, 154.188], [37.41619283, 55.80487617, 154.224], [37.41615402, 55.8048813, 154.269], [37.41611522, 55.80488647, 154.312], [37.41607649, 55.80489178, 154.345], [37.41603785, 55.8048973, 154.372], [37.41599925, 55.80490292, 154.397], [37.41596067, 55.80490859, 154.426], [37.41592212, 55.80491431, 154.457], [37.4158835, 55.80491988, 154.489], [37.41584478, 55.80492524, 154.525], [37.41580603, 55.80493051, 154.567], [37.41576728, 55.8049358, 154.616], [37.41572857, 55.80494116, 154.671], [37.41568988, 55.80494659, 154.729], [37.41565119, 55.80495201, 154.78], [37.4156125, 55.80495742, 154.821], [37.41557381, 55.80496285, 154.857], [37.41553512, 55.80496826, 154.901], [37.41549641, 55.80497363, 154.952], [37.41545764, 55.80497885, 155.0], [37.41541881, 55.80498396, 155.043], [37.41538005, 55.8049892, 155.083], [37.4153414, 55.80499471, 155.12], [37.4153028, 55.80500033, 155.154], [37.41526414, 55.80500582, 155.186], [37.41522541, 55.80501116, 155.221], [37.41518668, 55.80501648, 155.256], [37.41514796, 55.80502181, 155.289], [37.41510923, 55.80502715, 155.319], [37.41507053, 55.80503255, 155.346], [37.41503185, 55.80503799, 155.373], [37.41499314, 55.80504336, 155.401], [37.4149544, 55.80504866, 155.432], [37.41491565, 55.80505394, 155.459], [37.41487687, 55.80505915, 155.484], [37.41483811, 55.8050644, 155.509], [37.41479942, 55.80506983, 155.536], [37.41476073, 55.80507524, 155.565], [37.41472199, 55.80508054, 155.593], [37.41468327, 55.8050859, 155.619], [37.41464456, 55.80509126, 155.648], [37.41460581, 55.80509654, 155.679], [37.4145671, 55.80510193, 155.712], [37.41452845, 55.80510742, 155.742], [37.41448975, 55.80511282, 155.77], [37.41445101, 55.80511814, 155.799], [37.41441229, 55.80512347, 155.833], [37.41437354, 55.80512876, 155.868], [37.41433482, 55.8051341, 155.9], [37.41429614, 55.80513954, 155.927], [37.41425744, 55.80514493, 155.949], [37.41421871, 55.80515027, 155.971], [37.41418, 55.80515564, 155.992], [37.41414131, 55.80516105, 156.014], [37.41410261, 55.80516645, 156.037], [37.41406392, 55.80517186, 156.061], [37.41402523, 55.8051773, 156.089], [37.41398651, 55.80518263, 156.12], [37.41394773, 55.80518784, 156.148], [37.41390898, 55.80519313, 156.172], [37.41387028, 55.80519852, 156.197], [37.41383154, 55.80520381, 156.228], [37.41379277, 55.80520906, 156.261], [37.41375402, 55.80521433, 156.288], [37.41371526, 55.8052196, 156.309], [37.4136765, 55.80522486, 156.328], [37.4136378, 55.80523024, 156.35], [37.41359913, 55.80523572, 156.375], [37.41356044, 55.80524114, 156.401], [37.41352174, 55.80524654, 156.427], [37.41348307, 55.80525199, 156.457], [37.41344437, 55.80525738, 156.493], [37.41340558, 55.80526257, 156.531], [37.4133668, 55.80526777, 156.565], [37.41332811, 55.8052732, 156.597], [37.41328945, 55.80527868, 156.627], [37.4132507, 55.80528396, 156.657], [37.41321193, 55.8052892, 156.686], [37.41317323, 55.8052946, 156.713], [37.41313457, 55.80530007, 156.739], [37.41309586, 55.80530546, 156.768], [37.41305713, 55.80531078, 156.801], [37.41301841, 55.80531613, 156.834], [37.41297973, 55.80532157, 156.862], [37.41294106, 55.80532704, 156.885], [37.41290239, 55.80533249, 156.908], [37.41286369, 55.8053379, 156.937], [37.41282497, 55.80534324, 156.969], [37.41278621, 55.8053485, 157.0], [37.41274747, 55.80535381, 157.027], [37.41270878, 55.80535923, 157.056], [37.4126701, 55.80536466, 157.094], [37.41263139, 55.80537003, 157.137], [37.41259266, 55.80537536, 157.176], [37.41255393, 55.80538068, 157.209], [37.4125152, 55.80538602, 157.243], [37.41247651, 55.80539143, 157.281], [37.41243782, 55.80539685, 157.322], [37.4123991, 55.80540221, 157.36], [37.41236039, 55.80540757, 157.393], [37.41232171, 55.80541303, 157.422], [37.41228302, 55.80541844, 157.45], [37.41224427, 55.80542373, 157.479], [37.41220554, 55.80542905, 157.508], [37.41216684, 55.80543444, 157.538], [37.41212809, 55.80543971, 157.569], [37.41208932, 55.80544495, 157.599], [37.41205058, 55.80545025, 157.628], [37.41201186, 55.80545561, 157.655], [37.41197315, 55.80546099, 157.681], [37.41193447, 55.80546643, 157.709], [37.41189578, 55.80547186, 157.738], [37.41185704, 55.80547715, 157.766], [37.41181827, 55.80548237, 157.788], [37.41177953, 55.80548768, 157.805], [37.41174081, 55.80549304, 157.823], [37.41170208, 55.80549837, 157.844], [37.41166334, 55.80550367, 157.868], [37.41162461, 55.80550899, 157.895], [37.41158587, 55.8055143, 157.925], [37.41154714, 55.80551963, 157.959], [37.41150842, 55.80552497, 157.992], [37.4114697, 55.80553033, 158.02], [37.411431, 55.80553571, 158.041], [37.41139234, 55.80554121, 158.066], [37.41135381, 55.80554697, 158.105], [37.41131541, 55.80555302, 158.164], [37.4112769, 55.80555882, 158.236], [37.41123798, 55.80556368, 158.308], [37.41119866, 55.80556737, 158.371], [37.41115905, 55.80556989, 158.425], [37.41111928, 55.80557142, 158.47], [37.41107942, 55.80557188, 158.513], [37.41103959, 55.80557103, 158.56], [37.41099987, 55.8055691, 158.61], [37.41096022, 55.80556676, 158.659], [37.41092065, 55.80556405, 158.708], [37.4108813, 55.80556046, 158.754], [37.41084247, 55.80555538, 158.795], [37.41080472, 55.80554821, 158.831], [37.4107688, 55.8055385, 158.869], [37.41073468, 55.8055269, 158.918], [37.41070156, 55.8055144, 158.976], [37.41066853, 55.80550183, 159.029], [37.41063512, 55.80548957, 159.064], [37.41060196, 55.80547711, 159.08], [37.41057017, 55.80546357, 159.092], [37.41053998, 55.80544891, 159.111], [37.41051113, 55.80543342, 159.14], [37.41048353, 55.80541722, 159.174], [37.41045725, 55.80540034, 159.206], [37.41043218, 55.80538288, 159.232], [37.41040849, 55.80536482, 159.259], [37.41038627, 55.80534618, 159.289], [37.41036576, 55.80532693, 159.314], [37.41034749, 55.80530698, 159.326], [37.41033167, 55.80528637, 159.327], [37.41031714, 55.80526546, 159.331], [37.41030279, 55.80524451, 159.349], [37.41028833, 55.80522359, 159.385], [37.41027363, 55.80520272, 159.439], [37.41025882, 55.80518187, 159.508], [37.41024413, 55.805161, 159.587], [37.41022968, 55.80514007, 159.671], [37.41021537, 55.80511911, 159.756], [37.410201, 55.80509817, 159.841], [37.41018639, 55.80507728, 159.926], [37.41017166, 55.80505641, 160.006], [37.41015711, 55.8050355, 160.078], [37.41014287, 55.80501453, 160.149], [37.41012882, 55.80499352, 160.23], [37.41011482, 55.8049725, 160.33], [37.41010072, 55.80495149, 160.441], [37.41008643, 55.80493053, 160.548], [37.41007211, 55.80490958, 160.64], [37.41005777, 55.80488862, 160.719], [37.41004338, 55.80486768, 160.793], [37.41002912, 55.80484671, 160.868], [37.41001512, 55.80482569, 160.947], [37.4100011, 55.80480467, 161.029], [37.40998693, 55.80478368, 161.114], [37.40997273, 55.8047627, 161.199], [37.40995851, 55.80474172, 161.283], [37.40994422, 55.80472076, 161.366], [37.40992991, 55.8046998, 161.45], [37.40991566, 55.80467883, 161.537], [37.40990149, 55.80465785, 161.626], [37.4098875, 55.80463682, 161.715], [37.40987362, 55.80461577, 161.803], [37.40985957, 55.80459476, 161.887], [37.40984527, 55.8045738, 161.971], [37.40983087, 55.80455286, 162.055], [37.40981651, 55.80453191, 162.144], [37.40980227, 55.80451094, 162.234], [37.40978825, 55.80448992, 162.325], [37.40977446, 55.80446886, 162.415], [37.40976059, 55.8044478, 162.505], [37.40974636, 55.80442683, 162.595], [37.40973192, 55.8044059, 162.685], [37.40971752, 55.80438496, 162.775], [37.40970325, 55.804364, 162.865], [37.40968916, 55.80434299, 162.953], [37.40967525, 55.80432195, 163.042], [37.40966129, 55.80430091, 163.135], [37.40964707, 55.80427994, 163.233], [37.40963271, 55.80425899, 163.333], [37.40961847, 55.80423802, 163.433], [37.40960443, 55.804217, 163.531], [37.40959053, 55.80419596, 163.628], [37.40957647, 55.80417495, 163.724], [37.40956209, 55.80415401, 163.823], [37.40954768, 55.80413307, 163.922], [37.40953344, 55.8041121, 164.021], [37.4095193, 55.8040911, 164.118], [37.4095053, 55.80407008, 164.214], [37.40949137, 55.80404904, 164.31], [37.40947732, 55.80402803, 164.411], [37.40946314, 55.80400704, 164.515], [37.40944891, 55.80398607, 164.619], [37.4094347, 55.80396509, 164.72], [37.40942049, 55.80394411, 164.822], [37.40940628, 55.80392313, 164.925], [37.40939214, 55.80390214, 165.031], [37.40937812, 55.80388112, 165.136], [37.40936414, 55.80386009, 165.239], [37.40935007, 55.80383908, 165.341], [37.40933587, 55.8038181, 165.44], [37.40932163, 55.80379713, 165.536], [37.40930746, 55.80377614, 165.63], [37.40929331, 55.80375515, 165.729], [37.40927902, 55.80373419, 165.833], [37.40926469, 55.80371323, 165.938], [37.40925048, 55.80369225, 166.041], [37.4092364, 55.80367125, 166.142], [37.4092223, 55.80365024, 166.237], [37.40920801, 55.80362928, 166.33], [37.40919359, 55.80360835, 166.422], [37.40917916, 55.80358742, 166.517], [37.40916484, 55.80356646, 166.613], [37.40915073, 55.80354546, 166.711], [37.4091368, 55.80352442, 166.81], [37.4091228, 55.8035034, 166.91], [37.40910856, 55.80348243, 167.006], [37.40909425, 55.80346147, 167.096], [37.40908007, 55.80344048, 167.183], [37.4090659, 55.8034195, 167.268], [37.40905164, 55.80339853, 167.353], [37.40903739, 55.80337756, 167.437], [37.40902302, 55.80335661, 167.52], [37.40900847, 55.80333571, 167.602], [37.40899401, 55.80331478, 167.683], [37.40897968, 55.80329383, 167.763], [37.40896545, 55.80327286, 167.845], [37.40895133, 55.80325186, 167.926], [37.40893714, 55.80323087, 168.005], [37.4089228, 55.80320992, 168.083], [37.40890843, 55.80318898, 168.161], [37.40889409, 55.80316803, 168.238], [37.40887978, 55.80314707, 168.315], [37.40886552, 55.8031261, 168.393], [37.40885126, 55.80310513, 168.474], [37.40883689, 55.80308419, 168.557], [37.40882248, 55.80306325, 168.639], [37.40880824, 55.80304228, 168.718], [37.40879415, 55.80302128, 168.793], [37.40877999, 55.80300029, 168.862], [37.40876567, 55.80297933, 168.924], [37.40875121, 55.80295841, 168.98], [37.40873672, 55.80293749, 169.036], [37.40872243, 55.80291653, 169.097], [37.40870828, 55.80289553, 169.163], [37.40869409, 55.80287455, 169.226], [37.40867979, 55.80285359, 169.284], [37.4086653, 55.80283267, 169.343], [37.40865082, 55.80281176, 169.41], [37.40863645, 55.80279081, 169.485], [37.40862208, 55.80276987, 169.559], [37.40860767, 55.80274893, 169.631], [37.40859345, 55.80272795, 169.696], [37.40857934, 55.80270695, 169.753], [37.40856502, 55.802686, 169.81], [37.40855048, 55.80266509, 169.872], [37.40853597, 55.80264418, 169.933], [37.40852166, 55.80262322, 169.987], [37.4085074, 55.80260225, 170.035], [37.40849308, 55.8025813, 170.083], [37.40847872, 55.80256035, 170.138], [37.4084643, 55.80253942, 170.199], [37.40844985, 55.80251849, 170.261], [37.40843538, 55.80249757, 170.321], [37.40842088, 55.80247665, 170.379], [37.40840642, 55.80245573, 170.436], [37.4083921, 55.80243477, 170.489], [37.40837793, 55.80241378, 170.536], [37.40836372, 55.8023928, 170.578], [37.40834931, 55.80237187, 170.622], [37.40833477, 55.80235096, 170.67], [37.4083202, 55.80233006, 170.72], [37.40830566, 55.80230915, 170.771], [37.40829119, 55.80228823, 170.818], [37.40827683, 55.80226728, 170.858], [37.40826255, 55.80224632, 170.892], [37.40824818, 55.80222538, 170.928], [37.40823364, 55.80220447, 170.97], [37.40821907, 55.80218357, 171.015], [37.40820457, 55.80216265, 171.056], [37.40819006, 55.80214174, 171.088], [37.40817549, 55.80212084, 171.111], [37.4081609, 55.80209994, 171.131], [37.40814642, 55.80207902, 171.151], [37.40813214, 55.80205806, 171.171], [37.40811799, 55.80203707, 171.19], [37.40810374, 55.8020161, 171.21], [37.40808928, 55.80199517, 171.228], [37.40807472, 55.80197427, 171.246], [37.40806023, 55.80195335, 171.265], [37.40804585, 55.80193241, 171.285], [37.40803156, 55.80191145, 171.305], [37.40801726, 55.80189049, 171.324], [37.40800281, 55.80186956, 171.343], [37.40798825, 55.80184866, 171.361], [37.40797369, 55.80182776, 171.379], [37.40795913, 55.80180685, 171.394], [37.40794465, 55.80178593, 171.406], [37.40793035, 55.80176497, 171.415], [37.40791619, 55.80174399, 171.424], [37.4079019, 55.80172302, 171.434], [37.40788738, 55.80170211, 171.443], [37.4078728, 55.80168121, 171.45], [37.40785819, 55.80166032, 171.454], [37.40784358, 55.80163943, 171.458], [37.40782907, 55.80161852, 171.465], [37.40781461, 55.80159759, 171.475], [37.40780011, 55.80157668, 171.486], [37.40778553, 55.80155578, 171.494], [37.40777093, 55.80153489, 171.499], [37.40775639, 55.80151398, 171.502], [37.40774199, 55.80149304, 171.506], [37.40772767, 55.80147209, 171.512], [37.40771334, 55.80145113, 171.521], [37.407699, 55.80143018, 171.532], [37.40768461, 55.80140924, 171.546], [37.40767015, 55.80138832, 171.559], [37.40765564, 55.8013674, 171.572], [37.40764109, 55.8013465, 171.584], [37.40762649, 55.80132561, 171.596], [37.40761192, 55.8013047, 171.609], [37.40759744, 55.80128379, 171.621], [37.40758293, 55.80126287, 171.632], [37.40756843, 55.80124195, 171.642], [37.40755405, 55.80122101, 171.649], [37.40753962, 55.80120008, 171.657], [37.40752508, 55.80117917, 171.666], [37.40751054, 55.80115827, 171.677], [37.40749608, 55.80113734, 171.691], [37.40748175, 55.80111639, 171.707], [37.4074674, 55.80109544, 171.722], [37.40745281, 55.80107455, 171.737], [37.40743814, 55.80105367, 171.75], [37.40742362, 55.80103276, 171.764], [37.40740923, 55.80101182, 171.778], [37.40739494, 55.80099085, 171.791], [37.4073806, 55.8009699, 171.802], [37.40736602, 55.800949, 171.811], [37.40735129, 55.80092814, 171.82], [37.4073366, 55.80090727, 171.831], [37.40732209, 55.80088635, 171.841], [37.40730771, 55.80086541, 171.852], [37.40729334, 55.80084447, 171.864], [37.40727887, 55.80082354, 171.877], [37.40726435, 55.80080263, 171.891], [37.4072498, 55.80078173, 171.904], [37.40723525, 55.80076082, 171.917], [37.40722075, 55.80073991, 171.931], [37.40720633, 55.80071897, 171.945], [37.4071919, 55.80069804, 171.959], [37.40717734, 55.80067714, 171.973], [37.40716279, 55.80065623, 171.988], [37.40714843, 55.80063529, 172.004], [37.40713414, 55.80061433, 172.023], [37.40711966, 55.80059341, 172.043], [37.40710501, 55.80057253, 172.06], [37.40709045, 55.80055162, 172.073], [37.40707598, 55.8005307, 172.083], [37.40706143, 55.8005098, 172.09], [37.40704685, 55.8004889, 172.096], [37.40703241, 55.80046797, 172.102], [37.40701804, 55.80044702, 172.109], [37.40700373, 55.80042607, 172.12], [37.40698956, 55.80040508, 172.131], [37.40697549, 55.80038407, 172.139], [37.40696146, 55.80036305, 172.144], [37.40694733, 55.80034206, 172.15], [37.40693274, 55.80032116, 172.155], [37.40691729, 55.80030046, 172.159], [37.40690112, 55.80027994, 172.157], [37.40688438, 55.80025956, 172.153], [37.406867, 55.80023936, 172.152], [37.40684896, 55.80021933, 172.156], [37.40683039, 55.80019947, 172.165], [37.40681128, 55.80017976, 172.174], [37.40679142, 55.80016029, 172.183], [37.40677072, 55.8001411, 172.192], [37.40674922, 55.8001222, 172.199], [37.40672703, 55.80010354, 172.203], [37.40670426, 55.80008511, 172.205], [37.40668072, 55.80006699, 172.208], [37.40665642, 55.80004919, 172.212], [37.40663165, 55.8000316, 172.215], [37.40660656, 55.80001415, 172.217], [37.40658096, 55.79999694, 172.219], [37.40655478, 55.79998001, 172.223], [37.40652824, 55.79996326, 172.227], [37.40650144, 55.79994664, 172.231], [37.40647435, 55.79993016, 172.233], [37.40644689, 55.79991389, 172.235], [37.40641893, 55.79989789, 172.239], [37.40639049, 55.79988215, 172.246], [37.40636165, 55.79986665, 172.253], [37.40633245, 55.79985136, 172.26], [37.40630291, 55.79983629, 172.267], [37.40627313, 55.79982136, 172.274], [37.40624321, 55.79980652, 172.28], [37.40621312, 55.7997918, 172.285], [37.40618273, 55.79977727, 172.287], [37.40615191, 55.79976303, 172.289], [37.40612052, 55.79974919, 172.293], [37.40608868, 55.79973568, 172.304], [37.40605657, 55.79972237, 172.319], [37.40602429, 55.7997092, 172.337], [37.40599192, 55.7996961, 172.357], [37.40595919, 55.79968328, 172.379], [37.40592606, 55.79967079, 172.397], [37.40589277, 55.79965844, 172.405], [37.40585914, 55.79964639, 172.405], [37.40582506, 55.79963475, 172.399], [37.40579052, 55.79962354, 172.395], [37.40575572, 55.79961258, 172.395], [37.40572082, 55.79960174, 172.399], [37.40568566, 55.79959115, 172.406], [37.40565015, 55.79958095, 172.416], [37.40561431, 55.79957113, 172.429], [37.40557814, 55.7995617, 172.446], [37.40554169, 55.79955259, 172.462], [37.40550506, 55.79954375, 172.474], [37.40546827, 55.79953509, 172.482], [37.40543132, 55.79952667, 172.49], [37.40539419, 55.7995185, 172.5], [37.40535688, 55.79951061, 172.512], [37.40531935, 55.79950303, 172.524], [37.40528159, 55.79949584, 172.537], [37.40524351, 55.79948921, 172.548], [37.40520516, 55.79948307, 172.556], [37.40516668, 55.79947722, 172.56], [37.40512809, 55.79947159, 172.563], [37.40508937, 55.79946625, 172.569], [37.4050505, 55.79946129, 172.579], [37.40501146, 55.79945676, 172.593], [37.40497226, 55.79945268, 172.608], [37.40493293, 55.799449, 172.624], [37.40489352, 55.79944563, 172.642], [37.40485405, 55.79944251, 172.66], [37.40481456, 55.79943945, 172.677], [37.40477509, 55.79943632, 172.689], [37.40473564, 55.7994331, 172.699], [37.40469621, 55.79942979, 172.706], [37.40465679, 55.79942644, 172.713], [37.40461737, 55.79942312, 172.723], [37.40457793, 55.79941984, 172.737], [37.40453849, 55.79941659, 172.75], [37.40449905, 55.79941334, 172.76], [37.4044596, 55.79941013, 172.768], [37.40442014, 55.79940695, 172.777], [37.40438068, 55.79940375, 172.788], [37.40434124, 55.79940051, 172.798], [37.4043018, 55.79939724, 172.807], [37.40426235, 55.79939401, 172.814], [37.4042229, 55.7993908, 172.82], [37.40418345, 55.79938757, 172.827], [37.40414401, 55.79938432, 172.835], [37.40410457, 55.79938105, 172.844], [37.40406514, 55.79937777, 172.854], [37.40402571, 55.79937449, 172.866], [37.40398627, 55.79937122, 172.88], [37.40394683, 55.79936795, 172.892], [37.40390739, 55.79936468, 172.905], [37.40386794, 55.79936147, 172.92], [37.40382847, 55.79935832, 172.935], [37.40378901, 55.79935514, 172.951], [37.40374957, 55.79935191, 172.965], [37.40371012, 55.79934866, 172.981], [37.40367068, 55.79934542, 172.998], [37.40363123, 55.79934221, 173.015], [37.40359177, 55.79933902, 173.033], [37.40355232, 55.79933578, 173.051], [37.40351289, 55.7993325, 173.07], [37.40347346, 55.79932921, 173.091], [37.40343402, 55.79932596, 173.113], [37.40339456, 55.79932274, 173.136], [37.4033551, 55.79931957, 173.158], [37.40331563, 55.79931644, 173.178], [37.40327617, 55.79931327, 173.195], [37.40323672, 55.79931005, 173.208], [37.40319726, 55.79930685, 173.219], [37.40315779, 55.79930371, 173.231], [37.40311833, 55.79930054, 173.244], [37.4030789, 55.79929724, 173.26], [37.40303947, 55.79929394, 173.275], [37.403, 55.79929081, 173.291], [37.40296051, 55.79928774, 173.306], [37.40292105, 55.79928458, 173.319], [37.4028816, 55.79928135, 173.332], [37.40284215, 55.79927812, 173.348], [37.40280271, 55.79927488, 173.368], [37.40276326, 55.79927164, 173.388], [37.40272383, 55.79926837, 173.405], [37.40268437, 55.79926516, 173.418], [37.40264489, 55.79926205, 173.43], [37.40260542, 55.79925892, 173.444], [37.40256598, 55.79925568, 173.46], [37.40252654, 55.7992524, 173.478], [37.40248711, 55.79924912, 173.494], [37.40244767, 55.79924587, 173.507], [37.40240821, 55.79924266, 173.518], [37.40236875, 55.79923949, 173.529], [37.40232931, 55.79923622, 173.543], [37.4022899, 55.79923288, 173.559], [37.40225045, 55.79922965, 173.576], [37.40221097, 55.79922653, 173.593], [37.40217151, 55.79922337, 173.611], [37.40213204, 55.79922022, 173.627], [37.40209257, 55.79921709, 173.64], [37.40205313, 55.79921384, 173.653], [37.4020137, 55.79921052, 173.667], [37.40197425, 55.79920731, 173.685], [37.40193478, 55.79920419, 173.706], [37.40189529, 55.7992011, 173.728], [37.40185582, 55.79919797, 173.746], [37.40181639, 55.79919469, 173.759], [37.40177697, 55.79919132, 173.771], [37.40173755, 55.79918802, 173.787], [37.40169807, 55.7991849, 173.804], [37.40165858, 55.79918185, 173.822], [37.4016191, 55.79917874, 173.838], [37.40157964, 55.79917556, 173.856], [37.4015402, 55.79917232, 173.877], [37.40150077, 55.79916902, 173.899], [37.40146134, 55.79916573, 173.919], [37.40142188, 55.79916254, 173.937], [37.4013824, 55.79915943, 173.956], [37.40134293, 55.79915631, 173.977], [37.40130347, 55.7991531, 174.0], [37.40126404, 55.79914983, 174.024], [37.40122461, 55.79914654, 174.047], [37.40118515, 55.79914335, 174.064], [37.40114565, 55.79914034, 174.077], [37.40110614, 55.79913735, 174.09], [37.40106667, 55.7991342, 174.105], [37.40102725, 55.79913089, 174.123], [37.40098785, 55.79912748, 174.145], [37.40094842, 55.79912416, 174.169], [37.40090895, 55.79912104, 174.193], [37.40086944, 55.79911805, 174.215], [37.40082994, 55.79911504, 174.235], [37.40079046, 55.79911194, 174.256], [37.40075101, 55.79910871, 174.276], [37.40071161, 55.79910531, 174.295], [37.40067224, 55.79910181, 174.312], [37.40063282, 55.79909847, 174.33], [37.40059334, 55.79909536, 174.354], [37.40055384, 55.79909234, 174.382], [37.40051435, 55.79908929, 174.406], [37.40047487, 55.79908619, 174.424], [37.40043541, 55.79908299, 174.439], [37.40039598, 55.79907971, 174.455], [37.40035655, 55.79907641, 174.474], [37.40031712, 55.79907312, 174.492], [37.40027768, 55.79906985, 174.51], [37.40023824, 55.79906661, 174.529], [37.40019878, 55.79906342, 174.551], [37.40015931, 55.79906028, 174.572], [37.40011985, 55.79905711, 174.592], [37.4000804, 55.79905388, 174.611], [37.40004096, 55.79905064, 174.633], [37.4000015, 55.79904745, 174.658], [37.39996204, 55.79904428, 174.686], [37.39992258, 55.79904111, 174.713], [37.39988313, 55.79903789, 174.739], [37.39984369, 55.79903462, 174.765], [37.39980425, 55.79903137, 174.797], [37.3997648, 55.79902815, 174.833], [37.39972534, 55.79902497, 174.867], [37.39968587, 55.79902181, 174.893], [37.39964642, 55.79901861, 174.912], [37.39960698, 55.79901533, 174.933], [37.39956756, 55.79901203, 174.958], [37.3995281, 55.79900885, 174.986], [37.39948861, 55.79900579, 175.013], [37.39944913, 55.79900268, 175.04], [37.39940969, 55.79899944, 175.067], [37.39937025, 55.79899615, 175.096], [37.39933083, 55.79899283, 175.126], [37.3992914, 55.79898953, 175.151], [37.39925194, 55.79898637, 175.171], [37.39921243, 55.79898337, 175.188], [37.39917292, 55.79898042, 175.208], [37.3991334, 55.79897747, 175.228], [37.39909387, 55.79897458, 175.249], [37.39905431, 55.79897183, 175.27], [37.39901471, 55.79896926, 175.294], [37.39897508, 55.79896685, 175.325], [37.39893542, 55.79896456, 175.357], [37.39889573, 55.7989625, 175.386], [37.398856, 55.79896072, 175.405], [37.39881622, 55.79895925, 175.415], [37.39877642, 55.79895803, 175.422], [37.39873659, 55.79895706, 175.431], [37.39869676, 55.79895631, 175.446], [37.39865691, 55.79895565, 175.463], [37.39861706, 55.79895506, 175.482], [37.39857721, 55.7989546, 175.503], [37.39853735, 55.79895421, 175.526], [37.3984975, 55.79895383, 175.551], [37.39845764, 55.79895352, 175.579], [37.39841778, 55.79895344, 175.609], [37.39837792, 55.79895355, 175.639], [37.39833806, 55.79895376, 175.672], [37.39829821, 55.79895418, 175.703], [37.39825836, 55.79895486, 175.73], [37.39821853, 55.79895579, 175.752], [37.39817872, 55.79895692, 175.771], [37.39813892, 55.79895818, 175.789], [37.39809913, 55.79895951, 175.808], [37.39805935, 55.79896094, 175.827], [37.39801961, 55.7989627, 175.845], [37.39797994, 55.79896485, 175.864], [37.39794029, 55.79896716, 175.882], [37.39790063, 55.79896944, 175.898], [37.397861, 55.79897186, 175.91], [37.39782147, 55.79897473, 175.917], [37.39778202, 55.79897795, 175.923], [37.39774259, 55.79898127, 175.928], [37.3977032, 55.7989847, 175.935], [37.39766385, 55.79898829, 175.946], [37.39762457, 55.7989921, 175.96], [37.39758535, 55.7989961, 175.975], [37.39754618, 55.79900028, 175.99], [37.39750711, 55.79900472, 176.006], [37.39746816, 55.79900949, 176.027], [37.39742933, 55.79901457, 176.053], [37.39739057, 55.79901981, 176.079], [37.39735187, 55.79902519, 176.101], [37.39731326, 55.79903078, 176.121], [37.39727477, 55.79903662, 176.144], [37.39723638, 55.79904266, 176.174], [37.39719805, 55.79904883, 176.21], [37.3971598, 55.79905515, 176.246], [37.39712164, 55.79906163, 176.281], [37.39708355, 55.79906825, 176.311], [37.39704557, 55.79907506, 176.333], [37.39700774, 55.79908214, 176.347], [37.39697005, 55.79908945, 176.354], [37.39693244, 55.79909689, 176.358], [37.39689488, 55.79910442, 176.36], [37.39685737, 55.79911202, 176.368], [37.39681997, 55.79911979, 176.387], [37.39678273, 55.79912779, 176.412], [37.39674552, 55.79913585, 176.435], [37.3967083, 55.79914388, 176.454], [37.39667104, 55.79915186, 176.469], [37.39663371, 55.79915974, 176.484], [37.39659638, 55.79916761, 176.498], [37.39655911, 55.79917557, 176.512], [37.39652185, 55.79918356, 176.523], [37.39648455, 55.79919148, 176.533], [37.39644725, 55.7991994, 176.543], [37.39640999, 55.79920737, 176.555], [37.39637273, 55.79921535, 176.569], [37.39633549, 55.79922335, 176.582], [37.39629827, 55.7992314, 176.593], [37.39626101, 55.79923938, 176.601], [37.39622371, 55.79924729, 176.607], [37.39618645, 55.79925527, 176.613], [37.3961492, 55.79926327, 176.62], [37.39611191, 55.79927121, 176.629], [37.3960746, 55.7992791, 176.639], [37.39603726, 55.79928697, 176.65], [37.39599992, 55.79929484, 176.661], [37.3959626, 55.79930271, 176.673], [37.39592529, 55.79931063, 176.686], [37.39588803, 55.79931861, 176.698], [37.39585079, 55.79932662, 176.708], [37.39581353, 55.79933459, 176.716], [37.39577621, 55.79934248, 176.723], [37.39573888, 55.79935036, 176.73], [37.39570158, 55.79935828, 176.734], [37.3956643, 55.79936622, 176.736], [37.39562698, 55.79937411, 176.734], [37.39558964, 55.79938197, 176.731], [37.39555232, 55.79938987, 176.728], [37.39551505, 55.79939783, 176.728], [37.39547779, 55.79940582, 176.729], [37.39544051, 55.79941376, 176.728], [37.39540316, 55.79942161, 176.726], [37.39536582, 55.79942947, 176.721], [37.39532855, 55.79943743, 176.715], [37.39529129, 55.79944542, 176.709], [37.395254, 55.79945335, 176.707], [37.3952167, 55.79946126, 176.706], [37.39517943, 55.79946923, 176.707], [37.39514218, 55.79947722, 176.708], [37.39510492, 55.79948521, 176.706], [37.39506764, 55.79949316, 176.702], [37.39503034, 55.79950107, 176.694], [37.39499302, 55.79950896, 176.687], [37.3949557, 55.79951686, 176.681], [37.39491839, 55.79952476, 176.676], [37.39488108, 55.79953267, 176.673], [37.3948438, 55.79954061, 176.669], [37.39480652, 55.79954857, 176.664], [37.39476924, 55.79955652, 176.658], [37.39473196, 55.79956447, 176.651], [37.3946947, 55.79957245, 176.645], [37.39465745, 55.79958044, 176.64], [37.39462017, 55.79958839, 176.636], [37.39458284, 55.79959627, 176.633], [37.39454555, 55.79960421, 176.629], [37.39450829, 55.79961218, 176.626], [37.39447095, 55.79962004, 176.621], [37.39443355, 55.79962782, 176.616], [37.39439621, 55.79963567, 176.609], [37.39435897, 55.79964368, 176.601], [37.39432176, 55.79965173, 176.592], [37.3942845, 55.79965972, 176.582], [37.39424723, 55.79966768, 176.573], [37.39420999, 55.79967569, 176.565], [37.39417276, 55.79968371, 176.555], [37.39413547, 55.79969165, 176.544], [37.39409812, 55.79969949, 176.533], [37.3940608, 55.79970739, 176.524], [37.39402361, 55.79971547, 176.514], [37.39398642, 55.79972355, 176.503], [37.3939491, 55.79973144, 176.491], [37.39391166, 55.79973916, 176.478], [37.39387425, 55.7997469, 176.467], [37.39383698, 55.79975487, 176.456], [37.39379982, 55.799763, 176.442], [37.39376261, 55.79977106, 176.429], [37.39372532, 55.79977899, 176.418], [37.393688, 55.79978688, 176.409], [37.39365067, 55.79979476, 176.399], [37.39361338, 55.79980269, 176.385], [37.39357614, 55.79981069, 176.369], [37.39353888, 55.79981868, 176.351], [37.39350159, 55.79982661, 176.336], [37.39346427, 55.79983451, 176.322], [37.39342696, 55.79984241, 176.311], [37.39338963, 55.79985029, 176.303], [37.39335231, 55.79985818, 176.296], [37.39331505, 55.79986616, 176.288], [37.39327781, 55.79987417, 176.279], [37.39324053, 55.79988211, 176.267], [37.39320323, 55.79989004, 176.252], [37.39316596, 55.79989801, 176.235], [37.39312867, 55.79990594, 176.217], [37.39309133, 55.7999138, 176.199], [37.39305401, 55.79992168, 176.183], [37.39301669, 55.79992959, 176.168], [37.39297936, 55.79993745, 176.157], [37.39294205, 55.79994536, 176.147], [37.39290477, 55.79995332, 176.138], [37.39286745, 55.7999612, 176.128], [37.39283008, 55.79996902, 176.117], [37.39279276, 55.79997691, 176.1], [37.39275549, 55.79998488, 176.081], [37.39271822, 55.79999284, 176.06], [37.39268091, 55.80000076, 176.044], [37.39264361, 55.80000868, 176.031], [37.39260632, 55.80001661, 176.02], [37.39256905, 55.80002458, 176.005], [37.39253181, 55.80003258, 175.988], [37.3924945, 55.80004049, 175.973], [37.39245712, 55.80004829, 175.963], [37.39241976, 55.80005612, 175.955], [37.39238246, 55.80006404, 175.947], [37.3923452, 55.80007203, 175.937], [37.39230796, 55.80008003, 175.926], [37.39227072, 55.80008804, 175.914], [37.39223345, 55.80009602, 175.902], [37.39219614, 55.80010392, 175.893], [37.39215881, 55.80011179, 175.888], [37.39212152, 55.80011972, 175.881], [37.3920843, 55.80012777, 175.87], [37.39204707, 55.8001358, 175.854], [37.39200976, 55.8001437, 175.836], [37.39197247, 55.80015163, 175.818], [37.39193527, 55.8001597, 175.797], [37.39189806, 55.80016775, 175.773], [37.39186074, 55.80017565, 175.746], [37.39182335, 55.80018344, 175.715], [37.39178598, 55.80019125, 175.679], [37.39174867, 55.80019915, 175.642], [37.39171138, 55.80020709, 175.606], [37.39167408, 55.80021501, 175.57], [37.39163679, 55.80022295, 175.533], [37.39159951, 55.8002309, 175.493], [37.39156219, 55.8002388, 175.453], [37.39152487, 55.80024669, 175.413], [37.39148758, 55.80025462, 175.377], [37.39145032, 55.8002626, 175.347], [37.39141308, 55.80027061, 175.322], [37.39137583, 55.80027861, 175.299], [37.39133854, 55.80028654, 175.275], [37.39130123, 55.80029445, 175.246], [37.39126396, 55.80030242, 175.212], [37.3912267, 55.80031039, 175.174], [37.39118937, 55.80031828, 175.137], [37.39115198, 55.80032606, 175.099], [37.39111457, 55.80033381, 175.059], [37.39107732, 55.80034181, 175.015], [37.39104031, 55.80035015, 174.969], [37.39100333, 55.80035854, 174.925], [37.39096608, 55.80036653, 174.888], [37.39092842, 55.80037389, 174.859], [37.39089032, 55.80038049, 174.84], [37.39085176, 55.80038617, 174.832], [37.39081279, 55.80039089, 174.83], [37.39077348, 55.80039462, 174.829], [37.39073391, 55.80039731, 174.817], [37.39069416, 55.80039893, 174.792], [37.39065431, 55.80039926, 174.759], [37.39061449, 55.80039827, 174.732], [37.39057475, 55.80039654, 174.715], [37.39053506, 55.80039442, 174.707], [37.39049557, 55.80039139, 174.702], [37.39045658, 55.80038674, 174.695], [37.39041847, 55.80038019, 174.681], [37.39038165, 55.80037162, 174.664], [37.39034639, 55.80036117, 174.648], [37.39031287, 55.80034903, 174.637], [37.39028132, 55.80033531, 174.627], [37.39025185, 55.80032021, 174.62], [37.39022374, 55.80030428, 174.613], [37.390196, 55.80028816, 174.606], [37.39016848, 55.80027191, 174.596], [37.39014097, 55.80025566, 174.579], [37.39011316, 55.80023957, 174.559], [37.39008526, 55.80022354, 174.537], [37.39005745, 55.80020745, 174.517], [37.39002959, 55.80019139, 174.499], [37.39000173, 55.80017533, 174.48], [37.38997408, 55.80015916, 174.464], [37.38994649, 55.80014295, 174.456], [37.38991857, 55.80012692, 174.457], [37.38989029, 55.8001111, 174.46], [37.3898621, 55.80009522, 174.46], [37.38983415, 55.80007921, 174.458], [37.38980624, 55.80006319, 174.457], [37.38977843, 55.80004709, 174.461], [37.3897509, 55.80003086, 174.467], [37.38972358, 55.80001451, 174.47], [37.38969655, 55.799998, 174.471], [37.38966961, 55.79998146, 174.47], [37.38964164, 55.79996546, 174.468], [37.38961192, 55.7999505, 174.467], [37.38958051, 55.79993668, 174.465], [37.38954741, 55.79992418, 174.465], [37.38951272, 55.79991314, 174.467], [37.38947678, 55.79990344, 174.473], [37.38944027, 55.79989441, 174.481], [37.38940365, 55.79988556, 174.486], [37.38936678, 55.79987701, 174.487], [37.38932969, 55.79986878, 174.483], [37.38929251, 55.79986069, 174.475], [37.38925525, 55.7998527, 174.465], [37.38921801, 55.7998447, 174.455], [37.38918086, 55.79983656, 174.448], [37.38914374, 55.79982838, 174.445], [37.38910653, 55.79982032, 174.447], [37.38906925, 55.79981236, 174.451], [37.38903195, 55.79980445, 174.451], [37.38899459, 55.79979661, 174.444], [37.38895727, 55.79978873, 174.432], [37.38892001, 55.79978074, 174.423], [37.38888279, 55.79977271, 174.42], [37.38884556, 55.79976469, 174.419], [37.38880829, 55.79975672, 174.413], [37.38877097, 55.79974883, 174.4], [37.38873363, 55.79974097, 174.382], [37.38869628, 55.79973313, 174.364], [37.38865894, 55.79972526, 174.348], [37.3886216, 55.7997174, 174.334], [37.38858426, 55.79970954, 174.318], [37.38854693, 55.79970167, 174.293], [37.38850961, 55.79969377, 174.267], [37.38847228, 55.79968589, 174.253], [37.38843481, 55.79967823, 174.257], [37.38839707, 55.79967101, 174.273], [37.38835909, 55.79966418, 174.287], [37.38832121, 55.79965719, 174.292], [37.38828402, 55.79964913, 174.291], [37.38824816, 55.79963934, 174.283], [37.38821395, 55.79962784, 174.268], [37.38818128, 55.79961498, 174.256], [37.38815019, 55.79960094, 174.253], [37.3881212, 55.79958554, 174.263], [37.38809486, 55.7995687, 174.279], [37.38807121, 55.79955063, 174.302], [37.38805006, 55.7995316, 174.334], [37.38803132, 55.79951179, 174.374], [37.3880153, 55.79949124, 174.419], [37.38800264, 55.79946996, 174.465], [37.38799404, 55.79944805, 174.508], [37.38798993, 55.79942573, 174.537], [37.38799057, 55.7994033, 174.547], [37.38799619, 55.79938109, 174.533], [37.38800685, 55.79935947, 174.497], [37.38802241, 55.79933882, 174.448], [37.38804263, 55.79931949, 174.402], [37.38806715, 55.79930181, 174.369], [37.38809541, 55.799286, 174.343], [37.38812678, 55.79927217, 174.326], [37.3881606, 55.7992603, 174.318], [37.38819627, 55.7992503, 174.313], [37.38823349, 55.7992423, 174.299], [37.38827216, 55.79923695, 174.27], [37.38831182, 55.79923503, 174.233], [37.38835151, 55.79923681, 174.201], [37.38839039, 55.79924168, 174.181], [37.38842824, 55.7992487, 174.173], [37.38846503, 55.79925734, 174.167], [37.38850041, 55.79926766, 174.163], [37.38853372, 55.79927996, 174.16], [37.38856451, 55.7992942, 174.164], [37.38859319, 55.79930979, 174.172], [37.38862078, 55.799326, 174.177], [37.38864802, 55.7993424, 174.176], [37.38867527, 55.79935878, 174.17], [37.38870271, 55.79937507, 174.171], [37.38873035, 55.79939125, 174.181], [37.38875817, 55.79940733, 174.196], [37.38878605, 55.79942338, 174.205], [37.38881384, 55.79943948, 174.208], [37.38884153, 55.79945563, 174.209], [37.38886923, 55.79947178, 174.215], [37.38889699, 55.79948789, 174.227], [37.38892483, 55.79950396, 174.242], [37.38895273, 55.79952, 174.258], [37.38898048, 55.79953611, 174.271], [37.38900813, 55.79955229, 174.283], [37.38903579, 55.79956846, 174.293], [37.38906337, 55.79958467, 174.305], [37.38909093, 55.79960089, 174.318], [37.38911865, 55.79961703, 174.331], [37.38914638, 55.79963316, 174.343], [37.38917402, 55.79964934, 174.352], [37.38920173, 55.79966548, 174.363], [37.38922951, 55.79968159, 174.378], [37.38925724, 55.79969771, 174.392], [37.38928504, 55.79971381, 174.399], [37.38931288, 55.79972988, 174.401], [37.3893406, 55.79974602, 174.401], [37.38936834, 55.79976214, 174.404], [37.38939606, 55.79977827, 174.408], [37.38942367, 55.79979447, 174.412], [37.38945126, 55.79981068, 174.414], [37.38947888, 55.79982687, 174.416], [37.38950652, 55.79984305, 174.418], [37.38953422, 55.7998592, 174.421], [37.38956199, 55.79987531, 174.421], [37.38958979, 55.7998914, 174.419], [37.38961768, 55.79990744, 174.415], [37.38964564, 55.79992344, 174.411], [37.38967342, 55.79993954, 174.406], [37.38970102, 55.79995575, 174.403], [37.38972855, 55.79997199, 174.408], [37.3897561, 55.79998821, 174.42], [37.38978378, 55.80000437, 174.431], [37.3898116, 55.80002046, 174.432], [37.38983957, 55.80003646, 174.425], [37.38986745, 55.8000525, 174.42], [37.38989527, 55.80006858, 174.424], [37.38992336, 55.80008452, 174.439], [37.38995135, 55.80010051, 174.458], [37.38997881, 55.80011678, 174.471], [37.3900062, 55.80013309, 174.474], [37.39003401, 55.80014918, 174.473], [37.39006206, 55.80016513, 174.477], [37.39008991, 55.8001812, 174.495], [37.39011742, 55.80019745, 174.525], [37.39014479, 55.80021377, 174.556], [37.39017189, 55.80023024, 174.582], [37.39019845, 55.80024698, 174.598], [37.39022488, 55.80026379, 174.603], [37.39025214, 55.80028017, 174.603], [37.39028128, 55.80029548, 174.602], [37.39031278, 55.80030923, 174.607], [37.39034678, 55.80032091, 174.622], [37.39038284, 55.80033046, 174.646], [37.39041992, 55.8003387, 174.673], [37.39045756, 55.80034609, 174.692], [37.39049583, 55.80035237, 174.702], [37.39053468, 55.80035738, 174.706], [37.39057399, 55.80036109, 174.708], [37.39061358, 55.80036368, 174.712], [37.39065334, 55.80036525, 174.721], [37.39069319, 55.80036561, 174.74], [37.39073303, 55.80036483, 174.771], [37.39077273, 55.80036286, 174.807], [37.39081209, 55.80035933, 174.841], [37.39085089, 55.80035421, 174.865], [37.39088899, 55.80034762, 174.879], [37.3909266, 55.80034018, 174.89], [37.39096404, 55.80033248, 174.907], [37.39100136, 55.80032459, 174.932], [37.39103858, 55.80031654, 174.962], [37.39107579, 55.80030849, 174.995], [37.39111307, 55.80030054, 175.031], [37.39115043, 55.80029271, 175.066], [37.39118783, 55.80028493, 175.098], [37.39122521, 55.80027713, 175.128], [37.39126254, 55.80026926, 175.16], [37.39129981, 55.8002613, 175.195], [37.39133706, 55.80025329, 175.229], [37.39137435, 55.80024536, 175.26], [37.39141165, 55.80023745, 175.29], [37.39144893, 55.80022949, 175.323], [37.39148619, 55.8002215, 175.36], [37.39152344, 55.80021351, 175.399], [37.39156072, 55.80020556, 175.439], [37.39159804, 55.80019767, 175.481], [37.39163536, 55.80018977, 175.523], [37.39167266, 55.80018186, 175.566], [37.39170998, 55.80017397, 175.61], [37.39174733, 55.80016612, 175.653], [37.39178468, 55.80015826, 175.692], [37.39182199, 55.80015036, 175.723], [37.3918593, 55.80014246, 175.745], [37.3918966, 55.80013454, 175.761], [37.39193386, 55.80012655, 175.775], [37.39197109, 55.80011853, 175.79], [37.39200832, 55.80011051, 175.808], [37.3920456, 55.80010256, 175.826], [37.39208289, 55.80009462, 175.839], [37.39212018, 55.80008668, 175.85], [37.39215747, 55.80007875, 175.857], [37.3921948, 55.80007086, 175.864], [37.3922321, 55.80006294, 175.874], [37.39226935, 55.80005495, 175.888], [37.39230659, 55.80004695, 175.904], [37.39234386, 55.80003898, 175.917], [37.39238115, 55.80003104, 175.929], [37.39241847, 55.80002315, 175.941], [37.39245583, 55.80001532, 175.955], [37.39249317, 55.80000745, 175.969], [37.39253044, 55.79999949, 175.982], [37.3925677, 55.79999151, 175.993], [37.39260497, 55.79998355, 176.003], [37.39264225, 55.79997559, 176.017], [37.39267953, 55.79996765, 176.034], [37.39271685, 55.79995975, 176.049], [37.39275416, 55.79995184, 176.06], [37.39279146, 55.79994393, 176.071], [37.39282878, 55.79993604, 176.082], [37.39286614, 55.7999282, 176.095], [37.39290348, 55.79992035, 176.107], [37.39294076, 55.7999124, 176.119], [37.392978, 55.79990438, 176.132], [37.39301526, 55.7998964, 176.148], [37.39305259, 55.79988853, 176.166], [37.39308998, 55.79988074, 176.182], [37.3931274, 55.799873, 176.194], [37.39316475, 55.79986516, 176.203], [37.39320201, 55.79985718, 176.212], [37.39323923, 55.79984914, 176.224], [37.39327643, 55.79984106, 176.238], [37.39331363, 55.799833, 176.252], [37.39335091, 55.79982505, 176.265], [37.39338826, 55.7998172, 176.278], [37.39342561, 55.79980936, 176.29], [37.3934629, 55.79980142, 176.304], [37.39350013, 55.7997934, 176.319], [37.39353738, 55.79978541, 176.335], [37.39357471, 55.79977753, 176.351], [37.39361206, 55.79976969, 176.364], [37.39364936, 55.79976177, 176.375], [37.39368662, 55.79975377, 176.386], [37.39372388, 55.79974581, 176.399], [37.39376118, 55.79973788, 176.413], [37.39379847, 55.79972995, 176.427], [37.39383573, 55.79972196, 176.438], [37.39387298, 55.79971397, 176.449], [37.39391027, 55.79970604, 176.46], [37.3939476, 55.79969815, 176.471], [37.39398491, 55.79969026, 176.481], [37.39402219, 55.79968231, 176.491], [37.39405943, 55.79967429, 176.502], [37.39409669, 55.79966631, 176.516], [37.39413402, 55.79965844, 176.529], [37.3941714, 55.79965064, 176.542], [37.39420874, 55.79964278, 176.553], [37.39424598, 55.79963476, 176.563], [37.39428319, 55.79962672, 176.574], [37.39432044, 55.79961872, 176.585], [37.3943577, 55.79961075, 176.594], [37.394395, 55.79960282, 176.602], [37.39443231, 55.79959492, 176.609], [37.3944696, 55.79958698, 176.617], [37.39450686, 55.799579, 176.623], [37.39454417, 55.7995711, 176.627], [37.39458152, 55.79956326, 176.631], [37.39461884, 55.79955536, 176.635], [37.3946561, 55.79954738, 176.638], [37.39469335, 55.79953938, 176.641], [37.39473062, 55.79953142, 176.645], [37.39476793, 55.79952352, 176.651], [37.39480524, 55.79951561, 176.657], [37.39484254, 55.79950769, 176.661], [37.39487986, 55.7994998, 176.664], [37.3949172, 55.79949193, 176.668], [37.3949545, 55.79948402, 176.673], [37.39499179, 55.79947608, 176.679], [37.3950291, 55.79946818, 176.682], [37.39506644, 55.79946032, 176.684], [37.39510377, 55.79945243, 176.686], [37.39514103, 55.79944446, 176.689], [37.39517825, 55.79943643, 176.691], [37.39521548, 55.7994284, 176.693], [37.39525273, 55.7994204, 176.694], [37.39528998, 55.79941241, 176.695], [37.39532724, 55.79940443, 176.696], [37.39536454, 55.79939651, 176.698], [37.39540188, 55.79938865, 176.699], [37.39543919, 55.79938075, 176.699], [37.39547646, 55.79937278, 176.698], [37.39551375, 55.79936484, 176.696], [37.39555107, 55.79935695, 176.695], [37.39558835, 55.79934901, 176.696], [37.39562559, 55.799341, 176.699], [37.39566286, 55.79933304, 176.704], [37.39570023, 55.79932522, 176.706], [37.39573759, 55.79931739, 176.705], [37.39577483, 55.79930939, 176.7], [37.39581202, 55.79930131, 176.692], [37.39584926, 55.79929328, 176.683], [37.39588654, 55.79928534, 176.672], [37.39592384, 55.79927742, 176.661], [37.39596116, 55.79926953, 176.654], [37.39599849, 55.79926165, 176.649], [37.39603578, 55.79925372, 176.646], [37.39607306, 55.79924576, 176.645], [37.39611037, 55.79923786, 176.643], [37.39614771, 55.79923, 176.64], [37.39618503, 55.79922211, 176.634], [37.3962223, 55.79921415, 176.625], [37.39625958, 55.7992062, 176.614], [37.39629698, 55.79919843, 176.603], [37.39633446, 55.79919079, 176.594], [37.39637187, 55.79918304, 176.585], [37.39640915, 55.79917509, 176.575], [37.39644638, 55.79916707, 176.565], [37.39648364, 55.79915909, 176.556], [37.39652094, 55.79915117, 176.548], [37.39655825, 55.79914326, 176.542], [37.39659556, 55.79913536, 176.535], [37.39663285, 55.79912741, 176.524], [37.39667002, 55.79911931, 176.504], [37.39670709, 55.79911105, 176.476], [37.39674411, 55.79910273, 176.446], [37.39678122, 55.79909454, 176.422], [37.39681851, 55.79908659, 176.406], [37.39685593, 55.79907886, 176.398], [37.39689346, 55.79907129, 176.391], [37.39693111, 55.79906392, 176.386], [37.39696884, 55.79905667, 176.38], [37.39700663, 55.79904952, 176.37], [37.39704449, 55.7990425, 176.357], [37.3970824, 55.79903557, 176.338], [37.39712038, 55.79902875, 176.316], [37.39715851, 55.79902219, 176.292], [37.3971968, 55.79901596, 176.265], [37.39723521, 55.79900996, 176.239], [37.3972737, 55.79900412, 176.214], [37.3973123, 55.79899852, 176.19], [37.39735103, 55.79899321, 176.163], [37.39738988, 55.79898817, 176.136], [37.39742882, 55.79898337, 176.112], [37.39746783, 55.79897876, 176.094], [37.39750691, 55.79897433, 176.081], [37.39754603, 55.79897004, 176.069], [37.39758521, 55.79896589, 176.053], [37.39762444, 55.79896192, 176.033], [37.39766371, 55.79895806, 176.013], [37.397703, 55.79895428, 175.996], [37.39774235, 55.79895067, 175.983], [37.39778175, 55.79894728, 175.971], [37.39782119, 55.79894404, 175.96], [37.39786067, 55.79894091, 175.952], [37.3979002, 55.79893801, 175.946], [37.3979398, 55.79893546, 175.938], [37.39797947, 55.7989333, 175.922], [37.39801919, 55.79893138, 175.901], [37.39805891, 55.79892951, 175.877], [37.39809865, 55.79892777, 175.856], [37.39813843, 55.79892628, 175.836], [37.39817824, 55.7989251, 175.815], [37.39821807, 55.79892422, 175.791], [37.39825791, 55.79892361, 175.763], [37.39829777, 55.7989232, 175.735], [37.39833762, 55.79892288, 175.705], [37.39837748, 55.79892263, 175.676], [37.39841734, 55.79892251, 175.647], [37.3984572, 55.79892244, 175.62], [37.39849707, 55.79892241, 175.598], [37.39853693, 55.79892253, 175.578], [37.39857679, 55.79892284, 175.559], [37.39861664, 55.79892334, 175.541], [37.39865648, 55.79892392, 175.525], [37.39869633, 55.79892453, 175.514], [37.39873617, 55.79892533, 175.508], [37.39877599, 55.79892638, 175.504], [37.39881578, 55.79892766, 175.499], [37.39885556, 55.79892909, 175.491], [37.39889532, 55.79893071, 175.474], [37.39893503, 55.79893267, 175.447], [37.39897469, 55.7989349, 175.412], [37.39901433, 55.7989373, 175.377], [37.39905393, 55.79893984, 175.348], [37.39909351, 55.79894252, 175.322], [37.39913306, 55.79894531, 175.293], [37.3991726, 55.79894817, 175.259], [37.3992121, 55.79895119, 175.228], [37.39925153, 55.79895445, 175.208], [37.39929092, 55.79895793, 175.193], [37.3993303, 55.7989614, 175.174], [37.39936974, 55.79896464, 175.148], [37.39940923, 55.7989677, 175.121], [37.39944872, 55.79897077, 175.094], [37.39948818, 55.79897393, 175.066], [37.39952761, 55.79897723, 175.037], [37.39956701, 55.79898064, 175.01], [37.39960642, 55.798984, 174.988], [37.39964588, 55.7989872, 174.971], [37.39968535, 55.79899035, 174.952], [37.3997248, 55.79899354, 174.927], [37.39976427, 55.7989967, 174.9], [37.39980375, 55.7989998, 174.872], [37.39984322, 55.79900292, 174.845], [37.39988267, 55.79900615, 174.818], [37.3999221, 55.79900945, 174.791], [37.39996154, 55.79901271, 174.766], [37.400001, 55.79901589, 174.742], [37.40004045, 55.79901908, 174.718], [37.40007988, 55.79902239, 174.693], [37.4001193, 55.79902571, 174.669], [37.40015877, 55.79902887, 174.646], [37.40019826, 55.79903192, 174.626], [37.40023775, 55.799035, 174.608], [37.40027721, 55.79903815, 174.59], [37.40031665, 55.7990414, 174.573], [37.40035608, 55.79904472, 174.558], [37.40039549, 55.79904809, 174.544], [37.4004349, 55.79905144, 174.529], [37.40047434, 55.79905471, 174.509], [37.40051382, 55.79905782, 174.482], [37.40055331, 55.79906085, 174.453], [37.40059279, 55.79906398, 174.427], [37.40063224, 55.79906717, 174.407], [37.4006717, 55.79907035, 174.39], [37.40071115, 55.7990736, 174.374], [37.40075058, 55.79907689, 174.357], [37.40079002, 55.79908014, 174.339], [37.40082948, 55.79908333, 174.318], [37.40086894, 55.79908649, 174.295], [37.40090841, 55.79908963, 174.27], [37.4009479, 55.79909271, 174.246], [37.40098737, 55.79909583, 174.224], [37.40102682, 55.79909906, 174.2], [37.40106625, 55.79910236, 174.174], [37.40110567, 55.7991057, 174.147], [37.40114511, 55.79910893, 174.124], [37.4011846, 55.79911199, 174.104], [37.40122407, 55.79911513, 174.083], [37.40126352, 55.79911836, 174.058], [37.40130298, 55.79912155, 174.032], [37.40134244, 55.79912472, 174.008], [37.40138191, 55.79912786, 173.985], [37.40142138, 55.79913099, 173.961], [37.40146085, 55.79913414, 173.935], [37.4015003, 55.79913736, 173.908], [37.40153974, 55.79914062, 173.885], [37.40157918, 55.79914385, 173.867], [37.40161863, 55.79914708, 173.853], [37.40165808, 55.7991503, 173.836], [37.40169754, 55.79915349, 173.818], [37.40173701, 55.79915665, 173.802], [37.40177646, 55.79915986, 173.789], [37.4018159, 55.79916312, 173.776], [37.40185535, 55.79916632, 173.758], [37.40189482, 55.79916948, 173.735], [37.40193427, 55.79917268, 173.71], [37.40197376, 55.79917576, 173.691], [37.40201325, 55.79917881, 173.676], [37.40205269, 55.79918207, 173.662], [37.40209208, 55.79918551, 173.648], [37.40213148, 55.79918893, 173.634], [37.40217093, 55.79919215, 173.62], [37.40221042, 55.79919518, 173.608], [37.40224992, 55.79919819, 173.594], [37.40228941, 55.79920128, 173.578], [37.40232887, 55.79920446, 173.561], [37.4023683, 55.79920775, 173.545], [37.4024077, 55.79921114, 173.528], [37.40244713, 55.79921446, 173.51], [37.40248659, 55.79921762, 173.492], [37.40252607, 55.79922074, 173.477], [37.40256553, 55.79922392, 173.464], [37.40260496, 55.79922722, 173.454], [37.40264437, 55.79923058, 173.445], [37.40268382, 55.79923379, 173.435], [37.40272332, 55.79923684, 173.423], [37.4027628, 55.79923994, 173.407], [37.40280224, 55.79924319, 173.388], [37.40284164, 55.79924658, 173.369], [37.40288105, 55.79924998, 173.351], [37.4029205, 55.79925319, 173.333], [37.40296, 55.7992562, 173.315], [37.4029995, 55.7992592, 173.299], [37.40303898, 55.79926232, 173.287], [37.40307842, 55.79926557, 173.278], [37.40311784, 55.79926891, 173.266], [37.40315725, 55.79927227, 173.252], [37.40319669, 55.79927554, 173.237], [37.40323616, 55.79927868, 173.224], [37.40327564, 55.79928176, 173.213], [37.40331513, 55.79928485, 173.2], [37.4033546, 55.79928797, 173.184], [37.40339407, 55.79929113, 173.165], [37.40343353, 55.7992943, 173.145], [37.40347298, 55.79929753, 173.125], [37.4035124, 55.79930085, 173.105], [37.40355181, 55.79930422, 173.085], [37.40359125, 55.79930748, 173.068], [37.40363075, 55.79931051, 173.055], [37.40367025, 55.7993135, 173.042], [37.40370971, 55.79931669, 173.027], [37.40374912, 55.79932006, 173.01], [37.40378851, 55.7993235, 172.992], [37.40382792, 55.79932688, 172.975], [37.40386737, 55.79933011, 172.96], [37.40390685, 55.79933321, 172.946], [37.40394632, 55.79933635, 172.933], [37.40398575, 55.79933963, 172.92], [37.40402517, 55.79934299, 172.909], [37.40406458, 55.79934634, 172.898], [37.40410402, 55.79934959, 172.887], [37.40414349, 55.79935276, 172.875], [37.40418294, 55.79935599, 172.863], [37.40422236, 55.79935932, 172.852], [37.40426177, 55.79936266, 172.841], [37.40430123, 55.79936587, 172.831], [37.40434071, 55.79936898, 172.822], [37.40438017, 55.79937215, 172.813], [37.40441961, 55.7993754, 172.804], [37.40445905, 55.79937865, 172.795], [37.4044985, 55.79938186, 172.785], [37.40453794, 55.79938512, 172.773], [37.40457737, 55.79938845, 172.759], [37.40461679, 55.79939178, 172.746], [37.40465623, 55.79939503, 172.737], [37.40469568, 55.79939823, 172.73], [37.40473516, 55.79940134, 172.724], [37.40477467, 55.79940433, 172.716], [37.40481417, 55.79940734, 172.707], [37.40485363, 55.79941051, 172.698], [37.40489306, 55.79941382, 172.688], [37.40493246, 55.79941722, 172.674], [37.4049718, 55.79942085, 172.657], [37.40501103, 55.79942482, 172.64], [37.40505015, 55.79942913, 172.628], [37.40508911, 55.79943389, 172.622], [37.40512787, 55.79943913, 172.619], [37.40516648, 55.79944472, 172.616], [37.40520494, 55.79945061, 172.61], [37.40524328, 55.79945676, 172.603], [37.40528151, 55.79946313, 172.595], [37.40531959, 55.79946975, 172.585], [37.4053575, 55.7994767, 172.574], [37.40539526, 55.79948389, 172.564], [37.40543283, 55.7994914, 172.557], [37.40547006, 55.79949942, 172.551], [37.40550694, 55.79950793, 172.542], [37.4055436, 55.79951675, 172.529], [37.40558005, 55.79952584, 172.514], [37.40561621, 55.79953529, 172.503], [37.40565198, 55.7995452, 172.496], [37.40568738, 55.79955552, 172.491], [37.40572247, 55.79956617, 172.482], [37.40575725, 55.79957714, 172.471], [37.40579173, 55.79958841, 172.461], [37.40582592, 55.79959995, 172.457], [37.40585993, 55.79961167, 172.458], [37.40589379, 55.79962352, 172.46], [37.40592745, 55.79963554, 172.458], [37.40596095, 55.79964771, 172.452], [37.40599422, 55.79966008, 172.442], [37.40602731, 55.79967261, 172.428], [37.40606024, 55.79968526, 172.411], [37.40609282, 55.79969819, 172.394], [37.40612492, 55.79971151, 172.383], [37.40615651, 55.7997252, 172.377], [37.40618759, 55.79973926, 172.375], [37.4062182, 55.79975364, 172.374], [37.40624851, 55.79976823, 172.373], [37.40627873, 55.79978287, 172.371], [37.40630887, 55.79979756, 172.368], [37.40633885, 55.79981236, 172.363], [37.40636863, 55.79982729, 172.356], [37.40639816, 55.79984237, 172.347], [37.40642737, 55.79985765, 172.34], [37.40645604, 55.79987325, 172.335], [37.40648403, 55.79988924, 172.332], [37.40651151, 55.7999055, 172.329], [37.40653858, 55.79992198, 172.323], [37.40656523, 55.79993868, 172.315], [37.40659147, 55.79995558, 172.305], [37.40661741, 55.79997263, 172.295], [37.40664312, 55.79998979, 172.29], [37.40666856, 55.80000708, 172.288], [37.40669371, 55.8000245, 172.287], [37.40671837, 55.80004214, 172.285], [37.40674235, 55.80006008, 172.283], [37.40676571, 55.80007827, 172.28], [37.40678831, 55.80009676, 172.276], [37.4068101, 55.80011557, 172.271], [37.40683088, 55.80013473, 172.263], [37.4068507, 55.80015421, 172.253], [37.40686989, 55.80017389, 172.239], [37.40688869, 55.80019369, 172.224], [37.40690703, 55.80021363, 172.213], [37.40692471, 55.80023375, 172.205], [37.40694149, 55.80025412, 172.199], [37.40695735, 55.80027472, 172.19], [37.40697268, 55.80029544, 172.179], [37.40698777, 55.80031623, 172.168], [37.40700223, 55.80033715, 172.161], [37.40701618, 55.80035819, 172.156], [37.4070303, 55.80037918, 172.15], [37.40704482, 55.80040009, 172.143], [37.40705949, 55.80042097, 172.135], [37.40707402, 55.80044188, 172.126], [37.40708842, 55.80046282, 172.119], [37.40710282, 55.80048376, 172.112], [37.4071173, 55.80050467, 172.103], [37.40713182, 55.80052559, 172.093], [37.40714626, 55.80054652, 172.081], [37.40716067, 55.80056745, 172.068], [37.40717519, 55.80058836, 172.054], [37.40718981, 55.80060925, 172.04], [37.40720445, 55.80063014, 172.024], [37.40721901, 55.80065104, 172.01], [37.40723346, 55.80067197, 171.997], [37.40724787, 55.8006929, 171.986], [37.40726235, 55.80071382, 171.975], [37.40727685, 55.80073474, 171.962], [37.40729129, 55.80075567, 171.949], [37.40730566, 55.80077661, 171.935], [37.40732008, 55.80079755, 171.921], [37.4073346, 55.80081845, 171.906], [37.40734919, 55.80083935, 171.892], [37.40736371, 55.80086026, 171.879], [37.40737815, 55.80088119, 171.868], [37.40739259, 55.80090212, 171.858], [37.4074071, 55.80092303, 171.849], [37.40742164, 55.80094394, 171.839], [37.40743609, 55.80096487, 171.829], [37.40745046, 55.80098581, 171.818], [37.40746493, 55.80100673, 171.807], [37.40747958, 55.80102762, 171.796], [37.40749415, 55.80104852, 171.782], [37.40750852, 55.80106946, 171.766], [37.40752292, 55.8010904, 171.749], [37.40753752, 55.80111129, 171.731], [37.40755212, 55.80113219, 171.715], [37.40756655, 55.80115312, 171.701], [37.40758092, 55.80117406, 171.69], [37.40759535, 55.80119499, 171.68], [37.40760988, 55.8012159, 171.672], [37.40762445, 55.8012368, 171.664], [37.4076389, 55.80125773, 171.655], [37.40765319, 55.80127869, 171.645], [37.40766756, 55.80129964, 171.634], [37.40768215, 55.80132053, 171.623], [37.40769676, 55.80134142, 171.61], [37.40771132, 55.80136233, 171.595], [37.40772585, 55.80138324, 171.58], [37.40774034, 55.80140415, 171.565], [37.40775482, 55.80142507, 171.552], [37.4077693, 55.801446, 171.541], [37.40778375, 55.80146692, 171.531], [37.40779824, 55.80148784, 171.522], [37.40781271, 55.80150876, 171.515], [37.40782722, 55.80152967, 171.509], [37.40784176, 55.80155058, 171.503], [37.4078562, 55.80157151, 171.496], [37.40787057, 55.80159245, 171.487], [37.407885, 55.80161339, 171.479], [37.40789955, 55.80163429, 171.471], [37.4079141, 55.8016552, 171.464], [37.40792863, 55.8016761, 171.456], [37.40794321, 55.801697, 171.445], [37.40795779, 55.8017179, 171.434], [37.40797223, 55.80173883, 171.426], [37.40798647, 55.8017598, 171.42], [37.40800072, 55.80178077, 171.411], [37.40801522, 55.80180169, 171.399], [37.40802981, 55.80182258, 171.384], [37.4080442, 55.80184352, 171.369], [37.40805858, 55.80186447, 171.353], [37.40807307, 55.80188538, 171.334], [37.40808755, 55.80190631, 171.314], [37.40810196, 55.80192724, 171.294], [37.40811636, 55.80194818, 171.275], [37.40813075, 55.80196912, 171.256], [37.40814514, 55.80199006, 171.234], [37.4081595, 55.80201101, 171.209], [37.40817383, 55.80203196, 171.187], [37.40818827, 55.80205289, 171.168], [37.40820281, 55.80207379, 171.153], [37.40821729, 55.80209471, 171.139], [37.40823171, 55.80211565, 171.121], [37.40824625, 55.80213655, 171.092], [37.40826088, 55.80215744, 171.055], [37.40827549, 55.80217833, 171.013], [37.40829005, 55.80219924, 170.971], [37.40830448, 55.80222017, 170.929], [37.40831872, 55.80224114, 170.89], [37.40833295, 55.80226211, 170.853], [37.40834735, 55.80228305, 170.814], [37.40836194, 55.80230395, 170.77], [37.40837657, 55.80232483, 170.723], [37.40839117, 55.80234573, 170.676], [37.40840564, 55.80236665, 170.631], [37.40841997, 55.8023876, 170.583], [37.40843425, 55.80240857, 170.532], [37.40844856, 55.80242953, 170.477], [37.40846289, 55.80245048, 170.42], [37.40847723, 55.80247143, 170.362], [37.40849167, 55.80249236, 170.303], [37.40850622, 55.80251326, 170.246], [37.40852076, 55.80253417, 170.19], [37.40853518, 55.8025551, 170.136], [37.40854942, 55.80257608, 170.083], [37.40856357, 55.80259707, 170.03], [37.40857782, 55.80261804, 169.974], [37.40859219, 55.80263898, 169.915], [37.40860661, 55.80265991, 169.857], [37.40862105, 55.80268084, 169.802], [37.40863557, 55.80270176, 169.746], [37.40865012, 55.80272266, 169.685], [37.40866449, 55.80274361, 169.619], [37.40867868, 55.80276459, 169.55], [37.40869288, 55.80278557, 169.48], [37.40870729, 55.80280651, 169.415], [37.40872185, 55.80282741, 169.354], [37.40873636, 55.80284832, 169.293], [37.40875072, 55.80286927, 169.229], [37.40876491, 55.80289025, 169.164], [37.40877904, 55.80291125, 169.102], [37.40879334, 55.80293221, 169.046], [37.4088078, 55.80295313, 168.99], [37.4088222, 55.80297407, 168.927], [37.40883649, 55.80299503, 168.856], [37.40885068, 55.80301601, 168.783], [37.40886473, 55.80303703, 168.709], [37.40887872, 55.80305806, 168.633], [37.40889287, 55.80307905, 168.554], [37.40890727, 55.80309998, 168.471], [37.40892176, 55.8031209, 168.389], [37.40893612, 55.80314185, 168.308], [37.40895027, 55.80316284, 168.23], [37.40896435, 55.80318385, 168.152], [37.40897856, 55.80320483, 168.073], [37.40899288, 55.80322578, 167.992], [37.40900716, 55.80324674, 167.911], [37.40902138, 55.80326772, 167.829], [37.40903563, 55.80328869, 167.748], [37.40905003, 55.80330963, 167.669], [37.40906451, 55.80333055, 167.59], [37.40907895, 55.80335148, 167.507], [37.40909326, 55.80337244, 167.421], [37.40910743, 55.80339342, 167.333], [37.40912159, 55.80341441, 167.242], [37.40913584, 55.80343539, 167.149], [37.4091502, 55.80345633, 167.057], [37.40916455, 55.80347728, 166.966], [37.40917872, 55.80349827, 166.873], [37.40919272, 55.80351929, 166.777], [37.40920684, 55.80354029, 166.681], [37.40922126, 55.80356122, 166.586], [37.4092358, 55.80358213, 166.49], [37.40925016, 55.80360308, 166.395], [37.40926428, 55.80362408, 166.3], [37.40927836, 55.80364508, 166.206], [37.40929251, 55.80366607, 166.107], [37.40930674, 55.80368705, 166.005], [37.40932102, 55.80370801, 165.903], [37.40933526, 55.80372899, 165.804], [37.40934953, 55.80374995, 165.709], [37.40936386, 55.8037709, 165.612], [37.40937801, 55.8037919, 165.509], [37.40939196, 55.80381293, 165.402], [37.40940596, 55.80383396, 165.294], [37.40942012, 55.80385494, 165.188], [37.40943435, 55.80387592, 165.084], [37.40944853, 55.8038969, 164.984], [37.40946268, 55.8039179, 164.887], [37.40947685, 55.80393888, 164.792], [37.40949096, 55.80395988, 164.695], [37.40950503, 55.80398089, 164.593], [37.40951925, 55.80400187, 164.489], [37.4095335, 55.80402284, 164.389], [37.40954754, 55.80404386, 164.292], [37.40956148, 55.80406489, 164.194], [37.40957558, 55.8040859, 164.094], [37.40958985, 55.80410686, 163.993], [37.40960407, 55.80412784, 163.895], [37.40961824, 55.80414883, 163.8], [37.40963246, 55.8041698, 163.708], [37.40964673, 55.80419077, 163.613], [37.40966091, 55.80421175, 163.516], [37.40967498, 55.80423276, 163.417], [37.40968915, 55.80425375, 163.319], [37.4097034, 55.80427472, 163.222], [37.40971759, 55.80429571, 163.127], [37.40973172, 55.8043167, 163.034], [37.40974581, 55.80433771, 162.943], [37.40975991, 55.80435871, 162.852], [37.40977409, 55.8043797, 162.76], [37.40978828, 55.80440068, 162.668], [37.40980242, 55.80442167, 162.577], [37.4098166, 55.80444266, 162.489], [37.40983079, 55.80446364, 162.403], [37.40984485, 55.80448465, 162.316], [37.40985881, 55.80450568, 162.228], [37.40987296, 55.80452668, 162.14], [37.40988729, 55.80454763, 162.053], [37.40990159, 55.80456859, 161.967], [37.4099158, 55.80458957, 161.881], [37.40992994, 55.80461056, 161.792], [37.40994399, 55.80463158, 161.701], [37.40995807, 55.80465258, 161.612], [37.4099723, 55.80467356, 161.524], [37.40998659, 55.80469452, 161.438], [37.41000078, 55.8047155, 161.352], [37.41001479, 55.80473653, 161.266], [37.41002876, 55.80475756, 161.18], [37.41004291, 55.80477855, 161.098], [37.41005716, 55.80479952, 161.018], [37.41007137, 55.8048205, 160.936], [37.41008554, 55.80484148, 160.853], [37.41009975, 55.80486246, 160.768], [37.4101139, 55.80488346, 160.68], [37.41012776, 55.80490451, 160.587], [37.41014164, 55.80492556, 160.492], [37.41015595, 55.80494652, 160.401], [37.41017013, 55.8049675, 160.318], [37.41018392, 55.80498857, 160.235], [37.41019816, 55.80500954, 160.147], [37.41021289, 55.80503041, 160.055], [37.41022756, 55.80505128, 159.969], [37.4102423, 55.80507215, 159.888], [37.4102571, 55.805093, 159.807], [37.41027172, 55.80511389, 159.723], [37.41028624, 55.8051348, 159.642], [37.4103008, 55.8051557, 159.566], [37.41031514, 55.80517665, 159.491], [37.41032906, 55.80519769, 159.422], [37.41034268, 55.8052188, 159.368], [37.41035638, 55.80523988, 159.336], [37.41037123, 55.80526072, 159.317], [37.41038805, 55.80528107, 159.296], [37.41040682, 55.80530088, 159.265], [37.41042727, 55.80532015, 159.23], [37.41044919, 55.8053389, 159.203], [37.41047323, 55.80535681, 159.192], [37.41049965, 55.80537362, 159.191], [37.41052824, 55.80538925, 159.19], [37.41055834, 55.80540398, 159.185], [37.41058863, 55.80541858, 159.171], [37.41061851, 55.80543344, 159.152], [37.41064856, 55.80544819, 159.126], [37.41067916, 55.80546259, 159.093], [37.41071065, 55.80547636, 159.049], [37.41074363, 55.80548896, 158.997], [37.4107785, 55.80549982, 158.94], [37.4108149, 55.80550898, 158.881], [37.4108522, 55.80551689, 158.825], [37.41089017, 55.80552372, 158.772], [37.4109289, 55.80552902, 158.725], [37.41096819, 55.8055328, 158.679], [37.41100777, 55.80553552, 158.633], [37.41104749, 55.80553739, 158.584], [37.41108733, 55.80553807, 158.53], [37.41112718, 55.80553749, 158.471], [37.41116695, 55.80553591, 158.41], [37.41120654, 55.80553328, 158.35], [37.41124572, 55.80552916, 158.29], [37.41128444, 55.80552382, 158.229], [37.411323, 55.80551813, 158.171], [37.41136167, 55.80551266, 158.119], [37.41140039, 55.80550729, 158.077], [37.41143906, 55.80550184, 158.04], [37.41147779, 55.8054965, 158.005], [37.41151659, 55.80549135, 157.97], [37.41155537, 55.80548614, 157.935], [37.41159407, 55.80548075, 157.904], [37.41163275, 55.80547531, 157.877], [37.41167142, 55.80546984, 157.855], [37.4117101, 55.80546439, 157.835], [37.41174887, 55.80545916, 157.816], [37.4117877, 55.80545408, 157.797], [37.41182648, 55.80544887, 157.776], [37.41186518, 55.80544347, 157.754], [37.41190386, 55.80543804, 157.732], [37.41194255, 55.8054326, 157.708], [37.41198123, 55.80542717, 157.682], [37.41201994, 55.8054218, 157.649], [37.41205866, 55.80541645, 157.615], [37.41209737, 55.80541106, 157.584], [37.41213608, 55.8054057, 157.555], [37.41217485, 55.80540046, 157.525], [37.41221362, 55.80539523, 157.493], [37.41225233, 55.80538986, 157.464], [37.41229102, 55.80538443, 157.439], [37.41232976, 55.80537912, 157.415], [37.41236848, 55.80537378, 157.385], [37.41240712, 55.80536825, 157.347], [37.41244582, 55.80536285, 157.307], [37.41248455, 55.80535754, 157.274], [37.41252323, 55.80535209, 157.243], [37.41256192, 55.80534668, 157.21], [37.41260063, 55.80534131, 157.174], [37.41263932, 55.80533587, 157.138], [37.41267805, 55.80533056, 157.104], [37.4127168, 55.80532527, 157.071], [37.4127555, 55.80531987, 157.036], [37.41279419, 55.80531447, 157.001], [37.41283291, 55.80530911, 156.968], [37.41287165, 55.8053038, 156.938], [37.41291038, 55.80529848, 156.906], [37.4129491, 55.80529312, 156.873], [37.41298781, 55.80528775, 156.839], [37.4130265, 55.80528235, 156.81], [37.41306519, 55.80527691, 156.789], [37.41310391, 55.80527156, 156.771], [37.41314267, 55.80526632, 156.748], [37.41318138, 55.80526094, 156.719], [37.41322, 55.80525536, 156.688], [37.41325868, 55.80524992, 156.659], [37.41329745, 55.80524469, 156.632], [37.41333622, 55.80523947, 156.603], [37.41337497, 55.80523418, 156.568], [37.41341369, 55.80522884, 156.531], [37.41345239, 55.80522344, 156.496], [37.41349106, 55.80521796, 156.465], [37.41352972, 55.80521248, 156.434], [37.41356841, 55.80520706, 156.401], [37.41360711, 55.80520167, 156.37], [37.41364582, 55.8051963, 156.345], [37.41368455, 55.80519098, 156.325], [37.41372331, 55.80518571, 156.304], [37.41376208, 55.80518047, 156.282], [37.41380086, 55.80517526, 156.261], [37.41383962, 55.80517001, 156.238], [37.41387832, 55.80516463, 156.212], [37.413917, 55.80515917, 156.184], [37.41395566, 55.8051537, 156.154], [37.41399434, 55.80514826, 156.124], [37.4140331, 55.805143, 156.094], [37.41407191, 55.80513785, 156.066], [37.41411067, 55.80513261, 156.04], [37.41414935, 55.80512717, 156.013], [37.41418802, 55.80512171, 155.988], [37.41422676, 55.80511638, 155.967], [37.4142655, 55.80511109, 155.946], [37.41430421, 55.80510572, 155.92], [37.41434293, 55.80510036, 155.888], [37.41438166, 55.80509505, 155.854], [37.41442038, 55.80508969, 155.821], [37.41445907, 55.80508428, 155.791], [37.41449776, 55.80507887, 155.762], [37.41453647, 55.80507349, 155.735], [37.41457521, 55.80506818, 155.71], [37.41461394, 55.80506285, 155.685], [37.4146526, 55.80505737, 155.659], [37.41469125, 55.80505186, 155.629], [37.41472999, 55.80504656, 155.594], [37.41476873, 55.80504126, 155.562], [37.4148074, 55.80503579, 155.54], [37.41484616, 55.80503055, 155.524], [37.41488503, 55.80502554, 155.504], [37.41492384, 55.80502042, 155.474], [37.41496255, 55.80501504, 155.439], [37.41500121, 55.80500955, 155.406], [37.41503989, 55.80500411, 155.378], [37.41507856, 55.80499866, 155.351], [37.41511726, 55.80499325, 155.323], [37.41515601, 55.80498797, 155.294], [37.41519477, 55.80498273, 155.261], [37.4152335, 55.80497739, 155.225], [37.41527219, 55.80497197, 155.187], [37.41531085, 55.80496649, 155.149], [37.41534952, 55.80496102, 155.116], [37.41538826, 55.80495572, 155.082], [37.41542704, 55.80495051, 155.042], [37.41546577, 55.8049452, 154.997], [37.41550446, 55.80493977, 154.953], [37.41554313, 55.80493431, 154.912], [37.41558183, 55.80492891, 154.872], [37.41562052, 55.80492349, 154.826], [37.41565923, 55.80491814, 154.772], [37.415698, 55.80491288, 154.71], [37.41573664, 55.80490736, 154.651], [37.41577522, 55.80490171, 154.604], [37.415814, 55.80489648, 154.572], [37.4158528, 55.80489133, 154.544], [37.41589146, 55.80488584, 154.506], [37.41593011, 55.80488035, 154.461], [37.41596881, 55.80487496, 154.421], [37.4160075, 55.80486954, 154.392], [37.41604622, 55.80486417, 154.367], [37.41608495, 55.80485886, 154.334], [37.41612366, 55.80485349, 154.295], [37.41616233, 55.80484802, 154.258], [37.41620102, 55.80484261, 154.225], [37.41623981, 55.80483742, 154.193], [37.41627861, 55.80483225, 154.159], [37.41631731, 55.80482686, 154.125], [37.41635595, 55.80482133, 154.095], [37.41639461, 55.80481585, 154.072], [37.41643331, 55.80481046, 154.049], [37.41647206, 55.80480517, 154.023], [37.41651083, 55.80479994, 153.997], [37.41654961, 55.80479473, 153.975], [37.41658832, 55.80478935, 153.956], [37.41662693, 55.80478376, 153.936], [37.41666554, 55.80477818, 153.913], [37.41670424, 55.80477277, 153.889], [37.416743, 55.80476752, 153.865], [37.41678177, 55.80476229, 153.842], [37.41682051, 55.804757, 153.815], [37.41685926, 55.8047517, 153.79], [37.41689802, 55.80474645, 153.768], [37.41693679, 55.80474123, 153.748], [37.4169756, 55.80473608, 153.728], [37.41701442, 55.80473096, 153.706], [37.4170532, 55.80472577, 153.684], [37.41709194, 55.80472046, 153.663], [37.41713068, 55.80471515, 153.645], [37.41716946, 55.80470995, 153.628], [37.41720832, 55.80470493, 153.605], [37.41724721, 55.80469999, 153.577], [37.41728604, 55.80469489, 153.547], [37.41732477, 55.80468958, 153.52], [37.41736351, 55.80468427, 153.498], [37.41740233, 55.80467917, 153.473], [37.41744125, 55.8046743, 153.445], [37.4174802, 55.80466951, 153.415], [37.41751914, 55.80466468, 153.385], [37.41755801, 55.80465969, 153.353], [37.41759682, 55.80465455, 153.319], [37.4176356, 55.80464936, 153.281], [37.41767443, 55.80464426, 153.244], [37.41771333, 55.80463934, 153.212], [37.41775228, 55.80463454, 153.188], [37.4177912, 55.80462969, 153.163], [37.41783005, 55.80462465, 153.129], [37.4178689, 55.8046196, 153.087], [37.41790781, 55.80461471, 153.044], [37.41794674, 55.80460988, 153.006], [37.4179856, 55.80460487, 152.97], [37.41802437, 55.80459963, 152.934], [37.41806313, 55.80459438, 152.902], [37.41810198, 55.80458934, 152.874], [37.41814089, 55.80458443, 152.845], [37.4181798, 55.80457955, 152.81], [37.41821872, 55.80457468, 152.769], [37.41825761, 55.80456975, 152.731], [37.41829649, 55.80456478, 152.7], [37.41833539, 55.80455987, 152.673], [37.41837431, 55.80455499, 152.645], [37.41841319, 55.80455003, 152.615], [37.41845206, 55.80454504, 152.586], [37.41849095, 55.8045401, 152.555], [37.41852987, 55.80453524, 152.522], [37.41856879, 55.80453036, 152.486], [37.41860768, 55.80452541, 152.448], [37.41864657, 55.80452048, 152.41], [37.41868548, 55.80451558, 152.375], [37.41872439, 55.80451069, 152.344], [37.41876329, 55.80450577, 152.313], [37.41880216, 55.80450079, 152.282], [37.41884103, 55.80449579, 152.25], [37.41887989, 55.80449078, 152.219], [37.41891876, 55.80448579, 152.187], [37.41895768, 55.80448091, 152.153], [37.41899661, 55.80447607, 152.118], [37.41903551, 55.80447116, 152.085], [37.41907441, 55.80446626, 152.056], [37.41911333, 55.80446138, 152.026], [37.41915219, 55.80445636, 151.992], [37.41919101, 55.80445125, 151.955], [37.41922988, 55.80444626, 151.917], [37.41926879, 55.80444138, 151.88], [37.41930771, 55.8044365, 151.843], [37.41934663, 55.80443163, 151.803], [37.41938553, 55.80442673, 151.759], [37.41942445, 55.80442186, 151.714], [37.41946341, 55.80441709, 151.675], [37.41950233, 55.80441222, 151.642], [37.4195412, 55.80440724, 151.608], [37.4195801, 55.80440231, 151.573], [37.41961903, 55.80439747, 151.537], [37.41965794, 55.80439259, 151.501], [37.41969684, 55.80438766, 151.466], [37.41973573, 55.80438273, 151.428], [37.41977461, 55.80437776, 151.388], [37.41981349, 55.80437281, 151.348], [37.41985241, 55.80436794, 151.311], [37.41989133, 55.80436306, 151.274], [37.41993024, 55.80435819, 151.233], [37.41996915, 55.80435329, 151.186], [37.42000798, 55.8043482, 151.139], [37.42004682, 55.80434313, 151.101], [37.42008579, 55.8043384, 151.073], [37.42012483, 55.80433385, 151.048], [37.42016385, 55.80432925, 151.019], [37.42020279, 55.80432442, 150.99], [37.42024166, 55.80431943, 150.964], [37.42028054, 55.80431448, 150.937], [37.42031945, 55.80430958, 150.903], [37.42035833, 55.80430462, 150.862], [37.42039721, 55.80429966, 150.821], [37.42043611, 55.80429474, 150.787], [37.42047501, 55.80428982, 150.757], [37.42051391, 55.8042849, 150.728], [37.42055281, 55.80428, 150.694], [37.42059171, 55.80427508, 150.657], [37.4206306, 55.80427013, 150.618], [37.42066948, 55.80426517, 150.582], [37.42070839, 55.80426028, 150.55], [37.42074732, 55.80425543, 150.52], [37.42078622, 55.80425053, 150.492], [37.4208251, 55.80424555, 150.464], [37.42086396, 55.80424054, 150.432], [37.42090285, 55.80423559, 150.393], [37.42094176, 55.8042307, 150.347], [37.42098068, 55.80422584, 150.298], [37.4210196, 55.80422097, 150.251], [37.4210585, 55.80421607, 150.208], [37.42109739, 55.80421113, 150.165], [37.42113624, 55.80420608, 150.118], [37.42117505, 55.80420094, 150.07], [37.42121391, 55.80419593, 150.028], [37.4212529, 55.80419125, 149.995], [37.42129195, 55.80418673, 149.962], [37.42133095, 55.80418207, 149.925], [37.42136985, 55.80417715, 149.891], [37.42140868, 55.80417207, 149.86], [37.4214475, 55.80416695, 149.824], [37.42148631, 55.80416181, 149.773], [37.42152512, 55.80415668, 149.714], [37.42156398, 55.80415165, 149.665], [37.42160291, 55.80414683, 149.636], [37.42164194, 55.80414225, 149.619], [37.42168102, 55.80413781, 149.6], [37.42172006, 55.80413327, 149.569], [37.42175898, 55.80412839, 149.534], [37.42179777, 55.80412322, 149.505], [37.42183652, 55.80411794, 149.485], [37.42187528, 55.80411269, 149.465], [37.42191409, 55.80410754, 149.436], [37.42195298, 55.8041026, 149.398], [37.42199195, 55.80409786, 149.357], [37.42203093, 55.80409316, 149.32], [37.42206987, 55.80408835, 149.288], [37.42210877, 55.80408343, 149.257], [37.4221477, 55.80407858, 149.224], [37.42218666, 55.80407383, 149.194], [37.42222558, 55.80406895, 149.173], [37.42226436, 55.80406376, 149.155], [37.42230312, 55.8040585, 149.131], [37.42234203, 55.80405363, 149.103], [37.4223811, 55.80404916, 149.075], [37.42242015, 55.80404462, 149.05], [37.42245903, 55.80403965, 149.02], [37.42249782, 55.80403448, 148.982], [37.4225367, 55.80402951, 148.94], [37.42257568, 55.8040248, 148.897], [37.42261465, 55.80402008, 148.85], [37.42265353, 55.80401509, 148.797], [37.42269233, 55.80400995, 148.74], [37.42273122, 55.804005, 148.689], [37.42277019, 55.80400027, 148.652], [37.42280908, 55.80399534, 148.625], [37.42284787, 55.80399013, 148.595], [37.42288674, 55.80398515, 148.555], [37.42292581, 55.80398068, 148.515], [37.4229649, 55.80397628, 148.489], [37.42300383, 55.80397145, 148.478], [37.42304263, 55.80396628, 148.472], [37.42308146, 55.8039612, 148.463], [37.42312038, 55.80395633, 148.446], [37.4231593, 55.80395148, 148.423], [37.42319817, 55.80394649, 148.397], [37.42323704, 55.80394149, 148.373], [37.42327601, 55.80393675, 148.35], [37.42331504, 55.80393218, 148.326], [37.42335396, 55.80392732, 148.298], [37.42339275, 55.80392213, 148.269], [37.4234316, 55.80391709, 148.243], [37.42347058, 55.80391239, 148.219], [37.42350955, 55.80390764, 148.195], [37.42354836, 55.80390251, 148.173], [37.42358714, 55.80389731, 148.157], [37.4236261, 55.80389255, 148.148], [37.42366519, 55.80388816, 148.14], [37.42370427, 55.8038837, 148.128], [37.42374325, 55.80387899, 148.117], [37.42378219, 55.80387419, 148.109], [37.42382118, 55.80386951, 148.104], [37.42386022, 55.80386494, 148.096], [37.42389925, 55.80386037, 148.084], [37.42393828, 55.8038558, 148.069], [37.42397737, 55.80385137, 148.054], [37.42401652, 55.80384715, 148.041], [37.42405568, 55.80384294, 148.03], [37.42409481, 55.80383864, 148.02], [37.42413395, 55.80383436, 148.014], [37.42417312, 55.8038302, 148.016], [37.42421231, 55.80382608, 148.023], [37.42425146, 55.80382184, 148.03], [37.42429056, 55.80381746, 148.032], [37.42432967, 55.8038131, 148.032], [37.42436885, 55.80380895, 148.036], [37.4244081, 55.80380502, 148.044], [37.42444739, 55.8038012, 148.053], [37.42448672, 55.80379753, 148.061], [37.42452611, 55.80379408, 148.071], [37.42456554, 55.80379077, 148.081], [37.424605, 55.80378758, 148.089], [37.4246445, 55.80378454, 148.092], [37.42468406, 55.80378173, 148.094], [37.42472368, 55.80377927, 148.095], [37.42476336, 55.80377712, 148.099], [37.42480306, 55.80377507, 148.103], [37.42484275, 55.80377293, 148.106], [37.42488243, 55.80377076, 148.109], [37.42492213, 55.80376872, 148.117], [37.42496187, 55.80376692, 148.13], [37.42500163, 55.80376528, 148.144], [37.42504139, 55.80376361, 148.154], [37.42508113, 55.80376182, 148.162], [37.42512086, 55.80375997, 148.17], [37.4251606, 55.80375817, 148.18], [37.42520035, 55.80375648, 148.189], [37.42524011, 55.80375483, 148.196], [37.42527987, 55.80375315, 148.201], [37.42531962, 55.80375148, 148.204], [37.42535939, 55.80374991, 148.207], [37.42539918, 55.80374849, 148.207], [37.42543897, 55.80374711, 148.207], [37.42547875, 55.80374567, 148.208], [37.42551853, 55.8037442, 148.216], [37.42555833, 55.80374284, 148.228], [37.42559813, 55.80374158, 148.236], [37.42563794, 55.80374037, 148.238], [37.42567775, 55.8037392, 148.235], [37.42571757, 55.80373813, 148.232], [37.4257574, 55.80373717, 148.231], [37.42579724, 55.80373632, 148.233], [37.42583708, 55.80373554, 148.235], [37.42587693, 55.80373482, 148.236], [37.42591678, 55.8037341, 148.236], [37.42595662, 55.80373333, 148.236], [37.42599646, 55.80373254, 148.234], [37.42603631, 55.80373184, 148.231], [37.42607616, 55.80373126, 148.228], [37.42611602, 55.8037307, 148.226], [37.42615587, 55.8037301, 148.227], [37.42619572, 55.80372942, 148.23], [37.42623556, 55.80372867, 148.235], [37.42627541, 55.80372793, 148.244], [37.42631525, 55.80372724, 148.256], [37.42635511, 55.80372662, 148.269], [37.42639496, 55.80372603, 148.278], [37.42643481, 55.80372546, 148.281], [37.42647467, 55.80372486, 148.281], [37.42651451, 55.80372417, 148.279], [37.42655436, 55.80372344, 148.278], [37.42659421, 55.80372285, 148.279], [37.42663407, 55.8037224, 148.28], [37.42667393, 55.80372187, 148.283], [37.42671377, 55.80372116, 148.289], [37.42675362, 55.80372043, 148.294], [37.42679347, 55.8037198, 148.295], [37.42683332, 55.80371923, 148.291], [37.42687317, 55.80371864, 148.287], [37.42691303, 55.80371803, 148.289], [37.42695288, 55.80371749, 148.3], [37.42699274, 55.803717, 148.316], [37.4270326, 55.80371647, 148.335], [37.42707244, 55.80371579, 148.355], [37.42711228, 55.80371497, 148.377], [37.42715212, 55.80371408, 148.403], [37.42719196, 55.80371323, 148.428], [37.42723181, 55.80371263, 148.446], [37.42727167, 55.80371244, 148.456], [37.42731154, 55.80371268, 148.46], [37.42735139, 55.80371326, 148.466], [37.42739123, 55.80371414, 148.477], [37.42743105, 55.80371519, 148.49], [37.42747086, 55.80371637, 148.502], [37.42751065, 55.80371776, 148.513], [37.4275504, 55.80371947, 148.526], [37.42759012, 55.80372143, 148.54], [37.4276298, 55.80372358, 148.55], [37.42766945, 55.80372592, 148.556], [37.42770908, 55.80372834, 148.559], [37.42774871, 55.80373078, 148.558], [37.42778834, 55.80373324, 148.552], [37.42782795, 55.80373577, 148.536], [37.4278675, 55.80373861, 148.51], [37.42790694, 55.80374189, 148.476], [37.42794624, 55.80374565, 148.439], [37.42798542, 55.8037498, 148.399], [37.4280245, 55.80375423, 148.357], [37.42806353, 55.8037588, 148.318], [37.42810253, 55.80376346, 148.287], [37.42814147, 55.80376827, 148.264], [37.42818031, 55.80377334, 148.242], [37.42821902, 55.80377871, 148.219], [37.42825762, 55.80378433, 148.194], [37.42829616, 55.80379007, 148.169], [37.42833466, 55.80379591, 148.147], [37.42837309, 55.80380186, 148.129], [37.42841148, 55.80380793, 148.118], [37.42844985, 55.80381402, 148.109], [37.42848825, 55.80382005, 148.098], [37.42852668, 55.80382603, 148.083], [37.42856512, 55.80383198, 148.068], [37.42860358, 55.8038379, 148.055], [37.42864202, 55.80384386, 148.046], [37.42868043, 55.80384987, 148.038], [37.42871883, 55.80385589, 148.033], [37.42875727, 55.80386186, 148.028], [37.42879575, 55.80386773, 148.024], [37.42883424, 55.80387358, 148.018], [37.4288727, 55.80387949, 148.013], [37.4289111, 55.80388551, 148.01], [37.42894947, 55.80389162, 148.009], [37.42898787, 55.80389764, 148.01], [37.42902634, 55.80390354, 148.014], [37.42906481, 55.80390944, 148.02], [37.42910323, 55.80391543, 148.026], [37.42914164, 55.80392145, 148.031], [37.42918008, 55.80392739, 148.03], [37.42921857, 55.80393325, 148.024], [37.42925703, 55.80393917, 148.017], [37.42929545, 55.80394516, 148.016], [37.42933388, 55.80395113, 148.02], [37.42937232, 55.80395709, 148.025], [37.42941075, 55.80396305, 148.03], [37.4294492, 55.80396899, 148.036], [37.42948764, 55.80397495, 148.045], [37.42952599, 55.80398107, 148.056], [37.42956433, 55.80398723, 148.066], [37.42960275, 55.80399321, 148.076], [37.42964125, 55.80399906, 148.084], [37.42967975, 55.80400488, 148.089], [37.42971824, 55.80401074, 148.094], [37.42975666, 55.80401672, 148.099], [37.42979502, 55.80402284, 148.106], [37.42983339, 55.80402894, 148.114], [37.42987182, 55.80403491, 148.124], [37.42991025, 55.80404089, 148.134], [37.42994865, 55.80404692, 148.143], [37.4299871, 55.80405286, 148.151], [37.43002559, 55.80405871, 148.16], [37.43006406, 55.8040646, 148.172], [37.43010245, 55.80407066, 148.187], [37.4301408, 55.80407679, 148.199], [37.43017921, 55.80408279, 148.207], [37.4302177, 55.80408865, 148.213], [37.43025618, 55.80409452, 148.221], [37.43029461, 55.8041005, 148.232], [37.43033299, 55.80410657, 148.245], [37.43037135, 55.80411268, 148.256], [37.43040974, 55.80411874, 148.267], [37.4304482, 55.80412466, 148.279], [37.4304867, 55.80413048, 148.293], [37.43052519, 55.80413634, 148.309], [37.43056362, 55.80414232, 148.323], [37.430602, 55.80414838, 148.338], [37.43064042, 55.80415439, 148.353], [37.43067891, 55.80416023, 148.369], [37.4307174, 55.80416608, 148.382], [37.43075581, 55.80417209, 148.391], [37.43079417, 55.80417821, 148.399], [37.43083257, 55.80418425, 148.412], [37.43087102, 55.80419018, 148.428], [37.43090946, 55.80419613, 148.443], [37.43094789, 55.8042021, 148.453], [37.43098636, 55.80420801, 148.462], [37.43102486, 55.80421384, 148.471], [37.43106331, 55.80421977, 148.482], [37.43110164, 55.80422593, 148.49], [37.43113998, 55.8042321, 148.496], [37.43117848, 55.80423793, 148.5], [37.43121703, 55.80424364, 148.506], [37.43125545, 55.80424964, 148.512], [37.43129378, 55.80425581, 148.518], [37.43133221, 55.80426179, 148.523], [37.43137076, 55.80426751, 148.529], [37.43140927, 55.80427331, 148.537], [37.43144763, 55.80427944, 148.547], [37.43148594, 55.80428564, 148.557], [37.4315244, 55.80429156, 148.567], [37.43156295, 55.80429728, 148.577], [37.43160144, 55.80430312, 148.588], [37.43163981, 55.80430923, 148.6], [37.43167814, 55.8043154, 148.61], [37.43171656, 55.80432139, 148.615], [37.43175509, 55.80432716, 148.615], [37.43179364, 55.8043329, 148.616], [37.43183212, 55.80433875, 148.621], [37.43187055, 55.80434474, 148.63], [37.43190891, 55.80435085, 148.637], [37.43194726, 55.80435698, 148.643], [37.4319857, 55.80436295, 148.651], [37.43202422, 55.80436872, 148.66], [37.43206267, 55.80437466, 148.669], [37.43210097, 55.8043809, 148.678], [37.43213932, 55.80438703, 148.684], [37.43217787, 55.80439276, 148.689], [37.43221645, 55.80439842, 148.694], [37.43225483, 55.80440449, 148.698], [37.43229309, 55.80441081, 148.702], [37.43233148, 55.80441686, 148.705], [37.43237003, 55.80442258, 148.707], [37.43240855, 55.80442837, 148.708], [37.43244691, 55.80443448, 148.709], [37.4324852, 55.80444074, 148.709], [37.4325236, 55.80444678, 148.708], [37.43256214, 55.80445252, 148.708], [37.43260069, 55.80445825, 148.712], [37.43263913, 55.80446421, 148.716], [37.43267747, 55.80447035, 148.717], [37.43271582, 55.80447649, 148.713], [37.43275426, 55.80448243, 148.707], [37.43279278, 55.80448824, 148.704], [37.43283122, 55.80449418, 148.703], [37.43286956, 55.80450034, 148.701], [37.43290788, 55.80450652, 148.696], [37.43294632, 55.8045125, 148.691], [37.43298483, 55.80451829, 148.689], [37.43302337, 55.80452405, 148.686], [37.4330619, 55.80452981, 148.682], [37.43310038, 55.80453568, 148.675], [37.43313874, 55.8045418, 148.669], [37.43317705, 55.80454801, 148.664], [37.4332155, 55.80455394, 148.656], [37.43325408, 55.80455962, 148.644], [37.43329258, 55.80456545, 148.629], [37.43333089, 55.80457165, 148.614], [37.43336916, 55.80457794, 148.6], [37.4334076, 55.8045839, 148.585], [37.43344617, 55.80458958, 148.57], [37.43348467, 55.8045954, 148.555], [37.433523, 55.80460157, 148.539], [37.43356132, 55.80460778, 148.521], [37.4335998, 55.80461366, 148.5], [37.43363837, 55.80461932, 148.478], [37.43367688, 55.80462515, 148.463], [37.43371522, 55.80463129, 148.455], [37.43375353, 55.80463751, 148.451], [37.43379195, 55.8046435, 148.446], [37.43383051, 55.80464921, 148.438], [37.43386908, 55.80465489, 148.43], [37.43390752, 55.80466085, 148.423], [37.43394582, 55.80466707, 148.419], [37.43398417, 55.80467321, 148.415], [37.43402269, 55.804679, 148.41], [37.43406126, 55.80468468, 148.404], [37.43409971, 55.80469062, 148.397], [37.43413802, 55.80469684, 148.385], [37.43417635, 55.80470302, 148.365], [37.43421479, 55.80470897, 148.342], [37.43425325, 55.80471488, 148.32], [37.43429159, 55.80472103, 148.299], [37.43432988, 55.80472728, 148.278], [37.43436836, 55.80473316, 148.253], [37.434407, 55.80473868, 148.226], [37.43444563, 55.80474424, 148.205], [37.43448423, 55.80474985, 148.193], [37.43452297, 55.80475516, 148.185], [37.43456183, 55.80476018, 148.177], [37.43460065, 55.80476529, 148.165], [37.4346394, 55.80477056, 148.151], [37.4346782, 55.80477573, 148.135], [37.43471705, 55.80478076, 148.116], [37.43475592, 55.80478576, 148.095], [37.43479485, 55.80479059, 148.075], [37.4348339, 55.80479513, 148.059], [37.43487299, 55.80479954, 148.046], [37.43491206, 55.80480401, 148.034], [37.43495111, 55.80480855, 148.02], [37.43499017, 55.80481304, 148.006], [37.4350293, 55.80481733, 147.991], [37.43506851, 55.80482139, 147.974], [37.43510776, 55.80482533, 147.953], [37.43514704, 55.80482916, 147.93], [37.43518637, 55.80483285, 147.912], [37.43522572, 55.80483645, 147.903], [37.43526509, 55.80483999, 147.901], [37.43530452, 55.80484332, 147.902], [37.43534403, 55.80484632, 147.902], [37.43538358, 55.80484915, 147.898], [37.4354231, 55.80485208, 147.891], [37.43546261, 55.80485509, 147.883], [37.43550217, 55.8048579, 147.881], [37.43554177, 55.80486047, 147.883], [37.43558139, 55.80486299, 147.882], [37.43562099, 55.80486559, 147.877], [37.4356606, 55.80486811, 147.87], [37.43570028, 55.8048703, 147.867], [37.43574001, 55.80487215, 147.868], [37.43577974, 55.80487401, 147.869], [37.43581944, 55.80487609, 147.869], [37.43585913, 55.8048782, 147.866], [37.43589888, 55.80487989, 147.861], [37.43593868, 55.8048812, 147.856], [37.43597847, 55.80488267, 147.853], [37.4360182, 55.80488449, 147.852], [37.43605795, 55.80488623, 147.852], [37.43609775, 55.80488756, 147.854], [37.43613757, 55.80488865, 147.857], [37.43617737, 55.80488991, 147.864], [37.43621713, 55.80489154, 147.875], [37.43625689, 55.80489326, 147.893], [37.43629667, 55.80489471, 147.916], [37.43633648, 55.80489587, 147.936], [37.4363763, 55.804897, 147.952], [37.4364161, 55.80489828, 147.967], [37.4364559, 55.80489964, 147.985], [37.4364957, 55.80490098, 148.007], [37.43653549, 55.80490238, 148.031], [37.43657526, 55.8049039, 148.058], [37.43661504, 55.80490539, 148.093], [37.43665484, 55.80490671, 148.137], [37.43669465, 55.80490792, 148.187], [37.43673445, 55.80490923, 148.238], [37.43677423, 55.80491069, 148.286], [37.43681403, 55.80491205, 148.338], [37.43685385, 55.80491318, 148.394], [37.43689366, 55.80491436, 148.453], [37.43693344, 55.80491581, 148.51], [37.43697321, 55.8049174, 148.564], [37.43701299, 55.80491889, 148.618], [37.4370528, 55.80492006, 148.676], [37.43709263, 55.80492105, 148.739], [37.43713245, 55.80492222, 148.805], [37.43717223, 55.80492367, 148.871], [37.437212, 55.80492522, 148.937], [37.43725178, 55.80492671, 149.004], [37.43729158, 55.804928, 149.076], [37.4373314, 55.80492913, 149.149], [37.43737121, 55.8049303, 149.218], [37.43741101, 55.80493165, 149.286], [37.4374508, 55.80493307, 149.358], [37.43749059, 55.80493441, 149.439], [37.4375304, 55.80493565, 149.525], [37.43757021, 55.8049369, 149.609], [37.43761, 55.80493829, 149.691], [37.43764978, 55.80493977, 149.773], [37.43768957, 55.80494116, 149.856], [37.43772938, 55.8049424, 149.938], [37.43776919, 55.80494359, 150.017], [37.43780899, 55.80494488, 150.097], [37.43784878, 55.80494626, 150.176], [37.43788858, 55.80494763, 150.252], [37.43792837, 55.80494903, 150.326], [37.43796813, 55.80495065, 150.399], [37.43800789, 55.8049523, 150.472], [37.4380477, 55.80495351, 150.548], [37.43808754, 55.8049544, 150.63], [37.43812735, 55.80495551, 150.715], [37.43816714, 55.80495695, 150.801], [37.43820692, 55.8049584, 150.887], [37.43824673, 55.80495965, 150.972], [37.43828654, 55.80496088, 151.056], [37.43832632, 55.8049623, 151.141], [37.4383661, 55.80496381, 151.23], [37.4384059, 55.80496512, 151.321], [37.43844572, 55.8049663, 151.404], [37.43848551, 55.80496768, 151.478], [37.43852528, 55.80496924, 151.552], [37.43856508, 55.80497056, 151.637], [37.4386049, 55.80497161, 151.732], [37.43864471, 55.80497283, 151.831], [37.43868448, 55.80497439, 151.928], [37.43872424, 55.80497603, 152.022], [37.43876402, 55.80497748, 152.113], [37.43880383, 55.8049787, 152.2], [37.43884366, 55.80497976, 152.284], [37.43888348, 55.80498079, 152.367], [37.43892331, 55.80498186, 152.455], [37.43896312, 55.804983, 152.549], [37.43900293, 55.80498422, 152.646], [37.43904273, 55.80498552, 152.738], [37.43908252, 55.80498695, 152.821], [37.43912229, 55.80498851, 152.895], [37.43916206, 55.80499003, 152.966], [37.43920187, 55.80499129, 153.041], [37.43924168, 55.80499246, 153.125], [37.43928147, 55.8049939, 153.217], [37.43932123, 55.80499556, 153.312], [37.439361, 55.80499713, 153.403], [37.4394008, 55.80499843, 153.487], [37.43944061, 55.80499957, 153.566], [37.43948042, 55.80500078, 153.643], [37.43952023, 55.80500204, 153.719], [37.43956003, 55.80500329, 153.795], [37.43959984, 55.8050045, 153.875], [37.43963966, 55.80500566, 153.96], [37.43967947, 55.80500681, 154.047], [37.43971928, 55.80500807, 154.131], [37.43975906, 55.80500954, 154.209], [37.43979884, 55.80501105, 154.284], [37.43983863, 55.80501243, 154.363], [37.43987843, 55.80501379, 154.447], [37.43991821, 55.80501526, 154.531], [37.43995799, 55.80501674, 154.611], [37.43999779, 55.80501806, 154.691], [37.44003759, 55.80501932, 154.775], [37.44007739, 55.80502066, 154.866], [37.44011718, 55.80502206, 154.957], [37.44015696, 55.80502351, 155.046], [37.44019675, 55.80502497, 155.131], [37.44023653, 55.80502642, 155.215], [37.44027632, 55.80502782, 155.302], [37.44031611, 55.80502925, 155.395], [37.44035589, 55.80503077, 155.489], [37.44039566, 55.80503228, 155.583], [37.44043545, 55.80503367, 155.673], [37.44047524, 55.80503506, 155.765], [37.44051502, 55.80503656, 155.859], [37.4405548, 55.80503811, 155.956], [37.44059457, 55.8050396, 156.051], [37.44063436, 55.80504107, 156.141], [37.44067414, 55.80504252, 156.228], [37.44071392, 55.80504399, 156.314], [37.4407537, 55.80504551, 156.4], [37.44079348, 55.80504703, 156.487], [37.44083325, 55.80504858, 156.579], [37.44087302, 55.80505017, 156.675], [37.44091279, 55.8050517, 156.774], [37.44095258, 55.80505314, 156.871], [37.44099235, 55.80505465, 156.968], [37.44103212, 55.80505626, 157.064], [37.44107189, 55.80505783, 157.157], [37.44111167, 55.80505931, 157.247], [37.44115145, 55.80506085, 157.336], [37.44119121, 55.80506249, 157.428], [37.44123098, 55.80506401, 157.521], [37.44127077, 55.8050654, 157.615], [37.44131056, 55.80506685, 157.709], [37.44135033, 55.80506845, 157.802], [37.44139009, 55.80507005, 157.892], [37.44142986, 55.8050716, 157.981], [37.44146964, 55.80507311, 158.068], [37.44150941, 55.80507466, 158.155], [37.44154918, 55.80507627, 158.243], [37.44158895, 55.80507786, 158.331], [37.44162872, 55.80507937, 158.418], [37.44166851, 55.80508084, 158.503], [37.44170828, 55.80508234, 158.588], [37.44174806, 55.8050839, 158.674], [37.44178783, 55.80508544, 158.763], [37.44182761, 55.8050869, 158.853], [37.4418674, 55.80508835, 158.944], [37.44190717, 55.80508988, 159.035], [37.44194694, 55.80509146, 159.126], [37.44198672, 55.80509297, 159.215], [37.4420265, 55.80509446, 159.301], [37.44206628, 55.80509597, 159.387], [37.44210605, 55.80509749, 159.475], [37.44214583, 55.80509898, 159.564], [37.44218561, 55.80510046, 159.65], [37.44222539, 55.805102, 159.733], [37.44226515, 55.80510361, 159.815], [37.44230492, 55.8051052, 159.898], [37.4423447, 55.8051067, 159.98], [37.44238448, 55.80510821, 160.059], [37.44242425, 55.80510976, 160.131], [37.44246402, 55.8051113, 160.199], [37.4425038, 55.80511281, 160.268], [37.44254358, 55.8051143, 160.339], [37.44258336, 55.80511584, 160.409], [37.44262312, 55.80511744, 160.48], [37.44266289, 55.80511904, 160.552], [37.44270266, 55.80512058, 160.626], [37.44274244, 55.80512206, 160.698], [37.44278222, 55.80512357, 160.767], [37.44282199, 55.80512515, 160.833], [37.44286175, 55.80512678, 160.896], [37.44290152, 55.80512839, 160.957], [37.4429413, 55.80512989, 161.019], [37.44298108, 55.80513137, 161.084], [37.44302085, 55.8051329, 161.15], [37.44306063, 55.80513442, 161.215], [37.44310041, 55.80513593, 161.28], [37.44314018, 55.80513747, 161.344], [37.44317996, 55.805139, 161.408], [37.44321974, 55.80514049, 161.472], [37.44325952, 55.80514197, 161.533], [37.44329929, 55.80514353, 161.591], [37.44333905, 55.80514515, 161.647], [37.44337883, 55.8051467, 161.7], [37.44341861, 55.80514814, 161.751], [37.4434584, 55.80514955, 161.801], [37.44349818, 55.80515105, 161.85], [37.44353795, 55.8051526, 161.899], [37.44357773, 55.80515413, 161.95], [37.4436175, 55.80515566, 162.002], [37.44365728, 55.80515716, 162.054], [37.44369706, 55.80515868, 162.107], [37.44373683, 55.80516026, 162.159], [37.4437766, 55.80516183, 162.21], [37.44381636, 55.80516342, 162.256], [37.44385613, 55.80516506, 162.298], [37.44389589, 55.80516666, 162.336], [37.44393567, 55.80516813, 162.375], [37.44397546, 55.80516959, 162.417], [37.44401523, 55.80517115, 162.46], [37.444055, 55.80517276, 162.504], [37.44409477, 55.80517429, 162.547], [37.44413455, 55.80517576, 162.586], [37.44417433, 55.80517727, 162.624], [37.4442141, 55.80517887, 162.657], [37.44425386, 55.80518049, 162.683], [37.44429364, 55.80518203, 162.703], [37.44433342, 55.80518348, 162.721], [37.4443732, 55.80518495, 162.737], [37.44441298, 55.80518644, 162.752], [37.44445276, 55.80518797, 162.766], [37.44449253, 55.80518955, 162.777], [37.44453229, 55.80519116, 162.785], [37.44457206, 55.80519275, 162.791], [37.44461184, 55.80519427, 162.794], [37.44465162, 55.80519573, 162.798], [37.44469141, 55.80519719, 162.801], [37.44473119, 55.80519868, 162.809], [37.44477096, 55.80520017, 162.822], [37.44481074, 55.80520168, 162.843], [37.44485051, 55.80520324, 162.867], [37.44489029, 55.80520478, 162.894], [37.44493007, 55.80520629, 162.925], [37.44496984, 55.80520781, 162.962], [37.44500962, 55.80520934, 163.005], [37.44504939, 55.80521088, 163.051], [37.44508916, 55.80521243, 163.101], [37.44512894, 55.80521397, 163.155], [37.44516872, 55.80521549, 163.209], [37.44520849, 55.805217, 163.26], [37.44524827, 55.8052185, 163.306], [37.44528804, 55.80522005, 163.347], [37.44532781, 55.80522166, 163.385], [37.44536758, 55.8052232, 163.42], [37.44540736, 55.8052247, 163.451], [37.44544714, 55.80522625, 163.476], [37.44548691, 55.80522782, 163.497], [37.44552668, 55.80522935, 163.515], [37.44556646, 55.80523083, 163.532], [37.44560625, 55.8052323, 163.548], [37.44564602, 55.80523381, 163.564], [37.4456858, 55.80523533, 163.58], [37.44572558, 55.80523683, 163.598], [37.44576535, 55.80523836, 163.618], [37.44580512, 55.80523993, 163.639], [37.4458449, 55.80524145, 163.661], [37.44588469, 55.8052429, 163.682], [37.44592447, 55.80524439, 163.703], [37.44596423, 55.80524598, 163.724], [37.446004, 55.8052476, 163.745], [37.44604377, 55.80524914, 163.764], [37.44608355, 55.80525063, 163.784], [37.44612333, 55.80525217, 163.805], [37.44616309, 55.80525381, 163.825], [37.44620286, 55.8052554, 163.844], [37.44624264, 55.80525689, 163.862], [37.44628242, 55.80525838, 163.881], [37.44632219, 55.80525995, 163.902], [37.44636195, 55.80526157, 163.924], [37.44640172, 55.80526316, 163.945], [37.44644149, 55.8052647, 163.965], [37.44648127, 55.8052662, 163.983], [37.44652106, 55.80526764, 163.999], [37.44656084, 55.80526909, 164.014], [37.44660062, 55.8052706, 164.028], [37.44664039, 55.80527216, 164.042], [37.44668017, 55.80527369, 164.058], [37.44671995, 55.80527517, 164.077], [37.44675973, 55.80527663, 164.097], [37.44679951, 55.80527818, 164.116], [37.44683927, 55.8052798, 164.136], [37.44687905, 55.80528133, 164.159], [37.44691883, 55.80528274, 164.185], [37.44695863, 55.80528415, 164.212], [37.44699841, 55.80528564, 164.237], [37.44703817, 55.80528727, 164.258], [37.44707793, 55.80528891, 164.275], [37.4471177, 55.80529049, 164.291], [37.44715748, 55.80529198, 164.305], [37.44719727, 55.80529342, 164.321], [37.44723705, 55.80529489, 164.339], [37.44727682, 55.80529647, 164.359], [37.44731659, 55.80529806, 164.379], [37.44735636, 55.80529957, 164.399], [37.44739614, 55.80530111, 164.42], [37.4474359, 55.80530274, 164.441], [37.44747566, 55.80530437, 164.463], [37.44751544, 55.80530591, 164.487], [37.44755522, 55.80530741, 164.512], [37.447595, 55.8053089, 164.536], [37.44763478, 55.80531038, 164.56], [37.44767455, 55.8053119, 164.583], [37.44771433, 55.80531342, 164.606], [37.44775411, 55.80531491, 164.629], [37.44779389, 55.80531639, 164.651], [37.44783367, 55.80531792, 164.671], [37.44787344, 55.8053195, 164.69], [37.44791321, 55.80532104, 164.708], [37.44795299, 55.80532254, 164.727], [37.44799277, 55.80532404, 164.746], [37.44803255, 55.80532553, 164.763], [37.44807233, 55.805327, 164.779], [37.44811211, 55.8053285, 164.797], [37.44815188, 55.80533008, 164.819], [37.44819165, 55.80533168, 164.842], [37.44823143, 55.8053332, 164.869], [37.44827121, 55.80533466, 164.897], [37.44831099, 55.80533616, 164.927], [37.44835076, 55.80533773, 164.956], [37.44839053, 55.80533933, 164.986], [37.44843031, 55.80534082, 165.018], [37.44847009, 55.80534223, 165.052], [37.44850987, 55.80534373, 165.086], [37.44854964, 55.8053453, 165.121], [37.44858942, 55.80534685, 165.156], [37.4486292, 55.80534835, 165.194], [37.44866897, 55.80534988, 165.233], [37.44870874, 55.80535144, 165.269], [37.44874852, 55.80535298, 165.3], [37.4487883, 55.80535446, 165.332], [37.44882808, 55.80535594, 165.365], [37.44886785, 55.80535752, 165.4], [37.44890761, 55.80535915, 165.435], [37.44894738, 55.80536069, 165.468], [37.44898717, 55.80536219, 165.498], [37.44902694, 55.80536372, 165.526], [37.44906671, 55.80536527, 165.553], [37.44910649, 55.80536677, 165.577], [37.44914628, 55.80536816, 165.598], [37.44918608, 55.80536954, 165.616], [37.44922585, 55.80537107, 165.631], [37.44926562, 55.80537267, 165.647], [37.44930539, 55.8053742, 165.662], [37.44934516, 55.80537577, 165.675], [37.44938493, 55.80537742, 165.688], [37.44942468, 55.80537909, 165.702], [37.44946445, 55.80538065, 165.716], [37.44950424, 55.80538208, 165.73], [37.44954403, 55.80538352, 165.745], [37.4495838, 55.80538506, 165.762], [37.44962356, 55.80538674, 165.784], [37.4496633, 55.80538851, 165.808], [37.44970306, 55.80539022, 165.831], [37.44974282, 55.80539182, 165.849], [37.44978259, 55.80539341, 165.864], [37.44982236, 55.80539503, 165.877], [37.44986212, 55.80539663, 165.892], [37.44990189, 55.80539819, 165.907], [37.44994167, 55.80539971, 165.919], [37.44998144, 55.80540125, 165.928], [37.45002122, 55.80540282, 165.937], [37.45006098, 55.80540442, 165.947], [37.45010075, 55.80540605, 165.957], [37.4501405, 55.80540772, 165.966], [37.45018027, 55.80540932, 165.97], [37.45022005, 55.80541081, 165.969], [37.45025982, 55.8054124, 165.962], [37.45029956, 55.80541419, 165.949], [37.45033932, 55.80541587, 165.935], [37.4503791, 55.80541731, 165.922], [37.45041888, 55.80541882, 165.913], [37.45045864, 55.80542048, 165.908], [37.45049841, 55.80542205, 165.906], [37.45053818, 55.80542365, 165.905], [37.45057792, 55.80542543, 165.905], [37.45061766, 55.80542722, 165.906], [37.45065742, 55.80542889, 165.905], [37.45069718, 55.80543053, 165.904], [37.45073694, 55.80543219, 165.904], [37.4507767, 55.80543384, 165.906], [37.45081645, 55.80543559, 165.909], [37.4508562, 55.80543733, 165.911], [37.45089597, 55.80543884, 165.908], [37.45093576, 55.80544025, 165.901], [37.45097554, 55.80544173, 165.894], [37.45101532, 55.80544326, 165.895], [37.45105508, 55.80544491, 165.907], [37.45109484, 55.80544659, 165.924], [37.45113461, 55.80544819, 165.938], [37.45117437, 55.80544982, 165.948], [37.45121412, 55.80545151, 165.957], [37.4512539, 55.80545303, 165.969], [37.45129366, 55.80545466, 165.985], [37.45133337, 55.80545664, 166.006], [37.45137306, 55.80545878, 166.032], [37.45141276, 55.80546087, 166.063], [37.45145246, 55.80546294, 166.09], [37.45149215, 55.80546504, 166.109], [37.45153184, 55.80546715, 166.119], [37.45157153, 55.80546927, 166.125], [37.4516112, 55.80547152, 166.131], [37.45165084, 55.80547393, 166.139], [37.45169047, 55.80547636, 166.147], [37.45173009, 55.80547888, 166.156], [37.45176967, 55.80548157, 166.168], [37.45180923, 55.80548435, 166.183], [37.45184877, 55.80548724, 166.198], [37.4518883, 55.80549015, 166.213], [37.45192786, 55.80549293, 166.227], [37.45196741, 55.80549576, 166.24], [37.4520069, 55.80549883, 166.251], [37.4520464, 55.8055019, 166.262], [37.4520859, 55.80550493, 166.271], [37.45212533, 55.80550826, 166.282], [37.45216476, 55.80551157, 166.294], [37.45220428, 55.80551454, 166.309], [37.45224383, 55.80551736, 166.328], [37.45228339, 55.80552014, 166.351], [37.45232296, 55.8055229, 166.375], [37.45236253, 55.80552565, 166.403], [37.45240209, 55.8055284, 166.438], [37.45244165, 55.8055312, 166.478], [37.45248118, 55.80553412, 166.518], [37.45252068, 55.80553717, 166.554], [37.45256018, 55.80554023, 166.586], [37.45259969, 55.80554324, 166.618], [37.45263921, 55.80554618, 166.649], [37.45267874, 55.80554911, 166.679], [37.45271827, 55.80555202, 166.707], [37.45275781, 55.8055549, 166.735], [37.45279733, 55.80555784, 166.766], [37.45283682, 55.80556092, 166.802], [37.4528763, 55.80556406, 166.84], [37.4529158, 55.80556712, 166.879], [37.45295531, 55.80557011, 166.917], [37.45299483, 55.80557308, 166.953], [37.45303435, 55.80557603, 166.988], [37.45307389, 55.80557891, 167.023], [37.45311343, 55.80558179, 167.06], [37.45315295, 55.80558476, 167.1], [37.45319246, 55.80558777, 167.142], [37.45323196, 55.80559078, 167.184], [37.45327148, 55.80559378, 167.229], [37.45331099, 55.80559677, 167.272], [37.45335051, 55.80559971, 167.312], [37.45339005, 55.8056026, 167.348], [37.45342958, 55.80560554, 167.387], [37.4534691, 55.8056085, 167.43], [37.4535086, 55.80561153, 167.475], [37.45354808, 55.80561464, 167.519], [37.45358758, 55.8056177, 167.561], [37.4536271, 55.80562064, 167.602], [37.45366663, 55.80562357, 167.642], [37.45370617, 55.80562647, 167.682], [37.45374572, 55.80562929, 167.723], [37.45378527, 55.80563213, 167.763], [37.4538248, 55.80563504, 167.802], [37.45386431, 55.80563805, 167.841], [37.45390381, 55.80564109, 167.881], [37.45394331, 55.80564414, 167.922], [37.45398281, 55.80564717, 167.962], [37.45402232, 55.80565016, 167.999], [37.45406186, 55.80565306, 168.036], [37.45410141, 55.8056559, 168.075], [37.45414096, 55.80565874, 168.118], [37.45418049, 55.80566165, 168.164], [37.45421999, 55.80566469, 168.211], [37.45425947, 55.80566782, 168.257], [37.45429895, 55.80567092, 168.305], [37.45433846, 55.80567392, 168.357], [37.454378, 55.80567683, 168.411], [37.45441754, 55.8056797, 168.466], [37.45445707, 55.8056826, 168.521], [37.45449658, 55.80568562, 168.576], [37.45453603, 55.80568883, 168.635], [37.45457546, 55.80569216, 168.696], [37.45461491, 55.80569543, 168.756], [37.45465437, 55.80569863, 168.813], [37.4546938, 55.80570194, 168.867], [37.45473317, 55.8057055, 168.92], [37.45477246, 55.8057093, 168.972], [37.45481171, 55.80571322, 169.024], [37.45485098, 55.80571711, 169.077], [37.45489026, 55.80572095, 169.128], [37.45492951, 55.80572488, 169.181], [37.45496869, 55.80572903, 169.237], [37.45500785, 55.80573325, 169.294], [37.45504705, 55.80573737, 169.349], [37.45508627, 55.80574139, 169.402], [37.45512547, 55.80574547, 169.454], [37.45516461, 55.80574974, 169.508], [37.45520369, 55.8057542, 169.562], [37.45524271, 55.80575879, 169.618], [37.45528171, 55.80576345, 169.678], [37.45532068, 55.80576821, 169.741], [37.45535956, 55.80577315, 169.805], [37.45539834, 55.80577837, 169.868], [37.45543697, 55.80578392, 169.925], [37.45547549, 55.80578971, 169.974], [37.45551391, 55.80579572, 170.019], [37.45555219, 55.80580199, 170.067], [37.45559028, 55.80580862, 170.118], [37.45562818, 55.80581558, 170.168], [37.45566596, 55.80582276, 170.219], [37.45570368, 55.80583003, 170.275], [37.45574133, 55.80583741, 170.336], [37.45577886, 55.80584499, 170.394], [37.45581622, 55.80585282, 170.441], [37.45585348, 55.80586081, 170.479], [37.45589067, 55.80586891, 170.512], [37.45592773, 55.80587719, 170.542], [37.45596467, 55.80588564, 170.569], [37.45600161, 55.80589407, 170.595], [37.45603861, 55.80590244, 170.625], [37.4560756, 55.80591083, 170.659], [37.45611256, 55.80591923, 170.69], [37.45614949, 55.8059277, 170.718], [37.45618637, 55.80593622, 170.743], [37.45622326, 55.80594474, 170.768], [37.45626016, 55.80595324, 170.794], [37.45629702, 55.8059618, 170.82], [37.45633376, 55.80597053, 170.847], [37.45637038, 55.8059794, 170.873], [37.45640687, 55.80598844, 170.897], [37.45644314, 55.80599777, 170.914], [37.4564792, 55.80600735, 170.925], [37.45651513, 55.80601708, 170.934], [37.45655094, 55.80602695, 170.944], [37.45658657, 55.80603702, 170.955], [37.456622, 55.80604732, 170.964], [37.45665734, 55.80605772, 170.971], [37.45669257, 55.80606822, 170.977], [37.45672774, 55.8060788, 170.983], [37.45676284, 55.80608945, 170.989], [37.4567978, 55.80610024, 171.0], [37.45683245, 55.80611135, 171.016], [37.45686675, 55.80612279, 171.036], [37.45690085, 55.80613443, 171.057], [37.45693484, 55.80614617, 171.079], [37.45696866, 55.80615805, 171.103], [37.45700229, 55.80617011, 171.126], [37.45703556, 55.80618249, 171.145], [37.45706849, 55.80619515, 171.161], [37.45710117, 55.80620801, 171.177], [37.45713373, 55.80622097, 171.196], [37.45716621, 55.80623399, 171.214], [37.45719848, 55.80624717, 171.229], [37.45723046, 55.80626058, 171.248], [37.4572623, 55.80627409, 171.274], [37.45729407, 55.80628766, 171.301], [37.45732575, 55.80630129, 171.321], [37.45735733, 55.806315, 171.325], [37.45738875, 55.80632882, 171.32], [37.4574199, 55.80634284, 171.317], [37.45745064, 55.80635713, 171.322], [37.45748083, 55.80637179, 171.333], [37.45751065, 55.8063867, 171.345], [37.45754029, 55.80640172, 171.356], [37.4575697, 55.80641688, 171.37], [37.45759905, 55.80643208, 171.392], [37.4576284, 55.80644727, 171.421], [37.45765742, 55.80646267, 171.445], [37.45768586, 55.8064784, 171.457], [37.45771375, 55.80649445, 171.458], [37.45774146, 55.80651059, 171.456], [37.45776901, 55.80652682, 171.456], [37.45779587, 55.80654341, 171.459], [37.45782207, 55.80656034, 171.462], [37.45784839, 55.80657721, 171.466], [37.45787519, 55.80659383, 171.471], [37.4579021, 55.8066104, 171.481], [37.45792852, 55.80662721, 171.492], [37.45795428, 55.80664435, 171.498], [37.45797966, 55.80666167, 171.499], [37.45800481, 55.80667909, 171.499], [37.45802947, 55.80669673, 171.504], [37.45805353, 55.80671464, 171.513], [37.45807714, 55.80673273, 171.526], [37.45810054, 55.80675091, 171.545], [37.45812369, 55.80676919, 171.569], [37.4581467, 55.80678753, 171.593], [37.45816967, 55.80680588, 171.614], [37.45819268, 55.80682422, 171.632], [37.4582156, 55.80684259, 171.646], [37.45823807, 55.80686114, 171.658], [37.4582599, 55.80687992, 171.667], [37.45828149, 55.8068988, 171.673], [37.45830324, 55.80691762, 171.678], [37.45832531, 55.80693632, 171.684], [37.45834763, 55.80695492, 171.691], [37.45836997, 55.80697352, 171.698], [37.45839223, 55.80699215, 171.707], [37.45841441, 55.80701081, 171.716], [37.45843649, 55.80702951, 171.727], [37.45845842, 55.80704826, 171.739], [37.45848027, 55.80706704, 171.748], [37.45850228, 55.80708576, 171.754], [37.45852463, 55.80710436, 171.757], [37.45854724, 55.80712285, 171.759], [37.45856987, 55.80714134, 171.762], [37.45859212, 55.80715997, 171.766], [37.45861381, 55.80717881, 171.772], [37.4586353, 55.80719772, 171.778], [37.45865708, 55.80721653, 171.782], [37.4586793, 55.80723517, 171.786], [37.45870164, 55.80725377, 171.789], [37.45872377, 55.80727245, 171.793], [37.45874578, 55.80729117, 171.799], [37.45876785, 55.80730987, 171.807], [37.45879006, 55.80732852, 171.817], [37.4588123, 55.80734715, 171.828], [37.45883443, 55.80736583, 171.838], [37.45885648, 55.80738454, 171.846], [37.45887849, 55.80740326, 171.852], [37.45890054, 55.80742197, 171.859], [37.45892267, 55.80744065, 171.869], [37.45894491, 55.80745928, 171.882], [37.45896724, 55.80747788, 171.897], [37.45898952, 55.80749651, 171.912], [37.4590116, 55.8075152, 171.926], [37.45903354, 55.80753395, 171.939], [37.45905544, 55.80755271, 171.951], [37.45907737, 55.80757146, 171.959], [37.4590994, 55.80759018, 171.961], [37.45912157, 55.80760884, 171.96], [37.45914389, 55.80762745, 171.955], [37.45916619, 55.80764606, 171.946], [37.45918822, 55.80766478, 171.934], [37.45921001, 55.80768358, 171.92], [37.45923184, 55.80770237, 171.907], [37.45925397, 55.80772105, 171.893], [37.45927638, 55.80773962, 171.877], [37.45929879, 55.80775819, 171.86], [37.45932102, 55.80777683, 171.847], [37.45934307, 55.80779553, 171.84], [37.45936498, 55.8078143, 171.835], [37.45938695, 55.80783303, 171.828], [37.45940923, 55.80785165, 171.82], [37.45943168, 55.80787021, 171.806], [37.45945392, 55.80788885, 171.788], [37.45947595, 55.80790756, 171.768], [37.45949798, 55.80792628, 171.75], [37.45952006, 55.80794497, 171.733], [37.45954212, 55.80796368, 171.717], [37.45956422, 55.80798237, 171.701], [37.45958643, 55.80800101, 171.684], [37.45960867, 55.80801965, 171.665], [37.45963081, 55.80803832, 171.64], [37.45965285, 55.80805703, 171.61], [37.45967492, 55.80807574, 171.579], [37.459697, 55.80809443, 171.549], [37.45971901, 55.80811315, 171.518], [37.459741, 55.80813189, 171.486], [37.45976305, 55.80815059, 171.454], [37.45978516, 55.80816928, 171.421], [37.4598073, 55.80818795, 171.387], [37.45982942, 55.80820663, 171.351], [37.45985149, 55.80822533, 171.314], [37.45987353, 55.80824405, 171.278], [37.4598955, 55.80826278, 171.245], [37.4599174, 55.80828155, 171.214], [37.45993938, 55.80830028, 171.18], [37.4599615, 55.80831896, 171.143], [37.45998365, 55.80833763, 171.104], [37.46000579, 55.80835631, 171.064], [37.46002793, 55.80837498, 171.027], [37.46005005, 55.80839366, 170.991], [37.46007218, 55.80841234, 170.956], [37.46009443, 55.80843097, 170.918], [37.46011676, 55.80844957, 170.879], [37.46013892, 55.80846824, 170.84], [37.46016083, 55.808487, 170.805], [37.46018277, 55.80850575, 170.772], [37.46020496, 55.8085244, 170.738], [37.46022725, 55.80854302, 170.705], [37.4602495, 55.80856165, 170.671], [37.46027166, 55.80858032, 170.637], [37.46029373, 55.80859902, 170.604], [37.46031583, 55.80861771, 170.57], [37.46033806, 55.80863635, 170.536], [37.4603603, 55.80865498, 170.502], [37.46038249, 55.80867364, 170.465], [37.46040462, 55.80869232, 170.425], [37.46042664, 55.80871104, 170.38], [37.46044864, 55.80872977, 170.333], [37.46047082, 55.80874842, 170.285], [37.4604932, 55.808767, 170.233], [37.4605156, 55.80878558, 170.182], [37.46053784, 55.80880422, 170.137], [37.46055987, 55.80882294, 170.1], [37.46058181, 55.80884168, 170.065], [37.46060379, 55.80886042, 170.027], [37.46062581, 55.80887913, 169.987], [37.46064797, 55.8088978, 169.949], [37.46067014, 55.80891647, 169.913], [37.46069227, 55.80893514, 169.877], [37.46071452, 55.80895378, 169.838], [37.46073684, 55.80897238, 169.797], [37.46075904, 55.80899103, 169.755], [37.46078117, 55.80900971, 169.714], [37.46080335, 55.80902837, 169.672], [37.46082554, 55.80904703, 169.63], [37.46084768, 55.8090657, 169.588], [37.4608698, 55.80908438, 169.55], [37.46089191, 55.80910307, 169.516], [37.46091399, 55.80912176, 169.488], [37.46093615, 55.80914043, 169.466], [37.46095837, 55.80915908, 169.451], [37.46098054, 55.80917774, 169.441], [37.46100261, 55.80919644, 169.437], [37.46102465, 55.80921515, 169.436], [37.46104671, 55.80923386, 169.439], [37.46106882, 55.80925254, 169.445], [37.461091, 55.8092712, 169.456], [37.46111322, 55.80928984, 169.467], [37.46113539, 55.8093085, 169.478], [37.46115753, 55.80932718, 169.486], [37.46117966, 55.80934586, 169.493], [37.46120174, 55.80936455, 169.504], [37.46122385, 55.80938324, 169.521], [37.46124607, 55.80940188, 169.544], [37.46126834, 55.80942051, 169.57], [37.46129064, 55.80943912, 169.592], [37.46131334, 55.80945758, 169.606], [37.46133691, 55.80947569, 169.609], [37.46136117, 55.80949351, 169.606], [37.46138412, 55.80951186, 169.601], [37.46140415, 55.80953127, 169.595], [37.46142187, 55.80955138, 169.587], [37.46143679, 55.8095722, 169.581], [37.46144811, 55.80959371, 169.581], [37.46145527, 55.80961579, 169.588], [37.46145855, 55.80963816, 169.597], [37.46145818, 55.80966061, 169.598], [37.46145634, 55.80968304, 169.588], [37.46145395, 55.80970545, 169.566], [37.461451, 55.80972784, 169.529], [37.46144871, 55.80975026, 169.482], [37.46144814, 55.80977271, 169.438], [37.46144973, 55.80979514, 169.412], [37.46145323, 55.80981751, 169.402], [37.4614589, 55.80983973, 169.396], [37.46146684, 55.80986173, 169.384], [37.46147714, 55.80988342, 169.361], [37.4614894, 55.80990478, 169.328], [37.46150381, 55.80992571, 169.291], [37.46152038, 55.80994613, 169.254], [37.4615393, 55.80996589, 169.219], [37.46156028, 55.80998498, 169.184], [37.46158338, 55.81000328, 169.146], [37.46160858, 55.81002067, 169.105], [37.46163531, 55.81003734, 169.065], [37.46166207, 55.81005398, 169.027], [37.46168831, 55.81007089, 168.988], [37.46171423, 55.81008795, 168.945], [37.46174092, 55.81010463, 168.897], [37.46176981, 55.81012009, 168.844], [37.46180068, 55.8101343, 168.792], [37.46183219, 55.81014806, 168.747], [37.46186393, 55.81016165, 168.709], [37.46189554, 55.81017533, 168.677], [37.46192672, 55.81018933, 168.646], [37.46195775, 55.81020343, 168.612], [37.46198896, 55.81021741, 168.575], [37.46202044, 55.81023118, 168.537], [37.46205225, 55.81024472, 168.502], [37.46208434, 55.81025805, 168.473], [37.46211625, 55.81027152, 168.45], [37.46214708, 55.81028575, 168.43], [37.46217617, 55.8103011, 168.412], [37.46220359, 55.81031739, 168.397], [37.46222886, 55.81033476, 168.387], [37.46225178, 55.81035312, 168.382], [37.4622723, 55.81037237, 168.38], [37.46229084, 55.81039225, 168.374], [37.46229772, 55.81040035, 168.369]]}, "properties": {"id": "main", "closed": true, "length": 11053.6605, "from": "null", "to": "null"}}, {"type": "Feature", "geometry": {"type": "LineString", "coordinates": [[37.45007715, 55.80543646, 166.003], [37.4500403, 55.8054439, 166.0], [37.45000089, 55.80544723, 165.994], [37.44996156, 55.80545088, 165.986], [37.44992223, 55.80545448, 165.975], [37.44988271, 55.80545738, 165.959], [37.44984301, 55.8054593, 165.943], [37.44980319, 55.80546024, 165.931], [37.44976334, 55.80546022, 165.925], [37.44972353, 55.80545925, 165.921], [37.44968374, 55.80545796, 165.916], [37.44964395, 55.80545668, 165.907], [37.44960417, 55.80545531, 165.892], [37.44956441, 55.80545382, 165.87], [37.44952464, 55.80545232, 165.845], [37.44948488, 55.80545082, 165.821], [37.44944512, 55.80544926, 165.804], [37.44940537, 55.80544768, 165.792], [37.44936561, 55.80544614, 165.781], [37.44932585, 55.80544463, 165.765], [37.44928609, 55.80544308, 165.747], [37.44924633, 55.80544148, 165.729], [37.44920659, 55.80543986, 165.711], [37.44916682, 55.80543835, 165.693], [37.44912706, 55.80543687, 165.675], [37.4490873, 55.80543528, 165.656], [37.44904756, 55.80543361, 165.634], [37.44900781, 55.805432, 165.608], [37.44896805, 55.80543048, 165.58], [37.44892828, 55.80542902, 165.552], [37.44888852, 55.80542752, 165.517], [37.44884876, 55.80542596, 165.477], [37.44880901, 55.80542435, 165.438], [37.44876926, 55.80542273, 165.401], [37.44872951, 55.80542115, 165.365], [37.44868975, 55.8054196, 165.331], [37.44864999, 55.80541807, 165.297], [37.44861022, 55.80541657, 165.264], [37.44857046, 55.80541503, 165.233], [37.44853071, 55.80541341, 165.202], [37.44849096, 55.80541182, 165.173], [37.44845119, 55.80541039, 165.143], [37.44841141, 55.805409, 165.115], [37.44837165, 55.8054075, 165.089], [37.4483319, 55.8054059, 165.066], [37.44829213, 55.80540438, 165.044], [37.44825236, 55.80540296, 165.019], [37.44821259, 55.80540154, 164.99], [37.44817283, 55.80540001, 164.96], [37.44813307, 55.80539842, 164.934], [37.44809333, 55.80539679, 164.913], [37.44805358, 55.80539514, 164.893], [37.44801381, 55.80539367, 164.872], [37.44797404, 55.80539221, 164.851], [37.44793429, 55.80539062, 164.829], [37.44789454, 55.80538905, 164.809], [37.44785477, 55.80538753, 164.789], [37.44781501, 55.80538602, 164.767], [37.44777524, 55.80538457, 164.746], [37.44773547, 55.80538312, 164.724], [37.44769571, 55.80538158, 164.703], [37.44765597, 55.80537994, 164.681], [37.44761621, 55.80537839, 164.659], [37.44757644, 55.80537692, 164.637], [37.44753668, 55.80537539, 164.618], [37.44749692, 55.80537384, 164.601], [37.44745716, 55.80537232, 164.584], [37.4474174, 55.80537082, 164.568], [37.44737764, 55.80536924, 164.555], [37.44733788, 55.80536773, 164.544], [37.44729811, 55.80536626, 164.533], [37.44725835, 55.80536475, 164.518], [37.44721858, 55.80536328, 164.501], [37.44717881, 55.80536183, 164.482], [37.44713905, 55.80536027, 164.462], [37.44709931, 55.80535864, 164.441], [37.44705956, 55.80535702, 164.418], [37.44701981, 55.80535541, 164.397], [37.44698004, 55.80535391, 164.38], [37.44694027, 55.80535245, 164.368], [37.44690051, 55.80535096, 164.356], [37.44686075, 55.8053494, 164.342], [37.446821, 55.80534776, 164.33], [37.44678126, 55.80534611, 164.319], [37.4467415, 55.8053446, 164.31], [37.44670172, 55.80534316, 164.302], [37.44666196, 55.80534167, 164.293], [37.44662221, 55.80534007, 164.282], [37.44658246, 55.80533842, 164.268], [37.44654271, 55.80533685, 164.254], [37.44650294, 55.80533538, 164.243], [37.44646316, 55.80533399, 164.235], [37.4464234, 55.80533249, 164.225], [37.44638365, 55.80533088, 164.207], [37.44634389, 55.80532937, 164.181], [37.44630412, 55.80532792, 164.151], [37.44626436, 55.80532635, 164.118], [37.44622462, 55.8053247, 164.084], [37.44618485, 55.80532319, 164.051], [37.44614508, 55.80532174, 164.017], [37.44610533, 55.80532015, 163.981], [37.44606558, 55.80531851, 163.943], [37.44602582, 55.80531703, 163.911], [37.44598604, 55.80531568, 163.884], [37.44594626, 55.80531427, 163.861], [37.4459065, 55.80531272, 163.838], [37.44586675, 55.8053111, 163.818], [37.44582701, 55.80530945, 163.799], [37.44578727, 55.80530779, 163.782], [37.44574751, 55.8053062, 163.766], [37.44570774, 55.80530475, 163.752], [37.44566797, 55.80530334, 163.735], [37.4456282, 55.80530187, 163.715], [37.44558844, 55.80530034, 163.692], [37.44554869, 55.80529875, 163.668], [37.44550893, 55.80529715, 163.646], [37.44546918, 55.80529559, 163.624], [37.44542942, 55.80529404, 163.599], [37.44538966, 55.80529249, 163.571], [37.4453499, 55.80529097, 163.538], [37.44531013, 55.80528953, 163.501], [37.44527036, 55.80528811, 163.458], [37.4452306, 55.80528655, 163.411], [37.44519085, 55.80528496, 163.362], [37.44515108, 55.80528348, 163.314], [37.44511131, 55.80528203, 163.266], [37.44507155, 55.80528051, 163.219], [37.4450318, 55.80527893, 163.176], [37.44499204, 55.80527732, 163.138], [37.44495229, 55.80527578, 163.102], [37.44491252, 55.80527431, 163.069], [37.44487275, 55.80527286, 163.036], [37.44483298, 55.80527138, 163.004], [37.44479323, 55.80526983, 162.975], [37.44475347, 55.80526822, 162.951], [37.44471372, 55.80526662, 162.93], [37.44467396, 55.80526507, 162.912], [37.4446342, 55.80526354, 162.9], [37.44459444, 55.80526207, 162.893], [37.44455467, 55.80526062, 162.891], [37.4445149, 55.80525917, 162.89], [37.44447513, 55.80525767, 162.89], [37.44443538, 55.8052561, 162.888], [37.44439562, 55.80525451, 162.882], [37.44435587, 55.80525294, 162.87], [37.4443161, 55.80525145, 162.851], [37.44427633, 55.80525002, 162.823], [37.44423658, 55.80524843, 162.791], [37.44419683, 55.80524681, 162.758], [37.44415706, 55.80524535, 162.722], [37.4441173, 55.80524383, 162.686], [37.44407755, 55.80524225, 162.648], [37.44403779, 55.80524071, 162.61], [37.44399802, 55.80523927, 162.569], [37.44395825, 55.8052378, 162.524], [37.44391848, 55.80523631, 162.477], [37.44387872, 55.80523479, 162.434], [37.44383896, 55.80523325, 162.395], [37.44379921, 55.80523169, 162.354], [37.44375945, 55.80523016, 162.307], [37.44371968, 55.80522871, 162.256], [37.44367991, 55.80522723, 162.202], [37.44364015, 55.80522569, 162.144], [37.44360039, 55.8052242, 162.086], [37.44356063, 55.80522267, 162.03], [37.44352087, 55.80522107, 161.978], [37.44348112, 55.80521948, 161.928], [37.44344136, 55.80521797, 161.876], [37.44340159, 55.80521653, 161.823], [37.44336183, 55.80521498, 161.767], [37.44332208, 55.80521339, 161.712], [37.4432823, 55.80521197, 161.659], [37.44324253, 55.8052106, 161.608], [37.44320277, 55.80520901, 161.557], [37.44316302, 55.80520738, 161.501], [37.44312326, 55.80520593, 161.439], [37.44308348, 55.80520449, 161.376], [37.44304373, 55.80520294, 161.312], [37.44300397, 55.80520139, 161.246], [37.4429642, 55.80519994, 161.178], [37.44292444, 55.80519841, 161.108], [37.44288469, 55.80519683, 161.042], [37.44284493, 55.8051953, 160.979], [37.44280517, 55.80519374, 160.915], [37.44276541, 55.80519217, 160.849], [37.44272565, 55.80519068, 160.783], [37.44268589, 55.80518917, 160.716], [37.44264613, 55.80518761, 160.645], [37.44260637, 55.80518608, 160.572], [37.44256661, 55.80518456, 160.499], [37.44252685, 55.80518301, 160.426], [37.44248709, 55.80518147, 160.35], [37.44244733, 55.80517993, 160.271], [37.44240757, 55.80517844, 160.193], [37.4423678, 55.80517698, 160.116], [37.44232804, 55.80517544, 160.038], [37.44228828, 55.80517387, 159.955], [37.44224853, 55.80517233, 159.868], [37.44220876, 55.80517083, 159.779], [37.442169, 55.80516928, 159.692], [37.44212925, 55.80516769, 159.608], [37.44208949, 55.80516621, 159.525], [37.44204971, 55.8051648, 159.446], [37.44200995, 55.8051633, 159.367], [37.44197019, 55.80516174, 159.283], [37.44193043, 55.80516023, 159.195], [37.44189067, 55.80515871, 159.11], [37.44185091, 55.80515716, 159.03], [37.44181115, 55.80515561, 158.951], [37.44177139, 55.80515407, 158.864], [37.44173164, 55.80515251, 158.774], [37.44169188, 55.80515095, 158.687], [37.44165212, 55.80514942, 158.605], [37.44161236, 55.80514787, 158.524], [37.44157261, 55.80514625, 158.439], [37.44153286, 55.80514466, 158.351], [37.44149309, 55.80514325, 158.258], [37.44145331, 55.80514182, 158.16], [37.44141356, 55.80514026, 158.062], [37.44137382, 55.80513854, 157.968], [37.4413341, 55.80513675, 157.877], [37.44129435, 55.80513514, 157.79], [37.44125458, 55.80513366, 157.704], [37.44121483, 55.80513207, 157.615], [37.44117508, 55.80513043, 157.521], [37.44113533, 55.80512885, 157.424], [37.44109558, 55.80512726, 157.326], [37.44105583, 55.80512561, 157.23], [37.44101608, 55.80512399, 157.134], [37.44097633, 55.8051224, 157.037], [37.44093658, 55.8051208, 156.942], [37.44089683, 55.80511916, 156.849], [37.44085708, 55.80511759, 156.759], [37.44081731, 55.80511608, 156.673], [37.44077756, 55.8051145, 156.586], [37.4407378, 55.805113, 156.493], [37.44069802, 55.80511159, 156.393], [37.44065828, 55.80510993, 156.29], [37.44061854, 55.80510826, 156.184], [37.44057875, 55.80510693, 156.071], [37.44053895, 55.80510588, 155.957], [37.44049918, 55.80510444, 155.852], [37.44045954, 55.80510213, 155.761], [37.44042013, 55.80509881, 155.681], [37.44038112, 55.80509423, 155.608], [37.44034243, 55.80508884, 155.537], [37.44030394, 55.80508304, 155.464], [37.44026559, 55.80507692, 155.385], [37.44022734, 55.80507063, 155.301], [37.44018892, 55.80506467, 155.212], [37.44015196, 55.80505703, 155.13]]}, "properties": {"id": "wb_detour", "closed": false, "length": 625.275, "n_runs": 12, "from": "{\"edge\": \"main\", \"s\": 1120.979}", "to": "{\"edge\": \"main\", \"s\": 1745.219}"}}, {"type": "Feature", "geometry": {"type": "LineString", "coordinates": [[37.38887499, 55.79941002, 174.25], [37.38890246, 55.79942622, 174.25], [37.38892986, 55.79944246, 174.252], [37.38895731, 55.79945867, 174.258], [37.3889849, 55.79947481, 174.266], [37.38901263, 55.79949086, 174.275], [37.38904032, 55.79950694, 174.285], [37.38906797, 55.79952305, 174.294], [37.3890955, 55.79953921, 174.302], [37.38912298, 55.79955541, 174.306], [37.38915063, 55.79957151, 174.31], [37.38917831, 55.7995876, 174.312], [37.3892058, 55.79960378, 174.312], [37.3892332, 55.79962002, 174.309], [37.38926072, 55.79963619, 174.306], [37.38928841, 55.79965227, 174.307], [37.38931596, 55.79966843, 174.313], [37.38934331, 55.79968469, 174.321], [37.38937078, 55.79970089, 174.327], [37.3893983, 55.79971706, 174.33], [37.38942594, 55.79973317, 174.332], [37.38945363, 55.79974925, 174.333], [37.38948132, 55.79976533, 174.333], [37.38950918, 55.79978132, 174.331], [37.38953705, 55.7997973, 174.327], [37.38956493, 55.79981328, 174.325], [37.38959313, 55.79982907, 174.329], [37.38962155, 55.79984474, 174.34], [37.38964903, 55.79986093, 174.354], [37.38967504, 55.79987788, 174.366], [37.38969972, 55.79989544, 174.375], [37.38972271, 55.79991372, 174.384], [37.38974323, 55.7999329, 174.396], [37.38976191, 55.79995268, 174.41], [37.38977977, 55.79997269, 174.422], [37.38979814, 55.79999256, 174.429], [37.38981845, 55.80001181, 174.43], [37.38983243, 55.80003238, 174.428]]}, "properties": {"id": "fan_F2", "closed": false, "length": 92.2874, "n_runs": 5, "from": "null", "to": "{\"edge\": \"main\", \"s\": 5724.458}"}}, {"type": "Feature", "geometry": {"type": "LineString", "coordinates": [[37.39008405, 55.80022284, 174.512], [37.39006948, 55.80020237, 174.504], [37.39004875, 55.80018323, 174.498], [37.3900303, 55.80016337, 174.494], [37.39001411, 55.80014289, 174.487], [37.39000011, 55.8001219, 174.47], [37.38998766, 55.8001006, 174.445], [37.38997596, 55.80007917, 174.425], [37.38996425, 55.80005774, 174.42], [37.38995193, 55.80003641, 174.424], [37.38993904, 55.8000152, 174.429], [37.38992584, 55.79999404, 174.427], [37.38991202, 55.79997301, 174.419], [37.38989734, 55.79995217, 174.412], [37.38988171, 55.79993155, 174.41], [37.38986517, 55.79991115, 174.414], [37.38984801, 55.79989092, 174.418], [37.38983057, 55.79987076, 174.421], [37.38981298, 55.79985065, 174.418], [37.38979503, 55.79983063, 174.409], [37.38977671, 55.79981073, 174.394], [37.38975809, 55.79979091, 174.373], [37.38973908, 55.7997712, 174.342], [37.38971973, 55.79975161, 174.299], [37.38970009, 55.7997321, 174.251], [37.38968009, 55.79971272, 174.21], [37.38965972, 55.79969345, 174.178], [37.38963905, 55.79967429, 174.149], [37.38961814, 55.7996552, 174.119], [37.38959685, 55.79963626, 174.089], [37.38957476, 55.79961761, 174.06], [37.38955181, 55.79959928, 174.035], [37.3895282, 55.79958123, 174.011], [37.38950406, 55.7995634, 173.987], [37.38947925, 55.79954587, 173.966], [37.38945385, 55.7995286, 173.954], [37.38942787, 55.79951161, 173.951], [37.38940122, 55.79949495, 173.95], [37.38937411, 55.79947853, 173.944], [37.3893466, 55.79946233, 173.935], [37.38931833, 55.79944654, 173.928], [37.38928929, 55.7994312, 173.928], [37.3892596, 55.79941627, 173.931], [37.38922934, 55.7994017, 173.931], [37.38919845, 55.79938756, 173.924], [37.38916705, 55.79937377, 173.91], [37.38913482, 55.79936061, 173.893], [37.38910193, 55.79934798, 173.875], [37.38906882, 55.79933553, 173.858], [37.38903551, 55.79932326, 173.847], [37.389002, 55.79931115, 173.844]]}, "properties": {"id": "west_arrival_2", "closed": false, "length": 125.332, "n_runs": 3, "from": "{\"edge\": \"main\", \"s\": 5395.199}", "to": "null"}}, {"type": "Feature", "geometry": {"type": "LineString", "coordinates": [[37.38882376, 55.79921046, 173.792], [37.38885753, 55.79922245, 173.795], [37.38889127, 55.79923448, 173.804], [37.38892499, 55.79924652, 173.813], [37.38895873, 55.79925854, 173.819], [37.38899257, 55.79927048, 173.821], [37.38902647, 55.79928236, 173.825], [37.38906017, 55.79929441, 173.833], [37.38909378, 55.79930656, 173.843], [37.38912719, 55.79931886, 173.848], [37.38916029, 55.79933144, 173.85], [37.38919266, 55.7993446, 173.856], [37.38922413, 55.79935844, 173.875], [37.38925522, 55.79937255, 173.899], [37.38928615, 55.79938677, 173.912], [37.3893168, 55.79940118, 173.913], [37.38934673, 55.79941607, 173.913], [37.38937601, 55.79943135, 173.916], [37.389405, 55.79944681, 173.923], [37.38943344, 55.7994626, 173.929], [37.38946105, 55.79947884, 173.934], [37.38948757, 55.79949565, 173.938], [37.3895132, 55.79951289, 173.944], [37.38953764, 55.79953068, 173.957], [37.38956123, 55.79954882, 173.978], [37.38958415, 55.79956723, 174.007], [37.38960639, 55.79958591, 174.038], [37.38962819, 55.79960475, 174.067], [37.38964981, 55.79962365, 174.094], [37.38967098, 55.79964272, 174.122], [37.38969151, 55.79966201, 174.15], [37.38971171, 55.79968141, 174.184], [37.3897318, 55.79970085, 174.223], [37.38975157, 55.79972038, 174.265], [37.38977128, 55.79973994, 174.304], [37.38979095, 55.79975951, 174.34], [37.38981037, 55.79977916, 174.375], [37.3898293, 55.79979896, 174.404], [37.38984743, 55.799819, 174.42], [37.38986498, 55.7998392, 174.424], [37.38988244, 55.79985942, 174.42], [37.3898996, 55.79987973, 174.414], [37.38991641, 55.79990013, 174.413], [37.3899327, 55.79992066, 174.419], [37.38994816, 55.79994139, 174.43], [37.38996258, 55.79996236, 174.439], [37.38997593, 55.79998356, 174.442], [37.3899882, 55.80000496, 174.44], [37.38999982, 55.80002647, 174.437], [37.39001169, 55.80004795, 174.438], [37.39002454, 55.80006924, 174.444], [37.3900388, 55.80009024, 174.452], [37.39005451, 55.80011091, 174.458], [37.39007115, 55.80013136, 174.467], [37.39008844, 55.80015163, 174.483], [37.39010685, 55.80017158, 174.506], [37.39012668, 55.8001911, 174.528]]}, "properties": {"id": "fan_F3", "closed": false, "length": 142.2264, "n_runs": 2, "from": "null", "to": "{\"edge\": \"main\", \"s\": 5751.734}"}}, {"type": "Feature", "geometry": {"type": "Point", "coordinates": [37.3888969, 55.79942314]}, "properties": {"id": "fan_F2:2.0", "edge": "fan_F2", "s": 2.01, "cls": "signal", "landmark": true, "s_robust_std": 0.366, "n_runs": 3, "p_stop": null, "dwell_med": 6.7}}, {"type": "Feature", "geometry": {"type": "Point", "coordinates": [37.38918832, 55.79959181]}, "properties": {"id": "fan_F2:28.2", "edge": "fan_F2", "s": 28.21, "cls": "terminal", "landmark": false, "s_robust_std": 0.897, "n_runs": 2, "p_stop": null, "dwell_med": 77.5}}, {"type": "Feature", "geometry": {"type": "Point", "coordinates": [37.46229831, 55.8104015]}, "properties": {"id": "main:0.1", "edge": "main", "s": 0.14, "cls": "terminal", "landmark": true, "s_robust_std": 0.151, "n_runs": 11, "p_stop": 0.042, "dwell_med": 7.5}}, {"type": "Feature", "geometry": {"type": "Point", "coordinates": [37.46227001, 55.8105258]}, "properties": {"id": "main:15.1", "edge": "main", "s": 15.14, "cls": "terminal", "landmark": false, "s_robust_std": 0.377, "n_runs": 2, "p_stop": 0.031, "dwell_med": 6.9}}, {"type": "Feature", "geometry": {"type": "Point", "coordinates": [37.46134588, 55.8101217]}, "properties": {"id": "main:146.3", "edge": "main", "s": 146.27, "cls": "platform", "landmark": true, "s_robust_std": 0.161, "n_runs": 22, "p_stop": 0.618, "dwell_med": 22.0}}, {"type": "Feature", "geometry": {"type": "Point", "coordinates": [37.4613977, 55.80971486]}, "properties": {"id": "main:191.7", "edge": "main", "s": 191.68, "cls": "signal", "landmark": true, "s_robust_std": 0.564, "n_runs": 16, "p_stop": 0.457, "dwell_med": 18.0}}, {"type": "Feature", "geometry": {"type": "Point", "coordinates": [37.4607577, 55.80904661]}, "properties": {"id": "main:277.8", "edge": "main", "s": 277.82, "cls": "signal", "landmark": true, "s_robust_std": 0.352, "n_runs": 11, "p_stop": 0.314, "dwell_med": 10.3}}, {"type": "Feature", "geometry": {"type": "Point", "coordinates": [37.45852746, 55.80715449]}, "properties": {"id": "main:531.0", "edge": "main", "s": 531.04, "cls": "signal", "landmark": false, "s_robust_std": 1.769, "n_runs": 4, "p_stop": 0.118, "dwell_med": 24.0}}, {"type": "Feature", "geometry": {"type": "Point", "coordinates": [37.45830308, 55.80697433]}, "properties": {"id": "main:555.2", "edge": "main", "s": 555.17, "cls": "platform", "landmark": true, "s_robust_std": 0.318, "n_runs": 20, "p_stop": 0.588, "dwell_med": 16.1}}, {"type": "Feature", "geometry": {"type": "Point", "coordinates": [37.45814571, 55.80684183]}, "properties": {"id": "main:572.9", "edge": "main", "s": 572.92, "cls": "signal", "landmark": true, "s_robust_std": 0.302, "n_runs": 14, "p_stop": 0.412, "dwell_med": 12.1}}, {"type": "Feature", "geometry": {"type": "Point", "coordinates": [37.4545258, 55.80571968]}, "properties": {"id": "main:840.1", "edge": "main", "s": 840.14, "cls": "signal", "landmark": false, "s_robust_std": 1.184, "n_runs": 3, "p_stop": 0.088, "dwell_med": 10.0}}, {"type": "Feature", "geometry": {"type": "Point", "coordinates": [37.45387416, 55.80567061]}, "properties": {"id": "main:881.4", "edge": "main", "s": 881.38, "cls": "platform", "landmark": true, "s_robust_std": 0.201, "n_runs": 25, "p_stop": 0.735, "dwell_med": 20.6}}, {"type": "Feature", "geometry": {"type": "Point", "coordinates": [37.45376969, 55.80566282]}, "properties": {"id": "main:888.0", "edge": "main", "s": 887.97, "cls": "signal", "landmark": true, "s_robust_std": 0.318, "n_runs": 4, "p_stop": 0.118, "dwell_med": 28.5}}, {"type": "Feature", "geometry": {"type": "Point", "coordinates": [37.45340802, 55.80563586]}, "properties": {"id": "main:910.8", "edge": "main", "s": 910.85, "cls": "random", "landmark": false, "s_robust_std": 0.013, "n_runs": 2, "p_stop": 0.059, "dwell_med": 20.5}}, {"type": "Feature", "geometry": {"type": "Point", "coordinates": [37.45333125, 55.80563021]}, "properties": {"id": "main:915.7", "edge": "main", "s": 915.7, "cls": "signal", "landmark": true, "s_robust_std": 0.024, "n_runs": 3, "p_stop": 0.088, "dwell_med": 32.6}}, {"type": "Feature", "geometry": {"type": "Point", "coordinates": [37.45256429, 55.80557231]}, "properties": {"id": "main:964.2", "edge": "main", "s": 964.23, "cls": "signal", "landmark": true, "s_robust_std": 0.051, "n_runs": 6, "p_stop": 0.176, "dwell_med": 19.6}}, {"type": "Feature", "geometry": {"type": "Point", "coordinates": [37.42992127, 55.80407529]}, "properties": {"id": "main:2398.8", "edge": "main", "s": 2398.77, "cls": "signal", "landmark": true, "s_robust_std": 0.222, "n_runs": 4, "p_stop": 0.118, "dwell_med": 16.5}}, {"type": "Feature", "geometry": {"type": "Point", "coordinates": [37.42224194, 55.80409887]}, "properties": {"id": "main:2888.5", "edge": "main", "s": 2888.46, "cls": "signal", "landmark": true, "s_robust_std": 0.131, "n_runs": 5, "p_stop": 0.147, "dwell_med": 23.4}}, {"type": "Feature", "geometry": {"type": "Point", "coordinates": [37.42049825, 55.80431913]}, "properties": {"id": "main:3000.5", "edge": "main", "s": 3000.52, "cls": "platform", "landmark": true, "s_robust_std": 0.398, "n_runs": 27, "p_stop": 0.794, "dwell_med": 28.1}}, {"type": "Feature", "geometry": {"type": "Point", "coordinates": [37.41706154, 55.80475727]}, "properties": {"id": "main:3221.5", "edge": "main", "s": 3221.48, "cls": "signal", "landmark": true, "s_robust_std": 0.434, "n_runs": 11, "p_stop": 0.324, "dwell_med": 16.7}}, {"type": "Feature", "geometry": {"type": "Point", "coordinates": [37.41377924, 55.80521088]}, "properties": {"id": "main:3433.4", "edge": "main", "s": 3433.43, "cls": "platform", "landmark": true, "s_robust_std": 0.458, "n_runs": 27, "p_stop": 0.794, "dwell_med": 24.2}}, {"type": "Feature", "geometry": {"type": "Point", "coordinates": [37.41368532, 55.80522383]}, "properties": {"id": "main:3439.5", "edge": "main", "s": 3439.49, "cls": "signal", "landmark": true, "s_robust_std": 0.266, "n_runs": 8, "p_stop": 0.235, "dwell_med": 31.9}}, {"type": "Feature", "geometry": {"type": "Point", "coordinates": [37.41151896, 55.80552359]}, "properties": {"id": "main:3579.4", "edge": "main", "s": 3579.38, "cls": "signal", "landmark": true, "s_robust_std": 0.163, "n_runs": 4, "p_stop": 0.118, "dwell_med": 9.4}}, {"type": "Feature", "geometry": {"type": "Point", "coordinates": [37.40889023, 55.80316126]}, "properties": {"id": "main:3920.9", "edge": "main", "s": 3920.87, "cls": "signal", "landmark": true, "s_robust_std": 0.352, "n_runs": 15, "p_stop": 0.441, "dwell_med": 22.2}}, {"type": "Feature", "geometry": {"type": "Point", "coordinates": [37.40785765, 55.80165963]}, "properties": {"id": "main:4100.1", "edge": "main", "s": 4100.15, "cls": "platform", "landmark": true, "s_robust_std": 0.559, "n_runs": 25, "p_stop": 0.735, "dwell_med": 31.2}}, {"type": "Feature", "geometry": {"type": "Point", "coordinates": [37.40637822, 55.79987486]}, "properties": {"id": "main:4321.1", "edge": "main", "s": 4321.12, "cls": "signal", "landmark": true, "s_robust_std": 0.208, "n_runs": 13, "p_stop": 0.394, "dwell_med": 15.7}}, {"type": "Feature", "geometry": {"type": "Point", "coordinates": [37.40253706, 55.79925329]}, "properties": {"id": "main:4576.9", "edge": "main", "s": 4576.91, "cls": "platform", "landmark": true, "s_robust_std": 0.169, "n_runs": 24, "p_stop": 0.727, "dwell_med": 18.0}}, {"type": "Feature", "geometry": {"type": "Point", "coordinates": [37.39596787, 55.7993015]}, "properties": {"id": "main:4997.2", "edge": "main", "s": 4997.22, "cls": "platform", "landmark": true, "s_robust_std": 0.173, "n_runs": 22, "p_stop": 0.667, "dwell_med": 18.5}}, {"type": "Feature", "geometry": {"type": "Point", "coordinates": [37.39268074, 55.8000008]}, "properties": {"id": "main:5217.6", "edge": "main", "s": 5217.59, "cls": "platform", "landmark": true, "s_robust_std": 0.195, "n_runs": 24, "p_stop": 0.727, "dwell_med": 18.5}}, {"type": "Feature", "geometry": {"type": "Point", "coordinates": [37.39093559, 55.80037282]}, "properties": {"id": "main:5334.7", "edge": "main", "s": 5334.66, "cls": "platform", "landmark": true, "s_robust_std": 0.248, "n_runs": 17, "p_stop": 0.516, "dwell_med": 21.3}}, {"type": "Feature", "geometry": {"type": "Point", "coordinates": [37.38905425, 55.79981144]}, "properties": {"id": "main:5476.0", "edge": "main", "s": 5476.0, "cls": "terminal", "landmark": false, "s_robust_std": 0.253, "n_runs": 2, "p_stop": 0.25, "dwell_med": 202.7}}, {"type": "Feature", "geometry": {"type": "Point", "coordinates": [37.38882155, 55.7994439]}, "properties": {"id": "main:5633.3", "edge": "main", "s": 5633.27, "cls": "terminal", "landmark": true, "s_robust_std": 0.128, "n_runs": 3, "p_stop": 0.0, "dwell_med": 7.8}}, {"type": "Feature", "geometry": {"type": "Point", "coordinates": [37.38895557, 55.79952154]}, "properties": {"id": "main:5645.3", "edge": "main", "s": 5645.32, "cls": "terminal", "landmark": true, "s_robust_std": 0.855, "n_runs": 8, "p_stop": 0.091, "dwell_med": 15.4}}, {"type": "Feature", "geometry": {"type": "Point", "coordinates": [37.3891942, 55.79964773]}, "properties": {"id": "main:5665.8", "edge": "main", "s": 5665.83, "cls": "terminal", "landmark": false, "s_robust_std": 1.625, "n_runs": 2, "p_stop": 0.043, "dwell_med": 24.2}}, {"type": "Feature", "geometry": {"type": "Point", "coordinates": [37.38943988, 55.79980402]}, "properties": {"id": "main:5689.0", "edge": "main", "s": 5689.05, "cls": "signal", "landmark": true, "s_robust_std": 0.077, "n_runs": 6, "p_stop": 0.24, "dwell_med": 33.0}}, {"type": "Feature", "geometry": {"type": "Point", "coordinates": [37.38971098, 55.79996149]}, "properties": {"id": "main:5713.5", "edge": "main", "s": 5713.47, "cls": "signal", "landmark": true, "s_robust_std": 0.084, "n_runs": 3, "p_stop": 0.111, "dwell_med": 21.9}}, {"type": "Feature", "geometry": {"type": "Point", "coordinates": [37.39186651, 55.80014086]}, "properties": {"id": "main:5870.5", "edge": "main", "s": 5870.49, "cls": "platform", "landmark": true, "s_robust_std": 0.188, "n_runs": 23, "p_stop": 0.697, "dwell_med": 18.4}}, {"type": "Feature", "geometry": {"type": "Point", "coordinates": [37.39504511, 55.79946474]}, "properties": {"id": "main:6083.6", "edge": "main", "s": 6083.63, "cls": "platform", "landmark": true, "s_robust_std": 0.146, "n_runs": 23, "p_stop": 0.697, "dwell_med": 19.0}}, {"type": "Feature", "geometry": {"type": "Point", "coordinates": [37.40144488, 55.79913287]}, "properties": {"id": "main:6496.6", "edge": "main", "s": 6496.58, "cls": "platform", "landmark": true, "s_robust_std": 0.162, "n_runs": 24, "p_stop": 0.676, "dwell_med": 19.1}}, {"type": "Feature", "geometry": {"type": "Point", "coordinates": [37.40562523, 55.79953783]}, "properties": {"id": "main:6763.2", "edge": "main", "s": 6763.24, "cls": "signal", "landmark": true, "s_robust_std": 0.067, "n_runs": 9, "p_stop": 0.265, "dwell_med": 24.1}}, {"type": "Feature", "geometry": {"type": "Point", "coordinates": [37.4076158, 55.80122693]}, "properties": {"id": "main:6996.5", "edge": "main", "s": 6996.53, "cls": "signal", "landmark": true, "s_robust_std": 0.337, "n_runs": 6, "p_stop": 0.176, "dwell_med": 11.1}}, {"type": "Feature", "geometry": {"type": "Point", "coordinates": [37.40791557, 55.80165668]}, "properties": {"id": "main:7047.8", "edge": "main", "s": 7047.78, "cls": "random", "landmark": false, "s_robust_std": 0.453, "n_runs": 2, "p_stop": 0.059, "dwell_med": 24.4}}, {"type": "Feature", "geometry": {"type": "Point", "coordinates": [37.40814912, 55.80199623]}, "properties": {"id": "main:7088.3", "edge": "main", "s": 7088.34, "cls": "platform", "landmark": true, "s_robust_std": 0.275, "n_runs": 22, "p_stop": 0.618, "dwell_med": 37.7}}, {"type": "Feature", "geometry": {"type": "Point", "coordinates": [37.40818416, 55.80205789]}, "properties": {"id": "main:7095.7", "edge": "main", "s": 7095.7, "cls": "signal", "landmark": true, "s_robust_std": 0.41, "n_runs": 3, "p_stop": 0.086, "dwell_med": 36.5}}, {"type": "Feature", "geometry": {"type": "Point", "coordinates": [37.40849273, 55.80249369]}, "properties": {"id": "main:7147.8", "edge": "main", "s": 7147.76, "cls": "signal", "landmark": true, "s_robust_std": 0.496, "n_runs": 4, "p_stop": 0.114, "dwell_med": 40.1}}, {"type": "Feature", "geometry": {"type": "Point", "coordinates": [37.41073618, 55.80548625]}, "properties": {"id": "main:7512.0", "edge": "main", "s": 7512.05, "cls": "random", "landmark": false, "s_robust_std": 1.517, "n_runs": 2, "p_stop": 0.059, "dwell_med": 18.8}}, {"type": "Feature", "geometry": {"type": "Point", "coordinates": [37.41222016, 55.80539425]}, "properties": {"id": "main:7608.0", "edge": "main", "s": 7608.03, "cls": "signal", "landmark": false, "s_robust_std": 2.214, "n_runs": 3, "p_stop": 0.088, "dwell_med": 6.4}}, {"type": "Feature", "geometry": {"type": "Point", "coordinates": [37.41287904, 55.80530297]}, "properties": {"id": "main:7650.6", "edge": "main", "s": 7650.55, "cls": "platform", "landmark": true, "s_robust_std": 0.251, "n_runs": 26, "p_stop": 0.765, "dwell_med": 24.7}}, {"type": "Feature", "geometry": {"type": "Point", "coordinates": [37.4129789, 55.80528898]}, "properties": {"id": "main:7657.1", "edge": "main", "s": 7657.08, "cls": "signal", "landmark": true, "s_robust_std": 0.131, "n_runs": 5, "p_stop": 0.147, "dwell_med": 31.7}}, {"type": "Feature", "geometry": {"type": "Point", "coordinates": [37.4154866, 55.80494274]}, "properties": {"id": "main:7818.9", "edge": "main", "s": 7818.88, "cls": "signal", "landmark": true, "s_robust_std": 0.246, "n_runs": 12, "p_stop": 0.353, "dwell_med": 26.8}}, {"type": "Feature", "geometry": {"type": "Point", "coordinates": [37.41897542, 55.80447785]}, "properties": {"id": "main:8043.8", "edge": "main", "s": 8043.75, "cls": "signal", "landmark": true, "s_robust_std": 0.013, "n_runs": 3, "p_stop": 0.091, "dwell_med": 12.0}}, {"type": "Feature", "geometry": {"type": "Point", "coordinates": [37.41911172, 55.80446128]}, "properties": {"id": "main:8052.5", "edge": "main", "s": 8052.52, "cls": "random", "landmark": false, "s_robust_std": 0.621, "n_runs": 2, "p_stop": 0.061, "dwell_med": 35.4}}, {"type": "Feature", "geometry": {"type": "Point", "coordinates": [37.41956032, 55.80440494]}, "properties": {"id": "main:8081.3", "edge": "main", "s": 8081.28, "cls": "platform", "landmark": true, "s_robust_std": 0.367, "n_runs": 25, "p_stop": 0.758, "dwell_med": 20.6}}, {"type": "Feature", "geometry": {"type": "Point", "coordinates": [37.41969226, 55.80438807]}, "properties": {"id": "main:8089.8", "edge": "main", "s": 8089.82, "cls": "signal", "landmark": true, "s_robust_std": 0.135, "n_runs": 6, "p_stop": 0.182, "dwell_med": 37.8}}, {"type": "Feature", "geometry": {"type": "Point", "coordinates": [37.42106961, 55.80421489]}, "properties": {"id": "main:8178.3", "edge": "main", "s": 8178.25, "cls": "signal", "landmark": true, "s_robust_std": 0.335, "n_runs": 5, "p_stop": 0.152, "dwell_med": 28.7}}, {"type": "Feature", "geometry": {"type": "Point", "coordinates": [37.42570627, 55.80373809]}, "properties": {"id": "main:8474.4", "edge": "main", "s": 8474.42, "cls": "signal", "landmark": true, "s_robust_std": 0.865, "n_runs": 4, "p_stop": 0.121, "dwell_med": 20.0}}, {"type": "Feature", "geometry": {"type": "Point", "coordinates": [37.42926877, 55.80394098]}, "properties": {"id": "main:8700.9", "edge": "main", "s": 8700.89, "cls": "random", "landmark": false, "s_robust_std": 0.043, "n_runs": 2, "p_stop": 0.061, "dwell_med": 15.6}}, {"type": "Feature", "geometry": {"type": "Point", "coordinates": [37.45088242, 55.8054378]}, "properties": {"id": "main:10071.8", "edge": "main", "s": 10071.79, "cls": "random", "landmark": false, "s_robust_std": 1.594, "n_runs": 2, "p_stop": 0.061, "dwell_med": 16.9}}, {"type": "Feature", "geometry": {"type": "Point", "coordinates": [37.45151825, 55.80546634]}, "properties": {"id": "main:10111.8", "edge": "main", "s": 10111.79, "cls": "signal", "landmark": true, "s_robust_std": 0.343, "n_runs": 13, "p_stop": 0.394, "dwell_med": 17.2}}, {"type": "Feature", "geometry": {"type": "Point", "coordinates": [37.45233857, 55.80551921]}, "properties": {"id": "main:10163.6", "edge": "main", "s": 10163.57, "cls": "random", "landmark": false, "s_robust_std": 1.2, "n_runs": 2, "p_stop": 0.059, "dwell_med": 43.2}}, {"type": "Feature", "geometry": {"type": "Point", "coordinates": [37.45297917, 55.80557188]}, "properties": {"id": "main:10204.2", "edge": "main", "s": 10204.16, "cls": "platform", "landmark": true, "s_robust_std": 0.111, "n_runs": 25, "p_stop": 0.735, "dwell_med": 19.9}}, {"type": "Feature", "geometry": {"type": "Point", "coordinates": [37.45317115, 55.80558618]}, "properties": {"id": "main:10216.3", "edge": "main", "s": 10216.3, "cls": "random", "landmark": false, "s_robust_std": 0.47, "n_runs": 2, "p_stop": 0.059, "dwell_med": 13.4}}, {"type": "Feature", "geometry": {"type": "Point", "coordinates": [37.45737582, 55.80632313]}, "properties": {"id": "main:10496.7", "edge": "main", "s": 10496.67, "cls": "signal", "landmark": true, "s_robust_std": 0.172, "n_runs": 16, "p_stop": 0.471, "dwell_med": 20.4}}, {"type": "Feature", "geometry": {"type": "Point", "coordinates": [37.46018215, 55.80850405]}, "properties": {"id": "main:10797.4", "edge": "main", "s": 10797.43, "cls": "signal", "landmark": false, "s_robust_std": 1.042, "n_runs": 8, "p_stop": 0.235, "dwell_med": 17.5}}, {"type": "Feature", "geometry": {"type": "Point", "coordinates": [37.46090239, 55.80911116]}, "properties": {"id": "main:10878.7", "edge": "main", "s": 10878.75, "cls": "signal", "landmark": true, "s_robust_std": 0.29, "n_runs": 13, "p_stop": 0.394, "dwell_med": 22.6}}, {"type": "Feature", "geometry": {"type": "Point", "coordinates": [37.46144822, 55.80975652]}, "properties": {"id": "main:10960.9", "edge": "main", "s": 10960.86, "cls": "platform", "landmark": true, "s_robust_std": 0.511, "n_runs": 26, "p_stop": 0.781, "dwell_med": 22.9}}, {"type": "Feature", "geometry": {"type": "Point", "coordinates": [37.46229314, 55.8103938]}, "properties": {"id": "main:11052.9", "edge": "main", "s": 11052.85, "cls": "terminal", "landmark": false, "s_robust_std": 1.066, "n_runs": 21, "p_stop": 0.091, "dwell_med": 13.8}}]}