s,x,y,z,yaw,curvature,grade,lat,lon,h,utm_e,utm_n,n_runs,lat_mad,z_mad
0.000,1635.2320,293.8609,5.7879,2.575084,0.069453,-0.001795,55.805436519,37.450077142,166.0038,402853.9885,6185512.4730,15,0.0316,0.0263
0.500,1634.8102,294.1292,5.7879,2.575084,0.077110,-0.001838,55.805438930,37.450070418,166.0037,402853.5731,6185512.7507,15,0.0316,0.0263
1.000,1634.3885,294.3974,5.7874,2.747718,0.080613,-0.001926,55.805441341,37.450063694,166.0031,402853.1577,6185513.0284,15,0.0316,0.0204
1.499,1633.9009,294.5071,5.7869,2.921915,0.079321,-0.002014,55.805442327,37.450055919,166.0025,402852.6729,6185513.1491,14,0.0256,0.0145
1.999,1633.4130,294.6152,5.7862,2.964646,0.073409,-0.002102,55.805443300,37.450048139,166.0017,402852.1877,6185513.2683,12,0.0195,0.0147
2.499,1632.9178,294.6829,5.7855,3.005650,0.063828,-0.002190,55.805443909,37.450040242,166.0008,402851.6943,6185513.3472,11,0.0134,0.0149
2.999,1632.4226,294.7507,5.7846,2.999864,0.052050,-0.002279,55.805444520,37.450032346,165.9998,402851.2010,6185513.4262,9,0.0074,0.0138
3.499,1631.9282,294.8241,5.7836,2.994138,0.039704,-0.002367,55.805445181,37.450024462,165.9987,402850.7085,6185513.5108,9,0.0067,0.0126
3.998,1631.4338,294.8976,5.7825,2.990203,0.028218,-0.002455,55.805445843,37.450016579,165.9974,402850.2161,6185513.5955,9,0.0061,0.0115
4.498,1630.9400,294.9748,5.7813,2.986307,0.018584,-0.002542,55.805446538,37.450008704,165.9962,402849.7243,6185513.6839,9,0.0055,0.0104
4.998,1630.4462,295.0522,5.7799,2.983637,0.011276,-0.002628,55.805447235,37.450000830,165.9947,402849.2326,6185513.7724,9,0.0049,0.0143
5.498,1629.9528,295.1321,5.7786,2.980991,0.006319,-0.002712,55.805447954,37.449992963,165.9932,402848.7413,6185513.8635,9,0.0047,0.0182
5.998,1629.4595,295.2120,5.7770,2.979173,0.003431,-0.002796,55.805448674,37.449985095,165.9915,402848.2500,6185513.9546,9,0.0045,0.0160
6.497,1628.9664,295.2937,5.7755,2.977382,0.002185,-0.002878,55.805449409,37.449977232,165.9899,402847.7591,6185514.0475,9,0.0043,0.0138
6.997,1628.4733,295.3754,5.7738,2.976663,0.002141,-0.002958,55.805450145,37.449969370,165.9880,402847.2681,6185514.1404,9,0.0041,0.0159
7.497,1627.9803,295.4578,5.7720,2.975982,0.002914,-0.003036,55.805450886,37.449961509,165.9862,402846.7773,6185514.2340,9,0.0048,0.0179
7.997,1627.4873,295.5402,5.7701,2.977132,0.004206,-0.003112,55.805451628,37.449953647,165.9841,402846.2865,6185514.3275,9,0.0056,0.0160
8.497,1626.9942,295.6215,5.7681,2.978327,0.005798,-0.003187,55.805452360,37.449945783,165.9820,402845.7954,6185514.4200,9,0.0063,0.0141
8.997,1626.5010,295.7027,5.7659,2.982057,0.007529,-0.003259,55.805453091,37.449937919,165.9796,402845.3044,6185514.5123,9,0.0070,0.0137
9.496,1626.0072,295.7803,5.7636,2.985824,0.009283,-0.003329,55.805453789,37.449930046,165.9772,402844.8127,6185514.6011,9,0.0077,0.0134
9.996,1625.5135,295.8578,5.7610,2.992204,0.010973,-0.003397,55.805454487,37.449922172,165.9745,402844.3210,6185514.6898,9,0.0084,0.0118
10.496,1625.0188,295.9291,5.7584,2.998603,0.012524,-0.003463,55.805455129,37.449914284,165.9718,402843.8282,6185514.7723,9,0.0090,0.0101
10.996,1624.5240,296.0002,5.7554,3.006964,0.013881,-0.003527,55.805455770,37.449906395,165.9687,402843.3353,6185514.8547,9,0.0097,0.0150
11.496,1624.0282,296.0632,5.7525,3.015325,0.015010,-0.003589,55.805456337,37.449898488,165.9656,402842.8412,6185514.9289,9,0.0095,0.0199
11.995,1623.5324,296.1261,5.7493,3.024675,0.015895,-0.003649,55.805456903,37.449890581,165.9623,402842.3471,6185515.0030,9,0.0093,0.0195
12.495,1623.0355,296.1798,5.7461,3.034011,0.016539,-0.003707,55.805457388,37.449882657,165.9590,402841.8517,6185515.0680,9,0.0091,0.0191
12.995,1622.5385,296.2334,5.7428,3.043478,0.016966,-0.003763,55.805457871,37.449874733,165.9556,402841.3563,6185515.1329,9,0.0089,0.0177
13.495,1622.0407,296.2777,5.7395,3.052924,0.017212,-0.003818,55.805458270,37.449866794,165.9522,402840.8597,6185515.1885,9,0.0096,0.0163
13.995,1621.5428,296.3220,5.7364,3.061909,0.017323,-0.003872,55.805458669,37.449858855,165.9489,402840.3631,6185515.2440,9,0.0102,0.0164
14.494,1621.0443,296.3573,5.7333,3.070874,0.017347,-0.003924,55.805458988,37.449850905,165.9457,402839.8657,6185515.2907,8,0.0109,0.0165
14.994,1620.5457,296.3926,5.7305,3.079171,0.017329,-0.003976,55.805459307,37.449842954,165.9428,402839.3682,6185515.3373,8,0.0116,0.0187
15.494,1620.0466,296.4197,5.7277,3.087453,0.017301,-0.004027,55.805459552,37.449834995,165.9399,402838.8700,6185515.3757,8,0.0112,0.0209
15.994,1619.5475,296.4467,5.7254,3.095463,0.017280,-0.004077,55.805459796,37.449827037,165.9374,402838.3718,6185515.4141,8,0.0107,0.0223
16.494,1619.0481,296.4658,5.7230,3.103462,0.017263,-0.004128,55.805459969,37.449819072,165.9349,402837.8731,6185515.4445,7,0.0103,0.0237
16.994,1618.5486,296.4848,5.7212,3.111949,0.017228,-0.004178,55.805460142,37.449811107,165.9329,402837.3744,6185515.4749,7,0.0098,0.0224
17.493,1618.0489,296.4954,5.7193,3.120424,0.017138,-0.004228,55.805460239,37.449803139,165.9310,402836.8752,6185515.4968,7,0.0097,0.0211
17.993,1617.5492,296.5060,5.7179,3.129733,0.016942,-0.004279,55.805460335,37.449795170,165.9294,402836.3760,6185515.5188,7,0.0096,0.0209
18.493,1617.0494,296.5072,5.7165,3.139027,0.016591,-0.004331,55.805460348,37.449787199,165.9279,402835.8765,6185515.5314,8,0.0094,0.0208
18.993,1616.5496,296.5085,5.7154,-3.134578,0.016041,-0.004383,55.805460361,37.449779229,165.9267,402835.3770,6185515.5441,8,0.0093,0.0232
19.493,1616.0499,296.5002,5.7144,-3.125015,0.015264,-0.004436,55.805460289,37.449771259,165.9255,402834.8774,6185515.5471,8,0.0093,0.0256
19.992,1615.5501,296.4920,5.7136,-3.116342,0.014251,-0.004490,55.805460216,37.449763290,165.9246,402834.3777,6185515.5502,8,0.0094,0.0223
20.492,1615.0506,296.4750,5.7128,-3.107670,0.013019,-0.004546,55.805460065,37.449755324,165.9237,402833.8781,6185515.5446,8,0.0094,0.0188
20.992,1614.5511,296.4580,5.7122,-3.101063,0.011607,-0.004602,55.805459915,37.449747358,165.9229,402833.3785,6185515.5391,8,0.0094,0.0185
21.492,1614.0518,296.4345,5.7115,-3.094445,0.010073,-0.004661,55.805459705,37.449739396,165.9222,402832.8790,6185515.5269,8,0.0082,0.0182
21.992,1613.5526,296.4109,5.7109,-3.090440,0.008491,-0.004720,55.805459495,37.449731434,165.9214,402832.3794,6185515.5147,8,0.0070,0.0204
22.492,1613.0535,296.3834,5.7103,-3.086433,0.006938,-0.004781,55.805459249,37.449723475,165.9207,402831.8800,6185515.4985,7,0.0058,0.0227
22.991,1612.5544,296.3558,5.7096,-3.084819,0.005487,-0.004844,55.805459003,37.449715517,165.9198,402831.3806,6185515.4823,7,0.0046,0.0244
23.491,1612.0555,296.3267,5.7089,-3.083210,0.004204,-0.004908,55.805458743,37.449707560,165.9190,402830.8813,6185515.4645,7,0.0066,0.0262
23.991,1611.5565,296.2975,5.7080,-3.083190,0.003135,-0.004973,55.805458483,37.449699603,165.9180,402830.3820,6185515.4467,7,0.0086,0.0254
24.491,1611.0576,296.2683,5.7071,-3.083177,0.002304,-0.005039,55.805458222,37.449691645,165.9170,402829.8826,6185515.4289,8,0.0107,0.0246
24.991,1610.5586,296.2391,5.7060,-3.083672,0.001716,-0.005106,55.805457962,37.449683688,165.9157,402829.3833,6185515.4111,8,0.0127,0.0265
25.490,1610.0596,296.2104,5.7048,-3.084171,0.001354,-0.005175,55.805457706,37.449675731,165.9145,402828.8839,6185515.3938,8,0.0124,0.0285
25.990,1609.5606,296.1818,5.7033,-3.084253,0.001184,-0.005244,55.805457450,37.449667773,165.9128,402828.3846,6185515.3764,8,0.0120,0.0282
26.490,1609.0616,296.1532,5.7018,-3.084332,0.001161,-0.005313,55.805457195,37.449659815,165.9112,402827.8852,6185515.3592,8,0.0117,0.0278
26.990,1608.5626,296.1246,5.6998,-3.083651,0.001234,-0.005383,55.805456940,37.449651858,165.9091,402827.3858,6185515.3420,8,0.0113,0.0284
27.490,1608.0637,296.0953,5.6979,-3.082961,0.001356,-0.005453,55.805456678,37.449643901,165.9070,402826.8865,6185515.3240,8,0.0103,0.0289
27.989,1607.5647,296.0660,5.6954,-3.081778,0.001482,-0.005522,55.805456417,37.449635944,165.9044,402826.3872,6185515.3061,8,0.0093,0.0298
28.489,1607.0658,296.0355,5.6929,-3.080587,0.001579,-0.005592,55.805456145,37.449627988,165.9018,402825.8879,6185515.2870,8,0.0083,0.0306
28.989,1606.5669,296.0050,5.6899,-3.079350,0.001625,-0.005660,55.805455873,37.449620032,165.8986,402825.3886,6185515.2679,8,0.0073,0.0241
29.489,1606.0681,295.9733,5.6868,-3.078111,0.001609,-0.005728,55.805455590,37.449612077,165.8954,402824.8893,6185515.2476,8,0.0072,0.0173
29.989,1605.5693,295.9416,5.6832,-3.077063,0.001529,-0.005795,55.805455306,37.449604123,165.8917,402824.3901,6185515.2272,8,0.0071,0.0256
30.489,1605.0706,295.9089,5.6796,-3.076017,0.001393,-0.005860,55.805455014,37.449596169,165.8879,402823.8909,6185515.2058,8,0.0071,0.0341
30.988,1604.5719,295.8761,5.6754,-3.075249,0.001214,-0.005924,55.805454721,37.449588215,165.8837,402823.3917,6185515.1844,8,0.0070,0.0370
31.488,1604.0732,295.8426,5.6712,-3.074485,0.001009,-0.005985,55.805454422,37.449580262,165.8793,402822.8925,6185515.1623,8,0.0083,0.0397
31.988,1603.5745,295.8091,5.6666,-3.074126,0.000798,-0.006045,55.805454123,37.449572310,165.8746,402822.3934,6185515.1401,8,0.0097,0.0383
32.488,1603.0758,295.7752,5.6620,-3.073774,0.000601,-0.006103,55.805453820,37.449564357,165.8699,402821.8942,6185515.1176,8,0.0111,0.0367
32.988,1602.5771,295.7413,5.6571,-3.073870,0.000436,-0.006159,55.805453518,37.449556405,165.8648,402821.3951,6185515.0951,8,0.0125,0.0398
33.487,1602.0785,295.7076,5.6522,-3.073975,0.000315,-0.006212,55.805453216,37.449548452,165.8598,402820.8959,6185515.0727,8,0.0131,0.0429
33.987,1601.5798,295.6738,5.6472,-3.074296,0.000248,-0.006262,55.805452914,37.449540500,165.8547,402820.3968,6185515.0503,8,0.0138,0.0422
34.487,1601.0811,295.6404,5.6422,-3.074622,0.000235,-0.006310,55.805452616,37.449532547,165.8495,402819.8976,6185515.0282,8,0.0145,0.0413
34.987,1600.5824,295.6069,5.6373,-3.074779,0.000270,-0.006355,55.805452317,37.449524594,165.8445,402819.3984,6185515.0061,8,0.0151,0.0375
35.487,1600.0837,295.5736,5.6324,-3.074933,0.000343,-0.006398,55.805452019,37.449516641,165.8395,402818.8992,6185514.9842,8,0.0130,0.0336
35.986,1599.5850,295.5403,5.6277,-3.074688,0.000436,-0.006439,55.805451722,37.449508688,165.8347,402818.4001,6185514.9623,8,0.0108,0.0365
36.486,1599.0863,295.5068,5.6231,-3.074432,0.000532,-0.006476,55.805451423,37.449500735,165.8300,402817.9009,6185514.9401,8,0.0086,0.0395
36.986,1598.5876,295.4732,5.6189,-3.073845,0.000611,-0.006512,55.805451123,37.449492782,165.8256,402817.4017,6185514.9179,8,0.0064,0.0332
37.486,1598.0890,295.4391,5.6147,-3.073248,0.000660,-0.006545,55.805450818,37.449484830,165.8213,402816.9026,6185514.8951,8,0.0068,0.0267
37.986,1597.5903,295.4050,5.6110,-3.072572,0.000667,-0.006575,55.805450513,37.449476878,165.8175,402816.4035,6185514.8723,7,0.0073,0.0198
38.486,1597.0917,295.3702,5.6074,-3.071893,0.000628,-0.006604,55.805450202,37.449468927,165.8137,402815.9044,6185514.8489,7,0.0077,0.0128
38.985,1596.5931,295.3354,5.6042,-3.071384,0.000545,-0.006631,55.805449891,37.449460975,165.8104,402815.4052,6185514.8254,6,0.0082,0.0118
39.485,1596.0946,295.3000,5.6011,-3.070879,0.000424,-0.006656,55.805449576,37.449453024,165.8072,402814.9062,6185514.8015,6,0.0078,0.0110
39.985,1595.5960,295.2647,5.5984,-3.070688,0.000277,-0.006680,55.805449260,37.449445074,165.8044,402814.4071,6185514.7775,6,0.0074,0.0126
40.485,1595.0975,295.2292,5.5958,-3.070506,0.000117,-0.006702,55.805448943,37.449437123,165.8016,402813.9080,6185514.7534,6,0.0070,0.0142
40.985,1594.5989,295.1937,5.5936,-3.070644,-0.000043,-0.006724,55.805448626,37.449429172,165.7993,402813.4089,6185514.7293,6,0.0066,0.0138
41.484,1594.1003,295.1584,5.5913,-3.070793,-0.000189,-0.006744,55.805448310,37.449421222,165.7969,402812.9098,6185514.7053,6,0.0059,0.0134
41.984,1593.6018,295.1230,5.5893,-3.071153,-0.000310,-0.006765,55.805447994,37.449413271,165.7947,402812.4108,6185514.6813,6,0.0052,0.0140
42.484,1593.1032,295.0880,5.5872,-3.071520,-0.000397,-0.006785,55.805447681,37.449405320,165.7925,402811.9117,6185514.6576,6,0.0045,0.0147
42.984,1592.6046,295.0530,5.5852,-3.071962,-0.000445,-0.006805,55.805447369,37.449397368,165.7904,402811.4126,6185514.6340,6,0.0037,0.0190
43.484,1592.1060,295.0185,5.5831,-3.072407,-0.000451,-0.006825,55.805447060,37.449389417,165.7882,402810.9134,6185514.6108,6,0.0047,0.0235
43.984,1591.6074,294.9839,5.5809,-3.072822,-0.000417,-0.006846,55.805446751,37.449381465,165.7858,402810.4143,6185514.5876,6,0.0057,0.0293
44.483,1591.1087,294.9498,5.5787,-3.073236,-0.000347,-0.006867,55.805446446,37.449373513,165.7835,402809.9152,6185514.5648,5,0.0067,0.0352
44.983,1590.6101,294.9156,5.5761,-3.073500,-0.000247,-0.006890,55.805446141,37.449365561,165.7808,402809.4160,6185514.5421,5,0.0077,0.0330
45.483,1590.1114,294.8818,5.5736,-3.073758,-0.000126,-0.006913,55.805445839,37.449357608,165.7782,402808.9169,6185514.5195,5,0.0069,0.0305
45.983,1589.6128,294.8479,5.5707,-3.073741,0.000007,-0.006939,55.805445536,37.449349656,165.7752,402808.4177,6185514.4970,5,0.0060,0.0313
46.483,1589.1141,294.8140,5.5678,-3.073711,0.000143,-0.006966,55.805445233,37.449341704,165.7721,402807.9186,6185514.4745,5,0.0051,0.0323
46.982,1588.6154,294.7801,5.5646,-3.073421,0.000274,-0.006994,55.805444930,37.449333751,165.7688,402807.4194,6185514.4519,5,0.0042,0.0292
47.482,1588.1168,294.7459,5.5614,-3.073120,0.000394,-0.007025,55.805444625,37.449325799,165.7654,402806.9203,6185514.4291,5,0.0041,0.0261
47.982,1587.6181,294.7117,5.5579,-3.072749,0.000499,-0.007059,55.805444319,37.449317847,165.7619,402806.4212,6185514.4063,5,0.0040,0.0248
48.482,1587.1195,294.6771,5.5544,-3.072374,0.000586,-0.007094,55.805444010,37.449309895,165.7583,402805.9221,6185514.3831,6,0.0039,0.0236
48.982,1586.6209,294.6425,5.5508,-3.072063,0.000652,-0.007133,55.805443702,37.449301944,165.7545,402805.4229,6185514.3598,6,0.0038,0.0192
49.481,1586.1223,294.6077,5.5472,-3.071754,0.000691,-0.007174,55.805443390,37.449293992,165.7508,402804.9238,6185514.3363,6,0.0037,0.0147
49.981,1585.6237,294.5728,5.5436,-3.071391,0.000699,-0.007218,55.805443078,37.449286041,165.7470,402804.4247,6185514.3128,6,0.0037,0.0125
50.481,1585.1251,294.5376,5.5400,-3.071024,0.000667,-0.007265,55.805442764,37.449278090,165.7433,402803.9256,6185514.2889,6,0.0036,0.0104
50.981,1584.6266,294.5023,5.5364,-3.070429,0.000588,-0.007315,55.805442449,37.449270139,165.7396,402803.4266,6185514.2650,6,0.0036,0.0111
51.481,1584.1280,294.4665,5.5328,-3.069821,0.000454,-0.007368,55.805442128,37.449262189,165.7359,402802.9275,6185514.2406,6,0.0059,0.0119
51.981,1583.6295,294.4306,5.5293,-3.069154,0.000267,-0.007425,55.805441808,37.449254239,165.7322,402802.4284,6185514.2161,6,0.0082,0.0086
52.480,1583.1310,294.3941,5.5258,-3.068483,0.000031,-0.007485,55.805441482,37.449246289,165.7286,402801.9294,6185514.1910,5,0.0106,0.0052
52.980,1582.6326,294.3576,5.5224,-3.068284,-0.000237,-0.007548,55.805441155,37.449238340,165.7251,402801.4304,6185514.1658,5,0.0130,0.0069
53.480,1582.1341,294.3209,5.5190,-3.068112,-0.000514,-0.007615,55.805440828,37.449230391,165.7215,402800.9314,6185514.1405,5,0.0129,0.0089
53.980,1581.6356,294.2842,5.5156,-3.068779,-0.000772,-0.007686,55.805440500,37.449222441,165.7180,402800.4324,6185514.1151,5,0.0127,0.0098
54.480,1581.1371,294.2482,5.5122,-3.069496,-0.000979,-0.007760,55.805440178,37.449214491,165.7145,402799.9333,6185514.0904,5,0.0125,0.0107
54.979,1580.6386,294.2122,5.5088,-3.070810,-0.001109,-0.007838,55.805439856,37.449206541,165.7110,402799.4343,6185514.0658,5,0.0124,0.0094
55.479,1580.1400,294.1775,5.5054,-3.072163,-0.001142,-0.007919,55.805439546,37.449198590,165.7075,402798.9351,6185514.0425,5,0.0109,0.0081
55.979,1579.6414,294.1429,5.5020,-3.073454,-0.001068,-0.008004,55.805439237,37.449190638,165.7039,402798.4360,6185514.0192,5,0.0093,0.0081
56.479,1579.1427,294.1094,5.4985,-3.074743,-0.000892,-0.008093,55.805438938,37.449182685,165.7004,402797.9369,6185513.9971,6,0.0078,0.0082
56.979,1578.6440,294.0761,5.4951,-3.075422,-0.000627,-0.008185,55.805438640,37.449174732,165.6968,402797.4377,6185513.9751,6,0.0062,0.0100
57.478,1578.1453,294.0433,5.4916,-3.076063,-0.000299,-0.008281,55.805438348,37.449166779,165.6932,402796.9385,6185513.9538,6,0.0070,0.0119
57.978,1577.6465,294.0106,5.4881,-3.075946,0.000064,-0.008380,55.805438055,37.449158825,165.6895,402796.4393,6185513.9324,6,0.0078,0.0095
58.478,1577.1478,293.9778,5.4846,-3.075778,0.000429,-0.008483,55.805437762,37.449150871,165.6859,402795.9401,6185513.9109,5,0.0087,0.0070
58.978,1576.6490,293.9449,5.4811,-3.075029,0.000766,-0.008589,55.805437468,37.449142918,165.6823,402795.4409,6185513.8894,5,0.0095,0.0093
59.478,1576.1504,293.9113,5.4776,-3.074238,0.001047,-0.008699,55.805437168,37.449134965,165.6786,402794.9417,6185513.8671,5,0.0089,0.0118
59.978,1575.6517,293.8776,5.4740,-3.073145,0.001253,-0.008811,55.805436867,37.449127013,165.6749,402794.4426,6185513.8448,5,0.0082,0.0104
60.477,1575.1531,293.8429,5.4705,-3.072029,0.001369,-0.008927,55.805436557,37.449119061,165.6713,402793.9435,6185513.8215,5,0.0075,0.0088
60.977,1574.6545,293.8081,5.4668,-3.070839,0.001389,-0.009046,55.805436246,37.449111110,165.6675,402793.4444,6185513.7981,5,0.0068,0.0141
61.477,1574.1560,293.7722,5.4632,-3.069642,0.001314,-0.009167,55.805435926,37.449103160,165.6637,402792.9453,6185513.7735,5,0.0071,0.0197
61.977,1573.6574,293.7363,5.4594,-3.068612,0.001151,-0.009291,55.805435604,37.449095209,165.6598,402792.4462,6185513.7489,5,0.0075,0.0209
62.477,1573.1590,293.6993,5.4556,-3.067594,0.000916,-0.009418,55.805435274,37.449087260,165.6559,402791.9472,6185513.7234,5,0.0079,0.0217
62.976,1572.6605,293.6624,5.4515,-3.067059,0.000626,-0.009547,55.805434944,37.449079312,165.6517,402791.4482,6185513.6977,5,0.0083,0.0218
63.476,1572.1621,293.6249,5.4475,-3.066561,0.000304,-0.009678,55.805434609,37.449071363,165.6475,402790.9493,6185513.6717,5,0.0091,0.0219
63.976,1571.6637,293.5874,5.4431,-3.066718,-0.000028,-0.009810,55.805434274,37.449063415,165.6430,402790.4503,6185513.6455,5,0.0099,0.0221
64.476,1571.1653,293.5501,5.4387,-3.066926,-0.000346,-0.009945,55.805433941,37.449055466,165.6385,402789.9513,6185513.6196,6,0.0108,0.0222
64.976,1570.6669,293.5129,5.4340,-3.067610,-0.000634,-0.010080,55.805433607,37.449047518,165.6337,402789.4523,6185513.5937,6,0.0116,0.0196
65.476,1570.1684,293.4762,5.4292,-3.068333,-0.000876,-0.010217,55.805433280,37.449039568,165.6288,402788.9533,6185513.5684,6,0.0124,0.0167
65.975,1569.6699,293.4397,5.4242,-3.069185,-0.001064,-0.010355,55.805432954,37.449031619,165.6237,402788.4543,6185513.5432,6,0.0131,0.0175
66.475,1569.1714,293.4039,5.4192,-3.070050,-0.001195,-0.010493,55.805432634,37.449023669,165.6185,402787.9552,6185513.5188,5,0.0138,0.0184
66.975,1568.6729,293.3682,5.4140,-3.070859,-0.001269,-0.010631,55.805432315,37.449015718,165.6132,402787.4562,6185513.4945,5,0.0146,0.0213
67.475,1568.1743,293.3333,5.4087,-3.071664,-0.001288,-0.010769,55.805432003,37.449007767,165.6078,402786.9571,6185513.4709,5,0.0140,0.0243
67.975,1567.6757,293.2984,5.4034,-3.072423,-0.001256,-0.010906,55.805431691,37.448999816,165.6024,402786.4580,6185513.4474,5,0.0134,0.0247
68.474,1567.1770,293.2642,5.3981,-3.073180,-0.001178,-0.011043,55.805431385,37.448991864,165.5969,402785.9588,6185513.4245,6,0.0127,0.0250
68.974,1566.6784,293.2301,5.3927,-3.073894,-0.001059,-0.011179,55.805431080,37.448983912,165.5914,402785.4597,6185513.4017,6,0.0121,0.0262
69.474,1566.1797,293.1966,5.3874,-3.074607,-0.000904,-0.011313,55.805430781,37.448975959,165.5859,402784.9605,6185513.3796,6,0.0116,0.0274
69.974,1565.6810,293.1631,5.3820,-3.075158,-0.000718,-0.011446,55.805430483,37.448968006,165.5804,402784.4613,6185513.3576,6,0.0112,0.0283
70.474,1565.1823,293.1302,5.3766,-3.075697,-0.000509,-0.011576,55.805430189,37.448960053,165.5749,402783.9622,6185513.3360,6,0.0108,0.0293
70.973,1564.6835,293.0973,5.3711,-3.075913,-0.000286,-0.011704,55.805429895,37.448952099,165.5693,402783.4630,6185513.3145,6,0.0104,0.0226
71.473,1564.1848,293.0646,5.3656,-3.076099,-0.000061,-0.011829,55.805429603,37.448944145,165.5637,402782.9638,6185513.2931,6,0.0102,0.0155
71.973,1563.6861,293.0319,5.3598,-3.075900,0.000157,-0.011951,55.805429310,37.448936192,165.5578,402782.4646,6185513.2718,6,0.0101,0.0182
72.473,1563.1873,292.9990,5.3540,-3.075664,0.000356,-0.012070,55.805429016,37.448928238,165.5519,402781.9654,6185513.2502,5,0.0099,0.0215
72.973,1562.6886,292.9660,5.3477,-3.075149,0.000530,-0.012185,55.805428722,37.448920285,165.5455,402781.4662,6185513.2286,5,0.0098,0.0232
73.473,1562.1899,292.9326,5.3414,-3.074606,0.000672,-0.012296,55.805428424,37.448912332,165.5390,402780.9670,6185513.2066,5,0.0105,0.0248
73.972,1561.6912,292.8991,5.3346,-3.074017,0.000781,-0.012403,55.805428124,37.448904379,165.5321,402780.4678,6185513.1844,5,0.0112,0.0259
74.472,1561.1926,292.8651,5.3277,-3.073423,0.000858,-0.012505,55.805427821,37.448896427,165.5250,402779.9687,6185513.1618,5,0.0119,0.0269
74.972,1560.6939,292.8310,5.3202,-3.072932,0.000906,-0.012603,55.805427516,37.448888475,165.5175,402779.4695,6185513.1391,5,0.0126,0.0253
75.472,1560.1953,292.7965,5.3127,-3.072451,0.000927,-0.012696,55.805427208,37.448880523,165.5098,402778.9704,6185513.1159,5,0.0116,0.0235
75.972,1559.6967,292.7620,5.3049,-3.071997,0.000924,-0.012783,55.805426899,37.448872571,165.5018,402778.4713,6185513.0927,5,0.0104,0.0257
76.471,1559.1981,292.7270,5.2969,-3.071544,0.000899,-0.012865,55.805426587,37.448864620,165.4938,402777.9722,6185513.0691,6,0.0092,0.0281
76.971,1558.6995,292.6920,5.2888,-3.071010,0.000852,-0.012942,55.805426274,37.448856669,165.4856,402777.4731,6185513.0455,6,0.0081,0.0284
77.471,1558.2009,292.6565,5.2807,-3.070466,0.000783,-0.013013,55.805425957,37.448848719,165.4774,402776.9740,6185513.0214,6,0.0089,0.0286
77.971,1557.7024,292.6210,5.2727,-3.069932,0.000690,-0.013078,55.805425639,37.448840768,165.4692,402776.4750,6185512.9972,6,0.0099,0.0307
78.471,1557.2039,292.5849,5.2646,-3.069399,0.000575,-0.013138,55.805425317,37.448832818,165.4610,402775.9759,6185512.9725,6,0.0109,0.0329
78.970,1556.7054,292.5489,5.2568,-3.069058,0.000440,-0.013191,55.805424995,37.448824868,165.4531,402775.4769,6185512.9478,6,0.0119,0.0339
79.470,1556.2069,292.5125,5.2490,-3.068736,0.000290,-0.013239,55.805424670,37.448816918,165.4451,402774.9778,6185512.9228,6,0.0121,0.0348
79.970,1555.7084,292.4761,5.2415,-3.068661,0.000131,-0.013281,55.805424344,37.448808969,165.4375,402774.4788,6185512.8977,6,0.0122,0.0328
80.470,1555.2099,292.4397,5.2340,-3.068614,-0.000028,-0.013317,55.805424019,37.448801019,165.4299,402773.9798,6185512.8726,5,0.0123,0.0305
80.970,1554.7114,292.4032,5.2267,-3.068779,-0.000178,-0.013347,55.805423693,37.448793070,165.4225,402773.4808,6185512.8476,5,0.0125,0.0267
81.470,1554.2129,292.3669,5.2195,-3.068969,-0.000313,-0.013371,55.805423369,37.448785120,165.4151,402772.9817,6185512.8226,5,0.0122,0.0229
81.969,1553.7144,292.3307,5.2125,-3.069342,-0.000424,-0.013390,55.805423045,37.448777170,165.4080,402772.4827,6185512.7977,5,0.0119,0.0198
82.469,1553.2159,292.2948,5.2054,-3.069739,-0.000507,-0.013402,55.805422724,37.448769220,165.4008,402771.9836,6185512.7732,5,0.0116,0.0168
82.969,1552.7174,292.2589,5.1984,-3.070222,-0.000562,-0.013410,55.805422403,37.448761270,165.3937,402771.4846,6185512.7487,5,0.0113,0.0174
83.469,1552.2188,292.2235,5.1915,-3.070717,-0.000589,-0.013412,55.805422087,37.448753319,165.3866,402770.9855,6185512.7246,5,0.0113,0.0183
83.969,1551.7203,292.1881,5.1845,-3.071126,-0.000592,-0.013409,55.805421771,37.448745369,165.3795,402770.4864,6185512.7006,5,0.0113,0.0160
84.468,1551.2217,292.1531,5.1776,-3.071525,-0.000578,-0.013400,55.805421458,37.448737417,165.3725,402769.9873,6185512.6770,5,0.0112,0.0135
84.968,1550.7231,292.1181,5.1707,-3.071763,-0.000553,-0.013387,55.805421145,37.448729466,165.3654,402769.4882,6185512.6534,5,0.0112,0.0161
85.468,1550.2245,292.0834,5.1637,-3.071983,-0.000524,-0.013369,55.805420835,37.448721515,165.3584,402768.9891,6185512.6299,5,0.0117,0.0190
85.968,1549.7259,292.0486,5.1568,-3.072130,-0.000496,-0.013347,55.805420524,37.448713563,165.3514,402768.4900,6185512.6066,5,0.0122,0.0190
86.468,1549.2273,292.0140,5.1500,-3.072269,-0.000471,-0.013320,55.805420215,37.448705612,165.3444,402767.9909,6185512.5833,6,0.0128,0.0188
86.968,1548.7287,291.9794,5.1432,-3.072442,-0.000449,-0.013289,55.805419906,37.448697660,165.3374,402767.4918,6185512.5600,6,0.0133,0.0162
87.467,1548.2300,291.9449,5.1363,-3.072619,-0.000428,-0.013254,55.805419598,37.448689708,165.3305,402766.9927,6185512.5369,6,0.0148,0.0134
87.967,1547.7314,291.9105,5.1296,-3.072861,-0.000403,-0.013216,55.805419290,37.448681757,165.3237,402766.4935,6185512.5139,6,0.0164,0.0129
88.467,1547.2328,291.8763,5.1229,-3.073112,-0.000367,-0.013174,55.805418984,37.448673805,165.3169,402765.9944,6185512.4910,5,0.0180,0.0125
88.967,1546.7341,291.8421,5.1164,-3.073400,-0.000314,-0.013128,55.805418679,37.448665853,165.3101,402765.4953,6185512.4682,5,0.0196,0.0144
89.467,1546.2355,291.8082,5.1098,-3.073695,-0.000240,-0.013080,55.805418376,37.448657900,165.3034,402764.9961,6185512.4456,5,0.0187,0.0164
89.966,1545.7368,291.7743,5.1033,-3.073947,-0.000142,-0.013029,55.805418073,37.448649948,165.2968,402764.4970,6185512.4231,5,0.0175,0.0162
90.466,1545.2381,291.7406,5.0968,-3.074195,-0.000019,-0.012976,55.805417772,37.448641995,165.2902,402763.9978,6185512.4008,5,0.0164,0.0159
90.966,1544.7394,291.7069,5.0904,-3.074288,0.000125,-0.012920,55.805417471,37.448634043,165.2837,402763.4986,6185512.3785,5,0.0152,0.0159
91.466,1544.2408,291.6734,5.0840,-3.074361,0.000282,-0.012861,55.805417171,37.448626090,165.2771,402762.9995,6185512.3563,5,0.0163,0.0159
91.966,1543.7421,291.6398,5.0776,-3.074169,0.000443,-0.012801,55.805416871,37.448618137,165.2707,402762.5003,6185512.3341,5,0.0175,0.0157
92.465,1543.2434,291.6060,5.0713,-3.073940,0.000595,-0.012739,55.805416570,37.448610185,165.2642,402762.0012,6185512.3116,5,0.0187,0.0153
92.965,1542.7447,291.5722,5.0651,-3.073398,0.000722,-0.012676,55.805416268,37.448602232,165.2579,402761.5020,6185512.2892,5,0.0200,0.0111
93.465,1542.2461,291.5379,5.0588,-3.072811,0.000812,-0.012611,55.805415961,37.448594280,165.2515,402761.0029,6185512.2662,5,0.0177,0.0066
93.965,1541.7475,291.5035,5.0527,-3.072042,0.000852,-0.012545,55.805415654,37.448586328,165.2453,402760.5038,6185512.2432,5,0.0151,0.0066
94.465,1541.2489,291.4684,5.0466,-3.071246,0.000831,-0.012478,55.805415340,37.448578377,165.2390,402760.0047,6185512.2195,6,0.0125,0.0069
94.965,1540.7503,291.4332,5.0405,-3.070521,0.000744,-0.012410,55.805415026,37.448570426,165.2328,402759.5056,6185512.1957,6,0.0100,0.0103
95.464,1540.2518,291.3974,5.0344,-3.069804,0.000588,-0.012341,55.805414706,37.448562476,165.2266,402759.0065,6185512.1712,6,0.0084,0.0140
95.964,1539.7533,291.3615,5.0285,-3.069308,0.000366,-0.012272,55.805414385,37.448554526,165.2205,402758.5075,6185512.1467,6,0.0069,0.0164
96.464,1539.2548,291.3252,5.0225,-3.068844,0.000087,-0.012203,55.805414061,37.448546576,165.2145,402758.0084,6185512.1218,7,0.0054,0.0187
96.964,1538.7563,291.2889,5.0166,-3.068693,-0.000236,-0.012134,55.805413736,37.448538627,165.2084,402757.5094,6185512.0968,7,0.0039,0.0222
97.464,1538.2578,291.2524,5.0107,-3.068588,-0.000585,-0.012064,55.805413410,37.448530677,165.2024,402757.0104,6185512.0717,7,0.0046,0.0258
97.963,1537.7593,291.2160,5.0049,-3.068996,-0.000934,-0.011994,55.805413084,37.448522728,165.1965,402756.5113,6185512.0466,6,0.0054,0.0171
98.463,1537.2608,291.1799,4.9991,-3.069483,-0.001256,-0.011925,55.805412762,37.448514778,165.1905,402756.0123,6185512.0219,6,0.0063,0.0073
98.963,1536.7623,291.1439,4.9933,-3.070625,-0.001525,-0.011856,55.805412440,37.448506828,165.1846,402755.5132,6185511.9973,5,0.0071,0.0073
99.463,1536.2637,291.1090,4.9875,-3.071870,-0.001712,-0.011788,55.805412129,37.448498876,165.1787,402755.0141,6185511.9737,5,0.0078,0.0081
99.963,1535.7651,291.0743,4.9817,-3.073524,-0.001799,-0.011720,55.805411818,37.448490925,165.1728,402754.5150,6185511.9503,5,0.0086,0.0056
100.462,1535.2664,291.0411,4.9760,-3.075246,-0.001770,-0.011653,55.805411521,37.448482972,165.1670,402754.0158,6185511.9284,5,0.0093,0.0027
100.962,1534.7677,291.0080,4.9702,-3.076801,-0.001625,-0.011586,55.805411226,37.448475018,165.1611,402753.5167,6185511.9068,5,0.0101,0.0040
101.462,1534.2689,290.9763,4.9645,-3.078333,-0.001372,-0.011521,55.805410943,37.448467064,165.1552,402753.0174,6185511.8864,5,0.0093,0.0055
101.962,1533.7700,290.9448,4.9588,-3.079219,-0.001029,-0.011456,55.805410662,37.448459109,165.1494,402752.5182,6185511.8663,5,0.0085,0.0123
102.462,1533.2712,290.9140,4.9530,-3.080002,-0.000622,-0.011392,55.805410387,37.448451153,165.1435,402752.0189,6185511.8469,6,0.0076,0.0195
102.962,1532.7723,290.8833,4.9474,-3.080041,-0.000182,-0.011330,55.805410112,37.448443198,165.1378,402751.5196,6185511.8275,6,0.0068,0.0212
103.461,1532.2734,290.8525,4.9417,-3.079958,0.000258,-0.011268,55.805409837,37.448435242,165.1320,402751.0203,6185511.8081,6,0.0078,0.0224
103.961,1531.7746,290.8217,4.9362,-3.079304,0.000667,-0.011208,55.805409562,37.448427287,165.1263,402750.5210,6185511.7887,6,0.0090,0.0219
104.461,1531.2757,290.7903,4.9307,-3.078555,0.001016,-0.011149,55.805409282,37.448419332,165.1207,402750.0218,6185511.7686,6,0.0102,0.0212
104.961,1530.7769,290.7588,4.9253,-3.077451,0.001284,-0.011091,55.805409000,37.448411377,165.1152,402749.5225,6185511.7484,6,0.0115,0.0209
105.461,1530.2782,290.7262,4.9200,-3.076284,0.001454,-0.011034,55.805408709,37.448403423,165.1098,402749.0233,6185511.7273,6,0.0116,0.0205
105.960,1529.7794,290.6935,4.9149,-3.074976,0.001517,-0.010979,55.805408417,37.448395469,165.1045,402748.5241,6185511.7059,6,0.0117,0.0194
106.460,1529.2808,290.6597,4.9098,-3.073642,0.001470,-0.010925,55.805408115,37.448387517,165.0993,402748.0250,6185511.6834,6,0.0117,0.0182
106.960,1528.7821,290.6257,4.9049,-3.072437,0.001318,-0.010872,55.805407811,37.448379565,165.0943,402747.5258,6185511.6608,6,0.0118,0.0189
107.460,1528.2835,290.5906,4.9000,-3.071253,0.001072,-0.010820,55.805407498,37.448371614,165.0893,402747.0267,6185511.6371,6,0.0123,0.0197
107.960,1527.7850,290.5554,4.8954,-3.070500,0.000751,-0.010770,55.805407183,37.448363663,165.0846,402746.5276,6185511.6132,6,0.0129,0.0263
108.459,1527.2864,290.5196,4.8908,-3.069821,0.000379,-0.010720,55.805406863,37.448355712,165.0798,402746.0286,6185511.5888,6,0.0134,0.0334
108.959,1526.7879,290.4837,4.8863,-3.069793,-0.000015,-0.010672,55.805406542,37.448347762,165.0753,402745.5295,6185511.5643,6,0.0140,0.0339
109.459,1526.2894,290.4479,4.8819,-3.069881,-0.000401,-0.010624,55.805406222,37.448339812,165.0707,402745.0305,6185511.5398,6,0.0131,0.0338
109.959,1525.7908,290.4121,4.8776,-3.070624,-0.000749,-0.010578,55.805405902,37.448331862,165.0663,402744.5314,6185511.5154,6,0.0120,0.0258
110.459,1525.2923,290.3770,4.8733,-3.071486,-0.001034,-0.010532,55.805405589,37.448323911,165.0618,402744.0323,6185511.4916,5,0.0110,0.0170
110.959,1524.7937,290.3421,4.8690,-3.072707,-0.001235,-0.010487,55.805405276,37.448315959,165.0574,402743.5332,6185511.4681,5,0.0100,0.0162
111.458,1524.2950,290.3082,4.8647,-3.073997,-0.001342,-0.010443,55.805404974,37.448308007,165.0530,402743.0341,6185511.4456,5,0.0093,0.0160
111.958,1523.7963,290.2746,4.8603,-3.075204,-0.001350,-0.010400,55.805404673,37.448300054,165.0485,402742.5349,6185511.4233,5,0.0086,0.0185
112.458,1523.2976,290.2419,4.8558,-3.076399,-0.001263,-0.010357,55.805404381,37.448292101,165.0439,402742.0357,6185511.4020,5,0.0080,0.0211
112.958,1522.7988,290.2094,4.8512,-3.077249,-0.001092,-0.010314,55.805404091,37.448284147,165.0392,402741.5365,6185511.3809,5,0.0073,0.0267
113.458,1522.3000,290.1776,4.8465,-3.078036,-0.000853,-0.010272,55.805403807,37.448276192,165.0344,402741.0373,6185511.3604,5,0.0105,0.0325
113.957,1521.8012,290.1459,4.8416,-3.078439,-0.000565,-0.010230,55.805403524,37.448268238,165.0293,402740.5380,6185511.3401,5,0.0140,0.0404
114.457,1521.3024,290.1145,4.8365,-3.078770,-0.000248,-0.010188,55.805403244,37.448260283,165.0242,402740.0388,6185511.3201,6,0.0175,0.0484
114.957,1520.8036,290.0832,4.8312,-3.078708,0.000078,-0.010147,55.805402964,37.448252328,165.0187,402739.5395,6185511.3001,6,0.0210,0.0498
115.457,1520.3047,290.0517,4.8258,-3.078571,0.000394,-0.010105,55.805402683,37.448244373,165.0132,402739.0402,6185511.2800,6,0.0223,0.0507
115.957,1519.8059,290.0202,4.8202,-3.078056,0.000683,-0.010064,55.805402401,37.448236418,165.0074,402738.5410,6185511.2598,6,0.0233,0.0521
116.457,1519.3071,289.9882,4.8145,-3.077467,0.000931,-0.010022,55.805402116,37.448228463,165.0016,402738.0418,6185511.2392,6,0.0244,0.0536
116.956,1518.8083,289.9562,4.8086,-3.076603,0.001126,-0.009980,55.805401829,37.448220509,164.9956,402737.5425,6185511.2185,6,0.0255,0.0550
117.456,1518.3096,289.9233,4.8027,-3.075682,0.001262,-0.009938,55.805401536,37.448212556,164.9896,402737.0433,6185511.1970,6,0.0261,0.0565
117.956,1517.8109,289.8903,4.7968,-3.074654,0.001337,-0.009896,55.805401241,37.448204602,164.9835,402736.5441,6185511.1754,6,0.0267,0.0607
118.456,1517.3122,289.8565,4.7908,-3.073602,0.001356,-0.009854,55.805400938,37.448196650,164.9775,402736.0450,6185511.1529,6,0.0272,0.0653
118.956,1516.8136,289.8224,4.7850,-3.072663,0.001326,-0.009811,55.805400634,37.448188698,164.9716,402735.5459,6185511.1302,6,0.0277,0.0652
119.455,1516.3150,289.7876,4.7792,-3.071744,0.001260,-0.009769,55.805400323,37.448180746,164.9657,402735.0467,6185511.1068,6,0.0258,0.0648
119.955,1515.8164,289.7526,4.7737,-3.071149,0.001174,-0.009726,55.805400011,37.448172795,164.9600,402734.5476,6185511.0832,6,0.0236,0.0631
120.455,1515.3178,289.7172,4.7682,-3.070617,0.001079,-0.009683,55.805399694,37.448164844,164.9544,402734.0486,6185511.0591,6,0.0215,0.0614
120.955,1514.8193,289.6818,4.7631,-3.070392,0.000987,-0.009640,55.805399377,37.448156894,164.9491,402733.5495,6185511.0350,6,0.0193,0.0629
121.455,1514.3207,289.6461,4.7580,-3.070229,0.000901,-0.009596,55.805399059,37.448148943,164.9439,402733.0504,6185511.0107,6,0.0174,0.0647
121.954,1513.8222,289.6105,4.7533,-3.070048,0.000817,-0.009553,55.805398740,37.448140993,164.9391,402732.5514,6185510.9864,6,0.0156,0.0652
122.454,1513.3236,289.5747,4.7486,-3.069863,0.000724,-0.009510,55.805398420,37.448133043,164.9343,402732.0523,6185510.9620,6,0.0138,0.0655
122.954,1512.8251,289.5388,4.7442,-3.069358,0.000606,-0.009466,55.805398100,37.448125092,164.9298,402731.5532,6185510.9375,6,0.0119,0.0644
123.454,1512.3266,289.5025,4.7399,-3.068785,0.000447,-0.009423,55.805397775,37.448117143,164.9254,402731.0542,6185510.9126,6,0.0142,0.0631
123.954,1511.8281,289.4661,4.7359,-3.068045,0.000234,-0.009380,55.805397450,37.448109193,164.9212,402730.5552,6185510.8875,6,0.0169,0.0593
124.454,1511.3297,289.4291,4.7318,-3.067268,-0.000038,-0.009338,55.805397119,37.448101244,164.9171,402730.0562,6185510.8618,6,0.0195,0.0553
124.953,1510.8313,289.3919,4.7280,-3.066880,-0.000361,-0.009296,55.805396786,37.448093296,164.9131,402729.5572,6185510.8360,6,0.0222,0.0531
125.453,1510.3329,289.3545,4.7241,-3.066575,-0.000715,-0.009254,55.805396452,37.448085347,164.9091,402729.0582,6185510.8099,6,0.0234,0.0512
125.953,1509.8345,289.3170,4.7203,-3.067108,-0.001068,-0.009214,55.805396117,37.448077399,164.9051,402728.5592,6185510.7838,6,0.0244,0.0548
126.453,1509.3360,289.2801,4.7164,-3.067825,-0.001380,-0.009173,55.805395787,37.448069450,164.9012,402728.0602,6185510.7582,6,0.0254,0.0590
126.953,1508.8375,289.2433,4.7126,-3.069337,-0.001610,-0.009134,55.805395458,37.448061501,164.8972,402727.5612,6185510.7328,6,0.0264,0.0547
127.452,1508.3390,289.2079,4.7087,-3.071026,-0.001723,-0.009095,55.805395142,37.448053550,164.8932,402727.0621,6185510.7088,6,0.0244,0.0495
127.952,1507.8404,289.1728,4.7047,-3.072984,-0.001695,-0.009058,55.805394828,37.448045599,164.8891,402726.5630,6185510.6851,6,0.0220,0.0483
128.452,1507.3417,289.1394,4.7007,-3.075006,-0.001518,-0.009021,55.805394529,37.448037646,164.8850,402726.0639,6185510.6630,6,0.0196,0.0474
128.952,1506.8430,289.1063,4.6967,-3.076541,-0.001206,-0.008986,55.805394234,37.448029693,164.8808,402725.5647,6185510.6413,6,0.0172,0.0470
129.452,1506.3442,289.0744,4.6926,-3.077970,-0.000790,-0.008951,55.805393949,37.448021739,164.8766,402725.0655,6185510.6207,6,0.0154,0.0466
129.951,1505.8454,289.0428,4.6884,-3.078314,-0.000314,-0.008918,55.805393666,37.448013784,164.8723,402724.5662,6185510.6004,6,0.0136,0.0437
130.451,1505.3466,289.0112,4.6842,-3.078410,0.000168,-0.008887,55.805393384,37.448005829,164.8680,402724.0670,6185510.5802,6,0.0118,0.0404
130.951,1504.8478,288.9796,4.6800,-3.077402,0.000599,-0.008856,55.805393102,37.447997874,164.8637,402723.5677,6185510.5601,6,0.0101,0.0393
131.451,1504.3490,288.9471,4.6758,-3.076136,0.000934,-0.008827,55.805392811,37.447989921,164.8593,402723.0685,6185510.5388,6,0.0106,0.0384
131.951,1503.8503,288.9143,4.6716,-3.074418,0.001138,-0.008799,55.805392518,37.447981967,164.8550,402722.5693,6185510.5174,6,0.0115,0.0369
132.451,1503.3516,288.8800,4.6673,-3.072589,0.001199,-0.008773,55.805392212,37.447974015,164.8506,402722.0702,6185510.4945,6,0.0123,0.0353
132.950,1502.8530,288.8453,4.6632,-3.071167,0.001120,-0.008748,55.805391902,37.447966063,164.8463,402721.5711,6185510.4712,6,0.0131,0.0415
133.450,1502.3545,288.8096,4.6590,-3.069837,0.000927,-0.008724,55.805391583,37.447958113,164.8421,402721.0720,6185510.4468,6,0.0123,0.0487
133.950,1501.8560,288.7737,4.6549,-3.069382,0.000655,-0.008702,55.805391262,37.447950163,164.8378,402720.5729,6185510.4222,6,0.0112,0.0484
134.450,1501.3575,288.7375,4.6508,-3.069135,0.000349,-0.008681,55.805390939,37.447942213,164.8336,402720.0739,6185510.3974,6,0.0102,0.0473
134.950,1500.8590,288.7013,4.6468,-3.069609,0.000049,-0.008662,55.805390615,37.447934263,164.8295,402719.5749,6185510.3726,6,0.0091,0.0461
135.449,1500.3604,288.6656,4.6428,-3.070258,-0.000210,-0.008643,55.805390296,37.447926313,164.8254,402719.0758,6185510.3483,6,0.0098,0.0449
135.949,1499.8619,288.6300,4.6388,-3.071105,-0.000404,-0.008626,55.805389978,37.447918362,164.8213,402718.5767,6185510.3241,6,0.0108,0.0460
136.449,1499.3633,288.5952,4.6349,-3.072001,-0.000525,-0.008610,55.805389667,37.447910411,164.8172,402718.0776,6185510.3006,6,0.0117,0.0475
136.949,1498.8647,288.5605,4.6310,-3.072644,-0.000577,-0.008595,55.805389357,37.447902460,164.8132,402717.5785,6185510.2773,6,0.0126,0.0499
137.449,1498.3660,288.5263,4.6270,-3.073226,-0.000574,-0.008581,55.805389051,37.447894508,164.8092,402717.0794,6185510.2544,6,0.0113,0.0524
137.949,1497.8674,288.4922,4.6231,-3.073444,-0.000538,-0.008567,55.805388747,37.447886555,164.8051,402716.5802,6185510.2317,6,0.0098,0.0514
138.448,1497.3687,288.4583,4.6192,-3.073572,-0.000492,-0.008555,55.805388443,37.447878603,164.8011,402716.0811,6185510.2091,6,0.0083,0.0501
138.948,1496.8701,288.4243,4.6152,-3.073503,-0.000455,-0.008543,55.805388140,37.447870651,164.7970,402715.5819,6185510.1865,6,0.0067,0.0506
139.448,1496.3714,288.3903,4.6112,-3.073383,-0.000443,-0.008531,55.805387835,37.447862699,164.7929,402715.0828,6185510.1638,6,0.0102,0.0513
139.948,1495.8728,288.3562,4.6072,-3.073303,-0.000461,-0.008520,55.805387531,37.447854746,164.7887,402714.5836,6185510.1411,6,0.0142,0.0532
140.448,1495.3741,288.3220,4.6031,-3.073233,-0.000507,-0.008510,55.805387226,37.447846794,164.7845,402714.0845,6185510.1183,6,0.0183,0.0553
140.947,1494.8755,288.2879,4.5990,-3.073396,-0.000572,-0.008499,55.805386921,37.447838842,164.7802,402713.5854,6185510.0955,6,0.0223,0.0532
141.447,1494.3768,288.2539,4.5948,-3.073619,-0.000638,-0.008489,55.805386617,37.447830890,164.7760,402713.0862,6185510.0729,6,0.0224,0.0506
141.947,1493.8781,288.2200,4.5906,-3.074149,-0.000688,-0.008478,55.805386314,37.447822938,164.7717,402712.5871,6185510.0503,6,0.0219,0.0499
142.447,1493.3795,288.1866,4.5864,-3.074761,-0.000702,-0.008467,55.805386015,37.447814985,164.7674,402712.0879,6185510.0283,6,0.0215,0.0495
142.947,1492.8808,288.1532,4.5822,-3.075543,-0.000663,-0.008456,55.805385717,37.447807032,164.7630,402711.5887,6185510.0063,6,0.0210,0.0531
143.446,1492.3820,288.1206,4.5780,-3.076371,-0.000564,-0.008444,55.805385426,37.447799078,164.7587,402711.0895,6185509.9850,6,0.0189,0.0572
143.946,1491.8832,288.0881,4.5737,-3.077045,-0.000400,-0.008432,55.805385135,37.447791124,164.7543,402710.5903,6185509.9639,6,0.0166,0.0557
144.446,1491.3845,288.0561,4.5695,-3.077679,-0.000180,-0.008419,55.805384849,37.447783170,164.7500,402710.0911,6185509.9433,6,0.0143,0.0536
144.946,1490.8857,288.0242,4.5653,-3.077855,0.000085,-0.008405,55.805384565,37.447775215,164.7456,402709.5918,6185509.9228,6,0.0120,0.0524
145.446,1490.3869,287.9924,4.5611,-3.077909,0.000375,-0.008390,55.805384281,37.447767261,164.7413,402709.0926,6185509.9023,6,0.0119,0.0513
145.946,1489.8881,287.9606,4.5569,-3.077448,0.000667,-0.008373,55.805383997,37.447759306,164.7370,402708.5934,6185509.8819,6,0.0121,0.0508
146.445,1489.3893,287.9284,4.5528,-3.076847,0.000939,-0.008356,55.805383708,37.447751352,164.7328,402708.0941,6185509.8610,6,0.0123,0.0504
146.945,1488.8905,287.8959,4.5487,-3.075932,0.001168,-0.008337,55.805383419,37.447743398,164.7285,402707.5949,6185509.8399,6,0.0125,0.0530
147.445,1488.3918,287.8628,4.5446,-3.074931,0.001336,-0.008317,55.805383122,37.447735445,164.7243,402707.0957,6185509.8181,6,0.0144,0.0559
147.945,1487.8931,287.8294,4.5405,-3.073848,0.001428,-0.008295,55.805382824,37.447727492,164.7201,402706.5966,6185509.7961,6,0.0166,0.0518
148.445,1487.3945,287.7951,4.5364,-3.072740,0.001434,-0.008272,55.805382518,37.447719540,164.7159,402706.0974,6185509.7732,6,0.0187,0.0468
148.944,1486.8959,287.7606,4.5323,-3.071652,0.001351,-0.008247,55.805382209,37.447711588,164.7117,402705.5983,6185509.7500,6,0.0208,0.0419
149.444,1486.3973,287.7252,4.5282,-3.070568,0.001179,-0.008220,55.805381893,37.447703638,164.7075,402705.0992,6185509.7260,6,0.0201,0.0371
149.944,1485.8988,287.6896,4.5240,-3.069618,0.000926,-0.008191,55.805381575,37.447695687,164.7032,402704.6002,6185509.7018,6,0.0191,0.0380
150.444,1485.4003,287.6534,4.5198,-3.068704,0.000608,-0.008161,55.805381251,37.447687738,164.6989,402704.1011,6185509.6769,6,0.0181,0.0397
150.944,1484.9018,287.6169,4.5155,-3.068229,0.000246,-0.008128,55.805380924,37.447679788,164.6945,402703.6021,6185509.6517,6,0.0170,0.0393
151.443,1484.4033,287.5801,4.5112,-3.067879,-0.000130,-0.008094,55.805380596,37.447671839,164.6900,402703.1031,6185509.6263,6,0.0151,0.0388
151.943,1483.9049,287.5432,4.5068,-3.068267,-0.000488,-0.008058,55.805380266,37.447663890,164.6855,402702.6041,6185509.6008,6,0.0130,0.0395
152.443,1483.4064,287.5068,4.5023,-3.068867,-0.000795,-0.008019,55.805379941,37.447655940,164.6809,402702.1051,6185509.5758,6,0.0109,0.0403
152.943,1482.9079,287.4706,4.4978,-3.070073,-0.001020,-0.007979,55.805379617,37.447647991,164.6762,402701.6060,6185509.5509,6,0.0089,0.0420
153.443,1482.4093,287.4354,4.4932,-3.071456,-0.001144,-0.007937,55.805379302,37.447640040,164.6716,402701.1069,6185509.5271,6,0.0079,0.0437
153.943,1481.9107,287.4005,4.4887,-3.072865,-0.001155,-0.007894,55.805378991,37.447632088,164.6669,402700.6078,6185509.5036,6,0.0071,0.0482
154.442,1481.4120,287.3668,4.4841,-3.074285,-0.001058,-0.007849,55.805378689,37.447624136,164.6622,402700.1087,6185509.4811,6,0.0063,0.0531
154.942,1480.9133,287.3333,4.4796,-3.075189,-0.000869,-0.007802,55.805378390,37.447616183,164.6576,402699.6095,6185509.4590,6,0.0055,0.0537
155.442,1480.4146,287.3004,4.4751,-3.075943,-0.000615,-0.007753,55.805378096,37.447608230,164.6530,402699.1103,6185509.4375,6,0.0070,0.0537
155.942,1479.9159,287.2677,4.4708,-3.076047,-0.000330,-0.007703,55.805377804,37.447600276,164.6486,402698.6111,6185509.4162,6,0.0087,0.0555
156.442,1479.4171,287.2350,4.4665,-3.075958,-0.000047,-0.007652,55.805377511,37.447592322,164.6441,402698.1119,6185509.3948,6,0.0105,0.0576
156.941,1478.9184,287.2022,4.4624,-3.075416,0.000200,-0.007600,55.805377218,37.447584369,164.6399,402697.6127,6185509.3734,6,0.0122,0.0588
157.441,1478.4197,287.1689,4.4584,-3.074735,0.000388,-0.007547,55.805376921,37.447576416,164.6358,402697.1135,6185509.3514,6,0.0120,0.0598
157.941,1477.9210,287.1354,4.4546,-3.073927,0.000502,-0.007493,55.805376622,37.447568463,164.6319,402696.6144,6185509.3293,6,0.0115,0.0543
158.441,1477.4224,287.1013,4.4508,-3.073078,0.000537,-0.007438,55.805376317,37.447560511,164.6280,402696.1152,6185509.3065,6,0.0110,0.0478
158.941,1476.9237,287.0670,4.4473,-3.072442,0.000500,-0.007383,55.805376010,37.447552559,164.6244,402695.6161,6185509.2836,6,0.0105,0.0441
159.441,1476.4251,287.0322,4.4438,-3.071870,0.000405,-0.007328,55.805375699,37.447544608,164.6208,402695.1170,6185509.2602,6,0.0093,0.0407
159.940,1475.9265,286.9973,4.4405,-3.071698,0.000271,-0.007273,55.805375388,37.447536656,164.6174,402694.6179,6185509.2367,6,0.0080,0.0396
160.440,1475.4279,286.9624,4.4373,-3.071649,0.000119,-0.007217,55.805375075,37.447528705,164.6140,402694.1188,6185509.2131,6,0.0067,0.0389
160.940,1474.9293,286.9275,4.4341,-3.071886,-0.000031,-0.007163,55.805374763,37.447520754,164.6107,402693.6197,6185509.1895,6,0.0055,0.0372
161.440,1474.4307,286.8928,4.4310,-3.072212,-0.000162,-0.007109,55.805374453,37.447512802,164.6075,402693.1206,6185509.1662,6,0.0057,0.0353
161.940,1473.9321,286.8582,4.4279,-3.072560,-0.000260,-0.007056,55.805374144,37.447504851,164.6042,402692.6214,6185509.1429,6,0.0062,0.0349
162.439,1473.4335,286.8238,4.4248,-3.072914,-0.000318,-0.007004,55.805373837,37.447496899,164.6010,402692.1223,6185509.1200,6,0.0067,0.0346
162.939,1472.9348,286.7896,4.4216,-3.073212,-0.000330,-0.006953,55.805373531,37.447488947,164.5977,402691.6232,6185509.0971,6,0.0072,0.0324
163.439,1472.4362,286.7555,4.4184,-3.073493,-0.000296,-0.006904,55.805373226,37.447480995,164.5944,402691.1240,6185509.0744,6,0.0117,0.0298
163.939,1471.9375,286.7215,4.4151,-3.073820,-0.000219,-0.006856,55.805372923,37.447473042,164.5910,402690.6249,6185509.0518,6,0.0168,0.0285
164.439,1471.4389,286.6878,4.4119,-3.074163,-0.000106,-0.006811,55.805372622,37.447465090,164.5876,402690.1257,6185509.0294,6,0.0219,0.0273
164.938,1470.9402,286.6542,4.4085,-3.074439,0.000031,-0.006767,55.805372321,37.447457137,164.5842,402689.6266,6185509.0071,6,0.0270,0.0304
165.438,1470.4415,286.6207,4.4052,-3.074694,0.000175,-0.006726,55.805372022,37.447449184,164.5808,402689.1274,6185508.9851,6,0.0264,0.0342
165.938,1469.9428,286.5874,4.4019,-3.074536,0.000306,-0.006688,55.805371724,37.447441231,164.5774,402688.6282,6185508.9630,6,0.0249,0.0408
166.438,1469.4441,286.5538,4.3987,-3.074241,0.000400,-0.006652,55.805371424,37.447433279,164.5740,402688.1291,6185508.9408,6,0.0235,0.0478
166.938,1468.9454,286.5201,4.3956,-3.073493,0.000440,-0.006619,55.805371123,37.447425326,164.5708,402687.6299,6185508.9185,6,0.0221,0.0406
167.438,1468.4468,286.4857,4.3926,-3.072594,0.000410,-0.006589,55.805370816,37.447417374,164.5677,402687.1308,6185508.8955,6,0.0215,0.0315
167.937,1467.9482,286.4512,4.3898,-3.071726,0.000309,-0.006562,55.805370507,37.447409422,164.5648,402686.6317,6185508.8723,6,0.0211,0.0314
168.437,1467.4496,286.4160,4.3871,-3.070865,0.000144,-0.006538,55.805370192,37.447401472,164.5620,402686.1326,6185508.8484,6,0.0208,0.0325
168.937,1466.9510,286.3805,4.3847,-3.070595,-0.000064,-0.006518,55.805369875,37.447393521,164.5595,402685.6335,6185508.8244,6,0.0204,0.0287
169.437,1466.4525,286.3450,4.3824,-3.070522,-0.000287,-0.006500,55.805369558,37.447385570,164.5570,402685.1344,6185508.8002,6,0.0192,0.0243
169.937,1465.9539,286.3095,4.3803,-3.071150,-0.000492,-0.006486,55.805369241,37.447377620,164.5548,402684.6353,6185508.7761,6,0.0178,0.0265
170.436,1465.4553,286.2747,4.3782,-3.072018,-0.000650,-0.006476,55.805368929,37.447369668,164.5526,402684.1362,6185508.7526,6,0.0165,0.0297
170.936,1464.9567,286.2400,4.3763,-3.073139,-0.000739,-0.006469,55.805368620,37.447361717,164.5505,402683.6371,6185508.7293,6,0.0152,0.0283
171.436,1464.4581,286.2063,4.3744,-3.074349,-0.000750,-0.006465,55.805368318,37.447353764,164.5485,402683.1380,6185508.7069,6,0.0153,0.0262
171.936,1463.9594,286.1729,4.3725,-3.075213,-0.000686,-0.006464,55.805368019,37.447345811,164.5465,402682.6388,6185508.6849,6,0.0156,0.0275
172.436,1463.4606,286.1400,4.3706,-3.075958,-0.000562,-0.006466,55.805367726,37.447337858,164.5445,402682.1396,6185508.6634,6,0.0160,0.0293
172.935,1462.9619,286.1073,4.3686,-3.076135,-0.000403,-0.006472,55.805367434,37.447329904,164.5424,402681.6404,6185508.6420,6,0.0163,0.0296
173.435,1462.4631,286.0746,4.3665,-3.076113,-0.000237,-0.006480,55.805367141,37.447321951,164.5402,402681.1412,6185508.6207,6,0.0161,0.0296
173.935,1461.9644,286.0419,4.3643,-3.075763,-0.000090,-0.006491,55.805366849,37.447313997,164.5378,402680.6420,6185508.5994,6,0.0159,0.0289
174.435,1461.4657,286.0089,4.3620,-3.075297,0.000017,-0.006504,55.805366554,37.447306044,164.5354,402680.1428,6185508.5777,6,0.0156,0.0281
174.935,1460.9670,285.9757,4.3595,-3.074847,0.000071,-0.006520,55.805366257,37.447298091,164.5328,402679.6436,6185508.5559,6,0.0154,0.0298
175.435,1460.4683,285.9422,4.3569,-3.074402,0.000070,-0.006538,55.805365958,37.447290138,164.5302,402679.1444,6185508.5337,6,0.0170,0.0318
175.934,1459.9696,285.9086,4.3542,-3.074148,0.000020,-0.006557,55.805365658,37.447282185,164.5273,402678.6453,6185508.5115,6,0.0188,0.0338
176.434,1459.4709,285.8748,4.3514,-3.073962,-0.000065,-0.006578,55.805365356,37.447274233,164.5244,402678.1461,6185508.4891,6,0.0206,0.0359
176.934,1458.9723,285.8410,4.3484,-3.074020,-0.000163,-0.006601,55.805365054,37.447266280,164.5213,402677.6470,6185508.4666,6,0.0224,0.0333
177.434,1458.4736,285.8073,4.3455,-3.074166,-0.000252,-0.006624,55.805364753,37.447258328,164.5182,402677.1478,6185508.4443,6,0.0231,0.0300
177.934,1457.9749,285.7737,4.3423,-3.074567,-0.000310,-0.006648,55.805364452,37.447250375,164.5150,402676.6487,6185508.4220,6,0.0236,0.0322
178.433,1457.4762,285.7404,4.3391,-3.075062,-0.000317,-0.006673,55.805364154,37.447242422,164.5117,402676.1495,6185508.4001,6,0.0241,0.0352
178.933,1456.9775,285.7072,4.3358,-3.075692,-0.000259,-0.006697,55.805363858,37.447234469,164.5082,402675.6503,6185508.3783,6,0.0246,0.0374
179.433,1456.4787,285.6745,4.3325,-3.076373,-0.000131,-0.006721,55.805363566,37.447226515,164.5048,402675.1511,6185508.3570,6,0.0244,0.0394
179.933,1455.9800,285.6421,4.3290,-3.076867,0.000064,-0.006745,55.805363276,37.447218561,164.5012,402674.6519,6185508.3359,6,0.0242,0.0403
180.433,1455.4812,285.6099,4.3254,-3.077293,0.000310,-0.006768,55.805362989,37.447210607,164.4975,402674.1527,6185508.3150,6,0.0239,0.0410
180.933,1454.9824,285.5778,4.3218,-3.077190,0.000584,-0.006790,55.805362702,37.447202653,164.4937,402673.6534,6185508.2943,6,0.0237,0.0379
181.432,1454.4837,285.5456,4.3181,-3.076888,0.000859,-0.006810,55.805362414,37.447194699,164.4899,402673.1542,6185508.2734,6,0.0230,0.0343
181.932,1453.9849,285.5132,4.3142,-3.076000,0.001103,-0.006829,55.805362125,37.447186745,164.4860,402672.6550,6185508.2524,6,0.0223,0.0361
182.432,1453.4862,285.4800,4.3104,-3.074889,0.001290,-0.006846,55.805361828,37.447178792,164.4820,402672.1558,6185508.2306,6,0.0215,0.0388
182.932,1452.9875,285.4466,4.3065,-3.073515,0.001399,-0.006860,55.805361529,37.447170839,164.4780,402671.6566,6185508.2085,6,0.0208,0.0385
183.432,1452.4889,285.4120,4.3025,-3.072038,0.001420,-0.006872,55.805361221,37.447162887,164.4739,402671.1575,6185508.1854,6,0.0217,0.0377
183.931,1451.9903,285.3771,4.2986,-3.070773,0.001355,-0.006881,55.805360908,37.447154936,164.4699,402670.6584,6185508.1618,6,0.0229,0.0368
184.431,1451.4917,285.3413,4.2946,-3.069587,0.001218,-0.006887,55.805360588,37.447146986,164.4658,402670.1594,6185508.1373,6,0.0241,0.0358
184.931,1450.9932,285.3052,4.2906,-3.068909,0.001028,-0.006890,55.805360265,37.447139036,164.4617,402669.6603,6185508.1126,6,0.0253,0.0368
185.431,1450.4948,285.2687,4.2866,-3.068427,0.000813,-0.006890,55.805359939,37.447131086,164.4576,402669.1613,6185508.0875,6,0.0253,0.0380
185.931,1449.9963,285.2321,4.2826,-3.068408,0.000598,-0.006886,55.805359612,37.447123137,164.4534,402668.6623,6185508.0622,6,0.0251,0.0379
186.430,1449.4978,285.1956,4.2785,-3.068571,0.000400,-0.006879,55.805359286,37.447115187,164.4492,402668.1632,6185508.0371,6,0.0248,0.0376
186.930,1448.9993,285.1592,4.2743,-3.068878,0.000233,-0.006868,55.805358960,37.447107238,164.4449,402667.6642,6185508.0120,6,0.0246,0.0403
187.430,1448.5008,285.1230,4.2701,-3.069243,0.000097,-0.006853,55.805358636,37.447099288,164.4406,402667.1652,6185507.9872,6,0.0249,0.0435
187.930,1448.0023,285.0869,4.2658,-3.069401,-0.000016,-0.006835,55.805358314,37.447091338,164.4361,402666.6661,6185507.9625,6,0.0253,0.0433
188.430,1447.5038,285.0509,4.2614,-3.069477,-0.000120,-0.006813,55.805357992,37.447083388,164.4317,402666.1671,6185507.9378,6,0.0256,0.0426
188.930,1447.0053,285.0149,4.2570,-3.069294,-0.000230,-0.006787,55.805357670,37.447075438,164.4271,402665.6680,6185507.9132,6,0.0260,0.0433
189.429,1446.5068,284.9787,4.2525,-3.069006,-0.000358,-0.006758,55.805357346,37.447067488,164.4225,402665.1690,6185507.8883,6,0.0256,0.0443
189.929,1446.0083,284.9424,4.2480,-3.068803,-0.000511,-0.006725,55.805357022,37.447059539,164.4179,402664.6699,6185507.8634,6,0.0251,0.0439
190.429,1445.5098,284.9060,4.2436,-3.068632,-0.000685,-0.006689,55.805356696,37.447051589,164.4134,402664.1709,6185507.8383,6,0.0246,0.0434
190.929,1445.0113,284.8695,4.2393,-3.068920,-0.000869,-0.006649,55.805356370,37.447043640,164.4090,402663.6719,6185507.8132,6,0.0241,0.0437
191.429,1444.5128,284.8334,4.2350,-3.069394,-0.001042,-0.006606,55.805356047,37.447035690,164.4046,402663.1728,6185507.7885,6,0.0211,0.0441
191.928,1444.0143,284.7974,4.2310,-3.070335,-0.001182,-0.006560,55.805355726,37.447027740,164.4005,402662.6738,6185507.7638,6,0.0177,0.0453
192.428,1443.5157,284.7622,4.2271,-3.071470,-0.001268,-0.006511,55.805355411,37.447019789,164.3964,402662.1747,6185507.7400,6,0.0143,0.0467
192.928,1443.0171,284.7274,4.2236,-3.072727,-0.001286,-0.006459,55.805355100,37.447011837,164.3928,402661.6756,6185507.7165,6,0.0109,0.0457
193.428,1442.5185,284.6934,4.2201,-3.074037,-0.001228,-0.006404,55.805354796,37.447003885,164.3892,402661.1765,6185507.6939,6,0.0107,0.0443
193.928,1442.0198,284.6599,4.2170,-3.075060,-0.001099,-0.006348,55.805354497,37.446995932,164.3860,402660.6773,6185507.6718,6,0.0110,0.0430
194.427,1441.5210,284.6270,4.2140,-3.075966,-0.000910,-0.006289,55.805354203,37.446987979,164.3829,402660.1781,6185507.6502,6,0.0114,0.0417
194.927,1441.0223,284.5943,4.2114,-3.076383,-0.000681,-0.006228,55.805353911,37.446980025,164.3801,402659.6789,6185507.6289,6,0.0117,0.0441
195.427,1440.5235,284.5618,4.2087,-3.076595,-0.000432,-0.006166,55.805353620,37.446972071,164.3774,402659.1797,6185507.6078,6,0.0133,0.0472
195.927,1440.0248,284.5294,4.2063,-3.076442,-0.000183,-0.006103,55.805353331,37.446964118,164.3749,402658.6805,6185507.5867,6,0.0152,0.0497
196.427,1439.5260,284.4968,4.2040,-3.076134,0.000051,-0.006038,55.805353039,37.446956164,164.3724,402658.1813,6185507.5654,6,0.0170,0.0522
196.927,1439.0273,284.4640,4.2017,-3.075764,0.000260,-0.005973,55.805352746,37.446948210,164.3700,402657.6821,6185507.5441,6,0.0188,0.0523
197.426,1438.5286,284.4310,4.1995,-3.075367,0.000441,-0.005907,55.805352451,37.446940257,164.3677,402657.1829,6185507.5224,6,0.0185,0.0519
197.926,1438.0299,284.3979,4.1972,-3.075045,0.000596,-0.005840,55.805352155,37.446932304,164.3653,402656.6837,6185507.5006,6,0.0178,0.0491
198.426,1437.5312,284.3645,4.1950,-3.074753,0.000729,-0.005774,55.805351857,37.446924351,164.3630,402656.1845,6185507.4787,6,0.0171,0.0459
198.926,1437.0325,284.3311,4.1927,-3.074413,0.000845,-0.005708,55.805351559,37.446916398,164.3605,402655.6853,6185507.4566,6,0.0164,0.0449
199.426,1436.5338,284.2974,4.1903,-3.074050,0.000948,-0.005642,55.805351258,37.446908445,164.3581,402655.1862,6185507.4343,6,0.0163,0.0443
199.925,1436.0351,284.2636,4.1879,-3.073532,0.001039,-0.005577,55.805350956,37.446900493,164.3555,402654.6870,6185507.4119,6,0.0164,0.0448
200.425,1435.5365,284.2294,4.1855,-3.072944,0.001114,-0.005513,55.805350650,37.446892541,164.3530,402654.1879,6185507.3890,6,0.0164,0.0455
200.925,1435.0378,284.1951,4.1829,-3.072275,0.001169,-0.005450,55.805350343,37.446884589,164.3503,402653.6888,6185507.3660,6,0.0165,0.0478
201.425,1434.5392,284.1602,4.1804,-3.071567,0.001194,-0.005389,55.805350031,37.446876638,164.3477,402653.1897,6185507.3425,6,0.0174,0.0503
201.925,1434.0407,284.1251,4.1779,-3.070835,0.001179,-0.005329,55.805349717,37.446868687,164.3450,402652.6906,6185507.3188,6,0.0184,0.0504
202.424,1433.5421,284.0895,4.1753,-3.070089,0.001114,-0.005270,55.805349399,37.446860736,164.3423,402652.1915,6185507.2945,6,0.0194,0.0501
202.924,1433.0436,284.0537,4.1728,-3.069278,0.000989,-0.005214,55.805349079,37.446852786,164.3397,402651.6924,6185507.2701,6,0.0204,0.0506
203.424,1432.5451,284.0173,4.1702,-3.068437,0.000798,-0.005160,55.805348754,37.446844836,164.3371,402651.1934,6185507.2450,6,0.0197,0.0514
203.924,1432.0466,283.9806,4.1678,-3.067649,0.000542,-0.005108,55.805348426,37.446836887,164.3345,402650.6944,6185507.2197,6,0.0186,0.0520
204.424,1431.5482,283.9435,4.1654,-3.066883,0.000226,-0.005059,55.805348093,37.446828938,164.3320,402650.1954,6185507.1939,6,0.0175,0.0527
204.924,1431.0498,283.9060,4.1631,-3.066527,-0.000134,-0.005012,55.805347759,37.446820990,164.3296,402649.6964,6185507.1678,6,0.0165,0.0510
205.423,1430.5514,283.8685,4.1609,-3.066358,-0.000514,-0.004968,55.805347423,37.446813042,164.3273,402649.1974,6185507.1417,6,0.0167,0.0488
205.923,1430.0530,283.8309,4.1588,-3.066855,-0.000885,-0.004927,55.805347087,37.446805094,164.3250,402648.6985,6185507.1154,6,0.0172,0.0488
206.423,1429.5546,283.7939,4.1567,-3.067660,-0.001217,-0.004889,55.805346755,37.446797145,164.3228,402648.1995,6185507.0897,6,0.0176,0.0491
206.923,1429.0561,283.7571,4.1548,-3.068969,-0.001481,-0.004854,55.805346426,37.446789196,164.3208,402647.7005,6185507.0643,6,0.0181,0.0488
207.423,1428.5576,283.7213,4.1529,-3.070515,-0.001652,-0.004823,55.805346107,37.446781246,164.3188,402647.2014,6185507.0399,6,0.0167,0.0483
207.922,1428.0590,283.6861,4.1511,-3.072106,-0.001716,-0.004794,55.805345792,37.446773295,164.3169,402646.7023,6185507.0160,6,0.0150,0.0447
208.422,1427.5603,283.6519,4.1494,-3.073724,-0.001670,-0.004770,55.805345487,37.446765343,164.3151,402646.2032,6185506.9932,6,0.0133,0.0405
208.922,1427.0617,283.6183,4.1478,-3.075005,-0.001521,-0.004748,55.805345186,37.446757390,164.3134,402645.7040,6185506.9710,6,0.0116,0.0406
209.422,1426.5629,283.5854,4.1462,-3.076131,-0.001284,-0.004730,55.805344892,37.446749436,164.3117,402645.2048,6185506.9494,6,0.0124,0.0416
209.922,1426.0642,283.5529,4.1447,-3.076808,-0.000980,-0.004716,55.805344602,37.446741483,164.3101,402644.7056,6185506.9283,7,0.0137,0.0412
210.422,1425.5654,283.5207,4.1433,-3.077275,-0.000636,-0.004706,55.805344314,37.446733529,164.3085,402644.2064,6185506.9074,7,0.0150,0.0404
210.921,1425.0666,283.4886,4.1418,-3.077363,-0.000274,-0.004699,55.805344027,37.446725574,164.3070,402643.7071,6185506.8868,8,0.0163,0.0393
211.421,1424.5678,283.4565,4.1404,-3.077270,0.000083,-0.004697,55.805343740,37.446717620,164.3055,402643.2079,6185506.8660,8,0.0176,0.0381
211.921,1424.0691,283.4244,4.1390,-3.076900,0.000418,-0.004698,55.805343453,37.446709666,164.3039,402642.7087,6185506.8452,8,0.0189,0.0360
212.421,1423.5703,283.3919,4.1376,-3.076395,0.000715,-0.004703,55.805343163,37.446701712,164.3024,402642.2095,6185506.8241,8,0.0202,0.0336
212.921,1423.0716,283.3593,4.1361,-3.075708,0.000966,-0.004713,55.805342871,37.446693758,164.3008,402641.7103,6185506.8028,8,0.0215,0.0336
213.420,1422.5728,283.3261,4.1346,-3.074932,0.001163,-0.004726,55.805342575,37.446685805,164.2991,402641.2111,6185506.7810,8,0.0211,0.0341
213.920,1422.0742,283.2927,4.1329,-3.074073,0.001301,-0.004744,55.805342276,37.446677852,164.2974,402640.7119,6185506.7590,8,0.0205,0.0336
214.420,1421.5755,283.2586,4.1312,-3.073170,0.001378,-0.004766,55.805341972,37.446669900,164.2955,402640.2128,6185506.7363,8,0.0198,0.0329
214.920,1421.0769,283.2243,4.1293,-3.072242,0.001391,-0.004792,55.805341665,37.446661948,164.2935,402639.7136,6185506.7133,8,0.0191,0.0310
215.420,1420.5783,283.1894,4.1273,-3.071298,0.001339,-0.004823,55.805341353,37.446653997,164.2915,402639.2145,6185506.6898,8,0.0188,0.0288
215.919,1420.0797,283.1541,4.1252,-3.070367,0.001222,-0.004859,55.805341038,37.446646046,164.2892,402638.7155,6185506.6659,8,0.0185,0.0294
216.419,1419.5812,283.1182,4.1230,-3.069440,0.001043,-0.004899,55.805340717,37.446638096,164.2869,402638.2164,6185506.6413,8,0.0182,0.0306
216.919,1419.0827,283.0821,4.1206,-3.068657,0.000809,-0.004943,55.805340393,37.446630146,164.2843,402637.7174,6185506.6165,8,0.0179,0.0313
217.419,1418.5842,283.0454,4.1181,-3.067944,0.000530,-0.004993,55.805340066,37.446622197,164.2818,402637.2183,6185506.5912,8,0.0176,0.0319
217.919,1418.0858,283.0085,4.1155,-3.067600,0.000221,-0.005047,55.805339736,37.446614248,164.2790,402636.7193,6185506.5657,8,0.0173,0.0327
218.419,1417.5873,282.9715,4.1128,-3.067443,-0.000101,-0.005106,55.805339405,37.446606299,164.2763,402636.2203,6185506.5400,8,0.0171,0.0335
218.918,1417.0889,282.9344,4.1101,-3.067758,-0.000417,-0.005170,55.805339073,37.446598350,164.2734,402635.7213,6185506.5143,8,0.0168,0.0345
219.418,1416.5904,282.8978,4.1073,-3.068313,-0.000712,-0.005239,55.805338745,37.446590401,164.2705,402635.2223,6185506.4890,8,0.0169,0.0355
219.918,1416.0919,282.8613,4.1045,-3.069139,-0.000971,-0.005314,55.805338419,37.446582452,164.2676,402634.7233,6185506.4639,8,0.0170,0.0369
220.418,1415.5934,282.8254,4.1016,-3.070105,-0.001185,-0.005393,55.805338098,37.446574501,164.2646,402634.2242,6185506.4394,8,0.0171,0.0384
220.918,1415.0949,282.7899,4.0989,-3.071031,-0.001349,-0.005478,55.805337781,37.446566551,164.2618,402633.7252,6185506.4152,8,0.0172,0.0390
221.417,1414.5963,282.7549,4.0961,-3.071937,-0.001463,-0.005568,55.805337468,37.446558600,164.2589,402633.2261,6185506.3916,8,0.0183,0.0394
221.917,1414.0977,282.7203,4.0936,-3.072748,-0.001526,-0.005663,55.805337159,37.446550648,164.2562,402632.7269,6185506.3683,8,0.0196,0.0368
222.417,1413.5990,282.6862,4.0910,-3.073511,-0.001537,-0.005763,55.805336854,37.446542696,164.2536,402632.2278,6185506.3456,8,0.0210,0.0337
222.917,1413.1003,282.6523,4.0888,-3.074347,-0.001496,-0.005869,55.805336551,37.446534744,164.2512,402631.7287,6185506.3230,8,0.0223,0.0346
223.417,1412.6016,282.6190,4.0865,-3.075224,-0.001396,-0.005980,55.805336253,37.446526791,164.2489,402631.2295,6185506.3011,8,0.0227,0.0364
223.916,1412.1029,282.5860,4.0846,-3.076202,-0.001235,-0.006096,55.805335958,37.446518837,164.2468,402630.7303,6185506.2795,8,0.0229,0.0374
224.416,1411.6041,282.5537,4.0827,-3.077237,-0.001007,-0.006217,55.805335670,37.446510883,164.2448,402630.2311,6185506.2585,8,0.0231,0.0382
224.916,1411.1054,282.5217,4.0811,-3.078133,-0.000715,-0.006344,55.805335384,37.446502929,164.2431,402629.7318,6185506.2379,8,0.0233,0.0386
225.416,1410.6065,282.4903,4.0795,-3.078957,-0.000367,-0.006475,55.805335103,37.446494974,164.2414,402629.2326,6185506.2178,8,0.0271,0.0389
225.916,1410.1077,282.4591,4.0781,-3.079332,0.000022,-0.006611,55.805334825,37.446487019,164.2399,402628.7333,6185506.1981,8,0.0316,0.0367
226.416,1409.6088,282.4281,4.0768,-3.079468,0.000425,-0.006751,55.805334547,37.446479063,164.2384,402628.2340,6185506.1784,9,0.0361,0.0341
226.915,1409.1100,282.3971,4.0754,-3.079009,0.000812,-0.006896,55.805334270,37.446471108,164.2369,402627.7348,6185506.1587,9,0.0406,0.0495
227.415,1408.6112,282.3656,4.0740,-3.078227,0.001148,-0.007046,55.805333989,37.446463153,164.2355,402627.2355,6185506.1386,9,0.0410,0.0687
227.915,1408.1124,282.3338,4.0725,-3.076969,0.001399,-0.007199,55.805333705,37.446455199,164.2338,402626.7363,6185506.1182,9,0.0406,0.0727
228.415,1407.6136,282.3010,4.0709,-3.075448,0.001536,-0.007355,55.805333412,37.446447245,164.2321,402626.2371,6185506.0968,9,0.0403,0.0736
228.915,1407.1149,282.2677,4.0689,-3.073796,0.001543,-0.007516,55.805333114,37.446439292,164.2300,402625.7379,6185506.0748,9,0.0399,0.0714
229.414,1406.6163,282.2333,4.0669,-3.072068,0.001414,-0.007679,55.805332807,37.446431340,164.2279,402625.2388,6185506.0518,9,0.0358,0.0686
229.914,1406.1177,282.1983,4.0643,-3.070664,0.001159,-0.007845,55.805332493,37.446423389,164.2252,402624.7397,6185506.0281,9,0.0309,0.0737
230.414,1405.6192,282.1624,4.0616,-3.069437,0.000803,-0.008013,55.805332173,37.446415439,164.2224,402624.2406,6185506.0036,9,0.0260,0.0803
230.914,1405.1207,282.1262,4.0584,-3.068898,0.000383,-0.008183,55.805331849,37.446407489,164.2190,402623.7416,6185505.9787,9,0.0211,0.0803
231.414,1404.6222,282.0898,4.0550,-3.068742,-0.000056,-0.008354,55.805331524,37.446399540,164.2155,402623.2425,6185505.9537,9,0.0209,0.0788
231.914,1404.1237,282.0534,4.0510,-3.069306,-0.000465,-0.008526,55.805331198,37.446391590,164.2114,402622.7435,6185505.9287,9,0.0217,0.0753
232.413,1403.6252,282.0176,4.0469,-3.070276,-0.000799,-0.008700,55.805330878,37.446383640,164.2072,402622.2445,6185505.9043,9,0.0224,0.0715
232.913,1403.1266,281.9822,4.0422,-3.071624,-0.001022,-0.008873,55.805330562,37.446375689,164.2025,402621.7454,6185505.8802,9,0.0232,0.0758
233.413,1402.6280,281.9478,4.0375,-3.073190,-0.001110,-0.009045,55.805330254,37.446367737,164.1976,402621.2463,6185505.8571,9,0.0248,0.0819
233.913,1402.1293,281.9139,4.0323,-3.074641,-0.001052,-0.009217,55.805329951,37.446359785,164.1923,402620.7471,6185505.8346,9,0.0266,0.0854
234.413,1401.6306,281.8809,4.0270,-3.076031,-0.000858,-0.009388,55.805329656,37.446351832,164.1869,402620.2479,6185505.8129,9,0.0283,0.0883
234.912,1401.1319,281.8484,4.0214,-3.076923,-0.000550,-0.009556,55.805329366,37.446343878,164.1811,402619.7487,6185505.7918,9,0.0301,0.0797
235.412,1400.6331,281.8163,4.0157,-3.077531,-0.000162,-0.009723,55.805329079,37.446335924,164.1753,402619.2495,6185505.7711,9,0.0322,0.0687
235.912,1400.1343,281.7844,4.0097,-3.077485,0.000263,-0.009886,55.805328794,37.446327969,164.1693,402618.7502,6185505.7505,9,0.0344,0.0745
236.412,1399.6355,281.7522,4.0038,-3.077063,0.000679,-0.010046,55.805328506,37.446320015,164.1632,402618.2510,6185505.7298,9,0.0365,0.0838
236.912,1399.1367,281.7199,3.9977,-3.076098,0.001040,-0.010202,55.805328218,37.446312061,164.1570,402617.7518,6185505.7088,9,0.0387,0.0865
237.411,1398.6380,281.6868,3.9915,-3.074815,0.001309,-0.010354,55.805327922,37.446304108,164.1507,402617.2526,6185505.6871,9,0.0374,0.0878
237.911,1398.1393,281.6532,3.9852,-3.073308,0.001455,-0.010502,55.805327621,37.446296155,164.1443,402616.7535,6185505.6648,9,0.0354,0.0842
238.411,1397.6407,281.6186,3.9789,-3.071666,0.001462,-0.010643,55.805327312,37.446288204,164.1379,402616.2543,6185505.6416,9,0.0334,0.0795
238.911,1397.1422,281.5834,3.9724,-3.070168,0.001326,-0.010780,55.805326997,37.446280253,164.1313,402615.7552,6185505.6177,9,0.0314,0.0786
239.411,1396.6436,281.5473,3.9660,-3.068752,0.001059,-0.010910,55.805326674,37.446272303,164.1247,402615.2562,6185505.5930,9,0.0318,0.0786
239.911,1396.1452,281.5106,3.9594,-3.067786,0.000684,-0.011034,55.805326347,37.446264354,164.1181,402614.7572,6185505.5677,9,0.0326,0.0797
240.410,1395.6467,281.4736,3.9528,-3.067084,0.000237,-0.011151,55.805326015,37.446256405,164.1114,402614.2582,6185505.5420,9,0.0335,0.0811
240.910,1395.1483,281.4362,3.9462,-3.067047,-0.000236,-0.011261,55.805325681,37.446248457,164.1046,402613.7592,6185505.5160,9,0.0343,0.0793
241.410,1394.6499,281.3991,3.9395,-3.067409,-0.000688,-0.011364,55.805325349,37.446240508,164.0979,402613.2602,6185505.4902,9,0.0330,0.0768
241.910,1394.1514,281.3621,3.9329,-3.068434,-0.001072,-0.011459,55.805325019,37.446232559,164.0911,402612.7612,6185505.4646,9,0.0312,0.0718
242.410,1393.6529,281.3260,3.9262,-3.069862,-0.001347,-0.011546,55.805324696,37.446224609,164.0843,402612.2622,6185505.4399,9,0.0294,0.0661
242.909,1393.1544,281.2905,3.9195,-3.071589,-0.001482,-0.011625,55.805324378,37.446216659,164.0775,402611.7631,6185505.4157,9,0.0276,0.0685
243.409,1392.6558,281.2561,3.9129,-3.073504,-0.001462,-0.011696,55.805324071,37.446208707,164.0708,402611.2640,6185505.3927,9,0.0290,0.0727
243.909,1392.1571,281.2225,3.9063,-3.075142,-0.001290,-0.011758,55.805323770,37.446200754,164.0640,402610.7648,6185505.3704,9,0.0311,0.0767
244.409,1391.6583,281.1897,3.8997,-3.076615,-0.000984,-0.011812,55.805323477,37.446192801,164.0573,402610.2656,6185505.3490,9,0.0332,0.0806
244.909,1391.1596,281.1576,3.8931,-3.077409,-0.000577,-0.011857,55.805323190,37.446184846,164.0507,402609.7664,6185505.3282,9,0.0353,0.0733
245.408,1390.6608,281.1256,3.8866,-3.077784,-0.000113,-0.011893,55.805322904,37.446176892,164.0440,402609.2672,6185505.3076,9,0.0366,0.0636
245.908,1390.1620,281.0938,3.8801,-3.077466,0.000358,-0.011921,55.805322620,37.446168937,164.0374,402608.7679,6185505.2872,9,0.0377,0.0508
246.408,1389.6632,281.0616,3.8735,-3.076715,0.000789,-0.011940,55.805322332,37.446160983,164.0308,402608.2687,6185505.2663,9,0.0388,0.0373
246.908,1389.1644,281.0290,3.8669,-3.075531,0.001136,-0.011950,55.805322041,37.446153030,164.0240,402607.7695,6185505.2451,9,0.0399,0.0511
247.408,1388.6657,280.9956,3.8603,-3.074072,0.001364,-0.011952,55.805321742,37.446145077,164.0173,402607.2703,6185505.2230,9,0.0415,0.0711
247.908,1388.1671,280.9616,3.8534,-3.072515,0.001451,-0.011945,55.805321438,37.446137125,164.0103,402606.7712,6185505.2004,9,0.0432,0.0754
248.407,1387.6685,280.9266,3.8465,-3.070891,0.001389,-0.011930,55.805321125,37.446129174,164.0033,402606.2721,6185505.1768,9,0.0449,0.0761
248.907,1387.1700,280.8910,3.8394,-3.069500,0.001183,-0.011906,55.805320807,37.446121223,163.9960,402605.7730,6185505.1525,9,0.0466,0.0779
249.407,1386.6715,280.8546,3.8321,-3.068254,0.000851,-0.011875,55.805320482,37.446113274,163.9887,402605.2740,6185505.1275,9,0.0427,0.0798
249.907,1386.1730,280.8177,3.8247,-3.067527,0.000420,-0.011836,55.805320152,37.446105325,163.9811,402604.7750,6185505.1020,9,0.0376,0.0896
250.407,1385.6746,280.7806,3.8172,-3.067132,-0.000071,-0.011790,55.805319820,37.446097376,163.9735,402604.2760,6185505.0762,10,0.0325,0.1011
250.906,1385.1762,280.7434,3.8096,-3.067379,-0.000584,-0.011736,55.805319487,37.446089427,163.9659,402603.7770,6185505.0503,10,0.0273,0.0816
251.406,1384.6777,280.7065,3.8021,-3.068040,-0.001076,-0.011676,55.805319157,37.446081478,163.9582,402603.2780,6185505.0248,10,0.0264,0.0550
251.906,1384.1792,280.6699,3.7947,-3.069214,-0.001509,-0.011609,55.805318830,37.446073529,163.9507,402602.7790,6185504.9996,10,0.0263,0.0477
252.406,1383.6807,280.6342,3.7873,-3.070724,-0.001849,-0.011535,55.805318511,37.446065579,163.9433,402602.2799,6185504.9752,10,0.0263,0.0448
252.906,1383.1821,280.5991,3.7804,-3.072444,-0.002074,-0.011456,55.805318197,37.446057628,163.9362,402601.7808,6185504.9515,10,0.0263,0.0439
253.405,1382.6835,280.5651,3.7736,-3.074307,-0.002168,-0.011371,55.805317893,37.446049675,163.9292,402601.2817,6185504.9289,10,0.0267,0.0434
253.905,1382.1848,280.5319,3.7672,-3.076070,-0.002128,-0.011281,55.805317596,37.446041722,163.9228,402600.7825,6185504.9070,10,0.0273,0.0435
254.405,1381.6860,280.4997,3.7610,-3.077774,-0.001959,-0.011187,55.805317308,37.446033768,163.9164,402600.2833,6185504.8862,10,0.0278,0.0437
254.905,1381.1872,280.4681,3.7552,-3.079160,-0.001676,-0.011088,55.805317027,37.446025813,163.9106,402599.7840,6185504.8660,10,0.0284,0.0427
255.405,1380.6883,280.4373,3.7496,-3.080340,-0.001300,-0.010985,55.805316751,37.446017858,163.9049,402599.2847,6185504.8465,10,0.0288,0.0415
255.905,1380.1894,280.4070,3.7444,-3.081078,-0.000858,-0.010879,55.805316480,37.446009902,163.8995,402598.7854,6185504.8275,10,0.0292,0.0414
256.404,1379.6905,280.3769,3.7392,-3.081521,-0.000380,-0.010770,55.805316211,37.446001946,163.8942,402598.2861,6185504.8088,10,0.0296,0.0416
256.904,1379.1916,280.3469,3.7343,-3.081482,0.000104,-0.010659,55.805315944,37.445993989,163.8892,402597.7868,6185504.7903,10,0.0300,0.0404
257.404,1378.6927,280.3168,3.7294,-3.081119,0.000565,-0.010546,55.805315674,37.445986033,163.8843,402597.2875,6185504.7715,10,0.0303,0.0388
257.904,1378.1938,280.2865,3.7247,-3.080349,0.000978,-0.010431,55.805315404,37.445978077,163.8795,402596.7882,6185504.7526,10,0.0306,0.0385
258.404,1377.6949,280.2556,3.7201,-3.079301,0.001323,-0.010314,55.805315128,37.445970122,163.8747,402596.2889,6185504.7330,10,0.0309,0.0384
258.903,1377.1961,280.2243,3.7155,-3.078045,0.001586,-0.010198,55.805314848,37.445962167,163.8700,402595.7897,6185504.7131,10,0.0312,0.0370
259.403,1376.6973,280.1921,3.7109,-3.076644,0.001760,-0.010080,55.805314561,37.445954213,163.8653,402595.2904,6185504.6923,10,0.0305,0.0352
259.903,1376.1986,280.1594,3.7064,-3.075273,0.001847,-0.009964,55.805314268,37.445946259,163.8607,402594.7912,6185504.6709,10,0.0296,0.0333
260.403,1375.6999,280.1259,3.7019,-3.073918,0.001854,-0.009847,55.805313968,37.445938306,163.8561,402594.2921,6185504.6488,10,0.0288,0.0312
260.903,1375.2012,280.0918,3.6975,-3.072751,0.001795,-0.009732,55.805313664,37.445930354,163.8516,402593.7929,6185504.6260,10,0.0279,0.0311
261.403,1374.7026,280.0571,3.6931,-3.071710,0.001684,-0.009619,55.805313354,37.445922403,163.8471,402593.2938,6185504.6027,10,0.0267,0.0314
261.902,1374.2041,280.0220,3.6888,-3.070883,0.001540,-0.009507,55.805313040,37.445914452,163.8427,402592.7947,6185504.5790,10,0.0255,0.0330
262.402,1373.7055,279.9865,3.6846,-3.070204,0.001380,-0.009398,55.805312722,37.445906501,163.8383,402592.2957,6185504.5548,10,0.0242,0.0350
262.902,1373.2070,279.9507,3.6804,-3.069679,0.001216,-0.009291,55.805312402,37.445898551,163.8341,402591.7966,6185504.5304,10,0.0230,0.0355
263.402,1372.7085,279.9147,3.6763,-3.069261,0.001059,-0.009188,55.805312080,37.445890601,163.8298,402591.2975,6185504.5057,10,0.0233,0.0356
263.902,1372.2100,279.8785,3.6723,-3.068916,0.000914,-0.009087,55.805311756,37.445882651,163.8258,402590.7985,6185504.4809,10,0.0241,0.0339
264.401,1371.7115,279.8421,3.6684,-3.068620,0.000784,-0.008991,55.805311431,37.445874702,163.8217,402590.2995,6185504.4558,10,0.0248,0.0317
264.901,1371.2130,279.8056,3.6646,-3.068337,0.000663,-0.008898,55.805311104,37.445866752,163.8178,402589.8004,6185504.4307,10,0.0255,0.0322
265.401,1370.7145,279.7689,3.6608,-3.068062,0.000548,-0.008810,55.805310777,37.445858803,163.8139,402589.3014,6185504.4054,10,0.0255,0.0334
265.901,1370.2161,279.7322,3.6571,-3.067784,0.000429,-0.008726,55.805310448,37.445850854,163.8101,402588.8024,6185504.3800,10,0.0253,0.0356
266.401,1369.7176,279.6952,3.6534,-3.067503,0.000299,-0.008647,55.805310117,37.445842905,163.8063,402588.3034,6185504.3544,10,0.0252,0.0380
266.900,1369.2192,279.6582,3.6499,-3.067255,0.000150,-0.008573,55.805309786,37.445834956,163.8026,402587.8044,6185504.3287,10,0.0250,0.0397
267.400,1368.7207,279.6210,3.6463,-3.067030,-0.000024,-0.008505,55.805309453,37.445827007,163.7990,402587.3054,6185504.3029,10,0.0255,0.0413
267.900,1368.2223,279.5837,3.6429,-3.066910,-0.000226,-0.008442,55.805309120,37.445819059,163.7954,402586.8064,6185504.2769,10,0.0261,0.0419
268.400,1367.7239,279.5464,3.6395,-3.066865,-0.000454,-0.008384,55.805308786,37.445811110,163.7919,402586.3075,6185504.2510,10,0.0268,0.0422
268.900,1367.2255,279.5091,3.6361,-3.067007,-0.000704,-0.008332,55.805308452,37.445803162,163.7885,402585.8085,6185504.2250,10,0.0275,0.0417
269.400,1366.7271,279.4719,3.6329,-3.067286,-0.000963,-0.008286,55.805308120,37.445795213,163.7851,402585.3095,6185504.1992,10,0.0274,0.0409
269.899,1366.2286,279.4349,3.6297,-3.067822,-0.001219,-0.008245,55.805307789,37.445787265,163.7818,402584.8105,6185504.1735,10,0.0272,0.0407
270.399,1365.7301,279.3982,3.6265,-3.068549,-0.001454,-0.008211,55.805307461,37.445779315,163.7785,402584.3115,6185504.1483,10,0.0270,0.0405
270.899,1365.2317,279.3619,3.6235,-3.069546,-0.001650,-0.008183,55.805307136,37.445771366,163.7754,402583.8124,6185504.1233,10,0.0268,0.0411
271.399,1364.7331,279.3263,3.6205,-3.070746,-0.001788,-0.008160,55.805306818,37.445763415,163.7723,402583.3134,6185504.0990,10,0.0264,0.0419
271.899,1364.2345,279.2911,3.6176,-3.072111,-0.001854,-0.008144,55.805306504,37.445755464,163.7693,402582.8143,6185504.0753,10,0.0260,0.0415
272.398,1363.7359,279.2569,3.6148,-3.073604,-0.001839,-0.008135,55.805306197,37.445747512,163.7663,402582.3151,6185504.0523,10,0.0256,0.0407
272.898,1363.2372,279.2232,3.6120,-3.075028,-0.001738,-0.008131,55.805305897,37.445739560,163.7634,402581.8160,6185504.0301,10,0.0253,0.0404
273.398,1362.7385,279.1904,3.6092,-3.076406,-0.001558,-0.008133,55.805305603,37.445731606,163.7605,402581.3168,6185504.0086,10,0.0223,0.0402
273.898,1362.2397,279.1581,3.6064,-3.077473,-0.001310,-0.008142,55.805305315,37.445723652,163.7576,402580.8176,6185503.9877,10,0.0188,0.0428
274.398,1361.7409,279.1263,3.6035,-3.078309,-0.001014,-0.008156,55.805305030,37.445715698,163.7547,402580.3183,6185503.9672,9,0.0153,0.0461
274.897,1361.2421,279.0949,3.6007,-3.078743,-0.000689,-0.008177,55.805304750,37.445707743,163.7517,402579.8191,6185503.9472,9,0.0117,0.0488
275.397,1360.7433,279.0635,3.5978,-3.078872,-0.000361,-0.008203,55.805304469,37.445699788,163.7487,402579.3198,6185503.9272,9,0.0100,0.0513
275.897,1360.2444,279.0322,3.5947,-3.078700,-0.000048,-0.008235,55.805304190,37.445691833,163.7455,402578.8205,6185503.9072,9,0.0089,0.0493
276.397,1359.7456,279.0007,3.5916,-3.078296,0.000231,-0.008273,55.805303908,37.445683878,163.7423,402578.3213,6185503.8871,9,0.0077,0.0462
276.897,1359.2468,278.9690,3.5882,-3.077770,0.000466,-0.008317,55.805303625,37.445675923,163.7388,402577.8220,6185503.8667,9,0.0065,0.0447
277.397,1358.7480,278.9370,3.5848,-3.077150,0.000652,-0.008367,55.805303338,37.445667969,163.7353,402577.3228,6185503.8461,9,0.0065,0.0435
277.896,1358.2492,278.9046,3.5812,-3.076543,0.000792,-0.008422,55.805303049,37.445660015,163.7316,402576.8236,6185503.8251,9,0.0068,0.0416
278.396,1357.7505,278.8720,3.5775,-3.075946,0.000890,-0.008483,55.805302757,37.445652061,163.7277,402576.3244,6185503.8038,9,0.0071,0.0394
278.896,1357.2518,278.8391,3.5735,-3.075409,0.000954,-0.008549,55.805302463,37.445644108,163.7236,402575.8252,6185503.7822,9,0.0074,0.0354
279.396,1356.7531,278.8059,3.5694,-3.074918,0.000994,-0.008620,55.805302166,37.445636155,163.7195,402575.3260,6185503.7604,9,0.0065,0.0308
279.896,1356.2544,278.7725,3.5651,-3.074458,0.001015,-0.008697,55.805301868,37.445628202,163.7150,402574.8268,6185503.7384,9,0.0053,0.0279
280.395,1355.7557,278.7388,3.5607,-3.074020,0.001022,-0.008779,55.805301567,37.445620249,163.7106,402574.3277,6185503.7161,9,0.0042,0.0255
280.895,1355.2570,278.7050,3.5562,-3.073541,0.001014,-0.008866,55.805301264,37.445612297,163.7059,402573.8285,6185503.6936,9,0.0030,0.0261
281.395,1354.7584,278.6708,3.5516,-3.073028,0.000991,-0.008958,55.805300959,37.445604345,163.7012,402573.3294,6185503.6708,9,0.0038,0.0275
281.895,1354.2597,278.6365,3.5469,-3.072439,0.000947,-0.009056,55.805300652,37.445596393,163.6965,402572.8303,6185503.6478,9,0.0051,0.0251
282.395,1353.7611,278.6018,3.5422,-3.071787,0.000878,-0.009158,55.805300342,37.445588442,163.6917,402572.3312,6185503.6245,9,0.0064,0.0218
282.895,1353.2625,278.5668,3.5375,-3.071138,0.000783,-0.009265,55.805300028,37.445580491,163.6868,402571.8321,6185503.6008,9,0.0076,0.0187
283.394,1352.7640,278.5314,3.5328,-3.070491,0.000660,-0.009377,55.805299712,37.445572540,163.6820,402571.3330,6185503.5768,9,0.0085,0.0157
283.894,1352.2654,278.4957,3.5282,-3.070008,0.000515,-0.009493,55.805299393,37.445564589,163.6773,402570.8339,6185503.5525,9,0.0093,0.0185
284.394,1351.7669,278.4599,3.5235,-3.069656,0.000356,-0.009615,55.805299073,37.445556639,163.6725,402570.3348,6185503.5280,9,0.0100,0.0229
284.894,1351.2684,278.4239,3.5190,-3.069548,0.000193,-0.009740,55.805298751,37.445548689,163.6679,402569.8358,6185503.5034,9,0.0108,0.0223
285.394,1350.7699,278.3879,3.5145,-3.069637,0.000037,-0.009871,55.805298429,37.445540739,163.6633,402569.3367,6185503.4788,9,0.0114,0.0203
285.893,1350.2714,278.3520,3.5101,-3.069872,-0.000101,-0.010006,55.805298108,37.445532789,163.6587,402568.8377,6185503.4543,9,0.0120,0.0172
286.393,1349.7728,278.3163,3.5057,-3.070228,-0.000212,-0.010145,55.805297789,37.445524839,163.6542,402568.3386,6185503.4299,9,0.0126,0.0138
286.893,1349.2743,278.2808,3.5014,-3.070577,-0.000293,-0.010288,55.805297471,37.445516888,163.6498,402567.8396,6185503.4057,9,0.0132,0.0148
287.393,1348.7757,278.2454,3.4970,-3.070922,-0.000342,-0.010436,55.805297155,37.445508938,163.6454,402567.3405,6185503.3817,9,0.0116,0.0170
287.893,1348.2771,278.2102,3.4928,-3.071208,-0.000361,-0.010587,55.805296840,37.445500987,163.6410,402566.8414,6185503.3578,9,0.0095,0.0193
288.392,1347.7786,278.1751,3.4885,-3.071445,-0.000356,-0.010743,55.805296526,37.445493036,163.6366,402566.3423,6185503.3341,9,0.0074,0.0217
288.892,1347.2800,278.1401,3.4841,-3.071648,-0.000333,-0.010902,55.805296213,37.445485085,163.6321,402565.8432,6185503.3105,9,0.0053,0.0204
289.392,1346.7814,278.1052,3.4798,-3.071824,-0.000299,-0.011065,55.805295901,37.445477133,163.6277,402565.3441,6185503.2870,9,0.0065,0.0181
289.892,1346.2828,278.0704,3.4753,-3.071965,-0.000261,-0.011231,55.805295590,37.445469182,163.6231,402564.8450,6185503.2635,9,0.0087,0.0207
290.392,1345.7842,278.0357,3.4708,-3.072078,-0.000226,-0.011400,55.805295279,37.445461230,163.6185,402564.3459,6185503.2401,9,0.0108,0.0247
290.892,1345.2856,278.0010,3.4661,-3.072134,-0.000199,-0.011573,55.805294969,37.445453279,163.6137,402563.8468,6185503.2168,9,0.0129,0.0301
291.391,1344.7870,277.9663,3.4614,-3.072143,-0.000185,-0.011748,55.805294659,37.445445328,163.6089,402563.3476,6185503.1935,9,0.0133,0.0358
291.891,1344.2884,277.9316,3.4564,-3.072126,-0.000189,-0.011925,55.805294349,37.445437376,163.6038,402562.8485,6185503.1702,9,0.0131,0.0352
292.391,1343.7897,277.8969,3.4514,-3.072088,-0.000212,-0.012105,55.805294039,37.445429425,163.5987,402562.3494,6185503.1468,9,0.0129,0.0329
292.891,1343.2911,277.8622,3.4462,-3.072090,-0.000256,-0.012286,55.805293728,37.445421473,163.5934,402561.8503,6185503.1235,9,0.0127,0.0300
293.391,1342.7925,277.8275,3.4409,-3.072128,-0.000320,-0.012469,55.805293418,37.445413522,163.5880,402561.3512,6185503.1001,9,0.0123,0.0269
293.890,1342.2939,277.7928,3.4354,-3.072232,-0.000404,-0.012653,55.805293108,37.445405570,163.5823,402560.8521,6185503.0768,9,0.0118,0.0265
294.390,1341.7953,277.7582,3.4298,-3.072395,-0.000503,-0.012838,55.805292799,37.445397619,163.5766,402560.3530,6185503.0536,9,0.0113,0.0269
294.890,1341.2967,277.7237,3.4239,-3.072620,-0.000612,-0.013024,55.805292490,37.445389667,163.5706,402559.8538,6185503.0304,9,0.0108,0.0326
295.390,1340.7981,277.6893,3.4180,-3.072901,-0.000722,-0.013209,55.805292183,37.445381715,163.5646,402559.3547,6185503.0074,9,0.0117,0.0398
295.890,1340.2994,277.6551,3.4118,-3.073274,-0.000824,-0.013394,55.805291876,37.445373763,163.5583,402558.8556,6185502.9845,9,0.0128,0.0359
296.389,1339.8008,277.6211,3.4055,-3.073728,-0.000904,-0.013577,55.805291572,37.445365811,163.5519,402558.3564,6185502.9619,9,0.0140,0.0289
296.889,1339.3021,277.5873,3.3989,-3.074322,-0.000950,-0.013760,55.805291270,37.445357859,163.5452,402557.8573,6185502.9394,9,0.0151,0.0298
297.389,1338.8034,277.5539,3.3923,-3.075041,-0.000947,-0.013940,55.805290972,37.445349906,163.5385,402557.3581,6185502.9174,9,0.0147,0.0330
297.889,1338.3047,277.5208,3.3853,-3.075856,-0.000883,-0.014119,55.805290676,37.445341953,163.5314,402556.8589,6185502.8957,9,0.0139,0.0361
298.389,1337.8059,277.4882,3.3783,-3.076759,-0.000750,-0.014294,55.805290385,37.445333999,163.5243,402556.3597,6185502.8745,9,0.0131,0.0391
298.889,1337.3071,277.4561,3.3709,-3.077569,-0.000547,-0.014466,55.805290097,37.445326045,163.5168,402555.8605,6185502.8536,9,0.0122,0.0391
299.388,1336.8083,277.4243,3.3634,-3.078298,-0.000280,-0.014635,55.805289813,37.445318090,163.5092,402555.3612,6185502.8332,9,0.0118,0.0383
299.888,1336.3095,277.3928,3.3556,-3.078702,0.000035,-0.014799,55.805289532,37.445310135,163.5013,402554.8620,6185502.8131,9,0.0114,0.0332
300.388,1335.8107,277.3614,3.3476,-3.078814,0.000376,-0.014958,55.805289252,37.445302180,163.4932,402554.3627,6185502.7931,9,0.0111,0.0269
300.888,1335.3119,277.3301,3.3393,-3.078497,0.000712,-0.015112,55.805288972,37.445294225,163.4848,402553.8635,6185502.7732,9,0.0108,0.0288
301.388,1334.8131,277.2984,3.3310,-3.077788,0.001012,-0.015260,55.805288688,37.445286271,163.4763,402553.3642,6185502.7528,9,0.0114,0.0332
301.887,1334.3143,277.2664,3.3222,-3.076744,0.001244,-0.015403,55.805288402,37.445278316,163.4675,402552.8650,6185502.7321,9,0.0123,0.0315
302.387,1333.8155,277.2336,3.3134,-3.075388,0.001381,-0.015538,55.805288109,37.445270363,163.4586,402552.3658,6185502.7108,9,0.0132,0.0279
302.887,1333.3168,277.2002,3.3043,-3.073944,0.001406,-0.015667,55.805287811,37.445262410,163.4493,402551.8666,6185502.6887,9,0.0141,0.0245
303.387,1332.8182,277.1661,3.2951,-3.072412,0.001310,-0.015788,55.805287505,37.445254458,163.4400,402551.3675,6185502.6659,9,0.0135,0.0210
303.887,1332.3196,277.1311,3.2857,-3.071103,0.001102,-0.015902,55.805287193,37.445246507,163.4305,402550.8684,6185502.6424,9,0.0125,0.0222
304.387,1331.8210,277.0957,3.2762,-3.069996,0.000799,-0.016007,55.805286875,37.445238556,163.4209,402550.3693,6185502.6182,9,0.0115,0.0248
304.886,1331.3225,277.0596,3.2666,-3.069365,0.000432,-0.016104,55.805286553,37.445230606,163.4112,402549.8703,6185502.5936,9,0.0105,0.0305
305.386,1330.8240,277.0235,3.2569,-3.069177,0.000037,-0.016193,55.805286230,37.445222657,163.4014,402549.3712,6185502.5688,9,0.0099,0.0370
305.886,1330.3255,276.9873,3.2472,-3.069500,-0.000345,-0.016272,55.805285907,37.445214707,163.3916,402548.8722,6185502.5440,9,0.0093,0.0347
306.386,1329.8270,276.9515,3.2375,-3.070307,-0.000676,-0.016343,55.805285586,37.445206757,163.3818,402548.3731,6185502.5195,9,0.0087,0.0298
306.886,1329.3284,276.9161,3.2278,-3.071393,-0.000926,-0.016404,55.805285270,37.445198806,163.3720,402547.8741,6185502.4955,9,0.0081,0.0301
307.385,1328.8298,276.8814,3.2181,-3.072747,-0.001074,-0.016455,55.805284959,37.445190855,163.3622,402547.3749,6185502.4721,9,0.0082,0.0320
307.885,1328.3312,276.8473,3.2085,-3.074028,-0.001112,-0.016497,55.805284655,37.445182902,163.3525,402546.8758,6185502.4494,9,0.0084,0.0305
308.385,1327.8325,276.8139,3.1989,-3.075244,-0.001044,-0.016530,55.805284356,37.445174950,163.3428,402546.3766,6185502.4274,8,0.0087,0.0281
308.885,1327.3337,276.7811,3.1894,-3.076148,-0.000886,-0.016553,55.805284062,37.445166996,163.3332,402545.8774,6185502.4059,8,0.0089,0.0266
309.385,1326.8350,276.7485,3.1798,-3.076755,-0.000659,-0.016566,55.805283772,37.445159042,163.3235,402545.3782,6185502.3847,8,0.0088,0.0254
309.884,1326.3362,276.7163,3.1703,-3.077024,-0.000391,-0.016569,55.805283483,37.445151088,163.3139,402544.8790,6185502.3638,8,0.0086,0.0207
310.384,1325.8374,276.6840,3.1609,-3.076968,-0.000109,-0.016563,55.805283195,37.445143134,163.3043,402544.3798,6185502.3429,8,0.0084,0.0151
310.884,1325.3387,276.6517,3.1514,-3.076699,0.000164,-0.016547,55.805282906,37.445135180,163.2948,402543.8806,6185502.3220,8,0.0082,0.0157
311.384,1324.8399,276.6192,3.1419,-3.076220,0.000409,-0.016521,55.805282616,37.445127227,163.2852,402543.3814,6185502.3008,8,0.0075,0.0182
311.884,1324.3412,276.5864,3.1324,-3.075669,0.000612,-0.016487,55.805282323,37.445119273,163.2756,402542.8822,6185502.2794,8,0.0067,0.0195
312.384,1323.8425,276.5534,3.1230,-3.075045,0.000770,-0.016443,55.805282027,37.445111320,163.2660,402542.3830,6185502.2577,7,0.0058,0.0204
312.883,1323.3438,276.5200,3.1135,-3.074424,0.000879,-0.016390,55.805281728,37.445103367,163.2565,402541.8838,6185502.2357,7,0.0050,0.0160
313.383,1322.8451,276.4863,3.1041,-3.073804,0.000942,-0.016329,55.805281427,37.445095414,163.2470,402541.3846,6185502.2134,7,0.0052,0.0098
313.883,1322.3464,276.4523,3.0949,-3.073205,0.000964,-0.016259,55.805281123,37.445087462,163.2376,402540.8855,6185502.1907,7,0.0057,0.0085
314.383,1321.8478,276.4180,3.0857,-3.072625,0.000949,-0.016180,55.805280816,37.445079510,163.2283,402540.3864,6185502.1678,8,0.0063,0.0087
314.883,1321.3492,276.3834,3.0767,-3.072075,0.000901,-0.016094,55.805280507,37.445071559,163.2192,402539.8873,6185502.1445,8,0.0068,0.0102
315.382,1320.8506,276.3485,3.0678,-3.071552,0.000823,-0.016000,55.805280195,37.445063608,163.2102,402539.3881,6185502.1210,8,0.0071,0.0121
315.882,1320.3520,276.3134,3.0591,-3.071076,0.000718,-0.015898,55.805279881,37.445055657,163.2015,402538.8891,6185502.0973,8,0.0073,0.0124
316.382,1319.8534,276.2781,3.0506,-3.070645,0.000587,-0.015789,55.805279566,37.445047706,163.1928,402538.3900,6185502.0733,8,0.0074,0.0123
316.882,1319.3549,276.2426,3.0423,-3.070279,0.000432,-0.015673,55.805279248,37.445039755,163.1844,402537.8909,6185502.0492,8,0.0076,0.0122
317.382,1318.8564,276.2069,3.0342,-3.069977,0.000253,-0.015550,55.805278929,37.445031805,163.1762,402537.3918,6185502.0248,8,0.0073,0.0122
317.881,1318.3578,276.1710,3.0263,-3.069775,0.000056,-0.015421,55.805278608,37.445023855,163.1682,402536.8928,6185502.0003,8,0.0067,0.0134
318.381,1317.8593,276.1351,3.0185,-3.069675,-0.000155,-0.015285,55.805278287,37.445015905,163.1603,402536.3937,6185501.9758,8,0.0062,0.0151
318.881,1317.3608,276.0992,3.0109,-3.069735,-0.000370,-0.015144,55.805277966,37.445007955,163.1526,402535.8947,6185501.9512,8,0.0057,0.0129
319.381,1316.8623,276.0634,3.0035,-3.069960,-0.000579,-0.014996,55.805277645,37.445000004,163.1451,402535.3956,6185501.9268,8,0.0060,0.0094
319.881,1316.3637,276.0276,2.9962,-3.070379,-0.000771,-0.014844,55.805277326,37.444992054,163.1377,402534.8965,6185501.9024,8,0.0066,0.0083
320.381,1315.8652,275.9922,2.9890,-3.071000,-0.000932,-0.014686,55.805277009,37.444984104,163.1304,402534.3975,6185501.8784,8,0.0072,0.0079
320.880,1315.3666,275.9571,2.9820,-3.071758,-0.001051,-0.014523,55.805276695,37.444976153,163.1233,402533.8984,6185501.8546,8,0.0078,0.0069
321.380,1314.8680,275.9225,2.9751,-3.072663,-0.001119,-0.014355,55.805276385,37.444968201,163.1163,402533.3993,6185501.8313,8,0.0077,0.0057
321.880,1314.3693,275.8883,2.9683,-3.073575,-0.001132,-0.014183,55.805276080,37.444960249,163.1094,402532.9001,6185501.8085,8,0.0074,0.0086
322.380,1313.8707,275.8545,2.9616,-3.074499,-0.001089,-0.014007,55.805275778,37.444952297,163.1026,402532.4010,6185501.7861,8,0.0071,0.0127
322.880,1313.3720,275.8213,2.9550,-3.075299,-0.000995,-0.013826,55.805275480,37.444944344,163.0959,402531.9018,6185501.7642,8,0.0068,0.0120
323.379,1312.8732,275.7883,2.9484,-3.075973,-0.000858,-0.013641,55.805275186,37.444936390,163.0892,402531.4026,6185501.7426,8,0.0074,0.0096
323.879,1312.3745,275.7557,2.9419,-3.076463,-0.000688,-0.013452,55.805274894,37.444928437,163.0826,402530.9034,6185501.7214,8,0.0084,0.0097
324.379,1311.8757,275.7233,2.9354,-3.076757,-0.000499,-0.013260,55.805274604,37.444920483,163.0760,402530.4042,6185501.7003,8,0.0093,0.0106
324.879,1311.3770,275.6910,2.9290,-3.076891,-0.000301,-0.013064,55.805274315,37.444912529,163.0694,402529.9050,6185501.6793,8,0.0103,0.0120
325.379,1310.8782,275.6586,2.9225,-3.076853,-0.000106,-0.012865,55.805274026,37.444904575,163.0628,402529.4057,6185501.6584,8,0.0108,0.0137
325.879,1310.3794,275.6263,2.9160,-3.076730,0.000081,-0.012662,55.805273737,37.444896621,163.0563,402528.9065,6185501.6374,8,0.0111,0.0126
326.378,1309.8807,275.5938,2.9095,-3.076514,0.000253,-0.012457,55.805273447,37.444888667,163.0497,402528.4073,6185501.6163,8,0.0115,0.0106
326.878,1309.3819,275.5613,2.9031,-3.076265,0.000409,-0.012248,55.805273156,37.444880713,163.0431,402527.9081,6185501.5951,8,0.0118,0.0097
327.378,1308.8832,275.5286,2.8966,-3.075980,0.000548,-0.012036,55.805272864,37.444872760,163.0365,402527.4089,6185501.5738,8,0.0112,0.0092
327.878,1308.3844,275.4957,2.8901,-3.075656,0.000671,-0.011822,55.805272570,37.444864806,163.0300,402526.9097,6185501.5523,8,0.0103,0.0094
328.378,1307.8857,275.4627,2.8837,-3.075289,0.000777,-0.011605,55.805272275,37.444856853,163.0234,402526.4105,6185501.5306,8,0.0094,0.0099
328.877,1307.3870,275.4295,2.8773,-3.074852,0.000865,-0.011386,55.805271978,37.444848900,163.0169,402525.9113,6185501.5088,8,0.0085,0.0097
329.377,1306.8883,275.3961,2.8710,-3.074335,0.000933,-0.011165,55.805271679,37.444840947,163.0105,402525.4122,6185501.4867,8,0.0077,0.0093
329.877,1306.3896,275.3623,2.8648,-3.073755,0.000977,-0.010941,55.805271377,37.444832995,163.0042,402524.9130,6185501.4643,8,0.0068,0.0097
330.377,1305.8910,275.3283,2.8587,-3.073102,0.000995,-0.010716,55.805271073,37.444825042,162.9980,402524.4139,6185501.4417,8,0.0059,0.0103
330.877,1305.3923,275.2939,2.8529,-3.072441,0.000982,-0.010489,55.805270766,37.444817091,162.9921,402523.9147,6185501.4186,8,0.0051,0.0082
331.376,1304.8937,275.2592,2.8471,-3.071771,0.000938,-0.010260,55.805270455,37.444809139,162.9862,402523.4156,6185501.3953,8,0.0050,0.0052
331.876,1304.3952,275.2242,2.8416,-3.071154,0.000861,-0.010030,55.805270142,37.444801188,162.9806,402522.9165,6185501.3716,8,0.0053,0.0066
332.376,1303.8966,275.1889,2.8361,-3.070596,0.000752,-0.009799,55.805269826,37.444793237,162.9751,402522.4174,6185501.3477,8,0.0055,0.0094
332.876,1303.3980,275.1533,2.8310,-3.070124,0.000615,-0.009568,55.805269508,37.444785287,162.9698,402521.9184,6185501.3234,8,0.0057,0.0104
333.376,1302.8995,275.1175,2.8260,-3.069746,0.000456,-0.009336,55.805269188,37.444777337,162.9647,402521.4193,6185501.2990,8,0.0059,0.0107
333.876,1302.4010,275.0815,2.8212,-3.069476,0.000283,-0.009104,55.805268866,37.444769387,162.9598,402520.9203,6185501.2744,8,0.0061,0.0117
334.375,1301.9025,275.0455,2.8166,-3.069328,0.000105,-0.008873,55.805268544,37.444761437,162.9551,402520.4212,6185501.2497,7,0.0064,0.0129
334.875,1301.4040,275.0093,2.8122,-3.069325,-0.000066,-0.008642,55.805268220,37.444753487,162.9505,402519.9222,6185501.2249,7,0.0066,0.0132
335.375,1300.9055,274.9733,2.8078,-3.069489,-0.000219,-0.008412,55.805267898,37.444745537,162.9461,402519.4231,6185501.2002,7,0.0061,0.0132
335.875,1300.4069,274.9373,2.8036,-3.069805,-0.000346,-0.008184,55.805267576,37.444737587,162.9418,402518.9241,6185501.1756,7,0.0054,0.0141
336.375,1299.9084,274.9016,2.7996,-3.070299,-0.000439,-0.007958,55.805267257,37.444729637,162.9376,402518.4250,6185501.1513,7,0.0048,0.0152
336.874,1299.4099,274.8661,2.7956,-3.070846,-0.000497,-0.007734,55.805266939,37.444721686,162.9336,402517.9259,6185501.1271,7,0.0041,0.0147
337.374,1298.9113,274.8309,2.7918,-3.071458,-0.000524,-0.007513,55.805266625,37.444713735,162.9297,402517.4268,6185501.1033,7,0.0033,0.0135
337.874,1298.4127,274.7961,2.7881,-3.071942,-0.000530,-0.007295,55.805266313,37.444705784,162.9259,402516.9277,6185501.0798,7,0.0024,0.0140
338.374,1297.9141,274.7614,2.7845,-3.072276,-0.000527,-0.007081,55.805266003,37.444697832,162.9222,402516.4286,6185501.0565,7,0.0016,0.0150
338.874,1297.4155,274.7268,2.7811,-3.072408,-0.000528,-0.006871,55.805265694,37.444689881,162.9187,402515.9295,6185501.0333,7,0.0007,0.0146
339.373,1296.9168,274.6922,2.7778,-3.072301,-0.000543,-0.006667,55.805265385,37.444681929,162.9153,402515.4304,6185501.0101,7,0.0010,0.0137
339.873,1296.4182,274.6576,2.7748,-3.072186,-0.000579,-0.006468,55.805265075,37.444673978,162.9122,402514.9313,6185500.9868,7,0.0017,0.0129
340.373,1295.9196,274.6229,2.7719,-3.072062,-0.000634,-0.006275,55.805264765,37.444666026,162.9091,402514.4322,6185500.9635,8,0.0024,0.0122
340.873,1295.4210,274.5882,2.7693,-3.072203,-0.000699,-0.006089,55.805264454,37.444658075,162.9065,402513.9330,6185500.9401,8,0.0030,0.0117
341.373,1294.9224,274.5536,2.7668,-3.072662,-0.000762,-0.005910,55.805264145,37.444650123,162.9039,402513.4339,6185500.9169,8,0.0041,0.0113
341.873,1294.4238,274.5193,2.7647,-3.073346,-0.000806,-0.005738,55.805263838,37.444642171,162.9017,402512.9348,6185500.8940,8,0.0054,0.0110
342.372,1293.9251,274.4854,2.7628,-3.074306,-0.000822,-0.005575,55.805263535,37.444634219,162.8996,402512.4356,6185500.8714,8,0.0067,0.0108
342.872,1293.4264,274.4521,2.7612,-3.075173,-0.000801,-0.005421,55.805263237,37.444626266,162.8979,402511.9365,6185500.8495,8,0.0079,0.0121
343.372,1292.9277,274.4191,2.7597,-3.075931,-0.000744,-0.005276,55.805262942,37.444618313,162.8963,402511.4373,6185500.8278,8,0.0071,0.0138
343.872,1292.4289,274.3865,2.7586,-3.076428,-0.000657,-0.005141,55.805262651,37.444610359,162.8951,402510.9381,6185500.8066,8,0.0057,0.0151
344.372,1291.9302,274.3540,2.7575,-3.076608,-0.000551,-0.005017,55.805262360,37.444602405,162.8940,402510.4388,6185500.7855,7,0.0042,0.0164
344.871,1291.4314,274.3216,2.7568,-3.076662,-0.000435,-0.004903,55.805262070,37.444594451,162.8931,402509.9396,6185500.7644,7,0.0027,0.0162
345.371,1290.9327,274.2891,2.7561,-3.076562,-0.000318,-0.004801,55.805261780,37.444586497,162.8924,402509.4404,6185500.7433,7,0.0029,0.0157
345.871,1290.4339,274.2566,2.7557,-3.076517,-0.000205,-0.004710,55.805261490,37.444578544,162.8918,402508.9412,6185500.7222,7,0.0037,0.0166
346.371,1289.9351,274.2241,2.7553,-3.076539,-0.000095,-0.004631,55.805261199,37.444570590,162.8914,402508.4420,6185500.7010,7,0.0045,0.0180
346.871,1289.4364,274.1917,2.7551,-3.076618,0.000014,-0.004565,55.805260909,37.444562636,162.8910,402507.9428,6185500.6799,7,0.0053,0.0188
347.370,1288.9376,274.1592,2.7549,-3.076770,0.000128,-0.004512,55.805260619,37.444554682,162.8908,402507.4436,6185500.6589,7,0.0051,0.0194
347.870,1288.4389,274.1269,2.7549,-3.076862,0.000249,-0.004472,55.805260330,37.444546728,162.8906,402506.9443,6185500.6379,7,0.0047,0.0173
348.370,1287.9401,274.0946,2.7548,-3.076878,0.000379,-0.004445,55.805260041,37.444538774,162.8904,402506.4451,6185500.6169,7,0.0042,0.0144
348.870,1287.4413,274.0623,2.7549,-3.076752,0.000513,-0.004432,55.805259752,37.444530820,162.8904,402505.9459,6185500.5960,7,0.0038,0.0150
349.370,1286.9426,274.0298,2.7549,-3.076445,0.000647,-0.004432,55.805259462,37.444522866,162.8903,402505.4467,6185500.5749,7,0.0037,0.0168
349.870,1286.4438,273.9972,2.7550,-3.076010,0.000770,-0.004445,55.805259170,37.444514913,162.8903,402504.9475,6185500.5536,7,0.0037,0.0175
350.369,1285.9451,273.9643,2.7551,-3.075409,0.000874,-0.004473,55.805258876,37.444506959,162.8903,402504.4483,6185500.5321,7,0.0038,0.0179
350.869,1285.4464,273.9311,2.7551,-3.074750,0.000950,-0.004514,55.805258579,37.444499006,162.8902,402503.9491,6185500.5102,7,0.0038,0.0177
351.369,1284.9477,273.8975,2.7552,-3.074013,0.000991,-0.004568,55.805258279,37.444491053,162.8902,402503.4499,6185500.4880,7,0.0035,0.0173
351.869,1284.4490,273.8636,2.7552,-3.073294,0.000994,-0.004637,55.805257975,37.444483101,162.8901,402502.9508,6185500.4654,7,0.0031,0.0184
352.369,1283.9504,273.8293,2.7552,-3.072594,0.000959,-0.004718,55.805257669,37.444475149,162.8900,402502.4517,6185500.4425,8,0.0027,0.0201
352.868,1283.4518,273.7946,2.7551,-3.071964,0.000888,-0.004812,55.805257359,37.444467198,162.8898,402501.9525,6185500.4192,8,0.0023,0.0218
353.368,1282.9532,273.7598,2.7549,-3.071422,0.000786,-0.004920,55.805257047,37.444459246,162.8895,402501.4534,6185500.3957,8,0.0031,0.0235
353.868,1282.4546,273.7246,2.7546,-3.070972,0.000661,-0.005039,55.805256732,37.444451295,162.8891,402500.9544,6185500.3719,8,0.0043,0.0234
354.368,1281.9560,273.6892,2.7542,-3.070643,0.000518,-0.005171,55.805256416,37.444443345,162.8886,402500.4553,6185500.3479,8,0.0055,0.0227
354.868,1281.4575,273.6537,2.7537,-3.070415,0.000365,-0.005315,55.805256098,37.444435394,162.8880,402499.9562,6185500.3237,8,0.0068,0.0229
355.368,1280.9590,273.6181,2.7530,-3.070320,0.000208,-0.005469,55.805255780,37.444427444,162.8873,402499.4571,6185500.2995,8,0.0071,0.0234
355.867,1280.4604,273.5825,2.7522,-3.070310,0.000048,-0.005635,55.805255461,37.444419493,162.8863,402498.9580,6185500.2753,8,0.0070,0.0219
356.367,1279.9619,273.5469,2.7512,-3.070414,-0.000112,-0.005810,55.805255143,37.444411543,162.8852,402498.4590,6185500.2510,8,0.0070,0.0198
356.867,1279.4633,273.5114,2.7499,-3.070551,-0.000272,-0.005996,55.805254826,37.444403592,162.8838,402497.9599,6185500.2269,8,0.0070,0.0181
357.367,1278.9648,273.4760,2.7485,-3.070732,-0.000433,-0.006190,55.805254509,37.444395642,162.8823,402497.4608,6185500.2028,8,0.0067,0.0166
357.867,1278.4662,273.4406,2.7468,-3.070922,-0.000595,-0.006393,55.805254193,37.444387691,162.8805,402496.9617,6185500.1788,8,0.0064,0.0163
358.366,1277.9676,273.4054,2.7449,-3.071124,-0.000752,-0.006603,55.805253877,37.444379740,162.8785,402496.4627,6185500.1549,8,0.0061,0.0166
358.866,1277.4690,273.3703,2.7426,-3.071416,-0.000898,-0.006821,55.805253563,37.444371789,162.8761,402495.9636,6185500.1312,8,0.0058,0.0181
359.366,1276.9705,273.3353,2.7401,-3.071829,-0.001018,-0.007045,55.805253250,37.444363838,162.8735,402495.4645,6185500.1076,8,0.0058,0.0202
359.866,1276.4718,273.3006,2.7372,-3.072433,-0.001095,-0.007275,55.805252940,37.444355886,162.8705,402494.9653,6185500.0842,8,0.0060,0.0205
360.366,1275.9732,273.2662,2.7340,-3.073299,-0.001109,-0.007510,55.805252633,37.444347935,162.8672,402494.4662,6185500.0612,8,0.0061,0.0201
360.865,1275.4746,273.2324,2.7304,-3.074313,-0.001041,-0.007750,55.805252330,37.444339982,162.8635,402493.9671,6185500.0387,8,0.0063,0.0205
361.365,1274.9759,273.1990,2.7266,-3.075534,-0.000878,-0.007993,55.805252032,37.444332029,162.8596,402493.4679,6185500.0167,8,0.0061,0.0212
361.865,1274.4771,273.1664,2.7223,-3.076670,-0.000618,-0.008239,55.805251740,37.444324076,162.8552,402492.9687,6185499.9955,8,0.0057,0.0204
362.365,1273.9783,273.1342,2.7178,-3.077691,-0.000271,-0.008488,55.805251452,37.444316122,162.8506,402492.4695,6185499.9746,8,0.0053,0.0190
362.865,1273.4795,273.1025,2.7129,-3.078324,0.000138,-0.008739,55.805251169,37.444308167,162.8456,402491.9702,6185499.9543,8,0.0050,0.0191
363.365,1272.9807,273.0710,2.7078,-3.078416,0.000569,-0.008991,55.805250887,37.444300212,162.8404,402491.4710,6185499.9341,8,0.0067,0.0197
363.864,1272.4819,273.0394,2.7023,-3.077955,0.000973,-0.009243,55.805250605,37.444292257,162.8348,402490.9717,6185499.9140,8,0.0092,0.0205
364.364,1271.9831,273.0074,2.6967,-3.076713,0.001299,-0.009496,55.805250318,37.444284303,162.8291,402490.4725,6185499.8933,8,0.0117,0.0214
364.864,1271.4844,272.9746,2.6909,-3.075080,0.001501,-0.009748,55.805250025,37.444276350,162.8232,402489.9733,6185499.8719,8,0.0142,0.0206
365.364,1270.9857,272.9410,2.6849,-3.072888,0.001545,-0.009999,55.805249724,37.444268397,162.8171,402489.4741,6185499.8496,8,0.0141,0.0190
365.864,1270.4871,272.9060,2.6788,-3.070788,0.001420,-0.010248,55.805249412,37.444260446,162.8108,402488.9750,6185499.8260,8,0.0131,0.0187
366.363,1269.9886,272.8702,2.6725,-3.068811,0.001136,-0.010495,55.805249092,37.444252496,162.8045,402488.4760,6185499.8016,8,0.0121,0.0188
366.863,1269.4901,272.8333,2.6661,-3.067424,0.000727,-0.010740,55.805248762,37.444244547,162.7980,402487.9770,6185499.7760,8,0.0111,0.0190
367.363,1268.9917,272.7962,2.6597,-3.066879,0.000247,-0.010982,55.805248429,37.444236598,162.7915,402487.4780,6185499.7502,8,0.0098,0.0192
367.863,1268.4933,272.7587,2.6532,-3.067037,-0.000243,-0.011221,55.805248094,37.444228650,162.7849,402486.9790,6185499.7241,8,0.0084,0.0193
368.363,1267.9948,272.7217,2.6466,-3.068215,-0.000678,-0.011456,55.805247763,37.444220701,162.7782,402486.4800,6185499.6985,8,0.0070,0.0192
368.862,1267.4963,272.6854,2.6400,-3.069734,-0.001004,-0.011687,55.805247438,37.444212752,162.7714,402485.9810,6185499.6735,8,0.0056,0.0192
369.362,1266.9978,272.6499,2.6333,-3.071757,-0.001184,-0.011915,55.805247121,37.444204801,162.7646,402485.4819,6185499.6494,8,0.0057,0.0193
369.862,1266.4991,272.6157,2.6265,-3.073597,-0.001205,-0.012138,55.805246815,37.444196849,162.7577,402484.9827,6185499.6265,8,0.0063,0.0184
370.362,1266.0005,272.5820,2.6196,-3.075180,-0.001074,-0.012356,55.805246514,37.444188896,162.7508,402484.4836,6185499.6042,8,0.0069,0.0172
370.862,1265.5017,272.5493,2.6127,-3.076289,-0.000823,-0.012570,55.805246221,37.444180943,162.7438,402483.9844,6185499.5829,8,0.0075,0.0200
371.362,1265.0030,272.5168,2.6057,-3.076701,-0.000492,-0.012779,55.805245930,37.444172989,162.7367,402483.4852,6185499.5617,8,0.0082,0.0244
371.861,1264.5042,272.4845,2.5987,-3.076688,-0.000134,-0.012983,55.805245642,37.444165035,162.7296,402482.9860,6185499.5408,8,0.0090,0.0239
372.361,1264.0054,272.4519,2.5916,-3.076042,0.000206,-0.013182,55.805245351,37.444157081,162.7224,402482.4867,6185499.5196,8,0.0098,0.0216
372.861,1263.5067,272.4190,2.5844,-3.075216,0.000486,-0.013376,55.805245056,37.444149128,162.7151,402481.9876,6185499.4980,8,0.0105,0.0216
373.361,1263.0080,272.3856,2.5772,-3.074120,0.000679,-0.013565,55.805244758,37.444141175,162.7078,402481.4884,6185499.4760,8,0.0109,0.0227
373.861,1262.5094,272.3516,2.5700,-3.073088,0.000770,-0.013749,55.805244454,37.444133223,162.7005,402480.9892,6185499.4534,8,0.0110,0.0213
374.360,1262.0107,272.3172,2.5627,-3.072151,0.000757,-0.013928,55.805244146,37.444125271,162.6931,402480.4901,6185499.4303,8,0.0112,0.0189
374.860,1261.5121,272.2823,2.5554,-3.071393,0.000651,-0.014102,55.805243833,37.444117320,162.6857,402479.9910,6185499.4067,8,0.0113,0.0155
375.360,1261.0136,272.2471,2.5481,-3.070906,0.000468,-0.014272,55.805243519,37.444109369,162.6783,402479.4919,6185499.3829,8,0.0106,0.0115
375.860,1260.5150,272.2117,2.5407,-3.070592,0.000231,-0.014436,55.805243202,37.444101419,162.6708,402478.9928,6185499.3588,8,0.0096,0.0116
376.360,1260.0165,272.1762,2.5334,-3.070543,-0.000036,-0.014597,55.805242884,37.444093468,162.6633,402478.4938,6185499.3347,8,0.0086,0.0132
376.860,1259.5179,272.1407,2.5259,-3.070649,-0.000307,-0.014752,55.805242567,37.444085518,162.6558,402477.9947,6185499.3106,8,0.0075,0.0168
377.359,1259.0194,272.1053,2.5185,-3.070995,-0.000558,-0.014904,55.805242251,37.444077567,162.6483,402477.4956,6185499.2866,8,0.0072,0.0213
377.859,1258.5208,272.0702,2.5110,-3.071508,-0.000769,-0.015051,55.805241936,37.444069616,162.6407,402476.9965,6185499.2628,8,0.0071,0.0214
378.359,1258.0222,272.0353,2.5035,-3.072283,-0.000922,-0.015194,55.805241625,37.444061665,162.6331,402476.4974,6185499.2393,8,0.0071,0.0197
378.859,1257.5235,272.0010,2.4959,-3.073178,-0.001005,-0.015333,55.805241317,37.444053713,162.6254,402475.9983,6185499.2163,8,0.0070,0.0197
379.359,1257.0249,271.9670,2.4883,-3.074262,-0.001012,-0.015469,55.805241013,37.444045761,162.6177,402475.4991,6185499.1937,8,0.0066,0.0204
379.858,1256.5262,271.9337,2.4805,-3.075284,-0.000946,-0.015601,55.805240716,37.444037808,162.6098,402475.0000,6185499.1718,8,0.0061,0.0196
380.358,1256.0275,271.9008,2.4727,-3.076211,-0.000816,-0.015730,55.805240421,37.444029854,162.6019,402474.5008,6185499.1502,8,0.0056,0.0183
380.858,1255.5287,271.8684,2.4647,-3.076886,-0.000639,-0.015857,55.805240132,37.444021900,162.5938,402474.0016,6185499.1292,8,0.0052,0.0161
381.358,1255.0299,271.8361,2.4567,-3.077165,-0.000438,-0.015980,55.805239843,37.444013946,162.5857,402473.5023,6185499.1083,8,0.0048,0.0136
381.858,1254.5311,271.8040,2.4484,-3.077193,-0.000236,-0.016101,55.805239556,37.444005992,162.5773,402473.0031,6185499.0875,8,0.0045,0.0132
382.357,1254.0324,271.7718,2.4401,-3.076819,-0.000051,-0.016219,55.805239268,37.443998038,162.5689,402472.5039,6185499.0667,8,0.0043,0.0136
382.857,1253.5336,271.7393,2.4315,-3.076385,0.000102,-0.016335,55.805238978,37.443990084,162.5602,402472.0047,6185499.0456,8,0.0040,0.0160
383.357,1253.0349,271.7067,2.4228,-3.075850,0.000215,-0.016449,55.805238686,37.443982131,162.5514,402471.5055,6185499.0243,8,0.0040,0.0191
383.857,1252.5361,271.6737,2.4139,-3.075425,0.000289,-0.016562,55.805238390,37.443974177,162.5424,402471.0063,6185499.0026,8,0.0042,0.0218
384.357,1252.0374,271.6406,2.4049,-3.075176,0.000332,-0.016673,55.805238095,37.443966224,162.5333,402470.5071,6185498.9809,8,0.0044,0.0243
384.857,1251.5387,271.6073,2.3957,-3.075030,0.000354,-0.016783,55.805237797,37.443958271,162.5240,402470.0079,6185498.9590,8,0.0046,0.0267
385.356,1251.0400,271.5741,2.3864,-3.075049,0.000367,-0.016892,55.805237500,37.443950318,162.5146,402469.5087,6185498.9371,8,0.0045,0.0291
385.856,1250.5413,271.5408,2.3771,-3.075052,0.000381,-0.016999,55.805237203,37.443942365,162.5052,402469.0096,6185498.9153,8,0.0044,0.0278
386.356,1250.0426,271.5076,2.3678,-3.075027,0.000400,-0.017106,55.805236906,37.443934412,162.4958,402468.5104,6185498.8934,8,0.0043,0.0248
386.856,1249.5439,271.4743,2.3586,-3.074922,0.000426,-0.017213,55.805236608,37.443926459,162.4865,402468.0112,6185498.8715,8,0.0041,0.0206
387.356,1249.0452,271.4410,2.3495,-3.074685,0.000457,-0.017319,55.805236310,37.443918506,162.4773,402467.5120,6185498.8495,8,0.0055,0.0157
387.855,1248.5465,271.4075,2.3406,-3.074396,0.000486,-0.017424,55.805236011,37.443910554,162.4683,402467.0129,6185498.8274,8,0.0074,0.0187
388.355,1248.0478,271.3739,2.3318,-3.074019,0.000508,-0.017530,55.805235710,37.443902601,162.4594,402466.5137,6185498.8051,8,0.0093,0.0249
388.855,1247.5491,271.3400,2.3233,-3.073635,0.000519,-0.017635,55.805235407,37.443894649,162.4508,402466.0146,6185498.7826,8,0.0113,0.0255
389.355,1247.0505,271.3060,2.3149,-3.073239,0.000513,-0.017741,55.805235103,37.443886697,162.4423,402465.5154,6185498.7599,8,0.0146,0.0239
389.855,1246.5519,271.2717,2.3068,-3.072875,0.000489,-0.017847,55.805234796,37.443878745,162.4341,402465.0163,6185498.7370,8,0.0185,0.0246
390.354,1246.0532,271.2374,2.2989,-3.072562,0.000448,-0.017952,55.805234489,37.443870793,162.4261,402464.5171,6185498.7140,8,0.0224,0.0262
390.854,1245.5546,271.2028,2.2912,-3.072301,0.000390,-0.018058,55.805234180,37.443862841,162.4183,402464.0180,6185498.6908,8,0.0263,0.0266
391.354,1245.0560,271.1682,2.2835,-3.072128,0.000315,-0.018165,55.805233870,37.443854890,162.4105,402463.5189,6185498.6675,8,0.0266,0.0266
391.854,1244.5574,271.1334,2.2759,-3.071984,0.000225,-0.018271,55.805233559,37.443846938,162.4028,402463.0198,6185498.6442,8,0.0253,0.0248
392.354,1244.0588,271.0986,2.2683,-3.071889,0.000119,-0.018378,55.805233248,37.443838987,162.3951,402462.5207,6185498.6207,9,0.0240,0.0222
392.854,1243.5602,271.0638,2.2605,-3.071797,-0.000003,-0.018484,55.805232936,37.443831036,162.3872,402462.0216,6185498.5973,9,0.0227,0.0248
393.353,1243.0616,271.0289,2.2527,-3.071709,-0.000140,-0.018591,55.805232624,37.443823085,162.3793,402461.5225,6185498.5737,9,0.0213,0.0294
393.853,1242.5630,270.9940,2.2446,-3.071662,-0.000288,-0.018698,55.805232312,37.443815133,162.3711,402461.0234,6185498.5502,9,0.0199,0.0310
394.353,1242.0644,270.9591,2.2363,-3.071686,-0.000442,-0.018805,55.805232000,37.443807182,162.3627,402460.5243,6185498.5266,9,0.0185,0.0313
394.853,1241.5658,270.9242,2.2277,-3.071834,-0.000592,-0.018911,55.805231687,37.443799231,162.3540,402460.0252,6185498.5031,9,0.0171,0.0284
395.353,1241.0672,270.8894,2.2190,-3.072201,-0.000723,-0.019017,55.805231376,37.443791280,162.3452,402459.5261,6185498.4797,9,0.0157,0.0242
395.852,1240.5686,270.8549,2.2099,-3.072721,-0.000820,-0.019122,55.805231067,37.443783328,162.3360,402459.0269,6185498.4565,9,0.0143,0.0252
396.352,1240.0700,270.8206,2.2007,-3.073514,-0.000870,-0.019226,55.805230761,37.443775376,162.3267,402458.5278,6185498.4336,9,0.0129,0.0284
396.852,1239.5713,270.7869,2.1911,-3.074369,-0.000859,-0.019330,55.805230459,37.443767424,162.3170,402458.0287,6185498.4112,9,0.0116,0.0267
397.352,1239.0726,270.7535,2.1815,-3.075340,-0.000783,-0.019433,55.805230161,37.443759471,162.3073,402457.5295,6185498.3892,9,0.0104,0.0231
397.852,1238.5738,270.7207,2.1716,-3.076199,-0.000643,-0.019534,55.805229867,37.443751517,162.2973,402457.0303,6185498.3677,9,0.0093,0.0210
398.352,1238.0751,270.6881,2.1616,-3.076863,-0.000450,-0.019633,55.805229576,37.443743564,162.2872,402456.5311,6185498.3466,9,0.0083,0.0197
398.851,1237.5763,270.6560,2.1514,-3.077289,-0.000221,-0.019731,55.805229289,37.443735610,162.2769,402456.0319,6185498.3258,9,0.0072,0.0202
399.351,1237.0775,270.6239,2.1412,-3.077284,0.000020,-0.019827,55.805229002,37.443727655,162.2666,402455.5326,6185498.3051,9,0.0082,0.0215
399.851,1236.5788,270.5918,2.1307,-3.077059,0.000247,-0.019921,55.805228715,37.443719701,162.2561,402455.0334,6185498.2843,9,0.0101,0.0254
400.351,1236.0800,270.5594,2.1202,-3.076432,0.000435,-0.020013,55.805228426,37.443711747,162.2455,402454.5342,6185498.2633,9,0.0120,0.0304
400.851,1235.5812,270.5267,2.1095,-3.075721,0.000567,-0.020102,55.805228133,37.443703794,162.2347,402454.0350,6185498.2419,9,0.0139,0.0313
401.350,1235.0825,270.4936,2.0988,-3.074854,0.000630,-0.020189,55.805227837,37.443695841,162.2238,402453.5358,6185498.2202,9,0.0133,0.0303
401.850,1234.5838,270.4600,2.0878,-3.074050,0.000622,-0.020272,55.805227537,37.443687888,162.2128,402453.0366,6185498.1980,9,0.0116,0.0316
402.350,1234.0852,270.4262,2.0768,-3.073359,0.000551,-0.020353,55.805227234,37.443679936,162.2017,402452.5375,6185498.1755,9,0.0100,0.0339
402.850,1233.5865,270.3919,2.0656,-3.072824,0.000432,-0.020431,55.805226927,37.443671984,162.1903,402452.0384,6185498.1526,9,0.0083,0.0329
403.350,1233.0879,270.3575,2.0543,-3.072576,0.000288,-0.020505,55.805226619,37.443664032,162.1790,402451.5392,6185498.1295,9,0.0091,0.0305
403.849,1232.5893,270.3229,2.0429,-3.072509,0.000145,-0.020577,55.805226310,37.443656080,162.1674,402451.0401,6185498.1063,9,0.0109,0.0309
404.349,1232.0907,270.2885,2.0314,-3.072781,0.000027,-0.020645,55.805226002,37.443648129,162.1558,402450.5410,6185498.0833,9,0.0127,0.0326
404.849,1231.5920,270.2542,2.0198,-3.073168,-0.000045,-0.020709,55.805225696,37.443640177,162.1441,402450.0419,6185498.0603,9,0.0145,0.0314
405.349,1231.0934,270.2201,2.0082,-3.073774,-0.000057,-0.020771,55.805225391,37.443632225,162.1324,402449.5427,6185498.0376,9,0.0146,0.0290
405.849,1230.5947,270.1865,1.9966,-3.074330,-0.000006,-0.020829,55.805225090,37.443624272,162.1207,402449.0436,6185498.0153,9,0.0140,0.0262
406.349,1230.0960,270.1529,1.9850,-3.074795,0.000102,-0.020883,55.805224790,37.443616320,162.1090,402448.5444,6185497.9932,8,0.0134,0.0231
406.848,1229.5973,270.1197,1.9735,-3.075045,0.000251,-0.020934,55.805224493,37.443608367,162.0974,402448.0452,6185497.9713,8,0.0128,0.0217
407.348,1229.0986,270.0865,1.9620,-3.074885,0.000418,-0.020982,55.805224196,37.443600414,162.0859,402447.5460,6185497.9494,8,0.0123,0.0209
407.848,1228.5999,270.0531,1.9508,-3.074499,0.000577,-0.021027,55.805223897,37.443592461,162.0745,402447.0469,6185497.9274,8,0.0119,0.0204
408.348,1228.1012,270.0194,1.9396,-3.073675,0.000704,-0.021069,55.805223596,37.443584508,162.0633,402446.5477,6185497.9051,8,0.0114,0.0199
408.848,1227.6026,269.9853,1.9287,-3.072791,0.000779,-0.021108,55.805223290,37.443576556,162.0522,402446.0486,6185497.8823,8,0.0109,0.0186
409.347,1227.1040,269.9507,1.9178,-3.071788,0.000792,-0.021144,55.805222982,37.443568605,162.0413,402445.5494,6185497.8591,8,0.0100,0.0169
409.847,1226.6054,269.9155,1.9072,-3.070916,0.000741,-0.021177,55.805222667,37.443560654,162.0306,402445.0504,6185497.8353,8,0.0088,0.0176
410.347,1226.1068,269.8801,1.8967,-3.070297,0.000630,-0.021208,55.805222350,37.443552703,162.0199,402444.5513,6185497.8112,7,0.0076,0.0194
410.847,1225.6083,269.8443,1.8863,-3.069861,0.000473,-0.021237,55.805222030,37.443544753,162.0095,402444.0522,6185497.7868,7,0.0063,0.0194
411.347,1225.1098,269.8085,1.8760,-3.069785,0.000282,-0.021264,55.805221709,37.443536803,161.9991,402443.5532,6185497.7623,7,0.0068,0.0186
411.846,1224.6112,269.7726,1.8658,-3.069806,0.000072,-0.021289,55.805221388,37.443528853,161.9888,402443.0541,6185497.7378,7,0.0081,0.0194
412.346,1224.1127,269.7368,1.8557,-3.070019,-0.000145,-0.021312,55.805221068,37.443520903,161.9786,402442.5550,6185497.7133,7,0.0093,0.0210
412.846,1223.6142,269.7011,1.8456,-3.070239,-0.000360,-0.021334,55.805220749,37.443512952,161.9684,402442.0560,6185497.6890,7,0.0106,0.0175
413.346,1223.1156,269.6655,1.8356,-3.070473,-0.000567,-0.021354,55.805220430,37.443505002,161.9583,402441.5569,6185497.6648,7,0.0102,0.0117
413.846,1222.6171,269.6301,1.8255,-3.070736,-0.000756,-0.021374,55.805220113,37.443497051,161.9482,402441.0578,6185497.6407,7,0.0091,0.0135
414.346,1222.1185,269.5948,1.8155,-3.071062,-0.000920,-0.021393,55.805219797,37.443489101,161.9380,402440.5588,6185497.6167,7,0.0079,0.0186
414.845,1221.6199,269.5596,1.8055,-3.071515,-0.001044,-0.021411,55.805219483,37.443481150,161.9279,402440.0597,6185497.5930,7,0.0068,0.0204
415.345,1221.1213,269.5248,1.7954,-3.072233,-0.001114,-0.021429,55.805219171,37.443473198,161.9177,402439.5606,6185497.5695,7,0.0069,0.0206
415.845,1220.6227,269.4904,1.7853,-3.073099,-0.001113,-0.021447,55.805218863,37.443465247,161.9075,402439.0614,6185497.5464,7,0.0076,0.0196
416.345,1220.1241,269.4563,1.7752,-3.074273,-0.001028,-0.021466,55.805218559,37.443457294,161.8973,402438.5623,6185497.5238,7,0.0084,0.0180
416.845,1219.6253,269.4231,1.7649,-3.075440,-0.000852,-0.021484,55.805218262,37.443449341,161.8870,402438.0631,6185497.5019,7,0.0091,0.0179
417.344,1219.1266,269.3903,1.7546,-3.076597,-0.000590,-0.021504,55.805217968,37.443441388,161.8766,402437.5639,6185497.4804,7,0.0095,0.0186
417.844,1218.6278,269.3582,1.7442,-3.077498,-0.000259,-0.021524,55.805217681,37.443433434,161.8661,402437.0647,6185497.4597,7,0.0099,0.0205
418.344,1218.1290,269.3262,1.7338,-3.077866,0.000111,-0.021545,55.805217396,37.443425480,161.8555,402436.5655,6185497.4391,7,0.0102,0.0231
418.844,1217.6302,269.2945,1.7231,-3.077839,0.000478,-0.021568,55.805217112,37.443417525,161.8448,402436.0662,6185497.4188,7,0.0105,0.0212
419.344,1217.1314,269.2626,1.7124,-3.076980,0.000797,-0.021592,55.805216826,37.443409571,161.8340,402435.5670,6185497.3982,7,0.0107,0.0175
419.843,1216.6327,269.2300,1.7016,-3.075845,0.001024,-0.021617,55.805216535,37.443401617,161.8230,402435.0678,6185497.3770,7,0.0109,0.0151
420.343,1216.1340,269.1969,1.6907,-3.074120,0.001124,-0.021645,55.805216239,37.443393664,161.8121,402434.5686,6185497.3552,7,0.0110,0.0134
420.843,1215.6353,269.1626,1.6797,-3.072432,0.001075,-0.021674,55.805215932,37.443385712,161.8010,402434.0695,6185497.3323,7,0.0111,0.0137
421.343,1215.1367,269.1278,1.6687,-3.070817,0.000875,-0.021706,55.805215621,37.443377761,161.7898,402433.5703,6185497.3089,7,0.0122,0.0150
421.843,1214.6382,269.0919,1.6576,-3.069528,0.000542,-0.021740,55.805215300,37.443369811,161.7787,402433.0713,6185497.2843,7,0.0136,0.0171
422.343,1214.1397,269.0558,1.6465,-3.068935,0.000109,-0.021776,55.805214977,37.443361861,161.7675,402432.5722,6185497.2596,7,0.0150,0.0197
422.842,1213.6412,269.0193,1.6354,-3.068755,-0.000375,-0.021815,55.805214650,37.443353911,161.7563,402432.0732,6185497.2345,7,0.0164,0.0190
423.342,1213.1427,268.9831,1.6244,-3.069472,-0.000857,-0.021857,55.805214326,37.443345962,161.7452,402431.5742,6185497.2096,7,0.0157,0.0166
423.842,1212.6442,268.9473,1.6134,-3.070488,-0.001281,-0.021902,55.805214006,37.443338012,161.7341,402431.0751,6185497.1852,7,0.0140,0.0148
424.342,1212.1456,268.9121,1.6025,-3.072163,-0.001598,-0.021949,55.805213691,37.443330061,161.7231,402430.5760,6185497.1613,7,0.0123,0.0132
424.842,1211.6470,268.8780,1.5917,-3.073932,-0.001770,-0.021999,55.805213386,37.443322109,161.7122,402430.0769,6185497.1385,7,0.0106,0.0166
425.341,1211.1483,268.8445,1.5809,-3.075916,-0.001773,-0.022053,55.805213086,37.443314156,161.7013,402429.5777,6185497.1164,7,0.0104,0.0222
425.841,1210.6495,268.8124,1.5703,-3.077786,-0.001601,-0.022109,55.805212799,37.443306202,161.6906,402429.0785,6185497.0956,7,0.0108,0.0241
426.341,1210.1507,268.7807,1.5598,-3.079416,-0.001265,-0.022169,55.805212516,37.443298247,161.6800,402428.5793,6185497.0754,7,0.0113,0.0244
426.841,1209.6518,268.7502,1.5494,-3.080753,-0.000792,-0.022232,55.805212244,37.443290291,161.6695,402428.0800,6185497.0563,7,0.0118,0.0257
427.341,1209.1529,268.7200,1.5391,-3.081443,-0.000225,-0.022297,55.805211973,37.443282335,161.6591,402427.5807,6185497.0373,7,0.0114,0.0276
427.841,1208.6540,268.6901,1.5289,-3.081721,0.000385,-0.022366,55.805211706,37.443274379,161.6488,402427.0813,6185497.0189,7,0.0106,0.0250
428.340,1208.1551,268.6601,1.5187,-3.081066,0.000976,-0.022438,55.805211438,37.443266423,161.6386,402426.5820,6185497.0003,7,0.0098,0.0203
428.840,1207.6562,268.6297,1.5087,-3.080018,0.001491,-0.022513,55.805211166,37.443258467,161.6284,402426.0827,6185496.9812,7,0.0090,0.0187
429.340,1207.1573,268.5986,1.4987,-3.078070,0.001876,-0.022591,55.805210888,37.443250512,161.6183,402425.5835,6185496.9615,7,0.0106,0.0187
429.840,1206.6586,268.5662,1.4887,-3.075953,0.002090,-0.022672,55.805210598,37.443242558,161.6082,402425.0843,6185496.9404,7,0.0134,0.0176
430.340,1206.1599,268.5331,1.4787,-3.073435,0.002110,-0.022756,55.805210302,37.443234605,161.5982,402424.5851,6185496.9186,8,0.0162,0.0160
430.839,1205.6613,268.4981,1.4687,-3.071086,0.001932,-0.022842,55.805209989,37.443226654,161.5880,402424.0860,6185496.8951,8,0.0190,0.0154
431.339,1205.1627,268.4626,1.4586,-3.069114,0.001577,-0.022931,55.805209672,37.443218703,161.5778,402423.5869,6185496.8709,8,0.0195,0.0152
431.839,1204.6643,268.4258,1.4483,-3.067564,0.001082,-0.023021,55.805209342,37.443210754,161.5674,402423.0879,6185496.8454,8,0.0189,0.0178
432.339,1204.1658,268.3887,1.4379,-3.066990,0.000503,-0.023115,55.805209010,37.443202805,161.5569,402422.5889,6185496.8197,8,0.0184,0.0216
432.839,1203.6674,268.3513,1.4272,-3.066871,-0.000100,-0.023210,55.805208675,37.443194857,161.5461,402422.0899,6185496.7936,8,0.0178,0.0217
433.338,1203.1690,268.3141,1.4163,-3.067825,-0.000662,-0.023306,55.805208342,37.443186909,161.5352,402421.5909,6185496.7678,8,0.0173,0.0199
433.838,1202.6705,268.2776,1.4052,-3.069057,-0.001128,-0.023405,55.805208016,37.443178959,161.5239,402421.0919,6185496.7427,8,0.0169,0.0198
434.338,1202.1720,268.2416,1.3938,-3.070957,-0.001455,-0.023505,55.805207694,37.443171009,161.5125,402420.5929,6185496.7181,8,0.0165,0.0203
434.838,1201.6734,268.2070,1.3821,-3.072856,-0.001618,-0.023605,55.805207385,37.443163058,161.5007,402420.0937,6185496.6948,8,0.0161,0.0204
435.338,1201.1747,268.1730,1.3703,-3.074766,-0.001610,-0.023707,55.805207080,37.443155106,161.4888,402419.5946,6185496.6721,8,0.0153,0.0202
435.838,1200.6760,268.1403,1.3582,-3.076452,-0.001445,-0.023809,55.805206788,37.443147152,161.4766,402419.0954,6185496.6508,8,0.0143,0.0162
436.337,1200.1772,268.1079,1.3460,-3.077605,-0.001149,-0.023912,55.805206498,37.443139198,161.4643,402418.5962,6185496.6298,9,0.0133,0.0103
436.837,1199.6784,268.0764,1.3336,-3.078463,-0.000762,-0.024014,55.805206216,37.443131243,161.4518,402418.0969,6185496.6096,9,0.0122,0.0094
437.337,1199.1796,268.0448,1.3211,-3.078607,-0.000328,-0.024117,55.805205934,37.443123289,161.4392,402417.5977,6185496.5895,9,0.0125,0.0108
437.837,1198.6808,268.0134,1.3086,-3.078510,0.000104,-0.024219,55.805205653,37.443115334,161.4266,402417.0984,6185496.5694,9,0.0133,0.0122
438.337,1198.1820,267.9818,1.2961,-3.077823,0.000494,-0.024321,55.805205371,37.443107379,161.4140,402416.5992,6185496.5492,9,0.0141,0.0137
438.836,1197.6832,267.9497,1.2835,-3.076995,0.000804,-0.024422,55.805205084,37.443099425,161.4013,402416.1000,6185496.5284,9,0.0150,0.0162
439.336,1197.1844,267.9173,1.2709,-3.075813,0.001008,-0.024521,55.805204794,37.443091471,161.3887,402415.6007,6185496.5074,9,0.0153,0.0190
439.836,1196.6857,267.8840,1.2584,-3.074601,0.001091,-0.024620,55.805204496,37.443083518,161.3760,402415.1016,6185496.4855,9,0.0155,0.0170
440.336,1196.1870,267.8504,1.2458,-3.073309,0.001050,-0.024716,55.805204195,37.443075566,161.3633,402414.6024,6185496.4632,9,0.0156,0.0126
440.836,1195.6884,267.8158,1.2332,-3.072123,0.000893,-0.024812,55.805203886,37.443067614,161.3506,402414.1033,6185496.4400,9,0.0158,0.0135
441.335,1195.1898,267.7810,1.2206,-3.071195,0.000644,-0.024905,55.805203574,37.443059663,161.3379,402413.6042,6185496.4165,9,0.0184,0.0170
441.835,1194.6913,267.7455,1.2079,-3.070504,0.000333,-0.024996,55.805203257,37.443051712,161.3251,402413.1051,6185496.3924,9,0.0223,0.0206
442.335,1194.1927,267.7100,1.1951,-3.070408,-0.000000,-0.025085,55.805202939,37.443043762,161.3123,402412.6060,6185496.3682,9,0.0262,0.0241
442.835,1193.6942,267.6744,1.1822,-3.070587,-0.000314,-0.025172,55.805202621,37.443035811,161.2993,402412.1070,6185496.3440,9,0.0301,0.0215
443.335,1193.1956,267.6391,1.1693,-3.071469,-0.000568,-0.025257,55.805202305,37.443027861,161.2863,402411.6079,6185496.3200,9,0.0289,0.0157
443.835,1192.6970,267.6044,1.1562,-3.072494,-0.000730,-0.025339,55.805201994,37.443019909,161.2731,402411.1088,6185496.2967,9,0.0253,0.0150
444.334,1192.1984,267.5701,1.1431,-3.073896,-0.000779,-0.025419,55.805201687,37.443011958,161.2599,402410.6096,6185496.2737,9,0.0218,0.0169
444.834,1191.6997,267.5367,1.1297,-3.075200,-0.000711,-0.025496,55.805201389,37.443004005,161.2464,402410.1105,6185496.2518,9,0.0182,0.0177
445.334,1191.2009,267.5037,1.1163,-3.076257,-0.000537,-0.025571,55.805201094,37.442996051,161.2329,402409.6113,6185496.2301,9,0.0172,0.0181
445.834,1190.7022,267.4715,1.1028,-3.077039,-0.000282,-0.025644,55.805200806,37.442988097,161.2193,402409.1121,6185496.2092,9,0.0175,0.0163
446.334,1190.2034,267.4392,1.0891,-3.077105,0.000017,-0.025714,55.805200517,37.442980143,161.2055,402408.6128,6185496.1884,9,0.0177,0.0134
446.833,1189.7046,267.4071,1.0754,-3.076909,0.000320,-0.025781,55.805200230,37.442972189,161.1917,402408.1136,6185496.1675,9,0.0180,0.0128
447.333,1189.2059,267.3746,1.0616,-3.076018,0.000586,-0.025847,55.805199940,37.442964236,161.1778,402407.6144,6185496.1465,9,0.0177,0.0132
447.833,1188.7071,267.3416,1.0478,-3.075029,0.000782,-0.025910,55.805199644,37.442956282,161.1639,402407.1152,6185496.1248,9,0.0169,0.0173
448.333,1188.2084,267.3081,1.0339,-3.073769,0.000887,-0.025971,55.805199345,37.442948330,161.1500,402406.6161,6185496.1027,9,0.0162,0.0233
448.833,1187.7098,267.2738,1.0202,-3.072590,0.000894,-0.026031,55.805199038,37.442940378,161.1361,402406.1169,6185496.0797,9,0.0155,0.0223
449.333,1187.2112,267.2392,1.0064,-3.071622,0.000810,-0.026088,55.805198728,37.442932426,161.1223,402405.6178,6185496.0565,9,0.0163,0.0177
449.832,1186.7126,267.2039,0.9929,-3.070830,0.000654,-0.026145,55.805198413,37.442924476,161.1086,402405.1187,6185496.0326,9,0.0179,0.0145
450.332,1186.2141,267.1685,0.9794,-3.070512,0.000454,-0.026199,55.805198096,37.442916525,161.0950,402404.6196,6185496.0086,9,0.0195,0.0118
450.832,1185.7155,267.1329,0.9661,-3.070365,0.000241,-0.026253,55.805197777,37.442908575,161.0817,402404.1206,6185495.9843,9,0.0211,0.0132
451.332,1185.2170,267.0974,0.9529,-3.070685,0.000048,-0.026306,55.805197460,37.442900624,161.0684,402403.6215,6185495.9601,9,0.0212,0.0165
451.832,1184.7184,267.0621,0.9400,-3.071098,-0.000101,-0.026358,55.805197144,37.442892673,161.0554,402403.1224,6185495.9362,9,0.0204,0.0241
452.331,1184.2198,267.0270,0.9272,-3.071774,-0.000188,-0.026409,55.805196830,37.442884722,161.0425,402402.6233,6185495.9124,9,0.0197,0.0337
452.831,1183.7212,266.9924,0.9146,-3.072427,-0.000208,-0.026460,55.805196520,37.442876771,161.0297,402402.1242,6185495.8892,9,0.0189,0.0348
453.331,1183.2226,266.9579,0.9020,-3.073022,-0.000167,-0.026511,55.805196212,37.442868819,161.0171,402401.6251,6185495.8661,9,0.0187,0.0315
453.831,1182.7239,266.9239,0.8895,-3.073477,-0.000082,-0.026562,55.805195907,37.442860867,161.0045,402401.1259,6185495.8434,9,0.0187,0.0301
454.331,1182.2253,266.8899,0.8770,-3.073539,0.000023,-0.026613,55.805195603,37.442852915,160.9919,402400.6268,6185495.8208,9,0.0187,0.0298
454.830,1181.7266,266.8559,0.8645,-3.073424,0.000117,-0.026665,55.805195299,37.442844963,160.9793,402400.1277,6185495.7982,9,0.0188,0.0375
455.330,1181.2280,266.8218,0.8520,-3.072805,0.000177,-0.026717,55.805194994,37.442837011,160.9667,402399.6285,6185495.7754,9,0.0177,0.0494
455.830,1180.7294,266.7872,0.8393,-3.072128,0.000181,-0.026771,55.805194684,37.442829059,160.9539,402399.1294,6185495.7522,9,0.0160,0.0477
456.330,1180.2308,266.7524,0.8266,-3.071284,0.000124,-0.026825,55.805194373,37.442821108,160.9411,402398.6303,6185495.7287,9,0.0144,0.0390
456.830,1179.7322,266.7170,0.8137,-3.070594,0.000009,-0.026881,55.805194056,37.442813157,160.9281,402398.1312,6185495.7047,9,0.0127,0.0348
457.330,1179.2336,266.6815,0.8008,-3.070343,-0.000146,-0.026938,55.805193739,37.442805207,160.9151,402397.6321,6185495.6805,9,0.0123,0.0328
457.829,1178.7351,266.6458,0.7877,-3.070333,-0.000315,-0.026996,55.805193419,37.442797256,160.9019,402397.1331,6185495.6562,9,0.0125,0.0357
458.329,1178.2366,266.6103,0.7745,-3.071028,-0.000468,-0.027056,55.805193102,37.442789306,160.8887,402396.6340,6185495.6321,9,0.0128,0.0411
458.829,1177.7380,266.5753,0.7614,-3.071824,-0.000579,-0.027118,55.805192789,37.442781355,160.8754,402396.1349,6185495.6085,9,0.0130,0.0417
459.329,1177.2394,266.5406,0.7481,-3.072923,-0.000628,-0.027182,55.805192478,37.442773403,160.8621,402395.6358,6185495.5851,9,0.0130,0.0398
459.829,1176.7407,266.5067,0.7349,-3.073918,-0.000609,-0.027247,55.805192175,37.442765451,160.8488,402395.1366,6185495.5626,9,0.0127,0.0332
460.328,1176.2420,266.4730,0.7218,-3.074604,-0.000525,-0.027314,55.805191874,37.442757499,160.8355,402394.6375,6185495.5403,9,0.0125,0.0242
460.828,1175.7433,266.4398,0.7086,-3.075119,-0.000388,-0.027384,55.805191577,37.442749546,160.8223,402394.1383,6185495.5184,9,0.0123,0.0209
461.328,1175.2446,266.4066,0.6955,-3.075120,-0.000221,-0.027455,55.805191280,37.442741593,160.8091,402393.6391,6185495.4966,9,0.0120,0.0205
461.828,1174.7459,266.3734,0.6825,-3.075026,-0.000044,-0.027529,55.805190983,37.442733640,160.7960,402393.1399,6185495.4747,9,0.0118,0.0241
462.328,1174.2472,266.3401,0.6694,-3.074642,0.000120,-0.027604,55.805190685,37.442725687,160.7828,402392.6408,6185495.4528,9,0.0115,0.0298
462.827,1173.7485,266.3066,0.6564,-3.074253,0.000257,-0.027681,55.805190385,37.442717734,160.7697,402392.1416,6185495.4306,9,0.0112,0.0291
463.327,1173.2498,266.2729,0.6433,-3.073841,0.000355,-0.027761,55.805190083,37.442709782,160.7565,402391.6424,6185495.4083,9,0.0118,0.0251
463.827,1172.7512,266.2389,0.6300,-3.073449,0.000410,-0.027842,55.805189779,37.442701829,160.7432,402391.1433,6185495.3856,9,0.0128,0.0212
464.327,1172.2525,266.2048,0.6167,-3.073110,0.000420,-0.027926,55.805189474,37.442693877,160.7298,402390.6442,6185495.3629,9,0.0139,0.0175
464.827,1171.7539,266.1705,0.6032,-3.072779,0.000390,-0.028011,55.805189167,37.442685926,160.7162,402390.1450,6185495.3400,9,0.0149,0.0201
465.327,1171.2553,266.1361,0.5896,-3.072466,0.000325,-0.028098,55.805188860,37.442677974,160.7024,402389.6459,6185495.3169,9,0.0146,0.0261
465.826,1170.7566,266.1014,0.5757,-3.072176,0.000234,-0.028186,55.805188550,37.442670022,160.6885,402389.1468,6185495.2936,9,0.0136,0.0314
466.326,1170.2580,266.0667,0.5617,-3.071952,0.000128,-0.028277,55.805188239,37.442662071,160.6744,402388.6477,6185495.2703,9,0.0126,0.0363
466.826,1169.7594,266.0319,0.5475,-3.071799,0.000017,-0.028369,55.805187927,37.442654120,160.6600,402388.1486,6185495.2468,9,0.0116,0.0350
467.326,1169.2608,265.9970,0.5331,-3.071872,-0.000085,-0.028462,55.805187616,37.442646169,160.6456,402387.6495,6185495.2233,9,0.0111,0.0303
467.826,1168.7622,265.9622,0.5186,-3.072029,-0.000165,-0.028557,55.805187304,37.442638217,160.6310,402387.1504,6185495.1999,9,0.0107,0.0276
468.325,1168.2636,265.9275,0.5040,-3.072459,-0.000215,-0.028653,55.805186994,37.442630266,160.6163,402386.6513,6185495.1765,8,0.0104,0.0259
468.825,1167.7650,265.8932,0.4894,-3.072903,-0.000227,-0.028750,55.805186687,37.442622314,160.6016,402386.1521,6185495.1535,8,0.0100,0.0278
469.325,1167.2664,265.8589,0.4747,-3.073399,-0.000201,-0.028848,55.805186380,37.442614362,160.5868,402385.6530,6185495.1307,8,0.0110,0.0315
469.825,1166.7677,265.8251,0.4601,-3.073813,-0.000143,-0.028947,55.805186077,37.442606410,160.5721,402385.1538,6185495.1082,8,0.0127,0.0322
470.325,1166.2690,265.7912,0.4455,-3.073968,-0.000063,-0.029047,55.805185775,37.442598458,160.5575,402384.6547,6185495.0857,8,0.0144,0.0312
470.825,1165.7704,265.7575,0.4310,-3.074016,0.000026,-0.029148,55.805185473,37.442590505,160.5429,402384.1555,6185495.0633,8,0.0160,0.0275
471.324,1165.2717,265.7237,0.4166,-3.073718,0.000107,-0.029250,55.805185171,37.442582553,160.5283,402383.6564,6185495.0409,8,0.0156,0.0223
471.824,1164.7730,265.6897,0.4021,-3.073380,0.000169,-0.029352,55.805184866,37.442574601,160.5138,402383.1572,6185495.0183,8,0.0141,0.0220
472.324,1164.2744,265.6556,0.3877,-3.072909,0.000203,-0.029455,55.805184561,37.442566649,160.4993,402382.6581,6185494.9955,8,0.0126,0.0243
472.824,1163.7758,265.6211,0.3733,-3.072489,0.000208,-0.029559,55.805184253,37.442558697,160.4848,402382.1590,6185494.9724,8,0.0111,0.0240
473.324,1163.2771,265.5866,0.3589,-3.072234,0.000186,-0.029662,55.805183944,37.442550745,160.4703,402381.6599,6185494.9492,8,0.0106,0.0223
473.823,1162.7785,265.5518,0.3444,-3.072058,0.000144,-0.029766,55.805183633,37.442542794,160.4557,402381.1607,6185494.9258,8,0.0107,0.0238
474.323,1162.2799,265.5171,0.3298,-3.072144,0.000091,-0.029870,55.805183322,37.442534843,160.4410,402380.6616,6185494.9025,7,0.0108,0.0271
474.823,1161.7813,265.4825,0.3151,-3.072257,0.000035,-0.029975,55.805183012,37.442526891,160.4261,402380.1625,6185494.8792,7,0.0109,0.0300
475.323,1161.2827,265.4479,0.3002,-3.072462,-0.000020,-0.030079,55.805182703,37.442518940,160.4112,402379.6634,6185494.8559,7,0.0106,0.0327
475.823,1160.7841,265.4134,0.2852,-3.072634,-0.000073,-0.030183,55.805182395,37.442510988,160.3961,402379.1643,6185494.8328,7,0.0100,0.0285
476.322,1160.2854,265.3790,0.2701,-3.072693,-0.000126,-0.030288,55.805182086,37.442503036,160.3809,402378.6652,6185494.8098,7,0.0095,0.0205
476.822,1159.7868,265.3446,0.2548,-3.072719,-0.000183,-0.030392,55.805181779,37.442495085,160.3655,402378.1660,6185494.7867,7,0.0090,0.0175
477.322,1159.2882,265.3102,0.2394,-3.072630,-0.000249,-0.030495,55.805181471,37.442487133,160.3501,402377.6669,6185494.7637,7,0.0104,0.0173
477.822,1158.7896,265.2757,0.2239,-3.072560,-0.000326,-0.030599,55.805181163,37.442479181,160.3345,402377.1678,6185494.7406,7,0.0128,0.0235
478.322,1158.2909,265.2412,0.2083,-3.072554,-0.000411,-0.030702,55.805180854,37.442471230,160.3188,402376.6687,6185494.7175,7,0.0152,0.0333
478.822,1157.7923,265.2068,0.1927,-3.072615,-0.000498,-0.030804,55.805180546,37.442463278,160.3030,402376.1695,6185494.6943,7,0.0175,0.0360
479.321,1157.2937,265.1723,0.1770,-3.072921,-0.000574,-0.030906,55.805180238,37.442455326,160.2873,402375.6704,6185494.6713,7,0.0175,0.0349
479.821,1156.7950,265.1382,0.1613,-3.073305,-0.000624,-0.031007,55.805179932,37.442447374,160.2715,402375.1713,6185494.6485,7,0.0162,0.0279
480.321,1156.2964,265.1041,0.1456,-3.073972,-0.000634,-0.031108,55.805179627,37.442439422,160.2556,402374.6721,6185494.6258,7,0.0149,0.0177
480.821,1155.7977,265.0706,0.1299,-3.074665,-0.000592,-0.031207,55.805179328,37.442431470,160.2399,402374.1730,6185494.6037,7,0.0135,0.0158
481.321,1155.2990,265.0373,0.1142,-3.075455,-0.000492,-0.031305,55.805179029,37.442423517,160.2241,402373.6738,6185494.5817,7,0.0138,0.0185
481.820,1154.8003,265.0046,0.0986,-3.076169,-0.000336,-0.031402,55.805178737,37.442415563,160.2084,402373.1746,6185494.5603,7,0.0150,0.0190
482.320,1154.3015,264.9719,0.0831,-3.076613,-0.000135,-0.031498,55.805178445,37.442407610,160.1928,402372.6754,6185494.5391,7,0.0163,0.0183
482.820,1153.8027,264.9397,0.0676,-3.076906,0.000094,-0.031593,55.805178156,37.442399656,160.1773,402372.1762,6185494.5181,7,0.0175,0.0189
483.320,1153.3040,264.9073,0.0523,-3.076647,0.000328,-0.031686,55.805177867,37.442391702,160.1618,402371.6770,6185494.4972,7,0.0173,0.0203
483.820,1152.8052,264.8748,0.0370,-3.076261,0.000542,-0.031777,55.805177576,37.442383748,160.1464,402371.1778,6185494.4760,7,0.0163,0.0237
484.319,1152.3065,264.8421,0.0217,-3.075402,0.000714,-0.031867,55.805177283,37.442375795,160.1311,402370.6786,6185494.4546,7,0.0153,0.0282
484.819,1151.8078,264.8087,0.0065,-3.074522,0.000827,-0.031955,55.805176984,37.442367842,160.1158,402370.1794,6185494.4326,7,0.0144,0.0325
485.319,1151.3091,264.7751,-0.0087,-3.073556,0.000871,-0.032040,55.805176684,37.442359889,160.1004,402369.6802,6185494.4104,7,0.0138,0.0366
485.819,1150.8105,264.7407,-0.0240,-3.072657,0.000846,-0.032124,55.805176376,37.442351937,160.0850,402369.1811,6185494.3874,7,0.0135,0.0364
486.319,1150.3118,264.7062,-0.0394,-3.072010,0.000758,-0.032205,55.805176068,37.442343986,160.0696,402368.6820,6185494.3642,7,0.0132,0.0336
486.819,1149.8133,264.6712,-0.0550,-3.071446,0.000620,-0.032284,55.805175755,37.442336035,160.0539,402368.1829,6185494.3406,7,0.0129,0.0324
487.318,1149.3147,264.6361,-0.0707,-3.071197,0.000446,-0.032360,55.805175441,37.442328084,160.0381,402367.6838,6185494.3169,7,0.0131,0.0322
487.818,1148.8161,264.6009,-0.0868,-3.071009,0.000256,-0.032433,55.805175126,37.442320133,160.0219,402367.1847,6185494.2930,7,0.0136,0.0364
488.318,1148.3175,264.5656,-0.1030,-3.071061,0.000066,-0.032504,55.805174810,37.442312182,160.0056,402366.6856,6185494.2691,7,0.0142,0.0430
488.818,1147.8190,264.5304,-0.1196,-3.071164,-0.000109,-0.032572,55.805174495,37.442304231,159.9889,402366.1865,6185494.2453,7,0.0147,0.0413
489.318,1147.3204,264.4953,-0.1364,-3.071470,-0.000256,-0.032637,55.805174181,37.442296280,159.9721,402365.6874,6185494.2215,7,0.0147,0.0349
489.817,1146.8218,264.4604,-0.1535,-3.071812,-0.000366,-0.032699,55.805173868,37.442288329,159.9549,402365.1883,6185494.1979,7,0.0143,0.0315
490.317,1146.3232,264.4256,-0.1708,-3.072297,-0.000434,-0.032757,55.805173557,37.442280378,159.9375,402364.6892,6185494.1745,7,0.0139,0.0298
490.817,1145.8246,264.3912,-0.1883,-3.072775,-0.000456,-0.032813,55.805173249,37.442272426,159.9199,402364.1901,6185494.1514,7,0.0136,0.0266
491.317,1145.3259,264.3569,-0.2059,-3.073226,-0.000434,-0.032866,55.805172942,37.442264475,159.9021,402363.6910,6185494.1285,7,0.0140,0.0227
491.817,1144.8273,264.3229,-0.2237,-3.073637,-0.000370,-0.032915,55.805172638,37.442256522,159.8843,402363.1918,6185494.1059,7,0.0150,0.0214
492.316,1144.3286,264.2890,-0.2415,-3.073890,-0.000270,-0.032961,55.805172335,37.442248570,159.8664,402362.6927,6185494.0833,7,0.0159,0.0215
492.816,1143.8299,264.2553,-0.2593,-3.074109,-0.000141,-0.033004,55.805172033,37.442240618,159.8485,402362.1935,6185494.0610,7,0.0169,0.0193
493.316,1143.3313,264.2216,-0.2771,-3.074187,0.000008,-0.033043,55.805171732,37.442232665,159.8306,402361.6944,6185494.0386,7,0.0180,0.0158
493.816,1142.8326,264.1879,-0.2949,-3.074232,0.000165,-0.033080,55.805171431,37.442224713,159.8128,402361.1952,6185494.0164,7,0.0192,0.0145
494.316,1142.3339,264.1543,-0.3125,-3.074135,0.000314,-0.033114,55.805171130,37.442216760,159.7950,402360.6960,6185493.9941,7,0.0203,0.0145
494.816,1141.8352,264.1206,-0.3300,-3.073973,0.000440,-0.033144,55.805170828,37.442208808,159.7774,402360.1969,6185493.9717,7,0.0215,0.0194
495.315,1141.3366,264.0867,-0.3474,-3.073539,0.000525,-0.033172,55.805170526,37.442200855,159.7599,402359.6977,6185493.9493,7,0.0207,0.0271
495.815,1140.8379,264.0526,-0.3646,-3.073034,0.000552,-0.033197,55.805170220,37.442192903,159.7426,402359.1986,6185493.9265,7,0.0188,0.0283
496.315,1140.3393,264.0183,-0.3818,-3.072226,0.000506,-0.033219,55.805169913,37.442184952,159.7254,402358.6995,6185493.9035,7,0.0168,0.0257
496.815,1139.8407,263.9833,-0.3988,-3.071423,0.000383,-0.033238,55.805169600,37.442177001,159.7083,402358.2004,6185493.8799,7,0.0149,0.0230
497.315,1139.3421,263.9482,-0.4157,-3.070638,0.000182,-0.033256,55.805169286,37.442169050,159.6913,402357.7013,6185493.8561,7,0.0140,0.0202
497.814,1138.8436,263.9124,-0.4325,-3.069978,-0.000081,-0.033271,55.805168966,37.442161099,159.6744,402357.2022,6185493.8317,7,0.0138,0.0186
498.314,1138.3450,263.8767,-0.4493,-3.069855,-0.000386,-0.033284,55.805168646,37.442153149,159.6575,402356.7032,6185493.8073,7,0.0136,0.0177
498.814,1137.8465,263.8408,-0.4660,-3.069916,-0.000699,-0.033295,55.805168325,37.442145199,159.6408,402356.2041,6185493.7828,7,0.0134,0.0207
499.314,1137.3480,263.8051,-0.4826,-3.070782,-0.000984,-0.033304,55.805168005,37.442137249,159.6241,402355.7050,6185493.7585,7,0.0133,0.0259
499.814,1136.8494,263.7701,-0.4991,-3.071768,-0.001207,-0.033312,55.805167692,37.442129298,159.6074,402355.2059,6185493.7348,7,0.0133,0.0293
500.314,1136.3508,263.7353,-0.5156,-3.073298,-0.001338,-0.033319,55.805167381,37.442121347,159.5909,402354.7068,6185493.7114,7,0.0133,0.0318
500.813,1135.8521,263.7018,-0.5319,-3.074815,-0.001358,-0.033325,55.805167082,37.442113394,159.5744,402354.2077,6185493.6893,7,0.0132,0.0325
501.313,1135.3534,263.6686,-0.5483,-3.076287,-0.001261,-0.033329,55.805166784,37.442105441,159.5580,402353.7085,6185493.6675,7,0.0129,0.0321
501.813,1134.8546,263.6366,-0.5645,-3.077634,-0.001054,-0.033333,55.805166498,37.442097487,159.5417,402353.2093,6185493.6468,7,0.0125,0.0320
502.313,1134.3558,263.6047,-0.5806,-3.078429,-0.000758,-0.033336,55.805166213,37.442089532,159.5255,402352.7100,6185493.6263,7,0.0120,0.0319
502.813,1133.8570,263.5735,-0.5965,-3.079063,-0.000405,-0.033339,55.805165934,37.442081577,159.5095,402352.2108,6185493.6064,7,0.0115,0.0305
503.312,1133.3581,263.5423,-0.6124,-3.078961,-0.000028,-0.033341,55.805165654,37.442073622,159.4935,402351.7115,6185493.5866,7,0.0119,0.0282
503.812,1132.8593,263.5109,-0.6282,-3.078729,0.000334,-0.033344,55.805165374,37.442065667,159.4776,402351.2122,6185493.5666,7,0.0126,0.0286
504.312,1132.3605,263.4795,-0.6439,-3.077890,0.000648,-0.033346,55.805165093,37.442057713,159.4619,402350.7130,6185493.5465,7,0.0134,0.0305
504.812,1131.8617,263.4473,-0.6595,-3.076996,0.000888,-0.033349,55.805164805,37.442049758,159.4461,402350.2138,6185493.5257,7,0.0142,0.0290
505.312,1131.3629,263.4149,-0.6751,-3.075831,0.001037,-0.033352,55.805164515,37.442041805,159.4304,402349.7145,6185493.5047,7,0.0140,0.0256
505.811,1130.8642,263.3816,-0.6908,-3.074692,0.001088,-0.033355,55.805164217,37.442033852,159.4147,402349.2154,6185493.4827,7,0.0132,0.0253
506.311,1130.3655,263.3481,-0.7064,-3.073659,0.001044,-0.033359,55.805163918,37.442025899,159.3989,402348.7162,6185493.4606,7,0.0125,0.0267
506.811,1129.8669,263.3138,-0.7223,-3.072703,0.000918,-0.033364,55.805163610,37.442017947,159.3830,402348.2171,6185493.4376,7,0.0117,0.0297
507.311,1129.3683,263.2793,-0.7382,-3.072105,0.000729,-0.033369,55.805163302,37.442009996,159.3670,402347.7180,6185493.4145,7,0.0117,0.0337
507.811,1128.8697,263.2444,-0.7544,-3.071599,0.000502,-0.033375,55.805162989,37.442002045,159.3507,402347.2189,6185493.3909,7,0.0123,0.0365
508.311,1128.3711,263.2094,-0.7708,-3.071536,0.000265,-0.033383,55.805162676,37.441994093,159.3342,402346.7198,6185493.3673,7,0.0128,0.0385
508.810,1127.8725,263.1744,-0.7875,-3.071554,0.000043,-0.033391,55.805162363,37.441986142,159.3174,402346.2207,6185493.3437,7,0.0133,0.0398
509.310,1127.3739,263.1394,-0.8044,-3.071979,-0.000139,-0.033400,55.805162050,37.441978191,159.3004,402345.7216,6185493.3201,7,0.0139,0.0407
509.810,1126.8753,263.1048,-0.8216,-3.072448,-0.000264,-0.033410,55.805161741,37.441970240,159.2832,402345.2224,6185493.2968,7,0.0144,0.0391
510.310,1126.3767,263.0704,-0.8389,-3.073144,-0.000321,-0.033421,55.805161432,37.441962288,159.2658,402344.7233,6185493.2737,7,0.0149,0.0361
510.810,1125.8780,263.0365,-0.8564,-3.073815,-0.000310,-0.033434,55.805161129,37.441954336,159.2482,402344.2242,6185493.2512,7,0.0154,0.0314
511.309,1125.3794,263.0027,-0.8740,-3.074370,-0.000237,-0.033447,55.805160827,37.441946384,159.2305,402343.7250,6185493.2288,7,0.0153,0.0258
511.809,1124.8807,262.9693,-0.8916,-3.074837,-0.000118,-0.033462,55.805160528,37.441938431,159.2128,402343.2258,6185493.2068,7,0.0148,0.0217
512.309,1124.3820,262.9360,-0.9091,-3.074857,0.000025,-0.033477,55.805160230,37.441930478,159.1952,402342.7267,6185493.1848,7,0.0143,0.0187
512.809,1123.8833,262.9027,-0.9265,-3.074786,0.000170,-0.033494,55.805159932,37.441922525,159.1777,402342.2275,6185493.1628,7,0.0138,0.0163
513.309,1123.3846,262.8693,-0.9438,-3.074241,0.000294,-0.033512,55.805159633,37.441914572,159.1603,402341.7283,6185493.1408,7,0.0140,0.0143
513.808,1122.8859,262.8354,-0.9608,-3.073670,0.000380,-0.033532,55.805159330,37.441906620,159.1432,402341.2292,6185493.1183,7,0.0146,0.0125
514.308,1122.3872,262.8014,-0.9776,-3.072953,0.000418,-0.033552,55.805159026,37.441898668,159.1263,402340.7300,6185493.0957,7,0.0151,0.0107
514.808,1121.8886,262.7668,-0.9941,-3.072288,0.000408,-0.033574,55.805158717,37.441890716,159.1098,402340.2309,6185493.0725,7,0.0157,0.0097
515.308,1121.3900,262.7322,-1.0103,-3.071884,0.000356,-0.033596,55.805158407,37.441882765,159.0935,402339.7318,6185493.0492,7,0.0160,0.0091
515.808,1120.8914,262.6972,-1.0262,-3.071556,0.000275,-0.033620,55.805158094,37.441874814,159.0774,402339.2327,6185493.0255,7,0.0162,0.0143
516.308,1120.3928,262.6622,-1.0420,-3.071632,0.000182,-0.033645,55.805157781,37.441866863,159.0616,402338.7336,6185493.0019,7,0.0163,0.0231
516.807,1119.8942,262.6273,-1.0575,-3.071744,0.000091,-0.033672,55.805157468,37.441858912,159.0460,402338.2345,6185492.9784,7,0.0165,0.0257
517.307,1119.3956,262.5925,-1.0730,-3.072053,0.000016,-0.033699,55.805157156,37.441850960,159.0304,402337.7354,6185492.9549,7,0.0153,0.0244
517.807,1118.8970,262.5579,-1.0885,-3.072343,-0.000036,-0.033727,55.805156847,37.441843009,159.0148,402337.2363,6185492.9317,7,0.0133,0.0250
518.307,1118.3984,262.5233,-1.1040,-3.072528,-0.000062,-0.033757,55.805156538,37.441835057,158.9992,402336.7372,6185492.9084,7,0.0112,0.0268
518.807,1117.8998,262.4889,-1.1198,-3.072680,-0.000066,-0.033788,55.805156230,37.441827106,158.9834,402336.2380,6185492.8854,7,0.0091,0.0287
519.306,1117.4012,262.4545,-1.1357,-3.072647,-0.000050,-0.033820,55.805155922,37.441819154,158.9674,402335.7389,6185492.8623,7,0.0088,0.0307
519.806,1116.9025,262.4200,-1.1519,-3.072608,-0.000021,-0.033854,55.805155613,37.441811202,158.9511,402335.2398,6185492.8392,7,0.0095,0.0360
520.306,1116.4039,262.3856,-1.1684,-3.072536,0.000016,-0.033888,55.805155305,37.441803251,158.9345,402334.7407,6185492.8161,7,0.0102,0.0434
520.806,1115.9053,262.3510,-1.1853,-3.072477,0.000055,-0.033924,55.805154996,37.441795299,158.9175,402334.2415,6185492.7930,7,0.0108,0.0487
521.306,1115.4067,262.3165,-1.2025,-3.072492,0.000095,-0.033961,55.805154687,37.441787347,158.9002,402333.7424,6185492.7698,7,0.0114,0.0527
521.806,1114.9080,262.2820,-1.2200,-3.072502,0.000129,-0.034000,55.805154379,37.441779396,158.8826,402333.2433,6185492.7467,7,0.0119,0.0511
522.305,1114.4094,262.2475,-1.2378,-3.072484,0.000154,-0.034040,55.805154070,37.441771444,158.8648,402332.7442,6185492.7235,7,0.0124,0.0461
522.805,1113.9108,262.2130,-1.2557,-3.072436,0.000165,-0.034081,55.805153761,37.441763493,158.8467,402332.2451,6185492.7004,7,0.0129,0.0428
523.305,1113.4122,262.1784,-1.2739,-3.072212,0.000158,-0.034123,55.805153452,37.441755541,158.8285,402331.7459,6185492.6772,7,0.0121,0.0407
523.805,1112.9136,262.1437,-1.2920,-3.071972,0.000127,-0.034167,55.805153141,37.441747590,158.8103,402331.2468,6185492.6538,7,0.0105,0.0366
524.305,1112.4150,262.1089,-1.3101,-3.071632,0.000073,-0.034213,55.805152830,37.441739639,158.7920,402330.7477,6185492.6304,7,0.0088,0.0313
524.804,1111.9164,262.0738,-1.3281,-3.071323,0.000000,-0.034260,55.805152516,37.441731688,158.7740,402330.2486,6185492.6067,7,0.0071,0.0266
525.304,1111.4178,262.0387,-1.3459,-3.071204,-0.000084,-0.034308,55.805152202,37.441723737,158.7561,402329.7495,6185492.5829,7,0.0062,0.0222
525.804,1110.9192,262.0035,-1.3635,-3.071148,-0.000168,-0.034358,55.805151886,37.441715786,158.7384,402329.2505,6185492.5591,7,0.0057,0.0204
526.304,1110.4207,261.9684,-1.3808,-3.071469,-0.000236,-0.034409,55.805151572,37.441707835,158.7210,402328.7514,6185492.5353,7,0.0052,0.0203
526.804,1109.9221,261.9335,-1.3978,-3.071826,-0.000273,-0.034461,55.805151260,37.441699884,158.7039,402328.2523,6185492.5118,7,0.0046,0.0226
527.303,1109.4235,261.8987,-1.4146,-3.072409,-0.000268,-0.034515,55.805150948,37.441691933,158.6871,402327.7532,6185492.4883,7,0.0056,0.0264
527.803,1108.9248,261.8644,-1.4311,-3.072970,-0.000214,-0.034571,55.805150641,37.441683981,158.6705,402327.2540,6185492.4654,7,0.0074,0.0289
528.303,1108.4262,261.8301,-1.4474,-3.073398,-0.000111,-0.034627,55.805150335,37.441676029,158.6540,402326.7549,6185492.4425,7,0.0092,0.0304
528.803,1107.9275,261.7963,-1.4636,-3.073765,0.000033,-0.034685,55.805150032,37.441668077,158.6377,402326.2557,6185492.4200,7,0.0110,0.0293
529.303,1107.4289,261.7624,-1.4797,-3.073743,0.000204,-0.034745,55.805149729,37.441660124,158.6215,402325.7566,6185492.3975,7,0.0114,0.0264
529.803,1106.9302,261.7285,-1.4958,-3.073661,0.000384,-0.034805,55.805149426,37.441652172,158.6054,402325.2574,6185492.3749,7,0.0109,0.0277
530.302,1106.4315,261.6945,-1.5120,-3.073184,0.000550,-0.034866,55.805149122,37.441644220,158.5891,402324.7583,6185492.3523,7,0.0104,0.0317
530.802,1105.9329,261.6602,-1.5282,-3.072671,0.000683,-0.034928,55.805148814,37.441636268,158.5728,402324.2592,6185492.3293,7,0.0098,0.0363
531.302,1105.4343,261.6257,-1.5445,-3.071923,0.000761,-0.034991,55.805148506,37.441628317,158.5564,402323.7601,6185492.3062,7,0.0101,0.0411
531.802,1104.9357,261.5906,-1.5611,-3.071168,0.000769,-0.035055,55.805148191,37.441620366,158.5398,402323.2610,6185492.2825,7,0.0109,0.0430
532.302,1104.4371,261.5553,-1.5777,-3.070360,0.000695,-0.035119,55.805147876,37.441612415,158.5231,402322.7619,6185492.2586,7,0.0116,0.0430
532.801,1103.9386,261.5194,-1.5945,-3.069572,0.000535,-0.035184,55.805147555,37.441604465,158.5061,402322.2628,6185492.2340,7,0.0124,0.0433
533.301,1103.4401,261.4834,-1.6115,-3.068912,0.000292,-0.035249,55.805147232,37.441596515,158.4891,402321.7638,6185492.2094,7,0.0126,0.0438
533.801,1102.9416,261.4468,-1.6286,-3.068312,-0.000022,-0.035314,55.805146905,37.441588566,158.4719,402321.2648,6185492.1842,7,0.0125,0.0444
534.301,1102.4432,261.4102,-1.6459,-3.068118,-0.000386,-0.035379,55.805146577,37.441580617,158.4546,402320.7657,6185492.1589,7,0.0124,0.0452
534.801,1101.9447,261.3735,-1.6632,-3.068030,-0.000773,-0.035443,55.805146248,37.441572668,158.4372,402320.2667,6185492.1335,7,0.0122,0.0453
535.300,1101.4462,261.3368,-1.6806,-3.068690,-0.001146,-0.035508,55.805145920,37.441564718,158.4197,402319.7677,6185492.1082,7,0.0128,0.0449
535.800,1100.9477,261.3006,-1.6980,-3.069464,-0.001469,-0.035571,55.805145597,37.441556769,158.4021,402319.2687,6185492.0834,7,0.0139,0.0395
536.300,1100.4492,261.2647,-1.7155,-3.071059,-0.001705,-0.035634,55.805145275,37.441548819,158.3845,402318.7696,6185492.0588,7,0.0149,0.0309
536.800,1099.9506,261.2302,-1.7331,-3.072698,-0.001826,-0.035696,55.805144966,37.441540867,158.3668,402318.2705,6185492.0357,7,0.0160,0.0293
537.300,1099.4520,261.1959,-1.7508,-3.074678,-0.001812,-0.035757,55.805144659,37.441532915,158.3490,402317.7714,6185492.0127,7,0.0152,0.0325
537.800,1098.9532,261.1634,-1.7687,-3.076594,-0.001659,-0.035816,55.805144368,37.441524962,158.3311,402317.2722,6185491.9916,7,0.0132,0.0404
538.299,1098.4544,261.1310,-1.7868,-3.078065,-0.001376,-0.035875,55.805144078,37.441517008,158.3130,402316.7729,6185491.9705,7,0.0112,0.0513
538.799,1097.9556,261.0999,-1.8050,-3.079407,-0.000986,-0.035931,55.805143800,37.441509053,158.2946,402316.2737,6185491.9508,7,0.0092,0.0509
539.299,1097.4567,261.0689,-1.8235,-3.079792,-0.000521,-0.035986,55.805143523,37.441501097,158.2760,402315.7744,6185491.9311,7,0.0080,0.0427
539.799,1096.9579,261.0382,-1.8423,-3.080057,-0.000017,-0.036040,55.805143248,37.441493142,158.2571,402315.2751,6185491.9118,7,0.0074,0.0380
540.299,1096.4590,261.0074,-1.8613,-3.079411,0.000489,-0.036091,55.805142973,37.441485186,158.2381,402314.7758,6185491.8924,7,0.0068,0.0356
540.798,1095.9602,260.9760,-1.8805,-3.078702,0.000966,-0.036141,55.805142693,37.441477232,158.2187,402314.2766,6185491.8724,7,0.0062,0.0328
541.298,1095.4614,260.9446,-1.9000,-3.077491,0.001391,-0.036188,55.805142411,37.441469277,158.1992,402313.7773,6185491.8523,7,0.0061,0.0298
541.798,1094.9626,260.9120,-1.9195,-3.076267,0.001751,-0.036234,55.805142120,37.441461323,158.1796,402313.2781,6185491.8311,7,0.0062,0.0246
542.298,1094.4639,260.8793,-1.9391,-3.074938,0.002037,-0.036278,55.805141827,37.441453370,158.1599,402312.7789,6185491.8098,7,0.0064,0.0178
542.798,1093.9652,260.8454,-1.9587,-3.073614,0.002249,-0.036319,55.805141524,37.441445417,158.1402,402312.2798,6185491.7873,7,0.0065,0.0154
543.298,1093.4665,260.8114,-1.9783,-3.072314,0.002388,-0.036359,55.805141220,37.441437465,158.1205,402311.7806,6185491.7646,7,0.0065,0.0159
543.797,1092.9680,260.7762,-1.9978,-3.071006,0.002454,-0.036397,55.805140905,37.441429514,158.1010,402311.2815,6185491.7408,7,0.0063,0.0164
544.297,1092.4694,260.7409,-2.0172,-3.069607,0.002445,-0.036434,55.805140589,37.441421564,158.0815,402310.7825,6185491.7168,7,0.0062,0.0169
544.797,1091.9709,260.7043,-2.0364,-3.068193,0.002354,-0.036468,55.805140261,37.441413614,158.0622,402310.2834,6185491.6916,7,0.0060,0.0173
545.297,1091.4725,260.6676,-2.0554,-3.066624,0.002177,-0.036501,55.805139932,37.441405665,158.0431,402309.7844,6185491.6662,7,0.0066,0.0177
545.797,1090.9741,260.6295,-2.0742,-3.065069,0.001906,-0.036533,55.805139591,37.441397718,158.0242,402309.2855,6185491.6394,7,0.0076,0.0190
546.296,1090.4758,260.5912,-2.0929,-3.063607,0.001541,-0.036563,55.805139248,37.441389771,158.0054,402308.7866,6185491.6125,7,0.0086,0.0211
546.796,1089.9775,260.5516,-2.1114,-3.062215,0.001088,-0.036592,55.805138894,37.441381825,157.9868,402308.2877,6185491.5843,7,0.0096,0.0236
547.296,1089.4793,260.5119,-2.1299,-3.061399,0.000562,-0.036620,55.805138539,37.441373880,157.9683,402307.7888,6185491.5560,7,0.0100,0.0263
547.796,1088.9811,260.4715,-2.1481,-3.060697,-0.000009,-0.036647,55.805138177,37.441365935,157.9500,402307.2900,6185491.5269,7,0.0099,0.0264
548.296,1088.4829,260.4311,-2.1663,-3.060976,-0.000591,-0.036673,55.805137815,37.441357991,157.9317,402306.7912,6185491.4979,7,0.0099,0.0246
548.795,1087.9847,260.3910,-2.1843,-3.061371,-0.001143,-0.036699,55.805137456,37.441350046,157.9136,402306.2924,6185491.4691,7,0.0098,0.0238
549.295,1087.4865,260.3510,-2.2023,-3.062807,-0.001622,-0.036725,55.805137098,37.441342101,157.8955,402305.7936,6185491.4405,7,0.0098,0.0237
549.795,1086.9882,260.3123,-2.2201,-3.064314,-0.001988,-0.036750,55.805136752,37.441334154,157.8777,402305.2947,6185491.4132,7,0.0099,0.0234
550.295,1086.4899,260.2738,-2.2378,-3.066487,-0.002210,-0.036775,55.805136407,37.441326207,157.8599,402304.7957,6185491.3860,7,0.0100,0.0231
550.795,1085.9914,260.2373,-2.2553,-3.068653,-0.002269,-0.036800,55.805136080,37.441318258,157.8422,402304.2967,6185491.3609,7,0.0100,0.0219
551.295,1085.4929,260.2010,-2.2728,-3.070792,-0.002163,-0.036826,55.805135755,37.441310308,157.8247,402303.7977,6185491.3359,7,0.0102,0.0201
551.794,1084.9943,260.1666,-2.2901,-3.072852,-0.001903,-0.036851,55.805135448,37.441302357,157.8073,402303.2985,6185491.3129,7,0.0105,0.0190
552.294,1084.4956,260.1323,-2.3074,-3.074194,-0.001518,-0.036877,55.805135141,37.441294405,157.7899,402302.7994,6185491.2900,7,0.0107,0.0184
552.794,1083.9969,260.0993,-2.3245,-3.075426,-0.001047,-0.036904,55.805134845,37.441286452,157.7727,402302.3002,6185491.2683,7,0.0110,0.0239
553.294,1083.4982,260.0662,-2.3416,-3.075598,-0.000537,-0.036931,55.805134550,37.441278498,157.7555,402301.8010,6185491.2466,7,0.0106,0.0336
553.794,1082.9995,260.0334,-2.3587,-3.075675,-0.000038,-0.036958,55.805134255,37.441270545,157.7383,402301.3019,6185491.2251,7,0.0098,0.0379
554.293,1082.5007,260.0004,-2.3758,-3.074811,0.000406,-0.036986,55.805133960,37.441262592,157.7211,402300.8027,6185491.2035,8,0.0089,0.0384
554.793,1082.0021,259.9667,-2.3930,-3.073899,0.000755,-0.037015,55.805133658,37.441254639,157.7038,402300.3035,6185491.1811,8,0.0081,0.0330
555.293,1081.5034,259.9328,-2.4103,-3.072504,0.000985,-0.037044,55.805133355,37.441246687,157.6865,402299.8044,6185491.1586,8,0.0084,0.0235
555.793,1081.0048,259.8976,-2.4278,-3.071120,0.001084,-0.037073,55.805133041,37.441238736,157.6689,402299.3053,6185491.1348,8,0.0095,0.0182
556.293,1080.5063,259.8624,-2.4454,-3.069843,0.001055,-0.037103,55.805132725,37.441230786,157.6512,402298.8062,6185491.1109,8,0.0106,0.0158
556.792,1080.0078,259.8260,-2.4632,-3.068623,0.000913,-0.037134,55.805132400,37.441222836,157.6333,402298.3072,6185491.0859,8,0.0117,0.0163
557.292,1079.5093,259.7895,-2.4812,-3.067986,0.000689,-0.037164,55.805132073,37.441214887,157.6152,402297.8081,6185491.0608,8,0.0110,0.0189
557.792,1079.0108,259.7525,-2.4995,-3.067418,0.000415,-0.037195,55.805131742,37.441206938,157.5968,402297.3091,6185491.0351,8,0.0089,0.0203
558.292,1078.5124,259.7154,-2.5180,-3.067584,0.000132,-0.037225,55.805131410,37.441198989,157.5783,402296.8101,6185491.0094,8,0.0068,0.0209
558.792,1078.0140,259.6786,-2.5367,-3.067799,-0.000125,-0.037255,55.805131080,37.441191040,157.5595,402296.3111,6185490.9839,8,0.0048,0.0222
559.292,1077.5155,259.6417,-2.5555,-3.068556,-0.000323,-0.037285,55.805130750,37.441183092,157.5405,402295.8121,6185490.9584,8,0.0044,0.0241
559.791,1077.0170,259.6056,-2.5746,-3.069324,-0.000441,-0.037315,55.805130427,37.441175142,157.5214,402295.3131,6185490.9336,8,0.0053,0.0267
560.291,1076.5185,259.5696,-2.5938,-3.070239,-0.000468,-0.037344,55.805130104,37.441167192,157.5021,402294.8140,6185490.9090,8,0.0062,0.0297
560.791,1076.0199,259.5343,-2.6132,-3.071124,-0.000407,-0.037372,55.805129789,37.441159241,157.4827,402294.3149,6185490.8851,8,0.0071,0.0318
561.291,1075.5213,259.4992,-2.6326,-3.071698,-0.000271,-0.037399,55.805129474,37.441151290,157.4631,402293.8159,6185490.8613,8,0.0079,0.0331
561.791,1075.0227,259.4645,-2.6521,-3.072215,-0.000084,-0.037425,55.805129164,37.441143339,157.4435,402293.3167,6185490.8380,8,0.0087,0.0333
562.290,1074.5241,259.4299,-2.6717,-3.072075,0.000125,-0.037450,55.805128854,37.441135387,157.4239,402292.8176,6185490.8147,8,0.0095,0.0327
562.790,1074.0255,259.3951,-2.6912,-3.071885,0.000324,-0.037473,55.805128543,37.441127436,157.4043,402292.3185,6185490.7913,8,0.0103,0.0305
563.290,1073.5269,259.3603,-2.7108,-3.071076,0.000483,-0.037495,55.805128231,37.441119485,157.3847,402291.8194,6185490.7678,8,0.0107,0.0272
563.790,1073.0284,259.3247,-2.7302,-3.070258,0.000583,-0.037516,55.805127913,37.441111535,157.3651,402291.3203,6185490.7436,8,0.0107,0.0248
564.290,1072.5298,259.2890,-2.7496,-3.069302,0.000611,-0.037535,55.805127593,37.441103584,157.3456,402290.8213,6185490.7193,8,0.0108,0.0231
564.790,1072.0313,259.2525,-2.7689,-3.068379,0.000567,-0.037552,55.805127266,37.441095635,157.3262,402290.3223,6185490.6941,8,0.0109,0.0232
565.289,1071.5329,259.2159,-2.7881,-3.067860,0.000462,-0.037567,55.805126939,37.441087686,157.3069,402289.8232,6185490.6689,8,0.0110,0.0245
565.789,1071.0344,259.1788,-2.8073,-3.067385,0.000312,-0.037581,55.805126607,37.441079737,157.2877,402289.3242,6185490.6432,8,0.0111,0.0258
566.289,1070.5360,259.1418,-2.8263,-3.067481,0.000141,-0.037593,55.805126276,37.441071789,157.2685,402288.8252,6185490.6175,8,0.0113,0.0271
566.789,1070.0376,259.1048,-2.8454,-3.067601,-0.000029,-0.037603,55.805125945,37.441063840,157.2494,402288.3262,6185490.5919,8,0.0114,0.0278
567.289,1069.5391,259.0679,-2.8644,-3.068057,-0.000179,-0.037611,55.805125614,37.441055891,157.2303,402287.8272,6185490.5663,8,0.0107,0.0280
567.788,1069.0406,259.0314,-2.8834,-3.068514,-0.000294,-0.037618,55.805125287,37.441047942,157.2112,402287.3282,6185490.5412,8,0.0095,0.0272
568.288,1068.5421,258.9949,-2.9025,-3.068979,-0.000367,-0.037624,55.805124961,37.441039992,157.1920,402286.8292,6185490.5160,8,0.0082,0.0258
568.788,1068.0436,258.9588,-2.9216,-3.069433,-0.000395,-0.037629,55.805124638,37.441032042,157.1728,402286.3301,6185490.4913,8,0.0069,0.0256
569.288,1067.5451,258.9228,-2.9408,-3.069727,-0.000383,-0.037632,55.805124316,37.441024093,157.1536,402285.8311,6185490.4667,8,0.0062,0.0263
569.788,1067.0466,258.8871,-2.9601,-3.070011,-0.000336,-0.037634,55.805123996,37.441016142,157.1342,402285.3320,6185490.4423,8,0.0059,0.0285
570.287,1066.5481,258.8513,-2.9793,-3.070159,-0.000262,-0.037636,55.805123676,37.441008192,157.1149,402284.8330,6185490.4179,8,0.0057,0.0320
570.787,1066.0495,258.8157,-2.9986,-3.070302,-0.000169,-0.037638,55.805123357,37.441000242,157.0955,402284.3339,6185490.3937,8,0.0054,0.0283
571.287,1065.5510,258.7801,-3.0179,-3.070378,-0.000067,-0.037639,55.805123039,37.440992292,157.0761,402283.8348,6185490.3694,8,0.0057,0.0193
571.787,1065.0524,258.7446,-3.0372,-3.070447,0.000036,-0.037640,55.805122721,37.440984341,157.0568,402283.3358,6185490.3453,8,0.0065,0.0174
572.287,1064.5539,258.7091,-3.0564,-3.070405,0.000130,-0.037642,55.805122403,37.440976391,157.0375,402282.8367,6185490.3211,8,0.0072,0.0208
572.787,1064.0553,258.6735,-3.0756,-3.070348,0.000204,-0.037644,55.805122084,37.440968440,157.0182,402282.3376,6185490.2969,8,0.0080,0.0220
573.286,1063.5568,258.6379,-3.0946,-3.070060,0.000246,-0.037648,55.805121766,37.440960490,156.9991,402281.8386,6185490.2726,8,0.0084,0.0216
573.786,1063.0582,258.6020,-3.1136,-3.069760,0.000247,-0.037653,55.805121445,37.440952540,156.9801,402281.3395,6185490.2481,8,0.0086,0.0256
574.286,1062.5597,258.5662,-3.1325,-3.069264,0.000200,-0.037659,55.805121123,37.440944590,156.9611,402280.8404,6185490.2236,8,0.0088,0.0330
574.786,1062.0612,258.5298,-3.1513,-3.068775,0.000101,-0.037667,55.805120798,37.440936640,156.9422,402280.3414,6185490.1986,8,0.0091,0.0378
575.286,1061.5627,258.4934,-3.1700,-3.068385,-0.000046,-0.037677,55.805120472,37.440928691,156.9234,402279.8424,6185490.1736,8,0.0095,0.0406
575.785,1061.0643,258.4567,-3.1886,-3.068023,-0.000229,-0.037690,55.805120144,37.440920742,156.9047,402279.3434,6185490.1482,8,0.0102,0.0387
576.285,1060.5658,258.4200,-3.2072,-3.068130,-0.000429,-0.037706,55.805119815,37.440912793,156.8860,402278.8444,6185490.1229,8,0.0108,0.0333
576.785,1060.0674,258.3833,-3.2256,-3.068271,-0.000623,-0.037724,55.805119487,37.440904844,156.8675,402278.3453,6185490.0976,8,0.0115,0.0300
577.285,1059.5689,258.3467,-3.2440,-3.069024,-0.000785,-0.037746,55.805119159,37.440896894,156.8490,402277.8463,6185490.0723,8,0.0118,0.0284
577.785,1059.0704,258.3108,-3.2623,-3.069795,-0.000892,-0.037770,55.805118838,37.440888944,156.8307,402277.3473,6185490.0478,8,0.0119,0.0281
578.284,1058.5718,258.2750,-3.2804,-3.070940,-0.000924,-0.037798,55.805118517,37.440880994,156.8125,402276.8482,6185490.0234,8,0.0120,0.0289
578.784,1058.0732,258.2403,-3.2983,-3.072074,-0.000875,-0.037830,55.805118206,37.440873043,156.7945,402276.3491,6185490.0000,8,0.0121,0.0269
579.284,1057.5746,258.2056,-3.3161,-3.073063,-0.000749,-0.037865,55.805117896,37.440865092,156.7766,402275.8500,6185489.9766,8,0.0125,0.0230
579.784,1057.0759,258.1718,-3.3336,-3.074018,-0.000561,-0.037904,55.805117594,37.440857139,156.7590,402275.3508,6185489.9542,8,0.0131,0.0189
580.284,1056.5773,258.1381,-3.3510,-3.074318,-0.000342,-0.037946,55.805117292,37.440849187,156.7415,402274.8517,6185489.9319,8,0.0137,0.0147
580.784,1056.0786,258.1046,-3.3682,-3.074579,-0.000126,-0.037991,55.805116993,37.440841234,156.7242,402274.3525,6185489.9098,8,0.0143,0.0149
581.283,1055.5799,258.0711,-3.3853,-3.074017,0.000050,-0.038040,55.805116693,37.440833281,156.7071,402273.8533,6185489.8876,8,0.0141,0.0186
581.783,1055.0812,258.0371,-3.4023,-3.073435,0.000151,-0.038092,55.805116388,37.440825329,156.6900,402273.3542,6185489.8650,8,0.0133,0.0229
582.283,1054.5826,258.0031,-3.4192,-3.072395,0.000155,-0.038147,55.805116084,37.440817377,156.6730,402272.8551,6185489.8423,8,0.0126,0.0275
582.783,1054.0840,257.9680,-3.4362,-3.071372,0.000054,-0.038204,55.805115770,37.440809426,156.6559,402272.3560,6185489.8186,8,0.0118,0.0310
583.283,1053.5854,257.9329,-3.4532,-3.070660,-0.000140,-0.038264,55.805115456,37.440801475,156.6388,402271.8569,6185489.7949,8,0.0113,0.0335
583.782,1053.0869,257.8972,-3.4704,-3.069992,-0.000399,-0.038325,55.805115136,37.440793525,156.6215,402271.3578,6185489.7705,8,0.0111,0.0335
584.282,1052.5883,257.8614,-3.4878,-3.070340,-0.000677,-0.038387,55.805114816,37.440785575,156.6041,402270.8587,6185489.7461,8,0.0108,0.0317
584.782,1052.0898,257.8260,-3.5055,-3.070733,-0.000922,-0.038451,55.805114499,37.440777624,156.5863,402270.3597,6185489.7220,8,0.0105,0.0318
585.282,1051.5912,257.7906,-3.5234,-3.072249,-0.001078,-0.038515,55.805114182,37.440769674,156.5683,402269.8606,6185489.6980,8,0.0098,0.0333
585.782,1051.0926,257.7567,-3.5417,-3.073778,-0.001101,-0.038578,55.805113879,37.440761722,156.5499,402269.3614,6185489.6755,8,0.0087,0.0317
586.282,1050.5939,257.7229,-3.5603,-3.075733,-0.000962,-0.038640,55.805113576,37.440753769,156.5312,402268.8623,6185489.6530,7,0.0077,0.0275
586.781,1050.0951,257.6910,-3.5792,-3.077656,-0.000655,-0.038701,55.805113290,37.440745815,156.5122,402268.3631,6185489.6324,7,0.0066,0.0267
587.281,1049.5963,257.6590,-3.5984,-3.078829,-0.000202,-0.038760,55.805113005,37.440737861,156.4929,402267.8638,6185489.6119,7,0.0069,0.0284
587.781,1049.0974,257.6283,-3.6179,-3.079941,0.000352,-0.038816,55.805112729,37.440729905,156.4734,402267.3645,6185489.5924,7,0.0084,0.0254
588.281,1048.5986,257.5974,-3.6376,-3.079366,0.000939,-0.038868,55.805112454,37.440721950,156.4536,402266.8653,6185489.5730,7,0.0099,0.0186
588.781,1048.0998,257.5661,-3.6575,-3.078735,0.001483,-0.038916,55.805112173,37.440713995,156.4336,402266.3660,6185489.5530,7,0.0114,0.0146
589.280,1047.6009,257.5347,-3.6776,-3.076406,0.001905,-0.038959,55.805111892,37.440706040,156.4134,402265.8668,6185489.5329,7,0.0117,0.0127
589.780,1047.1023,257.5010,-3.6977,-3.074061,0.002138,-0.038996,55.805111590,37.440698088,156.3932,402265.3676,6185489.5106,7,0.0111,0.0136
590.280,1046.6036,257.4672,-3.7180,-3.071068,0.002135,-0.039026,55.805111288,37.440690135,156.3729,402264.8684,6185489.4882,8,0.0104,0.0166
590.780,1046.1051,257.4305,-3.7383,-3.068106,0.001874,-0.039050,55.805110960,37.440682186,156.3525,402264.3694,6185489.4629,8,0.0097,0.0187
591.280,1045.6067,257.3938,-3.7587,-3.065987,0.001363,-0.039065,55.805110631,37.440674237,156.3320,402263.8704,6185489.4375,8,0.0095,0.0200
591.779,1045.1083,257.3550,-3.7792,-3.063924,0.000636,-0.039073,55.805110284,37.440666291,156.3114,402263.3715,6185489.4101,8,0.0097,0.0205
592.279,1044.6100,257.3162,-3.7998,-3.063689,-0.000250,-0.039071,55.805109937,37.440658344,156.2907,402262.8726,6185489.3827,7,0.0099,0.0204
592.779,1044.1117,257.2772,-3.8206,-3.063502,-0.001222,-0.039059,55.805109587,37.440650398,156.2698,402262.3737,6185489.3550,7,0.0101,0.0231
593.279,1043.6135,257.2383,-3.8415,-3.065165,-0.002202,-0.039038,55.805109239,37.440642451,156.2488,402261.8748,6185489.3274,7,0.0100,0.0279
593.779,1043.1150,257.2009,-3.8628,-3.066857,-0.003108,-0.039005,55.805108904,37.440634503,156.2275,402261.3758,6185489.3014,7,0.0098,0.0292
594.279,1042.6166,257.1636,-3.8842,-3.069845,-0.003863,-0.038962,55.805108570,37.440626555,156.2060,402260.8769,6185489.2755,8,0.0095,0.0277
594.778,1042.1180,257.1292,-3.9059,-3.072846,-0.004400,-0.038908,55.805108263,37.440618603,156.1842,402260.3777,6185489.2525,8,0.0093,0.0288
595.278,1041.6194,257.0950,-3.9279,-3.076622,-0.004662,-0.038842,55.805107956,37.440610651,156.1621,402259.8786,6185489.2296,8,0.0087,0.0322
595.778,1041.1205,257.0643,-3.9502,-3.080395,-0.004607,-0.038763,55.805107682,37.440602696,156.1398,402259.3793,6185489.2103,8,0.0078,0.0308
596.278,1040.6216,257.0338,-3.9727,-3.084381,-0.004209,-0.038673,55.805107409,37.440594740,156.1172,402258.8800,6185489.1911,9,0.0070,0.0257
596.778,1040.1225,257.0072,-3.9954,-3.088344,-0.003461,-0.038571,55.805107171,37.440586781,156.0944,402258.3806,6185489.1759,9,0.0062,0.0232
597.277,1039.6234,256.9806,-4.0183,-3.091435,-0.002378,-0.038456,55.805106933,37.440578821,156.0714,402257.8812,6185489.1607,9,0.0059,0.0229
597.777,1039.1241,256.9571,-4.0412,-3.094480,-0.000997,-0.038330,55.805106723,37.440570860,156.0484,402257.3817,6185489.1485,9,0.0062,0.0210
598.277,1038.6249,256.9335,-4.0641,-3.095230,0.000626,-0.038191,55.805106513,37.440562898,156.0254,402256.8822,6185489.1363,9,0.0065,0.0178
598.777,1038.1256,256.9107,-4.0869,-3.095930,0.002420,-0.038040,55.805106309,37.440554936,156.0026,402256.3826,6185489.1249,9,0.0068,0.0174
599.277,1037.6263,256.8879,-4.1094,-3.093530,0.004305,-0.037877,55.805106105,37.440546974,155.9799,402255.8831,6185489.1134,9,0.0073,0.0192
599.776,1037.1271,256.8627,-4.1317,-3.091095,0.006203,-0.037702,55.805105880,37.440539013,155.9576,402255.3836,6185489.0996,9,0.0081,0.0208
600.276,1036.6279,256.8375,-4.1536,-3.085934,0.008044,-0.037516,55.805105654,37.440531053,155.9356,402254.8842,6185489.0857,9,0.0089,0.0223
600.776,1036.1290,256.8071,-4.1750,-3.080761,0.009775,-0.037319,55.805105382,37.440523097,155.9141,402254.3849,6185489.0667,9,0.0097,0.0211
601.276,1035.6301,256.7767,-4.1960,-3.073932,0.011363,-0.037111,55.805105110,37.440515141,155.8931,402253.8856,6185489.0477,9,0.0097,0.0178
601.776,1035.1317,256.7395,-4.2164,-3.067106,0.012793,-0.036893,55.805104778,37.440507193,155.8726,402253.3866,6185489.0219,9,0.0091,0.0158
602.276,1034.6333,256.7023,-4.2363,-3.059501,0.014071,-0.036664,55.805104444,37.440499244,155.8526,402252.8876,6185488.9960,9,0.0086,0.0148
602.775,1034.1355,256.6576,-4.2555,-3.051903,0.015211,-0.036426,55.805104044,37.440491306,155.8333,402252.3891,6185488.9626,9,0.0080,0.0129
603.275,1033.6377,256.6128,-4.2743,-3.043737,0.016230,-0.036178,55.805103642,37.440483367,155.8144,402251.8905,6185488.9292,9,0.0080,0.0102
603.775,1033.1407,256.5599,-4.2925,-3.035578,0.017145,-0.035921,55.805103169,37.440475441,155.7962,402251.3926,6185488.8876,9,0.0086,0.0098
604.275,1032.6437,256.5070,-4.3102,-3.026568,0.017959,-0.035655,55.805102694,37.440467515,155.7784,402250.8947,6185488.8461,9,0.0092,0.0113
604.775,1032.1477,256.4452,-4.3273,-3.017567,0.018666,-0.035380,55.805102140,37.440459606,155.7611,402250.3976,6185488.7956,9,0.0098,0.0130
605.274,1031.6517,256.3833,-4.3441,-3.007450,0.019246,-0.035097,55.805101586,37.440451696,155.7443,402249.9005,6185488.7450,9,0.0097,0.0149
605.774,1031.1571,256.3115,-4.3604,-2.997346,0.019671,-0.034805,55.805100942,37.440443808,155.7279,402249.4045,6185488.6845,9,0.0092,0.0141
606.274,1030.6625,256.2396,-4.3763,-2.986283,0.019907,-0.034506,55.805100297,37.440435920,155.7119,402248.9085,6185488.6239,9,0.0086,0.0109
606.774,1030.1696,256.1569,-4.3919,-2.975238,0.019919,-0.034199,55.805099555,37.440428060,155.6963,402248.4140,6185488.5524,9,0.0080,0.0122
607.274,1029.6766,256.0741,-4.4071,-2.963875,0.019684,-0.033884,55.805098813,37.440420199,155.6809,402247.9195,6185488.4809,9,0.0076,0.0170
607.773,1029.1857,255.9802,-4.4221,-2.952531,0.019189,-0.033561,55.805097970,37.440412370,155.6659,402247.4268,6185488.3982,9,0.0074,0.0195
608.273,1028.6948,255.8862,-4.4367,-2.941849,0.018441,-0.033230,55.805097128,37.440404541,155.6512,402246.9340,6185488.3155,10,0.0071,0.0201
608.773,1028.2060,255.7818,-4.4512,-2.931171,0.017464,-0.032892,55.805096191,37.440396746,155.6366,402246.4431,6185488.2223,10,0.0069,0.0173
609.273,1027.7173,255.6774,-4.4655,-2.922217,0.016302,-0.032545,55.805095254,37.440388951,155.6222,402245.9522,6185488.1290,10,0.0063,0.0117
609.773,1027.2304,255.5643,-4.4796,-2.913251,0.015014,-0.032190,55.805094239,37.440381187,155.6080,402245.4631,6185488.0270,10,0.0055,0.0116
610.273,1026.7436,255.4512,-4.4937,-2.906631,0.013666,-0.031826,55.805093224,37.440373423,155.5939,402244.9739,6185487.9250,10,0.0046,0.0163
610.772,1026.2583,255.3316,-4.5077,-2.900004,0.012326,-0.031453,55.805092151,37.440365684,155.5798,402244.4862,6185487.8166,10,0.0038,0.0188
611.272,1025.7730,255.2120,-4.5217,-2.895518,0.011056,-0.031072,55.805091078,37.440357944,155.5657,402243.9985,6185487.7081,10,0.0042,0.0194
611.772,1025.2888,255.0881,-4.5358,-2.891031,0.009904,-0.030681,55.805089966,37.440350222,155.5515,402243.5117,6185487.5953,10,0.0057,0.0188
612.272,1024.8046,254.9641,-4.5499,-2.887788,0.008898,-0.030280,55.805088854,37.440342500,155.5373,402243.0250,6185487.4824,10,0.0071,0.0170
612.772,1024.3212,254.8371,-4.5642,-2.884545,0.008046,-0.029868,55.805087714,37.440334791,155.5229,402242.5390,6185487.3664,10,0.0085,0.0152
613.271,1023.8378,254.7100,-4.5786,-2.881588,0.007336,-0.029446,55.805086574,37.440327082,155.5084,402242.0530,6185487.2504,10,0.0092,0.0136
613.771,1023.3551,254.5801,-4.5932,-2.878628,0.006735,-0.029014,55.805085408,37.440319385,155.4938,402241.5676,6185487.1315,10,0.0091,0.0114
614.271,1022.8725,254.4502,-4.6080,-2.875515,0.006200,-0.028570,55.805084242,37.440311688,155.4789,402241.0823,6185487.0127,10,0.0091,0.0088
614.771,1022.3907,254.3172,-4.6230,-2.872396,0.005680,-0.028114,55.805083049,37.440304004,155.4639,402240.5978,6185486.8908,10,0.0090,0.0095
615.271,1021.9089,254.1843,-4.6381,-2.869267,0.005122,-0.027646,55.805081856,37.440296320,155.4486,402240.1132,6185486.7689,10,0.0096,0.0130
615.771,1021.4279,254.0484,-4.6535,-2.866132,0.004485,-0.027166,55.805080637,37.440288650,155.4332,402239.6294,6185486.6440,10,0.0107,0.0151
616.270,1020.9469,253.9124,-4.6690,-2.863380,0.003741,-0.026674,55.805079416,37.440280979,155.4176,402239.1456,6185486.5190,10,0.0118,0.0160
616.770,1020.4667,253.7738,-4.6848,-2.860628,0.002888,-0.026169,55.805078173,37.440273321,155.4017,402238.6625,6185486.3914,10,0.0129,0.0164
617.270,1019.9865,253.6352,-4.7007,-2.858735,0.001967,-0.025652,55.805076929,37.440265662,155.3857,402238.1794,6185486.2638,10,0.0130,0.0165
617.770,1019.5068,253.4948,-4.7169,-2.856849,0.001089,-0.025123,55.805075669,37.440258012,155.3694,402237.6968,6185486.1344,10,0.0121,0.0171
618.270,1019.0271,253.3544,-4.7334,-2.856488,0.000451,-0.024581,55.805074409,37.440250362,155.3529,402237.2142,6185486.0050,10,0.0113,0.0182
618.769,1018.5475,253.2137,-4.7500,-2.856150,0.000359,-0.024027,55.805073146,37.440242714,155.3361,402236.7317,6185485.8753,10,0.0105,0.0195
619.269,1018.0680,253.0730,-4.7669,-2.858093,0.001230,-0.023461,55.805071883,37.440235065,155.3192,402236.2492,6185485.7455,10,0.0099,0.0210
619.769,1017.5878,252.9341,-4.7840,-2.860079,0.003561,-0.022884,55.805070637,37.440227408,155.3020,402235.7662,6185485.6176,10,0.0093,0.0235
620.269,1017.1077,252.7952,-4.8014,-2.864675,0.007850,-0.022297,55.805069391,37.440219751,155.2845,402235.2831,6185485.4898,10,0.0088,0.0270
620.769,1016.6263,252.6608,-4.8188,-2.869327,0.014463,-0.021699,55.805068184,37.440212074,155.2670,402234.7990,6185485.3664,10,0.0083,0.0278
621.268,1016.1449,252.5264,-4.8364,-2.876150,0.023461,-0.021092,55.805066978,37.440204396,155.2493,402234.3148,6185485.2430,10,0.0084,0.0263
621.768,1015.6617,252.3986,-4.8539,-2.883030,0.034452,-0.020477,55.805065831,37.440196691,155.2317,402233.8290,6185485.1262,10,0.0090,0.0295
622.268,1015.1785,252.2708,-4.8714,-2.891257,0.046513,-0.019854,55.805064685,37.440188984,155.2142,402233.3431,6185485.0096,10,0.0097,0.0368
622.768,1014.6933,252.1509,-4.8884,-2.899528,0.058259,-0.019224,55.805063609,37.440181246,155.1971,402232.8555,6185484.9008,10,0.0103,0.0376
623.268,1014.2080,252.0312,-4.9051,-2.867143,0.068072,-0.018590,55.805062535,37.440173507,155.1804,402232.3677,6185484.7922,11,0.0259,0.0326
623.768,1013.7316,251.8802,-4.9209,-2.833446,0.074452,-0.017951,55.805061179,37.440165909,155.1645,402231.8882,6185484.6520,13,0.0546,0.0325
624.267,1013.2555,251.7281,-4.9360,-2.659584,0.076392,-0.017309,55.805059814,37.440158317,155.1493,402231.4089,6185484.5108,16,0.0832,0.0364
624.767,1012.8591,251.4237,-4.9499,-2.486841,0.073637,-0.016664,55.805057081,37.440151994,155.1353,402231.0058,6185484.2157,18,0.1118,0.0400
625.267,1012.4626,251.1193,-4.9627,-2.486841,0.066743,-0.016342,55.805054348,37.440145671,155.1224,402230.6026,6185483.9205,19,0.1251,0.0432
