bag,t0,t1,dwell,t_rel,t_end_rel,x,y,z,psi,n_good,n,pos_spread,wheel_max,first,last,edge,s,d,wheel_detected,wheel_dwell,split,cluster
30639_d601d28f,1777966469.2,1777966478.7,9.5,0.0,998.0999999046326,-2188.3747847032346,-388.5432699045865,9.093566937557268,0.5606053453511399,0,96,0.009777208681939922,0.07897414747725169,True,False,,,,True,6.4270548820495605,train,-1
30639_d601d28f,1777966905.5,1777966910.7,5.200000047683716,436.2999999523163,566.0999999046326,-278.3832124903627,178.90149401519415,-13.690369412524392,-0.2070446081981488,0,53,0.009158778607419291,0.07596162623525023,False,False,main,8081.311262139101,0.21119014529765245,False,0.0,train,93
30639_d601d28f,1777966917.8,1777966935.6,17.799999952316284,448.59999990463257,541.2000000476837,-270.16354452880734,177.02543782716663,-13.69276462514496,-0.2072060591854706,0,179,0.01623868951535893,0.08743378787322272,False,False,main,8089.742343106428,0.16938180146675466,True,17.56028962135315,train,94
30639_d601d28f,1777967240.2,1777967267.2,27.0,771.0,209.59999990463257,1818.1014182375752,308.42478189678417,-0.8271831993089288,,0,271,0.05390597477314039,0.1242475754413073,False,False,,,,True,26.69991707801819,train,-1
30639_d601d28f,1777967315.9,1777967331.4,15.5,846.7000000476837,145.39999985694885,2093.430988374608,392.2041874788064,4.4752857055602515,0.7139775075072433,0,156,0.02348965967782666,0.12031974730987076,False,False,main,10496.70537715759,-0.7900465176564689,True,15.099922895431519,train,107
30639_c31df386,1777976538.6,1777976550.8,12.200000047683716,0.0,1348.6000001430511,-2193.723463662409,-374.03185065116025,8.289659704887688,0.9275700004978926,0,123,0.19288492898119247,0.0,True,False,fan_F2,8.450997551008147,-4.698082027657893,True,8.472033262252808,train,121
30639_c31df386,1777976626.2,1777976635.3,9.099999904632568,87.60000014305115,1264.1000001430511,-2015.1092538444123,-294.89082718628333,11.33229536679346,-0.34958550111192255,0,92,0.013991984325023415,0.153603113805063,False,False,main,5870.473960589849,0.7225419282331834,True,8.795649766921997,train,67
30639_c31df386,1777976778.3,1777976804.2,25.90000009536743,239.70000004768372,1095.2000000476837,-1188.875235802227,-375.22232628108384,8.039317648537807,0.25279381496951375,0,260,0.04433327310353242,0.11741738018251979,False,False,main,6724.687973505503,0.014102156044912793,True,25.658390998840332,train,74
30639_c31df386,1777976821.9,1777976856.5,34.59999990463257,283.30000019073486,1042.9000000953674,-1151.9056571721794,-363.0903501746943,7.896789363670962,0.5068988899866667,0,347,0.02046459637816297,0.1617115127700394,False,False,main,6763.661306445038,-0.23698343102936725,True,34.29930067062378,train,75
30639_c31df386,1777976895.8,1777976902.9,7.1000001430511475,357.2000000476837,996.5,-1026.8549736894533,-174.96937394634554,7.453032055232862,1.2132627197276487,0,72,0.030027905968434795,0.09884093751493078,False,False,main,6996.666274564757,-0.49813199612653786,True,6.958310842514038,train,76
30639_c31df386,1777976923.0,1777976942.2,19.200000047683716,384.40000009536743,957.2000000476837,-1006.898400904251,-123.42096047286068,7.250311427054435,,0,193,0.01173099797058478,0.13812343526419174,False,False,,,,True,18.95790457725525,train,-1
30639_c31df386,1777976964.9,1777977053.7,88.79999995231628,426.30000019073486,845.7000000476837,-971.9498325971632,-33.17298748632728,6.042728993239113,1.214472678557329,0,889,0.05099064778535998,0.16061997942799214,False,False,main,7148.721437889607,-0.21939599800202716,True,88.50007820129395,train,82
30639_c31df386,1777977143.6,1777977165.5,21.90000009536743,605.0,733.9000000953674,-697.6528161970934,279.5571572668771,-8.105992319711675,-0.22791342002838702,0,220,0.014336497150530028,0.1245924930125021,False,False,main,7650.100553747514,0.7482732813000638,True,21.59987998008728,train,87
30639_c31df386,1777977196.3,1777977201.6,5.299999952316284,657.7000000476837,697.8000001907349,-534.127351363024,239.92823270565506,-10.773224795763547,-0.22968993928370027,0,54,0.008113406547137565,0.14064856861350947,False,False,main,7818.35772606849,1.2644392521041181,False,0.0,train,89
30639_c31df386,1777977263.8,1777977269.5,5.700000047683716,725.2000000476837,629.9000000953674,-183.85694534700588,158.23408230712593,-14.973856266087918,-0.2089966933771072,0,58,0.012177085733386675,0.12447390606162055,False,False,main,8178.070256448614,0.6873877593432097,True,5.45713210105896,train,95
30639_c31df386,1777977271.2,1777977278.9,7.700000047683716,732.6000001430511,620.5,-183.88030652836773,158.1886202603156,-14.931355775746567,-0.20878650168165822,0,78,0.010386657358081305,0.0,False,False,main,8178.057427391209,0.6379109184888694,True,7.700000047683716,train,95
30639_c31df386,1777977565.8,1777977575.5,9.700000047683716,1027.2000000476837,323.90000009536743,1726.1103789000458,296.82199452095426,-0.5564828225774954,0.11819668609700483,0,98,0.007416378475465363,0.1348093741305673,False,False,main,10112.251891287295,-0.44627975868947134,True,9.458159446716309,train,100
30639_c31df386,1777977704.0,1777977747.9,43.90000009536743,1165.4000000953674,151.5,2245.091160126756,599.2770941859801,4.770484493451443,0.9956903664222984,0,440,0.1321046625848674,0.17233333851878,False,False,main,10754.06915690131,-0.5546574718966952,True,43.55819392204285,train,108
30639_c31df386,1777977765.2,1777977774.6,9.399999856948853,1226.6000001430511,124.80000019073486,2268.700813706179,634.8182712135078,3.9472617695185983,0.9969501479412897,0,95,0.025148751382148452,0.15236735366028908,False,False,main,10796.73587028017,-0.537140881213696,True,9.157814025878906,train,109
30639_c31df386,1777977796.3,1777977814.8,18.5,1257.7000000476837,84.60000014305115,2313.9178183402573,703.0527819332879,2.7081012020586117,0.99534134525128,0,186,0.031693166458512105,0.15602951485939326,False,False,main,10878.594502076248,-0.24678301247167217,True,18.257763624191284,train,112
30639_c31df386,1777977845.4,1777977863.0,17.59999990463257,1306.8000001907349,36.40000009536743,2349.163875683689,764.0811051289545,2.5241333974208513,1.6268281428305156,0,177,0.02752055487688016,0.1457322337446584,False,False,main,10949.711212272432,-0.4985942726595305,True,17.29684567451477,train,115
30639_dce52be4,1777977911.1,1777977918.6,7.5,0.0,1139.5,2396.272976724247,860.3533817904851,1.978484843524345,1.9742579918099978,0,76,0.030960145061881897,0.0,True,False,main,15.391278225698533,6.547245596021684,False,0.0,train,1
30639_dce52be4,1777977984.4,1777978012.7,28.299999952316284,73.30000019073486,1045.3999998569489,2345.4648577109883,770.941156228528,3.977258500568846,-1.586986193687585,0,284,0.09328322452089786,0.116845849573027,False,False,main,191.30289572112883,0.6448424361002993,True,28.057416200637817,train,6
30639_dce52be4,1777978144.6,1777978182.9,38.30000019073486,233.5,875.1999998092651,1867.1227080529611,319.4760917180304,1.8733563287325736,,0,384,0.03633184839090771,0.13319158482647062,False,False,,,,True,38.05807900428772,train,-1
30639_dce52be4,1777978438.1,1777978456.3,18.200000047683716,527.0,601.7999999523163,371.2887222725686,141.89513945342745,-17.65915989404788,-2.8564417659834,0,183,0.06048450069353078,0.08559935696465439,False,False,main,2398.8166042278112,0.12215108705633357,True,17.999751806259155,train,28
30639_dce52be4,1777978560.8,1777978606.1,45.299999952316284,649.7000000476837,452.0,-434.62918830088006,218.98198545092754,-10.93478096709364,2.947667829539851,0,454,0.06529597891448918,0.18165215539615637,False,False,main,3221.2611985583885,-1.1780968883537695,True,45.05842041969299,train,35
30639_dce52be4,1777978650.8,1777978674.4,23.600000143051147,739.7000000476837,383.69999980926514,-646.2166356276995,270.47188730001386,-9.571184044587717,2.8549203134828414,0,237,0.3100334370506793,0.11276989485684262,False,False,main,3439.0382420691885,-0.6932624704098541,True,23.400158643722534,train,39
30639_dce52be4,1777978773.6,1777978779.2,5.6000001430511475,862.5,278.89999985694885,-946.909662357113,41.20440069689746,3.882939986140762,0.2607892562001722,0,57,18.953179564370842,0.11719753008348746,False,False,main,7227.146891011303,3.1708479135089296,True,5.4580934047698975,train,83
30639_dce52be4,1777978781.5,1777978815.5,34.0,870.4000000953674,242.59999990463257,-932.8015918328746,82.97409856422377,2.671710746294478,,0,341,13.014237264494604,0.12210393074187395,False,False,,,,True,33.74201273918152,train,-1
30639_dce52be4,1777978889.0,1777978918.7,29.700000047683716,977.9000000953674,139.39999985694885,-1103.030149808015,-326.6681927125845,7.264128609234733,-2.3929989703227847,0,298,0.2592526075886919,0.1469868021352225,False,False,main,4320.4095786578855,2.3473356006770643,True,29.20014238357544,train,47
30639_92226df0,1777994569.3,1777994575.6,6.299999952316284,0.09999990463256836,1210.5,-2224.7010164991707,-365.56391063763715,-51.41671733243107,0.8149625175160552,0,64,0.055963859227250806,0.0,False,False,,,,False,0.0,train,-1
30639_92226df0,1777994651.8,1777994660.6,8.799999952316284,82.59999990463257,1125.5,-2016.488791608841,-295.8750976227069,17.41750951126503,-0.35026090149458505,89,89,0.08418372268829746,0.1595763061351759,False,False,main,5869.529889301084,-0.6848246265107822,True,8.648174524307251,train,67
30639_92226df0,1777994698.2,1777994705.3,7.099999904632568,129.0,1080.7999999523163,-1816.209224203606,-371.26757458118124,16.17540862430555,-0.3469723824537063,65,72,0.07494609300103985,0.0,False,False,main,6083.529799318437,-0.36714238233359453,True,7.099999904632568,train,69
30639_92226df0,1777994766.8,1777994775.6,8.799999952316284,197.59999990463257,1010.5,-1413.4057977121538,-408.6422720199499,11.62046849737403,0.15775175703699035,89,89,0.06352637149946833,0.12237167105932989,False,False,main,6497.678746742376,-0.730675575486161,True,8.64698314666748,train,71
30639_92226df0,1777994811.3,1777994830.8,19.5,242.09999990463257,955.2999999523163,-1193.3611033116679,-374.4234791999586,10.436831008570696,0.22713358802934083,196,196,0.14173049020398337,0.1828532552976359,False,False,main,6720.403339286954,1.6213756089261095,True,19.249656677246094,train,73
30639_92226df0,1777994880.0,1777994899.7,19.700000047683716,310.7999999523163,886.3999998569489,-1027.6685817755802,-175.66174582060108,11.586283156696046,1.2124593227131337,198,198,0.006204903130968311,0.09482695031736574,False,False,main,6995.724883135152,0.006168604008999151,True,19.40159773826599,train,76
30639_92226df0,1777994917.1,1777994926.3,9.200000047683716,347.89999985694885,859.7999999523163,-1008.6272956435913,-126.88743163265646,11.381371867470367,1.2127059347031042,87,93,0.006953854125207039,0.14862368722806354,False,False,main,7048.084383004227,0.003165522956431676,True,8.900450468063354,train,78
30639_92226df0,1777995050.8,1777995057.2,6.400000095367432,481.59999990463257,728.8999998569489,-737.239053981236,288.53264908070616,-2.556934303551613,-0.22937921303478534,65,65,0.005536020628392149,0.12088537660473171,False,False,main,7609.514359213654,-0.029102487613092958,True,6.101216077804565,train,86
30639_92226df0,1777995073.4,1777995082.4,9.0,504.2000000476837,703.6999998092651,-698.0440402269221,278.86610913584485,-3.0797037905365916,-0.22736659882095595,88,91,0.008409766505494267,0.10317223109100591,False,False,main,7649.8839440228985,-0.015759612672768906,True,8.70047378540039,train,87
30639_92226df0,1777995113.7,1777995131.4,17.700000047683716,544.5,654.6999998092651,-534.2552857385665,238.64396138424365,-5.051438092954802,-0.22900026385587074,178,178,0.007089234938846258,0.09518834624552484,False,False,main,7818.5412515591415,-0.013073341073029453,True,17.499494314193726,train,89
30639_92226df0,1777995168.5,1777995194.2,25.700000047683716,599.2999999523163,591.8999998569489,-278.4079655119426,178.68425115911754,-8.407564851589928,-0.2070712859927997,258,258,0.007450639851651714,0.1005190157638616,False,False,main,8081.33490421034,-0.0061764185092112855,True,25.403806686401367,train,93
30639_92226df0,1777995461.7,1777995485.8,24.09999990463257,892.5,300.2999999523163,1726.8877495073493,297.3579631503907,5.888534661947702,0.12047974694754764,178,242,0.00795016652860516,0.12755583319210942,False,False,main,10113.076210903342,0.013894425401479955,True,23.800175666809082,train,100
30639_92226df0,1777995515.5,1777995551.4,35.90000009536743,946.2999999523163,234.69999980926514,1777.906901296777,302.68192382133077,8.098248291222284,0.14794145537143175,84,360,0.03490488695713623,0.10763593718659308,False,False,main,10164.367828475462,-1.0687754416894477,True,35.65088200569153,train,101
30639_92226df0,1777995688.0,1777995694.9,6.900000095367432,1118.7999999523163,91.19999980926514,2318.0632701257155,709.9074974077731,9.462739964199534,0.9994918171671366,51,70,0.04961313222708636,0.11127707505944423,False,False,main,10886.597500757725,0.1081945578530459,True,6.500330924987793,train,114
30639_92226df0,1777995696.3,1777995706.2,9.900000095367432,1127.0999999046326,79.89999985694885,2317.8013416776685,710.2922016828015,10.914192153256042,0.9994647287700755,98,100,0.143138519495589,0.07694731031366231,False,False,main,10886.7724706276,0.5396478818082777,True,9.600460290908813,train,114
30639_92226df0,1777995740.6,1777995749.5,8.900000095367432,1171.3999998569489,36.59999990463257,2348.404389636718,774.1313430363988,13.572932393755291,1.4489215707298868,0,90,0.2825006146991869,0.08633473137468779,False,False,main,10959.783710108548,-0.33485120973870425,True,8.749806642532349,train,116
30639_253671cc,1777999993.1,1778000001.0,7.900000095367432,0.0,1073.9000000953674,2404.909335814238,838.1998749514732,19.786683774618183,1.4113303592841264,0,80,0.10331203267292953,0.0,True,False,main,11048.241065830569,-7.367241368735172,False,0.0,train,119
30639_253671cc,1778000051.9,1778000057.7,5.799999952316284,58.80000019073486,1017.2000000476837,2353.7807335219277,818.51539502709,21.57117064075402,-1.4971868032219005,0,59,3.2347890017868077,0.12776516952787403,False,False,,,,True,5.549630880355835,train,-1
30639_253671cc,1778000076.0,1778000100.9,24.90000009536743,82.90000009536743,974.0,2357.764374013802,775.0230692914753,21.444793663608472,-1.6180877115707017,0,250,0.20237017238980132,0.11765544305605617,False,False,,,,True,24.649584770202637,train,-1
30639_253671cc,1778000148.2,1778000155.3,7.099999904632568,155.10000014305115,919.6000001430511,2151.6674194992156,465.0429899221127,11.797358569817067,-2.1454862578829803,44,72,0.11169904591160632,0.098062110452413,False,False,main,555.0049018791343,0.7167447384485273,True,6.948738098144531,train,14
30639_253671cc,1778000205.6,1778000254.6,49.0,212.5,820.3000001907349,1874.1955618708535,318.7690594697819,11.341076689308704,-2.9951733193396715,421,491,0.6297473168394417,0.08934510456568337,False,False,main,880.6611622877452,1.3575352686806264,True,48.84901309013367,train,22
30639_253671cc,1778000568.9,1778000580.2,11.299999952316284,575.8000001907349,494.7000000476837,-178.78117803684995,159.68759195445915,-8.304344435770115,2.9340044629900714,94,114,0.1951780440723545,0.10161744336400545,False,False,main,2958.6270645403524,0.28579530804463743,True,11.098957777023315,train,33
30639_253671cc,1778000598.4,1778000639.8,41.39999985694885,605.3000001907349,435.10000014305115,-218.9463829682688,169.2490016785153,-7.383645583029816,2.9327704687737164,374,415,0.2561443752090981,0.12217174091349,False,False,main,2999.9087191423964,-0.24148884864709969,True,41.09981894493103,train,34
30639_253671cc,1778000674.2,1778000683.9,9.700000047683716,681.1000001430511,391.0,-435.2354744376786,218.59003843205505,-5.387860550689118,2.9213338899318217,98,98,0.03554945656332167,0.08401488329463662,False,False,main,3221.763129654873,-0.6590182620542455,True,9.449696779251099,train,35
30639_253671cc,1778000831.8,1778000840.6,8.799999952316284,838.7000000476837,234.30000019073486,-947.5837831590728,47.11342363317693,4.678799014806597,-1.9237536695726025,0,89,0.03873533879574623,0.2135252221459421,False,False,main,3914.5278839140537,-2.4306159909342955,True,8.549864292144775,train,42
30639_253671cc,1778000911.9,1778000929.7,17.799999952316284,918.8000001907349,145.20000004768372,-1098.4152081826544,-306.226764343371,5.387491630613328,-2.391331288593094,0,179,0.11773827489208943,0.12551935300393663,False,False,,,,True,17.54979133605957,train,-1
30639_44226bde,1778002220.0,1778002227.3,7.299999952316284,0.0,1075.6000001430511,-2188.8000937781867,-364.5322339566843,13.819938193637341,1.0625105881596977,0,74,0.14722379546069705,0.06079542802354907,True,False,fan_F2,18.707449839179464,-1.6216200771286444,False,0.0,train,122
30639_44226bde,1778002246.6,1778002252.4,5.800000190734863,26.59999990463257,1050.5,-2156.020265485813,-331.54641009053125,13.354826791177448,1.1195358225868026,0,59,0.1577406925846728,0.12273931249772208,False,False,fan_F2,65.27833612785462,-2.227054920464319,True,5.4001784324646,train,127
30639_44226bde,1778002306.9,1778002314.7,7.799999952316284,86.90000009536743,988.2000000476837,-2004.7400675867261,-292.8060355913879,13.320451727244143,-0.35032588139966214,0,79,0.02632642499707446,0.12376220697260507,False,False,main,5879.411968817321,6.365235169869188,True,7.501414060592651,train,68
30639_44226bde,1778002514.8,1778002601.4,86.60000014305115,294.7999999523163,701.5,-960.7494305367172,-30.948683875757396,10.580256354570967,1.2146193079133776,0,867,0.8462644834656635,0.11839673475991555,False,False,,,,True,86.30107927322388,train,-1
30639_44226bde,1778003062.1,1778003107.1,45.0,842.0999999046326,195.80000019073486,1796.8538540969973,302.3176109965414,26.777718737803035,0.14623445160772833,0,451,0.6645355570574365,0.17095268443283548,False,False,main,10183.093344109531,-3.9039800381605536,True,44.702537298202515,train,102
30639_44226bde,1778003213.6,1778003219.5,5.900000095367432,993.5999999046326,83.40000009536743,2309.825113841208,697.4029890423271,6.778677316720661,1.1385583745519794,0,60,1.9427449959272418,0.08495436819041298,False,False,main,10871.623599582465,0.022670561556865507,True,5.743040561676025,train,111
30639_44226bde,1778003252.6,1778003265.7,13.100000143051147,1032.5999999046326,37.200000047683716,2344.701435185213,769.9800479390774,8.328557610455007,1.5303624502805306,0,132,0.8503400637282971,0.12317278777522911,False,False,main,10955.905908343535,3.636124399843789,True,12.799996376037598,train,116
30639_d3c43d69,1778003364.0,1778003370.5,6.5,0.0,1092.5999999046326,2400.5193774934555,840.6393860643891,12.999772686338533,1.4485824868315218,0,66,0.08439731159528512,0.09752084209111447,True,False,main,11047.955693988477,-2.3530546873696956,False,0.0,train,119
30639_d3c43d69,1778003459.3,1778003476.7,17.40000009536743,95.29999995231628,986.3999998569489,2345.7689183893267,768.0695193005206,25.381197677056477,-1.690482291772051,0,175,0.3332452824589758,0.1330967238762974,False,False,main,194.15395039258473,0.8615387925996563,True,17.149806022644043,train,6
30639_d3c43d69,1778003502.5,1778003510.5,8.0,138.5,952.5999999046326,2307.7260752629018,691.0989990413887,24.710131663907518,-2.436103749016562,0,81,1.3643097482773596,0.10418451980408075,False,False,main,280.3332339506916,5.250312087685002,True,7.796955108642578,train,7
30639_d3c43d69,1778003546.8,1778003558.5,11.700000047683716,182.79999995231628,904.5999999046326,2166.3903184961237,480.688731688222,26.240775564538588,-2.1478049238385504,0,118,0.2507120484933497,0.09035807077899699,False,False,main,533.7986215491496,4.287165285533167,True,11.547737836837769,train,12
30639_d3c43d69,1778003608.5,1778003614.9,6.400000095367432,244.5,848.1999998092651,1920.0985150673505,323.6745339515319,24.43612217315958,-3.0547356632153235,0,65,2.160911884435836,0.12674498387004277,False,False,main,834.5531342127625,2.6556594608953916,True,6.14915657043457,train,19
30639_d3c43d69,1778003632.4,1778003638.7,6.299999952316284,268.40000009536743,824.3999998569489,1895.407712362289,322.69881255945506,26.818963028756624,-3.0674803458187108,0,64,9.957403253451451,0.09232984093242431,False,False,main,859.1130031541671,0.28254535717443613,True,6.149656534194946,train,21
30639_d3c43d69,1778003651.3,1778003657.3,6.0,287.2999999523163,805.7999999523163,1866.351771682095,319.0572300830851,26.512092176587007,-2.995544799973668,0,61,0.0670518209865801,0.10394686146743709,False,False,main,888.3962954344076,0.034828865510384784,True,5.849374532699585,train,23
30639_d3c43d69,1778003946.4,1778003957.5,11.099999904632568,582.4000000953674,505.59999990463257,-92.01607464461605,138.77899824516146,-15.113771737326761,,0,112,0.09201770162299062,0.11020825276106018,False,False,,,,True,10.699382781982422,train,-1
30639_d3c43d69,1778004019.6,1778004062.7,43.10000014305115,655.5999999046326,400.39999985694885,-401.99883995399193,211.38647197421398,-11.153671037400015,,0,432,14.073319308058148,0.06546353671973104,False,False,,,,True,42.9015953540802,train,-1
30639_d3c43d69,1778004096.7,1778004114.0,17.299999952316284,732.7000000476837,349.09999990463257,-641.5994179509396,266.9398534524537,-6.932081853628269,2.9482633688666486,0,174,2.3400184934939765,0.13770223600356077,False,False,main,3433.721174667941,1.6559398109734251,True,16.99943256378174,train,38
30639_d3c43d69,1778004211.9,1778004238.3,26.399999856948853,847.9000000953674,224.79999995231628,-946.7876272361638,42.157164306492625,16.819952572223173,-1.9220456701676223,0,265,0.06837857358920674,0.16835734181601142,False,False,main,3918.8637230770937,0.09888565444109793,True,26.101494312286377,train,43
30639_d3c43d69,1778004309.2,1778004324.9,15.700000047683716,945.2000000476837,138.19999980926514,-1103.5972859111896,-324.93847624112357,20.54276956248281,-2.3922450167007856,0,158,0.03932952904252983,0.12304283861485354,False,False,main,4319.62164074327,0.7091611257592682,True,15.300890922546387,train,47
30618_b83d854d,1785129336.7,1785129353.0,16.299999952316284,0.0,1189.0,2401.197887041173,846.8039641886112,7.875451506516745,1.3947216582481217,164,164,0.004373962482920729,0.14122508082188026,True,False,main,11053.5453685227,0.005808824055519808,True,13.606428861618042,train,119
30618_b83d854d,1785129425.5,1785129440.9,15.400000095367432,88.79999995231628,1101.0999999046326,2344.8091953653875,771.0457859247539,9.017590030066977,,0,155,0.0071028332336808405,0.12518222211788396,False,False,,,,True,15.000325918197632,train,-1
30618_b83d854d,1785129465.7,1785129474.4,8.700000047683716,129.0,1067.5999999046326,2304.9013470021137,696.3156160775108,9.216899319106744,-2.160994668723165,88,88,0.008191772925399021,0.18441714629022296,False,False,main,277.57534237236,-0.00113844105768512,True,8.50000786781311,train,7
30618_b83d854d,1785129576.5,1785129627.3,50.799999952316284,239.79999995231628,914.7000000476837,1867.144731496478,319.2026648400015,7.499453185491191,-3.0140406381233054,509,509,0.0033730370290190963,0.21050131886242687,False,False,main,887.5911345282049,-0.005453392522660841,True,50.509549379348755,train,23
30618_b83d854d,1785129903.1,1785129926.9,23.800000190734863,566.3999998569489,615.0999999046326,159.72157368711802,106.3798268086415,-11.718482213115971,3.1106073158077514,239,239,0.0033214178685285417,0.18508573070535958,False,False,main,2614.9529645996804,-0.01784798426211613,True,23.50960063934326,train,30
30618_b83d854d,1785129974.9,1785130008.0,33.09999990463257,638.2000000476837,534.0,-219.34103238616333,169.0950415477641,-9.243803891875142,2.916599690705927,332,332,0.003320489111172091,0.17190399465909412,False,False,main,3000.260224051461,-0.005055421887559323,True,32.799975633621216,train,34
30618_b83d854d,1785130068.6,1785130097.2,28.600000143051147,731.8999998569489,444.7999999523163,-646.7560763982028,269.8936131662989,-3.709624312493211,2.8959688974463966,287,287,0.00462703808983083,0.10118136445959111,False,False,main,3439.427553158911,-0.0046683813119242305,True,28.400408267974854,train,39
30618_b83d854d,1785130189.4,1785130221.7,32.299999952316284,852.7000000476837,320.2999999523163,-947.7380848774453,39.409693665043534,8.026028953542074,-1.9412315009367145,0,324,0.011830722100601748,0.14077986988222863,False,False,main,3921.769334323591,0.20029437430570754,True,32.10936522483826,train,43
30618_b83d854d,1785130256.5,1785130289.7,33.200000047683716,919.7999999523163,252.29999995231628,-1012.1382896260553,-126.32415608528527,11.37582761602028,-1.9463049234199703,329,333,0.004234743339771007,0.1482858696070348,False,False,main,4099.576518174589,-0.004850394016629399,True,32.89997053146362,train,45
30618_b83d854d,1785130485.2,1785130506.4,21.200000047683716,1148.5,35.59999990463257,-2073.50516453255,-269.84772429053805,14.511830225956457,2.9163374558043995,213,213,0.0032093179905008664,0.11670402619569917,False,False,main,5334.438185406526,0.014482108905667097,True,21.000812292099,train,53
30618_b8044aa0,1785131978.4,1785131999.3,20.899999856948853,1.8000001907348633,1251.7000000476837,-2198.3783853093355,-364.97991188195033,13.86752585738075,0.7995520919559675,208,210,0.001892559471354973,0.0,False,False,main,5644.610478769238,-0.009803031006441192,True,20.386346340179443,train,59
30618_b8044aa0,1785132072.7,1785132089.3,16.59999990463257,96.10000014305115,1161.7000000476837,-2057.509729451067,-284.1697919491319,14.278277108801989,-0.3662534707927469,0,167,0.1962201406186535,0.09274925058735074,False,False,main,5827.0010732522005,-4.223144146612231,True,16.43868660926819,train,66
30618_b8044aa0,1785132123.2,1785132141.1,17.899999856948853,146.60000014305115,1109.9000000953674,-1816.1254170896182,-370.9128158408556,16.41445275470099,-0.3639623797467125,180,180,0.003010477019428449,0.10067432403479129,False,False,main,6083.484442782867,-0.005451656887862815,True,17.73770523071289,train,69
30618_b8044aa0,1785132196.3,1785132205.4,9.100000143051147,219.70000004768372,1045.5999999046326,-1414.613929958867,-408.0782599970064,13.777837042237888,0.1402413593624961,91,92,0.002678136945130291,0.09306954254592771,False,False,main,6496.56279209183,-0.0022090165178521447,True,8.937989950180054,train,71
30618_b8044aa0,1785132254.2,1785132277.1,22.899999856948853,277.60000014305115,973.9000000953674,-1152.1746350814458,-362.968064786441,12.565495079035994,0.49060392602221936,0,230,0.0731179439455747,0.07737569215965591,False,False,main,6763.4741700222,-0.008992482662828077,True,22.699121475219727,train,75
30618_b8044aa0,1785132315.5,1785132340.1,24.59999990463257,338.90000009536743,910.9000000953674,-1027.5720511600077,-175.44390991364455,11.581904022211075,1.196591757567744,247,247,0.004397667152214142,0.14137537412109585,False,False,main,6995.962932097519,-0.003996710461580031,True,24.199474811553955,train,76
30618_b8044aa0,1785132362.3,1785132409.0,46.700000047683716,385.7000000476837,842.0,-994.1150476509004,-89.57086836290172,11.151877960976622,1.1990747474442982,467,468,0.00462755311276381,0.11224062287342601,False,False,main,7088.123658125538,-0.0005700490787828026,True,46.53855633735657,train,80
30618_b8044aa0,1785132505.6,1785132544.8,39.200000047683716,529.0,706.2000000476837,-697.6722448615927,278.79061425059376,-3.1123609546004567,-0.2454393125702283,393,393,0.004538281290830252,0.1292089362318835,False,False,main,7650.263042062412,-0.0011019360234084024,True,38.99917483329773,train,87
30618_b8044aa0,1785132594.4,1785132602.3,7.8999998569488525,617.8000001907349,648.7000000476837,-278.7348303786439,178.7592411607298,-8.420531020040064,-0.18302496886509528,80,80,0.0028170992520292868,0.13788894790166467,False,False,main,8080.999551950892,-0.004972253718353261,True,7.638718366622925,train,93
30618_b8044aa0,1785132609.3,1785132649.7,40.40000009536743,632.7000000476837,601.2999999523163,-270.2575216843996,176.87026754331325,-8.535964430044295,-0.1837284729341682,405,405,0.0030738368857804645,0.1858763484181553,False,False,main,8089.684776076701,-0.0026517994742486016,True,40.13852334022522,train,94
30618_b8044aa0,1785132867.3,1785132892.0,24.700000047683716,890.7000000476837,359.0,1725.356082962743,297.19730238352366,5.8780544581941,0.10069214555319383,245,248,0.04060795669438504,0.13684436956789015,False,False,main,10111.53621300081,-0.0017223377880228694,True,24.438462495803833,train,100
30618_b8044aa0,1785132925.9,1785132965.2,39.299999952316284,949.3000001907349,285.7999999523163,1817.0077732035459,308.9671031007991,6.662002991436271,0.12831203155474333,378,394,0.004455144180472744,0.17781300595792204,False,False,main,10203.9471900167,-0.01438817688968456,True,39.03823947906494,train,103
30618_b8044aa0,1785132966.2,1785132974.0,7.799999952316284,989.6000001430511,277.0,1817.0077225569742,308.97267079271757,6.670101634690596,0.1285140128981712,65,79,0.002956758577824828,0.0,False,False,main,10203.947881356447,-0.008863341351320886,True,7.799999952316284,train,103
30618_b8044aa0,1785132975.2,1785132991.3,16.09999990463257,998.6000001430511,259.7000000476837,1817.0072547974983,308.9706296070661,6.6706032863389275,0.12856179051453226,158,162,0.003907231522623183,0.08939135058382279,False,False,main,10203.947145908103,-0.010824043655207337,True,16.061962842941284,train,103
30618_b8044aa0,1785133038.8,1785133049.5,10.700000047683716,1062.2000000476837,201.5,2092.8103120805654,392.7184024272938,10.959958893436587,0.6968831353439252,108,108,0.0051178455875992065,0.17234952813673723,False,False,main,10496.534632600578,-0.0027411957064291535,True,10.39824628829956,train,107
30618_b8044aa0,1785133085.9,1785133120.4,34.5,1109.3000001907349,130.59999990463257,2269.4908591521007,636.9494591253983,10.294169816242546,0.9791566290396027,341,346,0.004018467219941731,0.11119117220041898,False,False,main,10798.949364017792,-0.01595959973665445,True,34.299941539764404,train,109
30618_b8044aa0,1785133140.4,1785133151.7,11.299999952316284,1163.8000001907349,99.29999995231628,2313.7319570807745,703.2174195504767,9.015301144009081,0.9904993844605792,56,114,0.00573853204325958,0.16487050974572395,False,False,main,10878.628650804605,-0.0008484335247485188,True,11.038549661636353,train,112
30618_b8044aa0,1785133193.6,1785133213.8,20.200000047683716,1217.0,37.200000047683716,2348.0271417248564,775.1795783855737,8.95610761570252,,0,203,0.004919135083255696,0.1375360917565231,False,False,,,,True,19.899691581726074,train,-1
30618_76e1f9c7,1785133274.0,1785133290.7,16.700000047683716,0.0,1281.0999999046326,2400.975932585412,846.3156067526578,7.851250493191989,1.3724241253329832,168,168,0.0035801203041424426,0.09982005011715663,True,False,main,11053.009029377774,-0.004044464947199377,True,14.188981056213379,train,119
30618_76e1f9c7,1785133341.4,1785133359.7,18.299999952316284,67.40000009536743,1212.0999999046326,2341.5892230855898,815.8815065731151,8.44409329067396,-1.4612493831444193,0,184,0.005984697659772187,0.14207618647618578,False,False,main,146.21793422826067,-0.0015448498336426636,True,18.09959363937378,train,4
30618_76e1f9c7,1785133417.0,1785133425.0,8.0,143.0,1146.7999999523163,2151.1307336235136,465.5286020641716,11.319203048111508,-2.1616856087588587,80,81,0.003582877360638548,0.1277907342167557,False,False,main,554.8999776575806,0.0006150089828130582,True,7.738866567611694,train,14
30618_76e1f9c7,1785133435.2,1785133452.6,17.399999856948853,161.20000004768372,1119.2000000476837,2141.2341171258863,450.7144765430009,11.26249002393071,-2.1885672104566645,173,175,0.0037809025781266954,0.1308593186827973,False,False,main,572.716033258704,0.0003976422711032764,True,17.237590551376343,train,16
30618_76e1f9c7,1785133495.0,1785133524.5,29.5,221.0,1047.2999999523163,1914.18348888229,325.50152736341363,8.324722591481127,-3.006711694303323,294,296,0.003168947464416381,0.10773195252079042,False,False,main,840.132176833668,-0.00099011662185752,True,29.298881769180298,train,20
30618_76e1f9c7,1785133540.7,1785133559.7,19.0,266.7000000476837,1012.0999999046326,1873.4411325049457,320.03913920044744,7.571869542619454,-3.0134491858336934,191,191,0.003518667126290583,0.1499681187909183,False,False,main,881.2394109533697,-0.001557433020004642,True,18.738797426223755,train,22
30618_76e1f9c7,1785133572.2,1785133595.4,23.200000047683716,298.2000000476837,976.3999998569489,1844.0863046151217,316.1349932753409,7.085398083094112,-3.0121375768938514,233,233,0.003093587678443359,0.10240814051486306,False,False,main,910.852794061802,0.001954158627944457,True,23.000370979309082,train,24
30618_76e1f9c7,1785133616.9,1785133640.4,23.5,342.90000009536743,931.3999998569489,1791.1947668140733,309.04488128757,6.317733786160436,-3.011172969401965,234,236,0.0036488044101360057,0.12292909658960367,False,False,main,964.2175316951975,0.0008196572085501786,True,23.338876247406006,train,26
30618_76e1f9c7,1785133922.9,1785133942.3,19.399999856948853,648.9000000953674,629.5,-219.49498194821084,169.1288232786136,-9.23930990285077,2.9171641751841246,184,195,2.9874296687047743,0.020548179114583953,False,False,main,3000.417835090068,-0.004397012376276938,True,19.33853578567505,train,34
30618_76e1f9c7,1785133943.3,1785133948.5,5.200000047683716,669.2999999523163,623.2999999523163,-219.49513876603814,169.1273383965146,-9.236709983403117,2.9172407112312815,45,53,0.002284570371164897,0.0,False,False,main,3000.4176638047356,-0.00291372952604696,True,5.200000047683716,train,34
30618_76e1f9c7,1785134008.5,1785134032.1,23.59999990463257,734.5,539.7000000476837,-434.94211343889896,217.84454847213038,-6.337515069677496,2.9045219446654693,237,237,0.002935758989195138,0.1401570330312757,False,False,main,3221.308473495502,0.0006524925836526173,True,23.399673223495483,train,35
30618_76e1f9c7,1785134066.5,1785134091.7,25.200000047683716,792.5,480.09999990463257,-640.9011543179677,268.4725878252504,-3.7661743368666,2.900046459885547,253,253,0.0062941848039959405,0.13376075208018276,False,False,main,3433.4026569237685,0.0020736751001043646,True,25.000717401504517,train,38
30618_76e1f9c7,1785134213.9,1785134255.0,41.09999990463257,939.9000000953674,316.7999999523163,-1012.3366885909875,-126.840918547346,11.372786428161444,-1.9463315898576752,412,412,0.0037493562659803845,0.13353295283086836,False,False,main,4100.130032766813,0.0003717464690126655,True,40.702332496643066,train,45
30618_76e1f9c7,1785134290.1,1785134302.1,12.0,1016.0999999046326,269.7000000476837,-1105.09299286296,-325.3855462775329,12.140088112155583,-2.409370984562785,121,121,0.0029798752201627265,0.12137040685100864,False,False,main,4321.007009554884,-0.006210523891111085,True,11.83854627609253,train,47
30618_76e1f9c7,1785134343.1,1785134359.8,16.700000047683716,1069.0999999046326,212.0,-1345.9990227698077,-394.6754337669415,13.315645476676071,-3.000316759108638,168,168,0.002566736007452684,0.1229441737183535,False,False,main,4576.795252313938,0.0023923258349148827,True,16.538013219833374,train,49
30618_76e1f9c7,1785134415.2,1785134433.3,18.09999990463257,1141.2000000476837,138.5,-1757.9421885159416,-389.2247360811041,16.405526118677273,2.7756017730446105,178,182,0.003253042877424507,0.18935403966050737,False,False,main,4997.045654499607,0.0017181645243142779,True,17.837535858154297,train,51
30618_76e1f9c7,1785134466.2,1785134494.8,28.59999990463257,1192.2000000476837,77.0,-1963.965558983135,-311.3248642115901,15.720730726168611,2.7775498909900844,287,287,0.0025919891427813916,0.18288281475559887,False,False,main,5217.305918207163,0.0024639532935244314,True,28.338064432144165,train,52
30618_2dbce472,1785136593.2,1785136635.8,42.59999990463257,0.0,1329.0,2401.1879488443274,846.8026542739331,7.83755601031093,1.3937181593264023,302,427,0.0030599914709393394,0.03621164916296576,True,False,main,11053.5399086052,0.01421554362401285,True,40.2626268863678,train,119
30618_2dbce472,1785136686.8,1785136705.1,18.299999952316284,93.59999990463257,1259.7000000476837,2341.5939127995716,815.8221277263101,8.463149891295863,-1.5088121393137295,1,184,0.2772596450231474,0.09693634369384684,False,False,main,146.2774979442473,-0.001477004549444997,True,18.09722900390625,train,4
30618_2dbce472,1785136723.4,1785136741.4,18.0,130.20000004768372,1223.3999998569489,2344.811544289223,770.9435356374124,8.994151676637554,-1.6422254725934096,168,181,0.00447044245471617,0.11801834559023648,False,False,main,191.27242392904694,-0.007764305002330233,True,17.8382670879364,train,6
30618_2dbce472,1785136789.1,1785136815.9,26.800000190734863,195.89999985694885,1148.8999998569489,2164.6315680144007,485.7865403815351,11.381335107977293,-2.16348494876602,263,269,0.004046741428505572,0.1294655290819034,False,False,main,530.5554048485527,-0.01824070064125951,True,26.600645542144775,train,12
30618_2dbce472,1785136828.0,1785136835.7,7.700000047683716,234.79999995231628,1129.0999999046326,2151.1868856213187,465.6317087067874,11.262026586322019,-2.1615497567708033,78,78,0.007978908674035886,0.11843904991211143,False,False,main,554.7830613644122,-0.010090456945537321,True,7.538363218307495,train,14
30618_2dbce472,1785136882.0,1785136888.9,6.900000095367432,288.7999999523163,1075.8999998569489,1915.6012113452007,325.7126820150674,8.354087576389698,-3.0051690011374195,70,70,0.004800504949529714,0.110000860547195,False,False,main,838.698832649237,-0.00682044837265418,True,6.738811492919922,train,20
30618_2dbce472,1785136905.3,1785136921.1,15.799999952316284,312.09999990463257,1043.7000000476837,1873.3794724214615,320.02965002541686,7.571787441568202,-3.0154981984078297,157,159,0.0037237320428299405,0.1465441834726129,False,False,main,881.301784289751,-0.0003015481941493701,True,15.637300729751587,train,22
30618_2dbce472,1785136933.4,1785136951.3,17.899999856948853,340.2000000476837,1013.5,1844.1023964143124,316.1455783650477,7.097092970645423,-3.0120773782163424,179,180,0.003476933380191583,0.1514872134470143,False,False,main,910.8354408098741,-0.0064037581472556025,True,17.63868474960327,train,24
30618_2dbce472,1785136973.3,1785136978.7,5.400000095367432,380.09999990463257,986.0999999046326,1791.18866188084,309.0025614447603,6.251389464234748,-3.036744392838278,0,55,0.14622147142770828,0.11243413897181787,False,False,main,964.2292941732651,0.04192784878788868,True,5.238003969192505,train,26
30618_2dbce472,1785136979.7,1785137007.3,27.59999990463257,386.5,957.5,1790.9967338885244,309.02179544453946,6.351040927283952,-3.011724733209926,273,277,0.009650252444574703,0.1281264989227534,False,False,main,964.4168683128723,-0.003041508917357802,True,27.337946891784668,train,26
30618_2dbce472,1785137230.5,1785137245.2,14.700000047683716,637.2999999523163,719.5999999046326,371.3516512221461,142.04679003324947,-11.856216900179007,-2.873849136602414,146,148,0.004521801598258118,0.07051491890879921,False,False,main,2398.7156292517648,-0.007317076086886352,True,14.538879156112671,train,28
30618_2dbce472,1785137327.6,1785137344.8,17.200000047683716,734.3999998569489,620.0,-219.46979428775194,169.1236260433585,-9.22770907522602,2.9166475715969047,170,173,0.003545026134462573,0.1407343255128997,False,False,main,3000.3921204058893,-0.004826560130143839,True,16.93783187866211,train,34
30618_2dbce472,1785137384.5,1785137406.6,22.09999990463257,791.2999999523163,558.2000000476837,-435.3805394868476,217.96196515687106,-6.324399022033998,,0,222,0.413997904690041,0.045318096014251096,False,False,,,,True,22.06161665916443,train,-1
30618_2dbce472,1785137440.6,1785137485.0,44.40000009536743,847.3999998569489,479.7999999523163,-641.1912139784613,267.6912617411065,-2.3967731647628585,3.0033839338047725,115,445,1.4130345067714773,0.017050873293649207,False,False,main,3433.50118259229,0.8296591686001245,True,44.36160731315613,train,38
30618_2dbce472,1785137585.5,1785137604.3,18.799999952316284,992.2999999523163,360.5,-947.5263779577683,40.533451281941176,8.22860337577118,-1.9407134919823807,94,186,0.004584168922390654,0.11379082962739859,False,False,main,3920.6445232327405,-0.0060683189261419015,True,18.66121244430542,train,43
30618_2dbce472,1785137636.1,1785137673.3,37.200000047683716,1042.8999998569489,291.5,-1012.2597140705229,-126.62196610394456,11.391002828705666,-1.9462232562142388,323,373,0.003712860903015348,0.14978010268386527,False,False,main,4099.898110763717,-0.008443379608342046,True,36.93846106529236,train,45
30618_2dbce472,1785137736.7,1785137753.4,16.700000047683716,1143.5,211.39999985694885,-1346.0229589780765,-394.6715309832635,13.336140753400583,-2.9992570911967813,168,168,0.00612701934308716,0.10672148385167282,False,False,main,4576.818363808146,-0.0049583627197573275,True,16.4387686252594,train,49
30618_2dbce472,1785137815.4,1785137835.0,19.59999990463257,1222.2000000476837,129.79999995231628,-1757.91391342258,-389.21732557733606,16.42033413402542,2.7754205373454717,197,197,0.0040046637624869515,0.17507704455655332,False,False,main,4997.02178684017,-0.015155818516164996,True,19.338367462158203,train,51
30618_2dbce472,1785137871.3,1785137888.8,17.5,1278.0999999046326,76.0,-1964.1339310725352,-311.25798446649037,15.73913349407259,2.777060936238455,174,176,0.003493298661760821,0.15331658218948724,False,False,main,5217.487059046263,-0.0007073561239008366,True,17.238487243652344,train,52
30618_b15eafc3,1785138941.9,1785138957.1,15.199999809265137,0.0,1242.5,-2198.1663093382167,-364.7712605578787,13.900462278124193,0.7994992777879506,153,153,0.009756553709509432,0.0557673862166832,True,False,main,5644.907929800374,-0.01567471212181575,True,12.56548810005188,train,59
30618_b15eafc3,1785138975.9,1785139025.9,50.0,34.0,1173.6999998092651,-2167.4536283346292,-333.0026683650745,14.04418399880448,0.7991670622511183,501,501,0.007387033166625605,0.08795685878246304,False,False,main,5689.09524641963,-0.005441873077565292,True,49.90117120742798,train,63
30618_b15eafc3,1785139085.5,1785139106.3,20.799999952316284,143.59999990463257,1093.2999999523163,-2015.192525732294,-295.6349336666794,15.451733774505685,-0.36689681619877523,209,209,0.005546656745246436,0.06948769248986854,False,False,main,5870.658403044293,-0.003115024740074051,True,20.638687133789062,train,67
30618_b15eafc3,1785139139.8,1785139157.0,17.200000047683716,197.89999985694885,1042.5999999046326,-1815.8635129826469,-371.0105335422199,16.43602078812466,-0.36420307761378634,173,173,0.00472618792114299,0.13965053454786666,False,False,main,6083.763982582309,-0.005556233636611471,True,17.036970853805542,train,69
30618_b15eafc3,1785139211.8,1785139232.3,20.5,269.89999985694885,967.2999999523163,-1414.579172743368,-408.07372367966354,13.771394949982689,0.14246089425262137,206,206,0.007052828189641882,0.09008609958796701,False,False,main,6496.597840628314,-0.00258524532392669,True,20.299450635910034,train,71
30618_b15eafc3,1785139297.3,1785139311.9,14.600000143051147,355.39999985694885,887.6999998092651,-1027.5037544043853,-175.23924441039009,11.594420226439437,1.1960398018446325,147,147,0.006194138790784356,0.08941827238688753,False,False,main,6996.178399582744,0.007258813440733211,True,14.399724006652832,train,76
30618_b15eafc3,1785139333.7,1785139381.1,47.39999985694885,391.7999999523163,818.5,-993.994569685892,-89.27175951021124,11.150401024827083,1.1988618372829085,475,475,0.006743848587346575,0.1275620852196474,False,False,main,7088.446088485537,-0.005009504108486467,True,47.20110106468201,train,80
30618_b15eafc3,1785139476.5,1785139510.0,33.5,534.5999999046326,689.5999999046326,-697.3789220759105,278.7057744651295,-2.829575586163698,-0.24471085624052397,336,336,0.007999082511012124,0.1887487199001772,False,False,main,7650.568109691398,-0.014132190918370919,True,33.238648414611816,train,87
30618_b15eafc3,1785139552.7,1785139564.7,12.0,610.7999999523163,634.8999998569489,-315.00226219433677,186.82533977066964,-7.295396349857527,-0.22250929388817806,120,121,0.006452018849117149,0.23134306286666886,False,False,main,8043.84552720938,-0.0735675308833114,True,11.738425493240356,train,91
30618_b15eafc3,1785139571.9,1785139607.6,35.69999980926514,630.0,592.0,-306.9559974768087,185.0334722115709,-7.374452466302325,-0.22652289368456524,358,358,0.006527333575260448,0.17498221504406647,False,False,main,8052.089151349029,-0.0699646537498525,True,35.43818235397339,train,92
30618_b15eafc3,1785139620.5,1785139637.7,17.200000047683716,678.5999999046326,561.8999998569489,-277.9272851539553,178.48577174208233,-7.840437900011442,-0.2230354740066361,173,173,0.0068865098028015985,0.17837564530285843,False,False,main,8081.847279101891,-0.09454921594728843,True,16.837871551513672,train,93
30618_b15eafc3,1785139844.7,1785139853.8,9.099999904632568,902.7999999523163,345.7999999523163,1684.6598491056404,293.8950237696937,6.421561457440446,0.05163080121376774,92,92,0.008557791430446816,0.11774814735007191,False,False,main,10070.70492603756,-0.11071210792158212,True,8.939006090164185,train,99
30618_b15eafc3,1785139908.1,1785139925.1,17.0,966.1999998092651,274.5,1817.1468155581983,308.9955539720019,6.659962330584585,0.12826247243959873,171,171,0.027941060824921087,0.15377616057498678,False,False,main,10204.088782902965,-0.0047091780759782,True,16.700114488601685,train,103
30618_b15eafc3,1785140026.9,1785140058.2,31.299999952316284,1085.0,141.39999985694885,2313.841134928421,703.3846760250204,9.049392031958432,0.9830501224080654,257,314,0.01125033931919129,0.15636140946008822,False,False,main,10878.82838017313,0.0007266629527564613,True,31.000138759613037,train,112
30618_b15eafc3,1785140059.3,1785140103.6,44.299999952316284,1117.3999998569489,96.0,2313.945154462668,703.6199278005947,8.929030168058897,0.9812415368462214,386,444,0.020943838734163778,0.11570681272978407,False,False,main,10879.081903556113,0.04419338237369492,True,44.138444662094116,train,112
30618_b15eafc3,1785140142.3,1785140161.9,19.600000143051147,1200.3999998569489,37.69999980926514,2347.4569773439407,774.8700653963035,11.625654280084857,1.157687059702337,0,197,0.031103892359174552,0.09072288205016697,False,False,main,10960.559071293685,0.5828009913251152,True,19.438297986984253,train,116
30618_68d1748a,1785140212.5,1785140263.0,50.5,0.0,1208.5,2400.9849291039454,846.4780038072611,8.1973874240203,,0,506,0.20036166946429673,0.047184991077820766,True,False,,,,True,48.048226833343506,train,-1
30618_68d1748a,1785140313.9,1785140333.2,19.299999952316284,101.40000009536743,1138.2999999523163,2340.777734859582,816.0806278160791,10.467315061533448,-1.5000042634241402,24,194,0.005015356870662671,0.08600259147576299,False,False,main,145.95787005931305,-0.7952149194895403,True,19.138278245925903,train,4
30618_68d1748a,1785140374.7,1785140385.5,10.799999952316284,162.20000004768372,1086.0,2305.3098212363116,695.9337425297527,10.02849134550906,-2.3520230700125317,6,109,0.0017980572312691616,0.0931666593474266,False,False,main,277.6652447096665,0.550763883839897,True,10.638495445251465,train,7
30618_68d1748a,1785140423.8,1785140440.9,17.100000143051147,211.29999995231628,1030.5999999046326,2160.658495544079,480.5533086276016,9.27101251205286,,0,172,0.31930125308225854,0.14365511265693143,False,False,,,,True,16.80059838294983,train,-1
30618_68d1748a,1785140451.1,1785140462.6,11.5,238.59999990463257,1008.9000000953674,2139.637631084135,448.88642798689875,13.075502789414744,-2.188482720375605,116,116,0.007371271893867442,0.09625995596813,False,False,main,575.1290600633723,-0.26864354969881543,True,11.299672365188599,train,16
30618_68d1748a,1785140509.6,1785140517.3,7.700000047683716,297.09999990463257,954.2000000476837,1873.2119996922413,320.0204888351391,7.580136976470346,-3.0134828323629868,78,78,0.008828468486956826,0.1383761552062315,False,False,main,881.4689985360476,-0.013356749274185606,True,7.538315296173096,train,22
30618_68d1748a,1785140825.8,1785140841.5,15.700000047683716,613.2999999523163,630.0,-219.5699179423183,169.14088804398483,-9.25151300271055,2.9170521653290726,158,158,0.007506400924674073,0.12062654622339582,False,False,main,3000.493596964615,0.00019647665825558205,True,15.499861478805542,train,34
30618_68d1748a,1785140891.5,1785140940.3,48.799999952316284,679.0,531.2000000476837,-640.4663949585212,268.3674929294316,-3.7693269559190834,2.900317500443175,487,489,0.005472156356396682,0.086653261113656,False,False,main,3432.955376827193,0.002222068316344338,True,48.6382577419281,train,38
30618_68d1748a,1785141054.3,1785141085.4,31.100000143051147,841.7999999523163,386.09999990463257,-1012.2260518789935,-126.6083341537688,11.406657128893478,-1.9464084727606727,300,312,0.009801588669333831,0.12034987582757574,False,False,main,4099.873070917548,0.017862119967381504,True,30.8386709690094,train,45
30618_68d1748a,1785141152.2,1785141169.9,17.700000047683716,939.7000000476837,301.59999990463257,-1345.9783293630412,-394.6442658584333,13.348901111791541,-2.9938453233083306,163,178,0.16711343810841822,0.17221871176588902,False,False,main,4576.770236102511,-0.025425739701463758,True,17.538670301437378,train,49
30618_68d1748a,1785141228.5,1785141246.3,17.799999952316284,1016.0,225.20000004768372,-1757.9059802687352,-389.24182529989224,16.416135250174893,2.76733372467699,0,179,0.09963056075105438,0.17329420086313668,False,False,main,4997.0057502373575,0.004993591041505976,True,17.537901401519775,train,51
30618_68d1748a,1785141279.7,1785141287.7,8.0,1067.2000000476837,183.79999995231628,-1964.203743554328,-311.2514595244334,15.726660955357374,2.7765992874021235,81,81,0.006780890191231005,0.1659268532801788,False,False,main,5217.554683852607,0.017819463621338783,True,7.738668441772461,train,52
30618_68d1748a,1785141315.7,1785141424.8,109.09999990463257,1103.2000000476837,46.700000047683716,-2073.9162000841748,-269.6966558557087,14.523504917504894,2.924304688743393,1081,1092,0.008685817209251075,0.19917024425777147,False,False,main,5334.875986015121,0.0017440554346061293,True,108.83872437477112,train,53
30618_095a115b,1785142966.0,1785143010.5,44.5,0.0,1279.5999999046326,2401.257147136329,846.9283558717746,8.053861955613659,1.399218614434675,446,446,0.028376410447731714,0.0,True,False,main,0.032728463991716,0.005151483240203956,True,42.155856132507324,train,0
30618_095a115b,1785143061.1,1785143080.6,19.5,95.09999990463257,1209.5,2341.5994800582494,815.8871772729435,8.496937388374612,-1.497666789928785,124,196,0.3806491340726613,0.19787540306399337,False,False,main,146.21307655632052,0.009121234171598918,True,19.23869776725769,train,4
30618_095a115b,1785143116.0,1785143122.5,6.5,150.0,1167.5999999046326,2303.961992078907,697.1023492318849,8.794256658899307,-2.171592563395103,63,66,0.45488394272489,0.13580359984935392,False,False,main,277.44457152335656,-1.219430570637246,True,6.2388410568237305,train,7
30618_095a115b,1785143161.0,1785143181.3,20.299999952316284,195.0,1108.7999999523163,2148.599408531655,466.72918408835295,11.308467042557934,-2.168975010373488,204,204,0.007562645653983113,0.1804883677578762,False,False,main,555.3114628666863,-2.77063924854548,True,20.039021968841553,train,14
30618_095a115b,1785143191.6,1785143201.3,9.700000047683716,225.59999990463257,1088.7999999523163,2138.844396273135,452.1213015979989,11.240790248517559,-2.196629882227156,98,98,0.005201526964203855,0.1581710959073862,False,False,main,572.9111376376286,-2.765801332996415,True,9.438775300979614,train,16
30618_095a115b,1785143248.1,1785143278.2,30.100000143051147,282.09999990463257,1011.8999998569489,1870.9890766608332,321.5895426833688,7.4969134731901805,-3.022098495889381,302,302,0.06913222912272951,0.15263450045053173,False,False,main,883.4653946143299,-1.8623137902173763,True,29.83867335319519,train,22
30618_095a115b,1785143308.3,1785143323.4,15.100000143051147,342.2999999523163,966.6999998092651,1788.5423016021173,310.50987482809853,6.255905625084376,-3.012748842188947,152,152,0.012270951258721505,0.10095552777091639,False,False,main,966.6501284485067,-1.8074674661749377,True,14.938089609146118,train,26
30618_095a115b,1785143603.3,1785143613.3,10.0,637.2999999523163,676.7999999523163,-221.60080977343068,170.40193976438218,-8.786016486088966,2.916688613904271,84,101,0.005505530099357485,0.15215788215557197,False,False,main,3002.750885695085,-0.7873900387700091,True,9.838083267211914,train,34
30618_095a115b,1785143618.2,1785143629.5,11.299999952316284,652.2000000476837,660.5999999046326,-221.59966028478817,170.40054783233194,-8.783916549844221,2.916709644466576,24,114,0.002389283530566552,0.0,False,False,main,3002.7494599435545,-0.7862827756825284,True,11.299999952316284,train,34
30618_095a115b,1785143630.2,1785143637.9,7.700000047683716,664.2000000476837,652.1999998092651,-220.0962125317215,169.39868544159867,-8.638985537347097,2.920016877023014,0,78,0.23452807788398053,0.0,False,False,main,3001.0634645356226,-0.1365502482378564,True,7.700000047683716,train,34
30618_095a115b,1785143646.3,1785143655.3,9.0,680.2999999523163,634.7999999523163,-219.32001127902754,168.7330135911132,-8.629693490707016,2.9184433019529354,0,91,0.07734028815360473,0.0,False,False,main,3000.160638983243,0.3436406385003448,True,9.0,train,34
30618_095a115b,1785143705.6,1785143751.8,46.200000047683716,739.5999999046326,538.2999999523163,-640.7070786758176,268.4328468818852,-3.7773527677784937,2.899922429092099,463,463,0.010687779700453759,0.13979314654261574,False,False,main,3433.204675489982,-0.004858087405082595,True,45.93867826461792,train,38
30618_095a115b,1785143758.8,1785143795.6,36.799999952316284,792.7999999523163,494.5,-646.966658019173,269.9446745150842,-3.7407478777868435,2.8954709012146824,369,369,0.012547946626200818,0.09731787520264688,False,False,main,3439.644239903055,-0.004892172141458461,True,36.63762640953064,train,39
30618_095a115b,1785143918.5,1785143964.3,45.799999952316284,952.5,325.7999999523163,-1012.8477819987244,-128.09357448991904,11.358780624253953,-1.945414150993717,459,459,0.010817064446576713,0.11802208718704922,False,False,main,4101.4828511754085,-0.01503799035605329,True,45.59832811355591,train,45
30618_095a115b,1785144032.4,1785144055.0,22.59999990463257,1066.4000000953674,235.09999990463257,-1347.045582054839,-394.80086125380495,12.34876476392936,-3.000029910760037,0,227,0.10809719373942472,0.12691732930563548,False,False,main,4577.848909895874,-0.026258385136225332,True,22.336483240127563,train,49
30618_095a115b,1785144112.5,1785144136.2,23.700000047683716,1146.5,153.89999985694885,-1758.2857838420732,-389.09804130500606,16.44549039239545,2.775409314678109,238,238,0.003924213768466415,0.130948223065738,False,False,main,4997.411856977972,0.003909186846610462,True,23.49964141845703,train,51
30618_095a115b,1785144173.4,1785144195.3,21.899999856948853,1207.4000000953674,94.79999995231628,-1964.4783942577292,-311.12885823201185,15.732984332322534,2.776507243879642,220,220,0.004223199502979166,0.12765210896356363,False,False,main,5217.854928507844,0.0001126082050745386,True,21.738948822021484,train,52
30618_095a115b,1785144223.7,1785144250.9,27.200000047683716,1257.7000000476837,39.19999980926514,-2073.973518493173,-269.6713952199252,14.529736879475042,2.9251982467653406,272,273,0.006541119678053693,0.07606078814828754,False,False,main,5334.938347070187,-0.004137997046761629,True,27.09900403022766,train,53
30618_7b4d83f4,1785144764.1,1785144798.2,34.10000014305115,0.0,1125.2000000476837,-2200.2644950623744,-374.07701954428126,13.860200835442225,0.8014624610663653,329,342,0.004152313989158007,0.0,True,False,fan_F2,3.8818932812581846,0.0010341756093234702,True,31.516080379486084,train,120
30618_7b4d83f4,1785144870.1,1785144889.0,18.90000009536743,106.0,1034.4000000953674,-2015.2297316219906,-295.61672924803054,15.435074080258662,-0.36746590555806846,174,190,0.00688225027944493,0.12173953937443048,False,False,main,5870.617166884596,0.0007911524102187418,True,18.737856149673462,train,67
30618_7b4d83f4,1785144922.5,1785144945.0,22.5,158.40000009536743,978.4000000953674,-1815.8701876325986,-370.95857408943687,16.450222923669966,-0.3642851601547128,218,226,0.005540996081443353,0.11910180868539656,False,False,main,6083.739583091998,0.04080108032862552,True,22.33841061592102,train,69
30618_7b4d83f4,1785144999.4,1785145021.0,21.59999990463257,235.30000019073486,902.4000000953674,-1416.161695676301,-407.9281831913232,15.168604415950202,0.1410534126045017,136,217,0.041718507298782896,0.12903125719982564,False,False,main,6495.050764891114,0.3621347179221212,True,21.33871030807495,train,71
30618_7b4d83f4,1785145097.2,1785145126.0,28.799999952316284,333.10000014305115,797.4000000953674,-994.1258172753867,-89.58125726346448,11.158375753541417,1.1992916092461552,286,289,0.006896591943319471,0.1712664025868373,False,False,main,7088.110083209278,0.005725641115656863,True,28.500075578689575,train,80
30618_7b4d83f4,1785145222.7,1785145240.6,17.899999856948853,458.60000014305115,682.8000001907349,-697.1176167181145,278.6661940734941,-3.1088948205339415,-0.2446981328982378,180,180,0.007513521436393463,0.15155708277629112,False,False,main,7650.831356917663,0.009327140913224199,True,17.63811707496643,train,87
30618_7b4d83f4,1785145247.2,1785145283.6,36.39999985694885,483.10000014305115,639.8000001907349,-691.1524656911706,277.18922635389265,-3.1973832321068585,-0.2447602867290733,364,365,0.007137208342388175,0.14117028068098814,False,False,main,7656.976615235812,-0.0027486844823446104,True,36.13703155517578,train,88
30618_7b4d83f4,1785145312.6,1785145349.7,37.10000014305115,548.5,573.7000000476837,-533.756922291973,238.5333008589365,-5.068342906548344,-0.2695910727602769,0,372,0.06403757660321635,0.11219936676140642,False,False,main,7819.051613670116,-0.00045946528896997587,True,36.90014910697937,train,89
30618_7b4d83f4,1785145387.8,1785145408.4,20.600000143051147,623.7000000476837,515.0,-277.9947705936373,178.59320367973226,-8.409644323478776,-0.22341316554479637,207,207,0.007246693939483779,0.10164529318460472,False,False,main,8081.757997614316,-0.004411977400901181,True,20.338555097579956,train,93
30618_7b4d83f4,1785145476.3,1785145492.3,16.0,712.2000000476837,431.10000014305115,330.37536786724155,127.04206175441279,-11.985201453847134,0.2673955829566434,161,161,0.005112881367567314,0.1339727360746556,False,False,main,8700.848669177294,-0.0014983649921396815,True,15.738526582717896,train,97
30618_7b4d83f4,1785145675.0,1785145720.7,45.700000047683716,910.9000000953674,202.70000004768372,1817.6146654199833,309.1689243534218,5.623120654924142,0.12827342285157828,446,458,0.03893334483196322,0.14126379236747286,False,False,main,10204.575578713186,0.10470738995478852,True,45.40132451057434,train,103
30618_7b4d83f4,1785145859.2,1785145885.1,25.899999856948853,1095.1000001430511,38.30000019073486,2348.0373550672603,775.2493624142745,8.99089543674457,1.5100216527407178,75,259,0.007026247833968698,0.12157183416242735,False,False,main,10960.915506620942,-0.006884004394510743,True,25.699700355529785,train,116
30618_87afe526,1785145937.8,1785145974.5,36.700000047683716,0.0,1181.5,2401.1673942954503,846.6585517281771,7.852334057469446,1.4501022460774013,0,368,0.013645293842965502,0.07766969834358581,True,False,main,11053.400990171238,-0.029255157756569207,True,34.24346709251404,train,119
30618_87afe526,1785146025.5,1785146051.5,26.0,87.70000004768372,1104.5,2341.6086945109423,815.7315770298725,8.454405835391308,,0,261,0.018940868970112136,0.0697897896969351,False,False,,,,True,25.800854682922363,train,-1
30618_87afe526,1785146132.2,1785146151.5,19.299999952316284,194.40000009536743,1004.5,2150.755991888036,464.9474938825226,11.31712211268332,-2.1559990266615205,156,194,0.016617909318387893,0.13391726448586525,False,False,main,555.5913322876675,0.012694161193706893,True,19.038058757781982,train,14
30618_87afe526,1785146200.7,1785146217.8,17.09999990463257,262.90000009536743,938.2000000476837,1874.1017969015784,320.04857475938303,8.059104343334067,-3.0552017195397316,0,172,0.6876893450795778,0.09405888469595747,False,False,main,880.5833912324863,0.07694832951944255,True,16.938487768173218,train,22
30618_87afe526,1785146463.9,1785146475.8,11.899999856948853,526.1000001430511,680.2000000476837,372.46817038841874,142.26398635736922,-8.353836887168816,-2.865159905468378,111,120,0.005557060519571532,0.17738922178301972,False,False,main,2397.5814927453175,0.07966841613708496,True,11.638328313827515,train,28
30618_87afe526,1785146555.4,1785146600.6,45.19999980926514,617.6000001430511,555.4000000953674,-219.364183852098,169.09226037996467,-9.20810459010445,,0,453,0.15564660328083513,0.19194642586860047,False,False,,,,True,44.93879818916321,train,-1
30618_87afe526,1785146650.7,1785146667.0,16.299999952316284,712.9000000953674,489.0,-640.2474515033755,269.08512933092004,-4.160435962403383,2.8646327112261507,148,164,0.2883837690166501,0.15398567153427098,False,False,main,3432.9105909487193,-0.7467321802074044,True,16.138854503631592,train,38
30618_87afe526,1785146791.0,1785146830.1,39.09999990463257,853.2000000476837,325.90000009536743,-1012.3736109625568,-126.9528085285592,11.371578507483164,-1.9458457198604182,392,392,0.005407136014844214,0.12794843552382493,False,False,main,4100.247662624321,0.007142716933229923,True,38.9361469745636,train,45
30618_87afe526,1785146893.4,1785146910.1,16.699999809265137,955.6000001430511,245.90000009536743,-1346.1833170972384,-394.69319244523206,13.34045581486868,-3.000092364871843,121,168,0.0032111402469905993,0.12180814138530395,False,False,main,4576.980166619745,-0.0069065604320620875,True,16.43842625617981,train,49
30618_87afe526,1785146965.3,1785146981.6,16.299999952316284,1027.5,174.40000009536743,-1758.1047004563943,-389.1515562845626,16.407036115451795,,0,164,0.006178230562009479,0.15521412440844246,False,False,,,,True,15.99975872039795,train,-1
30618_87afe526,1785147014.3,1785147036.1,21.799999952316284,1076.5,119.90000009536743,-1964.3594489689665,-311.1691780793231,15.70711615726029,,0,219,0.0033682760973685016,0.15525465104212463,False,False,,,,True,21.533222675323486,train,-1
30618_87afe526,1785147064.4,1785147113.0,48.59999990463257,1126.6000001430511,43.0,-2073.859123015524,-269.70856281546975,14.501021742781024,2.9245048194255197,487,487,0.004199946130880273,0.127709223488594,False,False,main,5334.818067958236,-0.004969076705537295,True,48.438557386398315,train,53
30618_0e41eac3,1785151779.8,1785151792.3,12.5,0.0,1312.4000000953674,2401.279314720754,846.9702820121063,7.901849864364204,1.4062494892905015,126,126,0.006111840109032514,0.0,True,False,main,0.0800599468362597,0.0021625412717732593,True,10.275956153869629,train,0
30618_0e41eac3,1785151842.4,1785151862.0,19.59999990463257,62.60000014305115,1242.7000000476837,2341.595986393995,815.7772281296907,8.494303536360775,-1.4984557537149208,140,197,0.005121333707390765,0.1745844945974004,False,False,main,146.32242306206115,-0.0028938178160905783,True,19.20012855529785,train,4
30618_0e41eac3,1785151879.8,1785151903.6,23.799999952316284,100.0,1201.1000001430511,2344.8182377570097,770.5406682269377,8.993547343205293,-1.6489582244861052,239,239,0.007548163863164254,0.18982380484565103,False,False,main,191.67521033204514,-0.01836565838287967,True,23.53859305381775,train,6
30618_0e41eac3,1785151948.8,1785151965.1,16.299999952316284,169.0,1139.6000001430511,2151.0028806530017,465.34343651662505,11.388009506746279,-2.162812209081312,164,164,0.009526463732194722,0.14750098113119664,False,False,main,555.1249723690095,-0.0025720772296811386,True,16.03899359703064,train,14
30618_0e41eac3,1785151975.2,1785152013.6,38.39999985694885,195.40000009536743,1091.1000001430511,2141.0445917162806,450.349460244198,11.305331878958928,-2.1890849684932085,384,385,0.043117316472794875,0.1443062135011435,False,False,main,573.1240189071034,0.05146464856862701,True,38.13675355911255,train,16
30618_0e41eac3,1785152060.7,1785152096.0,35.299999952316284,280.90000009536743,1008.7000000476837,1875.4179514443524,321.0394388957919,7.887143831231704,-3.014022429555893,285,354,0.06577712049105645,0.15515303495648,False,False,main,879.1456371277806,-0.7281873732117706,True,34.99988865852356,train,22
30618_0e41eac3,1785152123.2,1785152129.8,6.599999904632568,343.40000009536743,974.9000000953674,1791.2183930699898,309.0408093908998,6.330977515682707,-3.0120607762706597,67,67,0.004394183697380054,0.16616073980789686,False,False,main,964.1946714740378,0.008043963379559406,True,6.338604211807251,train,26
30618_0e41eac3,1785152426.7,1785152488.8,62.09999990463257,646.9000000953674,615.9000000953674,-219.46420400572896,169.09022349234294,-9.237507941671257,2.917427227375325,559,622,0.005092410992749117,0.11092793700031256,False,False,main,3000.3793695532536,0.026548548228391814,True,61.79962468147278,train,34
30618_0e41eac3,1785152556.6,1785152605.2,48.60000014305115,776.7999999523163,499.5,-641.3179368213898,268.57174320111403,-3.7711207673183575,2.9158709248675714,377,487,0.009208816059919009,0.0,False,False,main,3433.8310686064324,0.0036023453332309037,True,48.60000014305115,train,38
30618_0e41eac3,1785152736.6,1785152770.5,33.90000009536743,956.7999999523163,334.2000000476837,-1012.650120644586,-127.6232039907526,11.354021590068804,-1.945001478633922,340,340,0.004810450048894096,0.10168783893132419,False,False,main,4100.972761591754,-0.0038155323852907316,True,33.600401163101196,train,45
30618_0e41eac3,1785152807.4,1785152839.7,32.299999952316284,1027.6000001430511,265.0,-1105.946875755033,-326.199604291964,12.145698347457309,-2.41497474299444,323,324,0.005976062913210546,0.08046189803008669,False,False,main,4322.1867980497045,-0.004114419804745509,True,32.099788665771484,train,47
30618_0e41eac3,1785152878.9,1785152907.9,29.0,1099.1000001430511,196.79999995231628,-1346.2960063456035,-394.71765546371773,13.318630074334616,-2.999654779477011,291,291,0.005186586231540217,0.08865141368944054,False,False,main,4577.095218462068,0.0008609710441459565,True,28.73167324066162,train,49
30618_0e41eac3,1785152963.1,1785152982.1,19.0,1183.2999999523163,122.60000014305115,-1758.230904735295,-389.1154121803348,16.410453500176693,2.775523472200326,188,191,0.004589847854709865,0.09409038843211476,False,False,main,4997.354374231326,0.0008764474052751917,True,18.799123525619507,train,51
30618_0e41eac3,1785153019.0,1785153038.1,19.09999990463257,1239.2000000476837,66.60000014305115,-1964.4182947228296,-311.1589464301925,15.711100204942813,2.776366307311197,164,192,0.0047674923027647715,0.1206718896558451,False,False,main,5217.788075493742,0.007035632861034577,True,18.800008296966553,train,52
30618_0e41eac3,1785153067.6,1785153104.7,37.10000014305115,1287.7999999523163,0.0,-2073.627428532963,-269.79533175301276,14.487893325519035,2.9187917540852,367,372,0.0043882311347650345,0.106552906589628,False,True,main,5334.570803898009,0.0041962204135454415,True,36.83868670463562,train,53
30618_68847170,1785153411.2,1785153418.0,6.799999952316284,0.0,1206.2999999523163,-2197.7829991392923,-364.3628272187324,13.881515866344527,0.7995567176170322,69,69,0.003950688822303404,0.0,True,False,main,5645.46794219536,-0.004683536085883334,False,0.0,train,59
30618_68847170,1785153436.6,1785153469.6,33.0,25.399999856948853,1154.7000000476837,-2167.4357418374584,-332.9843077719877,14.06089268658608,0.7986658334028687,305,331,0.0036783128015898258,0.12391736819215897,False,False,main,5689.120878520465,-0.005625084170320588,True,32.83847093582153,train,63
30618_68847170,1785153523.3,1785153542.5,19.200000047683716,112.09999990463257,1081.7999999523163,-2015.2050707758845,-295.62175208897395,15.455731345743914,-0.3669252167541345,193,193,0.003934645015637744,0.15224924459819741,False,False,main,5870.642013926471,0.004792498671313141,True,18.938795804977417,train,67
30618_68847170,1785153575.9,1785153597.2,21.299999952316284,164.70000004768372,1027.0999999046326,-1815.8781956730818,-370.9971683507141,16.438518452651543,-0.36468874934926626,214,214,0.00414636073966992,0.19288802449393097,False,False,main,6083.745556944008,0.001840089477808343,True,21.03876304626465,train,69
30618_68847170,1785153660.0,1785153677.3,17.299999952316284,248.79999995231628,947.0,-1414.4950776683177,-408.06438161129864,13.785365148861748,0.14161034861180444,171,174,0.0031419364396136347,0.137884911031229,False,False,main,6496.682414394357,-0.005141411683000727,True,17.038553714752197,train,71
30618_68847170,1785153751.0,1785153798.1,47.09999990463257,339.7999999523163,826.2000000476837,-993.9710322358437,-89.19744380541508,11.135255220355873,1.198583031558683,472,472,0.006869398189730649,0.13438303982242386,False,False,main,7088.523890759302,-0.00014722777938037013,True,46.83558225631714,train,80
30618_68847170,1785153893.7,1785153918.5,24.799999952316284,482.5,705.7999999523163,-697.2522223190991,278.68922537635365,-3.123110626032195,-0.2445299115808976,249,249,0.004055308509463387,0.14066189717406735,False,False,main,7650.695127654649,-0.00019633672762062746,True,24.538674116134644,train,87
30618_68847170,1785153978.4,1785153986.2,7.799999952316284,567.2000000476837,638.0999999046326,-278.7077606794986,178.7558068700768,-8.423479869460332,-0.2232002992640604,79,79,0.004587839750165595,0.1662208809985133,False,False,main,8081.026712906782,-0.002355874692565849,True,7.499795913696289,train,93
30618_68847170,1785154217.5,1785154242.2,24.700000047683716,806.2999999523163,382.09999990463257,1686.798291929376,294.15014033552137,5.668185680296649,0.06473803205379232,247,248,0.010668293579567835,0.12202407117565552,False,False,main,10072.855832467203,0.0013012725948192553,True,24.499128341674805,train,99
30618_68847170,1785154258.9,1785154333.8,74.89999985694885,847.7000000476837,290.5,1725.8246924974878,297.2485162607403,5.872825327657282,0.10145415265340912,674,750,0.0056071698557528145,0.08436024123520364,False,False,main,10112.00756180933,0.005209724304508852,True,74.69906640052795,train,100
30618_68847170,1785154366.2,1785154382.9,16.700000047683716,955.0,241.39999985694885,1817.2636651920452,309.00534630821494,6.685678468099962,0.12896367609890527,168,168,0.00527321571657027,0.08245718970805806,False,False,main,10204.205893358385,-0.010582138327562782,True,16.53856348991394,train,103
30618_68847170,1785154499.1,1785154522.9,23.800000190734863,1087.8999998569489,101.39999985694885,2313.5771659792545,702.9807413854797,9.032234044134015,1.0173304101080538,13,239,0.008994173622009364,0.10628810143636855,False,False,main,10878.345857544522,-0.0030418209823482104,True,23.63863253593445,train,112
30618_68847170,1785154565.9,1785154584.7,18.799999952316284,1154.7000000476837,39.59999990463257,2348.0241922803266,775.7846754955997,10.08403819814377,1.5090596402838437,0,189,0.015036735246906088,0.14041568307871627,False,False,main,10961.450977632247,-0.004309395628426514,True,18.399359703063965,train,116
30618_49fe4c54,1785154683.7,1785154706.8,23.09999990463257,0.0,1359.0,2400.641935156925,845.6134168902986,7.885268934899171,1.4087981318017102,0,232,0.011486524598665181,0.08135808450134714,True,False,main,11052.23163614462,-0.013272307302753956,True,20.759912490844727,train,119
30618_49fe4c54,1785154758.6,1785154786.4,27.800000190734863,74.89999985694885,1279.3999998569489,2341.5870391761046,815.8013463701203,8.500005567387161,-1.476645684258848,279,279,0.00852688459788244,0.11309399840965279,False,False,main,146.29768325273983,-0.009942510187672723,True,27.53861355781555,train,4
30618_49fe4c54,1785154804.5,1785154825.1,20.59999990463257,120.79999995231628,1240.7000000476837,2344.8225860415414,770.541697200958,9.030195283137147,-1.6500784572440186,122,207,0.007337133031761729,0.12999184384829704,False,False,main,191.67436838564416,-0.01397732246137409,True,20.32685875892639,train,6
30618_49fe4c54,1785154832.2,1785154874.9,42.700000047683716,148.5,1190.8999998569489,2344.8743099770804,769.4877890244231,9.020954116111037,-1.6962203545254677,163,428,0.014463755832278175,0.0,False,False,main,192.72956180307042,-0.0010602302029882635,True,42.661165952682495,train,6
30618_49fe4c54,1785154919.9,1785154939.6,19.699999809265137,236.20000004768372,1126.2000000476837,2151.018572428538,465.44058353283873,11.28239671706843,,0,198,0.09325508309353961,0.01913966221044118,False,False,,,,True,19.538517475128174,train,-1
30618_49fe4c54,1785154950.0,1785154982.6,32.59999990463257,266.2999999523163,1083.2000000476837,2141.0741250579163,450.50897692164773,11.315657891933082,,0,327,0.021679645801255424,0.13978158301165106,False,False,,,,True,32.33862257003784,train,-1
30618_49fe4c54,1785155030.0,1785155047.8,17.799999952316284,346.2999999523163,1018.0,1873.276936641507,320.13446583041735,7.712313584976257,-3.0084003150053977,139,177,0.06140724704174398,0.15335884497220206,False,False,main,881.3895662169768,-0.11775056862983463,True,17.538246870040894,train,22
30618_49fe4c54,1785155299.6,1785155339.4,39.80000019073486,615.8999998569489,726.3999998569489,371.06235973728144,141.96892065247573,-11.824548521250325,-2.873532519958515,399,399,0.005874614499603099,0.15238579429674237,False,False,main,2399.0152120673556,-0.009144719374068596,True,39.53746819496155,train,28
30618_49fe4c54,1785155409.9,1785155433.3,23.399999856948853,726.2000000476837,632.5,-110.24691060738856,144.6350256395304,-10.792490228929324,2.919185490230477,235,235,0.003560394014659596,0.08582950714356212,False,False,main,2888.4569335621845,0.0007717229597145031,True,23.23893690109253,train,32
30618_49fe4c54,1785155458.1,1785155476.7,18.600000143051147,774.3999998569489,589.0999999046326,-219.6637729673646,169.16650250926642,-9.206766877821671,2.9159865903051796,186,187,0.004478297622251125,0.13468638146924178,False,False,main,3000.590779496002,-0.004311163972793381,True,18.438571214675903,train,34
30618_49fe4c54,1785155482.6,1785155525.1,42.5,798.8999998569489,540.7000000476837,-224.8294331102395,170.32953981431228,-9.109826766042685,2.9195672928122063,425,425,0.006890382142498715,0.1467898779785468,False,False,main,3005.8857740556577,-0.007011303413967653,True,42.238980293273926,train,34
30618_49fe4c54,1785155576.1,1785155595.7,19.600000143051147,892.3999998569489,470.09999990463257,-640.9307400170137,268.45515149381526,-3.7096269967615467,2.743652320703504,6,197,0.008621777211914983,0.10529249087188228,False,False,main,3433.427322342381,0.025968368373444847,True,19.438567876815796,train,38
30618_49fe4c54,1785155603.0,1785155637.7,34.700000047683716,919.2999999523163,428.09999990463257,-646.519339734575,267.27445058950013,-4.097290616664717,2.9116217696297877,0,348,0.8662259357986761,0.11995340777801405,False,False,main,3438.5850816362336,2.486340793531185,True,34.53796100616455,train,39
30618_49fe4c54,1785155747.2,1785155773.1,25.899999856948853,1063.5,292.7000000476837,-1012.7805726371645,-128.11307406529778,11.343891250915517,-1.9456279726372216,260,260,0.023971613843337302,0.13962747043924256,False,False,main,4101.4763237175775,0.0546378592296952,True,25.73858618736267,train,45
30618_49fe4c54,1785155836.1,1785155853.6,17.5,1152.3999998569489,212.20000004768372,-1346.2885854458737,-394.73008671950544,13.31373059956092,-3.0034333765317234,169,176,0.03491996356626402,0.15471357613304187,False,False,main,4577.089691818216,0.014242379079072519,True,17.199858903884888,train,49
30618_49fe4c54,1785155909.2,1785155927.2,18.0,1225.5,138.59999990463257,-1758.2208763372969,-389.1155102987217,16.419755843089057,2.775476103413234,140,181,0.010048497034215039,0.13584759220303025,False,False,main,4997.344951584838,-0.00255751922131299,True,17.738539695739746,train,51
30618_49fe4c54,1785155960.4,1785155979.8,19.399999856948853,1276.7000000476837,86.0,-1964.398968510935,-311.1752841287553,15.724405033563535,2.775922634354083,154,195,0.007615046453676742,0.09898401856351129,False,False,main,5217.764224578657,0.015494752800176785,True,19.238044261932373,train,52
30618_ab5921a4,1785164950.7,1785164956.3,5.599999904632568,0.0,1148.4000000953674,2401.2627105470074,846.942434704838,7.885105794814785,1.2999636598289313,0,57,0.007819368613974727,0.0,True,False,main,0.04784996576570001,0.005862301715014193,False,0.0,train,0
30618_ab5921a4,1785165066.6,1785165096.1,29.5,115.89999985694885,1008.6000001430511,2164.1452406030166,484.9614543505488,11.567164627725806,-2.1617341269952965,255,296,0.005140595405938846,0.11038449388824675,False,False,main,531.5114943469495,0.03782138996985738,True,29.33734393119812,train,12
30618_ab5921a4,1785165156.1,1785165166.1,10.0,205.39999985694885,938.6000001430511,1913.3961030120138,325.3666424466012,8.334166383007739,-3.0086007244619037,95,101,0.025363488833566348,0.0829857460779353,False,False,main,840.930770918994,0.019511408532983655,True,9.70097041130066,train,20
30618_ab5921a4,1785165561.3,1785165575.4,14.100000143051147,610.5999999046326,529.2999999523163,-640.5820907165846,268.38124138136715,-3.757839356235765,2.8976963210364435,74,142,0.005478000172235172,0.156283322793264,False,False,main,3433.0710655236503,0.0159624441394037,True,13.836767435073853,train,38
30618_ab5921a4,1785165748.1,1785165766.5,18.40000009536743,797.3999998569489,338.2000000476837,-1078.3609177255705,-292.13594180914174,12.06796171279115,-2.144730554273002,181,185,0.003881789981293396,0.13205111406033815,False,False,main,4278.196727995965,-0.046524886366433954,True,18.236385345458984,train,46
30618_ab5921a4,1785165810.7,1785165821.1,10.399999856948853,860.0,283.60000014305115,-1305.0052513256978,-388.77329552764434,13.082658228899339,-2.700973077802126,0,105,0.003990340455512731,0.16939181358361474,False,False,main,4535.378554783698,-0.006661894227801815,True,10.136886596679688,train,48
30618_ab5921a4,1785165902.0,1785165908.7,6.700000047683716,951.2999999523163,196.0,-1757.8727443510224,-389.25287767234215,16.420242683679014,2.7768403201839793,68,68,0.005225110126729873,0.17294465759641447,False,False,main,4996.970750134504,0.0036616889452309857,True,6.436204671859741,train,51
30618_ab5921a4,1785165947.4,1785165953.9,6.5,996.7000000476837,150.79999995231628,-1963.9788920172523,-311.32940438192225,15.725276743680418,2.7768163399316323,66,66,0.0047211531306056475,0.17310544306788694,False,False,main,5217.316791826558,0.011416458342602617,True,6.1997246742248535,train,52
30618_ab5921a4,1785165982.2,1785166050.2,68.0,1031.5,54.5,-2073.706657045368,-269.78119231231165,14.501268392112786,2.9199619823449527,681,681,0.0037628466848729793,0.09860887291159333,False,False,main,5334.650473007332,0.015835929869180976,True,67.79966902732849,train,53
30618_073f08d1,1785167584.6,1785167598.4,13.800000190734863,0.0,1260.5,-2202.9460463537816,-376.88814065923424,13.860810247730102,0.8052629837341738,139,139,0.005449324565842915,0.0668124557540883,True,False,fan_F2,0.0,-0.003102803306537397,True,11.323004007339478,train,120
30618_073f08d1,1785167628.8,1785167691.2,62.40000009536743,44.200000047683716,1167.7000000476837,-2147.893501722184,-317.66398984470595,14.038469017015066,1.0432363201679549,625,625,0.004052911008538155,0.14467423871536897,False,False,fan_F2,80.99396247335805,-0.004903569624754317,True,62.19999289512634,train,129
30618_073f08d1,1785167747.9,1785167764.8,16.899999856948853,163.30000019073486,1094.1000001430511,-2015.5143015206772,-295.50970927023707,15.428237835813565,-0.3663337415260529,163,170,0.0050693784820100025,0.10333161263030886,False,False,main,5870.313138689046,0.0005897344499862559,True,16.737081289291382,train,67
30618_073f08d1,1785167798.6,1785167820.3,21.700000047683716,214.0,1038.6000001430511,-1816.0722221019737,-370.9326935360372,16.422666769103756,-0.3643696437349842,205,218,0.005296755901859261,0.11589600236869431,False,False,main,6083.541230343167,-0.005501369833593609,True,21.53691792488098,train,69
30618_073f08d1,1785167875.1,1785167896.0,20.90000009536743,290.5,962.9000000953674,-1414.6000205011796,-408.06434528391765,13.775441675910713,0.14104278646330395,210,210,0.005329612653819558,0.1375713904142797,False,False,main,6496.578510198734,0.009624553055549804,True,20.63696002960205,train,71
30618_073f08d1,1785167976.0,1785168011.8,35.799999952316284,391.40000009536743,847.1000001430511,-994.1351198748059,-89.5986994035897,11.149374202660017,1.1987288629954542,357,359,0.005666825687579985,0.11814753203396748,False,False,main,7088.090457988335,0.008108032068120986,True,35.536847829818726,train,80
30618_073f08d1,1785168108.2,1785168134.0,25.799999952316284,523.6000001430511,724.9000000953674,-697.2589140166223,278.7014751657395,-3.104311555675015,-0.2446045658697162,249,259,0.00391696450042695,0.11803095053910713,False,False,main,7650.6857236267,0.010118720910680976,True,25.63713812828064,train,87
30618_073f08d1,1785168187.5,1785168222.6,35.09999990463257,602.9000000953674,636.3000001907349,-306.12142267407114,184.92409455822087,-8.012759327198406,-0.22606649249259275,352,352,0.004822245000745065,0.11658613235465427,False,False,main,8052.927403808051,0.007149873903692804,True,34.90003538131714,train,92
30618_073f08d1,1785168236.7,1785168257.1,20.399999856948853,652.1000001430511,601.8000001907349,-278.1374309461268,178.6276350507946,-8.424651310099728,-0.2232757594174574,202,205,0.003929641742891934,0.09555617588419452,False,False,main,8081.611262407972,-0.001907041330431765,True,20.236984968185425,train,93
30618_073f08d1,1785168278.2,1785168315.0,36.799999952316284,693.6000001430511,543.9000000953674,-183.58078743204535,157.46251310838016,-9.819929192064789,-0.22640998711363028,368,369,0.0036748272531997744,0.11995875549611737,False,False,main,8178.508808155666,-0.004876916983004785,True,36.600523948669434,train,95
30618_073f08d1,1785168549.9,1785168556.4,6.5,965.3000001907349,302.5,1725.59926625883,297.22987194920745,5.8674373041542145,0.10153014763471659,66,66,0.004528097168463742,0.14752612259313214,False,False,main,10111.781381190882,0.007841694249552151,True,6.199681758880615,train,100
30618_073f08d1,1785168582.4,1785168637.9,55.5,997.8000001907349,221.0,1817.2815134580096,309.02687981392955,6.668471884119112,0.12835957197055797,556,556,0.008647082781703551,0.13624602872135946,False,False,main,10204.226454828711,0.008377777398100129,True,55.20091152191162,train,103
30618_073f08d1,1785168726.0,1785168766.2,40.200000047683716,1141.4000000953674,92.70000004768372,2316.11098192416,706.8450753228728,9.003087325067698,1.0415268658931487,137,403,0.03047721129015554,0.12462909993145295,False,False,main,10882.96666540619,0.025888764705109146,True,37.79965400695801,train,113
30618_073f08d1,1785168797.6,1785168820.5,22.90000009536743,1213.0,38.40000009536743,2347.9282723555434,775.7822563770409,8.966970241690909,1.4613249169331373,17,230,0.008201456776846203,0.04238100361498824,False,False,main,10961.450439023782,0.09163951789288276,True,22.79983401298523,train,116
30618_0652866c,1785168869.1,1785168875.1,6.0,0.0,1457.2000000476837,2401.2182425990623,846.8241976966401,7.842141822884123,1.3964389466825415,61,61,0.00551928280812248,0.1334557315006968,True,False,main,11053.572393252613,-0.0038559344661629556,False,0.0,train,119
30618_0652866c,1785168925.1,1785168961.2,36.10000014305115,56.0,1371.0999999046326,2341.476935020068,815.9885183313279,8.454069485068771,-1.6842510822066858,0,362,0.007666892604421293,0.09192504989556498,False,False,main,146.10253172631488,-0.10519034466600839,True,35.83654999732971,train,4
30618_0652866c,1785168977.0,1785169020.3,43.299999952316284,107.90000009536743,1312.0,2344.0415076287177,781.2986004398573,8.937873171456083,-1.6787149263485284,0,434,0.0067898884086903056,0.1267667412322169,False,False,main,180.88844553501838,-0.10782988519340025,True,43.03707504272461,train,5
30618_0652866c,1785169029.0,1785169036.6,7.599999904632568,159.90000009536743,1295.7000000476837,2344.714638544377,770.837532771318,9.041250582568356,-1.8141276521193468,0,77,0.00841481196817145,0.17951108826868856,False,False,main,191.37416147584898,-0.10913887072315295,True,7.436607360839844,train,6
30618_0652866c,1785169082.0,1785169100.0,18.0,212.90000009536743,1232.2999999523163,2150.943694872384,465.24115521594695,11.307288854843359,-2.160208325069266,154,181,0.0036036922816968515,0.16676717826709314,False,False,main,555.2428885806688,0.005186023286308383,True,17.736891269683838,train,14
30618_0652866c,1785169149.0,1785169171.7,22.700000047683716,279.90000009536743,1160.5999999046326,1873.031781134557,319.9792089593384,7.5569933279489385,-3.013245805470538,197,228,0.05862750940345696,0.13738531214733313,False,False,main,881.6530929633562,0.0037088083673849216,True,22.53667187690735,train,22
30618_0652866c,1785169173.5,1785169193.8,20.299999952316284,304.40000009536743,1138.5,1873.0222822646692,319.9633395815239,7.575194407678559,-3.0118196052254445,152,204,0.20449637181595762,0.0,False,False,main,881.6646093073527,0.01818083318481474,True,20.299999952316284,train,22
30618_0652866c,1785169495.9,1785169512.7,16.799999952316284,626.8000001907349,819.5999999046326,-110.1597441668098,144.61850702446736,-10.830088334437384,2.9184182468108935,133,169,0.0036831119047234136,0.1638511654692171,False,False,main,2888.368256277957,-0.001910117594997146,True,16.537067413330078,train,32
30618_0652866c,1785169537.5,1785169558.3,20.799999952316284,668.4000000953674,774.0,-220.1144365130727,169.26172115189732,-9.247334812267109,2.911505245443727,192,209,0.011810643446952509,0.10654752513270227,False,False,main,3001.05136065928,0.0010899578327930707,True,20.637195110321045,train,34
30618_0652866c,1785169564.7,1785169604.5,39.799999952316284,695.6000001430511,727.7999999523163,-224.67182480356036,170.27877678539747,-9.177120537349346,2.9183916318675878,264,399,0.003776523666777715,0.11855888708740715,False,False,main,3005.7208353757437,0.0075659153557024765,True,39.63686943054199,train,34
30618_0652866c,1785169635.6,1785169677.1,41.5,766.5,655.2000000476837,-438.4974301357054,218.92844594941135,-6.197391176765688,,0,416,0.16530497533220942,0.13691684316390057,False,False,,,,True,41.33724665641785,train,-1
30618_0652866c,1785169709.2,1785169737.3,28.09999990463257,840.1000001430511,595.0,-641.9600928819345,268.7427460076274,-3.7544927413923257,2.88932310355097,66,282,0.021485341769766794,0.10313077427049286,False,False,main,3434.495432026929,-0.011512628767578833,True,27.936943531036377,train,38
30618_0652866c,1785169835.6,1785169856.7,21.100000143051147,966.5,475.59999990463257,-947.688156699475,40.10510193408349,8.195231563698009,-1.9407816509511135,212,212,0.005173921720892476,0.14827028487715188,False,False,main,3921.102393563448,-0.002984641395070779,True,20.80014204978943,train,43
30618_0652866c,1785169888.3,1785169924.7,36.40000009536743,1019.2000000476837,407.59999990463257,-1012.6891313014798,-127.73267964558593,11.339912907370673,-1.9452843927279075,365,365,0.004081750987709959,0.12400211770762253,False,False,main,4101.088914311356,9.077506184091239e-05,True,36.20011782646179,train,45
30618_0652866c,1785169989.4,1785170013.0,23.59999990463257,1120.3000001907349,319.2999999523163,-1346.3066663793797,-394.7157940345128,13.328627774038054,-3.0003234956394653,235,237,0.0041206659169425565,0.11360275296176481,False,False,main,4577.105492557793,-0.002536704018165447,True,23.39821434020996,train,49
30618_0652866c,1785170072.6,1785170093.5,20.90000009536743,1203.5,238.79999995231628,-1758.1967816885053,-389.1277668201062,16.406611321720526,2.7760242963176385,204,210,0.004755323064451513,0.10985841592046797,False,False,main,4997.31808603094,0.00044521795979720404,True,20.699894905090332,train,51
30618_0652866c,1785170126.2,1785170165.9,39.700000047683716,1257.1000001430511,166.39999985694885,-1964.3540176702536,-311.1749348992075,15.718419158371146,2.7773485638989155,393,398,0.003949608303737707,0.11970357391401161,False,False,main,5217.722293966156,-0.000707832626496641,True,39.49964714050293,train,52
30618_0652866c,1785170195.0,1785170203.5,8.5,1325.9000000953674,128.79999995231628,-2074.046623867853,-269.65660774842644,14.506563092364217,2.926649239023331,86,86,0.00376643568311762,0.09227211764494958,False,False,main,5335.012383432114,0.004899825312576925,True,8.301664590835571,train,53
30618_0652866c,1785170230.9,1785170266.6,35.69999980926514,1361.8000001907349,65.70000004768372,-2136.470931195773,-296.10393939085395,14.0845327932177,-2.355327952472613,358,358,0.0040835817159404495,0.12507838717352204,False,False,main,5408.679857079703,-0.0014341860468485108,True,34.53582453727722,train,55
30618_9c09b081,1785172171.4,1785172176.9,5.5,0.0,1325.5999999046326,2401.195353205236,846.7816060092057,7.905555126426901,1.3957123552628286,56,56,0.004389373866181226,0.0,True,False,main,11053.52409673224,-0.0015273494395120625,False,0.0,train,119
30618_9c09b081,1785172241.2,1785172260.8,19.59999990463257,69.79999995231628,1241.7000000476837,2341.5744013198428,815.9536846109951,8.45438905593314,-1.509822094762518,195,197,2.4361011338997036,0.1326438670476275,False,False,main,146.1448236799039,-0.010720993415770312,True,19.33687400817871,train,4
30618_9c09b081,1785172279.1,1785172314.3,35.200000047683716,107.69999980926514,1188.2000000476837,2344.859605690321,770.6354994954114,8.802521204731166,-1.651192346362914,229,353,0.007166938217919939,0.17004641714433924,False,False,main,191.58223628280734,0.027022683238407615,True,35.03728699684143,train,6
30618_9c09b081,1785172359.7,1785172367.8,8.099999904632568,188.29999995231628,1134.7000000476837,2151.0000854718955,465.34463849750205,11.319210702324352,-2.160539146449779,82,82,0.005032161947000299,0.1801558519655014,False,False,main,555.1255295521299,-0.005563288090811885,True,7.73697566986084,train,14
30618_9c09b081,1785172378.2,1785172394.4,16.200000047683716,206.79999995231628,1108.0999999046326,2141.1031389437876,450.5490698535053,11.23584546240256,-2.188127490349314,163,163,0.005220146810805416,0.012423440270878399,False,False,main,572.9265410008799,-0.013785009094451394,True,16.13631248474121,train,16
30618_9c09b081,1785172441.0,1785172462.5,21.5,269.59999990463257,1040.0,1873.3367285193394,320.0210933644159,7.55975030207097,-3.0138203943581634,216,216,0.003995223738938146,0.16667969086970283,False,False,main,881.3452841556917,0.002530285001626397,True,21.237107276916504,train,22
30618_9c09b081,1785172774.4,1785172825.3,50.89999985694885,603.0,677.2000000476837,-110.41444785453386,144.67269922181328,-10.83894388994005,,0,510,0.004750184369217759,0.13014574391653888,False,False,,,,True,50.73645091056824,train,-1
30618_9c09b081,1785172850.3,1785172869.8,19.5,678.8999998569489,632.7000000476837,-219.61470255248543,169.15323110902378,-9.243614867797403,2.916460371450389,168,196,0.002918192718438921,0.138776171135157,False,False,main,3000.539996199214,-0.002067058408729721,True,19.23675012588501,train,34
30618_9c09b081,1785172876.3,1785172917.1,40.799999952316284,704.8999998569489,585.4000000953674,-224.70098383819266,170.29167548006055,-9.178321916680382,2.918826991309758,404,409,0.003985387956691467,0.11810701675942512,False,False,main,3005.752127714538,0.0014491222844823558,True,40.63710904121399,train,34
30618_9c09b081,1785172966.9,1785173009.9,43.0,795.5,492.59999990463257,-640.4086558379763,268.36173211892117,-3.7491712280700593,2.7841923343137953,98,431,0.007719184250457765,0.11020286503654593,False,False,main,3432.8978943184775,-0.005699684697010558,True,42.80036640167236,train,38
30618_9c09b081,1785173107.4,1785173135.4,28.0,936.0,367.09999990463257,-947.6218563945664,40.27896471506368,8.208140433013863,-1.9402916602664624,187,281,0.10680092389473594,0.11949676806988722,False,False,main,3920.9163202689147,-0.0036360891853502455,True,27.799627780914307,train,43
30618_9c09b081,1785173167.5,1785173204.2,36.700000047683716,996.0999999046326,298.2999999523163,-1012.3805088600061,-126.9459404496638,11.372827032440586,,0,368,3.1545253477074877,0.0,False,False,,,,True,36.700000047683716,train,-1
30618_9c09b081,1785173276.3,1785173294.6,18.299999952316284,1104.8999998569489,207.90000009536743,-1346.139311697822,-394.6948757149789,13.338865053343735,-2.9331643964739214,0,184,0.03847495453364927,0.1458388160389892,False,False,main,4576.936876777772,0.001174167057664441,True,18.036925315856934,train,49
30618_9c09b081,1785173353.3,1785173371.5,18.200000047683716,1181.8999998569489,131.0,-1758.143479861833,-389.14476788338607,16.41292573533408,2.7748888903804723,182,183,0.005217643786355954,0.15512883955512363,False,False,main,4997.262209885141,-0.0023791775243083087,True,17.936901807785034,train,51
30618_9c09b081,1785173404.1,1785173423.1,19.0,1232.6999998092651,79.40000009536743,-1964.3370878023245,-311.189786425149,15.709623968432387,2.777431590279645,103,191,0.0028513908263026835,0.13446439143965816,False,False,main,5217.701209851639,0.007207239445659083,True,18.800413131713867,train,52
30618_e2dcf65f,1785173882.8,1785173888.3,5.5,0.0,1089.4000000953674,-2206.3573182353903,-373.1705787466284,13.81635236278012,0.7989238455138795,43,56,0.004827899972444864,0.14541698448450238,True,False,main,5633.175807757499,-0.000709002556661169,False,0.0,train,58
30618_e2dcf65f,1785173963.8,1785173982.2,18.40000009536743,81.0,995.5,-2015.1594526357576,-295.6453399320597,15.449046023134105,-0.3672759806005586,178,185,0.004200309170774484,0.11205521899805568,False,False,main,5870.693020762664,-0.001182759622329873,True,18.100173711776733,train,67
30618_e2dcf65f,1785174015.5,1785174031.9,16.40000009536743,132.70000004768372,945.7999999523163,-1815.8286081457431,-371.0266953334728,16.43183026335966,-0.36392877013385116,165,165,0.0038479159804940236,0.08427461838291861,False,False,main,6083.802333844742,-0.008511196502074027,True,16.237069606781006,train,69
30618_e2dcf65f,1785174086.9,1785174104.7,17.799999952316284,204.10000014305115,873.0,-1414.508352692025,-408.0621500727997,13.792961732857572,0.14122972906500098,179,179,0.0036186939364026786,0.12242744905110414,False,False,main,6496.66958410945,-0.0010683529161435066,True,17.436991930007935,train,71
30618_e2dcf65f,1785174182.6,1785174229.2,46.60000014305115,299.7999999523163,748.5,-994.0022548374138,-89.28493181324609,11.153549635735025,1.1982437466018034,466,467,0.002899880751474417,0.1619050802331136,False,False,main,7088.431030586212,-0.0025948014196993116,True,46.40046262741089,train,80
30618_e2dcf65f,1785174325.1,1785174378.1,53.0,442.2999999523163,599.6000001430511,-697.2293396387744,278.68105840963096,-3.0907080839603056,-0.24450955268844674,471,531,0.003455295267654932,0.10919755967473038,False,False,main,7650.719293916744,-0.0027079458990191597,True,52.73710823059082,train,87
30618_e2dcf65f,1785174427.7,1785174485.5,57.799999952316284,544.9000000953674,492.2000000476837,-278.6914566722715,178.75506319776966,-8.421778887583189,-0.22389161239489083,562,579,0.003449583522632741,0.15074708743663132,False,False,main,8081.042779890875,0.0005121773196317476,True,57.53717350959778,train,93
30618_e2dcf65f,1785174527.6,1785174547.9,20.300000190734863,644.7999999523163,429.7999999523163,105.69254905925243,104.5553401033876,-11.771330584382083,-0.042035171379482476,125,204,0.004258721168071489,0.11773461455266976,False,False,main,8473.091118279986,0.0059757138994968794,True,20.136924743652344,train,96
30618_e2dcf65f,1785174743.7,1785174753.6,9.899999856948853,860.9000000953674,224.10000014305115,1725.6243008424703,297.2243155565005,5.873680323020933,0.1013075411429706,100,100,0.004934482929353343,0.15470399750118763,False,False,main,10111.805782497753,-4.3741750390577495e-05,True,9.599353790283203,train,100
30618_e2dcf65f,1785174779.6,1785174796.7,17.100000143051147,896.7999999523163,181.0,1817.2054432313198,309.0015159112238,6.656345095522212,0.12877309625544006,76,172,0.004299185393916972,0.16409667254423685,False,False,main,10204.147680827358,-0.006611007079220909,True,16.93700861930847,train,103
30618_e2dcf65f,1785174878.7,1785174902.0,23.299999952316284,995.9000000953674,75.70000004768372,2313.837373914415,703.3616667419171,9.010394946466759,0.9792500096896816,221,234,0.00591225974123558,0.10784848074949083,False,False,main,10878.807130927837,-0.00886718453908739,True,23.137112140655518,train,112
30618_e2dcf65f,1785174940.9,1785174977.7,36.799999952316284,1058.1000001430511,0.0,2348.036587803309,775.110555952969,8.962511457553212,1.4780813594541744,132,369,0.00436925570104792,0.13205137425118452,False,True,main,10960.776743268983,-0.0033407647409928426,True,36.53694987297058,train,116
30618_28538acf,1785175047.6,1785175053.1,5.5,0.0,1284.7000000476837,2401.5678860992807,847.6106490369926,7.856505915494189,1.4435754444348705,53,56,0.0030512629985343796,0.0,True,False,main,0.7824438300895096,0.002129139879918836,False,0.0,train,0
30618_28538acf,1785175103.3,1785175126.8,23.5,55.700000047683716,1211.0,2341.5998688790523,815.8176792880186,8.467847340684134,-1.498312903214751,236,236,0.005730479572507356,0.15969894067813237,False,False,main,146.28239515367318,0.004115921863267356,True,23.23700475692749,train,4
30618_28538acf,1785175144.8,1785175167.5,22.700000047683716,97.20000004768372,1170.2999999523163,2344.8406466237457,770.5688894549082,9.014735103162781,-1.6447580342090122,226,228,0.011220927157234273,0.1457301157099824,False,False,main,191.64797394632674,0.0052304071695603105,True,22.437046766281128,train,6
30618_28538acf,1785175255.7,1785175263.7,8.0,208.10000014305115,1074.0999999046326,2149.9017492241587,463.66831692271006,11.330952686597769,-2.223847037584238,0,81,0.0033919353050468593,0.13822392584782925,False,False,main,557.1295167101194,0.015276846109021266,True,7.836761236190796,train,14
30618_28538acf,1785175313.0,1785175320.9,7.900000095367432,265.40000009536743,1016.8999998569489,1871.7216378994779,319.805694148329,7.545183636564757,-2.9472080760338786,0,80,0.0057762669328678025,0.10443574544945049,False,False,main,882.9746745800129,0.002614931774408892,True,7.636279582977295,train,22
30618_28538acf,1785175639.0,1785175679.1,40.09999990463257,591.4000000953674,658.7000000476837,-219.47110081781346,169.12288346127127,-9.237909152328232,2.9140548206969594,386,402,0.0040691295980041465,0.022212173048343872,False,False,main,3000.3932332024283,-0.0038165438823240666,True,40.03706979751587,train,34
30618_28538acf,1785175712.7,1785175723.7,11.0,665.1000001430511,614.0999999046326,-435.57880215224395,217.99065605649045,-6.292663513968194,2.9045398217454106,111,111,0.005084924466986386,0.12961740538515926,False,False,main,3221.961708463312,0.002570438397192323,True,10.700101613998413,train,35
30618_28538acf,1785175756.0,1785175787.9,31.90000009536743,708.4000000953674,549.8999998569489,-609.0915270643865,261.96756690880966,5.637305471060944,2.899077905053505,47,320,0.20615988487350792,0.11847658689752205,False,False,main,3400.9635824490697,-1.2544813210538646,True,31.73720955848694,train,37
30618_28538acf,1785175912.0,1785175936.9,24.90000009536743,864.4000000953674,400.89999985694885,-947.6052331131652,40.29083784024044,8.204142860197372,-1.9406255461746318,241,250,0.005118150600994904,0.14733326749857162,False,False,main,3920.8992632152363,0.0076049741905104135,True,24.63667583465576,train,43
30618_28538acf,1785175969.1,1785175991.1,22.0,921.5,346.7000000476837,-1012.3556163981351,-126.87654372497217,11.3642827111871,-1.9459384661318673,221,221,0.0034621532417372625,0.13639780842933077,False,False,main,4100.17012060837,-0.004142688562414519,True,21.83722686767578,train,45
30618_28538acf,1785176026.0,1785176033.7,7.700000047683716,978.4000000953674,304.09999990463257,-1105.2705290936824,-325.5595657878325,12.165398731058776,-2.40934094047927,78,78,0.0035338522874098256,0.18147511985696577,False,False,main,4321.255602143143,-0.002784160244434319,True,7.436905145645142,train,47
30618_28538acf,1785176073.0,1785176090.7,17.700000047683716,1025.4000000953674,247.09999990463257,-1346.0220298685424,-394.68619104298455,13.342139440249092,-3.000118264379421,178,178,0.003923535142506037,0.15489900000843848,False,False,main,4576.819581880349,0.009680520286200738,True,17.437214851379395,train,49
30618_28538acf,1785176145.9,1785176163.9,18.0,1098.3000001907349,173.89999985694885,-1758.0593964531608,-389.1634539045965,16.426397572717406,2.7767633828848117,181,181,0.005085423355589727,0.1400654453759268,False,False,main,4997.176924958541,-0.014448489746203405,True,17.737333297729492,train,51
30618_28538acf,1785176196.8,1785176204.6,7.799999952316284,1149.2000000476837,133.20000004768372,-1964.2951925618813,-311.1977860393821,15.751837161529231,2.7773239968809893,79,79,0.004414430416775834,0.12141618663488377,False,False,main,5217.659189251488,-0.0001053635560591882,True,7.637015104293823,train,52
30618_28538acf,1785176232.6,1785176288.4,55.80000019073486,1185.0,49.39999985694885,-2073.649275295737,-269.78938474622686,14.510786258229068,2.920137739250845,550,559,0.004181993499069745,0.1581255069222538,False,False,main,5334.593438022325,0.005501925345844089,True,55.43710732460022,train,53
30618_8158f0b0,1785178103.3,1785178108.6,5.299999952316284,0.0,1178.5,2400.949021903827,846.3139203801966,7.838211117812559,1.3709731227538557,54,54,0.00966089585025758,0.0,True,False,main,11052.995924447985,0.019520115478694554,False,0.0,train,119
30618_8158f0b0,1785178164.0,1785178187.4,23.40000009536743,60.700000047683716,1099.6999998092651,2341.5990844266094,815.7268408708785,8.456710299589766,-1.3960285476717342,36,235,0.0035069497281715566,0.1277969248650492,False,False,main,146.372898790117,-0.003715117952383805,True,23.237285614013672,train,4
30618_8158f0b0,1785178244.6,1785178262.8,18.200000047683716,141.29999995231628,1024.2999999523163,2150.9380499258027,465.25822662377095,11.324938192909887,-2.161415159603118,164,183,0.003622599924419515,0.15734073036887253,False,False,main,555.2318478100709,-0.00900551544667618,True,17.937002420425415,train,14
30618_8158f0b0,1785178311.8,1785178368.2,56.40000009536743,208.5,918.8999998569489,1873.1815328670925,320.0100771551176,7.553646403249501,-3.0136250938035563,565,565,0.0056485991289483,0.182168382103563,False,False,main,881.5005742327073,-0.007063427737374715,True,56.13631629943848,train,22
30618_8158f0b0,1785178674.6,1785178720.3,45.700000047683716,571.2999999523163,566.7999999523163,-219.65449979080034,169.16518495787096,-9.895566452749673,2.9172654963075484,452,458,0.005903284218975048,0.09900433250635332,False,False,main,3000.5814422600724,-0.005048571904236902,True,45.537437200546265,train,34
30618_8158f0b0,1785178777.3,1785178811.4,34.10000014305115,674.0,475.69999980926514,-641.7062921722446,268.68444158636373,-3.745664847013681,2.8998724670404363,341,342,0.0036559475366379495,0.0820497661994483,False,False,main,3434.23503868961,-0.014597374777363023,True,33.936967849731445,train,38
30618_8158f0b0,1785178846.3,1785178863.3,17.0,743.0,423.7999999523163,-782.6094924092127,303.31129656955574,-2.062013302684597,2.8986015959852525,171,171,0.00565419648677316,0.10281937127697155,False,False,main,3579.3316590602653,-0.010342935215269761,True,16.79959535598755,train,40
30618_8158f0b0,1785178927.9,1785178944.0,16.09999990463257,824.6000001430511,343.09999990463257,-947.6680385669142,40.12922100754798,8.235783458199036,,0,162,0.13108566269353383,0.11662387128917949,False,False,,,,True,15.799709796905518,train,-1
30618_8158f0b0,1785178977.4,1785178998.8,21.399999856948853,874.1000001430511,288.2999999523163,-1012.5816317871182,-127.4704956531601,11.38858483982569,-1.9465505218972454,160,215,0.014167251765564087,0.11193416753986479,False,False,main,4100.805572205615,0.003817889531585299,True,21.20024013519287,train,45
30618_8158f0b0,1785179061.7,1785179079.8,18.09999990463257,958.4000000953674,207.29999995231628,-1346.333108975668,-394.70947292597793,13.305022925615086,-3.0006250329498907,182,182,0.004288796662359167,0.09076607163494395,False,False,main,4577.130729099371,-0.01265027315924274,True,17.936769723892212,train,49
30618_8158f0b0,1785179135.0,1785179153.3,18.299999952316284,1031.7000000476837,133.79999995231628,-1758.241255304481,-389.11086200575124,16.41685095139585,2.774723873386834,159,184,0.004001856059132874,0.08986843508802608,False,False,main,4997.365663750631,0.00025586294242386707,True,18.09986972808838,train,51
30618_8158f0b0,1785179185.8,1785179203.7,17.90000009536743,1082.5,83.39999985694885,-1964.4672046091082,-311.13313074382836,15.717286902762574,2.776274089678178,180,180,0.004632066862114312,0.10002642355915445,False,False,main,5217.842951005909,0.00015778416316992197,True,17.600188970565796,train,52
30618_8158f0b0,1785179281.9,1785179287.1,5.199999809265137,1178.6000001430511,0.0,-2193.9454309656426,-387.21381527105024,13.422938253115003,-2.5785062895178803,52,53,0.0036482149541994307,0.09643416283313616,False,True,west_arrival_2,123.58891848995977,-0.017167320028956122,False,0.0,train,130
30618_21dd3af3,1786373111.8,1786373118.9,7.1000001430511475,0.0,1069.6999998092651,-2206.159404300126,-399.09831551537263,13.400152526917628,0.5640940215000976,72,72,0.009532483868098685,0.12304503948367157,True,False,,,,False,0.0,train,-1
30618_21dd3af3,1786373191.2,1786373198.4,7.200000047683716,79.40000009536743,990.1999998092651,-2016.1892043431296,-295.9685522561613,12.679205133490484,-0.3660906109733995,73,73,0.0059205672801420275,0.12257465434897445,False,False,main,5869.843239245353,-0.6667071210889634,True,7.001893758773804,train,67
30618_21dd3af3,1786373232.8,1786373241.6,8.799999952316284,121.0,947.0,-1816.88978343905,-371.40929031954255,13.64900807814063,-0.36403593573132614,89,89,0.016658480439056874,0.16003832190537282,False,False,main,6082.942180335557,-0.7377082550208711,True,8.399525165557861,train,69
30618_21dd3af3,1786373341.5,1786373355.4,13.900000095367432,229.70000004768372,833.1999998092651,-1153.3958569585393,-363.7775856968148,9.724931834971601,0.4914185631929436,140,140,0.0067474452369879374,0.1285615184522182,False,False,main,6762.024608337627,-0.2105885297516172,True,13.600014686584473,train,75
30618_21dd3af3,1786373476.3,1786373498.7,22.40000009536743,364.5,689.8999998569489,-830.8988083408586,299.75436702927954,-2.3826391184874085,0.34657674444839237,225,225,0.008321995462751008,0.10160674498116727,False,False,main,7513.063362382088,0.05342028675044554,True,22.201629638671875,train,84
30618_21dd3af3,1786373656.5,1786373682.7,26.200000047683716,544.7000000476837,505.89999985694885,107.33053740944838,104.47391589061166,-11.770156486618564,-0.040116694235614314,263,263,0.005673389604418541,0.08374338940563346,False,False,main,8474.731142508135,0.002930885909946272,True,26.101781845092773,train,96
30618_21dd3af3,1786373881.4,1786373902.6,21.199999809265137,769.6000001430511,286.0,1725.2711198626355,297.19170171934786,5.888178103276864,0.10134611864870308,213,213,0.0067731567350197116,0.1319287125197974,False,False,main,10111.451099631817,0.0006881056484915294,True,21.001669883728027,train,100
30618_21dd3af3,1786373929.1,1786373983.8,54.700000047683716,817.2999999523163,204.79999995231628,1817.0258534580848,308.99272255596185,6.688246665967407,0.1292143959572309,548,548,0.00878845797850627,0.13692239401428458,False,False,main,10203.968521333523,0.008595012828123893,True,54.5017614364624,train,103
30618_21dd3af3,1786374030.9,1786374035.9,5.0,919.1000001430511,152.69999980926514,2092.9314050991998,392.82609193852204,11.058711919875092,0.6959618479820043,51,51,0.013726050698177951,0.13971105080458465,False,False,main,10496.696368416677,0.0076172264543611975,False,0.0,train,107
30618_21dd3af3,1786374082.8,1786374099.6,16.799999952316284,971.0,89.0,2313.8003125957634,703.2005902777559,9.169521060228533,0.9789458880169858,165,169,0.09073881462401737,0.16005277099862097,False,False,main,10878.652439223468,-0.06708784450042395,True,16.40021800994873,train,112
30618_21dd3af3,1786374131.8,1786374149.1,17.299999952316284,1020.0,39.5,2347.6733363647945,771.4994482070017,8.04398280008003,1.3514258581863134,0,174,0.2364728420142445,0.08655250268865597,False,False,main,10957.201150956558,0.559951638912778,True,17.20162057876587,train,116
30618_4d487b0d,1786374214.3,1786374225.1,10.799999952316284,0.0,1064.3000001907349,2396.4760023699314,839.0258371845105,7.901955207038762,0.881481615010878,109,109,0.006850469561859912,0.0,True,False,main,11044.423288844626,0.0044306123989031575,True,8.434203386306763,train,119
30618_4d487b0d,1786374314.9,1786374345.9,31.0,100.60000014305115,943.5,2309.6894736720315,698.0265968632627,10.034290494627202,,0,308,28.102414133018105,7.152060462739449,False,False,,,,False,0.0,train,-1
30618_4d487b0d,1786374420.7,1786374430.5,9.799999952316284,206.40000009536743,858.9000000953674,2119.1828143749344,423.0707371658981,10.486230788482809,-2.267418638842422,0,99,4.494844832603212,0.11561524080086308,False,False,main,608.14574253633,-0.3400884106363178,True,9.599980354309082,train,17
30618_4d487b0d,1786374445.5,1786374452.3,6.799999952316284,231.20000004768372,837.1000001430511,2062.0124523704308,375.0759215923119,10.728828464302689,-2.6307431291438896,69,69,0.020076691084240504,0.16683697180616003,False,False,main,683.0793149326544,-0.023008299303267924,True,6.601106643676758,train,18
30618_4d487b0d,1786374485.0,1786374519.1,34.09999990463257,270.7000000476837,770.3000001907349,1840.1726471986897,315.6048332937584,7.047003416678357,-3.0134994260847385,268,342,0.007376419741968122,0.1120765415493352,False,False,main,914.8021989336537,0.010433980086621993,True,33.901671409606934,train,25
30618_4d487b0d,1786374913.6,1786374919.6,6.0,699.2999999523163,369.80000019073486,-782.0464108045167,303.1647815363388,-2.055340198151534,2.8988806348882403,61,61,0.006161126369887465,0.1070420710087435,False,False,main,3578.7498820846363,-0.002399438906917989,True,5.700055360794067,train,40
30618_4d487b0d,1786375039.9,1786375069.4,29.5,825.6000001430511,220.0,-1105.175745109193,-325.4560416569066,12.14687008604588,-2.409045464278252,230,296,0.0036882560740283247,0.10212595038736799,False,False,main,4321.115570307105,-0.012393233854830278,True,29.30037498474121,train,47
30618_4d487b0d,1786375208.1,1786375213.9,5.800000190734863,993.7999999523163,75.5,-1964.0002700016164,-311.3009132757331,15.775521490843513,2.777427197452047,59,59,0.0048246976227761616,0.06969705907266373,False,False,main,5217.346847508266,-0.007699434114444104,True,5.6001482009887695,train,52
30618_3b36e5cd,1786378467.3,1786378473.4,6.1000001430511475,0.0,1252.0,2401.352822504116,847.1087471918497,7.838802776230098,1.4119298864053904,60,62,0.3033860626877243,0.048474407306371224,True,False,main,0.23649886703219367,-0.00797967072065011,False,0.0,train,0
30618_3b36e5cd,1786378523.9,1786378550.2,26.299999952316284,56.60000014305115,1175.2000000476837,2341.3879881388666,815.5566939323861,8.048559050689548,-1.507939180806077,0,264,0.011992888399203004,0.12116292731273044,False,False,main,146.52615185885088,-0.22737807934869178,True,26.100598335266113,train,4
30618_3b36e5cd,1786378573.5,1786378582.7,9.200000047683716,106.20000004768372,1142.7000000476837,2344.7302481437987,770.1116961975545,8.36183124198584,-1.5815187332063931,0,93,0.026583620642627676,0.049506425097142016,False,False,main,192.1010921904483,-0.12379055200344613,True,9.101695537567139,train,6
30618_3b36e5cd,1786378605.7,1786378616.9,11.200000047683716,138.40000009536743,1108.5,2305.8546901154405,697.13826359778,7.296465890931918,-2.10263677543689,0,113,0.00653490060140445,0.1142335299715471,False,False,main,276.3614604576746,0.3333088965893034,True,10.999994277954102,train,7
30618_3b36e5cd,1786378661.5,1786378672.1,10.599999904632568,194.20000004768372,1053.3000001907349,2150.8485123860064,465.0972912447414,11.327830683218073,-2.1614880711381734,49,107,0.005380477365072969,0.08767097934873068,False,False,main,555.4153865626691,0.0061830839238573325,True,10.49855375289917,train,14
30618_3b36e5cd,1786378720.8,1786378741.0,20.200000047683716,253.5,984.4000000953674,1873.1824180147833,320.0102636560584,7.54344598377305,-3.0131354527667797,194,203,0.005899344828055472,0.16306793735666397,False,False,main,881.4996722000651,-0.007131296342247504,True,19.999836921691895,train,22
30618_3b36e5cd,1786378769.3,1786378813.7,44.40000009536743,302.0,911.7000000476837,1791.1919494081492,309.0461833913129,6.335484303842605,-3.0117868953491627,445,445,0.005756410276891129,0.13589918950071314,False,False,main,964.2201475151672,-0.000850892456860577,True,44.20156979560852,train,26
30618_3b36e5cd,1786379014.5,1786379030.7,16.200000047683716,547.2000000476837,694.7000000476837,317.93123879543214,127.21556696135256,-11.993374157348677,-2.8769265239349093,163,163,0.005004745493472055,0.08842257773145833,False,False,main,2454.1573738370193,0.003908771918584241,True,16.001677751541138,train,29
30618_3b36e5cd,1786379086.0,1786379105.7,19.700000047683716,618.7000000476837,619.7000000476837,-110.0398138759204,144.57767958154935,-10.80323534215596,2.920021794536229,198,198,0.004282649934536594,0.15658060902578497,False,False,main,2888.242341158581,0.012073354099049537,True,19.40161442756653,train,32
30618_3b36e5cd,1786379131.0,1786379157.8,26.799999952316284,663.7000000476837,567.6000001430511,-219.6760517056278,169.17540944511583,-9.262817596520836,2.917016230800844,269,269,0.006537347535488567,0.15141059214191968,False,False,main,3000.604705734236,-0.010324549725962029,True,26.60179352760315,train,34
30618_3b36e5cd,1786379169.3,1786379197.9,28.600000143051147,702.0,527.5,-224.676318221484,170.28972531359162,-9.175020726138264,2.9191154046540086,286,287,0.005678008373359921,0.16023816104673827,False,False,main,3005.7276431368514,-0.002114759360231424,True,28.301314115524292,train,34
30618_3b36e5cd,1786379248.6,1786379260.3,11.700000047683716,781.2999999523163,465.10000014305115,-640.627244145662,268.40259251472486,-3.6741432504690223,2.8967009924776885,55,118,0.27836402328834103,0.14959723100720698,False,False,main,3433.1199695036053,0.00580844011856614,True,11.501825094223022,train,38
30618_3b36e5cd,1786379264.5,1786379271.7,7.200000047683716,797.2000000476837,453.7000000476837,-640.6405141699138,268.3986027860053,-3.7261458008627066,2.910451457183491,64,73,0.09622132375805448,0.0,False,False,main,3433.131932015434,0.012801993554274766,True,7.200000047683716,train,38
30618_3b36e5cd,1786379386.8,1786379412.4,25.600000143051147,919.5,313.0,-1012.326130646738,-126.83442751253986,11.378289359164814,-1.9462647939972924,255,257,0.004365488725598446,0.1188223816647302,False,False,main,4100.120116534419,0.007806264257439457,True,25.299927473068237,train,45
30618_3b36e5cd,1786379447.2,1786379458.0,10.799999952316284,979.9000000953674,267.40000009536743,-1105.1122399953697,-325.407812216791,12.194683323508182,-2.4090288903872294,109,109,0.005017615844379854,0.11032121681815625,False,False,main,4321.036311065489,-0.0034454500675795245,True,10.60150933265686,train,47
30618_3b36e5cd,1786379497.0,1786379518.0,21.0,1029.7000000476837,207.40000009536743,-1346.1682753336124,-394.7074867356587,13.35755723863223,-3.000014310741201,211,211,0.004352969694363151,0.13355652729959108,False,False,main,4576.9673694940675,0.009427911281570295,True,20.80134081840515,train,49
30618_3b36e5cd,1786379573.1,1786379593.7,20.600000143051147,1105.7999999523163,131.70000004768372,-1758.1084251046063,-389.175306292501,16.427483918750415,2.774641271682652,207,207,0.005698998323478266,0.1429117537031021,False,False,main,4997.218656341973,0.013884872187414972,True,20.401816844940186,train,51
30618_3b36e5cd,1786379626.3,1786379646.7,20.40000009536743,1159.0,78.70000004768372,-1964.1855611955314,-311.2496091533902,15.726367366764263,2.776500903179218,205,205,0.004083384798365236,0.12305914433713087,False,False,main,5217.538323736877,0.009672767500396792,True,20.200942039489746,train,52
30618_748832b9,1786380673.0,1786380680.8,7.799999952316284,0.0,1106.6000001430511,-2205.1279227874406,-371.87983120180354,13.798453065801372,0.796577267566792,79,79,0.0034590635585445366,0.0,True,False,main,5634.958299075859,0.012681728478249252,False,0.0,train,58
30618_748832b9,1786380702.6,1786380729.2,26.600000143051147,29.59999990463257,1058.2000000476837,-2167.5090450096286,-333.0436514795816,14.034564227730117,0.7981835948471219,267,267,0.00388224012368048,0.17142076798146702,False,False,main,5689.027302686826,0.006146988753367993,True,26.299963235855103,train,63
30618_748832b9,1786380782.9,1786380798.5,15.599999904632568,109.90000009536743,988.9000000953674,-2015.3502314149189,-295.5741788649567,15.447788476186812,-0.3653736820464968,154,157,0.006286717514450715,0.1466543453726085,False,False,main,5870.489403207563,-0.0018897329958501728,True,15.40174651145935,train,67
30618_748832b9,1786380833.0,1786380847.2,14.200000047683716,160.0,940.2000000476837,-1815.996238275303,-370.95388252092965,16.43858737341922,-0.3652110070907147,143,143,0.0053112739109642685,0.15741358947594528,False,False,main,6083.619829933491,0.0011784053946569972,True,13.900160551071167,train,69
30618_748832b9,1786380901.8,1786380945.8,44.0,228.79999995231628,841.6000001430511,-1414.7154302562435,-408.08936013381197,13.771914442788699,0.14008445718600046,441,441,0.004812930371354243,0.12179405820060403,False,False,main,6496.460736743411,0.0009893054967813634,True,43.801408529281616,train,71
30618_748832b9,1786381020.8,1786381061.3,40.5,347.7999999523163,726.1000001430511,-994.0986299127818,-89.54043888408583,11.145880423999898,1.1986463958303522,405,406,0.004693568778290129,0.150859252858196,False,False,main,7088.157961559851,-0.00490245029056292,True,40.201624393463135,train,80
30618_748832b9,1786381156.7,1786381174.7,18.0,483.7000000476837,612.7000000476837,-697.4500591503657,278.73138130286327,-3.130834236986588,-0.24378051008522114,146,181,0.006399608525399778,0.16246750803558455,False,False,main,7650.492933810327,-0.006083563334670033,True,17.801785707473755,train,87
30618_748832b9,1786381217.0,1786381228.2,11.200000047683716,544.0,559.2000000476837,-315.0863598039307,186.91755595821928,-7.908003442899797,-0.22307600621660337,111,113,0.007730009240709382,0.1427084452203607,False,False,main,8043.743524349104,-0.0016533481307218826,True,11.000274181365967,train,91
30618_748832b9,1786381242.7,1786381256.1,13.399999856948853,569.7000000476837,531.3000001907349,-278.0926991293825,178.60415697784248,-8.447748660591609,-0.22246511891401854,91,135,0.0045586068593007146,0.12178283510722553,False,False,main,8081.6600364423775,-0.015069446377649284,True,13.201782464981079,train,93
30618_748832b9,1786381483.9,1786381489.8,5.8999998569488525,810.9000000953674,297.60000014305115,1725.4581919549219,297.2126511027849,5.8919261056185395,0.10124790281708947,60,60,0.006211108414050243,0.11930623906033869,False,False,main,10111.639312713742,0.003960382896457217,True,5.700003385543823,train,100
30618_748832b9,1786381516.2,1786381527.7,11.5,843.2000000476837,259.7000000476837,1817.1292099906586,309.00621756057035,6.6868166848875745,0.12900802739139564,114,116,0.006008067622386956,0.16016584049804497,False,False,main,10204.07275441489,0.00820421418020654,True,11.09989857673645,train,103
30618_748832b9,1786381574.8,1786381588.8,14.0,901.7999999523163,198.60000014305115,2092.8633826834657,392.7629645865384,10.970940481570965,0.6994816862763599,113,141,0.12313004178571149,0.21162456363176646,False,False,main,10496.603884007436,-0.00018824115548922004,True,13.701817750930786,train,107
30618_748832b9,1786381648.8,1786381665.7,16.90000009536743,975.7999999523163,121.70000004768372,2314.0805563355802,703.4140400925128,9.097351934429248,1.01187803008972,0,170,0.04090392201038825,0.09602793350413527,False,False,main,10878.985274431525,-0.18249192330074435,True,16.69994878768921,train,112
30618_748832b9,1786381700.2,1786381731.0,30.799999952316284,1027.2000000476837,56.40000009536743,2348.0393501666717,775.2141005182464,8.968397302515557,1.463099472546325,309,309,0.010085443610334487,0.07084435139321184,False,False,main,10960.88021187601,-0.008173466839767994,True,30.701715230941772,train,116
30618_748832b9,1786381778.8,1786381787.4,8.600000143051147,1105.7999999523163,0.0,2401.294637580036,847.0151924639586,7.8623390494529,1.4058506951771743,86,87,0.005412046306503533,0.06546919781902108,False,True,main,0.1273007179993004,0.006640067606121675,True,8.499895095825195,train,0
30618_1cc230fa,1786381805.9,1786381813.5,7.599999904632568,0.0,1306.4000000953674,2401.293381752675,847.0166783965991,7.867588170478543,1.4057690515330776,77,77,0.00341719966535926,0.0,True,False,main,0.12813964050655743,0.008395432867469264,False,0.0,train,0
30618_1cc230fa,1786381857.0,1786381866.9,9.900000095367432,51.09999990463257,1253.0,2339.707597320196,841.1748454609944,7.841897076356494,-1.4252681512580603,54,100,0.004893952404058862,0.09066563414730915,False,False,main,120.8544241279219,-0.01847072452915542,True,9.599794387817383,train,2
30618_1cc230fa,1786381883.5,1786381922.7,39.200000047683716,77.59999990463257,1197.2000000476837,2341.587107326412,815.8416087279294,8.461500334778137,-1.410347412210835,287,393,0.007086668575928396,0.12799589612237575,False,False,main,146.25754758774983,-0.0067502544619310245,True,39.00057315826416,train,4
30618_1cc230fa,1786381948.5,1786381972.5,24.0,142.59999990463257,1147.4000000953674,2344.9285515062165,770.9267447160848,8.779306501090474,-1.6334626384517053,233,241,0.20647176691436778,0.0908946087899133,False,False,main,191.29423100537602,0.10841260875242409,True,23.80009126663208,train,6
30618_1cc230fa,1786382014.7,1786382021.7,7.0,208.79999995231628,1098.2000000476837,2175.199779125292,501.1457909265207,11.415962090452021,-2.1600535083992027,65,71,0.013425138755142046,0.04821272693328382,False,False,main,511.9137077524918,0.29261990516091213,True,6.898566246032715,train,11
30618_1cc230fa,1786382034.5,1786382055.6,21.09999990463257,228.59999990463257,1064.3000001907349,2165.442548867325,486.96438027717136,11.420721317649836,-2.1650403647927767,212,212,0.004057973370116706,0.10658833198209124,False,False,main,529.1254853311976,0.0012458974093681782,True,20.799436569213867,train,12
30618_1cc230fa,1786382068.8,1786382077.0,8.200000047683716,262.89999985694885,1042.9000000953674,2151.1036439273234,465.48878633080477,11.363016800050358,-2.1613929632714655,83,83,0.004129382939784002,0.12394956881685777,False,False,main,554.9481338209655,0.00025697090662188995,True,8.000029563903809,train,14
30618_1cc230fa,1786382138.5,1786382185.4,46.90000009536743,332.59999990463257,934.5,1873.0688816641239,319.99889818554453,7.58498060915269,-3.0138812182717905,299,470,0.004137576018500352,0.06116757233183976,False,False,main,881.6137122066702,-0.010894989959882924,True,46.799649477005005,train,22
30618_1cc230fa,1786382468.3,1786382512.1,43.799999952316284,662.3999998569489,607.8000001907349,-219.34819147607763,169.10060922525557,-9.236004329731552,2.9171442415449342,435,439,0.005224996188082632,0.10212602912258732,False,False,main,3000.2684263470906,-0.00892504040384182,True,43.60136914253235,train,34
30618_1cc230fa,1786382545.7,1786382577.2,31.5,739.7999999523163,542.7000000476837,-435.35880159990796,217.9559328705372,-6.310147295609274,2.905489288193937,281,316,0.004919462657363429,0.12554927320582693,False,False,main,3221.7395622682666,-0.01346111479307552,True,31.301491498947144,train,35
30618_1cc230fa,1786382609.6,1786382658.8,49.200000047683716,803.6999998092651,461.10000014305115,-641.4229694786783,268.6211203752816,-3.7225334980065035,2.899720311995568,473,493,0.005155317993397707,0.11524256817268018,False,False,main,3433.9447634736202,-0.019709488591828576,True,49.00191926956177,train,38
30618_1cc230fa,1786382754.8,1786382762.4,7.6000001430511475,948.8999998569489,357.5,-947.5469244758308,40.46627982093191,8.188998731440963,-1.9756755588864954,8,77,0.02740453535759959,0.17529033167320332,False,False,main,3920.714589700112,-0.001082867221290048,True,6.899856090545654,train,43
30618_1cc230fa,1786382793.8,1786382818.4,24.600000143051147,987.8999998569489,301.5,-1012.3607386248395,-126.87394647182788,11.38858195055083,-1.9385071288842426,0,247,0.8493464005057545,0.13959942367951006,False,False,main,4100.169587037758,-0.009860925415637272,True,24.39947009086609,train,45
30618_1cc230fa,1786382881.3,1786382900.4,19.100000143051147,1075.3999998569489,219.5,-1346.0871454779362,-394.6776338768824,13.32757706765778,-3.0007959327833262,192,192,0.005814483531594848,0.13327591252408547,False,False,main,4576.882754260041,-0.00827826927268317,True,18.901689052581787,train,49
30618_1cc230fa,1786382956.6,1786382976.7,20.100000143051147,1150.6999998092651,143.20000004768372,-1758.0441430015426,-389.1794171571315,16.42115075101666,2.775168114546165,202,202,0.004379173768616066,0.13605479781944235,False,False,main,4997.157032922503,-0.004867251829164482,True,19.9017653465271,train,51
30618_1cc230fa,1786383011.3,1786383019.4,8.100000143051147,1205.3999998569489,100.5,-1964.1493978360488,-311.2535227609287,15.738277540849076,2.7766290596468384,82,82,0.004103261762867751,0.07015201803554975,False,False,main,5217.503105322673,0.000575064821367413,True,8.001723289489746,train,52
30618_1cc230fa,1786383048.1,1786383058.7,10.600000143051147,1242.1999998092651,61.200000047683716,-2073.746260661874,-269.74962726368835,14.51705696899137,2.921586479728247,107,107,0.005100589536972259,0.10779712012254196,False,False,main,5334.69801391126,-0.0016186164904609687,True,10.40179443359375,train,53
30618_40ffd323,1786384969.3,1786384975.7,6.400000095367432,0.0,1273.7000000476837,2401.257387164527,846.9119037975048,7.855815273101875,1.4009949050817978,64,65,0.012973049883948805,0.018392279207696434,True,False,main,0.017827078621953686,-0.0018254125863742994,False,0.0,train,0
30618_40ffd323,1786385026.1,1786385043.4,17.300000190734863,56.799999952316284,1206.0,2341.5930499750193,815.9445105285852,8.443136643160702,-1.5010715141751898,174,174,0.017328994981930877,0.169945322265432,False,False,main,146.155417212781,0.007159531999818296,True,16.99998164176941,train,4
30618_40ffd323,1786385089.4,1786385100.8,11.399999856948853,120.10000014305115,1148.6000001430511,2304.696718567161,696.0141403026018,9.178653684622041,-2.164214254654833,114,115,0.039275980427724705,0.119148179178044,False,False,main,277.93969876695826,-0.0033422930203673273,True,10.356897592544556,train,7
30618_40ffd323,1786385155.5,1786385163.3,7.799999952316284,186.20000004768372,1086.1000001430511,2153.9887499108963,469.8080308342357,11.333426834217748,-2.162169736991914,79,79,0.004503800059532147,0.09555596514674121,False,False,main,549.7539328367162,-0.0005157092364378093,True,7.600732326507568,train,13
30618_40ffd323,1786385173.7,1786385184.7,11.0,204.40000009536743,1064.7000000476837,2144.0374182374044,454.8490363830984,11.297056780746948,-2.176245646366202,111,111,0.00466771195765584,0.11981334692438794,False,False,main,567.7206926638875,0.0004144293077909007,True,10.700505495071411,train,15
30618_40ffd323,1786385243.8,1786385260.3,16.5,274.5,989.1000001430511,1873.2675958176635,320.02143630801424,7.562569867996974,-3.0137593517913612,162,166,0.003465265417635198,0.09445032089460909,False,False,main,881.4137649685082,-0.006947390204851062,True,16.34234094619751,train,22
30618_40ffd323,1786385287.8,1786385307.4,19.600000143051147,318.5,942.0,1788.670821815312,308.7146425645359,6.288107140881069,-3.0128765431771893,189,197,0.006617077364358367,0.11390525068473345,False,False,main,966.7629679284104,-0.011181415148846737,True,19.241780996322632,train,26
30618_40ffd323,1786385596.0,1786385641.9,45.90000009536743,626.7000000476837,607.5,-219.3464145537755,169.08966039354746,-9.254303754107664,2.917117839386731,460,460,0.0038874724990991794,0.13811211986734448,False,False,main,3000.2643009625963,0.0013713459241676829,True,45.74239635467529,train,34
30618_40ffd323,1786385699.9,1786385716.3,16.399999856948853,730.6000001430511,533.1000001430511,-641.1229247548833,268.52402374625785,-3.749499973474016,2.9901287321974035,83,165,0.019343463068463063,0.14595384890791158,False,False,main,3433.6303037093367,0.004157817324832135,True,16.141976594924927,train,38
30618_40ffd323,1786385813.2,1786385837.7,24.5,843.9000000953674,411.7000000476837,-947.5505361125756,40.44893022185778,8.207999930321778,-1.9402726026452908,246,246,0.004804911828751114,0.17247534488173066,False,False,main,3920.732077359331,0.0017866768271708525,True,24.099228143692017,train,43
30618_40ffd323,1786385873.7,1786385906.3,32.59999990463257,904.4000000953674,343.10000014305115,-1012.3395099992141,-126.8401754945999,11.378786062188015,-1.9464178183642613,327,327,0.003915893345959527,0.1697522287529276,False,False,main,4100.1303783334,-0.0025253305923400807,True,32.33999252319336,train,45
30618_40ffd323,1786385941.1,1786385956.2,15.100000143051147,971.7999999523163,293.2000000476837,-1105.2737143780996,-325.548058693612,12.16459850478224,-2.4098298344073403,152,152,0.004313841905007135,0.11823038044466733,False,False,main,4321.24997367278,-0.013314097356731511,True,14.942207098007202,train,47
30618_40ffd323,1786385995.6,1786386003.3,7.700000047683716,1026.2999999523163,246.10000014305115,-1346.117566012716,-394.6918200505596,13.319419264524516,-3.000462206695806,78,78,0.004178090896518552,0.12725606436794185,False,False,main,4576.914917947477,0.0013214010553714835,True,7.542240142822266,train,49
30618_40ffd323,1786386058.5,1786386066.3,7.799999952316284,1089.2000000476837,183.10000014305115,-1758.0931677147191,-389.1745729870838,16.430887700697912,2.775356168977754,79,79,0.004671939492123903,0.1422809521448735,False,False,main,4997.204630855915,0.007834134724304487,True,7.542648553848267,train,51
30618_40ffd323,1786386098.9,1786386118.7,19.799999952316284,1129.6000001430511,130.70000004768372,-1964.3236130121536,-311.1940616287694,15.726677395130764,2.7760318110253825,196,199,0.0047538092812289354,0.15585026453035067,False,False,main,5217.687093524896,0.006447861121343629,True,19.54264187812805,train,52
30618_40ffd323,1786386214.0,1786386249.4,35.40000009536743,1244.7000000476837,0.0,-2191.431248028018,-332.3704704491416,14.065443388800222,-2.785067662005984,355,355,0.007381153095632842,0.17351838007780895,False,True,main,5475.824676678637,0.0130189486651108,True,35.14312958717346,train,57
30618_2cb9ce37,1786386848.3,1786386856.1,7.799999952316284,0.0,740.8000001907349,-993.8504460496141,-88.87949904202215,11.138228368855426,1.1987006983513657,79,79,0.003999532168330422,0.10177713660751678,True,False,main,7088.863928157183,0.0019873363605981153,False,0.0,train,80
30618_2cb9ce37,1786386861.5,1786386870.5,9.0,13.200000047683716,726.4000000953674,-992.4706626585136,-85.29518330769776,11.090691784775647,1.196573281951971,91,91,0.005398864987381654,0.07917890684234752,False,False,main,7092.704642186489,0.0045009977612887435,True,8.863487005233765,train,81
30618_2cb9ce37,1786386960.3,1786386965.4,5.1000001430511475,112.0,631.5,-738.6840307682504,288.90931843568353,-2.5705685054315683,-0.2455587988218552,52,52,0.004291251465809472,0.17308997269004442,False,False,main,7608.021168793583,-0.008478210103087616,False,0.0,train,86
30618_2cb9ce37,1786386978.7,1786387033.3,54.59999990463257,130.40000009536743,563.6000001430511,-697.3891304338307,278.7245062954653,-3.1051275979526696,-0.2443307851988528,523,547,0.006938245609477572,0.12369365784325717,False,False,main,7650.553759200193,0.001652467497864377,True,54.3636040687561,train,87
30618_2cb9ce37,1786387062.9,1786387077.1,14.199999809265137,214.60000014305115,519.8000001907349,-533.5437229454461,238.49003683951324,-5.066922472524326,-0.24616704594313293,121,143,0.005433355027777118,0.18539004829612785,False,False,main,7819.268948369141,0.009067510737568087,True,13.863579511642456,train,89
30618_2cb9ce37,1786387112.8,1786387134.8,22.0,264.5,462.10000014305115,-278.0361042471254,178.61992742724942,-8.420796586989791,-0.22346604221168276,220,221,0.00546970704663938,0.11920094057842782,False,False,main,8081.711832499751,0.012658810197432419,True,21.763025999069214,train,93
30618_2cb9ce37,1786387371.4,1786387399.8,28.399999856948853,523.1000001430511,197.10000014305115,1817.419938520134,308.9350911844398,6.900087790675332,0.12954283302585257,284,285,0.010958774111924925,0.10852499300763167,False,False,main,10204.351397173783,-0.10105741226204318,True,28.1999409198761,train,103
30618_2cb9ce37,1786387540.0,1786387559.7,19.700000047683716,691.7000000476837,37.200000047683716,2346.861830848936,775.0728820428325,9.572952207311216,1.4185970530397052,91,198,0.02352780798272288,0.1997216052691147,False,False,main,10960.762572033,1.1719346929388383,True,19.46330189704895,train,116
30618_af7496f0,1786387612.9,1786387618.3,5.3999998569488525,0.0,259.7999999523163,2400.762757749419,848.1031101518458,8.127743015516318,1.3880682803036588,55,55,0.33296872901488755,0.012290764635796498,True,False,main,0.900638178472969,0.9384942958972874,False,0.0,train,0
30618_af7496f0,1786387668.9,1786387693.2,24.299999952316284,56.0,184.89999985694885,2341.5655596990787,812.7852215154945,9.462196186820988,-1.540319189819198,0,244,0.2571856338127038,0.14799938455886213,False,False,main,149.30363261967463,-0.2648389310863369,True,24.000080585479736,train,4
30618_af7496f0,1786387731.0,1786387775.3,44.299999952316284,118.09999990463257,102.79999995231628,2302.161071060211,688.7099676801986,11.767981833698876,,0,444,2.079048428986776,0.10671055243983646,False,False,,,,True,42.11528754234314,train,-1
30618_af7496f0,1786387792.8,1786387798.7,5.900000095367432,179.89999985694885,79.39999985694885,2273.349635573599,647.9166652498943,10.444643092156431,-2.1642627158333867,48,60,0.549890059221251,0.10793976158859535,False,False,main,335.34930763990775,0.6431976322268327,True,5.663271188735962,train,8
30618_af7496f0,1786387821.8,1786387845.7,23.90000009536743,208.89999985694885,32.39999985694885,2260.5506486756212,628.7404672571187,10.738751960079094,-2.162509846596111,237,240,0.010917338153945107,0.09792600603703541,False,False,main,358.4008053747782,0.6308026595536288,True,23.563312768936157,train,9
30618_af7496f0,1786387853.1,1786387864.4,11.300000190734863,240.19999980926514,13.699999809265137,2256.7433016676277,623.0285382321297,10.786355917487027,-2.161189129068448,113,114,0.005899755256860507,0.09267878814042192,False,False,main,365.2705399630174,0.6243136100003919,True,11.163771629333496,train,10
30618_437e855c,1787725144.7,1787725188.5,43.799999952316284,0.0,1106.5999999046326,2401.006570878706,846.3967232271825,7.883128652833243,1.3662178867110946,436,439,0.0034080742739740952,0.0,True,False,main,11053.09543481361,0.003214192879349131,True,41.08751845359802,train,119
30618_437e855c,1787725239.4,1787725259.4,20.0,94.70000004768372,1035.6999998092651,2341.5846072574195,815.8336280263298,8.460700803350814,-1.4987075741402636,201,201,0.006560351080652741,0.11291167631257247,False,False,main,146.26531022250234,-0.00986207783184854,True,19.702038526535034,train,4
30618_437e855c,1787725328.2,1787725344.2,16.0,183.5,950.8999998569489,2151.03618230589,465.37796842404765,11.343845818507939,-2.1621128119163404,129,161,0.002588675786162396,0.10435573001522118,False,False,main,555.0777483206261,0.005874340332578378,True,15.800603151321411,train,14
30618_437e855c,1787725395.1,1787725418.1,23.0,250.39999985694885,877.0,1873.4896280301064,320.03953084864395,7.576254162239335,-3.013138938957556,220,231,0.005205774910523647,0.12176929043644995,False,False,main,881.1912891536574,0.004464339258022272,True,22.818149089813232,train,22
30618_437e855c,1787725685.0,1787725717.0,32.0,540.2999999523163,578.0999999046326,-219.43938051266372,169.1162018528965,-9.234107865017021,2.9178295906591165,272,321,0.022043716034337257,0.045711268441097554,False,False,main,3000.36081938858,-0.004224368688663137,True,31.919621467590332,train,34
30618_437e855c,1787725752.5,1787725775.3,22.799999952316284,607.7999999523163,519.7999999523163,-434.6403888169865,217.77827139845607,-6.321992024396939,2.9055593272287656,229,229,0.003150789436063007,0.10350061482075663,False,False,main,3220.9995762851095,-0.0030729227116378702,True,22.619286060333252,train,35
30618_437e855c,1787725808.5,1787725840.6,32.09999990463257,663.7999999523163,454.5,-640.9082620366673,268.4811264632575,-3.7455758082019743,2.9024587035888487,308,322,0.003991154927719532,0.1056449536953758,False,False,main,3433.4115705658564,-0.004557688926799542,True,31.91928744316101,train,38
30618_437e855c,1787725842.8,1787725854.1,11.299999952316284,698.0999999046326,441.0,-640.9103512651302,268.4818684443459,-3.7540761811833714,2.900627238708763,49,114,0.0025994528380350566,0.04350711670241159,False,False,main,3433.4137755959205,-0.0047884570375993606,True,11.280075788497925,train,38
30618_437e855c,1787725971.6,1787725989.3,17.700000047683716,826.8999998569489,305.7999999523163,-1012.2106670319308,-126.52919312370774,11.385312796713759,-1.9459965106939439,178,178,0.0033731225486957834,0.09678713862229225,False,False,main,4099.793808890821,0.0031133139958602063,True,17.39780354499817,train,45
30618_437e855c,1787726068.7,1787726083.4,14.700000047683716,924.0,211.69999980926514,-1345.7419738242565,-394.63376070963636,13.324102070813257,-3.0001160966817277,148,148,0.002962523544203824,0.18595789467736154,False,False,main,4576.534873978506,-0.0013534776329087023,True,14.418530702590942,train,49
30618_437e855c,1787726143.0,1787726151.0,8.0,998.2999999523163,144.09999990463257,-1757.9416140738883,-389.22974644993224,16.406826106589133,2.775039932665658,79,81,0.004933858218298665,0.1279485955146329,False,False,main,4997.043356008646,0.006207119722132627,True,7.720397710800171,train,51
30618_437e855c,1787726198.7,1787726207.0,8.299999952316284,1054.0,88.09999990463257,-1963.7103517488704,-311.4278766450534,15.72545331981574,2.7773586889119106,84,84,0.00347908317490116,0.12523617424969044,False,False,main,5217.030780378944,0.008817937701192682,True,8.11991024017334,train,52
30618_437e855c,1787726235.8,1787726256.0,20.200000047683716,1091.0999999046326,39.09999990463257,-2073.625403061166,-269.2948679623783,14.783315060900176,2.918695558322717,0,203,0.18513005808172814,0.14680393400163097,False,False,main,5334.72683913847,-0.4712798646825702,True,19.92068886756897,train,53
30639_584b6e32,1787725997.9,1787726009.0,11.099999904632568,0.0,1129.2000000476837,2400.5576284192207,845.4623174747724,7.866170482492065,1.3493665999938715,109,112,0.002732946329208445,0.08428418842054945,True,False,main,11052.058773890481,-0.005702598630566529,True,8.735097408294678,train,119
30639_584b6e32,1787726146.5,1787726156.5,10.0,148.59999990463257,981.7000000476837,2141.2896637053946,450.8130411230223,11.25641448263378,-2.1709314102007666,98,101,0.0038467818208619406,0.09250307395388546,False,False,main,572.6033451468985,-0.009691380852432102,True,9.847400426864624,train,16
30639_584b6e32,1787726206.2,1787726215.3,9.099999904632568,208.29999995231628,922.9000000953674,1873.400067114687,320.02576134162683,7.579381198305854,-2.996643096947813,89,92,0.0014083285556672949,0.0,False,False,main,881.281884285039,0.006275157906572608,True,9.099999904632568,train,22
30639_584b6e32,1787726228.7,1787726234.2,5.5,230.79999995231628,904.0,1839.2798578923705,315.5081583263026,7.282213853188878,-2.9971263921136306,34,56,0.005318149074424858,0.15153879867762585,False,False,main,915.6999022032496,-0.013085103711813177,True,5.200575590133667,train,25
30639_584b6e32,1787726474.7,1787726511.9,37.200000047683716,476.7999999523163,626.2999999523163,-110.28662598052722,144.64616010765613,-10.81709114094841,2.936646629008639,373,373,0.0043111505344350775,0.16182465928167777,False,False,main,2888.498115982161,-0.0015294786505763616,True,36.900596380233765,train,32
30639_584b6e32,1787726594.5,1787726625.9,31.40000009536743,596.5999999046326,512.2999999523163,-640.6105128431095,268.4007296892691,-3.7843428077066523,2.8868079088899568,203,315,0.0360465434040017,0.08962231258766977,False,False,main,3433.103268477208,0.0036912908425873153,True,31.200117826461792,train,38
30639_584b6e32,1787726732.2,1787726761.6,29.399999856948853,734.2999999523163,376.60000014305115,-947.5514571032961,40.2563092681403,7.784950913698937,-1.9235108240222822,59,295,0.0069442774109316355,0.11938070617243679,False,False,main,3920.912141800309,0.07020068950097619,True,28.999675989151,train,43
30639_584b6e32,1787727009.0,1787727083.6,74.59999990463257,1011.0999999046326,54.60000014305115,-2073.5245967155497,-269.8349039436314,14.490021456330842,2.9342680106715178,141,747,0.1072165434515951,0.08510296632569002,False,False,main,5334.460708433662,0.008592772815565438,True,73.74886894226074,train,53
30618_d4ba7005,1787727401.7,1787727429.4,27.700000047683716,0.0,1133.0999999046326,-2162.6288495949566,-327.9791283370262,14.055579076002605,0.7977530179649807,276,278,0.002719389579610601,0.08730461078864651,True,False,main,5696.060477095589,0.002555265646280664,True,24.981411457061768,train,64
30618_d4ba7005,1787727482.2,1787727501.5,19.299999952316284,80.5,1061.0,-2015.3192918537652,-295.58616202766365,15.431847726015231,-0.366700442396006,194,194,0.0029568092646929966,0.13506952216881313,False,False,main,5870.522580909171,-0.0021942800242724524,True,19.099413633346558,train,67
30618_d4ba7005,1787727535.3,1787727563.9,28.600000143051147,133.59999990463257,998.5999999046326,-1816.0882151350163,-370.9258203542399,16.431962914159836,-0.36471531579860955,287,287,0.00765908301403293,0.14026953929553668,False,False,main,6083.523843970588,-0.00464592697820441,True,28.299436807632446,train,69
30618_d4ba7005,1787727618.6,1787727641.5,22.90000009536743,216.89999985694885,921.0,-1414.6872076361153,-408.0873286887836,13.779620460933078,0.14074968493082127,230,230,0.0029875411905290767,0.17825855218391262,False,False,main,6496.488966212164,-0.0009446411741896975,True,22.720237255096436,train,71
30618_d4ba7005,1787727680.1,1787727718.9,38.80000019073486,278.39999985694885,843.5999999046326,-1152.4451958873785,-363.0609516885804,12.369294558745873,0.49149626652285733,389,389,0.004899632734407442,0.13267924436188347,False,False,main,6763.190226594166,0.025753106591164893,True,38.49951362609863,train,75
30618_d4ba7005,1787727765.9,1787727787.5,21.59999990463257,364.2000000476837,775.0,-994.0766650579701,-89.48570078158019,11.131885606262706,1.198873557140973,217,217,0.004061967899039701,0.18454911724876066,False,False,main,7088.216937610647,-0.005637396122926687,True,21.31905436515808,train,80
30618_d4ba7005,1787727882.7,1787727896.1,13.399999856948853,481.0,666.4000000953674,-697.5448495854123,278.75366533778254,-3.1115951388960976,-0.24365745278006515,134,135,0.003118440714402726,0.1369237871580766,False,False,main,7650.395562345214,-0.006859817326324087,True,13.099493026733398,train,87
30618_d4ba7005,1787727924.4,1787727956.8,32.39999985694885,522.7000000476837,605.7000000476837,-534.1256383657003,238.61128510855923,-5.056975200578159,-0.24548629201183939,325,325,0.004356615948484431,0.14134748044005566,False,False,main,7818.674971018191,-0.01362756935045101,True,32.12000751495361,train,89
30618_d4ba7005,1787727993.0,1787728029.7,36.700000047683716,591.2999999523163,532.7999999523163,-278.5307166900027,178.70420765254443,-8.40747054418297,-0.22270584708215915,368,368,0.002623628710199045,0.16339143361854422,False,False,main,8081.210769857322,-0.013711386715416345,True,36.41797375679016,train,93
30618_d4ba7005,1787728229.6,1787728252.1,22.5,827.8999998569489,310.40000009536743,1725.370141990924,297.1926677440682,5.882100443998617,0.10120797202480801,226,226,0.004029091172254343,0.183404614206883,False,False,main,10111.549774137791,-0.00765796918283126,True,22.200459718704224,train,100
30618_d4ba7005,1787728278.2,1787728297.2,19.0,876.5,265.2999999523163,1817.1470325784942,309.004091474951,6.695361951691753,0.12938637093865282,191,191,0.0038671206880161206,0.10310013277331143,False,False,main,10204.090135060364,0.003723361564434713,True,18.81929063796997,train,103
30618_d4ba7005,1787728354.3,1787728380.5,26.200000047683716,952.5999999046326,182.0,2092.8732980781238,392.7841242145824,10.96148460934832,0.6968982666440487,262,263,0.0032805141838566725,0.19326889024014254,False,False,main,10496.62470764225,0.010414642573235523,True,25.89888310432434,train,107
30618_d4ba7005,1787728427.1,1787728451.7,24.600000143051147,1025.3999998569489,110.79999995231628,2314.0331543168536,703.6714820362988,9.010291881855014,0.9795650178671923,247,247,0.004974346386669284,0.17327326194602183,False,False,main,10879.173528397869,-0.0006069012493802634,True,24.320603132247925,train,112
30618_d4ba7005,1787728484.0,1787728503.5,19.5,1082.2999999523163,59.0,2348.0181034538878,775.4690598084353,8.956574743593636,1.4653626575063128,196,196,0.005827635071470312,0.15383146576382295,False,False,main,10961.13554510349,0.007969810474678903,True,19.220698595046997,train,116
30618_d4ba7005,1787728518.3,1787728534.4,16.100000143051147,1116.5999999046326,28.09999990463257,2355.314302277211,801.0273024142284,8.693033651106585,0.8610909267466723,160,162,0.0045595019838343435,0.10128432388767379,False,False,main,10988.141067530922,0.0022423817485840783,True,15.900566816329956,train,117
30618_dd8e6395,1787728597.8,1787728622.7,24.90000009536743,0.0,1203.7000000476837,2397.175949582527,839.9390326842382,7.868969922152933,1.1182361258430344,245,250,0.00609138811431633,0.029400344300478463,True,False,main,11045.574087868392,0.006379605899374337,True,22.566998958587646,train,119
30618_dd8e6395,1787728675.9,1787728694.4,18.5,78.10000014305115,1132.0,2341.583445455534,815.8551548536982,8.463999199650203,-1.4984199588126452,178,186,0.025974646736429168,0.1035575805775968,False,False,main,146.24375815125808,-0.00934992038518865,True,18.31917381286621,train,4
30618_dd8e6395,1787728757.3,1787728778.3,21.0,159.5,1048.1000001430511,2151.056955948947,465.4098913386356,11.31303665303656,-2.161506055409721,211,211,0.0039363459053377604,0.117788716803753,False,False,main,555.0396647666014,0.00536479692757493,True,20.800183296203613,train,14
30618_dd8e6395,1787728829.4,1787728843.3,13.899999856948853,231.60000014305115,983.1000001430511,1873.3384079297482,320.01497302715654,7.571199473839192,-3.013264201492006,140,140,0.0034564410779698105,0.12912056257603552,False,False,main,881.3444284468763,0.00881890248982375,True,13.698939800262451,train,22
30618_dd8e6395,1787729102.2,1787729129.2,27.0,504.40000009536743,697.2000000476837,-110.65388659205875,144.5841777069255,-11.359396264216278,2.9194212705379927,271,271,0.010493671955251794,0.10752840102645611,False,False,main,2888.843433012133,0.1380618808737714,True,26.69995427131653,train,32
30618_dd8e6395,1787729154.8,1787729171.3,16.5,557.0,655.1000001430511,-219.98794203741264,169.00207065706837,-10.530223464855428,2.9170304245724537,166,166,0.004881412075777696,0.08004654900148066,False,False,main,3000.8712632205625,0.22688637115684576,True,16.299713134765625,train,34
30618_dd8e6395,1787729205.5,1787729222.2,16.700000047683716,607.7000000476837,604.2000000476837,-434.8069810206364,217.80482396796765,-6.332354590288668,2.9044657441604507,162,168,0.0024543517695615564,0.12184986098126901,False,False,main,3221.1678561788003,0.008750451591616543,True,16.399633646011353,train,35
30618_dd8e6395,1787729255.5,1787729271.6,16.09999990463257,657.7000000476837,554.8000001907349,-640.7151316272661,268.42078772167304,-3.7505540134179696,2.899082649725134,162,162,0.0036468910287413272,0.10148548829916892,False,False,main,3433.2096723194018,0.008754592999767948,True,15.92076301574707,train,38
30618_dd8e6395,1787729278.6,1787729310.6,32.0,680.7999999523163,515.8000001907349,-646.8648192418066,269.9149695771962,-3.706736091902136,2.896173685065246,302,321,0.0038115422040072675,0.05846166127481153,False,False,main,3439.5382724615724,5.796396175349811e-05,True,31.918262720108032,train,39
30618_dd8e6395,1787729405.8,1787729427.0,21.200000047683716,808.0,399.40000009536743,-947.5130900971011,40.569356415923096,8.188455316739171,-1.9400320283739179,211,213,0.005276140936565197,0.15600663663801922,False,False,main,3920.6062416218924,-0.006582282204305805,True,20.999923706054688,train,43
30618_dd8e6395,1787729462.9,1787729495.1,32.19999980926514,865.1000001430511,331.30000019073486,-1012.2023967571737,-126.4733383354796,11.37541493918026,-1.9451767362891936,245,323,0.0028759092339370905,0.1463535563014245,False,False,main,4099.738818888002,-0.009702863376542206,True,31.899017333984375,train,45
30618_dd8e6395,1787729530.2,1787729581.4,51.200000047683716,932.4000000953674,245.0,-1105.077675207399,-325.36253996498544,12.151491773976737,-2.4085976522980213,512,513,0.0037279154898090913,0.12872300451027902,False,False,main,4320.980033536091,-0.01222844704036167,True,50.9197199344635,train,47
30618_dd8e6395,1787729621.4,1787729639.3,17.899999856948853,1023.6000001430511,187.10000014305115,-1345.9802042675399,-394.6631923174491,13.325750184653803,-2.9996439932855155,174,180,0.0043980910565414736,0.13728807469294094,False,False,main,4576.774850218563,-0.0069748304877887655,True,17.720412015914917,train,49
30618_dd8e6395,1787729697.0,1787729715.1,18.09999990463257,1099.2000000476837,111.30000019073486,-1757.9381634372676,-389.2162015031473,16.413177929851148,2.7761393071720786,182,182,0.0035332111630085334,0.17835615749326098,False,False,main,4997.044885253338,-0.00768654383955158,True,17.81958794593811,train,51
30618_dd8e6395,1787729748.1,1787729756.9,8.800000190734863,1150.2999999523163,69.5,-1963.9887585577014,-311.3100092606512,15.725424716069497,2.7772082289275772,89,89,0.004335437756934852,0.12114093132227907,False,False,main,5217.332867046006,-0.0032500568967977336,True,8.620418310165405,train,52
30618_dd8e6395,1787729798.0,1787729826.4,28.40000009536743,1200.2000000476837,0.0,-2105.007527780702,-268.56234847082754,14.321889597866875,-2.633792760910854,285,285,0.0043811155005541915,0.18717005868288192,False,True,main,5366.440528600527,0.0062051696847106414,True,28.11965584754944,train,54
30639_4285f2bc,1787728827.7,1787728835.5,7.799999952316284,0.0,1297.5999999046326,2401.707798491177,847.1850519063876,9.421610688907915,,0,79,0.013533855533838764,0.10677409637635933,True,False,,,,True,5.066454887390137,train,-1
30639_4285f2bc,1787728908.1,1787728914.1,6.0,80.39999985694885,1219.0,2345.1153629507216,771.603547651305,11.773510425319591,-1.6258774593615195,0,61,0.03683509269740627,0.0899888972076632,False,False,main,190.62830128335344,0.32670979832973285,True,5.7015440464019775,train,6
30639_4285f2bc,1787728936.0,1787728955.1,19.09999990463257,108.29999995231628,1178.0,2302.2126199017134,692.3693622136286,10.885295118922674,-2.145994114360345,0,192,0.0722188789702603,0.07015301176417749,False,False,main,282.3504109337781,-0.03520206552089966,True,18.84946918487549,train,7
30639_4285f2bc,1787729033.0,1787729039.6,6.599999904632568,205.29999995231628,1093.5,2141.4202254693096,450.4736402621472,13.043044310834851,-2.171721098988863,0,67,0.006607838617090722,0.0,False,False,main,572.8089999823719,0.290217617354911,True,6.599999904632568,train,16
30639_4285f2bc,1787729100.2,1787729137.3,37.09999990463257,272.5,995.7999999523163,1873.603215852891,320.1444726578359,8.5668164116071,-2.998532628605871,0,372,0.04228373364952357,0.20357969273770077,False,False,main,881.06482705848,-0.08454304967568524,True,36.749316930770874,train,22
30639_4285f2bc,1787729391.8,1787729407.8,16.0,564.0999999046326,725.2999999523163,-73.64906335342116,136.38833270768527,-11.43428214684505,2.9319042516515226,161,161,0.008058232488813113,0.1622177868492742,False,False,main,2850.940542494939,0.02525510873984663,True,15.748182773590088,train,31
30639_4285f2bc,1787729528.7,1787729534.2,5.5,701.0,598.8999998569489,-445.2809930665411,220.22840805937915,-8.376008742421336,2.916744209482068,53,56,0.003793966707090653,0.13825942696281923,False,False,main,3231.918216394212,0.06869148632875277,True,5.248338460922241,train,36
30639_4285f2bc,1787729551.8,1787729559.6,7.799999952316284,724.0999999046326,573.5,-444.7562253053854,220.39923941258843,-3.6679779410926296,2.9176360892579534,0,79,0.014391557115968548,0.0,False,False,main,3231.447984678868,-0.22019194202374626,True,7.799999952316284,train,36
30639_4285f2bc,1787729561.9,1787729578.5,16.59999990463257,734.2000000476837,554.5999999046326,-444.7279053515391,220.43839548282378,-3.559277450468102,2.917459266393864,0,167,0.044975001714565255,0.0737938474904438,False,False,main,3231.429611795035,-0.26488707332220063,True,16.55152463912964,train,36
30639_4285f2bc,1787729751.7,1787729768.7,17.0,924.0,364.39999985694885,-947.503996268249,40.57399319378676,8.187256341224328,-1.9242406047801326,171,171,0.0054739113718386195,0.15842184981418614,False,False,main,3920.598644611958,0.0002355526577543391,True,16.500312328338623,train,43
30639_4285f2bc,1787730027.8,1787730046.5,18.700000047683716,1200.0999999046326,86.59999990463257,-2073.575909961237,-269.81131808754594,14.507909119941962,2.9344671828127713,188,188,0.0032179616995055504,0.08738056509537215,False,False,main,5334.516881048099,0.0027636067036352703,True,18.548920392990112,train,53
30639_4285f2bc,1787730047.7,1787730069.0,21.299999952316284,1220.0,64.09999990463257,-2073.7863930342883,-269.7412572822302,14.506144394056664,2.938949775865376,213,213,0.0034985643342490677,0.08364175947721902,False,False,main,5334.738736937963,0.003103565351651917,True,21.000171422958374,train,53
30618_e9a34502,1787730381.7,1787730397.3,15.599999904632568,0.0,1188.2999999523163,-2196.103181356839,-362.6139493484445,13.885892445598076,0.800335041156301,155,157,0.0035513395716137547,0.0,True,False,main,5647.892864860673,0.005993812531264288,True,13.092243194580078,train,59
30618_e9a34502,1787730415.1,1787730440.4,25.300000190734863,33.39999985694885,1145.1999998092651,-2167.4937909047776,-333.0364216786788,14.07076996820761,0.7991710040633863,254,254,0.002447232597953258,0.07188255562603807,False,False,main,5689.0430823689,0.00015037557885893315,True,25.11977767944336,train,63
30618_e9a34502,1787730509.1,1787730535.0,25.90000009536743,127.39999985694885,1050.5999999046326,-2015.225337231442,-295.6243378662414,15.421125228186266,-0.3666730195201448,259,260,0.0030051697236433968,0.15050776235516322,False,False,main,5870.623963224909,-0.00477764438287032,True,25.700711965560913,train,67
30618_e9a34502,1787730568.4,1787730590.1,21.699999809265137,186.70000004768372,995.5,-1816.0392965419917,-370.9423580866154,16.415475211563585,-0.3647341410271898,217,218,0.0038545855610235625,0.08683789111621243,False,False,main,6083.575458000372,-0.0030593378461962364,True,21.499429941177368,train,69
30618_e9a34502,1787730644.6,1787730668.9,24.300000190734863,262.89999985694885,916.6999998092651,-1414.6332134279655,-408.0747276946273,13.773982914299829,0.13996646131637458,240,244,0.003099970122127517,0.14056883231613576,False,False,main,6496.544191789348,0.00398437416359235,True,24.019513607025146,train,71
30618_e9a34502,1787730745.2,1787730793.0,47.799999952316284,363.5,792.5999999046326,-993.9717696844294,-89.20848487043185,11.148004694584873,1.1988803764670328,479,479,0.004416695604603694,0.11717402942374021,False,False,main,7088.513327364904,-0.0034432323180466806,True,47.59752035140991,train,80
30618_e9a34502,1787730892.8,1787730914.8,22.0,511.09999990463257,670.7999999523163,-698.5778124813257,279.01195742913666,-3.096569935722499,-0.2443980548344839,221,221,0.004685082588077347,0.14187742820716148,False,False,main,7649.330816487459,-0.0005159063681198248,True,21.718896627426147,train,87
30618_e9a34502,1787730989.3,1787731006.7,17.40000009536743,607.5999999046326,578.8999998569489,-278.17766969530516,178.62995767853755,-8.415053378274626,-0.2228104614048419,175,175,0.002994352598281452,0.1419460578197181,False,False,main,8081.571502265009,-0.00847983351619557,True,17.199663639068604,train,93
30618_e9a34502,1787731033.8,1787731061.4,27.600000143051147,652.0999999046326,524.1999998092651,-183.66936377870377,157.47495021578763,-9.812681913338544,-0.226383041596161,277,277,0.0027117771090026926,0.09738922759012857,False,False,main,8178.419659904088,-0.01215977826914602,True,27.419291973114014,train,95
30618_e9a34502,1787731253.5,1787731276.9,23.40000009536743,871.7999999523163,308.69999980926514,1725.6169407296072,297.2163338322694,5.881983157467317,0.10195620523889509,229,235,0.004439236646364598,0.11305279943605118,False,False,main,10111.797704574496,-0.007298143097020834,True,23.118661642074585,train,100
30618_e9a34502,1787731315.2,1787731336.4,21.200000047683716,933.5,249.19999980926514,1817.2236865954023,309.0069063304818,6.680139642498519,0.12814025621045722,210,213,0.004319678331392655,0.13348741564729283,False,False,main,10204.16648024343,-0.00370258684993309,True,20.700767993927002,train,103
30618_e9a34502,1787731383.7,1787731390.1,6.3999998569488525,1002.0,195.5,2092.935375783656,392.812734084701,10.999112264218535,0.6979750551852172,65,65,0.005067536257023485,0.1710277429854685,False,False,main,10496.6912444191,-0.005342065293314043,True,6.220365762710571,train,107
30618_e9a34502,1787731432.2,1787731459.5,27.299999952316284,1050.5,126.09999990463257,2268.2278759609712,635.0806836145379,10.361803587470357,0.9776682771849875,274,274,0.004064428636145072,0.12934505350074949,False,False,main,10796.693845949752,0.0020847994705096426,True,27.11851167678833,train,109
30618_e9a34502,1787731481.3,1787731500.7,19.40000009536743,1099.5999999046326,84.89999985694885,2313.861708238181,703.4134539609921,9.04428157237833,0.9818040147335912,193,195,0.007516005648017133,0.12997484919080926,False,False,main,10878.863734641474,-0.0004949103580939797,True,19.11881160736084,train,112
30618_e9a34502,1787731533.3,1787731556.7,23.40000009536743,1151.5999999046326,28.899999856948853,2348.0344745394195,775.5338335329966,8.964161457901614,1.456160436324711,235,235,0.005628474266935739,0.13419588606338878,False,False,main,10961.199982322887,-0.00967313817649412,True,23.220195293426514,train,116
30639_9f0b519f,1787732132.9,1787732138.4,5.5,0.0,1025.2999999523163,-2180.786522918994,-353.8415752834246,13.925129046092302,0.8186679472967061,54,56,0.0025825225447141907,0.0,True,False,fan_F2,31.968881021784497,0.00749838842114038,False,0.0,train,124
30639_9f0b519f,1787732143.8,1787732152.4,8.600000143051147,10.899999856948853,1011.2999999523163,-2178.0557665006695,-351.01589703802006,13.913016659397018,0.8209495851213159,87,87,0.003736214928973617,0.13918240622162856,False,False,fan_F2,35.89843530271034,-0.00320061255505389,True,8.399767398834229,train,125
30639_9f0b519f,1787732288.1,1787732293.8,5.700000047683716,155.19999980926514,869.9000000953674,-1806.157885263676,-374.69468803356483,16.42800634327215,-0.34894691112560433,58,58,0.0034013688997163085,0.10659591940070941,False,False,main,6094.145436846729,-0.0033660075658571405,True,5.3996031284332275,train,70
30639_9f0b519f,1787732431.0,1787732444.5,13.5,298.09999990463257,719.2000000476837,-994.1145216591558,-89.56882634733465,11.142577967687025,1.2163145100194586,136,136,0.0028678168294612016,0.1415691167578554,False,False,main,7088.125752371477,-0.00032381983983547757,True,13.303252935409546,train,80
30639_9f0b519f,1787732462.5,1787732501.2,38.700000047683716,329.59999990463257,662.5,-972.475640331178,-33.939480566088776,10.228445198115358,1.214371295875611,388,388,0.005470591783353792,0.13327891192245064,False,False,main,7147.8158541554985,-0.008959968832695663,True,38.39958667755127,train,82
30639_9f0b519f,1787732607.8,1787732640.5,32.700000047683716,474.89999985694885,523.2000000476837,-691.3444467280385,277.2393602023907,-3.204405919910124,-0.22789712614527388,328,328,0.0031694029927445072,0.13142552578771183,False,False,main,7656.778215350255,9.338905401129298e-06,True,32.499234199523926,train,88
30639_9f0b519f,1787732668.8,1787732709.0,40.200000047683716,535.8999998569489,454.7000000476837,-534.080174300563,238.6155472328092,-5.070071752706752,-0.22948821143599274,403,403,0.0037836007540912025,0.1242201228023787,False,False,main,7818.718068135684,0.0014649912572119326,True,39.89978075027466,train,89
30618_33bec73f,1787733168.0,1787733198.9,30.90000009536743,0.0,1149.0999999046326,-2169.397695326668,-341.99027006994953,13.942549573852023,0.7999311766532269,308,310,0.0030149626857266785,0.06964900727627925,True,False,fan_F2,48.405496957358935,-0.006126286360978146,True,28.25431513786316,train,126
30618_33bec73f,1787733212.5,1787733243.3,30.799999952316284,44.5,1104.7000000476837,-2150.9293795096874,-322.507593851787,13.999004801605636,1.0267868066048647,308,309,0.003135693741881391,0.1269930324908517,False,False,fan_F2,75.27153970656553,0.004823342732240864,True,30.618719339370728,train,128
30618_33bec73f,1787733295.7,1787733314.2,18.5,127.70000004768372,1033.7999999523163,-2015.230874952019,-295.6185844315157,15.422724068627687,-0.36662301052923857,186,186,0.00257114907068261,0.11306502053790632,False,False,main,5870.616751655386,-0.0013481217705819137,True,18.31922149658203,train,67
30618_33bec73f,1787733349.4,1787733374.4,25.0,181.40000009536743,973.5999999046326,-1815.9478470395375,-370.9709724678844,16.40749995800502,-0.3643954422287583,250,251,0.002817724763092479,0.14889717287763796,False,False,main,6083.671142649241,0.0020633846116907763,True,24.719576835632324,train,69
30618_33bec73f,1787733429.6,1787733448.2,18.600000143051147,261.59999990463257,899.7999999523163,-1414.6106892551365,-408.07714774256704,13.781288572150324,0.14025288382562368,186,187,0.003124839968185742,0.17756168756420052,False,False,main,6496.566156462413,-0.0015607255451174492,True,18.320479154586792,train,71
30618_33bec73f,1787733487.0,1787733510.4,23.40000009536743,319.0,837.5999999046326,-1152.411325607101,-363.0366522511155,12.386902055862297,0.4920537038929762,233,235,0.002555813432399823,0.1057214840622204,False,False,main,6763.23131191949,0.03279970791744663,True,23.22067165374756,train,75
30618_33bec73f,1787733557.2,1787733594.6,37.39999985694885,389.2000000476837,753.4000000953674,-993.9818063260193,-89.22369815809049,11.149203220198894,1.198760635938438,374,375,0.020291286079691367,0.11315454507580415,False,False,main,7088.495517514797,0.00042814146100428205,True,37.201786518096924,train,80
30618_33bec73f,1787733690.0,1787733714.6,24.59999990463257,522.0,633.4000000953674,-697.2473111964277,278.6993392808839,-3.10481001019703,-0.2450752801610753,244,247,0.004563845083809926,0.11949374755565614,False,False,main,7650.697502097643,0.010793304358773235,True,24.40147352218628,train,87
30618_33bec73f,1787733744.9,1787733765.6,20.699999809265137,576.9000000953674,582.4000000953674,-533.9366818408968,238.57841643846484,-5.06145829831685,-0.24579488714384085,208,208,0.003957600894912619,0.13365813594652678,False,False,main,7818.8662796668505,7.630963243480845e-06,True,20.51945424079895,train,89
30618_33bec73f,1787733801.7,1787733821.6,19.899999856948853,633.7000000476837,526.4000000953674,-278.3024600909755,178.65353322765554,-8.392359127157503,-0.22284723593878028,199,200,0.0032092411759874315,0.1376137439118399,False,False,main,8081.444582531101,-0.012932979882066943,True,19.618020057678223,train,93
30618_33bec73f,1787734021.9,1787734032.4,10.5,853.9000000953674,315.59999990463257,1725.5663483639044,297.2352417627751,5.890946225835773,0.10176461766212584,106,106,0.003227707239365478,0.12583866127902008,False,False,main,10111.749113949023,0.01628253585093394,True,10.318371057510376,train,100
30618_33bec73f,1787734059.1,1787734076.0,16.90000009536743,891.0999999046326,272.0,1817.1905025787873,309.01320221091765,6.680848761523753,0.12914286574152195,170,170,0.005610887827445487,0.14455182383978632,False,False,main,10204.134431209462,0.006963363153269151,True,16.60021448135376,train,103
30618_33bec73f,1787734123.3,1787734128.7,5.400000095367432,955.2999999523163,219.29999995231628,2092.9760948896833,392.8736178399388,10.963895045084977,0.6343610422893963,0,55,0.10988476567726244,0.12803321527976846,False,False,main,10496.760866402556,0.017410004223188204,True,5.2191972732543945,train,107
30618_33bec73f,1787734182.7,1787734247.5,64.79999995231628,1014.7000000476837,100.5,2313.5831050075735,702.9786973076915,8.994830293375339,0.9802701316226374,649,649,0.045122340794936405,0.13317443212843968,False,False,main,10878.347444744952,-0.009118917837121331,True,64.50062298774719,train,112
30618_33bec73f,1787734285.7,1787734314.0,28.299999952316284,1117.7000000476837,34.0,2348.023009566253,777.1913274676277,8.927964146841697,1.4194523794572007,284,284,0.0034503224983516738,0.13763042614643212,False,False,main,10962.857830882176,-0.001093363001176257,True,27.90149974822998,train,116
30639_50956d6e,1787733212.7,1787733218.5,5.799999952316284,0.0,1098.7999999523163,2401.2294200629726,846.8544545297758,7.872633355958807,1.4152152863810827,55,59,0.0030789208495229366,0.07865813028908177,True,False,main,11053.60451496017,-0.0009220710727233109,False,0.0,train,119
30639_50956d6e,1787733416.6,1787733449.2,32.60000014305115,203.89999985694885,868.0999999046326,1839.2650097507697,315.499413386645,7.041918212240172,-2.996056687021765,327,327,0.0044412108324172524,0.12811029361428822,False,False,main,915.7157869160283,-0.006405494549919398,True,32.399277210235596,train,25
30639_50956d6e,1787733701.6,1787733730.6,29.0,488.89999985694885,586.7000000476837,-219.32007771941684,169.08000949785023,-9.246902687614032,2.9341047115272807,291,291,0.003142883152035639,0.1305095918056284,False,False,main,3000.2364921138296,0.005036937565519605,True,28.700049877166748,train,34
30639_50956d6e,1787733800.7,1787733829.8,29.09999990463257,588.0,487.5,-640.8308205256205,268.458289631805,-3.7567675422096087,2.914433104815899,271,292,0.003594766753814504,0.039064140386522866,False,False,main,3433.3309320920707,-0.000539598644688862,True,29.096302032470703,train,38
30639_50956d6e,1787733868.8,1787733880.8,12.0,656.0999999046326,436.5,-782.8245736979932,303.3547592644718,-2.0502411944953423,2.9157029686314027,115,121,0.0032981491821654518,0.04572709554723672,False,False,main,3579.55089873423,-0.0012362347898802468,True,11.99658727645874,train,40
30639_50956d6e,1787733967.1,1787733992.2,25.100000143051147,754.3999998569489,325.09999990463257,-1012.1652760348059,-126.41192401871945,11.37772145753744,-1.9292450588724412,246,252,0.002905045431788906,0.1404263845455928,False,False,main,4099.668064377694,0.0022748493953154833,True,24.903697967529297,train,45
30639_50956d6e,1787733994.1,1787734004.7,10.600000143051147,781.3999998569489,312.59999990463257,-1012.1657997828468,-126.4095113289139,11.377721751490023,-1.9296546327465585,95,107,0.0037149456936223318,0.11389887587600214,False,False,main,4099.666012524591,0.0009017933317046813,True,10.396476984024048,train,45
30639_50956d6e,1787734083.5,1787734094.7,11.200000047683716,870.7999999523163,222.59999990463257,-1362.5303576870133,-397.08193766879356,13.42144396662564,-2.2503953162136576,0,113,0.0048293543472387014,0.1371868435893341,False,False,main,4593.500868747825,-0.008707827846016215,True,11.003074169158936,train,50
30639_50956d6e,1787734224.7,1787734237.9,13.200000047683716,1012.0,79.39999985694885,-2074.758111879658,-269.4175312428831,14.476142004041296,2.9587402850460935,101,133,0.002623981057631813,0.08221222375044604,False,False,main,5335.762939822194,-0.003753206801637696,True,13.00010633468628,train,53
30639_927002c2,1787735183.1,1787735188.8,5.700000047683716,0.0,1138.7999999523163,-2184.4167881705735,-350.4940411751194,13.957324287918695,0.8144570214041219,56,58,0.002051751335269726,0.022027250786416545,True,False,main,5664.729304987521,0.0026831707931365056,False,0.0,train,61
30639_927002c2,1787735270.0,1787735277.9,7.900000095367432,86.90000009536743,1049.6999998092651,-2015.5230843801842,-295.511283286566,15.42973710203209,-0.350782972956991,80,80,0.004947841235654945,0.10890249298950935,False,False,main,5870.305474872739,-0.0039799557076649296,True,7.599874019622803,train,67
30639_927002c2,1787735412.0,1787735429.0,17.0,228.90000009536743,898.5999999046326,-1152.379437645422,-363.01532082740204,12.386709152759458,0.506963061909511,171,171,0.003469755041995904,0.1759796451568176,False,False,main,6763.269316830733,0.03804360523298673,True,16.70016312599182,train,75
30639_927002c2,1787735472.1,1787735484.7,12.600000143051147,289.0,842.8999998569489,-1000.5528316328007,-106.16405742326681,11.282219148171563,1.214093534770047,127,127,0.0037226910356044874,0.13641788261528479,False,False,main,7070.325358474161,-0.00322751440959002,True,12.268978357315063,train,79
30639_927002c2,1787735494.9,1787735515.0,20.09999990463257,311.80000019073486,812.5999999046326,-994.0986323849966,-89.54377827256351,11.156280976487619,1.2151028116456217,202,202,0.0030516949786555257,0.09108057308965425,False,False,main,7088.154846228631,-0.006105044531402508,True,19.699965000152588,train,80
30639_927002c2,1787735655.9,1787735676.1,20.199999809265137,472.80000019073486,651.5,-697.6307554176082,278.77761776446357,-3.107455946896948,-0.2279901399302659,203,203,0.003474568324465323,0.12393010050607753,False,False,main,7650.306428475908,-0.003912939009192899,True,19.967961072921753,train,87
30639_927002c2,1787735705.9,1787735734.4,28.5,522.8000001907349,593.1999998092651,-534.1029603071312,238.60237472067976,-5.063772654344086,-0.22956133235158557,286,286,0.0029901486541416633,0.14029886204606795,False,False,main,7818.699127989652,-0.016810348395125782,True,28.16904640197754,train,89
30639_927002c2,1787736032.4,1787736045.8,13.399999856948853,849.3000001907349,281.7999999523163,1829.2426383799593,310.6022825531641,6.842921421325638,0.1472938374791621,135,135,0.018475606862846317,0.09296524818687961,False,False,main,10216.29091069113,0.006047165597632554,True,12.900718450546265,train,104
30639_927002c2,1787736047.6,1787736057.6,10.0,864.5,270.0,1829.5562579516723,310.6462081465971,6.84454223557801,0.1469581961016056,101,101,0.00755875602774671,0.08736080945929556,False,False,main,10216.607589225756,0.007230054833888438,True,9.768250703811646,train,104
30639_927002c2,1787736070.7,1787736100.7,30.0,887.6000001430511,226.89999985694885,1857.3378813494808,314.3779331228462,7.319649326018302,0.14403962586859956,301,301,0.005120992404178107,0.13647289032837556,False,False,main,10244.638854025641,-0.006121651545160715,True,29.66884994506836,train,106
30639_927002c2,1787736141.5,1787736159.5,18.0,958.4000000953674,168.09999990463257,2092.742616332589,392.6567608247896,10.955284648070059,0.7135049757829554,181,181,0.0045193542502933205,0.09599195742240274,False,False,main,10496.443348436414,-0.009784123086169973,True,17.86839771270752,train,107
30639_927002c2,1787736196.7,1787736227.5,30.799999952316284,1013.6000001430511,100.09999990463257,2268.8812269571226,636.0803107422031,10.332373111106538,0.9947456620425675,309,309,0.003934389610492074,0.11038069654968737,False,False,main,10797.888006758218,0.00933791883783519,True,30.568976640701294,train,109
30618_2050d396,1787736031.0,1787736128.8,97.79999995231628,0.0,1245.2999999523163,-2182.956947991505,-356.1295679812788,13.92836024603805,0.8032760813744309,976,979,0.0031375918007727674,0.0,True,False,fan_F2,28.81521197192018,0.0005723236803416434,True,95.34011268615723,train,123
30618_2050d396,1787736208.6,1787736226.3,17.700000047683716,177.59999990463257,1147.7999999523163,-2015.1965978290818,-295.62991882290993,15.42373325519742,-0.3677478112124007,175,178,0.0038642485116174227,0.10568332661429727,False,False,main,5870.652823438077,0.00014052817084845955,True,17.40094566345215,train,67
30618_2050d396,1787736259.6,1787736277.0,17.40000009536743,228.59999990463257,1097.0999999046326,-1815.9126253525951,-370.9914011383475,16.40440834115005,-0.3645222476142286,175,175,0.003807896413364814,0.1500247024362152,False,False,main,6083.711280875118,-0.0047791756858922094,True,17.19907259941101,train,69
30618_2050d396,1787736331.7,1787736355.9,24.200000047683716,300.7000000476837,1018.1999998092651,-1414.5097057870867,-408.0651173439151,13.773061414862308,0.1412347541915398,243,243,0.004157503339906985,0.08584519987645299,False,False,main,6496.667827852672,-0.003816284183253984,True,24.020025491714478,train,71
30618_2050d396,1787736442.2,1787736463.4,21.200000047683716,411.2000000476837,910.6999998092651,-1026.0528635721603,-171.5232956197605,11.57635504123211,1.195693176714103,210,213,0.004140404870384173,0.09841445154426544,False,False,main,7000.167590242471,0.0026082798917453297,True,20.91955590248108,train,77
30618_2050d396,1787736486.8,1787736531.1,44.299999952316284,455.7999999523163,843.0,-993.5961004989955,-88.23934480003854,11.130376883283018,1.1982780778989357,443,444,0.006943295289096867,0.1325752326842319,False,False,main,7089.552727935158,-0.004640656646707739,True,44.09823989868164,train,80
30618_2050d396,1787736607.6,1787736622.8,15.200000047683716,576.5999999046326,751.2999999523163,-832.5788208236028,298.5827018436672,-1.0436023989130394,0.4089099011670023,152,153,0.0031845556979196547,0.14574964553113778,False,False,main,7511.016946051131,-0.022549648478701088,True,15.018222570419312,train,84
30618_2050d396,1787736656.9,1787736681.4,24.5,625.9000000953674,692.6999998092651,-697.715825137723,278.79952784340065,-3.111765770626834,-0.24505876250013772,219,246,0.003108943150218562,0.08815784247618681,False,False,main,7650.218590201568,-0.00275259404024249,True,24.218661308288574,train,87
30618_2050d396,1787736717.1,1787736723.6,6.5,686.0999999046326,650.5,-521.7690277279613,235.54761857089687,-5.299491079729235,-0.24618998193979258,66,66,0.0038664146179555946,0.1566313201301755,False,False,main,7831.405671613216,-0.01638821662137118,True,6.201878547668457,train,90
30618_2050d396,1787736780.6,1787736802.4,21.800000190734863,749.5999999046326,571.6999998092651,-278.0205850915124,178.59802958150033,-8.420245334299228,-0.22288420170046425,219,219,0.002488910762193472,0.12510085892757133,False,False,main,8081.731751930056,-0.005329411941436552,True,21.51892352104187,train,93
30618_2050d396,1787736829.3,1787736859.0,29.700000047683716,798.2999999523163,515.0999999046326,-184.2343692825943,157.60320182850046,-9.801701512729132,-0.2257727874854334,298,298,0.0030721340050305435,0.14435107916676101,False,False,main,8177.8402821107975,-0.010874948677030875,True,29.419623613357544,train,95
30618_2050d396,1787737079.9,1787737130.4,50.5,1048.9000000953674,243.69999980926514,1817.1237747685225,309.0037101730898,6.678168157527033,0.12940354382906094,506,506,0.004176095226286206,0.15262888246930378,False,False,main,10204.06703366703,0.006443056732954533,True,50.21971583366394,train,103
30618_2050d396,1787737182.0,1787737202.8,20.799999952316284,1151.0,171.29999995231628,2092.7328961298995,392.669004039635,10.971938064044572,0.6973972050530481,208,209,0.005008153236958117,0.10873943153798699,False,False,main,10496.443201428307,0.005847800618080139,True,20.619852542877197,train,107
30618_2050d396,1787737253.2,1787737267.1,13.899999856948853,1222.2000000476837,107.0,2268.5132505671772,635.5261964664144,10.347408776031763,0.9781364561766251,140,140,0.00408867185279003,0.14028670751788577,False,False,main,10797.22286265524,0.0098406840696007,True,13.702598810195923,train,109
30618_2050d396,1787737322.7,1787737348.2,25.5,1291.7000000476837,25.899999856948853,2348.025598146236,775.3270155643291,8.968989805155754,1.4596877238912844,126,256,0.006156822442703833,0.1579440497050443,False,False,main,10960.993379377229,0.003317502040182316,True,25.22068953514099,train,116
30639_0be558e2,1787736593.2,1787736660.5,67.29999995231628,0.0,1224.0999999046326,2401.316214676297,847.0307050543618,7.874079016349452,1.4201045786326312,388,674,0.008851814458420567,0.0,True,False,main,0.15030740605162268,-0.006660453020007683,True,64.87086153030396,train,0
30639_0be558e2,1787736666.6,1787736681.1,14.5,73.39999985694885,1203.5,2401.854382942103,848.2797886099008,7.901610412706347,1.4803955979077112,23,146,0.008057787336810314,0.16315520643826262,False,False,main,1.5104494742677832,0.0020888879742172843,True,13.999566555023193,train,0
30639_0be558e2,1787736696.4,1787736702.7,6.299999952316284,103.20000004768372,1181.8999998569489,2402.7321930703483,861.3730673695846,7.759326188697029,2.0137645024877804,31,64,0.007200456658446253,0.11817311706505092,False,False,main,14.881287561296139,0.023716840226427977,True,5.9006123542785645,train,1
30639_0be558e2,1787736751.9,1787736759.8,7.8999998569488525,158.70000004768372,1124.7999999523163,2340.0705740457315,836.41337510298,8.091892730511452,-1.4821442913913316,80,80,0.031490638007803724,0.11846385116079429,False,False,main,125.62988791321004,-0.011672141907436335,False,0.0,train,3
30639_0be558e2,1787736807.7,1787736815.0,7.299999952316284,214.5,1069.5999999046326,2344.8704013445067,769.2721515564159,9.02418134961686,-1.6565604216457246,72,74,0.004738973899237141,0.0,False,False,main,192.94494393683297,-0.012255384201994703,True,7.299999952316284,train,6
30639_0be558e2,1787736816.3,1787736824.7,8.400000095367432,223.09999990463257,1059.8999998569489,2344.869253636403,769.2690907326328,9.02688104779504,-1.656283790307339,78,85,0.004099026927813579,0.0,False,False,main,192.9479642179692,-0.013505895289781019,True,8.400000095367432,train,6
30639_0be558e2,1787736830.4,1787736836.8,6.3999998569488525,237.20000004768372,1047.7999999523163,2344.870981319235,769.2496969916679,9.005433345102634,-1.6562391692000524,48,65,0.003555515931842392,0.0,False,False,main,192.96740527439144,-0.012434726876195932,True,6.3999998569488525,train,6
30639_0be558e2,1787736908.4,1787736941.7,33.299999952316284,315.2000000476837,942.8999998569489,2141.2220996894584,450.710943167014,11.272493837181408,-2.171585232461313,289,334,0.0044499321357637815,0.0,False,False,main,572.7257546791507,-0.007501567098141412,True,33.299999952316284,train,16
30639_0be558e2,1787737280.8,1787737318.8,38.0,687.5999999046326,565.7999999523163,-219.00946118634315,169.01745737113458,-9.252240367122647,2.932915644210614,380,381,0.0030737480868693193,0.02808354575989115,False,False,main,2999.919712697413,-0.0017582297768043691,True,38.0,train,34
30639_0be558e2,1787737383.0,1787737398.8,15.799999952316284,789.7999999523163,485.7999999523163,-640.7978976978422,268.4634802640333,-3.7624641497488702,2.9803580491173256,113,159,0.058116806691805224,0.1607153931912019,False,False,main,3433.300147956338,-0.013314270423203786,True,15.592387199401855,train,38
30639_0be558e2,1787737407.5,1787737427.3,19.799999952316284,814.2999999523163,457.2999999523163,-643.0046108193767,268.9975021777716,-3.739008170917407,2.8942466411813594,0,199,0.003582709931169312,0.0,False,False,main,3435.5705665650553,-0.013035324953707517,True,19.799999952316284,train,38
30639_0be558e2,1787737480.5,1787737487.2,6.700000047683716,887.2999999523163,397.39999985694885,-782.6942494648199,303.32411556235104,-2.0728243572335274,2.871085767545788,3,68,0.002600482412632927,0.09908642653401388,False,False,main,3579.4170269208043,-0.0025703270024262236,True,6.491206645965576,train,40
30639_0be558e2,1787737550.5,1787737557.0,6.5,957.2999999523163,327.59999990463257,-947.4668711184607,40.68068780638241,8.202810775922982,-1.9302675734079366,0,66,0.09003920627729507,0.14899074423062592,False,False,main,3920.4857375099136,-0.0035027231049702527,True,6.200620174407959,train,43
30639_0be558e2,1787737588.7,1787737596.2,7.5,995.5,288.39999985694885,-1012.1995263909939,-126.49235988586689,11.368614717548052,-1.8792251720922566,0,76,0.006085625131484042,0.13856498180393495,False,False,main,4099.7554578382305,-4.8656187719923905e-05,True,7.200758695602417,train,45
30639_0be558e2,1787737631.2,1787737645.7,14.5,1038.0,238.89999985694885,-1105.0940354628335,-325.37700899659256,12.134488623050055,-2.392460308727705,81,146,0.002457060986970772,0.09550704785978684,False,False,main,4321.001856841964,-0.013096867617738997,True,14.291920900344849,train,47
30639_0be558e2,1787737685.0,1787737696.1,11.099999904632568,1091.7999999523163,188.5,-1345.9423641727776,-394.6658012536571,13.315758144266628,-2.9123907863052887,0,112,0.04408018535226814,0.1309503457442666,False,False,main,4576.737794761285,0.0011228485392715544,True,10.892290353775024,train,49
30639_0be558e2,1787737827.8,1787737833.8,6.0,1234.5999999046326,50.799999952316284,-2073.55761692899,-269.81800625726737,14.494715280981056,-3.082119131228614,0,61,0.004125765902912814,0.11827167326634522,False,False,main,5334.497408895529,0.003212958799993469,True,5.698639869689941,train,53
30618_67b89902,1787741832.7,1787741850.3,17.59999990463257,0.0,968.2000000476837,-2197.1585328640735,-363.72608472499303,13.877766991678604,0.8007401915511577,175,177,0.002270689401130344,0.015208055422247858,True,False,main,5646.359770707808,-0.008487321880154724,True,14.887331247329712,train,59
30618_67b89902,1787741919.4,1787741935.5,16.09999990463257,86.70000004768372,883.0,-2015.363290500509,-295.56489493035167,15.436184255096894,-0.36665653706053275,162,162,0.0037133082444801764,0.19458057965878217,False,False,main,5870.473909374872,0.002193440616815031,True,15.919464588165283,train,67
30618_67b89902,1787741969.2,1787741988.2,19.0,136.5,830.2999999523163,-1815.994778250982,-370.9564795002034,16.4218881790059,-0.3644979643014458,181,191,0.007709246998787857,0.21569120792996793,False,False,main,6083.62210494423,-0.0007452106029016358,True,18.69956374168396,train,69
30618_67b89902,1787742042.8,1787742067.3,24.5,210.09999990463257,751.2000000476837,-1414.6578298531826,-408.07100711992155,13.777378090933972,0.14120416895059448,246,246,0.003531238172382322,0.1720928505860945,False,False,main,6496.520337219482,0.011109720692082301,True,24.218772649765015,train,71
30618_67b89902,1787742141.6,1787742204.9,63.30000019073486,308.89999985694885,613.5999999046326,-994.0373387153088,-89.36824473303693,11.13549286451349,1.1986682583761399,634,634,0.004719416977488153,0.17384536453233784,False,False,main,7088.340671052508,6.522884599127324e-05,True,63.01953673362732,train,80
30618_67b89902,1787742300.4,1787742334.1,33.69999980926514,467.7000000476837,484.40000009536743,-697.1435859742589,278.66415625449633,-3.125747731291307,-0.24481157674603082,338,338,0.004678830970194258,0.1323136615021919,False,False,main,7650.806610323656,0.0011931962350906179,True,33.519649505615234,train,87
30618_67b89902,1787742388.9,1787742407.8,18.899999856948853,556.2000000476837,410.7000000476837,-278.6245684759432,178.72963615694593,-8.424575184784358,-0.22309654915816407,189,190,0.004631878842805258,0.1524685012535184,False,False,main,8081.113623272805,-0.009551137081565853,True,18.61979365348816,train,93
30618_67b89902,1787742630.6,1787742649.2,18.600000143051147,797.8999998569489,169.29999995231628,1817.223474562583,309.00746162971404,6.668539917863942,0.12828480420475982,106,187,0.004668682115643679,0.1284498292567336,False,False,main,10204.166344187426,-0.003123964419002045,True,18.420308113098145,train,103
30618_67b89902,1787742764.8,1787742790.9,26.100000143051147,932.0999999046326,27.59999990463257,2348.0264202609765,775.535594229407,8.944713361509967,1.5437758351709685,100,262,0.07234616293856416,0.15666558718658136,False,False,main,10961.20190054617,-0.0016549168944366027,True,25.900639295578003,train,116
30618_3e9f4952,1787742845.6,1787742897.8,52.200000047683716,0.0,1270.7000000476837,2399.8280433062046,844.0846182639098,7.861324574579257,1.2735454956517778,516,523,0.004928511642537413,0.0,True,False,main,11050.499801063806,-1.0172897425476598e-05,True,49.79715180397034,train,119
30618_3e9f4952,1787742898.5,1787742918.0,19.5,52.90000009536743,1250.5,2399.8252310393887,844.0848046384,7.8860275418153245,1.2732720016100614,195,196,0.00466418842201092,0.06931656798269886,False,False,main,11050.498589025256,0.0025343393634910177,True,19.48043990135193,train,119
30618_3e9f4952,1787742969.4,1787742990.1,20.699999809265137,123.80000019073486,1178.4000000953674,2341.6047893666328,815.7110732501421,8.457709228445655,-1.4982324913483145,206,208,0.004430465573590194,0.1459344683784448,False,False,main,146.38906156275544,0.0007490712231898692,True,20.497846364974976,train,4
30618_3e9f4952,1787743014.2,1787743024.9,10.700000047683716,168.60000014305115,1143.5999999046326,2344.8319764153275,770.7305126459686,8.978319251797853,-1.6460183420564678,108,108,0.006388660797977813,0.12398677415392036,False,False,main,191.4861285073663,0.0034882443170484363,True,10.500728130340576,train,6
30618_3e9f4952,1787743048.4,1787743058.7,10.299999952316284,202.80000019073486,1109.7999999523163,2304.771343422306,696.1168950201447,9.204115020075902,-2.091185018008612,102,104,0.005693057845471984,0.10485915652702402,False,False,main,277.8127959963681,0.0014626834904091033,True,10.118688821792603,train,7
30618_3e9f4952,1787743097.4,1787743105.0,7.599999904632568,251.80000019073486,1063.5,2150.953455613314,465.2719670400238,11.324232794453941,-2.087583137224836,76,77,0.0055076840194477755,0.11627435116509423,False,False,main,555.211857788416,-0.0038544688797957547,True,7.418589115142822,train,14
30618_3e9f4952,1787743115.3,1787743127.9,12.600000143051147,269.7000000476837,1040.5999999046326,2141.128061259173,450.56986532238705,11.266285206391947,-2.111803826298159,108,127,0.004762402065289686,0.09298284436615468,False,False,main,572.8952837394179,-0.0050353270382576636,True,12.399476528167725,train,16
30618_3e9f4952,1787743174.9,1787743195.9,21.0,329.30000019073486,972.5999999046326,1873.311023787453,320.0244280021404,7.5837077764321865,-3.0131555854323113,193,211,0.004350202268630828,0.05180940090577659,False,False,main,881.3703225964193,-0.004172664799508253,True,20.89984917640686,train,22
30618_3e9f4952,1787743457.1,1787743487.1,30.0,611.5,681.4000000953674,-219.50276805241464,169.12641152115066,-9.241010248092067,2.916881838179815,300,301,0.0034811836190205337,0.051226171874795355,False,False,main,3000.4249064521637,-0.00034289954590713257,True,29.899909734725952,train,34
30618_3e9f4952,1787743520.9,1787743537.2,16.299999952316284,675.3000001907349,631.2999999523163,-435.3821089340105,217.9464703546701,-6.313798463885065,2.9049052534675313,164,164,0.004372879463224113,0.1313639214027839,False,False,main,3221.760119163428,0.0010366467864437409,True,16.119938850402832,train,35
30618_3e9f4952,1787743569.9,1787743589.7,19.799999952316284,724.3000001907349,578.7999999523163,-641.2635926657229,268.5711797365791,-3.750915375783621,2.9434162695050867,0,199,0.3620666773679301,0.17974321337607777,False,False,main,3433.778113911254,-0.008620788716574013,True,19.501593351364136,train,38
30618_3e9f4952,1787743692.0,1787743708.1,16.09999990463257,846.4000000953674,460.40000009536743,-947.6022991656018,40.326280457909135,8.19949310053739,-1.9406099748271444,162,162,0.005716575709976718,0.1721815546822092,False,False,main,3920.865136812392,-0.0024038131696760036,True,15.700370073318481,train,43
30618_3e9f4952,1787743743.3,1787743763.9,20.600000143051147,897.7000000476837,404.59999990463257,-1012.2319939077721,-126.56166176022032,11.364909201445503,-1.9527509764819864,151,207,0.005076142435282916,0.16045291321795793,False,False,main,4099.831840393951,-0.004802035641905935,True,20.319823026657104,train,45
30618_3e9f4952,1787743798.9,1787743847.3,48.39999985694885,953.3000001907349,321.2000000476837,-1105.28297164477,-325.58071689575496,12.160045129551735,-2.4105379550345227,485,485,0.0036197478643426127,0.18758683543762292,False,False,main,4321.279198679848,0.003953042396476748,True,48.12063527107239,train,47
30618_3e9f4952,1787743886.7,1787743909.6,22.899999856948853,1041.1000001430511,258.90000009536743,-1346.0490955974963,-394.687479690755,13.303083602869508,-3.0005262985666663,215,230,0.004613074625028519,0.15079787742796052,False,False,main,4576.846546305542,0.0070095521314698025,True,22.599589109420776,train,49
30618_3e9f4952,1787743967.1,1787743987.5,20.40000009536743,1121.5,181.0,-1758.0992265111088,-389.1743843287787,16.423685700778588,2.775724734448615,203,205,0.0042402466282219576,0.11381635511270419,False,False,main,4997.21036916653,0.009787694791253413,True,20.220356702804565,train,51
30618_3e9f4952,1787744025.0,1787744044.4,19.40000009536743,1179.4000000953674,124.09999990463257,-1964.166224012773,-311.2466496453133,15.741274361277917,2.7771456474025,191,195,0.003737668073381762,0.12256016295246717,False,False,main,5217.521274407707,8.080732836906084e-05,True,19.22041940689087,train,52
30618_3e9f4952,1787744077.8,1787744117.4,39.60000014305115,1232.2000000476837,51.09999990463257,-2073.435670123219,-269.87392159973456,14.521702421713945,2.9151728457201833,378,397,0.002909343978834842,0.12768842706210473,False,False,main,5334.363957730242,0.016936494952337764,True,39.320374727249146,train,53
30618_a869780d,1787770241.4,1787770250.0,8.599999904632568,0.0,1077.9000000953674,2341.6104724136717,815.6345270617242,8.461216857148361,-1.5036402922069974,84,87,0.0017943598880693337,0.0,True,False,main,146.46581793655446,0.00047508911367297326,True,5.703898191452026,train,4
30618_a869780d,1787770311.5,1787770326.0,14.5,70.09999990463257,1001.9000000953674,2150.821087688002,465.08280472838806,11.325390501118807,-2.1606911516045324,146,146,0.00402877774699147,0.074232387051828,False,False,main,555.4426861078456,-0.008537923169395464,True,14.379701614379883,train,14
30618_a869780d,1787770374.9,1787770391.6,16.699999809265137,133.5,936.3000001907349,1873.1341952355556,320.0050483011595,7.56996015749849,-3.0127867077706614,168,168,0.0037773801761062384,0.11493631730688025,False,False,main,881.5481593553495,-0.008343476885283627,True,16.38005566596985,train,22
30618_a869780d,1787770398.1,1787770404.3,6.200000047683716,156.69999980926514,923.6000001430511,1866.82462582023,319.15965862923434,7.476647904514439,-3.013764959568526,59,63,0.003960867047632182,0.1266557236032742,False,False,main,887.9141158242908,-0.0049429912912124525,True,5.980086803436279,train,23
30618_a869780d,1787770667.1,1787770684.9,17.800000190734863,425.69999980926514,643.0,-218.2402819912921,169.97995783532704,-9.305178918060507,,0,179,0.5243892929945194,0.07262745647603107,False,False,,,,True,17.679588794708252,train,-1
30618_a869780d,1787770691.6,1787770719.6,28.0,450.19999980926514,608.3000001907349,-224.74519352986954,170.29631699806325,-9.174323555858107,2.924638510881512,211,281,0.0026271857951725504,0.13230606704196743,False,False,main,3005.796266882671,0.006719261189155359,True,27.77951407432556,train,34
30618_a869780d,1787770779.3,1787770801.0,21.700000047683716,537.8999998569489,526.9000000953674,-640.9903556793804,268.4900452015452,-3.75038437305703,2.8991113401630138,218,218,0.004362834720002066,0.12777875166079525,False,False,main,3433.4934636831567,0.0060454900942863155,True,21.37907838821411,train,38
30618_a869780d,1787770808.0,1787770839.7,31.700000047683716,566.5999999046326,488.2000000476837,-646.9492106793631,269.92481743498973,-3.70884519598254,2.8933427235790776,318,318,0.004928978457814486,0.1299133390213942,False,False,main,3439.622614772251,0.010308716451244811,True,31.579898595809937,train,39
30618_a869780d,1787770935.6,1787770970.4,34.80000019073486,694.1999998092651,357.5,-948.0763590149996,39.086599384977674,8.240779896036361,-1.939506804166763,349,349,0.003948944662398925,0.15550842715721158,False,False,main,3922.192363788392,0.0005805839072338944,True,34.59943985939026,train,43
30618_a869780d,1787771005.1,1787771037.9,32.80000019073486,763.6999998092651,290.0,-1012.3495515569873,-126.86262746284203,11.376183740408939,-1.945894395759267,323,329,0.003949970906177796,0.13281377297488747,False,False,main,4100.154949372587,-0.003615190078683309,True,32.57954382896423,train,45
30618_a869780d,1787771072.9,1787771085.6,12.699999809265137,831.5,242.30000019073486,-1105.290806503404,-325.57319904293,12.137094740102741,-2.409168585168112,128,128,0.004469677859826513,0.1522533225645313,False,False,main,4321.279688369784,-0.006894230287417611,True,12.479758739471436,train,47
30618_a869780d,1787771124.8,1787771142.4,17.600000143051147,883.3999998569489,185.5,-1346.1534175861884,-394.7002512614831,13.303061128016552,-3.0128952992333904,72,177,0.004105893252954,0.19582344839262816,False,False,main,4576.951615645652,0.004435817016686682,True,17.28008008003235,train,49
30618_a869780d,1787771197.6,1787771215.9,18.300000190734863,956.1999998092651,112.0,-1758.0557383308296,-389.1695761608871,16.41289822382189,2.775033795787466,133,184,0.0038882371523296087,0.10786177265517767,False,False,main,4997.17134789843,-0.010003235918168133,True,18.079530000686646,train,51
30618_a869780d,1787771250.8,1787771268.3,17.5,1009.3999998569489,59.60000014305115,-1964.2536925870786,-311.20968121965234,15.728648317727334,2.777579440391135,176,176,0.004360539496824571,0.15155135348958773,False,False,main,5217.616162597041,-0.0036338518095099226,True,17.280184745788574,train,52
30618_0686195f,1788422769.9,1788422783.9,14.0,0.0,1168.5999999046326,2396.2688029978945,855.6927146596041,10.186314467561422,,0,141,0.08582094915573762,0.1901946811361974,True,False,,,,True,10.24055027961731,train,-1
30618_0686195f,1788422829.1,1788422852.9,23.800000190734863,59.19999980926514,1099.5999999046326,2341.3914366477447,816.2765758497832,10.72071598947768,-1.5008179299264277,0,239,0.05278727105332544,0.1639113235024849,False,False,main,145.8090102020055,-0.16842447636743946,True,23.600947380065918,train,4
30618_0686195f,1788422888.2,1788422896.0,7.799999952316284,118.29999995231628,1056.5,2304.2460800208746,696.0785482904715,10.669459855589613,-2.189459359026695,0,79,0.004890438417725956,0.1123670462388194,False,False,main,278.137194298123,-0.4135165591627321,True,7.699657201766968,train,7
30618_0686195f,1788422934.1,1788422952.9,18.800000190734863,164.19999980926514,999.5999999046326,2150.30209595198,465.2066235498821,12.940708055735245,-2.1610755189414683,0,189,0.023793020186055728,0.1469693467535376,False,False,main,555.6286852366567,-0.5086257621508041,True,18.500014543533325,train,14
30618_0686195f,1788422963.3,1788422982.0,18.700000047683716,193.39999985694885,970.5,2140.592499984643,450.551254683263,12.790564739864756,-2.1889713543404326,0,188,0.05185166289988082,0.13840069388018927,False,False,main,573.2155140665543,-0.4350911706849171,True,18.499683141708374,train,16
30618_0686195f,1788423028.5,1788423089.3,60.799999952316284,258.59999990463257,863.2000000476837,1872.6231773618201,320.34509406885024,9.992893962952458,,0,609,0.07268833496805202,0.11554585735520112,False,False,,,,True,60.59951829910278,train,-1
30618_0686195f,1788423353.8,1788423389.4,35.60000014305115,583.8999998569489,563.0999999046326,-217.0635593475355,168.75278400551153,-7.651617205446569,2.9167880808213638,0,357,0.03555122518209987,0.09598635033127467,False,False,main,2997.9630093264973,-0.1686759717925077,True,35.30080962181091,train,34
30618_0686195f,1788423397.4,1788423418.7,21.299999952316284,627.5,533.7999999523163,-224.87557643856167,170.38831449660992,-7.601130085001172,,0,214,0.01366086880732548,0.1295193070135695,False,False,,,,True,21.005857944488525,train,-1
30618_0686195f,1788423452.0,1788423482.1,30.09999990463257,682.0999999046326,470.40000009536743,-436.0269047322994,218.57687177280422,-4.754814185632957,2.9045243687702356,0,302,0.020772072453353982,0.06144441587568745,False,False,main,3222.531374917602,-0.4664607492773933,True,30.006627559661865,train,35
30618_0686195f,1788423514.2,1788423536.9,22.700000047683716,744.2999999523163,415.59999990463257,-641.9658365310868,269.25627343712813,-2.5145647647556366,2.897977733887091,0,228,0.035753396325383914,0.10438754678383065,False,False,main,3434.621985177737,-0.5092439929025773,True,22.49989104270935,train,38
30618_0686195f,1788423632.0,1788423641.7,9.700000047683716,862.0999999046326,310.7999999523163,-935.61602762997,75.91237100256774,12.90628239492412,-1.9413669672280633,0,98,12.006021195434064,0.1268625053500389,False,False,main,3883.3494202855322,-1.585337911170255,True,9.499836206436157,train,41
30618_0686195f,1788423674.5,1788423705.7,31.200000047683716,904.5999999046326,246.79999995231628,-1012.8677407553806,-127.08780893030882,12.771791869460383,-1.9460843822451854,0,313,7.895893143242709,0.1267265045052153,False,False,main,4100.554774287244,-0.40282287567758907,True,31.00634002685547,train,45
30618_0686195f,1788423768.0,1788423825.4,57.40000009536743,998.0999999046326,127.09999990463257,-1346.542494681031,-394.4156652439535,13.751474299279689,-3.000731948964202,0,575,1.4249587378360928,0.05294129691506974,False,False,main,4577.294980641511,-0.3338772311368307,True,57.30579924583435,train,49
30618_0686195f,1788423880.3,1788423912.8,32.5,1110.3999998569489,39.700000047683716,-1758.6697596722552,-388.57909060748494,17.341761998085204,,0,326,0.09233937950924871,0.1044635749735705,False,False,,,,True,32.200167417526245,train,-1
30618_0686195f,1788423945.2,1788423952.5,7.299999952316284,1175.2999999523163,0.0,-1964.637513661479,-311.22900858641384,16.028379395346285,,0,74,0.013249118991578794,0.0449477095427416,False,True,,,,True,7.206131458282471,train,-1
30618_88548b02,1788450952.2,1788450958.5,6.299999952316284,0.0,1249.4000000953674,-2173.411445099934,-339.2860226567135,14.173081002302915,0.8006319283135989,62,64,0.009665859966276004,0.07926960592937864,True,False,main,5680.436829200627,-0.08393856630322949,False,0.0,train,62
30618_88548b02,1788451027.4,1788451066.1,38.69999980926514,75.20000004768372,1141.8000001907349,-2015.5463937349944,-295.5302900825964,15.394727961732274,-0.3678609053068159,385,388,0.020057053599171697,0.12781777446965123,False,False,main,5870.290364140464,-0.02998476463021876,True,38.40062594413757,train,67
30618_88548b02,1788451100.8,1788451136.3,35.5,148.59999990463257,1071.6000001430511,-1816.0537653887277,-370.5714847897708,16.19968834437666,-0.3641348253018522,356,356,0.02590072384272272,0.09962046569948678,False,False,main,6083.432385271551,0.339411893216792,True,35.29705834388733,train,69
30618_88548b02,1788451190.7,1788451206.0,15.299999952316284,238.5,1001.9000000953674,-1414.7136691964204,-407.8120134142937,14.969782082628178,0.1406829194624576,154,154,0.01304693334722138,0.07557471678036712,False,False,main,6496.501252804303,0.2753663325400006,True,15.09986162185669,train,71
30618_88548b02,1788451217.0,1788451244.6,27.59999990463257,264.7999999523163,963.3000001907349,-1402.9907055641108,-406.1300916941559,14.951214521827417,0.13835007077747236,274,277,0.12332741615356502,0.0885558704346279,False,False,main,6508.345251323235,0.25773947578286854,True,27.438851594924927,train,72
30618_88548b02,1788451320.8,1788451346.7,25.90000009536743,368.59999990463257,861.2000000476837,-994.5483932640102,-88.7578143992242,12.678671972348763,1.1985379225210688,260,260,0.045568680961478196,0.1061604461959959,False,False,main,7088.725895691981,0.696886253417143,True,25.699307918548584,train,80
30618_88548b02,1788451353.7,1788451400.0,46.299999952316284,401.5,807.9000000953674,-991.8575711544123,-82.02841179445669,12.7251297055965,1.1962384714027687,461,464,0.06205856514163864,0.16574018731399448,False,False,main,7095.969914199216,0.6191892268749665,True,46.09998679161072,train,81
30618_88548b02,1788451504.8,1788451534.9,30.100000143051147,552.5999999046326,673.0,-697.3600248820325,278.8293047995587,-3.906244310045631,-0.24459571851005676,172,302,0.30678838554316595,0.08782024713584696,False,False,main,7650.557242852427,0.11036182207608765,True,29.83819842338562,train,87
30618_88548b02,1788451562.9,1788451606.1,43.19999980926514,610.7000000476837,601.8000001907349,-533.748040593152,239.11874759539717,-4.771102113609471,-0.2455653627865741,408,433,0.49288433299424084,0.13454296232383275,False,False,main,7818.919151210527,0.5698741761927589,True,42.93926429748535,train,89
30618_88548b02,1788451642.5,1788451665.4,22.90000009536743,690.2999999523163,542.5,-279.127515228709,177.79574400647485,-6.944471338733411,-0.2230028652323785,221,230,0.01919998484517928,0.14866856672271694,False,False,main,8080.828880326856,-1.0313247051096144,True,22.639990091323853,train,93
30618_88548b02,1788451708.3,1788451727.9,19.600000143051147,756.0999999046326,480.0,106.67002227250914,104.14453846934971,-10.395541013647096,-0.04016735353889046,197,197,0.06581954892879675,0.16092832814246696,False,False,main,8474.087050079035,-0.35709482852595303,True,19.299105644226074,train,96
30618_88548b02,1788451914.8,1788451932.0,17.200000047683716,962.5999999046326,275.90000009536743,1724.8939343002203,296.9607064566094,5.947989888365272,0.10279380598077523,0,173,0.24377241811688824,0.11976996847377323,False,False,main,10111.05387112631,-0.19382995088160146,True,17.039993047714233,train,100
30618_88548b02,1788451958.1,1788452013.8,55.700000047683716,1005.8999998569489,194.10000014305115,1817.1783599622383,309.79664222594283,7.762584704742599,0.1295403403180425,64,558,0.9870662999681042,0.10313780493827782,False,False,main,10204.226916048632,0.7850209399344447,True,55.53827524185181,train,103
30618_88548b02,1788452138.8,1788452162.8,24.0,1186.5999999046326,45.10000014305115,2348.158670176409,776.0326213566552,8.60491146161835,1.447849825199577,144,241,0.670830641668203,0.10048286931154315,False,False,main,10961.699188667608,-0.1426201837423072,True,23.839853763580322,train,116
30618_27e994fc,1788452232.1,1788452239.4,7.300000190734863,0.0,1892.7999999523163,2400.8989866745696,847.5607020259689,9.4599350308087,1.4093808038415896,62,74,0.48421480223178953,0.0,True,False,main,0.46214019645347826,0.5914501606361316,False,0.0,train,0
30618_27e994fc,1788452289.7,1788452332.8,43.09999990463257,57.60000014305115,1799.4000000953674,2341.4468835287926,816.8344850579545,8.965921682086798,-1.4988951261596863,344,432,0.47223526371064184,0.15416862692471445,False,False,main,145.25691093326608,-0.07084616116914887,True,42.83996653556824,train,4
30618_27e994fc,1788452351.1,1788452359.7,8.600000143051147,119.0,1772.5,2344.758376546431,770.5031521627295,8.99737467323621,-1.6554175462138108,87,87,0.008533342839917937,0.12649795542372103,False,False,main,191.71013026473204,-0.0797775294401946,True,8.43999171257019,train,6
30618_27e994fc,1788452382.2,1788452393.6,11.399999856948853,150.10000014305115,1738.6000001430511,2304.39966759887,696.2405117355781,8.17388780037041,-2.1532121872659276,0,115,4.303103902585432,0.10313673087498211,False,False,main,277.91696831534983,-0.3761245753245749,True,11.23936653137207,train,7
30618_27e994fc,1788452433.9,1788452451.9,18.0,201.80000019073486,1680.2999999523163,2151.991784701104,466.40414036946225,10.203776228548183,-2.2515160157852514,0,181,3.3118726362070654,0.13023615645447104,False,False,main,553.6935037932949,0.22920546425669142,True,16.84731125831604,train,14
30618_27e994fc,1788452462.9,1788452470.7,7.799999952316284,230.80000019073486,1661.5,2141.1936161532035,449.9454096292437,12.78387041002886,-2.37660112226436,0,79,0.2781859063162301,0.11744832047186463,False,False,main,573.3713464662204,0.4040185603982031,True,6.538844108581543,train,16
30618_27e994fc,1788452537.8,1788452572.2,34.40000009536743,305.7000000476837,1560.0,1873.3343908498448,319.2880856002725,7.780260317694456,-2.9963305713995316,289,345,0.49060682539709644,0.16013470545747024,False,False,main,881.4444879488289,0.7287977663199089,True,34.240073442459106,train,22
30618_27e994fc,1788452834.5,1788452847.8,13.299999952316284,602.4000000953674,1284.4000000953674,-219.95249206791317,171.0710865856496,-9.51882796823202,2.9146989773997922,0,130,0.35993280239899544,0.0,False,False,main,3001.288162858191,-1.8000080391586657,True,13.299999952316284,train,34
30618_27e994fc,1788452849.9,1788452863.9,14.0,617.8000001907349,1268.2999999523163,-219.93096374996193,171.09251986591897,-9.518977187064811,2.9165398057694762,0,141,0.8849936879419996,0.0,False,False,main,3001.271830608501,-1.825622714581036,True,14.0,train,34
30618_27e994fc,1788452915.7,1788452963.2,47.5,683.6000001430511,1169.0,-641.6165061105758,268.6833545554499,-1.432403000512896,2.89899586036181,245,476,0.38206837613381434,0.13060437790629703,False,False,main,3434.147520323142,-0.034678560921958576,True,47.23851656913757,train,38
30618_27e994fc,1788453072.9,1788453103.4,30.5,840.8000001907349,1028.7999999523163,-971.7682989041823,-20.907514355784564,8.09150840298806,-1.9435901060625909,6,306,0.1051127039207418,0.13720531080919565,False,False,main,3986.692206478852,-0.5414849142152565,True,30.298949003219604,train,44
30618_27e994fc,1788453128.4,1788453171.6,43.19999980926514,896.3000001907349,960.6000001430511,-1013.1802442608648,-128.64583169846594,11.885574663869154,-1.946041903368349,34,433,0.3144817699386132,0.10415419386795718,False,False,main,4102.118424043313,-0.12191791637099315,True,43.03797674179077,train,45
30618_27e994fc,1788453234.1,1788453257.5,23.40000009536743,1002.0,874.7000000476837,-1346.4144973725754,-395.185359362024,13.076252824386053,-3.0005948233611517,146,235,0.46900549600869657,0.08473331401868668,False,False,main,4577.280717074284,0.44625666571300093,True,23.23829746246338,train,49
30618_27e994fc,1788453315.1,1788453333.7,18.600000143051147,1083.0,798.5,-1758.9091682675644,-389.5067832881547,17.993204003145294,2.7764860719171773,132,187,0.28608159564409924,0.08642977813897558,False,False,main,4997.851352487358,0.6059026753847693,True,18.43927025794983,train,51
30618_27e994fc,1788453373.3,1788453400.0,26.700000047683716,1141.2000000476837,732.2000000476837,-1965.1176457637634,-311.13825401972395,17.040879296748535,2.7782167450615383,142,268,0.4761540807008214,0.0960236824311141,False,False,main,5218.449664602256,0.234675492730387,True,26.537875413894653,train,52
30618_27e994fc,1788453434.3,1788453483.4,49.10000014305115,1202.2000000476837,648.7999999523163,-2073.658308756526,-269.63609251823107,15.473197729977215,2.9155801312250094,100,492,0.3350383354909572,0.10730343313043564,False,False,main,5334.6503839853285,-0.1371068677749544,True,48.93929481506348,train,53
30618_27e994fc,1788453538.2,1788453617.0,78.79999995231628,1306.1000001430511,515.2000000476837,-2171.1279851763834,-324.3574322613292,15.748449324314326,-2.773205204637147,249,789,0.8234050728119485,0.1106969389911532,False,False,main,5453.994335051082,-0.15396550674740084,True,78.63970470428467,train,56
30618_27e994fc,1788453629.2,1788453999.2,370.0,1397.1000001430511,133.0,-2191.92646522763,-332.0237822998405,15.54660050268157,-2.7836256491846996,3691,3701,0.1687530737543057,0.08972095976753536,False,False,main,5476.166064194693,-0.4860222360397397,True,368.93938851356506,train,57
30618_27e994fc,1788454075.1,1788454132.2,57.10000014305115,1843.0,0.0,-2183.6098340032777,-357.18085650316095,16.553380386767003,0.8016874566394427,464,571,0.19006547127614007,0.10318051620210211,False,True,fan_F2,27.60507741957301,-0.2563748656572811,True,56.89991736412048,train,123
30639_3b3d9eb8,1777967492.1,1777967502.2,10.100000143051147,0.0,1208.2999999523163,2401.728117047126,846.3057652900677,0.4878664707030131,1.4153478229621081,0,102,0.02646969171276034,0.0,True,False,main,11053.323897541697,-0.687225523070232,True,7.124272108078003,val,119
30639_3b3d9eb8,1777967579.1,1777967599.7,20.600000143051147,87.0,1110.7999999523163,2345.825541317357,769.4155333584879,1.118600593445062,-1.694198811421511,0,207,0.061651312260164674,0.15083470756812525,False,False,main,192.8339287198441,0.947185249969107,True,20.359712600708008,val,6
30639_3b3d9eb8,1777967665.5,1777967673.4,7.900000095367432,173.40000009536743,1037.0999999046326,2141.8872685305682,450.56259342310864,4.112232803709001,-2.1713629517769486,0,80,0.006478453137415545,0.20791222124920727,False,False,main,572.471110822985,0.624624245336971,True,7.660982370376587,val,16
30639_3b3d9eb8,1777967730.5,1777967753.1,22.59999990463257,238.40000009536743,957.4000000953674,1867.6455289658156,319.05572164026273,0.05081672305908369,,0,227,0.07597064435686367,0.14535375119108362,False,False,,,,True,22.36024785041809,val,-1
30639_3b3d9eb8,1777967896.6,1777967911.1,14.5,404.5,799.4000000953674,1249.2778893359036,266.3191435791959,-5.500472508052111,3.1214626647247354,0,146,0.016502493365270054,0.14439502626385778,False,False,main,1507.9120539698606,0.9478353263362073,True,13.460972309112549,val,27
30639_3b3d9eb8,1777968080.9,1777968109.2,28.299999952316284,588.8000001907349,601.2999999523163,-214.66353613346178,168.11621099747447,-12.920970451099311,2.9693728637254546,0,284,0.0782701818699499,0.1424492147362648,False,False,main,2995.481869896396,-0.07190400314983748,True,27.339423656463623,val,34
30639_3b3d9eb8,1777968117.7,1777968150.3,32.59999990463257,625.6000001430511,560.2000000476837,-224.17306276422622,170.2132465014047,-12.72480047167434,2.9682587354025505,0,327,0.029976770829064754,0.1391136732756957,False,False,main,3005.2199439669894,-0.038988208870044644,True,31.63915753364563,val,34
30639_3b3d9eb8,1777968184.8,1777968199.9,15.100000143051147,692.7000000476837,510.59999990463257,-434.2058024508266,217.7823563790748,-10.409612942908836,2.9557798539796254,0,152,0.04120149004717637,0.10447523845503486,False,False,main,3220.577135467064,-0.10517949433038459,True,14.13982343673706,val,35
30639_3b3d9eb8,1777968243.8,1777968259.7,15.900000095367432,751.7000000476837,450.7999999523163,-646.1543724430653,269.5279095559565,-9.13529813577889,2.9133969621264693,0,160,0.022856927928959506,0.09113382839983172,False,False,main,3438.757026874346,0.2100031049478383,True,14.938951015472412,val,39
30639_3b3d9eb8,1777968432.5,1777968459.1,26.59999990463257,940.4000000953674,251.40000009536743,-1104.5884654686877,-326.38541315360845,6.49492374009858,,0,267,0.038123302503264095,0.11555556852202922,False,False,,,,True,26.461054801940918,val,-1
30639_3b3d9eb8,1777968499.7,1777968511.0,11.299999952316284,1007.6000001430511,199.5,-1345.3986951919408,-394.4164131186104,9.384338428140738,-2.9947829797231145,0,114,0.014131657944140898,0.12798022342014256,False,False,main,4576.163538932513,-0.1662488333783926,True,11.060953140258789,val,49
30639_3b3d9eb8,1777968604.3,1777968611.7,7.400000095367432,1112.2000000476837,98.79999995231628,-1963.5175087279422,-312.0355357806539,10.434035371065605,2.9133801736052,0,75,0.025306194125231517,0.14684449538134509,False,False,main,5216.636066820699,0.5094567923031192,True,7.16063666343689,val,52
30639_3b3d9eb8,1777968640.3,1777968646.5,6.200000047683716,1148.2000000476837,64.0,-2071.3191652206783,-271.12690015395634,8.648984193586637,2.9057296444402922,0,63,0.009224385786535078,0.11596211876251795,False,False,main,5331.941171356668,0.48570176251970887,True,5.9035258293151855,val,53
30639_3b3d9eb8,1777968653.2,1777968664.5,11.299999952316284,1161.1000001430511,46.0,-2077.2465442301327,-269.1312488827922,8.691195739159909,3.017825139400663,0,114,0.006236732383351795,0.12247116971278485,False,False,main,5338.240110912812,0.42820470851630377,True,11.100443124771118,val,53
30639_9c362687,1777998542.0,1777998548.2,6.200000047683716,0.0,1351.8999998569489,-2207.7073144334377,-353.4986460567405,-13.519093862262837,0.7025607385350057,0,63,0.10780930330277497,0.07371940078598932,True,False,,,,False,0.0,val,-1
30639_9c362687,1777998574.4,1777998585.8,11.399999856948853,32.40000009536743,1314.2999999523163,-2162.415072122994,-303.31474252967104,-13.059830752141995,0.49801847185500137,0,115,0.3510787627050597,0.1804367701302992,False,False,,,,True,11.148364067077637,val,-1
30639_9c362687,1777998633.6,1777998653.1,19.5,91.59999990463257,1247.0,-2033.7150702752895,-277.8702279528775,-10.433233242250903,-0.34729305261103155,0,196,0.43567680275334,0.19601272420174373,False,False,,,,True,19.249647855758667,val,-1
30639_9c362687,1777998695.9,1777998703.8,7.8999998569488525,153.90000009536743,1196.2999999523163,-1828.9146246524924,-355.9360736993974,-9.530491173525434,-0.347660011406449,0,80,0.0868126604024706,0.07566804883911957,False,False,,,,True,7.749510288238525,val,-1
30639_9c362687,1777998800.8,1777998812.8,12.0,258.7999999523163,1087.2999999523163,-1167.5364150240912,-345.3033490431296,-12.241658365865483,0.5072689541541012,0,121,0.1340438579817584,0.12145394583249187,False,False,,,,True,11.749798059463501,val,-1
30639_9c362687,1777998860.5,1777998940.3,79.79999995231628,318.5,959.7999999523163,-1008.8904394081859,-71.37041439721376,-10.528464839096392,1.2157801993905042,0,799,0.6967017489481648,0.13323809185122631,False,False,,,,True,79.49737000465393,val,-1
30639_9c362687,1777998947.0,1777998952.4,5.400000095367432,405.0,947.6999998092651,-1005.6666068118416,-65.62740236476976,-9.959137331029885,1.213510806210627,0,55,0.058807267019606216,0.12916633864847207,False,False,,,,True,5.00002908706665,val,-1
30639_9c362687,1777999032.0,1777999037.5,5.5,490.0,862.5999999046326,-814.1388292687211,321.5991641169826,-15.646994113013328,-0.2273627492726719,0,56,0.0718450316953646,0.13384550113946414,False,False,,,,True,5.199723720550537,val,-1
30639_9c362687,1777999038.9,1777999044.8,5.8999998569488525,496.90000009536743,855.2999999523163,-814.0940435728342,321.3872404946622,-15.576042522452134,-0.22764517625777467,0,60,0.062318348932587066,0.0886623737629219,False,False,,,,True,5.742423057556152,val,-1
30639_9c362687,1777999068.5,1777999105.6,37.09999990463257,526.5,794.5,-713.2024709054959,297.57535735195245,-14.825673257428406,-0.2274365718520746,0,372,0.4541165233728349,0.1111734622116281,False,False,,,,True,36.6994423866272,val,-1
30639_9c362687,1777999246.8,1777999253.4,6.6000001430511475,704.7999999523163,646.6999998092651,262.64276398846056,130.20736069240672,-18.70632392979648,0.28515723464378745,0,67,0.0510237638387657,0.12999614181871008,False,False,,,,True,6.44573450088501,val,-1
30639_9c362687,1777999533.0,1777999562.9,29.90000009536743,991.0,337.19999980926514,1722.0257926834165,305.708222882836,5.215858437112684,0.11679011995112203,298,300,3.0962996992963814,0.16487890742785627,False,False,,,,True,29.64945387840271,val,-1
30639_9c362687,1777999590.6,1777999635.1,44.5,1048.5999999046326,265.0,1817.5850519046403,306.1327922732589,5.553477093562385,0.14582433390386773,0,446,0.47652990789823124,0.14295336310852422,False,False,main,10204.141184888374,-2.9003345354515453,True,44.24738049507141,val,103
30639_9c362687,1777999724.2,1777999738.0,13.799999952316284,1182.2000000476837,162.09999990463257,2267.1654994006312,632.481977689916,12.234439764733784,0.936134696897154,0,139,0.19105532776618678,0.1807050588277989,False,False,main,10793.938647050692,-0.5373920760636623,True,13.549843072891235,val,109
30639_9c362687,1777999759.8,1777999796.7,36.90000009536743,1217.7999999523163,103.39999985694885,2313.4816760928184,702.6876625598675,12.284049138836568,0.9918889343347945,0,370,0.498269330551253,0.12267417188627025,False,False,main,10878.048945522798,-0.08584742338270508,True,36.64954924583435,val,112
30639_9c362687,1777999833.9,1777999848.8,14.899999856948853,1291.9000000953674,51.299999952316284,2349.2561612374366,772.6858072859442,15.586260618392206,1.4686026256040676,0,150,0.18545675668902417,0.09374270559052268,False,False,main,10958.274094173667,-1.1023705938014512,True,14.749882221221924,val,116
30639_9c362687,1777999881.5,1777999886.5,5.0,1339.5,13.599999904632568,2388.364725238724,823.2343745129455,17.264448191390702,0.7248560067132034,0,51,0.20900198399076775,0.18515657813699404,False,False,main,11028.282757899035,-6.556401150856415,False,0.0,val,118
30618_e3d94878,1785128148.5,1785128260.5,112.0,0.0,1059.0,-2179.656497428592,-381.43609621254177,13.560022536089303,0.7239872347692925,1120,1121,0.004618619132910271,0.0,True,False,,,,True,109.28833270072937,val,-1
30618_e3d94878,1785128280.6,1785128305.8,25.200000047683716,132.09999990463257,1013.7000000476837,-2142.982529285424,-333.405058186781,14.046213313789538,1.1197930375659662,251,253,0.003412291162638472,0.1689631500280362,False,False,,,,True,24.79985761642456,val,-1
30618_e3d94878,1785128497.5,1785128536.9,39.40000009536743,349.0,782.5999999046326,-1152.5426312362222,-363.1080603176494,12.37737493288454,0.49090839811400777,395,395,0.003646080951275389,0.07171469040716422,False,False,main,6763.081903229755,0.025964719059846725,True,39.2998993396759,val,75
30618_e3d94878,1785128685.7,1785128725.9,40.200000047683716,537.2000000476837,593.5999999046326,-697.8631823334445,278.84483110719736,-3.088184213199348,-0.24432171562585697,403,403,0.005215374728543069,0.13112947093134233,False,False,main,7650.064696887117,0.006392908925050408,True,39.99989175796509,val,87
30618_e3d94878,1785129038.2,1785129096.4,58.200000047683716,889.7000000476837,223.09999990463257,1818.519201168122,309.1826276632097,6.693662006550525,0.12825622173982548,583,583,0.003915394898144184,0.060195656984927154,False,False,main,10205.473858777646,-0.0016988239856893734,True,58.099547147750854,val,103
30618_e3d94878,1785129144.2,1785129165.5,21.299999952316284,995.7000000476837,154.0,2092.741306697316,392.6686360457945,10.967085503169145,0.6992279913570256,214,214,0.00429870021668155,0.05120506217944996,False,False,main,10496.44961124379,0.000390023670820745,True,21.200006246566772,val,107
30618_e3d94878,1785129213.2,1785129235.2,22.0,1064.7000000476837,84.29999995231628,2313.746205027247,703.2573288373868,9.025640052310445,0.9798579996232651,221,221,0.004541802934896334,0.17736218994494948,False,False,main,10878.669779295577,0.00937270100516529,True,21.699822902679443,val,112
30618_e3d94878,1785129269.8,1785129281.0,11.200000047683716,1121.2999999523163,38.5,2348.0364621752633,775.1478543546988,8.96300842934743,1.4625609553601566,113,113,0.007280269571208111,0.11281778445198684,False,False,main,10960.814036722848,-0.003961129842768364,True,10.900166273117065,val,116
30618_2f104a1d,1785135323.2,1785135337.5,14.299999952316284,0.0,1236.5,-2198.4170848717713,-365.02331697987694,13.871810608262058,,0,144,0.00271206892647472,0.08851889576880495,True,False,,,,True,11.811495780944824,val,-1
30618_2f104a1d,1785135356.4,1785135384.7,28.299999952316284,33.200000047683716,1189.2999999523163,-2167.542732298529,-333.1002305029556,14.040199495201245,0.7991987373124672,284,284,0.0031677750989145947,0.09816485403668111,False,False,main,5688.963158378144,-0.008736793796623265,True,28.199997425079346,val,63
30618_2f104a1d,1785135398.9,1785135417.5,18.59999990463257,75.70000004768372,1156.5,-2150.561260938281,-315.5833719846062,14.016175478004953,0.7974586723847815,187,187,0.0031224909513176387,0.09719386220894363,False,False,main,5713.360354501556,-0.0018991007621934305,True,18.43748450279236,val,65
30618_2f104a1d,1785135465.1,1785135490.6,25.5,141.89999985694885,1083.4000000953674,-2015.3546169504775,-295.5751042842603,15.428886795479583,-0.3674129740981673,256,256,0.0039263192180829486,0.13570688480313084,False,False,main,5870.48562561765,-0.004302021841455092,True,25.238659858703613,val,67
30618_2f104a1d,1785135524.3,1785135547.4,23.100000143051147,201.09999990463257,1026.5999999046326,-1815.8959077399418,-371.001615207581,16.41711242268128,-0.36421867557838133,232,232,0.004390128009012045,0.09786520503420908,False,False,main,6083.730512900073,-0.008512136878101796,True,22.899949312210083,val,69
30618_2f104a1d,1785135613.4,1785135641.6,28.199999809265137,290.2000000476837,932.4000000953674,-1414.2634272922774,-408.01880835701155,13.778818343619678,0.14081710284785454,283,283,0.004764734040682662,0.09519365242935414,False,False,main,6496.918168540884,0.007460200156526028,True,27.899988412857056,val,71
30618_2f104a1d,1785135726.7,1785135762.5,35.799999952316284,403.5,811.5,-993.960256898677,-89.168033890023,11.120857972682165,1.1986668374766702,334,359,0.005234615738767931,0.16908549132250014,False,False,main,7088.555207450135,0.0004148129031393219,True,35.199989795684814,val,80
30618_2f104a1d,1785135859.5,1785135875.4,15.900000095367432,536.2999999523163,698.5999999046326,-740.187327936292,289.2859999419843,-2.560959327178008,-0.2450256768037507,160,160,0.03599558328948664,0.08922119107511309,False,False,main,7606.471452327865,0.005285386671081529,True,11.538286685943604,val,86
30618_2f104a1d,1785135891.6,1785135951.4,59.80000019073486,568.3999998569489,622.5999999046326,-697.3539094485583,278.7120660855365,-3.1317232030335154,-0.24463230746981526,599,599,0.004652057154898344,0.15111552856722307,False,False,main,7650.590923521074,-0.0021011814038942997,True,59.5384042263031,val,87
30618_2f104a1d,1785135958.0,1785135996.5,38.5,634.7999999523163,577.5,-690.6782031986005,277.06500427502976,-3.228426806220032,-0.24431119847024352,386,386,0.0039819315133313125,0.16211627883742652,False,False,main,7657.466825829942,-0.009852959195099754,True,38.20021867752075,val,88
30618_2f104a1d,1785136045.8,1785136063.3,17.5,722.5999999046326,510.7000000476837,-278.6810059677898,178.7483821122616,-8.421478403117653,-0.223997724217034,176,176,0.0031516043235374678,0.17516748438758592,False,False,main,8081.054446128235,-0.003701257570830267,True,17.238803148269653,val,93
30618_2f104a1d,1785136070.7,1785136107.7,37.0,747.5,466.2999999523163,-270.0243516943139,176.8129118395563,-8.558153030197602,-0.22487270873418577,371,371,0.0035338710888723544,0.1680441772400029,False,False,main,8089.924850817685,-0.007346452968868706,True,36.737181186676025,val,94
30618_2f104a1d,1785136344.5,1785136365.3,20.799999952316284,1021.2999999523163,208.70000004768372,1817.2349096815842,309.02453666476544,6.650135433750505,0.09514391860694707,0,209,0.006055849395702208,0.17621488072075717,False,False,main,10204.17995504012,0.012272900765993711,True,20.499167442321777,val,103
30618_2f104a1d,1785136490.5,1785136534.1,43.59999990463257,1167.2999999523163,39.90000009536743,2348.035423670094,775.1422879649998,8.977808682909147,1.4641165489352899,437,437,0.004030622889654088,0.13598838769503357,False,False,main,10960.80849221664,-0.0028115046040645764,True,43.33878803253174,val,116
30618_b95ca60a,1785141853.6,1785141863.3,9.700000047683716,0.0,1078.5,-2198.2043902385285,-364.7811622149175,13.841697880685613,0.7997922258918383,98,98,0.005317911026355539,0.06889052777747144,True,False,main,5644.874234379676,0.004643171739810023,True,7.23346209526062,val,59
30618_b95ca60a,1785141932.3,1785141947.7,15.400000095367432,78.70000004768372,994.0999999046326,-2015.2309710805168,-295.6130151662728,15.414824155575502,-0.3673390321824874,155,155,0.007090869536531081,0.14493138706194592,False,False,main,5870.614696690898,0.003829047049136646,True,15.13852334022522,val,67
30618_b95ca60a,1785141981.2,1785142004.7,23.5,127.60000014305115,937.0999999046326,-1815.8241011515665,-371.03087110942533,16.389533444779868,-0.36361996512788186,236,236,0.007180836512023274,0.13731978105607096,False,False,main,6083.808015335943,-0.010850161879974155,True,23.300110340118408,val,69
30618_b95ca60a,1785142059.3,1785142077.0,17.700000047683716,205.70000004768372,864.7999999523163,-1414.4282779833084,-408.08110096346593,13.731628427958206,0.1417273777407043,178,178,0.008599341319830362,0.10643176563238682,False,False,main,6496.74620540511,-0.03107289064784521,True,17.438817024230957,val,71
30618_b95ca60a,1785142154.1,1785142186.3,32.200000047683716,300.5,755.5,-994.1624171442702,-89.63617603154911,11.193968290420397,1.1982191762284002,323,323,0.011175530962206566,0.08362294239005731,False,False,main,7088.0456543991395,0.020036022618951235,True,31.999864101409912,val,80
30618_b95ca60a,1785142281.6,1785142309.1,27.5,428.0,632.7000000476837,-697.2328981031915,278.68681380680107,-3.0159080037553023,-0.2439675629596215,276,276,0.010672793799597511,0.10204741506991576,False,False,main,7650.714472906757,0.002040225148403654,True,27.300290822982788,val,87
30618_b95ca60a,1785142361.6,1785142382.3,20.700000047683716,508.0,559.5,-278.4707274973812,178.70402021612932,-8.333317726371977,-0.22372725576354563,208,208,0.009441881823425721,0.0814980389333123,False,False,main,8081.269330829698,-0.0006978984007053055,True,20.50009059906006,val,93
30618_b95ca60a,1785142450.2,1785142465.5,15.299999952316284,596.6000001430511,476.2999999523163,330.43144094357444,127.05756145324824,-11.964154653544961,0.2666064664167574,142,154,0.008115080640428542,0.07742646614678904,False,False,main,8700.906845035204,-0.0015088374781866728,True,15.138864517211914,val,97
30618_b95ca60a,1785142659.8,1785142676.1,16.299999952316284,806.2000000476837,265.7000000476837,1817.2656131504955,309.0152779764318,6.757876296229664,0.1293138070566167,164,164,0.01339882006986572,0.14010621317831898,False,False,main,10204.209148870686,-0.0009991212998695339,True,16.10002613067627,val,103
30618_b95ca60a,1785142723.6,1785142753.7,30.100000143051147,870.0,188.09999990463257,2093.010027903359,392.89377341637635,11.059582808866946,0.6954072803969148,302,302,0.01081697186944617,0.0954302121963753,False,False,main,10496.800003684128,0.012313940070444753,True,29.838573694229126,val,107
30618_b95ca60a,1785142794.7,1785142824.5,29.799999952316284,941.1000001430511,117.29999995231628,2271.324303889375,639.7063020626201,10.170631913294002,0.9778137578112236,298,299,0.09395279571059749,0.11916466117984358,False,False,main,10802.260206580204,-0.0006355800116092941,True,29.49962329864502,val,110
30618_b95ca60a,1785142878.3,1785142901.1,22.799999952316284,1024.7000000476837,40.700000047683716,2347.6279508402467,776.4758908409173,8.600396368512808,1.4615620220652306,0,229,0.4556220282732244,0.17284851827133824,False,False,main,10962.141927211163,0.3885421563233188,True,22.536648988723755,val,116
30618_0f120b35,1785150445.3,1785150463.8,18.5,0.0,1302.1000001430511,-2197.9853643216547,-364.58169383711635,13.85843290571804,0.8002297790347621,186,186,0.004312188319997087,0.07768595524995088,True,False,main,5645.169965322179,-0.012686455854396825,True,15.78669810295105,val,59
30618_0f120b35,1785150482.4,1785150553.2,70.79999995231628,37.10000014305115,1212.7000000476837,-2167.5037059519773,-333.05218994343795,14.005864750804733,0.7988042489594045,707,709,0.005571255087114764,0.11921895524022721,False,False,main,5689.024841009066,-0.0036177971752421115,True,70.63817286491394,val,63
30618_0f120b35,1785150554.1,1785150590.0,35.90000009536743,108.79999995231628,1175.9000000953674,-2167.408279140886,-332.9627913987206,14.002451634895413,0.7985130402994053,360,360,0.005434566472197531,0.11609897451444204,False,False,main,5689.155419828827,-0.01052937191930043,True,35.63848805427551,val,63
30618_0f120b35,1785150653.0,1785150674.2,21.200000047683716,207.70000004768372,1091.7000000476837,-2015.225643242436,-295.62229764239345,15.409225789297265,-0.3673086400368899,209,213,0.0043399481676351164,0.1453389590650663,False,False,main,5870.622957037073,-0.0029766052057434472,True,20.90082621574402,val,67
30618_0f120b35,1785150707.7,1785150728.5,20.799999952316284,262.40000009536743,1037.4000000953674,-1815.9334165510054,-370.9728371672077,16.392903180891786,-0.364620724566642,209,209,0.007040876853256302,0.13008168043045837,False,False,main,6083.685315810358,0.005355436679385685,True,20.63848567008972,val,69
30618_0f120b35,1785150783.3,1785150808.3,25.0,338.0,957.6000001430511,-1414.4952706139684,-408.07198379494076,13.711563642719218,0.14026582359335119,251,251,0.005497571081347222,0.09262746577550855,False,False,main,6496.681156123969,-0.012641223666259282,True,24.838018655776978,val,71
30618_0f120b35,1785150886.1,1785150940.8,54.700000047683716,440.7999999523163,825.1000001430511,-994.0901607599751,-89.53802821099025,11.125882683426674,1.1987806244916093,523,548,0.007376546267432143,0.08320346483871259,False,False,main,7088.163265637671,-0.0119312946133598,True,54.538491010665894,val,80
30618_0f120b35,1785151036.7,1785151061.0,24.299999952316284,591.4000000953674,704.9000000953674,-697.2157523383901,278.66788021764023,-3.119005807277272,-0.2447664210299641,244,244,0.005841825584795819,0.13692813348109728,False,False,main,7650.73561713651,-0.012290845896109362,True,24.03858184814453,val,87
30618_0f120b35,1785151090.6,1785151115.0,24.40000009536743,645.2999999523163,650.9000000953674,-533.7827410347246,238.52272645362032,-5.059443947401368,-0.24618677979830672,244,245,0.006571224976932332,0.10526799382141377,False,False,main,7819.029104066021,-0.01694410203214438,True,24.199206113815308,val,89
30618_0f120b35,1785151150.7,1785151204.8,54.09999990463257,705.4000000953674,561.1000001430511,-278.16324594094203,178.63069847946716,-8.428952496548408,-0.22314641472096733,541,542,0.006792950573828656,0.13382944600366672,False,False,main,8081.585409745146,-0.004584262670166324,True,53.79761838912964,val,93
30618_0f120b35,1785151246.1,1785151255.2,9.100000143051147,800.7999999523163,510.7000000476837,107.85212889411595,104.4243815562173,-11.801214422474448,-0.03945337415738913,92,92,0.004024505142092454,0.13784344115955754,False,False,main,8475.254441684132,-0.022746418454257417,True,8.738816976547241,val,96
30618_0f120b35,1785151482.9,1785151542.1,59.19999980926514,1037.6000001430511,223.80000019073486,1817.249759195799,309.00404039358574,6.665832639287579,0.12838634358103576,592,593,0.005892944450166084,0.15703541587361558,False,False,main,10204.191937445708,-0.010021205204025056,True,58.938833236694336,val,103
30618_0f120b35,1785151589.6,1785151622.1,32.5,1144.2999999523163,143.80000019073486,2093.0063048769566,392.8736333077129,10.9820865801282,0.6978329117505033,181,326,0.3447851225383612,0.1268872572042469,False,False,main,10496.784640051736,-0.0012301989677528608,True,32.33846139907837,val,107
30618_0f120b35,1785151703.3,1785151729.1,25.799999952316284,1258.0,36.80000019073486,2348.0123474246766,775.1151822418726,8.980920527212135,1.4267277449015425,0,259,0.006104794030309605,0.1002936863410754,False,False,main,10960.7818534401,0.020802239554732496,True,25.638017416000366,val,116
30618_f19a4ac3,1785163743.4,1785163757.1,13.699999809265137,0.0,1182.9000000953674,-2183.7460058971665,-384.6254524803007,13.542987427185587,0.6848284435882518,138,138,0.0036555079696937087,0.07921133081065193,True,False,,,,True,11.08920931816101,val,-1
30618_f19a4ac3,1785163827.4,1785163834.4,7.0,84.0,1105.5999999046326,-2015.4529640551586,-295.53868799187364,15.437856700938383,-0.36588300897368314,71,71,0.004413018901557786,0.15779122768077491,False,False,main,5870.380754550243,-0.004900830045626744,True,6.737140417098999,val,67
30618_f19a4ac3,1785163872.3,1785163878.3,6.0,128.89999985694885,1061.7000000476837,-1816.153739379752,-370.89777336041755,16.426745956977275,-0.363841378852637,61,61,0.0035883773675655134,0.17241964529786236,False,False,main,6083.452650526436,-0.001246806452660138,True,5.737169504165649,val,69
30618_f19a4ac3,1785163941.0,1785163959.6,18.59999990463257,197.59999990463257,980.4000000953674,-1414.7424043079122,-408.08953934405287,13.7969084745714,0.140158780291182,187,187,0.002728466600055347,0.16938476404768416,False,False,main,6496.434002519605,0.004582751927576935,True,18.33680033683777,val,71
30618_f19a4ac3,1785164072.9,1785164112.6,39.69999980926514,329.5,827.4000000953674,-1008.7988907988586,-127.47639220285396,11.646532963722498,1.1954945351008148,132,398,0.08201566510313539,0.20100979667196456,False,False,main,7047.473457741653,-0.05221639617722939,True,39.43700814247131,val,78
30618_f19a4ac3,1785164141.2,1785164182.8,41.59999990463257,397.7999999523163,757.2000000476837,-972.5687225720874,-34.62088725624636,13.72812740825288,1.1974192748503258,372,417,0.010198036200096131,0.12107964384403691,False,False,main,7147.147129246287,-0.16977400324218583,True,41.39987540245056,val,82
30618_f19a4ac3,1785164291.6,1785164322.2,30.600000143051147,548.1999998092651,617.7999999523163,-691.1823196335265,276.33227339045385,1.006651487806954,-0.24426829465279998,307,307,0.01232395474437076,0.14466571776411646,False,False,main,7657.15276862638,-0.8419563194000976,True,30.400426864624023,val,88
30618_f19a4ac3,1785164370.3,1785164386.9,16.600000143051147,626.8999998569489,553.0999999046326,-315.3124945033794,185.93223394861326,-3.7199854560736485,-0.22256698709434816,122,167,0.0060982573855719955,0.10419633919228474,False,False,main,8043.735161186091,-1.0125571132900184,True,16.436931133270264,val,91
30618_f19a4ac3,1785164412.0,1785164450.6,38.59999990463257,668.5999999046326,489.40000009536743,-270.394677778013,175.81265185550902,-4.385140940368317,-0.22484755174985635,387,387,0.005461540313768222,0.08817614682685664,False,False,main,8089.783471907747,-1.0645472133634906,True,38.399821281433105,val,94
30618_f19a4ac3,1785164692.1,1785164745.3,53.200000047683716,948.6999998092651,194.70000004768372,1817.1210076884818,308.99035003211566,6.6702707638195635,0.12808795520926686,533,533,0.006336422336018875,0.1415359800929253,False,False,main,10204.062511863163,-0.006429526092357644,True,53.000476360321045,val,103
30618_f19a4ac3,1785164792.5,1785164812.5,20.0,1049.0999999046326,127.5,2092.825664009837,392.7230509412141,10.941249172106419,0.697537512621807,201,201,0.010443409250368234,0.15851351212125422,False,False,main,10496.549601257158,-0.008505719472152087,True,19.70077657699585,val,107
30618_22c1c589,1785171005.6,1785171015.6,10.0,0.0,1144.7000000476837,-2206.2936290907014,-373.1123450697158,13.81397774933415,0.79945112040586,101,101,0.0035120511733822664,0.0,True,False,main,5633.261944591159,-0.005992388301867591,True,7.2877724170684814,val,58
30618_22c1c589,1785171045.5,1785171067.4,21.90000009536743,39.90000009536743,1092.8999998569489,-2150.4477391977202,-315.4674484018128,14.024319033977712,0.797915568183339,220,220,0.0032019398617831795,0.15421434347408874,False,False,main,5713.522594830081,-0.003780171620422279,True,21.631065130233765,val,65
30618_22c1c589,1785171113.7,1785171135.4,21.700000047683716,108.10000014305115,1024.8999998569489,-2015.2676613474855,-295.6050203211082,15.419511993075897,-0.3669785769276545,218,218,0.003991883816142064,0.1192570570605494,False,False,main,5870.577545262798,-0.0016358069772683193,True,21.537209033966064,val,67
30618_22c1c589,1785171173.9,1785171195.2,21.299999952316284,168.30000019073486,965.0999999046326,-1815.9507749679688,-370.97950860022974,16.41570030415903,-0.36385284205256946,213,214,0.003528620260132561,0.12026426517396736,False,False,main,6083.67138000844,-0.006957811591006283,True,21.13468098640442,val,69
30618_22c1c589,1785171249.8,1785171267.2,17.40000009536743,244.20000004768372,893.0999999046326,-1414.5682459731795,-408.0693678325147,13.767148364193547,0.14116849940023066,173,175,0.003384919740841034,0.17325823580371838,False,False,main,6496.609270687287,0.00019350673538660117,True,17.136832237243652,val,71
30618_22c1c589,1785171304.4,1785171328.5,24.09999990463257,298.80000019073486,831.7999999523163,-1152.371811234042,-363.0145790669924,12.382310486083867,0.4914186368346386,242,242,0.004830390674158503,0.11238173493180775,False,False,main,6763.276500092201,0.035376563100800895,True,23.836250066757202,val,75
30618_22c1c589,1785171380.7,1785171432.4,51.700000047683716,375.10000014305115,727.8999998569489,-994.2411725430269,-89.89372923312138,11.14435359895766,1.198809481747065,513,518,0.004489522982440419,0.1099534892455535,False,False,main,7087.777038147751,0.000507224299994458,True,51.50050497055054,val,80
30618_22c1c589,1785171531.4,1785171590.8,59.39999985694885,525.8000001907349,569.5,-697.4570595919403,278.74567001389033,-3.131335426117333,-0.24168086233671335,381,595,0.18780864181495668,0.10869833706073606,False,False,main,7650.482751401598,0.0061431286762528535,True,59.19987416267395,val,87
30618_22c1c589,1785171620.6,1785171645.6,25.0,615.0,514.7000000476837,-533.7770927405943,238.53868480676022,-5.076393486806256,-0.2455323571542436,240,251,0.005602206700978379,0.1072947414943347,False,False,main,7819.030740218286,-9.491014393097602e-05,True,24.737070083618164,val,89
30618_22c1c589,1785171681.4,1785171721.2,39.799999952316284,675.8000001907349,439.09999990463257,-278.25385815413847,178.6572410937327,-8.422557079931991,-0.2231818048175692,399,399,0.003655899281936153,0.13059641532310004,False,False,main,8081.49117829889,0.0013754427884634618,True,39.600064754486084,val,93
30618_22c1c589,1785171960.8,1785171979.9,19.100000143051147,955.2000000476837,180.39999985694885,1817.3321113445095,309.02272560751993,6.677458291895741,0.1294064431965648,192,192,0.0038952064392022375,0.031026607701055173,False,False,main,10204.276046223973,-0.0024894699601313375,True,19.03693652153015,val,103
30618_22c1c589,1785172100.5,1785172121.6,21.09999990463257,1094.9000000953674,38.700000047683716,2348.026831704534,775.1929424355604,8.987107730845743,1.4627018140721832,197,212,0.009163708203984895,0.12124500060134395,False,False,main,10960.859308394602,0.004765653000462119,True,20.93689465522766,val,116
30618_616ec56b,1785176849.2,1785176862.6,13.399999856948853,0.0,1228.8000001907349,-2191.020871752342,-357.34822102016807,13.927133357262946,0.7982480135125384,135,135,0.003396759477732053,0.0,True,False,main,5655.211188736291,-0.0013189224658480604,True,10.870603322982788,val,60
30618_616ec56b,1785176885.5,1785176920.0,34.5,36.299999952316284,1171.4000000953674,-2150.4834646813138,-315.5114123533808,14.032304066532602,0.7977490360207101,344,346,0.005939613252113266,0.12681041176894484,False,False,main,5713.466131094071,-0.008361190206560147,True,34.23709034919739,val,65
30618_616ec56b,1785176973.8,1785176990.7,16.90000009536743,124.59999990463257,1100.7000000476837,-2015.3511240415921,-295.57881813391066,15.446837836983963,-0.36671404013364545,170,170,0.00517366961281016,0.12441665826854455,False,False,main,5870.490203674384,-0.006545788372757532,True,16.737122058868408,val,67
30618_616ec56b,1785177031.2,1785177049.9,18.700000047683716,182.0,1041.5,-1815.8551412611969,-371.00051715861395,16.413525163346925,-0.36508237175794567,174,188,0.005182726045382802,0.14825372920780078,False,False,main,6083.768329360544,0.006753079079759166,True,18.537155389785767,val,69
30618_616ec56b,1785177104.4,1785177124.6,20.199999809265137,255.20000004768372,966.8000001907349,-1414.4736396942599,-408.0372952696106,13.78917086227241,0.1388317846324053,203,203,0.004616131000915936,0.09329745096526924,False,False,main,6496.7074425933415,0.018667113960274265,True,20.036224365234375,val,71
30618_616ec56b,1785177199.4,1785177237.5,38.09999990463257,350.2000000476837,853.9000000953674,-994.0365065955962,-89.363050442777,11.168193412146472,1.1982537672067828,382,382,0.005523218111096938,0.08316212249208292,False,False,main,7088.34581568373,0.001163338182533847,True,37.89934229850769,val,80
30618_616ec56b,1785177334.9,1785177354.2,19.299999952316284,485.7000000476837,737.2000000476837,-697.1232599388632,278.6631328780197,-3.1173456454501665,-0.25085908431302795,34,194,0.009732556238727954,0.08858276755828305,False,False,main,7650.826599885265,0.0050158185041574025,True,19.137016773223877,val,87
30618_616ec56b,1785177360.6,1785177369.5,8.900000095367432,511.39999985694885,721.9000000953674,-691.0608104521791,277.1865215036247,-3.186623032330746,-0.1383408449121813,0,90,0.0071054380180555115,0.11936606780800864,False,False,main,7657.066256889621,0.016548282943679826,True,8.637378454208374,val,88
30618_616ec56b,1785177373.6,1785177395.2,21.600000143051147,524.3999998569489,696.2000000476837,-691.0538074540888,277.1728803684921,-3.2002719924328273,-0.223646754285219,61,217,0.007147426631721984,0.0,False,False,main,7657.076319470291,0.004978191318343647,True,21.600000143051147,val,88
30618_616ec56b,1785177445.0,1785177465.4,20.40000009536743,595.7999999523163,626.0,-278.50317484837063,178.7182156545812,-8.432419947089677,-0.22374835790948444,158,205,0.0038372251233381558,0.08160769206132416,False,False,main,8081.234555594293,0.006012098734741613,True,20.23689579963684,val,93
30618_616ec56b,1785177487.2,1785177518.5,31.299999952316284,638.0,572.9000000953674,-183.56996977783265,157.46845110071837,-9.82022904950477,-0.22649910615613322,314,314,0.003405869288334815,0.0860979989880675,False,False,main,8178.518060972943,0.003288055038225061,True,30.999664783477783,val,95
30618_616ec56b,1785177769.6,1785177820.0,50.40000009536743,920.3999998569489,271.40000009536743,1776.166749412665,303.5664657038138,6.118838821505363,0.12427232498457047,502,505,0.004753765815581404,0.08017982597820285,False,False,main,10162.74990641808,0.023510213644426573,True,50.237008571624756,val,101
30618_616ec56b,1785177838.2,1785177854.8,16.59999990463257,989.0,236.60000014305115,1817.1580055526058,309.0052107076512,6.693858319260197,0.1282706167356632,167,167,0.004138372193861961,0.1536028454846003,False,False,main,10204.101159343258,0.003371183546303122,True,16.437132358551025,val,103
30618_616ec56b,1785177912.4,1785177946.4,34.0,1063.2000000476837,145.0,2091.7092934725406,391.8889370270333,11.012570825851672,0.6890928846641404,335,341,0.005084377215965092,0.16005829881493724,False,False,main,10495.156256110724,0.017600159776689096,True,33.80003595352173,val,107
30618_616ec56b,1785178027.7,1785178053.8,26.09999990463257,1178.5,37.60000014305115,2348.0200308325702,775.5829122845726,8.972261301190924,1.4675400242066625,122,262,0.005937779142420476,0.17381202365733822,False,False,main,10961.249334745253,0.00380584288480288,True,25.837143898010254,val,116
30618_6cb3280a,1786377222.9,1786377228.1,5.199999809265137,0.0,1221.2000000476837,-2201.7272233199333,-375.6163144494347,13.865855882967455,0.8041303289850337,52,53,0.005022263378990437,0.0,True,False,fan_F2,1.7584524072308971,-0.0004652516196536828,True,2.8197925090789795,val,120
30618_6cb3280a,1786377230.2,1786377275.3,45.09999990463257,7.299999952316284,1174.0,-2201.7310847083822,-375.6146409963519,13.839405151992683,0.8042808095486742,419,452,0.02380925935801726,0.0,False,False,fan_F2,1.7569983794717656,0.0034839975810344653,True,45.09999990463257,val,120
30618_6cb3280a,1786377278.2,1786377284.4,6.200000047683716,55.299999952316284,1164.8999998569489,-2201.568810776628,-375.4261369780194,13.038572266236764,0.8044164492225842,61,63,0.055807336800507805,0.0,False,False,fan_F2,2.0054214630837337,0.0161449896936173,True,6.200000047683716,val,120
30618_6cb3280a,1786377287.7,1786377294.4,6.700000047683716,64.79999995231628,1154.8999998569489,-2201.557452357638,-375.3199824232953,12.742782681338381,0.8043978325174028,63,68,0.004675992738864157,0.0,False,False,fan_F2,2.0901438108564983,0.08110595457605495,True,6.700000047683716,val,120
30618_6cb3280a,1786377295.6,1786377301.5,5.900000095367432,72.69999980926514,1147.7999999523163,-2201.558314993566,-375.3335297518053,12.788280761109531,0.8043989533195288,43,60,0.006860926520215282,0.03253361589371193,False,False,fan_F2,2.0797362844134346,0.07239058632013205,True,5.898658990859985,val,120
30618_6cb3280a,1786377383.1,1786377403.4,20.300000190734863,160.19999980926514,1045.8999998569489,-2015.2871239761225,-295.2451452407636,14.364424287394,-0.36723158848950976,204,204,0.004177215472293722,0.18259969022467984,False,False,main,5870.432443271312,0.32826362582898544,True,20.00141215324402,val,67
30618_6cb3280a,1786377437.0,1786377455.3,18.299999952316284,214.09999990463257,994.0,-1815.9692563652532,-370.6953474001477,15.620307364349992,-0.3645335853428962,183,184,0.018617679118078847,0.11811599236057636,False,False,main,6083.554828582204,0.2528592677549999,True,18.09972834587097,val,69
30618_6cb3280a,1786377509.8,1786377527.3,17.5,286.89999985694885,922.0,-1414.7168964066907,-408.0904755628406,13.788712486271917,0.14104621739486947,176,176,0.0050877322126811515,0.18394319539196743,False,False,main,6496.459129056478,8.979353119604432e-05,True,17.200960636138916,val,71
30618_6cb3280a,1786377606.8,1786377640.2,33.40000009536743,383.89999985694885,809.0999999046326,-994.0236405014379,-89.38902969211752,11.058194763116305,1.1986899486147697,335,335,0.005404394216525702,0.11289773088936102,False,False,main,7088.326228733197,-0.02020975574470245,True,33.19999551773071,val,80
30618_6cb3280a,1786377735.6,1786377779.6,44.0,512.6999998092651,669.7000000476837,-697.2879523779046,279.1946636646712,-4.430737028764075,-0.2442943861385951,441,441,0.08287234605908682,0.13631619964967567,False,False,main,7650.540824476009,0.48239943184602974,True,43.70022368431091,val,87
30618_6cb3280a,1786377831.2,1786377862.6,31.399999856948853,608.2999999523163,586.7000000476837,-278.697623553363,178.75506434678192,-8.411678970551883,-0.2225439375423699,314,315,0.005327038791636665,0.12325475852702812,False,False,main,8081.0367644056305,-0.0008458952108300314,True,31.19949746131897,val,93
30618_6cb3280a,1786377870.0,1786377908.9,38.90000009536743,647.0999999046326,540.3999998569489,-270.0148415620158,176.8121693200793,-8.541652244559277,-0.22473850558903097,390,390,0.00826482540677089,0.10044397158053031,False,False,main,8089.934291541523,-0.005980186183841027,True,38.70143270492554,val,94
30618_6cb3280a,1786377993.9,1786378009.6,15.699999809265137,771.0,439.7000000476837,400.2723575948905,146.3751388166453,-11.759410103701438,0.2649860268625792,158,158,0.006168436311049518,0.14840883051923812,False,False,main,8773.370946970872,-0.0023147492483922977,True,15.501657485961914,val,98
30618_6cb3280a,1786378180.1,1786378200.0,19.90000009536743,957.1999998092651,249.29999995231628,1817.4935281979085,309.57012844184806,4.731035562347887,0.12707904081205137,200,200,0.00982587060193663,0.06507925706462243,False,False,main,10204.50904824512,0.5184858862069357,True,19.80169653892517,val,103
30618_6cb3280a,1786378287.0,1786378299.3,12.299999952316284,1064.0999999046326,150.0,2268.9957968749623,636.4232026646198,8.414997205603521,0.9773861676986834,124,124,0.006746486974527049,0.10085133183522918,False,False,main,10798.236946098734,0.10390256959531356,True,12.10156536102295,val,109
30618_6cb3280a,1786378319.4,1786378325.9,6.5,1096.5,123.39999985694885,2314.309955676793,704.2337649396476,7.744329870445312,0.9706496255951896,66,66,0.017475493403821554,0.14274684485251563,False,False,main,10879.795097237147,0.07967887539842879,True,6.299906492233276,val,112
30618_6cb3280a,1786378357.6,1786378394.8,37.200000047683716,1134.6999998092651,54.5,2348.2931011143523,772.648260338481,9.51451688238498,1.4111964704549722,0,373,0.20265042441701708,0.07978444865297711,False,False,main,10958.301935563302,-0.13898104073256592,True,37.09991264343262,val,116
30618_6cb3280a,1786378399.1,1786378406.8,7.700000047683716,1176.1999998092651,42.5,2348.5227447799675,774.4879240810687,10.237959499333154,1.3523624900963889,0,78,0.05167024701108091,0.12486175339910052,False,False,main,10960.135350959396,-0.46716407142198096,True,7.399787187576294,val,116
30618_6cb3280a,1786378443.2,1786378449.3,6.099999904632568,1220.2999999523163,0.0,2401.5323200164994,846.4709970547149,10.257022493474615,1.4113971813399206,62,62,0.009890607963670339,0.1142218484615729,False,True,main,11053.388766931113,-0.43937481081138263,True,5.901490688323975,val,119
30618_2366c74a,1786383871.2,1786383885.1,13.899999856948853,0.0,1069.4000000953674,-1414.8793460031889,-408.1282773383266,13.776675318662814,0.14063245899453544,140,140,0.006605206596363249,0.0,True,False,main,6496.292990107203,-0.014630775967373846,True,11.214827299118042,val,71
30618_2366c74a,1786383966.7,1786383991.6,24.899999856948853,95.5,962.9000000953674,-1026.0752616184157,-175.08356675898938,13.357554507925563,1.19614487819745,125,250,0.08229268618923424,0.13860958627502334,False,False,main,6996.844271298628,-1.2657960339142795,True,24.698683977127075,val,76
30618_2366c74a,1786384020.4,1786384060.5,40.09999990463257,149.20000004768372,894.0,-993.2617646809534,-88.43726436975118,13.036476485271006,,0,402,0.24987078506697918,0.11166154797104363,False,False,,,,True,39.899622678756714,val,-1
30618_2366c74a,1786384160.3,1786384201.3,41.0,289.09999990463257,753.2000000476837,-697.0469437299842,281.4741063708735,-1.1169106350146285,,0,411,0.20405601635294768,0.09600430292016675,False,False,,,,True,40.842424631118774,val,-1
30618_2366c74a,1786384236.1,1786384264.5,28.40000009536743,364.89999985694885,690.0,-535.6344428548787,241.4701916728511,0.8601896675586239,,0,285,0.0626456327446599,0.14859049690968196,False,False,,,,True,28.142725706100464,val,-1
30618_2366c74a,1786384300.3,1786384315.7,15.400000095367432,429.09999990463257,638.7999999523163,-279.66611562245896,181.04643323613072,1.4382119707604444,-0.22340301460324072,0,154,0.10998637623908629,0.1271979515624993,False,False,main,8079.582948013233,2.019029327200017,True,15.242767810821533,val,93
30618_2366c74a,1786384322.8,1786384356.3,33.5,451.59999990463257,598.2000000476837,-270.10493249871615,176.83787696100302,-8.51935709442105,-0.22565616435406094,238,336,0.3713485900147038,0.1467707312008406,False,False,main,8089.840753075116,-0.0007061953185603461,True,33.34284806251526,val,94
30618_2366c74a,1786384593.6,1786384608.8,15.200000047683716,722.3999998569489,345.7000000476837,1817.1621860663815,308.99890202601586,6.6773573467844995,0.12896823724205306,149,153,0.004348279971315584,0.1560261316811287,False,False,main,10204.104462389332,-0.003438078237296879,True,14.940732479095459,val,103
30618_2366c74a,1786384616.1,1786384685.8,69.70000004768372,744.8999998569489,268.7000000476837,1827.6499600306329,310.38486821603215,6.8293002451844504,0.1315763015948552,660,698,0.00449284026494142,0.010293966176023739,False,False,main,10214.683454529008,0.004281751944884005,True,69.64299392700195,val,104
30618_2366c74a,1786384696.4,1786384716.0,19.59999990463257,825.2000000476837,238.5,1845.8183371711898,312.820173103875,7.127362293908728,0.13208194079733465,197,197,0.004782409160537004,0.103252606446706,False,False,main,10233.014340175218,0.007772153497853231,True,19.34224843978882,val,105
30618_2366c74a,1786384757.9,1786384793.3,35.39999985694885,886.7000000476837,161.20000004768372,2092.970147672856,392.8543175537923,10.971299676526634,0.6974351981713869,355,355,0.005763653892430421,0.0927048245393711,False,False,main,10496.74427168058,0.005899763743124759,True,35.20037579536438,val,107
30618_2366c74a,1786384867.1,1786384873.1,6.0,995.8999998569489,81.40000009536743,2347.3624967250794,772.2095666659933,10.532411724223927,1.4293967816144715,61,61,0.03999165752247449,0.14135993174482914,False,False,main,10957.927341651388,0.8192249012872644,True,5.742704391479492,val,116
30618_2366c74a,1786384882.0,1786384902.0,20.0,1010.7999999523163,52.5,2347.1742561490223,775.1711058502269,10.210021876110607,1.4599638032833584,201,201,0.1803945840007352,0.11760611403285265,False,False,main,10960.854527687792,0.8576074080507772,True,19.842170476913452,val,116
30639_d927f360,1787724872.1,1787724877.7,5.6000001430511475,0.0,1090.7999999523163,-2196.100881962138,-362.62118718677135,13.886992801203395,0.8170156168241387,55,57,0.0033143473012263174,0.08342453732235888,True,False,main,5647.8892522783735,-0.0006862150709779873,False,0.0,val,59
30639_d927f360,1787725116.2,1787725149.9,33.700000047683716,244.10000014305115,818.5999999046326,-1152.4370583139198,-363.07691680041717,12.430995050514849,0.5078259050741643,338,338,0.003861780650810193,0.15193244955314605,False,False,main,6763.190565569959,0.007836912989647647,True,33.40017104148865,val,75
30639_d927f360,1787725223.7,1787725258.1,34.39999985694885,351.60000014305115,710.4000000953674,-972.5164259596793,-34.05174006242009,10.215238097250811,1.2142528810551492,333,345,0.002789854892618003,0.0,False,False,main,7147.696449275389,-0.011812444027109143,True,34.39999985694885,val,82
30639_d927f360,1787725328.9,1787725353.3,24.399999856948853,456.80000019073486,615.2000000476837,-816.1894187307538,304.457825972285,-1.4074669921356755,0.023110783492192522,245,245,0.004065989395122097,0.11550954832870966,False,False,main,7528.602069240466,-0.02136896463975009,True,24.10001230239868,val,85
30639_d927f360,1787725802.0,1787725823.2,21.200000047683716,929.9000000953674,145.29999995231628,2268.728349229563,635.8514230179109,10.325550232786403,0.9942518258602815,212,213,0.0030048628724434726,0.10069978375618764,False,False,main,10797.612785390884,0.00990840942674875,True,21.150525331497192,val,109
30639_d927f360,1787725882.3,1787725932.8,50.5,1010.2000000476837,35.700000047683716,2348.023157081381,775.215579781701,8.977905763133268,1.4796757228947994,506,506,0.003954214971918514,0.13680421138612286,False,False,main,10960.882014705281,0.007986794241536827,True,50.24922823905945,val,116
30639_2b4a6347,1787727680.0,1787727686.1,6.099999904632568,0.0,1105.2000000476837,-2197.757860652634,-363.8471039299551,14.798104146860362,,0,62,0.011329027403521177,0.0,True,False,,,,False,0.0,val,-1
30639_2b4a6347,1787727877.8,1787727892.5,14.700000047683716,197.79999995231628,898.7999999523163,-1413.3989426726407,-407.56228543385043,14.839839690028587,0.15818325926680607,0,148,0.003323289832775105,0.15314778715270044,False,False,main,6497.838658760177,0.3374284289459891,True,14.349171876907349,val,71
30639_2b4a6347,1787727968.0,1787727975.3,7.299999952316284,288.0,816.0,-1027.6286797497855,-174.848387006155,14.257815039402685,1.2141496121296065,0,74,0.029214486751674238,0.0,False,False,main,6996.4965958532175,0.26634757395629943,True,7.299999952316284,val,76
30639_2b4a6347,1787727977.3,1787727982.8,5.5,297.2999999523163,808.5,-1027.544787863869,-174.81203727710675,14.235375521868127,1.2145196484971847,0,56,0.016812266309625463,0.0,False,False,main,6996.561082577885,0.20153543260818646,True,5.5,val,76
30639_2b4a6347,1787727983.7,1787727991.2,7.5,303.7000000476837,800.0999999046326,-1027.480919881668,-174.80397840880136,14.234284160567263,1.2143425915025792,0,76,0.016833782441296144,0.0,False,False,main,6996.592026473642,0.14502548097631565,True,7.5,val,76
30639_2b4a6347,1787728023.8,1787728060.3,36.5,343.7999999523163,731.0,-991.3766274659894,-82.5142222339287,11.0861985683268,1.2127170350245193,158,366,0.049644350960417395,0.14032743154044072,False,False,main,7095.693050793184,-0.005842987441888761,True,36.20112609863281,val,81
30639_2b4a6347,1787728157.3,1787728181.5,24.200000047683716,477.2999999523163,609.7999999523163,-697.3378117715667,279.2897025514113,-1.8333459487331192,-0.2276737652948797,242,243,0.007885721470504465,0.142348200147547,False,False,main,7650.469894396268,0.5629430406367818,True,23.949233293533325,val,87
30639_2b4a6347,1787728211.5,1787728312.6,101.09999990463257,531.5,478.7000000476837,-533.7159384342838,239.4332092727404,-2.6781733789983253,-0.2294694401819896,466,1012,0.016415506388353738,0.11211027482138802,False,False,main,7818.874527544815,0.882804557555708,True,100.84805011749268,val,89
30639_2b4a6347,1787728369.8,1787728393.2,23.40000009536743,689.7999999523163,398.09999990463257,-278.25640472775603,179.63469463042065,-6.13388441535558,-0.2061780367458515,0,235,0.021926694689603315,0.10991391980287007,False,False,main,8081.273675328251,0.9543257873415137,True,23.20040512084961,val,93
30639_2b4a6347,1787728601.4,1787728606.7,5.299999952316284,921.4000000953674,184.59999990463257,1725.9055176406464,297.9196620012257,9.900372262660479,0.11823720926369874,0,54,0.011797165432207532,0.15385958807945646,False,False,main,10112.151114950033,0.6657841615490042,True,5.047101020812988,val,100
30618_01f73500,1787731608.1,1787731620.0,11.900000095367432,0.0,1202.7000000476837,2399.3149770366886,843.1893391154956,7.873387964184537,1.23584891814501,118,120,0.0049454143815707945,0.0,True,False,main,11049.467775757239,0.005383056359200222,True,9.149430990219116,val,119
30618_01f73500,1787731672.1,1787731698.1,26.0,64.0,1124.6000001430511,2341.4047247577287,815.7189238615146,9.049481093635922,-1.4992619102082476,261,261,0.007803096817949446,0.139545655235942,False,False,main,146.36570984871287,-0.19810307808879626,True,25.801806926727295,val,4
30618_01f73500,1787731765.6,1787731785.5,19.90000009536743,157.5,1037.2000000476837,2150.8608235049114,465.1347849666364,11.317873108124502,-2.178047583005189,190,200,0.0049854683384878565,0.18602170702217966,False,False,main,555.3773850215562,-0.0044576727816531955,True,19.620051860809326,val,14
30618_01f73500,1787731834.6,1787731855.4,20.800000190734863,226.5,967.2999999523163,1873.3618100320741,320.0253728960919,7.563892982040028,-3.012372712571673,205,209,0.003925107841319099,0.1131292452873487,False,False,main,881.3198570494023,0.0016034958261870512,True,20.6203932762146,val,22
30618_01f73500,1787731861.7,1787731913.4,51.700000047683716,253.60000014305115,909.2999999523163,1866.7202252286677,319.1414280929891,7.468179340281328,-3.0130403800352914,517,518,0.0031210471124598575,0.1661718529725069,False,False,main,888.0200082362034,-0.0006008581884937693,True,51.400975704193115,val,23
30618_01f73500,1787732191.5,1787732215.9,24.40000009536743,583.4000000953674,606.7999999523163,-219.69758237373821,169.1698437726651,-9.23981803795619,2.917184187213074,237,245,0.0033019816916919575,0.15571422737800128,False,False,main,3000.6245033832142,-0.00019540987803691334,True,24.12001943588257,val,34
30618_01f73500,1787732222.5,1787732251.7,29.200000047683716,614.4000000953674,571.0,-224.68750191267384,170.28592221984798,-9.168721179320812,2.9198246909819456,280,293,0.0027680301483770002,0.13294698753756765,False,False,main,3005.7377060951167,0.004071947485910838,True,29.017736673355103,val,34
30618_01f73500,1787732316.2,1787732348.0,31.799999952316284,708.1000001430511,474.7000000476837,-641.1908595927889,268.53201348363484,-3.737806352692928,2.899665299552794,311,319,0.007044547359160413,0.1278556098487117,False,False,main,3433.6982136544707,0.012356442608456145,True,31.61953115463257,val,38
30618_01f73500,1787732468.2,1787732502.0,33.799999952316284,860.1000001430511,320.7000000476837,-1012.4813238487357,-127.19179527411482,11.365356481334162,-1.9451215439987632,339,339,0.00492208052889105,0.1003413076377367,False,False,main,4100.509509361975,-0.005227262045387135,True,33.599846601486206,val,45
30618_01f73500,1787732572.6,1787732596.8,24.200000047683716,964.5,225.90000009536743,-1346.2115352266383,-394.6993057689419,13.315849296718902,,0,243,0.004241677336881924,0.07798263528327731,False,False,,,,True,24.019587993621826,val,-1
30618_01f73500,1787732652.1,1787732671.9,19.800000190734863,1044.0,150.79999995231628,-1758.168300107252,-389.13436505780055,16.402919320411193,2.775185660430806,194,198,0.003384215351635755,0.1011861963164255,False,False,main,4997.2891029818775,-0.0033914574782931907,True,19.619263172149658,val,51
30618_01f73500,1787732704.5,1787732739.0,34.5,1096.4000000953674,83.70000004768372,-1964.3252837948494,-311.18237187413973,15.735028227736011,2.7767826751764657,339,346,0.004860426399027207,0.10325009999052068,False,False,main,5217.6927852527715,-0.0038984479744134082,True,34.29939413070679,val,52
30618_dd8d0741,1787734375.1,1787734390.8,15.700000047683716,0.0,1252.1000001430511,2400.824533143612,846.0282654266215,7.900695585268455,1.3574247223454328,153,158,0.0028357350762724803,0.07989929072996288,True,False,main,11052.684501567759,0.008937412897418033,True,13.159061431884766,val,119
30618_dd8d0741,1787734441.7,1787734467.8,26.09999990463257,66.60000014305115,1175.1000001430511,2341.5652829300006,817.0343530982288,8.54660449082687,-1.497703269756241,64,262,0.017630894152812063,0.15364416225431438,False,False,main,145.06659180264572,0.06236149720490701,True,25.700273036956787,val,4
30618_dd8d0741,1787734485.8,1787734505.8,20.0,110.70000004768372,1137.1000001430511,2344.8222157723285,770.8366413947158,8.887509893476489,-1.6489105493623781,201,201,0.004571779378024276,0.1281887160392047,False,False,main,191.37967819564608,-0.0016994909375970557,True,19.798796892166138,val,6
30618_dd8d0741,1787734556.5,1787734571.9,15.400000095367432,181.40000009536743,1071.0,2151.606133248051,464.91818799733636,10.267312567205064,,0,155,8.030918193327611,0.1335817871632247,False,False,,,,True,15.099743604660034,val,-1
30618_dd8d0741,1787734584.4,1787734594.1,9.699999809265137,209.30000019073486,1048.8000001907349,2140.8115111226534,450.11237487203624,11.244074513020564,-2.1898399270826063,98,98,0.0034736034505290204,0.08749950518591568,False,False,main,573.451629048135,-0.005171314492806567,True,9.520339250564575,val,16
30618_dd8d0741,1787734641.1,1787734695.6,54.5,266.0,947.3000001907349,1873.1727578431169,320.00005531637873,7.5676495530202175,-3.013919171912493,303,546,0.0035162496125990825,0.10759385954497068,False,False,main,881.5105969207328,0.001710626184628839,True,54.19997596740723,val,22
30618_dd8d0741,1787734962.4,1787734980.8,18.399999856948853,587.3000001907349,662.1000001430511,-219.47047298148246,169.12139866203023,-9.252408967767666,2.9127516404317335,19,185,0.00504806085051157,0.08515207937987793,False,False,main,3000.3922962253296,-0.0025047202808453494,True,18.217586040496826,val,34
30618_dd8d0741,1787734985.1,1787734991.7,6.6000001430511475,610.0,651.2000000476837,-219.46864403271195,169.11601705310198,-9.253708757808312,2.8717521155746213,14,67,0.0022871166258096346,0.0,False,False,main,3000.3893360223287,0.0023474922511083148,True,6.6000001430511475,val,34
30618_dd8d0741,1787734994.2,1787735022.9,28.700000047683716,619.1000001430511,620.0,-219.46738978682708,169.11954306275095,-9.255258839820959,2.8088902526302255,0,288,0.21640960034561035,0.0,False,False,main,3000.3888821834234,-0.0013673303600704838,True,28.700000047683716,val,34
30618_dd8d0741,1787735074.8,1787735097.9,23.100000143051147,699.7000000476837,545.0,-640.5186498236601,268.3842008847731,-3.7731327850973404,2.898660981300275,184,232,0.004483194585304791,0.16293477365127151,False,False,main,3433.0100913952338,-0.0017832714313710052,True,22.91908836364746,val,38
30618_dd8d0741,1787735105.2,1787735137.7,32.5,730.1000001430511,505.2000000476837,-646.9993707882893,269.96101007071707,-3.7178522267518503,2.886185688884427,323,326,0.011302776465221325,0.15351127811190157,False,False,main,3439.679875409851,-0.013082794616503086,True,32.219138860702515,val,39
30618_dd8d0741,1787735269.7,1787735300.1,30.399999856948853,894.6000001430511,342.80000019073486,-1012.3338148370749,-126.83980634632138,11.379036190256649,-1.8391745013192458,140,305,0.011312801910898937,0.09716267607235858,False,False,main,4100.127942480137,0.0026358476767072377,True,30.280389070510864,val,45
30618_dd8d0741,1787735335.1,1787735371.3,36.200000047683716,960.0,271.60000014305115,-1105.3161134762677,-325.6185630630721,12.141937232040327,-2.410190786852685,350,362,0.004421412300217499,0.16036451689475914,False,False,main,4321.329298365514,0.008506598347181772,True,35.91986417770386,val,47
30618_dd8d0741,1787735411.3,1787735436.2,24.90000009536743,1036.2000000476837,206.70000004768372,-1346.075643692568,-394.68524410243685,13.302678799780363,-2.995499859825372,248,250,0.005076677186503128,0.11689928073560393,False,False,main,4576.872484837348,0.000927465743356674,True,24.718801975250244,val,49
30618_dd8d0741,1787735500.7,1787735520.9,20.200000047683716,1125.6000001430511,122.0,-1758.161089443618,-389.12666796423946,16.41637176189723,2.775816050871866,203,203,0.0035600401411187864,0.13735228570005506,False,False,main,4997.285058844728,-0.0131322928654497,True,20.00052762031555,val,51
30618_dd8d0741,1787735553.4,1787735573.6,20.199999809265137,1178.3000001907349,69.30000019073486,-1964.3427893123744,-311.1758682293481,15.736872985406707,2.7759810157619182,130,203,0.006252467743513199,0.12567468314653032,False,False,main,5217.711459591023,-0.003800314040425708,True,20.018166303634644,val,52
30618_a53d5f6f,1787737402.3,1787737428.5,26.200000047683716,0.0,1186.4000000953674,2398.834569123088,842.3916854420881,7.888022981114529,1.2025325881592865,261,263,0.004285349653322867,0.04931549607093504,True,False,main,11048.53639012962,0.00750263356953827,True,23.67307162284851,val,119
30618_a53d5f6f,1787737482.4,1787737508.1,25.699999809265137,80.10000014305115,1106.8000001907349,2341.5842902650247,815.8380829534933,8.472100807269268,,0,258,0.005215480054313578,0.15112913012318374,False,False,,,,True,25.41938543319702,val,-1
30618_a53d5f6f,1787737557.3,1787737563.7,6.400000095367432,155.0,1051.2000000476837,2304.790611261061,696.1482675504112,9.219754603227484,-2.163834965051751,65,65,0.00568710662532724,0.1524887627614311,False,False,main,277.7760078114568,8.476993861222158e-06,True,6.219207525253296,val,7
30618_a53d5f6f,1787737609.3,1787737625.9,16.600000143051147,207.0,989.0,2151.1897906060776,465.6296714103367,11.317428035409524,-2.1575789968188857,156,167,0.00892081501747991,0.12536356428956888,False,False,main,554.7831380188021,-0.006543114646915504,True,16.40734314918518,val,14
30618_a53d5f6f,1787737636.3,1787737650.7,14.400000095367432,234.0,964.2000000476837,2141.0330650451842,450.43806471511806,11.256676693194867,-2.188569996928482,145,145,0.006537295380381309,0.13559977572716161,False,False,main,573.0577391928553,-0.00845709950962351,True,14.202191829681396,val,16
30618_a53d5f6f,1787737700.1,1787737715.8,15.700000047683716,297.7999999523163,899.1000001430511,1873.7103425706323,320.06913236739797,7.571788827818876,-3.0241908631872643,157,158,0.003353167156393029,0.12214661206316298,False,False,main,880.9686038656022,0.004351251398508933,True,15.498969793319702,val,22
30618_a53d5f6f,1787737986.1,1787738005.8,19.700000047683716,583.7999999523163,609.1000001430511,-219.7339527641143,169.18060847245357,-9.251719710594621,2.9170279487429958,195,198,0.0038524341347161315,0.12485897445404757,False,False,main,3000.662346199036,-0.002765497091232618,True,19.49756932258606,val,34
30618_a53d5f6f,1787738040.2,1787738052.9,12.700000047683716,637.9000000953674,562.0,-435.1001353853667,217.87963698610002,-6.334377047522743,2.9048671800692394,128,128,0.003202246072874998,0.11226782187381533,False,False,main,3221.4703363366575,0.0022525022907204156,True,12.519554853439331,val,35
30618_a53d5f6f,1787738085.8,1787738116.4,30.600000143051147,683.5,498.5,-641.4168036461215,268.5919845355287,-3.7768315087708997,2.8979901702776605,142,307,0.0049106163343606915,0.07053041991754755,False,False,main,3433.9319234198133,0.0071614560781266086,True,30.518921613693237,val,38
30618_a53d5f6f,1787738217.9,1787738240.1,22.199999809265137,815.6000001430511,374.80000019073486,-947.7091787282229,40.04423902362115,8.203028716881732,-1.788039003271808,0,223,0.09966815301637212,0.12933770371845812,False,False,main,3921.1667451640515,-0.0007283031241242766,True,21.89875054359436,val,43
30618_a53d5f6f,1787738285.5,1787738300.7,15.200000047683716,883.2000000476837,314.2000000476837,-1012.6351671647149,-127.57625655859701,11.374426449888814,-1.946359079138519,65,152,0.05155452624033578,0.12138194765650441,False,False,main,4100.923602824106,-0.007144722924934856,True,13.080795526504517,val,45
30618_a53d5f6f,1787738369.7,1787738392.8,23.09999990463257,967.4000000953674,222.10000014305115,-1346.0696808031357,-394.6713285608679,13.30793077491547,-2.999651270616025,232,232,0.004028219998535523,0.16467398745109443,False,False,main,4576.864556942425,-0.011970085560475172,True,22.81905746459961,val,49
30618_a53d5f6f,1787738457.4,1787738480.7,23.299999952316284,1055.1000001430511,134.20000004768372,-1758.1768688179443,-389.1229499518877,16.407868082623345,2.7753713473664656,234,234,0.0034558660175726965,0.13808026660261805,False,False,main,4997.301138000452,-0.011065164135403418,True,23.10043978691101,val,51
30618_a53d5f6f,1787738535.4,1787738550.9,15.5,1133.1000001430511,64.0,-1964.1824112718248,-311.23476491749324,15.711619003136224,2.776987039885031,156,156,0.0057534268022720395,0.18246426759807535,False,False,main,5217.540613926305,-0.005328178840015823,True,15.219055891036987,val,52
30618_defd0170,1788421555.9,1788421561.6,5.699999809265137,0.0,1041.8000001907349,-2197.2558806650604,-363.910508672333,2.1958339698417717,,0,58,0.16348278779546135,0.0,True,False,,,,False,0.0,val,-1
30618_defd0170,1788421576.8,1788421619.4,42.60000014305115,20.899999856948853,984.0,-2181.402150186898,-350.36457022841824,2.446632877110604,0.8001215021689945,0,427,7.500970748857736,0.11764729617853707,False,False,main,5666.922274678681,-2.0745962946446572,True,42.4062979221344,val,61
30618_defd0170,1788421683.5,1788421700.8,17.299999952316284,127.59999990463257,902.6000001430511,-2015.506018724871,-295.5076992502054,13.974845072198981,,0,174,15.464242991958232,0.09492930273242688,False,False,,,,True,17.10086750984192,val,-1
30618_defd0170,1788421733.8,1788421751.1,17.299999952316284,177.89999985694885,852.3000001907349,-1816.1531299545754,-371.2474303276229,15.598376096761527,-0.3643945215223055,0,174,2.084623162701409,0.1091615822075751,False,False,main,6083.575327313437,-0.3286773670993439,True,17.099767684936523,val,69
30618_defd0170,1788421808.7,1788421828.3,19.59999990463257,252.79999995231628,775.1000001430511,-1415.0468117861599,-408.3223109785789,13.53432713170969,0.14026475967957824,0,197,12.994967137898843,0.09945536554832259,False,False,main,6496.10004345261,-0.18334778903081875,True,19.406673431396484,val,71
30618_defd0170,1788421917.8,1788421946.8,29.0,361.89999985694885,656.6000001430511,-994.3243205789034,-88.6960308783456,9.924057011284129,,0,291,0.026642215477656925,0.09069283564849934,False,False,,,,True,28.800159215927124,val,-1
30618_defd0170,1788421964.1,1788422000.6,36.5,408.19999980926514,602.8000001907349,-972.4604820422483,-32.44972937694794,8.625255935776648,,0,366,0.03093482936465582,0.13786393212228393,False,False,,,,True,36.19909644126892,val,-1
30618_defd0170,1788422088.2,1788422105.7,17.5,532.2999999523163,497.7000000476837,-697.7522878750467,278.9936048848974,-3.910381044624355,-0.24446309816012873,0,176,0.035517994670106495,0.03841732902099468,False,False,main,7650.13724381342,0.17718682461112878,True,17.406956672668457,val,87
30618_defd0170,1788422135.0,1788422148.3,13.299999952316284,579.0999999046326,455.10000014305115,-534.2893475639434,238.61081332637679,-5.8145389896647695,,0,134,0.018238171784961982,0.17563853720511988,False,False,,,,True,13.10659384727478,val,-1
30618_defd0170,1788422183.7,1788422222.4,38.700000047683716,627.7999999523163,381.0,-278.7397587347872,179.0154077234283,-8.870638106621605,-0.22325994757316936,0,388,0.06138477455812805,0.1344932805927775,False,False,main,8080.938285149657,0.2438087254690015,True,38.40698194503784,val,93
30618_defd0170,1788422445.0,1788422464.4,19.40000009536743,889.0999999046326,139.0,1816.5835584745591,310.16592451477896,7.215961046622766,,0,195,19.041709722976154,0.12890639613721938,False,False,,,,True,19.206140518188477,val,-1
30618_defd0170,1788422512.4,1788422534.7,22.299999952316284,956.5,68.70000004768372,2092.847750647827,393.2038343565392,11.914267203711766,0.6985482098395304,0,224,0.05675648568960455,0.15711562422235528,False,False,main,10496.86379049691,0.35641121816591087,True,22.100109100341797,val,107
30618_defd0170,1788422572.9,1788422590.8,17.899999856948853,1017.0,12.600000143051147,2244.486118044598,600.240604108239,13.441558185116664,,0,180,19.31492231920943,0.11236598346021147,False,False,,,,True,17.706528902053833,val,-1
