{"type": "FeatureCollection", "features": [{"type": "Feature", "geometry": {"type": "LineString", "coordinates": [[37.46229771, 55.81040035, 168.366], [37.46231326, 55.81042102, 168.348], [37.46232526, 55.81044242, 168.323], [37.46233153, 55.81046457, 168.295], [37.46233222, 55.810487, 168.271], [37.46232837, 55.81050934, 168.253], [37.4623215, 55.81053145, 168.243], [37.4623111, 55.81055312, 168.24], [37.4622974, 55.8105742, 168.239], [37.4622805, 55.81059453, 168.234], [37.46226085, 55.81061406, 168.223], [37.46223852, 55.81063265, 168.212], [37.46221357, 55.81065016, 168.205], [37.46218562, 55.81066616, 168.207], [37.46215513, 55.81068061, 168.218], [37.46212234, 55.81069337, 168.234], [37.46208773, 55.81070451, 168.244], [37.46205135, 55.81071367, 168.242], [37.4620134, 55.81072052, 168.227], [37.4619741, 55.81072418, 168.203], [37.46193429, 55.81072532, 168.182], [37.46189442, 55.81072536, 168.17], [37.46185455, 55.81072514, 168.165], [37.46181467, 55.8107249, 168.159], [37.4617748, 55.81072504, 168.148], [37.46173494, 55.81072563, 168.137], [37.46169508, 55.81072559, 168.133], [37.46165537, 55.81072361, 168.141], [37.46161614, 55.81071965, 168.155], [37.46157769, 55.81071374, 168.167], [37.46154031, 55.81070595, 168.171], [37.46150465, 55.81069593, 168.169], [37.46147099, 55.81068391, 168.168], [37.46143978, 55.81066995, 168.177], [37.46141106, 55.81065439, 168.199], [37.46138511, 55.81063735, 168.232], [37.46136208, 55.81061904, 168.265], [37.46134247, 55.81059949, 168.294], [37.46132586, 55.81057909, 168.314], [37.46131264, 55.81055791, 168.325], [37.46130342, 55.81053609, 168.329], [37.46129932, 55.81051377, 168.329], [37.46129916, 55.81049132, 168.33], [37.46130098, 55.81046889, 168.333], [37.46130341, 55.81044648, 168.34], [37.46130615, 55.81042408, 168.35], [37.46130892, 55.81040168, 168.364], [37.46131199, 55.81037929, 168.39], [37.46131533, 55.81035691, 168.433], [37.46131847, 55.81033453, 168.484], [37.46132135, 55.81031213, 168.534], [37.4613243, 55.81028974, 168.579], [37.46132743, 55.81026736, 168.623], [37.46133042, 55.81024497, 168.667], [37.46133319, 55.81022257, 168.714], [37.46133599, 55.81020017, 168.765], [37.46133886, 55.81017777, 168.817], [37.46134165, 55.81015538, 168.866], [37.46134449, 55.81013298, 168.911], [37.46134754, 55.81011059, 168.956], [37.46135057, 55.8100882, 169.001], [37.46135347, 55.81006581, 169.048], [37.46135641, 55.81004341, 169.095], [37.46135951, 55.81002103, 169.14], [37.46136262, 55.80999864, 169.183], [37.46136567, 55.80997625, 169.221], [37.46136868, 55.80995386, 169.255], [37.46137159, 55.80993147, 169.285], [37.46137429, 55.80990907, 169.314], [37.46137695, 55.80988667, 169.34], [37.46137986, 55.80986427, 169.366], [37.46138279, 55.80984188, 169.39], [37.46138551, 55.80981948, 169.411], [37.46138822, 55.80979707, 169.429], [37.46139103, 55.80977468, 169.449], [37.46139373, 55.80975227, 169.467], [37.46139609, 55.80972986, 169.479], [37.46139782, 55.80970743, 169.486], [37.46139852, 55.80968498, 169.492], [37.46139747, 55.80966253, 169.505], [37.46139512, 55.80964012, 169.524], [37.46139122, 55.80961778, 169.546], [37.46138397, 55.80959571, 169.563], [37.46137224, 55.80957426, 169.574], [37.46135677, 55.80955358, 169.58], [37.46133691, 55.80953413, 169.582], [37.46131457, 55.80951553, 169.58], [37.46129211, 55.80949698, 169.575], [37.46126985, 55.80947835, 169.567], [37.46124746, 55.80945977, 169.556], [37.46122523, 55.80944113, 169.54], [37.46120321, 55.80942241, 169.523], [37.46118103, 55.80940375, 169.506], [37.46115863, 55.80938517, 169.494], [37.46113633, 55.80936656, 169.485], [37.46111408, 55.80934793, 169.477], [37.46109191, 55.80932927, 169.469], [37.46106997, 55.80931051, 169.462], [37.46104814, 55.80929173, 169.454], [37.46102615, 55.809273, 169.443], [37.46100394, 55.80925435, 169.431], [37.4609816, 55.80923575, 169.419], [37.46095931, 55.80921713, 169.41], [37.46093716, 55.80919846, 169.409], [37.46091511, 55.80917975, 169.417], [37.46089311, 55.80916103, 169.431], [37.46087109, 55.80914231, 169.451], [37.46084902, 55.80912361, 169.476], [37.46082691, 55.80910492, 169.509], [37.46080478, 55.80908625, 169.547], [37.46078262, 55.80906758, 169.587], [37.46076043, 55.80904892, 169.63], [37.46073821, 55.80903028, 169.675], [37.46071597, 55.80901164, 169.719], [37.46069371, 55.80899301, 169.759], [37.46067152, 55.80897436, 169.797], [37.46064937, 55.80895569, 169.833], [37.46062721, 55.80893702, 169.867], [37.46060505, 55.80891835, 169.902], [37.46058287, 55.8088997, 169.939], [37.46056069, 55.80888103, 169.974], [37.46053857, 55.80886236, 170.01], [37.46051643, 55.80884368, 170.053], [37.46049427, 55.80882501, 170.106], [37.46047213, 55.80880634, 170.164], [37.46044999, 55.80878766, 170.218], [37.46042794, 55.80876896, 170.265], [37.46040595, 55.80875023, 170.308], [37.46038382, 55.80873155, 170.348], [37.46036144, 55.80871297, 170.387], [37.46033906, 55.80869438, 170.425], [37.46031686, 55.80867573, 170.463], [37.46029475, 55.80865705, 170.499], [37.46027269, 55.80863834, 170.534], [37.46025066, 55.80861963, 170.57], [37.46022856, 55.80860094, 170.605], [37.4602063, 55.80858231, 170.638], [37.46018398, 55.8085637, 170.671], [37.46016174, 55.80854507, 170.704], [37.46013958, 55.8085264, 170.738], [37.46011751, 55.8085077, 170.773], [37.46009558, 55.80848895, 170.809], [37.46007363, 55.8084702, 170.847], [37.4600515, 55.80845152, 170.888], [37.46002927, 55.80843289, 170.928], [37.46000714, 55.80841421, 170.963], [37.45998514, 55.80839548, 170.993], [37.45996313, 55.80837676, 171.027], [37.45994097, 55.80835809, 171.071], [37.45991867, 55.80833948, 171.116], [37.45989642, 55.80832085, 171.152], [37.45987438, 55.80830213, 171.18], [37.4598525, 55.80828336, 171.21], [37.45983053, 55.80826463, 171.245], [37.45980839, 55.80824595, 171.281], [37.45978622, 55.80822729, 171.315], [37.45976415, 55.80820859, 171.345], [37.45974213, 55.80818987, 171.376], [37.45972005, 55.80817117, 171.409], [37.45969787, 55.80815251, 171.443], [37.45967573, 55.80813384, 171.477], [37.45965371, 55.80811512, 171.511], [37.45963169, 55.8080964, 171.543], [37.45960955, 55.80807773, 171.573], [37.45958734, 55.80805908, 171.599], [37.45956523, 55.80804039, 171.622], [37.45954323, 55.80802167, 171.643], [37.45952113, 55.80800298, 171.663], [37.4594989, 55.80798434, 171.684], [37.45947669, 55.80796569, 171.707], [37.45945459, 55.80794701, 171.728], [37.45943253, 55.8079283, 171.746], [37.45941034, 55.80790965, 171.765], [37.45938809, 55.80789101, 171.784], [37.45936605, 55.8078723, 171.798], [37.4593442, 55.80785352, 171.805], [37.45932219, 55.8078348, 171.809], [37.45929982, 55.80781621, 171.814], [37.4592774, 55.80779764, 171.824], [37.45925525, 55.80777897, 171.835], [37.45923327, 55.80776024, 171.846], [37.45921125, 55.80774152, 171.858], [37.4591891, 55.80772285, 171.875], [37.45916681, 55.80770423, 171.894], [37.45914453, 55.80768561, 171.913], [37.45912235, 55.80766695, 171.929], [37.45910029, 55.80764825, 171.94], [37.45907836, 55.8076295, 171.948], [37.45905644, 55.80761074, 171.951], [37.45903441, 55.80759203, 171.951], [37.45901222, 55.80757337, 171.947], [37.45898998, 55.80755473, 171.94], [37.45896785, 55.80753606, 171.931], [37.45894579, 55.80751736, 171.922], [37.4589238, 55.80749863, 171.915], [37.45890181, 55.8074799, 171.909], [37.4588797, 55.80746121, 171.904], [37.45885748, 55.80744257, 171.896], [37.45883525, 55.80742393, 171.887], [37.45881302, 55.80740529, 171.877], [37.45879086, 55.80738662, 171.865], [37.45876883, 55.80736791, 171.852], [37.45874686, 55.80734917, 171.838], [37.4587248, 55.80733046, 171.828], [37.45870265, 55.8073118, 171.821], [37.45868053, 55.80729311, 171.816], [37.45865848, 55.80727441, 171.81], [37.45863641, 55.80725571, 171.805], [37.45861432, 55.80723702, 171.802], [37.45859226, 55.80721831, 171.8], [37.45857026, 55.80719958, 171.798], [37.45854823, 55.80718087, 171.796], [37.45852611, 55.80716219, 171.791], [37.45850386, 55.80714356, 171.785], [37.45848156, 55.80712494, 171.777], [37.45845935, 55.8071063, 171.768], [37.45843721, 55.80708762, 171.758], [37.45841513, 55.80706893, 171.747], [37.45839308, 55.80705022, 171.738], [37.45837102, 55.80703152, 171.729], [37.4583489, 55.80701283, 171.721], [37.45832675, 55.80699416, 171.713], [37.45830456, 55.80697551, 171.705], [37.45828235, 55.80695686, 171.697], [37.45826016, 55.80693821, 171.691], [37.4582381, 55.8069195, 171.686], [37.45821621, 55.80690074, 171.68], [37.4581942, 55.80688201, 171.671], [37.45817194, 55.80686339, 171.656], [37.45814946, 55.80684484, 171.636], [37.45812673, 55.8068264, 171.61], [37.45810386, 55.806808, 171.577], [37.45808096, 55.80678963, 171.541], [37.45805788, 55.80677131, 171.509], [37.45803465, 55.80675307, 171.486], [37.45801119, 55.80673491, 171.472], [37.45798727, 55.80671695, 171.467], [37.4579628, 55.80669922, 171.466], [37.45793795, 55.80668166, 171.466], [37.45791266, 55.8066643, 171.464], [37.45788687, 55.80664718, 171.455], [37.45786051, 55.80663033, 171.439], [37.45783368, 55.80661372, 171.422], [37.45780659, 55.80659725, 171.406], [37.45777957, 55.80658074, 171.392], [37.45775253, 55.80656424, 171.381], [37.45772516, 55.80654791, 171.372], [37.45769741, 55.80653179, 171.363], [37.45766936, 55.80651583, 171.355], [37.45764104, 55.80650003, 171.348], [37.45761254, 55.80648433, 171.343], [37.45758383, 55.80646875, 171.339], [37.45755498, 55.80645325, 171.333], [37.4575261, 55.80643777, 171.327], [37.457497, 55.80642242, 171.319], [37.45746743, 55.80640736, 171.306], [37.45743724, 55.8063927, 171.291], [37.45740648, 55.80637841, 171.279], [37.45737566, 55.80636417, 171.27], [37.45734487, 55.8063499, 171.262], [37.45731372, 55.80633589, 171.254], [37.45728205, 55.80632225, 171.244], [37.45725015, 55.80630878, 171.228], [37.45721812, 55.80629541, 171.206], [37.45718591, 55.80628218, 171.179], [37.45715349, 55.80626911, 171.154], [37.45712101, 55.80625609, 171.137], [37.45708878, 55.80624287, 171.129], [37.45705682, 55.80622945, 171.127], [37.45702482, 55.80621606, 171.125], [37.45699241, 55.80620298, 171.115], [37.45695932, 55.80619046, 171.099], [37.45692568, 55.80617841, 171.079], [37.45689161, 55.80616675, 171.061], [37.45685723, 55.80615538, 171.043], [37.45682266, 55.80614419, 171.025], [37.45678805, 55.80613304, 171.011], [37.45675338, 55.80612196, 171.0], [37.45671855, 55.80611103, 170.993], [37.45668354, 55.80610029, 170.986], [37.4566484, 55.80608968, 170.98], [37.45661307, 55.80607928, 170.974], [37.45657751, 55.80606913, 170.968], [37.45654183, 55.80605911, 170.96], [37.45650612, 55.80604912, 170.951], [37.45647035, 55.80603921, 170.942], [37.45643435, 55.80602955, 170.933], [37.45639805, 55.80602027, 170.921], [37.45636161, 55.80601116, 170.902], [37.45632518, 55.80600204, 170.875], [37.45628871, 55.80599297, 170.847], [37.45625205, 55.80598415, 170.822], [37.45621518, 55.8059756, 170.804], [37.45617822, 55.80596718, 170.786], [37.45614128, 55.80595874, 170.767], [37.4561043, 55.80595034, 170.743], [37.45606723, 55.80594208, 170.712], [37.45603011, 55.80593389, 170.676], [37.45599298, 55.80592571, 170.637], [37.45595588, 55.8059175, 170.601], [37.45591875, 55.80590931, 170.569], [37.45588157, 55.8059012, 170.543], [37.45584439, 55.8058931, 170.518], [37.4558072, 55.805885, 170.49], [37.45576993, 55.80587703, 170.452], [37.45573252, 55.80586928, 170.405], [37.45569493, 55.80586179, 170.351], [37.45565722, 55.8058545, 170.294], [37.45561944, 55.80584734, 170.235], [37.45558151, 55.80584041, 170.174], [37.45554347, 55.8058337, 170.113], [37.45550532, 55.80582716, 170.055], [37.45546705, 55.80582087, 170.003], [37.4554286, 55.80581494, 169.954], [37.45538998, 55.80580938, 169.904], [37.45535121, 55.80580414, 169.849], [37.45531235, 55.80579911, 169.784], [37.4552734, 55.80579432, 169.712], [37.45523439, 55.8057897, 169.641], [37.45519534, 55.80578517, 169.575], [37.45515627, 55.80578071, 169.517], [37.45511715, 55.80577637, 169.457], [37.45507798, 55.80577219, 169.394], [37.45503877, 55.80576811, 169.336], [37.45499959, 55.80576396, 169.286], [37.45496044, 55.80575972, 169.241], [37.45492128, 55.80575551, 169.193], [37.45488208, 55.80575141, 169.141], [37.45484282, 55.8057475, 169.086], [37.45480347, 55.8057439, 169.031], [37.45476408, 55.80574044, 168.977], [37.45472471, 55.80573689, 168.922], [37.45468538, 55.80573323, 168.865], [37.45464603, 55.80572962, 168.809], [37.45460662, 55.80572622, 168.755], [37.45456716, 55.80572301, 168.702], [37.4545277, 55.80571982, 168.647], [37.45448823, 55.80571662, 168.592], [37.45444875, 55.80571352, 168.54], [37.45440924, 55.80571049, 168.492], [37.45436972, 55.80570753, 168.444], [37.45433019, 55.80570465, 168.393], [37.45429064, 55.8057018, 168.341], [37.4542511, 55.80569893, 168.291], [37.45421156, 55.80569605, 168.243], [37.45417203, 55.80569311, 168.195], [37.45413252, 55.80569013, 168.147], [37.454093, 55.80568717, 168.1], [37.45405348, 55.80568421, 168.054], [37.45401395, 55.80568127, 168.011], [37.45397443, 55.80567831, 167.967], [37.45393493, 55.80567526, 167.923], [37.45389543, 55.80567222, 167.882], [37.45385591, 55.80566925, 167.843], [37.45381639, 55.80566629, 167.806], [37.45377688, 55.80566333, 167.771], [37.45373734, 55.80566042, 167.737], [37.4536978, 55.80565756, 167.703], [37.45365826, 55.80565467, 167.667], [37.45361874, 55.80565173, 167.629], [37.45357921, 55.80564879, 167.587], [37.45353969, 55.80564586, 167.539], [37.45350017, 55.80564288, 167.487], [37.45346067, 55.80563985, 167.439], [37.45342116, 55.80563683, 167.395], [37.45338164, 55.80563388, 167.355], [37.45334212, 55.80563091, 167.315], [37.4533026, 55.80562792, 167.277], [37.45326308, 55.80562499, 167.242], [37.45322354, 55.80562211, 167.206], [37.45318401, 55.80561917, 167.169], [37.4531445, 55.80561617, 167.128], [37.45310499, 55.80561317, 167.085], [37.45306548, 55.80561018, 167.041], [37.45302596, 55.80560722, 167.0], [37.45298643, 55.80560428, 166.962], [37.45294692, 55.8056013, 166.926], [37.45290741, 55.80559828, 166.89], [37.45286791, 55.80559524, 166.857], [37.45282841, 55.80559218, 166.828], [37.45278891, 55.80558916, 166.799], [37.45274938, 55.80558622, 166.769], [37.45270986, 55.80558328, 166.735], [37.45267034, 55.80558032, 166.7], [37.45263082, 55.80557736, 166.665], [37.4525913, 55.80557439, 166.629], [37.45255179, 55.80557139, 166.596], [37.45251228, 55.80556839, 166.565], [37.45247277, 55.80556539, 166.536], [37.45243327, 55.80556233, 166.505], [37.45239377, 55.80555929, 166.472], [37.45235426, 55.80555629, 166.436], [37.45231477, 55.80555319, 166.398], [37.45227532, 55.80554997, 166.361], [37.45223583, 55.80554687, 166.331], [37.45219628, 55.80554403, 166.309], [37.45215672, 55.80554125, 166.296], [37.45211719, 55.80553832, 166.29], [37.4520777, 55.80553527, 166.285], [37.4520382, 55.8055322, 166.279], [37.45199868, 55.80552923, 166.27], [37.45195915, 55.80552634, 166.258], [37.45191962, 55.80552341, 166.243], [37.45188007, 55.80552059, 166.225], [37.45184048, 55.80551792, 166.207], [37.45180091, 55.80551519, 166.193], [37.45176132, 55.80551254, 166.18], [37.45172168, 55.80551016, 166.167], [37.45168202, 55.80550786, 166.155], [37.45164237, 55.80550551, 166.143], [37.45160272, 55.80550314, 166.131], [37.45156309, 55.80550071, 166.115], [37.45152347, 55.80549821, 166.094], [37.45148381, 55.80549589, 166.072], [37.45144413, 55.80549374, 166.053], [37.45140443, 55.80549165, 166.04], [37.45136472, 55.80548968, 166.027], [37.45132498, 55.80548788, 166.012], [37.45128524, 55.80548608, 165.996], [37.4512455, 55.80548431, 165.98], [37.45120573, 55.80548271, 165.966], [37.45116597, 55.80548104, 165.957], [37.45112626, 55.80547906, 165.954], [37.45108655, 55.80547704, 165.955], [37.4510468, 55.80547532, 165.955], [37.45100702, 55.80547387, 165.949], [37.45096722, 55.8054725, 165.94], [37.45092745, 55.80547095, 165.929], [37.45088772, 55.8054691, 165.919], [37.450848, 55.80546713, 165.911], [37.45080825, 55.8054654, 165.905], [37.45076847, 55.80546389, 165.903], [37.4507287, 55.80546233, 165.904], [37.45068895, 55.80546058, 165.906], [37.45064921, 55.80545883, 165.912], [37.45060944, 55.80545723, 165.917], [37.45056966, 55.80545572, 165.923], [37.45052988, 55.80545427, 165.927], [37.45049009, 55.8054528, 165.932], [37.45045032, 55.80545125, 165.938], [37.45041056, 55.80544964, 165.943], [37.45037078, 55.80544814, 165.946], [37.45033099, 55.8054467, 165.947], [37.45029122, 55.80544511, 165.948], [37.45025147, 55.8054434, 165.951], [37.45021171, 55.80544172, 165.954], [37.45017195, 55.80544014, 165.958], [37.45013217, 55.80543861, 165.959], [37.45009239, 55.80543709, 165.958], [37.45005261, 55.8054356, 165.954], [37.45001284, 55.80543407, 165.945], [37.44997308, 55.80543241, 165.933], [37.44993333, 55.8054307, 165.919], [37.44989356, 55.80542909, 165.908], [37.44985378, 55.80542757, 165.901], [37.44981401, 55.80542603, 165.894], [37.44977425, 55.80542438, 165.883], [37.44973449, 55.8054227, 165.87], [37.44969473, 55.80542107, 165.857], [37.44965496, 55.80541946, 165.844], [37.4496152, 55.80541783, 165.831], [37.44957543, 55.80541624, 165.818], [37.44953566, 55.8054147, 165.804], [37.44949589, 55.80541307, 165.79], [37.44945614, 55.80541138, 165.776], [37.44941637, 55.80540979, 165.762], [37.44937659, 55.80540832, 165.748], [37.44933681, 55.80540683, 165.734], [37.44929704, 55.80540526, 165.723], [37.44925727, 55.80540368, 165.713], [37.44921749, 55.80540213, 165.7], [37.44917772, 55.8054006, 165.682], [37.44913794, 55.80539908, 165.661], [37.44909816, 55.80539758, 165.637], [37.44905839, 55.80539606, 165.613], [37.44901862, 55.80539445, 165.588], [37.44897886, 55.8053928, 165.564], [37.44893909, 55.80539127, 165.54], [37.4488993, 55.80538983, 165.511], [37.44885952, 55.80538835, 165.478], [37.44881974, 55.80538683, 165.443], [37.44877996, 55.80538538, 165.409], [37.44874017, 55.80538391, 165.375], [37.4487004, 55.80538233, 165.342], [37.44866064, 55.8053807, 165.308], [37.44862088, 55.80537908, 165.273], [37.4485811, 55.80537756, 165.236], [37.44854132, 55.80537609, 165.2], [37.44850154, 55.80537462, 165.165], [37.44846175, 55.80537316, 165.13], [37.44842198, 55.80537165, 165.097], [37.44838221, 55.80537007, 165.067], [37.44834244, 55.80536845, 165.037], [37.44830266, 55.80536694, 165.005], [37.44826287, 55.80536555, 164.975], [37.44822308, 55.80536413, 164.948], [37.44818331, 55.80536262, 164.923], [37.44814354, 55.80536103, 164.9], [37.44810377, 55.80535947, 164.877], [37.44806398, 55.80535801, 164.855], [37.4480242, 55.80535658, 164.833], [37.44798441, 55.8053551, 164.814], [37.44794464, 55.80535357, 164.795], [37.44790487, 55.805352, 164.775], [37.4478651, 55.80535043, 164.75], [37.44782533, 55.80534883, 164.723], [37.44778557, 55.80534721, 164.695], [37.44774579, 55.80534567, 164.669], [37.44770601, 55.80534419, 164.642], [37.44766623, 55.80534269, 164.615], [37.44762646, 55.80534115, 164.589], [37.44758668, 55.80533967, 164.567], [37.44754689, 55.80533825, 164.549], [37.44750711, 55.80533673, 164.533], [37.44746735, 55.80533507, 164.519], [37.44742759, 55.80533345, 164.504], [37.44738781, 55.80533193, 164.482], [37.44734803, 55.80533046, 164.459], [37.44730825, 55.80532899, 164.438], [37.44726847, 55.80532745, 164.42], [37.4472287, 55.80532587, 164.401], [37.44718892, 55.80532439, 164.382], [37.44714913, 55.80532297, 164.365], [37.44710936, 55.80532144, 164.349], [37.4470696, 55.80531976, 164.332], [37.44702985, 55.80531806, 164.314], [37.44699008, 55.8053165, 164.294], [37.44695029, 55.80531506, 164.272], [37.4469105, 55.80531364, 164.247], [37.44687072, 55.80531217, 164.22], [37.44683094, 55.80531064, 164.194], [37.44679118, 55.80530905, 164.172], [37.44675141, 55.80530745, 164.153], [37.44671164, 55.8053059, 164.135], [37.44667186, 55.8053044, 164.116], [37.44663208, 55.8053029, 164.096], [37.4465923, 55.80530141, 164.077], [37.44655252, 55.80529994, 164.06], [37.44651273, 55.8052985, 164.048], [37.44647294, 55.80529707, 164.037], [37.44643316, 55.80529563, 164.026], [37.44639338, 55.80529414, 164.014], [37.44635361, 55.80529257, 163.999], [37.44631385, 55.8052909, 163.98], [37.44627409, 55.80528923, 163.959], [37.44623432, 55.80528762, 163.935], [37.44619456, 55.80528604, 163.907], [37.44615479, 55.80528447, 163.881], [37.44611501, 55.80528295, 163.859], [37.44607522, 55.8052815, 163.841], [37.44603544, 55.80528003, 163.825], [37.44599567, 55.80527846, 163.807], [37.44595591, 55.80527684, 163.786], [37.44591613, 55.8052753, 163.765], [37.44587635, 55.8052738, 163.745], [37.44583658, 55.80527226, 163.724], [37.44579681, 55.80527071, 163.703], [37.44575703, 55.80526921, 163.682], [37.44571725, 55.80526774, 163.66], [37.44567747, 55.80526617, 163.639], [37.44563771, 55.80526452, 163.62], [37.44559794, 55.805263, 163.602], [37.44555814, 55.80526166, 163.585], [37.44551835, 55.80526028, 163.566], [37.44547858, 55.80525871, 163.543], [37.44543881, 55.8052571, 163.518], [37.44539904, 55.80525557, 163.491], [37.44535925, 55.80525411, 163.463], [37.44531948, 55.80525258, 163.431], [37.44527972, 55.80525095, 163.398], [37.44523995, 55.80524932, 163.361], [37.44520018, 55.80524781, 163.315], [37.44516039, 55.80524636, 163.261], [37.44512061, 55.80524484, 163.203], [37.44508084, 55.8052433, 163.148], [37.44504106, 55.80524182, 163.1], [37.44500128, 55.8052403, 163.056], [37.44496151, 55.80523874, 163.016], [37.44492173, 55.80523725, 162.976], [37.44488194, 55.80523583, 162.939], [37.44484217, 55.80523431, 162.905], [37.44480241, 55.80523264, 162.875], [37.44476264, 55.80523102, 162.852], [37.44472286, 55.80522958, 162.835], [37.44468306, 55.80522821, 162.824], [37.44464328, 55.80522675, 162.817], [37.44460351, 55.80522519, 162.814], [37.44456374, 55.8052236, 162.812], [37.44452397, 55.80522202, 162.808], [37.4444842, 55.80522047, 162.801], [37.44444442, 55.80521895, 162.792], [37.44440465, 55.8052174, 162.78], [37.44436487, 55.80521587, 162.767], [37.44432509, 55.80521439, 162.751], [37.44428532, 55.80521282, 162.732], [37.44424556, 55.80521118, 162.708], [37.44420579, 55.80520965, 162.679], [37.444166, 55.80520823, 162.646], [37.44412622, 55.80520675, 162.61], [37.44408644, 55.80520521, 162.573], [37.44404667, 55.80520363, 162.537], [37.44400691, 55.80520205, 162.501], [37.44396713, 55.80520054, 162.462], [37.44392735, 55.80519904, 162.42], [37.44388758, 55.80519746, 162.38], [37.44384781, 55.80519586, 162.341], [37.44380804, 55.80519433, 162.302], [37.44376826, 55.80519281, 162.26], [37.44372849, 55.80519124, 162.212], [37.44368872, 55.80518966, 162.161], [37.44364894, 55.80518818, 162.11], [37.44360916, 55.80518672, 162.059], [37.44356938, 55.80518522, 162.007], [37.44352961, 55.80518363, 161.954], [37.44348984, 55.80518203, 161.9], [37.44345007, 55.80518051, 161.843], [37.44341028, 55.80517904, 161.785], [37.44337051, 55.80517753, 161.726], [37.44333074, 55.80517598, 161.669], [37.44329097, 55.8051744, 161.614], [37.44325119, 55.80517286, 161.554], [37.44321141, 55.8051714, 161.49], [37.44317162, 55.80516994, 161.425], [37.44313185, 55.80516838, 161.361], [37.44309209, 55.80516678, 161.296], [37.44305232, 55.8051652, 161.23], [37.44301255, 55.80516362, 161.164], [37.44297277, 55.80516209, 161.098], [37.44293299, 55.80516062, 161.03], [37.44289321, 55.80515915, 160.963], [37.44285343, 55.80515763, 160.899], [37.44281367, 55.80515603, 160.837], [37.4427739, 55.80515442, 160.775], [37.44273413, 55.80515288, 160.712], [37.44269435, 55.80515138, 160.647], [37.44265457, 55.80514986, 160.581], [37.44261479, 55.80514836, 160.513], [37.44257502, 55.80514683, 160.442], [37.44253525, 55.80514523, 160.365], [37.44249549, 55.80514362, 160.288], [37.44245571, 55.80514213, 160.213], [37.44241592, 55.80514072, 160.138], [37.44237614, 55.8051392, 160.063], [37.44233638, 55.80513756, 159.988], [37.44229661, 55.80513596, 159.911], [37.44225684, 55.80513443, 159.831], [37.44221706, 55.80513293, 159.746], [37.44217727, 55.80513151, 159.657], [37.44213749, 55.80513004, 159.569], [37.44209772, 55.8051285, 159.484], [37.44205795, 55.80512692, 159.401], [37.44201818, 55.80512534, 159.319], [37.44197841, 55.80512379, 159.235], [37.44193863, 55.80512228, 159.151], [37.44189885, 55.80512079, 159.065], [37.44185907, 55.80511931, 158.975], [37.44181929, 55.80511783, 158.882], [37.44177951, 55.80511633, 158.788], [37.44173973, 55.80511479, 158.695], [37.44169996, 55.80511323, 158.605], [37.44166019, 55.80511169, 158.518], [37.44162041, 55.80511016, 158.433], [37.44158064, 55.80510862, 158.346], [37.44154087, 55.80510708, 158.258], [37.44150109, 55.80510555, 158.169], [37.44146132, 55.80510399, 158.082], [37.44142155, 55.80510238, 157.994], [37.44138178, 55.80510081, 157.904], [37.441342, 55.80509932, 157.814], [37.44130222, 55.80509787, 157.721], [37.44126244, 55.80509636, 157.627], [37.44122267, 55.80509481, 157.533], [37.44118289, 55.80509329, 157.44], [37.44114312, 55.80509176, 157.347], [37.44110335, 55.80509021, 157.254], [37.44106357, 55.80508872, 157.162], [37.44102378, 55.80508727, 157.069], [37.44098401, 55.8050857, 156.975], [37.44094426, 55.80508399, 156.879], [37.44090449, 55.80508243, 156.784], [37.44086469, 55.80508107, 156.69], [37.44082491, 55.80507964, 156.599], [37.44078514, 55.80507807, 156.509], [37.44074536, 55.80507652, 156.418], [37.44070558, 55.80507508, 156.327], [37.44066579, 55.80507367, 156.238], [37.44062601, 55.80507217, 156.15], [37.44058624, 55.8050706, 156.059], [37.44054647, 55.80506906, 155.967], [37.44050668, 55.80506761, 155.875], [37.44046689, 55.80506623, 155.785], [37.44042709, 55.80506489, 155.69], [37.4403873, 55.80506348, 155.592], [37.44034753, 55.80506198, 155.498], [37.44030776, 55.80506039, 155.411], [37.44026799, 55.80505877, 155.329], [37.44022822, 55.80505724, 155.243], [37.44018843, 55.80505582, 155.149], [37.44014864, 55.80505445, 155.047], [37.44010884, 55.80505311, 154.946], [37.44006904, 55.80505179, 154.85], [37.44002925, 55.80505042, 154.755], [37.43998946, 55.80504899, 154.658], [37.43994968, 55.80504754, 154.564], [37.43990988, 55.8050462, 154.478], [37.43987008, 55.80504493, 154.402], [37.43983028, 55.80504355, 154.332], [37.4397905, 55.80504207, 154.261], [37.43975071, 55.80504069, 154.187], [37.43971091, 55.80503942, 154.113], [37.43967112, 55.80503803, 154.04], [37.43963133, 55.80503659, 153.967], [37.43959154, 55.80503522, 153.892], [37.43955174, 55.80503389, 153.815], [37.43951194, 55.80503256, 153.738], [37.43947214, 55.80503125, 153.663], [37.43943234, 55.80502997, 153.589], [37.43939254, 55.80502866, 153.513], [37.43935275, 55.80502729, 153.428], [37.43931295, 55.80502594, 153.339], [37.43927314, 55.80502472, 153.246], [37.43923332, 55.80502362, 153.155], [37.43919351, 55.80502247, 153.065], [37.4391537, 55.80502123, 152.975], [37.4391139, 55.80501993, 152.887], [37.4390741, 55.80501857, 152.8], [37.43903431, 55.80501719, 152.714], [37.43899451, 55.80501586, 152.63], [37.43895472, 55.80501453, 152.546], [37.43891492, 55.80501323, 152.459], [37.4388751, 55.80501207, 152.37], [37.43883528, 55.80501095, 152.278], [37.43879548, 55.80500965, 152.182], [37.43875569, 55.80500823, 152.083], [37.4387159, 55.80500692, 151.988], [37.43867608, 55.80500575, 151.896], [37.43863627, 55.80500454, 151.809], [37.43859648, 55.80500315, 151.727], [37.4385567, 55.80500165, 151.648], [37.43851692, 55.80500021, 151.567], [37.43847712, 55.80499888, 151.483], [37.43843731, 55.80499762, 151.396], [37.4383975, 55.80499642, 151.308], [37.4383577, 55.80499517, 151.221], [37.43831791, 55.80499377, 151.138], [37.43827813, 55.80499225, 151.056], [37.43823835, 55.80499079, 150.97], [37.43819854, 55.80498954, 150.883], [37.43815873, 55.80498839, 150.8], [37.43811891, 55.8049872, 150.725], [37.43807911, 55.80498595, 150.653], [37.43803931, 55.80498463, 150.576], [37.43799952, 55.8049832, 150.495], [37.43795974, 55.80498174, 150.416], [37.43791994, 55.80498043, 150.343], [37.43788013, 55.80497922, 150.274], [37.43784033, 55.80497794, 150.201], [37.43780054, 55.80497656, 150.123], [37.43776075, 55.80497511, 150.042], [37.43772096, 55.8049737, 149.959], [37.43768116, 55.80497241, 149.877], [37.43764135, 55.80497117, 149.794], [37.43760155, 55.80496986, 149.709], [37.43756176, 55.80496849, 149.624], [37.43752196, 55.80496717, 149.54], [37.43748216, 55.80496587, 149.461], [37.43744236, 55.80496452, 149.386], [37.43740257, 55.80496314, 149.315], [37.43736278, 55.80496175, 149.245], [37.43732299, 55.80496037, 149.171], [37.43728319, 55.80495901, 149.093], [37.43724339, 55.80495772, 149.016], [37.43720359, 55.80495646, 148.947], [37.43716378, 55.80495519, 148.885], [37.43712398, 55.8049539, 148.823], [37.43708419, 55.80495255, 148.762], [37.43704439, 55.80495118, 148.705], [37.43700459, 55.80494989, 148.651], [37.43696479, 55.80494863, 148.594], [37.43692499, 55.80494731, 148.532], [37.4368852, 55.80494587, 148.469], [37.43684542, 55.80494442, 148.408], [37.43680561, 55.80494321, 148.354], [37.43676579, 55.8049421, 148.304], [37.43672599, 55.80494082, 148.255], [37.4366862, 55.80493935, 148.205], [37.43664643, 55.80493779, 148.162], [37.43660665, 55.80493632, 148.129], [37.43656685, 55.80493501, 148.104], [37.43652705, 55.80493373, 148.081], [37.43648726, 55.80493233, 148.06], [37.43644747, 55.80493093, 148.04], [37.43640765, 55.80492974, 148.019], [37.43636784, 55.80492861, 147.996], [37.43632804, 55.80492727, 147.968], [37.43628827, 55.80492573, 147.941], [37.43624849, 55.80492419, 147.921], [37.43620871, 55.80492271, 147.905], [37.43616892, 55.80492129, 147.893], [37.43612914, 55.80491985, 147.883], [37.43608937, 55.80491831, 147.872], [37.4360496, 55.80491669, 147.862], [37.43600984, 55.80491503, 147.855], [37.43597009, 55.80491331, 147.852], [37.43593034, 55.80491162, 147.855], [37.43589056, 55.80491014, 147.86], [37.43585076, 55.80490877, 147.866], [37.43581099, 55.80490719, 147.87], [37.43577126, 55.80490533, 147.873], [37.43573155, 55.80490333, 147.875], [37.43569186, 55.80490125, 147.878], [37.4356522, 55.80489894, 147.88], [37.4356126, 55.80489633, 147.882], [37.43557302, 55.80489367, 147.884], [37.4355334, 55.80489114, 147.887], [37.43549376, 55.80488873, 147.89], [37.43545415, 55.80488621, 147.891], [37.43541462, 55.80488329, 147.892], [37.43537518, 55.80488, 147.894], [37.43533576, 55.80487665, 147.9], [37.43529631, 55.80487343, 147.909], [37.43525684, 55.80487025, 147.916], [37.43521742, 55.80486688, 147.922], [37.43517804, 55.80486338, 147.929], [37.43513865, 55.80485993, 147.936], [37.4350993, 55.80485633, 147.943], [37.43506007, 55.80485231, 147.955], [37.43502098, 55.80484792, 147.974], [37.43498189, 55.80484349, 147.996], [37.43494277, 55.80483918, 148.014], [37.43490362, 55.80483492, 148.027], [37.43486452, 55.80483056, 148.038], [37.43482545, 55.80482608, 148.051], [37.43478645, 55.80482141, 148.068], [37.43474754, 55.80481653, 148.087], [37.43470866, 55.80481155, 148.105], [37.43466978, 55.80480659, 148.121], [37.43463091, 55.80480159, 148.137], [37.43459207, 55.80479653, 148.154], [37.43455323, 55.80479146, 148.173], [37.43451441, 55.80478636, 148.191], [37.43447568, 55.80478102, 148.207], [37.43443711, 55.80477534, 148.22], [37.43439857, 55.80476959, 148.233], [37.43435998, 55.80476396, 148.248], [37.43432142, 55.80475826, 148.268], [37.434283, 55.80475226, 148.294], [37.43424469, 55.80474604, 148.323], [37.43420637, 55.80473986, 148.349], [37.43416794, 55.80473388, 148.366], [37.43412944, 55.80472805, 148.377], [37.43409093, 55.80472223, 148.386], [37.43405244, 55.80471638, 148.398], [37.43401393, 55.80471057, 148.409], [37.43397544, 55.80470473, 148.415], [37.43393704, 55.80469869, 148.416], [37.43389873, 55.80469246, 148.415], [37.43386037, 55.80468636, 148.417], [37.43382184, 55.80468058, 148.425], [37.4337833, 55.80467485, 148.436], [37.4337449, 55.8046688, 148.447], [37.4337066, 55.80466257, 148.457], [37.43366817, 55.80465661, 148.469], [37.43362959, 55.80465093, 148.484], [37.4335911, 55.80464509, 148.497], [37.43355275, 55.80463896, 148.509], [37.4335144, 55.80463281, 148.521], [37.43347595, 55.80462689, 148.537], [37.4334374, 55.80462116, 148.555], [37.43339887, 55.80461538, 148.569], [37.43336046, 55.80460937, 148.577], [37.43332212, 55.80460322, 148.587], [37.43328374, 55.80459713, 148.605], [37.4332453, 55.80459119, 148.627], [37.43320678, 55.80458539, 148.645], [37.43316827, 55.80457959, 148.656], [37.43312985, 55.8045736, 148.663], [37.43309152, 55.80456743, 148.672], [37.43305316, 55.80456131, 148.681], [37.4330147, 55.80455539, 148.687], [37.43297619, 55.80454958, 148.691], [37.43293775, 55.80454363, 148.699], [37.43289943, 55.80453744, 148.71], [37.43286106, 55.80453133, 148.719], [37.43282252, 55.80452559, 148.722], [37.43278393, 55.80451995, 148.724], [37.43274553, 55.80451392, 148.725], [37.43270728, 55.80450759, 148.727], [37.43266894, 55.80450144, 148.73], [37.43263041, 55.80449567, 148.732], [37.43259184, 55.80448998, 148.733], [37.4325534, 55.80448404, 148.729], [37.432515, 55.80447799, 148.724], [37.43247653, 55.8044721, 148.72], [37.43243806, 55.80446621, 148.719], [37.43239972, 55.80446006, 148.719], [37.43236141, 55.80445383, 148.718], [37.43232293, 55.80444796, 148.717], [37.43228435, 55.80444231, 148.715], [37.43224595, 55.80443629, 148.712], [37.4322077, 55.80442994, 148.707], [37.43216934, 55.80442383, 148.701], [37.43213077, 55.80441814, 148.694], [37.4320922, 55.80441246, 148.686], [37.43205383, 55.80440638, 148.679], [37.43201556, 55.80440009, 148.672], [37.43197711, 55.80439415, 148.664], [37.43193852, 55.80438852, 148.656], [37.43190004, 55.80438265, 148.65], [37.43186176, 55.80437638, 148.645], [37.43182347, 55.80437013, 148.639], [37.43178498, 55.80436427, 148.634], [37.4317464, 55.80435861, 148.631], [37.4317079, 55.80435279, 148.626], [37.43166952, 55.80434672, 148.619], [37.43163116, 55.8043406, 148.611], [37.4315927, 55.80433468, 148.603], [37.43155419, 55.80432887, 148.595], [37.43151576, 55.8043229, 148.586], [37.43147739, 55.80431681, 148.572], [37.43143892, 55.80431092, 148.557], [37.43140036, 55.8043052, 148.544], [37.43136192, 55.80429926, 148.537], [37.43132363, 55.80429301, 148.534], [37.43128531, 55.8042868, 148.531], [37.43124684, 55.80428092, 148.526], [37.4312083, 55.80427518, 148.518], [37.43116981, 55.80426931, 148.511], [37.43113139, 55.80426333, 148.503], [37.43109297, 55.80425733, 148.496], [37.43105453, 55.80425137, 148.488], [37.43101608, 55.80424545, 148.481], [37.43097765, 55.80423947, 148.473], [37.43093926, 55.80423341, 148.464], [37.43090085, 55.8042274, 148.453], [37.43086237, 55.80422152, 148.441], [37.43082387, 55.80421569, 148.432], [37.4307854, 55.80420981, 148.424], [37.43074696, 55.80420384, 148.414], [37.43070858, 55.80419776, 148.401], [37.4306702, 55.8041917, 148.384], [37.43063175, 55.80418577, 148.368], [37.43059326, 55.8041799, 148.355], [37.43055482, 55.80417397, 148.34], [37.43051639, 55.80416797, 148.321], [37.43047797, 55.80416199, 148.299], [37.43043953, 55.80415603, 148.282], [37.43040109, 55.80415009, 148.271], [37.43036265, 55.80414414, 148.262], [37.43032423, 55.80413813, 148.254], [37.43028585, 55.80413205, 148.244], [37.43024743, 55.80412605, 148.235], [37.43020896, 55.80412016, 148.228], [37.43017051, 55.80411424, 148.222], [37.43013208, 55.80410826, 148.214], [37.43009368, 55.80410223, 148.203], [37.43005529, 55.80409618, 148.193], [37.43001686, 55.80409021, 148.185], [37.42997839, 55.80408431, 148.175], [37.42993993, 55.80407839, 148.161], [37.4299015, 55.80407242, 148.147], [37.42986308, 55.80406642, 148.135], [37.42982469, 55.80406037, 148.128], [37.42978631, 55.8040543, 148.122], [37.42974786, 55.80404836, 148.113], [37.42970934, 55.80404258, 148.105], [37.42967081, 55.80403681, 148.098], [37.42963239, 55.80403082, 148.092], [37.42959404, 55.80402468, 148.086], [37.42955565, 55.80401863, 148.077], [37.42951718, 55.80401274, 148.067], [37.4294787, 55.80400686, 148.059], [37.4294403, 55.80400083, 148.056], [37.42940197, 55.80399466, 148.055], [37.42936364, 55.80398849, 148.053], [37.42932527, 55.80398238, 148.047], [37.42928688, 55.80397634, 148.041], [37.42924843, 55.80397039, 148.037], [37.42920997, 55.80396448, 148.035], [37.42917153, 55.80395853, 148.03], [37.42913314, 55.80395248, 148.025], [37.42909476, 55.80394639, 148.02], [37.42905634, 55.80394041, 148.018], [37.42901787, 55.80393451, 148.018], [37.42897942, 55.80392859, 148.022], [37.42894098, 55.80392264, 148.028], [37.42890258, 55.8039166, 148.033], [37.4288642, 55.80391052, 148.034], [37.42882576, 55.80390456, 148.031], [37.42878726, 55.80389874, 148.026], [37.42874877, 55.80389289, 148.022], [37.42871032, 55.80388696, 148.022], [37.4286719, 55.80388097, 148.027], [37.42863348, 55.80387496, 148.036], [37.42859506, 55.80386896, 148.049], [37.42855662, 55.80386302, 148.064], [37.42851817, 55.80385708, 148.078], [37.42847975, 55.80385108, 148.093], [37.42844138, 55.80384501, 148.109], [37.42840296, 55.80383901, 148.127], [37.42836442, 55.80383325, 148.148], [37.4283258, 55.80382769, 148.171], [37.42828716, 55.80382216, 148.19], [37.42824851, 55.80381666, 148.21], [37.42820981, 55.80381128, 148.235], [37.42817102, 55.80380607, 148.262], [37.42813218, 55.80380101, 148.284], [37.42809328, 55.8037961, 148.3], [37.42805432, 55.80379134, 148.311], [37.42801529, 55.80378678, 148.321], [37.42797621, 55.80378232, 148.333], [37.42793712, 55.80377792, 148.348], [37.42789794, 55.80377376, 148.372], [37.42785865, 55.80376996, 148.405], [37.42781926, 55.80376653, 148.441], [37.42777978, 55.80376339, 148.471], [37.42774023, 55.80376055, 148.489], [37.4277006, 55.80375812, 148.499], [37.42766092, 55.80375595, 148.501], [37.42762123, 55.80375383, 148.499], [37.42758153, 55.80375178, 148.491], [37.42754179, 55.80374999, 148.48], [37.42750201, 55.80374855, 148.468], [37.42746219, 55.8037474, 148.458], [37.42742236, 55.80374646, 148.448], [37.42738252, 55.80374574, 148.436], [37.42734266, 55.80374527, 148.422], [37.4273028, 55.80374508, 148.408], [37.42726293, 55.80374518, 148.397], [37.42722306, 55.80374533, 148.385], [37.4271832, 55.80374539, 148.371], [37.42714333, 55.80374558, 148.353], [37.42710348, 55.80374611, 148.338], [37.42706364, 55.8037469, 148.325], [37.42702379, 55.80374771, 148.315], [37.42698395, 55.80374837, 148.307], [37.42694409, 55.80374887, 148.303], [37.42690423, 55.80374934, 148.304], [37.42686438, 55.80374993, 148.304], [37.42682453, 55.80375064, 148.302], [37.42678469, 55.8037514, 148.298], [37.42674484, 55.80375217, 148.293], [37.426705, 55.80375284, 148.289], [37.42666514, 55.80375334, 148.285], [37.42662528, 55.80375383, 148.282], [37.42658543, 55.8037545, 148.281], [37.42654559, 55.80375528, 148.283], [37.42650574, 55.80375598, 148.285], [37.42646589, 55.80375656, 148.285], [37.42642603, 55.80375708, 148.282], [37.42638617, 55.80375752, 148.276], [37.42634631, 55.8037579, 148.27], [37.42630645, 55.80375831, 148.264], [37.4262666, 55.80375889, 148.258], [37.42622676, 55.80375967, 148.253], [37.42618692, 55.80376057, 148.249], [37.42614709, 55.80376148, 148.246], [37.42610725, 55.80376224, 148.243], [37.42606739, 55.80376279, 148.238], [37.42602754, 55.80376333, 148.235], [37.4259877, 55.80376416, 148.236], [37.42594787, 55.8037651, 148.238], [37.42590802, 55.80376591, 148.239], [37.42586818, 55.80376666, 148.236], [37.42582834, 55.80376751, 148.229], [37.42578851, 55.80376838, 148.223], [37.42574866, 55.80376911, 148.222], [37.42570881, 55.80376977, 148.226], [37.42566897, 55.80377061, 148.233], [37.42562916, 55.80377179, 148.239], [37.42558937, 55.80377317, 148.242], [37.42554958, 55.80377459, 148.242], [37.4255098, 55.80377603, 148.241], [37.42547002, 55.80377752, 148.238], [37.42543024, 55.80377903, 148.235], [37.42539047, 55.80378057, 148.233], [37.4253507, 55.80378211, 148.234], [37.42531093, 55.80378368, 148.236], [37.42527116, 55.80378529, 148.234], [37.42523141, 55.80378696, 148.229], [37.42519165, 55.80378859, 148.221], [37.42515188, 55.80379018, 148.212], [37.42511212, 55.80379179, 148.203], [37.42507237, 55.80379352, 148.194], [37.42503263, 55.80379534, 148.183], [37.42499289, 55.80379709, 148.171], [37.42495312, 55.80379867, 148.161], [37.42491337, 55.80380036, 148.15], [37.42487365, 55.80380228, 148.137], [37.42483393, 55.80380422, 148.125], [37.4247942, 55.80380611, 148.119], [37.42475454, 55.80380835, 148.119], [37.42471496, 55.80381105, 148.122], [37.4246754, 55.80381384, 148.125], [37.42463583, 55.80381658, 148.123], [37.42459631, 55.80381951, 148.118], [37.42455685, 55.80382273, 148.113], [37.42451744, 55.80382613, 148.109], [37.42447809, 55.80382971, 148.102], [37.4244388, 55.80383351, 148.093], [37.42439956, 55.80383748, 148.082], [37.42436038, 55.80384164, 148.072], [37.42432125, 55.80384593, 148.063], [37.42428212, 55.80385024, 148.055], [37.42424296, 55.80385444, 148.047], [37.42420374, 55.80385847, 148.043], [37.42416453, 55.80386251, 148.045], [37.42412537, 55.80386674, 148.053], [37.4240863, 55.80387121, 148.062], [37.42404727, 55.80387577, 148.07], [37.42400816, 55.80388013, 148.076], [37.42396897, 55.80388425, 148.08], [37.4239298, 55.80388842, 148.084], [37.42389074, 55.80389291, 148.085], [37.42385178, 55.80389767, 148.085], [37.42381281, 55.80390241, 148.085], [37.42377376, 55.80390695, 148.086], [37.42373474, 55.80391153, 148.093], [37.42369584, 55.80391644, 148.106], [37.42365703, 55.80392158, 148.124], [37.42361814, 55.80392653, 148.143], [37.42357913, 55.80393116, 148.163], [37.4235401, 55.80393573, 148.184], [37.42350116, 55.80394054, 148.205], [37.42346231, 55.80394559, 148.225], [37.42342346, 55.80395062, 148.244], [37.42338454, 55.80395549, 148.266], [37.4233456, 55.80396029, 148.29], [37.42330667, 55.80396514, 148.315], [37.4232678, 55.80397012, 148.337], [37.42322894, 55.80397515, 148.359], [37.42319004, 55.80398007, 148.384], [37.42315109, 55.80398484, 148.411], [37.42311211, 55.80398957, 148.435], [37.42307319, 55.80399442, 148.453], [37.42303432, 55.80399942, 148.467], [37.42299544, 55.80400438, 148.484], [37.42295647, 55.80400912, 148.51], [37.42291744, 55.80401369, 148.547], [37.42287846, 55.8040184, 148.585], [37.42283958, 55.80402335, 148.615], [37.42280076, 55.80402847, 148.637], [37.42276195, 55.80403362, 148.665], [37.42272312, 55.80403871, 148.71], [37.42268423, 55.80404364, 148.766], [37.42264525, 55.80404836, 148.819], [37.42260626, 55.80405303, 148.866], [37.42256732, 55.80405785, 148.91], [37.42252845, 55.80406284, 148.95], [37.42248961, 55.8040679, 148.983], [37.42245074, 55.80407288, 149.009], [37.42241181, 55.80407774, 149.032], [37.42237289, 55.80408258, 149.058], [37.42233396, 55.80408744, 149.093], [37.42229506, 55.80409234, 149.131], [37.42225615, 55.80409725, 149.165], [37.42221722, 55.80410208, 149.19], [37.42217828, 55.80410689, 149.212], [37.42213937, 55.80411178, 149.235], [37.42210049, 55.80411673, 149.26], [37.4220616, 55.80412167, 149.288], [37.42202268, 55.80412655, 149.317], [37.42198377, 55.80413144, 149.348], [37.42194488, 55.80413639, 149.377], [37.42190597, 55.80414128, 149.404], [37.42186705, 55.80414613, 149.435], [37.42182815, 55.80415105, 149.475], [37.42178924, 55.80415595, 149.519], [37.4217503, 55.80416076, 149.557], [37.42171136, 55.80416557, 149.586], [37.42167245, 55.80417047, 149.61], [37.42163361, 55.80417553, 149.637], [37.42159478, 55.8041806, 149.671], [37.4215559, 55.80418557, 149.708], [37.42151699, 55.80419047, 149.745], [37.42147806, 55.8041953, 149.78], [37.42143913, 55.80420015, 149.818], [37.42140025, 55.80420511, 149.858], [37.4213614, 55.80421015, 149.897], [37.42132252, 55.80421511, 149.932], [37.42128361, 55.80422, 149.971], [37.42124471, 55.80422491, 150.016], [37.42120582, 55.80422986, 150.064], [37.42116687, 55.80423466, 150.106], [37.4211279, 55.80423939, 150.145], [37.42108902, 55.80424436, 150.185], [37.4210502, 55.80424946, 150.231], [37.42101131, 55.80425442, 150.282], [37.42097241, 55.80425932, 150.329], [37.42093351, 55.80426425, 150.367], [37.42089459, 55.80426911, 150.396], [37.42085567, 55.80427396, 150.423], [37.4208168, 55.80427896, 150.455], [37.42077792, 55.80428393, 150.489], [37.42073902, 55.80428885, 150.524], [37.42070013, 55.80429378, 150.561], [37.42066121, 55.80429865, 150.601], [37.42062229, 55.8043035, 150.641], [37.42058337, 55.80430839, 150.68], [37.42054447, 55.8043133, 150.717], [37.42050557, 55.8043182, 150.753], [37.42046666, 55.8043231, 150.788], [37.42042776, 55.80432802, 150.82], [37.42038889, 55.804333, 150.85], [37.42034998, 55.8043379, 150.878], [37.42031098, 55.80434256, 150.905], [37.42027205, 55.80434739, 150.934], [37.4202332, 55.80435244, 150.964], [37.42019426, 55.80435724, 150.996], [37.42015533, 55.80436208, 151.031], [37.42011656, 55.80436731, 151.067], [37.4200777, 55.80437233, 151.102], [37.42003867, 55.8043769, 151.135], [37.41999965, 55.80438151, 151.167], [37.4199608, 55.80438653, 151.197], [37.41992199, 55.80439168, 151.23], [37.41988309, 55.8043966, 151.27], [37.41984418, 55.80440148, 151.315], [37.41980531, 55.80440647, 151.36], [37.41976644, 55.80441147, 151.4], [37.41972752, 55.80441633, 151.437], [37.41968854, 55.80442104, 151.474], [37.41964956, 55.80442576, 151.513], [37.41961064, 55.80443063, 151.55], [37.41957176, 55.80443558, 151.583], [37.41953288, 55.80444056, 151.616], [37.41949401, 55.80444555, 151.654], [37.41945513, 55.8044505, 151.696], [37.41941624, 55.80445546, 151.739], [37.41937738, 55.80446047, 151.779], [37.4193385, 55.80446544, 151.816], [37.41929956, 55.80447024, 151.85], [37.41926057, 55.80447495, 151.884], [37.41922163, 55.80447975, 151.917], [37.41918277, 55.80448477, 151.948], [37.41914397, 55.80448993, 151.977], [37.41910516, 55.80449507, 152.008], [37.4190663, 55.80450007, 152.042], [37.41902737, 55.80450492, 152.079], [37.41898839, 55.80450963, 152.112], [37.41894942, 55.80451437, 152.137], [37.41891053, 55.8045193, 152.16], [37.41887165, 55.80452428, 152.187], [37.41883274, 55.80452918, 152.219], [37.41879383, 55.80453406, 152.253], [37.41875494, 55.80453901, 152.288], [37.41871608, 55.80454401, 152.325], [37.41867721, 55.80454901, 152.364], [37.41863832, 55.80455395, 152.402], [37.41859939, 55.80455878, 152.438], [37.41856047, 55.80456365, 152.472], [37.41852158, 55.80456859, 152.504], [37.41848271, 55.80457359, 152.536], [37.41844389, 55.8045787, 152.568], [37.41840506, 55.8045838, 152.601], [37.41836617, 55.80458873, 152.633], [37.41832722, 55.80459353, 152.666], [37.41828828, 55.80459834, 152.701], [37.41824937, 55.80460322, 152.739], [37.41821044, 55.80460807, 152.774], [37.41817151, 55.8046129, 152.805], [37.41813265, 55.80461791, 152.835], [37.41809386, 55.8046231, 152.867], [37.41805505, 55.80462825, 152.901], [37.41801619, 55.80463326, 152.937], [37.41797729, 55.80463818, 152.973], [37.41793839, 55.80464309, 153.011], [37.41789951, 55.80464807, 153.052], [37.41786066, 55.8046531, 153.089], [37.41782179, 55.8046581, 153.123], [37.4177829, 55.80466303, 153.157], [37.41774401, 55.80466798, 153.192], [37.41770515, 55.804673, 153.227], [37.41766628, 55.80467797, 153.259], [37.41762737, 55.80468287, 153.289], [37.41758848, 55.80468782, 153.319], [37.41754964, 55.80469288, 153.353], [37.41751082, 55.80469799, 153.389], [37.41747198, 55.80470306, 153.422], [37.41743311, 55.80470806, 153.449], [37.41739423, 55.80471301, 153.47], [37.41735533, 55.80471793, 153.493], [37.41731649, 55.80472299, 153.519], [37.41727771, 55.8047282, 153.546], [37.41723892, 55.8047334, 153.57], [37.41720012, 55.80473856, 153.594], [37.4171613, 55.80474367, 153.618], [37.41712246, 55.80474875, 153.645], [37.41708362, 55.80475381, 153.669], [37.41704479, 55.80475889, 153.69], [37.41700598, 55.80476402, 153.708], [37.41696719, 55.8047692, 153.726], [37.41692842, 55.80477443, 153.745], [37.41688965, 55.80477969, 153.766], [37.41685089, 55.80478494, 153.788], [37.41681214, 55.80479022, 153.809], [37.41677339, 55.8047955, 153.834], [37.41673465, 55.8048008, 153.861], [37.41669595, 55.80480619, 153.888], [37.4166573, 55.80481168, 153.909], [37.41661864, 55.80481718, 153.927], [37.41657995, 55.8048226, 153.945], [37.41654121, 55.80482791, 153.97], [37.41650243, 55.80483312, 154.0], [37.41646368, 55.80483839, 154.031], [37.41642502, 55.80484387, 154.06], [37.4163864, 55.80484945, 154.087], [37.41634777, 55.80485501, 154.113], [37.41630913, 55.80486054, 154.138], [37.41627043, 55.80486593, 154.163], [37.41623163, 55.80487109, 154.19], [37.4161928, 55.80487618, 154.227], [37.41615399, 55.8048813, 154.272], [37.41611518, 55.80488645, 154.315], [37.41607644, 55.80489176, 154.347], [37.4160378, 55.80489729, 154.374], [37.41599921, 55.80490292, 154.399], [37.41596064, 55.8049086, 154.428], [37.41592209, 55.80491432, 154.458], [37.41588347, 55.8049199, 154.49], [37.41584476, 55.80492526, 154.526], [37.41580601, 55.80493054, 154.568], [37.41576725, 55.80493582, 154.618], [37.41572854, 55.80494117, 154.673], [37.41568985, 55.80494661, 154.73], [37.41565117, 55.80495203, 154.781], [37.41561247, 55.80495744, 154.822], [37.41557379, 55.80496287, 154.858], [37.4155351, 55.80496828, 154.903], [37.41549638, 55.80497364, 154.954], [37.4154576, 55.80497886, 155.003], [37.41541878, 55.80498397, 155.046], [37.41538002, 55.80498921, 155.085], [37.41534137, 55.80499472, 155.121], [37.41530277, 55.80500034, 155.155], [37.41526411, 55.80500583, 155.189], [37.41522539, 55.80501117, 155.223], [37.41518665, 55.80501649, 155.257], [37.41514793, 55.80502182, 155.29], [37.41510921, 55.80502717, 155.32], [37.41507051, 55.80503257, 155.347], [37.41503182, 55.80503799, 155.374], [37.41499311, 55.80504335, 155.402], [37.41495437, 55.80504867, 155.432], [37.41491562, 55.80505395, 155.46], [37.41487684, 55.80505916, 155.485], [37.41483808, 55.80506442, 155.51], [37.4147994, 55.80506986, 155.537], [37.41476071, 55.80507527, 155.566], [37.41472196, 55.80508056, 155.594], [37.41468323, 55.80508588, 155.62], [37.41464452, 55.80509124, 155.649], [37.41460579, 55.80509656, 155.681], [37.41456708, 55.80510195, 155.713], [37.41452842, 55.80510743, 155.743], [37.41448972, 55.80511282, 155.771], [37.41445098, 55.80511813, 155.801], [37.41441226, 55.80512348, 155.835], [37.41437352, 55.80512878, 155.87], [37.41433479, 55.8051341, 155.902], [37.41429611, 55.80513954, 155.928], [37.41425741, 55.80514494, 155.95], [37.41421869, 55.80515028, 155.971], [37.41417998, 55.80515567, 155.993], [37.41414128, 55.80516107, 156.015], [37.41410258, 55.80516646, 156.038], [37.41406389, 55.80517187, 156.062], [37.41402521, 55.80517731, 156.09], [37.41398648, 55.80518264, 156.121], [37.41394769, 55.80518783, 156.15], [37.41390895, 55.80519313, 156.174], [37.41387025, 55.80519852, 156.2], [37.41383151, 55.80520382, 156.23], [37.41379274, 55.80520907, 156.262], [37.41375399, 55.80521434, 156.289], [37.41371524, 55.80521962, 156.31], [37.41367648, 55.80522487, 156.329], [37.41363777, 55.80523025, 156.35], [37.41359911, 55.80523574, 156.375], [37.41356042, 55.80524116, 156.4], [37.41352172, 55.80524655, 156.426], [37.41348305, 55.80525202, 156.456], [37.41344435, 55.80525741, 156.493], [37.41340556, 55.80526259, 156.532], [37.41336677, 55.80526778, 156.567], [37.41332808, 55.8052732, 156.598], [37.41328942, 55.80527869, 156.627], [37.41325068, 55.80528398, 156.656], [37.41321191, 55.80528922, 156.686], [37.41317321, 55.80529463, 156.714], [37.41313455, 55.80530011, 156.74], [37.41309585, 55.80530549, 156.769], [37.41305711, 55.8053108, 156.802], [37.41301839, 55.80531615, 156.835], [37.4129797, 55.80532157, 156.863], [37.41294104, 55.80532704, 156.886], [37.41290236, 55.80533251, 156.909], [37.41286367, 55.80533792, 156.938], [37.41282494, 55.80534325, 156.971], [37.41278619, 55.80534851, 157.002], [37.41274745, 55.80535381, 157.029], [37.41270876, 55.80535925, 157.058], [37.41267008, 55.80536468, 157.096], [37.41263136, 55.80537004, 157.138], [37.41259263, 55.80537536, 157.177], [37.4125539, 55.80538069, 157.21], [37.41251518, 55.80538603, 157.244], [37.41247648, 55.80539144, 157.282], [37.41243779, 55.80539685, 157.324], [37.41239907, 55.80540221, 157.364], [37.41236036, 55.80540758, 157.398], [37.41232169, 55.80541304, 157.427], [37.41228299, 55.80541844, 157.455], [37.41224424, 55.80542372, 157.484], [37.41220552, 55.80542906, 157.514], [37.41216681, 55.80543445, 157.545], [37.41212806, 55.80543972, 157.575], [37.41208929, 55.80544495, 157.604], [37.41205055, 55.80545026, 157.631], [37.41201183, 55.80545561, 157.657], [37.41197313, 55.805461, 157.683], [37.41193445, 55.80546644, 157.711], [37.41189576, 55.80547187, 157.74], [37.41185702, 55.80547717, 157.768], [37.41181824, 55.80548238, 157.79], [37.4117795, 55.80548769, 157.807], [37.41174079, 55.80549305, 157.825], [37.41170205, 55.80549837, 157.847], [37.41166331, 55.80550367, 157.872], [37.41162458, 55.80550899, 157.898], [37.41158584, 55.80551431, 157.928], [37.41154712, 55.80551964, 157.961], [37.4115084, 55.80552499, 157.994], [37.41146968, 55.80553035, 158.02], [37.41143097, 55.80553572, 158.042], [37.41139231, 55.80554121, 158.067], [37.41135378, 55.80554697, 158.107], [37.41131539, 55.80555302, 158.165], [37.41127687, 55.80555882, 158.236], [37.41123795, 55.80556368, 158.309], [37.41119863, 55.80556738, 158.372], [37.41115902, 55.80556989, 158.425], [37.41111925, 55.80557142, 158.47], [37.4110794, 55.80557187, 158.514], [37.41103956, 55.80557102, 158.56], [37.41099984, 55.8055691, 158.61], [37.41096019, 55.80556676, 158.66], [37.41092062, 55.80556404, 158.708], [37.41088127, 55.80556045, 158.755], [37.41084245, 55.80555537, 158.796], [37.4108047, 55.8055482, 158.832], [37.41076878, 55.80553849, 158.871], [37.41073465, 55.8055269, 158.92], [37.41070154, 55.80551439, 158.977], [37.41066851, 55.80550181, 159.03], [37.4106351, 55.80548956, 159.064], [37.41060194, 55.8054771, 159.081], [37.41057015, 55.80546356, 159.093], [37.41053996, 55.8054489, 159.112], [37.41051111, 55.80543341, 159.141], [37.41048351, 55.8054172, 159.175], [37.41045721, 55.80540033, 159.206], [37.41043216, 55.80538287, 159.233], [37.41040847, 55.80536481, 159.26], [37.41038625, 55.80534617, 159.29], [37.41036574, 55.80532692, 159.315], [37.41034747, 55.80530697, 159.327], [37.41033166, 55.80528636, 159.328], [37.41031713, 55.80526545, 159.332], [37.41030279, 55.8052445, 159.35], [37.41028834, 55.80522357, 159.386], [37.41027365, 55.8052027, 159.44], [37.41025882, 55.80518185, 159.508], [37.41024413, 55.80516098, 159.586], [37.41022968, 55.80514005, 159.67], [37.41021536, 55.8051191, 159.755], [37.41020099, 55.80509815, 159.841], [37.41018639, 55.80507726, 159.926], [37.41017165, 55.8050564, 160.006], [37.41015711, 55.80503549, 160.079], [37.41014287, 55.80501452, 160.15], [37.41012882, 55.8049935, 160.231], [37.41011484, 55.80497247, 160.331], [37.41010072, 55.80495148, 160.441], [37.41008642, 55.80493052, 160.548], [37.41007209, 55.80490956, 160.64], [37.41005776, 55.80488861, 160.719], [37.41004337, 55.80486767, 160.793], [37.41002911, 55.8048467, 160.869], [37.41001511, 55.80482568, 160.947], [37.41000109, 55.80480466, 161.03], [37.40998692, 55.80478367, 161.114], [37.40997273, 55.80476269, 161.2], [37.40995852, 55.80474171, 161.284], [37.40994423, 55.80472075, 161.367], [37.40992992, 55.80469979, 161.451], [37.40991566, 55.80467882, 161.539], [37.40990148, 55.80465783, 161.628], [37.4098875, 55.80463681, 161.717], [37.40987361, 55.80461576, 161.804], [37.40985955, 55.80459475, 161.888], [37.40984526, 55.80457379, 161.97], [37.40983087, 55.80455285, 162.055], [37.40981651, 55.8045319, 162.144], [37.40980227, 55.80451093, 162.235], [37.40978825, 55.80448991, 162.327], [37.40977445, 55.80446884, 162.417], [37.40976058, 55.80444779, 162.506], [37.40974635, 55.80442681, 162.595], [37.40973191, 55.80440589, 162.685], [37.40971752, 55.80438495, 162.776], [37.40970325, 55.80436398, 162.866], [37.40968916, 55.80434297, 162.954], [37.40967526, 55.80432193, 163.043], [37.40966129, 55.8043009, 163.136], [37.40964706, 55.80427993, 163.233], [37.4096327, 55.80425898, 163.333], [37.40961847, 55.80423801, 163.434], [37.40960443, 55.80421699, 163.533], [37.40959052, 55.80419595, 163.63], [37.40957646, 55.80417493, 163.726], [37.40956208, 55.80415399, 163.824], [37.40954767, 55.80413306, 163.922], [37.40953343, 55.80411208, 164.021], [37.40951929, 55.80409109, 164.119], [37.40950529, 55.80407007, 164.214], [37.40949136, 55.80404903, 164.309], [37.40947732, 55.80402801, 164.41], [37.40946313, 55.80400703, 164.516], [37.4094489, 55.80398606, 164.62], [37.40943469, 55.80396508, 164.722], [37.40942048, 55.8039441, 164.823], [37.40940627, 55.80392312, 164.926], [37.40939213, 55.80390212, 165.032], [37.40937811, 55.8038811, 165.138], [37.40936413, 55.80386008, 165.241], [37.40935006, 55.80383907, 165.342], [37.40933586, 55.80381809, 165.441], [37.40932162, 55.80379711, 165.536], [37.40930744, 55.80377613, 165.631], [37.40929328, 55.80375514, 165.729], [37.40927901, 55.80373417, 165.833], [37.40926468, 55.80371322, 165.939], [37.40925047, 55.80369224, 166.042], [37.40923638, 55.80367123, 166.142], [37.40922228, 55.80365023, 166.238], [37.409208, 55.80362927, 166.33], [37.40919358, 55.80360834, 166.423], [37.40917915, 55.8035874, 166.518], [37.40916483, 55.80356645, 166.616], [37.40915071, 55.80354545, 166.715], [37.40913678, 55.80352441, 166.815], [37.40912278, 55.80350339, 166.914], [37.40910855, 55.80348241, 167.009], [37.40909424, 55.80346145, 167.098], [37.40908006, 55.80344047, 167.184], [37.40906589, 55.80341948, 167.269], [37.40905163, 55.80339852, 167.354], [37.40903738, 55.80337754, 167.438], [37.40902301, 55.8033566, 167.522], [37.40900845, 55.8033357, 167.604], [37.408994, 55.80331477, 167.684], [37.40897968, 55.80329382, 167.764], [37.40896544, 55.80327284, 167.846], [37.40895132, 55.80325184, 167.927], [37.40893714, 55.80323086, 168.006], [37.4089228, 55.80320991, 168.084], [37.40890842, 55.80318896, 168.161], [37.40889408, 55.80316801, 168.238], [37.40887976, 55.80314706, 168.314], [37.40886552, 55.80312609, 168.393], [37.40885129, 55.80310511, 168.473], [37.40883691, 55.80308417, 168.555], [37.40882247, 55.80306324, 168.637], [37.40880822, 55.80304227, 168.716], [37.40879414, 55.80302126, 168.791], [37.40877998, 55.80300028, 168.86], [37.40876566, 55.80297932, 168.922], [37.4087512, 55.80295839, 168.979], [37.40873671, 55.80293748, 169.037], [37.40872241, 55.80291652, 169.098], [37.40870827, 55.80289552, 169.164], [37.40869408, 55.80287454, 169.227], [37.40867978, 55.80285358, 169.285], [37.4086653, 55.80283266, 169.343], [37.40865081, 55.80281174, 169.411], [37.40863644, 55.8027908, 169.485], [37.40862207, 55.80276985, 169.56], [37.40860764, 55.80274892, 169.631], [37.40859342, 55.80272795, 169.695], [37.40857935, 55.80270694, 169.753], [37.40856503, 55.80268598, 169.811], [37.40855046, 55.80266508, 169.873], [37.40853595, 55.80264417, 169.934], [37.40852165, 55.80262321, 169.988], [37.4085074, 55.80260224, 170.036], [37.40849308, 55.80258128, 170.084], [37.40847871, 55.80256034, 170.14], [37.40846429, 55.8025394, 170.2], [37.40844983, 55.80251848, 170.262], [37.40843537, 55.80249756, 170.321], [37.40842087, 55.80247664, 170.38], [37.40840641, 55.80245572, 170.436], [37.40839209, 55.80243476, 170.49], [37.40837792, 55.80241377, 170.536], [37.40836371, 55.80239279, 170.579], [37.40834931, 55.80237186, 170.622], [37.40833476, 55.80235095, 170.67], [37.40832019, 55.80233005, 170.72], [37.40830564, 55.80230914, 170.771], [37.40829117, 55.80228822, 170.819], [37.40827681, 55.80226728, 170.859], [37.40826254, 55.80224631, 170.894], [37.40824818, 55.80222536, 170.93], [37.40823364, 55.80220446, 170.971], [37.40821907, 55.80218356, 171.016], [37.40820457, 55.80216264, 171.056], [37.40819006, 55.80214173, 171.088], [37.40817548, 55.80212083, 171.112], [37.4081609, 55.80209993, 171.132], [37.40814641, 55.80207901, 171.152], [37.40813213, 55.80205805, 171.172], [37.40811798, 55.80203706, 171.191], [37.40810372, 55.80201609, 171.211], [37.40808926, 55.80199516, 171.23], [37.4080747, 55.80197426, 171.248], [37.40806022, 55.80195334, 171.267], [37.40804585, 55.8019324, 171.286], [37.40803156, 55.80191144, 171.305], [37.40801726, 55.80189048, 171.323], [37.4080028, 55.80186955, 171.342], [37.40798823, 55.80184865, 171.361], [37.40797367, 55.80182775, 171.38], [37.40795912, 55.80180684, 171.395], [37.40794463, 55.80178593, 171.406], [37.40793032, 55.80176497, 171.415], [37.40791617, 55.80174398, 171.424], [37.40790188, 55.80172301, 171.434], [37.40788735, 55.80170211, 171.443], [37.40787279, 55.8016812, 171.45], [37.40785818, 55.80166031, 171.454], [37.40784357, 55.80163942, 171.459], [37.40782906, 55.80161851, 171.466], [37.40781461, 55.80159758, 171.476], [37.4078001, 55.80157667, 171.486], [37.40778553, 55.80155577, 171.493], [37.40777093, 55.80153487, 171.498], [37.4077564, 55.80151396, 171.501], [37.40774199, 55.80149303, 171.506], [37.40772766, 55.80147208, 171.512], [37.40771333, 55.80145112, 171.522], [37.40769899, 55.80143017, 171.534], [37.40768461, 55.80140923, 171.547], [37.40767014, 55.80138831, 171.56], [37.40765564, 55.80136739, 171.572], [37.40764109, 55.80134649, 171.585], [37.40762648, 55.8013256, 171.598], [37.40761192, 55.80130469, 171.611], [37.40759744, 55.80128377, 171.623], [37.40758292, 55.80126286, 171.633], [37.40756842, 55.80124194, 171.641], [37.40755404, 55.801221, 171.649], [37.40753961, 55.80120007, 171.656], [37.40752507, 55.80117916, 171.666], [37.40751053, 55.80115826, 171.677], [37.40749607, 55.80113733, 171.692], [37.40748174, 55.80111638, 171.709], [37.40746739, 55.80109543, 171.725], [37.4074528, 55.80107453, 171.739], [37.40743813, 55.80105366, 171.752], [37.40742359, 55.80103275, 171.765], [37.4074092, 55.80101181, 171.778], [37.4073949, 55.80099085, 171.792], [37.40738055, 55.8009699, 171.803], [37.407366, 55.800949, 171.812], [37.40735128, 55.80092813, 171.821], [37.4073366, 55.80090725, 171.831], [37.40732208, 55.80088635, 171.842], [37.40730768, 55.80086541, 171.853], [37.4072933, 55.80084446, 171.865], [37.40727885, 55.80082354, 171.878], [37.40726434, 55.80080262, 171.891], [37.40724978, 55.80078172, 171.904], [37.40723521, 55.80076082, 171.917], [37.40722071, 55.80073991, 171.931], [37.4072063, 55.80071897, 171.945], [37.40719188, 55.80069804, 171.959], [37.40717733, 55.80067713, 171.973], [37.40716278, 55.80065623, 171.988], [37.4071484, 55.80063528, 172.006], [37.40713409, 55.80061433, 172.026], [37.40711962, 55.80059341, 172.047], [37.40710499, 55.80057252, 172.062], [37.40709042, 55.80055162, 172.073], [37.40707595, 55.80053069, 172.082], [37.40706142, 55.80050979, 172.09], [37.40704685, 55.80048889, 172.096], [37.40703239, 55.80046796, 172.102], [37.40701802, 55.80044702, 172.11], [37.40700372, 55.80042606, 172.122], [37.40698955, 55.80040507, 172.133], [37.40697547, 55.80038407, 172.141], [37.4069614, 55.80036306, 172.147], [37.4069473, 55.80034206, 172.151], [37.40693273, 55.80032115, 172.156], [37.40691728, 55.80030045, 172.159], [37.40690111, 55.80027993, 172.157], [37.40688435, 55.80025956, 172.153], [37.40686696, 55.80023936, 172.152], [37.40684893, 55.80021933, 172.156], [37.40683036, 55.80019946, 172.164], [37.40681125, 55.80017976, 172.175], [37.4067914, 55.80016029, 172.185], [37.4067707, 55.8001411, 172.195], [37.40674919, 55.80012219, 172.202], [37.40672698, 55.80010355, 172.206], [37.40670418, 55.80008513, 172.208], [37.40668063, 55.80006702, 172.211], [37.40665636, 55.8000492, 172.214], [37.40663162, 55.8000316, 172.217], [37.40660653, 55.80001415, 172.219], [37.40658091, 55.79999695, 172.221], [37.40655471, 55.79998002, 172.225], [37.40652818, 55.79996327, 172.23], [37.40650141, 55.79994663, 172.235], [37.40647434, 55.79993015, 172.238], [37.40644688, 55.79991387, 172.239], [37.40641891, 55.79989787, 172.243], [37.40639046, 55.79988215, 172.248], [37.4063616, 55.79986665, 172.255], [37.40633242, 55.79985136, 172.262], [37.40630288, 55.79983628, 172.268], [37.4062731, 55.79982135, 172.276], [37.40624319, 55.79980651, 172.282], [37.40621309, 55.79979179, 172.288], [37.40618271, 55.79977726, 172.29], [37.40615186, 55.79976303, 172.292], [37.40612043, 55.79974922, 172.296], [37.40608862, 55.7997357, 172.306], [37.40605653, 55.79972237, 172.32], [37.40602425, 55.7997092, 172.337], [37.40599189, 55.79969609, 172.358], [37.40595916, 55.79968327, 172.38], [37.40592602, 55.79967079, 172.398], [37.40589273, 55.79965844, 172.407], [37.40585912, 55.79964637, 172.406], [37.40582503, 55.79963473, 172.4], [37.40579048, 55.79962353, 172.396], [37.40575569, 55.79961257, 172.397], [37.40572078, 55.79960174, 172.401], [37.40568562, 55.79959116, 172.408], [37.40565011, 55.79958096, 172.417], [37.40561428, 55.79957112, 172.431], [37.4055781, 55.79956169, 172.448], [37.40554166, 55.79955259, 172.464], [37.40550502, 55.79954374, 172.476], [37.40546824, 55.79953509, 172.485], [37.40543129, 55.79952667, 172.492], [37.40539415, 55.79951851, 172.501], [37.40535683, 55.79951062, 172.512], [37.40531931, 55.79950303, 172.525], [37.40528156, 55.79949584, 172.537], [37.40524347, 55.7994892, 172.548], [37.40520513, 55.79948306, 172.557], [37.40516665, 55.79947721, 172.561], [37.40512805, 55.79947159, 172.565], [37.40508934, 55.79946625, 172.571], [37.40505046, 55.79946128, 172.582], [37.40501142, 55.79945676, 172.596], [37.40497222, 55.79945269, 172.611], [37.40493289, 55.79944901, 172.626], [37.40489349, 55.79944564, 172.643], [37.40485401, 55.7994425, 172.662], [37.40481453, 55.79943943, 172.679], [37.40477505, 55.79943631, 172.691], [37.4047356, 55.79943309, 172.7], [37.40469617, 55.79942978, 172.707], [37.40465676, 55.79942644, 172.714], [37.40461733, 55.79942312, 172.725], [37.4045779, 55.79941984, 172.738], [37.40453846, 55.79941659, 172.751], [37.40449901, 55.79941334, 172.761], [37.40445956, 55.79941012, 172.77], [37.4044201, 55.79940694, 172.78], [37.40438065, 55.79940375, 172.791], [37.4043412, 55.79940051, 172.801], [37.40430176, 55.79939724, 172.809], [37.40426232, 55.799394, 172.816], [37.40422287, 55.79939079, 172.822], [37.40418342, 55.79938757, 172.829], [37.40414397, 55.79938432, 172.836], [37.40410454, 55.79938104, 172.845], [37.40406511, 55.79937774, 172.856], [37.40402567, 55.79937447, 172.868], [37.40398623, 55.79937122, 172.881], [37.40394679, 55.79936795, 172.894], [37.40390736, 55.79936468, 172.906], [37.4038679, 55.79936147, 172.921], [37.40382844, 55.79935831, 172.937], [37.40378898, 55.79935513, 172.952], [37.40374953, 55.79935191, 172.966], [37.40371009, 55.79934866, 172.982], [37.40367064, 55.79934542, 172.999], [37.40363119, 55.7993422, 173.016], [37.40359174, 55.799339, 173.034], [37.40355229, 55.79933577, 173.052], [37.40351286, 55.79933249, 173.07], [37.40347342, 55.79932921, 173.091], [37.40343398, 55.79932595, 173.113], [37.40339453, 55.79932272, 173.136], [37.40335507, 55.79931956, 173.158], [37.4033156, 55.79931644, 173.179], [37.40327613, 55.79931326, 173.196], [37.40323668, 55.79931004, 173.209], [37.40319723, 55.79930684, 173.22], [37.40315776, 55.79930371, 173.231], [37.4031183, 55.79930053, 173.245], [37.40307886, 55.79929724, 173.26], [37.40303944, 55.79929394, 173.276], [37.40299996, 55.79929081, 173.292], [37.40296048, 55.79928774, 173.306], [37.40292101, 55.79928458, 173.32], [37.40288156, 55.79928135, 173.332], [37.40284212, 55.79927812, 173.348], [37.40280267, 55.79927488, 173.368], [37.40276323, 55.79927163, 173.389], [37.40272379, 55.79926836, 173.406], [37.40268434, 55.79926514, 173.419], [37.40264486, 55.79926204, 173.431], [37.40260539, 55.79925892, 173.445], [37.40256594, 55.79925568, 173.461], [37.40252651, 55.7992524, 173.479], [37.40248708, 55.79924912, 173.495], [37.40244763, 55.79924586, 173.508], [37.40240818, 55.79924266, 173.519], [37.40236872, 55.79923948, 173.531], [37.40232928, 55.79923622, 173.544], [37.40228986, 55.79923288, 173.56], [37.40225041, 55.79922965, 173.577], [37.40221094, 55.79922653, 173.594], [37.40217147, 55.79922337, 173.612], [37.40213201, 55.79922022, 173.629], [37.40209253, 55.79921709, 173.642], [37.40205309, 55.79921384, 173.654], [37.40201367, 55.79921052, 173.668], [37.40197422, 55.79920731, 173.685], [37.40193474, 55.79920419, 173.707], [37.40189526, 55.7992011, 173.728], [37.40185579, 55.79919797, 173.746], [37.40181635, 55.79919469, 173.76], [37.40177694, 55.79919132, 173.772], [37.40173751, 55.79918802, 173.787], [37.40169804, 55.7991849, 173.805], [37.40165854, 55.79918186, 173.823], [37.40161907, 55.79917874, 173.839], [37.40157961, 55.79917556, 173.857], [37.40154016, 55.79917232, 173.877], [37.40150073, 55.79916903, 173.899], [37.4014613, 55.79916574, 173.92], [37.40142185, 55.79916254, 173.939], [37.40138237, 55.79915943, 173.959], [37.40134289, 55.79915631, 173.979], [37.40130344, 55.79915311, 174.002], [37.401264, 55.79914983, 174.026], [37.40122458, 55.79914653, 174.048], [37.40118512, 55.79914334, 174.065], [37.40114561, 55.79914033, 174.077], [37.40110611, 55.79913735, 174.09], [37.40106664, 55.79913421, 174.105], [37.40102721, 55.79913089, 174.124], [37.40098781, 55.79912748, 174.145], [37.40094839, 55.79912416, 174.17], [37.40090892, 55.79912104, 174.194], [37.40086941, 55.79911805, 174.216], [37.4008299, 55.79911506, 174.236], [37.40079042, 55.79911196, 174.256], [37.40075098, 55.79910872, 174.277], [37.40071158, 55.79910531, 174.296], [37.4006722, 55.79910181, 174.313], [37.40063279, 55.79909847, 174.332], [37.40059331, 55.79909535, 174.356], [37.40055381, 55.79909233, 174.384], [37.40051432, 55.79908929, 174.409], [37.40047484, 55.79908619, 174.427], [37.40043538, 55.799083, 174.442], [37.40039595, 55.79907971, 174.458], [37.40035652, 55.7990764, 174.476], [37.40031709, 55.79907312, 174.494], [37.40027765, 55.79906985, 174.512], [37.40023821, 55.79906661, 174.531], [37.40019875, 55.79906342, 174.553], [37.40015928, 55.79906028, 174.575], [37.40011982, 55.79905712, 174.594], [37.40008037, 55.79905389, 174.613], [37.40004093, 55.79905064, 174.635], [37.40000147, 55.79904744, 174.66], [37.39996201, 55.79904428, 174.687], [37.39992255, 55.79904111, 174.715], [37.39988309, 55.79903789, 174.74], [37.39984366, 55.79903462, 174.766], [37.39980422, 55.79903136, 174.796], [37.39976477, 55.79902814, 174.832], [37.39972531, 55.79902496, 174.867], [37.39968585, 55.7990218, 174.893], [37.39964639, 55.7990186, 174.914], [37.39960696, 55.79901532, 174.934], [37.39956753, 55.79901202, 174.959], [37.39952807, 55.79900883, 174.987], [37.39948858, 55.79900578, 175.014], [37.3994491, 55.79900268, 175.04], [37.39940966, 55.79899944, 175.066], [37.39937023, 55.79899613, 175.096], [37.39933081, 55.7989928, 175.126], [37.39929138, 55.79898951, 175.151], [37.39925191, 55.79898636, 175.17], [37.3992124, 55.79898337, 175.188], [37.39917289, 55.79898042, 175.208], [37.39913337, 55.79897747, 175.229], [37.39909384, 55.79897458, 175.25], [37.39905428, 55.79897182, 175.27], [37.39901468, 55.79896926, 175.294], [37.39897505, 55.79896685, 175.324], [37.3989354, 55.79896455, 175.357], [37.39889571, 55.79896247, 175.385], [37.39885597, 55.79896071, 175.403], [37.39881619, 55.79895924, 175.414], [37.39877639, 55.79895803, 175.421], [37.39873657, 55.79895707, 175.431], [37.39869673, 55.7989563, 175.446], [37.39865688, 55.79895563, 175.463], [37.39861704, 55.79895506, 175.482], [37.39857718, 55.7989546, 175.503], [37.39853733, 55.79895421, 175.526], [37.39849747, 55.79895382, 175.552], [37.39845761, 55.7989535, 175.58], [37.39841775, 55.79895342, 175.609], [37.39837789, 55.79895355, 175.641], [37.39833803, 55.79895377, 175.674], [37.39829818, 55.79895417, 175.705], [37.39825833, 55.79895484, 175.731], [37.39821851, 55.79895578, 175.753], [37.3981787, 55.79895693, 175.771], [37.3981389, 55.79895818, 175.79], [37.39809911, 55.79895951, 175.809], [37.39805933, 55.79896093, 175.828], [37.39801959, 55.79896269, 175.846], [37.39797991, 55.79896485, 175.865], [37.39794026, 55.79896716, 175.882], [37.39790061, 55.79896944, 175.898], [37.39786098, 55.79897185, 175.91], [37.39782144, 55.79897472, 175.918], [37.397782, 55.79897795, 175.923], [37.39774257, 55.79898127, 175.929], [37.39770318, 55.7989847, 175.936], [37.39766383, 55.79898829, 175.947], [37.39762454, 55.7989921, 175.961], [37.39758532, 55.7989961, 175.976], [37.39754616, 55.79900028, 175.992], [37.39750708, 55.79900472, 176.009], [37.39746813, 55.79900949, 176.03], [37.39742931, 55.79901457, 176.054], [37.39739055, 55.79901981, 176.08], [37.39735185, 55.7990252, 176.102], [37.39731325, 55.79903081, 176.122], [37.39727475, 55.79903663, 176.145], [37.39723636, 55.79904267, 176.176], [37.39719803, 55.79904884, 176.211], [37.39715978, 55.79905516, 176.247], [37.39712161, 55.79906163, 176.282], [37.39708352, 55.79906825, 176.311], [37.39704554, 55.79907507, 176.333], [37.39700772, 55.79908216, 176.347], [37.39697003, 55.79908946, 176.355], [37.39693242, 55.7990969, 176.358], [37.39689486, 55.79910443, 176.361], [37.39685735, 55.79911202, 176.369], [37.39681996, 55.7991198, 176.389], [37.39678272, 55.79912781, 176.414], [37.3967455, 55.79913585, 176.438], [37.39670827, 55.79914387, 176.457], [37.39667101, 55.79915185, 176.472], [37.39663368, 55.79915973, 176.487], [37.39659635, 55.7991676, 176.501], [37.39655907, 55.79917556, 176.513], [37.39652182, 55.79918354, 176.524], [37.39648452, 55.79919147, 176.534], [37.39644723, 55.7991994, 176.544], [37.39640996, 55.79920737, 176.556], [37.3963727, 55.79921535, 176.57], [37.39633546, 55.79922336, 176.584], [37.39629824, 55.7992314, 176.595], [37.39626098, 55.79923937, 176.603], [37.39622368, 55.7992473, 176.609], [37.39618642, 55.79925528, 176.615], [37.39614917, 55.79926327, 176.622], [37.39611189, 55.79927121, 176.631], [37.39607457, 55.7992791, 176.641], [37.39603723, 55.79928697, 176.651], [37.39599989, 55.79929483, 176.663], [37.39596256, 55.79930271, 176.675], [37.39592527, 55.79931063, 176.688], [37.39588801, 55.79931861, 176.7], [37.39585077, 55.79932662, 176.709], [37.3958135, 55.79933459, 176.717], [37.39577619, 55.79934249, 176.724], [37.39573886, 55.79935037, 176.73], [37.39570155, 55.79935828, 176.735], [37.39566426, 55.79936621, 176.737], [37.39562695, 55.79937411, 176.735], [37.39558961, 55.79938197, 176.732], [37.3955523, 55.79938987, 176.73], [37.39551502, 55.79939783, 176.73], [37.39547777, 55.79940582, 176.73], [37.39544048, 55.79941376, 176.729], [37.39540314, 55.79942161, 176.726], [37.39536579, 55.79942947, 176.721], [37.39532852, 55.79943742, 176.715], [37.39529126, 55.79944541, 176.71], [37.39525398, 55.79945336, 176.707], [37.39521668, 55.79946128, 176.707], [37.3951794, 55.79946923, 176.708], [37.39514215, 55.79947722, 176.708], [37.3951049, 55.79948521, 176.706], [37.39506762, 55.79949316, 176.702], [37.39503031, 55.79950108, 176.695], [37.394993, 55.79950897, 176.688], [37.39495567, 55.79951686, 176.682], [37.39491836, 55.79952475, 176.678], [37.39488106, 55.79953267, 176.674], [37.39484377, 55.79954062, 176.671], [37.3948065, 55.79954857, 176.666], [37.39476922, 55.79955652, 176.66], [37.39473194, 55.79956447, 176.653], [37.39469468, 55.79957245, 176.646], [37.39465743, 55.79958045, 176.642], [37.39462015, 55.7995884, 176.638], [37.39458282, 55.79959627, 176.634], [37.39454552, 55.7996042, 176.63], [37.39450826, 55.79961218, 176.627], [37.39447093, 55.79962006, 176.623], [37.39443353, 55.79962782, 176.618], [37.39439618, 55.79963566, 176.611], [37.39435894, 55.79964367, 176.603], [37.39432174, 55.79965174, 176.593], [37.39428449, 55.79965973, 176.583], [37.39424721, 55.79966769, 176.574], [37.39420997, 55.79967569, 176.565], [37.39417273, 55.79968371, 176.556], [37.39413545, 55.79969165, 176.546], [37.3940981, 55.7996995, 176.535], [37.39406079, 55.7997074, 176.525], [37.39402359, 55.79971547, 176.515], [37.3939864, 55.79972356, 176.504], [37.39394908, 55.79973144, 176.491], [37.39391164, 55.79973915, 176.479], [37.39387422, 55.7997469, 176.468], [37.39383695, 55.79975487, 176.456], [37.39379979, 55.79976299, 176.443], [37.39376259, 55.79977106, 176.43], [37.39372531, 55.799779, 176.419], [37.39368798, 55.79978688, 176.411], [37.39365064, 55.79979474, 176.401], [37.39361335, 55.79980268, 176.387], [37.39357611, 55.79981069, 176.369], [37.39353886, 55.79981868, 176.352], [37.39350156, 55.79982661, 176.337], [37.39346425, 55.79983451, 176.323], [37.39342694, 55.79984242, 176.312], [37.39338961, 55.79985029, 176.304], [37.39335229, 55.79985818, 176.297], [37.39331502, 55.79986615, 176.288], [37.39327779, 55.79987416, 176.277], [37.39324051, 55.79988212, 176.264], [37.39320321, 55.79989004, 176.25], [37.39316594, 55.79989801, 176.234], [37.39312864, 55.79990593, 176.217], [37.39309131, 55.7999138, 176.199], [37.39305398, 55.79992169, 176.183], [37.39301667, 55.79992959, 176.169], [37.39297933, 55.79993745, 176.157], [37.39294202, 55.79994536, 176.148], [37.39290475, 55.79995332, 176.139], [37.39286742, 55.7999612, 176.131], [37.39283006, 55.79996902, 176.119], [37.39279273, 55.79997691, 176.102], [37.39275547, 55.79998488, 176.081], [37.3927182, 55.79999285, 176.06], [37.3926809, 55.80000076, 176.043], [37.3926436, 55.80000869, 176.031], [37.39260631, 55.80001663, 176.019], [37.39256903, 55.80002458, 176.004], [37.39253178, 55.80003258, 175.987], [37.39249448, 55.80004049, 175.972], [37.39245709, 55.80004829, 175.962], [37.39241973, 55.80005611, 175.954], [37.39238244, 55.80006404, 175.946], [37.39234519, 55.80007203, 175.937], [37.39230794, 55.80008004, 175.926], [37.3922707, 55.80008804, 175.913], [37.39223344, 55.80009602, 175.9], [37.39219613, 55.80010393, 175.891], [37.3921588, 55.8001118, 175.886], [37.3921215, 55.80011973, 175.879], [37.39208428, 55.80012777, 175.868], [37.39204706, 55.80013581, 175.852], [37.39200975, 55.80014371, 175.836], [37.39197245, 55.80015164, 175.817], [37.39193524, 55.8001597, 175.796], [37.39189803, 55.80016775, 175.771], [37.39186072, 55.80017565, 175.744], [37.39182333, 55.80018344, 175.713], [37.39178596, 55.80019125, 175.678], [37.39174865, 55.80019915, 175.642], [37.39171136, 55.8002071, 175.606], [37.39167406, 55.80021502, 175.571], [37.39163678, 55.80022296, 175.534], [37.39159949, 55.8002309, 175.494], [37.39156218, 55.8002388, 175.453], [37.39152486, 55.8002467, 175.414], [37.39148757, 55.80025463, 175.378], [37.3914503, 55.80026261, 175.348], [37.39141306, 55.80027062, 175.322], [37.39137581, 55.80027861, 175.3], [37.39133852, 55.80028655, 175.275], [37.39130121, 55.80029446, 175.246], [37.39126395, 55.80030243, 175.212], [37.39122668, 55.80031041, 175.174], [37.39118936, 55.80031829, 175.136], [37.39115196, 55.80032606, 175.099], [37.39111455, 55.80033382, 175.059], [37.3910773, 55.80034182, 175.015], [37.3910403, 55.80035016, 174.969], [37.39100332, 55.80035855, 174.925], [37.39096607, 55.80036654, 174.887], [37.3909284, 55.80037389, 174.859], [37.3908903, 55.80038049, 174.84], [37.39085174, 55.80038617, 174.832], [37.39081277, 55.80039089, 174.83], [37.39077347, 55.80039462, 174.828], [37.39073389, 55.80039731, 174.817], [37.39069414, 55.80039893, 174.79], [37.39065429, 55.80039926, 174.757], [37.39061447, 55.80039828, 174.731], [37.39057473, 55.80039654, 174.714], [37.39053504, 55.80039442, 174.707], [37.39049555, 55.80039139, 174.702], [37.39045657, 55.80038674, 174.695], [37.39041846, 55.80038018, 174.682], [37.39038163, 55.80037161, 174.665], [37.39034637, 55.80036116, 174.649], [37.39031283, 55.80034904, 174.638], [37.39028129, 55.80033532, 174.629], [37.39025184, 55.8003202, 174.621], [37.39022374, 55.80030428, 174.614], [37.39019599, 55.80028816, 174.607], [37.39016848, 55.80027191, 174.597], [37.39014097, 55.80025566, 174.58], [37.39011317, 55.80023956, 174.56], [37.39008527, 55.80022353, 174.539], [37.39005744, 55.80020745, 174.52], [37.39002958, 55.80019139, 174.501], [37.39000173, 55.80017533, 174.482], [37.38997407, 55.80015915, 174.465], [37.3899465, 55.80014294, 174.457], [37.38991858, 55.80012691, 174.458], [37.3898903, 55.80011109, 174.461], [37.3898621, 55.80009521, 174.461], [37.38983416, 55.8000792, 174.459], [37.38980625, 55.80006317, 174.458], [37.38977844, 55.80004708, 174.462], [37.3897509, 55.80003085, 174.469], [37.38972358, 55.8000145, 174.473], [37.38969655, 55.79999799, 174.473], [37.38966962, 55.79998144, 174.471], [37.38964166, 55.79996544, 174.47], [37.38961193, 55.79995049, 174.468], [37.38958051, 55.79993668, 174.466], [37.38954741, 55.79992418, 174.465], [37.38951271, 55.79991314, 174.468], [37.38947677, 55.79990343, 174.474], [37.38944027, 55.79989441, 174.481], [37.38940364, 55.79988556, 174.486], [37.38936678, 55.79987701, 174.486], [37.38932969, 55.79986878, 174.482], [37.3892925, 55.79986069, 174.473], [37.38925525, 55.7998527, 174.464], [37.389218, 55.7998447, 174.454], [37.38918085, 55.79983656, 174.448], [37.38914373, 55.79982837, 174.445], [37.38910652, 55.79982032, 174.447], [37.38906925, 55.79981236, 174.451], [37.38903194, 55.79980445, 174.451], [37.38899459, 55.79979661, 174.444], [37.38895727, 55.79978872, 174.432], [37.38892001, 55.79978074, 174.423], [37.38888278, 55.79977271, 174.42], [37.38884555, 55.79976469, 174.419], [37.38880828, 55.79975672, 174.413], [37.38877096, 55.79974883, 174.4], [37.38873362, 55.79974097, 174.382], [37.38869627, 55.79973313, 174.364], [37.38865893, 55.79972526, 174.348], [37.38862159, 55.7997174, 174.334], [37.38858426, 55.79970954, 174.318], [37.38854692, 55.79970167, 174.294], [37.38850961, 55.79969377, 174.267], [37.38847228, 55.79968589, 174.253], [37.38843481, 55.79967823, 174.257], [37.38839706, 55.79967101, 174.273], [37.38835909, 55.79966418, 174.287], [37.38832121, 55.79965719, 174.292], [37.38828402, 55.79964913, 174.291], [37.38824816, 55.79963934, 174.283], [37.38821394, 55.79962784, 174.268], [37.38818128, 55.79961498, 174.256], [37.38815018, 55.79960094, 174.253], [37.38812119, 55.79958554, 174.263], [37.38809486, 55.79956869, 174.279], [37.38807121, 55.79955063, 174.302], [37.38805006, 55.7995316, 174.334], [37.38803132, 55.79951179, 174.374], [37.3880153, 55.79949124, 174.419], [37.38800264, 55.79946996, 174.465], [37.38799404, 55.79944805, 174.508], [37.38798993, 55.79942573, 174.537], [37.38799057, 55.79940329, 174.547], [37.38799619, 55.79938108, 174.533], [37.38800686, 55.79935947, 174.497], [37.38802241, 55.79933881, 174.448], [37.38804263, 55.79931949, 174.403], [37.38806715, 55.79930181, 174.369], [37.38809541, 55.79928599, 174.343], [37.38812678, 55.79927217, 174.326], [37.3881606, 55.7992603, 174.318], [37.38819627, 55.7992503, 174.313], [37.38823349, 55.7992423, 174.299], [37.38827216, 55.79923695, 174.27], [37.38831183, 55.79923503, 174.234], [37.38835151, 55.7992368, 174.201], [37.3883904, 55.79924167, 174.181], [37.38842824, 55.7992487, 174.173], [37.38846503, 55.79925733, 174.167], [37.38850041, 55.79926765, 174.163], [37.38853372, 55.79927996, 174.16], [37.38856451, 55.7992942, 174.164], [37.38859319, 55.79930979, 174.172], [37.38862077, 55.799326, 174.177], [37.38864801, 55.79934239, 174.176], [37.38867527, 55.79935878, 174.17], [37.3887027, 55.79937507, 174.171], [37.38873034, 55.79939125, 174.181], [37.38875816, 55.79940733, 174.196], [37.38878604, 55.79942338, 174.205], [37.38881383, 55.79943948, 174.207], [37.38884153, 55.79945563, 174.207], [37.38886923, 55.79947177, 174.213], [37.388897, 55.79948788, 174.226], [37.38892484, 55.79950395, 174.243], [37.38895272, 55.79952, 174.259], [37.38898047, 55.79953612, 174.273], [37.38900812, 55.79955229, 174.284], [37.38903581, 55.79956845, 174.295], [37.38906339, 55.79958465, 174.307], [37.38909094, 55.79960088, 174.32], [37.38911867, 55.79961702, 174.333], [37.38914639, 55.79963315, 174.344], [37.38917401, 55.79964934, 174.353], [37.38920173, 55.79966548, 174.364], [37.38922951, 55.79968158, 174.379], [37.38925724, 55.79969771, 174.392], [37.38928504, 55.79971381, 174.4], [37.38931286, 55.79972988, 174.403], [37.38934057, 55.79974602, 174.404], [37.38936832, 55.79976215, 174.406], [37.38939605, 55.79977828, 174.409], [37.38942366, 55.79979447, 174.412], [37.38945125, 55.79981068, 174.415], [37.38947887, 55.79982687, 174.417], [37.3895065, 55.79984305, 174.421], [37.3895342, 55.7998592, 174.425], [37.38956198, 55.7998753, 174.426], [37.38958979, 55.79989139, 174.423], [37.38961767, 55.79990744, 174.419], [37.38964563, 55.79992344, 174.415], [37.38967342, 55.79993954, 174.412], [37.38970103, 55.79995574, 174.411], [37.38972857, 55.79997197, 174.416], [37.38975612, 55.7999882, 174.426], [37.38978378, 55.80000437, 174.434], [37.3898116, 55.80002045, 174.435], [37.38983956, 55.80003645, 174.428], [37.38986743, 55.80005251, 174.421], [37.38989528, 55.80006857, 174.425], [37.38992338, 55.8000845, 174.439], [37.38995133, 55.80010051, 174.458], [37.38997874, 55.80011681, 174.472], [37.39000612, 55.80013313, 174.476], [37.39003396, 55.8001492, 174.476], [37.39006205, 55.80016513, 174.482], [37.39008991, 55.80018119, 174.5], [37.39011742, 55.80019744, 174.528], [37.39014478, 55.80021377, 174.558], [37.39017188, 55.80023024, 174.584], [37.39019847, 55.80024697, 174.601], [37.39022491, 55.80026377, 174.607], [37.39025217, 55.80028015, 174.606], [37.3902813, 55.80029547, 174.605], [37.39031278, 55.80030923, 174.611], [37.39034677, 55.80032092, 174.626], [37.39038283, 55.80033047, 174.649], [37.39041992, 55.8003387, 174.674], [37.39045755, 55.80034609, 174.693], [37.39049582, 55.80035237, 174.703], [37.39053467, 55.80035737, 174.707], [37.39057398, 55.80036108, 174.71], [37.39061358, 55.80036367, 174.714], [37.39065334, 55.80036526, 174.723], [37.39069319, 55.80036563, 174.742], [37.39073302, 55.80036484, 174.772], [37.39077272, 55.80036286, 174.809], [37.39081208, 55.80035933, 174.844], [37.39085088, 55.80035422, 174.869], [37.39088899, 55.80034763, 174.884], [37.39092659, 55.80034018, 174.895], [37.39096404, 55.80033248, 174.912], [37.39100136, 55.80032459, 174.937], [37.39103858, 55.80031656, 174.967], [37.39107579, 55.8003085, 175.0], [37.39111308, 55.80030057, 175.034], [37.39115045, 55.80029275, 175.069], [37.39118784, 55.80028496, 175.101], [37.3912252, 55.80027714, 175.132], [37.39126253, 55.80026926, 175.164], [37.39129981, 55.8002613, 175.199], [37.39133706, 55.80025331, 175.234], [37.39137436, 55.80024538, 175.266], [37.39141165, 55.80023745, 175.296], [37.39144892, 55.80022949, 175.328], [37.39148618, 55.80022151, 175.364], [37.39152343, 55.80021351, 175.403], [37.39156071, 55.80020556, 175.443], [37.39159803, 55.80019766, 175.484], [37.39163534, 55.80018976, 175.528], [37.39167266, 55.80018186, 175.572], [37.39170997, 55.80017397, 175.616], [37.39174732, 55.80016612, 175.657], [37.39178467, 55.80015826, 175.694], [37.39182198, 55.80015037, 175.725], [37.3918593, 55.80014247, 175.747], [37.3918966, 55.80013454, 175.763], [37.39193385, 55.80012656, 175.777], [37.39197108, 55.80011853, 175.793], [37.39200832, 55.80011052, 175.812], [37.39204559, 55.80010256, 175.829], [37.39208289, 55.80009463, 175.843], [37.39212017, 55.80008668, 175.853], [37.39215747, 55.80007876, 175.86], [37.39219479, 55.80007087, 175.867], [37.39223208, 55.80006294, 175.875], [37.39226933, 55.80005494, 175.888], [37.39230658, 55.80004694, 175.903], [37.39234385, 55.80003898, 175.917], [37.39238115, 55.80003105, 175.929], [37.39241846, 55.80002316, 175.942], [37.39245582, 55.80001532, 175.956], [37.39249315, 55.80000745, 175.971], [37.39253044, 55.7999995, 175.984], [37.3925677, 55.79999152, 175.996], [37.39260497, 55.79998356, 176.007], [37.39264224, 55.79997559, 176.02], [37.39267952, 55.79996765, 176.036], [37.39271684, 55.79995975, 176.051], [37.39275415, 55.79995184, 176.064], [37.39279145, 55.79994393, 176.073], [37.39282878, 55.79993604, 176.084], [37.39286613, 55.79992821, 176.096], [37.39290347, 55.79992035, 176.108], [37.39294075, 55.7999124, 176.121], [37.39297799, 55.79990439, 176.136], [37.39301526, 55.79989642, 176.152], [37.39305259, 55.79988854, 176.167], [37.39308997, 55.79988075, 176.182], [37.39312739, 55.799873, 176.194], [37.39316474, 55.79986517, 176.204], [37.39320201, 55.79985719, 176.215], [37.39323923, 55.79984915, 176.228], [37.39327642, 55.79984107, 176.244], [37.39331362, 55.799833, 176.258], [37.3933509, 55.79982505, 176.27], [37.39338825, 55.79981721, 176.281], [37.39342562, 55.79980938, 176.293], [37.3934629, 55.79980144, 176.306], [37.39350012, 55.7997934, 176.321], [37.39353737, 55.79978541, 176.337], [37.3935747, 55.79977753, 176.352], [37.39361204, 55.79976968, 176.365], [37.39364935, 55.79976176, 176.377], [37.39368661, 55.79975379, 176.388], [37.39372388, 55.79974583, 176.401], [37.39376118, 55.79973789, 176.416], [37.39379846, 55.79972995, 176.43], [37.39383571, 55.79972196, 176.442], [37.39387296, 55.79971396, 176.453], [37.39391027, 55.79970605, 176.463], [37.3939476, 55.79969817, 176.473], [37.3939849, 55.79969025, 176.482], [37.39402217, 55.79968229, 176.492], [37.3940594, 55.79967427, 176.504], [37.39409666, 55.79966628, 176.518], [37.394134, 55.79965842, 176.531], [37.39417138, 55.79965062, 176.543], [37.39420871, 55.79964276, 176.554], [37.39424596, 55.79963476, 176.564], [37.39428319, 55.79962673, 176.574], [37.39432043, 55.79961872, 176.584], [37.39435768, 55.79961073, 176.594], [37.39439497, 55.7996028, 176.603], [37.39443229, 55.7995949, 176.612], [37.39446958, 55.79958697, 176.619], [37.39450684, 55.79957899, 176.625], [37.39454414, 55.79957107, 176.629], [37.3945815, 55.79956324, 176.632], [37.39461882, 55.79955535, 176.636], [37.39465609, 55.79954738, 176.64], [37.39469334, 55.79953939, 176.643], [37.39473061, 55.79953143, 176.648], [37.39476792, 55.79952352, 176.653], [37.39480522, 55.79951561, 176.659], [37.39484252, 55.79950767, 176.665], [37.39487984, 55.79949979, 176.669], [37.39491718, 55.79949192, 176.673], [37.39495448, 55.79948401, 176.677], [37.39499177, 55.79947607, 176.681], [37.39502908, 55.79946817, 176.685], [37.39506644, 55.79946033, 176.687], [37.39510376, 55.79945244, 176.689], [37.39514101, 55.79944446, 176.691], [37.39517823, 55.79943642, 176.693], [37.39521546, 55.79942839, 176.694], [37.39525271, 55.7994204, 176.695], [37.39528997, 55.79941241, 176.695], [37.39532723, 55.79940443, 176.697], [37.39536453, 55.79939651, 176.699], [37.39540186, 55.79938864, 176.701], [37.39543917, 55.79938073, 176.701], [37.39547644, 55.79937277, 176.699], [37.39551374, 55.79936485, 176.698], [37.39555107, 55.79935697, 176.697], [37.39558835, 55.79934902, 176.699], [37.39562558, 55.799341, 176.703], [37.39566286, 55.79933305, 176.707], [37.39570023, 55.79932524, 176.709], [37.39573758, 55.79931739, 176.707], [37.39577482, 55.79930938, 176.701], [37.39581201, 55.7993013, 176.693], [37.39584924, 55.79929328, 176.684], [37.39588653, 55.79928534, 176.673], [37.39592383, 55.79927742, 176.664], [37.39596115, 55.79926954, 176.656], [37.39599848, 55.79926165, 176.651], [37.39603577, 55.79925372, 176.648], [37.39607304, 55.79924576, 176.647], [37.39611035, 55.79923786, 176.645], [37.3961477, 55.79923, 176.642], [37.39618501, 55.79922211, 176.635], [37.39622228, 55.79921414, 176.625], [37.39625957, 55.7992062, 176.614], [37.39629697, 55.79919843, 176.604], [37.39633445, 55.79919079, 176.595], [37.39637186, 55.79918304, 176.585], [37.39640914, 55.79917509, 176.575], [37.39644637, 55.79916707, 176.565], [37.39648364, 55.79915911, 176.556], [37.39652094, 55.79915119, 176.548], [37.39655824, 55.79914327, 176.541], [37.39659555, 55.79913536, 176.536], [37.39663283, 55.79912742, 176.525], [37.39667002, 55.79911933, 176.506], [37.39670708, 55.79911106, 176.477], [37.3967441, 55.79910273, 176.447], [37.39678121, 55.79909454, 176.423], [37.39681849, 55.79908659, 176.409], [37.39685591, 55.79907885, 176.402], [37.39689344, 55.79907129, 176.397], [37.39693109, 55.79906391, 176.392], [37.39696882, 55.79905667, 176.383], [37.39700662, 55.79904954, 176.371], [37.39704449, 55.79904253, 176.355], [37.3970824, 55.79903558, 176.335], [37.39712037, 55.79902875, 176.314], [37.39715849, 55.79902219, 176.291], [37.39719678, 55.79901596, 176.266], [37.3972352, 55.79900997, 176.239], [37.39727369, 55.79900413, 176.214], [37.39731229, 55.79899852, 176.189], [37.39735101, 55.7989932, 176.163], [37.39738986, 55.79898817, 176.136], [37.39742881, 55.79898338, 176.111], [37.39746782, 55.79897876, 176.094], [37.39750689, 55.79897433, 176.081], [37.39754603, 55.79897006, 176.07], [37.39758521, 55.79896593, 176.054], [37.39762444, 55.79896195, 176.034], [37.39766369, 55.79895805, 176.014], [37.39770299, 55.79895426, 175.997], [37.39774233, 55.79895066, 175.983], [37.39778174, 55.79894728, 175.97], [37.39782118, 55.79894403, 175.958], [37.39786065, 55.79894089, 175.949], [37.39790018, 55.79893801, 175.943], [37.39793979, 55.79893549, 175.935], [37.39797946, 55.79893333, 175.921], [37.39801918, 55.79893138, 175.899], [37.3980589, 55.79892949, 175.875], [37.39809864, 55.79892775, 175.853], [37.39813841, 55.79892627, 175.833], [37.39817822, 55.79892509, 175.81], [37.39821805, 55.79892421, 175.785], [37.3982579, 55.7989236, 175.758], [37.39829775, 55.79892319, 175.732], [37.39833761, 55.79892287, 175.704], [37.39837747, 55.79892262, 175.677], [37.39841733, 55.7989225, 175.648], [37.39845719, 55.79892244, 175.621], [37.39849705, 55.79892242, 175.598], [37.39853691, 55.79892254, 175.577], [37.39857677, 55.79892285, 175.558], [37.39861662, 55.79892334, 175.54], [37.39865647, 55.79892392, 175.525], [37.39869632, 55.79892453, 175.514], [37.39873615, 55.79892532, 175.508], [37.39877597, 55.79892637, 175.504], [37.39881577, 55.79892766, 175.5], [37.39885555, 55.79892909, 175.492], [37.3988953, 55.79893071, 175.475], [37.39893501, 55.79893267, 175.447], [37.39897468, 55.7989349, 175.411], [37.39901431, 55.7989373, 175.376], [37.39905391, 55.79893984, 175.348], [37.39909349, 55.79894254, 175.322], [37.39913304, 55.79894533, 175.292], [37.39917258, 55.79894819, 175.258], [37.39921208, 55.7989512, 175.228], [37.39925152, 55.79895445, 175.208], [37.3992909, 55.79895793, 175.192], [37.39933028, 55.79896141, 175.173], [37.39936972, 55.79896464, 175.149], [37.39940921, 55.7989677, 175.122], [37.3994487, 55.79897078, 175.095], [37.39948816, 55.79897395, 175.067], [37.39952759, 55.79897725, 175.037], [37.39956699, 55.79898066, 175.009], [37.39960641, 55.79898399, 174.987], [37.39964587, 55.79898719, 174.969], [37.39968533, 55.79899034, 174.95], [37.39972479, 55.79899354, 174.927], [37.39976425, 55.79899671, 174.899], [37.39980373, 55.7989998, 174.872], [37.39984321, 55.79900292, 174.845], [37.39988265, 55.79900616, 174.817], [37.39992208, 55.79900946, 174.791], [37.39996152, 55.79901271, 174.767], [37.40000098, 55.79901587, 174.743], [37.40004044, 55.79901907, 174.719], [37.40007986, 55.7990224, 174.695], [37.40011928, 55.79902573, 174.67], [37.40015875, 55.79902887, 174.648], [37.40019824, 55.79903193, 174.627], [37.40023772, 55.79903503, 174.609], [37.40027719, 55.79903818, 174.59], [37.40031664, 55.7990414, 174.573], [37.40035606, 55.79904472, 174.558], [37.40039547, 55.79904809, 174.544], [37.40043488, 55.79905145, 174.529], [37.40047432, 55.79905473, 174.509], [37.40051379, 55.79905785, 174.483], [37.40055329, 55.79906088, 174.455], [37.40059276, 55.799064, 174.428], [37.40063222, 55.79906718, 174.407], [37.40067168, 55.79907036, 174.391], [37.40071113, 55.79907359, 174.375], [37.40075056, 55.79907688, 174.358], [37.40079, 55.79908014, 174.339], [37.40082946, 55.79908334, 174.318], [37.40086892, 55.7990865, 174.295], [37.40090839, 55.79908963, 174.271], [37.40094788, 55.79909272, 174.246], [37.40098735, 55.79909584, 174.223], [37.4010268, 55.79909908, 174.199], [37.40106623, 55.79910236, 174.173], [37.40110565, 55.7991057, 174.147], [37.40114509, 55.79910894, 174.125], [37.40118458, 55.79911199, 174.105], [37.40122405, 55.79911513, 174.083], [37.4012635, 55.79911836, 174.059], [37.40130296, 55.79912155, 174.033], [37.40134242, 55.79912472, 174.009], [37.40138189, 55.79912786, 173.986], [37.40142137, 55.79913098, 173.962], [37.40146083, 55.79913413, 173.935], [37.40150028, 55.79913735, 173.909], [37.40153972, 55.79914061, 173.885], [37.40157917, 55.79914385, 173.867], [37.40161862, 55.79914707, 173.853], [37.40165807, 55.79915029, 173.837], [37.40169753, 55.79915347, 173.817], [37.40173699, 55.79915663, 173.8], [37.40177644, 55.79915985, 173.787], [37.40181588, 55.79916313, 173.775], [37.40185533, 55.79916633, 173.758], [37.4018948, 55.79916949, 173.736], [37.40193425, 55.79917269, 173.712], [37.40197374, 55.79917576, 173.693], [37.40201323, 55.79917881, 173.677], [37.40205267, 55.79918208, 173.663], [37.40209205, 55.79918553, 173.649], [37.40213146, 55.79918893, 173.634], [37.40217091, 55.79919215, 173.62], [37.4022104, 55.79919518, 173.607], [37.40224991, 55.79919819, 173.593], [37.40228938, 55.7992013, 173.577], [37.40232884, 55.79920449, 173.561], [37.40236827, 55.79920778, 173.545], [37.40240768, 55.79921116, 173.528], [37.40244711, 55.79921447, 173.509], [37.40248657, 55.79921764, 173.491], [37.40252605, 55.79922075, 173.476], [37.40256551, 55.79922392, 173.463], [37.40260494, 55.79922722, 173.452], [37.40264435, 55.79923058, 173.443], [37.4026838, 55.7992338, 173.434], [37.40272329, 55.79923686, 173.423], [37.40276277, 55.79923995, 173.408], [37.40280222, 55.7992432, 173.389], [37.40284162, 55.79924658, 173.37], [37.40288102, 55.79924998, 173.35], [37.40292048, 55.79925318, 173.33], [37.40295998, 55.79925618, 173.312], [37.40299949, 55.79925919, 173.297], [37.40303896, 55.79926232, 173.286], [37.4030784, 55.79926556, 173.277], [37.40311782, 55.7992689, 173.266], [37.40315723, 55.79927228, 173.251], [37.40319666, 55.79927556, 173.235], [37.40323613, 55.7992787, 173.222], [37.40327562, 55.79928177, 173.21], [37.4033151, 55.79928486, 173.197], [37.40335458, 55.79928797, 173.182], [37.40339405, 55.79929113, 173.164], [37.40343351, 55.79929431, 173.145], [37.40347296, 55.79929753, 173.124], [37.40351238, 55.79930085, 173.103], [37.40355179, 55.79930422, 173.082], [37.40359123, 55.79930748, 173.065], [37.40363073, 55.79931051, 173.053], [37.40367023, 55.79931352, 173.041], [37.40370969, 55.79931671, 173.027], [37.4037491, 55.79932008, 173.01], [37.40378849, 55.79932351, 172.992], [37.4038279, 55.79932688, 172.975], [37.40386735, 55.79933012, 172.96], [37.40390682, 55.79933323, 172.946], [37.40394629, 55.79933638, 172.933], [37.40398573, 55.79933964, 172.92], [37.40402515, 55.79934299, 172.909], [37.40406456, 55.79934634, 172.897], [37.404104, 55.7993496, 172.886], [37.40414347, 55.79935276, 172.874], [37.40418292, 55.79935596, 172.862], [37.40422234, 55.79935929, 172.85], [37.40426176, 55.79936264, 172.839], [37.40430121, 55.79936586, 172.83], [37.40434069, 55.79936898, 172.821], [37.40438015, 55.79937215, 172.813], [37.40441959, 55.7993754, 172.805], [37.40445903, 55.79937864, 172.797], [37.40449848, 55.79938187, 172.786], [37.40453792, 55.79938513, 172.774], [37.40457734, 55.79938845, 172.761], [37.40461677, 55.79939178, 172.748], [37.40465621, 55.79939504, 172.739], [37.40469566, 55.79939823, 172.733], [37.40473514, 55.79940133, 172.727], [37.40477465, 55.79940433, 172.72], [37.40481415, 55.79940736, 172.71], [37.40485361, 55.79941051, 172.7], [37.40489304, 55.79941381, 172.689], [37.40493245, 55.79941721, 172.675], [37.40497178, 55.79942085, 172.658], [37.40501101, 55.79942482, 172.641], [37.40505014, 55.7994291, 172.629], [37.4050891, 55.79943385, 172.623], [37.40512785, 55.79943912, 172.62], [37.40516646, 55.7994447, 172.617], [37.40520493, 55.79945059, 172.612], [37.40524326, 55.79945674, 172.606], [37.40528149, 55.79946312, 172.599], [37.40531958, 55.79946974, 172.59], [37.40535748, 55.79947668, 172.58], [37.40539524, 55.79948389, 172.569], [37.40543281, 55.79949138, 172.56], [37.40547005, 55.79949939, 172.553], [37.40550693, 55.79950791, 172.543], [37.40554359, 55.79951672, 172.529], [37.40558005, 55.79952581, 172.514], [37.4056162, 55.79953527, 172.502], [37.40565196, 55.79954519, 172.496], [37.40568736, 55.79955551, 172.49], [37.40572245, 55.79956616, 172.482], [37.40575723, 55.79957713, 172.472], [37.4057917, 55.7995884, 172.463], [37.40582589, 55.79959995, 172.458], [37.4058599, 55.79961167, 172.459], [37.40589376, 55.79962351, 172.46], [37.40592743, 55.79963553, 172.459], [37.40596093, 55.7996477, 172.453], [37.4059942, 55.79966006, 172.443], [37.4060273, 55.79967258, 172.429], [37.40606022, 55.79968524, 172.411], [37.4060928, 55.79969818, 172.394], [37.40612488, 55.79971151, 172.383], [37.40615645, 55.79972522, 172.378], [37.40618752, 55.79973928, 172.377], [37.40621816, 55.79975365, 172.376], [37.40624849, 55.79976821, 172.375], [37.40627872, 55.79978285, 172.373], [37.40630884, 55.79979756, 172.369], [37.4063388, 55.79981237, 172.364], [37.40636857, 55.7998273, 172.355], [37.40639811, 55.79984238, 172.345], [37.40642732, 55.79985766, 172.337], [37.406456, 55.79987325, 172.333], [37.40648401, 55.79988923, 172.332], [37.4065115, 55.79990549, 172.329], [37.40653856, 55.79992197, 172.325], [37.40656521, 55.79993867, 172.317], [37.40659145, 55.79995558, 172.307], [37.40661739, 55.79997262, 172.297], [37.4066431, 55.79998978, 172.292], [37.40666855, 55.80000707, 172.29], [37.40669368, 55.8000245, 172.29], [37.40671831, 55.80004215, 172.289], [37.40674231, 55.80006008, 172.287], [37.40676565, 55.80007828, 172.285], [37.40678824, 55.80009678, 172.28], [37.40681005, 55.80011558, 172.274], [37.40683086, 55.80013472, 172.265], [37.40685068, 55.8001542, 172.254], [37.40686987, 55.80017388, 172.239], [37.40688868, 55.80019368, 172.224], [37.40690701, 55.80021362, 172.211], [37.40692468, 55.80023375, 172.202], [37.40694146, 55.80025412, 172.195], [37.40695733, 55.80027471, 172.187], [37.40697266, 55.80029544, 172.176], [37.40698774, 55.80031622, 172.167], [37.4070022, 55.80033715, 172.161], [37.40701616, 55.80035818, 172.156], [37.40703028, 55.80037918, 172.15], [37.4070448, 55.80040009, 172.143], [37.40705947, 55.80042097, 172.134], [37.40707401, 55.80044187, 172.126], [37.40708841, 55.80046281, 172.118], [37.40710282, 55.80048375, 172.111], [37.4071173, 55.80050467, 172.102], [37.40713182, 55.80052558, 172.09], [37.40714626, 55.80054651, 172.077], [37.40716066, 55.80056744, 172.065], [37.40717516, 55.80058836, 172.052], [37.40718979, 55.80060925, 172.038], [37.40720445, 55.80063013, 172.023], [37.40721901, 55.80065103, 172.008], [37.40723344, 55.80067196, 171.995], [37.40724785, 55.8006929, 171.984], [37.40726231, 55.80071382, 171.974], [37.40727682, 55.80073473, 171.961], [37.40729127, 55.80075566, 171.948], [37.40730566, 55.8007766, 171.934], [37.40732008, 55.80079753, 171.92], [37.40733461, 55.80081844, 171.905], [37.40734918, 55.80083934, 171.891], [37.40736368, 55.80086026, 171.877], [37.40737813, 55.80088119, 171.866], [37.40739258, 55.80090211, 171.857], [37.4074071, 55.80092303, 171.847], [37.40742162, 55.80094394, 171.838], [37.40743606, 55.80096486, 171.828], [37.40745044, 55.80098581, 171.817], [37.40746492, 55.80100673, 171.806], [37.40747955, 55.80102762, 171.795], [37.40749411, 55.80104852, 171.782], [37.40750849, 55.80106946, 171.766], [37.40752288, 55.8010904, 171.748], [37.40753747, 55.80111129, 171.731], [37.40755207, 55.80113219, 171.714], [37.40756651, 55.80115312, 171.7], [37.40758087, 55.80117406, 171.689], [37.40759532, 55.80119499, 171.68], [37.40760988, 55.80121589, 171.672], [37.40762443, 55.8012368, 171.664], [37.40763884, 55.80125773, 171.654], [37.40765313, 55.8012787, 171.644], [37.40766754, 55.80129963, 171.634], [37.40768214, 55.80132052, 171.624], [37.40769674, 55.80134142, 171.613], [37.40771128, 55.80136232, 171.598], [37.40772579, 55.80138324, 171.581], [37.40774028, 55.80140416, 171.566], [37.40775477, 55.80142507, 171.553], [37.40776925, 55.801446, 171.542], [37.40778373, 55.80146692, 171.531], [37.40779821, 55.80148784, 171.523], [37.40781267, 55.80150876, 171.515], [37.40782718, 55.80152967, 171.509], [37.40784173, 55.80155058, 171.504], [37.40785617, 55.80157151, 171.496], [37.40787055, 55.80159245, 171.488], [37.40788498, 55.80161338, 171.48], [37.40789953, 55.80163428, 171.472], [37.40791411, 55.80165518, 171.464], [37.40792865, 55.80167609, 171.456], [37.40794321, 55.80169699, 171.444], [37.40795776, 55.8017179, 171.433], [37.40797221, 55.80173882, 171.425], [37.40798647, 55.80175979, 171.419], [37.40800072, 55.80178076, 171.411], [37.40801521, 55.80180168, 171.398], [37.4080298, 55.80182258, 171.383], [37.40804421, 55.80184351, 171.369], [37.4080586, 55.80186445, 171.353], [37.40807308, 55.80188537, 171.334], [37.40808753, 55.8019063, 171.315], [37.40810195, 55.80192723, 171.295], [37.40811636, 55.80194817, 171.276], [37.40813074, 55.80196911, 171.256], [37.40814513, 55.80199005, 171.233], [37.40815949, 55.802011, 171.209], [37.40817382, 55.80203195, 171.186], [37.40818826, 55.80205288, 171.167], [37.4082028, 55.80207379, 171.153], [37.40821726, 55.80209471, 171.14], [37.40823168, 55.80211564, 171.121], [37.40824624, 55.80213655, 171.093], [37.40826088, 55.80215743, 171.056], [37.40827549, 55.80217832, 171.015], [37.40829002, 55.80219923, 170.973], [37.40830445, 55.80222016, 170.931], [37.40831871, 55.80224113, 170.892], [37.40833294, 55.8022621, 170.855], [37.40834734, 55.80228304, 170.815], [37.40836192, 55.80230394, 170.771], [37.40837654, 55.80232483, 170.723], [37.40839114, 55.80234573, 170.675], [37.40840563, 55.80236664, 170.629], [37.40841997, 55.80238759, 170.582], [37.40843423, 55.80240856, 170.531], [37.40844853, 55.80242952, 170.477], [37.40846287, 55.80245047, 170.419], [37.40847721, 55.80247142, 170.361], [37.40849162, 55.80249236, 170.301], [37.40850616, 55.80251327, 170.243], [37.40852072, 55.80253417, 170.188], [37.40853516, 55.8025551, 170.135], [37.40854941, 55.80257607, 170.084], [37.40856356, 55.80259706, 170.032], [37.4085778, 55.80261803, 169.976], [37.40859218, 55.80263897, 169.917], [37.40860659, 55.80265991, 169.858], [37.40862102, 55.80268084, 169.8], [37.40863555, 55.80270175, 169.742], [37.4086501, 55.80272265, 169.68], [37.40866449, 55.80274359, 169.616], [37.40867867, 55.80276458, 169.547], [37.40869284, 55.80278557, 169.476], [37.40870723, 55.80280651, 169.409], [37.40872181, 55.80282741, 169.348], [37.40873634, 55.80284831, 169.289], [37.40875072, 55.80286926, 169.226], [37.4087649, 55.80289024, 169.162], [37.40877902, 55.80291124, 169.101], [37.40879332, 55.8029322, 169.043], [37.40880779, 55.80295312, 168.986], [37.40882221, 55.80297406, 168.923], [37.4088365, 55.80299502, 168.854], [37.40885067, 55.80301601, 168.782], [37.40886472, 55.80303702, 168.71], [37.40887874, 55.80305804, 168.635], [37.4088929, 55.80307903, 168.556], [37.40890727, 55.80309997, 168.473], [37.40892172, 55.8031209, 168.39], [37.4089361, 55.80314184, 168.309], [37.40895027, 55.80316283, 168.232], [37.40896436, 55.80318383, 168.155], [37.40897856, 55.80320482, 168.076], [37.40899287, 55.80322577, 167.995], [37.40900715, 55.80324674, 167.913], [37.40902138, 55.80326771, 167.832], [37.40903564, 55.80328868, 167.75], [37.40905004, 55.80330962, 167.669], [37.40906452, 55.80333054, 167.587], [37.40907894, 55.80335147, 167.503], [37.40909325, 55.80337243, 167.417], [37.40910743, 55.80339341, 167.331], [37.40912158, 55.8034144, 167.241], [37.40913584, 55.80343537, 167.149], [37.40915021, 55.80345632, 167.056], [37.40916456, 55.80347726, 166.965], [37.40917872, 55.80349826, 166.873], [37.40919272, 55.80351928, 166.778], [37.40920683, 55.80354028, 166.683], [37.40922124, 55.80356122, 166.587], [37.40923578, 55.80358212, 166.491], [37.40925015, 55.80360307, 166.394], [37.40926427, 55.80362407, 166.298], [37.40927835, 55.80364507, 166.203], [37.40929249, 55.80366607, 166.104], [37.40930672, 55.80368704, 166.003], [37.40932101, 55.803708, 165.901], [37.40933525, 55.80372897, 165.803], [37.40934953, 55.80374994, 165.708], [37.40936385, 55.80377089, 165.611], [37.40937801, 55.80379189, 165.509], [37.40939197, 55.80381292, 165.402], [37.40940597, 55.80383394, 165.294], [37.40942013, 55.80385493, 165.188], [37.40943436, 55.8038759, 165.083], [37.40944853, 55.80389689, 164.982], [37.40946268, 55.80391788, 164.885], [37.40947685, 55.80393887, 164.79], [37.40949095, 55.80395987, 164.693], [37.40950502, 55.80398088, 164.592], [37.40951924, 55.80400186, 164.489], [37.40953349, 55.80402283, 164.389], [37.40954754, 55.80404385, 164.293], [37.40956148, 55.80406488, 164.196], [37.40957557, 55.80408588, 164.095], [37.40958982, 55.80410686, 163.994], [37.40960405, 55.80412783, 163.895], [37.40961824, 55.80414881, 163.801], [37.40963245, 55.80416979, 163.709], [37.40964672, 55.80419076, 163.616], [37.40966091, 55.80421174, 163.518], [37.40967498, 55.80423275, 163.418], [37.40968914, 55.80425374, 163.32], [37.40970339, 55.80427471, 163.223], [37.40971759, 55.80429569, 163.127], [37.40973172, 55.80431669, 163.034], [37.40974581, 55.80433769, 162.942], [37.4097599, 55.8043587, 162.852], [37.40977408, 55.80437968, 162.762], [37.40978827, 55.80440067, 162.671], [37.40980242, 55.80442166, 162.581], [37.4098166, 55.80444264, 162.493], [37.40983081, 55.80446362, 162.405], [37.40984487, 55.80448464, 162.318], [37.40985883, 55.80450567, 162.23], [37.40987297, 55.80452666, 162.142], [37.40988728, 55.80454762, 162.054], [37.40990158, 55.80456858, 161.967], [37.40991581, 55.80458955, 161.879], [37.40992995, 55.80461055, 161.79], [37.40994399, 55.80463156, 161.701], [37.40995806, 55.80465257, 161.613], [37.4099723, 55.80467354, 161.527], [37.40998659, 55.80469451, 161.441], [37.41000077, 55.80471549, 161.355], [37.41001479, 55.80473651, 161.269], [37.41002876, 55.80475754, 161.184], [37.4100429, 55.80477853, 161.102], [37.41005715, 55.80479951, 161.02], [37.41007136, 55.80482049, 160.939], [37.41008554, 55.80484147, 160.855], [37.41009975, 55.80486245, 160.769], [37.4101139, 55.80488344, 160.681], [37.41012776, 55.8049045, 160.588], [37.4101416, 55.80492555, 160.492], [37.41015589, 55.80494651, 160.4], [37.4101701, 55.80496749, 160.316], [37.4101839, 55.80498856, 160.233], [37.41019812, 55.80500954, 160.145], [37.41021287, 55.8050304, 160.055], [37.41022756, 55.80505127, 159.968], [37.41024229, 55.80507214, 159.887], [37.41025708, 55.80509299, 159.804], [37.41027171, 55.80511388, 159.718], [37.41028622, 55.80513479, 159.636], [37.41030076, 55.8051557, 159.561], [37.41031511, 55.80517665, 159.487], [37.41032903, 55.80519769, 159.419], [37.41034265, 55.80521879, 159.366], [37.41035636, 55.80523987, 159.336], [37.4103712, 55.80526071, 159.317], [37.41038802, 55.80528106, 159.296], [37.4104068, 55.80530087, 159.265], [37.41042725, 55.80532014, 159.23], [37.41044919, 55.80533889, 159.203], [37.41047324, 55.80535679, 159.191], [37.41049965, 55.80537359, 159.19], [37.41052825, 55.80538923, 159.189], [37.41055833, 55.80540397, 159.183], [37.41058861, 55.80541857, 159.17], [37.4106185, 55.80543343, 159.149], [37.41064858, 55.80544817, 159.122], [37.41067917, 55.80546257, 159.087], [37.41071065, 55.80547634, 159.043], [37.41074363, 55.80548894, 158.991], [37.41077852, 55.80549979, 158.934], [37.4108149, 55.80550896, 158.874], [37.41085219, 55.8055169, 158.817], [37.41089017, 55.80552372, 158.765], [37.4109289, 55.805529, 158.72], [37.4109682, 55.80553277, 158.677], [37.41100777, 55.80553549, 158.632], [37.41104749, 55.80553738, 158.583], [37.41108734, 55.80553807, 158.529], [37.41112719, 55.80553748, 158.47], [37.41116695, 55.80553588, 158.408], [37.41120654, 55.80553326, 158.347], [37.41124573, 55.80552916, 158.288], [37.41128445, 55.80552383, 158.227], [37.41132301, 55.80551812, 158.168], [37.41136168, 55.80551265, 158.115], [37.4114004, 55.80550729, 158.073], [37.41143907, 55.80550184, 158.037], [37.4114778, 55.80549651, 158.003], [37.4115166, 55.80549136, 157.967], [37.41155538, 55.80548614, 157.932], [37.41159408, 55.80548076, 157.899], [37.41163277, 55.80547532, 157.871], [37.41167144, 55.80546986, 157.848], [37.41171011, 55.80546441, 157.83], [37.41174888, 55.80545916, 157.813], [37.41178771, 55.80545408, 157.794], [37.41182649, 55.80544887, 157.773], [37.41186519, 55.80544347, 157.752], [37.41190387, 55.80543804, 157.73], [37.41194256, 55.8054326, 157.707], [37.41198123, 55.80542715, 157.68], [37.41201994, 55.80542177, 157.648], [37.41205866, 55.80541643, 157.614], [37.41209737, 55.80541106, 157.583], [37.41213609, 55.8054057, 157.554], [37.41217485, 55.80540045, 157.524], [37.41221363, 55.80539522, 157.492], [37.41225234, 55.80538986, 157.463], [37.41229102, 55.80538442, 157.439], [37.41232976, 55.80537911, 157.415], [37.41236849, 55.80537378, 157.385], [37.41240713, 55.80536826, 157.346], [37.41244582, 55.80536285, 157.305], [37.41248456, 55.80535754, 157.271], [37.41252325, 55.80535212, 157.241], [37.41256194, 55.80534671, 157.209], [37.41260064, 55.8053413, 157.173], [37.41263931, 55.80533584, 157.138], [37.41267805, 55.80533055, 157.104], [37.4127168, 55.80532526, 157.07], [37.4127555, 55.80531986, 157.035], [37.4127942, 55.80531446, 156.999], [37.41283292, 55.80530911, 156.967], [37.41287165, 55.80530379, 156.937], [37.41291038, 55.80529847, 156.907], [37.4129491, 55.80529312, 156.874], [37.41298781, 55.80528775, 156.839], [37.41302651, 55.80528234, 156.81], [37.41306519, 55.80527691, 156.789], [37.41310392, 55.80527157, 156.771], [37.41314268, 55.80526632, 156.748], [37.41318138, 55.80526093, 156.719], [37.41322, 55.80525536, 156.688], [37.41325869, 55.80524992, 156.66], [37.41329746, 55.8052447, 156.632], [37.41333623, 55.80523946, 156.602], [37.41337497, 55.80523416, 156.567], [37.4134137, 55.80522883, 156.53], [37.41345241, 55.80522345, 156.496], [37.41349107, 55.80521797, 156.464], [37.41352971, 55.80521246, 156.433], [37.41356839, 55.80520701, 156.399], [37.4136071, 55.80520164, 156.368], [37.41364582, 55.80519629, 156.343], [37.41368455, 55.80519095, 156.323], [37.41372329, 55.80518567, 156.302], [37.41376207, 55.80518044, 156.278], [37.41380084, 55.80517521, 156.256], [37.41383959, 55.80516993, 156.234], [37.4138783, 55.80516457, 156.21], [37.413917, 55.80515915, 156.183], [37.41395566, 55.80515368, 156.154], [37.41399434, 55.80514825, 156.124], [37.41403311, 55.805143, 156.094], [37.41407191, 55.80513785, 156.066], [37.41411068, 55.8051326, 156.039], [37.41414936, 55.80512717, 156.013], [37.41418803, 55.80512171, 155.989], [37.41422676, 55.80511638, 155.968], [37.41426551, 55.80511109, 155.947], [37.41430421, 55.80510571, 155.921], [37.41434292, 55.80510033, 155.889], [37.41438166, 55.80509503, 155.854], [37.41442039, 55.80508969, 155.821], [37.41445908, 55.80508429, 155.791], [37.41449777, 55.80507887, 155.762], [37.41453647, 55.80507348, 155.734], [37.41457521, 55.80506816, 155.709], [37.41461394, 55.80506285, 155.684], [37.41465261, 55.80505737, 155.658], [37.41469125, 55.80505185, 155.629], [37.41472999, 55.80504655, 155.594], [37.41476874, 55.80504127, 155.562], [37.41480742, 55.80503584, 155.539], [37.41484618, 55.80503056, 155.523], [37.41488502, 55.80502551, 155.503], [37.41492385, 55.80502042, 155.473], [37.41496257, 55.80501507, 155.438], [37.41500122, 55.80500957, 155.405], [37.41503989, 55.8050041, 155.377], [37.41507857, 55.80499865, 155.35], [37.41511725, 55.80499322, 155.322], [37.415156, 55.80498794, 155.292], [37.41519478, 55.80498274, 155.26], [37.41523352, 55.80497743, 155.224], [37.4152722, 55.80497199, 155.186], [37.41531085, 55.80496649, 155.149], [37.41534952, 55.80496101, 155.116], [37.41538825, 55.8049557, 155.082], [37.41542703, 55.80495048, 155.043], [37.41546578, 55.8049452, 154.998], [37.41550447, 55.8049398, 154.953], [37.41554314, 55.80493433, 154.913], [37.41558183, 55.80492891, 154.872], [37.41562054, 55.80492352, 154.827], [37.41565926, 55.80491818, 154.773], [37.41569799, 55.80491286, 154.712], [37.41573662, 55.8049073, 154.652], [37.41577522, 55.80490168, 154.605], [37.415814, 55.80489648, 154.574], [37.41585281, 55.80489133, 154.547], [37.41589147, 55.80488585, 154.509], [37.41593011, 55.80488032, 154.463], [37.41596881, 55.80487493, 154.422], [37.41600752, 55.80486957, 154.393], [37.41604624, 55.80486423, 154.367], [37.41608497, 55.80485889, 154.334], [37.41612367, 55.8048535, 154.296], [37.41616234, 55.80484802, 154.259], [37.41620103, 55.80484262, 154.227], [37.41623982, 55.80483743, 154.195], [37.41627861, 55.80483223, 154.161], [37.4163173, 55.80482684, 154.126], [37.41635596, 55.80482135, 154.097], [37.41639464, 55.80481589, 154.073], [37.41643333, 55.80481048, 154.049], [37.41647205, 55.80480515, 154.023], [37.41651083, 55.80479993, 153.998], [37.41654961, 55.80479473, 153.976], [37.41658832, 55.80478936, 153.957], [37.41662694, 55.80478377, 153.936], [37.41666555, 55.80477817, 153.913], [37.41670424, 55.80477276, 153.89], [37.41674301, 55.80476753, 153.867], [37.41678178, 55.80476231, 153.843], [37.41682052, 55.804757, 153.816], [37.41685926, 55.80475169, 153.791], [37.41689803, 55.80474645, 153.768], [37.41693681, 55.80474125, 153.749], [37.4169756, 55.80473608, 153.729], [37.41701442, 55.80473095, 153.707], [37.4170532, 55.80472575, 153.685], [37.41709195, 55.80472046, 153.665], [37.41713068, 55.80471515, 153.646], [37.41716947, 55.80470995, 153.629], [37.41720832, 55.80470493, 153.606], [37.41724721, 55.80469998, 153.577], [37.41728604, 55.80469489, 153.547], [37.41732478, 55.80468958, 153.52], [37.41736352, 55.80468427, 153.497], [37.41740234, 55.80467917, 153.472], [37.41744126, 55.8046743, 153.445], [37.41748021, 55.80466952, 153.415], [37.41751914, 55.80466469, 153.386], [37.41755802, 55.8046597, 153.354], [37.41759683, 55.80465456, 153.319], [37.41763562, 55.80464937, 153.281], [37.41767444, 55.80464427, 153.244], [37.41771334, 55.80463935, 153.213], [37.41775229, 55.80463457, 153.188], [37.41779122, 55.80462971, 153.163], [37.41783006, 55.80462467, 153.129], [37.4178689, 55.80461961, 153.087], [37.41790781, 55.80461471, 153.044], [37.41794675, 55.80460988, 153.005], [37.41798561, 55.80460487, 152.968], [37.41802438, 55.80459964, 152.933], [37.41806315, 55.80459441, 152.902], [37.41810199, 55.80458935, 152.874], [37.41814089, 55.80458443, 152.846], [37.41817981, 55.80457955, 152.811], [37.41821872, 55.80457467, 152.77], [37.41825762, 55.80456975, 152.731], [37.4182965, 55.80456479, 152.699], [37.4183354, 55.80455988, 152.672], [37.41837431, 55.80455499, 152.644], [37.4184132, 55.80455003, 152.614], [37.41845207, 55.80454504, 152.584], [37.41849096, 55.8045401, 152.554], [37.41852988, 55.80453524, 152.521], [37.41856879, 55.80453034, 152.485], [37.41860768, 55.8045254, 152.448], [37.41864658, 55.80452049, 152.41], [37.41868548, 55.80451559, 152.375], [37.41872438, 55.80451067, 152.344], [37.41876328, 55.80450575, 152.313], [37.41880217, 55.80450079, 152.282], [37.41884104, 55.8044958, 152.251], [37.4188799, 55.80449078, 152.22], [37.41891876, 55.80448578, 152.187], [37.41895767, 55.8044809, 152.153], [37.4189966, 55.80447606, 152.118], [37.41903551, 55.80447115, 152.085], [37.41907442, 55.80446626, 152.056], [37.41911333, 55.80446137, 152.026], [37.41915218, 55.80445633, 151.992], [37.41919101, 55.80445124, 151.954], [37.41922988, 55.80444626, 151.917], [37.4192688, 55.80444138, 151.88], [37.41930771, 55.8044365, 151.843], [37.41934663, 55.80443162, 151.803], [37.41938553, 55.80442672, 151.759], [37.41942445, 55.80442186, 151.714], [37.41946341, 55.80441709, 151.675], [37.41950233, 55.80441223, 151.641], [37.41954121, 55.80440725, 151.608], [37.4195801, 55.80440232, 151.573], [37.41961903, 55.80439749, 151.537], [37.41965795, 55.8043926, 151.501], [37.41969684, 55.80438767, 151.466], [37.41973573, 55.80438273, 151.428], [37.41977461, 55.80437776, 151.388], [37.41981349, 55.8043728, 151.348], [37.41985241, 55.80436793, 151.311], [37.41989133, 55.80436307, 151.274], [37.41993025, 55.80435821, 151.232], [37.41996915, 55.80435329, 151.185], [37.42000798, 55.80434819, 151.139], [37.42004681, 55.80434312, 151.101], [37.42008579, 55.8043384, 151.073], [37.42012484, 55.80433387, 151.048], [37.42016385, 55.80432924, 151.02], [37.42020278, 55.80432439, 150.991], [37.42024165, 55.80431942, 150.964], [37.42028054, 55.80431448, 150.936], [37.42031944, 55.80430956, 150.9], [37.42035833, 55.8043046, 150.858], [37.42039721, 55.80429965, 150.818], [37.42043612, 55.80429475, 150.785], [37.42047501, 55.80428982, 150.757], [37.42051391, 55.8042849, 150.728], [37.42055281, 55.80427999, 150.695], [37.42059171, 55.80427507, 150.656], [37.42063059, 55.80427012, 150.617], [37.42066948, 55.80426516, 150.582], [37.42070839, 55.80426027, 150.55], [37.42074732, 55.80425543, 150.521], [37.42078622, 55.80425052, 150.493], [37.42082509, 55.80424553, 150.464], [37.42086396, 55.80424054, 150.431], [37.42090285, 55.80423558, 150.392], [37.42094176, 55.8042307, 150.345], [37.42098068, 55.80422584, 150.296], [37.42101959, 55.80422095, 150.249], [37.42105849, 55.80421602, 150.206], [37.42109738, 55.80421109, 150.164], [37.42113623, 55.80420606, 150.118], [37.42117505, 55.80420094, 150.07], [37.42121392, 55.80419595, 150.029], [37.42125291, 55.80419128, 149.994], [37.42129195, 55.80418672, 149.96], [37.42133094, 55.80418204, 149.924], [37.42136984, 55.80417712, 149.889], [37.42140868, 55.80417205, 149.859], [37.4214475, 55.80416694, 149.823], [37.42148631, 55.8041618, 149.773], [37.42152513, 55.80415669, 149.715], [37.42156399, 55.80415168, 149.666], [37.42160292, 55.80414685, 149.635], [37.42164194, 55.80414225, 149.617], [37.42168102, 55.80413779, 149.596], [37.42172005, 55.80413322, 149.566], [37.42175896, 55.80412834, 149.53], [37.42179777, 55.8041232, 149.502], [37.42183653, 55.80411794, 149.483], [37.42187529, 55.8041127, 149.463], [37.42191411, 55.80410757, 149.434], [37.421953, 55.80410263, 149.397], [37.42199196, 55.80409786, 149.356], [37.42203093, 55.80409313, 149.319], [37.42206987, 55.80408831, 149.286], [37.42210878, 55.80408342, 149.255], [37.42214771, 55.80407858, 149.223], [37.42218666, 55.80407381, 149.194], [37.42222556, 55.80406888, 149.172], [37.42226435, 55.8040637, 149.154], [37.42230312, 55.80405848, 149.13], [37.42234204, 55.80405362, 149.101], [37.42238111, 55.80404914, 149.073], [37.42242015, 55.80404459, 149.047], [37.42245903, 55.80403963, 149.018], [37.42249783, 55.80403448, 148.981], [37.42253671, 55.80402951, 148.939], [37.42257569, 55.80402479, 148.896], [37.42261466, 55.80402005, 148.849], [37.42265352, 55.80401505, 148.795], [37.42269233, 55.80400991, 148.739], [37.42273123, 55.804005, 148.691], [37.4227702, 55.80400027, 148.655], [37.42280908, 55.80399531, 148.627], [37.42284786, 55.80399009, 148.595], [37.42288675, 55.80398514, 148.555], [37.42292583, 55.80398071, 148.515], [37.42296492, 55.8039763, 148.49], [37.42300383, 55.80397142, 148.479], [37.42304262, 55.80396624, 148.474], [37.42308146, 55.80396119, 148.464], [37.42312039, 55.80395633, 148.447], [37.4231593, 55.80395146, 148.423], [37.42319817, 55.80394646, 148.398], [37.42323705, 55.80394149, 148.374], [37.42327603, 55.80393679, 148.351], [37.42331506, 55.80393221, 148.326], [37.42335396, 55.8039273, 148.298], [37.42339275, 55.8039221, 148.269], [37.4234316, 55.80391708, 148.243], [37.42347058, 55.80391238, 148.219], [37.42350954, 55.80390759, 148.194], [37.42354835, 55.80390246, 148.172], [37.42358715, 55.80389731, 148.157], [37.42362611, 55.80389256, 148.149], [37.4236652, 55.80388815, 148.14], [37.42370428, 55.8038837, 148.128], [37.42374326, 55.80387899, 148.116], [37.4237822, 55.80387419, 148.108], [37.42382119, 55.8038695, 148.102], [37.42386023, 55.80386494, 148.096], [37.42389926, 55.80386037, 148.084], [37.42393829, 55.8038558, 148.07], [37.42397738, 55.80385137, 148.055], [37.42401653, 55.80384714, 148.041], [37.42405569, 55.80384293, 148.029], [37.42409482, 55.80383863, 148.019], [37.42413395, 55.80383434, 148.013], [37.42417313, 55.80383018, 148.016], [37.42421232, 55.80382607, 148.023], [37.42425147, 55.80382182, 148.03], [37.42429057, 55.80381745, 148.032], [37.42432968, 55.8038131, 148.032], [37.42436886, 55.80380894, 148.035], [37.4244081, 55.803805, 148.042], [37.42444739, 55.80380118, 148.052], [37.42448673, 55.80379753, 148.061], [37.42452612, 55.80379407, 148.071], [37.42456555, 55.80379077, 148.082], [37.42460501, 55.80378758, 148.09], [37.42464451, 55.80378453, 148.093], [37.42468407, 55.80378172, 148.095], [37.42472369, 55.80377927, 148.097], [37.42476337, 55.80377712, 148.101], [37.42480307, 55.80377507, 148.106], [37.42484276, 55.80377295, 148.108], [37.42488244, 55.80377077, 148.11], [37.42492214, 55.80376871, 148.117], [37.42496188, 55.80376692, 148.13], [37.42500164, 55.80376528, 148.144], [37.4250414, 55.80376361, 148.154], [37.42508113, 55.80376181, 148.161], [37.42512087, 55.80375996, 148.17], [37.42516061, 55.80375818, 148.179], [37.42520036, 55.80375649, 148.188], [37.42524012, 55.80375482, 148.195], [37.42527987, 55.80375314, 148.2], [37.42531963, 55.80375148, 148.204], [37.4253594, 55.80374992, 148.207], [37.42539919, 55.80374848, 148.207], [37.42543897, 55.80374709, 148.206], [37.42547876, 55.80374565, 148.207], [37.42551854, 55.8037442, 148.214], [37.42555833, 55.80374283, 148.226], [37.42559814, 55.80374158, 148.235], [37.42563795, 55.80374037, 148.236], [37.42567776, 55.8037392, 148.234], [37.42571758, 55.80373813, 148.231], [37.42575741, 55.80373717, 148.231], [37.42579725, 55.80373632, 148.233], [37.42583709, 55.80373554, 148.235], [37.42587694, 55.80373481, 148.236], [37.42591678, 55.80373408, 148.236], [37.42595663, 55.80373331, 148.235], [37.42599647, 55.80373254, 148.233], [37.42603632, 55.80373186, 148.23], [37.42607617, 55.80373126, 148.227], [37.42611602, 55.8037307, 148.226], [37.42615588, 55.80373011, 148.227], [37.42619572, 55.80372941, 148.23], [37.42623557, 55.80372866, 148.236], [37.42627541, 55.80372793, 148.244], [37.42631526, 55.80372725, 148.257], [37.42635511, 55.80372662, 148.27], [37.42639497, 55.80372603, 148.278], [37.42643482, 55.80372546, 148.281], [37.42647467, 55.80372485, 148.281], [37.42651452, 55.80372416, 148.28], [37.42655437, 55.80372344, 148.279], [37.42659422, 55.80372285, 148.279], [37.42663408, 55.8037224, 148.28], [37.42667393, 55.80372187, 148.283], [37.42671378, 55.80372116, 148.288], [37.42675363, 55.80372043, 148.293], [37.42679348, 55.8037198, 148.294], [37.42683333, 55.80371923, 148.29], [37.42687318, 55.80371862, 148.286], [37.42691303, 55.80371801, 148.289], [37.42695289, 55.80371748, 148.3], [37.42699275, 55.803717, 148.317], [37.4270326, 55.80371647, 148.336], [37.42707245, 55.80371579, 148.356], [37.42711229, 55.80371497, 148.378], [37.42715213, 55.80371408, 148.404], [37.42719196, 55.80371323, 148.428], [37.42723182, 55.80371263, 148.446], [37.42727168, 55.80371244, 148.456], [37.42731154, 55.80371268, 148.46], [37.4273514, 55.80371326, 148.466], [37.42739123, 55.80371414, 148.478], [37.42743106, 55.80371519, 148.491], [37.42747087, 55.80371637, 148.502], [37.42751066, 55.80371777, 148.513], [37.42755041, 55.80371948, 148.526], [37.42759012, 55.80372144, 148.54], [37.4276298, 55.80372359, 148.551], [37.42766946, 55.8037259, 148.557], [37.42770909, 55.80372832, 148.559], [37.42774872, 55.80373078, 148.558], [37.42778835, 55.80373324, 148.551], [37.42782796, 55.80373577, 148.536], [37.42786751, 55.8037386, 148.51], [37.42790694, 55.80374189, 148.476], [37.42794625, 55.80374564, 148.44], [37.42798543, 55.80374978, 148.4], [37.42802451, 55.80375422, 148.358], [37.42806354, 55.8037588, 148.318], [37.42810254, 55.80376346, 148.286], [37.42814148, 55.80376828, 148.262], [37.42818031, 55.80377335, 148.239], [37.42821902, 55.80377872, 148.215], [37.42825763, 55.80378433, 148.191], [37.42829617, 55.80379007, 148.168], [37.42833466, 55.80379591, 148.147], [37.4283731, 55.80380186, 148.131], [37.42841148, 55.80380793, 148.12], [37.42844985, 55.80381402, 148.112], [37.42848826, 55.80382006, 148.1], [37.42852668, 55.80382604, 148.085], [37.42856513, 55.80383198, 148.069], [37.42860358, 55.8038379, 148.055], [37.42864203, 55.80384384, 148.045], [37.42868044, 55.80384986, 148.037], [37.42871884, 55.8038559, 148.031], [37.42875727, 55.80386186, 148.026], [37.42879575, 55.80386773, 148.022], [37.42883424, 55.80387358, 148.017], [37.4288727, 55.8038795, 148.013], [37.42891111, 55.80388551, 148.01], [37.42894948, 55.8038916, 148.009], [37.42898789, 55.80389762, 148.01], [37.42902635, 55.80390354, 148.014], [37.42906481, 55.80390945, 148.02], [37.42910323, 55.80391544, 148.027], [37.42914164, 55.80392145, 148.031], [37.4291801, 55.80392737, 148.031], [37.42921858, 55.80393324, 148.025], [37.42925703, 55.80393917, 148.019], [37.42929546, 55.80394515, 148.018], [37.42933389, 55.80395113, 148.021], [37.42937232, 55.80395708, 148.027], [37.42941077, 55.80396304, 148.032], [37.42944921, 55.80396897, 148.038], [37.42948764, 55.80397496, 148.046], [37.42952599, 55.80398109, 148.056], [37.42956433, 55.80398725, 148.067], [37.42960275, 55.80399323, 148.076], [37.42964125, 55.80399906, 148.083], [37.42967975, 55.80400489, 148.088], [37.42971824, 55.80401075, 148.093], [37.42975667, 55.80401672, 148.099], [37.42979503, 55.80402284, 148.106], [37.4298334, 55.80402893, 148.115], [37.42987183, 55.8040349, 148.125], [37.42991025, 55.8040409, 148.136], [37.42994865, 55.80404694, 148.145], [37.4299871, 55.80405287, 148.154], [37.43002561, 55.80405868, 148.163], [37.43006408, 55.80406456, 148.174], [37.43010245, 55.80407065, 148.188], [37.4301408, 55.80407679, 148.201], [37.43017922, 55.80408278, 148.208], [37.43021772, 55.80408862, 148.214], [37.4302562, 55.8040945, 148.222], [37.43029462, 55.80410048, 148.233], [37.430333, 55.80410656, 148.245], [37.43037136, 55.80411267, 148.257], [37.43040974, 55.80411874, 148.267], [37.43044819, 55.80412468, 148.279], [37.4304867, 55.80413049, 148.293], [37.4305252, 55.80413633, 148.309], [37.43056362, 55.80414231, 148.324], [37.43060201, 55.80414838, 148.338], [37.43064042, 55.80415439, 148.353], [37.43067891, 55.80416023, 148.368], [37.43071741, 55.80416606, 148.381], [37.43075582, 55.80417207, 148.391], [37.43079418, 55.80417819, 148.399], [37.43083258, 55.80418423, 148.412], [37.43087102, 55.80419018, 148.429], [37.43090947, 55.80419612, 148.444], [37.43094789, 55.8042021, 148.453], [37.43098635, 55.80420802, 148.461], [37.43102485, 55.80421385, 148.471], [37.4310633, 55.80421979, 148.482], [37.43110164, 55.80422594, 148.491], [37.43113998, 55.80423209, 148.497], [37.43117848, 55.80423792, 148.502], [37.43121704, 55.80424363, 148.507], [37.43125545, 55.80424964, 148.513], [37.43129378, 55.80425582, 148.52], [37.43133221, 55.80426179, 148.527], [37.43137076, 55.80426751, 148.533], [37.43140928, 55.8042733, 148.54], [37.43144763, 55.80427944, 148.549], [37.43148594, 55.80428566, 148.558], [37.4315244, 55.80429156, 148.568], [37.43156296, 55.80429726, 148.579], [37.43160145, 55.80430312, 148.59], [37.4316398, 55.80430925, 148.602], [37.43167813, 55.80431541, 148.612], [37.43171657, 55.80432139, 148.617], [37.43175509, 55.80432716, 148.616], [37.43179364, 55.8043329, 148.617], [37.43183213, 55.80433874, 148.621], [37.43187056, 55.80434472, 148.63], [37.43190892, 55.80435084, 148.638], [37.43194727, 55.80435697, 148.644], [37.4319857, 55.80436294, 148.651], [37.43202423, 55.80436871, 148.661], [37.43206267, 55.80437466, 148.67], [37.43210097, 55.8043809, 148.678], [37.43213934, 55.80438699, 148.684], [37.43217789, 55.80439272, 148.689], [37.43221645, 55.80439842, 148.694], [37.43225481, 55.80440453, 148.698], [37.43229309, 55.80441081, 148.702], [37.43233151, 55.80441681, 148.704], [37.43237005, 55.80442254, 148.706], [37.43240855, 55.80442837, 148.708], [37.43244692, 55.80443448, 148.709], [37.43248522, 55.8044407, 148.709], [37.43252362, 55.80444673, 148.707], [37.43256215, 55.80445249, 148.707], [37.43260069, 55.80445824, 148.711], [37.43263913, 55.8044642, 148.716], [37.43267747, 55.80447035, 148.717], [37.43271582, 55.80447649, 148.713], [37.43275427, 55.80448243, 148.707], [37.43279277, 55.80448825, 148.704], [37.43283122, 55.8044942, 148.703], [37.43286956, 55.80450035, 148.701], [37.4329079, 55.80450651, 148.697], [37.43294634, 55.80451245, 148.692], [37.43298486, 55.80451826, 148.69], [37.43302337, 55.80452405, 148.687], [37.4330619, 55.80452982, 148.683], [37.43310039, 55.80453567, 148.676], [37.43313875, 55.80454179, 148.67], [37.43317706, 55.804548, 148.664], [37.43321551, 55.80455394, 148.656], [37.43325407, 55.80455963, 148.644], [37.43329257, 55.80456548, 148.63], [37.43333088, 55.80457168, 148.615], [37.43336917, 55.80457793, 148.6], [37.43340762, 55.80458388, 148.585], [37.43344617, 55.80458959, 148.571], [37.43348466, 55.80459545, 148.556], [37.433523, 55.8046016, 148.54], [37.43356133, 55.80460777, 148.522], [37.43359981, 55.80461364, 148.501], [37.43363839, 55.80461931, 148.479], [37.43367687, 55.80462517, 148.463], [37.43371522, 55.80463132, 148.454], [37.43375354, 55.80463752, 148.45], [37.43379197, 55.80464349, 148.445], [37.43383052, 55.80464921, 148.437], [37.43386908, 55.80465492, 148.428], [37.43390751, 55.80466088, 148.422], [37.43394582, 55.8046671, 148.418], [37.43398417, 55.80467323, 148.414], [37.4340227, 55.80467901, 148.41], [37.43406127, 55.80468468, 148.405], [37.43409972, 55.80469062, 148.398], [37.43413803, 55.80469684, 148.386], [37.43417636, 55.80470302, 148.366], [37.43421481, 55.80470895, 148.343], [37.43425326, 55.80471487, 148.32], [37.43429159, 55.80472106, 148.3], [37.43432989, 55.80472729, 148.279], [37.43436838, 55.80473315, 148.254], [37.43440703, 55.80473865, 148.227], [37.43444564, 55.80474424, 148.206], [37.43448423, 55.80474987, 148.194], [37.43452298, 55.80475515, 148.186], [37.43456185, 55.80476015, 148.178], [37.43460066, 55.80476528, 148.166], [37.43463941, 55.80477055, 148.152], [37.43467821, 55.80477572, 148.136], [37.43471707, 55.80478076, 148.117], [37.43475593, 55.80478576, 148.095], [37.43479487, 55.80479058, 148.074], [37.43483391, 55.80479513, 148.059], [37.434873, 55.80479955, 148.046], [37.43491207, 55.80480402, 148.033], [37.43495111, 55.80480855, 148.02], [37.43499018, 55.80481303, 148.007], [37.43502932, 55.80481732, 147.993], [37.43506852, 55.80482138, 147.976], [37.43510777, 55.80482532, 147.955], [37.43514705, 55.80482917, 147.932], [37.43518637, 55.80483288, 147.913], [37.43522573, 55.80483647, 147.903], [37.4352651, 55.80483998, 147.902], [37.43530453, 55.80484331, 147.904], [37.43534404, 55.80484631, 147.904], [37.43538359, 55.80484915, 147.9], [37.43542311, 55.80485208, 147.893], [37.43546262, 55.80485509, 147.886], [37.43550218, 55.80485789, 147.883], [37.43554179, 55.80486044, 147.883], [37.4355814, 55.80486296, 147.883], [37.435621, 55.80486555, 147.878], [37.43566062, 55.80486807, 147.872], [37.43570029, 55.80487028, 147.869], [37.43574002, 55.80487215, 147.871], [37.43577975, 55.80487401, 147.874], [37.43581945, 55.80487608, 147.874], [37.43585915, 55.80487818, 147.87], [37.4358989, 55.80487985, 147.864], [37.4359387, 55.80488116, 147.858], [37.43597848, 55.80488266, 147.854], [37.43601821, 55.80488451, 147.852], [37.43605796, 55.80488627, 147.853], [37.43609776, 55.80488758, 147.855], [37.43613758, 55.80488864, 147.858], [37.43617738, 55.80488992, 147.864], [37.43621714, 55.80489155, 147.876], [37.4362569, 55.80489326, 147.893], [37.43629668, 55.8048947, 147.915], [37.4363365, 55.80489586, 147.936], [37.43637631, 55.80489701, 147.952], [37.43641611, 55.80489832, 147.968], [37.43645591, 55.80489966, 147.987], [37.43649571, 55.80490098, 148.009], [37.4365355, 55.80490238, 148.033], [37.43657527, 55.80490391, 148.06], [37.43661505, 55.80490541, 148.094], [37.43665485, 55.80490671, 148.139], [37.43669466, 55.80490789, 148.189], [37.43673446, 55.80490921, 148.239], [37.43677424, 55.8049107, 148.287], [37.43681404, 55.80491205, 148.339], [37.43685386, 55.80491317, 148.396], [37.43689367, 55.80491437, 148.456], [37.43693345, 55.80491584, 148.513], [37.43697322, 55.80491743, 148.566], [37.437013, 55.80491888, 148.619], [37.43705281, 55.80492004, 148.677], [37.43709264, 55.80492106, 148.741], [37.43713245, 55.80492226, 148.808], [37.43717224, 55.8049237, 148.875], [37.43721201, 55.80492524, 148.94], [37.43725179, 55.80492674, 149.007], [37.43729159, 55.80492804, 149.078], [37.43733141, 55.80492913, 149.15], [37.43737122, 55.8049303, 149.22], [37.43741102, 55.80493165, 149.288], [37.43745081, 55.80493307, 149.362], [37.4374906, 55.80493443, 149.443], [37.43753041, 55.80493567, 149.528], [37.43757022, 55.80493691, 149.613], [37.43761001, 55.8049383, 149.695], [37.43764979, 55.80493978, 149.777], [37.43768958, 55.80494117, 149.86], [37.43772938, 55.80494241, 149.941], [37.43776919, 55.80494362, 150.021], [37.437809, 55.80494491, 150.1], [37.43784879, 55.80494628, 150.179], [37.43788859, 55.80494762, 150.256], [37.43792838, 55.80494901, 150.33], [37.43796814, 55.80495066, 150.404], [37.4380079, 55.80495231, 150.477], [37.43804771, 55.8049535, 150.552], [37.43808754, 55.80495439, 150.632], [37.43812736, 55.80495552, 150.718], [37.43816714, 55.80495698, 150.804], [37.43820693, 55.80495841, 150.891], [37.43824674, 55.80495965, 150.976], [37.43828654, 55.80496088, 151.061], [37.43832633, 55.80496234, 151.147], [37.43836611, 55.80496385, 151.238], [37.43840591, 55.80496511, 151.328], [37.43844572, 55.80496627, 151.41], [37.43848551, 55.8049677, 151.483], [37.43852528, 55.80496928, 151.56], [37.43856508, 55.80497061, 151.647], [37.4386049, 55.80497165, 151.743], [37.43864471, 55.80497284, 151.839], [37.43868448, 55.8049744, 151.933], [37.43872424, 55.80497604, 152.025], [37.43876403, 55.80497747, 152.114], [37.43880384, 55.80497868, 152.201], [37.43884366, 55.80497975, 152.285], [37.43888349, 55.8049808, 152.369], [37.43892331, 55.8049819, 152.458], [37.43896312, 55.80498306, 152.553], [37.43900293, 55.80498425, 152.649], [37.43904274, 55.80498552, 152.74], [37.43908253, 55.80498694, 152.823], [37.43912229, 55.80498851, 152.898], [37.43916207, 55.80499006, 152.97], [37.43920187, 55.80499133, 153.045], [37.43924169, 55.80499247, 153.13], [37.43928148, 55.80499387, 153.221], [37.43932123, 55.80499556, 153.314], [37.43936099, 55.80499719, 153.405], [37.43940079, 55.8049985, 153.49], [37.43944061, 55.80499959, 153.571], [37.43948043, 55.80500077, 153.648], [37.43952023, 55.80500205, 153.724], [37.43956003, 55.80500329, 153.801], [37.43959985, 55.80500448, 153.882], [37.43963966, 55.80500565, 153.968], [37.43967947, 55.80500682, 154.055], [37.43971928, 55.80500809, 154.139], [37.43975906, 55.80500954, 154.218], [37.43979884, 55.80501105, 154.294], [37.43983863, 55.80501245, 154.372], [37.43987842, 55.80501382, 154.455], [37.43991821, 55.80501528, 154.538], [37.43995799, 55.80501675, 154.618], [37.43999779, 55.80501806, 154.696], [37.44003759, 55.80501932, 154.779], [37.44007739, 55.80502065, 154.869], [37.44011718, 55.80502206, 154.96], [37.44015696, 55.80502351, 155.05], [37.44019675, 55.80502497, 155.136], [37.44023653, 55.80502641, 155.219], [37.44027632, 55.80502782, 155.305], [37.44031611, 55.80502926, 155.396], [37.44035588, 55.80503079, 155.491], [37.44039566, 55.80503228, 155.585], [37.44043545, 55.80503366, 155.677], [37.44047525, 55.80503504, 155.77], [37.44051503, 55.80503654, 155.866], [37.4405548, 55.8050381, 155.962], [37.44059457, 55.8050396, 156.055], [37.44063436, 55.80504107, 156.145], [37.44067414, 55.80504253, 156.232], [37.44071392, 55.805044, 156.317], [37.4407537, 55.80504551, 156.402], [37.44079348, 55.80504703, 156.489], [37.44083325, 55.80504858, 156.582], [37.44087302, 55.80505017, 156.678], [37.44091279, 55.8050517, 156.776], [37.44095258, 55.80505315, 156.874], [37.44099235, 55.80505465, 156.97], [37.44103212, 55.80505626, 157.066], [37.44107189, 55.80505783, 157.16], [37.44111167, 55.80505931, 157.253], [37.44115145, 55.80506085, 157.345], [37.44119121, 55.80506249, 157.437], [37.44123098, 55.80506401, 157.529], [37.44127077, 55.8050654, 157.62], [37.44131056, 55.80506686, 157.714], [37.44135032, 55.80506847, 157.806], [37.44139008, 55.8050701, 157.897], [37.44142986, 55.80507163, 157.984], [37.44146964, 55.80507312, 158.071], [37.44150941, 55.80507466, 158.157], [37.44154918, 55.80507628, 158.245], [37.44158894, 55.80507786, 158.333], [37.44162872, 55.80507937, 158.422], [37.44166851, 55.80508084, 158.508], [37.44170828, 55.80508234, 158.593], [37.44174805, 55.8050839, 158.68], [37.44178783, 55.80508544, 158.768], [37.44182761, 55.80508689, 158.857], [37.4418674, 55.80508833, 158.948], [37.44190717, 55.80508987, 159.04], [37.44194694, 55.80509146, 159.13], [37.44198672, 55.80509297, 159.217], [37.4420265, 55.80509446, 159.302], [37.44206627, 55.80509598, 159.388], [37.44210605, 55.80509749, 159.476], [37.44214583, 55.80509899, 159.565], [37.44218561, 55.80510048, 159.65], [37.44222539, 55.805102, 159.733], [37.44226515, 55.8051036, 159.815], [37.44230492, 55.80510519, 159.898], [37.4423447, 55.80510669, 159.981], [37.44238448, 55.80510819, 160.062], [37.44242425, 55.80510976, 160.136], [37.44246402, 55.80511134, 160.206], [37.4425038, 55.80511284, 160.276], [37.44254358, 55.8051143, 160.346], [37.44258335, 55.80511583, 160.417], [37.44262312, 55.80511745, 160.489], [37.44266288, 55.80511905, 160.561], [37.44270266, 55.80512059, 160.633], [37.44274244, 55.80512208, 160.705], [37.44278222, 55.80512358, 160.773], [37.44282199, 55.80512515, 160.838], [37.44286175, 55.80512678, 160.9], [37.44290152, 55.80512838, 160.959], [37.44294129, 55.80512989, 161.021], [37.44298107, 55.80513138, 161.086], [37.44302085, 55.80513293, 161.152], [37.44306062, 55.80513446, 161.217], [37.4431004, 55.80513594, 161.282], [37.44314018, 55.80513745, 161.348], [37.44317995, 55.80513898, 161.413], [37.44321973, 55.80514048, 161.475], [37.44325951, 55.80514197, 161.535], [37.44329929, 55.80514353, 161.594], [37.44333905, 55.80514514, 161.649], [37.44337882, 55.8051467, 161.702], [37.4434186, 55.80514816, 161.753], [37.44345839, 55.80514958, 161.804], [37.44349818, 55.80515105, 161.853], [37.44353795, 55.8051526, 161.903], [37.44357772, 55.80515414, 161.954], [37.4436175, 55.80515566, 162.006], [37.44365728, 55.80515716, 162.058], [37.44369705, 55.8051587, 162.11], [37.44373682, 55.80516027, 162.162], [37.44377659, 55.80516184, 162.214], [37.44381636, 55.80516343, 162.263], [37.44385612, 55.80516506, 162.307], [37.44389589, 55.80516666, 162.348], [37.44393567, 55.80516814, 162.389], [37.44397545, 55.80516961, 162.431], [37.44401523, 55.80517116, 162.473], [37.44405499, 55.80517275, 162.514], [37.44409477, 55.80517429, 162.554], [37.44413455, 55.80517575, 162.593], [37.44417432, 55.80517728, 162.631], [37.44421409, 55.80517893, 162.663], [37.44425385, 55.80518056, 162.689], [37.44429363, 55.80518206, 162.708], [37.44433341, 55.80518349, 162.725], [37.4443732, 55.80518495, 162.74], [37.44441298, 55.80518646, 162.755], [37.44445275, 55.80518799, 162.768], [37.44449252, 55.80518958, 162.779], [37.44453228, 55.80519123, 162.788], [37.44457205, 55.80519281, 162.793], [37.44461183, 55.80519429, 162.797], [37.44465161, 55.80519574, 162.801], [37.4446914, 55.80519719, 162.805], [37.44473118, 55.80519866, 162.812], [37.44477096, 55.80520016, 162.826], [37.44481074, 55.80520168, 162.846], [37.44485051, 55.80520323, 162.872], [37.44489028, 55.80520477, 162.9], [37.44493006, 55.80520629, 162.932], [37.44496984, 55.80520782, 162.968], [37.44500961, 55.80520935, 163.01], [37.44504938, 55.8052109, 163.057], [37.44508916, 55.80521244, 163.107], [37.44512894, 55.80521395, 163.16], [37.44516871, 55.80521547, 163.213], [37.44520849, 55.805217, 163.262], [37.44524827, 55.8052185, 163.308], [37.44528804, 55.80522004, 163.348], [37.44532781, 55.80522164, 163.386], [37.44536758, 55.8052232, 163.421], [37.44540736, 55.80522471, 163.452], [37.44544713, 55.80522625, 163.476], [37.4454869, 55.80522783, 163.496], [37.44552668, 55.80522935, 163.515], [37.44556646, 55.80523082, 163.533], [37.44560624, 55.80523232, 163.549], [37.44564601, 55.80523384, 163.565], [37.44568579, 55.80523534, 163.581], [37.44572557, 55.80523682, 163.6], [37.44576535, 55.80523836, 163.62], [37.44580512, 55.80523994, 163.641], [37.4458449, 55.80524145, 163.662], [37.44588468, 55.80524288, 163.683], [37.44592446, 55.80524437, 163.704], [37.44596423, 55.80524597, 163.725], [37.44600399, 55.80524759, 163.745], [37.44604377, 55.80524912, 163.765], [37.44608355, 55.8052506, 163.786], [37.44612332, 55.80525216, 163.808], [37.44616308, 55.8052538, 163.828], [37.44620285, 55.80525541, 163.847], [37.44624263, 55.80525692, 163.864], [37.44628241, 55.8052584, 163.883], [37.44632218, 55.80525996, 163.904], [37.44636194, 55.80526156, 163.926], [37.44640171, 55.80526314, 163.947], [37.44644149, 55.80526469, 163.968], [37.44648127, 55.80526619, 163.987], [37.44652105, 55.80526763, 164.003], [37.44656084, 55.80526907, 164.018], [37.44660062, 55.80527058, 164.033], [37.44664039, 55.80527215, 164.047], [37.44668016, 55.80527369, 164.062], [37.44671994, 55.80527516, 164.079], [37.44675973, 55.80527662, 164.099], [37.4467995, 55.80527817, 164.12], [37.44683927, 55.80527978, 164.142], [37.44687904, 55.80528132, 164.164], [37.44691883, 55.80528274, 164.19], [37.44695862, 55.80528415, 164.218], [37.4469984, 55.80528563, 164.243], [37.44703817, 55.80528724, 164.263], [37.44707793, 55.80528887, 164.279], [37.4471177, 55.80529045, 164.293], [37.44715748, 55.80529194, 164.307], [37.44719726, 55.80529337, 164.323], [37.44723704, 55.80529486, 164.341], [37.44727681, 55.80529645, 164.361], [37.44731658, 55.80529805, 164.382], [37.44735635, 55.80529958, 164.403], [37.44739613, 55.80530112, 164.424], [37.44743589, 55.80530275, 164.444], [37.44747566, 55.80530436, 164.465], [37.44751543, 55.8053059, 164.488], [37.44755521, 55.80530741, 164.512], [37.44759499, 55.80530889, 164.537], [37.44763477, 55.80531037, 164.561], [37.44767455, 55.80531188, 164.586], [37.44771432, 55.80531342, 164.61], [37.4477541, 55.80531491, 164.632], [37.44779388, 55.8053164, 164.653], [37.44783366, 55.80531794, 164.671], [37.44787343, 55.80531951, 164.689], [37.4479132, 55.80532104, 164.708], [37.44795298, 55.80532253, 164.729], [37.44799276, 55.80532402, 164.749], [37.44803254, 55.80532552, 164.767], [37.44807232, 55.80532699, 164.785], [37.44811211, 55.80532847, 164.805], [37.44815188, 55.80533006, 164.828], [37.44819164, 55.80533168, 164.851], [37.44823142, 55.8053332, 164.878], [37.4482712, 55.80533466, 164.906], [37.44831098, 55.80533616, 164.934], [37.44835075, 55.80533772, 164.964], [37.44839052, 55.80533927, 164.996], [37.4484303, 55.80534075, 165.029], [37.44847009, 55.8053422, 165.063], [37.44850987, 55.80534371, 165.095], [37.44854964, 55.80534527, 165.128], [37.44858941, 55.80534683, 165.162], [37.44862919, 55.80534833, 165.2], [37.44866896, 55.80534986, 165.24], [37.44870873, 55.80535143, 165.28], [37.44874851, 55.80535295, 165.314], [37.44878829, 55.80535441, 165.346], [37.44882808, 55.80535591, 165.379], [37.44886784, 55.80535751, 165.413], [37.4489076, 55.80535914, 165.446], [37.44894738, 55.80536066, 165.478], [37.44898716, 55.80536214, 165.508], [37.44902693, 55.80536369, 165.536], [37.44906671, 55.80536526, 165.563], [37.44910649, 55.80536676, 165.587], [37.44914627, 55.80536816, 165.608], [37.44918607, 55.80536954, 165.628], [37.44922584, 55.80537107, 165.647], [37.44926561, 55.80537267, 165.665], [37.44930539, 55.8053742, 165.682], [37.44934516, 55.80537575, 165.697], [37.44938492, 55.8053774, 165.712], [37.44942468, 55.80537908, 165.725], [37.44946444, 55.80538066, 165.738], [37.44950423, 55.80538209, 165.752], [37.44954402, 55.8053835, 165.769], [37.4495838, 55.80538502, 165.787], [37.44962355, 55.80538671, 165.805], [37.44966329, 55.8053885, 165.824], [37.44970304, 55.80539022, 165.842], [37.44974282, 55.80539179, 165.859], [37.44978259, 55.80539335, 165.875], [37.44982235, 55.80539497, 165.89], [37.44986212, 55.80539659, 165.904], [37.44990189, 55.80539816, 165.917], [37.44994166, 55.80539968, 165.928], [37.44998144, 55.80540121, 165.939], [37.45002121, 55.8054028, 165.949], [37.45006097, 55.80540441, 165.959], [37.45010074, 55.80540601, 165.969], [37.4501405, 55.80540766, 165.976], [37.45018026, 55.80540928, 165.978], [37.45022004, 55.80541078, 165.977], [37.45025981, 55.80541236, 165.97], [37.45029956, 55.80541412, 165.96], [37.45033932, 55.80541577, 165.947], [37.4503791, 55.80541722, 165.934], [37.45041887, 55.80541878, 165.924], [37.45045863, 55.80542045, 165.919], [37.45049841, 55.805422, 165.916], [37.45053818, 55.80542357, 165.915], [37.45057792, 55.80542533, 165.914], [37.45061766, 55.80542713, 165.913], [37.45065742, 55.80542882, 165.912], [37.45069718, 55.80543049, 165.911], [37.45073693, 55.80543217, 165.911], [37.45077669, 55.80543383, 165.912], [37.45081644, 55.80543557, 165.915], [37.45085619, 55.80543728, 165.916], [37.45089597, 55.8054388, 165.913], [37.45093575, 55.80544025, 165.905], [37.45097554, 55.80544172, 165.898], [37.45101532, 55.80544321, 165.899], [37.45105508, 55.80544484, 165.91], [37.45109484, 55.80544651, 165.927], [37.4511346, 55.80544811, 165.94], [37.45117436, 55.80544977, 165.951], [37.45121412, 55.80545146, 165.961], [37.45125389, 55.80545301, 165.973], [37.45129365, 55.80545465, 165.989], [37.45133337, 55.80545663, 166.01], [37.45137305, 55.80545875, 166.036], [37.45141275, 55.80546084, 166.065], [37.45145245, 55.80546292, 166.091], [37.45149214, 55.80546501, 166.109], [37.45153183, 55.80546711, 166.119], [37.45157152, 55.80546926, 166.125], [37.45161118, 55.80547153, 166.132], [37.45165082, 55.80547393, 166.141], [37.45169046, 55.80547635, 166.15], [37.45173008, 55.80547886, 166.16], [37.45176966, 55.80548154, 166.172], [37.45180922, 55.80548432, 166.188], [37.45184876, 55.80548721, 166.203], [37.45188829, 55.80549012, 166.217], [37.45192786, 55.80549288, 166.23], [37.45196741, 55.80549571, 166.242], [37.4520069, 55.80549879, 166.254], [37.45204639, 55.80550188, 166.265], [37.45208589, 55.80550492, 166.275], [37.45212532, 55.80550825, 166.286], [37.45216475, 55.80551155, 166.297], [37.45220427, 55.80551453, 166.312], [37.45224382, 55.80551734, 166.331], [37.45228339, 55.8055201, 166.353], [37.45232295, 55.80552286, 166.377], [37.45236252, 55.80552561, 166.405], [37.45240209, 55.80552836, 166.441], [37.45244165, 55.80553114, 166.481], [37.45248118, 55.80553406, 166.519], [37.45252067, 55.80553713, 166.554], [37.45256017, 55.8055402, 166.587], [37.45259969, 55.80554318, 166.619], [37.45263921, 55.80554612, 166.65], [37.45267873, 55.80554906, 166.679], [37.45271826, 55.80555198, 166.707], [37.4527578, 55.80555486, 166.736], [37.45279732, 55.80555781, 166.767], [37.45283681, 55.80556089, 166.803], [37.45287629, 55.80556403, 166.842], [37.45291579, 55.8055671, 166.881], [37.4529553, 55.80557011, 166.917], [37.45299481, 55.80557309, 166.952], [37.45303434, 55.80557603, 166.987], [37.45307388, 55.80557891, 167.022], [37.45311341, 55.80558179, 167.06], [37.45315293, 55.80558474, 167.1], [37.45319244, 55.80558776, 167.142], [37.45323195, 55.80559079, 167.184], [37.45327146, 55.80559378, 167.227], [37.45331098, 55.80559675, 167.27], [37.4533505, 55.80559969, 167.31], [37.45339003, 55.8056026, 167.347], [37.45342956, 55.80560553, 167.387], [37.45346908, 55.80560848, 167.43], [37.45350859, 55.8056115, 167.476], [37.45354807, 55.80561462, 167.521], [37.45358756, 55.80561769, 167.564], [37.45362709, 55.80562062, 167.604], [37.45366662, 55.80562354, 167.643], [37.45370615, 55.80562645, 167.683], [37.4537457, 55.80562929, 167.724], [37.45378525, 55.80563213, 167.764], [37.45382478, 55.80563504, 167.803], [37.45386429, 55.80563804, 167.841], [37.45390379, 55.80564108, 167.882], [37.45394329, 55.80564413, 167.924], [37.4539828, 55.80564716, 167.965], [37.45402231, 55.80565014, 168.003], [37.45406185, 55.80565304, 168.042], [37.45410139, 55.80565589, 168.082], [37.45414094, 55.80565875, 168.124], [37.45418047, 55.80566167, 168.169], [37.45421997, 55.80566469, 168.214], [37.45425945, 55.80566781, 168.258], [37.45429894, 55.80567091, 168.305], [37.45433845, 55.8056739, 168.355], [37.45437799, 55.8056768, 168.41], [37.45441753, 55.80567968, 168.466], [37.45445706, 55.80568258, 168.522], [37.45449656, 55.80568561, 168.577], [37.45453602, 55.80568881, 168.635], [37.45457545, 55.80569213, 168.696], [37.4546149, 55.8056954, 168.756], [37.45465435, 55.80569862, 168.811], [37.45469379, 55.80570192, 168.864], [37.45473316, 55.80570546, 168.916], [37.45477244, 55.80570929, 168.969], [37.45481169, 55.80571323, 169.021], [37.45485096, 55.8057171, 169.073], [37.45489025, 55.80572091, 169.126], [37.45492951, 55.80572483, 169.18], [37.45496868, 55.80572901, 169.237], [37.45500784, 55.80573323, 169.295], [37.45504703, 55.80573734, 169.35], [37.45508626, 55.80574136, 169.403], [37.45512546, 55.80574545, 169.455], [37.4551646, 55.80574971, 169.508], [37.45520368, 55.80575417, 169.562], [37.45524271, 55.80575875, 169.618], [37.4552817, 55.80576343, 169.678], [37.45532065, 55.80576821, 169.741], [37.45535954, 55.80577315, 169.806], [37.45539832, 55.80577836, 169.868], [37.45543697, 55.80578389, 169.925], [37.45547549, 55.80578967, 169.973], [37.45551389, 55.80579571, 170.018], [37.45555216, 55.80580199, 170.065], [37.45559025, 55.80580863, 170.115], [37.45562817, 55.80581557, 170.165], [37.45566595, 55.80582273, 170.216], [37.45570368, 55.80582999, 170.273], [37.45574133, 55.80583737, 170.335], [37.45577885, 55.80584497, 170.394], [37.4558162, 55.80585282, 170.441], [37.45585346, 55.80586081, 170.478], [37.45589065, 55.8058689, 170.51], [37.45592773, 55.80587715, 170.539], [37.45596468, 55.80588558, 170.565], [37.45600163, 55.80589402, 170.59], [37.45603861, 55.8059024, 170.619], [37.45607558, 55.80591081, 170.652], [37.45611254, 55.80591923, 170.684], [37.45614948, 55.80592767, 170.713], [37.45618637, 55.80593619, 170.738], [37.45622326, 55.80594471, 170.762], [37.45626014, 55.80595324, 170.787], [37.45629697, 55.80596184, 170.814], [37.45633371, 55.80597056, 170.841], [37.45637035, 55.8059794, 170.869], [37.45640684, 55.80598845, 170.892], [37.45644311, 55.80599777, 170.908], [37.45647915, 55.80600737, 170.919], [37.45651509, 55.8060171, 170.93], [37.45655087, 55.806027, 170.941], [37.45658647, 55.80603711, 170.952], [37.45662193, 55.80604737, 170.961], [37.4566573, 55.80605774, 170.966], [37.45669253, 55.80606824, 170.971], [37.4567277, 55.80607882, 170.976], [37.4567628, 55.80608947, 170.984], [37.45679777, 55.80610025, 170.996], [37.45683243, 55.80611135, 171.013], [37.45686672, 55.8061228, 171.033], [37.45690082, 55.80613444, 171.054], [37.45693482, 55.80614616, 171.077], [37.45696864, 55.80615805, 171.102], [37.45700225, 55.80617013, 171.126], [37.45703551, 55.80618251, 171.144], [37.45706846, 55.80619516, 171.159], [37.45710112, 55.80620803, 171.175], [37.45713366, 55.806221, 171.194], [37.45716618, 55.80623399, 171.211], [37.45719848, 55.80624716, 171.227], [37.45723048, 55.80626055, 171.246], [37.45726233, 55.80627406, 171.272], [37.45729407, 55.80628764, 171.3], [37.45732574, 55.80630129, 171.32], [37.45735733, 55.80631498, 171.324], [37.45738877, 55.80632879, 171.319], [37.45741991, 55.80634281, 171.314], [37.45745066, 55.8063571, 171.32], [37.45748085, 55.80637177, 171.333], [37.45751065, 55.80638668, 171.346], [37.45754028, 55.80640171, 171.356], [37.4575697, 55.80641686, 171.37], [37.45759905, 55.80643206, 171.394], [37.45762844, 55.80644723, 171.424], [37.45765749, 55.80646261, 171.448], [37.45768592, 55.80647835, 171.459], [37.45771378, 55.80649441, 171.459], [37.45774146, 55.80651057, 171.456], [37.457769, 55.80652681, 171.457], [37.45779589, 55.80654339, 171.459], [37.45782211, 55.8065603, 171.462], [37.45784842, 55.80657717, 171.464], [37.45787518, 55.80659381, 171.47], [37.45790208, 55.80661038, 171.481], [37.45792852, 55.80662719, 171.492], [37.45795428, 55.80664433, 171.497], [37.45797965, 55.80666165, 171.499], [37.45800481, 55.80667907, 171.5], [37.45802951, 55.80669669, 171.505], [37.45805357, 55.8067146, 171.514], [37.45807715, 55.80673271, 171.527], [37.45810055, 55.80675088, 171.546], [37.4581237, 55.80676916, 171.57], [37.45814669, 55.80678751, 171.594], [37.45816966, 55.80680586, 171.615], [37.45819269, 55.80682419, 171.632], [37.45821561, 55.80684256, 171.646], [37.45823806, 55.80686112, 171.657], [37.4582599, 55.8068799, 171.665], [37.45828147, 55.80689879, 171.672], [37.45830321, 55.80691761, 171.677], [37.45832529, 55.80693631, 171.682], [37.4583476, 55.80695491, 171.688], [37.45836993, 55.80697352, 171.695], [37.4583922, 55.80699214, 171.703], [37.45841439, 55.80701079, 171.714], [37.45843649, 55.80702949, 171.726], [37.45845843, 55.80704823, 171.737], [37.45848027, 55.80706702, 171.747], [37.45850227, 55.80708574, 171.753], [37.45852462, 55.80710434, 171.756], [37.45854724, 55.80712283, 171.758], [37.45856987, 55.80714132, 171.761], [37.4585921, 55.80715995, 171.766], [37.45861379, 55.80717879, 171.772], [37.45863531, 55.8071977, 171.778], [37.4586571, 55.8072165, 171.782], [37.4586793, 55.80723515, 171.787], [37.45870162, 55.80725376, 171.791], [37.45872374, 55.80727244, 171.795], [37.45874574, 55.80729117, 171.8], [37.45876782, 55.80730986, 171.808], [37.45879005, 55.8073285, 171.819], [37.45881229, 55.80734714, 171.83], [37.45883441, 55.80736581, 171.84], [37.45885646, 55.80738452, 171.847], [37.45887849, 55.80740324, 171.853], [37.45890054, 55.80742195, 171.86], [37.45892264, 55.80744063, 171.87], [37.45894487, 55.80745927, 171.883], [37.45896721, 55.80747787, 171.898], [37.45898947, 55.8074965, 171.913], [37.45901156, 55.80751519, 171.927], [37.45903354, 55.80753393, 171.941], [37.45905546, 55.80755268, 171.952], [37.45907737, 55.80757144, 171.96], [37.45909937, 55.80759017, 171.963], [37.45912154, 55.80760883, 171.961], [37.45914387, 55.80762743, 171.957], [37.45916617, 55.80764605, 171.947], [37.45918819, 55.80766476, 171.935], [37.45920999, 55.80768356, 171.921], [37.45923182, 55.80770235, 171.908], [37.45925397, 55.80772102, 171.893], [37.4592764, 55.80773959, 171.875], [37.45929879, 55.80775817, 171.859], [37.459321, 55.80777681, 171.847], [37.45934305, 55.80779552, 171.841], [37.45936495, 55.80781428, 171.836], [37.45938694, 55.80783301, 171.83], [37.45940926, 55.80785162, 171.82], [37.45943168, 55.80787019, 171.806], [37.45945389, 55.80788884, 171.787], [37.45947591, 55.80790755, 171.768], [37.45949795, 55.80792627, 171.75], [37.45952005, 55.80794496, 171.734], [37.45954211, 55.80796366, 171.719], [37.4595642, 55.80798235, 171.702], [37.45958643, 55.80800099, 171.685], [37.45960865, 55.80801963, 171.665], [37.45963076, 55.80803832, 171.639], [37.45965282, 55.80805702, 171.609], [37.45967493, 55.80807571, 171.578], [37.45969698, 55.80809442, 171.547], [37.45971895, 55.80811315, 171.517], [37.45974096, 55.80813188, 171.485], [37.45976304, 55.80815057, 171.453], [37.45978514, 55.80816926, 171.421], [37.45980726, 55.80818794, 171.387], [37.4598294, 55.80820662, 171.35], [37.45985148, 55.80822531, 171.313], [37.45987347, 55.80824404, 171.277], [37.45989543, 55.80826279, 171.245], [37.45991737, 55.80828153, 171.214], [37.4599394, 55.80830025, 171.181], [37.45996152, 55.80831893, 171.144], [37.45998362, 55.80833762, 171.105], [37.46000573, 55.8083563, 171.066], [37.4600279, 55.80837497, 171.029], [37.46005004, 55.80839364, 170.993], [37.46007218, 55.80841232, 170.957], [37.46009442, 55.80843095, 170.919], [37.46011673, 55.80844956, 170.88], [37.4601389, 55.80846822, 170.842], [37.46016084, 55.80848698, 170.806], [37.4601828, 55.80850572, 170.773], [37.46020496, 55.80852438, 170.74], [37.46022724, 55.808543, 170.707], [37.46024948, 55.80856164, 170.674], [37.46027165, 55.8085803, 170.642], [37.46029375, 55.80859899, 170.608], [37.46031585, 55.80861768, 170.573], [37.46033806, 55.80863633, 170.539], [37.46036029, 55.80865497, 170.503], [37.46038249, 55.80867362, 170.467], [37.46040464, 55.80869229, 170.427], [37.46042665, 55.80871101, 170.381], [37.46044863, 55.80872975, 170.332], [37.46047081, 55.80874841, 170.283], [37.46049319, 55.80876699, 170.231], [37.46051561, 55.80878556, 170.18], [37.46053785, 55.80880419, 170.136], [37.46055985, 55.80882292, 170.1], [37.4605818, 55.80884167, 170.065], [37.46060378, 55.8088604, 170.027], [37.46062581, 55.80887911, 169.987], [37.46064797, 55.80889778, 169.949], [37.46067014, 55.80891644, 169.913], [37.46069226, 55.80893512, 169.877], [37.4607145, 55.80895376, 169.838], [37.46073681, 55.80897237, 169.797], [37.46075901, 55.80899102, 169.755], [37.46078114, 55.8090097, 169.713], [37.46080332, 55.80902836, 169.672], [37.46082553, 55.80904701, 169.63], [37.4608477, 55.80906567, 169.589], [37.46086985, 55.80908434, 169.55], [37.460892, 55.80910301, 169.516], [37.46091408, 55.80912171, 169.487], [37.46093617, 55.8091404, 169.464], [37.46095837, 55.80915905, 169.449], [37.46098055, 55.80917771, 169.441], [37.46100258, 55.80919643, 169.437], [37.46102458, 55.80921515, 169.435], [37.46104668, 55.80923384, 169.435], [37.46106881, 55.80925252, 169.44], [37.46109093, 55.8092712, 169.451], [37.46111312, 55.80928986, 169.465], [37.46113534, 55.8093085, 169.475], [37.4611575, 55.80932717, 169.483], [37.46117963, 55.80934585, 169.49], [37.46120173, 55.80936454, 169.5], [37.46122384, 55.80938322, 169.517], [37.46124605, 55.80940187, 169.539], [37.46126827, 55.80942051, 169.564], [37.46129054, 55.80943913, 169.588], [37.46131326, 55.80945759, 169.601], [37.46133688, 55.80947568, 169.604], [37.46136113, 55.8094935, 169.598], [37.46138411, 55.80951184, 169.589], [37.46140417, 55.80953124, 169.581], [37.46142181, 55.80955137, 169.572], [37.46143671, 55.80957219, 169.568], [37.46144817, 55.80959369, 169.571], [37.46145532, 55.80961576, 169.581], [37.46145844, 55.80963814, 169.593], [37.46145811, 55.80966059, 169.598], [37.4614563, 55.80968302, 169.59], [37.46145386, 55.80970543, 169.567], [37.46145096, 55.80972783, 169.53], [37.4614487, 55.80975024, 169.482], [37.46144811, 55.80977269, 169.436], [37.46144971, 55.80979512, 169.409], [37.46145325, 55.80981749, 169.399], [37.46145892, 55.80983971, 169.394], [37.46146687, 55.80986171, 169.384], [37.46147718, 55.80988339, 169.362], [37.46148938, 55.80990477, 169.33], [37.46150377, 55.8099257, 169.292], [37.46152035, 55.80994612, 169.254], [37.4615393, 55.80996587, 169.218], [37.46156031, 55.80998495, 169.183], [37.46158345, 55.81000323, 169.145], [37.46160862, 55.81002064, 169.105], [37.46163533, 55.81003731, 169.066], [37.46166207, 55.81005397, 169.029], [37.46168829, 55.81007089, 168.99], [37.46171423, 55.81008794, 168.947], [37.46174098, 55.81010458, 168.896], [37.46176989, 55.81012004, 168.842], [37.46180072, 55.81013428, 168.79], [37.46183223, 55.81014803, 168.745], [37.46186394, 55.81016164, 168.709], [37.46189552, 55.81017535, 168.677], [37.46192676, 55.8101893, 168.641], [37.46195784, 55.81020337, 168.605], [37.46198902, 55.81021737, 168.57], [37.46202043, 55.8102312, 168.535], [37.46205221, 55.81024476, 168.501], [37.46208434, 55.81025806, 168.475], [37.46211636, 55.81027143, 168.455], [37.46214724, 55.81028563, 168.437], [37.46217622, 55.81030105, 168.419], [37.46220348, 55.81031743, 168.403], [37.46222869, 55.81033482, 168.39], [37.46225172, 55.81035315, 168.381], [37.46227231, 55.81037237, 168.376], [37.46229084, 55.81039225, 168.37], [37.46229771, 55.81040035, 168.366]]}, "properties": {"id": "main", "closed": true, "length": 11053.6506, "from": "null", "to": "null"}}, {"type": "Feature", "geometry": {"type": "LineString", "coordinates": [[37.45007714, 55.80543652, 166.004], [37.45004024, 55.80544391, 166.001], [37.45000083, 55.80544724, 165.995], [37.44996151, 55.80545089, 165.986], [37.44992217, 55.80545449, 165.975], [37.44988266, 55.80545739, 165.959], [37.44984295, 55.80545931, 165.943], [37.44980314, 55.80546024, 165.931], [37.44976329, 55.80546022, 165.925], [37.44972347, 55.80545925, 165.921], [37.44968369, 55.80545796, 165.916], [37.4496439, 55.80545668, 165.907], [37.44960412, 55.80545531, 165.892], [37.44956436, 55.80545382, 165.87], [37.44952459, 55.80545232, 165.845], [37.44948483, 55.80545082, 165.821], [37.44944507, 55.80544926, 165.804], [37.44940532, 55.80544768, 165.792], [37.44936556, 55.80544614, 165.781], [37.4493258, 55.80544462, 165.765], [37.44928604, 55.80544308, 165.747], [37.44924629, 55.80544148, 165.729], [37.44920654, 55.80543986, 165.711], [37.44916678, 55.80543835, 165.693], [37.44912701, 55.80543687, 165.675], [37.44908726, 55.80543527, 165.656], [37.44904752, 55.80543361, 165.634], [37.44900777, 55.805432, 165.608], [37.44896801, 55.80543048, 165.58], [37.44892824, 55.80542902, 165.552], [37.44888847, 55.80542752, 165.518], [37.44884872, 55.80542596, 165.477], [37.44880897, 55.80542434, 165.438], [37.44876922, 55.80542272, 165.401], [37.44872947, 55.80542114, 165.365], [37.44868971, 55.8054196, 165.331], [37.44864995, 55.80541807, 165.297], [37.44861018, 55.80541657, 165.264], [37.44857043, 55.80541503, 165.233], [37.44853068, 55.80541341, 165.202], [37.44849093, 55.80541182, 165.173], [37.44845115, 55.80541039, 165.143], [37.44841138, 55.805409, 165.115], [37.44837161, 55.8054075, 165.089], [37.44833186, 55.8054059, 165.066], [37.4482921, 55.80540438, 165.044], [37.44825233, 55.80540296, 165.019], [37.44821256, 55.80540154, 164.99], [37.44817279, 55.80540001, 164.96], [37.44813304, 55.80539842, 164.934], [37.4480933, 55.80539679, 164.913], [37.44805355, 55.80539514, 164.893], [37.44801378, 55.80539367, 164.872], [37.44797401, 55.80539221, 164.851], [37.44793426, 55.80539062, 164.829], [37.44789451, 55.80538905, 164.809], [37.44785475, 55.80538753, 164.789], [37.44781499, 55.80538602, 164.767], [37.44777522, 55.80538456, 164.746], [37.44773544, 55.80538312, 164.724], [37.44769569, 55.80538157, 164.703], [37.44765594, 55.80537994, 164.681], [37.44761618, 55.80537839, 164.658], [37.44757642, 55.80537692, 164.636], [37.44753666, 55.80537539, 164.617], [37.4474969, 55.80537384, 164.601], [37.44745714, 55.80537232, 164.584], [37.44741737, 55.80537082, 164.568], [37.44737762, 55.80536924, 164.555], [37.44733786, 55.80536773, 164.544], [37.44729809, 55.80536626, 164.533], [37.44725833, 55.80536475, 164.518], [37.44721856, 55.80536328, 164.501], [37.44717879, 55.80536183, 164.482], [37.44713904, 55.80536026, 164.462], [37.44709929, 55.80535864, 164.441], [37.44705954, 55.80535702, 164.418], [37.44701979, 55.80535541, 164.396], [37.44698003, 55.80535391, 164.38], [37.44694026, 55.80535245, 164.368], [37.44690049, 55.80535096, 164.356], [37.44686074, 55.8053494, 164.342], [37.44682099, 55.80534776, 164.33], [37.44678125, 55.80534611, 164.319], [37.44674148, 55.8053446, 164.31], [37.44670171, 55.80534316, 164.302], [37.44666195, 55.80534167, 164.293], [37.4466222, 55.80534007, 164.282], [37.44658245, 55.80533842, 164.268], [37.4465427, 55.80533685, 164.254], [37.44650293, 55.80533538, 164.243], [37.44646315, 55.80533399, 164.236], [37.44642339, 55.80533249, 164.225], [37.44638364, 55.80533088, 164.207], [37.44634388, 55.80532937, 164.181], [37.44630411, 55.80532792, 164.151], [37.44626435, 55.80532635, 164.118], [37.44622461, 55.8053247, 164.084], [37.44618485, 55.80532319, 164.051], [37.44614508, 55.80532174, 164.017], [37.44610532, 55.80532015, 163.981], [37.44606558, 55.80531851, 163.943], [37.44602581, 55.80531703, 163.911], [37.44598603, 55.80531567, 163.884], [37.44594626, 55.80531427, 163.861], [37.4459065, 55.80531272, 163.838], [37.44586675, 55.8053111, 163.818], [37.44582701, 55.80530945, 163.799], [37.44578726, 55.80530779, 163.782], [37.44574751, 55.8053062, 163.766], [37.44570774, 55.80530475, 163.752], [37.44566797, 55.80530334, 163.735], [37.4456282, 55.80530187, 163.715], [37.44558844, 55.80530034, 163.692], [37.44554869, 55.80529875, 163.668], [37.44550894, 55.80529715, 163.645], [37.44546918, 55.80529559, 163.623], [37.44542943, 55.80529404, 163.599], [37.44538967, 55.80529249, 163.571], [37.44534991, 55.80529097, 163.538], [37.44531013, 55.80528953, 163.501], [37.44527036, 55.80528811, 163.459], [37.44523061, 55.80528655, 163.411], [37.44519085, 55.80528496, 163.362], [37.44515109, 55.80528348, 163.314], [37.44511132, 55.80528203, 163.266], [37.44507156, 55.80528051, 163.219], [37.4450318, 55.80527893, 163.176], [37.44499205, 55.80527733, 163.138], [37.4449523, 55.80527578, 163.103], [37.44491253, 55.80527431, 163.069], [37.44487276, 55.80527286, 163.036], [37.44483299, 55.80527138, 163.004], [37.44479324, 55.80526983, 162.975], [37.44475349, 55.80526822, 162.951], [37.44471374, 55.80526663, 162.93], [37.44467398, 55.80526508, 162.912], [37.44463422, 55.80526354, 162.9], [37.44459445, 55.80526207, 162.893], [37.44455468, 55.80526062, 162.891], [37.44451491, 55.80525917, 162.89], [37.44447515, 55.80525767, 162.89], [37.44443539, 55.8052561, 162.888], [37.44439564, 55.80525451, 162.882], [37.44435589, 55.80525294, 162.87], [37.44431612, 55.80525145, 162.851], [37.44427635, 55.80525002, 162.823], [37.4442366, 55.80524843, 162.792], [37.44419685, 55.80524681, 162.758], [37.44415708, 55.80524535, 162.722], [37.44411732, 55.80524383, 162.686], [37.44407757, 55.80524225, 162.648], [37.44403781, 55.80524072, 162.61], [37.44399804, 55.80523927, 162.569], [37.44395827, 55.8052378, 162.524], [37.44391851, 55.80523631, 162.477], [37.44387874, 55.8052348, 162.434], [37.44383899, 55.80523325, 162.395], [37.44379923, 55.80523169, 162.354], [37.44375947, 55.80523016, 162.307], [37.4437197, 55.80522871, 162.256], [37.44367994, 55.80522723, 162.202], [37.44364018, 55.8052257, 162.144], [37.44360041, 55.8052242, 162.086], [37.44356065, 55.80522267, 162.031], [37.4435209, 55.80522107, 161.979], [37.44348115, 55.80521948, 161.928], [37.44344139, 55.80521797, 161.877], [37.44340162, 55.80521653, 161.823], [37.44336186, 55.80521498, 161.768], [37.44332211, 55.80521339, 161.712], [37.44328233, 55.80521197, 161.659], [37.44324256, 55.8052106, 161.608], [37.4432028, 55.80520901, 161.557], [37.44316306, 55.80520739, 161.501], [37.44312329, 55.80520593, 161.439], [37.44308352, 55.8052045, 161.376], [37.44304376, 55.80520294, 161.312], [37.443004, 55.80520139, 161.246], [37.44296424, 55.80519994, 161.178], [37.44292448, 55.80519841, 161.109], [37.44288472, 55.80519683, 161.042], [37.44284496, 55.8051953, 160.979], [37.44280521, 55.80519374, 160.915], [37.44276545, 55.80519218, 160.849], [37.44272569, 55.80519068, 160.783], [37.44268593, 55.80518917, 160.716], [37.44264617, 55.80518762, 160.646], [37.44260641, 55.80518608, 160.572], [37.44256665, 55.80518456, 160.499], [37.44252689, 55.80518301, 160.426], [37.44248713, 55.80518147, 160.35], [37.44244737, 55.80517993, 160.272], [37.44240761, 55.80517845, 160.193], [37.44236784, 55.80517698, 160.116], [37.44232808, 55.80517544, 160.038], [37.44228833, 55.80517387, 159.955], [37.44224857, 55.80517234, 159.866], [37.44220881, 55.80517083, 159.777], [37.44216905, 55.80516929, 159.691], [37.4421293, 55.80516769, 159.607], [37.44208953, 55.80516621, 159.525], [37.44204976, 55.8051648, 159.446], [37.44201, 55.8051633, 159.367], [37.44197024, 55.80516174, 159.283], [37.44193048, 55.80516023, 159.195], [37.44189072, 55.80515872, 159.11], [37.44185096, 55.80515716, 159.03], [37.4418112, 55.80515561, 158.951], [37.44177144, 55.80515407, 158.865], [37.44173169, 55.80515252, 158.774], [37.44169193, 55.80515095, 158.687], [37.44165217, 55.80514943, 158.605], [37.44161242, 55.80514788, 158.523], [37.44157267, 55.80514625, 158.437], [37.44153292, 55.80514466, 158.349], [37.44149314, 55.80514325, 158.257], [37.44145337, 55.80514183, 158.16], [37.44141361, 55.80514026, 158.062], [37.44137388, 55.80513854, 157.968], [37.44133415, 55.80513675, 157.878], [37.44129441, 55.80513514, 157.79], [37.44125464, 55.80513366, 157.704], [37.44121489, 55.80513207, 157.615], [37.44117514, 55.80513043, 157.521], [37.44113539, 55.80512885, 157.424], [37.44109564, 55.80512727, 157.326], [37.44105589, 55.80512561, 157.23], [37.44101614, 55.805124, 157.134], [37.44097639, 55.8051224, 157.037], [37.44093664, 55.8051208, 156.942], [37.44089689, 55.80511916, 156.849], [37.44085714, 55.80511759, 156.759], [37.44081738, 55.80511608, 156.673], [37.44077762, 55.8051145, 156.586], [37.44073786, 55.80511301, 156.493], [37.44069809, 55.80511159, 156.393], [37.44065834, 55.80510994, 156.291], [37.4406186, 55.80510826, 156.184], [37.44057882, 55.80510693, 156.071], [37.44053901, 55.80510588, 155.958], [37.44049924, 55.80510444, 155.853], [37.44045961, 55.80510214, 155.761], [37.4404202, 55.80509881, 155.681], [37.44038119, 55.80509424, 155.608], [37.4403425, 55.80508885, 155.537], [37.440304, 55.80508305, 155.464], [37.44026566, 55.80507693, 155.386], [37.44022741, 55.80507064, 155.302], [37.44018898, 55.80506468, 155.214], [37.44015199, 55.80505708, 155.135]]}, "properties": {"id": "wb_detour", "closed": false, "length": 625.2669, "n_runs": 12, "from": "{\"edge\": \"main\", \"s\": 1120.976}", "to": "{\"edge\": \"main\", \"s\": 1745.214}"}}, {"type": "Feature", "geometry": {"type": "LineString", "coordinates": [[37.38887499, 55.79941002, 174.251], [37.38890246, 55.79942622, 174.252], [37.38892986, 55.79944246, 174.255], [37.38895731, 55.79945867, 174.261], [37.3889849, 55.79947481, 174.269], [37.38901263, 55.79949086, 174.278], [37.38904032, 55.79950694, 174.288], [37.38906797, 55.79952305, 174.298], [37.3890955, 55.79953921, 174.306], [37.38912298, 55.79955541, 174.31], [37.38915063, 55.79957151, 174.313], [37.3891783, 55.7995876, 174.314], [37.3892058, 55.79960378, 174.313], [37.3892332, 55.79962002, 174.31], [37.38926072, 55.79963619, 174.306], [37.38928841, 55.79965227, 174.307], [37.38931595, 55.79966843, 174.313], [37.38934331, 55.79968469, 174.321], [37.38937078, 55.79970089, 174.327], [37.3893983, 55.79971706, 174.33], [37.38942594, 55.79973317, 174.332], [37.38945363, 55.79974925, 174.333], [37.38948132, 55.79976533, 174.333], [37.38950917, 55.79978132, 174.331], [37.38953705, 55.7997973, 174.327], [37.38956492, 55.79981328, 174.325], [37.38959313, 55.79982907, 174.329], [37.38962155, 55.79984474, 174.34], [37.38964903, 55.79986093, 174.354], [37.38967504, 55.79987788, 174.366], [37.38969972, 55.79989544, 174.375], [37.38972271, 55.79991371, 174.384], [37.38974323, 55.7999329, 174.396], [37.38976191, 55.79995267, 174.41], [37.38977977, 55.79997269, 174.422], [37.38979813, 55.79999256, 174.429], [37.38981845, 55.80001181, 174.43], [37.38983243, 55.80003238, 174.428]]}, "properties": {"id": "fan_F2", "closed": false, "length": 92.2873, "n_runs": 5, "from": "null", "to": "{\"edge\": \"main\", \"s\": 5724.453}"}}, {"type": "Feature", "geometry": {"type": "LineString", "coordinates": [[37.39008406, 55.80022283, 174.512], [37.39006948, 55.80020237, 174.504], [37.39004875, 55.80018323, 174.498], [37.3900303, 55.80016337, 174.494], [37.3900141, 55.80014288, 174.487], [37.39000011, 55.80012189, 174.47], [37.38998765, 55.8001006, 174.445], [37.38997596, 55.80007916, 174.425], [37.38996425, 55.80005773, 174.42], [37.38995193, 55.80003641, 174.424], [37.38993904, 55.8000152, 174.429], [37.38992584, 55.79999404, 174.427], [37.38991202, 55.79997301, 174.419], [37.38989734, 55.79995217, 174.412], [37.38988171, 55.79993155, 174.41], [37.38986517, 55.79991115, 174.414], [37.38984801, 55.79989092, 174.418], [37.38983057, 55.79987076, 174.421], [37.38981298, 55.79985065, 174.418], [37.38979503, 55.79983063, 174.409], [37.38977671, 55.79981072, 174.394], [37.38975809, 55.79979091, 174.373], [37.38973908, 55.7997712, 174.342], [37.38971973, 55.79975161, 174.299], [37.38970009, 55.7997321, 174.251], [37.38968009, 55.79971271, 174.21], [37.38965972, 55.79969345, 174.178], [37.38963905, 55.79967429, 174.149], [37.38961814, 55.7996552, 174.119], [37.38959685, 55.79963626, 174.089], [37.38957476, 55.79961761, 174.06], [37.38955181, 55.79959928, 174.035], [37.3895282, 55.79958123, 174.011], [37.38950406, 55.7995634, 173.987], [37.38947925, 55.79954586, 173.966], [37.38945385, 55.7995286, 173.954], [37.38942787, 55.79951161, 173.951], [37.38940122, 55.79949495, 173.95], [37.38937411, 55.79947853, 173.944], [37.3893466, 55.79946233, 173.935], [37.38931833, 55.79944654, 173.928], [37.38928929, 55.7994312, 173.928], [37.3892596, 55.79941627, 173.931], [37.38922934, 55.7994017, 173.931], [37.38919845, 55.79938756, 173.924], [37.38916705, 55.79937377, 173.91], [37.38913482, 55.79936061, 173.893], [37.38910193, 55.79934798, 173.875], [37.38906882, 55.79933553, 173.858], [37.38903551, 55.79932326, 173.847], [37.389002, 55.79931115, 173.844]]}, "properties": {"id": "west_arrival_2", "closed": false, "length": 125.3318, "n_runs": 3, "from": "{\"edge\": \"main\", \"s\": 5395.193}", "to": "null"}}, {"type": "Feature", "geometry": {"type": "Point", "coordinates": [37.3888969, 55.79942314]}, "properties": {"id": "fan_F2:2.0", "edge": "fan_F2", "s": 2.01, "cls": "signal", "landmark": true, "s_robust_std": 0.366, "n_runs": 3, "p_stop": null, "dwell_med": 6.7}}, {"type": "Feature", "geometry": {"type": "Point", "coordinates": [37.38918832, 55.79959181]}, "properties": {"id": "fan_F2:28.2", "edge": "fan_F2", "s": 28.21, "cls": "terminal", "landmark": false, "s_robust_std": 0.897, "n_runs": 2, "p_stop": null, "dwell_med": 77.5}}, {"type": "Feature", "geometry": {"type": "Point", "coordinates": [37.46229831, 55.8104015]}, "properties": {"id": "main:0.1", "edge": "main", "s": 0.14, "cls": "terminal", "landmark": true, "s_robust_std": 0.151, "n_runs": 11, "p_stop": 0.042, "dwell_med": 7.5}}, {"type": "Feature", "geometry": {"type": "Point", "coordinates": [37.46227001, 55.8105258]}, "properties": {"id": "main:15.1", "edge": "main", "s": 15.14, "cls": "terminal", "landmark": false, "s_robust_std": 0.378, "n_runs": 2, "p_stop": 0.031, "dwell_med": 6.9}}, {"type": "Feature", "geometry": {"type": "Point", "coordinates": [37.46134588, 55.8101217]}, "properties": {"id": "main:146.3", "edge": "main", "s": 146.26, "cls": "platform", "landmark": true, "s_robust_std": 0.161, "n_runs": 22, "p_stop": 0.618, "dwell_med": 22.0}}, {"type": "Feature", "geometry": {"type": "Point", "coordinates": [37.4613977, 55.80971486]}, "properties": {"id": "main:191.7", "edge": "main", "s": 191.67, "cls": "signal", "landmark": true, "s_robust_std": 0.564, "n_runs": 16, "p_stop": 0.457, "dwell_med": 18.0}}, {"type": "Feature", "geometry": {"type": "Point", "coordinates": [37.4607577, 55.80904661]}, "properties": {"id": "main:277.8", "edge": "main", "s": 277.81, "cls": "signal", "landmark": true, "s_robust_std": 0.352, "n_runs": 11, "p_stop": 0.314, "dwell_med": 10.3}}, {"type": "Feature", "geometry": {"type": "Point", "coordinates": [37.45852746, 55.80715449]}, "properties": {"id": "main:531.0", "edge": "main", "s": 531.03, "cls": "signal", "landmark": false, "s_robust_std": 1.769, "n_runs": 4, "p_stop": 0.118, "dwell_med": 24.0}}, {"type": "Feature", "geometry": {"type": "Point", "coordinates": [37.45830308, 55.80697433]}, "properties": {"id": "main:555.2", "edge": "main", "s": 555.17, "cls": "platform", "landmark": true, "s_robust_std": 0.318, "n_runs": 20, "p_stop": 0.588, "dwell_med": 16.1}}, {"type": "Feature", "geometry": {"type": "Point", "coordinates": [37.45814571, 55.80684183]}, "properties": {"id": "main:572.9", "edge": "main", "s": 572.92, "cls": "signal", "landmark": true, "s_robust_std": 0.302, "n_runs": 14, "p_stop": 0.412, "dwell_med": 12.1}}, {"type": "Feature", "geometry": {"type": "Point", "coordinates": [37.4545258, 55.80571968]}, "properties": {"id": "main:840.1", "edge": "main", "s": 840.13, "cls": "signal", "landmark": false, "s_robust_std": 1.184, "n_runs": 3, "p_stop": 0.088, "dwell_med": 10.0}}, {"type": "Feature", "geometry": {"type": "Point", "coordinates": [37.45387416, 55.80567061]}, "properties": {"id": "main:881.4", "edge": "main", "s": 881.38, "cls": "platform", "landmark": true, "s_robust_std": 0.201, "n_runs": 25, "p_stop": 0.735, "dwell_med": 20.6}}, {"type": "Feature", "geometry": {"type": "Point", "coordinates": [37.45376969, 55.80566282]}, "properties": {"id": "main:888.0", "edge": "main", "s": 887.97, "cls": "signal", "landmark": true, "s_robust_std": 0.318, "n_runs": 4, "p_stop": 0.118, "dwell_med": 28.5}}, {"type": "Feature", "geometry": {"type": "Point", "coordinates": [37.45340802, 55.80563586]}, "properties": {"id": "main:910.8", "edge": "main", "s": 910.84, "cls": "random", "landmark": false, "s_robust_std": 0.013, "n_runs": 2, "p_stop": 0.059, "dwell_med": 20.5}}, {"type": "Feature", "geometry": {"type": "Point", "coordinates": [37.45333125, 55.80563021]}, "properties": {"id": "main:915.7", "edge": "main", "s": 915.7, "cls": "signal", "landmark": true, "s_robust_std": 0.024, "n_runs": 3, "p_stop": 0.088, "dwell_med": 32.6}}, {"type": "Feature", "geometry": {"type": "Point", "coordinates": [37.45256429, 55.80557231]}, "properties": {"id": "main:964.2", "edge": "main", "s": 964.23, "cls": "signal", "landmark": true, "s_robust_std": 0.051, "n_runs": 6, "p_stop": 0.176, "dwell_med": 19.6}}, {"type": "Feature", "geometry": {"type": "Point", "coordinates": [37.42992127, 55.80407529]}, "properties": {"id": "main:2398.8", "edge": "main", "s": 2398.77, "cls": "signal", "landmark": true, "s_robust_std": 0.222, "n_runs": 4, "p_stop": 0.118, "dwell_med": 16.5}}, {"type": "Feature", "geometry": {"type": "Point", "coordinates": [37.42224194, 55.80409887]}, "properties": {"id": "main:2888.5", "edge": "main", "s": 2888.46, "cls": "signal", "landmark": true, "s_robust_std": 0.131, "n_runs": 5, "p_stop": 0.147, "dwell_med": 23.4}}, {"type": "Feature", "geometry": {"type": "Point", "coordinates": [37.42049825, 55.80431913]}, "properties": {"id": "main:3000.5", "edge": "main", "s": 3000.52, "cls": "platform", "landmark": true, "s_robust_std": 0.398, "n_runs": 27, "p_stop": 0.794, "dwell_med": 28.1}}, {"type": "Feature", "geometry": {"type": "Point", "coordinates": [37.41706154, 55.80475727]}, "properties": {"id": "main:3221.5", "edge": "main", "s": 3221.47, "cls": "signal", "landmark": true, "s_robust_std": 0.434, "n_runs": 11, "p_stop": 0.324, "dwell_med": 16.7}}, {"type": "Feature", "geometry": {"type": "Point", "coordinates": [37.41377924, 55.80521088]}, "properties": {"id": "main:3433.4", "edge": "main", "s": 3433.42, "cls": "platform", "landmark": true, "s_robust_std": 0.458, "n_runs": 27, "p_stop": 0.794, "dwell_med": 24.2}}, {"type": "Feature", "geometry": {"type": "Point", "coordinates": [37.41368532, 55.80522383]}, "properties": {"id": "main:3439.5", "edge": "main", "s": 3439.48, "cls": "signal", "landmark": true, "s_robust_std": 0.266, "n_runs": 8, "p_stop": 0.235, "dwell_med": 31.9}}, {"type": "Feature", "geometry": {"type": "Point", "coordinates": [37.41151896, 55.80552359]}, "properties": {"id": "main:3579.4", "edge": "main", "s": 3579.37, "cls": "signal", "landmark": true, "s_robust_std": 0.163, "n_runs": 4, "p_stop": 0.118, "dwell_med": 9.4}}, {"type": "Feature", "geometry": {"type": "Point", "coordinates": [37.40889023, 55.80316126]}, "properties": {"id": "main:3920.9", "edge": "main", "s": 3920.87, "cls": "signal", "landmark": true, "s_robust_std": 0.352, "n_runs": 15, "p_stop": 0.441, "dwell_med": 22.2}}, {"type": "Feature", "geometry": {"type": "Point", "coordinates": [37.40785765, 55.80165963]}, "properties": {"id": "main:4100.1", "edge": "main", "s": 4100.14, "cls": "platform", "landmark": true, "s_robust_std": 0.559, "n_runs": 25, "p_stop": 0.735, "dwell_med": 31.2}}, {"type": "Feature", "geometry": {"type": "Point", "coordinates": [37.40637822, 55.79987486]}, "properties": {"id": "main:4321.1", "edge": "main", "s": 4321.12, "cls": "signal", "landmark": true, "s_robust_std": 0.208, "n_runs": 13, "p_stop": 0.394, "dwell_med": 15.7}}, {"type": "Feature", "geometry": {"type": "Point", "coordinates": [37.40253706, 55.79925329]}, "properties": {"id": "main:4576.9", "edge": "main", "s": 4576.9, "cls": "platform", "landmark": true, "s_robust_std": 0.169, "n_runs": 24, "p_stop": 0.727, "dwell_med": 18.0}}, {"type": "Feature", "geometry": {"type": "Point", "coordinates": [37.39596787, 55.7993015]}, "properties": {"id": "main:4997.2", "edge": "main", "s": 4997.21, "cls": "platform", "landmark": true, "s_robust_std": 0.173, "n_runs": 22, "p_stop": 0.667, "dwell_med": 18.5}}, {"type": "Feature", "geometry": {"type": "Point", "coordinates": [37.39268074, 55.8000008]}, "properties": {"id": "main:5217.6", "edge": "main", "s": 5217.59, "cls": "platform", "landmark": true, "s_robust_std": 0.195, "n_runs": 24, "p_stop": 0.727, "dwell_med": 18.5}}, {"type": "Feature", "geometry": {"type": "Point", "coordinates": [37.39093559, 55.80037282]}, "properties": {"id": "main:5334.7", "edge": "main", "s": 5334.65, "cls": "platform", "landmark": true, "s_robust_std": 0.248, "n_runs": 17, "p_stop": 0.516, "dwell_med": 21.3}}, {"type": "Feature", "geometry": {"type": "Point", "coordinates": [37.38905425, 55.79981144]}, "properties": {"id": "main:5476.0", "edge": "main", "s": 5476.0, "cls": "terminal", "landmark": false, "s_robust_std": 0.253, "n_runs": 2, "p_stop": 0.25, "dwell_med": 202.7}}, {"type": "Feature", "geometry": {"type": "Point", "coordinates": [37.38882155, 55.7994439]}, "properties": {"id": "main:5633.3", "edge": "main", "s": 5633.26, "cls": "terminal", "landmark": true, "s_robust_std": 0.128, "n_runs": 3, "p_stop": 0.0, "dwell_med": 7.8}}, {"type": "Feature", "geometry": {"type": "Point", "coordinates": [37.38895557, 55.79952154]}, "properties": {"id": "main:5645.3", "edge": "main", "s": 5645.32, "cls": "terminal", "landmark": true, "s_robust_std": 0.855, "n_runs": 8, "p_stop": 0.091, "dwell_med": 15.4}}, {"type": "Feature", "geometry": {"type": "Point", "coordinates": [37.3891942, 55.79964773]}, "properties": {"id": "main:5665.8", "edge": "main", "s": 5665.83, "cls": "terminal", "landmark": false, "s_robust_std": 1.626, "n_runs": 2, "p_stop": 0.043, "dwell_med": 24.2}}, {"type": "Feature", "geometry": {"type": "Point", "coordinates": [37.38943988, 55.79980402]}, "properties": {"id": "main:5689.0", "edge": "main", "s": 5689.04, "cls": "signal", "landmark": true, "s_robust_std": 0.077, "n_runs": 6, "p_stop": 0.24, "dwell_med": 33.0}}, {"type": "Feature", "geometry": {"type": "Point", "coordinates": [37.38971098, 55.79996149]}, "properties": {"id": "main:5713.5", "edge": "main", "s": 5713.47, "cls": "signal", "landmark": true, "s_robust_std": 0.084, "n_runs": 3, "p_stop": 0.111, "dwell_med": 21.9}}, {"type": "Feature", "geometry": {"type": "Point", "coordinates": [37.39186651, 55.80014086]}, "properties": {"id": "main:5870.5", "edge": "main", "s": 5870.49, "cls": "platform", "landmark": true, "s_robust_std": 0.188, "n_runs": 23, "p_stop": 0.697, "dwell_med": 18.4}}, {"type": "Feature", "geometry": {"type": "Point", "coordinates": [37.39504511, 55.79946474]}, "properties": {"id": "main:6083.6", "edge": "main", "s": 6083.62, "cls": "platform", "landmark": true, "s_robust_std": 0.146, "n_runs": 23, "p_stop": 0.697, "dwell_med": 19.0}}, {"type": "Feature", "geometry": {"type": "Point", "coordinates": [37.40144488, 55.79913287]}, "properties": {"id": "main:6496.6", "edge": "main", "s": 6496.57, "cls": "platform", "landmark": true, "s_robust_std": 0.162, "n_runs": 24, "p_stop": 0.676, "dwell_med": 19.1}}, {"type": "Feature", "geometry": {"type": "Point", "coordinates": [37.40562523, 55.79953783]}, "properties": {"id": "main:6763.2", "edge": "main", "s": 6763.23, "cls": "signal", "landmark": true, "s_robust_std": 0.067, "n_runs": 9, "p_stop": 0.265, "dwell_med": 24.1}}, {"type": "Feature", "geometry": {"type": "Point", "coordinates": [37.4076158, 55.80122693]}, "properties": {"id": "main:6996.5", "edge": "main", "s": 6996.53, "cls": "signal", "landmark": true, "s_robust_std": 0.336, "n_runs": 6, "p_stop": 0.176, "dwell_med": 11.1}}, {"type": "Feature", "geometry": {"type": "Point", "coordinates": [37.40791557, 55.80165668]}, "properties": {"id": "main:7047.8", "edge": "main", "s": 7047.78, "cls": "random", "landmark": false, "s_robust_std": 0.453, "n_runs": 2, "p_stop": 0.059, "dwell_med": 24.4}}, {"type": "Feature", "geometry": {"type": "Point", "coordinates": [37.40814912, 55.80199623]}, "properties": {"id": "main:7088.3", "edge": "main", "s": 7088.33, "cls": "platform", "landmark": true, "s_robust_std": 0.275, "n_runs": 22, "p_stop": 0.618, "dwell_med": 37.7}}, {"type": "Feature", "geometry": {"type": "Point", "coordinates": [37.40818416, 55.80205789]}, "properties": {"id": "main:7095.7", "edge": "main", "s": 7095.69, "cls": "signal", "landmark": true, "s_robust_std": 0.41, "n_runs": 3, "p_stop": 0.086, "dwell_med": 36.5}}, {"type": "Feature", "geometry": {"type": "Point", "coordinates": [37.40849273, 55.80249369]}, "properties": {"id": "main:7147.8", "edge": "main", "s": 7147.76, "cls": "signal", "landmark": true, "s_robust_std": 0.496, "n_runs": 4, "p_stop": 0.114, "dwell_med": 40.1}}, {"type": "Feature", "geometry": {"type": "Point", "coordinates": [37.41073618, 55.80548625]}, "properties": {"id": "main:7512.0", "edge": "main", "s": 7512.04, "cls": "random", "landmark": false, "s_robust_std": 1.517, "n_runs": 2, "p_stop": 0.059, "dwell_med": 18.8}}, {"type": "Feature", "geometry": {"type": "Point", "coordinates": [37.41222016, 55.80539425]}, "properties": {"id": "main:7608.0", "edge": "main", "s": 7608.02, "cls": "signal", "landmark": false, "s_robust_std": 2.214, "n_runs": 3, "p_stop": 0.088, "dwell_med": 6.4}}, {"type": "Feature", "geometry": {"type": "Point", "coordinates": [37.41287904, 55.80530297]}, "properties": {"id": "main:7650.5", "edge": "main", "s": 7650.55, "cls": "platform", "landmark": true, "s_robust_std": 0.251, "n_runs": 26, "p_stop": 0.765, "dwell_med": 24.7}}, {"type": "Feature", "geometry": {"type": "Point", "coordinates": [37.4129789, 55.80528898]}, "properties": {"id": "main:7657.1", "edge": "main", "s": 7657.07, "cls": "signal", "landmark": true, "s_robust_std": 0.131, "n_runs": 5, "p_stop": 0.147, "dwell_med": 31.7}}, {"type": "Feature", "geometry": {"type": "Point", "coordinates": [37.4154866, 55.80494274]}, "properties": {"id": "main:7818.9", "edge": "main", "s": 7818.87, "cls": "signal", "landmark": true, "s_robust_std": 0.246, "n_runs": 12, "p_stop": 0.353, "dwell_med": 26.8}}, {"type": "Feature", "geometry": {"type": "Point", "coordinates": [37.41897542, 55.80447785]}, "properties": {"id": "main:8043.7", "edge": "main", "s": 8043.74, "cls": "signal", "landmark": true, "s_robust_std": 0.012, "n_runs": 3, "p_stop": 0.091, "dwell_med": 12.0}}, {"type": "Feature", "geometry": {"type": "Point", "coordinates": [37.41911172, 55.80446128]}, "properties": {"id": "main:8052.5", "edge": "main", "s": 8052.51, "cls": "random", "landmark": false, "s_robust_std": 0.621, "n_runs": 2, "p_stop": 0.061, "dwell_med": 35.4}}, {"type": "Feature", "geometry": {"type": "Point", "coordinates": [37.41956032, 55.80440494]}, "properties": {"id": "main:8081.3", "edge": "main", "s": 8081.27, "cls": "platform", "landmark": true, "s_robust_std": 0.366, "n_runs": 25, "p_stop": 0.758, "dwell_med": 20.6}}, {"type": "Feature", "geometry": {"type": "Point", "coordinates": [37.41969226, 55.80438807]}, "properties": {"id": "main:8089.8", "edge": "main", "s": 8089.81, "cls": "signal", "landmark": true, "s_robust_std": 0.135, "n_runs": 6, "p_stop": 0.182, "dwell_med": 37.8}}, {"type": "Feature", "geometry": {"type": "Point", "coordinates": [37.42106961, 55.80421489]}, "properties": {"id": "main:8178.2", "edge": "main", "s": 8178.24, "cls": "signal", "landmark": true, "s_robust_std": 0.335, "n_runs": 5, "p_stop": 0.152, "dwell_med": 28.7}}, {"type": "Feature", "geometry": {"type": "Point", "coordinates": [37.42570627, 55.80373809]}, "properties": {"id": "main:8474.4", "edge": "main", "s": 8474.41, "cls": "signal", "landmark": true, "s_robust_std": 0.865, "n_runs": 4, "p_stop": 0.121, "dwell_med": 20.0}}, {"type": "Feature", "geometry": {"type": "Point", "coordinates": [37.42926877, 55.80394098]}, "properties": {"id": "main:8700.9", "edge": "main", "s": 8700.88, "cls": "random", "landmark": false, "s_robust_std": 0.043, "n_runs": 2, "p_stop": 0.061, "dwell_med": 15.6}}, {"type": "Feature", "geometry": {"type": "Point", "coordinates": [37.45088242, 55.8054378]}, "properties": {"id": "main:10071.8", "edge": "main", "s": 10071.78, "cls": "random", "landmark": false, "s_robust_std": 1.594, "n_runs": 2, "p_stop": 0.061, "dwell_med": 16.9}}, {"type": "Feature", "geometry": {"type": "Point", "coordinates": [37.45151825, 55.80546634]}, "properties": {"id": "main:10111.8", "edge": "main", "s": 10111.78, "cls": "signal", "landmark": true, "s_robust_std": 0.343, "n_runs": 13, "p_stop": 0.394, "dwell_med": 17.2}}, {"type": "Feature", "geometry": {"type": "Point", "coordinates": [37.45233857, 55.80551921]}, "properties": {"id": "main:10163.6", "edge": "main", "s": 10163.56, "cls": "random", "landmark": false, "s_robust_std": 1.199, "n_runs": 2, "p_stop": 0.059, "dwell_med": 43.2}}, {"type": "Feature", "geometry": {"type": "Point", "coordinates": [37.45297917, 55.80557188]}, "properties": {"id": "main:10204.1", "edge": "main", "s": 10204.15, "cls": "platform", "landmark": true, "s_robust_std": 0.111, "n_runs": 25, "p_stop": 0.735, "dwell_med": 19.9}}, {"type": "Feature", "geometry": {"type": "Point", "coordinates": [37.45317115, 55.80558618]}, "properties": {"id": "main:10216.3", "edge": "main", "s": 10216.29, "cls": "random", "landmark": false, "s_robust_std": 0.47, "n_runs": 2, "p_stop": 0.059, "dwell_med": 13.4}}, {"type": "Feature", "geometry": {"type": "Point", "coordinates": [37.45737582, 55.80632313]}, "properties": {"id": "main:10496.7", "edge": "main", "s": 10496.66, "cls": "signal", "landmark": true, "s_robust_std": 0.172, "n_runs": 16, "p_stop": 0.471, "dwell_med": 20.4}}, {"type": "Feature", "geometry": {"type": "Point", "coordinates": [37.46018215, 55.80850405]}, "properties": {"id": "main:10797.4", "edge": "main", "s": 10797.42, "cls": "signal", "landmark": false, "s_robust_std": 1.042, "n_runs": 8, "p_stop": 0.235, "dwell_med": 17.5}}, {"type": "Feature", "geometry": {"type": "Point", "coordinates": [37.46090239, 55.80911116]}, "properties": {"id": "main:10878.7", "edge": "main", "s": 10878.74, "cls": "signal", "landmark": true, "s_robust_std": 0.29, "n_runs": 13, "p_stop": 0.394, "dwell_med": 22.6}}, {"type": "Feature", "geometry": {"type": "Point", "coordinates": [37.46144822, 55.80975652]}, "properties": {"id": "main:10960.9", "edge": "main", "s": 10960.86, "cls": "platform", "landmark": true, "s_robust_std": 0.51, "n_runs": 26, "p_stop": 0.781, "dwell_med": 22.9}}, {"type": "Feature", "geometry": {"type": "Point", "coordinates": [37.46229314, 55.8103938]}, "properties": {"id": "main:11052.8", "edge": "main", "s": 11052.84, "cls": "terminal", "landmark": false, "s_robust_std": 1.065, "n_runs": 21, "p_stop": 0.091, "dwell_med": 13.8}}]}