bag,bin,v_max,v_min,time_s,dist,t_in,n,v_mean,v_max_ref,v_mean_ref,n_ref,dir,route_m
30618_01f73500,0,3.4817,2.2140,16.0000,49.9959,16.8290,644.0000,3.1247,3.4450,3.1383,158.0000,WB,25.0000
30618_01f73500,1,3.7891,2.9867,15.5210,50.0649,32.8290,626.0000,3.2256,3.7710,3.2494,154.0000,WB,75.0000
30618_01f73500,2,3.7009,0.0000,45.8500,49.5195,48.3500,1874.0000,1.0800,3.7520,1.0898,457.0000,WB,125.0000
30618_01f73500,3,4.3645,2.2286,13.7500,49.9875,94.2000,554.0000,3.6355,4.3870,3.6107,138.0000,WB,175.0000
30618_01f73500,4,8.9876,3.7327,8.2500,50.1091,107.9500,334.0000,6.0738,8.9010,6.0134,83.0000,WB,225.0000
30618_01f73500,5,9.0634,4.8693,6.9290,49.8844,116.2000,280.0000,7.1994,8.9810,7.1468,69.0000,WB,275.0000
30618_01f73500,6,8.5769,3.9172,8.6710,50.0248,123.1290,353.0000,5.7692,8.5080,5.7293,83.0000,WB,325.0000
30618_01f73500,7,10.3755,8.4003,5.7500,51.6579,131.8000,237.0000,8.9840,10.2080,8.9216,52.0000,WB,375.0000
30618_01f73500,8,12.1295,10.3891,4.3500,49.8650,137.5500,177.0000,11.4632,12.1300,11.3881,43.0000,WB,425.0000
30618_01f73500,9,12.0869,9.3269,4.6500,50.1673,141.9000,190.0000,10.7887,12.1240,10.6943,51.0000,WB,475.0000
30618_01f73500,10,9.3117,2.9162,8.1290,49.9834,146.5500,331.0000,6.1488,9.4330,6.1224,75.0000,WB,525.0000
30618_01f73500,11,8.2747,0.0000,33.4210,49.4790,154.6790,1374.0000,1.4805,8.1970,1.4711,328.0000,WB,575.0000
30618_01f73500,12,8.4642,8.2793,5.9500,49.9833,188.1000,242.0000,8.4005,8.4620,8.3831,60.0000,WB,625.0000
30618_01f73500,13,8.3988,8.2775,5.9790,49.8894,194.0500,245.0000,8.3441,8.3940,8.3283,60.0000,WB,675.0000
30618_01f73500,14,8.5556,8.2538,6.0000,50.1142,200.0290,243.0000,8.3524,8.5630,8.3468,60.0000,WB,725.0000
30618_01f73500,15,8.8495,8.4956,5.7710,49.9700,206.0290,237.0000,8.6588,8.8550,8.6604,58.0000,WB,775.0000
30618_01f73500,16,9.0342,6.8213,5.9790,50.0576,211.8000,242.0000,8.3723,9.0650,8.3659,60.0000,WB,825.0000
30618_01f73500,17,6.8014,0.0000,93.3500,50.0587,217.7790,3953.0000,0.5362,6.7300,0.5434,932.0000,WB,875.0000
30618_01f73500,18,4.4367,1.6062,16.2710,50.0160,311.1290,665.0000,3.0739,4.4680,3.0761,162.0000,WB,925.0000
30618_01f73500,19,4.1262,2.3985,17.3290,49.9683,327.4000,727.0000,2.8835,4.0460,2.8804,173.0000,WB,975.0000
30618_01f73500,20,5.5621,4.0469,11.5710,49.9608,344.7290,477.0000,4.3178,5.4830,4.3106,116.0000,WB,1025.0000
30618_01f73500,21,8.2814,5.5770,7.1500,50.0559,356.3000,298.0000,7.0008,8.2850,6.9863,72.0000,WB,1075.0000
30618_01f73500,22,9.8007,8.2891,5.6000,49.9387,363.4500,237.0000,8.9176,9.8420,8.9281,56.0000,WB,1125.0000
30618_01f73500,23,10.1073,9.8030,5.0290,49.9422,369.0500,212.0000,9.9309,10.1600,9.9456,50.0000,WB,1175.0000
30618_01f73500,24,10.1672,9.8629,5.0000,50.0156,374.0790,205.0000,10.0032,10.1980,10.0071,50.0000,WB,1225.0000
30618_01f73500,25,10.1050,9.4329,5.0500,50.0590,379.0789,216.0000,9.9126,10.1440,9.9196,50.0000,WB,1275.0000
30618_01f73500,26,9.8310,9.3749,5.1499,49.9536,384.1290,222.0000,9.6998,9.8740,9.7099,56.0000,WB,1325.0000
30618_01f73500,27,10.0633,9.8242,5.0501,50.2356,389.2789,212.0000,9.9474,10.0670,9.9635,46.0000,WB,1375.0000
30618_01f73500,28,10.0654,8.8254,5.1499,49.9479,394.3290,220.0000,9.6988,10.1220,9.7061,52.0000,WB,1425.0000
30618_01f73500,29,8.8050,3.7061,8.1000,49.8874,399.4790,339.0000,6.1589,8.7630,5.9337,67.0000,WB,1475.0000
30618_01f73500,30,8.7200,0.0000,16.6500,50.0491,407.5790,708.0000,3.0059,8.6660,2.9971,166.0000,WB,1525.0000
30618_01f73500,31,9.9874,8.7430,5.2000,49.9421,424.2290,229.0000,9.6042,10.0060,9.6139,52.0000,WB,1575.0000
30618_01f73500,32,10.1798,9.4059,5.0500,50.0930,429.4290,216.0000,9.9195,10.1760,9.9226,50.0000,WB,1625.0000
30618_01f73500,33,9.9226,9.8371,5.0501,49.8830,434.4790,217.0000,9.8777,9.9290,9.8771,51.0000,WB,1675.0000
30618_01f73500,34,9.8399,9.7381,5.1210,50.1062,439.5290,213.0000,9.7845,9.8620,9.7785,51.0000,WB,1725.0000
30618_01f73500,35,9.7373,7.8860,5.4790,49.8907,444.6500,227.0000,9.1058,9.7370,9.1205,55.0000,WB,1775.0000
30618_01f73500,36,7.8708,6.7718,7.0499,50.0265,450.1290,296.0000,7.0961,7.8980,7.0959,71.0000,WB,1825.0000
30618_01f73500,37,9.8435,6.7260,6.2501,50.0741,457.1789,261.0000,8.0117,9.8200,7.9783,62.0000,WB,1875.0000
30618_01f73500,38,10.9387,9.6787,5.0210,50.0321,463.4290,214.0000,9.9646,10.8690,9.9434,51.0000,WB,1925.0000
30618_01f73500,39,13.4258,10.9556,4.0500,49.8119,468.4500,169.0000,12.2992,13.3310,12.2569,40.0000,WB,1975.0000
30618_01f73500,40,14.1170,13.4329,3.6290,50.1997,472.5000,153.0000,13.8330,14.1290,13.8036,36.0000,WB,2025.0000
30618_01f73500,41,14.4164,14.1202,3.5000,50.0310,476.1290,148.0000,14.2946,14.3990,14.2649,33.0000,WB,2075.0000
30618_01f73500,42,14.6304,14.4186,3.4500,50.1033,479.6290,147.0000,14.5228,14.6070,14.4957,35.0000,WB,2125.0000
30618_01f73500,43,14.8457,14.6308,3.3710,49.6106,483.0790,147.0000,14.7167,14.8200,14.6886,34.0000,WB,2175.0000
30618_01f73500,44,14.8462,12.7488,3.6000,50.0830,486.4500,152.0000,13.9119,14.8410,13.8939,35.0000,WB,2225.0000
30618_01f73500,45,13.1072,12.1626,4.0289,50.2712,490.0500,171.0000,12.4776,13.0250,12.4491,40.0000,WB,2275.0000
30618_01f73500,46,14.1325,13.1230,3.6211,49.7898,494.0789,157.0000,13.7500,14.1290,13.7366,37.0000,WB,2325.0000
30618_01f73500,47,14.1237,12.0121,3.8290,50.1646,497.7000,161.0000,13.1013,14.0850,13.0622,38.0000,WB,2375.0000
30618_01f73500,48,11.9963,10.8840,4.4710,49.8179,501.5290,193.0000,11.1424,11.9480,11.1151,45.0000,WB,2425.0000
30618_01f73500,49,10.8968,8.8858,4.8500,49.9668,506.0000,208.0000,10.3024,10.8810,10.2418,49.0000,WB,2475.0000
30618_01f73500,50,8.8713,7.9760,6.1500,50.1653,510.8500,266.0000,8.1570,8.7710,8.1510,61.0000,WB,2525.0000
30618_01f73500,51,8.6726,8.2053,5.9000,49.8793,517.0000,259.0000,8.4541,8.9410,8.4710,61.0000,WB,2575.0000
30618_01f73500,52,10.3704,8.6639,5.4790,50.2357,522.9000,236.0000,9.1687,10.4280,9.2088,49.0000,WB,2625.0000
30618_01f73500,53,12.4077,10.3902,4.2999,49.7687,528.3790,186.0000,11.5743,12.4250,11.6049,43.0000,WB,2675.0000
30618_01f73500,54,12.4912,12.3546,4.0500,50.2940,532.6790,172.0000,12.4182,12.4830,12.4051,40.0000,WB,2725.0000
30618_01f73500,55,12.6246,11.1614,4.0710,49.7748,536.7290,169.0000,12.2266,12.6300,11.9935,48.0000,WB,2775.0000
30618_01f73500,56,11.1444,7.2342,5.4290,49.9981,540.8000,238.0000,9.2094,10.5580,8.7239,52.0000,WB,2825.0000
30618_01f73500,57,7.2125,0.0000,18.0000,50.0717,546.2290,756.0000,2.7818,6.7610,3.0630,117.0000,WB,2875.0000
30618_01f73500,58,8.3179,4.1758,7.2500,49.9833,564.2290,306.0000,6.8943,8.3350,7.0342,70.0000,WB,2925.0000
30618_01f73500,59,8.1239,2.0028,9.7999,49.9346,571.4790,408.0000,5.0954,7.9690,4.6915,107.0000,WB,2975.0000
30618_01f73500,60,8.4428,0.0000,80.6501,51.6697,581.2789,3764.0000,0.6407,8.3940,0.6557,758.0000,WB,3025.0000
30618_01f73500,61,11.3010,8.4635,5.0000,50.0683,661.9290,217.0000,10.0137,11.2380,9.9649,50.0000,WB,3075.0000
30618_01f73500,62,11.6368,10.2009,4.4710,50.0110,666.9290,202.0000,11.1856,11.6390,11.1894,45.0000,WB,3125.0000
30618_01f73500,63,10.1865,6.0114,6.1290,49.9647,671.4000,277.0000,8.1522,10.1900,8.1496,62.0000,WB,3175.0000
30618_01f73500,64,8.8489,5.0035,7.6710,50.0817,677.5290,338.0000,6.5287,8.7630,6.5180,76.0000,WB,3225.0000
30618_01f73500,65,11.5580,8.8634,4.8500,49.8646,685.2000,214.0000,10.2814,11.5210,10.2551,49.0000,WB,3275.0000
30618_01f73500,66,11.9489,10.9046,4.3000,50.0626,690.0500,181.0000,11.6425,12.0020,11.6376,43.0000,WB,3325.0000
30618_01f73500,67,10.8872,7.3264,5.4289,49.9546,694.3500,235.0000,9.2015,10.8480,9.2070,54.0000,WB,3375.0000
30618_01f73500,68,7.3055,0.0000,47.3000,50.6208,699.7789,2206.0000,1.0702,7.2970,1.0666,472.0000,WB,3425.0000
30618_01f73500,69,8.7681,5.3484,6.5711,49.9026,747.0789,288.0000,7.5943,8.7970,7.5378,66.0000,WB,3475.0000
30618_01f73500,70,8.6291,3.2386,8.4500,50.0688,753.6500,370.0000,5.9253,8.6460,6.0020,84.0000,WB,3525.0000
30618_01f73500,71,3.2403,1.3335,20.2000,49.9916,762.1000,897.0000,2.4748,3.2910,2.4819,202.0000,WB,3575.0000
30618_01f73500,72,4.4422,2.5180,15.8449,50.0275,782.3000,707.0000,3.1573,4.4760,3.1558,158.0000,WB,3625.0000
30618_01f73500,73,8.1568,4.3030,8.8051,50.0397,798.1449,392.0000,5.6830,8.0180,5.6145,89.0000,WB,3675.0000
30618_01f73500,74,9.3501,7.9888,5.8790,49.6696,806.9500,265.0000,8.4487,9.2780,8.4200,59.0000,WB,3725.0000
30618_01f73500,75,10.9684,9.3632,4.8710,49.9852,812.8290,215.0000,10.2617,10.9410,10.2146,49.0000,WB,3775.0000
30618_01f73500,76,11.0482,9.7897,4.7000,50.0732,817.7000,207.0000,10.6539,11.0290,10.6421,47.0000,WB,3825.0000
30618_01f73500,77,9.7633,8.2978,5.6789,50.0525,822.4000,252.0000,8.8137,9.7440,8.7987,57.0000,WB,3875.0000
30618_01f73500,78,10.2514,9.3659,5.0211,49.9760,828.0789,216.0000,9.9533,10.3080,9.9494,50.0000,WB,3925.0000
30618_01f73500,79,9.5119,4.9698,6.8790,49.8874,833.1000,307.0000,7.2522,9.5120,7.2264,70.0000,WB,3975.0000
30618_01f73500,80,7.3728,4.6582,9.2000,49.9501,839.9790,409.0000,5.4293,7.3610,5.4007,86.0000,WB,4025.0000
30618_01f73500,81,7.5510,1.6510,9.6710,50.0652,849.1790,426.0000,5.1768,7.5620,5.0660,100.0000,WB,4075.0000
30618_01f73500,82,9.0923,0.0000,46.5290,50.4893,858.8500,2198.0000,1.0851,9.0650,1.0846,462.0000,WB,4125.0000
30618_01f73500,83,11.4219,9.1137,4.7500,49.9705,905.3790,213.0000,10.5201,11.4040,10.4715,45.0000,WB,4175.0000
30618_01f73500,84,11.4364,8.7142,4.8710,49.9587,910.1290,213.0000,10.2564,11.4200,10.2537,11.0000,WB,4225.0000
30618_01f73500,85,8.7053,5.6044,6.8000,49.9870,915.0000,304.0000,7.3510,8.6970,7.3660,55.0000,WB,4275.0000
30618_01f73500,86,6.9791,2.4795,11.6611,49.9037,921.8000,521.0000,4.2795,6.9510,5.6248,39.0000,WB,4325.0000
30618_01f73500,87,8.4946,6.9868,6.1679,50.0139,933.4611,263.0000,8.1088,8.5200,8.1213,61.0000,WB,4375.0000
30618_01f73500,88,10.1899,8.2459,5.5210,49.9869,939.6290,248.0000,9.0539,10.1630,9.0553,56.0000,WB,4425.0000
30618_01f73500,89,10.8557,10.1960,4.7065,49.9581,945.1500,209.0000,10.6146,10.8860,10.6148,46.0000,WB,4475.0000
30618_01f73500,90,10.4133,5.7871,6.2724,50.1199,949.8565,275.0000,7.9905,10.3770,8.0473,63.0000,WB,4525.0000
30618_01f73500,91,6.3670,0.0000,40.5710,50.0132,956.1290,1869.0000,1.2327,6.3100,1.2410,404.0000,WB,4575.0000
30618_01f73500,92,10.4241,6.3913,5.9290,50.0208,996.7000,263.0000,8.4367,10.3420,8.3932,59.0000,WB,4625.0000
30618_01f73500,93,12.3680,10.4425,4.3210,50.0073,1002.6290,190.0000,11.5730,12.3460,11.5285,43.0000,WB,4675.0000
30618_01f73500,94,12.9544,12.3623,3.9289,49.9995,1006.9500,170.0000,12.7260,12.9700,12.7098,40.0000,WB,4725.0000
30618_01f73500,95,12.5580,9.2768,4.6001,50.1743,1010.8789,199.0000,10.9072,12.5540,10.9586,45.0000,WB,4775.0000
30618_01f73500,96,9.2575,8.4539,5.7210,49.8284,1015.4790,249.0000,8.7098,9.3250,8.7391,58.0000,WB,4825.0000
30618_01f73500,97,8.7248,8.4441,5.8290,50.0172,1021.2000,252.0000,8.5808,8.8050,8.5982,57.0000,WB,4875.0000
30618_01f73500,98,8.7688,7.9463,5.8500,49.9706,1027.0290,265.0000,8.5420,8.7520,8.5707,48.0000,WB,4925.0000
30618_01f73500,99,7.9271,0.0000,34.2211,49.9508,1032.8789,1580.0000,1.4596,7.9670,1.4836,341.0000,WB,4975.0000
30618_01f73500,100,9.5490,2.1869,8.3500,49.9890,1067.1000,371.0000,5.9867,9.4450,5.8905,84.0000,WB,5025.0000
30618_01f73500,101,12.1178,9.5651,4.5290,50.1732,1075.4500,205.0000,11.0783,12.0620,11.0142,45.0000,WB,5075.0000
30618_01f73500,102,12.2191,10.0384,4.4000,49.9948,1079.9790,189.0000,11.3625,12.2220,11.4222,42.0000,WB,5125.0000
30618_01f73500,103,10.0191,5.6049,6.2711,49.8909,1084.3789,273.0000,7.9557,10.0980,8.0233,63.0000,WB,5175.0000
30618_01f73500,104,5.5882,0.0000,56.4790,50.0161,1090.6500,2609.0000,0.8856,5.6220,0.8933,564.0000,WB,5225.0000
30618_01f73500,105,6.5080,3.3406,9.0000,49.9924,1147.1290,384.0000,5.5547,6.5350,5.5903,89.0000,WB,5275.0000
30618_01f73500,106,4.2401,1.4893,16.9000,49.9544,1156.1290,735.0000,2.9559,4.2210,2.9778,169.0000,WB,5325.0000
30618_01f73500,107,3.0627,0.0000,24.9710,49.9931,1173.0290,1095.0000,2.0020,3.0550,2.0100,248.0000,WB,5375.0000
30618_01f73500,108,4.1970,2.4860,16.6647,49.9747,1198.0000,727.0000,2.9988,4.2400,2.9808,168.0000,WB,5425.0000
30618_01f73500,109,4.0498,4.0429,0.0644,0.2606,1214.6647,4.0000,4.0470,,,,WB,5475.0000
30618_01f73500,170,,,,,,,,8.9430,8.9015,4.0000,EB,2617.1396
30618_01f73500,220,0.5260,0.0000,14.2290,0.6735,0.0000,517.0000,0.0473,0.4890,0.0461,141.0000,EB,0.0000
30618_01f73500,221,2.1943,0.5399,2.6000,3.5910,14.2290,106.0000,1.3812,2.1350,1.3560,26.0000,WB,21.3710
30618_0652866c,0,3.4767,0.2112,18.2661,49.9340,7.5000,819.0000,2.7337,3.5550,2.7471,184.0000,WB,25.0000
30618_0652866c,1,3.7066,3.1323,15.0839,50.0270,25.7661,657.0000,3.3166,3.7210,3.3187,146.0000,WB,75.0000
30618_0652866c,2,3.4783,0.0000,56.5662,49.5622,40.8500,2346.0000,0.8762,3.5220,0.8907,565.0000,WB,125.0000
30618_0652866c,3,3.5606,0.0000,76.8500,49.8369,97.4162,3098.0000,0.6485,3.5670,0.6608,759.0000,WB,175.0000
30618_0652866c,4,9.4500,3.4196,8.2838,49.9083,174.2662,336.0000,6.0248,9.3090,5.9884,82.0000,WB,225.0000
30618_0652866c,5,12.0280,9.4758,4.6161,50.0097,182.5500,189.0000,10.8337,11.8980,10.7520,46.0000,WB,275.0000
30618_0652866c,6,13.3488,12.0356,3.9000,49.6855,187.1661,157.0000,12.7397,13.2900,12.6681,34.0000,WB,325.0000
30618_0652866c,7,13.6023,13.1389,3.7500,49.8865,191.0662,151.0000,13.3030,13.5250,13.2155,38.0000,WB,375.0000
30618_0652866c,8,13.9197,12.8253,3.6838,50.1114,194.8162,148.0000,13.6032,13.8640,13.5038,34.0000,WB,425.0000
30618_0652866c,9,12.8022,9.9598,4.3663,50.0030,198.5000,177.0000,11.4520,12.6360,11.1242,49.0000,WB,475.0000
30618_0652866c,10,9.9473,3.8684,7.2337,50.0136,202.8663,292.0000,6.9140,9.3640,6.1377,73.0000,WB,525.0000
30618_0652866c,11,8.2010,0.0000,32.6500,52.2813,210.1000,1309.0000,1.6013,8.2000,1.5600,313.0000,WB,575.0000
30618_0652866c,12,8.6361,8.2090,5.8662,50.0128,242.7500,236.0000,8.5256,8.6660,8.5010,44.0000,WB,625.0000
30618_0652866c,13,8.6857,8.5488,5.8000,49.9796,248.6162,232.0000,8.6172,8.6640,8.5905,55.0000,WB,675.0000
30618_0652866c,14,8.7680,8.5129,5.8338,50.1739,254.4162,233.0000,8.6005,8.7770,8.5980,55.0000,WB,725.0000
30618_0652866c,15,8.9253,8.4885,5.7500,49.9389,260.2500,231.0000,8.6850,8.9150,8.6795,57.0000,WB,775.0000
30618_0652866c,16,8.9754,6.6713,6.1500,49.8405,266.0000,247.0000,8.1041,8.9610,7.9530,67.0000,WB,825.0000
30618_0652866c,17,6.6565,0.0000,60.8662,51.1671,272.1500,2441.0000,0.8406,6.3430,0.8112,586.0000,WB,875.0000
30618_0652866c,18,4.5924,0.0000,21.6338,50.0470,333.0162,869.0000,2.3134,4.5760,2.3180,216.0000,WB,925.0000
30618_0652866c,19,4.0380,2.5409,16.8162,49.9937,354.6500,677.0000,2.9730,3.9990,2.9728,168.0000,WB,975.0000
30618_0652866c,20,5.6660,4.0496,11.3500,50.0351,371.4662,457.0000,4.4084,5.5570,4.3964,113.0000,WB,1025.0000
30618_0652866c,21,6.8384,3.9805,8.3338,50.0034,382.8162,339.0000,6.0001,6.8490,6.0003,84.0000,WB,1075.0000
30618_0652866c,22,6.4752,2.1913,15.8000,49.9501,391.1500,639.0000,3.1614,3.8690,2.6307,98.0000,WB,1125.0000
30618_0652866c,23,7.4600,6.5014,6.9500,50.1730,406.9500,281.0000,7.2191,,,,WB,1175.0000
30618_0652866c,24,7.3617,7.0110,6.9500,49.9070,413.9000,279.0000,7.1809,,,,WB,1225.0000
30618_0652866c,25,7.2730,6.9107,7.0164,49.9601,420.8500,282.0000,7.1205,,,,WB,1275.0000
30618_0652866c,26,7.1442,6.9787,7.0836,50.0241,427.8664,285.0000,7.0619,,,,WB,1325.0000
30618_0652866c,27,7.1508,6.9366,7.1000,49.9463,434.9500,287.0000,7.0347,,,,WB,1375.0000
30618_0652866c,28,7.2076,7.0208,7.0500,50.2143,442.0500,288.0000,7.1226,,,,WB,1425.0000
30618_0652866c,29,7.0262,3.9320,8.3162,49.8826,449.1000,339.0000,5.9983,,,,WB,1475.0000
30618_0652866c,30,7.2908,0.0000,16.8338,50.1200,457.4162,680.0000,2.9773,,,,WB,1525.0000
30618_0652866c,31,7.2856,6.8802,7.0500,49.9175,474.2500,290.0000,7.0805,,,,WB,1575.0000
30618_0652866c,32,7.1864,7.0793,7.0000,49.8941,481.3000,288.0000,7.1277,,,,WB,1625.0000
30618_0652866c,33,7.1390,5.9233,7.2500,50.1564,488.3000,301.0000,6.9181,,,,WB,1675.0000
30618_0652866c,34,5.9031,2.3986,14.1000,49.9317,495.5500,585.0000,3.5413,5.0580,3.9462,25.0000,WB,1725.0000
30618_0652866c,35,7.0023,5.2777,7.6000,49.9160,509.6500,317.0000,6.5679,7.0090,6.5358,73.0000,WB,1775.0000
30618_0652866c,36,6.9932,6.8248,7.2662,49.9987,517.2500,305.0000,6.8810,6.9990,6.8736,60.0000,WB,1825.0000
30618_0652866c,37,9.7972,6.8210,6.2838,50.1835,524.5162,261.0000,7.9862,9.7330,7.9326,59.0000,WB,1875.0000
30618_0652866c,38,10.8309,9.7103,5.0162,49.9174,530.8000,209.0000,9.9512,10.6900,9.9130,47.0000,WB,1925.0000
30618_0652866c,39,13.2947,10.8430,4.1000,49.8436,535.8162,172.0000,12.1569,13.2140,12.0871,37.0000,WB,1975.0000
30618_0652866c,40,14.0339,13.3008,3.6499,50.0951,539.9162,148.0000,13.7249,14.0680,13.7057,35.0000,WB,2025.0000
30618_0652866c,41,14.3565,14.0357,3.5338,50.2875,543.5662,147.0000,14.2303,14.3640,14.2086,35.0000,WB,2075.0000
30618_0652866c,42,14.6387,14.3616,3.4500,49.9719,547.1000,142.0000,14.4846,14.6170,14.4613,35.0000,WB,2125.0000
30618_0652866c,43,14.8102,14.6410,3.3662,49.6271,550.5500,139.0000,14.7429,14.8500,14.7218,34.0000,WB,2175.0000
30618_0652866c,44,14.7875,14.5392,3.4000,49.9943,553.9162,143.0000,14.7043,14.7760,14.6937,34.0000,WB,2225.0000
30618_0652866c,45,14.5358,12.5992,3.6838,50.2468,557.3162,155.0000,13.6398,14.4670,13.6249,37.0000,WB,2275.0000
30618_0652866c,46,12.5935,9.5230,4.5000,49.8522,561.0000,188.0000,11.0783,12.5000,11.0597,45.0000,WB,2325.0000
30618_0652866c,47,9.4843,5.4542,7.1000,50.1125,565.5000,298.0000,7.0581,9.4330,7.0413,71.0000,WB,2375.0000
30618_0652866c,48,10.0419,5.6326,6.3162,49.8981,572.6000,270.0000,7.9000,10.0070,7.8975,62.0000,WB,2425.0000
30618_0652866c,49,10.6114,9.0697,4.9338,50.0296,578.9162,206.0000,10.1402,10.5970,10.1157,50.0000,WB,2475.0000
30618_0652866c,50,9.0472,8.3490,5.8662,49.9691,583.8500,242.0000,8.5182,9.0080,8.5246,58.0000,WB,2525.0000
30618_0652866c,51,10.1538,8.4365,5.5838,50.1596,589.7162,232.0000,8.9830,10.1130,8.9826,56.0000,WB,2575.0000
30618_0652866c,52,12.0071,10.1792,4.5000,49.7714,595.3000,184.0000,11.0603,12.0280,11.0473,44.0000,WB,2625.0000
30618_0652866c,53,13.0217,12.0154,3.9500,50.0819,599.8000,169.0000,12.6790,13.0580,12.6802,39.0000,WB,2675.0000
30618_0652866c,54,12.9270,12.2741,4.0000,49.9217,603.7500,168.0000,12.4804,12.9270,12.4733,40.0000,WB,2725.0000
30618_0652866c,55,12.7553,11.3063,4.0500,50.0084,607.7500,169.0000,12.3478,12.7580,12.3184,40.0000,WB,2775.0000
30618_0652866c,56,11.2943,7.2959,5.4000,50.1840,611.8000,224.0000,9.2933,11.2230,9.2339,55.0000,WB,2825.0000
30618_0652866c,57,7.2593,0.0000,33.6000,50.7046,617.2000,1410.0000,1.5091,7.1000,1.4988,333.0000,WB,2875.0000
30618_0652866c,58,8.2588,4.3019,7.2500,50.0610,650.8000,302.0000,6.9050,8.2630,6.9002,72.0000,WB,2925.0000
30618_0652866c,59,8.1034,1.7688,9.8500,49.9133,658.0500,414.0000,5.0673,8.1060,5.0092,101.0000,WB,2975.0000
30618_0652866c,60,8.3974,0.0000,79.8500,50.7974,667.9000,3457.0000,0.6362,9.0340,0.6547,734.0000,WB,3025.0000
30618_0652866c,61,11.2784,8.4209,5.0500,50.1155,747.7500,228.0000,9.9239,11.2050,9.9618,46.0000,WB,3075.0000
30618_0652866c,62,12.4473,11.2985,4.1500,50.1218,752.8000,184.0000,12.0775,12.4590,12.0472,41.0000,WB,3125.0000
30618_0652866c,63,12.2131,8.1680,4.8000,49.8203,756.9500,215.0000,10.3792,12.2320,10.4920,48.0000,WB,3175.0000
30618_0652866c,64,8.1304,0.0000,55.9162,49.9645,761.7500,2610.0000,0.8936,8.2240,0.9079,559.0000,WB,3225.0000
30618_0652866c,65,10.4441,6.6068,5.7838,50.2378,817.6662,262.0000,8.6859,10.3450,8.5767,58.0000,WB,3275.0000
30618_0652866c,66,11.3421,10.4611,4.5000,49.7648,823.4500,207.0000,11.0589,11.3490,11.0391,46.0000,WB,3325.0000
30618_0652866c,67,10.8807,7.4027,5.4479,50.0137,827.9500,249.0000,9.1803,10.8930,9.2236,54.0000,WB,3375.0000
30618_0652866c,68,7.4006,0.0000,43.0183,50.5771,833.3979,2064.0000,1.1757,7.4170,1.1811,426.0000,WB,3425.0000
30618_0652866c,69,8.7036,5.2673,6.6500,49.9819,876.4162,317.0000,7.5161,8.7440,7.4211,67.0000,WB,3475.0000
30618_0652866c,70,8.5978,3.0687,8.4838,50.1281,883.0662,402.0000,5.9087,8.5990,6.0726,83.0000,WB,3525.0000
30618_0652866c,71,3.0594,0.5712,22.7000,49.9972,891.5500,1096.0000,2.2025,3.2680,2.1972,221.0000,WB,3575.0000
30618_0652866c,72,4.4248,2.4819,15.8000,49.9192,914.2500,774.0000,3.1594,4.4260,3.1391,157.0000,WB,3625.0000
30618_0652866c,73,8.0846,4.2737,8.8000,50.0962,930.0500,425.0000,5.6928,7.8990,5.5683,88.0000,WB,3675.0000
30618_0652866c,74,9.2161,7.7983,5.9163,49.0784,938.8500,294.0000,8.2955,9.1490,8.2644,61.0000,WB,3725.0000
30618_0652866c,75,10.8435,9.2235,4.9337,49.9517,944.7663,246.0000,10.1246,10.7810,10.0789,49.0000,WB,3775.0000
30618_0652866c,76,10.9238,9.7677,4.7500,50.1890,949.7000,236.0000,10.5661,10.9100,10.5545,48.0000,WB,3825.0000
30618_0652866c,77,9.7484,5.5423,6.5344,49.9216,954.4500,318.0000,7.6398,9.7460,7.6597,64.0000,WB,3875.0000
30618_0652866c,78,6.7671,0.0000,37.6056,50.2322,960.9844,1865.0000,1.3358,6.7350,1.3398,367.0000,WB,3925.0000
30618_0652866c,79,9.4616,6.7919,5.8762,49.9014,998.5900,289.0000,8.4921,9.4660,8.4501,58.0000,WB,3975.0000
30618_0652866c,80,9.4289,8.7286,5.5838,50.1850,1004.4662,274.0000,8.9875,9.4260,8.9915,56.0000,WB,4025.0000
30618_0652866c,81,8.8873,1.6493,9.0000,49.8906,1010.0500,443.0000,5.5434,8.8830,5.6098,89.0000,WB,4075.0000
30618_0652866c,82,8.0602,0.0000,50.5162,50.2101,1019.0500,2518.0000,0.9939,7.9590,0.9975,506.0000,WB,4125.0000
30618_0652866c,83,10.9614,8.0729,5.1338,50.1336,1069.5662,254.0000,9.7654,10.9480,9.7233,51.0000,WB,4175.0000
30618_0652866c,84,11.0584,8.7964,4.8954,49.9786,1074.7000,241.0000,10.2092,11.0780,10.2462,49.0000,WB,4225.0000
30618_0652866c,85,8.7819,7.4955,6.3207,49.9289,1079.5954,314.0000,7.8992,8.8060,7.9197,63.0000,WB,4275.0000
30618_0652866c,86,9.2481,8.4157,5.5500,49.9567,1085.9162,274.0000,9.0012,9.2480,8.9946,55.0000,WB,4325.0000
30618_0652866c,87,8.9632,8.2205,5.8000,50.0437,1091.4662,288.0000,8.6283,8.9810,8.6483,57.0000,WB,4375.0000
30618_0652866c,88,10.2474,8.2492,5.4839,49.9905,1097.2661,271.0000,9.1159,10.1590,9.0686,55.0000,WB,4425.0000
30618_0652866c,89,11.1045,10.2644,4.6277,49.9410,1102.7500,228.0000,10.7918,11.1200,10.7770,47.0000,WB,4475.0000
30618_0652866c,90,10.3005,6.1665,6.0385,50.0826,1107.3777,297.0000,8.2939,10.3340,8.3486,60.0000,WB,4525.0000
30618_0652866c,91,6.1548,0.0000,43.4499,49.8243,1113.4162,2153.0000,1.1467,6.1800,1.1507,432.0000,WB,4575.0000
30618_0652866c,92,10.2759,5.4528,6.2839,50.1457,1156.8661,310.0000,7.9800,10.1700,7.8659,63.0000,WB,4625.0000
30618_0652866c,93,12.3113,10.2977,4.3430,49.8252,1163.1500,215.0000,11.4726,12.3020,11.4084,44.0000,WB,4675.0000
30618_0652866c,94,12.9439,12.3193,3.9570,50.2817,1167.4930,197.0000,12.7070,12.9550,12.6935,39.0000,WB,4725.0000
30618_0652866c,95,12.5792,9.3668,4.5466,49.8911,1171.4500,226.0000,10.9733,12.6200,11.0498,46.0000,WB,4775.0000
30618_0652866c,96,9.3505,8.4750,5.6984,49.8656,1175.9966,279.0000,8.7508,9.3820,8.7752,56.0000,WB,4825.0000
30618_0652866c,97,8.7128,8.4637,5.8212,49.9561,1181.6950,287.0000,8.5818,8.7680,8.5960,58.0000,WB,4875.0000
30618_0652866c,98,8.8088,7.8428,5.8500,50.0250,1187.5162,288.0000,8.5513,8.7830,8.5635,59.0000,WB,4925.0000
30618_0652866c,99,7.8320,0.0000,35.3838,49.9738,1193.3662,1744.0000,1.4123,7.8140,1.4487,299.0000,WB,4975.0000
30618_0652866c,100,9.5292,2.1854,8.3416,49.8843,1228.7500,408.0000,5.9802,9.4260,5.9708,66.0000,WB,5025.0000
30618_0652866c,101,12.0958,9.5492,4.5245,49.9902,1237.0916,222.0000,11.0487,12.0450,10.9997,45.0000,WB,5075.0000
30618_0652866c,102,12.2038,10.0326,4.4000,49.9716,1241.6162,214.0000,11.3572,12.2180,11.3969,44.0000,WB,5125.0000
30618_0652866c,103,10.0162,5.5543,6.3338,50.1970,1246.0162,309.0000,7.9252,10.0530,8.0019,63.0000,WB,5175.0000
30618_0652866c,104,6.8384,0.0000,54.8000,49.9744,1252.3500,2697.0000,0.9119,6.7920,0.9129,547.0000,WB,5225.0000
30618_0652866c,105,7.4272,2.9857,8.8000,50.0075,1307.1500,427.0000,5.6827,7.4190,5.7395,88.0000,WB,5275.0000
30618_0652866c,106,4.2418,0.0000,25.6000,49.9916,1315.9500,1256.0000,1.9528,4.2500,1.9597,255.0000,WB,5325.0000
30618_0652866c,107,3.2063,2.7383,17.1662,50.0067,1341.5500,851.0000,2.9131,3.2400,2.9387,166.0000,WB,5375.0000
30618_0652866c,108,4.6896,0.0000,52.4830,50.2175,1358.7162,2598.0000,0.9568,4.6560,0.9556,510.0000,WB,5425.0000
30618_0652866c,109,4.5703,4.0049,11.1508,49.9361,1411.1992,551.0000,4.4782,4.6140,4.4914,111.0000,WB,5475.0000
30618_0652866c,110,3.9975,3.3588,13.7500,49.9614,1422.3500,674.0000,3.6336,4.0920,3.6539,137.0000,WB,5525.0000
30618_0652866c,111,3.7943,2.1717,17.5000,49.9391,1436.1000,863.0000,2.8537,3.9080,2.9183,167.0000,EB,5561.0738
30618_0652866c,112,4.1446,0.0000,10.7162,31.7071,1453.6000,525.0000,2.9588,4.1240,2.9966,113.0000,EB,5511.1413
30618_0652866c,151,,,,,,,,2.9050,2.8306,5.0000,EB,3566.1401
30618_0652866c,162,,,,,,,,2.6180,1.7949,20.0000,EB,3016.1399
30618_0652866c,221,0.2301,0.0000,6.4000,0.0824,1.1000,238.0000,0.0129,0.2120,0.0138,61.0000,WB,21.3710
30618_0686195f,0,3.3663,0.0000,28.9903,40.8879,0.0000,1112.0000,1.4104,,,,WB,25.0000
30618_0686195f,1,3.3613,2.8533,15.7500,50.0471,28.9903,630.0000,3.1776,3.4570,3.2006,152.0000,WB,75.0000
30618_0686195f,2,3.3532,0.0000,42.6500,42.7434,44.7402,1708.0000,1.0022,3.4920,1.1306,440.0000,WB,125.0000
30618_0686195f,3,4.1959,2.8134,13.6000,50.1212,87.3902,546.0000,3.6854,4.2590,3.6442,130.0000,WB,175.0000
30618_0686195f,4,7.0487,3.8212,8.5500,49.8853,100.9902,342.0000,5.8345,7.1270,5.6521,86.0000,WB,225.0000
30618_0686195f,5,6.2650,0.0000,24.0000,46.7187,109.5402,965.0000,1.9466,6.1810,2.0462,245.0000,WB,275.0000
30618_0686195f,6,10.2811,6.2976,5.9000,50.1526,133.5402,236.0000,8.5004,10.2150,8.3638,59.0000,WB,325.0000
30618_0686195f,7,11.5763,10.0656,4.7500,50.1521,139.4402,191.0000,10.5584,11.5340,10.5561,48.0000,WB,375.0000
30618_0686195f,8,12.7115,11.5979,4.0500,49.9592,144.1902,162.0000,12.3355,12.7970,12.3699,40.0000,WB,425.0000
30618_0686195f,9,12.3645,9.4336,4.5597,49.8472,148.2403,183.0000,10.9321,12.5520,11.1941,45.0000,WB,475.0000
30618_0686195f,10,9.4329,2.3234,8.4403,50.1246,152.8000,337.0000,5.9387,9.6840,6.5996,76.0000,WB,525.0000
30618_0686195f,11,6.9320,0.0000,58.3002,47.3216,161.2403,2339.0000,0.8117,6.7450,0.8421,584.0000,WB,575.0000
30618_0686195f,12,8.5236,6.9660,6.1001,49.9149,219.5404,245.0000,8.1827,8.5660,8.1552,61.0000,WB,625.0000
30618_0686195f,13,8.5459,8.4132,5.8997,50.0223,225.6405,236.0000,8.4787,8.5500,8.5052,59.0000,WB,675.0000
30618_0686195f,14,8.6911,8.4117,5.8598,49.8449,231.5402,237.0000,8.5063,8.6860,8.5192,59.0000,WB,725.0000
30618_0686195f,15,8.9587,8.4780,5.7902,50.3134,237.4000,231.0000,8.6894,8.9190,8.7177,57.0000,WB,775.0000
30618_0686195f,16,9.0890,6.6584,6.0098,49.7283,243.1902,241.0000,8.2746,9.1210,8.3581,60.0000,WB,825.0000
30618_0686195f,17,6.6519,0.0000,76.5500,49.3441,249.2000,3070.0000,0.6446,6.7910,0.6575,765.0000,WB,875.0000
30618_0686195f,18,4.6815,2.5235,14.7500,50.0105,325.7500,591.0000,3.3905,4.6840,3.4063,146.0000,WB,925.0000
30618_0686195f,19,3.9583,2.3794,17.2403,50.0271,340.5000,691.0000,2.9018,3.9050,2.9005,173.0000,WB,975.0000
30618_0686195f,20,5.7662,3.9863,11.5000,49.9705,357.7403,463.0000,4.3453,5.5630,4.3151,116.0000,WB,1025.0000
30618_0686195f,21,8.2570,5.8035,7.0500,50.0197,369.2402,282.0000,7.0950,8.2330,7.0351,71.0000,WB,1075.0000
30618_0686195f,22,9.9177,8.2640,5.5098,49.9694,376.2902,222.0000,9.0693,9.9270,9.0301,53.0000,WB,1125.0000
30618_0686195f,23,10.1659,9.9112,4.9903,49.9199,381.8000,200.0000,10.0035,10.1850,10.0012,50.0000,WB,1175.0000
30618_0686195f,24,10.2009,9.8962,5.0000,50.2222,386.7903,200.0000,10.0445,10.2370,10.0306,50.0000,WB,1225.0000
30618_0686195f,25,10.1575,9.6749,5.0097,49.8431,391.7903,201.0000,9.9492,10.1990,9.9463,50.0000,WB,1275.0000
30618_0686195f,26,9.7777,9.5945,5.1902,50.2634,396.8000,208.0000,9.6843,9.7880,9.6768,52.0000,WB,1325.0000
30618_0686195f,27,9.7684,9.5066,5.1500,49.7561,401.9902,209.0000,9.6613,9.8030,9.6583,52.0000,WB,1375.0000
30618_0686195f,28,9.9656,9.2347,5.1500,50.1451,407.1403,207.0000,9.7369,9.9870,9.7308,49.0000,WB,1425.0000
30618_0686195f,29,9.2060,3.8902,7.7501,50.0163,412.2902,310.0000,6.4537,9.1270,6.4230,78.0000,WB,1475.0000
30618_0686195f,30,8.6428,0.0000,16.7499,49.8068,420.0403,670.0000,2.9736,8.6880,3.0012,167.0000,WB,1525.0000
30618_0686195f,31,10.3538,8.6513,5.0598,49.9786,436.7902,203.0000,9.8776,10.3870,9.9009,48.0000,WB,1575.0000
30618_0686195f,32,10.2263,10.0449,4.9902,50.3729,441.8500,199.0000,10.0943,10.2320,10.0840,50.0000,WB,1625.0000
30618_0686195f,33,10.0674,10.0306,4.9500,49.7282,446.8402,200.0000,10.0461,10.0680,10.0291,50.0000,WB,1675.0000
30618_0686195f,34,10.0528,10.0031,5.0000,50.1499,451.7902,200.0000,10.0300,10.0480,10.0109,48.0000,WB,1725.0000
30618_0686195f,35,10.0415,8.2260,5.3000,50.0855,456.7902,212.0000,9.4501,10.0140,9.4039,53.0000,WB,1775.0000
30618_0686195f,36,8.2036,6.8954,6.8000,49.9917,462.0902,273.0000,7.3517,8.1120,7.3170,69.0000,WB,1825.0000
30618_0686195f,37,9.7751,6.7274,6.3098,49.6906,468.8902,253.0000,7.8752,9.7730,7.9352,63.0000,WB,1875.0000
30618_0686195f,38,10.7841,9.6566,5.0903,50.4023,475.2000,204.0000,9.9017,10.7410,9.8899,50.0000,WB,1925.0000
30618_0686195f,39,13.3804,10.8167,4.1000,50.0302,480.2903,164.0000,12.2026,13.3580,12.2027,41.0000,WB,1975.0000
30618_0686195f,40,14.1620,13.3959,3.6000,49.8266,484.3902,144.0000,13.8407,14.1580,13.8308,36.0000,WB,2025.0000
30618_0686195f,41,14.4564,14.1666,3.5000,50.1769,487.9902,141.0000,14.3361,14.4560,14.3221,35.0000,WB,2075.0000
30618_0686195f,42,14.7685,14.4588,3.4000,49.6110,491.4903,137.0000,14.5916,14.7350,14.5633,34.0000,WB,2125.0000
30618_0686195f,43,14.8583,13.5843,3.4501,49.9671,494.8902,138.0000,14.4830,14.8300,14.4104,35.0000,WB,2175.0000
30618_0686195f,44,13.5559,10.8229,4.1000,50.0426,498.3403,164.0000,12.2056,13.4630,12.0933,41.0000,WB,2225.0000
30618_0686195f,45,10.7961,9.7933,5.0000,50.0191,502.4403,202.0000,10.0038,10.6640,9.9475,51.0000,WB,2275.0000
30618_0686195f,46,9.8384,8.6149,5.2500,50.2059,507.4403,212.0000,9.5631,9.8300,9.5033,52.0000,WB,2325.0000
30618_0686195f,47,9.7419,8.4333,5.4098,49.8333,512.6902,219.0000,9.2117,9.7110,9.2309,55.0000,WB,2375.0000
30618_0686195f,48,11.1412,9.7242,4.7903,50.2186,518.1000,191.0000,10.4835,11.1530,10.5316,47.0000,WB,2425.0000
30618_0686195f,49,11.2425,9.3400,4.6597,49.8853,522.8903,187.0000,10.7056,11.2170,10.5929,47.0000,WB,2475.0000
30618_0686195f,50,9.3329,7.9058,6.0402,50.0451,527.5500,241.0000,8.2853,9.1540,8.2559,61.0000,WB,2525.0000
30618_0686195f,51,9.9947,8.2509,5.7500,50.2041,533.5902,230.0000,8.7311,10.0860,8.7951,57.0000,WB,2575.0000
30618_0686195f,52,12.1541,10.0192,4.5500,50.0216,539.3402,182.0000,10.9938,12.2430,11.0627,45.0000,WB,2625.0000
30618_0686195f,53,13.2575,12.1760,3.8598,49.7335,543.8902,157.0000,12.8851,13.2580,12.9076,38.0000,WB,2675.0000
30618_0686195f,54,13.1946,12.4527,3.9500,50.0222,547.7500,158.0000,12.6639,13.0570,12.6354,40.0000,WB,2725.0000
30618_0686195f,55,12.9026,11.7684,3.9902,50.0151,551.7000,159.0000,12.5344,12.8610,12.4544,40.0000,WB,2775.0000
30618_0686195f,56,12.5610,11.6626,4.1500,50.1215,555.6902,166.0000,12.0775,12.5720,12.0719,41.0000,WB,2825.0000
30618_0686195f,57,12.6605,10.9555,4.1500,50.0205,559.8402,167.0000,12.0530,12.6210,11.9620,42.0000,WB,2875.0000
30618_0686195f,58,10.9284,8.3233,5.3597,49.9200,563.9903,215.0000,9.3139,10.7420,9.1811,55.0000,WB,2925.0000
30618_0686195f,59,8.3242,2.0626,9.2000,50.0618,569.3500,368.0000,5.4415,8.1790,0.9796,523.0000,WB,2975.0000
30618_0686195f,60,8.2071,0.0000,80.3402,50.9839,578.5500,3222.0000,0.6346,8.3760,1.3384,372.0000,WB,3025.0000
30618_0686195f,61,11.2186,8.2364,5.1000,50.2279,658.8902,205.0000,9.8487,11.2290,9.9600,50.0000,WB,3075.0000
30618_0686195f,62,11.6528,10.4435,4.4000,49.6853,663.9902,179.0000,11.2921,11.6720,11.2389,44.0000,WB,3125.0000
30618_0686195f,63,10.4206,6.5560,5.8500,50.0835,668.3902,234.0000,8.5613,10.3060,8.3444,61.0000,WB,3175.0000
30618_0686195f,64,6.5269,0.0000,45.5500,49.9094,674.2403,1824.0000,1.0957,6.7570,1.0968,454.0000,WB,3225.0000
30618_0686195f,65,10.5059,6.5037,5.8000,50.2931,719.7902,233.0000,8.6712,10.5720,8.8483,56.0000,WB,3275.0000
30618_0686195f,66,11.5519,10.5265,4.4097,49.5863,725.5903,179.0000,11.2447,11.5380,11.2503,44.0000,WB,3325.0000
30618_0686195f,67,11.2171,7.8730,5.2402,50.2967,730.0000,210.0000,9.5983,11.0620,9.4237,54.0000,WB,3375.0000
30618_0686195f,68,7.8447,0.0000,37.3501,49.9243,735.2402,1499.0000,1.3367,7.5840,1.3364,376.0000,WB,3425.0000
30618_0686195f,69,8.7225,4.4847,7.0000,50.1410,772.5902,282.0000,7.1630,8.7750,7.4194,67.0000,WB,3475.0000
30618_0686195f,70,8.6570,4.0863,7.8501,49.7799,779.5902,314.0000,6.3413,8.5130,4.7754,132.0000,WB,3525.0000
30618_0686195f,71,4.0628,0.1810,20.0499,50.0783,787.4403,804.0000,2.4977,3.5230,2.4682,146.0000,WB,3575.0000
30618_0686195f,72,4.2962,2.8929,15.0000,49.9353,807.4902,601.0000,3.3290,4.4800,3.4452,100.0000,WB,3625.0000
30618_0686195f,73,7.7797,4.1638,9.4000,50.0188,822.4903,376.0000,5.3212,8.2820,5.3547,50.0000,WB,3675.0000
30618_0686195f,74,9.0376,7.7512,6.3000,51.6044,831.8902,252.0000,8.1912,8.9650,8.1548,32.0000,WB,3725.0000
30618_0686195f,75,10.8043,9.0558,4.9598,49.7243,838.1902,199.0000,10.0256,10.7740,10.3120,26.0000,WB,3775.0000
30618_0686195f,76,10.9565,9.9232,4.6903,49.9937,843.1500,189.0000,10.6590,10.9470,10.3681,55.0000,WB,3825.0000
30618_0686195f,77,9.8990,5.8532,6.4000,50.0673,847.8403,257.0000,7.8230,9.8230,6.6257,77.0000,WB,3875.0000
30618_0686195f,78,6.6242,0.0000,26.6500,51.7130,854.2403,1074.0000,1.9404,6.6490,2.4935,66.0000,WB,3925.0000
30618_0686195f,79,8.2002,6.6373,6.5500,49.8870,880.8903,263.0000,7.6164,8.7890,7.7183,72.0000,WB,3975.0000
30618_0686195f,80,8.8458,8.2092,5.7500,49.9160,887.4402,230.0000,8.6810,8.9110,8.6995,49.0000,WB,4025.0000
30618_0686195f,81,8.6437,1.7800,9.2000,50.1256,893.1903,370.0000,5.4484,8.5780,2.1005,258.0000,WB,4075.0000
30618_0686195f,82,9.1406,0.0000,44.1500,50.8892,902.3902,1790.0000,1.1526,9.0470,1.6666,274.0000,WB,4125.0000
30618_0686195f,83,11.5042,9.1710,4.7097,49.7866,946.5403,194.0000,10.5710,11.5400,10.5246,47.0000,WB,4175.0000
30618_0686195f,84,11.5297,8.9149,4.8402,50.3157,951.2500,197.0000,10.3953,11.5200,10.4504,48.0000,WB,4225.0000
30618_0686195f,85,8.8885,7.8394,6.1500,49.9786,956.0902,249.0000,8.1266,8.9400,8.1776,57.0000,WB,4275.0000
30618_0686195f,86,9.2897,8.6355,5.5003,49.9810,962.2403,221.0000,9.0869,9.3110,9.0896,43.0000,WB,4325.0000
30618_0686195f,87,8.9856,8.2419,5.7496,49.7987,967.7406,233.0000,8.6612,9.0860,8.7322,52.0000,WB,4375.0000
30618_0686195f,88,10.4134,8.3035,5.4500,50.1135,973.4902,220.0000,9.1951,10.3210,9.1232,49.0000,WB,4425.0000
30618_0686195f,89,11.2796,10.3868,4.5597,49.8724,978.9403,184.0000,10.9376,11.2850,10.8506,48.0000,WB,4475.0000
30618_0686195f,90,10.3832,6.2740,5.9902,50.2579,983.5000,245.0000,8.3900,10.4690,8.4914,57.0000,WB,4525.0000
30618_0686195f,91,6.4094,0.0000,73.4501,49.5147,989.4902,2992.0000,0.6741,6.3740,0.6820,734.0000,WB,4575.0000
30618_0686195f,92,10.7214,6.4444,5.7500,50.0339,1062.9403,238.0000,8.7016,10.6140,8.5854,58.0000,WB,4625.0000
30618_0686195f,93,12.5441,10.7466,4.2500,50.1236,1068.6903,173.0000,11.7939,12.5390,11.7377,43.0000,WB,4675.0000
30618_0686195f,94,13.1231,12.5444,3.8500,49.6799,1072.9402,158.0000,12.9038,13.1210,12.8833,36.0000,WB,4725.0000
30618_0686195f,95,12.7385,9.5925,4.5000,50.2302,1076.7902,182.0000,11.1622,12.8020,11.2621,39.0000,WB,4775.0000
30618_0686195f,96,9.5649,8.4966,5.6501,49.9571,1081.2903,233.0000,8.8418,9.6250,8.9027,45.0000,WB,4825.0000
30618_0686195f,97,8.7548,8.4870,5.7999,49.9799,1086.9403,240.0000,8.6173,8.8030,8.6316,58.0000,WB,4875.0000
30618_0686195f,98,8.7552,7.8897,5.8500,50.0047,1092.7403,241.0000,8.5478,8.7420,8.5782,58.0000,WB,4925.0000
30618_0686195f,99,7.8617,0.0000,46.9000,49.7567,1098.5903,1915.0000,1.0609,7.9950,1.0879,466.0000,WB,4975.0000
30618_0686195f,100,9.5768,2.1076,8.3999,50.0416,1145.4903,342.0000,5.9574,9.5250,5.6733,88.0000,WB,5025.0000
30618_0686195f,101,12.1324,9.6074,4.5000,50.0621,1153.8902,184.0000,11.1249,12.0840,11.0479,42.0000,WB,5075.0000
30618_0686195f,102,12.3136,10.2773,4.3000,49.8027,1158.3902,174.0000,11.5820,12.3360,11.6273,43.0000,WB,5125.0000
30618_0686195f,103,10.2499,5.8721,6.0500,50.0658,1162.6902,248.0000,8.2753,10.3300,8.5262,46.0000,WB,5175.0000
30618_0686195f,104,5.8364,0.0000,13.0500,17.5828,1168.7403,539.0000,1.3473,5.7950,1.3521,130.0000,WB,5225.0000
30618_0686195f,147,,,,,,,,10.6340,10.4983,3.0000,EB,3772.1418
30618_0686195f,148,,,,,,,,10.2370,8.8741,46.0000,EB,3722.1418
30618_0686195f,150,,,,,,,,3.8290,3.2680,20.0000,EB,3618.1407
30618_073f08d1,114,3.3352,2.4041,8.9500,25.7919,113.2161,365.0000,2.8818,3.3620,2.8641,105.0000,EB,5421.1425
30618_073f08d1,115,4.2238,2.5753,16.2838,50.5595,122.1662,665.0000,3.1049,3.9900,3.0689,159.0000,EB,5369.1419
30618_073f08d1,116,4.8624,0.0000,18.8000,51.5570,138.4500,786.0000,2.7424,4.8670,2.7012,181.0000,EB,5316.1420
30618_073f08d1,117,7.3157,0.0000,32.8500,47.5661,157.2500,1392.0000,1.4480,7.2390,1.5041,329.0000,EB,5266.1420
30618_073f08d1,118,10.8781,7.3440,5.3000,49.6696,190.1000,232.0000,9.3716,10.8220,9.3019,53.0000,EB,5216.1420
30618_073f08d1,119,11.2205,10.8049,4.5662,50.1001,195.4000,191.0000,10.9720,11.1400,10.9007,46.0000,EB,5166.1420
30618_073f08d1,120,10.9126,7.0098,5.5838,49.9552,199.9662,235.0000,8.9464,10.8040,8.8556,56.0000,EB,5116.1421
30618_073f08d1,121,6.9865,0.0000,38.0000,50.9453,205.5500,1618.0000,1.3407,6.8490,1.3215,375.0000,EB,5066.1420
30618_073f08d1,122,10.2789,5.4637,6.2000,50.0495,243.5500,264.0000,8.0725,10.2670,8.0621,58.0000,EB,5016.1420
30618_073f08d1,123,10.7873,9.0526,4.9000,49.9977,249.7500,208.0000,10.2036,10.7870,10.1283,39.0000,EB,4966.1420
30618_073f08d1,124,9.0260,8.5082,5.7662,49.8594,254.6500,244.0000,8.6469,8.8780,8.6202,46.0000,EB,4917.1420
30618_073f08d1,125,9.8329,8.4255,5.7838,50.2326,260.4162,247.0000,8.6850,9.7750,8.6494,47.0000,EB,4867.1420
30618_073f08d1,126,11.0468,9.8574,4.6500,49.7652,266.2000,199.0000,10.7022,11.0250,10.6795,47.0000,EB,4818.1420
30618_073f08d1,127,11.3095,11.0457,4.5000,50.3042,270.8500,186.0000,11.1787,11.3310,11.1544,45.0000,EB,4768.1420
30618_073f08d1,128,11.3149,8.1544,5.0162,49.7969,275.3500,208.0000,9.9272,11.3470,9.9121,49.0000,EB,4718.1420
30618_073f08d1,129,8.1422,0.0000,35.6825,50.7352,280.3662,1517.0000,1.4219,8.0500,1.4251,352.0000,EB,4668.1421
30618_073f08d1,130,8.7888,1.8844,11.4013,49.8904,316.0487,495.0000,4.3759,8.7320,4.3800,114.0000,EB,4618.1420
30618_073f08d1,131,12.0615,8.8175,4.7162,49.9396,327.4500,202.0000,10.5890,12.0730,10.5806,47.0000,EB,4568.1420
30618_073f08d1,132,12.9453,12.0676,3.9838,50.2022,332.1662,173.0000,12.6016,12.9500,12.5902,39.0000,EB,4518.1420
30618_073f08d1,133,12.7520,9.7758,4.4162,49.9409,336.1500,190.0000,11.3087,12.7640,11.3331,45.0000,EB,4468.1419
30618_073f08d1,134,9.7635,7.4243,6.1338,49.9084,340.5662,270.0000,8.1366,9.7600,8.1408,58.0000,EB,4418.1420
30618_073f08d1,135,8.1462,7.7876,6.3000,50.1319,346.7000,275.0000,7.9574,8.1530,7.9477,58.0000,EB,4369.1419
30618_073f08d1,136,8.1159,6.8584,6.4500,49.9545,353.0000,279.0000,7.7449,8.1510,7.7468,65.0000,EB,4320.1420
30618_073f08d1,137,10.1788,6.8354,6.2500,50.1125,359.4500,274.0000,8.0180,10.1180,8.0034,62.0000,EB,4271.1418
30618_073f08d1,138,12.0858,10.2044,4.3661,49.8235,365.7000,191.0000,11.4113,12.0890,11.3980,44.0000,EB,4222.1418
30618_073f08d1,139,12.0132,6.6958,5.4339,49.9751,370.0661,237.0000,9.1970,11.9920,9.2213,54.0000,EB,4172.1418
30618_073f08d1,140,8.1848,6.6928,6.6000,50.0797,375.5000,288.0000,7.5878,8.1680,7.6093,60.0000,EB,4122.1417
30618_073f08d1,141,6.8477,0.0000,51.7662,49.9731,382.1000,2278.0000,0.9654,6.8760,0.9763,518.0000,EB,4072.1418
30618_073f08d1,142,10.2589,4.7210,6.5000,49.8941,433.8662,288.0000,7.6760,10.2850,7.6739,65.0000,EB,4022.1417
30618_073f08d1,143,10.9834,10.2309,4.6838,49.9972,440.3662,204.0000,10.6745,11.0140,10.6764,47.0000,EB,3972.1418
30618_073f08d1,144,10.2037,7.3489,5.8162,50.1261,445.0500,261.0000,8.6184,10.2210,8.6242,55.0000,EB,3922.1417
30618_073f08d1,145,7.3468,6.7646,7.1000,49.9521,450.8662,332.0000,7.0355,7.3870,7.0326,71.0000,EB,3872.1417
30618_073f08d1,146,6.9517,6.5994,7.4000,49.9925,457.9662,338.0000,6.7558,6.9610,6.7524,74.0000,EB,3822.1418
30618_073f08d1,147,6.8019,6.6289,7.4500,50.0613,465.3662,330.0000,6.7196,6.8150,6.7127,72.0000,EB,3772.1418
30618_073f08d1,148,7.3894,4.1122,8.1838,50.0624,472.8162,372.0000,6.1172,7.4340,6.1022,83.0000,EB,3722.1418
30618_073f08d1,149,4.1449,3.3631,13.6162,49.9417,481.0000,615.0000,3.6678,4.1580,3.6613,135.0000,EB,3672.1417
30618_073f08d1,150,5.1598,3.7387,12.1838,50.0586,494.6162,576.0000,4.1086,5.0910,4.1082,121.0000,EB,3618.1407
30618_073f08d1,151,8.5042,5.1936,6.7500,50.0392,506.8000,313.0000,7.4132,8.5130,7.3962,66.0000,EB,3566.1401
30618_073f08d1,152,8.1745,1.5271,9.8500,49.9300,513.5500,457.0000,5.0690,8.1290,5.0060,96.0000,EB,3516.1400
30618_073f08d1,153,8.9115,0.0000,37.9500,50.4955,523.4000,1879.0000,1.3306,8.8900,1.3165,371.0000,EB,3466.1401
30618_073f08d1,154,11.2907,8.9171,5.1500,49.9197,561.3500,255.0000,9.6932,11.2430,9.6630,52.0000,EB,3416.1400
30618_073f08d1,155,13.6304,11.3159,3.9500,49.8476,566.5000,192.0000,12.6196,13.4160,12.5717,34.0000,EB,3366.1400
30618_073f08d1,156,14.5090,13.6432,3.5500,50.3517,570.4500,173.0000,14.1836,14.6290,14.1865,34.0000,EB,3316.1401
30618_073f08d1,157,14.4885,14.2279,3.4662,49.6831,574.0000,174.0000,14.3336,14.5460,14.3341,35.0000,EB,3266.1400
30618_073f08d1,158,14.4074,13.7175,3.5338,50.0443,577.4662,171.0000,14.1616,14.4200,14.1665,35.0000,EB,3216.1399
30618_073f08d1,159,13.6980,10.5294,4.1000,50.0632,581.0000,202.0000,12.2105,13.6930,12.2370,41.0000,EB,3166.1399
30618_073f08d1,160,10.4966,0.0000,16.4000,50.0433,585.1000,813.0000,3.0514,10.5100,3.0811,163.0000,EB,3116.1399
30618_073f08d1,161,5.9542,0.0000,78.8662,50.0175,601.5000,3929.0000,0.6342,5.8260,0.6347,789.0000,EB,3066.1398
30618_073f08d1,162,8.7179,5.9624,6.6000,50.0246,680.3662,325.0000,7.5795,8.7920,7.5686,66.0000,EB,3016.1399
30618_073f08d1,163,6.5405,0.0000,51.6839,49.9448,686.9661,2568.0000,0.9664,6.5980,0.9727,517.0000,EB,2966.1399
30618_073f08d1,164,11.0835,6.4514,5.7000,50.2964,738.6500,279.0000,8.8239,11.0030,8.7477,57.0000,EB,2916.1400
30618_073f08d1,165,13.6171,11.1075,3.9662,49.6980,744.3500,197.0000,12.5304,13.5780,12.4717,40.0000,EB,2866.1398
30618_073f08d1,166,14.2763,13.6195,3.5838,50.2143,748.3162,178.0000,14.0115,14.3100,13.9931,36.0000,EB,2816.1396
30618_073f08d1,167,13.8901,12.1054,3.9000,49.7924,751.9000,192.0000,12.7673,13.9180,12.7799,39.0000,EB,2766.1396
30618_073f08d1,168,12.7266,12.0997,4.0162,49.9629,755.8000,200.0000,12.4403,12.7090,12.4305,40.0000,EB,2717.1395
30618_073f08d1,169,12.7188,11.1854,4.2361,49.9697,759.8162,212.0000,11.7961,12.7310,11.8189,42.0000,EB,2667.1395
30618_073f08d1,170,11.1874,8.3291,5.2138,50.1408,764.0523,256.0000,9.6169,11.1900,9.6653,52.0000,EB,2617.1396
30618_073f08d1,171,8.5038,7.9792,6.1338,50.0042,769.2662,303.0000,8.1522,8.5110,8.1598,61.0000,EB,2567.1395
30618_073f08d1,172,9.6820,8.5023,5.4000,50.0266,775.4000,266.0000,9.2642,9.7100,9.2624,54.0000,EB,2518.1395
30618_073f08d1,173,8.4769,7.1298,6.7378,50.0057,780.8000,331.0000,7.4217,8.4540,7.4212,67.0000,EB,2468.1395
30618_073f08d1,174,8.4931,7.2080,6.3622,49.8783,787.5378,315.0000,7.8398,8.4300,7.8224,64.0000,EB,2418.1394
30618_073f08d1,175,11.8084,8.5136,4.9000,50.1734,793.9000,240.0000,10.2395,11.7750,10.2096,49.0000,EB,2368.1396
30618_073f08d1,176,13.4836,11.8284,3.9000,49.8324,798.8000,190.0000,12.7775,13.4810,12.7577,39.0000,EB,2318.1394
30618_073f08d1,177,14.2493,13.4924,3.6000,50.1853,802.7000,177.0000,13.9404,14.2450,13.9274,36.0000,EB,2268.1394
30618_073f08d1,178,14.4518,14.2503,3.4661,49.8572,806.3000,171.0000,14.3840,14.4820,14.3830,34.0000,EB,2218.1393
30618_073f08d1,179,14.4466,14.2018,3.4765,50.0512,809.7661,167.0000,14.3971,14.4570,14.3947,35.0000,EB,2168.1393
30618_073f08d1,180,14.1938,14.0338,3.5574,50.1051,813.2426,174.0000,14.0849,14.1750,14.0887,36.0000,EB,2118.1391
30618_073f08d1,181,14.0711,13.4565,3.6446,49.8555,816.8000,180.0000,13.6791,14.0970,13.6781,36.0000,EB,2068.1392
30618_073f08d1,182,13.7075,13.5371,3.6715,50.0698,820.4446,182.0000,13.6374,13.7060,13.6197,37.0000,EB,2017.1391
30618_073f08d1,183,13.5503,13.3740,3.7000,49.9077,824.1162,181.0000,13.4885,13.5430,13.4663,37.0000,EB,1967.1389
30618_073f08d1,184,13.3723,13.0542,3.8000,50.0704,827.8162,187.0000,13.1765,13.3470,13.1616,38.0000,EB,1917.1389
30618_073f08d1,185,13.0648,11.8913,3.9000,49.8538,831.6162,190.0000,12.7830,13.0580,12.7765,39.0000,EB,1867.1388
30618_073f08d1,186,11.8781,9.0359,4.8000,50.0812,835.5162,233.0000,10.4336,11.9120,10.4542,48.0000,EB,1817.1386
30618_073f08d1,187,9.0246,0.0000,17.9839,50.1021,840.3161,873.0000,2.7859,9.0090,2.7998,179.0000,EB,1767.1386
30618_073f08d1,188,9.1371,5.3991,6.6000,49.9489,858.3000,318.0000,7.5680,9.1140,7.5472,66.0000,EB,1717.1386
30618_073f08d1,189,9.8188,9.1458,5.2468,50.0465,864.9000,255.0000,9.5384,9.8430,9.5452,52.0000,EB,1667.1386
30618_073f08d1,190,9.8216,4.2474,8.2532,50.0139,870.1468,400.0000,6.0600,9.8210,6.1164,83.0000,EB,1617.1386
30618_073f08d1,191,4.4421,2.4894,13.8000,49.9952,878.4000,676.0000,3.6228,4.4390,3.6306,137.0000,EB,1567.1386
30618_073f08d1,192,7.5544,3.9900,7.8000,49.9656,892.2000,384.0000,6.4058,7.5870,6.3609,77.0000,EB,1517.1386
30618_073f08d1,193,7.4242,7.0051,6.8486,49.8863,900.0000,336.0000,7.2841,7.4670,7.3005,69.0000,EB,1467.1386
30618_073f08d1,194,7.3075,6.9606,7.0514,50.1573,906.8486,344.0000,7.1131,7.3200,7.1319,70.0000,EB,1417.1386
30618_073f08d1,195,8.1487,6.4137,6.9000,49.9684,913.9000,334.0000,7.2418,8.1420,7.2607,69.0000,EB,1367.1385
30618_073f08d1,196,9.6750,6.8108,5.8161,49.8504,920.8000,284.0000,8.5710,9.6740,8.5097,58.0000,EB,1317.1385
30618_073f08d1,197,10.0837,9.6758,5.0339,50.0079,926.6161,248.0000,9.9343,10.1170,9.9410,51.0000,EB,1267.1386
30618_073f08d1,198,9.9562,9.7482,5.1000,50.1300,931.6500,249.0000,9.8294,9.9900,9.8500,51.0000,EB,1217.1386
30618_073f08d1,199,10.0876,9.4305,5.0500,49.9748,936.7500,248.0000,9.8960,10.1400,9.9260,50.0000,EB,1167.1386
30618_073f08d1,200,9.4107,4.7483,7.0500,50.0189,941.8000,340.0000,7.0949,9.4690,7.2358,69.0000,EB,1117.1385
30618_073f08d1,201,4.7290,3.5829,12.2500,50.0401,948.8500,598.0000,4.0849,4.8520,4.1102,120.0000,EB,1067.1385
30618_073f08d1,202,4.3777,0.0000,24.2500,49.3035,961.1000,1186.0000,2.0331,4.3000,2.0382,243.0000,EB,1017.1385
30618_073f08d1,203,6.0841,2.2872,10.5162,49.9201,985.3500,509.0000,4.7470,6.1090,4.7803,103.0000,EB,967.1384
30618_073f08d1,204,7.4964,0.0000,73.6338,49.8005,995.8662,3578.0000,0.6763,7.4220,0.6802,671.0000,EB,917.1384
30618_073f08d1,205,9.7249,7.5228,5.5500,50.0318,1069.5000,269.0000,9.0147,9.7140,8.9743,55.0000,EB,867.1384
30618_073f08d1,206,9.7375,8.4320,5.6162,50.0212,1075.0500,277.0000,8.9066,9.7390,8.9084,57.0000,EB,818.1384
30618_073f08d1,207,8.7415,8.6014,5.7838,50.0609,1080.6662,279.0000,8.6553,8.7490,8.6519,57.0000,EB,768.1383
30618_073f08d1,208,8.7581,8.5185,5.7991,50.0167,1086.4500,281.0000,8.6249,8.7500,8.6240,43.0000,EB,718.1382
30618_073f08d1,209,8.6865,8.4738,5.8171,49.8781,1092.2491,282.0000,8.5745,8.7290,8.5677,59.0000,EB,669.1382
30618_073f08d1,210,9.0387,8.4405,5.8000,49.9678,1098.0662,281.0000,8.6151,8.9670,8.5970,58.0000,EB,620.1381
30618_073f08d1,211,11.9950,9.0294,4.7338,49.9649,1103.8662,227.0000,10.5549,11.9440,10.5319,47.0000,EB,570.1380
30618_073f08d1,212,13.6948,12.0151,3.8662,50.1688,1108.6000,185.0000,12.9762,13.6450,12.9648,38.0000,EB,520.1379
30618_073f08d1,213,13.8775,12.7436,3.6838,49.8519,1112.4662,179.0000,13.5328,13.8920,13.5312,35.0000,EB,470.1379
30618_073f08d1,214,12.7238,11.9027,4.1500,50.2561,1116.1500,198.0000,12.1099,12.7260,12.1268,33.0000,EB,420.1378
30618_073f08d1,215,12.1184,11.2530,4.1662,49.7983,1120.3000,201.0000,11.9529,12.1760,11.9526,42.0000,EB,370.1378
30618_073f08d1,216,11.2406,6.7150,5.5338,50.0276,1124.4662,266.0000,9.0404,11.2020,9.0585,55.0000,EB,320.1378
30618_073f08d1,217,6.6881,0.0000,61.2000,50.0326,1130.0000,2904.0000,0.8175,6.7030,0.8309,604.0000,EB,270.1378
30618_073f08d1,218,3.8005,2.5001,17.8000,50.0383,1191.2000,832.0000,2.8111,3.8430,2.8139,166.0000,EB,220.1378
30618_073f08d1,219,3.6115,0.0000,45.3500,50.1773,1209.0000,2049.0000,1.1064,3.6960,1.1177,371.0000,EB,173.1339
30618_073f08d1,220,3.6803,1.6873,16.3000,50.0039,1254.3500,754.0000,3.0677,3.6700,3.0615,135.0000,EB,0.0000
30618_073f08d1,221,1.6679,0.0000,4.7662,2.8834,1270.6500,216.0000,0.6050,1.6810,0.6460,40.0000,WB,21.3710
30618_095a115b,0,3.3975,0.0000,63.4000,50.0096,1.0500,2517.0000,0.7888,3.4250,0.8482,535.0000,WB,25.0000
30618_095a115b,1,3.5072,2.9654,15.4000,50.1207,64.4500,621.0000,3.2546,3.6910,3.2540,133.0000,WB,75.0000
30618_095a115b,2,3.4996,0.0000,40.1731,49.9681,79.8500,1610.0000,1.2438,3.4990,1.1641,343.0000,WB,125.0000
30618_095a115b,3,4.3399,2.1730,13.4500,50.0471,120.0231,538.0000,3.7210,4.3900,3.7155,134.0000,WB,175.0000
30618_095a115b,4,7.1426,3.7725,8.7769,49.9103,133.4731,352.0000,5.6865,7.1590,5.6522,88.0000,WB,225.0000
30618_095a115b,5,6.1709,0.0000,23.5231,50.2488,142.2500,945.0000,2.1361,6.1150,1.6512,175.0000,WB,275.0000
30618_095a115b,6,10.2986,6.1831,5.9769,50.3394,165.7731,240.0000,8.4223,,,,WB,325.0000
30618_095a115b,7,11.5283,10.0964,4.7500,50.0691,171.7500,192.0000,10.5409,,,,WB,375.0000
30618_095a115b,8,12.7256,11.5326,4.0500,49.8544,176.5000,164.0000,12.3097,,,,WB,425.0000
30618_095a115b,9,12.4002,9.5142,4.5731,50.1627,180.5500,184.0000,10.9690,,,,WB,475.0000
30618_095a115b,10,9.4979,3.1387,7.9000,49.8737,185.1231,317.0000,6.3131,,,,WB,525.0000
30618_095a115b,11,6.9350,0.0000,51.6500,49.9589,193.0231,2075.0000,0.9673,,,,WB,575.0000
30618_095a115b,12,8.4304,6.9542,6.1500,49.9503,244.6731,248.0000,8.1221,,,,WB,625.0000
30618_095a115b,13,8.4609,8.3886,5.9269,50.0201,250.8231,237.0000,8.4395,,,,WB,675.0000
30618_095a115b,14,8.7316,8.4225,5.8500,49.9276,256.7500,235.0000,8.5346,,,,WB,725.0000
30618_095a115b,15,8.8929,8.4726,5.7731,50.0595,262.6000,232.0000,8.6712,,,,WB,775.0000
30618_095a115b,16,8.9916,6.6409,6.1000,49.9766,268.3731,246.0000,8.1929,,,,WB,825.0000
30618_095a115b,17,6.6255,0.0000,46.1500,49.9935,274.4731,1853.0000,1.0833,,,,WB,875.0000
30618_095a115b,18,4.5537,0.8419,16.7769,50.0102,320.6231,677.0000,2.9809,,,,WB,925.0000
30618_095a115b,19,4.1326,0.0000,35.6500,50.1255,337.4000,1434.0000,1.4060,,,,WB,975.0000
30618_095a115b,20,5.7828,4.1491,11.3231,50.0719,373.0500,456.0000,4.4221,,,,WB,1025.0000
30618_095a115b,21,6.8435,3.7432,8.4769,49.9912,384.3731,343.0000,5.8973,,,,WB,1075.0000
30618_095a115b,22,6.5217,2.3273,15.4000,50.0208,392.8500,625.0000,3.2481,2.7050,2.5090,28.0000,WB,1125.0000
30618_095a115b,23,7.3435,6.5385,7.0000,49.9557,408.2500,283.0000,7.1365,,,,WB,1175.0000
30618_095a115b,24,7.2574,6.8689,7.0500,50.0118,415.2500,286.0000,7.0939,,,,WB,1225.0000
30618_095a115b,25,7.0980,6.8843,7.1500,49.9726,422.3000,289.0000,6.9892,,,,WB,1275.0000
30618_095a115b,26,7.0942,6.9140,7.1231,50.0541,429.4500,289.0000,7.0270,,,,WB,1325.0000
30618_095a115b,27,7.1106,6.8773,7.1500,49.9406,436.5731,292.0000,6.9847,,,,WB,1375.0000
30618_095a115b,28,7.1880,6.9724,7.0500,49.9812,443.7231,285.0000,7.0895,,,,WB,1425.0000
30618_095a115b,29,7.0161,3.7187,8.5269,50.0833,450.7731,344.0000,5.8736,,,,WB,1475.0000
30618_095a115b,30,7.2227,0.0000,16.7000,50.0581,459.3000,680.0000,2.9975,,,,WB,1525.0000
30618_095a115b,31,7.1604,6.8063,7.1231,49.8860,476.0000,290.0000,7.0034,,,,WB,1575.0000
30618_095a115b,32,7.0724,6.8396,7.2000,50.0102,483.1231,293.0000,6.9459,,,,WB,1625.0000
30618_095a115b,33,7.1787,5.7327,7.2769,50.0992,490.3231,304.0000,6.8847,,,,WB,1675.0000
30618_095a115b,34,5.7074,2.5983,13.6731,49.8853,497.6000,560.0000,3.6484,,,,WB,1725.0000
30618_095a115b,35,6.8548,5.5653,7.6269,50.0299,511.2731,315.0000,6.5597,6.8640,6.5118,74.0000,WB,1775.0000
30618_095a115b,36,7.0125,6.5547,7.3731,49.9280,518.9000,298.0000,6.7716,7.0400,6.7750,72.0000,WB,1825.0000
30618_095a115b,37,9.7952,6.7063,6.2500,50.1319,526.2731,255.0000,8.0211,9.6970,7.7974,62.0000,WB,1875.0000
30618_095a115b,38,10.9236,9.6287,5.0269,49.8791,532.5231,205.0000,9.9225,10.5870,9.8443,51.0000,WB,1925.0000
30618_095a115b,39,13.3531,10.9447,4.0731,49.9444,537.5500,164.0000,12.2620,13.1970,12.0421,41.0000,WB,1975.0000
30618_095a115b,40,14.0863,13.3603,3.6500,50.2763,541.6231,150.0000,13.7742,13.6480,13.5014,15.0000,WB,2025.0000
30618_095a115b,41,14.3898,14.0893,3.4999,49.8968,545.2731,142.0000,14.2565,,,,WB,2075.0000
30618_095a115b,42,14.6222,14.3917,3.4500,50.0220,548.7731,142.0000,14.4991,,,,WB,2125.0000
30618_095a115b,43,14.7448,14.6234,3.4000,49.9493,552.2231,141.0000,14.6908,,,,WB,2175.0000
30618_095a115b,44,14.7805,14.6190,3.3999,49.9553,555.6231,139.0000,14.6930,,,,WB,2225.0000
30618_095a115b,45,14.7721,12.5994,3.6269,49.8708,559.0231,154.0000,13.7501,,,,WB,2275.0000
30618_095a115b,46,12.5819,9.2104,4.6000,50.0896,562.6500,192.0000,10.8891,,,,WB,2325.0000
30618_095a115b,47,9.1901,5.8770,7.2731,50.1103,567.2500,301.0000,6.8898,,,,WB,2375.0000
30618_095a115b,48,10.1936,6.1166,6.0269,49.9257,574.5231,253.0000,8.2838,,,,WB,2425.0000
30618_095a115b,49,10.5412,8.6158,5.0500,50.0170,580.5500,214.0000,9.9044,,,,WB,2475.0000
30618_095a115b,50,8.6031,8.1405,5.9731,49.9644,585.6000,250.0000,8.3650,8.6130,8.5730,7.0000,WB,2525.0000
30618_095a115b,51,10.3097,8.5528,5.5500,50.1090,591.5731,228.0000,9.0286,10.0420,8.9141,55.0000,WB,2575.0000
30618_095a115b,52,12.2400,10.3222,4.4501,49.8856,597.1231,186.0000,11.2100,12.0680,11.0580,46.0000,WB,2625.0000
30618_095a115b,53,13.0757,12.2510,3.8999,49.9297,601.5732,165.0000,12.8028,13.1260,12.7700,39.0000,WB,2675.0000
30618_095a115b,54,12.7522,12.2478,4.0269,49.9797,605.4731,169.0000,12.4115,12.8680,12.4343,40.0000,WB,2725.0000
30618_095a115b,55,13.7536,12.7080,3.7500,50.1356,609.5000,157.0000,13.3695,13.7360,13.2652,37.0000,WB,2775.0000
30618_095a115b,56,13.9200,13.4756,3.6231,50.0316,613.2500,153.0000,13.8091,13.9140,13.8221,37.0000,WB,2825.0000
30618_095a115b,57,13.4598,10.6655,4.1500,49.9088,616.8731,176.0000,12.0262,13.5540,12.2215,41.0000,WB,2875.0000
30618_095a115b,58,10.6488,7.9697,5.5769,50.1541,621.0231,238.0000,8.9932,10.8350,9.1844,51.0000,WB,2925.0000
30618_095a115b,59,7.9621,0.0000,13.3777,49.2328,626.6000,563.0000,3.6802,8.1080,5.4273,76.0000,WB,2975.0000
30618_095a115b,60,8.7810,0.0000,62.6723,49.5788,639.9777,2614.0000,0.7911,8.7780,0.8750,332.0000,WB,3025.0000
30618_095a115b,61,11.5388,8.7989,4.9000,50.1080,702.6500,210.0000,10.2261,11.4230,10.2488,46.0000,WB,3075.0000
30618_095a115b,62,13.0944,11.5518,4.0231,49.8174,707.5500,172.0000,12.3828,13.0290,12.3759,39.0000,WB,3125.0000
30618_095a115b,63,13.9802,13.1015,3.6999,50.1271,711.5731,160.0000,13.5481,13.9270,13.5297,37.0000,WB,3175.0000
30618_095a115b,64,14.4217,13.9847,3.5269,49.9534,715.2731,150.0000,14.1634,14.3870,14.1526,36.0000,WB,3225.0000
30618_095a115b,65,14.5390,14.0231,3.4731,50.1484,718.8000,147.0000,14.4392,14.5710,14.4206,34.0000,WB,3275.0000
30618_095a115b,66,14.0058,11.1112,3.9769,49.7821,722.2731,170.0000,12.5177,13.9620,12.5587,40.0000,WB,3325.0000
30618_095a115b,67,11.0929,7.0217,5.5000,50.1041,726.2500,236.0000,9.1098,11.1020,9.1404,55.0000,WB,3375.0000
30618_095a115b,68,7.0007,0.0000,105.0000,50.1999,731.7500,4613.0000,0.4781,7.0040,0.4945,1050.0000,WB,3425.0000
30618_095a115b,69,8.5045,4.0828,7.3000,49.9542,836.7500,340.0000,6.8430,8.4930,6.8208,73.0000,WB,3475.0000
30618_095a115b,70,8.4873,3.4029,8.2731,50.0899,844.0500,383.0000,6.0545,8.4740,6.1037,82.0000,WB,3525.0000
30618_095a115b,71,3.3944,1.3790,19.9769,49.9978,852.3231,935.0000,2.5028,3.3980,2.5065,199.0000,WB,3575.0000
30618_095a115b,72,4.3223,2.5632,15.6731,50.0435,872.3000,731.0000,3.1930,4.3150,3.1670,132.0000,WB,3625.0000
30618_095a115b,73,7.9198,2.8800,10.1269,49.9243,887.9731,477.0000,4.9299,7.8760,4.9199,102.0000,WB,3675.0000
30618_095a115b,74,9.1393,7.7377,6.1000,50.1146,898.1000,276.0000,8.2155,9.1140,8.2078,61.0000,WB,3725.0000
30618_095a115b,75,10.7943,9.1347,4.9732,50.0216,904.2000,232.0000,10.0582,10.7230,10.0304,49.0000,WB,3775.0000
30618_095a115b,76,10.8983,9.7887,4.7499,50.0988,909.1732,231.0000,10.5473,10.9010,10.5365,48.0000,WB,3825.0000
30618_095a115b,77,9.7795,5.6032,6.4769,49.9940,913.9231,308.0000,7.7188,9.7700,7.7349,54.0000,WB,3875.0000
30618_095a115b,78,7.1346,2.3852,11.6000,50.0866,920.4000,554.0000,4.3178,7.0860,4.3159,116.0000,WB,3925.0000
30618_095a115b,79,9.5801,7.1536,5.7231,49.8562,932.0000,277.0000,8.7114,9.6050,8.7046,55.0000,WB,3975.0000
30618_095a115b,80,9.5270,8.8390,5.5000,49.9586,937.7231,273.0000,9.0834,9.5090,9.0818,45.0000,WB,4025.0000
30618_095a115b,81,8.9695,2.2212,8.5596,50.0838,943.2231,416.0000,5.8512,8.9620,5.7080,65.0000,WB,4075.0000
30618_095a115b,82,8.8663,0.0000,63.9673,50.0564,951.7827,3178.0000,0.7825,8.7890,0.7570,622.0000,WB,4125.0000
30618_095a115b,83,11.3207,8.8868,4.8231,49.9144,1015.7500,240.0000,10.3491,11.3150,10.3130,48.0000,WB,4175.0000
30618_095a115b,84,11.3390,8.7384,4.9000,50.1099,1020.5731,238.0000,10.2265,11.3630,10.2649,49.0000,WB,4225.0000
30618_095a115b,85,8.7233,7.7525,6.2500,49.9923,1025.4731,306.0000,7.9988,8.7160,8.0033,63.0000,WB,4275.0000
30618_095a115b,86,9.3032,8.4913,5.5269,50.0040,1031.7231,271.0000,9.0473,9.2900,9.0441,54.0000,WB,4325.0000
30618_095a115b,87,8.9281,8.2227,5.7731,49.8846,1037.2500,283.0000,8.6408,8.9280,8.6511,57.0000,WB,4375.0000
30618_095a115b,88,10.2018,8.2441,5.5000,50.0164,1043.0231,270.0000,9.0939,10.0670,9.1122,53.0000,WB,4425.0000
30618_095a115b,89,11.0709,10.2132,4.6500,50.0102,1048.5231,229.0000,10.7549,10.9300,10.6890,9.0000,WB,4475.0000
30618_095a115b,90,10.2765,6.1608,6.1076,49.9700,1053.1731,302.0000,8.1817,10.2890,8.2283,61.0000,WB,4525.0000
30618_095a115b,91,6.1380,0.0000,39.8925,50.4886,1059.2807,1968.0000,1.2656,6.1520,1.2744,393.0000,WB,4575.0000
30618_095a115b,92,10.3931,5.7962,6.1000,50.0498,1099.1731,298.0000,8.2049,10.3200,8.1844,58.0000,WB,4625.0000
30618_095a115b,93,12.3356,10.4076,4.3269,49.8830,1105.2731,212.0000,11.5286,12.3020,11.5222,39.0000,WB,4675.0000
30618_095a115b,94,12.9243,12.3236,3.9500,50.1554,1109.6000,191.0000,12.6976,12.9350,12.6973,39.0000,WB,4725.0000
30618_095a115b,95,12.5790,9.3954,4.5402,49.9472,1113.5500,217.0000,11.0010,12.6180,11.0535,41.0000,WB,4775.0000
30618_095a115b,96,9.3830,8.4764,5.7098,50.0045,1118.0902,281.0000,8.7577,9.4370,8.7850,57.0000,WB,4825.0000
30618_095a115b,97,8.7018,6.9362,6.0000,49.9901,1123.8000,297.0000,8.3317,8.7510,8.3675,60.0000,WB,4875.0000
30618_095a115b,98,8.2669,6.5858,6.6731,49.9471,1129.8000,324.0000,7.4849,8.3040,7.4852,67.0000,WB,4925.0000
30618_095a115b,99,7.6983,0.0000,42.5501,50.2923,1136.4731,2095.0000,1.1820,7.7220,1.1975,423.0000,WB,4975.0000
30618_095a115b,100,9.4627,1.8452,8.6500,50.0841,1179.0231,420.0000,5.7901,9.3330,5.5903,88.0000,WB,5025.0000
30618_095a115b,101,12.0568,9.4698,4.5500,50.0318,1187.6731,215.0000,10.9960,12.0210,10.8719,27.0000,WB,5075.0000
30618_095a115b,102,12.1721,10.0139,4.4000,49.9407,1192.2231,212.0000,11.3502,12.1870,11.4064,44.0000,WB,5125.0000
30618_095a115b,103,9.9983,5.6321,6.2501,49.9144,1196.6231,306.0000,7.9862,10.0650,8.0877,62.0000,WB,5175.0000
30618_095a115b,104,7.0599,0.0000,36.7499,49.9291,1202.8732,1801.0000,1.3586,7.0340,1.3702,367.0000,WB,5225.0000
30618_095a115b,105,7.2625,4.2172,8.3500,49.9475,1239.6231,406.0000,5.9817,7.2960,6.0362,83.0000,WB,5275.0000
30618_095a115b,106,4.2828,0.0000,46.0769,49.8090,1247.9731,2253.0000,1.0810,4.3130,1.0971,456.0000,WB,5325.0000
30618_095a115b,107,3.0192,1.8665,18.6500,50.0299,1294.0500,906.0000,2.6826,3.0470,2.6981,176.0000,WB,5375.0000
30618_095a115b,108,3.2690,2.4339,12.4731,32.7780,1312.7000,601.0000,2.6279,3.1250,2.6311,128.0000,WB,5425.0000
30618_095a115b,221,,,,,,,,0.0970,0.0145,39.0000,WB,21.3710
30618_0e41eac3,0,3.4994,0.0000,31.3500,49.9740,1.2500,1238.0000,1.5941,3.4780,1.6102,309.0000,WB,25.0000
30618_0e41eac3,1,3.5162,3.1332,15.3500,50.0490,32.6000,618.0000,3.2605,3.4840,3.2748,151.0000,WB,75.0000
30618_0e41eac3,2,3.4794,0.0000,39.5000,49.5382,47.9500,1586.0000,1.2541,3.5290,1.2575,395.0000,WB,125.0000
30618_0e41eac3,3,4.3207,0.0000,43.1500,49.8960,87.4500,1740.0000,1.1563,4.3420,1.1542,425.0000,WB,175.0000
30618_0e41eac3,4,9.5023,3.4715,8.2000,49.9065,130.6000,335.0000,6.0862,9.3970,6.0393,83.0000,WB,225.0000
30618_0e41eac3,5,12.2527,9.5245,4.5500,49.9374,138.8000,187.0000,10.9753,12.1120,10.9237,45.0000,WB,275.0000
30618_0e41eac3,6,13.5687,12.2666,3.8500,49.9894,143.3500,158.0000,12.9842,13.4890,12.9283,38.0000,WB,325.0000
30618_0e41eac3,7,13.8613,13.3931,3.6730,49.8087,147.2000,148.0000,13.5606,13.7980,13.4813,37.0000,WB,375.0000
30618_0e41eac3,8,14.0698,12.6721,3.6770,50.1484,150.8730,151.0000,13.6385,14.0090,13.5498,37.0000,WB,425.0000
30618_0e41eac3,9,12.6527,9.6617,4.4731,50.0222,154.5500,184.0000,11.1829,12.4910,11.0756,45.0000,WB,475.0000
30618_0e41eac3,10,9.6449,3.5790,7.6000,49.9319,159.0231,310.0000,6.5700,9.5030,6.2735,76.0000,WB,525.0000
30618_0e41eac3,11,6.9243,0.0000,76.7269,52.1926,166.6231,3112.0000,0.6802,6.8530,0.6648,757.0000,WB,575.0000
30618_0e41eac3,12,8.3823,6.9464,6.1731,49.9950,243.3500,257.0000,8.0989,8.3940,8.0851,62.0000,WB,625.0000
30618_0e41eac3,13,8.3359,8.1861,6.0269,49.8470,249.5231,249.0000,8.2707,8.3370,8.2610,60.0000,WB,675.0000
30618_0e41eac3,14,8.4200,8.1491,6.0731,50.0040,255.5500,257.0000,8.2337,8.4230,8.2346,61.0000,WB,725.0000
30618_0e41eac3,15,8.7927,8.4221,5.8269,50.1224,261.6231,240.0000,8.6019,8.8180,8.6078,58.0000,WB,775.0000
30618_0e41eac3,16,8.9798,6.6865,6.0500,49.9499,267.4500,251.0000,8.2562,8.9890,8.2514,61.0000,WB,825.0000
30618_0e41eac3,17,6.6611,0.0000,51.0231,50.2140,273.5000,2110.0000,0.9841,6.5990,1.0222,513.0000,WB,875.0000
30618_0e41eac3,18,5.3708,2.4272,13.9500,50.0373,324.5231,576.0000,3.5869,5.4070,3.5429,135.0000,WB,925.0000
30618_0e41eac3,19,4.1104,0.0000,27.5000,49.9092,338.4731,1133.0000,1.8149,4.0370,1.8217,274.0000,WB,975.0000
30618_0e41eac3,20,5.7331,4.0706,11.5000,50.0491,365.9731,479.0000,4.3521,5.6390,4.3460,115.0000,WB,1025.0000
30618_0e41eac3,21,6.8215,3.7778,8.4769,49.9096,377.4731,351.0000,5.8877,6.8120,5.8939,85.0000,WB,1075.0000
30618_0e41eac3,22,6.4826,2.3954,15.4359,50.0148,385.9500,641.0000,3.2402,3.7250,2.6769,96.0000,WB,1125.0000
30618_0e41eac3,23,7.3432,6.4980,7.0141,50.0785,401.3859,293.0000,7.1397,,,,WB,1175.0000
30618_0e41eac3,24,7.2895,6.8501,7.0231,50.0040,408.4000,293.0000,7.1200,,,,WB,1225.0000
30618_0e41eac3,25,7.0779,6.7344,7.2000,49.9590,415.4231,299.0000,6.9388,,,,WB,1275.0000
30618_0e41eac3,26,6.8786,6.6978,7.3269,49.9185,422.6231,306.0000,6.8130,,,,WB,1325.0000
30618_0e41eac3,27,6.9489,6.7195,7.3231,50.0802,429.9500,301.0000,6.8387,,,,WB,1375.0000
30618_0e41eac3,28,7.0039,6.7002,7.3000,49.9960,437.2731,303.0000,6.8488,,,,WB,1425.0000
30618_0e41eac3,29,6.9149,3.7227,8.6144,50.0044,444.5731,367.0000,5.8047,,,,WB,1475.0000
30618_0e41eac3,30,7.1539,0.0000,16.7625,50.0424,453.1875,704.0000,2.9854,,,,WB,1525.0000
30618_0e41eac3,31,7.1378,6.6228,7.2500,49.8840,469.9500,311.0000,6.8806,,,,WB,1575.0000
30618_0e41eac3,32,7.0815,6.7670,7.2500,50.1176,477.2000,303.0000,6.9128,,,,WB,1625.0000
30618_0e41eac3,33,7.1974,5.8581,7.4000,49.9258,484.4500,314.0000,6.7467,,,,WB,1675.0000
30618_0e41eac3,34,5.8415,2.4085,14.1231,50.0389,491.8500,596.0000,3.5431,5.2330,4.1644,24.0000,WB,1725.0000
30618_0e41eac3,35,6.9620,5.4922,7.6000,50.0589,505.9731,320.0000,6.5867,6.9710,6.5585,76.0000,WB,1775.0000
30618_0e41eac3,36,6.8855,6.5889,7.4500,49.9604,513.5731,314.0000,6.7061,6.8800,6.7071,75.0000,WB,1825.0000
30618_0e41eac3,37,9.8179,6.8259,6.1769,49.8882,521.0231,260.0000,8.0766,9.7930,8.0299,62.0000,WB,1875.0000
30618_0e41eac3,38,10.8891,9.5947,5.0500,50.0009,527.2000,211.0000,9.9012,10.7840,9.8808,51.0000,WB,1925.0000
30618_0e41eac3,39,13.3823,10.9107,4.1000,50.2347,532.2500,172.0000,12.2524,13.2810,12.1814,40.0000,WB,1975.0000
30618_0e41eac3,40,14.0705,13.3913,3.6231,49.9436,536.3500,155.0000,13.7847,14.0770,13.7568,37.0000,WB,2025.0000
30618_0e41eac3,41,14.3511,14.0731,3.5000,49.8482,539.9731,149.0000,14.2424,14.3450,14.2301,35.0000,WB,2075.0000
30618_0e41eac3,42,14.5550,14.3526,3.4769,50.2372,543.4731,150.0000,14.4488,14.5480,14.4362,35.0000,WB,2125.0000
30618_0e41eac3,43,14.7610,14.5550,3.4000,49.7672,546.9500,142.0000,14.6374,14.7350,14.6227,34.0000,WB,2175.0000
30618_0e41eac3,44,14.8208,14.0890,3.4231,50.0537,550.3500,147.0000,14.6223,14.8230,14.6263,34.0000,WB,2225.0000
30618_0e41eac3,45,14.0766,11.7227,3.8769,50.1386,553.7731,165.0000,12.9327,14.0590,12.9605,39.0000,WB,2275.0000
30618_0e41eac3,46,11.7047,8.1921,5.0231,49.9435,557.6500,209.0000,9.9428,11.6750,9.9760,50.0000,WB,2325.0000
30618_0e41eac3,47,8.1757,0.0000,18.5769,50.0112,562.6731,788.0000,2.6921,8.2080,2.8753,171.0000,WB,2375.0000
30618_0e41eac3,48,9.2809,1.3325,9.1500,50.0668,581.2500,392.0000,5.4718,9.1830,5.3277,93.0000,WB,2425.0000
30618_0e41eac3,49,10.2335,8.9386,5.1000,49.8725,590.4000,223.0000,9.7789,10.2270,9.7811,51.0000,WB,2475.0000
30618_0e41eac3,50,8.9013,8.3262,5.8500,50.0162,595.5000,250.0000,8.5498,8.9610,8.5708,59.0000,WB,2525.0000
30618_0e41eac3,51,10.2981,8.4435,5.5500,50.1403,601.3500,240.0000,9.0343,10.2220,9.0115,55.0000,WB,2575.0000
30618_0e41eac3,52,12.1495,10.3204,4.4500,49.7682,606.9000,196.0000,11.1839,12.1520,11.1482,45.0000,WB,2625.0000
30618_0e41eac3,53,13.0654,12.1627,3.9231,50.1303,611.3500,166.0000,12.7782,13.0900,12.7754,39.0000,WB,2675.0000
30618_0e41eac3,54,12.8408,12.1939,4.0269,49.9325,615.2731,174.0000,12.3998,12.8400,12.3930,36.0000,WB,2725.0000
30618_0e41eac3,55,13.7458,12.6466,3.7500,49.9925,619.3000,168.0000,13.3313,13.7200,13.2913,38.0000,WB,2775.0000
30618_0e41eac3,56,13.9292,13.4927,3.6231,50.0051,623.0500,163.0000,13.8018,13.9080,13.7995,36.0000,WB,2825.0000
30618_0e41eac3,57,13.4777,10.7095,4.1500,49.9337,626.6731,188.0000,12.0322,13.3880,12.1326,36.0000,WB,2875.0000
30618_0e41eac3,58,10.6945,8.1201,5.5269,50.1104,630.8231,246.0000,9.0666,10.4030,8.9526,51.0000,WB,2925.0000
30618_0e41eac3,59,8.1101,0.8828,11.1500,50.0017,636.3500,520.0000,4.4845,8.1100,4.5262,111.0000,WB,2975.0000
30618_0e41eac3,60,8.9051,0.0000,74.5500,50.0164,647.5000,3504.0000,0.6709,8.8510,0.6708,745.0000,WB,3025.0000
30618_0e41eac3,61,11.5358,8.9237,4.8000,49.7609,722.0500,227.0000,10.3669,11.4920,10.3357,47.0000,WB,3075.0000
30618_0e41eac3,62,11.7680,10.2029,4.4402,49.9945,726.8500,205.0000,11.2595,11.7840,11.2569,45.0000,WB,3125.0000
30618_0e41eac3,63,10.1965,6.0173,6.1329,50.0847,731.2902,291.0000,8.1666,10.1370,8.1627,61.0000,WB,3175.0000
30618_0e41eac3,64,7.0188,1.9507,12.0000,49.9955,737.4231,583.0000,4.1663,6.9810,4.1665,119.0000,WB,3225.0000
30618_0e41eac3,65,10.7584,7.0370,5.5269,49.9152,749.4231,258.0000,9.0313,10.6940,9.0025,53.0000,WB,3275.0000
30618_0e41eac3,66,11.4888,10.6919,4.4731,50.0673,754.9500,216.0000,11.1930,11.5000,11.1867,43.0000,WB,3325.0000
30618_0e41eac3,67,10.6766,7.1230,5.5501,49.9819,759.4231,262.0000,9.0056,10.6640,8.9945,56.0000,WB,3375.0000
30618_0e41eac3,68,7.1059,0.0000,68.8768,50.4324,764.9732,3417.0000,0.7322,7.0850,0.7468,663.0000,WB,3425.0000
30618_0e41eac3,69,8.6134,5.2675,6.6731,50.0542,833.8500,326.0000,7.5009,8.6480,7.4733,66.0000,WB,3475.0000
30618_0e41eac3,70,8.2909,3.3652,8.5500,50.0254,840.5231,412.0000,5.8509,8.2930,5.9048,86.0000,WB,3525.0000
30618_0e41eac3,71,3.3535,1.1635,19.9269,49.9729,849.0731,980.0000,2.5078,3.3530,2.4956,170.0000,WB,3575.0000
30618_0e41eac3,72,4.4101,2.4954,15.8731,50.0162,869.0000,776.0000,3.1510,4.4320,3.1488,144.0000,WB,3625.0000
30618_0e41eac3,73,8.0712,4.0861,8.9769,49.9189,884.8731,437.0000,5.5608,7.9900,5.7815,44.0000,WB,3675.0000
30618_0e41eac3,74,9.2854,7.8745,5.9731,49.8983,893.8500,295.0000,8.3539,9.0710,8.3403,34.0000,WB,3725.0000
30618_0e41eac3,75,10.9156,9.2896,4.9000,49.9666,899.8231,238.0000,10.1973,10.8700,10.2444,45.0000,WB,3775.0000
30618_0e41eac3,76,10.9991,9.7984,4.7269,50.1867,904.7231,227.0000,10.6172,10.9900,10.6483,39.0000,WB,3825.0000
30618_0e41eac3,77,9.7832,5.5156,6.5500,49.9494,909.4500,318.0000,7.6259,9.8130,7.6282,63.0000,WB,3875.0000
30618_0e41eac3,78,6.7880,0.0000,20.4731,50.0573,916.0000,1002.0000,2.4450,6.7570,2.4341,173.0000,WB,3925.0000
30618_0e41eac3,79,9.4643,6.8051,5.8769,50.1126,936.4731,285.0000,8.5271,9.4800,8.4952,59.0000,WB,3975.0000
30618_0e41eac3,80,9.4037,8.7263,5.5731,49.9590,942.3500,272.0000,8.9643,9.4060,8.9750,56.0000,WB,4025.0000
30618_0e41eac3,81,8.7677,1.5851,9.0763,50.0064,947.9231,445.0000,5.5095,8.7260,5.5608,84.0000,WB,4075.0000
30618_0e41eac3,82,9.0682,0.0000,49.7736,50.3986,956.9994,2436.0000,1.0126,8.9910,1.0075,498.0000,WB,4125.0000
30618_0e41eac3,83,11.3402,9.0854,4.7769,50.0493,1006.7731,235.0000,10.4773,11.3420,10.4237,47.0000,WB,4175.0000
30618_0e41eac3,84,11.3461,8.6014,4.9231,49.8753,1011.5500,236.0000,10.1309,11.4080,10.2063,41.0000,WB,4225.0000
30618_0e41eac3,85,8.5873,6.7015,6.4769,50.1686,1016.4731,313.0000,7.7457,8.5500,7.7936,64.0000,WB,4275.0000
30618_0e41eac3,86,6.9588,0.0000,47.2231,50.0755,1022.9500,2294.0000,1.0604,6.7980,1.0646,462.0000,WB,4325.0000
30618_0e41eac3,87,8.5309,6.9768,6.1500,50.1193,1070.1731,295.0000,8.1496,8.5530,8.1172,62.0000,WB,4375.0000
30618_0e41eac3,88,10.2565,8.2218,5.4737,50.0388,1076.3231,267.0000,9.1417,10.1570,9.0875,54.0000,WB,4425.0000
30618_0e41eac3,89,11.0990,10.2376,4.6264,49.8799,1081.7967,221.0000,10.7817,11.1130,10.7717,47.0000,WB,4475.0000
30618_0e41eac3,90,10.2211,6.1233,6.1269,49.9663,1086.4231,298.0000,8.1552,10.2830,8.2848,60.0000,WB,4525.0000
30618_0e41eac3,91,6.3916,0.0000,45.0000,49.7485,1092.5500,2182.0000,1.1055,6.2690,1.1224,451.0000,WB,4575.0000
30618_0e41eac3,92,10.6886,6.4137,5.7731,50.0691,1137.5500,278.0000,8.6729,10.5920,8.5728,58.0000,WB,4625.0000
30618_0e41eac3,93,12.4251,10.7028,4.2500,49.9085,1143.3231,207.0000,11.7431,12.4190,11.6963,43.0000,WB,4675.0000
30618_0e41eac3,94,12.9426,12.4279,3.9182,49.9155,1147.5731,191.0000,12.7393,12.9500,12.7393,39.0000,WB,4725.0000
30618_0e41eac3,95,12.4707,9.2492,4.6027,50.0266,1151.4913,223.0000,10.8689,12.5400,10.9361,46.0000,WB,4775.0000
30618_0e41eac3,96,9.2367,8.4554,5.7559,50.0367,1156.0941,276.0000,8.6931,9.2920,8.7159,57.0000,WB,4825.0000
30618_0e41eac3,97,8.7175,8.4463,5.8231,49.9443,1161.8500,282.0000,8.5769,8.7520,8.5898,58.0000,WB,4875.0000
30618_0e41eac3,98,8.7971,7.7724,5.8769,50.0630,1167.6731,284.0000,8.5186,8.7610,8.5444,59.0000,WB,4925.0000
30618_0e41eac3,99,7.7555,0.0000,34.0000,49.6319,1173.5500,1640.0000,1.4598,7.8360,1.4931,335.0000,WB,4975.0000
30618_0e41eac3,100,9.0081,0.8418,11.9231,49.9182,1207.5500,574.0000,4.1867,8.9480,4.0818,122.0000,WB,5025.0000
30618_0e41eac3,101,11.8168,9.0259,4.7000,50.1778,1219.4731,222.0000,10.6762,11.8110,10.6297,47.0000,WB,5075.0000
30618_0e41eac3,102,11.9869,9.9557,4.4308,49.8061,1224.1731,213.0000,11.2408,11.9870,11.2772,44.0000,WB,5125.0000
30618_0e41eac3,103,9.9448,5.6284,6.2943,50.0570,1228.6039,298.0000,7.9528,10.0110,8.0136,63.0000,WB,5175.0000
30618_0e41eac3,104,7.1159,0.0000,34.5018,50.0400,1234.8982,1619.0000,1.4504,7.1040,1.4493,344.0000,WB,5225.0000
30618_0e41eac3,105,7.5142,3.5016,8.2500,49.9932,1269.4000,385.0000,6.0598,7.5330,6.1174,82.0000,WB,5275.0000
30618_0e41eac3,106,4.3584,0.0000,48.6588,34.2737,1277.6500,2263.0000,0.7044,4.3250,0.7194,487.0000,WB,5325.0000
30618_0f120b35,0,,,,,,,,0.3860,0.2777,5.0000,WB,25.0000
30618_0f120b35,12,,,,,,,,1.4220,0.5364,28.0000,WB,625.0000
30618_0f120b35,112,2.5949,0.0000,22.7448,4.8287,1.0283,910.0000,0.2123,2.5580,0.2176,225.0000,EB,5511.1413
30618_0f120b35,113,3.4926,0.0000,127.9269,50.0539,23.7731,5294.0000,0.3913,3.5380,0.3946,1278.0000,EB,5466.1414
30618_0f120b35,114,3.4958,0.0000,26.0500,49.8983,151.7000,1092.0000,1.9155,3.4860,1.9381,241.0000,EB,5421.1425
30618_0f120b35,115,4.6793,2.3816,15.4500,50.0476,177.7500,670.0000,3.2393,4.6680,3.2066,156.0000,EB,5369.1419
30618_0f120b35,116,7.1443,4.6991,8.0386,50.0379,193.2000,355.0000,6.2247,7.1210,6.2013,79.0000,EB,5316.1420
30618_0f120b35,117,7.2079,0.0000,37.4346,50.7328,201.2386,1647.0000,1.3552,7.1360,1.3401,371.0000,EB,5266.1420
30618_0f120b35,118,10.7755,7.2267,5.3736,49.8948,238.6731,245.0000,9.2852,10.8060,9.2280,54.0000,EB,5216.1420
30618_0f120b35,119,11.1038,10.7083,4.6033,50.0586,244.0467,204.0000,10.8744,11.1090,10.8843,46.0000,EB,5166.1420
30618_0f120b35,120,10.6876,6.7646,5.7500,50.1189,248.6500,249.0000,8.7163,10.7040,8.8058,57.0000,EB,5116.1421
30618_0f120b35,121,6.7462,0.0000,36.5500,49.6930,254.4000,1647.0000,1.3596,6.8350,1.3741,366.0000,EB,5066.1420
30618_0f120b35,122,10.2610,5.4919,6.1979,49.9444,290.9500,278.0000,8.0583,10.2090,7.9928,62.0000,EB,5016.1420
30618_0f120b35,123,10.7567,9.0156,4.9252,50.0887,297.1479,224.0000,10.1699,10.7760,10.2021,49.0000,EB,4966.1420
30618_0f120b35,124,9.0025,8.5200,5.7769,49.8563,302.0731,262.0000,8.6302,9.0370,8.6464,58.0000,EB,4917.1420
30618_0f120b35,125,9.8424,8.3899,5.7731,50.0293,307.8500,270.0000,8.6660,9.7730,8.6572,58.0000,EB,4867.1420
30618_0f120b35,126,11.0116,9.8587,4.7000,50.1662,313.6231,216.0000,10.6736,11.0450,10.6670,47.0000,EB,4818.1420
30618_0f120b35,127,11.2843,11.0099,4.4769,49.9077,318.3231,213.0000,11.1478,11.2890,11.1438,44.0000,EB,4768.1420
30618_0f120b35,128,11.2835,8.0277,5.0730,50.0277,322.8000,230.0000,9.8615,11.3150,9.9420,51.0000,EB,4718.1420
30618_0f120b35,129,8.0098,0.0000,39.4770,49.6207,327.8730,1868.0000,1.2570,8.0600,1.2773,395.0000,EB,4668.1421
30618_0f120b35,130,9.6254,2.5112,8.0731,49.9938,367.3500,366.0000,6.1927,9.5360,6.1256,81.0000,EB,4618.1420
30618_0f120b35,131,12.3200,9.6433,4.4769,50.0744,375.4231,199.0000,11.1850,12.2970,11.1484,45.0000,EB,4568.1420
30618_0f120b35,132,12.9622,12.3277,3.9231,49.8574,379.9000,188.0000,12.7088,12.9760,12.7071,39.0000,EB,4518.1420
30618_0f120b35,133,12.5410,9.4439,4.5500,50.0672,383.8231,212.0000,11.0037,12.5410,11.0610,45.0000,EB,4468.1419
30618_0f120b35,134,9.4275,8.0672,5.9000,50.0127,388.3731,277.0000,8.4767,9.4910,8.5064,59.0000,EB,4418.1420
30618_0f120b35,135,8.2191,7.8713,6.2269,50.0892,394.2731,296.0000,8.0440,8.2240,8.0397,63.0000,EB,4369.1419
30618_0f120b35,136,8.1664,6.9788,6.4000,49.9542,400.5000,301.0000,7.8053,8.1960,7.8163,63.0000,EB,4320.1420
30618_0f120b35,137,10.2372,6.9253,6.2000,50.0518,406.9000,294.0000,8.0729,10.1800,8.0517,62.0000,EB,4271.1418
30618_0f120b35,138,12.0232,10.2577,4.3731,49.9960,413.1000,203.0000,11.4326,12.0180,11.4129,43.0000,EB,4222.1418
30618_0f120b35,139,11.6903,4.9534,6.0999,49.8928,417.4731,282.0000,8.1792,11.7600,8.3164,60.0000,EB,4172.1418
30618_0f120b35,140,7.5098,4.8949,7.6269,50.0015,423.5731,356.0000,6.5559,7.5280,6.5342,76.0000,EB,4122.1417
30618_0f120b35,141,6.6140,0.0000,70.9730,49.6964,431.2000,3479.0000,0.7002,6.5880,0.7125,709.0000,EB,4072.1418
30618_0f120b35,142,10.2905,4.7410,6.5270,50.1458,502.1730,318.0000,7.6829,10.2650,7.6796,65.0000,EB,4022.1417
30618_0f120b35,143,10.9782,10.1946,4.6731,49.9685,508.7000,226.0000,10.6929,10.9920,10.7060,46.0000,EB,3972.1418
30618_0f120b35,144,10.1841,7.3041,5.8501,49.9145,513.3731,286.0000,8.5323,10.2620,8.5839,59.0000,EB,3922.1417
30618_0f120b35,145,7.3033,6.6017,7.2269,49.9649,519.2231,357.0000,6.9138,7.3210,6.9216,71.0000,EB,3872.1417
30618_0f120b35,146,6.9246,6.6367,7.3500,49.9759,526.4500,360.0000,6.7994,6.9300,6.7947,74.0000,EB,3822.1418
30618_0f120b35,147,6.8767,6.6101,7.4730,50.1162,533.8000,370.0000,6.7063,6.8820,6.7013,75.0000,EB,3772.1418
30618_0f120b35,148,6.9115,5.1030,8.1270,50.0339,541.2730,385.0000,6.1565,6.9200,6.1594,81.0000,EB,3722.1418
30618_0f120b35,149,5.0885,3.4659,12.8000,49.9631,549.4000,628.0000,3.9034,5.1110,3.8946,128.0000,EB,3672.1417
30618_0f120b35,150,5.1901,3.8110,12.1231,49.9549,562.2000,586.0000,4.1206,5.1960,4.1067,122.0000,EB,3618.1407
30618_0f120b35,151,8.4658,5.2133,6.7769,50.0839,574.3231,331.0000,7.3904,8.4820,7.4007,67.0000,EB,3566.1401
30618_0f120b35,152,8.0407,1.5845,9.9500,49.9167,581.1000,481.0000,5.0167,8.0730,4.9521,102.0000,EB,3516.1400
30618_0f120b35,153,8.7726,0.0000,36.5940,50.4711,591.0500,1791.0000,1.3792,8.7690,1.3684,362.0000,EB,3466.1401
30618_0f120b35,154,9.6297,8.7825,5.4560,50.0885,627.6440,262.0000,9.1804,9.6470,9.1766,55.0000,EB,3416.1400
30618_0f120b35,155,9.5694,5.1739,6.6731,49.8702,633.1000,321.0000,7.4733,9.5840,7.5232,66.0000,EB,3366.1400
30618_0f120b35,156,7.5612,0.0000,39.5000,50.1042,639.7731,1917.0000,1.2685,7.4080,1.2650,394.0000,EB,3316.1401
30618_0f120b35,157,11.6146,7.5796,5.1711,49.8565,679.2731,246.0000,9.6413,11.5050,9.5611,52.0000,EB,3266.1400
30618_0f120b35,158,13.3246,11.6211,3.9558,50.0256,684.4442,189.0000,12.6460,13.3330,12.6238,40.0000,EB,3216.1399
30618_0f120b35,159,13.3083,11.1056,4.0731,50.0783,688.4000,198.0000,12.2949,13.3310,12.3391,40.0000,EB,3166.1399
30618_0f120b35,160,11.0852,7.0199,5.4733,49.9597,692.4731,260.0000,9.1279,11.1310,9.2039,55.0000,EB,3116.1399
30618_0f120b35,161,7.0050,0.0000,69.3266,49.9870,697.9464,3335.0000,0.7210,7.0580,0.7251,692.0000,EB,3066.1398
30618_0f120b35,162,10.8826,5.9359,5.9269,50.1187,767.2731,280.0000,8.4561,10.7820,8.3892,60.0000,EB,3016.1399
30618_0f120b35,163,13.5643,10.9040,4.0500,50.1104,773.2000,187.0000,12.3729,13.6230,12.3427,40.0000,EB,2966.1399
30618_0f120b35,164,14.4593,13.5628,3.5231,49.6753,777.2500,170.0000,14.1000,14.4420,14.0664,36.0000,EB,2916.1400
30618_0f120b35,165,14.4835,14.2305,3.5000,50.3043,780.7731,162.0000,14.3727,14.5010,14.3614,34.0000,EB,2866.1398
30618_0f120b35,166,14.4064,14.0798,3.5000,49.7339,784.2731,170.0000,14.2096,14.4860,14.2218,35.0000,EB,2816.1396
30618_0f120b35,167,14.0707,11.8469,3.9000,50.0403,787.7731,181.0000,12.8308,14.1500,12.8832,39.0000,EB,2766.1396
30618_0f120b35,168,11.8482,9.2020,4.5760,50.1657,791.6731,212.0000,10.9628,11.9010,10.9961,46.0000,EB,2717.1395
30618_0f120b35,169,9.1578,0.0000,23.0509,50.0590,796.2491,1088.0000,2.1717,9.2100,2.1798,230.0000,EB,2667.1395
30618_0f120b35,170,8.9064,6.6525,6.0731,50.0748,819.3000,287.0000,8.2454,8.9170,8.2000,61.0000,EB,2617.1396
30618_0f120b35,171,8.6830,8.3549,5.8501,49.8831,825.3731,281.0000,8.5269,8.6890,8.5332,59.0000,EB,2567.1395
30618_0f120b35,172,10.0448,8.6141,5.2269,50.1685,831.2231,248.0000,9.5982,10.0290,9.5918,52.0000,EB,2518.1395
30618_0f120b35,173,9.4549,7.1434,6.4500,49.8782,836.4500,309.0000,7.7331,9.4640,7.7660,64.0000,EB,2468.1395
30618_0f120b35,174,8.5889,7.1044,6.3731,49.9470,842.9000,298.0000,7.8372,8.4830,7.8085,64.0000,EB,2418.1394
30618_0f120b35,175,11.8232,8.6039,4.8769,50.1727,849.2731,224.0000,10.2878,11.7700,10.2201,49.0000,EB,2368.1396
30618_0f120b35,176,13.4626,11.8221,3.9000,49.7844,854.1500,182.0000,12.7652,13.4210,12.7266,39.0000,EB,2318.1394
30618_0f120b35,177,14.2310,13.4696,3.6000,50.0974,858.0500,167.0000,13.9159,14.2220,13.8913,36.0000,EB,2268.1394
30618_0f120b35,178,14.4315,14.2260,3.4731,49.8995,861.6500,164.0000,14.3672,14.4650,14.3657,35.0000,EB,2218.1393
30618_0f120b35,179,14.4292,14.2817,3.4769,50.0523,865.1231,162.0000,14.3959,14.4470,14.3957,35.0000,EB,2168.1393
30618_0f120b35,180,14.2766,13.9907,3.5500,50.0022,868.6000,169.0000,14.0851,14.2160,14.0938,35.0000,EB,2118.1391
30618_0f120b35,181,14.0389,13.5270,3.6500,49.9598,872.1500,172.0000,13.6876,14.0710,13.6921,37.0000,EB,2068.1392
30618_0f120b35,182,13.7454,13.6429,3.6500,49.9777,875.8000,172.0000,13.6925,13.7580,13.6797,36.0000,EB,2017.1391
30618_0f120b35,183,13.7257,13.3833,3.7000,50.2789,879.4500,168.0000,13.5889,13.7220,13.5705,37.0000,EB,1967.1389
30618_0f120b35,184,13.3761,13.0692,3.7731,49.7234,883.1500,173.0000,13.1785,13.3620,13.1708,38.0000,EB,1917.1389
30618_0f120b35,185,13.0797,11.8197,3.9269,50.1317,886.9231,175.0000,12.7662,13.0650,12.7701,39.0000,EB,1867.1388
30618_0f120b35,186,11.8081,9.0950,4.8000,49.9171,890.8500,219.0000,10.3994,11.8620,10.4465,48.0000,EB,1817.1386
30618_0f120b35,187,9.0731,1.9384,8.2500,50.0425,895.6500,378.0000,6.0658,9.1180,6.1592,82.0000,EB,1767.1386
30618_0f120b35,188,8.2536,1.6171,10.5500,50.0555,903.9000,470.0000,4.7446,8.2190,4.6839,106.0000,EB,1717.1386
30618_0f120b35,189,9.5925,8.2681,5.4731,50.0402,914.4500,250.0000,9.1430,9.6200,9.1290,55.0000,EB,1667.1386
30618_0f120b35,190,9.5681,4.1941,8.3500,49.9482,919.9231,363.0000,5.9818,9.5790,6.0136,83.0000,EB,1617.1386
30618_0f120b35,191,8.6530,5.8408,6.7269,50.0318,928.2731,297.0000,7.4375,8.6480,7.4530,67.0000,EB,1567.1386
30618_0f120b35,192,7.7611,6.0510,7.1231,50.0065,935.0000,314.0000,7.0203,7.7860,7.0191,71.0000,EB,1517.1386
30618_0f120b35,193,7.5294,7.0878,6.8000,50.0096,942.1231,297.0000,7.3544,7.5610,7.3711,68.0000,EB,1467.1386
30618_0f120b35,194,7.3125,7.0628,6.9769,50.0434,948.9231,300.0000,7.1727,7.3320,7.1900,63.0000,EB,1417.1386
30618_0f120b35,195,9.6212,7.1937,6.0232,49.9609,955.9000,258.0000,8.2947,9.6260,8.2523,60.0000,EB,1367.1385
30618_0f120b35,196,10.1196,9.6242,5.0268,49.9153,961.9232,221.0000,9.9298,10.1290,9.9371,50.0000,EB,1317.1385
30618_0f120b35,197,10.0562,9.8599,5.0231,50.0172,966.9500,229.0000,9.9575,10.1060,9.9757,51.0000,EB,1267.1386
30618_0f120b35,198,9.8980,9.7450,5.1000,50.0438,971.9731,230.0000,9.8125,9.9350,9.8276,50.0000,EB,1217.1386
30618_0f120b35,199,9.9175,6.6891,5.8269,49.9844,977.0731,262.0000,8.5782,9.9670,8.7202,58.0000,EB,1167.1386
30618_0f120b35,200,6.6714,0.0638,16.1500,49.9932,982.9000,726.0000,3.0956,6.7950,3.1228,161.0000,EB,1117.1385
30618_0f120b35,201,4.7533,3.5471,12.0231,49.9967,999.0500,535.0000,4.1584,4.7460,4.1883,118.0000,EB,1067.1385
30618_0f120b35,202,4.5232,2.0151,14.1269,49.9606,1011.0731,640.0000,3.5366,4.3600,3.5293,142.0000,EB,1017.1385
30618_0f120b35,203,6.0462,1.9588,10.8731,50.0314,1025.2000,476.0000,4.6014,6.0520,4.7543,105.0000,EB,967.1384
30618_0f120b35,204,7.5831,0.0000,75.5769,48.9479,1036.0731,3079.0000,0.6477,7.4960,0.6586,759.0000,EB,917.1384
30618_0f120b35,205,9.7440,7.6124,5.5231,50.0198,1111.6500,222.0000,9.0565,9.7230,9.0044,55.0000,EB,867.1384
30618_0f120b35,206,9.7528,8.4502,5.6000,49.9073,1117.1731,224.0000,8.9120,9.7660,8.9274,54.0000,EB,818.1384
30618_0f120b35,207,8.7536,8.6094,5.7769,50.0598,1122.7731,233.0000,8.6655,8.7640,8.6618,58.0000,EB,768.1383
30618_0f120b35,208,8.7790,7.9552,5.8231,49.9846,1128.5500,234.0000,8.5839,8.7850,8.5938,57.0000,EB,718.1382
30618_0f120b35,209,7.9402,0.0000,46.9769,49.9290,1134.3731,1890.0000,1.0628,7.9550,1.1162,437.0000,EB,669.1382
30618_0f120b35,210,9.0432,2.3641,8.4000,50.1230,1181.3500,339.0000,5.9670,8.8650,6.4421,64.0000,EB,620.1381
30618_0f120b35,211,11.9258,9.0361,4.7731,49.9432,1189.7500,192.0000,10.4634,11.8600,10.4104,45.0000,EB,570.1380
30618_0f120b35,212,13.6852,11.9393,3.8769,50.1053,1194.5231,159.0000,12.9242,13.6650,12.8959,39.0000,EB,520.1379
30618_0f120b35,213,13.9120,12.8451,3.6731,49.9345,1198.4000,147.0000,13.5947,13.9820,13.6241,36.0000,EB,470.1379
30618_0f120b35,214,12.8318,12.0136,4.0769,49.8198,1202.0731,163.0000,12.2200,12.8260,12.2425,41.0000,EB,420.1378
30618_0f120b35,215,12.2587,11.8107,4.1231,50.0817,1206.1500,165.0000,12.1466,12.3400,12.1580,38.0000,EB,370.1378
30618_0f120b35,216,11.8032,8.6927,4.8000,49.9668,1210.2731,193.0000,10.4098,11.8440,10.4822,44.0000,EB,320.1378
30618_0f120b35,217,8.6756,1.7541,11.2000,50.0148,1215.0731,448.0000,4.4656,8.7340,4.5303,111.0000,EB,270.1378
30618_0f120b35,218,3.4121,1.6777,21.4769,49.9998,1226.2731,862.0000,2.3281,9.3100,2.3716,216.0000,EB,220.1378
30618_0f120b35,219,3.0793,0.0000,54.3500,49.8781,1247.7500,2179.0000,0.9177,3.0620,0.9131,540.0000,EB,173.1339
30618_0f120b35,220,3.7130,1.9258,16.2731,49.9535,1302.1000,654.0000,3.0697,3.6790,3.0854,162.0000,EB,0.0000
30618_0f120b35,221,1.9120,0.0000,3.2500,3.4149,1318.3731,132.0000,1.0507,2.0040,1.2910,28.0000,WB,21.3710
30618_1cc230fa,0,3.4794,0.0000,26.1348,49.9492,1.0000,1051.0000,1.9112,3.4820,1.9250,244.0000,WB,25.0000
30618_1cc230fa,1,3.4963,2.9226,15.3000,50.1210,27.1348,644.0000,3.2759,3.5470,3.2583,154.0000,WB,75.0000
30618_1cc230fa,2,3.1652,0.0000,79.5500,50.1869,42.4348,3372.0000,0.6309,3.1930,0.6381,792.0000,WB,125.0000
30618_1cc230fa,3,4.2395,0.0000,51.2000,50.0759,121.9848,2273.0000,0.9780,4.2800,0.9913,515.0000,WB,175.0000
30618_1cc230fa,4,9.4384,3.3113,8.3501,49.8786,173.1848,374.0000,5.9734,9.4610,6.1088,82.0000,WB,225.0000
30618_1cc230fa,5,12.0967,9.4649,4.5999,50.0053,181.5349,206.0000,10.8709,12.0830,10.9160,46.0000,WB,275.0000
30618_1cc230fa,6,13.2972,12.1134,3.9000,49.9334,186.1348,172.0000,12.8033,13.2990,12.8348,26.0000,WB,325.0000
30618_1cc230fa,7,13.3898,13.0084,3.8000,50.0218,190.0348,171.0000,13.1635,13.4090,13.1716,38.0000,WB,375.0000
30618_1cc230fa,8,13.5155,10.8409,3.9651,50.0028,193.8349,176.0000,12.6106,13.5570,12.6603,39.0000,WB,425.0000
30618_1cc230fa,9,10.8279,4.2810,6.6000,50.1028,197.8000,296.0000,7.5913,10.8670,7.7183,65.0000,WB,475.0000
30618_1cc230fa,10,4.2687,0.0000,55.9848,49.9882,204.4000,2439.0000,0.8929,4.3170,0.9116,560.0000,WB,525.0000
30618_1cc230fa,11,8.2208,0.0000,22.3000,50.2129,260.3848,988.0000,2.2517,8.2030,2.2391,221.0000,WB,575.0000
30618_1cc230fa,12,8.5430,8.2280,5.9152,49.8406,282.6848,257.0000,8.4259,8.5760,8.4339,60.0000,WB,625.0000
30618_1cc230fa,13,8.5772,8.4255,5.8848,50.0776,288.6000,248.0000,8.5096,8.6060,8.5216,58.0000,WB,675.0000
30618_1cc230fa,14,8.7506,8.4070,5.8500,50.1581,294.4848,256.0000,8.5741,8.7650,8.5926,58.0000,WB,725.0000
30618_1cc230fa,15,8.7260,7.5749,5.9001,49.9347,300.3348,247.0000,8.4634,8.8010,8.5131,57.0000,WB,775.0000
30618_1cc230fa,16,7.5552,0.0000,17.5499,49.8655,306.2349,764.0000,2.8414,7.5890,2.8762,173.0000,WB,825.0000
30618_1cc230fa,17,4.6588,0.0000,64.0000,49.9025,323.7848,2843.0000,0.7797,4.6480,0.7922,633.0000,WB,875.0000
30618_1cc230fa,18,4.5943,0.9873,16.9500,50.0820,387.7848,754.0000,2.9547,4.6300,2.9682,168.0000,WB,925.0000
30618_1cc230fa,19,4.1767,2.5351,16.7001,50.0116,404.7348,739.0000,2.9947,4.1170,2.9964,167.0000,WB,975.0000
30618_1cc230fa,20,5.9114,4.1397,11.2651,49.9403,421.4349,503.0000,4.4332,5.7010,4.4098,113.0000,WB,1025.0000
30618_1cc230fa,21,8.3078,5.9250,6.9848,50.0431,432.7000,314.0000,7.1646,8.2670,7.1052,66.0000,WB,1075.0000
30618_1cc230fa,22,9.9021,8.3135,5.5000,49.9037,439.6848,249.0000,9.0733,9.9480,9.0620,56.0000,WB,1125.0000
30618_1cc230fa,23,10.1180,9.8923,4.9999,49.9801,445.1848,227.0000,9.9961,10.1860,10.0350,49.0000,WB,1175.0000
30618_1cc230fa,24,10.0807,9.8626,5.0000,49.9523,450.1848,226.0000,9.9904,10.1270,10.0183,50.0000,WB,1225.0000
30618_1cc230fa,25,9.9750,9.7520,5.1000,50.2822,455.1848,238.0000,9.8593,10.0120,9.8693,36.0000,WB,1275.0000
30618_1cc230fa,26,10.0458,9.5849,5.0500,49.8953,460.2848,233.0000,9.8802,10.0840,9.9113,26.0000,WB,1325.0000
30618_1cc230fa,27,9.8378,9.6183,5.1500,50.1179,465.3348,237.0000,9.7316,9.8950,9.7686,38.0000,WB,1375.0000
30618_1cc230fa,28,9.9294,9.0336,5.1152,49.7681,470.4848,235.0000,9.7295,9.9800,9.7750,45.0000,WB,1425.0000
30618_1cc230fa,29,9.0211,3.2383,8.3348,50.1051,475.6000,373.0000,6.0115,9.1140,6.2744,80.0000,WB,1475.0000
30618_1cc230fa,30,8.8990,0.0000,16.2652,49.8880,483.9348,732.0000,3.0672,8.6780,3.0246,155.0000,WB,1525.0000
30618_1cc230fa,31,10.0942,8.9110,5.1000,49.9871,500.2000,230.0000,9.8014,10.1570,9.7787,44.0000,WB,1575.0000
30618_1cc230fa,32,10.1307,9.7921,5.0348,50.0403,505.3000,230.0000,9.9389,10.1290,9.9652,39.0000,WB,1625.0000
30618_1cc230fa,33,9.9349,9.8793,5.0500,50.0208,510.3348,234.0000,9.9051,9.9840,9.9302,51.0000,WB,1675.0000
30618_1cc230fa,34,9.8787,9.7941,5.1000,50.1492,515.3848,226.0000,9.8332,9.9210,9.8517,51.0000,WB,1725.0000
30618_1cc230fa,35,9.8046,7.7878,5.5000,49.8163,520.4848,246.0000,9.0575,9.8090,9.1891,54.0000,WB,1775.0000
30618_1cc230fa,36,7.7709,6.7476,7.0500,50.1554,525.9848,319.0000,7.1142,7.9460,7.1859,68.0000,WB,1825.0000
30618_1cc230fa,37,9.8462,6.7190,6.1500,50.0675,533.0348,271.0000,8.1411,9.8090,7.9574,62.0000,WB,1875.0000
30618_1cc230fa,38,11.0581,9.6381,5.0000,49.8938,539.1848,226.0000,9.9788,10.8130,9.9187,51.0000,WB,1925.0000
30618_1cc230fa,39,13.4579,11.0859,4.0500,50.1855,544.1848,175.0000,12.3914,13.3590,12.2413,41.0000,WB,1975.0000
30618_1cc230fa,40,14.1481,13.4685,3.6000,49.8286,548.2348,166.0000,13.8414,14.1370,13.8126,34.0000,WB,2025.0000
30618_1cc230fa,41,14.4127,14.1526,3.5000,50.0183,551.8348,148.0000,14.2909,14.4100,14.2863,35.0000,WB,2075.0000
30618_1cc230fa,42,14.6451,14.4108,3.4500,50.1270,555.3348,155.0000,14.5295,14.6430,14.5239,34.0000,WB,2125.0000
30618_1cc230fa,43,14.7965,14.6382,3.4000,50.0266,558.7848,150.0000,14.7137,14.8400,14.6925,42.0000,WB,2175.0000
30618_1cc230fa,44,14.6515,12.1890,3.7000,49.6377,562.1848,168.0000,13.4157,14.3070,13.4109,19.0000,WB,2225.0000
30618_1cc230fa,45,12.1649,9.6661,4.7000,50.2459,565.8848,208.0000,10.6907,12.3240,10.8868,31.0000,WB,2275.0000
30618_1cc230fa,46,9.6782,7.9907,5.3652,49.7753,570.5848,242.0000,9.2774,9.7140,8.7087,62.0000,WB,2325.0000
30618_1cc230fa,47,7.9760,2.6311,10.4848,49.9725,575.9500,464.0000,4.7662,7.9950,4.4909,60.0000,WB,2375.0000
30618_1cc230fa,48,7.2315,0.0000,16.5500,50.2955,586.4348,748.0000,3.0390,7.0840,3.0738,153.0000,WB,2425.0000
30618_1cc230fa,49,8.4822,3.3234,7.7152,49.9104,602.9848,331.0000,6.4691,8.4850,5.8036,85.0000,WB,2475.0000
30618_1cc230fa,50,8.6856,8.4808,5.8349,49.9924,610.7000,251.0000,8.5679,8.6830,8.5833,59.0000,WB,2525.0000
30618_1cc230fa,51,10.4310,8.4458,5.5000,50.1845,616.5349,233.0000,9.1245,10.1890,9.0049,54.0000,WB,2575.0000
30618_1cc230fa,52,12.3691,10.4482,4.3999,49.9016,622.0349,186.0000,11.3416,12.2430,11.1900,45.0000,WB,2625.0000
30618_1cc230fa,53,13.1211,12.3853,3.9001,50.2311,626.4347,162.0000,12.8794,13.1820,12.8584,39.0000,WB,2675.0000
30618_1cc230fa,54,12.7850,12.2413,4.0000,49.6837,630.3348,165.0000,12.4211,12.8430,12.4486,40.0000,WB,2725.0000
30618_1cc230fa,55,13.8217,12.8008,3.7152,49.9567,634.3348,157.0000,13.4466,13.7870,13.3495,37.0000,WB,2775.0000
30618_1cc230fa,56,13.9671,13.3299,3.6348,50.2281,638.0500,150.0000,13.8185,13.9570,13.8622,36.0000,WB,2825.0000
30618_1cc230fa,57,13.3028,10.4284,4.2152,49.8736,641.6848,173.0000,11.8320,13.4720,12.1055,42.0000,WB,2875.0000
30618_1cc230fa,58,10.4174,7.7060,5.7000,50.0046,645.9000,234.0000,8.7727,10.6590,8.9981,55.0000,WB,2925.0000
30618_1cc230fa,59,7.6965,0.0000,56.8848,46.6786,651.6000,2290.0000,0.8206,8.0310,4.3743,116.0000,WB,2975.0000
30618_1cc230fa,60,9.0301,0.4647,10.3500,50.0805,708.4848,415.0000,4.8387,8.9280,0.8890,561.0000,WB,3025.0000
30618_1cc230fa,61,11.6405,9.0544,4.7652,49.9081,718.8348,194.0000,10.4735,11.5710,10.4144,48.0000,WB,3075.0000
30618_1cc230fa,62,11.8267,10.1547,4.4348,49.8814,723.6000,178.0000,11.2478,11.8270,11.2826,44.0000,WB,3125.0000
30618_1cc230fa,63,10.1343,5.8305,6.2500,50.1421,728.0348,252.0000,8.0228,10.1610,8.1208,62.0000,WB,3175.0000
30618_1cc230fa,64,7.0504,0.0000,46.9152,49.7385,734.2848,1883.0000,1.0602,6.9170,1.0709,459.0000,WB,3225.0000
30618_1cc230fa,65,10.8264,7.0629,5.5000,49.9396,781.2000,221.0000,9.0799,10.7190,9.0044,55.0000,WB,3275.0000
30618_1cc230fa,66,11.5627,10.8135,4.4348,49.9815,786.7000,177.0000,11.2703,11.5610,11.2611,45.0000,WB,3325.0000
30618_1cc230fa,67,10.7901,7.1785,5.5500,50.1475,791.1348,223.0000,9.0355,10.8420,9.0046,53.0000,WB,3375.0000
30618_1cc230fa,68,7.1532,0.0000,64.2152,50.0748,796.6848,2572.0000,0.7798,6.9770,0.7550,611.0000,WB,3425.0000
30618_1cc230fa,69,8.7898,5.3805,6.5348,49.9955,860.9000,261.0000,7.6506,8.8150,7.5697,66.0000,WB,3475.0000
30618_1cc230fa,70,8.5848,3.0426,8.7000,50.0984,867.4348,350.0000,5.7584,8.5930,5.8666,86.0000,WB,3525.0000
30618_1cc230fa,71,3.0255,1.3082,20.2500,50.0142,876.1348,811.0000,2.4698,3.1130,2.4746,194.0000,WB,3575.0000
30618_1cc230fa,72,4.3409,2.5262,16.0501,49.9230,896.3848,643.0000,3.1104,4.3820,3.1128,160.0000,WB,3625.0000
30618_1cc230fa,73,8.2534,3.7046,8.8999,50.0952,912.4349,358.0000,5.6288,8.1310,5.5551,87.0000,WB,3675.0000
30618_1cc230fa,74,9.4979,8.0395,5.8152,49.5964,921.3348,233.0000,8.5288,9.4420,8.5081,59.0000,WB,3725.0000
30618_1cc230fa,75,11.1476,9.5056,4.7849,49.8993,927.1500,191.0000,10.4286,11.1300,10.3971,48.0000,WB,3775.0000
30618_1cc230fa,76,11.1982,9.5999,4.6651,49.9723,931.9349,187.0000,10.7118,11.1960,10.7217,46.0000,WB,3825.0000
30618_1cc230fa,77,9.5901,5.2685,6.6848,50.1763,936.6000,268.0000,7.5060,9.5930,7.7131,52.0000,WB,3875.0000
30618_1cc230fa,78,6.9457,0.0000,23.5500,49.7982,943.2848,943.0000,2.1146,6.9390,2.1165,231.0000,WB,3925.0000
30618_1cc230fa,79,9.5775,6.9729,5.7652,49.9680,966.8348,231.0000,8.6672,9.6020,8.6395,55.0000,WB,3975.0000
30618_1cc230fa,80,9.5415,8.6109,5.6348,50.0411,972.6000,225.0000,8.8807,9.5770,8.8627,51.0000,WB,4025.0000
30618_1cc230fa,81,8.5991,0.8580,9.9652,50.0811,978.2348,402.0000,5.0256,8.0820,4.9748,87.0000,WB,4075.0000
30618_1cc230fa,82,9.2271,0.0000,36.5349,50.0051,988.2000,1467.0000,1.3687,9.2050,1.3691,363.0000,WB,4125.0000
30618_1cc230fa,83,11.5550,9.2538,4.7000,50.0893,1024.7349,188.0000,10.6574,11.5470,10.6429,47.0000,WB,4175.0000
30618_1cc230fa,84,11.5581,8.7116,4.8500,49.8709,1029.4348,195.0000,10.2827,11.5650,10.3109,48.0000,WB,4225.0000
30618_1cc230fa,85,8.6879,7.5947,6.3152,49.9826,1034.2848,254.0000,7.9146,8.6580,7.9204,63.0000,WB,4275.0000
30618_1cc230fa,86,9.2999,8.4887,5.5351,50.0677,1040.6000,222.0000,9.0455,9.3190,9.0393,56.0000,WB,4325.0000
30618_1cc230fa,87,8.9011,8.1965,5.7997,49.9928,1046.1351,232.0000,8.6199,8.8950,8.6247,58.0000,WB,4375.0000
30618_1cc230fa,88,10.2553,8.2184,5.5000,50.1010,1051.9348,220.0000,9.1093,10.2250,9.1028,55.0000,WB,4425.0000
30618_1cc230fa,89,11.1386,10.2724,4.6152,49.9211,1057.4348,186.0000,10.8166,11.1430,10.8119,46.0000,WB,4475.0000
30618_1cc230fa,90,10.2882,6.0966,6.1000,49.9497,1062.0500,244.0000,8.1885,10.2900,8.2084,61.0000,WB,4525.0000
30618_1cc230fa,91,6.1469,0.0000,36.2000,50.0511,1068.1500,1453.0000,1.3826,6.0780,1.3857,362.0000,WB,4575.0000
30618_1cc230fa,92,10.6438,6.1607,5.8849,50.1403,1104.3500,236.0000,8.5202,10.6070,8.4942,59.0000,WB,4625.0000
30618_1cc230fa,93,12.5118,10.6658,4.2499,49.9565,1110.2349,171.0000,11.7547,12.4990,11.7226,40.0000,WB,4675.0000
30618_1cc230fa,94,13.0631,12.4973,3.9000,50.0935,1114.4848,158.0000,12.8444,13.0750,12.8324,39.0000,WB,4725.0000
30618_1cc230fa,95,12.5868,9.3169,4.5500,49.8522,1118.3848,183.0000,10.9565,12.6270,10.9866,46.0000,WB,4775.0000
30618_1cc230fa,96,9.2930,8.4658,5.7152,49.8975,1122.9348,229.0000,8.7307,9.2950,8.7399,57.0000,WB,4825.0000
30618_1cc230fa,97,8.7082,8.4494,5.8348,50.0920,1128.6500,233.0000,8.5851,8.7500,8.5920,58.0000,WB,4875.0000
30618_1cc230fa,98,8.7938,7.8264,5.8500,49.9307,1134.4848,235.0000,8.5352,8.7510,8.5435,59.0000,WB,4925.0000
30618_1cc230fa,99,7.8012,0.0000,35.2500,50.1037,1140.3348,1413.0000,1.4214,7.7910,1.4263,314.0000,WB,4975.0000
30618_1cc230fa,100,9.3601,1.5226,9.5652,49.9572,1175.5848,386.0000,5.2228,9.3160,5.1800,92.0000,WB,5025.0000
30618_1cc230fa,101,12.0452,9.3703,4.5848,50.1594,1185.1500,183.0000,10.9403,12.0300,10.9203,46.0000,WB,5075.0000
30618_1cc230fa,102,12.1735,10.0200,4.4000,49.9373,1189.7348,176.0000,11.3495,12.1850,11.3551,44.0000,WB,5125.0000
30618_1cc230fa,103,9.9964,5.5477,6.3000,49.8805,1194.1348,252.0000,7.9175,9.9890,7.9248,63.0000,WB,5175.0000
30618_1cc230fa,104,7.2527,0.0000,23.4652,49.9433,1200.4348,941.0000,2.1284,7.1940,2.1172,234.0000,WB,5225.0000
30618_1cc230fa,105,7.6464,4.2122,8.3848,50.1201,1223.9000,338.0000,5.9775,7.6550,6.0066,83.0000,WB,5275.0000
30618_1cc230fa,106,4.2610,0.0000,37.6000,49.9907,1232.2848,1507.0000,1.3295,4.2910,1.3396,376.0000,WB,5325.0000
30618_1cc230fa,107,3.1148,0.9867,21.0500,49.9575,1269.8848,843.0000,2.3733,3.1670,2.3815,210.0000,WB,5375.0000
30618_1cc230fa,108,4.2600,2.4603,16.7000,49.9864,1290.9348,669.0000,2.9932,4.2570,2.9854,168.0000,WB,5425.0000
30618_1cc230fa,109,4.1105,0.0000,7.4000,18.3506,1307.6348,298.0000,2.4798,4.1490,2.5290,74.0000,WB,5475.0000
30618_2050d396,114,2.9732,0.0000,20.2000,25.6587,126.4500,891.0000,1.2702,2.9870,1.3770,219.0000,EB,5421.1425
30618_2050d396,115,4.8032,2.2076,15.4500,50.1433,146.6500,676.0000,3.2455,4.7060,3.2079,155.0000,EB,5369.1419
30618_2050d396,116,7.1942,4.8186,7.9500,50.0368,162.1000,356.0000,6.2939,7.2100,6.2640,80.0000,EB,5316.1420
30618_2050d396,117,7.2193,0.0000,34.0290,50.5100,170.0500,1562.0000,1.4843,7.1070,1.4659,338.0000,EB,5266.1420
30618_2050d396,118,10.8149,7.2430,5.3500,49.6089,204.0790,232.0000,9.2726,10.7900,9.2156,54.0000,EB,5216.1420
30618_2050d396,119,11.1523,10.7398,4.5710,49.8482,209.4290,200.0000,10.9053,11.1910,10.9032,46.0000,EB,5166.1420
30618_2050d396,120,10.9505,7.0438,5.5790,50.1540,214.0000,240.0000,8.9898,10.9260,9.0100,56.0000,EB,5116.1421
30618_2050d396,121,7.0224,0.0000,33.1710,50.1058,219.5790,1491.0000,1.5105,7.0310,1.5078,331.0000,EB,5066.1420
30618_2050d396,122,10.2740,5.4963,6.2000,50.0647,252.7500,275.0000,8.0750,10.2210,8.0103,62.0000,EB,5016.1420
30618_2050d396,123,10.7894,9.0580,4.8790,49.9101,258.9500,215.0000,10.2296,10.8040,10.2562,49.0000,EB,4966.1420
30618_2050d396,124,9.0407,8.3624,5.8210,50.1298,263.8290,251.0000,8.6119,9.0180,8.6350,58.0000,EB,4917.1420
30618_2050d396,125,9.7846,8.3612,5.8000,49.9961,269.6500,260.0000,8.6200,9.6670,8.6168,58.0000,EB,4867.1420
30618_2050d396,126,11.1314,9.8004,4.6790,49.9703,275.4500,203.0000,10.6797,11.1540,10.6734,47.0000,EB,4818.1420
30618_2050d396,127,11.3763,11.1240,4.4500,50.1003,280.1290,194.0000,11.2585,11.4020,11.2600,44.0000,EB,4768.1420
30618_2050d396,128,11.3852,8.0469,5.0500,49.9818,284.5790,228.0000,9.8973,11.4180,10.0028,50.0000,EB,4718.1420
30618_2050d396,129,8.0239,0.0000,38.9000,49.4513,289.6290,1772.0000,1.2712,8.1390,1.3014,388.0000,EB,4668.1421
30618_2050d396,130,8.0747,0.0000,16.7710,49.9794,328.5290,725.0000,2.9801,7.9960,2.9628,169.0000,EB,4618.1420
30618_2050d396,131,11.8039,8.0924,4.9626,49.8987,345.3000,219.0000,10.0550,11.7200,9.9950,49.0000,EB,4568.1420
30618_2050d396,132,12.8959,11.8091,4.0049,50.0437,350.2626,178.0000,12.4957,12.9090,12.4690,40.0000,EB,4518.1420
30618_2050d396,133,12.7825,9.8332,4.4115,50.0262,354.2675,184.0000,11.3400,12.8260,11.4236,44.0000,EB,4468.1419
30618_2050d396,134,9.8114,4.3868,7.1000,49.9875,358.6789,302.0000,7.0405,9.9030,7.1517,71.0000,EB,4418.1420
30618_2050d396,135,7.8831,0.0000,18.7711,49.7916,365.7789,825.0000,2.6526,7.7510,2.6393,188.0000,EB,4369.1419
30618_2050d396,136,8.5176,7.0934,6.3000,50.0542,384.5500,269.0000,7.9451,8.5020,7.9637,63.0000,EB,4320.1420
30618_2050d396,137,9.8822,7.1223,6.0500,50.0318,390.8500,261.0000,8.2697,9.8560,8.2228,61.0000,EB,4271.1418
30618_2050d396,138,10.2602,8.7555,5.1789,49.9781,396.9000,223.0000,9.6503,10.3050,9.6886,51.0000,EB,4222.1418
30618_2050d396,139,8.7517,0.0000,9.0211,50.0182,402.0789,393.0000,5.5446,8.8250,5.9152,81.0000,EB,4172.1418
30618_2050d396,140,6.7917,0.0000,34.1790,49.9117,411.1000,1524.0000,1.4603,6.8930,1.4503,346.0000,EB,4122.1417
30618_2050d396,141,5.3129,0.0000,61.9999,50.4582,445.2790,2825.0000,0.8138,5.3040,0.8163,617.0000,EB,4072.1418
30618_2050d396,142,9.3387,2.4779,8.3000,49.9587,507.2789,362.0000,6.0191,9.2110,5.7994,86.0000,EB,4022.1417
30618_2050d396,143,10.3203,9.3433,5.0501,50.2214,515.5789,212.0000,9.9446,10.3700,9.9647,50.0000,EB,3972.1418
30618_2050d396,144,9.3276,7.2002,6.1710,49.8960,520.6290,258.0000,8.0856,9.5020,8.1868,61.0000,EB,3922.1417
30618_2050d396,145,7.1996,6.7529,7.2290,49.9956,526.8000,299.0000,6.9160,7.2230,6.9349,72.0000,EB,3872.1417
30618_2050d396,146,6.7849,6.6923,7.4000,49.8997,534.0290,309.0000,6.7432,6.8550,6.7470,74.0000,EB,3822.1418
30618_2050d396,147,6.7145,6.6402,7.5000,50.1514,541.4290,312.0000,6.6868,6.7420,6.6921,75.0000,EB,3772.1418
30618_2050d396,148,7.0878,5.0150,7.8210,49.8726,548.9290,325.0000,6.3767,7.1400,6.4407,78.0000,EB,3722.1418
30618_2050d396,149,5.0050,2.4304,13.7500,50.0000,556.7500,557.0000,3.6364,5.1320,3.7236,134.0000,EB,3672.1417
30618_2050d396,150,4.6915,0.0000,34.4000,49.9256,570.5000,1417.0000,1.4513,4.6490,1.4437,347.0000,EB,3618.1407
30618_2050d396,151,5.5172,4.6938,9.8000,50.0123,604.9000,413.0000,5.1033,5.5030,5.0757,98.0000,EB,3566.1401
30618_2050d396,152,5.9256,0.0000,38.0790,50.2233,614.7000,1580.0000,1.3189,5.9250,4.6659,107.0000,EB,3516.1400
30618_2050d396,153,4.7428,1.3449,12.5999,49.9976,652.7790,508.0000,3.9681,4.7770,1.2553,397.0000,EB,3466.1401
30618_2050d396,154,9.0693,4.6243,7.8501,50.0197,665.3789,316.0000,6.3719,8.8930,6.1870,80.0000,EB,3416.1400
30618_2050d396,155,9.4708,7.1186,5.8499,49.9430,673.2290,236.0000,8.5374,9.5190,8.6465,58.0000,EB,3366.1400
30618_2050d396,156,7.1040,0.0000,20.8211,50.0487,679.0789,838.0000,2.4038,7.2460,2.4268,208.0000,EB,3316.1401
30618_2050d396,157,10.3836,5.9024,6.0789,50.0283,699.9000,243.0000,8.2298,10.2400,8.0255,62.0000,EB,3266.1400
30618_2050d396,158,11.3099,10.3915,4.5501,50.0359,705.9789,183.0000,10.9967,11.3300,10.9916,45.0000,EB,3216.1399
30618_2050d396,159,10.6561,8.2735,5.2499,49.9604,710.5290,212.0000,9.5164,10.7970,9.6519,52.0000,EB,3166.1399
30618_2050d396,160,8.2590,4.8636,7.6501,50.0441,715.7789,308.0000,6.5416,8.4200,6.7203,75.0000,EB,3116.1399
30618_2050d396,161,5.5973,0.0000,55.1000,48.7135,723.4290,2215.0000,0.8841,5.4750,0.9028,553.0000,EB,3066.1398
30618_2050d396,162,5.8749,4.3172,9.8500,50.0223,778.5290,396.0000,5.0784,5.8440,5.0958,99.0000,EB,3016.1399
30618_2050d396,163,5.2354,0.0000,47.7999,49.9890,788.3790,1931.0000,1.0458,5.2470,1.0476,448.0000,EB,2966.1399
30618_2050d396,164,9.2044,4.7670,7.7501,50.1407,836.1789,312.0000,6.4697,9.0530,6.3699,77.0000,EB,2916.1400
30618_2050d396,165,12.4879,9.2258,4.5710,49.8897,843.9290,184.0000,10.9145,12.3420,10.7959,46.0000,EB,2866.1398
30618_2050d396,166,13.5064,12.4994,3.8000,50.0063,848.5000,153.0000,13.1596,13.5060,13.1114,36.0000,EB,2816.1396
30618_2050d396,167,13.3177,12.1494,3.9791,49.9334,852.3000,159.0000,12.5491,13.3640,12.5799,38.0000,EB,2766.1396
30618_2050d396,168,12.4323,12.1223,4.0709,49.9391,856.2791,163.0000,12.2672,12.4340,12.2636,33.0000,EB,2717.1395
30618_2050d396,169,12.3053,10.3376,4.4500,50.1685,860.3500,180.0000,11.2738,12.3300,11.3236,39.0000,EB,2667.1395
30618_2050d396,170,10.3290,8.5114,5.4000,49.8617,864.8000,216.0000,9.2337,10.3820,9.2723,50.0000,EB,2617.1396
30618_2050d396,171,8.5983,8.4112,5.9000,50.0973,870.2000,236.0000,8.4911,8.5700,8.4927,59.0000,EB,2567.1395
30618_2050d396,172,11.1379,8.6091,5.0000,50.0675,876.1000,200.0000,10.0135,11.0760,9.9358,50.0000,EB,2518.1395
30618_2050d396,173,12.9331,11.1487,4.1789,49.9911,881.1000,169.0000,11.9626,12.8510,11.8928,42.0000,EB,2468.1395
30618_2050d396,174,13.4177,12.9422,3.7711,50.0361,885.2789,153.0000,13.2684,13.4090,13.2464,38.0000,EB,2418.1394
30618_2050d396,175,13.7997,13.2837,3.6790,49.7834,889.0500,148.0000,13.5318,13.7530,13.5108,37.0000,EB,2368.1396
30618_2050d396,176,14.0323,13.8012,3.6000,50.1691,892.7290,145.0000,13.9358,14.0390,13.9298,36.0000,EB,2318.1394
30618_2050d396,177,13.8965,12.3263,3.8210,49.8627,896.3290,155.0000,13.0497,13.9520,13.0723,38.0000,EB,2268.1394
30618_2050d396,178,13.1234,12.3369,3.9000,50.0749,900.1500,156.0000,12.8397,13.1280,12.8216,39.0000,EB,2218.1393
30618_2050d396,179,12.8388,12.1777,4.0289,49.9964,904.0500,162.0000,12.4093,12.7780,12.4039,27.0000,EB,2168.1393
30618_2050d396,180,13.7783,12.8510,3.7211,49.9016,908.0789,150.0000,13.4106,13.7850,13.3634,30.0000,EB,2118.1391
30618_2050d396,181,13.9246,13.4786,3.6500,50.1551,911.8000,147.0000,13.7411,13.9370,13.7409,31.0000,EB,2068.1392
30618_2050d396,182,13.7033,13.4993,3.6790,50.0884,915.4500,147.0000,13.6148,13.6720,13.5959,30.0000,EB,2017.1391
30618_2050d396,183,13.5638,13.2450,3.7210,49.8638,919.1290,150.0000,13.4005,13.5600,13.3800,24.0000,EB,1967.1389
30618_2050d396,184,13.2434,12.9923,3.8290,50.1863,922.8500,153.0000,13.1070,13.2040,13.1005,24.0000,EB,1917.1389
30618_2050d396,185,13.0050,12.8451,3.8501,49.8255,926.6790,155.0000,12.9414,12.9930,12.9217,33.0000,EB,1867.1388
30618_2050d396,186,12.8528,11.6265,4.0499,49.9175,930.5291,164.0000,12.3258,12.8400,12.3299,32.0000,EB,1817.1386
30618_2050d396,187,11.6217,10.1349,4.6711,50.0250,934.5789,191.0000,10.7095,11.6540,10.7134,36.0000,EB,1767.1386
30618_2050d396,188,10.1299,9.6671,5.1000,50.0659,939.2500,206.0000,9.8168,10.0890,9.8241,51.0000,EB,1717.1386
30618_2050d396,189,9.6613,9.5150,5.2289,50.1091,944.3500,211.0000,9.5831,9.6960,9.5934,50.0000,EB,1667.1386
30618_2050d396,190,9.5617,9.4753,5.2501,49.8888,949.5789,212.0000,9.5024,9.5740,9.5141,51.0000,EB,1617.1386
30618_2050d396,191,9.8026,9.5156,5.1499,49.8827,954.8290,209.0000,9.6861,9.8480,9.7011,52.0000,EB,1567.1386
30618_2050d396,192,9.7454,8.9887,5.3711,50.0663,959.9789,220.0000,9.3215,9.7360,9.3365,53.0000,EB,1517.1386
30618_2050d396,193,10.2109,9.7414,5.0000,50.1387,965.3500,200.0000,10.0277,10.2160,10.0295,48.0000,EB,1467.1386
30618_2050d396,194,10.1419,9.8230,5.0000,49.8705,970.3500,204.0000,9.9741,10.1990,9.9927,50.0000,EB,1417.1386
30618_2050d396,195,10.0975,9.9015,5.0000,49.9900,975.3500,202.0000,9.9980,10.1100,10.0118,50.0000,EB,1367.1385
30618_2050d396,196,10.0530,9.8178,5.0500,50.1082,980.3500,203.0000,9.9224,10.0770,9.9332,50.0000,EB,1317.1385
30618_2050d396,197,10.0733,9.6781,5.0790,49.8734,985.4000,204.0000,9.8196,10.0790,9.8365,51.0000,EB,1267.1386
30618_2050d396,198,9.6651,9.1056,5.3500,50.0316,990.4790,217.0000,9.3517,9.7190,9.3627,53.0000,EB,1217.1386
30618_2050d396,199,9.6263,7.6223,5.6500,49.9779,995.8290,228.0000,8.8457,9.6640,8.9011,57.0000,EB,1167.1386
30618_2050d396,200,7.6208,4.6048,8.2211,50.0736,1001.4789,333.0000,6.0909,7.6180,6.1529,81.0000,EB,1117.1385
30618_2050d396,201,5.6560,3.9821,11.3500,49.9443,1009.7000,458.0000,4.4004,5.6480,4.3826,114.0000,EB,1067.1385
30618_2050d396,202,5.6502,4.0518,11.1790,50.0805,1021.0500,449.0000,4.4799,5.6700,4.5102,111.0000,EB,1017.1385
30618_2050d396,203,5.4811,1.4287,13.4000,49.9993,1032.2290,543.0000,3.7313,5.5010,3.8529,130.0000,EB,967.1384
30618_2050d396,204,7.3346,0.0000,67.5210,49.1032,1045.6290,2766.0000,0.7272,7.2630,0.7302,681.0000,EB,917.1384
30618_2050d396,205,9.7209,7.3497,5.6000,50.0219,1113.1500,226.0000,8.9325,9.6870,8.8782,56.0000,EB,867.1384
30618_2050d396,206,9.7343,8.6150,5.5790,50.1087,1118.7500,225.0000,8.9817,9.7240,8.9846,56.0000,EB,818.1384
30618_2050d396,207,8.7665,8.6014,5.7710,49.9084,1124.3290,236.0000,8.6481,8.7700,8.6458,58.0000,EB,768.1383
30618_2050d396,208,8.6136,6.1721,6.5290,49.9574,1130.1000,268.0000,7.6516,8.6240,7.6670,65.0000,EB,718.1382
30618_2050d396,209,6.1573,0.0000,38.8210,49.9777,1136.6290,1597.0000,1.2874,6.1180,1.3004,389.0000,EB,669.1382
30618_2050d396,210,7.1645,2.2628,9.2500,50.0040,1175.4500,374.0000,5.4058,7.1920,5.4005,92.0000,EB,620.1381
30618_2050d396,211,8.7244,6.7894,6.2789,50.1251,1184.7000,254.0000,7.9831,8.7380,7.9777,63.0000,EB,570.1380
30618_2050d396,212,8.4207,6.5428,6.9000,49.9459,1190.9789,279.0000,7.2385,8.3430,7.2263,69.0000,EB,520.1379
30618_2050d396,213,9.9881,8.4418,5.2620,49.9274,1197.8789,212.0000,9.4883,10.0420,9.4816,53.0000,EB,470.1379
30618_2050d396,214,9.4037,6.5967,6.3091,50.0005,1203.1409,256.0000,7.9252,9.3600,7.9230,63.0000,EB,420.1378
30618_2050d396,215,6.5884,0.0000,29.5000,50.0003,1209.4500,1212.0000,1.6949,6.6270,1.6993,296.0000,EB,370.1378
30618_2050d396,216,6.4813,1.9913,9.9790,50.0377,1238.9500,407.0000,5.0143,6.5030,5.0475,99.0000,EB,320.1378
30618_2050d396,217,5.0766,1.7051,17.5500,49.9957,1248.9290,720.0000,2.8488,5.0290,2.8380,176.0000,EB,270.1378
30618_2050d396,218,3.4214,1.9754,19.2210,49.9609,1266.4790,782.0000,2.5993,3.4750,2.5987,158.0000,EB,220.1378
30618_2050d396,219,3.0626,0.0000,49.1790,50.2292,1285.7000,2054.0000,1.0214,3.1010,1.0259,490.0000,EB,173.1339
30618_2050d396,220,3.7068,2.7239,8.2999,25.9702,1334.8790,346.0000,3.1290,3.7280,3.1309,84.0000,EB,0.0000
30618_21dd3af3,112,6.7802,0.0000,16.9848,35.5439,1.1000,669.0000,2.0927,,,,EB,5511.1413
30618_21dd3af3,113,6.7525,2.8103,9.4152,49.9926,18.0848,389.0000,5.3098,,,,EB,5466.1414
30618_21dd3af3,114,3.3372,0.7788,21.0349,50.2114,27.5000,877.0000,2.3871,2.6260,2.4213,15.0000,EB,5421.1425
30618_21dd3af3,115,4.4662,2.2612,15.4499,50.3665,48.5349,645.0000,3.2600,4.8270,3.4331,142.0000,EB,5369.1419
30618_21dd3af3,116,7.1881,4.3557,8.1500,50.2232,63.9848,345.0000,6.1624,7.1970,6.2110,80.0000,EB,5316.1420
30618_21dd3af3,117,7.2112,0.0000,24.9651,53.4595,72.1349,1088.0000,2.1414,7.2480,2.0622,242.0000,EB,5266.1420
30618_21dd3af3,118,10.8394,7.2241,5.3848,50.1408,97.1000,231.0000,9.3116,10.8490,9.3669,53.0000,EB,5216.1420
30618_21dd3af3,119,11.1140,10.7443,4.6000,50.0580,102.4848,203.0000,10.8822,11.1260,10.8871,46.0000,EB,5166.1420
30618_21dd3af3,120,10.7606,6.7315,5.7152,49.9033,107.0848,256.0000,8.7317,10.6690,8.6948,57.0000,EB,5116.1421
30618_21dd3af3,121,6.7208,0.0000,28.0848,50.0468,112.8000,1241.0000,1.7820,6.6320,1.7773,281.0000,EB,5066.1420
30618_21dd3af3,122,9.9515,4.1767,6.8652,49.8801,140.8848,307.0000,7.2657,9.9880,7.3501,68.0000,EB,5016.1420
30618_21dd3af3,123,10.5914,8.8818,4.9910,50.0619,147.7500,224.0000,10.0304,10.6140,10.0446,49.0000,EB,4966.1420
30618_21dd3af3,124,8.8739,8.3768,5.8937,50.1275,152.7410,265.0000,8.5052,8.8660,8.5181,57.0000,EB,4917.1420
30618_21dd3af3,125,9.9322,8.5576,5.7001,50.1885,158.6348,256.0000,8.8048,9.8790,8.8072,57.0000,EB,4867.1420
30618_21dd3af3,126,11.0975,9.9582,4.6151,49.6919,164.3349,207.0000,10.7672,11.1350,10.7825,47.0000,EB,4818.1420
30618_21dd3af3,127,11.3417,11.0931,4.4848,50.3196,168.9500,198.0000,11.2201,11.3780,11.2290,44.0000,EB,4768.1420
30618_21dd3af3,128,11.3397,7.9227,5.1000,49.9533,173.4348,231.0000,9.7947,11.3790,9.8231,51.0000,EB,4718.1420
30618_21dd3af3,129,7.9044,0.0000,18.0500,49.4461,178.5348,824.0000,2.7394,7.8820,3.2429,135.0000,EB,4668.1421
30618_21dd3af3,130,9.7083,2.3800,8.0500,50.0602,196.5848,352.0000,6.2186,9.7890,6.4128,78.0000,EB,4618.1420
30618_21dd3af3,131,12.3954,9.7365,4.4000,49.7859,204.6349,198.0000,11.3150,12.4210,11.3558,44.0000,EB,4568.1420
30618_21dd3af3,132,12.9682,12.4045,3.9152,49.9937,209.0348,175.0000,12.7693,12.9850,12.7688,39.0000,EB,4518.1420
30618_21dd3af3,133,12.6196,9.3818,4.5500,50.0936,212.9500,209.0000,11.0096,12.5540,10.9869,45.0000,EB,4468.1419
30618_21dd3af3,134,9.3703,4.1721,7.5000,50.0110,217.5000,350.0000,6.6681,9.3620,6.6044,77.0000,EB,4418.1420
30618_21dd3af3,135,7.9609,0.0000,29.2348,50.0294,225.0000,1359.0000,1.7113,7.9930,1.3263,256.0000,EB,4369.1419
30618_21dd3af3,136,8.4196,6.9750,6.3000,49.7759,254.2348,287.0000,7.9010,8.4400,7.8827,64.0000,EB,4320.1420
30618_21dd3af3,137,10.3955,7.0233,6.1152,49.9446,260.5348,280.0000,8.1673,10.3770,8.2109,60.0000,EB,4271.1418
30618_21dd3af3,138,11.5017,9.8839,4.5848,50.0670,266.6500,209.0000,10.9203,11.4840,10.9053,46.0000,EB,4222.1418
30618_21dd3af3,139,9.8553,9.1205,5.3152,50.0255,271.2348,243.0000,9.4117,9.8060,9.4145,53.0000,EB,4172.1418
30618_21dd3af3,140,9.1171,7.2730,5.9348,49.9632,276.5500,276.0000,8.4187,9.0380,8.3873,60.0000,EB,4122.1417
30618_21dd3af3,141,7.2463,0.0000,18.7000,49.9720,282.4848,851.0000,2.6723,7.0940,2.6619,186.0000,EB,4072.1418
30618_21dd3af3,142,10.3837,4.8109,6.4152,49.9153,301.1848,299.0000,7.7808,10.3600,7.8530,63.0000,EB,4022.1417
30618_21dd3af3,143,10.9322,9.9301,4.7349,50.1429,307.6000,216.0000,10.5902,10.9940,10.5910,47.0000,EB,3972.1418
30618_21dd3af3,144,9.9144,7.0651,6.0500,49.9408,312.3349,281.0000,8.2547,9.9440,8.2825,60.0000,EB,3922.1417
30618_21dd3af3,145,7.0659,6.8114,7.2500,49.9172,318.3848,325.0000,6.8852,7.0920,6.8878,73.0000,EB,3872.1417
30618_21dd3af3,146,6.8393,6.6923,7.4000,50.1577,325.6348,331.0000,6.7780,6.8570,6.7743,69.0000,EB,3822.1418
30618_21dd3af3,147,7.0587,6.6163,7.3000,49.8921,333.0349,336.0000,6.8345,7.0570,6.8282,71.0000,EB,3772.1418
30618_21dd3af3,148,7.2114,5.2276,7.5500,50.0466,340.3349,335.0000,6.6287,7.2250,6.6206,76.0000,EB,3722.1418
30618_21dd3af3,149,5.2066,3.5602,12.6500,49.9330,347.8848,581.0000,3.9473,5.1890,3.9494,127.0000,EB,3672.1417
30618_21dd3af3,150,5.6108,0.0000,41.9000,50.1177,360.5348,1900.0000,1.1961,5.4930,1.2045,406.0000,EB,3618.1407
30618_21dd3af3,151,6.2961,0.0000,17.0152,50.2099,402.4348,764.0000,2.9509,6.2760,2.7790,139.0000,EB,3566.1401
30618_21dd3af3,152,6.7037,0.0000,13.8000,49.7697,419.4500,613.0000,3.6065,6.7290,3.1031,162.0000,EB,3516.1400
30618_21dd3af3,153,8.0139,0.0000,25.9848,49.7195,433.2500,1093.0000,1.9134,8.0220,2.0990,236.0000,EB,3466.1401
30618_21dd3af3,154,9.4622,8.0190,5.7652,49.7708,459.2348,237.0000,8.6329,9.4820,8.6289,58.0000,EB,3416.1400
30618_21dd3af3,155,11.4522,8.9459,5.1000,49.9682,465.0000,212.0000,9.7977,11.4150,9.7930,48.0000,EB,3366.1400
30618_21dd3af3,156,13.8726,11.4644,3.9000,50.0861,470.1000,158.0000,12.8426,13.8450,12.8673,26.0000,EB,3316.1401
30618_21dd3af3,157,14.3741,13.8693,3.5348,50.1310,474.0000,144.0000,14.1821,14.3650,14.1637,35.0000,EB,3266.1400
30618_21dd3af3,158,14.2962,13.6387,3.5500,50.0710,477.5348,143.0000,14.1045,14.3160,14.0995,35.0000,EB,3216.1399
30618_21dd3af3,159,13.6150,10.8414,4.0652,49.8128,481.0848,168.0000,12.2535,13.5940,12.2809,41.0000,EB,3166.1399
30618_21dd3af3,160,10.8293,6.4538,5.8000,49.9694,485.1500,237.0000,8.6154,10.8190,8.5971,59.0000,EB,3116.1399
30618_21dd3af3,161,6.4426,0.0000,19.5848,50.1790,490.9500,806.0000,2.5621,6.3840,2.5483,194.0000,EB,3066.1398
30618_21dd3af3,162,11.0660,6.1066,5.8000,50.0338,510.5348,232.0000,8.6265,10.9800,8.6023,58.0000,EB,3016.1399
30618_21dd3af3,163,13.7307,11.0948,3.9652,49.8520,516.3348,159.0000,12.5725,13.8020,12.5625,40.0000,EB,2966.1399
30618_21dd3af3,164,14.4116,13.7359,3.5347,50.1309,520.3000,141.0000,14.1824,14.4190,14.1549,35.0000,EB,2916.1400
30618_21dd3af3,165,14.4303,14.0801,3.5001,49.8973,523.8347,141.0000,14.2561,14.4240,14.2323,35.0000,EB,2866.1398
30618_21dd3af3,166,14.2575,13.9241,3.5652,49.9972,527.3348,143.0000,14.0237,14.1830,14.0166,36.0000,EB,2816.1396
30618_21dd3af3,167,13.9438,11.7675,3.9500,50.0160,530.9000,159.0000,12.6623,13.9840,12.6406,39.0000,EB,2766.1396
30618_21dd3af3,168,11.7645,7.9283,4.7849,50.2451,534.8500,192.0000,10.5008,11.8000,10.4137,49.0000,EB,2717.1395
30618_21dd3af3,169,7.8855,0.0000,40.3500,49.9515,539.6349,1617.0000,1.2380,7.7600,1.2354,403.0000,EB,2667.1395
30618_21dd3af3,170,8.8219,6.7614,6.0152,49.9000,579.9848,241.0000,8.2957,8.8200,8.3027,60.0000,EB,2617.1396
30618_21dd3af3,171,8.6746,8.2295,6.0000,50.0086,586.0000,240.0000,8.3348,8.6640,8.3280,60.0000,EB,2567.1395
30618_21dd3af3,172,9.7369,8.3510,5.4348,50.1391,592.0000,217.0000,9.2256,9.7360,9.2099,55.0000,EB,2518.1395
30618_21dd3af3,173,8.4167,1.4415,10.3500,49.9530,597.4348,415.0000,4.8264,8.3240,4.5821,109.0000,EB,2468.1395
30618_21dd3af3,174,7.7453,0.0000,13.8001,49.6713,607.7848,554.0000,3.5994,7.6230,3.7398,132.0000,EB,2418.1394
30618_21dd3af3,175,7.4803,0.0000,16.6000,50.2031,621.5849,664.0000,3.0243,7.4610,3.0209,166.0000,EB,2368.1396
30618_21dd3af3,176,11.3003,7.0104,5.4000,49.8747,638.1848,216.0000,9.2360,11.2930,9.2559,54.0000,EB,2318.1394
30618_21dd3af3,177,13.4026,11.3244,4.0000,50.0292,643.5848,160.0000,12.5073,13.3710,12.5112,40.0000,EB,2268.1394
30618_21dd3af3,178,14.2635,13.4101,3.6000,49.9766,647.5848,144.0000,13.8824,14.2480,13.8805,36.0000,EB,2218.1393
30618_21dd3af3,179,14.3005,14.2312,3.5000,49.9201,651.1848,140.0000,14.2630,14.2770,14.2459,35.0000,EB,2168.1393
30618_21dd3af3,180,14.2891,14.2023,3.5152,50.0968,654.6848,141.0000,14.2515,14.3000,14.2483,35.0000,EB,2118.1391
30618_21dd3af3,181,14.2094,13.6373,3.6349,50.1785,658.2000,145.0000,13.8048,14.1920,13.7823,36.0000,EB,2068.1392
30618_21dd3af3,182,14.0050,13.6345,3.5999,49.9552,661.8349,144.0000,13.8767,13.9810,13.8448,37.0000,EB,2017.1391
30618_21dd3af3,183,13.6273,13.4131,3.7000,49.9897,665.4348,149.0000,13.5106,13.5940,13.4689,37.0000,EB,1967.1389
30618_21dd3af3,184,13.4129,13.1242,3.7652,49.8263,669.1348,151.0000,13.2334,13.3590,13.1934,38.0000,EB,1917.1389
30618_21dd3af3,185,13.1399,13.0393,3.8348,50.2236,672.9000,153.0000,13.0967,13.1110,13.0589,38.0000,EB,1867.1388
30618_21dd3af3,186,13.1217,12.6705,3.8500,50.1182,676.7348,154.0000,13.0176,13.0940,12.9964,38.0000,EB,1817.1386
30618_21dd3af3,187,12.6468,9.7457,4.5000,49.9238,680.5848,181.0000,11.0943,12.6140,11.0263,46.0000,EB,1767.1386
30618_21dd3af3,188,9.7540,9.6832,5.1152,49.7434,685.0848,206.0000,9.7246,9.7660,9.7188,51.0000,EB,1717.1386
30618_21dd3af3,189,9.8697,9.7501,5.1000,49.9833,690.2000,204.0000,9.8006,9.8970,9.8040,51.0000,EB,1667.1386
30618_21dd3af3,190,10.1002,9.8580,5.0348,50.0936,695.3000,201.0000,9.9494,10.1000,9.9618,49.0000,EB,1617.1386
30618_21dd3af3,191,10.1002,10.0254,4.9652,49.8873,700.3348,199.0000,10.0474,10.1150,10.0636,43.0000,EB,1567.1386
30618_21dd3af3,192,10.1156,10.0454,4.9848,50.2560,705.3000,199.0000,10.0819,10.1540,10.0980,50.0000,EB,1517.1386
30618_21dd3af3,193,10.1388,9.8381,5.0001,50.0589,710.2848,201.0000,10.0117,10.1380,10.0130,50.0000,EB,1467.1386
30618_21dd3af3,194,10.0907,9.7659,5.0499,49.8981,715.2848,202.0000,9.8809,10.1270,9.9039,50.0000,EB,1417.1386
30618_21dd3af3,195,10.1184,9.7386,5.0500,50.1161,720.3348,202.0000,9.9239,10.1340,9.9328,51.0000,EB,1367.1385
30618_21dd3af3,196,10.1059,9.7119,5.0500,49.8701,725.3848,202.0000,9.8753,10.1310,9.8739,51.0000,EB,1317.1385
30618_21dd3af3,197,9.9255,9.7051,5.1000,50.0621,730.4348,204.0000,9.8160,9.9800,9.8182,51.0000,EB,1267.1386
30618_21dd3af3,198,9.9077,9.6993,5.1000,50.0135,735.5348,204.0000,9.8066,9.9420,9.8144,51.0000,EB,1217.1386
30618_21dd3af3,199,9.9493,9.6697,5.0652,49.7476,740.6348,203.0000,9.8214,9.9560,9.8290,51.0000,EB,1167.1386
30618_21dd3af3,200,9.6642,4.7338,6.9848,50.2023,745.7000,279.0000,7.1873,9.6050,6.9128,73.0000,EB,1117.1385
30618_21dd3af3,201,4.7577,3.6403,12.0000,49.9567,752.6848,480.0000,4.1631,4.7750,4.1335,117.0000,EB,1067.1385
30618_21dd3af3,202,4.3565,0.0000,39.6500,50.6320,764.6848,1589.0000,1.2770,4.3820,1.2780,395.0000,EB,1017.1385
30618_21dd3af3,203,6.1746,2.2778,10.6000,50.0480,804.3348,424.0000,4.7215,6.2060,4.6807,104.0000,EB,967.1384
30618_21dd3af3,204,7.7441,0.0000,71.2152,50.0930,814.9348,2856.0000,0.7034,7.6530,0.7044,710.0000,EB,917.1384
30618_21dd3af3,205,9.8051,7.7621,5.4500,50.0709,886.1500,218.0000,9.1873,9.7960,9.1648,55.0000,EB,867.1384
30618_21dd3af3,206,9.8101,8.2552,5.6848,50.1114,891.6000,228.0000,8.8150,9.8120,8.8263,41.0000,EB,818.1384
30618_21dd3af3,207,8.7697,8.4980,5.8000,49.8765,897.2848,232.0000,8.5994,8.7620,8.5894,49.0000,EB,768.1383
30618_21dd3af3,208,8.7705,7.8758,5.8501,49.9499,903.0848,236.0000,8.5383,8.7800,8.5368,58.0000,EB,718.1382
30618_21dd3af3,209,7.8529,0.0000,19.6000,50.2655,908.9349,785.0000,2.5646,7.7870,2.5720,190.0000,EB,669.1382
30618_21dd3af3,210,9.1068,2.4167,8.1999,50.1270,928.5349,328.0000,6.1131,9.0810,6.0722,64.0000,EB,620.1381
30618_21dd3af3,211,12.1886,9.1208,4.7000,50.0149,936.7348,189.0000,10.6414,12.1050,10.6063,43.0000,EB,570.1380
30618_21dd3af3,212,13.8560,12.2101,3.7999,49.9406,941.4349,153.0000,13.1424,13.8300,13.1155,38.0000,EB,520.1379
30618_21dd3af3,213,14.0121,12.5514,3.7001,50.0095,945.2348,148.0000,13.5158,14.0290,13.5297,37.0000,EB,470.1379
30618_21dd3af3,214,12.5288,11.7711,4.1651,49.7476,948.9349,168.0000,11.9438,12.4960,11.9532,42.0000,EB,420.1378
30618_21dd3af3,215,12.0032,11.0216,4.2348,50.0601,953.1000,170.0000,11.8212,12.0700,11.8220,42.0000,EB,370.1378
30618_21dd3af3,216,10.9950,6.4408,5.7152,50.0415,957.3348,229.0000,8.7558,10.9790,8.7800,57.0000,EB,320.1378
30618_21dd3af3,217,6.4362,0.0000,36.7348,50.1386,963.0500,1472.0000,1.3649,6.4100,1.3809,370.0000,EB,270.1378
30618_21dd3af3,218,3.9150,2.5670,17.4152,49.9569,999.7848,698.0000,2.8686,4.0030,2.8911,175.0000,EB,220.1378
30618_21dd3af3,219,3.6548,0.0000,37.6848,49.9952,1017.2000,1511.0000,1.3267,3.6290,1.3404,380.0000,EB,173.1339
30618_21dd3af3,220,2.5835,0.0000,23.1501,44.3548,1054.8848,927.0000,1.9160,2.6230,1.9158,225.0000,EB,0.0000
30618_22c1c589,112,3.4189,0.0000,18.1161,16.7119,1.3000,705.0000,0.9225,3.4380,0.9254,178.0000,EB,5511.1413
30618_22c1c589,113,3.4638,2.9827,15.8000,50.0527,19.4161,641.0000,3.1679,3.4650,3.1719,135.0000,EB,5466.1414
30618_22c1c589,114,3.3999,0.0000,43.7838,50.0031,35.2162,1768.0000,1.1420,3.4210,1.1439,416.0000,EB,5421.1425
30618_22c1c589,115,4.7555,2.4654,15.1662,50.1317,79.0000,621.0000,3.3055,4.7060,3.2671,147.0000,EB,5369.1419
30618_22c1c589,116,7.2148,4.7675,7.9000,49.9064,94.1662,322.0000,6.3173,7.2020,6.2907,79.0000,EB,5316.1420
30618_22c1c589,117,6.8803,0.0000,42.6838,50.2969,102.0662,1740.0000,1.1784,6.8340,1.1822,426.0000,EB,5266.1420
30618_22c1c589,118,10.6284,6.9085,5.5000,49.7831,144.7500,223.0000,9.0515,10.6230,9.0205,55.0000,EB,5216.1420
30618_22c1c589,119,11.0346,10.5592,4.6500,50.0110,150.2500,190.0000,10.7551,11.0650,10.7435,46.0000,EB,5166.1420
30618_22c1c589,120,10.8096,6.9484,5.6500,50.1483,154.9000,233.0000,8.8758,10.8200,8.9157,57.0000,EB,5116.1421
30618_22c1c589,121,6.9253,0.0000,37.0161,50.0156,160.5500,1516.0000,1.3512,6.9200,1.3534,368.0000,EB,5066.1420
30618_22c1c589,122,10.2911,5.5566,6.1839,50.1498,197.5661,253.0000,8.1098,10.2630,8.0667,62.0000,EB,5016.1420
30618_22c1c589,123,10.8052,9.0807,4.8662,49.8478,203.7500,205.0000,10.2437,10.8100,10.2664,48.0000,EB,4966.1420
30618_22c1c589,124,9.0712,8.3752,5.7838,49.9104,208.6162,237.0000,8.6293,9.0520,8.6389,58.0000,EB,4917.1420
30618_22c1c589,125,9.8502,8.3898,5.7662,50.0278,214.4000,239.0000,8.6761,9.7380,8.6581,58.0000,EB,4867.1420
30618_22c1c589,126,11.0851,9.8617,4.6838,50.1115,220.1662,191.0000,10.6988,11.0850,10.6840,47.0000,EB,4818.1420
30618_22c1c589,127,11.3436,11.0874,4.4500,49.9037,224.8500,183.0000,11.2143,11.3360,11.2002,44.0000,EB,4768.1420
30618_22c1c589,128,11.3488,8.1085,5.0500,50.2099,229.3000,210.0000,9.9426,11.3740,9.9714,51.0000,EB,4718.1420
30618_22c1c589,129,8.0826,0.0000,31.8662,49.8884,234.3500,1320.0000,1.5656,8.0750,1.5736,311.0000,EB,4668.1421
30618_22c1c589,130,9.6429,2.4973,8.0338,49.8819,266.2162,333.0000,6.2090,9.5850,6.1420,81.0000,EB,4618.1420
30618_22c1c589,131,12.3559,9.6695,4.4500,49.9595,274.2500,183.0000,11.2268,12.3470,11.1716,34.0000,EB,4568.1420
30618_22c1c589,132,13.0032,12.3674,3.9500,50.3785,278.7000,163.0000,12.7541,13.0290,12.7383,40.0000,EB,4518.1420
30618_22c1c589,133,12.5457,9.6152,4.5000,49.9402,282.6500,185.0000,11.0978,12.5590,11.1202,45.0000,EB,4468.1419
30618_22c1c589,134,9.5913,4.4053,7.1500,49.8005,287.1500,295.0000,6.9651,9.6200,7.0207,71.0000,EB,4418.1420
30618_22c1c589,135,7.8773,0.0000,39.6500,50.0385,294.3000,1639.0000,1.2620,7.8250,1.2636,397.0000,EB,4369.1419
30618_22c1c589,136,8.4884,7.0764,6.3000,49.8875,333.9500,256.0000,7.9186,8.4770,7.9296,63.0000,EB,4320.1420
30618_22c1c589,137,10.2653,7.0788,6.0500,49.9710,340.2500,254.0000,8.2597,10.2370,8.2423,61.0000,EB,4271.1418
30618_22c1c589,138,12.0951,10.2919,4.3662,50.0300,346.3000,182.0000,11.4584,12.1060,11.4474,43.0000,EB,4222.1418
30618_22c1c589,139,11.9260,5.6439,5.2838,50.1375,350.6662,219.0000,9.4889,11.9090,9.5551,53.0000,EB,4172.1418
30618_22c1c589,140,6.8013,4.1410,8.7500,49.8980,355.9500,360.0000,5.7026,6.8060,5.7023,88.0000,EB,4122.1417
30618_22c1c589,141,6.1194,0.0000,68.9500,49.7379,364.7000,2906.0000,0.7214,6.1180,0.7230,681.0000,EB,4072.1418
30618_22c1c589,142,10.3088,4.7508,6.4662,49.9654,433.6500,281.0000,7.7272,10.2910,7.7104,65.0000,EB,4022.1417
30618_22c1c589,143,10.9708,10.1717,4.6838,49.9425,440.1162,202.0000,10.6627,11.0030,10.6559,47.0000,EB,3972.1418
30618_22c1c589,144,10.1583,7.3455,5.8500,50.1482,444.8000,253.0000,8.5723,10.1520,8.5769,58.0000,EB,3922.1417
30618_22c1c589,145,7.3450,6.7010,7.1442,50.0196,450.6500,306.0000,7.0015,7.3670,6.9981,72.0000,EB,3872.1417
30618_22c1c589,146,6.9699,6.6268,7.3720,49.8905,457.7942,321.0000,6.7676,6.9560,6.7600,74.0000,EB,3822.1418
30618_22c1c589,147,6.8651,6.7598,7.3339,50.0207,465.1661,324.0000,6.8205,6.8700,6.8119,73.0000,EB,3772.1418
30618_22c1c589,148,7.1919,5.2882,7.5500,50.1061,472.5000,331.0000,6.6366,7.2240,6.6192,76.0000,EB,3722.1418
30618_22c1c589,149,5.2664,3.3714,12.8500,49.9313,480.0500,558.0000,3.8857,5.2030,3.8704,128.0000,EB,3672.1417
30618_22c1c589,150,4.2716,2.4903,12.6500,49.9695,492.9000,572.0000,3.9502,4.2690,3.9232,127.0000,EB,3618.1407
30618_22c1c589,151,7.8240,2.0771,9.7500,50.1621,505.5500,441.0000,5.1448,7.8280,5.1911,96.0000,EB,3566.1401
30618_22c1c589,152,7.7245,1.4512,10.3500,49.8516,515.3000,453.0000,4.8166,7.6670,4.6596,108.0000,EB,3516.1400
30618_22c1c589,153,8.8099,0.0000,71.8162,50.3912,525.6500,3377.0000,0.7017,8.8020,0.6996,697.0000,EB,3466.1401
30618_22c1c589,154,9.6525,8.8133,5.4338,49.9755,597.4662,256.0000,9.1971,9.6500,9.1923,55.0000,EB,3416.1400
30618_22c1c589,155,9.5029,5.2628,6.7500,50.0383,602.9000,322.0000,7.4131,9.5290,7.4155,67.0000,EB,3366.1400
30618_22c1c589,156,7.5311,0.0000,40.1367,50.1922,609.6500,1988.0000,1.2505,7.4400,1.2711,339.0000,EB,3316.1401
30618_22c1c589,157,11.6272,7.5555,5.1794,49.9698,649.7867,251.0000,9.6477,11.5940,9.6979,27.0000,EB,3266.1400
30618_22c1c589,158,13.3328,11.6385,3.9338,49.8688,654.9662,195.0000,12.6769,13.3330,12.6427,39.0000,EB,3216.1399
30618_22c1c589,159,13.3171,11.1189,4.0662,50.1509,658.9000,200.0000,12.3336,13.3650,12.3695,41.0000,EB,3166.1399
30618_22c1c589,160,11.1078,7.0138,5.4838,50.0136,662.9662,270.0000,9.1202,11.1490,9.1648,50.0000,EB,3116.1399
30618_22c1c589,161,6.9877,0.0000,55.1662,50.0736,668.4500,2737.0000,0.9077,7.0200,0.9067,548.0000,EB,3066.1398
30618_22c1c589,162,10.9035,5.9547,5.9000,50.0313,723.6162,289.0000,8.4799,10.8030,8.3970,59.0000,EB,3016.1399
30618_22c1c589,163,13.5793,10.9162,4.0338,50.0371,729.5162,198.0000,12.4044,13.6100,12.3551,41.0000,EB,2966.1399
30618_22c1c589,164,14.5115,13.5917,3.5500,50.1511,733.5500,176.0000,14.1271,14.4590,14.0918,35.0000,EB,2916.1400
30618_22c1c589,165,14.5227,14.2428,3.4500,49.6677,737.1000,171.0000,14.3964,14.5350,14.3807,35.0000,EB,2866.1398
30618_22c1c589,166,14.4563,14.0772,3.5162,49.9787,740.5500,174.0000,14.2137,14.4950,14.2156,35.0000,EB,2816.1396
30618_22c1c589,167,14.0704,11.8345,3.9338,50.2323,744.0662,197.0000,12.7695,14.1040,12.7968,39.0000,EB,2766.1396
30618_22c1c589,168,12.4646,11.7909,4.1500,50.1325,748.0000,203.0000,12.0801,12.4730,12.0663,42.0000,EB,2717.1395
30618_22c1c589,169,12.4664,11.2339,4.2662,49.8048,752.1500,211.0000,11.6743,12.4860,11.6866,42.0000,EB,2667.1395
30618_22c1c589,170,11.2477,8.3095,5.2000,49.9455,756.4162,254.0000,9.6049,11.2420,9.6255,53.0000,EB,2617.1396
30618_22c1c589,171,8.4859,7.9647,6.1338,49.9371,761.6162,303.0000,8.1413,8.4870,8.1428,61.0000,EB,2567.1395
30618_22c1c589,172,9.9967,8.4991,5.2661,50.1096,767.7500,258.0000,9.5154,9.9620,9.5006,53.0000,EB,2518.1395
30618_22c1c589,173,9.4090,7.0943,6.4339,50.0890,773.0161,317.0000,7.7852,9.3360,7.7745,64.0000,EB,2468.1395
30618_22c1c589,174,9.6620,7.9534,5.4000,49.8152,779.4500,267.0000,9.2250,9.6620,9.2047,54.0000,EB,2418.1394
30618_22c1c589,175,12.4157,9.6734,4.5162,49.9909,784.8500,224.0000,11.0693,12.3420,11.0355,45.0000,EB,2368.1396
30618_22c1c589,176,13.6792,12.4244,3.8306,50.3279,789.3662,188.0000,13.1382,13.6530,13.1108,38.0000,EB,2318.1394
30618_22c1c589,177,14.2258,13.6873,3.5532,49.8336,793.1968,174.0000,14.0251,14.2230,14.0087,36.0000,EB,2268.1394
30618_22c1c589,178,14.3347,14.2083,3.5000,50.0099,796.7500,173.0000,14.2885,14.3870,14.2831,35.0000,EB,2218.1393
30618_22c1c589,179,14.2982,14.1396,3.5000,49.9280,800.2500,171.0000,14.2652,14.3230,14.2633,35.0000,EB,2168.1393
30618_22c1c589,180,14.1330,13.8942,3.5662,49.8820,803.7500,177.0000,13.9875,14.0860,13.9863,36.0000,EB,2118.1391
30618_22c1c589,181,13.9608,13.4710,3.6677,49.9805,807.3162,180.0000,13.6273,13.9480,13.6189,36.0000,EB,2068.1392
30618_22c1c589,182,13.7000,13.5838,3.6661,49.9835,810.9839,180.0000,13.6339,13.7400,13.6203,37.0000,EB,2017.1391
30618_22c1c589,183,13.6505,13.2513,3.7162,50.1139,814.6500,182.0000,13.4854,13.6370,13.4630,37.0000,EB,1967.1389
30618_22c1c589,184,13.2612,13.0255,3.8000,49.9085,818.3662,189.0000,13.1337,13.2400,13.1148,38.0000,EB,1917.1389
30618_22c1c589,185,13.0488,12.0660,3.9000,50.0511,822.1662,190.0000,12.8338,13.0150,12.8019,40.0000,EB,1867.1388
30618_22c1c589,186,12.0536,8.9828,4.8000,50.0676,826.0662,233.0000,10.4307,12.0160,10.3893,48.0000,EB,1817.1386
30618_22c1c589,187,9.3676,8.8100,5.5838,50.2040,830.8662,276.0000,8.9910,9.3570,8.9777,55.0000,EB,1767.1386
30618_22c1c589,188,9.5847,9.3656,5.2500,49.8392,836.4500,261.0000,9.4932,9.6110,9.4964,53.0000,EB,1717.1386
30618_22c1c589,189,9.5924,9.5395,5.2162,49.9229,841.7000,261.0000,9.5708,9.6270,9.5757,52.0000,EB,1667.1386
30618_22c1c589,190,9.5475,3.9218,8.8000,50.0225,846.9162,431.0000,5.6844,9.5840,5.6321,90.0000,EB,1617.1386
30618_22c1c589,191,6.2078,3.0989,10.3838,50.0620,855.7162,502.0000,4.8212,6.3710,4.8897,103.0000,EB,1567.1386
30618_22c1c589,192,8.1164,6.2329,6.6500,50.0283,866.1000,326.0000,7.5230,8.1410,7.5723,66.0000,EB,1517.1386
30618_22c1c589,193,7.4105,6.9965,6.9000,49.9181,872.7500,340.0000,7.2345,7.4510,7.2435,69.0000,EB,1467.1386
30618_22c1c589,194,7.3097,7.0528,6.9662,50.0350,879.6500,346.0000,7.1826,7.3560,7.1972,68.0000,EB,1417.1386
30618_22c1c589,195,9.6091,7.0902,6.0338,49.9268,886.6162,292.0000,8.2745,9.5990,8.2763,60.0000,EB,1367.1385
30618_22c1c589,196,10.0893,9.6136,5.0500,50.0502,892.6500,246.0000,9.9109,10.1020,9.9216,50.0000,EB,1317.1385
30618_22c1c589,197,10.0530,9.8178,5.0500,50.1085,897.7000,246.0000,9.9225,10.0670,9.9328,51.0000,EB,1267.1386
30618_22c1c589,198,10.0521,9.7061,5.1000,49.9798,902.7500,251.0000,9.8000,10.0810,9.8177,50.0000,EB,1217.1386
30618_22c1c589,199,10.0514,9.7458,5.0162,49.7993,907.8500,246.0000,9.9277,10.0570,9.9416,51.0000,EB,1167.1386
30618_22c1c589,200,9.7384,4.7098,7.0000,50.1027,912.8662,337.0000,7.1575,9.7710,7.2192,69.0000,EB,1117.1385
30618_22c1c589,201,5.6789,3.7363,11.7000,50.0003,919.8662,571.0000,4.2735,5.6650,4.2584,117.0000,EB,1067.1385
30618_22c1c589,202,5.6794,3.9487,11.3500,50.0307,931.5662,550.0000,4.4080,5.7310,4.4335,113.0000,EB,1017.1385
30618_22c1c589,203,6.0993,2.3354,10.4838,49.9987,942.9162,507.0000,4.7691,6.1080,4.8112,104.0000,EB,967.1384
30618_22c1c589,204,7.5090,0.0000,35.8000,49.9822,953.4000,1748.0000,1.3962,7.4100,1.3985,360.0000,EB,917.1384
30618_22c1c589,205,9.7336,7.5349,5.5107,49.7547,989.2000,263.0000,9.0287,9.7100,8.9804,55.0000,EB,867.1384
30618_22c1c589,206,9.7503,8.4357,5.5944,49.9948,994.7107,271.0000,8.9365,9.7690,8.9413,56.0000,EB,818.1384
30618_22c1c589,207,8.7242,8.5893,5.7944,50.1060,1000.3052,278.0000,8.6473,8.7300,8.6463,57.0000,EB,768.1383
30618_22c1c589,208,8.7471,8.5149,5.7666,49.9134,1006.0996,276.0000,8.6556,8.7510,8.6497,58.0000,EB,718.1382
30618_22c1c589,209,8.7287,8.4064,5.8500,49.9782,1011.8662,286.0000,8.5433,8.7010,8.5354,51.0000,EB,669.1382
30618_22c1c589,210,9.2107,8.3872,5.8000,50.0558,1017.7162,280.0000,8.6303,9.1590,8.6181,58.0000,EB,620.1381
30618_22c1c589,211,12.0548,9.2205,4.7000,50.0001,1023.5162,226.0000,10.6383,12.0090,10.6282,47.0000,EB,570.1380
30618_22c1c589,212,13.6901,12.0585,3.8499,50.0337,1028.2162,186.0000,12.9959,13.6560,12.9721,38.0000,EB,520.1379
30618_22c1c589,213,13.8444,12.6603,3.7000,49.8787,1032.0661,182.0000,13.4806,13.9030,13.4942,37.0000,EB,470.1379
30618_22c1c589,214,12.6509,11.8606,4.1500,50.0443,1035.7662,203.0000,12.0589,12.6340,12.0727,38.0000,EB,420.1378
30618_22c1c589,215,12.0774,11.1813,4.2000,49.9917,1039.9162,204.0000,11.9028,12.1230,11.8998,42.0000,EB,370.1378
30618_22c1c589,216,11.1705,8.4787,5.0338,50.2525,1044.1162,245.0000,9.9829,11.1280,9.9866,50.0000,EB,320.1378
30618_22c1c589,217,8.4537,1.9131,11.1485,49.8418,1049.1500,544.0000,4.4707,8.4590,4.4973,111.0000,EB,270.1378
30618_22c1c589,218,2.6427,0.0000,28.2676,49.9967,1060.2985,1359.0000,1.7687,2.7000,1.8076,278.0000,EB,220.1378
30618_22c1c589,219,3.0817,0.0000,46.4000,49.8362,1088.5661,2229.0000,1.0741,3.1160,1.0719,465.0000,EB,173.1339
30618_22c1c589,220,3.7235,1.7966,16.1839,50.0345,1134.9661,777.0000,3.0916,3.6880,3.1154,161.0000,EB,0.0000
30618_22c1c589,221,1.7773,0.0000,4.9162,3.1189,1151.1500,237.0000,0.6344,1.9560,0.7337,51.0000,WB,21.3710
30618_2366c74a,0,0.7444,0.0000,4.7509,0.3559,1079.7000,192.0000,0.0749,0.2860,0.0253,41.0000,WB,25.0000
30618_2366c74a,61,,,,,,,,7.7030,2.1117,174.0000,WB,3075.0000
30618_2366c74a,62,,,,,,,,11.3850,9.6572,52.0000,WB,3125.0000
30618_2366c74a,63,,,,,,,,13.3970,12.6022,40.0000,WB,3175.0000
30618_2366c74a,64,,,,,,,,13.3030,12.4640,40.0000,WB,3225.0000
30618_2366c74a,65,,,,,,,,11.2160,9.0717,55.0000,WB,3275.0000
30618_2366c74a,66,,,,,,,,6.7100,1.1050,440.0000,WB,3325.0000
30618_2366c74a,67,,,,,,,,9.6510,7.9669,62.0000,WB,3375.0000
30618_2366c74a,68,,,,,,,,9.6420,9.0757,54.0000,WB,3425.0000
30618_2366c74a,69,,,,,,,,8.4840,0.8896,479.0000,WB,3475.0000
30618_2366c74a,70,,,,,,,,5.9520,4.6135,107.0000,WB,3525.0000
30618_2366c74a,71,,,,,,,,7.1910,6.0916,81.0000,WB,3575.0000
30618_2366c74a,72,,,,,,,,4.3340,4.1995,40.0000,WB,3625.0000
30618_2366c74a,129,2.5610,0.0000,17.3554,3.7509,1.2446,669.0000,0.2161,2.4800,0.2136,170.0000,EB,4668.1421
30618_2366c74a,130,8.3587,1.1865,12.8500,49.8211,18.6000,514.0000,3.8771,8.3110,3.8650,129.0000,EB,4618.1420
30618_2366c74a,131,11.9108,8.4085,4.8500,49.8832,31.4500,194.0000,10.2852,11.8750,10.2483,48.0000,EB,4568.1420
30618_2366c74a,132,12.8761,11.9326,4.0000,50.0252,36.3000,160.0000,12.5063,12.8640,12.4858,39.0000,EB,4518.1420
30618_2366c74a,133,12.7540,9.6317,4.5000,50.3928,40.3000,181.0000,11.1984,12.7370,11.2359,45.0000,EB,4468.1419
30618_2366c74a,134,9.5965,4.3390,7.2000,49.8615,44.8000,288.0000,6.9252,9.6330,7.0206,71.0000,EB,4418.1420
30618_2366c74a,135,7.6572,0.4678,15.9500,49.8010,52.0000,638.0000,3.1223,7.5190,3.0945,160.0000,EB,4369.1419
30618_2366c74a,136,8.2669,6.9526,6.4500,50.0734,67.9500,259.0000,7.7633,8.2600,7.7710,65.0000,EB,4320.1420
30618_2366c74a,137,9.8408,6.9330,6.2500,50.2246,74.4000,251.0000,8.0359,9.8020,8.0103,63.0000,EB,4271.1418
30618_2366c74a,138,10.2830,8.0805,5.2500,50.1156,80.6500,210.0000,9.5458,10.2790,9.5600,52.0000,EB,4222.1418
30618_2366c74a,139,8.0458,0.0000,39.0000,49.5470,85.9000,1561.0000,1.2704,8.0810,1.2864,385.0000,EB,4172.1418
30618_2366c74a,140,6.8572,2.4417,9.1500,50.2531,124.9000,366.0000,5.4921,6.8830,5.4386,91.0000,EB,4122.1417
30618_2366c74a,141,5.0426,0.0000,62.0500,49.4640,134.0500,2487.0000,0.7972,5.3510,0.8074,621.0000,EB,4072.1418
30618_2366c74a,142,10.3032,4.7131,6.5000,49.9044,196.1000,261.0000,7.6776,10.2040,7.5571,66.0000,EB,4022.1417
30618_2366c74a,143,11.0117,10.2398,4.6509,49.8497,202.6000,187.0000,10.7183,11.0350,10.6967,47.0000,EB,3972.1418
30618_2366c74a,144,10.2396,7.3852,5.7991,50.0955,207.2509,231.0000,8.6385,10.2420,8.6402,57.0000,EB,3922.1417
30618_2366c74a,145,7.3705,6.7063,7.1500,50.1165,213.0500,286.0000,7.0093,7.3750,7.0044,71.0000,EB,3872.1417
30618_2366c74a,146,6.7815,6.6587,7.4500,50.1287,220.2000,298.0000,6.7287,6.7810,6.7132,74.0000,EB,3822.1418
30618_2366c74a,147,6.7981,6.6266,7.4500,50.0413,227.6500,298.0000,6.7170,6.8020,6.7024,75.0000,EB,3772.1418
30618_2366c74a,148,7.0582,4.9820,8.2000,49.8749,235.1000,328.0000,6.0823,7.0870,6.0983,81.0000,EB,3722.1418
30618_2366c74a,149,4.9676,3.4755,13.0000,50.0128,243.3000,520.0000,3.8471,4.9800,3.8717,115.0000,EB,3672.1417
30618_2366c74a,150,5.0329,3.8291,12.0500,50.0097,256.3000,482.0000,4.1502,,,,EB,3618.1407
30618_2366c74a,151,7.2002,5.0550,7.8500,50.1044,268.3500,315.0000,6.3827,,,,EB,3566.1401
30618_2366c74a,152,5.4223,1.7285,12.3000,49.9845,276.2000,492.0000,4.0638,,,,EB,3516.1400
30618_2366c74a,153,8.8135,0.0000,57.9000,50.5883,288.5000,2319.0000,0.8737,,,,EB,3466.1401
30618_2366c74a,154,9.6508,8.8245,5.4009,49.7501,346.4000,217.0000,9.2114,,,,EB,3416.1400
30618_2366c74a,155,9.5856,5.2842,6.7491,50.2766,351.8009,270.0000,7.4494,,,,EB,3366.1400
30618_2366c74a,156,7.6150,0.0000,44.4500,50.3165,358.5500,1778.0000,1.1320,,,,EB,3316.1401
30618_2366c74a,157,11.6821,7.6565,5.1000,49.5892,403.0000,205.0000,9.7234,,,,EB,3266.1400
30618_2366c74a,158,13.4055,11.7168,3.9500,50.3498,408.1000,158.0000,12.7468,,,,EB,3216.1399
30618_2366c74a,159,13.3915,11.1468,4.0500,49.9417,412.0500,162.0000,12.3313,,,,EB,3166.1399
30618_2366c74a,160,11.1169,7.0624,5.4500,49.8923,416.1000,218.0000,9.1545,,,,EB,3116.1399
30618_2366c74a,161,7.0102,0.0000,69.8500,50.8871,421.5500,2798.0000,0.7285,4.3440,0.3438,290.0000,EB,3066.1398
30618_2366c74a,162,10.3399,4.4897,6.7000,50.1095,491.4000,270.0000,7.4790,10.2280,7.4065,67.0000,EB,3016.1399
30618_2366c74a,163,13.3556,10.3807,4.1500,49.6320,498.1000,166.0000,11.9595,13.4010,11.9145,42.0000,EB,2966.1399
30618_2366c74a,164,14.4784,13.3675,3.6000,50.4087,502.2500,145.0000,14.0024,14.4470,13.9686,36.0000,EB,2916.1400
30618_2366c74a,165,14.6139,14.4329,3.4500,50.0962,505.8500,140.0000,14.5206,14.6310,14.5057,34.0000,EB,2866.1398
30618_2366c74a,166,14.5836,14.1329,3.4509,49.3232,509.3000,139.0000,14.2928,14.5750,14.2867,35.0000,EB,2816.1396
30618_2366c74a,167,14.1325,11.8827,3.9491,50.6348,512.7509,158.0000,12.8219,14.1480,12.8301,39.0000,EB,2766.1396
30618_2366c74a,168,12.5030,11.8440,4.1000,49.7880,516.7000,164.0000,12.1434,12.5040,12.1219,41.0000,EB,2717.1395
30618_2366c74a,169,12.5026,11.2795,4.2500,49.7246,520.8000,173.0000,11.6999,12.5190,11.7094,43.0000,EB,2667.1395
30618_2366c74a,170,11.3059,8.3195,5.2000,50.1525,525.0500,208.0000,9.6447,11.2830,9.6479,52.0000,EB,2617.1396
30618_2366c74a,171,8.4707,7.9674,6.1500,50.0964,530.2500,246.0000,8.1458,8.5140,8.1463,61.0000,EB,2567.1395
30618_2366c74a,172,9.6763,8.4061,5.4500,50.0948,536.4000,218.0000,9.1917,9.7100,9.1908,54.0000,EB,2518.1395
30618_2366c74a,173,8.3616,5.5502,7.4000,49.6768,541.8500,296.0000,6.7131,8.3640,6.7332,75.0000,EB,2468.1395
30618_2366c74a,174,9.0671,7.1417,6.0000,50.2013,549.2500,240.0000,8.3669,8.9940,8.3291,60.0000,EB,2418.1394
30618_2366c74a,175,7.3274,0.0000,17.4500,50.2284,555.2500,701.0000,2.8784,7.3290,2.8667,173.0000,EB,2368.1396
30618_2366c74a,176,11.3111,7.3676,5.3000,50.0978,572.7000,213.0000,9.4524,11.3000,9.4612,53.0000,EB,2318.1394
30618_2366c74a,177,13.3122,11.3427,4.0000,49.7886,578.0000,161.0000,12.4472,13.2790,12.4440,40.0000,EB,2268.1394
30618_2366c74a,178,14.3027,13.3270,3.6000,49.8653,582.0000,145.0000,13.8515,14.2760,13.8477,36.0000,EB,2218.1393
30618_2366c74a,179,14.5391,14.3025,3.4500,49.9018,585.6000,138.0000,14.4643,14.5250,14.4458,34.0000,EB,2168.1393
30618_2366c74a,180,14.5212,14.3162,3.4500,49.9271,589.0500,138.0000,14.4716,14.5250,14.4683,35.0000,EB,2118.1391
30618_2366c74a,181,14.3070,13.8662,3.6000,50.3342,592.5000,145.0000,13.9817,14.2670,13.9581,36.0000,EB,2068.1392
30618_2366c74a,182,13.9589,13.7972,3.6000,49.9372,596.1000,144.0000,13.8714,13.9220,13.8495,36.0000,EB,2017.1391
30618_2366c74a,183,13.8685,13.5340,3.6500,49.9474,599.7000,146.0000,13.6842,13.8730,13.6426,37.0000,EB,1967.1389
30618_2366c74a,184,13.5300,13.1287,3.7500,49.8026,603.3500,150.0000,13.2807,13.4670,13.2471,37.0000,EB,1917.1389
30618_2366c74a,185,13.1311,12.9878,3.8500,50.2648,607.1000,155.0000,13.0558,13.1090,13.0189,39.0000,EB,1867.1388
30618_2366c74a,186,12.9992,12.5842,3.8500,49.7556,610.9500,155.0000,12.9235,12.9900,12.9017,38.0000,EB,1817.1386
30618_2366c74a,187,12.5613,9.8161,4.5500,50.4930,614.8000,186.0000,11.0974,12.5240,11.0513,46.0000,EB,1767.1386
30618_2366c74a,188,9.7949,9.6304,5.1500,49.9029,619.3500,206.0000,9.6899,9.7500,9.6848,52.0000,EB,1717.1386
30618_2366c74a,189,9.6626,9.6160,5.2000,50.0971,624.5000,209.0000,9.6341,9.6790,9.6367,51.0000,EB,1667.1386
30618_2366c74a,190,9.7797,9.6367,5.1500,49.8395,629.7000,207.0000,9.6776,9.8050,9.6874,52.0000,EB,1617.1386
30618_2366c74a,191,10.1198,9.7773,5.0000,49.8055,634.8500,200.0000,9.9611,10.1600,9.9739,50.0000,EB,1567.1386
30618_2366c74a,192,10.1917,10.1138,4.9500,50.2510,639.8500,199.0000,10.1517,10.2370,10.1696,48.0000,EB,1517.1386
30618_2366c74a,193,10.2605,9.8859,4.9009,49.6636,644.8000,198.0000,10.1335,10.2930,10.1301,39.0000,EB,1467.1386
30618_2366c74a,194,10.1253,9.8753,5.0491,50.4595,649.7009,201.0000,9.9938,10.1400,10.0072,39.0000,EB,1417.1386
30618_2366c74a,195,10.0877,9.8481,5.0000,49.8142,654.7500,201.0000,9.9628,10.0990,9.9691,50.0000,EB,1367.1385
30618_2366c74a,196,10.0715,9.7200,5.0500,50.1056,659.7500,202.0000,9.9219,10.1110,9.9319,49.0000,EB,1317.1385
30618_2366c74a,197,9.9894,9.7363,5.0500,49.8812,664.8000,204.0000,9.8775,10.0120,9.8815,51.0000,EB,1267.1386
30618_2366c74a,198,10.0079,9.8330,5.0500,50.1513,669.8500,204.0000,9.9309,10.0470,9.9404,50.0000,EB,1217.1386
30618_2366c74a,199,10.0616,9.7256,5.0000,49.7329,674.9000,200.0000,9.9466,10.0730,9.9584,50.0000,EB,1167.1386
30618_2366c74a,200,9.7194,4.8511,6.9000,50.1113,679.9000,278.0000,7.2625,9.7320,7.2044,70.0000,EB,1117.1385
30618_2366c74a,201,5.6481,3.6830,11.8000,50.0556,686.8000,477.0000,4.2420,5.6430,4.2455,118.0000,EB,1067.1385
30618_2366c74a,202,5.6768,3.9679,11.2500,49.8815,698.6000,452.0000,4.4339,5.7140,4.4214,113.0000,EB,1017.1385
30618_2366c74a,203,6.1180,2.5665,10.3000,50.0601,709.8500,416.0000,4.8602,6.1330,4.8015,104.0000,EB,967.1384
30618_2366c74a,204,5.3865,0.0000,133.0500,50.7373,720.1500,5397.0000,0.3813,5.2990,0.3786,1320.0000,EB,917.1384
30618_2366c74a,205,9.4382,5.4283,6.4000,50.1666,853.2000,259.0000,7.8385,9.4310,7.7808,64.0000,EB,867.1384
30618_2366c74a,206,9.4988,8.3861,5.6500,49.9063,859.6000,231.0000,8.8330,9.5080,8.8320,56.0000,EB,818.1384
30618_2366c74a,207,8.7405,8.5719,5.7500,49.7901,865.2500,238.0000,8.6591,8.7810,8.6574,58.0000,EB,768.1383
30618_2366c74a,208,8.7865,7.9966,5.8009,49.9738,871.0000,241.0000,8.6148,8.7930,8.6029,58.0000,EB,718.1382
30618_2366c74a,209,7.9959,0.0000,49.9491,50.3913,876.8009,2067.0000,1.0089,7.9540,1.0048,498.0000,EB,669.1382
30618_2366c74a,210,9.0121,2.3571,8.3500,49.8144,926.7500,341.0000,5.9658,8.9090,5.8734,81.0000,EB,620.1381
30618_2366c74a,211,11.9845,9.0333,4.8000,50.2403,935.1000,196.0000,10.4667,11.9160,10.4158,47.0000,EB,570.1380
30618_2366c74a,212,13.7679,12.0142,3.8500,50.0469,939.9000,158.0000,12.9992,13.7330,12.9613,39.0000,EB,520.1379
30618_2366c74a,213,13.9852,12.8069,3.6500,49.6887,943.7500,146.0000,13.6133,14.0070,13.6350,36.0000,EB,470.1379
30618_2366c74a,214,12.7769,12.0193,4.1000,50.0583,947.4000,164.0000,12.2093,12.8190,12.2303,41.0000,EB,420.1378
30618_2366c74a,215,12.2444,11.7067,4.1500,50.2891,951.5000,168.0000,12.1179,12.3050,12.1209,42.0000,EB,370.1378
30618_2366c74a,216,11.6952,8.6042,4.8000,49.6455,955.6500,196.0000,10.3428,11.7090,10.3599,48.0000,EB,320.1378
30618_2366c74a,217,8.5659,1.8626,11.2500,50.1684,960.4500,456.0000,4.4594,8.5530,4.3983,110.0000,EB,270.1378
30618_2366c74a,218,3.4008,1.8479,21.0500,49.9780,971.7000,854.0000,2.3743,3.3740,2.3864,201.0000,EB,220.1378
30618_2366c74a,219,3.0901,0.0000,56.9000,49.9894,992.7500,2344.0000,0.8785,3.1180,0.8293,592.0000,EB,173.1339
30618_2366c74a,220,3.5278,0.0000,27.5000,49.9987,1049.6500,1113.0000,1.8181,3.5460,2.0964,222.0000,EB,0.0000
30618_2366c74a,221,2.0827,0.7762,2.5500,3.5876,1077.1500,102.0000,1.4069,2.0840,1.2517,30.0000,WB,21.3710
30618_27e994fc,0,3.4479,0.0000,26.1945,49.7141,0.0000,995.0000,1.8979,3.5350,1.9187,257.0000,WB,25.0000
30618_27e994fc,1,3.4810,2.9709,15.9000,50.0681,26.1945,638.0000,3.1489,3.5210,3.1961,161.0000,WB,75.0000
30618_27e994fc,2,3.6026,0.0000,63.1500,48.2176,42.0945,2528.0000,0.7635,3.6430,0.7928,634.0000,WB,125.0000
30618_27e994fc,3,4.2937,0.0000,28.0500,50.0484,105.2444,1126.0000,1.7843,4.3750,1.8010,280.0000,WB,175.0000
30618_27e994fc,4,7.2031,3.4134,8.8000,49.8853,133.2945,354.0000,5.6688,7.2070,5.7107,82.0000,WB,225.0000
30618_27e994fc,5,6.3661,0.0000,28.3000,50.0930,142.0945,1137.0000,1.7701,6.3840,1.7843,277.0000,WB,275.0000
30618_27e994fc,6,9.0065,6.1124,6.3000,50.1024,170.3945,253.0000,7.9528,9.0160,7.9315,62.0000,WB,325.0000
30618_27e994fc,7,10.5695,8.8107,5.3500,50.0708,176.6945,215.0000,9.3591,10.5450,9.3550,53.0000,WB,375.0000
30618_27e994fc,8,12.0979,10.5749,4.3500,50.2154,182.0445,177.0000,11.5436,12.1230,10.9237,37.0000,WB,425.0000
30618_27e994fc,9,12.0986,9.6191,4.5499,49.9068,186.3945,183.0000,10.9687,12.1940,11.1290,45.0000,WB,475.0000
30618_27e994fc,10,9.5879,3.6683,7.4501,50.0235,190.9445,308.0000,6.7145,9.7440,3.1798,160.0000,WB,525.0000
30618_27e994fc,11,3.6346,0.0000,65.4499,52.2888,198.3946,2631.0000,0.7989,3.4440,0.9476,544.0000,WB,575.0000
30618_27e994fc,12,8.4828,2.9497,8.1500,50.1603,263.8445,327.0000,6.1546,8.3710,4.8862,101.0000,WB,625.0000
30618_27e994fc,13,8.6746,8.4909,5.8000,49.8796,271.9945,232.0000,8.6000,8.8130,8.6613,54.0000,WB,675.0000
30618_27e994fc,14,8.6909,8.4085,5.8500,49.8852,277.7945,234.0000,8.5274,8.8020,8.6193,58.0000,WB,725.0000
30618_27e994fc,15,8.8752,8.4705,5.8000,50.1812,283.6445,232.0000,8.6519,8.9250,8.7124,56.0000,WB,775.0000
30618_27e994fc,16,8.9834,4.5082,6.8500,50.0106,289.4445,274.0000,7.3008,9.0680,8.1647,62.0000,WB,825.0000
30618_27e994fc,17,5.4303,0.0000,52.8001,50.0040,296.2945,2124.0000,0.9470,5.8210,0.9417,527.0000,WB,875.0000
30618_27e994fc,18,5.4748,2.4668,13.9999,49.9303,349.0946,565.0000,3.5665,5.5840,3.8245,131.0000,WB,925.0000
30618_27e994fc,19,4.4582,2.4186,17.2555,49.9203,363.0945,693.0000,2.8930,3.7490,2.8431,173.0000,WB,975.0000
30618_27e994fc,20,6.5150,4.1656,10.8945,50.1460,380.3500,440.0000,4.6029,5.3440,4.3651,108.0000,WB,1025.0000
30618_27e994fc,21,8.3617,6.5207,6.8000,49.8416,391.2445,274.0000,7.3297,8.2050,6.9067,73.0000,WB,1075.0000
30618_27e994fc,22,10.0628,8.3676,5.3501,49.9313,398.0445,215.0000,9.3329,9.9450,9.0534,55.0000,WB,1125.0000
30618_27e994fc,23,10.1298,9.8651,5.0000,50.0364,403.3945,204.0000,10.0072,10.2040,10.0729,51.0000,WB,1175.0000
30618_27e994fc,24,10.0669,9.8643,5.0499,50.3421,408.3945,204.0000,9.9689,10.2230,10.0638,47.0000,WB,1225.0000
30618_27e994fc,25,9.9562,9.7192,5.1000,50.0513,413.4445,205.0000,9.8140,10.1680,9.9265,50.0000,WB,1275.0000
30618_27e994fc,26,10.0205,9.8922,5.0000,49.8288,418.5445,202.0000,9.9658,10.1160,10.0156,51.0000,WB,1325.0000
30618_27e994fc,27,9.9378,9.6130,5.1501,50.0357,423.5445,212.0000,9.7155,10.1570,9.8571,50.0000,WB,1375.0000
30618_27e994fc,28,9.8069,8.0017,5.3499,49.7811,428.6945,215.0000,9.3050,9.9340,9.7172,52.0000,WB,1425.0000
30618_27e994fc,29,7.9688,0.0000,16.6000,50.1178,434.0445,671.0000,3.0191,9.0000,6.5349,75.0000,WB,1475.0000
30618_27e994fc,30,9.5597,2.5786,7.9500,49.9986,450.6445,324.0000,6.2891,8.6340,2.9906,170.0000,WB,1525.0000
30618_27e994fc,31,10.2631,9.5809,4.9500,49.9307,458.5945,202.0000,10.0871,10.3790,9.8771,51.0000,WB,1575.0000
30618_27e994fc,32,10.1468,10.0033,5.0000,50.3324,463.5445,204.0000,10.0665,10.2720,10.1889,48.0000,WB,1625.0000
30618_27e994fc,33,10.0048,9.8991,5.0000,49.7740,468.5445,201.0000,9.9548,10.1220,10.0486,51.0000,WB,1675.0000
30618_27e994fc,34,10.0098,9.8714,5.0501,50.1453,473.5445,208.0000,9.9296,10.0960,10.0218,49.0000,WB,1725.0000
30618_27e994fc,35,9.8790,7.4001,5.8000,49.9176,478.5945,238.0000,8.6065,10.0140,9.2949,56.0000,WB,1775.0000
30618_27e994fc,36,7.3938,6.6684,7.2000,50.0393,484.3945,290.0000,6.9499,8.2390,7.2597,63.0000,WB,1825.0000
30618_27e994fc,37,9.6941,6.9776,5.7001,50.0931,491.5945,231.0000,8.7882,9.6910,7.9130,65.0000,WB,1875.0000
30618_27e994fc,38,11.6999,9.4624,4.8499,49.6322,497.2945,197.0000,10.2336,10.9120,9.8673,51.0000,WB,1925.0000
30618_27e994fc,39,13.4526,11.7114,3.9501,50.3503,502.1445,160.0000,12.7467,13.1360,12.1556,38.0000,WB,1975.0000
30618_27e994fc,40,14.0352,13.4611,3.6000,49.6703,506.0945,147.0000,13.7974,14.0190,13.6610,37.0000,WB,2025.0000
30618_27e994fc,41,14.3380,14.0190,3.5500,50.4258,509.6945,143.0000,14.2046,14.3920,14.2151,37.0000,WB,2075.0000
30618_27e994fc,42,14.6825,14.3412,3.4055,49.5023,513.2445,139.0000,14.5359,14.6850,14.5269,34.0000,WB,2125.0000
30618_27e994fc,43,14.6315,12.4919,3.6945,50.3871,516.6500,150.0000,13.6385,14.8050,14.3216,36.0000,WB,2175.0000
30618_27e994fc,44,12.4743,9.8148,4.5000,49.7869,520.3445,185.0000,11.0637,13.3390,12.1187,35.0000,WB,2225.0000
30618_27e994fc,45,10.0045,9.4568,5.2500,50.2880,524.8445,213.0000,9.5787,10.8340,9.8271,51.0000,WB,2275.0000
30618_27e994fc,46,10.7573,10.0178,4.7555,49.6536,530.0945,195.0000,10.4412,10.6270,10.1943,43.0000,WB,2325.0000
30618_27e994fc,47,11.3024,10.7586,4.5000,49.9639,534.8500,186.0000,11.1031,11.2560,10.9588,43.0000,WB,2375.0000
30618_27e994fc,48,11.3939,11.0141,4.4945,50.4283,539.3500,182.0000,11.2201,11.4970,11.3432,47.0000,WB,2425.0000
30618_27e994fc,49,11.0303,8.0903,5.3055,49.7433,543.8445,217.0000,9.3757,11.2240,10.5443,44.0000,WB,2475.0000
30618_27e994fc,50,8.1974,7.7869,6.2445,50.1509,549.1500,255.0000,8.0312,9.0480,8.2235,61.0000,WB,2525.0000
30618_27e994fc,51,8.7844,8.1355,5.9000,50.1164,555.3945,242.0000,8.4943,8.7250,8.3401,60.0000,WB,2575.0000
30618_27e994fc,52,11.4143,8.5884,5.0000,49.9614,561.2945,205.0000,9.9924,10.4760,9.1730,55.0000,WB,2625.0000
30618_27e994fc,53,12.3553,11.4332,4.1500,50.0632,566.2945,169.0000,12.0635,12.3580,11.5571,41.0000,WB,2675.0000
30618_27e994fc,54,13.2996,12.2550,3.9500,49.9008,570.4445,165.0000,12.6330,12.6920,12.4470,40.0000,WB,2725.0000
30618_27e994fc,55,13.8557,13.3120,3.6500,49.8298,574.3945,149.0000,13.6521,13.7900,13.3812,37.0000,WB,2775.0000
30618_27e994fc,56,13.9415,12.3552,3.7500,50.2054,578.0445,152.0000,13.3881,14.0370,13.9226,31.0000,WB,2825.0000
30618_27e994fc,57,12.3351,9.3147,4.6000,49.9999,581.7945,189.0000,10.8696,13.5330,12.3736,29.0000,WB,2875.0000
30618_27e994fc,58,9.2830,5.7201,6.6001,49.9485,586.3945,267.0000,7.5679,11.0290,9.3455,54.0000,WB,2925.0000
30618_27e994fc,59,6.2791,0.0000,47.7000,50.1660,592.9945,1956.0000,1.0517,7.9450,3.2594,121.0000,WB,2975.0000
30618_27e994fc,60,10.1009,6.3138,5.9999,50.0654,640.6945,246.0000,8.3443,8.5680,3.4522,82.0000,WB,3025.0000
30618_27e994fc,61,12.0414,10.1241,4.4500,49.7446,646.6945,181.0000,11.1787,11.2140,10.0239,43.0000,WB,3075.0000
30618_27e994fc,62,12.1682,11.0877,4.2501,50.0900,651.1445,175.0000,11.7857,12.2680,11.9705,31.0000,WB,3125.0000
30618_27e994fc,63,11.3804,11.0864,4.4500,50.0214,655.3945,187.0000,11.2409,12.1430,11.4480,43.0000,WB,3175.0000
30618_27e994fc,64,12.0870,11.2106,4.3500,49.8474,659.8445,180.0000,11.4591,11.4970,11.3777,47.0000,WB,3225.0000
30618_27e994fc,65,12.5965,12.1051,4.0500,50.3673,664.1945,165.0000,12.4364,12.6180,12.0602,39.0000,WB,3275.0000
30618_27e994fc,66,12.1958,9.3177,4.6000,49.7042,668.2445,191.0000,10.8052,12.7580,12.3222,14.0000,WB,3325.0000
30618_27e994fc,67,9.2875,3.5455,7.7500,50.0905,672.8445,326.0000,6.4633,10.9670,9.3310,38.0000,WB,3375.0000
30618_27e994fc,68,8.1867,0.0000,62.1500,49.9882,680.5945,2612.0000,0.8043,7.2980,0.8173,628.0000,WB,3425.0000
30618_27e994fc,69,8.7616,6.5016,6.2055,49.9492,742.7445,264.0000,8.0492,8.8350,7.5383,49.0000,WB,3475.0000
30618_27e994fc,70,6.4980,0.0000,19.4445,50.2000,748.9500,839.0000,2.5817,8.8220,6.4738,73.0000,WB,3525.0000
30618_27e994fc,71,3.4305,1.1555,19.5500,50.0368,768.3945,866.0000,2.5594,3.9040,1.9634,225.0000,WB,3575.0000
30618_27e994fc,72,6.0902,1.4813,14.1500,50.0626,787.9445,620.0000,3.5380,4.3790,3.1319,162.0000,WB,3625.0000
30618_27e994fc,73,7.9798,6.1203,6.7500,50.0148,802.0945,293.0000,7.4096,7.5920,4.1143,120.0000,WB,3675.0000
30618_27e994fc,74,10.1106,7.9532,5.5000,50.1626,808.8445,244.0000,9.1205,9.8260,8.0817,64.0000,WB,3725.0000
30618_27e994fc,75,10.8419,10.1215,4.7000,49.8939,814.3445,203.0000,10.6158,10.6530,9.8676,49.0000,WB,3775.0000
30618_27e994fc,76,10.7018,8.5508,5.0556,49.8771,819.0444,217.0000,9.8658,10.9270,10.7558,46.0000,WB,3825.0000
30618_27e994fc,77,8.5490,7.9542,6.1445,50.2628,824.1000,274.0000,8.1802,10.3760,9.0656,56.0000,WB,3875.0000
30618_27e994fc,78,8.3957,2.7737,8.4500,49.8818,830.2445,368.0000,5.9032,8.4850,8.2311,58.0000,WB,3925.0000
30618_27e994fc,79,7.9009,0.0000,45.1500,50.2392,838.6945,1982.0000,1.1127,7.5510,1.0979,461.0000,WB,3975.0000
30618_27e994fc,80,8.3166,5.4010,6.8500,49.8119,883.8445,312.0000,7.2718,8.3880,6.9051,72.0000,WB,4025.0000
30618_27e994fc,81,7.4066,0.0000,58.9001,50.1344,890.6945,2813.0000,0.8512,8.3690,5.4479,93.0000,WB,4075.0000
30618_27e994fc,82,10.9261,7.4408,5.3499,50.0458,949.5946,252.0000,9.3545,8.7740,0.8743,563.0000,WB,4125.0000
30618_27e994fc,83,11.3713,9.9628,4.5500,49.7530,954.9445,216.0000,10.9347,11.4060,10.3296,49.0000,WB,4175.0000
30618_27e994fc,84,9.9378,7.7730,5.9500,50.2466,959.4945,286.0000,8.4449,11.4900,10.5288,47.0000,WB,4225.0000
30618_27e994fc,85,9.1953,7.9089,5.7000,49.7618,965.4444,275.0000,8.7301,9.0580,8.2417,59.0000,WB,4275.0000
30618_27e994fc,86,9.2306,8.4087,5.7000,50.1839,971.1445,275.0000,8.8042,9.3110,9.0775,54.0000,WB,4325.0000
30618_27e994fc,87,9.6284,8.1200,5.8000,50.1243,976.8444,278.0000,8.6421,9.0340,8.6853,59.0000,WB,4375.0000
30618_27e994fc,88,11.0921,9.6445,4.7000,49.6245,982.6445,221.0000,10.5584,10.1850,9.1225,50.0000,WB,4425.0000
30618_27e994fc,89,11.0137,7.5925,5.3500,50.2382,987.3445,252.0000,9.3903,11.1790,10.8499,43.0000,WB,4475.0000
30618_27e994fc,90,7.5756,0.0000,41.2000,49.9997,992.6945,1995.0000,1.2136,10.4160,8.5663,50.0000,WB,4525.0000
30618_27e994fc,91,9.7580,4.0605,7.0555,49.7188,1033.8945,335.0000,7.0468,6.4760,1.2021,411.0000,WB,4575.0000
30618_27e994fc,92,11.9139,9.7616,4.5944,49.9956,1040.9500,212.0000,10.8817,10.3790,8.4250,51.0000,WB,4625.0000
30618_27e994fc,93,12.8948,11.9182,4.0000,50.0004,1045.5444,192.0000,12.5000,12.2760,11.4126,40.0000,WB,4675.0000
30618_27e994fc,94,12.8733,10.1368,4.3500,50.4387,1049.5445,200.0000,11.5951,12.9880,12.7155,37.0000,WB,4725.0000
30618_27e994fc,95,10.1060,8.5270,5.5500,49.9506,1053.8945,261.0000,9.0002,12.6530,11.1548,43.0000,WB,4775.0000
30618_27e994fc,96,8.6708,8.4088,5.8501,49.9878,1059.4445,281.0000,8.5448,9.5330,8.8549,45.0000,WB,4825.0000
30618_27e994fc,97,8.6789,8.4151,5.8499,49.8455,1065.2945,278.0000,8.5207,8.7950,8.6262,57.0000,WB,4875.0000
30618_27e994fc,98,8.4256,2.9721,8.6501,49.9395,1071.1445,408.0000,5.7733,8.7250,8.5474,47.0000,WB,4925.0000
30618_27e994fc,99,8.5639,0.0000,39.8000,49.9557,1079.7946,1854.0000,1.2552,7.9850,1.2904,370.0000,WB,4975.0000
30618_27e994fc,100,11.5681,8.5986,4.8499,50.1244,1119.5945,218.0000,10.3351,9.3650,4.7008,92.0000,WB,5025.0000
30618_27e994fc,101,11.9837,10.5138,4.3500,50.0761,1124.4445,203.0000,11.5117,11.7830,10.8099,45.0000,WB,5075.0000
30618_27e994fc,102,10.4837,6.6433,5.7500,49.8534,1128.7945,262.0000,8.6702,12.0930,11.5045,40.0000,WB,5125.0000
30618_27e994fc,103,6.6068,0.0000,42.0000,49.9852,1134.5445,1911.0000,1.1901,10.2140,8.2005,46.0000,WB,5175.0000
30618_27e994fc,104,5.7018,3.5376,10.5500,50.0086,1176.5445,457.0000,4.7401,5.8430,1.2014,408.0000,WB,5225.0000
30618_27e994fc,105,4.4370,0.0000,70.8555,50.1635,1187.0945,2889.0000,0.7080,5.7740,4.6221,107.0000,WB,5275.0000
30618_27e994fc,106,3.7618,0.0000,25.8945,38.4052,1257.9500,1050.0000,1.4831,4.1090,0.7154,698.0000,WB,5325.0000
30618_27e994fc,107,3.7262,3.3564,14.3000,50.0781,1283.8445,577.0000,3.5020,3.5800,2.0062,94.0000,WB,5375.0000
30618_27e994fc,108,3.7776,0.0000,474.6501,51.0776,1298.1445,19015.0000,0.1076,3.7980,3.3821,55.0000,WB,5425.0000
30618_27e994fc,109,3.7376,2.4282,17.3999,50.4481,1772.7945,697.0000,2.8993,3.6730,0.1071,4427.0000,WB,5475.0000
30618_27e994fc,110,2.9683,0.9007,27.1000,50.4766,1790.1945,1084.0000,1.8626,3.0500,2.7712,179.0000,WB,5525.0000
30618_27e994fc,111,4.1793,1.1951,18.0499,50.7576,1817.2945,723.0000,2.8121,3.0440,1.7772,286.0000,EB,5561.0738
30618_27e994fc,112,3.7667,0.0000,64.8501,20.9020,1835.3445,2597.0000,0.3223,2.9330,2.7668,42.0000,EB,5511.1413
30618_27e994fc,115,,,,,,,,3.5570,3.2222,11.0000,EB,5369.1419
30618_27e994fc,119,,,,,,,,9.8420,8.3705,15.0000,EB,5166.1420
30618_27e994fc,123,,,,,,,,7.7120,7.0847,4.0000,EB,4966.1420
30618_27e994fc,124,,,,,,,,8.7270,8.6410,10.0000,EB,4917.1420
30618_27e994fc,126,,,,,,,,9.3050,8.8925,11.0000,EB,4818.1420
30618_27e994fc,128,,,,,,,,12.9790,12.7353,3.0000,EB,4718.1420
30618_27e994fc,129,,,,,,,,11.5640,10.9453,3.0000,EB,4668.1421
30618_27e994fc,131,,,,,,,,5.8030,5.6840,4.0000,EB,4568.1420
30618_27e994fc,163,,,,,,,,5.3980,5.2197,7.0000,EB,2966.1399
30618_27e994fc,165,,,,,,,,13.1740,12.3539,9.0000,EB,2866.1398
30618_28538acf,0,3.4483,0.0000,24.5000,49.1681,1.1500,1131.0000,2.0069,3.4130,2.0348,241.0000,WB,25.0000
30618_28538acf,1,3.7678,2.9782,15.4162,50.0551,25.6500,751.0000,3.2469,3.7300,3.2488,155.0000,WB,75.0000
30618_28538acf,2,3.6299,0.0000,43.4338,49.7287,41.0662,2140.0000,1.1449,3.6700,1.1485,429.0000,WB,125.0000
30618_28538acf,3,4.3043,0.0000,42.3500,49.9067,84.5000,2100.0000,1.1784,4.3330,1.1909,421.0000,WB,175.0000
30618_28538acf,4,9.3679,3.3828,8.3000,50.0664,126.8500,396.0000,6.0321,9.3960,5.9901,83.0000,WB,225.0000
30618_28538acf,5,11.2095,9.3927,4.7163,49.9355,135.1500,201.0000,10.5878,11.1870,10.5310,46.0000,WB,275.0000
30618_28538acf,6,10.5144,2.7286,7.5837,50.0154,139.8663,318.0000,6.5951,9.7660,3.1588,160.0000,WB,325.0000
30618_28538acf,7,7.7600,0.0000,20.3500,50.0478,147.4500,816.0000,2.4594,8.5130,4.1103,121.0000,WB,375.0000
30618_28538acf,8,10.8541,7.7896,5.2000,50.0856,167.8000,211.0000,9.6318,11.3990,10.3259,53.0000,WB,425.0000
30618_28538acf,9,10.9948,5.3589,6.1662,50.5336,173.0000,286.0000,8.1953,10.7230,8.1280,47.0000,WB,475.0000
30618_28538acf,10,5.3444,0.0000,26.7000,50.0807,179.1662,1323.0000,1.8757,5.6620,1.9569,212.0000,WB,525.0000
30618_28538acf,11,8.1230,0.0000,22.6338,50.0901,205.8662,1121.0000,2.2131,7.9810,2.1617,223.0000,WB,575.0000
30618_28538acf,12,8.4343,8.1330,6.0000,50.0576,228.5000,296.0000,8.3429,8.4150,8.3141,60.0000,WB,625.0000
30618_28538acf,13,8.3428,8.1906,6.0500,50.0567,234.5000,301.0000,8.2738,8.3430,8.2535,58.0000,WB,675.0000
30618_28538acf,14,8.5951,8.1851,5.9662,49.9036,240.5500,296.0000,8.3643,8.5440,8.3318,58.0000,WB,725.0000
30618_28538acf,15,8.8363,8.4440,5.7838,50.0591,246.5162,286.0000,8.6551,8.8320,8.6422,58.0000,WB,775.0000
30618_28538acf,16,9.0197,6.7955,6.1662,49.9977,252.3000,304.0000,8.1084,9.0550,8.1540,62.0000,WB,825.0000
30618_28538acf,17,6.7876,0.0000,23.2000,50.3755,258.4662,1146.0000,2.1714,6.8570,2.1659,226.0000,WB,875.0000
30618_28538acf,18,5.1776,2.4518,14.1838,49.9927,281.6662,702.0000,3.5246,5.2240,3.5638,141.0000,WB,925.0000
30618_28538acf,19,4.2832,2.3907,17.3162,50.0300,295.8500,858.0000,2.8892,4.2360,2.8972,177.0000,WB,975.0000
30618_28538acf,20,5.8992,4.1556,11.2338,50.0030,313.1662,556.0000,4.4511,5.8580,4.4485,114.0000,WB,1025.0000
30618_28538acf,21,6.8530,3.6154,8.5000,49.9415,324.4000,423.0000,5.8755,6.8440,5.9817,80.0000,WB,1075.0000
30618_28538acf,22,6.6631,2.3518,15.4162,49.9849,332.9000,761.0000,3.2424,3.8700,2.6780,97.0000,WB,1125.0000
30618_28538acf,23,7.3715,6.6723,7.0000,49.9768,348.3162,347.0000,7.1396,,,,WB,1175.0000
30618_28538acf,24,7.3922,7.0265,6.9500,50.0512,355.3162,346.0000,7.2016,,,,WB,1225.0000
30618_28538acf,25,7.3008,6.8787,7.1338,50.1140,362.2662,355.0000,7.0248,,,,WB,1275.0000
30618_28538acf,26,7.0943,6.8051,7.2459,49.9311,369.4000,359.0000,6.8909,,,,WB,1325.0000
30618_28538acf,27,7.0858,6.8228,7.2020,50.0537,376.6459,358.0000,6.9500,,,,WB,1375.0000
30618_28538acf,28,7.1129,6.8279,7.1521,49.9245,383.8479,355.0000,6.9804,,,,WB,1425.0000
30618_28538acf,29,7.0485,3.6824,8.5375,50.0439,391.0000,422.0000,5.8616,,,,WB,1475.0000
30618_28538acf,30,7.2253,0.0000,16.7786,49.9939,399.5375,828.0000,2.9796,,,,WB,1525.0000
30618_28538acf,31,7.1593,6.6078,7.2838,50.0352,416.3162,363.0000,6.8694,,,,WB,1575.0000
30618_28538acf,32,7.1844,6.8797,7.1162,49.9907,423.6000,349.0000,7.0249,,,,WB,1625.0000
30618_28538acf,33,7.1094,5.7115,7.4000,49.9443,430.7162,365.0000,6.7492,,,,WB,1675.0000
30618_28538acf,34,5.7014,2.3710,14.4499,50.0436,438.1162,709.0000,3.4632,5.3110,4.1442,25.0000,WB,1725.0000
30618_28538acf,35,6.9803,5.5018,7.5500,49.9745,452.5661,368.0000,6.6191,6.9740,6.5897,75.0000,WB,1775.0000
30618_28538acf,36,7.0222,6.7411,7.2338,50.0671,460.1162,354.0000,6.9212,7.0060,6.9040,72.0000,WB,1825.0000
30618_28538acf,37,9.8499,6.7743,6.2000,49.9097,467.3500,306.0000,8.0500,9.7910,7.9889,62.0000,WB,1875.0000
30618_28538acf,38,10.9152,9.6708,5.0162,49.9562,473.5500,248.0000,9.9590,10.7850,9.9234,51.0000,WB,1925.0000
30618_28538acf,39,13.4288,10.9213,4.0838,50.1136,478.5662,197.0000,12.2713,13.3310,12.2013,40.0000,WB,1975.0000
30618_28538acf,40,14.1448,13.4408,3.6000,49.8439,482.6500,177.0000,13.8455,14.1360,13.8008,37.0000,WB,2025.0000
30618_28538acf,41,14.4025,14.1527,3.5000,50.0768,486.2500,173.0000,14.3077,14.3840,14.2734,35.0000,WB,2075.0000
30618_28538acf,42,14.6294,14.4011,3.4500,50.0353,489.7500,170.0000,14.5030,14.5720,14.4636,34.0000,WB,2125.0000
30618_28538acf,43,14.8412,14.6314,3.4000,50.0512,493.2000,165.0000,14.7209,14.8140,14.6773,34.0000,WB,2175.0000
30618_28538acf,44,14.8382,14.4581,3.4000,49.8544,496.6000,168.0000,14.6631,14.8340,14.6376,34.0000,WB,2225.0000
30618_28538acf,45,14.4426,11.7779,3.8162,50.0342,500.0000,183.0000,13.1112,14.3930,13.0742,39.0000,WB,2275.0000
30618_28538acf,46,11.7665,8.2542,5.0000,50.0405,503.8162,240.0000,10.0082,11.6760,9.9562,50.0000,WB,2325.0000
30618_28538acf,47,8.2428,0.0000,13.9987,50.7557,508.8161,687.0000,3.6257,8.1590,3.1101,163.0000,WB,2375.0000
30618_28538acf,48,9.2754,0.0000,11.6852,50.3022,520.2000,572.0000,4.3048,9.2050,5.3295,93.0000,WB,2425.0000
30618_28538acf,49,10.2700,8.9739,5.0662,49.7797,534.5000,245.0000,9.8259,10.2630,9.8040,51.0000,WB,2475.0000
30618_28538acf,50,8.9914,8.3113,5.8838,50.1132,539.5662,288.0000,8.5171,8.9820,8.5224,59.0000,WB,2525.0000
30618_28538acf,51,10.2578,8.4519,5.5500,50.0291,545.4500,265.0000,9.0143,10.1810,8.9947,55.0000,WB,2575.0000
30618_28538acf,52,12.1939,10.2777,4.4500,49.7692,551.0000,218.0000,11.1841,12.1410,11.1530,45.0000,WB,2625.0000
30618_28538acf,53,13.1297,12.1998,3.9000,50.0454,555.4500,192.0000,12.8321,13.1450,12.8145,39.0000,WB,2675.0000
30618_28538acf,54,12.9136,12.2654,4.0060,49.9253,559.3500,197.0000,12.4627,12.8350,12.4392,40.0000,WB,2725.0000
30618_28538acf,55,13.8125,12.6953,3.7440,50.1172,563.3560,180.0000,13.3860,13.7610,13.3492,38.0000,WB,2775.0000
30618_28538acf,56,13.9721,13.5851,3.6000,49.9249,567.1000,172.0000,13.8680,13.9440,13.8311,36.0000,WB,2825.0000
30618_28538acf,57,13.5630,10.7599,4.1428,50.1388,570.7000,203.0000,12.1027,13.3780,12.0562,41.0000,WB,2875.0000
30618_28538acf,58,10.7440,8.1227,5.5072,49.9278,574.8428,267.0000,9.0659,10.6670,9.0191,56.0000,WB,2925.0000
30618_28538acf,59,8.1226,1.6196,10.3000,50.0577,580.3500,499.0000,4.8600,8.0370,4.4999,112.0000,WB,2975.0000
30618_28538acf,60,8.8892,0.0000,53.7994,51.2129,590.6500,2627.0000,0.9519,8.8420,0.9066,516.0000,WB,3025.0000
30618_28538acf,61,11.5537,8.9099,4.8167,49.8666,644.4494,235.0000,10.3528,11.4700,10.2976,24.0000,WB,3075.0000
30618_28538acf,62,11.7787,10.2720,4.4338,50.0008,649.2662,215.0000,11.2771,11.7520,11.2673,36.0000,WB,3125.0000
30618_28538acf,63,10.2584,6.0889,6.1000,50.0486,653.7000,294.0000,8.2047,10.2130,8.1881,62.0000,WB,3175.0000
30618_28538acf,64,6.9253,0.0000,26.4662,50.6224,659.8000,1276.0000,1.9127,6.8530,1.9053,264.0000,WB,3225.0000
30618_28538acf,65,10.7414,6.9405,5.5838,50.1587,686.2662,263.0000,8.9829,10.6710,8.9374,55.0000,WB,3275.0000
30618_28538acf,66,11.5345,10.7510,4.4500,50.0292,691.8500,214.0000,11.2425,11.5150,11.2269,45.0000,WB,3325.0000
30618_28538acf,67,10.8186,7.3614,5.4500,49.9769,696.3000,258.0000,9.1701,10.8060,1.7303,294.0000,WB,3375.0000
30618_28538acf,68,7.3373,0.0000,46.9000,50.3909,701.7500,2219.0000,1.0744,8.4760,2.7801,245.0000,WB,3425.0000
30618_28538acf,69,8.7362,5.3196,6.6000,50.0483,748.6500,294.0000,7.5831,8.7750,7.7410,63.0000,WB,3475.0000
30618_28538acf,70,8.5958,3.0961,8.6000,49.9416,755.2500,391.0000,5.8072,5.9120,3.7314,83.0000,WB,3525.0000
30618_28538acf,71,3.0791,0.0000,38.2500,49.9937,763.8500,1741.0000,1.3070,2.8130,1.1354,343.0000,WB,3575.0000
30618_28538acf,72,4.1321,0.0000,24.0500,50.2275,802.1000,1068.0000,2.0885,4.1540,2.0864,240.0000,WB,3625.0000
30618_28538acf,73,8.2240,2.0487,10.7000,50.0753,826.1500,481.0000,4.6799,8.0830,4.6134,108.0000,WB,3675.0000
30618_28538acf,74,9.4654,7.9882,5.8162,49.3422,836.8500,262.0000,8.4836,9.3700,8.4646,59.0000,WB,3725.0000
30618_28538acf,75,11.1475,9.4734,4.8000,49.9814,842.6662,209.0000,10.4128,11.0600,10.3795,48.0000,WB,3775.0000
30618_28538acf,76,11.2095,9.7853,4.6500,50.0475,847.4661,197.0000,10.7629,11.1990,10.7312,47.0000,WB,3825.0000
30618_28538acf,77,9.7755,5.4488,6.6339,50.1162,852.1161,282.0000,7.5546,9.6920,7.5214,66.0000,WB,3875.0000
30618_28538acf,78,6.8904,0.0000,41.8663,50.1431,858.7500,1738.0000,1.1977,6.9120,1.2173,403.0000,WB,3925.0000
30618_28538acf,79,9.5768,6.9031,5.7837,49.9846,900.6163,238.0000,8.6423,9.5830,8.6213,43.0000,WB,3975.0000
30618_28538acf,80,9.5337,8.6191,5.6500,50.2503,906.4000,231.0000,8.8939,9.5210,8.8978,53.0000,WB,4025.0000
30618_28538acf,81,8.6171,1.3072,9.6500,49.8642,912.0500,391.0000,5.1673,8.5610,5.0025,100.0000,WB,4075.0000
30618_28538acf,82,9.1725,0.0000,34.3500,50.1438,921.7000,1379.0000,1.4598,9.1820,1.4703,340.0000,WB,4125.0000
30618_28538acf,83,11.4815,9.2091,4.7162,50.0178,956.0500,193.0000,10.6056,11.5020,10.5979,47.0000,WB,4175.0000
30618_28538acf,84,11.4841,8.6031,4.9338,50.1385,960.7662,199.0000,10.1622,11.4930,10.1713,49.0000,WB,4225.0000
30618_28538acf,85,8.5802,5.4682,6.9162,49.7766,965.7000,281.0000,7.1971,8.5530,7.2051,68.0000,WB,4275.0000
30618_28538acf,86,7.0233,0.0000,23.4838,50.3299,972.6162,948.0000,2.1432,6.9840,2.1310,233.0000,WB,4325.0000
30618_28538acf,87,8.5888,7.0503,6.0662,49.8994,996.1000,244.0000,8.2258,8.6330,8.2249,61.0000,WB,4375.0000
30618_28538acf,88,10.3297,8.1912,5.5000,50.0811,1002.1662,223.0000,9.1057,10.2480,9.0864,54.0000,WB,4425.0000
30618_28538acf,89,11.2141,10.3380,4.5838,49.9045,1007.6662,185.0000,10.8870,11.2110,10.8827,40.0000,WB,4475.0000
30618_28538acf,90,10.3869,6.1839,6.0500,50.0704,1012.2500,243.0000,8.2761,10.3910,8.3087,61.0000,WB,4525.0000
30618_28538acf,91,6.3823,0.0000,34.0000,50.0793,1018.3000,1368.0000,1.4729,6.3310,1.4767,340.0000,WB,4575.0000
30618_28538acf,92,10.7123,6.4107,5.7500,49.9853,1052.3000,232.0000,8.6931,10.6360,8.6468,57.0000,WB,4625.0000
30618_28538acf,93,12.5142,10.7498,4.2500,50.1554,1058.0500,172.0000,11.8013,12.4990,11.7610,43.0000,WB,4675.0000
30618_28538acf,94,13.0342,12.5126,3.9000,50.0121,1062.3000,156.0000,12.8236,13.0300,12.8233,33.0000,WB,4725.0000
30618_28538acf,95,12.5359,9.2694,4.5662,49.8194,1066.2000,186.0000,10.9105,11.9500,10.6474,34.0000,WB,4775.0000
30618_28538acf,96,9.2585,8.4605,5.7338,49.9056,1070.7662,232.0000,8.7037,9.2280,8.7275,33.0000,WB,4825.0000
30618_28538acf,97,8.7051,8.4496,5.8500,50.1739,1076.5000,235.0000,8.5767,8.7480,8.5902,58.0000,WB,4875.0000
30618_28538acf,98,8.7993,7.8661,5.8500,49.9407,1082.3500,237.0000,8.5369,8.7680,8.5712,54.0000,WB,4925.0000
30618_28538acf,99,7.8449,0.0000,32.7000,50.0389,1088.2000,1319.0000,1.5302,7.3150,1.4040,305.0000,WB,4975.0000
30618_28538acf,100,9.5332,2.0402,8.4662,50.0082,1120.9000,343.0000,5.9068,9.4630,5.8592,84.0000,WB,5025.0000
30618_28538acf,101,12.1222,9.5456,4.5338,50.1794,1129.3662,186.0000,11.0677,12.0790,11.0257,46.0000,WB,5075.0000
30618_28538acf,102,12.2233,10.0484,4.3662,49.7055,1133.9000,179.0000,11.3842,12.2430,11.3932,40.0000,WB,5125.0000
30618_28538acf,103,10.0377,5.6651,6.2838,50.2203,1138.2662,254.0000,7.9920,9.9990,8.1176,52.0000,WB,5175.0000
30618_28538acf,104,7.2611,0.0000,22.9500,50.1278,1144.5500,932.0000,2.1842,7.2800,2.1754,216.0000,WB,5225.0000
30618_28538acf,105,7.6728,4.3728,7.9000,49.8357,1167.5000,323.0000,6.3083,7.6880,6.3215,78.0000,WB,5275.0000
30618_28538acf,106,4.3637,0.0000,73.1000,50.0000,1175.4000,2947.0000,0.6840,4.3520,0.6882,730.0000,WB,5325.0000
30618_28538acf,107,2.9857,2.2618,18.5000,49.9637,1248.5000,742.0000,2.7007,2.9960,2.7117,184.0000,WB,5375.0000
30618_28538acf,108,3.1676,2.1009,18.5161,50.0048,1267.0000,743.0000,2.7006,3.1770,2.7125,184.0000,WB,5425.0000
30618_28538acf,109,3.0541,0.0000,5.9500,10.7192,1285.5161,241.0000,1.8015,3.0230,1.8805,61.0000,WB,5475.0000
30618_28538acf,212,,,,,,,,2.4960,1.1279,29.0000,EB,520.1379
30618_2cb9ce37,141,3.5797,0.0000,26.8000,11.0833,1.6000,1044.0000,0.4136,3.5640,0.4210,266.0000,EB,4072.1418
30618_2cb9ce37,142,9.9347,3.5952,7.2836,50.1635,28.4000,291.0000,6.8871,9.8030,6.8240,71.0000,EB,4022.1417
30618_2cb9ce37,143,10.9657,9.9527,4.6999,50.0663,35.6836,188.0000,10.6527,11.0350,10.6541,47.0000,EB,3972.1418
30618_2cb9ce37,144,10.4838,7.5167,5.6000,49.9220,40.3835,224.0000,8.9146,10.5410,8.9742,56.0000,EB,3922.1417
30618_2cb9ce37,145,7.5141,6.7729,7.0500,49.8543,45.9836,282.0000,7.0715,7.5680,7.0796,70.0000,EB,3872.1417
30618_2cb9ce37,146,6.9552,6.5941,7.4164,50.1090,53.0336,297.0000,6.7565,6.9480,6.7528,73.0000,EB,3822.1418
30618_2cb9ce37,147,6.9661,6.6310,7.4500,50.0781,60.4500,298.0000,6.7219,6.9610,6.7162,74.0000,EB,3772.1418
30618_2cb9ce37,148,7.3103,5.6724,7.3835,50.3727,67.9000,295.0000,6.8223,7.3420,6.8376,74.0000,EB,3722.1418
30618_2cb9ce37,149,5.6515,3.4185,12.6500,50.1423,75.2835,506.0000,3.9638,5.7050,3.9913,125.0000,EB,3672.1417
30618_2cb9ce37,150,4.7608,3.4227,11.8165,50.0013,87.9335,473.0000,4.2315,4.7780,4.2734,117.0000,EB,3618.1407
30618_2cb9ce37,151,6.7609,3.1587,10.5335,51.0125,99.7500,421.0000,4.8429,6.7870,4.8894,102.0000,EB,3566.1401
30618_2cb9ce37,152,5.5906,0.0000,78.4165,49.8019,110.2835,3137.0000,0.6351,5.4790,2.3501,214.0000,EB,3516.1400
30618_2cb9ce37,153,8.8139,1.3566,9.1000,49.9450,188.7000,364.0000,5.4885,8.7740,0.7505,666.0000,EB,3466.1401
30618_2cb9ce37,154,9.6814,8.8163,5.4335,50.0500,197.8000,217.0000,9.2114,9.6400,9.1492,55.0000,EB,3416.1400
30618_2cb9ce37,155,9.5144,5.1812,6.7500,49.9394,203.2335,270.0000,7.3984,9.5190,7.5223,66.0000,EB,3366.1400
30618_2cb9ce37,156,7.5443,0.0000,29.0165,49.4758,209.9835,1162.0000,1.7051,7.3450,1.7134,292.0000,EB,3316.1401
30618_2cb9ce37,157,11.6520,7.5579,5.1835,50.0737,239.0000,207.0000,9.6602,11.4720,9.5145,52.0000,EB,3266.1400
30618_2cb9ce37,158,13.3941,11.6757,3.9165,49.7373,244.1835,157.0000,12.6994,13.3160,12.5961,40.0000,EB,3216.1399
30618_2cb9ce37,159,13.3935,11.2642,4.0335,50.1669,248.1000,161.0000,12.4375,13.3610,12.4042,40.0000,EB,3166.1399
30618_2cb9ce37,160,11.2417,7.0929,5.4165,49.9769,252.1335,217.0000,9.2268,11.2050,9.2009,55.0000,EB,3116.1399
30618_2cb9ce37,161,7.0765,0.0000,37.3500,50.5744,257.5500,1494.0000,1.3541,7.0600,1.3456,369.0000,EB,3066.1398
30618_2cb9ce37,162,10.8363,5.8898,5.9500,49.8595,294.9000,238.0000,8.3797,10.7230,8.3376,60.0000,EB,3016.1399
30618_2cb9ce37,163,13.5577,10.8375,4.0835,50.3617,300.8500,163.0000,12.3330,13.5380,12.2652,40.0000,EB,2966.1399
30618_2cb9ce37,164,14.5640,13.5692,3.5165,49.7398,304.9335,141.0000,14.1447,14.4780,14.0681,36.0000,EB,2916.1400
30618_2cb9ce37,165,14.6841,14.4618,3.4335,50.0552,308.4500,137.0000,14.5786,14.6500,14.5159,34.0000,EB,2866.1398
30618_2cb9ce37,166,14.6750,14.2735,3.4665,49.9237,311.8835,139.0000,14.4017,14.6020,14.3447,35.0000,EB,2816.1396
30618_2cb9ce37,167,14.2925,12.0155,3.8335,50.0247,315.3500,153.0000,13.0493,14.2670,12.9637,39.0000,EB,2766.1396
30618_2cb9ce37,168,12.5077,11.8892,4.1165,50.0843,319.1835,165.0000,12.1668,12.4620,12.1262,41.0000,EB,2717.1395
30618_2cb9ce37,169,12.5148,11.2794,4.2500,49.9477,323.3000,170.0000,11.7524,12.4970,11.6858,43.0000,EB,2667.1395
30618_2cb9ce37,170,11.2816,8.4582,5.0500,50.1175,327.5500,202.0000,9.9243,11.2370,9.8027,51.0000,EB,2617.1396
30618_2cb9ce37,171,8.4534,7.9790,6.1500,50.1249,332.6000,246.0000,8.1504,8.4200,8.1239,62.0000,EB,2567.1395
30618_2cb9ce37,172,9.5787,8.3598,5.4835,50.0708,338.7500,219.0000,9.1311,9.5460,9.1047,55.0000,EB,2518.1395
30618_2cb9ce37,173,8.5894,7.4656,6.3000,50.5400,344.2335,252.0000,8.0222,8.3820,7.9729,62.0000,EB,2468.1395
30618_2cb9ce37,174,8.2098,6.3600,6.5665,51.5703,350.5335,263.0000,7.8536,8.1710,7.8186,64.0000,EB,2418.1394
30618_2cb9ce37,175,7.8751,0.0000,17.2836,50.8408,357.1000,691.0000,2.9416,7.7250,2.9071,172.0000,EB,2368.1396
30618_2cb9ce37,176,11.4675,7.9018,5.1164,50.0600,374.3836,205.0000,9.7843,11.3790,9.6908,52.0000,EB,2318.1394
30618_2cb9ce37,177,13.2999,11.4774,3.9834,49.8443,379.5000,159.0000,12.5129,13.2180,12.4464,40.0000,EB,2268.1394
30618_2cb9ce37,178,14.2975,13.3060,3.6166,50.0425,383.4834,145.0000,13.8370,14.2210,13.7751,36.0000,EB,2218.1393
30618_2cb9ce37,179,14.5839,14.2916,3.4500,49.9597,387.1000,138.0000,14.4811,14.5040,14.4137,35.0000,EB,2168.1393
30618_2cb9ce37,180,14.5499,14.4209,3.4500,50.0684,390.5500,138.0000,14.5126,14.5160,14.4657,34.0000,EB,2118.1391
30618_2cb9ce37,181,14.4185,13.8242,3.5835,50.1726,394.0000,143.0000,14.0009,14.3360,13.9428,36.0000,EB,2068.1392
30618_2cb9ce37,182,14.0362,13.7971,3.6000,50.0900,397.5835,144.0000,13.9140,13.9400,13.8472,36.0000,EB,2017.1391
30618_2cb9ce37,183,13.9112,13.5425,3.6500,49.9990,401.1835,146.0000,13.6983,13.8420,13.6211,37.0000,EB,1967.1389
30618_2cb9ce37,184,13.5407,13.1502,3.7500,49.8743,404.8335,150.0000,13.2999,13.4400,13.2263,38.0000,EB,1917.1389
30618_2cb9ce37,185,13.1499,13.0175,3.8165,49.9507,408.5835,153.0000,13.0881,13.0890,13.0126,38.0000,EB,1867.1388
30618_2cb9ce37,186,13.0396,12.6746,3.8835,50.3489,412.4000,155.0000,12.9649,12.9880,12.8981,39.0000,EB,1817.1386
30618_2cb9ce37,187,12.6581,9.9674,4.4165,49.8259,416.2835,177.0000,11.2817,12.5690,11.1609,45.0000,EB,1767.1386
30618_2cb9ce37,188,9.9624,9.7212,5.1000,49.9162,420.7000,204.0000,9.7875,9.8670,9.7469,51.0000,EB,1717.1386
30618_2cb9ce37,189,9.8018,9.7251,5.1335,50.1240,425.8000,205.0000,9.7641,9.7920,9.7387,52.0000,EB,1667.1386
30618_2cb9ce37,190,9.8459,9.7615,5.1000,49.9345,430.9335,204.0000,9.7911,9.8320,9.7712,51.0000,EB,1617.1386
30618_2cb9ce37,191,10.1345,9.8453,5.0000,49.9162,436.0335,200.0000,9.9832,10.1310,9.9800,50.0000,EB,1567.1386
30618_2cb9ce37,192,10.2156,10.1207,4.9500,50.2887,441.0335,198.0000,10.1594,10.2420,10.1495,49.0000,EB,1517.1386
30618_2cb9ce37,193,10.2969,9.9617,4.9000,49.9336,445.9835,196.0000,10.1905,10.2970,10.1516,47.0000,EB,1467.1386
30618_2cb9ce37,194,10.1555,9.9144,5.0000,50.1409,450.8835,200.0000,10.0281,10.1560,10.0157,50.0000,EB,1417.1386
30618_2cb9ce37,195,10.1118,9.9363,4.9665,49.7384,455.8835,199.0000,10.0148,10.0980,9.9901,50.0000,EB,1367.1385
30618_2cb9ce37,196,10.1089,9.8724,5.0335,50.2423,460.8500,202.0000,9.9816,10.0980,9.9618,50.0000,EB,1317.1385
30618_2cb9ce37,197,10.0389,9.8052,5.0500,50.0313,465.8835,202.0000,9.9071,9.9760,9.8779,51.0000,EB,1267.1386
30618_2cb9ce37,198,9.9213,9.7809,5.0665,49.8439,470.9335,203.0000,9.8380,9.8870,9.8103,51.0000,EB,1217.1386
30618_2cb9ce37,199,10.0241,9.7346,5.0500,50.1688,476.0000,202.0000,9.9344,9.9980,9.8999,50.0000,EB,1167.1386
30618_2cb9ce37,200,9.7159,5.3525,6.6000,49.9858,481.0500,265.0000,7.5736,9.4940,7.2398,71.0000,EB,1117.1385
30618_2cb9ce37,201,5.5185,3.7610,11.7335,50.1749,487.6500,469.0000,4.2762,5.6200,4.2724,116.0000,EB,1067.1385
30618_2cb9ce37,202,5.6722,3.9958,11.0665,50.1355,499.3835,443.0000,4.5304,5.6650,4.4434,113.0000,EB,1017.1385
30618_2cb9ce37,203,6.0822,3.3027,9.9835,50.1927,510.4500,399.0000,5.0276,6.0680,4.8426,103.0000,EB,967.1384
30618_2cb9ce37,204,7.2693,0.0000,53.4499,53.5722,520.4335,2138.0000,1.0023,7.2140,0.9603,523.0000,EB,917.1384
30618_2cb9ce37,205,9.7322,7.2953,5.6000,49.9009,573.8834,224.0000,8.9108,9.6860,8.8662,56.0000,EB,867.1384
30618_2cb9ce37,206,9.7613,8.5123,5.5665,50.0009,579.4835,223.0000,8.9824,9.7290,8.9530,56.0000,EB,818.1384
30618_2cb9ce37,207,8.7270,8.5856,5.7835,50.0720,585.0500,231.0000,8.6577,8.7430,8.6380,58.0000,EB,768.1383
30618_2cb9ce37,208,8.8118,8.1339,5.7665,49.9545,590.8335,231.0000,8.6629,8.8160,8.6450,57.0000,EB,718.1382
30618_2cb9ce37,209,8.1219,0.0000,18.3835,50.8308,596.6000,735.0000,2.7650,8.0730,2.7821,182.0000,EB,669.1382
30618_2cb9ce37,210,8.9595,2.2600,8.4665,49.8824,614.9835,339.0000,5.8917,8.8540,5.7488,86.0000,EB,620.1381
30618_2cb9ce37,211,11.8889,8.9598,4.8000,49.9368,623.4500,192.0000,10.4035,11.7930,10.3570,48.0000,EB,570.1380
30618_2cb9ce37,212,13.6870,11.9035,3.8835,50.1308,628.2500,155.0000,12.9086,13.6230,12.8552,36.0000,EB,520.1379
30618_2cb9ce37,213,13.9156,12.8255,3.6665,49.8456,632.1335,147.0000,13.5949,13.9470,13.5807,37.0000,EB,470.1379
30618_2cb9ce37,214,12.8157,12.0654,4.0835,50.0273,635.8000,163.0000,12.2511,12.7850,12.2390,41.0000,EB,420.1378
30618_2cb9ce37,215,12.2647,11.4102,4.1500,50.2483,639.8835,166.0000,12.1081,12.2950,12.0781,36.0000,EB,370.1378
30618_2cb9ce37,216,11.3843,6.9464,5.4001,49.8502,644.0335,216.0000,9.2314,11.3340,9.1930,52.0000,EB,320.1378
30618_2cb9ce37,217,6.9211,0.0000,21.0999,50.5964,649.4336,844.0000,2.3979,6.8750,2.3950,209.0000,EB,270.1378
30618_2cb9ce37,218,3.7599,2.4879,17.7165,50.0280,670.5335,710.0000,2.8238,3.8420,2.8354,172.0000,EB,220.1378
30618_2cb9ce37,219,3.6157,0.0000,42.1336,50.4652,688.2500,1686.0000,1.1977,3.5820,1.1936,411.0000,EB,173.1339
30618_2cb9ce37,220,3.6730,1.9600,15.9500,49.9566,730.3836,639.0000,3.1321,3.6460,2.9516,127.0000,EB,0.0000
30618_2cb9ce37,221,1.9404,0.0000,3.9000,3.0639,746.3335,157.0000,0.7856,0.8910,0.2237,20.0000,WB,21.3710
30618_2dbce472,0,3.3698,0.2034,18.8769,49.9537,44.5231,777.0000,2.6463,3.4080,2.6233,164.0000,WB,25.0000
30618_2dbce472,1,3.7542,2.9901,15.5350,50.0753,63.4000,636.0000,3.2234,3.7880,3.2407,156.0000,WB,75.0000
30618_2dbce472,2,3.6967,0.0000,38.0150,49.7056,78.9350,1567.0000,1.3075,3.8790,1.2792,353.0000,WB,125.0000
30618_2dbce472,3,4.2960,0.0000,44.4500,49.7648,116.9500,1839.0000,1.1196,4.2900,1.1985,447.0000,WB,175.0000
30618_2dbce472,4,9.6036,3.2380,8.2731,49.8696,161.4000,357.0000,6.0279,3.5060,1.9764,10.0000,WB,225.0000
30618_2dbce472,5,12.4367,9.6217,4.5000,50.0588,169.6731,195.0000,11.1242,,,,WB,275.0000
30618_2dbce472,6,13.7484,12.4490,3.7683,49.6343,174.1731,160.0000,13.1716,,,,WB,325.0000
30618_2dbce472,7,13.9844,13.5478,3.6586,50.1737,177.9414,158.0000,13.7138,13.8700,13.5991,30.0000,WB,375.0000
30618_2dbce472,8,14.1661,12.6659,3.6553,49.9130,181.6000,160.0000,13.6548,14.0810,13.5413,38.0000,WB,425.0000
30618_2dbce472,9,12.6732,8.9961,4.5678,50.1641,185.2553,196.0000,10.9822,12.4870,10.7682,47.0000,WB,475.0000
30618_2dbce472,10,8.9720,0.0000,41.7769,49.9230,189.8231,1767.0000,1.1950,8.5920,1.1833,422.0000,WB,525.0000
30618_2dbce472,11,7.8370,0.0000,24.3731,51.9521,231.6000,1050.0000,2.1315,7.8310,2.1265,235.0000,WB,575.0000
30618_2dbce472,12,8.3338,7.8472,6.1001,49.9455,255.9731,267.0000,8.1877,8.3060,8.1774,61.0000,WB,625.0000
30618_2dbce472,13,8.3096,8.0214,6.1499,50.0306,262.0732,274.0000,8.1352,8.2860,8.1106,61.0000,WB,675.0000
30618_2dbce472,14,8.4328,8.1792,6.0500,49.9837,268.2231,263.0000,8.2617,8.4130,8.2612,61.0000,WB,725.0000
30618_2dbce472,15,8.7778,7.6872,5.8769,49.9548,274.2731,259.0000,8.5002,8.8390,8.5052,52.0000,WB,775.0000
30618_2dbce472,16,7.6849,0.0000,22.4731,50.0771,280.1500,962.0000,2.2283,7.5200,2.2224,227.0000,WB,825.0000
30618_2dbce472,17,4.4362,0.0000,33.8000,51.0187,302.6231,1524.0000,1.5094,4.4240,1.4987,335.0000,WB,875.0000
30618_2dbce472,18,3.7325,0.0000,38.5000,50.0402,336.4231,1787.0000,1.2997,3.6900,1.3016,385.0000,WB,925.0000
30618_2dbce472,19,4.1818,0.0000,54.8500,50.2771,374.9231,2656.0000,0.9166,4.1400,0.9276,542.0000,WB,975.0000
30618_2dbce472,20,5.7153,4.0183,11.6269,50.0367,429.7731,570.0000,4.3035,5.6420,4.2968,116.0000,WB,1025.0000
30618_2dbce472,21,6.8570,3.6634,8.5000,49.9447,441.4000,417.0000,5.8758,6.8570,5.5781,95.0000,WB,1075.0000
30618_2dbce472,22,6.6430,2.3035,15.6000,50.0812,449.9000,756.0000,3.2103,3.7150,2.5963,88.0000,WB,1125.0000
30618_2dbce472,23,7.2641,6.6594,7.0000,49.9448,465.5000,342.0000,7.1350,,,,WB,1175.0000
30618_2dbce472,24,7.3454,6.9160,7.0231,49.9607,472.5000,346.0000,7.1138,,,,WB,1225.0000
30618_2dbce472,25,7.1450,6.9147,7.1182,50.0735,479.5231,352.0000,7.0346,,,,WB,1275.0000
30618_2dbce472,26,7.1224,6.8860,7.1318,50.0093,486.6413,349.0000,7.0121,,,,WB,1325.0000
30618_2dbce472,27,7.1921,6.9484,7.0602,49.9188,493.7731,351.0000,7.0704,,,,WB,1375.0000
30618_2dbce472,28,7.2638,6.8398,7.0667,50.0422,500.8333,348.0000,7.0814,,,,WB,1425.0000
30618_2dbce472,29,6.9110,3.5882,8.6000,50.0475,507.9000,425.0000,5.8195,,,,WB,1475.0000
30618_2dbce472,30,7.1375,0.0000,16.7232,49.9153,516.5000,815.0000,2.9848,,,,WB,1525.0000
30618_2dbce472,31,7.0793,6.5516,7.3190,50.0853,533.2232,359.0000,6.8432,,,,WB,1575.0000
30618_2dbce472,32,7.2548,6.5749,7.2578,49.9098,540.5422,356.0000,6.8767,,,,WB,1625.0000
30618_2dbce472,33,7.1068,5.5870,7.4231,50.0633,547.8000,364.0000,6.7443,,,,WB,1675.0000
30618_2dbce472,34,5.5738,2.3153,14.8269,50.0609,555.2231,722.0000,3.3763,5.3780,4.1654,25.0000,WB,1725.0000
30618_2dbce472,35,7.0607,5.5824,7.4899,49.8961,570.0500,365.0000,6.6618,7.0660,6.6510,74.0000,WB,1775.0000
30618_2dbce472,36,7.1166,6.7590,7.2020,50.0723,577.5399,349.0000,6.9525,7.1170,6.9466,72.0000,WB,1825.0000
30618_2dbce472,37,9.9003,6.6955,6.2081,49.8875,584.7419,299.0000,8.0359,9.8720,7.9904,62.0000,WB,1875.0000
30618_2dbce472,38,10.9552,9.6082,5.0500,50.1990,590.9500,247.0000,9.9404,10.8380,9.9173,50.0000,WB,1925.0000
30618_2dbce472,39,13.5071,10.9778,4.0476,50.0339,596.0000,190.0000,12.3613,13.4330,12.2942,40.0000,WB,1975.0000
30618_2dbce472,40,14.1531,13.5062,3.6024,50.0743,600.0476,175.0000,13.9004,14.1660,13.8730,36.0000,WB,2025.0000
30618_2dbce472,41,14.3281,14.1555,3.4956,49.8607,603.6500,172.0000,14.2637,14.3370,14.2483,35.0000,WB,2075.0000
30618_2dbce472,42,14.5687,14.3315,3.4544,49.8641,607.1456,169.0000,14.4351,14.5450,14.4137,35.0000,WB,2125.0000
30618_2dbce472,43,14.6379,14.4914,3.4500,50.2679,610.6000,168.0000,14.5704,14.6580,14.5462,34.0000,WB,2175.0000
30618_2dbce472,44,14.6491,14.4911,3.4000,49.6201,614.0500,166.0000,14.5941,14.6620,14.5978,32.0000,WB,2225.0000
30618_2dbce472,45,14.4988,11.7438,3.8231,50.3109,617.4500,186.0000,13.1598,14.4950,13.1464,37.0000,WB,2275.0000
30618_2dbce472,46,11.7429,8.0411,5.0672,49.8453,621.2731,243.0000,9.8368,11.6570,9.8649,50.0000,WB,2325.0000
30618_2dbce472,47,8.0294,0.0000,28.8828,50.1642,626.3403,1401.0000,1.7368,8.0610,1.7561,290.0000,WB,2375.0000
30618_2dbce472,48,9.3299,1.3069,9.0769,49.9516,655.2231,429.0000,5.5031,9.2500,5.5085,89.0000,WB,2425.0000
30618_2dbce472,49,10.2402,8.8430,5.1000,50.0097,664.3000,239.0000,9.8058,10.2320,9.8006,50.0000,WB,2475.0000
30618_2dbce472,50,8.8381,8.1797,5.9500,49.9686,669.4000,281.0000,8.3981,8.8440,8.4113,59.0000,WB,2525.0000
30618_2dbce472,51,10.3118,8.5557,5.5500,50.0073,675.3500,272.0000,9.0103,10.2720,8.9935,54.0000,WB,2575.0000
30618_2dbce472,52,12.2161,10.3272,4.4500,50.0026,680.9000,209.0000,11.2365,12.1780,11.1993,44.0000,WB,2625.0000
30618_2dbce472,53,13.1269,12.2299,3.9000,50.0759,685.3500,186.0000,12.8400,13.1650,12.8219,36.0000,WB,2675.0000
30618_2dbce472,54,12.7603,12.1588,4.0500,49.9532,689.2500,198.0000,12.3341,12.7710,12.3527,30.0000,WB,2725.0000
30618_2dbce472,55,12.6553,10.9261,4.1231,50.0856,693.3000,198.0000,12.1476,12.6870,12.2060,35.0000,WB,2775.0000
30618_2dbce472,56,10.9248,6.9603,5.6000,49.9629,697.4231,267.0000,8.9219,10.6520,8.8123,52.0000,WB,2825.0000
30618_2dbce472,57,6.9441,1.6088,13.4000,49.9594,703.0231,644.0000,3.7283,6.9040,3.7442,133.0000,WB,2875.0000
30618_2dbce472,58,8.3144,4.8232,6.9269,50.0386,716.4231,336.0000,7.2238,8.3360,7.2346,69.0000,WB,2925.0000
30618_2dbce472,59,8.0931,1.1851,11.0231,49.9822,723.3500,519.0000,4.5343,8.0970,4.4390,108.0000,WB,2975.0000
30618_2dbce472,60,9.0701,0.0000,29.7000,50.2617,734.3731,1421.0000,1.6923,9.2610,1.7779,297.0000,WB,3025.0000
30618_2dbce472,61,11.8386,9.0780,4.7269,50.1284,764.0731,224.0000,10.6049,11.7810,10.6793,44.0000,WB,3075.0000
30618_2dbce472,62,11.8830,9.8651,4.5000,49.9123,768.8000,217.0000,11.0916,11.8840,11.1048,38.0000,WB,3125.0000
30618_2dbce472,63,9.8503,5.7984,6.3500,49.9347,773.3000,300.0000,7.8637,9.7440,7.8411,63.0000,WB,3175.0000
30618_2dbce472,64,7.0633,0.0000,43.5232,50.2324,779.6500,2090.0000,1.1542,7.0240,1.2533,396.0000,WB,3225.0000
30618_2dbce472,65,10.9372,7.0825,5.4768,50.1255,823.1732,255.0000,9.1523,11.2140,9.1374,55.0000,WB,3275.0000
30618_2dbce472,66,11.5762,10.5590,4.4500,50.0427,828.6500,207.0000,11.2456,11.5680,11.2197,45.0000,WB,3325.0000
30618_2dbce472,67,10.5406,6.9248,5.7000,49.9686,833.1000,272.0000,8.7664,10.5570,8.8085,55.0000,WB,3375.0000
30618_2dbce472,68,6.9079,0.0000,61.0231,49.9784,838.8000,2909.0000,0.8190,6.9590,1.8311,271.0000,WB,3425.0000
30618_2dbce472,69,8.7358,5.4302,6.5370,49.9546,899.8231,296.0000,7.6418,8.7740,7.6528,65.0000,WB,3475.0000
30618_2dbce472,70,8.5088,2.9206,9.0399,50.0500,906.3601,426.0000,5.5366,8.4580,5.5501,90.0000,WB,3525.0000
30618_2dbce472,71,3.0335,0.7412,21.1231,50.0181,915.4000,971.0000,2.3679,3.0440,2.3692,211.0000,WB,3575.0000
30618_2dbce472,72,4.3706,2.4862,16.1769,50.0426,936.5231,747.0000,3.0935,4.4050,3.1058,161.0000,WB,3625.0000
30618_2dbce472,73,8.3156,3.4200,8.9231,49.9632,952.7000,413.0000,5.5993,8.3560,5.5550,91.0000,WB,3675.0000
30618_2dbce472,74,9.5696,8.0290,5.8500,50.0065,961.6231,268.0000,8.5481,9.5260,8.5348,58.0000,WB,3725.0000
30618_2dbce472,75,11.3081,9.5816,4.7269,49.9363,967.4731,214.0000,10.5643,11.3240,10.6156,53.0000,WB,3775.0000
30618_2dbce472,76,11.3488,9.5828,4.6231,49.8814,972.2000,205.0000,10.7897,11.3590,10.6598,42.0000,WB,3825.0000
30618_2dbce472,77,9.5718,5.4740,6.5000,50.0739,976.8231,293.0000,7.7037,9.4610,7.6396,63.0000,WB,3875.0000
30618_2dbce472,78,6.9539,0.0000,38.2769,50.1280,983.3231,1698.0000,1.3096,6.9510,1.4145,344.0000,WB,3925.0000
30618_2dbce472,79,9.5608,6.9746,5.7500,50.0873,1021.6000,240.0000,8.7108,9.5750,8.6960,58.0000,WB,3975.0000
30618_2dbce472,80,9.4558,8.4757,5.7000,49.9408,1027.3500,236.0000,8.7615,9.4480,8.7618,56.0000,WB,4025.0000
30618_2dbce472,81,8.4683,0.7723,10.3500,49.9625,1033.0500,428.0000,4.8273,8.4150,1.0365,448.0000,WB,4075.0000
30618_2dbce472,82,9.2691,0.0000,48.9231,49.9763,1043.4000,2019.0000,1.0215,9.1600,4.6804,105.0000,WB,4125.0000
30618_2dbce472,83,11.4466,9.2870,4.7000,50.0144,1092.3231,197.0000,10.6414,11.4600,10.6004,47.0000,WB,4175.0000
30618_2dbce472,84,11.4451,8.3885,5.0000,50.0536,1097.0231,215.0000,10.0106,11.4510,10.1563,43.0000,WB,4225.0000
30618_2dbce472,85,8.4423,7.5071,6.4269,49.9406,1102.0231,259.0000,7.7706,8.4350,7.7809,61.0000,WB,4275.0000
30618_2dbce472,86,9.2775,8.4507,5.5500,50.1135,1108.4500,227.0000,9.0295,9.2740,9.0421,55.0000,WB,4325.0000
30618_2dbce472,87,8.8546,8.0563,5.8500,49.9570,1114.0000,243.0000,8.5397,8.8350,8.5616,58.0000,WB,4375.0000
30618_2dbce472,88,10.2234,8.1041,5.5000,49.8814,1119.8500,230.0000,9.0694,10.2190,9.0653,56.0000,WB,4425.0000
30618_2dbce472,89,11.1710,10.2344,4.6231,50.0572,1125.3500,190.0000,10.8277,11.1720,10.8199,46.0000,WB,4475.0000
30618_2dbce472,90,10.2972,5.9307,6.1769,49.9528,1129.9731,251.0000,8.0870,10.3010,8.0846,62.0000,WB,4525.0000
30618_2dbce472,91,5.9341,0.0000,35.7500,50.1114,1136.1500,1457.0000,1.4017,5.9010,1.4044,355.0000,WB,4575.0000
30618_2dbce472,92,9.2849,1.2887,9.3500,49.9242,1171.9000,380.0000,5.3395,9.2640,5.3273,94.0000,WB,4625.0000
30618_2dbce472,93,12.0887,9.3177,4.6000,50.0141,1181.2500,185.0000,10.8726,12.0850,10.8691,46.0000,WB,4675.0000
30618_2dbce472,94,12.7478,12.0827,4.0000,50.0137,1185.8500,162.0000,12.5034,12.7610,12.4967,40.0000,WB,4725.0000
30618_2dbce472,95,12.3992,9.0629,4.6731,50.1590,1189.8500,188.0000,10.7336,12.3790,10.7811,33.0000,WB,4775.0000
30618_2dbce472,96,9.0484,8.4490,5.7769,49.8972,1194.5231,232.0000,8.6373,9.0980,8.6550,58.0000,WB,4825.0000
30618_2dbce472,97,8.7170,8.4524,5.8231,49.9464,1200.3000,234.0000,8.5773,8.7520,8.5918,58.0000,WB,4875.0000
30618_2dbce472,98,8.8581,7.7605,5.8500,50.1587,1206.1231,235.0000,8.5741,8.8400,8.5993,58.0000,WB,4925.0000
30618_2dbce472,99,7.7428,0.0000,34.1500,49.7706,1211.9731,1370.0000,1.4574,7.8130,1.4809,342.0000,WB,4975.0000
30618_2dbce472,100,8.9405,0.8079,11.6269,50.1619,1246.1231,468.0000,4.3143,8.8880,4.2854,111.0000,WB,5025.0000
30618_2dbce472,101,11.8813,8.9833,4.6731,49.8587,1257.7500,189.0000,10.6693,11.8470,10.6197,47.0000,WB,5075.0000
30618_2dbce472,102,12.0981,9.9324,4.4000,49.8659,1262.4231,179.0000,11.3330,12.1220,11.3572,44.0000,WB,5125.0000
30618_2dbce472,103,9.9154,5.4320,6.4269,50.1449,1266.8231,259.0000,7.8024,9.9500,7.8134,64.0000,WB,5175.0000
30618_2dbce472,104,7.0501,0.0000,34.5500,49.9942,1273.2500,1389.0000,1.4470,7.0470,1.4447,340.0000,WB,5225.0000
30618_2dbce472,105,7.4981,2.3732,9.0231,49.9624,1307.8000,362.0000,5.5372,7.5160,5.5651,89.0000,WB,5275.0000
30618_2dbce472,106,4.2349,2.1372,15.2269,50.0555,1316.8231,610.0000,3.2873,4.2070,3.2927,151.0000,WB,5325.0000
30618_2dbce472,107,3.0249,0.0000,28.7231,49.9733,1332.0500,1157.0000,1.7398,3.0200,1.7467,287.0000,WB,5375.0000
30618_2dbce472,108,2.9531,2.4569,12.0500,31.5520,1360.7731,486.0000,2.6184,3.0420,2.6217,121.0000,WB,5425.0000
30618_2dbce472,154,,,,,,,,4.1100,0.0689,262.0000,EB,3416.1400
30618_2dbce472,216,,,,,,,,12.5240,12.4920,3.0000,EB,320.1378
30618_2dbce472,221,0.2076,0.0000,43.4244,0.1171,1.0987,1744.0000,0.0027,0.1730,0.0093,421.0000,WB,21.3710
30618_2f104a1d,4,,,,,,,,1.9350,1.9178,5.0000,WB,225.0000
30618_2f104a1d,5,,,,,,,,2.9260,2.3867,11.0000,WB,275.0000
30618_2f104a1d,112,2.7919,0.0000,18.7460,5.4652,1.1271,864.0000,0.2915,2.7180,0.2842,185.0000,EB,5511.1413
30618_2f104a1d,113,3.4338,0.0000,48.7269,49.9073,19.8731,2404.0000,1.0242,3.4420,1.0310,483.0000,EB,5466.1414
30618_2f104a1d,114,3.3500,0.0000,43.6731,50.1153,68.6000,2155.0000,1.1475,3.3570,1.1466,436.0000,EB,5421.1425
30618_2f104a1d,115,4.3732,2.5979,14.7269,50.1201,112.2731,727.0000,3.4033,4.3500,3.3708,148.0000,EB,5369.1419
30618_2f104a1d,116,6.9824,4.3795,8.4000,49.9800,127.0000,407.0000,5.9500,6.9720,5.9086,85.0000,EB,5316.1420
30618_2f104a1d,117,7.2337,0.0000,41.9231,50.4566,135.4000,2059.0000,1.2036,7.1570,1.1917,416.0000,EB,5266.1420
30618_2f104a1d,118,10.8167,7.2526,5.3500,49.7846,177.3231,256.0000,9.3055,10.7990,9.2682,54.0000,EB,5216.1420
30618_2f104a1d,119,11.0997,10.7323,4.5841,49.8382,182.6731,220.0000,10.8720,11.0930,10.8530,45.0000,EB,5166.1420
30618_2f104a1d,120,10.7697,6.8529,5.6844,50.0678,187.2572,274.0000,8.8079,10.7040,8.7326,40.0000,EB,5116.1421
30618_2f104a1d,121,6.8500,0.0000,38.9584,50.5706,192.9416,1898.0000,1.2981,6.8080,1.2928,389.0000,EB,5066.1420
30618_2f104a1d,122,10.2566,5.4660,6.2000,50.0100,231.9000,299.0000,8.0661,10.2310,8.0323,62.0000,EB,5016.1420
30618_2f104a1d,123,10.7639,9.0260,4.9000,49.9699,238.1000,233.0000,10.1979,10.7660,10.2064,49.0000,EB,4966.1420
30618_2f104a1d,124,9.0100,8.4795,5.8000,49.8950,243.0000,275.0000,8.6026,9.0140,8.6047,49.0000,EB,4917.1420
30618_2f104a1d,125,9.9183,8.4380,5.6731,50.0011,248.8000,266.0000,8.8137,9.8660,8.8095,57.0000,EB,4867.1420
30618_2f104a1d,126,10.9377,9.9264,4.7000,50.1444,254.4731,226.0000,10.6690,10.9580,10.6734,47.0000,EB,4818.1420
30618_2f104a1d,127,11.2132,10.9355,4.5000,49.8176,259.1731,215.0000,11.0705,11.2130,11.0662,45.0000,EB,4768.1420
30618_2f104a1d,128,11.2154,7.6408,5.1500,50.0704,263.6731,246.0000,9.7225,11.2490,9.7431,51.0000,EB,4718.1420
30618_2f104a1d,129,7.6199,0.0000,53.8769,50.4360,268.8231,2593.0000,0.9361,7.6670,0.9411,537.0000,EB,4668.1421
30618_2f104a1d,130,9.6300,2.5038,8.0731,49.9407,322.7000,378.0000,6.1861,9.4840,6.0322,79.0000,EB,4618.1420
30618_2f104a1d,131,12.3112,9.6483,4.4767,50.0677,330.7731,214.0000,11.1840,12.2890,11.1149,41.0000,EB,4568.1420
30618_2f104a1d,132,12.9861,12.3134,3.9232,49.9668,335.2498,186.0000,12.7362,12.9910,12.7291,39.0000,EB,4518.1420
30618_2f104a1d,133,12.7203,9.7005,4.4500,50.0445,339.1731,215.0000,11.2459,12.7540,11.3044,45.0000,EB,4468.1419
30618_2f104a1d,134,9.6828,4.1751,7.2769,49.9266,343.6231,342.0000,6.8610,9.6950,6.9439,71.0000,EB,4418.1420
30618_2f104a1d,135,7.9240,0.0000,17.0231,50.0115,350.9000,800.0000,2.9379,7.8820,2.9323,166.0000,EB,4369.1419
30618_2f104a1d,136,8.5349,7.1065,6.3000,49.9641,367.9231,300.0000,7.9308,8.5450,7.9655,62.0000,EB,4320.1420
30618_2f104a1d,137,10.3443,7.1680,6.0000,50.0019,374.2231,283.0000,8.3336,10.2390,8.2880,61.0000,EB,4271.1418
30618_2f104a1d,138,12.1915,10.3618,4.3269,49.9040,380.2231,197.0000,11.5335,12.2160,11.5031,43.0000,EB,4222.1418
30618_2f104a1d,139,12.1569,9.1731,4.6731,50.0435,384.5500,222.0000,10.7088,12.1790,10.7649,47.0000,EB,4172.1418
30618_2f104a1d,140,9.1586,7.3252,5.9269,50.0496,389.2231,284.0000,8.4445,9.2040,8.4779,58.0000,EB,4122.1417
30618_2f104a1d,141,7.3481,0.0000,50.7000,49.7042,395.1500,2401.0000,0.9804,7.3270,1.0306,413.0000,EB,4072.1418
30618_2f104a1d,142,10.2313,4.7202,6.5500,50.0411,445.8500,308.0000,7.6399,10.1900,7.5900,66.0000,EB,4022.1417
30618_2f104a1d,143,10.9208,10.1588,4.7000,49.9612,452.4000,225.0000,10.6300,10.9560,10.6355,47.0000,EB,3972.1418
30618_2f104a1d,144,10.1471,7.3533,5.8231,49.9657,457.1000,270.0000,8.5806,10.1640,8.6113,58.0000,EB,3922.1417
30618_2f104a1d,145,7.3491,6.7142,7.1311,49.9847,462.9231,337.0000,7.0094,7.3700,7.0134,71.0000,EB,3872.1417
30618_2f104a1d,146,7.0751,6.5821,7.3458,50.0199,470.0542,347.0000,6.8093,7.0450,6.8017,73.0000,EB,3822.1418
30618_2f104a1d,147,6.9183,6.6113,7.4500,50.0529,477.4000,352.0000,6.7185,6.9200,6.7034,59.0000,EB,3772.1418
30618_2f104a1d,148,7.0626,3.2977,8.5731,49.9778,484.8500,404.0000,5.8296,7.0800,5.8233,76.0000,EB,3722.1418
30618_2f104a1d,149,4.3027,0.0000,19.3000,49.9977,493.4231,902.0000,2.5906,4.2500,2.5922,180.0000,EB,3672.1417
30618_2f104a1d,150,5.7703,3.3108,12.2269,50.0560,512.7231,566.0000,4.0939,5.6400,4.0847,123.0000,EB,3618.1407
30618_2f104a1d,151,6.7763,3.1589,9.1000,49.9732,524.9500,423.0000,5.4916,6.7660,5.5453,80.0000,EB,3566.1401
30618_2f104a1d,152,4.7627,0.0000,37.2100,49.9346,534.0500,1717.0000,1.3420,4.7750,1.4500,346.0000,EB,3516.1400
30618_2f104a1d,153,8.2864,0.0000,113.3900,49.7645,571.2600,4710.0000,0.4389,8.2720,0.4331,1155.0000,EB,3466.1401
30618_2f104a1d,154,10.9232,8.2903,5.4731,49.9986,684.6500,220.0000,9.1353,10.8480,9.0983,54.0000,EB,3416.1400
30618_2f104a1d,155,13.4875,10.9410,4.0500,49.9728,690.1231,164.0000,12.3389,13.4360,12.2857,40.0000,EB,3366.1400
30618_2f104a1d,156,14.5281,13.4967,3.5500,50.0905,694.1731,143.0000,14.1100,14.5930,14.0836,34.0000,EB,3316.1401
30618_2f104a1d,157,14.5118,14.2604,3.4769,49.8803,697.7231,139.0000,14.3462,14.6210,14.3472,35.0000,EB,3266.1400
30618_2f104a1d,158,14.4269,13.6075,3.5231,50.0479,701.2000,146.0000,14.2057,14.4650,14.2089,32.0000,EB,3216.1399
30618_2f104a1d,159,13.5939,11.0121,4.0500,50.0063,704.7231,162.0000,12.3472,13.5580,12.3755,37.0000,EB,3166.1399
30618_2f104a1d,160,10.9950,6.5682,5.6500,49.8732,708.7731,227.0000,8.8271,11.0770,8.8927,57.0000,EB,3116.1399
30618_2f104a1d,161,6.5503,0.0000,76.2769,49.8122,714.4231,3060.0000,0.6530,6.5810,0.6602,760.0000,EB,3066.1398
30618_2f104a1d,162,10.2599,4.4625,6.7231,50.0113,790.7000,272.0000,7.4388,10.1840,7.3906,64.0000,EB,3016.1399
30618_2f104a1d,163,13.3069,10.2786,4.2000,49.9720,797.4231,170.0000,11.8981,13.3540,11.8515,41.0000,EB,2966.1399
30618_2f104a1d,164,14.4128,13.3172,3.5769,49.8771,801.6231,145.0000,13.9442,14.3850,13.9082,36.0000,EB,2916.1400
30618_2f104a1d,165,14.4297,14.2836,3.5000,50.2787,805.2000,141.0000,14.3654,14.4770,14.3488,35.0000,EB,2866.1398
30618_2f104a1d,166,14.4087,13.6138,3.5231,49.9768,808.7000,142.0000,14.1855,14.4220,14.1822,35.0000,EB,2816.1396
30618_2f104a1d,167,13.6006,11.7932,4.0001,50.0093,812.2231,162.0000,12.5020,13.5930,12.5182,40.0000,EB,2766.1396
30618_2f104a1d,168,12.4960,11.7329,4.1499,49.9680,816.2232,168.0000,12.0407,12.4890,12.0318,42.0000,EB,2717.1395
30618_2f104a1d,169,12.5027,11.3069,4.2269,49.9154,820.3731,170.0000,11.8090,12.5220,11.8128,42.0000,EB,2667.1395
30618_2f104a1d,170,11.3025,8.3524,5.1000,50.0499,824.6000,205.0000,9.8137,11.3160,9.8205,50.0000,EB,2617.1396
30618_2f104a1d,171,8.3712,7.9380,6.1500,49.8864,829.7000,249.0000,8.1116,8.4020,8.1193,62.0000,EB,2567.1395
30618_2f104a1d,172,9.8885,8.3897,5.3231,50.1258,835.8500,217.0000,9.4167,9.8850,9.4237,53.0000,EB,2518.1395
30618_2f104a1d,173,9.4460,7.0980,6.4769,49.9319,841.1731,261.0000,7.7092,9.3410,7.7014,65.0000,EB,2468.1395
30618_2f104a1d,174,8.4451,7.0716,6.4000,50.0298,847.6500,259.0000,7.8172,8.4490,7.8127,64.0000,EB,2418.1394
30618_2f104a1d,175,11.8032,8.4818,4.9000,50.0564,854.0500,200.0000,10.2156,11.8010,10.2241,49.0000,EB,2368.1396
30618_2f104a1d,176,13.4666,11.8202,3.9000,49.7755,858.9500,160.0000,12.7629,13.4670,12.7614,39.0000,EB,2318.1394
30618_2f104a1d,177,14.2548,13.4815,3.6000,50.1516,862.8500,146.0000,13.9310,14.2360,13.9243,36.0000,EB,2268.1394
30618_2f104a1d,178,14.4574,14.2407,3.4731,49.9504,866.4500,139.0000,14.3822,14.4660,14.3735,34.0000,EB,2218.1393
30618_2f104a1d,179,14.4403,14.1998,3.4769,50.0429,869.9231,140.0000,14.3929,14.4440,14.3824,35.0000,EB,2168.1393
30618_2f104a1d,180,14.1936,13.9901,3.5500,49.9719,873.4000,144.0000,14.0766,14.1530,14.0744,36.0000,EB,2118.1391
30618_2f104a1d,181,14.0283,13.4956,3.6500,49.8742,876.9500,147.0000,13.6642,14.0050,13.6468,36.0000,EB,2068.1392
30618_2f104a1d,182,13.7862,13.6455,3.6500,50.0661,880.6000,148.0000,13.7167,13.7670,13.6955,37.0000,EB,2017.1391
30618_2f104a1d,183,13.7135,13.5369,3.6731,50.1343,884.2500,147.0000,13.6489,13.6930,13.6149,37.0000,EB,1967.1389
30618_2f104a1d,184,13.5350,13.1153,3.7769,50.1238,887.9231,153.0000,13.2713,13.4750,13.2472,37.0000,EB,1917.1389
30618_2f104a1d,185,13.1193,11.8510,3.9000,49.9636,891.7000,157.0000,12.8112,13.1170,12.7929,39.0000,EB,1867.1388
30618_2f104a1d,186,11.8285,9.0220,4.8500,49.9601,895.6000,196.0000,10.3011,11.8390,10.2941,49.0000,EB,1817.1386
30618_2f104a1d,187,9.3366,8.7922,5.5731,49.9469,900.4500,223.0000,8.9621,9.3200,8.9521,56.0000,EB,1767.1386
30618_2f104a1d,188,9.5498,9.3332,5.2769,49.9935,906.0231,211.0000,9.4741,9.5590,9.4802,53.0000,EB,1717.1386
30618_2f104a1d,189,9.5137,9.4836,5.2500,49.8575,911.3000,211.0000,9.4967,9.5370,9.4983,53.0000,EB,1667.1386
30618_2f104a1d,190,9.5080,7.1532,5.7500,50.1737,916.5500,230.0000,8.7259,9.5300,8.7007,57.0000,EB,1617.1386
30618_2f104a1d,191,7.1334,4.1598,8.6500,49.8555,922.3000,350.0000,5.7636,7.0680,5.7454,87.0000,EB,1567.1386
30618_2f104a1d,192,7.8528,4.3606,7.5000,50.0205,930.9500,304.0000,6.6694,7.8770,6.7196,74.0000,EB,1517.1386
30618_2f104a1d,193,7.5816,7.1514,6.7500,50.0444,938.4500,272.0000,7.4140,7.5970,7.4170,68.0000,EB,1467.1386
30618_2f104a1d,194,7.3198,7.0348,6.9731,49.9600,945.2000,280.0000,7.1647,7.3390,7.1762,70.0000,EB,1417.1386
30618_2f104a1d,195,9.2508,7.0463,6.5000,50.1356,952.1731,264.0000,7.7132,9.2200,7.7304,64.0000,EB,1367.1385
30618_2f104a1d,196,10.0506,9.2613,5.1000,49.8210,958.6731,204.0000,9.7689,10.0930,9.7818,51.0000,EB,1317.1385
30618_2f104a1d,197,10.0494,9.8115,5.0501,50.0913,963.7731,204.0000,9.9189,10.0660,9.9290,51.0000,EB,1267.1386
30618_2f104a1d,198,10.0391,9.7641,5.0768,50.0836,968.8232,204.0000,9.8651,10.0670,9.8709,50.0000,EB,1217.1386
30618_2f104a1d,199,10.0908,9.3743,5.0500,49.9269,973.9000,204.0000,9.8865,10.1260,9.8969,51.0000,EB,1167.1386
30618_2f104a1d,200,9.3656,4.8064,7.0231,49.9691,978.9500,284.0000,7.1150,9.3290,7.1110,70.0000,EB,1117.1385
30618_2f104a1d,201,5.7010,3.8122,11.6001,50.0368,985.9731,469.0000,4.3135,5.6850,4.3023,112.0000,EB,1067.1385
30618_2f104a1d,202,5.7194,3.9703,11.2500,50.0111,997.5732,460.0000,4.4454,5.7680,4.4536,113.0000,EB,1017.1385
30618_2f104a1d,203,6.1454,2.4688,10.3269,49.9648,1008.8231,419.0000,4.8383,6.1570,4.8152,98.0000,EB,967.1384
30618_2f104a1d,204,7.5363,0.0000,38.8000,50.3984,1019.1500,1569.0000,1.2989,7.4240,1.2843,379.0000,EB,917.1384
30618_2f104a1d,205,9.7083,7.5796,5.5231,50.0131,1057.9500,227.0000,9.0553,9.6910,9.0206,56.0000,EB,867.1384
30618_2f104a1d,206,9.7072,8.3419,5.6500,49.9465,1063.4731,231.0000,8.8401,9.7420,8.8497,50.0000,EB,818.1384
30618_2f104a1d,207,8.6822,8.5387,5.8000,49.9273,1069.1231,233.0000,8.6082,8.7310,8.6105,54.0000,EB,768.1383
30618_2f104a1d,208,8.7418,8.0881,5.8269,50.0742,1074.9231,236.0000,8.5936,8.7710,8.6000,55.0000,EB,718.1382
30618_2f104a1d,209,8.0553,3.4061,9.7000,50.0724,1080.7500,398.0000,5.1621,8.0770,5.1866,95.0000,EB,669.1382
30618_2f104a1d,210,9.0479,5.0975,6.7231,49.8694,1090.4500,273.0000,7.4177,8.9750,7.3748,67.0000,EB,620.1381
30618_2f104a1d,211,12.0297,9.0612,4.7501,50.1254,1097.1731,197.0000,10.5526,11.9810,10.5264,47.0000,EB,570.1380
30618_2f104a1d,212,13.7497,12.0435,3.8269,49.8698,1101.9231,159.0000,13.0314,13.7100,13.0074,39.0000,EB,520.1379
30618_2f104a1d,213,13.9537,12.7732,3.6731,49.9193,1105.7500,153.0000,13.5905,13.9800,13.6039,36.0000,EB,470.1379
30618_2f104a1d,214,12.7595,11.9119,4.1269,50.0327,1109.4231,170.0000,12.1236,12.7700,12.1387,42.0000,EB,420.1378
30618_2f104a1d,215,12.1447,11.3072,4.1731,50.0312,1113.5500,169.0000,11.9890,12.2140,12.0001,41.0000,EB,370.1378
30618_2f104a1d,216,11.2896,8.2021,5.2500,50.1491,1117.7231,218.0000,9.5522,11.2840,9.5559,51.0000,EB,320.1378
30618_2f104a1d,217,8.1898,1.8752,11.5769,49.9498,1122.9731,474.0000,4.3146,8.0790,4.5548,100.0000,EB,270.1378
30618_2f104a1d,218,2.6158,0.0000,26.3232,49.9960,1134.5500,1073.0000,1.8993,2.7130,1.8948,261.0000,EB,220.1378
30618_2f104a1d,219,3.1089,0.0000,68.9268,49.9691,1160.8732,2812.0000,0.7250,3.1290,0.7299,686.0000,EB,173.1339
30618_2f104a1d,220,3.7624,1.3342,17.7000,50.0482,1229.8000,717.0000,2.8276,3.7400,2.8546,175.0000,EB,0.0000
30618_2f104a1d,221,1.3738,0.0000,4.4731,3.2499,1247.5000,187.0000,0.7265,1.4320,0.7949,47.0000,WB,21.3710
30618_33bec73f,114,3.3932,1.3876,9.8999,25.5385,84.8290,397.0000,2.5797,3.4320,2.4454,123.0000,EB,5421.1425
30618_33bec73f,115,4.6133,2.5261,15.6499,50.7229,94.7290,630.0000,3.2411,4.2310,3.1625,158.0000,EB,5369.1419
30618_33bec73f,116,6.3334,4.1809,9.5501,50.0205,110.3789,384.0000,5.2377,6.3240,5.2339,95.0000,EB,5316.1420
30618_33bec73f,117,7.0150,0.0000,36.7500,50.6680,119.9290,1481.0000,1.3787,6.9270,1.3635,365.0000,EB,5266.1420
30618_33bec73f,118,10.7151,7.0392,5.4500,49.8053,156.6790,219.0000,9.1385,10.7360,9.1025,55.0000,EB,5216.1420
30618_33bec73f,119,11.0707,10.6364,4.6210,49.9425,162.1290,186.0000,10.8077,11.1200,10.8275,46.0000,EB,5166.1420
30618_33bec73f,120,10.7863,6.8869,5.6791,50.0694,166.7500,227.0000,8.8165,10.8080,8.8903,57.0000,EB,5116.1421
30618_33bec73f,121,6.8679,0.0000,41.2499,49.6226,172.4291,1665.0000,1.2030,6.8990,1.2073,411.0000,EB,5066.1420
30618_33bec73f,122,10.2160,5.3544,6.3000,50.1052,213.6790,256.0000,7.9533,10.1410,7.8728,63.0000,EB,5016.1420
30618_33bec73f,123,10.7695,9.0941,4.8711,49.8743,219.9789,198.0000,10.2388,10.7880,10.2654,49.0000,EB,4966.1420
30618_33bec73f,124,9.0813,8.4908,5.8000,49.9769,224.8500,232.0000,8.6167,9.1050,8.6415,58.0000,EB,4917.1420
30618_33bec73f,125,9.7850,8.2930,5.7790,49.9337,230.6500,232.0000,8.6406,9.7340,8.6438,58.0000,EB,4867.1420
30618_33bec73f,126,11.2463,9.8063,4.6710,50.0394,236.4290,188.0000,10.7128,11.2510,10.7091,46.0000,EB,4818.1420
30618_33bec73f,127,11.4841,11.2209,4.4000,49.9792,241.1000,178.0000,11.3589,11.4990,11.3579,44.0000,EB,4768.1420
30618_33bec73f,128,11.4883,8.1061,5.0000,50.0817,245.5000,202.0000,10.0163,11.5320,10.1165,50.0000,EB,4718.1420
30618_33bec73f,129,8.0888,0.0000,33.1000,49.3064,250.5000,1341.0000,1.4896,8.1760,1.5161,331.0000,EB,4668.1421
30618_33bec73f,130,9.0207,2.5346,9.3000,49.9512,283.6000,375.0000,5.3711,8.9470,5.3164,94.0000,EB,4618.1420
30618_33bec73f,131,12.1947,9.0376,4.6290,49.9140,292.9000,186.0000,10.7828,12.1760,10.7473,46.0000,EB,4568.1420
30618_33bec73f,132,13.0138,12.2050,3.9499,50.2048,297.5290,161.0000,12.7105,13.0300,12.6961,39.0000,EB,4518.1420
30618_33bec73f,133,12.8383,9.7258,4.4000,49.9625,301.4789,178.0000,11.3551,12.8820,11.4309,44.0000,EB,4468.1419
30618_33bec73f,134,9.7026,4.2244,7.2501,49.9662,305.8789,294.0000,6.8918,9.7900,6.9733,73.0000,EB,4418.1420
30618_33bec73f,135,7.8680,0.0000,39.1499,49.8518,313.1290,1612.0000,1.2734,7.8610,1.2777,388.0000,EB,4369.1419
30618_33bec73f,136,8.5455,7.0223,6.3000,50.0133,352.2789,258.0000,7.9386,8.5570,7.9594,59.0000,EB,4320.1420
30618_33bec73f,137,10.2991,7.0500,6.0711,50.0355,358.5789,247.0000,8.2416,10.1940,8.1912,61.0000,EB,4271.1418
30618_33bec73f,138,12.1920,10.3039,4.3290,49.8419,364.6500,178.0000,11.5135,12.2130,11.4813,44.0000,EB,4222.1418
30618_33bec73f,139,12.1436,9.0920,4.6999,50.0467,368.9790,192.0000,10.6484,12.1150,10.6561,47.0000,EB,4172.1418
30618_33bec73f,140,9.0748,7.4115,5.9000,50.0598,373.6789,240.0000,8.4846,9.0710,8.5052,58.0000,EB,4122.1417
30618_33bec73f,141,7.3895,0.0000,52.6000,50.1172,379.5790,2158.0000,0.9528,7.4440,0.9633,526.0000,EB,4072.1418
30618_33bec73f,142,9.8211,4.7235,6.6711,49.8514,432.1789,273.0000,7.4728,9.8040,7.4394,68.0000,EB,4022.1417
30618_33bec73f,143,10.7508,9.8297,4.8000,50.1523,438.8500,193.0000,10.4484,10.7440,10.4580,47.0000,EB,3972.1418
30618_33bec73f,144,10.1004,7.2433,5.9000,49.9198,443.6500,241.0000,8.4610,10.1740,8.5035,59.0000,EB,3922.1417
30618_33bec73f,145,7.2431,6.6226,7.2500,49.9721,449.5500,293.0000,6.8927,7.2770,6.8981,73.0000,EB,3872.1417
30618_33bec73f,146,6.7645,6.6517,7.4500,50.0506,456.8000,300.0000,6.7182,6.7860,6.7160,74.0000,EB,3822.1418
30618_33bec73f,147,6.7732,6.6103,7.4500,50.0254,464.2500,303.0000,6.7148,6.7870,6.7142,73.0000,EB,3772.1418
30618_33bec73f,148,7.4012,5.3511,7.4000,49.9813,471.7000,301.0000,6.7542,7.4410,6.7753,74.0000,EB,3722.1418
30618_33bec73f,149,5.3378,3.3810,12.9789,50.0369,479.1000,532.0000,3.8552,5.3770,3.8735,129.0000,EB,3672.1417
30618_33bec73f,150,4.9374,3.7765,12.0711,49.8919,492.0789,489.0000,4.1332,4.8110,4.1262,120.0000,EB,3618.1407
30618_33bec73f,151,8.5966,4.9562,6.7289,50.0768,504.1500,276.0000,7.4420,8.6280,7.3925,67.0000,EB,3566.1401
30618_33bec73f,152,8.2687,1.0286,10.2211,49.9665,510.8789,415.0000,4.8886,8.2970,5.0131,101.0000,EB,3516.1400
30618_33bec73f,153,8.8494,0.0000,37.1290,49.9859,521.1000,1540.0000,1.3463,8.8460,1.3351,373.0000,EB,3466.1401
30618_33bec73f,154,9.6995,8.8556,5.4000,49.9152,558.2290,221.0000,9.2436,9.7310,9.2333,51.0000,EB,3416.1400
30618_33bec73f,155,9.6376,5.1274,6.7500,50.1102,563.6290,276.0000,7.4237,9.6770,7.4879,66.0000,EB,3366.1400
30618_33bec73f,156,7.5099,0.0000,35.8999,49.8382,570.3790,1502.0000,1.3883,7.3820,1.3844,358.0000,EB,3316.1401
30618_33bec73f,157,11.4247,7.5318,5.3000,50.0562,606.2790,219.0000,9.4445,11.3380,9.3509,53.0000,EB,3266.1400
30618_33bec73f,158,13.2463,11.4452,3.9710,49.7763,611.5790,163.0000,12.5349,13.2440,12.4839,40.0000,EB,3216.1399
30618_33bec73f,159,13.2491,11.0695,4.0790,50.1280,615.5500,168.0000,12.2892,13.2550,12.3257,41.0000,EB,3166.1399
30618_33bec73f,160,11.0496,6.9586,5.5210,50.0087,619.6290,229.0000,9.0579,11.1010,9.1156,55.0000,EB,3116.1399
30618_33bec73f,161,6.9286,0.0000,35.2289,49.9668,625.1500,1485.0000,1.4183,7.0050,1.4215,350.0000,EB,3066.1398
30618_33bec73f,162,9.0336,5.9681,6.2501,49.9593,660.3789,264.0000,7.9934,9.0050,7.9397,63.0000,EB,3016.1399
30618_33bec73f,163,12.0460,9.0347,4.8710,50.0970,666.6290,206.0000,10.2848,11.9840,10.2455,49.0000,EB,2966.1399
30618_33bec73f,164,13.8623,12.0645,3.8000,49.8560,671.5000,155.0000,13.1200,13.8060,13.0798,38.0000,EB,2916.1400
30618_33bec73f,165,14.4398,13.8569,3.5290,50.1305,675.3000,146.0000,14.2053,14.4340,14.1835,35.0000,EB,2866.1398
30618_33bec73f,166,14.2605,13.8053,3.5499,50.0557,678.8290,149.0000,14.1006,14.2640,14.0956,36.0000,EB,2816.1396
30618_33bec73f,167,13.7875,11.8268,3.9711,49.9173,682.3789,171.0000,12.5702,13.7630,12.5852,39.0000,EB,2766.1396
30618_33bec73f,168,12.4882,11.7639,4.1500,49.9960,686.3500,173.0000,12.0472,12.4710,12.0371,42.0000,EB,2717.1395
30618_33bec73f,169,12.4982,11.3204,4.2500,49.9613,690.5000,183.0000,11.7556,12.5200,11.7658,42.0000,EB,2667.1395
30618_33bec73f,170,11.3879,8.2982,5.1790,50.0871,694.7500,221.0000,9.6713,11.4140,9.7050,52.0000,EB,2617.1396
30618_33bec73f,171,8.5088,8.0120,6.1000,49.8883,699.9290,258.0000,8.1784,8.4890,8.1836,61.0000,EB,2567.1395
30618_33bec73f,172,11.0959,8.5211,5.0500,50.1836,706.0290,213.0000,9.9373,11.0590,9.9116,51.0000,EB,2518.1395
30618_33bec73f,173,12.9455,11.1043,4.1710,49.7713,711.0790,178.0000,11.9327,12.9210,11.9184,42.0000,EB,2468.1395
30618_33bec73f,174,13.4367,12.9525,3.7790,50.2402,715.2500,159.0000,13.2944,13.4150,13.2845,37.0000,EB,2418.1394
30618_33bec73f,175,13.7589,13.3188,3.6710,49.7017,719.0290,156.0000,13.5392,13.7260,13.5198,37.0000,EB,2368.1396
30618_33bec73f,176,14.0213,13.7561,3.6000,50.0802,722.7000,152.0000,13.9112,14.0200,13.9111,36.0000,EB,2318.1394
30618_33bec73f,177,13.8918,11.9604,3.9000,50.1251,726.3000,167.0000,12.8526,13.9110,12.8682,39.0000,EB,2268.1394
30618_33bec73f,178,13.3364,11.9630,3.9500,50.0055,730.2000,170.0000,12.6596,13.2910,12.6316,39.0000,EB,2218.1393
30618_33bec73f,179,13.8871,13.3348,3.6790,50.1381,734.1500,155.0000,13.6282,13.8550,13.6014,36.0000,EB,2168.1393
30618_33bec73f,180,14.0511,13.6454,3.6000,49.9679,737.8290,154.0000,13.8800,14.0460,13.8829,36.0000,EB,2118.1391
30618_33bec73f,181,13.7500,13.4534,3.6499,49.8344,741.4290,158.0000,13.6535,13.7770,13.6474,37.0000,EB,2068.1392
30618_33bec73f,182,13.4569,13.3193,3.7501,50.1782,745.0789,158.0000,13.3806,13.4860,13.3661,37.0000,EB,2017.1391
30618_33bec73f,183,13.4375,13.2709,3.7210,49.7710,748.8290,156.0000,13.3756,13.4120,13.3448,38.0000,EB,1967.1389
30618_33bec73f,184,13.2698,12.4524,3.9194,50.1057,752.5500,166.0000,12.7841,13.2310,12.7577,39.0000,EB,1917.1389
30618_33bec73f,185,12.7947,12.5750,3.9306,49.9822,756.4694,165.0000,12.7161,12.8030,12.6909,39.0000,EB,1867.1388
30618_33bec73f,186,12.9239,12.5763,3.9000,50.0078,760.4000,163.0000,12.8225,12.8890,12.8058,39.0000,EB,1817.1386
30618_33bec73f,187,12.5666,9.9422,4.4790,50.0557,764.3000,190.0000,11.1758,12.5780,11.1816,45.0000,EB,1767.1386
30618_33bec73f,188,9.9365,9.8309,5.0501,49.8320,768.7790,221.0000,9.8676,9.9190,9.8685,51.0000,EB,1717.1386
30618_33bec73f,189,9.9009,9.8366,5.0710,50.0455,773.8290,222.0000,9.8690,9.9220,9.8752,51.0000,EB,1667.1386
30618_33bec73f,190,9.9815,9.8653,5.0500,49.9940,778.9000,224.0000,9.8998,9.9870,9.9049,50.0000,EB,1617.1386
30618_33bec73f,191,10.1330,9.9794,4.9790,50.1406,783.9500,215.0000,10.0704,10.1880,10.0832,50.0000,EB,1567.1386
30618_33bec73f,192,10.1844,10.1043,4.9210,49.8912,788.9290,217.0000,10.1384,10.2280,10.1604,49.0000,EB,1517.1386
30618_33bec73f,193,10.2137,9.9843,4.9500,49.9430,793.8500,211.0000,10.0895,10.2580,10.0999,49.0000,EB,1467.1386
30618_33bec73f,194,10.0888,9.7474,5.0500,50.0832,798.8000,222.0000,9.9175,10.1300,9.9382,51.0000,EB,1417.1386
30618_33bec73f,195,10.0813,9.8417,5.0289,49.9845,803.8500,223.0000,9.9394,10.0770,9.9506,50.0000,EB,1367.1385
30618_33bec73f,196,10.0772,9.7889,5.0500,50.1010,808.8789,232.0000,9.9209,10.0930,9.9310,50.0000,EB,1317.1385
30618_33bec73f,197,10.0090,9.8527,5.0210,49.8656,813.9290,219.0000,9.9314,10.0360,9.9376,50.0000,EB,1267.1386
30618_33bec73f,198,9.8698,9.7246,5.1290,50.1946,818.9500,231.0000,9.7865,9.8900,9.7935,51.0000,EB,1217.1386
30618_33bec73f,199,9.9910,9.4439,5.0500,49.7958,824.0790,219.0000,9.8605,9.9960,9.8731,50.0000,EB,1167.1386
30618_33bec73f,200,9.4248,4.7664,7.0499,50.0089,829.1290,301.0000,7.0935,9.4210,7.1545,70.0000,EB,1117.1385
30618_33bec73f,201,4.7617,3.7065,12.1711,50.0576,836.1789,530.0000,4.1128,4.8050,4.1207,116.0000,EB,1067.1385
30618_33bec73f,202,4.3378,0.0000,29.0290,49.7562,848.3500,1310.0000,1.7140,4.2790,1.7167,287.0000,EB,1017.1385
30618_33bec73f,203,6.0462,2.3108,10.6001,50.0588,877.3790,471.0000,4.7225,6.0460,4.7362,106.0000,EB,967.1384
30618_33bec73f,204,7.5014,0.0000,33.6210,49.8828,887.9790,1544.0000,1.4837,7.4420,1.4809,337.0000,EB,917.1384
30618_33bec73f,205,9.7433,7.5287,5.5358,49.9813,921.6000,239.0000,9.0287,9.7080,8.9911,51.0000,EB,867.1384
30618_33bec73f,206,9.7502,8.4035,5.6433,50.1305,927.1358,254.0000,8.8831,9.7410,8.8861,57.0000,EB,818.1384
30618_33bec73f,207,8.7522,8.5917,5.7709,49.9408,932.7791,256.0000,8.6539,8.7570,8.6523,57.0000,EB,768.1383
30618_33bec73f,208,8.7701,7.9599,5.8289,50.0316,938.5500,261.0000,8.5833,8.7820,8.5847,58.0000,EB,718.1382
30618_33bec73f,209,7.9405,0.0000,19.9000,50.0923,944.3789,883.0000,2.5172,7.9060,2.5240,198.0000,EB,669.1382
30618_33bec73f,210,9.0323,2.3019,8.4211,49.9786,964.2789,364.0000,5.9349,8.9920,5.9027,84.0000,EB,620.1381
30618_33bec73f,211,12.0029,9.0419,4.7789,50.1097,972.7000,208.0000,10.4856,12.0060,10.4687,48.0000,EB,570.1380
30618_33bec73f,212,13.7388,12.0207,3.8501,50.0544,977.4789,172.0000,13.0009,13.7190,12.9663,38.0000,EB,520.1379
30618_33bec73f,213,13.9812,12.8860,3.6499,49.8228,981.3290,164.0000,13.6503,14.0330,13.6601,36.0000,EB,470.1379
30618_33bec73f,214,12.8702,10.6000,4.2211,50.1240,984.9789,181.0000,11.8747,12.8590,11.8968,42.0000,EB,420.1378
30618_33bec73f,215,10.5814,4.2096,6.6790,49.8817,989.2000,290.0000,7.4684,10.5620,7.4944,67.0000,EB,370.1378
30618_33bec73f,216,5.8701,4.0622,9.3500,49.9836,995.8790,411.0000,5.3458,5.8760,5.3419,93.0000,EB,320.1378
30618_33bec73f,217,5.6519,0.0000,84.2315,49.9236,1005.2290,4042.0000,0.5927,5.6530,0.6025,796.0000,EB,270.1378
30618_33bec73f,218,3.0249,1.7706,21.8184,49.9877,1089.4605,991.0000,2.2911,3.0510,2.3030,211.0000,EB,220.1378
30618_33bec73f,219,3.2984,0.0000,50.3500,50.0356,1111.2789,2290.0000,0.9938,3.2440,0.9965,502.0000,EB,173.1339
30618_33bec73f,220,3.4680,2.1039,15.8710,50.0936,1161.6290,725.0000,3.1563,3.4550,3.1639,158.0000,EB,0.0000
30618_33bec73f,221,2.0967,0.0000,2.5789,2.4077,1177.5000,117.0000,0.9336,2.2250,1.1205,26.0000,WB,21.3710
30618_3b36e5cd,0,3.4149,0.0000,22.2348,49.7870,3.5500,969.0000,2.2391,3.4590,2.1163,234.0000,WB,25.0000
30618_3b36e5cd,1,3.4587,3.1952,15.1500,50.1284,25.7848,669.0000,3.3088,3.5610,3.3009,151.0000,WB,75.0000
30618_3b36e5cd,2,3.4735,0.0000,52.6051,51.0733,40.9348,2366.0000,0.9709,3.5350,0.9677,520.0000,WB,125.0000
30618_3b36e5cd,3,4.2912,0.0000,28.7950,49.4557,93.5399,1287.0000,1.7175,4.3240,1.7174,291.0000,WB,175.0000
30618_3b36e5cd,4,7.1771,3.4715,8.7999,49.9409,122.3349,399.0000,5.6751,7.1800,5.5771,89.0000,WB,225.0000
30618_3b36e5cd,5,6.1909,0.0000,27.7000,49.8832,131.1348,1245.0000,1.8008,6.2930,1.8516,277.0000,WB,275.0000
30618_3b36e5cd,6,10.3296,6.2192,5.9152,50.0550,158.8348,270.0000,8.4621,10.2890,8.5286,58.0000,WB,325.0000
30618_3b36e5cd,7,11.5759,10.1375,4.7348,50.1598,164.7500,219.0000,10.5938,11.6750,10.6133,47.0000,WB,375.0000
30618_3b36e5cd,8,12.7503,11.5952,4.0501,49.9838,169.4848,185.0000,12.3414,12.7410,12.3558,39.0000,WB,425.0000
30618_3b36e5cd,9,12.4307,9.5811,4.5151,49.8401,173.5349,204.0000,11.0385,12.3990,10.9460,36.0000,WB,475.0000
30618_3b36e5cd,10,9.5844,3.2310,7.7849,50.1605,178.0500,365.0000,6.4433,9.4630,6.5481,74.0000,WB,525.0000
30618_3b36e5cd,11,8.2284,0.0000,30.7499,50.0186,185.8349,1463.0000,1.6266,8.1900,1.7167,291.0000,WB,575.0000
30618_3b36e5cd,12,8.5340,8.2359,5.9152,49.8795,216.5848,279.0000,8.4324,8.5200,8.4222,59.0000,WB,625.0000
30618_3b36e5cd,13,8.6045,8.4395,5.8848,50.2054,222.5000,280.0000,8.5313,8.6020,8.5255,59.0000,WB,675.0000
30618_3b36e5cd,14,8.7701,8.4113,5.8152,49.8100,228.3848,277.0000,8.5655,8.7680,8.5653,55.0000,WB,725.0000
30618_3b36e5cd,15,8.8245,8.4914,5.7848,50.1394,234.2000,271.0000,8.6674,8.8590,8.6781,58.0000,WB,775.0000
30618_3b36e5cd,16,9.0246,6.6981,6.0501,49.9085,239.9848,287.0000,8.2493,9.0410,8.2607,61.0000,WB,825.0000
30618_3b36e5cd,17,6.6751,0.0000,36.7000,50.1370,246.0349,1751.0000,1.3661,6.6380,1.3633,366.0000,WB,875.0000
30618_3b36e5cd,18,5.2476,2.4334,14.1500,49.8834,282.7349,652.0000,3.5253,5.2670,3.5406,141.0000,WB,925.0000
30618_3b36e5cd,19,4.2162,0.0000,68.8500,49.9907,296.8848,3127.0000,0.7261,4.1790,0.7387,685.0000,WB,975.0000
30618_3b36e5cd,20,5.7863,3.3677,11.7000,49.9379,365.7348,529.0000,4.2682,5.6960,4.2583,118.0000,WB,1025.0000
30618_3b36e5cd,21,8.2711,5.8184,7.0500,50.1208,377.4348,311.0000,7.1093,8.2690,7.0838,70.0000,WB,1075.0000
30618_3b36e5cd,22,9.9064,8.2773,5.5152,49.9380,384.4848,243.0000,9.0547,9.9400,9.0367,55.0000,WB,1125.0000
30618_3b36e5cd,23,10.1250,9.8957,5.0000,49.9939,390.0000,223.0000,9.9988,10.1600,10.0145,50.0000,WB,1175.0000
30618_3b36e5cd,24,10.1034,9.8717,5.0000,49.9977,395.0000,225.0000,9.9995,10.1480,10.0019,50.0000,WB,1225.0000
30618_3b36e5cd,25,10.0574,9.7411,5.0848,50.0945,400.0000,227.0000,9.8519,10.1460,9.8542,50.0000,WB,1275.0000
30618_3b36e5cd,26,10.0605,9.9230,5.0000,49.9767,405.0848,220.0000,9.9953,10.0930,9.9996,49.0000,WB,1325.0000
30618_3b36e5cd,27,9.9615,9.6168,5.1500,50.0866,410.0848,234.0000,9.7255,9.9900,9.7344,51.0000,WB,1375.0000
30618_3b36e5cd,28,9.8846,8.7836,5.2000,50.0209,415.2348,224.0000,9.6195,9.9140,9.6284,10.0000,WB,1425.0000
30618_3b36e5cd,29,8.7604,3.5756,8.1652,49.8036,420.4348,356.0000,6.0995,8.3450,5.4149,39.0000,WB,1475.0000
30618_3b36e5cd,30,8.7798,0.0000,16.5500,50.0241,428.6000,708.0000,3.0226,8.6850,2.9912,166.0000,WB,1525.0000
30618_3b36e5cd,31,10.1713,8.7926,5.1348,50.1984,445.1500,222.0000,9.7760,10.1230,9.7534,51.0000,WB,1575.0000
30618_3b36e5cd,32,10.3438,9.9710,4.9152,49.8111,450.2848,211.0000,10.1342,10.3790,10.1518,50.0000,WB,1625.0000
30618_3b36e5cd,33,9.9770,9.8627,5.0500,49.9959,455.2000,216.0000,9.9002,9.9990,9.9057,50.0000,WB,1675.0000
30618_3b36e5cd,34,9.8643,9.7950,5.0849,49.9673,460.2500,213.0000,9.8267,9.8890,9.8241,34.0000,WB,1725.0000
30618_3b36e5cd,35,9.8025,7.8518,5.4999,50.0981,465.3349,236.0000,9.1088,9.8000,9.1750,54.0000,WB,1775.0000
30618_3b36e5cd,36,7.8436,6.6779,7.0500,50.0527,470.8348,295.0000,7.0997,7.9520,7.1313,71.0000,WB,1825.0000
30618_3b36e5cd,37,9.8327,6.6576,6.2152,49.8481,477.8848,262.0000,8.0204,9.8140,7.9580,63.0000,WB,1875.0000
30618_3b36e5cd,38,10.9669,9.7407,4.9848,49.9481,484.1000,203.0000,10.0201,10.8540,9.9893,50.0000,WB,1925.0000
30618_3b36e5cd,39,13.4457,10.9897,4.0652,50.0865,489.0848,171.0000,12.3208,13.3190,12.2320,40.0000,WB,1975.0000
30618_3b36e5cd,40,14.1167,13.4510,3.6349,50.2927,493.1500,146.0000,13.8362,14.1290,13.8172,37.0000,WB,2025.0000
30618_3b36e5cd,41,14.4047,14.1206,3.4651,49.5062,496.7849,141.0000,14.2869,14.4080,14.2790,34.0000,WB,2075.0000
30618_3b36e5cd,42,14.6092,14.4083,3.4500,50.0366,500.2500,138.0000,14.5034,14.5950,14.4871,34.0000,WB,2125.0000
30618_3b36e5cd,43,14.7818,14.6061,3.4348,50.4477,503.7000,141.0000,14.6870,14.7930,14.6659,34.0000,WB,2175.0000
30618_3b36e5cd,44,14.7647,12.3242,3.6652,49.7054,507.1348,148.0000,13.5616,14.7970,13.6265,37.0000,WB,2225.0000
30618_3b36e5cd,45,12.3140,9.7129,4.6349,50.0810,510.8000,185.0000,10.8053,12.3230,10.7632,50.0000,WB,2275.0000
30618_3b36e5cd,46,9.7404,8.1803,5.3151,49.9304,515.4349,215.0000,9.3940,9.7480,9.4057,49.0000,WB,2325.0000
30618_3b36e5cd,47,8.1736,0.0000,14.6500,49.9018,520.7500,602.0000,3.4063,8.2220,3.4988,145.0000,WB,2375.0000
30618_3b36e5cd,48,6.6067,1.8011,10.4000,50.3634,535.4000,438.0000,4.8426,6.4990,4.7562,105.0000,WB,2425.0000
30618_3b36e5cd,49,8.1899,0.0000,29.9000,50.0125,545.8000,1206.0000,1.6727,8.1850,1.6715,296.0000,WB,2475.0000
30618_3b36e5cd,50,8.7887,8.1924,5.8848,49.8560,575.7000,235.0000,8.4720,8.7810,8.4827,59.0000,WB,2525.0000
30618_3b36e5cd,51,10.2765,8.4471,5.5500,50.0415,581.5848,225.0000,9.0165,10.1600,8.9813,55.0000,WB,2575.0000
30618_3b36e5cd,52,12.2403,10.2967,4.4652,50.0929,587.1348,179.0000,11.2185,12.1990,11.1607,45.0000,WB,2625.0000
30618_3b36e5cd,53,13.1142,12.2479,3.8848,49.8645,591.6000,155.0000,12.8357,13.1370,12.8226,39.0000,WB,2675.0000
30618_3b36e5cd,54,12.8393,12.2738,4.0500,50.3680,595.4848,162.0000,12.4365,12.8500,12.4425,40.0000,WB,2725.0000
30618_3b36e5cd,55,12.7379,11.0077,4.0652,49.6972,599.5348,164.0000,12.2252,12.7500,12.2466,41.0000,WB,2775.0000
30618_3b36e5cd,56,10.9959,7.0427,5.5349,50.1327,603.6000,222.0000,9.0576,11.0530,9.1266,55.0000,WB,2825.0000
30618_3b36e5cd,57,7.0265,0.0000,36.8499,49.6356,609.1349,1477.0000,1.3470,7.0290,1.3683,367.0000,WB,2875.0000
30618_3b36e5cd,58,8.2479,4.4507,7.1652,49.9117,645.9848,287.0000,6.9659,8.2840,6.9374,72.0000,WB,2925.0000
30618_3b36e5cd,59,7.6318,1.1718,10.7349,50.0024,653.1500,430.0000,4.6579,7.6130,4.6901,107.0000,WB,2975.0000
30618_3b36e5cd,60,8.4982,0.0000,78.9499,50.0996,663.8849,3163.0000,0.6346,8.3580,0.6353,780.0000,WB,3025.0000
30618_3b36e5cd,61,11.4470,8.5148,4.9500,49.7880,742.8348,198.0000,10.0581,11.3880,9.9977,50.0000,WB,3075.0000
30618_3b36e5cd,62,13.0997,11.4646,4.0500,50.0440,747.7848,163.0000,12.3565,13.0950,12.3262,41.0000,WB,3125.0000
30618_3b36e5cd,63,14.0120,13.1107,3.7000,50.2130,751.8348,149.0000,13.5711,13.9760,13.5652,37.0000,WB,3175.0000
30618_3b36e5cd,64,14.1437,13.6202,3.5999,49.7765,755.5348,147.0000,13.8270,14.1090,13.8162,36.0000,WB,3225.0000
30618_3b36e5cd,65,13.7390,13.0741,3.7000,50.3812,759.1348,148.0000,13.6165,13.7490,13.5921,36.0000,WB,3275.0000
30618_3b36e5cd,66,13.0491,10.2299,4.3000,49.8657,762.8348,172.0000,11.5967,12.9920,11.4797,47.0000,WB,3325.0000
30618_3b36e5cd,67,10.2091,6.5447,5.9500,49.8209,767.1348,238.0000,8.3733,9.9540,8.2767,55.0000,WB,3375.0000
30618_3b36e5cd,68,6.5238,0.0000,39.9000,49.9927,773.0848,1600.0000,1.2529,6.5550,1.4057,358.0000,WB,3425.0000
30618_3b36e5cd,69,8.8167,5.3733,6.5500,50.0090,812.9848,262.0000,7.6349,8.8630,7.6385,65.0000,WB,3475.0000
30618_3b36e5cd,70,8.6747,3.3864,8.2500,49.9232,819.5348,331.0000,6.0513,8.6310,6.0454,83.0000,WB,3525.0000
30618_3b36e5cd,71,3.3731,0.0000,22.9152,50.0171,827.7848,920.0000,2.1827,3.3520,2.1831,229.0000,WB,3575.0000
30618_3b36e5cd,72,4.4908,2.5567,15.7348,50.0057,850.7000,630.0000,3.1780,4.5550,3.1904,156.0000,WB,3625.0000
30618_3b36e5cd,73,8.1424,4.0659,8.9500,49.9135,866.4348,359.0000,5.5769,8.1150,5.5697,90.0000,WB,3675.0000
30618_3b36e5cd,74,9.3244,7.9092,5.9652,50.0887,875.3848,239.0000,8.3968,9.2780,8.3787,59.0000,WB,3725.0000
30618_3b36e5cd,75,11.0876,9.3340,4.8848,50.1616,881.3500,195.0000,10.2690,11.0450,10.2343,49.0000,WB,3775.0000
30618_3b36e5cd,76,12.1349,11.0974,4.2652,49.6741,886.2348,171.0000,11.6463,12.0960,11.6141,43.0000,WB,3825.0000
30618_3b36e5cd,77,12.7000,12.1313,4.0348,50.2752,890.5000,161.0000,12.4605,12.7050,12.4467,40.0000,WB,3875.0000
30618_3b36e5cd,78,12.3452,9.2113,4.9652,49.8623,894.5348,199.0000,10.0423,12.3100,10.0326,50.0000,WB,3925.0000
30618_3b36e5cd,79,10.7092,9.8572,4.8000,49.8960,899.5000,192.0000,10.3950,10.7230,10.3831,47.0000,WB,3975.0000
30618_3b36e5cd,80,9.8806,8.6400,5.5848,50.2927,904.3000,223.0000,9.0052,9.8230,8.9964,56.0000,WB,4025.0000
30618_3b36e5cd,81,8.6223,1.4345,9.6000,49.8621,909.8848,385.0000,5.1940,8.5720,4.9226,102.0000,WB,4075.0000
30618_3b36e5cd,82,9.1176,0.0000,38.2000,50.3733,919.4848,1531.0000,1.3187,9.1060,1.3388,376.0000,WB,4125.0000
30618_3b36e5cd,83,11.4905,9.1395,4.7152,49.7915,957.6848,190.0000,10.5598,11.5060,10.5578,47.0000,WB,4175.0000
30618_3b36e5cd,84,11.5133,8.8222,4.8500,50.0920,962.4000,194.0000,10.3282,11.5030,10.3330,47.0000,WB,4225.0000
30618_3b36e5cd,85,8.8002,5.6378,6.7500,49.9890,967.2500,270.0000,7.4058,8.7690,7.4139,68.0000,WB,4275.0000
30618_3b36e5cd,86,7.0198,0.0000,26.7000,50.1944,974.0000,1069.0000,1.8799,7.0270,1.8735,258.0000,WB,4325.0000
30618_3b36e5cd,87,8.6584,7.0317,6.0500,49.9340,1000.7000,242.0000,8.2536,8.6810,8.2507,60.0000,WB,4375.0000
30618_3b36e5cd,88,10.3151,8.2259,5.5000,50.0992,1006.7500,220.0000,9.1089,10.2410,9.0957,55.0000,WB,4425.0000
30618_3b36e5cd,89,11.2408,10.3211,4.5848,49.9641,1012.2500,184.0000,10.8978,11.2430,10.8855,46.0000,WB,4475.0000
30618_3b36e5cd,90,10.4251,6.2924,5.9501,50.0579,1016.8348,238.0000,8.4130,10.4180,8.4034,60.0000,WB,4525.0000
30618_3b36e5cd,91,6.3783,0.0000,37.0000,50.1862,1022.7848,1483.0000,1.3564,6.2740,1.3506,369.0000,WB,4575.0000
30618_3b36e5cd,92,10.7112,6.4077,5.7651,49.9623,1059.7849,232.0000,8.6663,10.6610,8.6207,58.0000,WB,4625.0000
30618_3b36e5cd,93,12.4979,10.7110,4.2500,49.9972,1065.5500,170.0000,11.7640,12.5120,11.7504,43.0000,WB,4675.0000
30618_3b36e5cd,94,13.0522,12.4969,3.9000,50.0320,1069.8000,156.0000,12.8287,13.0540,12.8195,39.0000,WB,4725.0000
30618_3b36e5cd,95,12.5818,9.3164,4.5849,50.1879,1073.7000,183.0000,10.9465,12.5750,10.9704,45.0000,WB,4775.0000
30618_3b36e5cd,96,9.2928,8.5018,5.7000,49.8586,1078.2849,229.0000,8.7472,9.3520,8.7664,57.0000,WB,4825.0000
30618_3b36e5cd,97,8.7584,8.5384,5.8000,50.0743,1083.9848,233.0000,8.6336,8.7790,8.6437,58.0000,WB,4875.0000
30618_3b36e5cd,98,8.6806,7.8502,5.9000,49.9340,1089.7848,236.0000,8.4634,8.7060,8.4811,59.0000,WB,4925.0000
30618_3b36e5cd,99,7.8265,0.0000,35.2500,50.0385,1095.6848,1411.0000,1.4195,7.8800,1.4407,351.0000,WB,4975.0000
30618_3b36e5cd,100,9.5972,2.2009,8.2999,49.9936,1130.9349,333.0000,6.0234,9.5420,5.9630,84.0000,WB,5025.0000
30618_3b36e5cd,101,12.1580,9.6243,4.5001,50.0469,1139.2348,180.0000,11.1214,12.1330,11.1066,45.0000,WB,5075.0000
30618_3b36e5cd,102,12.2564,10.0474,4.3999,50.1214,1143.7349,176.0000,11.3914,12.2770,11.4433,38.0000,WB,5125.0000
30618_3b36e5cd,103,10.0239,5.6081,6.2501,49.7876,1148.1348,250.0000,7.9659,10.1030,8.0462,58.0000,WB,5175.0000
30618_3b36e5cd,104,7.0373,0.0000,40.8652,49.9540,1154.3848,1637.0000,1.2224,7.0290,1.2311,409.0000,WB,5225.0000
30618_3b36e5cd,105,7.5183,3.4745,8.3348,49.9855,1195.2500,334.0000,5.9972,7.5560,6.0280,83.0000,WB,5275.0000
30618_3b36e5cd,106,4.3761,0.0000,20.4500,50.0400,1203.5848,820.0000,2.4469,4.3670,2.4546,204.0000,WB,5325.0000
30618_3b36e5cd,107,3.1656,1.8948,18.4000,49.9579,1224.0348,738.0000,2.7151,3.1920,2.7252,184.0000,WB,5375.0000
30618_3b36e5cd,108,2.9903,0.0000,16.8500,35.7788,1242.4348,678.0000,2.1234,2.9760,2.1596,169.0000,WB,5425.0000
30618_3b36e5cd,221,0.0000,0.0000,2.3500,0.0000,1.2000,71.0000,0.0000,0.0210,0.0124,9.0000,WB,21.3710
30618_3e9f4952,0,3.5256,2.0476,16.2000,50.0087,76.2290,711.0000,3.0870,3.5070,3.0859,161.0000,WB,25.0000
30618_3e9f4952,1,3.7979,3.0043,15.4710,50.0217,92.4290,709.0000,3.2332,3.7680,3.2292,153.0000,WB,75.0000
30618_3e9f4952,2,3.6881,0.0000,40.5790,50.1203,107.9000,1864.0000,1.2351,3.7370,1.2454,395.0000,WB,125.0000
30618_3e9f4952,3,4.2781,0.0000,36.4210,49.7072,148.4790,1663.0000,1.3648,4.3260,1.3756,364.0000,WB,175.0000
30618_3e9f4952,4,7.1512,3.3902,8.8790,50.0237,184.9000,398.0000,5.6339,7.1340,5.6143,84.0000,WB,225.0000
30618_3e9f4952,5,6.2295,0.0000,27.3710,50.2065,193.7790,1224.0000,1.8343,6.1600,1.8408,273.0000,WB,275.0000
30618_3e9f4952,6,10.3509,6.2180,5.9000,50.0753,221.1500,260.0000,8.4873,10.3170,8.4440,59.0000,WB,325.0000
30618_3e9f4952,7,11.5959,10.1689,4.7290,50.1402,227.0500,205.0000,10.6028,11.5290,10.5759,47.0000,WB,375.0000
30618_3e9f4952,8,12.7624,11.6125,4.0500,50.0920,231.7790,172.0000,12.3684,12.7330,12.3483,41.0000,WB,425.0000
30618_3e9f4952,9,12.4500,9.4117,4.5710,49.8521,235.8290,202.0000,10.9061,12.4120,10.9445,45.0000,WB,475.0000
30618_3e9f4952,10,9.3962,3.0743,8.2000,50.0261,240.4000,357.0000,6.1007,9.4230,6.1324,81.0000,WB,525.0000
30618_3e9f4952,11,6.9550,0.0000,41.7500,50.1111,248.6000,1895.0000,1.2003,6.9110,1.1988,392.0000,WB,575.0000
30618_3e9f4952,12,8.4223,6.9714,6.1290,49.9314,290.3500,274.0000,8.1468,8.4480,8.1375,56.0000,WB,625.0000
30618_3e9f4952,13,8.3879,8.2422,6.0210,50.1227,296.4790,260.0000,8.3246,8.3860,8.3186,59.0000,WB,675.0000
30618_3e9f4952,14,8.5044,8.2137,6.0000,49.8501,302.5000,267.0000,8.3083,8.5070,8.3145,59.0000,WB,725.0000
30618_3e9f4952,15,8.8055,8.4540,5.8000,50.0071,308.5000,257.0000,8.6219,8.8270,8.6354,57.0000,WB,775.0000
30618_3e9f4952,16,9.0144,6.6333,6.0500,50.0933,314.3000,260.0000,8.2799,9.0240,8.2968,58.0000,WB,825.0000
30618_3e9f4952,17,6.6189,0.0000,38.7000,49.9573,320.3500,1765.0000,1.2909,6.6350,1.2990,369.0000,WB,875.0000
30618_3e9f4952,18,4.4547,0.8508,15.7500,50.0003,359.0500,700.0000,3.1746,4.4870,3.1737,157.0000,WB,925.0000
30618_3e9f4952,19,4.3132,2.5990,16.3289,50.0744,374.8000,705.0000,3.0666,4.3170,3.0660,163.0000,WB,975.0000
30618_3e9f4952,20,5.8094,4.0602,11.5000,50.0432,391.1289,509.0000,4.3516,5.6580,4.3364,106.0000,WB,1025.0000
30618_3e9f4952,21,8.2938,5.8377,7.0000,49.8746,402.6289,315.0000,7.1249,8.2840,7.0925,69.0000,WB,1075.0000
30618_3e9f4952,22,9.7655,8.2976,5.6501,50.0071,409.6289,251.0000,8.8507,9.7710,8.8450,56.0000,WB,1125.0000
30618_3e9f4952,23,10.1173,9.7699,5.0210,50.0156,415.2790,230.0000,9.9613,10.1730,9.9736,49.0000,WB,1175.0000
30618_3e9f4952,24,10.1166,9.8363,5.0290,50.1401,420.3000,232.0000,9.9702,10.1590,9.9766,50.0000,WB,1225.0000
30618_3e9f4952,25,10.0898,9.6983,5.0500,49.8001,425.3290,229.0000,9.8614,10.1250,9.8663,53.0000,WB,1275.0000
30618_3e9f4952,26,9.9398,9.7930,5.0710,50.0506,430.3790,237.0000,9.8699,10.0220,9.9195,29.0000,WB,1325.0000
30618_3e9f4952,27,10.0331,9.6507,5.0290,49.9190,435.4500,229.0000,9.9262,10.0850,9.8747,50.0000,WB,1375.0000
30618_3e9f4952,28,9.9233,8.8113,5.2000,50.1684,440.4790,230.0000,9.6478,9.9260,9.2803,51.0000,WB,1425.0000
30618_3e9f4952,29,8.7901,3.4240,8.3210,49.9056,445.6790,378.0000,5.9975,7.6880,2.9538,152.0000,WB,1475.0000
30618_3e9f4952,30,8.8060,0.0000,16.7145,50.0534,454.0000,766.0000,2.9946,9.5600,6.1675,80.0000,WB,1525.0000
30618_3e9f4952,31,10.0085,8.8062,5.1355,49.9396,470.7145,227.0000,9.7243,10.0370,9.8487,51.0000,WB,1575.0000
30618_3e9f4952,32,10.0359,9.6637,5.0790,50.0408,475.8500,227.0000,9.8526,10.0280,9.8993,47.0000,WB,1625.0000
30618_3e9f4952,33,9.9109,9.7588,5.1000,50.1345,480.9290,223.0000,9.8304,9.8980,9.8109,51.0000,WB,1675.0000
30618_3e9f4952,34,9.8247,9.6135,5.1501,49.9189,486.0289,230.0000,9.6929,9.8350,9.6767,40.0000,WB,1725.0000
30618_3e9f4952,35,9.8279,7.8177,5.4710,49.9337,491.1790,235.0000,9.1269,9.8340,9.1800,55.0000,WB,1775.0000
30618_3e9f4952,36,7.8141,6.8691,7.0000,50.0526,496.6500,300.0000,7.1504,7.8690,7.1720,69.0000,WB,1825.0000
30618_3e9f4952,37,9.9004,6.8070,6.1790,49.9996,503.6500,273.0000,8.0919,9.8550,8.0079,63.0000,WB,1875.0000
30618_3e9f4952,38,10.9249,9.6693,4.9999,49.8694,509.8290,218.0000,9.9740,10.7640,9.9343,50.0000,WB,1925.0000
30618_3e9f4952,39,13.4897,10.9488,4.0501,49.9261,514.8289,177.0000,12.3272,13.3870,12.2438,40.0000,WB,1975.0000
30618_3e9f4952,40,14.1784,13.4998,3.6210,50.2581,518.8790,162.0000,13.8797,14.1620,13.8591,36.0000,WB,2025.0000
30618_3e9f4952,41,14.3690,14.1808,3.4790,49.7302,522.5000,149.0000,14.2944,14.3640,14.2835,35.0000,WB,2075.0000
30618_3e9f4952,42,14.5780,14.3701,3.4710,50.1932,525.9790,154.0000,14.4607,14.5670,14.4491,34.0000,WB,2125.0000
30618_3e9f4952,43,14.7887,14.5791,3.4000,49.8979,529.4500,149.0000,14.6758,14.7860,14.6603,34.0000,WB,2175.0000
30618_3e9f4952,44,14.7694,12.5871,3.6290,49.9637,532.8500,155.0000,13.7679,14.8170,13.8333,37.0000,WB,2225.0000
30618_3e9f4952,45,13.1387,12.0422,4.0499,50.2180,536.4790,177.0000,12.3997,13.5310,12.5354,48.0000,WB,2275.0000
30618_3e9f4952,46,14.1358,13.1551,3.6211,49.8989,540.5289,157.0000,13.7801,14.1520,13.8530,28.0000,WB,2325.0000
30618_3e9f4952,47,14.0832,11.8495,3.8500,49.9227,544.1500,168.0000,12.9669,14.1060,13.0639,38.0000,WB,2375.0000
30618_3e9f4952,48,11.8377,10.8172,4.5500,50.1733,548.0000,197.0000,11.0271,11.8840,11.0613,41.0000,WB,2425.0000
30618_3e9f4952,49,10.8614,8.6177,4.9500,49.9558,552.5500,217.0000,10.0921,10.9000,10.1385,49.0000,WB,2475.0000
30618_3e9f4952,50,8.6057,8.0062,6.0290,49.9563,557.5000,268.0000,8.2860,8.6340,8.3009,60.0000,WB,2525.0000
30618_3e9f4952,51,9.7105,8.4060,5.7000,49.9919,563.5290,248.0000,8.7705,9.6090,8.7484,57.0000,WB,2575.0000
30618_3e9f4952,52,11.3145,9.7225,4.8710,50.1084,569.2290,218.0000,10.2871,11.2950,10.2397,49.0000,WB,2625.0000
30618_3e9f4952,53,12.7585,11.3274,4.0790,49.9372,574.1000,180.0000,12.2426,12.7670,12.2150,40.0000,WB,2675.0000
30618_3e9f4952,54,12.7065,12.0824,4.0500,49.8285,578.1790,174.0000,12.3033,12.7150,12.3075,40.0000,WB,2725.0000
30618_3e9f4952,55,13.7879,12.5758,3.7710,50.1914,582.2290,166.0000,13.3098,13.7490,13.2577,38.0000,WB,2775.0000
30618_3e9f4952,56,13.9857,13.5465,3.6000,49.8975,586.0000,153.0000,13.8604,13.9660,13.8574,36.0000,WB,2825.0000
30618_3e9f4952,57,13.5314,10.7712,4.1500,49.9177,589.6000,174.0000,12.0284,13.4360,12.0972,41.0000,WB,2875.0000
30618_3e9f4952,58,10.7578,7.8299,5.6000,50.1905,593.7500,238.0000,8.9626,10.7930,9.0322,56.0000,WB,2925.0000
30618_3e9f4952,59,7.8416,0.0000,13.7768,49.8540,599.3500,595.0000,3.6187,7.8430,4.4645,112.0000,WB,2975.0000
30618_3e9f4952,60,8.9687,0.0000,40.0022,49.4876,613.1268,1811.0000,1.2371,8.9150,1.1739,424.0000,WB,3025.0000
30618_3e9f4952,61,11.6517,8.9890,4.8000,50.2237,653.1290,204.0000,10.4632,11.5890,10.4454,48.0000,WB,3075.0000
30618_3e9f4952,62,11.8745,10.1842,4.4000,49.7080,657.9290,190.0000,11.2974,11.8810,11.2991,44.0000,WB,3125.0000
30618_3e9f4952,63,10.1685,5.8289,6.2210,50.0593,662.3290,264.0000,8.0468,10.1350,8.0658,62.0000,WB,3175.0000
30618_3e9f4952,64,6.9824,0.0000,31.9291,50.3351,668.5500,1406.0000,1.5765,6.8600,1.5751,319.0000,WB,3225.0000
30618_3e9f4952,65,10.8318,7.0059,5.5209,50.0532,700.4791,232.0000,9.0661,10.7490,9.0001,55.0000,WB,3275.0000
30618_3e9f4952,66,11.5433,10.7472,4.4290,49.8561,706.0000,187.0000,11.2568,11.5560,11.2502,45.0000,WB,3325.0000
30618_3e9f4952,67,10.7272,7.1081,5.5710,50.1147,710.4290,243.0000,8.9956,10.7290,8.9312,58.0000,WB,3375.0000
30618_3e9f4952,68,7.0926,0.0000,35.0790,50.0836,716.0000,1481.0000,1.4277,7.1230,1.3137,324.0000,WB,3425.0000
30618_3e9f4952,69,8.7793,5.3516,6.5710,50.0785,751.0790,274.0000,7.6211,8.8070,7.5902,66.0000,WB,3475.0000
30618_3e9f4952,70,8.5959,3.0796,8.6000,49.9488,757.6500,356.0000,5.8080,8.5870,5.8647,85.0000,WB,3525.0000
30618_3e9f4952,71,3.0693,0.0000,23.7500,49.9880,766.2500,975.0000,2.1048,3.1520,2.1160,231.0000,WB,3575.0000
30618_3e9f4952,72,4.4799,2.5378,15.6289,49.9259,790.0000,633.0000,3.1945,4.4920,3.2108,141.0000,WB,3625.0000
30618_3e9f4952,73,7.6928,1.7526,11.8211,50.0743,805.6289,477.0000,4.2360,7.5360,4.1915,118.0000,WB,3675.0000
30618_3e9f4952,74,9.1225,7.4884,6.2290,49.9879,817.4500,249.0000,8.0251,9.0420,7.9964,63.0000,WB,3725.0000
30618_3e9f4952,75,10.9804,9.1375,4.9210,50.0261,823.6790,200.0000,10.1658,10.9220,10.1105,49.0000,WB,3775.0000
30618_3e9f4952,76,11.0847,9.6904,4.6790,49.9194,828.6000,189.0000,10.6688,11.0770,10.6729,47.0000,WB,3825.0000
30618_3e9f4952,77,9.6726,5.5822,6.5000,50.0833,833.2790,266.0000,7.7051,9.6460,7.6760,58.0000,WB,3875.0000
30618_3e9f4952,78,6.9269,0.0000,32.2710,49.8921,839.7790,1301.0000,1.5460,6.9340,1.4811,296.0000,WB,3925.0000
30618_3e9f4952,79,9.4353,6.9560,5.8290,50.0956,872.0500,233.0000,8.5942,9.4730,8.5687,58.0000,WB,3975.0000
30618_3e9f4952,80,9.4185,4.9675,6.9000,50.0082,877.8790,277.0000,7.2475,9.4590,7.2952,69.0000,WB,4025.0000
30618_3e9f4952,81,5.4101,0.0000,34.2999,49.8249,884.7790,1377.0000,1.4526,5.4060,1.4598,344.0000,WB,4075.0000
30618_3e9f4952,82,9.2265,0.3118,10.6710,49.9291,919.0790,427.0000,4.6789,9.1440,4.6753,106.0000,WB,4125.0000
30618_3e9f4952,83,11.5230,9.2450,4.7000,50.0590,929.7500,189.0000,10.6509,11.5320,10.6224,45.0000,WB,4175.0000
30618_3e9f4952,84,11.5320,8.5531,4.9290,50.1011,934.4500,198.0000,10.1646,11.5530,10.1979,49.0000,WB,4225.0000
30618_3e9f4952,85,8.5344,5.4424,6.9500,49.9327,939.3790,282.0000,7.1846,8.5260,7.2422,69.0000,WB,4275.0000
30618_3e9f4952,86,7.0119,0.0000,64.3000,49.9289,946.3290,2578.0000,0.7765,6.9870,0.7908,634.0000,WB,4325.0000
30618_3e9f4952,87,8.5887,7.0346,6.1000,50.1431,1010.6289,245.0000,8.2202,8.6410,8.2279,60.0000,WB,4375.0000
30618_3e9f4952,88,10.3975,8.2003,5.4710,49.8896,1016.7290,219.0000,9.1189,10.3150,9.0806,55.0000,WB,4425.0000
30618_3e9f4952,89,11.1811,10.4074,4.5790,49.9633,1022.2000,184.0000,10.9113,11.1870,10.9026,46.0000,WB,4475.0000
30618_3e9f4952,90,10.4591,6.0865,6.0710,50.0910,1026.7790,244.0000,8.2509,10.4710,8.3174,60.0000,WB,4525.0000
30618_3e9f4952,91,6.0739,0.0000,40.9000,49.8694,1032.8500,1637.0000,1.2193,6.1280,1.2351,408.0000,WB,4575.0000
30618_3e9f4952,92,10.4469,5.7084,6.1000,49.9825,1073.7500,245.0000,8.1939,10.4110,8.1617,61.0000,WB,4625.0000
30618_3e9f4952,93,12.4403,10.4714,4.3000,50.0019,1079.8500,173.0000,11.6283,12.4150,11.5959,43.0000,WB,4675.0000
30618_3e9f4952,94,12.9762,12.4260,3.9290,50.1508,1084.1500,158.0000,12.7644,12.9870,12.7481,37.0000,WB,4725.0000
30618_3e9f4952,95,12.5359,9.1822,4.6000,49.9775,1088.0790,184.0000,10.8646,12.5810,10.9116,46.0000,WB,4775.0000
30618_3e9f4952,96,9.1627,8.4549,5.7499,49.7985,1092.6790,231.0000,8.6607,9.1960,8.6780,58.0000,WB,4825.0000
30618_3e9f4952,97,8.7370,8.4715,5.8211,50.0131,1098.4289,233.0000,8.5917,8.7900,8.6054,57.0000,WB,4875.0000
30618_3e9f4952,98,8.8403,7.8562,5.8290,50.0345,1104.2500,233.0000,8.5838,8.8070,8.6022,58.0000,WB,4925.0000
30618_3e9f4952,99,7.8353,0.0000,39.5210,50.1884,1110.0790,1586.0000,1.2699,7.8610,1.2784,389.0000,WB,4975.0000
30618_3e9f4952,100,9.5264,1.9418,8.5000,49.9018,1149.6000,341.0000,5.8708,9.4370,5.7916,82.0000,WB,5025.0000
30618_3e9f4952,101,12.1236,9.5426,4.5292,50.1381,1158.1000,182.0000,11.0700,12.0910,11.0110,45.0000,WB,5075.0000
30618_3e9f4952,102,12.2396,9.9025,4.3997,49.9288,1162.6292,177.0000,11.3481,12.2420,11.4051,43.0000,WB,5125.0000
30618_3e9f4952,103,9.8884,5.3861,6.4211,49.9732,1167.0289,260.0000,7.7827,9.9430,7.8299,64.0000,WB,5175.0000
30618_3e9f4952,104,6.8507,0.0000,37.6500,49.8211,1173.4500,1520.0000,1.3233,6.7970,1.3166,376.0000,WB,5225.0000
30618_3e9f4952,105,7.3674,2.5464,8.6000,50.0527,1211.1000,348.0000,5.8201,7.4080,5.9017,85.0000,WB,5275.0000
30618_3e9f4952,106,4.3279,0.0000,60.1790,49.7810,1219.7000,2447.0000,0.8272,4.2960,0.8333,603.0000,WB,5325.0000
30618_3e9f4952,107,3.0592,1.6078,19.7500,50.0180,1279.8790,796.0000,2.5326,3.0860,2.5291,197.0000,WB,5375.0000
30618_3e9f4952,108,4.0520,2.4437,17.3210,49.9871,1299.6290,703.0000,2.8859,4.0670,2.8860,174.0000,WB,5425.0000
30618_3e9f4952,109,2.7074,0.4744,5.9290,12.4854,1316.9500,244.0000,2.1058,2.6960,2.1485,59.0000,WB,5475.0000
30618_3e9f4952,221,2.0282,0.0000,76.2290,3.2396,0.0000,3295.0000,0.0425,1.9770,0.0439,726.0000,WB,21.3710
30618_40ffd323,0,3.4254,0.0000,22.3500,50.0795,2.0500,891.0000,2.2407,3.4530,2.1019,237.0000,WB,25.0000
30618_40ffd323,1,3.4695,3.1968,15.0509,49.8713,26.4000,604.0000,3.3135,3.5100,3.3089,151.0000,WB,75.0000
30618_40ffd323,2,3.4427,0.0000,37.9491,50.2274,41.4509,1517.0000,1.3235,3.4670,1.3239,379.0000,WB,125.0000
30618_40ffd323,3,4.2931,0.0000,24.7500,50.1349,79.4000,1011.0000,2.0257,4.3140,2.1736,245.0000,WB,175.0000
30618_40ffd323,4,7.2030,3.7156,8.4500,50.0415,104.1500,345.0000,5.9221,7.2190,5.5889,89.0000,WB,225.0000
30618_40ffd323,5,6.6778,0.0000,27.8000,49.9473,112.6000,1174.0000,1.7967,6.1780,1.8004,279.0000,WB,275.0000
30618_40ffd323,6,10.3055,6.7165,5.6000,48.9514,140.4000,233.0000,8.7413,10.2320,8.3851,58.0000,WB,325.0000
30618_40ffd323,7,10.4991,8.9053,4.9500,49.9178,146.0000,200.0000,10.0844,10.4600,9.9222,51.0000,WB,375.0000
30618_40ffd323,8,8.8496,0.0000,16.9000,49.8229,150.9500,705.0000,2.9481,8.3530,2.8301,177.0000,WB,425.0000
30618_40ffd323,9,8.5508,3.5866,7.6500,50.1674,167.8500,322.0000,6.5578,8.5410,7.2586,68.0000,WB,475.0000
30618_40ffd323,10,8.4963,3.3123,8.2500,49.8499,175.5000,345.0000,6.0424,8.1420,2.5351,198.0000,WB,525.0000
30618_40ffd323,11,5.4168,0.0000,41.8500,51.7518,183.7500,1810.0000,1.2366,5.4120,1.6218,306.0000,WB,575.0000
30618_40ffd323,12,8.0140,0.0000,16.5500,49.9819,225.6000,701.0000,3.0201,8.2350,3.1400,158.0000,WB,625.0000
30618_40ffd323,13,8.6177,8.0275,5.9000,49.9280,242.1500,255.0000,8.4624,8.6030,8.5020,59.0000,WB,675.0000
30618_40ffd323,14,8.7415,8.5093,5.8500,50.2257,248.0500,260.0000,8.5856,8.7690,8.6096,58.0000,WB,725.0000
30618_40ffd323,15,8.7665,8.5113,5.7500,49.8874,253.9000,246.0000,8.6761,8.8350,8.6643,57.0000,WB,775.0000
30618_40ffd323,16,8.6178,6.7580,6.5500,50.0344,259.6500,276.0000,7.6388,8.4440,7.4510,67.0000,WB,825.0000
30618_40ffd323,17,6.7384,0.0000,32.1500,50.0482,266.2000,1378.0000,1.5567,6.4510,1.5494,323.0000,WB,875.0000
30618_40ffd323,18,5.1895,2.4414,13.3500,49.9348,298.3500,564.0000,3.7404,5.2520,3.5612,141.0000,WB,925.0000
30618_40ffd323,19,3.8648,0.0000,39.6000,49.8992,311.7000,1632.0000,1.2601,4.1040,1.2747,393.0000,WB,975.0000
30618_40ffd323,20,4.9518,2.9550,11.8510,49.8764,351.3000,488.0000,4.2086,5.7570,4.3948,114.0000,WB,1025.0000
30618_40ffd323,21,8.1063,4.9524,7.3990,50.2898,363.1510,311.0000,6.7968,8.2380,7.1007,70.0000,WB,1075.0000
30618_40ffd323,22,9.8535,8.1159,5.6000,49.7543,370.5500,244.0000,8.8847,9.9470,9.0487,55.0000,WB,1125.0000
30618_40ffd323,23,10.0986,9.8612,5.0000,49.8762,376.1500,203.0000,9.9752,10.1800,10.0264,51.0000,WB,1175.0000
30618_40ffd323,24,10.1219,9.8720,5.0000,50.0487,381.1500,203.0000,10.0097,10.1510,10.0162,46.0000,WB,1225.0000
30618_40ffd323,25,10.0668,9.7624,5.1000,50.3614,386.1500,205.0000,9.8748,10.0060,9.8574,49.0000,WB,1275.0000
30618_40ffd323,26,10.0557,9.7723,5.0000,49.9193,391.2500,205.0000,9.9839,10.1000,9.9738,50.0000,WB,1325.0000
30618_40ffd323,27,9.8494,9.6224,5.1500,50.1013,396.2500,209.0000,9.7284,9.8980,9.7553,51.0000,WB,1375.0000
30618_40ffd323,28,9.8992,9.6155,5.0500,49.6991,401.4000,206.0000,9.8414,9.9730,9.8117,51.0000,WB,1425.0000
30618_40ffd323,29,9.5516,4.3302,7.4000,50.2304,406.4500,302.0000,6.7879,9.0880,6.2329,81.0000,WB,1475.0000
30618_40ffd323,30,8.3159,0.0000,17.2500,50.0641,413.8500,696.0000,2.9023,8.6780,2.9870,165.0000,WB,1525.0000
30618_40ffd323,31,10.0444,8.3581,5.2000,50.0113,431.1000,208.0000,9.6176,10.0620,9.7492,52.0000,WB,1575.0000
30618_40ffd323,32,10.2805,9.8606,4.9500,49.8918,436.3000,198.0000,10.0791,10.3160,10.1065,49.0000,WB,1625.0000
30618_40ffd323,33,9.9712,9.8718,5.0500,50.0493,441.2500,205.0000,9.9108,9.9670,9.9106,50.0000,WB,1675.0000
30618_40ffd323,34,9.8811,8.8414,5.1500,49.8092,446.3000,210.0000,9.6717,9.8870,9.3762,53.0000,WB,1725.0000
30618_40ffd323,35,8.8332,3.6571,8.0000,49.9972,451.4500,322.0000,6.2496,7.9870,3.1214,161.0000,WB,1775.0000
30618_40ffd323,36,7.3385,0.0000,16.7500,50.0916,459.4500,670.0000,2.9905,7.3250,5.6526,88.0000,WB,1825.0000
30618_40ffd323,37,9.3893,7.0113,6.5000,49.9814,476.2000,260.0000,7.6895,9.9060,8.2622,60.0000,WB,1875.0000
30618_40ffd323,38,10.0357,9.4117,5.1000,50.1559,482.7000,204.0000,9.8345,10.8180,9.9960,50.0000,WB,1925.0000
30618_40ffd323,39,13.0012,10.0575,4.3000,49.8399,487.8000,172.0000,11.5907,13.3660,12.2507,41.0000,WB,1975.0000
30618_40ffd323,40,14.0077,13.0289,3.6500,49.7600,492.1000,146.0000,13.6329,14.1500,13.8376,36.0000,WB,2025.0000
30618_40ffd323,41,14.3354,14.0175,3.5500,50.4772,495.7500,142.0000,14.2189,14.3640,14.2735,35.0000,WB,2075.0000
30618_40ffd323,42,14.5070,14.3368,3.4500,49.6744,499.3000,138.0000,14.3984,14.5610,14.4374,34.0000,WB,2125.0000
30618_40ffd323,43,14.7068,14.5149,3.4500,50.3976,502.7500,138.0000,14.6080,14.7650,14.6383,34.0000,WB,2175.0000
30618_40ffd323,44,14.7404,12.9596,3.5500,49.8604,506.2000,142.0000,14.0452,14.7030,13.5068,37.0000,WB,2225.0000
30618_40ffd323,45,12.9491,8.7341,4.6000,50.0526,509.7500,184.0000,10.8810,12.0960,9.8526,51.0000,WB,2275.0000
30618_40ffd323,46,8.6882,0.0000,16.0000,49.8847,514.3500,640.0000,3.1178,7.4580,2.9255,172.0000,WB,2325.0000
30618_40ffd323,47,6.8630,4.4342,8.5500,49.8496,530.3500,342.0000,5.8304,6.8540,5.6823,88.0000,WB,2375.0000
30618_40ffd323,48,4.6568,4.4320,10.7500,49.5175,538.9000,430.0000,4.6063,4.6630,4.6266,108.0000,WB,2425.0000
30618_40ffd323,49,4.6486,4.2741,11.1000,50.1754,549.6500,444.0000,4.5203,4.6350,4.4214,113.0000,WB,2475.0000
30618_40ffd323,50,6.4530,0.0000,18.8500,50.3016,560.7500,755.0000,2.6685,7.5220,2.7929,179.0000,WB,2525.0000
30618_40ffd323,51,9.9754,6.5008,5.9500,49.9753,579.6000,238.0000,8.3992,10.4370,8.9614,55.0000,WB,2575.0000
30618_40ffd323,52,12.0582,9.9945,4.5000,49.9304,585.5500,180.0000,11.0956,12.4300,11.4178,44.0000,WB,2625.0000
30618_40ffd323,53,13.2615,12.0796,3.9000,50.0696,590.0500,156.0000,12.8384,13.3060,12.9921,39.0000,WB,2675.0000
30618_40ffd323,54,13.2460,12.3223,3.9500,49.8289,593.9500,158.0000,12.6149,12.9510,12.5134,39.0000,WB,2725.0000
30618_40ffd323,55,13.7621,12.4711,3.8000,50.1334,597.9000,152.0000,13.1930,13.7770,13.3771,38.0000,WB,2775.0000
30618_40ffd323,56,13.9766,13.7529,3.6000,49.9323,601.7000,144.0000,13.8701,13.9770,13.8600,36.0000,WB,2825.0000
30618_40ffd323,57,13.9375,11.2279,4.0000,50.2959,605.3000,160.0000,12.5740,13.4880,12.0992,41.0000,WB,2875.0000
30618_40ffd323,58,11.1946,8.1224,5.3000,50.0483,609.3000,212.0000,9.4431,10.7150,8.9988,56.0000,WB,2925.0000
30618_40ffd323,59,8.1843,3.4513,8.3500,49.7990,614.6000,335.0000,5.9640,8.0340,4.3550,116.0000,WB,2975.0000
30618_40ffd323,60,8.9182,0.0000,62.4500,58.2076,622.9500,2499.0000,0.9321,8.9590,0.8559,581.0000,WB,3025.0000
30618_40ffd323,61,11.6412,8.9525,4.8000,50.1401,685.4000,192.0000,10.4459,11.6330,10.4532,48.0000,WB,3075.0000
30618_40ffd323,62,11.8828,10.2307,4.4000,49.8095,690.2000,176.0000,11.3203,11.8810,11.3101,44.0000,WB,3125.0000
30618_40ffd323,63,10.2032,5.9726,6.1500,49.9994,694.6000,246.0000,8.1300,10.1730,8.0919,61.0000,WB,3175.0000
30618_40ffd323,64,8.7260,4.5309,8.2500,49.9704,700.7500,330.0000,6.0570,8.7240,6.0706,82.0000,WB,3225.0000
30618_40ffd323,65,11.6793,8.7626,4.8500,50.1970,709.0000,194.0000,10.3499,11.6070,10.3372,48.0000,WB,3275.0000
30618_40ffd323,66,12.0580,10.8992,4.2500,49.7831,713.8500,170.0000,11.7137,12.0880,11.7095,38.0000,WB,3325.0000
30618_40ffd323,67,10.8705,7.2880,5.4500,50.0242,718.1000,218.0000,9.1788,10.8430,9.1487,54.0000,WB,3375.0000
30618_40ffd323,68,7.2464,0.0000,31.6000,50.2723,723.5500,1264.0000,1.5909,7.1700,1.5938,316.0000,WB,3425.0000
30618_40ffd323,69,8.7647,5.2460,6.6000,49.8292,755.1500,265.0000,7.5499,8.8020,7.5894,66.0000,WB,3475.0000
30618_40ffd323,70,8.5835,3.2428,8.5500,50.2206,761.7500,342.0000,5.8738,8.5260,5.8089,86.0000,WB,3525.0000
30618_40ffd323,71,3.2154,0.1391,21.3500,49.9663,770.3000,854.0000,2.3403,3.1580,2.3385,215.0000,WB,3575.0000
30618_40ffd323,72,4.4944,2.5028,15.8000,49.9046,791.6500,633.0000,3.1585,4.5580,3.1914,156.0000,WB,3625.0000
30618_40ffd323,73,8.1916,4.0989,8.9500,50.0687,807.4500,359.0000,5.5943,8.1500,5.5967,89.0000,WB,3675.0000
30618_40ffd323,74,9.4061,7.9739,6.0000,50.7701,816.4000,240.0000,8.4617,9.3850,8.4452,59.0000,WB,3725.0000
30618_40ffd323,75,11.1412,9.4298,4.8000,49.8999,822.4000,192.0000,10.3958,11.1110,10.3488,48.0000,WB,3775.0000
30618_40ffd323,76,11.2017,9.6657,4.6500,49.9025,827.2000,187.0000,10.7317,11.2090,10.7294,47.0000,WB,3825.0000
30618_40ffd323,77,9.6359,5.5653,6.5000,49.8974,831.8500,261.0000,7.6765,9.5930,7.6824,65.0000,WB,3875.0000
30618_40ffd323,78,6.0398,0.0000,44.8000,50.1804,838.3500,1794.0000,1.1201,5.9710,1.1209,445.0000,WB,3925.0000
30618_40ffd323,79,9.3214,6.0817,6.2000,50.3410,883.1500,248.0000,8.1195,9.3370,8.1042,62.0000,WB,3975.0000
30618_40ffd323,80,9.3174,8.5563,5.6500,49.9248,889.3500,226.0000,8.8363,9.3610,8.8461,55.0000,WB,4025.0000
30618_40ffd323,81,8.5305,0.7704,10.1500,49.8521,895.0000,406.0000,4.9115,8.5510,4.9072,103.0000,WB,4075.0000
30618_40ffd323,82,9.2075,0.0000,44.4000,50.1390,905.1500,1780.0000,1.1293,9.1830,1.1317,443.0000,WB,4125.0000
30618_40ffd323,83,11.5119,9.2478,4.7000,50.1041,949.5500,188.0000,10.6604,11.5260,10.6392,47.0000,WB,4175.0000
30618_40ffd323,84,11.5108,8.5596,4.9000,49.7716,954.2500,196.0000,10.1575,11.5160,10.1781,49.0000,WB,4225.0000
30618_40ffd323,85,8.5201,5.4417,6.9500,49.9451,959.1500,279.0000,7.1863,8.5260,7.2234,67.0000,WB,4275.0000
30618_40ffd323,86,7.0630,0.0000,31.0500,50.0189,966.1000,1242.0000,1.6109,7.0020,1.6191,311.0000,WB,4325.0000
30618_40ffd323,87,8.6153,7.1107,6.0500,49.8797,997.1500,242.0000,8.2446,8.6570,8.2396,60.0000,WB,4375.0000
30618_40ffd323,88,10.3582,8.1988,5.5000,50.3531,1003.2000,220.0000,9.1551,10.2930,9.1266,54.0000,WB,4425.0000
30618_40ffd323,89,11.2185,10.2581,4.6000,50.0040,1008.7000,186.0000,10.8704,11.2220,10.8673,46.0000,WB,4475.0000
30618_40ffd323,90,10.2210,6.0768,6.1000,49.6658,1013.3000,245.0000,8.1419,10.2730,8.1979,60.0000,WB,4525.0000
30618_40ffd323,91,6.3878,0.0000,24.0000,50.1784,1019.4000,961.0000,2.0908,6.3240,2.0942,235.0000,WB,4575.0000
30618_40ffd323,92,10.7452,6.4286,5.7000,49.5980,1043.4000,229.0000,8.7014,10.6570,8.6412,57.0000,WB,4625.0000
30618_40ffd323,93,12.5291,10.7762,4.2500,50.2001,1049.1000,170.0000,11.8118,12.4740,11.8231,42.0000,WB,4675.0000
30618_40ffd323,94,13.0409,12.5199,3.9000,50.0467,1053.3500,156.0000,12.8325,13.0430,12.8803,32.0000,WB,4725.0000
30618_40ffd323,95,12.5393,9.2536,4.6000,50.1061,1057.2500,185.0000,10.8926,12.5640,10.9157,46.0000,WB,4775.0000
30618_40ffd323,96,9.2258,8.4738,5.7500,50.0532,1061.8500,230.0000,8.7049,9.2320,8.7210,55.0000,WB,4825.0000
30618_40ffd323,97,8.7442,8.5216,5.8000,49.9770,1067.6000,233.0000,8.6167,8.7380,8.6119,42.0000,WB,4875.0000
30618_40ffd323,98,8.6872,7.8074,5.9000,50.0452,1073.4000,236.0000,8.4822,8.6980,8.5039,58.0000,WB,4925.0000
30618_40ffd323,99,7.7734,0.0000,22.4000,49.6674,1079.3000,899.0000,2.2173,7.7980,2.2406,218.0000,WB,4975.0000
30618_40ffd323,100,9.5570,2.1702,8.3509,49.7420,1101.7000,336.0000,5.9565,9.4750,5.9181,84.0000,WB,5025.0000
30618_40ffd323,101,12.1338,9.5577,4.5491,50.3731,1110.0509,181.0000,11.0733,12.0950,11.0461,45.0000,WB,5075.0000
30618_40ffd323,102,12.2588,10.1251,4.3500,49.7606,1114.6000,174.0000,11.4392,12.2790,11.4609,44.0000,WB,5125.0000
30618_40ffd323,103,10.0913,5.6844,6.2000,50.0720,1118.9500,251.0000,8.0761,10.1000,8.0953,62.0000,WB,5175.0000
30618_40ffd323,104,7.2667,0.0000,34.7000,50.2129,1125.1500,1393.0000,1.4471,7.2090,1.4382,313.0000,WB,5225.0000
30618_40ffd323,105,7.6524,4.3888,7.9000,49.8339,1159.8500,317.0000,6.3081,7.6590,6.3574,79.0000,WB,5275.0000
30618_40ffd323,106,4.3888,0.5701,18.2000,49.9989,1167.7500,730.0000,2.7472,4.4240,2.7634,182.0000,WB,5325.0000
30618_40ffd323,107,3.0644,0.0000,34.9000,49.9819,1185.9500,1402.0000,1.4321,3.0750,1.4398,348.0000,WB,5375.0000
30618_40ffd323,108,4.2207,2.4946,16.6500,50.0542,1220.8500,669.0000,3.0063,4.2330,2.9873,167.0000,WB,5425.0000
30618_40ffd323,109,4.3085,0.0000,43.9509,25.3100,1237.5000,1763.0000,0.5759,4.3120,0.5971,441.0000,WB,5475.0000
30618_40ffd323,221,0.0000,0.0000,2.8500,0.0000,1.2000,93.0000,0.0000,0.0150,0.0072,13.0000,WB,21.3710
30618_437e855c,0,3.4429,0.5510,17.4000,49.9581,45.9289,790.0000,2.8712,3.3970,2.8618,174.0000,WB,25.0000
30618_437e855c,1,3.7808,2.9769,15.5710,50.1094,63.3290,702.0000,3.2181,3.7770,3.2294,155.0000,WB,75.0000
30618_437e855c,2,3.7069,0.0000,39.5289,49.6913,78.9000,1822.0000,1.2571,3.7660,1.2668,390.0000,WB,125.0000
30618_437e855c,3,4.3211,2.3039,13.6211,50.0159,118.4289,616.0000,3.6719,4.3380,3.6571,137.0000,WB,175.0000
30618_437e855c,4,7.9129,3.0767,11.2290,50.0353,132.0500,515.0000,4.4559,7.7910,4.4295,112.0000,WB,225.0000
30618_437e855c,5,8.7167,4.3765,6.9001,50.0602,143.2790,303.0000,7.2550,8.7130,7.2577,69.0000,WB,275.0000
30618_437e855c,6,9.2363,4.3606,7.4000,49.9483,150.1790,323.0000,6.7498,9.2310,6.7100,75.0000,WB,325.0000
30618_437e855c,7,10.9267,9.0679,5.2122,50.1052,157.5790,230.0000,9.6131,10.8500,9.5838,52.0000,WB,375.0000
30618_437e855c,8,12.2093,10.9277,4.2377,49.9133,162.7912,188.0000,11.7785,12.1370,11.7435,42.0000,WB,425.0000
30618_437e855c,9,11.7856,9.0723,4.8001,50.1845,167.0289,209.0000,10.4550,11.7070,10.4401,48.0000,WB,475.0000
30618_437e855c,10,9.0515,3.1862,8.1500,49.9120,171.8290,359.0000,6.1242,9.0220,6.0292,84.0000,WB,525.0000
30618_437e855c,11,8.1469,0.0000,30.9500,50.7870,179.9790,1423.0000,1.6409,8.0920,1.6269,306.0000,WB,575.0000
30618_437e855c,12,8.3522,8.1550,6.0500,50.0281,210.9290,270.0000,8.2691,8.3360,8.2570,61.0000,WB,625.0000
30618_437e855c,13,8.2586,8.1294,6.1000,50.0080,216.9790,271.0000,8.1980,8.2750,8.1825,62.0000,WB,675.0000
30618_437e855c,14,8.4067,8.1074,6.1000,50.0390,223.0790,273.0000,8.2031,8.4820,8.2189,65.0000,WB,725.0000
30618_437e855c,15,8.7853,8.3212,5.8710,49.8653,229.1790,257.0000,8.4935,8.7630,8.5237,40.0000,WB,775.0000
30618_437e855c,16,8.9647,6.5063,6.1290,49.9893,235.0500,270.0000,8.1562,8.9840,8.1290,61.0000,WB,825.0000
30618_437e855c,17,6.4873,0.0000,44.5499,50.3874,241.1790,2056.0000,1.1310,6.4590,1.1291,442.0000,WB,875.0000
30618_437e855c,18,4.6776,2.4495,14.5878,50.0320,285.7289,637.0000,3.4297,4.7100,3.4310,146.0000,WB,925.0000
30618_437e855c,19,4.2759,2.4944,16.9622,49.9896,300.3167,745.0000,2.9471,4.2460,2.9509,170.0000,WB,975.0000
30618_437e855c,20,5.6542,4.0305,11.5710,49.9696,317.2790,518.0000,4.3185,5.5810,4.3095,115.0000,WB,1025.0000
30618_437e855c,21,8.3493,5.6887,7.0290,50.0384,328.8500,316.0000,7.1189,8.3100,7.1061,71.0000,WB,1075.0000
30618_437e855c,22,9.8516,8.3285,5.5500,50.1309,335.8790,253.0000,9.0326,9.8690,9.0345,55.0000,WB,1125.0000
30618_437e855c,23,10.1105,9.8438,5.0210,49.9371,341.4290,229.0000,9.9456,10.1930,9.9669,50.0000,WB,1175.0000
30618_437e855c,24,10.1408,9.7814,5.0290,49.9421,346.4500,236.0000,9.9309,10.1790,9.9380,50.0000,WB,1225.0000
30618_437e855c,25,10.0650,9.6168,5.0499,50.0887,351.4790,235.0000,9.9187,10.1020,9.9279,51.0000,WB,1275.0000
30618_437e855c,26,9.7748,9.6252,5.1501,49.9956,356.5289,240.0000,9.7077,9.8170,9.7122,51.0000,WB,1325.0000
30618_437e855c,27,9.8929,9.6782,5.0710,49.8179,361.6790,231.0000,9.8241,9.9620,9.8341,51.0000,WB,1375.0000
30618_437e855c,28,10.0384,9.0805,5.1290,50.1698,366.7500,228.0000,9.7816,10.0520,9.7915,51.0000,WB,1425.0000
30618_437e855c,29,9.0573,3.4763,8.2500,49.9763,371.8790,367.0000,6.0577,9.0000,6.0963,83.0000,WB,1475.0000
30618_437e855c,30,8.8467,0.0000,16.8210,49.9670,380.1290,763.0000,2.9705,8.8390,2.9721,168.0000,WB,1525.0000
30618_437e855c,31,9.9481,8.8634,5.1790,50.0719,396.9500,240.0000,9.6682,9.9960,9.6795,52.0000,WB,1575.0000
30618_437e855c,32,10.0516,9.3640,5.1999,50.0262,402.1290,235.0000,9.6206,10.0840,9.6357,52.0000,WB,1625.0000
30618_437e855c,33,10.0440,9.6742,5.0711,49.8583,407.3289,224.0000,9.8318,10.0440,9.8346,50.0000,WB,1675.0000
30618_437e855c,34,9.7819,9.4300,5.2289,50.0054,412.4000,229.0000,9.5632,9.7930,9.5581,53.0000,WB,1725.0000
30618_437e855c,35,10.0022,7.7843,5.4211,50.0107,417.6289,238.0000,9.2252,9.9860,9.2273,54.0000,WB,1775.0000
30618_437e855c,36,7.7723,6.6730,7.1290,49.9877,423.0500,302.0000,7.0119,7.7700,7.0071,71.0000,WB,1825.0000
30618_437e855c,37,9.9375,6.6167,6.2000,50.0666,430.1790,269.0000,8.0753,9.9040,8.0525,61.0000,WB,1875.0000
30618_437e855c,38,10.8240,9.5567,5.0500,49.9255,436.3790,225.0000,9.8863,10.7140,9.8639,49.0000,WB,1925.0000
30618_437e855c,39,13.5227,10.8496,4.0710,50.0624,441.4290,180.0000,12.2972,13.4570,12.2608,41.0000,WB,1975.0000
30618_437e855c,40,14.2099,13.5303,3.5790,49.8750,445.5000,159.0000,13.9353,14.2240,13.9245,36.0000,WB,2025.0000
30618_437e855c,41,14.4152,14.2129,3.5000,50.1943,449.0790,152.0000,14.3414,14.4160,14.3193,34.0000,WB,2075.0000
30618_437e855c,42,14.6491,14.4166,3.4321,49.8407,452.5790,150.0000,14.5218,14.6570,14.4986,34.0000,WB,2125.0000
30618_437e855c,43,14.7187,14.5568,3.4179,50.0468,456.0111,149.0000,14.6427,14.7340,14.6130,34.0000,WB,2175.0000
30618_437e855c,44,14.5858,12.5155,3.6500,49.9783,459.4290,158.0000,13.6928,14.6260,13.6885,37.0000,WB,2225.0000
30618_437e855c,45,13.1983,12.0685,4.0210,49.8887,463.0790,176.0000,12.4070,13.3130,12.4041,41.0000,WB,2275.0000
30618_437e855c,46,14.2592,13.2109,3.6289,50.3703,467.1000,166.0000,13.8802,14.2630,13.8835,35.0000,WB,2325.0000
30618_437e855c,47,14.2324,11.8228,3.8211,49.7018,470.7289,162.0000,13.0073,14.1970,12.9894,39.0000,WB,2375.0000
30618_437e855c,48,11.8218,10.7419,4.5500,50.0559,474.5500,201.0000,11.0013,11.7400,10.9699,47.0000,WB,2425.0000
30618_437e855c,49,10.8494,8.6999,4.9289,49.9819,479.1000,217.0000,10.1405,10.8440,10.3564,32.0000,WB,2475.0000
30618_437e855c,50,8.6821,7.9849,6.0000,49.9851,484.0289,267.0000,8.3308,8.6160,8.3376,60.0000,WB,2525.0000
30618_437e855c,51,8.6032,8.5223,5.8501,50.0611,490.0289,257.0000,8.5573,8.5930,8.5510,57.0000,WB,2575.0000
30618_437e855c,52,9.0933,7.5182,6.1000,50.1304,495.8790,270.0000,8.2181,9.1670,8.2184,61.0000,WB,2625.0000
30618_437e855c,53,12.0429,9.1178,4.6499,50.0647,501.9790,210.0000,10.7668,12.0530,10.8238,46.0000,WB,2675.0000
30618_437e855c,54,12.4408,12.0515,4.0501,49.9254,506.6289,181.0000,12.3270,12.4430,12.3234,40.0000,WB,2725.0000
30618_437e855c,55,13.8259,12.4345,3.7500,49.8146,510.6790,156.0000,13.2839,13.8000,13.2724,37.0000,WB,2775.0000
30618_437e855c,56,14.0814,13.7633,3.6000,50.2306,514.4290,152.0000,13.9529,14.0540,13.9274,36.0000,WB,2825.0000
30618_437e855c,57,13.7433,10.2930,4.1710,49.9311,518.0290,179.0000,11.9709,13.5710,11.7727,43.0000,WB,2875.0000
30618_437e855c,58,10.2759,8.1091,5.6790,49.9459,522.2000,249.0000,8.7948,9.9370,8.6684,44.0000,WB,2925.0000
30618_437e855c,59,8.2022,1.7468,10.2210,49.9888,527.8790,439.0000,4.8908,7.8510,4.2861,109.0000,WB,2975.0000
30618_437e855c,60,9.0806,0.0000,45.6790,51.4965,538.1000,2113.0000,1.1274,9.0930,1.1344,443.0000,WB,3025.0000
30618_437e855c,61,10.3661,9.0774,5.0000,49.9362,583.7790,220.0000,9.9871,10.3640,9.9833,49.0000,WB,3075.0000
30618_437e855c,62,10.5648,9.8433,4.8710,50.1301,588.7790,207.0000,10.2916,10.4620,10.1741,20.0000,WB,3125.0000
30618_437e855c,63,9.8138,5.2832,6.7290,49.8985,593.6500,294.0000,7.4154,9.4770,7.2808,64.0000,WB,3175.0000
30618_437e855c,64,7.1134,0.0000,38.9499,50.1220,600.3790,1768.0000,1.2868,7.0690,1.2864,384.0000,WB,3225.0000
30618_437e855c,65,11.0040,7.1377,5.4210,49.9391,639.3290,234.0000,9.2121,10.9240,9.1744,54.0000,WB,3275.0000
30618_437e855c,66,11.6214,10.5847,4.4290,50.0418,644.7500,193.0000,11.2987,11.6090,11.3972,34.0000,WB,3325.0000
30618_437e855c,67,10.5636,6.8462,5.7210,49.9060,649.1790,252.0000,8.7233,10.1010,8.4881,47.0000,WB,3375.0000
30618_437e855c,68,6.8326,0.0000,61.2790,50.4933,654.9000,2795.0000,0.8240,6.7930,0.8372,563.0000,WB,3425.0000
30618_437e855c,69,8.8203,5.5095,6.4710,49.9724,716.1790,284.0000,7.7225,8.8430,7.7333,53.0000,WB,3475.0000
30618_437e855c,70,8.5324,2.8667,9.0000,49.9369,722.6500,389.0000,5.5485,8.4740,5.5453,91.0000,WB,3525.0000
30618_437e855c,71,3.0569,0.0000,23.2290,49.9886,731.6500,1001.0000,2.1520,3.0580,2.1505,232.0000,WB,3575.0000
30618_437e855c,72,4.4019,2.4766,15.8499,49.9687,754.8790,682.0000,3.1526,4.4290,3.1714,155.0000,WB,3625.0000
30618_437e855c,73,8.3415,4.2065,8.7500,50.0083,770.7290,374.0000,5.7152,8.2330,5.6735,87.0000,WB,3675.0000
30618_437e855c,74,9.6285,8.0679,5.8500,50.2168,779.4790,250.0000,8.5841,9.5720,8.5684,59.0000,WB,3725.0000
30618_437e855c,75,11.4554,9.6443,4.6710,49.9124,785.3290,200.0000,10.6855,11.3890,10.6966,34.0000,WB,3775.0000
30618_437e855c,76,11.5038,9.6028,4.6000,49.9772,790.0000,193.0000,10.8646,11.5110,10.8363,45.0000,WB,3825.0000
30618_437e855c,77,9.5936,7.5823,5.9290,49.9537,794.6000,252.0000,8.4253,9.5650,8.4170,59.0000,WB,3875.0000
30618_437e855c,78,10.9298,8.1768,5.2002,50.0931,800.5290,220.0000,9.6329,10.8870,9.6037,52.0000,WB,3925.0000
30618_437e855c,79,11.2274,9.4574,4.7498,49.8766,805.7292,202.0000,10.5008,11.2520,10.4994,47.0000,WB,3975.0000
30618_437e855c,80,9.5752,8.6911,5.4710,50.0238,810.4790,234.0000,9.1434,9.5870,9.1331,55.0000,WB,4025.0000
30618_437e855c,81,8.6778,0.8124,10.3000,50.0665,815.9500,435.0000,4.8608,8.5990,1.7099,291.0000,WB,4075.0000
30618_437e855c,82,9.3271,0.0000,29.3290,50.0163,826.2500,1261.0000,1.7054,9.3250,4.8337,97.0000,WB,4125.0000
30618_437e855c,83,11.5278,9.3502,4.6710,50.1152,855.5790,191.0000,10.7289,11.5420,10.6242,22.0000,WB,4175.0000
30618_437e855c,84,11.5267,8.2522,5.0000,49.8679,860.2500,209.0000,9.9736,11.5250,9.9970,50.0000,WB,4225.0000
30618_437e855c,85,8.4792,7.3772,6.5000,50.0825,865.2500,262.0000,7.7050,8.4360,7.7094,65.0000,WB,4275.0000
30618_437e855c,86,9.2986,8.4898,5.5290,49.9281,871.7500,224.0000,9.0302,9.3420,9.0219,52.0000,WB,4325.0000
30618_437e855c,87,8.8287,8.0416,5.8500,49.9594,877.2790,237.0000,8.5401,8.8350,8.5636,50.0000,WB,4375.0000
30618_437e855c,88,10.0800,8.0986,5.5210,50.0010,883.1290,226.0000,9.0564,10.0680,9.0538,55.0000,WB,4425.0000
30618_437e855c,89,10.1738,6.7944,5.6789,50.0884,888.6500,228.0000,8.8201,10.1770,8.8259,57.0000,WB,4475.0000
30618_437e855c,90,6.7750,0.0000,19.8000,49.9486,894.3289,799.0000,2.5227,6.7790,2.5092,182.0000,WB,4525.0000
30618_437e855c,91,6.4807,0.0000,32.2501,49.9973,914.1289,1300.0000,1.5503,6.5110,1.5526,322.0000,WB,4575.0000
30618_437e855c,92,10.9765,6.5052,5.6500,49.9446,946.3790,227.0000,8.8398,10.9350,8.8427,56.0000,WB,4625.0000
30618_437e855c,93,12.5807,10.9958,4.1710,49.9665,952.0290,168.0000,11.9794,12.5580,11.9640,41.0000,WB,4675.0000
30618_437e855c,94,12.9577,12.3809,3.9289,50.1561,956.2000,157.0000,12.7658,12.9860,12.7574,39.0000,WB,4725.0000
30618_437e855c,95,12.3592,8.8199,4.7211,49.9983,960.1289,190.0000,10.5905,12.3260,10.6090,46.0000,WB,4775.0000
30618_437e855c,96,8.8057,8.3289,5.8500,49.9992,964.8500,236.0000,8.5469,8.8240,8.5630,59.0000,WB,4825.0000
30618_437e855c,97,8.7527,6.2677,6.2290,49.9381,970.7000,249.0000,8.0171,8.7590,8.0760,57.0000,WB,4875.0000
30618_437e855c,98,6.8412,4.7922,8.2500,50.1004,976.9290,333.0000,6.0727,6.8740,6.0715,79.0000,WB,4925.0000
30618_437e855c,99,5.1232,0.0000,24.2500,50.0194,985.1790,977.0000,2.0627,5.1200,2.0624,240.0000,WB,4975.0000
30618_437e855c,100,9.6678,2.1695,8.2500,50.0602,1009.4290,330.0000,6.0679,9.5870,6.0370,82.0000,WB,5025.0000
30618_437e855c,101,11.1183,9.6911,4.6710,49.8501,1017.6790,188.0000,10.6723,11.1380,10.6613,47.0000,WB,5075.0000
30618_437e855c,102,10.3046,6.0380,6.1000,50.0444,1022.3500,245.0000,8.2040,10.2960,8.2273,61.0000,WB,5125.0000
30618_437e855c,103,6.0330,0.8494,18.2790,49.9838,1028.4500,733.0000,2.7345,6.0340,2.7431,183.0000,WB,5175.0000
30618_437e855c,104,7.3301,0.0000,24.5210,49.8276,1046.7290,986.0000,2.0320,7.3340,2.0298,245.0000,WB,5225.0000
30618_437e855c,105,7.4179,3.9123,8.9290,50.0726,1071.2500,360.0000,5.6079,7.4370,5.6103,90.0000,WB,5275.0000
30618_437e855c,106,4.2786,0.0000,39.1710,50.0445,1080.1790,1579.0000,1.2776,4.3180,1.2851,393.0000,WB,5325.0000
30618_437e855c,107,3.1905,1.8839,18.7790,49.9495,1119.3500,755.0000,2.6599,3.1990,2.6803,188.0000,WB,5375.0000
30618_437e855c,108,3.3553,2.4838,12.3500,33.4425,1138.1290,497.0000,2.7079,3.2100,2.6948,121.0000,WB,5425.0000
30618_437e855c,221,0.5379,0.0000,45.9289,0.6489,0.0000,1973.0000,0.0141,0.4520,0.0205,458.0000,WB,21.3710
30618_49fe4c54,0,3.3553,1.2634,16.6500,50.0141,27.0000,783.0000,3.0039,3.4130,3.0234,155.0000,WB,25.0000
30618_49fe4c54,1,3.3777,3.0563,15.7500,50.0191,43.6500,728.0000,3.1758,3.4190,3.1800,157.0000,WB,75.0000
30618_49fe4c54,2,3.3294,0.0000,48.5231,49.4864,59.4000,2236.0000,1.0199,3.3870,1.0302,486.0000,WB,125.0000
30618_49fe4c54,3,4.3055,0.0000,89.6198,50.5710,107.9231,4239.0000,0.5643,4.3440,0.5790,893.0000,WB,175.0000
30618_49fe4c54,4,9.5315,3.4459,8.1571,49.8892,197.5429,365.0000,6.1160,10.8800,6.5664,95.0000,WB,225.0000
30618_49fe4c54,5,12.2438,9.5521,4.5500,50.0098,205.7000,185.0000,10.9912,12.1270,11.2224,33.0000,WB,275.0000
30618_49fe4c54,6,13.5409,12.2563,3.8500,49.8670,210.2500,154.0000,12.9525,13.2450,12.8473,30.0000,WB,325.0000
30618_49fe4c54,7,13.8596,13.3493,3.7000,50.0673,214.1000,153.0000,13.5317,13.9960,13.7348,27.0000,WB,375.0000
30618_49fe4c54,8,14.0524,12.6710,3.6731,49.9693,217.8000,152.0000,13.6040,13.9830,12.9955,38.0000,WB,425.0000
30618_49fe4c54,9,12.6560,9.6086,4.4769,49.9981,221.4731,187.0000,11.1681,11.7640,10.0818,49.0000,WB,475.0000
30618_49fe4c54,10,9.5947,3.4201,7.7500,49.8821,225.9500,327.0000,6.4364,8.1590,5.5770,64.0000,WB,525.0000
30618_49fe4c54,11,6.8798,0.0000,74.5601,51.2918,233.7000,3008.0000,0.6879,6.8110,0.6726,682.0000,WB,575.0000
30618_49fe4c54,12,8.3878,6.9099,6.1899,50.0925,308.2601,248.0000,8.0926,8.3950,8.0808,45.0000,WB,625.0000
30618_49fe4c54,13,8.3713,8.2357,6.0000,49.8908,314.4500,244.0000,8.3151,8.3780,8.2973,69.0000,WB,675.0000
30618_49fe4c54,14,8.4900,8.2038,6.0500,50.1721,320.4500,243.0000,8.2929,8.6140,8.3683,62.0000,WB,725.0000
30618_49fe4c54,15,8.8095,8.4763,5.7731,49.8227,326.5000,232.0000,8.6301,8.7580,8.6414,19.0000,WB,775.0000
30618_49fe4c54,16,8.9931,6.3712,6.2769,50.1622,332.2731,252.0000,7.9916,9.0320,8.0167,61.0000,WB,825.0000
30618_49fe4c54,17,6.3401,0.0000,33.8731,50.0259,338.5500,1359.0000,1.4769,6.3860,1.4993,329.0000,WB,875.0000
30618_49fe4c54,18,4.6179,0.0000,20.5769,49.9376,372.4231,826.0000,2.4269,4.5900,2.4375,205.0000,WB,925.0000
30618_49fe4c54,19,4.1207,2.5096,16.9500,50.0857,393.0000,685.0000,2.9549,4.0470,2.9571,169.0000,WB,975.0000
30618_49fe4c54,20,5.7581,4.1054,11.3000,49.9527,409.9500,454.0000,4.4206,5.6530,4.4111,113.0000,WB,1025.0000
30618_49fe4c54,21,6.8248,3.6993,8.5000,50.0078,421.2500,343.0000,5.8833,6.8230,5.8984,85.0000,WB,1075.0000
30618_49fe4c54,22,6.5503,2.3727,15.5231,49.9724,429.7500,627.0000,3.2192,3.7240,2.6680,96.0000,WB,1125.0000
30618_49fe4c54,23,7.3170,6.5660,7.0000,49.9942,445.2731,282.0000,7.1420,,,,WB,1175.0000
30618_49fe4c54,24,7.3134,6.9324,7.0269,50.0698,452.2731,282.0000,7.1254,,,,WB,1225.0000
30618_49fe4c54,25,7.1546,7.0170,7.0500,50.0152,459.3000,284.0000,7.0944,,,,WB,1275.0000
30618_49fe4c54,26,7.1566,6.9541,7.1000,49.9365,466.3500,284.0000,7.0333,,,,WB,1325.0000
30618_49fe4c54,27,7.2228,6.9093,7.1000,50.1031,473.4500,285.0000,7.0568,,,,WB,1375.0000
30618_49fe4c54,28,7.2666,6.8683,7.0231,49.9067,480.5500,284.0000,7.1061,,,,WB,1425.0000
30618_49fe4c54,29,6.9242,3.6764,8.6000,50.0026,487.5731,347.0000,5.8143,,,,WB,1475.0000
30618_49fe4c54,30,7.1891,0.0000,16.7269,50.0033,496.1731,677.0000,2.9894,,,,WB,1525.0000
30618_49fe4c54,31,7.0940,6.6431,7.2731,49.9050,512.9000,293.0000,6.8616,,,,WB,1575.0000
30618_49fe4c54,32,6.9802,6.6898,7.3500,50.1400,520.1731,299.0000,6.8218,,,,WB,1625.0000
30618_49fe4c54,33,7.0995,5.6369,7.4001,49.9215,527.5231,300.0000,6.7461,,,,WB,1675.0000
30618_49fe4c54,34,5.6225,2.4247,14.4000,50.0190,534.9231,592.0000,3.4735,5.3110,4.1967,20.0000,WB,1725.0000
30618_49fe4c54,35,6.9954,5.3905,7.5499,49.9392,549.3231,317.0000,6.6145,6.9660,6.5999,66.0000,WB,1775.0000
30618_49fe4c54,36,7.0538,6.7381,7.3000,50.1152,556.8731,293.0000,6.8651,7.0570,6.8752,72.0000,WB,1825.0000
30618_49fe4c54,37,9.8648,6.7098,6.2000,49.9345,564.1731,251.0000,8.0540,9.8090,7.9329,63.0000,WB,1875.0000
30618_49fe4c54,38,10.9697,9.7044,5.0000,49.9986,570.3731,204.0000,9.9997,10.7490,9.9467,50.0000,WB,1925.0000
30618_49fe4c54,39,13.4340,10.9878,4.0769,50.2115,575.3731,167.0000,12.3161,13.2940,12.1789,41.0000,WB,1975.0000
30618_49fe4c54,40,14.1087,13.4398,3.6000,49.7350,579.4500,146.0000,13.8153,14.0980,13.7788,36.0000,WB,2025.0000
30618_49fe4c54,41,14.3545,14.1121,3.5000,49.9128,583.0500,141.0000,14.2608,14.3800,14.2454,35.0000,WB,2075.0000
30618_49fe4c54,42,14.5513,14.3581,3.4731,50.1644,586.5500,140.0000,14.4437,14.5550,14.4302,35.0000,WB,2125.0000
30618_49fe4c54,43,14.7555,14.5523,3.4269,50.1594,590.0231,138.0000,14.6370,14.7660,14.6198,34.0000,WB,2175.0000
30618_49fe4c54,44,14.8090,14.1080,3.4231,49.9699,593.4500,139.0000,14.5978,14.8280,14.6320,34.0000,WB,2225.0000
30618_49fe4c54,45,14.0951,11.6612,3.8769,49.9752,596.8731,158.0000,12.8905,14.1700,13.0121,39.0000,WB,2275.0000
30618_49fe4c54,46,11.6293,8.0674,5.0731,49.9143,600.7500,207.0000,9.8390,11.6610,9.9902,50.0000,WB,2325.0000
30618_49fe4c54,47,8.0509,0.0000,52.7500,49.2273,605.8231,2129.0000,0.9332,8.2170,0.9730,526.0000,WB,2375.0000
30618_49fe4c54,48,10.0736,2.0909,7.7501,50.0165,658.5731,312.0000,6.4537,9.8750,6.1510,80.0000,WB,2425.0000
30618_49fe4c54,49,10.2706,8.0724,5.2769,50.2265,666.3231,211.0000,9.5182,10.1400,9.5248,53.0000,WB,2475.0000
30618_49fe4c54,50,8.0782,6.6413,6.5500,49.9484,671.6000,264.0000,7.6257,8.1790,7.6850,65.0000,WB,2525.0000
30618_49fe4c54,51,7.7224,0.0000,16.6231,50.0807,678.1500,678.0000,3.0127,7.5050,2.9983,166.0000,WB,2575.0000
30618_49fe4c54,52,11.5614,7.7407,5.1269,49.8944,694.7731,214.0000,9.7318,11.4110,9.5946,47.0000,WB,2625.0000
30618_49fe4c54,53,12.8860,11.5779,4.0231,50.0826,699.9000,165.0000,12.4488,12.9030,12.4051,39.0000,WB,2675.0000
30618_49fe4c54,54,12.8577,12.4601,3.9769,50.1143,703.9231,162.0000,12.6013,12.8010,12.6075,40.0000,WB,2725.0000
30618_49fe4c54,55,13.0040,11.3466,4.0000,50.0435,707.9000,164.0000,12.5109,13.0360,12.5537,40.0000,WB,2775.0000
30618_49fe4c54,56,11.3246,7.3199,5.3500,49.9201,711.9000,218.0000,9.3309,11.3920,9.4474,53.0000,WB,2825.0000
30618_49fe4c54,57,7.2843,0.0000,39.6231,49.4505,717.2500,1623.0000,1.2480,7.3350,1.2800,397.0000,WB,2875.0000
30618_49fe4c54,58,8.2635,4.5097,7.1269,49.9673,756.8731,294.0000,7.0111,8.2750,6.9493,71.0000,WB,2925.0000
30618_49fe4c54,59,8.0841,0.7461,10.9231,50.0034,764.0000,446.0000,4.5778,8.1330,4.7815,106.0000,WB,2975.0000
30618_49fe4c54,60,8.4598,0.0000,78.6769,49.6891,774.9231,3220.0000,0.6316,8.3950,0.6430,789.0000,WB,3025.0000
30618_49fe4c54,61,11.3408,8.4793,5.0000,50.1677,853.6000,208.0000,10.0335,11.3000,10.0052,50.0000,WB,3075.0000
30618_49fe4c54,62,11.6366,10.1786,4.4731,49.9642,858.6000,185.0000,11.1700,11.6530,11.1898,44.0000,WB,3125.0000
30618_49fe4c54,63,11.4936,9.7636,4.8269,50.0449,863.0731,199.0000,10.3678,11.4220,10.3483,49.0000,WB,3175.0000
30618_49fe4c54,64,13.3745,11.5088,4.0000,50.0721,867.9000,164.0000,12.5180,13.2760,12.4946,40.0000,WB,3225.0000
30618_49fe4c54,65,13.9584,13.3828,3.6232,49.8281,871.9000,149.0000,13.7526,13.9870,13.7081,28.0000,WB,3275.0000
30618_49fe4c54,66,13.7560,11.0919,4.0268,49.8943,875.5232,166.0000,12.3905,13.7360,12.3334,37.0000,WB,3325.0000
30618_49fe4c54,67,11.0689,7.2280,5.4500,50.0919,879.5500,228.0000,9.1912,11.0790,9.0437,54.0000,WB,3375.0000
30618_49fe4c54,68,7.2089,0.0000,75.9500,50.1303,885.0000,3171.0000,0.6600,7.0110,1.0237,389.0000,WB,3425.0000
30618_49fe4c54,69,8.4971,4.1974,7.2231,50.0647,960.9500,313.0000,6.9312,8.5020,6.9681,47.0000,WB,3475.0000
30618_49fe4c54,70,8.4557,3.2154,8.5000,49.9839,968.1731,361.0000,5.8804,8.4200,5.9177,84.0000,WB,3525.0000
30618_49fe4c54,71,3.2030,1.1074,20.5000,49.9478,976.6731,866.0000,2.4365,3.2710,2.4191,164.0000,WB,3575.0000
30618_49fe4c54,72,4.3935,2.5676,15.6000,49.9883,997.1731,657.0000,3.2044,4.3910,3.2601,131.0000,WB,3625.0000
30618_49fe4c54,73,8.1200,4.1259,8.9769,50.1180,1012.7731,381.0000,5.5830,8.0170,5.5175,90.0000,WB,3675.0000
30618_49fe4c54,74,9.3427,7.8383,5.9731,49.9152,1021.7500,250.0000,8.3567,9.2460,8.3269,60.0000,WB,3725.0000
30618_49fe4c54,75,11.1574,9.3537,4.8500,50.0079,1027.7231,211.0000,10.3110,11.0790,10.2706,49.0000,WB,3775.0000
30618_49fe4c54,76,12.2080,11.1642,4.2500,49.8252,1032.5731,183.0000,11.7235,12.1420,11.6822,42.0000,WB,3825.0000
30618_49fe4c54,77,12.7855,12.2112,4.0000,50.2424,1036.8231,166.0000,12.5606,12.7780,12.5308,40.0000,WB,3875.0000
30618_49fe4c54,78,12.7696,11.9344,4.0500,49.8190,1040.8231,172.0000,12.3010,12.7740,12.2928,41.0000,WB,3925.0000
30618_49fe4c54,79,11.9977,10.5229,4.3000,50.0132,1044.8731,187.0000,11.6310,12.0280,11.6246,43.0000,WB,3975.0000
30618_49fe4c54,80,10.5055,9.1480,5.2269,50.0827,1049.1731,224.0000,9.5817,10.5020,9.5863,52.0000,WB,4025.0000
30618_49fe4c54,81,9.1335,2.2544,8.5000,49.9577,1054.4000,361.0000,5.8774,9.1270,5.8226,87.0000,WB,4075.0000
30618_49fe4c54,82,9.0049,0.0000,38.9231,50.0787,1062.9000,1724.0000,1.2866,8.9840,1.3041,387.0000,WB,4125.0000
30618_49fe4c54,83,11.3746,9.0225,4.7769,49.9102,1101.8231,223.0000,10.4482,11.3520,10.4364,47.0000,WB,4175.0000
30618_49fe4c54,84,11.3856,8.6806,4.9000,49.9998,1106.6000,226.0000,10.2040,11.3940,10.1863,50.0000,WB,4225.0000
30618_49fe4c54,85,8.6625,7.6958,6.3000,49.9645,1111.5000,291.0000,7.9309,8.5320,7.9327,62.0000,WB,4275.0000
30618_49fe4c54,86,9.3082,8.4092,5.5500,50.1419,1117.8000,254.0000,9.0346,9.2980,9.0488,50.0000,WB,4325.0000
30618_49fe4c54,87,8.9122,8.2015,5.7731,49.8635,1123.3500,266.0000,8.6372,8.8950,8.6411,58.0000,WB,4375.0000
30618_49fe4c54,88,10.1471,8.2496,5.4999,50.0368,1129.1231,255.0000,9.0977,10.1310,9.1077,55.0000,WB,4425.0000
30618_49fe4c54,89,11.0405,10.1576,4.6500,49.9173,1134.6231,218.0000,10.7349,11.0430,10.7290,46.0000,WB,4475.0000
30618_49fe4c54,90,10.3105,6.1425,6.1000,50.1556,1139.2731,296.0000,8.2222,10.2700,8.1916,62.0000,WB,4525.0000
30618_49fe4c54,91,6.2440,0.0000,34.0769,50.6578,1145.3731,1617.0000,1.4866,6.1640,1.4741,333.0000,WB,4575.0000
30618_49fe4c54,92,10.6246,6.2662,5.8231,49.8452,1179.4500,280.0000,8.5599,10.5950,8.5761,48.0000,WB,4625.0000
30618_49fe4c54,93,12.4294,10.6391,4.2769,50.0064,1185.2731,202.0000,11.6921,12.3840,11.6639,42.0000,WB,4675.0000
30618_49fe4c54,94,12.9651,12.4122,3.9231,50.0371,1189.5500,191.0000,12.7546,12.9890,12.7425,40.0000,WB,4725.0000
30618_49fe4c54,95,12.5677,9.3321,4.5753,50.1156,1193.4731,213.0000,10.9536,12.5700,10.9930,45.0000,WB,4775.0000
30618_49fe4c54,96,9.3115,8.4740,5.7248,49.9147,1198.0483,275.0000,8.7191,9.3680,8.7411,57.0000,WB,4825.0000
30618_49fe4c54,97,8.7222,8.4834,5.8269,50.0368,1203.7731,284.0000,8.5872,8.7420,8.5974,58.0000,WB,4875.0000
30618_49fe4c54,98,8.8505,7.8754,5.8231,50.0498,1209.6000,286.0000,8.5950,8.8270,8.6119,58.0000,WB,4925.0000
30618_49fe4c54,99,7.8595,0.0000,32.7769,50.0164,1215.4231,1610.0000,1.5260,7.8980,1.5427,326.0000,WB,4975.0000
30618_49fe4c54,100,9.4457,1.9019,8.6231,49.9434,1248.2000,421.0000,5.7918,9.3660,5.7150,87.0000,WB,5025.0000
30618_49fe4c54,101,12.0489,9.4631,4.5500,50.0262,1256.8231,223.0000,10.9948,12.0120,10.9443,45.0000,WB,5075.0000
30618_49fe4c54,102,12.1553,9.9993,4.4269,50.1586,1261.3731,215.0000,11.3304,12.1860,11.3949,44.0000,WB,5125.0000
30618_49fe4c54,103,9.9811,5.6529,6.2731,49.9120,1265.8000,299.0000,7.9565,10.0610,8.0509,56.0000,WB,5175.0000
30618_49fe4c54,104,7.1772,0.0000,34.3269,49.9884,1272.0731,1685.0000,1.4562,7.1470,1.4516,343.0000,WB,5225.0000
30618_49fe4c54,105,7.2225,3.5450,10.4231,49.9561,1306.4000,505.0000,4.7928,7.2660,4.8309,105.0000,WB,5275.0000
30618_49fe4c54,106,4.2749,0.6943,17.9769,50.0825,1316.8231,882.0000,2.7859,4.2460,2.7963,178.0000,WB,5325.0000
30618_49fe4c54,107,3.9647,0.0000,25.8731,49.9852,1334.8000,1272.0000,1.9319,3.7670,1.9697,259.0000,WB,5375.0000
30618_49fe4c54,108,7.1157,3.9878,7.9000,50.0369,1360.6731,389.0000,6.3338,,,,WB,5425.0000
30618_49fe4c54,109,7.2369,5.0913,7.4000,49.8947,1368.5731,363.0000,6.7426,,,,WB,5475.0000
30618_49fe4c54,110,5.0768,0.0000,7.3000,19.8390,1375.9731,360.0000,2.7177,,,,WB,5525.0000
30618_49fe4c54,114,,,,,,,,5.5300,4.8223,16.0000,EB,5421.1425
30618_49fe4c54,154,,,,,,,,0.4680,0.0374,287.0000,EB,3416.1400
30618_49fe4c54,221,1.2459,0.0000,25.9000,1.4421,1.1000,1198.0000,0.0557,1.1740,0.0699,258.0000,WB,21.3710
30618_4d487b0d,0,3.3984,2.8804,15.8500,50.0353,17.8848,636.0000,3.1568,3.4190,3.1568,148.0000,WB,25.0000
30618_4d487b0d,1,3.3904,3.0426,15.5152,50.1000,33.7348,624.0000,3.2291,3.4220,3.2272,152.0000,WB,75.0000
30618_4d487b0d,2,3.3863,0.0000,24.1348,49.8343,49.2500,969.0000,2.0648,3.4070,2.3848,176.0000,WB,125.0000
30618_4d487b0d,3,4.3300,0.0000,29.3001,49.8025,73.3848,1180.0000,1.6997,0.0000,0.0000,11.0000,WB,175.0000
30618_4d487b0d,4,7.1845,3.4810,8.8500,50.1631,102.6849,360.0000,5.6682,0.0000,0.0000,71.0000,WB,225.0000
30618_4d487b0d,5,6.3193,0.0000,21.9000,50.2653,111.5348,883.0000,2.2952,6.3970,1.3488,23.0000,WB,275.0000
30618_4d487b0d,6,10.4427,6.3495,5.8152,49.9316,133.4348,237.0000,8.5865,10.4440,8.6362,58.0000,WB,325.0000
30618_4d487b0d,7,11.6060,10.2587,4.7000,50.1233,139.2500,195.0000,10.6645,11.7910,10.7021,46.0000,WB,375.0000
30618_4d487b0d,8,12.4482,10.9767,4.1849,50.1534,143.9500,170.0000,11.9845,12.5030,11.7037,43.0000,WB,425.0000
30618_4d487b0d,9,11.0053,5.0593,6.2000,49.9157,148.1349,256.0000,8.0509,10.0840,6.0992,82.0000,WB,475.0000
30618_4d487b0d,10,5.0265,0.0000,24.9000,49.9902,154.3348,1086.0000,2.0076,4.5920,1.4899,332.0000,WB,525.0000
30618_4d487b0d,11,4.9330,0.0000,22.2001,50.1251,179.2348,899.0000,2.2579,4.9320,3.4337,146.0000,WB,575.0000
30618_4d487b0d,12,7.5506,0.0000,23.3000,49.6537,201.4349,942.0000,2.1311,8.2660,2.2996,213.0000,WB,625.0000
30618_4d487b0d,13,8.4284,0.0000,18.1000,50.4471,224.7348,730.0000,2.7871,8.4120,2.6899,183.0000,WB,675.0000
30618_4d487b0d,14,10.8576,4.4199,6.3000,49.8390,242.8348,253.0000,7.9110,11.2360,9.1123,55.0000,WB,725.0000
30618_4d487b0d,15,11.6720,10.8797,4.4000,50.3367,249.1348,176.0000,11.4401,11.7580,11.5325,43.0000,WB,775.0000
30618_4d487b0d,16,11.9340,10.4179,4.3500,50.3250,253.5348,175.0000,11.5690,11.9330,11.1889,45.0000,WB,825.0000
30618_4d487b0d,17,10.3916,3.8257,8.1499,50.2046,257.8848,331.0000,6.1601,9.3040,5.7386,87.0000,WB,875.0000
30618_4d487b0d,18,6.1747,0.0000,48.9001,51.3203,266.0348,1962.0000,1.0495,6.0890,1.0332,491.0000,WB,925.0000
30618_4d487b0d,19,4.3853,2.6930,13.7152,50.5008,314.9348,556.0000,3.6821,4.8900,3.7168,134.0000,WB,975.0000
30618_4d487b0d,20,5.3873,0.0000,17.1500,50.7099,328.6500,698.0000,2.9568,5.4050,2.9228,172.0000,WB,1025.0000
30618_4d487b0d,21,7.7693,3.2651,8.5348,50.2027,345.8000,349.0000,5.8821,8.0680,6.4527,77.0000,WB,1075.0000
30618_4d487b0d,22,9.8275,7.7902,5.6500,49.7351,354.3348,230.0000,8.8027,9.8670,9.0270,54.0000,WB,1125.0000
30618_4d487b0d,23,10.0524,9.8323,5.0500,50.0302,359.9848,207.0000,9.9069,10.1430,9.9497,51.0000,WB,1175.0000
30618_4d487b0d,24,10.1288,9.7994,5.0500,50.3065,365.0348,207.0000,9.9617,10.1760,9.9477,50.0000,WB,1225.0000
30618_4d487b0d,25,10.0890,9.6222,5.0000,49.7475,370.0848,203.0000,9.9495,10.1180,9.9115,50.0000,WB,1275.0000
30618_4d487b0d,26,9.7937,9.6205,5.1500,50.0172,375.0848,209.0000,9.7122,9.8400,9.7289,52.0000,WB,1325.0000
30618_4d487b0d,27,9.9008,9.6622,5.1000,50.0239,380.2348,206.0000,9.8085,9.9350,9.8125,51.0000,WB,1375.0000
30618_4d487b0d,28,10.0147,9.3998,5.1000,50.0347,385.3348,208.0000,9.8108,10.0250,9.7475,51.0000,WB,1425.0000
30618_4d487b0d,29,9.3764,4.4179,7.4000,50.0620,390.4348,299.0000,6.7651,8.8710,6.0747,83.0000,WB,1475.0000
30618_4d487b0d,30,8.2167,0.0000,17.5000,50.2259,397.8348,718.0000,2.8701,8.7490,2.9970,166.0000,WB,1525.0000
30618_4d487b0d,31,9.9951,8.2465,5.2500,49.9791,415.3348,215.0000,9.5198,10.0440,9.6792,52.0000,WB,1575.0000
30618_4d487b0d,32,9.9569,9.5320,5.1152,49.9197,420.5848,208.0000,9.7592,9.9780,9.7980,51.0000,WB,1625.0000
30618_4d487b0d,33,9.8750,9.6607,5.1349,50.0884,425.7000,208.0000,9.7545,9.8760,9.7349,51.0000,WB,1675.0000
30618_4d487b0d,34,9.9755,9.5322,5.1499,49.8590,430.8349,213.0000,9.6815,9.9710,9.7161,52.0000,WB,1725.0000
30618_4d487b0d,35,9.9761,8.2658,5.3001,50.0575,435.9848,217.0000,9.4447,9.9150,9.2074,54.0000,WB,1775.0000
30618_4d487b0d,36,8.2450,6.8813,6.8999,50.0655,441.2848,288.0000,7.2559,7.8260,7.1257,70.0000,WB,1825.0000
30618_4d487b0d,37,9.7144,6.7654,6.4652,49.9856,448.1848,266.0000,7.7315,9.8630,8.0108,62.0000,WB,1875.0000
30618_4d487b0d,38,10.4880,9.6804,5.0500,49.9166,454.6500,207.0000,9.8845,10.7980,9.9537,50.0000,WB,1925.0000
30618_4d487b0d,39,13.3522,10.4990,4.1500,49.9333,459.7000,175.0000,12.0321,13.4550,12.3054,41.0000,WB,1975.0000
30618_4d487b0d,40,14.1638,13.3594,3.6348,50.3551,463.8500,153.0000,13.8536,14.2050,13.9203,36.0000,WB,2025.0000
30618_4d487b0d,41,14.3600,14.1677,3.5000,50.0181,467.4848,143.0000,14.2907,14.4130,14.3036,35.0000,WB,2075.0000
30618_4d487b0d,42,14.5848,14.3576,3.4500,49.8575,470.9849,141.0000,14.4515,14.6040,14.4614,34.0000,WB,2125.0000
30618_4d487b0d,43,14.7926,14.5835,3.4000,49.9055,474.4349,139.0000,14.6781,14.8110,14.6781,34.0000,WB,2175.0000
30618_4d487b0d,44,14.8129,12.6286,3.6152,50.0163,477.8348,152.0000,13.8352,14.7730,13.5870,37.0000,WB,2225.0000
30618_4d487b0d,45,12.6184,9.7759,4.5000,49.9722,481.4500,187.0000,11.1049,12.2840,10.7810,47.0000,WB,2275.0000
30618_4d487b0d,46,9.7713,8.7480,5.2500,50.1124,485.9500,223.0000,9.5452,9.6810,9.3908,53.0000,WB,2325.0000
30618_4d487b0d,47,8.7336,2.7893,8.8349,50.0512,491.2000,367.0000,5.6652,8.1820,4.6533,109.0000,WB,2375.0000
30618_4d487b0d,48,6.5859,1.7632,10.4151,51.8053,500.0349,423.0000,4.9740,6.5010,5.9608,83.0000,WB,2425.0000
30618_4d487b0d,49,6.4654,0.0000,16.8848,51.0963,510.4500,694.0000,3.0262,6.4760,2.9885,168.0000,WB,2475.0000
30618_4d487b0d,50,8.5341,5.4701,6.6502,50.0439,527.3348,282.0000,7.5252,8.6080,7.7488,65.0000,WB,2525.0000
30618_4d487b0d,51,10.1395,8.5050,5.5999,50.1536,533.9850,232.0000,8.9562,10.2890,9.0438,55.0000,WB,2575.0000
30618_4d487b0d,52,12.2246,10.1621,4.4651,49.8222,539.5849,188.0000,11.1580,12.2980,11.2565,44.0000,WB,2625.0000
30618_4d487b0d,53,13.1969,12.2331,3.8848,50.0342,544.0500,168.0000,12.8795,13.2260,12.9150,39.0000,WB,2675.0000
30618_4d487b0d,54,13.0273,12.1963,4.0500,50.2736,547.9348,173.0000,12.4132,12.8560,12.3825,40.0000,WB,2725.0000
30618_4d487b0d,55,12.6694,11.1895,4.0500,49.7687,551.9848,170.0000,12.2885,12.6880,12.1930,41.0000,WB,2775.0000
30618_4d487b0d,56,11.1606,7.2896,5.4500,50.0094,556.0348,231.0000,9.1760,10.9750,8.9140,57.0000,WB,2825.0000
30618_4d487b0d,57,7.2662,4.2541,9.0152,49.9235,561.4848,379.0000,5.5377,7.4680,5.5392,90.0000,WB,2875.0000
30618_4d487b0d,58,8.8551,7.1455,5.9500,50.0134,570.5000,257.0000,8.4056,8.8560,8.4781,59.0000,WB,2925.0000
30618_4d487b0d,59,8.4776,2.4101,9.2500,50.0055,576.4500,397.0000,5.4060,8.1790,4.5280,111.0000,WB,2975.0000
30618_4d487b0d,60,9.0700,0.0000,17.9849,53.5030,585.7000,796.0000,2.9749,9.0610,3.1645,157.0000,WB,3025.0000
30618_4d487b0d,61,11.7241,9.0953,4.6999,49.7549,603.6849,206.0000,10.5864,11.7090,10.5836,47.0000,WB,3075.0000
30618_4d487b0d,62,11.9737,10.0797,4.4152,50.0865,608.3848,197.0000,11.3440,11.9930,11.3577,44.0000,WB,3125.0000
30618_4d487b0d,63,10.0816,5.6166,6.3848,50.0300,612.8000,274.0000,7.8358,10.0400,7.8592,64.0000,WB,3175.0000
30618_4d487b0d,64,7.0857,0.0000,19.5001,50.0245,619.1848,872.0000,2.5653,7.0470,2.4162,169.0000,WB,3225.0000
30618_4d487b0d,65,10.9941,7.0821,5.4500,50.1569,638.6849,245.0000,9.2031,10.9310,9.1279,43.0000,WB,3275.0000
30618_4d487b0d,66,11.6416,10.8290,4.3999,50.0215,644.1349,195.0000,11.3688,11.6690,11.3743,43.0000,WB,3325.0000
30618_4d487b0d,67,10.8040,6.9356,5.6000,49.8952,648.5348,250.0000,8.9099,10.8250,8.9618,56.0000,WB,3375.0000
30618_4d487b0d,68,6.9114,0.0000,19.3152,49.9454,654.1348,886.0000,2.5858,6.9060,2.6122,194.0000,WB,3425.0000
30618_4d487b0d,69,8.8105,5.4424,6.5000,49.9659,673.4500,297.0000,7.6871,8.8710,7.6846,64.0000,WB,3475.0000
30618_4d487b0d,70,8.6090,3.0263,8.7848,50.0550,679.9500,399.0000,5.6979,8.5920,5.7477,87.0000,WB,3525.0000
30618_4d487b0d,71,3.0079,0.0000,28.4000,49.7475,688.7348,1303.0000,1.7517,3.0200,1.7888,295.0000,WB,3575.0000
30618_4d487b0d,72,4.3604,2.4726,15.9152,49.9784,717.1348,731.0000,3.1403,4.3590,3.1919,141.0000,WB,3625.0000
30618_4d487b0d,73,8.2188,4.2533,8.8848,50.0821,733.0500,399.0000,5.6368,8.1610,5.6975,45.0000,WB,3675.0000
30618_4d487b0d,74,9.5598,8.0316,5.8652,50.0314,741.9348,257.0000,8.5302,9.5070,8.5180,59.0000,WB,3725.0000
30618_4d487b0d,75,11.3330,9.5562,4.7348,50.0313,747.8000,214.0000,10.5667,11.2730,10.5342,47.0000,WB,3775.0000
30618_4d487b0d,76,11.3923,10.2244,4.6000,50.0858,752.5348,211.0000,10.8883,11.3790,10.8895,46.0000,WB,3825.0000
30618_4d487b0d,77,11.7809,10.2550,4.5499,49.9388,757.1348,207.0000,10.9758,11.7670,10.9511,46.0000,WB,3875.0000
30618_4d487b0d,78,12.0745,11.6488,4.2001,49.8857,761.6847,193.0000,11.8772,12.0710,11.8682,42.0000,WB,3925.0000
30618_4d487b0d,79,11.7824,10.0484,4.4083,49.9862,765.8848,196.0000,11.3391,11.8020,11.3497,44.0000,WB,3975.0000
30618_4d487b0d,80,10.0419,8.5548,5.4069,49.9667,770.2931,248.0000,9.2413,10.0430,9.2695,54.0000,WB,4025.0000
30618_4d487b0d,81,8.5258,0.0000,17.6848,49.7834,775.7000,805.0000,2.8150,8.5390,2.7793,182.0000,WB,4075.0000
30618_4d487b0d,82,9.3363,0.6918,9.8000,50.1462,793.3848,450.0000,5.1169,9.2890,5.3350,93.0000,WB,4125.0000
30618_4d487b0d,83,11.5488,9.3628,4.6500,49.9556,803.1848,207.0000,10.7431,11.5300,10.7203,45.0000,WB,4175.0000
30618_4d487b0d,84,11.5365,8.4862,4.9500,49.9260,807.8348,219.0000,10.0860,11.5580,9.8196,59.0000,WB,4225.0000
30618_4d487b0d,85,8.4620,5.4238,7.0000,49.9773,812.7848,321.0000,7.1396,7.9400,7.0110,61.0000,WB,4275.0000
30618_4d487b0d,86,7.1319,0.0000,45.3152,50.1440,819.7848,2125.0000,1.1066,7.0590,1.1081,453.0000,WB,4325.0000
30618_4d487b0d,87,8.5963,7.1441,6.0500,49.9761,865.1000,279.0000,8.2605,8.5960,8.2512,61.0000,WB,4375.0000
30618_4d487b0d,88,10.2238,8.2040,5.5348,50.1741,871.1500,253.0000,9.0652,10.2100,9.0648,55.0000,WB,4425.0000
30618_4d487b0d,89,11.1752,10.2402,4.6000,49.8378,876.6848,212.0000,10.8343,11.1700,10.8277,46.0000,WB,4475.0000
30618_4d487b0d,90,10.3134,6.0000,6.1652,49.9910,881.2848,288.0000,8.1086,10.3140,8.1145,62.0000,WB,4525.0000
30618_4d487b0d,91,5.9901,0.0000,21.3848,50.0617,887.4500,991.0000,2.3410,5.9530,2.3353,206.0000,WB,4575.0000
30618_4d487b0d,92,10.3964,5.3567,6.2652,49.8680,908.8348,287.0000,7.9595,10.3230,7.9093,61.0000,WB,4625.0000
30618_4d487b0d,93,12.4276,10.4138,4.3348,50.3188,915.1000,195.0000,11.6081,12.4070,11.5755,43.0000,WB,4675.0000
30618_4d487b0d,94,12.9526,12.4207,3.9152,49.7948,919.4348,176.0000,12.7183,12.9630,12.7081,40.0000,WB,4725.0000
30618_4d487b0d,95,12.4099,9.1163,4.6348,49.9081,923.3500,207.0000,10.7681,12.3680,10.7711,46.0000,WB,4775.0000
30618_4d487b0d,96,9.0932,8.4593,5.8001,50.1725,927.9848,263.0000,8.6503,9.0900,8.6628,58.0000,WB,4825.0000
30618_4d487b0d,97,8.7181,8.4581,5.8151,49.9124,933.7849,275.0000,8.5832,8.7660,8.5945,58.0000,WB,4875.0000
30618_4d487b0d,98,8.8719,7.7640,5.8349,50.0315,939.6000,264.0000,8.5746,8.8380,8.5911,58.0000,WB,4925.0000
30618_4d487b0d,99,7.7392,0.0000,19.3651,49.8995,945.4349,885.0000,2.5768,7.7710,2.5965,194.0000,WB,4975.0000
30618_4d487b0d,100,9.4543,1.5778,8.9849,49.9395,964.8000,405.0000,5.5582,9.4210,5.5813,88.0000,WB,5025.0000
30618_4d487b0d,101,12.0871,9.4683,4.5499,50.1686,973.7849,203.0000,11.0263,12.0830,11.0070,45.0000,WB,5075.0000
30618_4d487b0d,102,12.2203,9.9711,4.4001,49.8522,978.3348,200.0000,11.3299,12.2410,11.3672,44.0000,WB,5125.0000
30618_4d487b0d,103,9.9471,5.4085,6.4000,50.0272,982.7348,279.0000,7.8167,10.0170,7.8658,64.0000,WB,5175.0000
30618_4d487b0d,104,7.1487,0.0000,20.9152,49.8678,989.1348,932.0000,2.3843,7.1730,2.4053,210.0000,WB,5225.0000
30618_4d487b0d,105,7.5785,4.2361,8.1000,50.0228,1010.0500,347.0000,6.1756,7.6050,6.1795,81.0000,WB,5275.0000
30618_4d487b0d,106,4.2632,2.4529,13.6348,50.0092,1018.1500,593.0000,3.6678,4.2790,3.6904,135.0000,WB,5325.0000
30618_4d487b0d,107,3.0503,1.8861,19.1652,49.9879,1031.7848,839.0000,2.6083,3.1020,2.6185,191.0000,WB,5375.0000
30618_4d487b0d,108,4.2957,2.4962,16.5000,49.9924,1050.9500,717.0000,3.0298,4.3420,3.0166,166.0000,WB,5425.0000
30618_4d487b0d,109,4.1713,0.0000,9.0348,25.4928,1067.4500,392.0000,2.8216,4.2210,2.8789,91.0000,WB,5475.0000
30618_4d487b0d,217,,,,,,,,0.0000,0.0000,181.0000,EB,270.1378
30618_4d487b0d,220,2.8127,0.0000,15.4000,5.5700,1.3000,594.0000,0.3617,2.7280,0.3652,152.0000,EB,0.0000
30618_4d487b0d,221,3.3342,2.8285,1.1848,3.7027,16.7000,47.0000,3.1252,3.3360,3.0719,12.0000,WB,21.3710
30618_616ec56b,113,3.4420,0.0000,30.3500,44.8359,1.1500,1368.0000,1.4773,3.4610,1.4909,299.0000,EB,5466.1414
30618_616ec56b,114,3.2937,0.0000,56.3000,50.0991,31.5000,2704.0000,0.8899,3.3220,0.8931,562.0000,EB,5421.1425
30618_616ec56b,115,5.3342,2.6277,12.1500,50.3207,87.8000,587.0000,4.1416,5.2330,4.0765,123.0000,EB,5369.1419
30618_616ec56b,116,5.3892,0.0000,18.3887,50.5732,99.9500,902.0000,2.7502,5.3680,2.7330,183.0000,EB,5316.1420
30618_616ec56b,117,7.1413,0.0000,40.4613,50.1703,118.3387,2010.0000,1.2400,7.0180,1.2403,404.0000,EB,5266.1420
30618_616ec56b,118,10.7747,7.1691,5.3480,49.2660,158.8000,262.0000,9.2121,10.7170,9.1273,54.0000,EB,5216.1420
30618_616ec56b,119,11.1366,10.7125,4.6020,50.0930,164.1480,227.0000,10.8850,11.1250,10.8757,20.0000,EB,5166.1420
30618_616ec56b,120,10.9215,7.1057,5.5162,49.9594,168.7500,270.0000,9.0569,10.8890,9.0319,50.0000,EB,5116.1421
30618_616ec56b,121,7.0934,0.0000,34.3338,50.5027,174.2662,1696.0000,1.4709,7.0360,1.4568,336.0000,EB,5066.1420
30618_616ec56b,122,10.2897,5.4934,6.2000,50.0466,208.6000,301.0000,8.0720,10.1870,8.0238,61.0000,EB,5016.1420
30618_616ec56b,123,10.8304,9.2033,4.8500,50.0392,214.8000,240.0000,10.3174,10.8160,10.3030,48.0000,EB,4966.1420
30618_616ec56b,124,9.1753,8.4158,5.7500,49.8856,219.6500,284.0000,8.6757,9.1800,8.6658,58.0000,EB,4917.1420
30618_616ec56b,125,9.8168,8.4256,5.7473,49.9701,225.4000,283.0000,8.6945,9.7580,8.6754,55.0000,EB,4867.1420
30618_616ec56b,126,11.1604,9.8370,4.6689,50.0359,231.1473,230.0000,10.7169,11.1450,10.6908,44.0000,EB,4818.1420
30618_616ec56b,127,11.4142,11.1426,4.4338,50.0095,235.8162,218.0000,11.2792,11.3980,11.2316,34.0000,EB,4768.1420
30618_616ec56b,128,11.4187,8.2217,4.9794,49.9740,240.2500,246.0000,10.0361,11.4280,10.0630,35.0000,EB,4718.1420
30618_616ec56b,129,8.2083,0.0000,34.7283,50.8949,245.2294,1718.0000,1.4655,8.1530,1.4589,343.0000,EB,4668.1421
30618_616ec56b,130,9.6015,2.3827,8.1422,50.0254,279.9578,399.0000,6.1439,9.5240,6.1305,81.0000,EB,4618.1420
30618_616ec56b,131,12.3468,9.6278,4.4662,49.9836,288.1000,220.0000,11.1916,12.3200,11.1620,45.0000,EB,4568.1420
30618_616ec56b,132,13.0284,12.3516,3.9338,50.2166,292.5662,195.0000,12.7654,13.0380,12.7488,39.0000,EB,4518.1420
30618_616ec56b,133,12.5644,9.5478,4.5000,49.8149,296.5000,220.0000,11.0700,12.5550,11.0938,41.0000,EB,4468.1419
30618_616ec56b,134,9.5242,8.1496,5.8500,50.0513,301.0000,291.0000,8.5558,9.0450,8.4577,33.0000,EB,4418.1420
30618_616ec56b,135,8.2704,7.9161,6.1662,49.8737,306.8500,304.0000,8.0883,8.2600,8.0256,42.0000,EB,4369.1419
30618_616ec56b,136,8.2275,6.9665,6.3838,50.1533,313.0162,314.0000,7.8563,8.2230,7.8480,63.0000,EB,4320.1420
30618_616ec56b,137,10.1609,6.9277,6.2000,49.9092,319.4000,304.0000,8.0499,10.1150,8.0242,62.0000,EB,4271.1418
30618_616ec56b,138,12.1301,10.1864,4.3662,49.8569,325.6000,215.0000,11.4189,12.1050,11.3931,44.0000,EB,4222.1418
30618_616ec56b,139,12.1046,8.0109,5.0838,50.2757,329.9662,246.0000,9.8893,12.0570,9.9559,43.0000,EB,4172.1418
30618_616ec56b,140,8.7143,7.1020,6.0987,49.9387,335.0500,296.0000,8.1884,8.7360,8.1599,51.0000,EB,4122.1417
30618_616ec56b,141,7.0903,0.0000,54.0513,50.5171,341.1487,2647.0000,0.9346,7.0580,0.9372,538.0000,EB,4072.1418
30618_616ec56b,142,10.2826,4.6782,6.5499,50.1420,395.2000,315.0000,7.6554,10.2370,7.6437,65.0000,EB,4022.1417
30618_616ec56b,143,11.0179,10.2812,4.6501,49.8549,401.7499,223.0000,10.7212,11.0500,10.7260,46.0000,EB,3972.1418
30618_616ec56b,144,10.2669,7.3948,5.7662,49.8703,406.4000,280.0000,8.6488,10.2880,8.4366,64.0000,EB,3922.1417
30618_616ec56b,145,7.4027,6.7890,7.0838,50.0360,412.1662,339.0000,7.0634,7.4050,7.2674,23.0000,EB,3872.1417
30618_616ec56b,146,6.9984,6.6001,7.3662,50.0306,419.2500,362.0000,6.7920,7.0140,6.7897,61.0000,EB,3822.1418
30618_616ec56b,147,6.8505,6.6885,7.4000,49.9907,426.6162,361.0000,6.7555,6.8550,6.7512,69.0000,EB,3772.1418
30618_616ec56b,148,7.1445,5.3301,7.5838,50.0909,434.0162,362.0000,6.6050,7.1510,6.4035,79.0000,EB,3722.1418
30618_616ec56b,149,5.3090,3.3665,12.8500,49.9017,441.6000,628.0000,3.8834,5.3370,3.9422,85.0000,EB,3672.1417
30618_616ec56b,150,4.1631,2.4431,14.0000,50.1108,454.4500,673.0000,3.5793,4.1170,3.5776,138.0000,EB,3618.1407
30618_616ec56b,151,8.3860,4.1884,7.2163,49.9292,468.4500,345.0000,6.9189,8.3870,6.9196,72.0000,EB,3566.1401
30618_616ec56b,152,8.1376,1.6135,9.7837,50.0223,475.6663,469.0000,5.1128,8.0960,5.0298,100.0000,EB,3516.1400
30618_616ec56b,153,8.2401,0.0000,72.1500,50.5581,485.4500,3456.0000,0.7007,8.2450,0.7004,590.0000,EB,3466.1401
30618_616ec56b,154,9.9763,8.2487,5.6161,49.8407,557.6000,264.0000,8.8745,9.9050,8.8619,56.0000,EB,3416.1400
30618_616ec56b,155,12.9449,9.9865,4.3500,49.9337,563.2161,205.0000,11.4790,12.8790,11.4127,38.0000,EB,3366.1400
30618_616ec56b,156,14.2916,12.9545,3.6501,50.0129,567.5662,170.0000,13.7019,14.2220,13.6871,36.0000,EB,3316.1401
30618_616ec56b,157,14.4469,14.1421,3.4999,49.9731,571.2162,169.0000,14.2783,14.4410,14.2702,36.0000,EB,3266.1400
30618_616ec56b,158,14.3417,13.5829,3.5338,49.9722,574.7162,166.0000,14.1410,14.3540,14.1542,32.0000,EB,3216.1399
30618_616ec56b,159,13.5640,11.0487,4.0500,49.9887,578.2500,188.0000,12.3429,13.5770,12.3785,41.0000,EB,3166.1399
30618_616ec56b,160,11.0263,6.7237,5.6500,50.1224,582.3000,262.0000,8.8712,11.0250,8.9170,56.0000,EB,3116.1399
30618_616ec56b,161,6.6972,0.0000,36.3162,49.9764,587.9500,1695.0000,1.3761,6.7260,1.3811,362.0000,EB,3066.1398
30618_616ec56b,162,7.8874,5.9526,6.9338,50.0201,624.2662,322.0000,7.2139,7.9460,7.1977,70.0000,EB,3016.1399
30618_616ec56b,163,6.3271,0.0000,46.7500,50.0582,631.2000,2116.0000,1.0708,6.2470,1.0686,466.0000,EB,2966.1399
30618_616ec56b,164,11.0596,6.3512,5.7162,50.0507,677.9500,261.0000,8.7559,10.9130,8.6623,57.0000,EB,2916.1400
30618_616ec56b,165,13.5899,11.0714,4.0000,49.9146,683.6662,175.0000,12.4787,13.5770,12.4258,41.0000,EB,2866.1398
30618_616ec56b,166,14.3146,13.5951,3.5838,50.2651,687.6662,162.0000,14.0255,14.3190,14.0046,35.0000,EB,2816.1396
30618_616ec56b,167,13.9750,12.1787,3.8662,49.7462,691.2500,175.0000,12.8671,13.9950,12.8916,39.0000,EB,2766.1396
30618_616ec56b,168,12.7918,12.1829,4.0000,50.0944,695.1162,179.0000,12.5237,12.7860,12.5145,40.0000,EB,2717.1395
30618_616ec56b,169,12.7861,11.2672,4.2000,49.9805,699.1161,185.0000,11.9001,12.8060,11.9195,42.0000,EB,2667.1395
30618_616ec56b,170,11.2698,8.3889,5.1338,50.0395,703.3162,235.0000,9.7470,11.2800,9.7818,51.0000,EB,2617.1396
30618_616ec56b,171,8.4733,7.9670,6.1500,50.0857,708.4500,272.0000,8.1440,8.4850,8.1471,62.0000,EB,2567.1395
30618_616ec56b,172,9.9792,8.4890,5.2500,49.7785,714.6000,235.0000,9.4816,9.9670,9.4725,53.0000,EB,2518.1395
30618_616ec56b,173,9.3313,7.1346,6.5000,50.0794,719.8500,282.0000,7.7045,9.2750,7.6907,65.0000,EB,2468.1395
30618_616ec56b,174,8.5595,7.1095,6.3665,50.0104,726.3500,279.0000,7.8553,8.5240,7.8478,63.0000,EB,2418.1394
30618_616ec56b,175,11.7850,8.5690,4.8835,50.0189,732.7165,212.0000,10.2423,11.7330,10.2052,49.0000,EB,2368.1396
30618_616ec56b,176,13.4310,11.8050,3.9161,49.8331,737.6000,165.0000,12.7251,13.4010,12.6953,39.0000,EB,2318.1394
30618_616ec56b,177,14.2197,13.4351,3.6000,49.9805,741.5161,157.0000,13.8834,14.1970,13.8633,36.0000,EB,2268.1394
30618_616ec56b,178,14.4836,14.2053,3.4839,50.0950,745.1162,150.0000,14.3792,14.5050,14.3713,35.0000,EB,2218.1393
30618_616ec56b,179,14.4903,14.2079,3.4662,50.0043,748.6000,144.0000,14.4263,14.4960,14.4129,35.0000,EB,2168.1393
30618_616ec56b,180,14.2042,13.9999,3.5500,50.0927,752.0662,150.0000,14.1107,14.1630,14.1128,35.0000,EB,2118.1391
30618_616ec56b,181,13.9969,13.6070,3.6338,49.8190,755.6162,154.0000,13.7097,13.9890,13.7016,37.0000,EB,2068.1392
30618_616ec56b,182,13.7776,13.5708,3.6662,50.1418,759.2500,151.0000,13.6769,13.7560,13.6633,36.0000,EB,2017.1391
30618_616ec56b,183,13.6718,13.3513,3.7000,50.0236,762.9162,154.0000,13.5199,13.6660,13.4928,37.0000,EB,1967.1389
30618_616ec56b,184,13.3492,13.0599,3.7838,49.8663,766.6162,169.0000,13.1788,13.3260,13.0989,43.0000,EB,1917.1389
30618_616ec56b,185,13.0660,11.9364,3.9162,50.1492,770.4000,172.0000,12.8057,13.0480,12.9981,22.0000,EB,1867.1388
30618_616ec56b,186,11.9234,9.0527,4.8187,49.9338,774.3162,211.0000,10.3624,,,,EB,1817.1386
30618_616ec56b,187,9.0561,0.0000,23.2813,50.0217,779.1349,996.0000,2.1486,6.1930,1.7997,94.0000,EB,1767.1386
30618_616ec56b,188,8.4947,2.3770,8.7500,49.9777,802.4161,386.0000,5.7117,8.6020,7.6032,42.0000,EB,1717.1386
30618_616ec56b,189,9.6189,8.5016,5.4338,50.0389,811.1662,231.0000,9.2088,9.1600,8.1235,19.0000,EB,1667.1386
30618_616ec56b,190,9.5638,3.2486,8.2661,49.9377,816.6000,362.0000,6.0413,7.1520,5.1857,28.0000,EB,1617.1386
30618_616ec56b,191,6.5949,2.8514,11.4339,50.1292,824.8661,496.0000,4.3843,,,,EB,1567.1386
30618_616ec56b,192,7.3133,3.0421,9.0500,49.9461,836.3000,385.0000,5.5189,,,,EB,1517.1386
30618_616ec56b,193,7.3988,6.9331,6.9162,49.9646,845.3500,290.0000,7.2243,,,,EB,1467.1386
30618_616ec56b,194,7.3305,6.9189,7.0500,49.9870,852.2662,292.0000,7.0904,7.3460,7.2384,30.0000,EB,1417.1386
30618_616ec56b,195,9.5393,6.9150,6.1838,50.1606,859.3162,255.0000,8.1116,9.5590,8.0658,64.0000,EB,1367.1385
30618_616ec56b,196,10.0824,9.5451,5.0500,49.8466,865.5000,205.0000,9.8706,10.0960,9.8788,50.0000,EB,1317.1385
30618_616ec56b,197,10.0173,9.8104,5.0500,50.0566,870.5500,206.0000,9.9122,10.0220,9.9191,51.0000,EB,1267.1386
30618_616ec56b,198,10.0474,9.7407,5.0500,49.8631,875.6000,204.0000,9.8739,10.0730,9.8883,49.0000,EB,1217.1386
30618_616ec56b,199,10.0878,9.4491,5.0500,50.0884,880.6500,204.0000,9.9185,10.1140,9.9298,51.0000,EB,1167.1386
30618_616ec56b,200,9.4269,4.7711,7.0500,50.0879,885.7000,291.0000,7.1047,9.3950,7.1438,68.0000,EB,1117.1385
30618_616ec56b,201,5.7044,3.8174,11.6500,49.9886,892.7500,473.0000,4.2909,5.6960,4.2749,116.0000,EB,1067.1385
30618_616ec56b,202,5.7174,3.8377,11.3000,50.0196,904.4000,465.0000,4.4265,5.7510,4.4563,113.0000,EB,1017.1385
30618_616ec56b,203,3.9692,0.0000,71.4000,49.9408,915.7000,2891.0000,0.6995,3.9590,0.7062,712.0000,EB,967.1384
30618_616ec56b,204,7.5297,0.0000,33.3000,49.7269,987.1000,1343.0000,1.4933,7.4790,1.4962,335.0000,EB,917.1384
30618_616ec56b,205,8.3387,0.0000,16.0000,50.0178,1020.4000,644.0000,3.1261,8.2750,3.1254,160.0000,EB,867.1384
30618_616ec56b,206,8.5547,6.9948,6.1500,49.9661,1036.4000,246.0000,8.1246,8.5300,8.1028,61.0000,EB,818.1384
30618_616ec56b,207,8.7716,8.5489,5.7661,49.8897,1042.5500,232.0000,8.6522,8.8000,8.6512,58.0000,EB,768.1383
30618_616ec56b,208,8.8285,8.0570,5.7839,49.9704,1048.3161,232.0000,8.6396,8.8280,8.6405,54.0000,EB,718.1382
30618_616ec56b,209,8.0314,0.0000,48.4162,50.0986,1054.1000,1943.0000,1.0347,7.9790,1.0473,438.0000,EB,669.1382
30618_616ec56b,210,9.0112,2.7848,8.0338,49.8809,1102.5162,324.0000,6.2089,8.6300,6.0778,67.0000,EB,620.1381
30618_616ec56b,211,11.9163,9.0198,4.8000,50.1328,1110.5500,194.0000,10.4443,11.8000,10.3917,36.0000,EB,570.1380
30618_616ec56b,212,13.6658,11.9372,3.8661,49.9491,1115.3500,157.0000,12.9199,13.6380,12.9275,35.0000,EB,520.1379
30618_616ec56b,213,13.7243,12.3047,3.7839,49.9680,1119.2161,153.0000,13.2053,13.5940,12.8755,19.0000,EB,470.1379
30618_616ec56b,214,12.2852,11.4695,4.2500,50.0546,1123.0000,171.0000,11.7776,12.2830,11.7553,39.0000,EB,420.1378
30618_616ec56b,215,12.1608,11.3421,4.1662,50.0030,1127.2500,167.0000,12.0022,12.2300,12.0015,36.0000,EB,370.1378
30618_616ec56b,216,11.3295,6.8960,5.4338,50.0170,1131.4162,218.0000,9.2047,11.3300,9.2294,52.0000,EB,320.1378
30618_616ec56b,217,6.8602,0.0000,20.1000,50.2057,1136.8500,808.0000,2.4978,6.7990,2.4959,200.0000,EB,270.1378
30618_616ec56b,218,3.7430,2.4413,17.8500,50.0907,1156.9500,718.0000,2.8062,3.8310,2.8201,181.0000,EB,220.1378
30618_616ec56b,219,3.6402,0.0000,48.4000,49.9811,1174.8000,1954.0000,1.0327,3.6480,1.0277,475.0000,EB,173.1339
30618_616ec56b,220,3.7203,1.5744,16.3500,50.0168,1223.2000,664.0000,3.0591,3.7740,3.1077,161.0000,EB,0.0000
30618_616ec56b,221,1.5653,0.0000,3.9162,2.1438,1239.5500,160.0000,0.5474,1.8400,0.7145,42.0000,WB,21.3710
30618_67b89902,112,2.2290,0.0000,21.4000,3.6433,0.0000,859.0000,0.1702,2.1260,0.1649,213.0000,EB,5511.1413
30618_67b89902,113,3.4627,2.2447,16.1000,49.9871,21.4000,678.0000,3.1048,3.4630,3.1068,161.0000,EB,5466.1414
30618_67b89902,114,3.3678,1.3627,18.4290,50.1600,37.5000,768.0000,2.7218,3.3790,2.7303,183.0000,EB,5421.1425
30618_67b89902,115,4.6704,2.4912,15.0710,50.1836,55.9290,631.0000,3.3298,4.6030,3.2815,152.0000,EB,5369.1419
30618_67b89902,116,7.1646,4.7104,8.0500,50.0309,71.0000,328.0000,6.2150,7.1600,6.1837,80.0000,EB,5316.1420
30618_67b89902,117,7.2900,0.0000,32.5000,49.9096,79.0500,1324.0000,1.5357,7.1970,1.5357,325.0000,EB,5266.1420
30618_67b89902,118,10.8705,7.3076,5.3790,50.3279,111.5500,215.0000,9.3564,10.8460,9.3020,51.0000,EB,5216.1420
30618_67b89902,119,11.1578,10.7919,4.5500,49.7431,116.9290,182.0000,10.9325,11.1600,10.9263,46.0000,EB,5166.1420
30618_67b89902,120,10.7958,6.7759,5.7210,50.1537,121.4790,233.0000,8.7666,10.7820,8.8196,57.0000,EB,5116.1421
30618_67b89902,121,6.7433,0.0000,34.8500,49.9522,127.2000,1410.0000,1.4333,6.7790,1.4463,349.0000,EB,5066.1420
30618_67b89902,122,10.3307,5.5538,6.1290,49.8661,162.0500,246.0000,8.1361,10.2930,8.0950,60.0000,EB,5016.1420
30618_67b89902,123,10.8255,9.0286,4.9000,50.1583,168.1790,197.0000,10.2363,10.8520,10.2564,49.0000,EB,4966.1420
30618_67b89902,124,9.0113,8.4596,5.8000,50.0216,173.0790,234.0000,8.6244,9.0100,8.6382,56.0000,EB,4917.1420
30618_67b89902,125,9.8664,8.3476,5.7710,49.8992,178.8790,232.0000,8.6465,9.7750,8.6394,58.0000,EB,4867.1420
30618_67b89902,126,11.1493,9.8748,4.6500,49.9348,184.6500,188.0000,10.7387,11.1790,10.7308,46.0000,EB,4818.1420
30618_67b89902,127,11.4023,11.1406,4.4500,50.1526,189.3000,179.0000,11.2702,11.4030,11.2582,45.0000,EB,4768.1420
30618_67b89902,128,11.3886,8.0619,5.0290,49.9650,193.7500,201.0000,9.9354,11.4310,9.9713,50.0000,EB,4718.1420
30618_67b89902,129,8.0390,0.0000,39.3500,49.8421,198.7790,1580.0000,1.2666,8.0660,1.2819,390.0000,EB,4668.1421
30618_67b89902,130,9.5745,2.2082,8.3211,49.8887,238.1289,335.0000,5.9955,9.4930,5.9670,79.0000,EB,4618.1420
30618_67b89902,131,12.3518,9.5959,4.4790,50.0716,246.4500,180.0000,11.1793,12.3310,11.1519,45.0000,EB,4568.1420
30618_67b89902,132,13.0172,12.3603,3.9210,50.0669,250.9290,158.0000,12.7688,13.0510,12.7632,39.0000,EB,4518.1420
30618_67b89902,133,12.6494,9.4197,4.5000,49.8607,254.8500,182.0000,11.0802,12.6540,11.0998,45.0000,EB,4468.1419
30618_67b89902,134,9.3925,8.1862,5.9500,50.1221,259.3500,239.0000,8.4239,9.4020,8.4328,59.0000,EB,4418.1420
30618_67b89902,135,8.1947,8.0630,6.1500,49.9362,265.3000,247.0000,8.1197,8.2260,8.1151,62.0000,EB,4369.1419
30618_67b89902,136,8.2181,6.8661,6.5000,50.0062,271.4500,261.0000,7.6933,8.2170,7.6984,65.0000,EB,4320.1420
30618_67b89902,137,10.2869,6.9364,6.1000,50.0394,277.9500,246.0000,8.2032,10.2180,8.1660,56.0000,EB,4271.1418
30618_67b89902,138,12.1488,10.2948,4.3500,49.9960,284.0500,175.0000,11.4933,12.1660,11.4896,44.0000,EB,4222.1418
30618_67b89902,139,12.1000,9.0948,4.6790,49.9002,288.4000,188.0000,10.6648,12.1280,10.6617,45.0000,EB,4172.1418
30618_67b89902,140,9.0773,7.3433,5.9499,50.0978,293.0790,240.0000,8.4199,8.9910,8.4155,59.0000,EB,4122.1417
30618_67b89902,141,7.3220,0.0000,78.8501,50.1836,299.0289,3172.0000,0.6364,7.2990,0.6383,788.0000,EB,4072.1418
30618_67b89902,142,9.9461,4.6914,6.6000,49.9503,377.8790,265.0000,7.5683,9.9000,7.5226,66.0000,EB,4022.1417
30618_67b89902,143,10.6459,9.9498,4.8210,49.9979,384.4790,195.0000,10.3708,10.6550,10.3693,47.0000,EB,3972.1418
30618_67b89902,144,10.1447,7.2932,5.8500,50.0254,389.3000,237.0000,8.5513,10.2600,8.5858,59.0000,EB,3922.1417
30618_67b89902,145,7.2886,6.6540,7.2000,50.0210,395.1500,291.0000,6.9474,7.3070,6.9512,72.0000,EB,3872.1417
30618_67b89902,146,6.9540,6.5981,7.3790,50.0702,402.3500,295.0000,6.7855,6.9630,6.7822,74.0000,EB,3822.1418
30618_67b89902,147,6.8324,6.6449,7.4210,49.9928,409.7290,298.0000,6.7367,6.8300,6.7349,74.0000,EB,3772.1418
30618_67b89902,148,7.1865,5.3367,7.5500,50.0276,417.1500,304.0000,6.6262,7.2110,6.6372,75.0000,EB,3722.1418
30618_67b89902,149,5.3255,3.3960,12.8291,49.9621,424.7000,515.0000,3.8945,5.3410,3.8939,129.0000,EB,3672.1417
30618_67b89902,150,5.0828,3.7376,12.1709,49.9206,437.5291,491.0000,4.1016,5.0340,4.0887,122.0000,EB,3618.1407
30618_67b89902,151,8.5811,5.0996,6.7289,50.0711,449.7000,272.0000,7.4412,8.6150,7.4390,67.0000,EB,3566.1401
30618_67b89902,152,8.1689,1.5503,9.8000,49.9795,456.4289,395.0000,5.1000,8.1660,5.0413,100.0000,EB,3516.1400
30618_67b89902,153,8.1533,0.0000,50.7211,50.3353,466.2289,2066.0000,0.9924,8.1540,0.9916,504.0000,EB,3466.1401
30618_67b89902,154,10.8097,8.1592,5.5500,50.0191,516.9500,224.0000,9.0124,10.7140,8.9794,55.0000,EB,3416.1400
30618_67b89902,155,13.4434,10.8260,4.0791,49.9639,522.5000,166.0000,12.2488,13.4240,12.2000,41.0000,EB,3366.1400
30618_67b89902,156,14.0968,13.4193,3.6209,49.9956,526.5791,148.0000,13.8074,14.1400,13.8091,35.0000,EB,3316.1401
30618_67b89902,157,14.0018,13.1956,3.7290,50.3268,530.2000,151.0000,13.4962,13.9840,13.4786,37.0000,EB,3266.1400
30618_67b89902,158,14.3548,13.7547,3.5210,49.8821,533.9290,143.0000,14.1669,14.3720,14.1657,36.0000,EB,3216.1399
30618_67b89902,159,13.7418,11.0794,4.0000,49.8104,537.4500,162.0000,12.4526,13.7500,12.4841,39.0000,EB,3166.1399
30618_67b89902,160,11.0560,6.6656,5.6290,50.1797,541.4500,227.0000,8.9145,11.0950,8.9600,55.0000,EB,3116.1399
30618_67b89902,161,6.6419,0.0000,35.4105,49.5953,547.0790,1450.0000,1.4006,6.7090,1.4057,350.0000,EB,3066.1398
30618_67b89902,162,9.4948,5.7706,6.1895,50.1471,582.4895,249.0000,8.1019,9.4660,8.0590,62.0000,EB,3016.1399
30618_67b89902,163,11.0752,9.4032,5.0709,49.8640,588.6791,206.0000,9.8333,11.0260,9.8165,51.0000,EB,2966.1399
30618_67b89902,164,13.5107,11.0917,4.0290,50.0688,593.7500,166.0000,12.4271,13.4180,12.3762,40.0000,EB,2916.1400
30618_67b89902,165,14.3552,13.5069,3.5710,49.9142,597.7790,146.0000,13.9776,14.3120,13.9542,36.0000,EB,2866.1398
30618_67b89902,166,14.3387,13.8708,3.5500,50.1212,601.3500,146.0000,14.1186,14.3740,14.1220,35.0000,EB,2816.1396
30618_67b89902,167,13.8357,11.7679,3.9791,50.1155,604.9000,164.0000,12.5948,13.8770,12.6301,40.0000,EB,2766.1396
30618_67b89902,168,11.7706,11.0994,4.3209,49.8836,608.8791,174.0000,11.5446,11.8020,11.5652,43.0000,EB,2717.1395
30618_67b89902,169,11.4410,11.0824,4.4290,50.0792,613.2000,179.0000,11.3071,11.4490,11.3029,45.0000,EB,2667.1395
30618_67b89902,170,11.2902,8.2226,5.1710,49.8140,617.6290,211.0000,9.6334,11.3300,9.6566,50.0000,EB,2617.1396
30618_67b89902,171,8.3769,7.9387,6.1790,50.0899,622.8000,253.0000,8.1065,8.3930,8.1136,62.0000,EB,2567.1395
30618_67b89902,172,11.0750,8.3864,5.0499,49.8325,628.9790,208.0000,9.8679,11.0540,9.8470,50.0000,EB,2518.1395
30618_67b89902,173,11.7546,10.7603,4.5211,50.1592,634.0289,186.0000,11.0945,11.6660,11.0802,44.0000,EB,2468.1395
30618_67b89902,174,12.5956,11.7652,4.0500,50.0842,638.5500,163.0000,12.3665,12.5710,12.3500,37.0000,EB,2418.1394
30618_67b89902,175,13.5759,12.5071,3.8000,49.8557,642.6000,154.0000,13.1199,13.5200,13.0919,38.0000,EB,2368.1396
30618_67b89902,176,14.0614,13.5792,3.6290,50.2476,646.4000,147.0000,13.8461,14.0540,13.8410,36.0000,EB,2318.1394
30618_67b89902,177,14.0073,12.0880,3.8710,49.8563,650.0290,159.0000,12.8795,13.9960,12.8991,38.0000,EB,2268.1394
30618_67b89902,178,13.4779,12.0907,3.9000,49.9079,653.9000,162.0000,12.7969,13.4340,12.7665,38.0000,EB,2218.1393
30618_67b89902,179,13.9097,13.4728,3.6500,50.0638,657.8000,149.0000,13.7161,13.8950,13.7020,37.0000,EB,2168.1393
30618_67b89902,180,14.0282,13.7382,3.6000,50.0645,661.4500,144.0000,13.9068,14.0610,13.9107,36.0000,EB,2118.1391
30618_67b89902,181,13.8978,13.4042,3.6500,49.9250,665.0500,151.0000,13.6781,13.9080,13.6776,36.0000,EB,2068.1392
30618_67b89902,182,13.5666,13.3931,3.7000,49.9433,668.7000,152.0000,13.4982,13.5990,13.4913,37.0000,EB,2017.1391
30618_67b89902,183,13.4018,13.2555,3.7790,50.3000,672.4000,155.0000,13.3103,13.4000,13.2886,38.0000,EB,1967.1389
30618_67b89902,184,13.2553,12.1219,3.9000,49.8990,676.1790,160.0000,12.7947,13.2270,12.7962,39.0000,EB,1917.1389
30618_67b89902,185,12.6234,12.1203,4.0502,50.1499,680.0790,170.0000,12.3821,12.6260,12.3574,41.0000,EB,1867.1388
30618_67b89902,186,12.8413,12.5786,3.9208,49.8991,684.1292,162.0000,12.7267,12.8090,12.7192,39.0000,EB,1817.1386
30618_67b89902,187,12.5698,9.9489,4.4500,49.8093,688.0500,181.0000,11.1931,12.5510,11.1959,45.0000,EB,1767.1386
30618_67b89902,188,9.9441,9.8428,5.0790,50.1551,692.5000,209.0000,9.8750,9.9430,9.8842,50.0000,EB,1717.1386
30618_67b89902,189,10.0437,9.9104,5.0000,49.8346,697.5790,202.0000,9.9669,10.0510,9.9773,50.0000,EB,1667.1386
30618_67b89902,190,10.0479,9.9596,5.0210,50.1736,702.5790,206.0000,9.9928,10.0540,10.0059,50.0000,EB,1617.1386
30618_67b89902,191,10.0918,10.0422,4.9500,49.8494,707.6000,205.0000,10.0706,10.1410,10.0936,49.0000,EB,1567.1386
30618_67b89902,192,10.1436,10.0856,4.9500,50.0371,712.5500,204.0000,10.1085,10.1890,10.1336,49.0000,EB,1517.1386
30618_67b89902,193,10.1750,9.8868,4.9790,50.1338,717.5000,204.0000,10.0691,10.2130,10.0857,50.0000,EB,1467.1386
30618_67b89902,194,10.0866,9.6796,5.0499,49.7924,722.4790,213.0000,9.8600,10.0850,9.8817,39.0000,EB,1417.1386
30618_67b89902,195,10.1075,9.8616,5.0211,50.0673,727.5289,206.0000,9.9714,10.1380,9.9788,45.0000,EB,1367.1385
30618_67b89902,196,10.0681,9.7618,5.0790,50.1951,732.5500,209.0000,9.8829,10.0810,9.9036,51.0000,EB,1317.1385
30618_67b89902,197,10.0444,9.7686,5.0210,49.7262,737.6290,208.0000,9.9036,10.0950,9.9220,50.0000,EB,1267.1386
30618_67b89902,198,9.8833,9.7099,5.1290,50.2054,742.6500,212.0000,9.7885,9.9250,9.8071,51.0000,EB,1217.1386
30618_67b89902,199,9.9366,9.4437,5.1000,50.0527,747.7790,211.0000,9.8143,9.9550,9.8397,51.0000,EB,1167.1386
30618_67b89902,200,9.4255,4.7125,7.0710,49.8442,752.8790,288.0000,7.0491,9.5060,7.1906,70.0000,EB,1117.1385
30618_67b89902,201,4.7006,3.5725,12.3789,49.9800,759.9500,512.0000,4.0375,4.8160,4.0626,121.0000,EB,1067.1385
30618_67b89902,202,4.5488,3.3736,12.1501,50.0422,772.3289,505.0000,4.1187,4.5610,4.1112,122.0000,EB,1017.1385
30618_67b89902,203,6.1374,2.0263,10.6210,50.0014,784.4790,448.0000,4.7078,6.1590,4.8126,104.0000,EB,967.1384
30618_67b89902,204,4.2874,0.0000,36.8000,49.1738,795.1000,1545.0000,1.3362,4.2730,1.3460,372.0000,EB,917.1384
30618_67b89902,205,8.9722,4.1736,7.4289,50.0350,831.9000,319.0000,6.7352,8.9440,6.6871,74.0000,EB,867.1384
30618_67b89902,206,9.1452,8.6552,5.6501,49.9746,839.3289,234.0000,8.8449,9.1460,8.8408,56.0000,EB,818.1384
30618_67b89902,207,8.7255,8.5825,5.8000,50.1037,844.9790,240.0000,8.6386,8.7290,8.6381,57.0000,EB,768.1383
30618_67b89902,208,8.7561,8.4750,5.8000,49.9269,850.7790,240.0000,8.6081,8.7410,8.6058,58.0000,EB,718.1382
30618_67b89902,209,8.6989,8.4457,5.8499,50.0911,856.5790,249.0000,8.5627,8.7460,8.5591,59.0000,EB,669.1382
30618_67b89902,210,9.1146,8.4380,5.8000,50.0285,862.4289,244.0000,8.6256,8.9740,8.6081,57.0000,EB,620.1381
30618_67b89902,211,12.0391,9.1324,4.7000,49.8192,868.2289,197.0000,10.5998,12.0220,10.5521,48.0000,EB,570.1380
30618_67b89902,212,13.7023,12.0564,3.8500,50.0743,872.9289,167.0000,13.0063,13.6620,12.9810,38.0000,EB,520.1379
30618_67b89902,213,13.8749,12.7097,3.7000,50.0285,876.7790,156.0000,13.5211,13.9130,13.5406,37.0000,EB,470.1379
30618_67b89902,214,12.6929,11.8699,4.1499,50.0888,880.4790,174.0000,12.0698,12.7240,12.0881,42.0000,EB,420.1378
30618_67b89902,215,12.1182,11.2493,4.1711,49.8337,884.6289,177.0000,11.9474,12.1450,11.9645,41.0000,EB,370.1378
30618_67b89902,216,11.2335,6.7093,5.5500,50.0373,888.8000,234.0000,9.0157,11.2930,9.0687,56.0000,EB,320.1378
30618_67b89902,217,6.6994,1.8918,12.6290,50.0704,894.3500,543.0000,3.9647,6.6710,3.9785,126.0000,EB,270.1378
30618_67b89902,218,3.6985,1.9428,20.0000,49.9810,906.9790,870.0000,2.4991,3.7820,2.5021,191.0000,EB,220.1378
30618_67b89902,219,3.5853,0.0000,48.2000,50.1821,926.9790,2197.0000,1.0411,3.5970,1.0443,479.0000,EB,173.1339
30618_67b89902,220,3.6694,2.7498,10.7000,33.8700,975.1790,482.0000,3.1654,3.7310,3.1527,104.0000,EB,0.0000
30618_68847170,112,2.4696,0.0000,11.0731,4.5578,1.0500,419.0000,0.4116,2.3660,0.4045,108.0000,EB,5511.1413
30618_68847170,113,3.5203,0.0000,53.3500,50.0242,12.1231,2139.0000,0.9377,3.5170,0.9415,532.0000,EB,5466.1414
30618_68847170,114,3.5454,2.4974,17.1769,49.9885,65.4731,689.0000,2.9102,3.5130,2.9155,171.0000,EB,5421.1425
30618_68847170,115,4.7175,2.5555,15.2000,50.1680,82.6500,615.0000,3.3005,4.6480,3.2722,151.0000,EB,5369.1419
30618_68847170,116,7.1516,4.7371,8.0000,49.9492,97.8500,323.0000,6.2437,7.1470,6.2196,80.0000,EB,5316.1420
30618_68847170,117,7.1907,0.0000,35.3500,50.2597,105.8500,1416.0000,1.4218,7.0770,1.4143,353.0000,EB,5266.1420
30618_68847170,118,10.8164,7.2179,5.3731,49.8329,141.2000,215.0000,9.2745,10.8090,9.2230,54.0000,EB,5216.1420
30618_68847170,119,11.1455,10.7484,4.5769,49.8890,146.5731,186.0000,10.9001,11.1430,10.8916,46.0000,EB,5166.1420
30618_68847170,120,10.8094,6.9961,5.6231,49.9791,151.1500,226.0000,8.8882,10.7710,8.9169,56.0000,EB,5116.1421
30618_68847170,121,6.9890,0.0000,44.3500,50.2395,156.7731,1787.0000,1.1328,6.9710,1.1369,443.0000,EB,5066.1420
30618_68847170,122,9.8562,4.1776,6.9500,50.1333,201.1231,280.0000,7.2134,9.8050,7.1476,70.0000,EB,5016.1420
30618_68847170,123,10.5352,9.0372,4.9769,49.9792,208.0731,204.0000,10.0422,10.5660,10.0671,49.0000,EB,4966.1420
30618_68847170,124,9.0217,8.4016,5.8000,49.9822,213.0500,236.0000,8.6176,9.0180,8.6352,58.0000,EB,4917.1420
30618_68847170,125,9.8654,8.4126,5.7231,49.8249,218.8500,230.0000,8.7059,9.7500,8.6893,58.0000,EB,4867.1420
30618_68847170,126,11.0289,9.8815,4.6769,49.9737,224.5731,192.0000,10.6853,11.0340,10.6787,47.0000,EB,4818.1420
30618_68847170,127,11.2954,11.0271,4.5000,50.2444,229.2500,182.0000,11.1654,11.3120,11.1576,44.0000,EB,4768.1420
30618_68847170,128,11.3002,8.0796,5.0500,49.8580,233.7500,205.0000,9.8729,11.3320,9.9386,51.0000,EB,4718.1420
30618_68847170,129,8.0508,0.0000,31.7731,49.8771,238.8000,1290.0000,1.5698,8.0950,1.5852,317.0000,EB,4668.1421
30618_68847170,130,9.6235,2.4650,8.0769,50.0060,270.5731,328.0000,6.1912,9.5520,6.1015,82.0000,EB,4618.1420
30618_68847170,131,12.3440,9.6443,4.4500,49.8625,278.6500,181.0000,11.2051,12.3250,11.1652,44.0000,EB,4568.1420
30618_68847170,132,12.9970,12.3532,3.9231,50.0169,283.1000,160.0000,12.7493,13.0220,12.7368,40.0000,EB,4518.1420
30618_68847170,133,12.5877,9.4544,4.5269,50.0038,287.0231,185.0000,11.0459,12.5750,11.0567,45.0000,EB,4468.1419
30618_68847170,134,9.4347,8.1552,5.9000,50.0446,291.5500,242.0000,8.4821,9.4440,8.4917,59.0000,EB,4418.1420
30618_68847170,135,8.2456,7.9048,6.2000,50.0500,297.4500,254.0000,8.0726,8.2530,8.0606,62.0000,EB,4369.1419
30618_68847170,136,8.2112,6.9255,6.4000,50.0289,303.6500,264.0000,7.8170,8.2420,7.8263,63.0000,EB,4320.1420
30618_68847170,137,10.2467,6.8972,6.2000,50.1067,310.0500,252.0000,8.0817,10.1760,8.0425,53.0000,EB,4271.1418
30618_68847170,138,12.2259,10.2671,4.3500,49.8712,316.2500,180.0000,11.4647,12.1730,11.4353,43.0000,EB,4222.1418
30618_68847170,139,12.2537,9.5907,4.5000,49.9321,320.6000,186.0000,11.0960,12.3480,11.1508,45.0000,EB,4172.1418
30618_68847170,140,9.5915,7.2853,5.9500,50.1048,325.1000,244.0000,8.4210,9.6370,8.4500,60.0000,EB,4122.1417
30618_68847170,141,7.2667,0.0000,62.7000,50.0870,331.0500,2567.0000,0.7988,7.3040,0.8055,627.0000,EB,4072.1418
30618_68847170,142,10.2383,4.6343,6.5500,49.9307,393.7500,278.0000,7.6230,10.1750,7.5812,65.0000,EB,4022.1417
30618_68847170,143,10.9243,10.1738,4.7000,49.9895,400.3000,195.0000,10.6361,10.9420,10.6429,47.0000,EB,3972.1418
30618_68847170,144,10.1417,7.2781,5.9000,50.0663,405.0000,244.0000,8.4858,10.1670,8.5369,59.0000,EB,3922.1417
30618_68847170,145,7.2732,6.7212,7.2231,50.0478,410.9000,301.0000,6.9289,7.3020,6.9384,71.0000,EB,3872.1417
30618_68847170,146,6.7396,6.6559,7.4769,49.9991,418.1231,310.0000,6.6871,6.7750,6.6863,75.0000,EB,3822.1418
30618_68847170,147,6.8917,6.6262,7.4500,50.0977,425.6000,309.0000,6.7245,6.9010,6.7165,74.0000,EB,3772.1418
30618_68847170,148,7.1358,5.1723,7.5731,49.8615,433.0500,315.0000,6.5840,7.1690,6.6070,76.0000,EB,3722.1418
30618_68847170,149,5.1577,3.4225,12.9000,50.0185,440.6231,528.0000,3.8774,5.2280,3.8873,129.0000,EB,3672.1417
30618_68847170,150,5.1137,3.8132,12.1269,50.0986,453.5231,509.0000,4.1312,4.9250,4.1132,121.0000,EB,3618.1407
30618_68847170,151,8.4824,5.1398,6.7231,49.9423,465.6500,279.0000,7.4284,8.5270,7.3690,68.0000,EB,3566.1401
30618_68847170,152,8.0195,1.0886,10.3269,49.9994,472.3731,432.0000,4.8417,8.0220,4.9299,102.0000,EB,3516.1400
30618_68847170,153,8.8736,0.0000,36.5231,50.0074,482.7000,1518.0000,1.3692,8.8580,1.3516,366.0000,EB,3466.1401
30618_68847170,154,11.3040,8.8784,5.1769,49.9449,519.2231,220.0000,9.6476,11.1970,9.6073,52.0000,EB,3416.1400
30618_68847170,155,13.6539,11.3064,3.9500,49.9083,524.4000,169.0000,12.6350,13.6380,12.5960,40.0000,EB,3366.1400
30618_68847170,156,14.5121,13.6634,3.5231,49.9524,528.3500,151.0000,14.1786,14.5800,14.1673,35.0000,EB,3316.1401
30618_68847170,157,14.3854,14.2088,3.5000,50.0032,531.8731,151.0000,14.2866,14.4390,14.2742,25.0000,EB,3266.1400
30618_68847170,158,14.3547,13.4122,3.5769,50.2848,535.3731,151.0000,14.0581,14.4250,14.0676,36.0000,EB,3216.1399
30618_68847170,159,13.3958,10.2138,4.1731,49.7483,538.9500,177.0000,11.9211,13.4050,11.9835,41.0000,EB,3166.1399
30618_68847170,160,10.1913,1.0851,13.2499,50.1339,543.1231,556.0000,3.7837,10.2520,3.8562,132.0000,EB,3116.1399
30618_68847170,161,6.0094,0.0000,26.5000,49.7020,556.3731,1126.0000,1.8755,5.9150,1.8726,266.0000,EB,3066.1398
30618_68847170,162,10.9252,6.0286,5.8769,49.9875,582.8731,252.0000,8.5057,10.8350,8.4646,59.0000,EB,3016.1399
30618_68847170,163,13.5832,10.9468,4.0231,49.9894,588.7500,174.0000,12.4257,13.6300,12.3906,40.0000,EB,2966.1399
30618_68847170,164,14.4449,13.5913,3.5500,50.0884,592.7731,152.0000,14.1093,14.4450,14.0790,36.0000,EB,2916.1400
30618_68847170,165,14.4828,14.2002,3.4769,49.8125,596.3231,149.0000,14.3267,14.4470,14.3156,35.0000,EB,2866.1398
30618_68847170,166,14.3827,14.0168,3.5500,50.2633,599.8000,154.0000,14.1587,14.4140,14.1540,35.0000,EB,2816.1396
30618_68847170,167,14.0050,11.8474,3.9231,49.8914,603.3500,178.0000,12.7174,14.0550,12.7279,39.0000,EB,2766.1396
30618_68847170,168,12.4578,11.7970,4.1500,50.0577,607.2731,185.0000,12.0621,12.4600,12.0518,42.0000,EB,2717.1395
30618_68847170,169,12.4460,10.9228,4.3000,49.9388,611.4231,184.0000,11.6136,12.4700,11.6134,43.0000,EB,2667.1395
30618_68847170,170,10.9110,8.2306,5.3000,49.9131,615.7231,238.0000,9.4176,10.8990,9.4119,53.0000,EB,2617.1396
30618_68847170,171,8.3219,8.0897,6.1000,49.9841,621.0231,267.0000,8.1941,8.3350,8.1943,61.0000,EB,2567.1395
30618_68847170,172,9.9213,8.3296,5.3000,50.0513,627.1231,230.0000,9.4436,9.9230,9.4412,53.0000,EB,2518.1395
30618_68847170,173,9.3925,7.1721,6.4769,50.0121,632.4231,288.0000,7.7216,9.3370,7.7159,65.0000,EB,2468.1395
30618_68847170,174,8.4841,7.1474,6.3731,50.0327,638.9000,279.0000,7.8506,8.4440,7.8385,63.0000,EB,2418.1394
30618_68847170,175,11.8855,8.4978,4.8769,50.1002,645.2731,215.0000,10.2731,11.8190,10.2326,49.0000,EB,2368.1396
30618_68847170,176,13.5236,11.9021,3.9000,50.0424,650.1500,173.0000,12.8314,13.4970,12.8060,39.0000,EB,2318.1394
30618_68847170,177,14.2457,13.5307,3.5731,49.8565,654.0500,162.0000,13.9533,14.2390,13.9401,36.0000,EB,2268.1394
30618_68847170,178,14.4174,14.2388,3.4769,49.9112,657.6231,163.0000,14.3550,14.4210,14.3503,35.0000,EB,2218.1393
30618_68847170,179,14.3967,14.0713,3.4850,49.9317,661.1000,162.0000,14.3276,14.3950,14.3089,35.0000,EB,2168.1393
30618_68847170,180,14.1362,13.9303,3.5650,50.0777,664.5850,168.0000,14.0470,14.1450,14.0496,35.0000,EB,2118.1391
30618_68847170,181,13.9249,13.5561,3.6500,50.1017,668.1500,173.0000,13.7265,13.9460,13.7183,37.0000,EB,2068.1392
30618_68847170,182,13.5693,13.2920,3.7000,49.7884,671.8000,180.0000,13.4563,13.5640,13.4398,37.0000,EB,2017.1391
30618_68847170,183,13.3055,9.5773,4.3500,50.2103,675.5000,205.0000,11.5426,13.3380,11.5246,43.0000,EB,1967.1389
30618_68847170,184,9.5579,7.8779,5.9000,50.0674,679.8500,277.0000,8.4860,9.5610,8.4701,60.0000,EB,1917.1389
30618_68847170,185,7.8878,6.0210,6.9312,49.8454,685.7500,334.0000,7.1915,7.8840,7.1459,70.0000,EB,1867.1388
30618_68847170,186,6.1257,5.2193,8.7188,50.0527,692.6812,426.0000,5.7408,6.1210,5.7336,87.0000,EB,1817.1386
30618_68847170,187,6.6808,6.0079,7.8000,49.9698,701.4000,384.0000,6.4064,6.7010,6.4108,78.0000,EB,1767.1386
30618_68847170,188,6.9470,6.6819,7.2731,50.0240,709.2000,354.0000,6.8779,6.9720,6.8826,72.0000,EB,1717.1386
30618_68847170,189,6.9373,6.1887,7.5269,50.0106,716.4731,367.0000,6.6443,6.9530,6.6428,76.0000,EB,1667.1386
30618_68847170,190,6.5251,2.6497,10.8000,50.0053,724.0000,524.0000,4.6301,6.5470,4.6169,108.0000,EB,1617.1386
30618_68847170,191,7.2135,4.6268,8.5231,49.9817,734.8000,407.0000,5.8643,7.2050,5.8785,85.0000,EB,1567.1386
30618_68847170,192,7.6118,4.4804,7.9500,50.0752,743.3231,391.0000,6.2988,7.6560,6.3399,79.0000,EB,1517.1386
30618_68847170,193,7.5733,7.1098,6.8269,49.9054,751.2731,333.0000,7.3101,7.5950,7.3144,68.0000,EB,1467.1386
30618_68847170,194,7.2950,7.0508,6.9731,49.9961,758.1000,345.0000,7.1699,7.3340,7.1847,70.0000,EB,1417.1386
30618_68847170,195,9.6156,7.1214,6.0769,50.1205,765.0731,297.0000,8.2477,9.6450,8.2612,60.0000,EB,1367.1385
30618_68847170,196,10.0735,9.6194,5.0419,49.8686,771.1500,250.0000,9.8907,10.1040,9.9064,51.0000,EB,1317.1385
30618_68847170,197,10.0601,9.8380,5.0311,50.0449,776.1919,248.0000,9.9470,10.0880,9.9607,50.0000,EB,1267.1386
30618_68847170,198,9.9201,9.7052,5.1269,50.1389,781.2231,255.0000,9.7796,9.9360,9.7944,51.0000,EB,1217.1386
30618_68847170,199,9.9707,8.6853,5.1731,49.8104,786.3500,255.0000,9.6288,10.0010,9.6457,52.0000,EB,1167.1386
30618_68847170,200,8.6744,4.6424,7.6500,50.0572,791.5231,375.0000,6.5434,8.6270,6.5559,76.0000,EB,1117.1385
30618_68847170,201,4.6331,0.0000,43.8000,49.9761,799.1731,2167.0000,1.1410,4.6420,1.1474,438.0000,EB,1067.1385
30618_68847170,202,4.2575,0.0000,93.3500,50.2109,842.9731,4617.0000,0.5379,4.2970,0.5538,933.0000,EB,1017.1385
30618_68847170,203,3.9502,2.1672,16.6769,49.9480,936.3231,810.0000,2.9950,3.9740,3.0081,166.0000,EB,967.1384
30618_68847170,204,7.6160,0.0000,33.0231,49.7791,953.0000,1611.0000,1.5074,7.4890,1.5034,331.0000,EB,917.1384
30618_68847170,205,9.6839,7.6329,5.5269,50.1364,986.0231,263.0000,9.0713,9.6770,9.0240,56.0000,EB,867.1384
30618_68847170,206,9.6978,8.3662,5.6500,50.0249,991.5500,274.0000,8.8540,9.7160,8.8544,56.0000,EB,818.1384
30618_68847170,207,8.6842,8.4951,5.7948,49.8700,997.2000,283.0000,8.6059,8.6930,8.6023,58.0000,EB,768.1383
30618_68847170,208,8.5265,4.0166,7.7052,49.9776,1002.9948,371.0000,6.4863,8.5480,6.5344,77.0000,EB,718.1382
30618_68847170,209,4.1004,0.0000,21.7500,49.9672,1010.7000,1060.0000,2.2973,4.0850,2.3075,218.0000,EB,669.1382
30618_68847170,210,9.0519,2.4042,8.3500,50.0252,1032.4500,399.0000,5.9910,8.9900,5.9729,84.0000,EB,620.1381
30618_68847170,211,12.0248,9.0529,4.7500,49.8897,1040.8000,230.0000,10.5031,11.9790,10.4859,47.0000,EB,570.1380
30618_68847170,212,13.7477,12.0415,3.8500,50.1320,1045.5500,181.0000,13.0213,13.6970,12.9779,34.0000,EB,520.1379
30618_68847170,213,13.9318,12.6836,3.7000,50.0938,1049.4000,180.0000,13.5389,13.9860,13.5626,37.0000,EB,470.1379
30618_68847170,214,12.6694,11.8367,4.1500,49.9312,1053.1000,200.0000,12.0316,12.7120,12.0569,41.0000,EB,420.1378
30618_68847170,215,12.0053,10.0350,4.4231,49.8960,1057.2500,214.0000,11.2808,12.0200,11.3040,43.0000,EB,370.1378
30618_68847170,216,10.0178,1.6428,12.3769,50.0774,1061.6731,600.0000,4.0460,10.0220,4.0763,124.0000,EB,320.1378
30618_68847170,217,3.0645,0.0000,50.4500,49.8728,1074.0500,2437.0000,0.9886,3.0960,0.9987,500.0000,EB,270.1378
30618_68847170,218,3.6049,2.5524,17.8000,49.9410,1124.5000,862.0000,2.8057,3.6470,2.8119,173.0000,EB,220.1378
30618_68847170,219,3.1286,0.0000,52.2500,50.0391,1142.3000,2505.0000,0.9577,3.1540,0.9644,521.0000,EB,173.1339
30618_68847170,220,3.6405,1.4786,16.7231,49.9909,1194.5500,797.0000,2.9893,3.6470,3.0118,162.0000,EB,0.0000
30618_68847170,221,1.4657,0.0000,2.9500,2.0471,1211.2731,145.0000,0.6939,1.6310,0.7925,31.0000,WB,21.3710
30618_68d1748a,0,3.4264,0.4953,17.6119,49.9371,53.7231,769.0000,2.8354,3.4340,2.6710,187.0000,WB,25.0000
30618_68d1748a,1,3.7684,3.0260,15.1881,50.0936,71.3350,667.0000,3.2982,3.7440,3.2896,147.0000,WB,75.0000
30618_68d1748a,2,3.6795,0.0000,39.2769,49.9124,86.5231,1705.0000,1.2708,3.7310,1.2895,396.0000,WB,125.0000
30618_68d1748a,3,4.2723,0.3022,20.1500,50.0358,125.8000,879.0000,2.4832,4.2910,2.5044,206.0000,WB,175.0000
30618_68d1748a,4,7.3001,3.3131,8.7500,49.9393,145.9500,394.0000,5.7073,7.2780,5.5008,52.0000,WB,225.0000
30618_68d1748a,5,6.3198,0.0000,27.2731,50.3754,154.7000,1225.0000,1.8471,6.1270,1.7437,266.0000,WB,275.0000
30618_68d1748a,6,10.3205,6.2273,5.9269,50.2400,181.9731,261.0000,8.4766,10.2420,8.4087,58.0000,WB,325.0000
30618_68d1748a,7,11.5786,10.1283,4.7231,49.9834,187.9000,211.0000,10.5828,11.5110,10.5562,47.0000,WB,375.0000
30618_68d1748a,8,12.7263,11.5916,4.0500,49.9462,192.6231,179.0000,12.3324,12.7210,12.2966,47.0000,WB,425.0000
30618_68d1748a,9,12.3467,9.3723,4.6000,50.0679,196.6731,208.0000,10.8843,11.8500,9.1190,68.0000,WB,475.0000
30618_68d1748a,10,9.3553,3.0678,8.0269,49.9992,201.2731,351.0000,6.2290,9.4100,1.0187,266.0000,WB,525.0000
30618_68d1748a,11,6.9276,0.0000,49.9000,49.7483,209.3000,2399.0000,0.9970,6.6140,1.5106,265.0000,WB,575.0000
30618_68d1748a,12,8.3594,6.9492,6.2000,50.0114,259.2000,306.0000,8.0664,8.3950,7.9819,62.0000,WB,625.0000
30618_68d1748a,13,8.2736,8.1258,6.1000,50.0608,265.4000,302.0000,8.2067,8.2690,8.1959,61.0000,WB,675.0000
30618_68d1748a,14,8.4671,8.1591,6.0394,49.9333,271.5000,299.0000,8.2679,8.4170,8.2588,61.0000,WB,725.0000
30618_68d1748a,15,8.7948,8.4717,5.7984,49.9952,277.5394,284.0000,8.6223,8.8250,8.6557,42.0000,WB,775.0000
30618_68d1748a,16,9.0777,6.7193,6.0103,50.0072,283.3378,293.0000,8.3202,8.4920,7.6736,27.0000,WB,825.0000
30618_68d1748a,17,6.6985,0.0000,23.4894,50.1364,289.3481,1155.0000,2.1344,6.6990,2.1449,235.0000,WB,875.0000
30618_68d1748a,18,5.3289,2.4412,14.1124,49.9815,312.8376,697.0000,3.5417,5.3570,3.5534,141.0000,WB,925.0000
30618_68d1748a,19,4.1131,2.3715,17.2848,50.0190,326.9500,843.0000,2.8938,4.0120,2.8940,173.0000,WB,975.0000
30618_68d1748a,20,5.7083,4.0475,11.5652,50.1050,344.2348,567.0000,4.3324,5.6610,4.3267,116.0000,WB,1025.0000
30618_68d1748a,21,6.8594,3.7254,8.4332,49.8666,355.8000,413.0000,5.9131,6.8820,5.9314,84.0000,WB,1075.0000
30618_68d1748a,22,6.5926,2.3463,15.6400,50.0693,364.2332,771.0000,3.2014,3.6990,2.6517,98.0000,WB,1125.0000
30618_68d1748a,23,7.2814,6.6077,7.0000,49.9043,379.8732,345.0000,7.1292,,,,WB,1175.0000
30618_68d1748a,24,7.3273,6.9371,7.0269,50.0903,386.8731,344.0000,7.1284,,,,WB,1225.0000
30618_68d1748a,25,7.1696,6.9780,7.0731,50.0743,393.9000,351.0000,7.0795,,,,WB,1275.0000
30618_68d1748a,26,7.1701,6.9972,7.0501,49.9716,400.9731,345.0000,7.0881,,,,WB,1325.0000
30618_68d1748a,27,7.2326,6.9178,7.0768,49.9364,408.0232,350.0000,7.0563,,,,WB,1375.0000
30618_68d1748a,28,7.2624,6.8548,7.0500,49.9959,415.1000,343.0000,7.0916,,,,WB,1425.0000
30618_68d1748a,29,6.9286,3.6603,8.5500,50.0535,422.1500,419.0000,5.8542,,,,WB,1475.0000
30618_68d1748a,30,7.1793,0.0000,16.6231,50.0521,430.7000,806.0000,3.0110,,,,WB,1525.0000
30618_68d1748a,31,7.1878,6.5585,7.2500,49.9124,447.3231,355.0000,6.8845,,,,WB,1575.0000
30618_68d1748a,32,7.0993,6.8041,7.1769,49.9427,454.5731,347.0000,6.9588,,,,WB,1625.0000
30618_68d1748a,33,7.0013,5.6339,7.4731,50.0456,461.7500,364.0000,6.6968,,,,WB,1675.0000
30618_68d1748a,34,5.6212,2.3692,14.5269,50.0381,469.2231,698.0000,3.4445,5.3790,4.4000,21.0000,WB,1725.0000
30618_68d1748a,35,7.0261,5.5586,7.5231,49.9925,483.7500,362.0000,6.6452,7.0390,6.6353,75.0000,WB,1775.0000
30618_68d1748a,36,7.0417,6.6300,7.2500,49.9860,491.2731,350.0000,6.8947,7.0390,6.8881,72.0000,WB,1825.0000
30618_68d1748a,37,9.8677,6.7209,6.2500,49.9489,498.5231,299.0000,7.9918,9.8230,7.9252,63.0000,WB,1875.0000
30618_68d1748a,38,10.9149,9.6577,5.0269,50.0425,504.7731,240.0000,9.9549,10.8330,9.9294,51.0000,WB,1925.0000
30618_68d1748a,39,13.4767,10.9367,4.0500,49.8802,509.8000,193.0000,12.3161,13.3770,12.2511,40.0000,WB,1975.0000
30618_68d1748a,40,14.1667,13.4886,3.6231,50.2517,513.8500,168.0000,13.8699,14.1710,13.8429,36.0000,WB,2025.0000
30618_68d1748a,41,14.3572,14.1676,3.5000,49.9865,517.4731,168.0000,14.2819,14.3560,14.2657,35.0000,WB,2075.0000
30618_68d1748a,42,14.5726,14.3578,3.4500,49.8564,520.9731,164.0000,14.4509,14.5830,14.4332,35.0000,WB,2125.0000
30618_68d1748a,43,14.7838,14.5682,3.4224,50.1806,524.4231,158.0000,14.6623,14.7730,14.6435,34.0000,WB,2175.0000
30618_68d1748a,44,14.7985,14.5342,3.4010,49.8151,527.8455,161.0000,14.6470,14.8420,14.6437,34.0000,WB,2225.0000
30618_68d1748a,45,14.6322,12.3520,3.6765,50.0509,531.2466,171.0000,13.6136,14.6440,13.6478,37.0000,WB,2275.0000
30618_68d1748a,46,12.3354,9.0839,4.6769,50.1330,534.9231,221.0000,10.7193,12.2900,10.7449,47.0000,WB,2325.0000
30618_68d1748a,47,9.0644,5.8529,7.2442,49.8657,539.6000,340.0000,6.8835,9.0590,6.8847,73.0000,WB,2375.0000
30618_68d1748a,48,10.3704,6.0808,5.9789,50.0186,546.8442,279.0000,8.3659,10.3270,8.3553,59.0000,WB,2425.0000
30618_68d1748a,49,10.7713,8.8474,4.9269,50.1328,552.8231,229.0000,10.1753,10.7880,10.1939,49.0000,WB,2475.0000
30618_68d1748a,50,8.8302,8.1801,5.9500,49.9692,557.7500,274.0000,8.3982,8.8570,8.4165,60.0000,WB,2525.0000
30618_68d1748a,51,10.2919,8.4046,5.5440,49.9231,563.7000,259.0000,9.0049,10.1970,8.9795,55.0000,WB,2575.0000
30618_68d1748a,52,12.2140,10.3144,4.4560,49.9543,569.2440,212.0000,11.2105,12.2090,11.1710,45.0000,WB,2625.0000
30618_68d1748a,53,13.1218,12.2278,3.9000,50.0613,573.7000,188.0000,12.8362,13.1520,12.8276,39.0000,WB,2675.0000
30618_68d1748a,54,12.8035,12.2084,4.0231,49.8266,577.6000,188.0000,12.3852,12.8260,12.3923,40.0000,WB,2725.0000
30618_68d1748a,55,12.7058,11.0224,4.1000,50.0999,581.6231,197.0000,12.2194,12.7230,12.2240,41.0000,WB,2775.0000
30618_68d1748a,56,11.0042,7.3971,5.5500,50.0955,585.7231,264.0000,9.0263,11.0340,9.0443,56.0000,WB,2825.0000
30618_68d1748a,57,9.9881,7.4127,5.7000,50.0605,591.2731,266.0000,8.7825,9.9730,8.7681,57.0000,WB,2875.0000
30618_68d1748a,58,10.0523,8.1600,5.5269,49.8118,596.9731,263.0000,9.0126,10.0630,9.0196,55.0000,WB,2925.0000
30618_68d1748a,59,8.1505,1.3650,10.5418,50.0586,602.5000,504.0000,4.7486,8.1740,4.6566,109.0000,WB,2975.0000
30618_68d1748a,60,8.9753,0.0000,28.4041,50.3890,613.0418,1354.0000,1.7740,8.9030,1.7603,280.0000,WB,3025.0000
30618_68d1748a,61,11.9289,8.9952,4.7542,50.0890,641.4458,222.0000,10.5358,11.8750,10.4892,48.0000,WB,3075.0000
30618_68d1748a,62,13.4354,11.9433,3.9231,50.0855,646.2000,182.0000,12.7667,13.3710,12.7351,39.0000,WB,3125.0000
30618_68d1748a,63,14.2316,13.4417,3.5999,49.8236,650.1231,165.0000,13.8401,14.1880,13.8250,36.0000,WB,3175.0000
30618_68d1748a,64,14.5942,14.2367,3.4769,50.1977,653.7231,165.0000,14.4373,14.5700,14.4243,35.0000,WB,3225.0000
30618_68d1748a,65,14.6305,13.9265,3.4500,50.0338,657.2000,164.0000,14.5026,14.6440,14.4946,33.0000,WB,3275.0000
30618_68d1748a,66,13.9310,10.8462,4.0500,49.8293,660.6500,192.0000,12.3035,13.9170,12.3591,41.0000,WB,3325.0000
30618_68d1748a,67,10.8408,6.6745,5.7500,50.0391,664.7000,270.0000,8.7024,10.7970,8.7075,58.0000,WB,3375.0000
30618_68d1748a,68,6.6559,0.0000,65.3500,49.8174,670.4500,3034.0000,0.7623,6.6580,0.7776,654.0000,WB,3425.0000
30618_68d1748a,69,8.7728,5.4121,6.5500,50.0877,735.8000,288.0000,7.6470,8.8050,7.6969,64.0000,WB,3475.0000
30618_68d1748a,70,8.5579,3.1300,8.6731,49.9400,742.3500,379.0000,5.7580,8.5030,5.6952,85.0000,WB,3525.0000
30618_68d1748a,71,3.1178,0.2976,21.2769,50.0554,751.0231,931.0000,2.3526,3.0500,2.6116,175.0000,WB,3575.0000
30618_68d1748a,72,4.3646,2.6388,15.6000,49.9310,772.3000,687.0000,3.2007,4.4320,3.4411,108.0000,WB,3625.0000
30618_68d1748a,73,8.1769,4.3223,8.8731,49.9739,787.9000,389.0000,5.6321,8.0910,5.6191,88.0000,WB,3675.0000
30618_68d1748a,74,9.4230,7.9391,5.9769,50.4142,796.7731,268.0000,8.4348,9.4190,8.4219,60.0000,WB,3725.0000
30618_68d1748a,75,11.1827,9.4236,4.8000,50.0213,802.7500,216.0000,10.4211,11.1280,10.3968,48.0000,WB,3775.0000
30618_68d1748a,76,12.2407,11.1850,4.2732,49.8532,807.5500,184.0000,11.6666,12.2370,11.6499,43.0000,WB,3825.0000
30618_68d1748a,77,12.8356,12.2431,3.9768,50.1698,811.8232,173.0000,12.6155,12.8580,12.5994,39.0000,WB,3875.0000
30618_68d1748a,78,12.8176,11.6667,4.1000,49.9539,815.8000,185.0000,12.1839,12.7830,12.1842,41.0000,WB,3925.0000
30618_68d1748a,79,11.8394,8.6709,4.4731,49.9634,819.9000,197.0000,11.1697,11.8630,11.1720,45.0000,WB,3975.0000
30618_68d1748a,80,8.6230,5.7702,7.2001,49.9903,824.3731,313.0000,6.9430,8.6370,6.9456,72.0000,WB,4025.0000
30618_68d1748a,81,7.9545,1.1818,10.2999,49.9343,831.5732,455.0000,4.8480,7.9470,1.1872,424.0000,WB,4075.0000
30618_68d1748a,82,9.1911,0.0000,46.6269,50.1492,841.8731,1966.0000,1.0755,9.2310,3.3727,96.0000,WB,4125.0000
30618_68d1748a,83,11.4525,9.2116,4.7231,50.0866,888.5000,194.0000,10.6047,11.4700,10.6158,47.0000,WB,4175.0000
30618_68d1748a,84,11.4539,8.4721,4.9500,50.0024,893.2231,204.0000,10.1014,11.4570,10.0603,50.0000,WB,4225.0000
30618_68d1748a,85,8.4564,7.5698,6.3500,49.8458,898.1731,265.0000,7.8497,8.4000,7.8463,64.0000,WB,4275.0000
30618_68d1748a,86,9.3009,8.4133,5.5500,50.0487,904.5231,230.0000,9.0179,9.3250,9.0013,58.0000,WB,4325.0000
30618_68d1748a,87,8.8931,8.1749,5.8269,50.0449,910.0731,237.0000,8.5885,8.8690,8.5604,54.0000,WB,4375.0000
30618_68d1748a,88,10.2328,8.2487,5.5000,50.1378,915.9000,224.0000,9.1160,10.2150,9.2666,38.0000,WB,4425.0000
30618_68d1748a,89,11.1160,10.2458,4.6231,49.9029,921.4000,189.0000,10.7943,11.1080,10.8512,17.0000,WB,4475.0000
30618_68d1748a,90,10.2676,5.9494,6.1769,50.0306,926.0231,250.0000,8.0996,9.7210,7.9066,38.0000,WB,4525.0000
30618_68d1748a,91,6.2023,0.0000,34.5500,50.4029,932.2000,1400.0000,1.4588,6.4330,1.3878,338.0000,WB,4575.0000
30618_68d1748a,92,10.7064,6.1989,5.8500,50.0324,966.7500,235.0000,8.5525,10.6540,8.5817,57.0000,WB,4625.0000
30618_68d1748a,93,12.4816,10.7238,4.2500,50.0769,972.6000,171.0000,11.7828,12.4800,11.7497,42.0000,WB,4675.0000
30618_68d1748a,94,12.9566,12.4690,3.9000,49.7269,976.8500,156.0000,12.7505,12.9760,12.6726,46.0000,WB,4725.0000
30618_68d1748a,95,12.4627,9.0608,4.6731,50.1968,980.7500,187.0000,10.7417,11.9360,10.4057,44.0000,WB,4775.0000
30618_68d1748a,96,9.0467,8.4605,5.7769,49.8774,985.4231,231.0000,8.6339,8.8770,8.6190,57.0000,WB,4825.0000
30618_68d1748a,97,8.7517,6.7967,6.2231,49.8269,991.2000,251.0000,8.0068,8.7560,8.0786,57.0000,WB,4875.0000
30618_68d1748a,98,7.4274,6.1183,7.3769,50.0658,997.4231,296.0000,6.7868,7.4430,6.8259,59.0000,WB,4925.0000
30618_68d1748a,99,6.9813,0.0000,33.5231,49.7515,1004.8000,1345.0000,1.4841,7.1520,1.5613,340.0000,WB,4975.0000
30618_68d1748a,100,9.5189,1.9082,8.5500,49.9243,1038.3231,343.0000,5.8391,9.4800,5.8550,85.0000,WB,5025.0000
30618_68d1748a,101,12.1244,9.5366,4.5269,50.0548,1046.8731,184.0000,11.0572,12.0860,11.0402,45.0000,WB,5075.0000
30618_68d1748a,102,12.2203,9.9337,4.4231,50.0970,1051.4000,178.0000,11.3262,12.2340,11.3575,44.0000,WB,5125.0000
30618_68d1748a,103,9.9175,5.4130,6.4000,49.9179,1055.8231,256.0000,7.7997,9.9430,7.8393,64.0000,WB,5175.0000
30618_68d1748a,104,7.2579,0.0000,23.1000,50.1295,1062.2231,932.0000,2.1701,7.2610,2.1725,231.0000,WB,5225.0000
30618_68d1748a,105,7.6281,4.2531,8.0269,49.9020,1085.3231,326.0000,6.2169,7.6470,6.2455,80.0000,WB,5275.0000
30618_68d1748a,106,4.2492,0.0000,127.9231,50.0525,1093.3500,5140.0000,0.3913,4.2850,0.4023,1238.0000,WB,5325.0000
30618_68d1748a,107,2.9852,0.0000,26.1269,49.9711,1221.2731,1049.0000,1.9126,2.9600,1.9133,223.0000,WB,5375.0000
30618_68d1748a,108,3.4092,2.4328,12.6731,33.4384,1247.4000,512.0000,2.6385,3.3010,2.6400,129.0000,WB,5425.0000
30618_68d1748a,130,,,,,,,,5.5790,5.4950,3.0000,EB,4618.1420
30618_68d1748a,150,,,,,,,,2.7840,2.7573,3.0000,EB,3618.1407
30618_68d1748a,221,0.4827,0.0000,52.7231,0.4958,1.0000,2144.0000,0.0094,0.4710,0.0230,511.0000,WB,21.3710
30618_6cb3280a,114,3.3641,2.4200,9.2999,25.7059,121.0849,374.0000,2.7641,3.4180,2.7854,80.0000,EB,5421.1425
30618_6cb3280a,115,5.1115,2.4259,15.7000,50.3515,130.3848,628.0000,3.2071,4.9480,3.1586,156.0000,EB,5369.1419
30618_6cb3280a,116,7.2403,4.9287,7.8500,49.8838,146.0848,315.0000,6.3546,7.2540,6.3277,79.0000,EB,5316.1420
30618_6cb3280a,117,7.2862,0.0000,36.6000,49.9879,153.9348,1465.0000,1.3658,7.2050,1.3698,366.0000,EB,5266.1420
30618_6cb3280a,118,10.8750,7.3151,5.3503,50.1717,190.5348,214.0000,9.3774,10.8760,9.3090,53.0000,EB,5216.1420
30618_6cb3280a,119,11.2277,10.8235,4.5497,49.9558,195.8851,182.0000,10.9800,11.2150,10.9706,46.0000,EB,5166.1420
30618_6cb3280a,120,10.8242,6.8851,5.6500,49.9874,200.4348,226.0000,8.8473,10.8320,8.9028,56.0000,EB,5116.1421
30618_6cb3280a,121,6.8609,0.0000,34.1000,49.8489,206.0848,1366.0000,1.4618,6.9440,1.4817,341.0000,EB,5066.1420
30618_6cb3280a,122,10.3599,5.5529,6.1500,50.2121,240.1849,246.0000,8.1646,10.3300,8.1311,61.0000,EB,5016.1420
30618_6cb3280a,123,10.8702,9.0867,4.8500,49.8236,246.3348,194.0000,10.2729,10.8880,10.2712,49.0000,EB,4966.1420
30618_6cb3280a,124,9.0657,8.3605,5.8000,49.9805,251.1848,232.0000,8.6174,9.0200,8.6199,58.0000,EB,4917.1420
30618_6cb3280a,125,9.8948,8.3813,5.7500,49.9838,256.9848,230.0000,8.6928,9.8060,8.6758,57.0000,EB,4867.1420
30618_6cb3280a,126,11.2200,9.9197,4.6500,50.1525,262.7348,187.0000,10.7855,11.2230,10.7710,47.0000,EB,4818.1420
30618_6cb3280a,127,11.4750,11.2146,4.4000,49.9183,267.3848,176.0000,11.3450,11.4680,11.3327,44.0000,EB,4768.1420
30618_6cb3280a,128,11.4666,8.0885,4.9651,49.9040,271.7849,199.0000,10.0509,11.4990,10.0830,49.0000,EB,4718.1420
30618_6cb3280a,129,8.0763,0.0000,32.4000,50.0639,276.7500,1298.0000,1.5452,8.1370,1.5636,325.0000,EB,4668.1421
30618_6cb3280a,130,8.6909,1.2407,13.2000,49.9796,309.1500,528.0000,3.7863,8.5830,3.7574,131.0000,EB,4618.1420
30618_6cb3280a,131,12.0623,8.7036,4.7500,49.9898,322.3500,190.0000,10.5242,12.0400,10.4749,48.0000,EB,4568.1420
30618_6cb3280a,132,12.8980,12.0740,3.9848,50.1701,327.1000,160.0000,12.5905,12.8880,12.5780,40.0000,EB,4518.1420
30618_6cb3280a,133,12.5510,9.3401,4.5501,49.7890,331.0848,183.0000,10.9425,12.5030,10.9605,45.0000,EB,4468.1419
30618_6cb3280a,134,9.3149,7.8576,5.9500,50.0598,335.6348,238.0000,8.4134,9.3350,8.4231,60.0000,EB,4418.1420
30618_6cb3280a,135,8.2805,7.8191,6.2152,50.0203,341.5848,250.0000,8.0481,8.2930,8.0316,62.0000,EB,4369.1419
30618_6cb3280a,136,8.2570,6.9688,6.3848,50.1380,347.8000,255.0000,7.8527,8.2900,7.8765,47.0000,EB,4320.1420
30618_6cb3280a,137,10.2759,6.9438,6.1499,49.8824,354.1848,246.0000,8.1111,10.2640,8.1026,62.0000,EB,4271.1418
30618_6cb3280a,138,12.1964,10.3027,4.3501,50.1352,360.3348,174.0000,11.5252,12.2000,11.5209,43.0000,EB,4222.1418
30618_6cb3280a,139,12.1428,9.1041,4.6652,49.7828,364.6848,187.0000,10.6712,12.1400,10.6762,47.0000,EB,4172.1418
30618_6cb3280a,140,9.0941,7.4486,5.9000,50.0395,369.3500,236.0000,8.4813,9.0590,8.4749,59.0000,EB,4122.1417
30618_6cb3280a,141,7.4368,0.0000,49.1349,50.2978,375.2500,1969.0000,1.0237,7.3320,1.0251,482.0000,EB,4072.1418
30618_6cb3280a,142,10.2566,4.5604,6.6000,49.9468,424.3849,264.0000,7.5677,10.2660,7.5563,66.0000,EB,4022.1417
30618_6cb3280a,143,10.9908,10.2098,4.7000,50.2100,430.9848,188.0000,10.6830,11.0170,10.6930,47.0000,EB,3972.1418
30618_6cb3280a,144,10.1945,7.3413,5.8152,49.8294,435.6848,233.0000,8.5689,10.2110,8.5941,56.0000,EB,3922.1417
30618_6cb3280a,145,7.3380,6.6767,7.1848,50.1510,441.5000,287.0000,6.9802,7.3630,6.9860,68.0000,EB,3872.1417
30618_6cb3280a,146,6.9755,6.6098,7.3652,49.8553,448.6848,295.0000,6.7690,6.9790,6.7655,66.0000,EB,3822.1418
30618_6cb3280a,147,6.8501,6.7384,7.3500,50.0371,456.0500,294.0000,6.8078,6.8640,6.8043,74.0000,EB,3772.1418
30618_6cb3280a,148,7.1764,5.2400,7.5849,50.0886,463.4000,303.0000,6.6038,7.1900,6.6029,76.0000,EB,3722.1418
30618_6cb3280a,149,5.2175,3.4108,12.9151,49.9105,470.9849,518.0000,3.8645,5.1800,3.8713,129.0000,EB,3672.1417
30618_6cb3280a,150,5.3030,3.7691,12.0849,49.9436,483.9000,484.0000,4.1327,5.1170,4.1324,120.0000,EB,3618.1407
30618_6cb3280a,151,8.5343,5.3192,6.7000,50.1386,495.9849,268.0000,7.4834,8.5750,7.4176,61.0000,EB,3566.1401
30618_6cb3280a,152,8.0767,0.9046,10.4652,49.9289,502.6848,419.0000,4.7710,8.1000,4.9448,102.0000,EB,3516.1400
30618_6cb3280a,153,8.7364,0.0000,56.5848,49.9829,513.1500,2263.0000,0.8833,8.7850,0.9091,534.0000,EB,3466.1401
30618_6cb3280a,154,10.4905,8.7435,5.4000,49.9411,569.7348,216.0000,9.2483,9.6510,9.0279,26.0000,EB,3416.1400
30618_6cb3280a,155,13.2740,10.5126,4.1652,49.8902,575.1348,167.0000,11.9779,12.6130,12.0900,12.0000,EB,3366.1400
30618_6cb3280a,156,14.4504,13.2761,3.5849,49.9180,579.3000,143.0000,13.9247,14.4080,13.9457,26.0000,EB,3316.1401
30618_6cb3280a,157,14.4545,14.1500,3.5000,50.0028,582.8849,140.0000,14.2865,14.3910,14.3206,8.0000,EB,3266.1400
30618_6cb3280a,158,14.3371,13.5807,3.5500,50.2796,586.3848,142.0000,14.1634,14.3700,14.1030,16.0000,EB,3216.1399
30618_6cb3280a,159,13.5601,10.9513,4.0500,49.7815,589.9348,163.0000,12.2918,13.5360,12.1547,25.0000,EB,3166.1399
30618_6cb3280a,160,10.9275,5.9438,5.9501,50.0534,593.9848,239.0000,8.4122,10.8400,8.4086,58.0000,EB,3116.1399
30618_6cb3280a,161,5.9277,0.0000,92.4152,49.9337,599.9348,3698.0000,0.5403,5.9680,0.5469,919.0000,EB,3066.1398
30618_6cb3280a,162,10.3108,4.4013,6.7000,49.9681,692.3500,268.0000,7.4579,10.2110,7.3806,67.0000,EB,3016.1399
30618_6cb3280a,163,13.3434,10.3232,4.1848,49.9688,699.0500,167.0000,11.9405,13.3660,11.8781,41.0000,EB,2966.1399
30618_6cb3280a,164,14.4915,13.3509,3.5652,49.8951,703.2348,143.0000,13.9951,14.4070,13.9594,36.0000,EB,2916.1400
30618_6cb3280a,165,14.6570,14.4406,3.4348,49.9973,706.8000,137.0000,14.5559,14.7150,14.5474,34.0000,EB,2866.1398
30618_6cb3280a,166,14.5740,14.1778,3.5000,50.1140,710.2348,140.0000,14.3183,14.5650,14.3215,35.0000,EB,2816.1396
30618_6cb3280a,167,14.1697,11.8588,3.9000,50.1097,713.7348,159.0000,12.8486,14.2050,12.8778,39.0000,EB,2766.1396
30618_6cb3280a,168,12.4726,11.8026,4.1152,49.8257,717.6348,165.0000,12.1079,12.4800,12.0988,42.0000,EB,2717.1395
30618_6cb3280a,169,12.4731,11.1543,4.3000,50.0323,721.7500,174.0000,11.6354,12.4910,11.6275,43.0000,EB,2667.1395
30618_6cb3280a,170,11.1518,8.2558,5.1848,50.2227,726.0500,207.0000,9.6865,11.1590,9.6971,51.0000,EB,2617.1396
30618_6cb3280a,171,8.4240,7.9434,6.1500,49.8463,731.2348,247.0000,8.1051,8.4400,8.1092,62.0000,EB,2567.1395
30618_6cb3280a,172,9.6056,8.4362,5.4501,50.0671,737.3848,219.0000,9.1865,9.6310,9.1919,54.0000,EB,2518.1395
30618_6cb3280a,173,8.5120,1.2486,10.2500,49.9318,742.8349,414.0000,4.8714,8.5280,4.8652,104.0000,EB,2468.1395
30618_6cb3280a,174,7.3367,0.0000,13.3500,49.8323,753.0848,536.0000,3.7328,7.2230,3.7641,133.0000,EB,2418.1394
30618_6cb3280a,175,7.0885,0.0000,30.3652,50.1943,766.4348,1218.0000,1.6530,7.0830,1.6417,303.0000,EB,2368.1396
30618_6cb3280a,176,10.9948,6.7887,5.5500,49.9286,796.8000,224.0000,8.9961,10.9690,8.9830,56.0000,EB,2318.1394
30618_6cb3280a,177,13.1399,11.0046,4.1000,49.9411,802.3500,166.0000,12.1808,13.1060,12.1765,41.0000,EB,2268.1394
30618_6cb3280a,178,14.2352,13.1449,3.6500,50.0724,806.4500,147.0000,13.7185,14.1870,13.7105,35.0000,EB,2218.1393
30618_6cb3280a,179,14.5478,14.2385,3.4849,50.3178,810.1000,139.0000,14.4389,14.5330,14.4254,35.0000,EB,2168.1393
30618_6cb3280a,180,14.5359,14.3559,3.4499,49.9811,813.5849,139.0000,14.4877,14.5450,14.4885,34.0000,EB,2118.1391
30618_6cb3280a,181,14.3497,13.7594,3.5652,49.7005,817.0348,145.0000,13.9403,14.3610,13.9334,36.0000,EB,2068.1392
30618_6cb3280a,182,13.9911,13.7374,3.6000,49.9124,820.6000,144.0000,13.8646,13.9670,13.8485,36.0000,EB,2017.1391
30618_6cb3280a,183,13.8682,13.4731,3.6848,50.2002,824.2000,150.0000,13.6237,13.8550,13.5960,37.0000,EB,1967.1389
30618_6cb3280a,184,13.4694,13.1188,3.7652,49.8859,827.8848,152.0000,13.2491,13.4380,13.2258,38.0000,EB,1917.1389
30618_6cb3280a,185,13.1193,12.9932,3.8348,50.0617,831.6500,153.0000,13.0547,13.1210,13.0261,38.0000,EB,1867.1388
30618_6cb3280a,186,13.0040,12.5673,3.8652,49.9691,835.4848,156.0000,12.9278,12.9980,12.9143,39.0000,EB,1817.1386
30618_6cb3280a,187,12.5589,9.8002,4.5000,49.9317,839.3500,181.0000,11.0959,12.5320,11.0777,45.0000,EB,1767.1386
30618_6cb3280a,188,9.7967,9.6278,5.1848,50.2729,843.8500,208.0000,9.6963,9.7640,9.6963,52.0000,EB,1717.1386
30618_6cb3280a,189,9.6743,9.6326,5.1500,49.7236,849.0348,207.0000,9.6550,9.6980,9.6604,51.0000,EB,1667.1386
30618_6cb3280a,190,9.7722,9.6443,5.1652,49.9936,854.1848,208.0000,9.6789,9.8000,9.6901,52.0000,EB,1617.1386
30618_6cb3280a,191,10.1380,9.7725,5.0348,50.1197,859.3500,201.0000,9.9547,10.1570,9.9683,50.0000,EB,1567.1386
30618_6cb3280a,192,10.2278,10.1134,4.9152,49.9359,864.3848,200.0000,10.1594,10.2710,10.1846,49.0000,EB,1517.1386
30618_6cb3280a,193,10.2617,9.8776,4.9348,49.9676,869.3000,200.0000,10.1256,10.3060,10.1357,49.0000,EB,1467.1386
30618_6cb3280a,194,10.1206,9.8616,5.0152,50.0743,874.2348,202.0000,9.9845,10.1450,10.0078,50.0000,EB,1417.1386
30618_6cb3280a,195,10.0828,9.8562,5.0348,50.1500,879.2500,203.0000,9.9606,10.1310,9.9733,50.0000,EB,1367.1385
30618_6cb3280a,196,10.0888,9.7499,5.0152,49.8441,884.2848,204.0000,9.9387,10.1100,9.9556,51.0000,EB,1317.1385
30618_6cb3280a,197,9.9405,9.7290,5.0848,49.9610,889.3000,205.0000,9.8255,9.9750,9.8322,51.0000,EB,1267.1386
30618_6cb3280a,198,9.9211,9.7452,5.0999,50.1553,894.3848,206.0000,9.8345,9.9950,9.8498,50.0000,EB,1217.1386
30618_6cb3280a,199,9.9690,9.4754,5.0501,49.8464,899.4848,203.0000,9.8704,10.0220,9.8971,51.0000,EB,1167.1386
30618_6cb3280a,200,9.4507,4.7648,7.0152,50.0556,904.5348,284.0000,7.1353,9.4510,7.1870,70.0000,EB,1117.1385
30618_6cb3280a,201,4.7557,3.6364,12.2848,50.0528,911.5500,494.0000,4.0744,4.8030,4.0831,122.0000,EB,1067.1385
30618_6cb3280a,202,4.3611,0.0000,20.8500,49.8557,923.8348,841.0000,2.3912,4.3190,2.3981,209.0000,EB,1017.1385
30618_6cb3280a,203,6.0895,2.2700,10.5152,50.0539,944.6848,426.0000,4.7601,6.1180,4.8018,103.0000,EB,967.1384
30618_6cb3280a,204,7.5763,0.0000,36.5849,50.1138,955.2000,1474.0000,1.3698,7.4750,1.3594,367.0000,EB,917.1384
30618_6cb3280a,205,9.7737,7.6037,5.4999,49.9492,991.7849,222.0000,9.0818,9.7500,9.0174,54.0000,EB,867.1384
30618_6cb3280a,206,9.7864,8.4284,5.6000,49.8899,997.2848,226.0000,8.9088,9.7970,8.9234,55.0000,EB,818.1384
30618_6cb3280a,207,8.7743,8.6093,5.7651,49.9738,1002.8849,237.0000,8.6683,8.7810,8.6604,58.0000,EB,768.1383
30618_6cb3280a,208,8.7848,7.9929,5.8348,50.1621,1008.6500,236.0000,8.5970,8.8020,8.6084,58.0000,EB,718.1382
30618_6cb3280a,209,7.9699,0.0000,16.1000,50.0251,1014.4848,656.0000,3.1071,7.9730,3.1636,158.0000,EB,669.1382
30618_6cb3280a,210,9.0993,2.3797,8.2651,49.9356,1030.5849,344.0000,6.0417,9.0110,5.8629,85.0000,EB,620.1381
30618_6cb3280a,211,12.0269,9.1065,4.7348,49.9167,1038.8500,194.0000,10.5426,11.8710,10.4735,47.0000,EB,570.1380
30618_6cb3280a,212,13.7414,12.0480,3.8500,50.1339,1043.5848,157.0000,13.0217,13.6920,12.9614,39.0000,EB,520.1379
30618_6cb3280a,213,13.8116,12.2281,3.8000,50.2083,1047.4348,153.0000,13.2127,13.8230,13.2459,38.0000,EB,470.1379
30618_6cb3280a,214,12.2077,9.0989,4.6500,49.7936,1051.2348,190.0000,10.7084,12.2050,10.7712,46.0000,EB,420.1378
30618_6cb3280a,215,9.0720,0.0000,24.5652,49.9861,1055.8848,1005.0000,2.0348,9.1460,2.0791,244.0000,EB,370.1378
30618_6cb3280a,216,7.2963,1.9170,9.0848,50.0142,1080.4500,372.0000,5.5052,7.2820,5.3750,92.0000,EB,320.1378
30618_6cb3280a,217,6.3684,0.0000,24.3152,50.2584,1089.5348,1003.0000,2.0670,6.4390,2.0987,244.0000,EB,270.1378
30618_6cb3280a,218,3.5986,2.5758,17.7848,50.0670,1113.8500,744.0000,2.8152,3.6900,2.8209,177.0000,EB,220.1378
30618_6cb3280a,219,3.1215,0.0000,70.7568,49.8283,1131.6348,2949.0000,0.7042,3.1390,0.7171,708.0000,EB,173.1339
30618_6cb3280a,220,3.6802,1.9571,16.2583,50.0103,1202.3917,686.0000,3.0760,3.7130,3.0812,161.0000,EB,0.0000
30618_6cb3280a,221,1.9486,0.0000,9.0366,3.3161,1218.6500,399.0000,0.3670,1.9440,0.3879,88.0000,WB,21.3710
30618_748832b9,0,,,,,,,,0.4920,0.0287,90.0000,WB,25.0000
30618_748832b9,112,3.4299,0.0000,15.3000,15.0201,1.3500,581.0000,0.9817,3.4510,0.9964,151.0000,EB,5511.1413
30618_748832b9,113,3.5602,0.0000,46.7848,49.9242,16.6500,1895.0000,1.0671,3.5400,1.0710,446.0000,EB,5466.1414
30618_748832b9,114,3.5492,2.4869,17.1652,49.9724,63.4348,690.0000,2.9113,3.5500,2.9176,172.0000,EB,5421.1425
30618_748832b9,115,4.7813,2.5206,15.1348,50.1635,80.6000,605.0000,3.3144,4.6780,3.2907,152.0000,EB,5369.1419
30618_748832b9,116,7.1821,4.8076,7.9500,49.8915,95.7348,319.0000,6.2756,7.1840,6.2399,80.0000,EB,5316.1420
30618_748832b9,117,6.9986,0.0000,32.7000,50.2709,103.6849,1308.0000,1.5373,6.9630,1.5275,326.0000,EB,5266.1420
30618_748832b9,118,10.6701,7.0221,5.5000,50.3252,136.3848,220.0000,9.1501,10.6660,9.0978,55.0000,EB,5216.1420
30618_748832b9,119,11.0544,10.5587,4.6500,50.0362,141.8848,186.0000,10.7605,11.0810,10.7613,46.0000,EB,5166.1420
30618_748832b9,120,10.7489,6.8137,5.7000,49.9269,146.5348,228.0000,8.7591,10.7890,8.8444,57.0000,EB,5116.1421
30618_748832b9,121,6.7902,0.0000,29.7652,49.6471,152.2348,1195.0000,1.6680,6.8090,1.6807,298.0000,EB,5066.1420
30618_748832b9,122,10.3387,5.5981,6.1348,50.0977,182.0000,245.0000,8.1661,10.3110,8.1217,62.0000,EB,5016.1420
30618_748832b9,123,10.8308,9.0315,4.8652,49.8595,188.1348,196.0000,10.2483,10.8450,10.2676,48.0000,EB,4966.1420
30618_748832b9,124,9.0223,8.3685,5.8000,49.9992,193.0000,233.0000,8.6205,9.0290,8.6318,58.0000,EB,4917.1420
30618_748832b9,125,9.9010,8.3650,5.7848,50.1757,198.8000,232.0000,8.6737,9.7980,8.6595,58.0000,EB,4867.1420
30618_748832b9,126,11.2032,9.9267,4.6499,50.0907,204.5848,186.0000,10.7723,11.1870,10.7531,46.0000,EB,4818.1420
30618_748832b9,127,11.4479,11.1832,4.4001,49.8133,209.2348,176.0000,11.3211,11.4620,11.3101,45.0000,EB,4768.1420
30618_748832b9,128,11.4363,8.0538,5.0500,50.1719,213.6348,202.0000,9.9350,11.4850,9.9635,50.0000,EB,4718.1420
30618_748832b9,129,8.0261,0.0000,58.7001,49.7226,218.6848,2349.0000,0.8471,8.0610,0.8559,584.0000,EB,4668.1421
30618_748832b9,130,9.7192,2.5320,7.9651,49.9344,277.3849,319.0000,6.2691,9.6180,6.2228,80.0000,EB,4618.1420
30618_748832b9,131,12.4248,9.7403,4.4348,50.0962,285.3500,177.0000,11.2961,12.4110,11.2594,44.0000,EB,4568.1420
30618_748832b9,132,13.0601,12.4348,3.9001,50.0571,289.7848,156.0000,12.8350,13.0890,12.8217,39.0000,EB,4518.1420
30618_748832b9,133,12.7208,9.6773,4.4500,49.9345,293.6849,179.0000,11.2214,12.7320,11.3814,32.0000,EB,4468.1419
30618_748832b9,134,9.6524,6.0365,6.8000,50.0104,298.1348,272.0000,7.3544,9.6610,7.3623,68.0000,EB,4418.1420
30618_748832b9,135,8.2162,6.2782,6.7500,50.0279,304.9348,270.0000,7.4116,8.2190,7.3820,67.0000,EB,4369.1419
30618_748832b9,136,8.1868,6.8757,6.4152,49.8063,311.6848,258.0000,7.7638,8.2170,7.7666,65.0000,EB,4320.1420
30618_748832b9,137,10.2347,6.8500,6.2348,50.0627,318.1000,251.0000,8.0296,10.2370,8.0160,62.0000,EB,4271.1418
30618_748832b9,138,12.2125,10.2613,4.3500,50.0724,324.3348,174.0000,11.5109,12.2380,11.4908,42.0000,EB,4222.1418
30618_748832b9,139,12.1525,9.1922,4.6652,49.9545,328.6848,188.0000,10.7079,12.1850,10.7392,47.0000,EB,4172.1418
30618_748832b9,140,9.1783,7.4037,5.8849,49.9472,333.3500,235.0000,8.4874,9.1480,8.4940,59.0000,EB,4122.1417
30618_748832b9,141,7.3784,0.0000,55.8499,50.1566,339.2349,2238.0000,0.8981,7.3550,0.9111,558.0000,EB,4072.1418
30618_748832b9,142,10.3490,4.7560,6.4652,49.9269,395.0848,259.0000,7.7224,10.3130,7.7304,64.0000,EB,4022.1417
30618_748832b9,143,11.0356,10.1596,4.6849,50.1618,401.5500,188.0000,10.7072,11.1110,10.7081,47.0000,EB,3972.1418
30618_748832b9,144,10.1443,7.2909,5.8651,49.9579,406.2349,236.0000,8.5178,10.2000,8.4603,45.0000,EB,3922.1417
30618_748832b9,145,7.2893,6.7635,7.2000,49.9828,412.1000,288.0000,6.9420,7.3180,6.9483,70.0000,EB,3872.1417
30618_748832b9,146,6.8249,6.7201,7.3848,49.9540,419.3000,296.0000,6.7644,6.8340,6.7649,73.0000,EB,3822.1418
30618_748832b9,147,6.7989,6.6159,7.4500,50.1134,426.6848,299.0000,6.7266,6.8160,6.7223,75.0000,EB,3772.1418
30618_748832b9,148,6.8061,5.0642,7.9652,49.9702,434.1348,320.0000,6.2736,6.8280,6.2667,80.0000,EB,3722.1418
30618_748832b9,149,5.0558,3.5538,12.7348,50.0516,442.1000,511.0000,3.9303,5.0160,3.9343,127.0000,EB,3672.1417
30618_748832b9,150,5.2267,3.8612,12.1152,49.8749,454.8348,486.0000,4.1167,5.1110,4.1284,121.0000,EB,3618.1407
30618_748832b9,151,8.5520,5.2375,6.6848,49.9681,466.9500,270.0000,7.4749,8.5820,7.4610,66.0000,EB,3566.1401
30618_748832b9,152,8.0811,1.0477,10.4500,50.0875,473.6348,419.0000,4.7930,8.0870,4.8228,104.0000,EB,3516.1400
30618_748832b9,153,8.9783,0.0000,29.8500,50.0604,484.0849,1202.0000,1.6771,9.0080,1.6806,298.0000,EB,3466.1401
30618_748832b9,154,11.3700,8.9865,5.1152,49.7739,513.9348,206.0000,9.7306,11.2910,9.7192,51.0000,EB,3416.1400
30618_748832b9,155,13.7009,11.3753,3.9500,50.1216,519.0500,158.0000,12.6890,13.6810,12.6571,39.0000,EB,3366.1400
30618_748832b9,156,14.5622,13.7063,3.5000,49.7975,523.0000,140.0000,14.2279,14.6280,14.2029,35.0000,EB,3316.1401
30618_748832b9,157,14.4345,14.2023,3.5000,50.1676,526.5000,140.0000,14.3336,14.4710,14.3329,35.0000,EB,3266.1400
30618_748832b9,158,14.3835,13.6758,3.5348,49.8753,530.0000,142.0000,14.1098,14.4290,14.1159,36.0000,EB,3216.1399
30618_748832b9,159,13.6546,10.8593,4.1000,50.2633,533.5348,165.0000,12.2594,13.6440,12.2700,41.0000,EB,3166.1399
30618_748832b9,160,10.8349,0.0000,23.3152,49.9415,537.6348,939.0000,2.1420,10.8080,2.1498,233.0000,EB,3116.1399
30618_748832b9,161,5.9685,0.0000,30.1500,50.0982,560.9500,1210.0000,1.6616,5.8890,1.6567,301.0000,EB,3066.1398
30618_748832b9,162,10.9718,5.9821,5.8500,49.8751,591.1000,235.0000,8.5257,10.9230,8.4766,59.0000,EB,3016.1399
30618_748832b9,163,13.6733,10.9943,4.0348,50.4075,596.9500,161.0000,12.4930,13.7390,12.4521,40.0000,EB,2966.1399
30618_748832b9,164,14.5017,13.6820,3.5000,49.6885,600.9848,140.0000,14.1965,14.4920,14.1604,35.0000,EB,2916.1400
30618_748832b9,165,14.4994,14.2409,3.4999,50.3028,604.4849,140.0000,14.3725,14.5120,14.3615,35.0000,EB,2866.1398
30618_748832b9,166,14.4318,13.8992,3.5000,49.6672,607.9848,141.0000,14.1908,14.5050,14.1933,35.0000,EB,2816.1396
30618_748832b9,167,13.8816,11.8004,3.9652,49.9421,611.4848,160.0000,12.5950,13.9010,12.6147,40.0000,EB,2766.1396
30618_748832b9,168,12.4709,11.7433,4.1849,50.3613,615.4500,167.0000,12.0342,12.4580,12.0189,41.0000,EB,2717.1395
30618_748832b9,169,12.4739,11.2823,4.2500,49.8877,619.6349,171.0000,11.7384,12.4850,11.7651,43.0000,EB,2667.1395
30618_748832b9,170,11.3693,8.2926,5.2000,49.9860,623.8848,208.0000,9.6127,11.3830,9.6452,52.0000,EB,2617.1396
30618_748832b9,171,8.5087,8.0224,6.1000,49.9462,629.0848,245.0000,8.1880,8.4840,8.1912,59.0000,EB,2567.1395
30618_748832b9,172,9.6748,8.5134,5.4000,49.9093,635.1848,216.0000,9.2425,9.6850,9.2405,54.0000,EB,2518.1395
30618_748832b9,173,8.4886,1.0921,10.6500,50.0416,640.5848,427.0000,4.6987,8.4740,4.7616,104.0000,EB,2468.1395
30618_748832b9,174,7.0404,0.0000,12.5152,50.0088,651.2348,501.0000,3.9959,6.9120,3.9657,122.0000,EB,2418.1394
30618_748832b9,175,8.4970,0.0000,16.5848,50.1244,663.7500,665.0000,3.0223,8.3950,2.9919,164.0000,EB,2368.1396
30618_748832b9,176,11.9574,8.5244,4.8152,49.7323,680.3348,194.0000,10.3282,11.9030,10.2699,49.0000,EB,2318.1394
30618_748832b9,177,13.6095,11.9761,3.8849,50.1727,685.1500,157.0000,12.9149,13.5730,12.8941,38.0000,EB,2268.1394
30618_748832b9,178,14.3979,13.6188,3.5499,49.9556,689.0349,142.0000,14.0726,14.3800,14.0590,35.0000,EB,2218.1393
30618_748832b9,179,14.5278,14.3866,3.4501,49.9701,692.5847,139.0000,14.4837,14.5180,14.4728,35.0000,EB,2168.1393
30618_748832b9,180,14.4915,14.0562,3.5001,50.1474,696.0348,140.0000,14.3276,14.4990,14.3317,35.0000,EB,2118.1391
30618_748832b9,181,14.1073,13.5702,3.5999,50.2021,699.5349,144.0000,13.9455,14.1230,13.9447,35.0000,EB,2068.1392
30618_748832b9,182,13.8560,13.5705,3.6152,49.6864,703.1348,145.0000,13.7436,13.8350,13.7241,36.0000,EB,2017.1391
30618_748832b9,183,13.7385,13.4688,3.6848,50.1243,706.7500,147.0000,13.6028,13.7420,13.5753,37.0000,EB,1967.1389
30618_748832b9,184,13.4649,13.1247,3.7652,49.8748,710.4348,153.0000,13.2464,13.4310,13.2276,38.0000,EB,1917.1389
30618_748832b9,185,13.1335,12.9914,3.8348,50.0851,714.2000,154.0000,13.0605,13.1110,13.0321,38.0000,EB,1867.1388
30618_748832b9,186,13.0233,12.5616,3.8652,49.9635,718.0348,155.0000,12.9266,13.0060,12.9156,39.0000,EB,1817.1386
30618_748832b9,187,12.5524,9.7920,4.5349,50.1073,721.9000,182.0000,11.0494,12.5630,11.0395,45.0000,EB,1767.1386
30618_748832b9,188,9.7854,9.6837,5.1500,50.0683,726.4349,206.0000,9.7220,9.7660,9.7251,51.0000,EB,1717.1386
30618_748832b9,189,9.7042,9.6730,5.1500,49.8840,731.5849,206.0000,9.6862,9.7300,9.6933,52.0000,EB,1667.1386
30618_748832b9,190,9.8737,9.6955,5.1152,49.8873,736.7348,205.0000,9.7528,9.8790,9.7615,51.0000,EB,1617.1386
30618_748832b9,191,10.0886,9.8725,4.9848,49.9255,741.8500,200.0000,10.0155,10.1110,10.0330,50.0000,EB,1567.1386
30618_748832b9,192,10.1665,10.0735,4.9500,50.0518,746.8348,198.0000,10.1115,10.2120,10.1375,49.0000,EB,1517.1386
30618_748832b9,193,10.1914,9.8878,4.9652,50.0474,751.7848,199.0000,10.0797,10.2410,10.0916,50.0000,EB,1467.1386
30618_748832b9,194,10.0936,9.7012,5.0500,49.8748,756.7500,202.0000,9.8762,10.1030,9.8969,50.0000,EB,1417.1386
30618_748832b9,195,10.0944,9.8487,5.0348,50.1069,761.8000,202.0000,9.9521,10.1340,9.9664,50.0000,EB,1367.1385
30618_748832b9,196,10.0882,9.7371,5.0500,49.9464,766.8348,202.0000,9.8903,10.1290,9.9064,51.0000,EB,1317.1385
30618_748832b9,197,9.9371,9.7559,5.1000,50.2051,771.8848,204.0000,9.8442,9.9700,9.8533,51.0000,EB,1267.1386
30618_748832b9,198,9.9340,9.7433,5.0652,49.8286,776.9848,203.0000,9.8374,9.9580,9.8471,50.0000,EB,1217.1386
30618_748832b9,199,9.9716,9.5597,5.0500,49.9216,782.0500,202.0000,9.8855,10.0150,9.9071,51.0000,EB,1167.1386
30618_748832b9,200,9.5500,4.6114,7.1348,50.1376,787.1000,286.0000,7.0272,9.5510,7.0959,71.0000,EB,1117.1385
30618_748832b9,201,4.6289,3.5395,12.3152,49.9857,794.2348,495.0000,4.0589,4.6370,4.0714,119.0000,EB,1067.1385
30618_748832b9,202,4.4106,0.0000,24.0848,49.4502,806.5500,969.0000,2.0532,4.3660,2.0689,242.0000,EB,1017.1385
30618_748832b9,203,6.0376,2.2199,10.7500,50.0172,830.6348,433.0000,4.6528,6.0470,4.6573,108.0000,EB,967.1384
30618_748832b9,204,7.5460,0.0000,27.9652,49.8261,841.3848,1130.0000,1.7817,7.4920,1.7849,279.0000,EB,917.1384
30618_748832b9,205,9.7004,7.5388,5.5349,50.0736,869.3500,224.0000,9.0469,9.6950,9.0149,55.0000,EB,867.1384
30618_748832b9,206,9.7033,8.3578,5.6499,50.0416,874.8849,227.0000,8.8570,9.7140,8.8601,57.0000,EB,818.1384
30618_748832b9,207,8.7264,8.5188,5.8000,49.9976,880.5348,235.0000,8.6202,8.7570,8.6192,58.0000,EB,768.1383
30618_748832b9,208,8.7397,7.9607,5.8500,50.0810,886.3348,237.0000,8.5608,8.7670,8.5134,61.0000,EB,718.1382
30618_748832b9,209,7.9399,0.0000,28.4500,49.9432,892.1848,1148.0000,1.7555,7.6740,1.6929,281.0000,EB,669.1382
30618_748832b9,210,9.0238,2.3425,8.3500,50.1042,920.6348,341.0000,6.0005,8.9290,5.9619,83.0000,EB,620.1381
30618_748832b9,211,12.0444,9.0391,4.7500,49.9479,928.9848,195.0000,10.5153,12.0450,10.4863,48.0000,EB,570.1380
30618_748832b9,212,13.7914,12.0592,3.8152,49.7950,933.7348,155.0000,13.0518,13.7360,13.0227,37.0000,EB,520.1379
30618_748832b9,213,13.8589,12.2144,3.7848,50.0903,937.5500,152.0000,13.2347,13.8660,13.2497,38.0000,EB,470.1379
30618_748832b9,214,12.1997,9.0017,4.7001,50.0383,941.3348,192.0000,10.6463,12.1780,10.6753,38.0000,EB,420.1378
30618_748832b9,215,8.9763,0.0000,13.9500,50.0279,946.0348,563.0000,3.5862,8.9280,3.5966,133.0000,EB,370.1378
30618_748832b9,216,7.3879,2.0997,8.8500,49.9397,959.9848,358.0000,5.6429,7.3800,5.6538,88.0000,EB,320.1378
30618_748832b9,217,6.3910,0.0000,34.7500,50.2250,968.8348,1409.0000,1.4453,6.3820,1.4561,347.0000,EB,270.1378
30618_748832b9,218,3.5809,2.5393,17.8500,50.0098,1003.5848,729.0000,2.8017,3.6990,2.8061,177.0000,EB,220.1378
30618_748832b9,219,3.1155,0.0000,61.4001,49.9181,1021.4348,2576.0000,0.8130,3.2290,0.8374,606.0000,EB,173.1339
30618_748832b9,220,3.7313,0.6971,22.4651,50.0274,1082.8349,962.0000,2.2269,3.7420,2.3401,214.0000,EB,0.0000
30618_748832b9,221,1.1849,0.0000,10.3848,1.2692,1105.3000,429.0000,0.1222,1.4240,1.1778,31.0000,WB,21.3710
30618_76e1f9c7,0,3.3869,0.6631,17.3001,49.9872,19.9731,728.0000,2.8894,3.3560,2.8194,135.0000,WB,25.0000
30618_76e1f9c7,1,3.6007,2.9755,15.4269,50.0470,37.2731,664.0000,3.2441,3.6210,3.2564,150.0000,WB,75.0000
30618_76e1f9c7,2,3.7032,0.0000,37.8000,49.8513,52.7000,1606.0000,1.3188,3.7920,1.3179,364.0000,WB,125.0000
30618_76e1f9c7,3,4.2919,2.4914,13.6231,49.9810,90.5000,598.0000,3.6688,4.3260,3.6718,133.0000,WB,175.0000
30618_76e1f9c7,4,9.6023,3.7359,8.1769,49.9597,104.1231,359.0000,6.1099,9.4640,6.0648,82.0000,WB,225.0000
30618_76e1f9c7,5,12.4189,9.6239,4.5000,50.0186,112.3000,195.0000,11.1152,12.3020,11.0402,45.0000,WB,275.0000
30618_76e1f9c7,6,13.7013,12.4330,3.7500,49.2996,116.8000,166.0000,13.1466,13.6530,13.0983,38.0000,WB,325.0000
30618_76e1f9c7,7,13.9530,13.4887,3.6731,50.1959,120.5500,166.0000,13.6659,13.8940,13.5979,37.0000,WB,375.0000
30618_76e1f9c7,8,14.1303,12.5433,3.6769,49.9264,124.2231,171.0000,13.5783,14.0680,13.4958,37.0000,WB,425.0000
30618_76e1f9c7,9,12.5256,9.4133,4.5500,50.0885,127.9000,206.0000,11.0085,12.3590,10.9012,46.0000,WB,475.0000
30618_76e1f9c7,10,9.3878,3.3600,7.9231,49.9625,132.4500,351.0000,6.3059,9.2230,6.0111,84.0000,WB,525.0000
30618_76e1f9c7,11,6.9029,0.0000,47.5269,51.6055,140.3731,2140.0000,1.0858,6.8490,1.0581,457.0000,WB,575.0000
30618_76e1f9c7,12,8.3483,6.9241,6.2000,49.9797,187.9000,284.0000,8.0612,8.3640,8.0472,62.0000,WB,625.0000
30618_76e1f9c7,13,8.2227,8.0333,6.1500,50.0701,194.1000,280.0000,8.1415,8.2160,8.1297,62.0000,WB,675.0000
30618_76e1f9c7,14,8.5958,8.0238,6.0000,50.0012,200.2500,285.0000,8.3335,8.5740,8.3307,60.0000,WB,725.0000
30618_76e1f9c7,15,8.7981,7.4623,5.9500,50.0242,206.2500,278.0000,8.4074,8.8330,8.4193,58.0000,WB,775.0000
30618_76e1f9c7,16,7.4465,0.0000,45.0731,49.9218,212.2000,2108.0000,1.1076,7.4140,1.1204,452.0000,WB,825.0000
30618_76e1f9c7,17,4.3092,0.0000,37.1269,50.2923,257.2731,1784.0000,1.3546,4.2750,1.3504,370.0000,WB,875.0000
30618_76e1f9c7,18,3.6965,0.0000,43.4500,49.9110,294.4000,2137.0000,1.1487,3.7170,1.1553,387.0000,WB,925.0000
30618_76e1f9c7,19,4.1214,0.0000,44.1000,50.1521,337.8500,2188.0000,1.1372,4.0460,1.1348,440.0000,WB,975.0000
30618_76e1f9c7,20,5.7225,3.9867,11.6500,49.9161,381.9500,579.0000,4.2846,5.6980,4.2791,117.0000,WB,1025.0000
30618_76e1f9c7,21,6.8705,3.7025,8.4453,49.9991,393.6000,416.0000,5.9203,6.8630,5.9367,84.0000,WB,1075.0000
30618_76e1f9c7,22,6.6255,2.2008,15.8778,50.0671,402.0453,786.0000,3.1533,3.6880,2.5840,101.0000,WB,1125.0000
30618_76e1f9c7,23,7.3131,6.6394,7.0269,49.9173,417.9231,350.0000,7.1037,,,,WB,1175.0000
30618_76e1f9c7,24,7.3489,6.9895,6.9990,50.1274,424.9500,348.0000,7.1621,,,,WB,1225.0000
30618_76e1f9c7,25,7.2750,6.8394,7.1510,50.0306,431.9490,353.0000,6.9963,,,,WB,1275.0000
30618_76e1f9c7,26,7.0491,6.8142,7.2409,49.9278,439.1000,358.0000,6.8952,,,,WB,1325.0000
30618_76e1f9c7,27,7.0562,6.8108,7.1822,49.8884,446.3409,357.0000,6.9461,,,,WB,1375.0000
30618_76e1f9c7,28,7.1060,6.8225,7.1999,50.1266,453.5231,359.0000,6.9621,,,,WB,1425.0000
30618_76e1f9c7,29,7.0540,3.6544,8.5500,49.9989,460.7231,421.0000,5.8478,,,,WB,1475.0000
30618_76e1f9c7,30,7.1635,0.0000,16.6269,49.9886,469.2731,816.0000,3.0065,,,,WB,1525.0000
30618_76e1f9c7,31,7.0351,6.5541,7.3231,49.9202,485.9000,362.0000,6.8168,,,,WB,1575.0000
30618_76e1f9c7,32,7.1468,6.5956,7.2769,50.0976,493.2231,360.0000,6.8845,,,,WB,1625.0000
30618_76e1f9c7,33,7.0819,5.6978,7.4231,49.9365,500.5000,365.0000,6.7272,,,,WB,1675.0000
30618_76e1f9c7,34,5.6826,2.2841,14.8000,49.9733,507.9231,726.0000,3.3766,5.3970,4.2160,24.0000,WB,1725.0000
30618_76e1f9c7,35,7.0608,5.5466,7.5244,50.1077,522.7231,373.0000,6.6594,7.0700,6.6432,75.0000,WB,1775.0000
30618_76e1f9c7,36,7.0686,6.6537,7.2525,49.9118,530.2475,357.0000,6.8820,7.0480,6.8771,73.0000,WB,1825.0000
30618_76e1f9c7,37,9.8790,6.6027,6.2500,50.1122,537.5000,305.0000,8.0180,9.8460,7.9730,62.0000,WB,1875.0000
30618_76e1f9c7,38,10.8987,9.5583,5.0500,49.9721,543.7500,251.0000,9.8955,10.8060,9.8690,51.0000,WB,1925.0000
30618_76e1f9c7,39,13.5187,10.9212,4.0472,49.9162,548.8000,193.0000,12.3335,13.4360,12.2692,40.0000,WB,1975.0000
30618_76e1f9c7,40,14.1589,13.5373,3.5990,50.0693,552.8472,179.0000,13.9120,14.1740,13.8818,36.0000,WB,2025.0000
30618_76e1f9c7,41,14.3375,14.1824,3.4990,49.9601,556.4462,171.0000,14.2783,14.3500,14.2605,35.0000,WB,2075.0000
30618_76e1f9c7,42,14.5795,14.3432,3.4548,49.9157,559.9452,167.0000,14.4483,14.6010,14.4283,35.0000,WB,2125.0000
30618_76e1f9c7,43,14.6758,14.5462,3.4231,50.0119,563.4000,167.0000,14.6102,14.7190,14.5888,34.0000,WB,2175.0000
30618_76e1f9c7,44,14.7116,14.5399,3.4252,50.1469,566.8231,161.0000,14.6404,14.7050,14.6255,35.0000,WB,2225.0000
30618_76e1f9c7,45,14.6390,12.5592,3.6248,50.0562,570.2483,176.0000,13.8094,14.6250,13.8025,36.0000,WB,2275.0000
30618_76e1f9c7,46,12.5428,9.1446,4.6000,49.8427,573.8731,222.0000,10.8354,12.4850,10.8331,46.0000,WB,2325.0000
30618_76e1f9c7,47,9.1272,5.6116,7.4000,50.0358,578.4731,362.0000,6.7616,9.1150,6.7477,75.0000,WB,2375.0000
30618_76e1f9c7,48,10.4231,5.8423,5.9769,50.0386,585.8731,287.0000,8.3720,10.4090,8.4114,59.0000,WB,2425.0000
30618_76e1f9c7,49,10.7872,8.8055,4.9231,50.0331,591.8500,238.0000,10.1630,10.7790,10.1537,49.0000,WB,2475.0000
30618_76e1f9c7,50,8.7914,8.1453,5.9501,50.0193,596.7731,292.0000,8.4065,8.7900,8.4235,60.0000,WB,2525.0000
30618_76e1f9c7,51,10.3216,8.3973,5.5500,49.9210,602.7231,267.0000,8.9948,10.2710,8.9907,55.0000,WB,2575.0000
30618_76e1f9c7,52,12.2435,10.3362,4.4500,50.0433,608.2731,217.0000,11.2456,12.2860,11.2341,45.0000,WB,2625.0000
30618_76e1f9c7,53,13.1208,12.2553,3.8769,49.8262,612.7231,186.0000,12.8522,13.1440,12.8502,39.0000,WB,2675.0000
30618_76e1f9c7,54,12.7993,12.1215,4.0563,50.0175,616.6000,193.0000,12.3308,12.7040,12.3326,23.0000,WB,2725.0000
30618_76e1f9c7,55,13.7700,12.5790,3.7668,50.1531,620.6563,182.0000,13.3146,13.7410,13.2893,33.0000,WB,2775.0000
30618_76e1f9c7,56,13.9788,13.4920,3.6001,49.8316,624.4231,173.0000,13.8419,13.9750,13.8207,36.0000,WB,2825.0000
30618_76e1f9c7,57,13.4748,10.5010,4.1999,50.0856,628.0231,204.0000,11.9253,13.2770,11.8912,42.0000,WB,2875.0000
30618_76e1f9c7,58,10.4849,8.1482,5.6001,50.0636,632.2231,272.0000,8.9398,10.4300,8.9125,56.0000,WB,2925.0000
30618_76e1f9c7,59,8.1661,1.5215,10.5154,49.9727,637.8231,505.0000,4.7523,8.1130,3.3416,153.0000,WB,2975.0000
30618_76e1f9c7,60,9.0631,0.0000,64.7615,50.8958,648.3385,3133.0000,0.7859,8.9980,1.0190,355.0000,WB,3025.0000
30618_76e1f9c7,61,11.7139,9.0823,4.7231,49.9622,713.1000,227.0000,10.5782,11.6900,10.5419,45.0000,WB,3075.0000
30618_76e1f9c7,62,11.8946,9.9827,4.4208,49.8526,717.8231,214.0000,11.2769,11.8980,11.2724,45.0000,WB,3125.0000
30618_76e1f9c7,63,9.9752,5.5515,6.4794,50.0739,722.2439,316.0000,7.7282,9.9350,7.7085,65.0000,WB,3175.0000
30618_76e1f9c7,64,7.0822,0.0000,39.2267,50.2222,728.7233,1892.0000,1.2803,7.0060,1.2826,392.0000,WB,3225.0000
30618_76e1f9c7,65,10.9264,7.1045,5.4500,49.9031,767.9500,265.0000,9.1565,10.8400,9.1267,53.0000,WB,3275.0000
30618_76e1f9c7,66,11.5428,10.5882,4.4500,50.0079,773.4000,210.0000,11.2377,11.5440,11.2400,42.0000,WB,3325.0000
30618_76e1f9c7,67,10.5693,6.8430,5.7000,49.9537,777.8500,271.0000,8.7638,10.5550,8.7662,55.0000,WB,3375.0000
30618_76e1f9c7,68,6.8448,0.0000,42.1731,50.2817,783.5500,2017.0000,1.1923,6.8130,1.1885,421.0000,WB,3425.0000
30618_76e1f9c7,69,8.7385,5.4127,6.5502,49.9988,825.7231,310.0000,7.6332,8.7740,7.6041,66.0000,WB,3475.0000
30618_76e1f9c7,70,8.5353,2.9854,8.8498,49.9400,832.2733,416.0000,5.6431,8.5110,5.6397,89.0000,WB,3525.0000
30618_76e1f9c7,71,3.0131,0.0000,23.9000,49.8259,841.1231,1119.0000,2.0848,3.0130,2.0882,239.0000,WB,3575.0000
30618_76e1f9c7,72,4.4250,2.4679,15.7769,49.9738,865.0231,737.0000,3.1675,4.4600,3.1840,157.0000,WB,3625.0000
30618_76e1f9c7,73,8.2544,4.0343,8.9231,50.0360,880.8000,412.0000,5.6075,8.1400,5.5660,89.0000,WB,3675.0000
30618_76e1f9c7,74,9.5964,8.0682,5.8500,50.0565,889.7231,275.0000,8.5567,9.5260,8.5420,59.0000,WB,3725.0000
30618_76e1f9c7,75,11.3048,9.6032,4.7269,49.9876,895.5731,218.0000,10.5752,11.2440,10.5389,47.0000,WB,3775.0000
30618_76e1f9c7,76,11.3568,9.5946,4.6231,49.9668,900.3000,213.0000,10.8081,11.3600,10.7874,47.0000,WB,3825.0000
30618_76e1f9c7,77,9.5806,5.5227,6.4769,50.0940,904.9231,296.0000,7.7342,9.5370,7.6946,65.0000,WB,3875.0000
30618_76e1f9c7,78,8.6291,4.3139,8.3731,49.8356,911.4000,384.0000,5.9519,8.5750,5.9482,83.0000,WB,3925.0000
30618_76e1f9c7,79,10.3088,8.6448,5.1269,50.1719,919.7731,226.0000,9.7860,10.3120,9.7816,45.0000,WB,3975.0000
30618_76e1f9c7,80,9.8794,8.7376,5.5000,49.9742,924.9000,248.0000,9.0862,9.8400,9.0960,55.0000,WB,4025.0000
30618_76e1f9c7,81,8.7219,1.3256,9.6000,49.9354,930.4000,449.0000,5.2016,8.7430,5.0227,101.0000,WB,4075.0000
30618_76e1f9c7,82,9.2366,0.0000,53.1500,50.2464,940.0000,2386.0000,0.9454,9.2250,0.9510,521.0000,WB,4125.0000
30618_76e1f9c7,83,11.4107,9.2482,4.7000,49.9502,993.1500,215.0000,10.6277,11.4440,10.6258,47.0000,WB,4175.0000
30618_76e1f9c7,84,11.3955,8.3162,5.0231,49.9635,997.8500,221.0000,9.9467,11.4130,9.9503,50.0000,WB,4225.0000
30618_76e1f9c7,85,8.3008,5.3963,7.0769,50.0116,1002.8731,310.0000,7.0669,8.2740,7.0783,71.0000,WB,4275.0000
30618_76e1f9c7,86,7.0760,0.0000,27.9731,50.0589,1009.9500,1140.0000,1.7895,7.0410,1.7819,279.0000,WB,4325.0000
30618_76e1f9c7,87,8.5472,7.0941,6.1000,50.0058,1037.9231,246.0000,8.1977,8.5840,8.2032,61.0000,WB,4375.0000
30618_76e1f9c7,88,8.4087,6.9632,6.4269,49.9013,1044.0231,259.0000,7.7645,8.4490,7.7710,64.0000,WB,4425.0000
30618_76e1f9c7,89,10.4519,8.3892,5.1231,50.2146,1050.4500,207.0000,9.8016,10.4620,9.7597,51.0000,WB,4475.0000
30618_76e1f9c7,90,10.2646,5.9689,6.1769,49.8530,1055.5731,249.0000,8.0709,10.2900,8.1409,61.0000,WB,4525.0000
30618_76e1f9c7,91,6.4341,0.0000,33.1730,50.0554,1061.7500,1340.0000,1.5089,6.3760,1.5139,332.0000,WB,4575.0000
30618_76e1f9c7,92,10.8734,6.4531,5.7001,49.9397,1094.9230,230.0000,8.7612,10.7870,8.7145,57.0000,WB,4625.0000
30618_76e1f9c7,93,12.4921,10.8885,4.2000,49.8673,1100.6232,170.0000,11.8733,12.4610,11.8357,42.0000,WB,4675.0000
30618_76e1f9c7,94,12.9277,12.3592,3.9269,49.9964,1104.8231,158.0000,12.7318,12.9310,12.7195,40.0000,WB,4725.0000
30618_76e1f9c7,95,12.3520,8.9908,4.7000,50.1154,1108.7500,191.0000,10.6628,12.3140,10.6936,46.0000,WB,4775.0000
30618_76e1f9c7,96,8.9664,8.4277,5.8231,49.9994,1113.4500,236.0000,8.5864,9.0210,8.6056,59.0000,WB,4825.0000
30618_76e1f9c7,97,8.7073,8.4381,5.8500,50.0887,1119.2731,234.0000,8.5622,8.7500,8.5747,58.0000,WB,4875.0000
30618_76e1f9c7,98,8.6996,7.8639,5.8500,49.9802,1125.1231,236.0000,8.5437,8.7530,8.5645,58.0000,WB,4925.0000
30618_76e1f9c7,99,7.8478,0.0000,32.5769,49.7990,1130.9731,1310.0000,1.5287,7.8940,1.5663,289.0000,WB,4975.0000
30618_76e1f9c7,100,9.6421,2.2506,8.2231,50.0511,1163.5500,329.0000,6.0867,9.6060,6.0740,72.0000,WB,5025.0000
30618_76e1f9c7,101,12.1170,9.6604,4.4769,49.8899,1171.7731,179.0000,11.1438,12.0740,11.1141,44.0000,WB,5075.0000
30618_76e1f9c7,102,12.1929,9.8312,4.4500,50.0733,1176.2500,178.0000,11.2524,12.2000,11.2792,45.0000,WB,5125.0000
30618_76e1f9c7,103,9.8126,5.2814,6.5500,49.9397,1180.7000,264.0000,7.6244,9.8120,7.6239,66.0000,WB,5175.0000
30618_76e1f9c7,104,6.1254,0.0000,47.5731,50.0254,1187.2500,1912.0000,1.0515,6.1180,1.0484,475.0000,WB,5225.0000
30618_76e1f9c7,105,7.0796,4.0090,8.6500,49.9367,1234.8231,350.0000,5.7730,7.1010,5.7779,87.0000,WB,5275.0000
30618_76e1f9c7,106,4.2008,2.2923,14.0500,50.0121,1243.4731,565.0000,3.5596,4.1760,3.6242,110.0000,WB,5325.0000
30618_76e1f9c7,107,3.1556,0.9387,21.8269,50.0209,1257.5231,878.0000,2.2917,3.1580,2.2989,217.0000,WB,5375.0000
30618_76e1f9c7,108,4.1637,2.5287,16.5731,49.9833,1279.3500,667.0000,3.0159,4.1990,3.0133,147.0000,WB,5425.0000
30618_76e1f9c7,109,4.3311,3.9707,3.0500,12.7786,1295.9231,124.0000,4.1897,4.3490,4.2021,31.0000,WB,5475.0000
30618_76e1f9c7,221,0.6512,0.0000,18.8731,0.6636,1.1000,752.0000,0.0352,0.6100,0.0365,185.0000,WB,21.3710
30618_7b4d83f4,114,3.0386,1.7391,10.0769,25.6027,66.5231,406.0000,2.5407,3.0680,2.5619,118.0000,EB,5421.1425
30618_7b4d83f4,115,4.6787,2.5849,15.0000,50.2011,76.6000,603.0000,3.3467,4.6340,3.3157,150.0000,EB,5369.1419
30618_7b4d83f4,116,7.1211,4.6979,8.0500,49.9687,91.6000,323.0000,6.2073,7.1140,6.1732,80.0000,EB,5316.1420
30618_7b4d83f4,117,7.1500,0.0000,35.2731,50.6769,99.6500,1418.0000,1.4367,7.0770,1.4629,301.0000,EB,5266.1420
30618_7b4d83f4,118,10.7484,7.1684,5.4000,49.8337,134.9231,222.0000,9.2284,10.7710,9.1966,55.0000,EB,5216.1420
30618_7b4d83f4,119,11.1043,10.6492,4.6000,49.8158,140.3231,188.0000,10.8296,11.1230,10.8318,46.0000,EB,5166.1420
30618_7b4d83f4,120,10.8467,7.0287,5.6000,50.0816,144.9231,227.0000,8.9431,10.8190,8.9580,56.0000,EB,5116.1421
30618_7b4d83f4,121,7.0120,0.0000,38.1769,50.1795,150.5231,1535.0000,1.3144,7.0150,1.3336,354.0000,EB,5066.1420
30618_7b4d83f4,122,10.2453,5.4986,6.2000,49.8961,188.7000,250.0000,8.0478,10.1720,8.0393,52.0000,EB,5016.1420
30618_7b4d83f4,123,10.7698,9.1032,4.9000,50.1228,194.9000,199.0000,10.2291,10.7940,10.2506,43.0000,EB,4966.1420
30618_7b4d83f4,124,9.0672,8.4115,5.8000,50.0481,199.8000,234.0000,8.6290,9.0690,8.6338,33.0000,EB,4917.1420
30618_7b4d83f4,125,9.8712,8.4346,5.7231,49.8455,205.6000,230.0000,8.7095,9.7590,8.6945,57.0000,EB,4867.1420
30618_7b4d83f4,126,11.1820,9.8870,4.6769,50.1703,211.3231,188.0000,10.7273,11.1950,10.7129,47.0000,EB,4818.1420
30618_7b4d83f4,127,11.4211,11.1777,4.4000,49.7316,216.0000,177.0000,11.3026,11.4670,11.3043,44.0000,EB,4768.1420
30618_7b4d83f4,128,11.4163,8.0362,5.0500,50.2178,220.4000,205.0000,9.9441,11.4720,10.0244,50.0000,EB,4718.1420
30618_7b4d83f4,129,8.0153,0.0000,35.9500,49.4772,225.4500,1452.0000,1.3763,8.0950,1.4246,366.0000,EB,4668.1421
30618_7b4d83f4,130,9.6363,2.5196,8.0731,50.0580,261.4000,329.0000,6.2006,9.6890,6.5002,77.0000,EB,4618.1420
30618_7b4d83f4,131,12.3255,9.6542,4.4500,49.7746,269.4731,182.0000,11.1853,12.3390,11.2561,44.0000,EB,4568.1420
30618_7b4d83f4,132,13.0015,12.3323,3.9269,50.0586,273.9231,158.0000,12.7476,13.0430,12.7524,39.0000,EB,4518.1420
30618_7b4d83f4,133,12.5921,9.4778,4.5231,50.0858,277.8500,184.0000,11.0734,12.5220,11.0042,46.0000,EB,4468.1419
30618_7b4d83f4,134,9.4608,8.1017,5.8500,49.9006,282.3731,239.0000,8.5300,9.3790,8.5239,56.0000,EB,4418.1420
30618_7b4d83f4,135,8.2532,7.9000,6.2000,50.0664,288.2231,253.0000,8.0752,8.2630,8.0729,62.0000,EB,4369.1419
30618_7b4d83f4,136,8.2156,6.9559,6.4000,50.0860,294.4231,258.0000,7.8260,8.2320,7.8540,64.0000,EB,4320.1420
30618_7b4d83f4,137,10.2264,6.9456,6.1500,49.8268,300.8231,252.0000,8.1019,10.1490,8.0604,62.0000,EB,4271.1418
30618_7b4d83f4,138,12.1198,10.2436,4.3769,50.0836,306.9731,179.0000,11.4427,12.1170,11.4149,44.0000,EB,4222.1418
30618_7b4d83f4,139,12.0612,8.1532,4.8000,50.0862,311.3500,195.0000,10.4346,12.0950,10.5227,47.0000,EB,4172.1418
30618_7b4d83f4,140,8.1254,5.4073,7.5731,49.9819,316.1500,310.0000,6.5999,8.2300,6.6461,73.0000,EB,4122.1417
30618_7b4d83f4,141,6.0283,0.0000,46.2000,49.5579,323.7231,1872.0000,1.0727,6.0210,1.0885,461.0000,EB,4072.1418
30618_7b4d83f4,142,10.1294,4.2698,6.7500,49.9504,369.9231,275.0000,7.4000,10.0830,7.3735,67.0000,EB,4022.1417
30618_7b4d83f4,143,10.9003,10.1408,4.7269,50.1319,376.6731,194.0000,10.6056,10.9450,10.6108,47.0000,EB,3972.1418
30618_7b4d83f4,144,10.1638,7.3610,5.8000,49.7860,381.4000,232.0000,8.5838,10.2350,8.7900,41.0000,EB,3922.1417
30618_7b4d83f4,145,7.3793,6.7089,7.1731,50.1467,387.2000,288.0000,6.9910,7.4040,6.9958,72.0000,EB,3872.1417
30618_7b4d83f4,146,6.9985,6.5852,7.3500,49.9077,394.3731,297.0000,6.7902,7.0260,6.7821,74.0000,EB,3822.1418
30618_7b4d83f4,147,6.8411,6.6848,7.4269,50.1123,401.7231,304.0000,6.7474,6.8420,6.7487,74.0000,EB,3772.1418
30618_7b4d83f4,148,7.1185,5.2950,7.5731,49.8942,409.1500,306.0000,6.5883,7.1340,6.5891,76.0000,EB,3722.1418
30618_7b4d83f4,149,5.2805,3.4048,12.9269,50.0174,416.7231,526.0000,3.8693,5.2900,3.8715,129.0000,EB,3672.1417
30618_7b4d83f4,150,5.1905,3.7669,12.2000,50.0421,429.6500,499.0000,4.1018,5.0980,4.0839,122.0000,EB,3618.1407
30618_7b4d83f4,151,8.4807,5.2176,6.7500,49.9615,441.8500,276.0000,7.4017,8.5070,7.3874,68.0000,EB,3566.1401
30618_7b4d83f4,152,8.0807,1.5421,9.8500,50.0236,448.6000,409.0000,5.0785,8.0660,5.0539,99.0000,EB,3516.1400
30618_7b4d83f4,153,8.3100,0.0000,72.4500,50.1702,458.4500,2972.0000,0.6925,8.2930,0.6872,719.0000,EB,3466.1401
30618_7b4d83f4,154,9.5682,8.3165,5.6231,50.0914,530.9000,236.0000,8.9082,9.5800,8.8832,52.0000,EB,3416.1400
30618_7b4d83f4,155,9.5439,5.2201,6.6500,50.0011,536.5231,275.0000,7.5190,9.5880,7.6793,54.0000,EB,3366.1400
30618_7b4d83f4,156,7.5130,0.0000,52.1269,50.0168,543.1731,2161.0000,0.9595,7.3880,0.9574,519.0000,EB,3316.1401
30618_7b4d83f4,157,8.6101,6.8529,6.5731,50.0165,595.3000,276.0000,7.6092,8.5300,7.5935,66.0000,EB,3266.1400
30618_7b4d83f4,158,11.8480,8.6302,4.8269,50.1406,601.8731,207.0000,10.3878,11.7900,10.3309,47.0000,EB,3216.1399
30618_7b4d83f4,159,12.2582,10.9147,4.2231,49.9473,606.7000,173.0000,11.8272,12.2940,11.8540,42.0000,EB,3166.1399
30618_7b4d83f4,160,10.9005,7.0205,5.5269,49.9514,610.9231,226.0000,9.0378,10.9450,9.1322,55.0000,EB,3116.1399
30618_7b4d83f4,161,6.9985,0.0000,35.8231,50.0125,616.4500,1517.0000,1.3961,7.0770,1.4124,359.0000,EB,3066.1398
30618_7b4d83f4,162,10.8546,5.9300,5.9269,50.0439,652.2731,252.0000,8.4435,10.7300,8.3819,59.0000,EB,3016.1399
30618_7b4d83f4,163,13.5397,10.8760,4.0500,50.0633,658.2000,178.0000,12.3613,13.6280,12.3201,41.0000,EB,2966.1399
30618_7b4d83f4,164,14.4901,13.5495,3.5500,50.0307,662.2500,146.0000,14.0932,14.4160,14.0548,35.0000,EB,2916.1400
30618_7b4d83f4,165,14.4641,14.2575,3.4731,49.8872,665.8000,153.0000,14.3639,14.5300,14.3561,35.0000,EB,2866.1398
30618_7b4d83f4,166,14.3952,13.8741,3.5269,50.0443,669.2731,150.0000,14.1893,14.4630,14.1986,35.0000,EB,2816.1396
30618_7b4d83f4,167,13.8336,11.8440,3.9500,49.8593,672.8000,175.0000,12.6226,13.8890,12.6488,40.0000,EB,2766.1396
30618_7b4d83f4,168,12.4799,11.7839,4.1500,50.1099,676.7500,177.0000,12.0747,12.4690,12.0616,41.0000,EB,2717.1395
30618_7b4d83f4,169,12.4855,11.3435,4.2500,49.9306,680.9000,191.0000,11.7484,12.5090,11.7676,43.0000,EB,2667.1395
30618_7b4d83f4,170,11.3465,8.3609,5.1731,49.9819,685.1500,226.0000,9.6620,11.3020,9.6963,51.0000,EB,2617.1396
30618_7b4d83f4,171,8.3580,8.0541,6.1269,50.0192,690.3231,263.0000,8.1638,8.3580,8.1731,62.0000,EB,2567.1395
30618_7b4d83f4,172,9.5989,8.3616,5.4731,50.0166,696.4500,234.0000,9.1386,9.6080,9.1515,54.0000,EB,2518.1395
30618_7b4d83f4,173,8.3848,1.1205,10.5000,50.0175,701.9231,452.0000,4.7636,8.4350,4.9081,103.0000,EB,2468.1395
30618_7b4d83f4,174,7.2360,0.0000,28.9769,50.0237,712.4231,1246.0000,1.7263,7.1310,1.7098,292.0000,EB,2418.1394
30618_7b4d83f4,175,11.1874,7.2733,5.3500,50.0308,741.4000,235.0000,9.3515,11.1410,9.3012,54.0000,EB,2368.1396
30618_7b4d83f4,176,13.2016,11.2041,4.0500,49.9046,746.7500,178.0000,12.3221,13.1660,12.2872,40.0000,EB,2318.1394
30618_7b4d83f4,177,14.1276,13.2086,3.6500,50.0697,750.8000,164.0000,13.7177,14.1160,13.6968,37.0000,EB,2268.1394
30618_7b4d83f4,178,14.4459,14.1297,3.5000,50.1327,754.4500,155.0000,14.3236,14.4600,14.3210,35.0000,EB,2218.1393
30618_7b4d83f4,179,14.4497,14.3783,3.4500,49.7350,757.9500,147.0000,14.4160,14.4600,14.4138,34.0000,EB,2168.1393
30618_7b4d83f4,180,14.3848,14.0735,3.5500,50.2157,761.4000,167.0000,14.1453,14.3790,14.1505,36.0000,EB,2118.1391
30618_7b4d83f4,181,14.1062,13.4987,3.6231,49.9627,764.9500,166.0000,13.7901,14.1230,13.7884,36.0000,EB,2068.1392
30618_7b4d83f4,182,13.6765,13.5228,3.6769,50.0706,768.5731,170.0000,13.6176,13.7100,13.6054,37.0000,EB,2017.1391
30618_7b4d83f4,183,13.5307,13.3280,3.7000,49.8175,772.2500,173.0000,13.4642,13.5270,13.4393,37.0000,EB,1967.1389
30618_7b4d83f4,184,13.3259,13.0212,3.8000,49.9458,775.9500,179.0000,13.1436,13.3020,13.1287,38.0000,EB,1917.1389
30618_7b4d83f4,185,13.0318,11.8768,3.9231,50.0521,779.7500,191.0000,12.7584,13.0150,12.7504,39.0000,EB,1867.1388
30618_7b4d83f4,186,11.8581,9.1945,4.8000,50.0573,783.6731,226.0000,10.4286,11.8960,10.4568,48.0000,EB,1817.1386
30618_7b4d83f4,187,9.3552,8.2889,5.7198,50.0424,788.4731,275.0000,8.7490,9.3370,8.7306,57.0000,EB,1767.1386
30618_7b4d83f4,188,9.6210,9.3538,5.2302,49.8537,794.1929,258.0000,9.5319,9.6460,9.5376,53.0000,EB,1717.1386
30618_7b4d83f4,189,9.6156,8.6593,5.5000,50.0558,799.4231,259.0000,9.1010,9.6370,9.0998,55.0000,EB,1667.1386
30618_7b4d83f4,190,9.6079,6.8562,5.6632,50.0341,804.9231,271.0000,8.8349,9.6520,8.8803,56.0000,EB,1617.1386
30618_7b4d83f4,191,6.8377,3.3689,9.3637,50.0048,810.5863,441.0000,5.3403,6.8790,5.3695,94.0000,EB,1567.1386
30618_7b4d83f4,192,7.5387,3.2991,8.7000,50.0874,819.9500,411.0000,5.7572,7.5890,5.7357,85.0000,EB,1517.1386
30618_7b4d83f4,193,7.5286,7.0842,6.8000,49.9418,828.6500,327.0000,7.3444,7.5910,7.3602,59.0000,EB,1467.1386
30618_7b4d83f4,194,7.3084,6.9814,7.0000,50.0037,835.4500,338.0000,7.1434,7.3230,7.1586,70.0000,EB,1417.1386
30618_7b4d83f4,195,9.6068,7.0479,6.0500,49.9851,842.4500,293.0000,8.2620,9.6000,8.2317,61.0000,EB,1367.1385
30618_7b4d83f4,196,10.0786,9.6120,5.0500,49.9968,848.5000,248.0000,9.9004,10.1120,9.9094,50.0000,EB,1317.1385
30618_7b4d83f4,197,10.0393,9.8108,5.0369,49.9666,853.5500,243.0000,9.9201,10.0470,9.9323,51.0000,EB,1267.1386
30618_7b4d83f4,198,10.0146,9.7723,5.0862,50.0767,858.5869,250.0000,9.8457,10.0490,9.8566,50.0000,EB,1217.1386
30618_7b4d83f4,199,10.0874,9.4577,5.0500,49.8777,863.6731,246.0000,9.8768,10.1420,9.9002,51.0000,EB,1167.1386
30618_7b4d83f4,200,9.4454,4.6928,7.1000,50.0338,868.7231,341.0000,7.0470,9.4710,7.1575,67.0000,EB,1117.1385
30618_7b4d83f4,201,5.6899,3.8167,11.6769,50.0652,875.8231,579.0000,4.2875,5.6830,4.2721,117.0000,EB,1067.1385
30618_7b4d83f4,202,5.6783,3.9918,11.3000,50.0069,887.5000,559.0000,4.4254,5.7200,4.4669,112.0000,EB,1017.1385
30618_7b4d83f4,203,6.1140,2.0825,10.6231,49.9794,898.8000,518.0000,4.7048,6.1450,4.8330,102.0000,EB,967.1384
30618_7b4d83f4,204,7.5820,0.0000,61.8500,49.1134,909.4231,3059.0000,0.7941,7.4310,0.7955,623.0000,EB,917.1384
30618_7b4d83f4,205,9.7448,7.5999,5.5269,50.0627,971.2731,272.0000,9.0580,9.7240,8.9897,56.0000,EB,867.1384
30618_7b4d83f4,206,9.7562,8.4207,5.6000,49.9219,976.8000,277.0000,8.9146,9.7550,8.9072,58.0000,EB,818.1384
30618_7b4d83f4,207,8.7282,8.5910,5.8000,50.1505,982.4000,287.0000,8.6466,8.7210,8.6460,55.0000,EB,768.1383
30618_7b4d83f4,208,8.7466,8.5387,5.7891,49.9706,988.2000,288.0000,8.6318,8.7490,8.6234,57.0000,EB,718.1382
30618_7b4d83f4,209,8.6988,8.4159,5.8339,49.9652,993.9891,290.0000,8.5646,8.7070,8.5572,58.0000,EB,669.1382
30618_7b4d83f4,210,9.1561,8.4758,5.8000,50.0535,999.8231,285.0000,8.6299,9.0400,8.6103,59.0000,EB,620.1381
30618_7b4d83f4,211,12.0140,9.1531,4.7269,50.0610,1005.6231,231.0000,10.5906,12.2620,10.7152,52.0000,EB,570.1380
30618_7b4d83f4,212,13.6270,12.0297,3.8500,49.8927,1010.3500,191.0000,12.9591,13.5710,13.0418,33.0000,EB,520.1379
30618_7b4d83f4,213,13.6471,12.0187,3.8500,49.9208,1014.2000,189.0000,12.9664,13.6570,12.9865,39.0000,EB,470.1379
30618_7b4d83f4,214,12.0035,8.9774,4.7411,50.0008,1018.0500,232.0000,10.5462,11.9750,10.5886,47.0000,EB,420.1378
30618_7b4d83f4,215,8.9649,0.0000,13.5589,50.0746,1022.7911,669.0000,3.6931,9.0100,3.7140,137.0000,EB,370.1378
30618_7b4d83f4,216,7.2781,1.6833,9.3000,50.0104,1036.3500,461.0000,5.3775,7.2680,5.4243,93.0000,EB,320.1378
30618_7b4d83f4,217,6.3653,0.0000,20.7000,50.4337,1045.6500,1020.0000,2.4364,6.2510,2.4034,202.0000,EB,270.1378
30618_7b4d83f4,218,3.6431,2.5921,17.6420,50.0315,1066.3500,868.0000,2.8359,3.7360,2.8394,167.0000,EB,220.1378
30618_7b4d83f4,219,3.1626,0.0000,55.9811,49.7555,1083.9920,2746.0000,0.8888,3.3070,0.9001,560.0000,EB,173.1339
30618_7b4d83f4,220,3.6075,2.0219,16.4000,50.0192,1139.9731,805.0000,3.0499,3.6250,3.0626,164.0000,EB,0.0000
30618_7b4d83f4,221,2.0089,0.0000,4.2000,3.0689,1156.3731,206.0000,0.7307,2.1270,0.8334,43.0000,WB,21.3710
30618_8158f0b0,0,3.6747,0.6602,22.1839,49.9785,8.6161,898.0000,2.2529,3.6710,2.2597,221.0000,WB,25.0000
30618_8158f0b0,1,3.7611,3.0489,15.2662,50.0288,30.8000,618.0000,3.2771,3.7880,3.2799,150.0000,WB,75.0000
30618_8158f0b0,2,3.6575,0.0000,43.3838,49.6823,46.0662,1759.0000,1.1452,3.7340,1.1604,430.0000,WB,125.0000
30618_8158f0b0,3,4.3496,2.2400,13.4000,49.9637,89.4500,544.0000,3.7286,4.3320,3.7206,134.0000,WB,175.0000
30618_8158f0b0,4,9.4858,3.7439,8.1500,49.9431,102.8500,337.0000,6.1280,9.3170,6.0382,82.0000,WB,225.0000
30618_8158f0b0,5,12.1209,9.4758,4.6000,50.1366,111.0000,192.0000,10.8993,11.9640,10.7993,46.0000,WB,275.0000
30618_8158f0b0,6,13.4453,12.1368,3.8500,49.4270,115.6000,158.0000,12.8382,13.3790,12.7678,39.0000,WB,325.0000
30618_8158f0b0,7,13.7684,13.2563,3.7161,49.9304,119.4500,157.0000,13.4361,13.7090,13.3682,38.0000,WB,375.0000
30618_8158f0b0,8,14.0009,12.7267,3.6839,50.1604,123.1661,152.0000,13.6163,13.9420,13.4574,40.0000,WB,425.0000
30618_8158f0b0,9,12.7028,9.7710,4.4500,50.1184,126.8500,186.0000,11.2626,12.5610,11.0601,42.0000,WB,475.0000
30618_8158f0b0,10,9.7282,3.5480,7.5000,49.8550,131.3000,310.0000,6.6473,9.5700,6.3933,78.0000,WB,525.0000
30618_8158f0b0,11,8.2082,0.0000,32.5000,51.4760,138.8000,1334.0000,1.5839,8.1920,1.5667,318.0000,WB,575.0000
30618_8158f0b0,12,8.5222,8.2284,5.9161,49.9333,171.3000,244.0000,8.4402,8.5380,8.4269,59.0000,WB,625.0000
30618_8158f0b0,13,8.5546,8.3999,5.9000,50.0618,177.2161,243.0000,8.4850,8.5500,8.4689,59.0000,WB,675.0000
30618_8158f0b0,14,8.7679,8.3970,5.8338,50.0516,183.1162,241.0000,8.5795,8.7770,8.5741,52.0000,WB,725.0000
30618_8158f0b0,15,8.8588,8.5039,5.7500,49.9501,188.9500,236.0000,8.6870,8.8540,8.6903,58.0000,WB,775.0000
30618_8158f0b0,16,9.0564,6.5347,6.0500,50.0959,194.7000,252.0000,8.2803,9.0630,8.2758,60.0000,WB,825.0000
30618_8158f0b0,17,6.5082,0.0000,72.6000,50.5101,200.7500,3018.0000,0.6957,6.5130,0.7063,721.0000,WB,875.0000
30618_8158f0b0,18,4.6085,0.8841,16.6000,49.9204,273.3500,693.0000,3.0073,4.5890,3.0091,165.0000,WB,925.0000
30618_8158f0b0,19,4.1712,2.5979,16.4500,50.0742,289.9500,680.0000,3.0440,4.1750,3.0394,164.0000,WB,975.0000
30618_8158f0b0,20,5.6634,4.0635,11.5162,49.9959,306.4000,487.0000,4.3414,5.5470,4.3274,115.0000,WB,1025.0000
30618_8158f0b0,21,6.7830,3.9545,8.4338,50.0288,317.9162,360.0000,5.9319,6.7850,5.9338,85.0000,WB,1075.0000
30618_8158f0b0,22,6.5040,2.2232,15.6662,49.9605,326.3500,672.0000,3.1891,3.8860,2.6614,97.0000,WB,1125.0000
30618_8158f0b0,23,7.4377,6.5158,6.9338,50.0120,342.0162,298.0000,7.2128,,,,WB,1175.0000
30618_8158f0b0,24,7.3342,7.0247,6.9500,49.9176,348.9500,290.0000,7.1824,,,,WB,1225.0000
30618_8158f0b0,25,7.2711,6.8816,7.0662,50.0317,355.9000,300.0000,7.0805,,,,WB,1275.0000
30618_8158f0b0,26,7.0978,6.9313,7.1000,49.9680,362.9662,298.0000,7.0377,,,,WB,1325.0000
30618_8158f0b0,27,7.1573,6.9115,7.1338,50.2044,370.0662,310.0000,7.0375,,,,WB,1375.0000
30618_8158f0b0,28,7.2207,6.9318,7.0662,49.8487,377.2000,305.0000,7.0545,,,,WB,1425.0000
30618_8158f0b0,29,7.0775,3.8289,8.5000,50.0126,384.2662,374.0000,5.8839,,,,WB,1475.0000
30618_8158f0b0,30,7.2267,0.0000,16.9838,49.9780,392.7662,731.0000,2.9427,,,,WB,1525.0000
30618_8158f0b0,31,7.2114,6.8161,7.1161,49.9786,409.7500,316.0000,7.0233,,,,WB,1575.0000
30618_8158f0b0,32,7.1411,6.9849,7.0839,49.9954,416.8661,309.0000,7.0577,,,,WB,1625.0000
30618_8158f0b0,33,7.0014,5.8085,7.3500,50.0370,423.9500,324.0000,6.8078,,,,WB,1675.0000
30618_8158f0b0,34,5.7962,2.3829,14.1000,50.0701,431.3000,626.0000,3.5511,5.1830,4.0780,25.0000,WB,1725.0000
30618_8158f0b0,35,6.8915,5.3593,7.6162,49.9692,445.4000,343.0000,6.5610,6.8950,6.5414,76.0000,WB,1775.0000
30618_8158f0b0,36,6.9597,6.8062,7.2838,50.0637,453.0162,318.0000,6.8733,6.9470,6.8684,73.0000,WB,1825.0000
30618_8158f0b0,37,9.8107,6.7835,6.2162,49.8479,460.3000,281.0000,8.0190,9.7860,7.9650,61.0000,WB,1875.0000
30618_8158f0b0,38,10.8367,9.6670,5.0338,49.9746,466.5162,224.0000,9.9278,10.7350,9.9009,51.0000,WB,1925.0000
30618_8158f0b0,39,13.3491,10.8626,4.1000,50.0379,471.5500,187.0000,12.2044,13.2720,12.1524,39.0000,WB,1975.0000
30618_8158f0b0,40,14.0990,13.3614,3.6500,50.2970,475.6500,170.0000,13.7800,14.1060,13.7652,35.0000,WB,2025.0000
30618_8158f0b0,41,14.4029,14.1032,3.5000,49.9905,479.3000,164.0000,14.2830,14.3870,14.2656,29.0000,WB,2075.0000
30618_8158f0b0,42,14.7182,14.4187,3.4162,49.7171,482.8000,156.0000,14.5533,14.6900,14.5275,33.0000,WB,2125.0000
30618_8158f0b0,43,14.7967,14.6788,3.4000,50.1012,486.2162,151.0000,14.7358,14.7970,14.7125,28.0000,WB,2175.0000
30618_8158f0b0,44,14.8323,14.6405,3.3838,49.8347,489.6162,149.0000,14.7273,14.8510,14.7152,27.0000,WB,2225.0000
30618_8158f0b0,45,14.7970,12.5431,3.6500,50.0809,493.0000,162.0000,13.7208,14.7230,13.7295,29.0000,WB,2275.0000
30618_8158f0b0,46,12.5201,9.3744,4.5500,49.9823,496.6500,207.0000,10.9851,12.5040,11.0032,39.0000,WB,2325.0000
30618_8158f0b0,47,9.3495,5.9232,7.1162,50.0188,501.2000,326.0000,7.0289,9.2830,7.0198,68.0000,WB,2375.0000
30618_8158f0b0,48,10.1312,5.9876,6.1838,50.0650,508.3162,279.0000,8.0961,10.1010,8.0930,61.0000,WB,2425.0000
30618_8158f0b0,49,10.5775,8.8439,4.9662,49.9514,514.5000,232.0000,10.0583,10.5630,10.0364,50.0000,WB,2475.0000
30618_8158f0b0,50,8.8332,8.2013,5.9838,50.0057,519.4662,276.0000,8.3568,8.8230,8.3633,59.0000,WB,2525.0000
30618_8158f0b0,51,10.1716,8.5589,5.6000,50.2522,525.4500,257.0000,8.9736,10.1190,8.9612,56.0000,WB,2575.0000
30618_8158f0b0,52,12.1006,10.1910,4.4662,49.6429,531.0500,209.0000,11.1153,12.0840,11.0920,45.0000,WB,2625.0000
30618_8158f0b0,53,13.0645,12.1087,3.9338,50.1777,535.5162,181.0000,12.7555,13.0910,12.7472,38.0000,WB,2675.0000
30618_8158f0b0,54,12.8719,12.2749,4.0000,49.8501,539.4500,187.0000,12.4625,12.8600,12.4560,40.0000,WB,2725.0000
30618_8158f0b0,55,13.7612,12.6871,3.7500,50.0732,543.4500,176.0000,13.3528,13.7520,13.3410,40.0000,WB,2775.0000
30618_8158f0b0,56,13.9453,13.6163,3.6075,49.9403,547.2000,169.0000,13.8435,13.9130,13.8311,34.0000,WB,2825.0000
30618_8158f0b0,57,13.6228,10.8063,4.1087,50.0698,550.8075,190.0000,12.1864,13.4990,12.1778,40.0000,WB,2875.0000
30618_8158f0b0,58,10.7947,8.0460,5.5000,50.0070,554.9162,254.0000,9.0922,10.7640,9.0623,56.0000,WB,2925.0000
30618_8158f0b0,59,8.0404,1.5910,10.2500,50.0164,560.4161,461.0000,4.8796,8.0390,4.6399,107.0000,WB,2975.0000
30618_8158f0b0,60,8.8024,0.0000,59.2838,50.9013,570.6662,2937.0000,0.8586,8.7670,0.8573,575.0000,WB,3025.0000
30618_8158f0b0,61,11.4312,8.8252,4.9000,50.2181,629.9500,240.0000,10.2486,11.3720,10.2125,41.0000,WB,3075.0000
30618_8158f0b0,62,11.6721,10.1894,4.4269,49.7436,634.8500,221.0000,11.2367,11.6880,11.2477,44.0000,WB,3125.0000
30618_8158f0b0,63,10.1709,6.0944,6.1231,50.0417,639.2769,298.0000,8.1726,10.1620,8.1827,62.0000,WB,3175.0000
30618_8158f0b0,64,9.2243,5.2578,7.4000,50.1472,645.4000,359.0000,6.7766,8.9820,6.7434,70.0000,WB,3225.0000
30618_8158f0b0,65,11.7342,9.2476,4.7000,49.8191,652.8000,230.0000,10.5998,11.6840,10.5560,44.0000,WB,3275.0000
30618_8158f0b0,66,12.0563,10.9702,4.2662,50.0621,657.5000,205.0000,11.7347,12.0650,11.7386,42.0000,WB,3325.0000
30618_8158f0b0,67,10.9812,7.4823,5.3838,50.0863,661.7662,265.0000,9.3031,10.9580,9.0885,60.0000,WB,3375.0000
30618_8158f0b0,68,7.4587,0.0000,49.3162,50.8175,667.1500,2429.0000,1.0304,6.9440,0.9347,478.0000,WB,3425.0000
30618_8158f0b0,69,8.5421,5.1869,6.9193,50.0339,716.4662,339.0000,7.2310,8.5390,7.1724,70.0000,WB,3475.0000
30618_8158f0b0,70,8.4811,3.1848,8.5645,50.0463,723.3855,418.0000,5.8435,8.4490,5.9396,84.0000,WB,3525.0000
30618_8158f0b0,71,3.1706,0.0000,40.0162,49.6721,731.9500,1975.0000,1.2413,3.2630,1.2571,401.0000,WB,3575.0000
30618_8158f0b0,72,4.4363,2.4478,16.0234,49.9685,771.9662,783.0000,3.1185,4.4320,3.1150,160.0000,WB,3625.0000
30618_8158f0b0,73,8.0833,4.2927,8.8605,50.1353,787.9895,428.0000,5.6583,8.0760,5.6356,91.0000,WB,3675.0000
30618_8158f0b0,74,9.2487,7.8681,5.9500,49.6536,796.8500,288.0000,8.3451,9.2420,8.3378,59.0000,WB,3725.0000
30618_8158f0b0,75,10.8938,9.2638,4.9000,49.8761,802.8000,242.0000,10.1788,10.8440,10.1412,46.0000,WB,3775.0000
30618_8158f0b0,76,10.9739,9.7444,4.7162,50.0421,807.7000,228.0000,10.6107,10.9670,10.5982,47.0000,WB,3825.0000
30618_8158f0b0,77,9.7350,5.5295,6.6000,49.9998,812.4162,320.0000,7.5757,9.6620,7.5632,66.0000,WB,3875.0000
30618_8158f0b0,78,6.7950,0.0000,32.7816,50.2439,819.0162,1606.0000,1.5327,6.6880,1.5242,325.0000,WB,3925.0000
30618_8158f0b0,79,8.7009,6.4670,6.4522,49.9793,851.7978,317.0000,7.7461,8.7320,7.7352,63.0000,WB,3975.0000
30618_8158f0b0,80,8.7150,6.4436,6.4500,50.0090,858.2500,312.0000,7.7533,8.7370,7.7449,65.0000,WB,4025.0000
30618_8158f0b0,81,8.5407,1.5249,9.3500,50.0313,864.7000,454.0000,5.3509,8.5620,5.1032,98.0000,WB,4075.0000
30618_8158f0b0,82,9.0839,0.0000,33.9161,50.1146,874.0500,1663.0000,1.4776,8.9830,1.4799,333.0000,WB,4125.0000
30618_8158f0b0,83,11.4012,9.0960,4.7839,50.2169,907.9661,233.0000,10.4972,11.4130,10.4660,48.0000,WB,4175.0000
30618_8158f0b0,84,11.4091,8.7564,4.8662,49.8605,912.7500,235.0000,10.2463,11.4700,10.2856,48.0000,WB,4225.0000
30618_8158f0b0,85,8.7458,7.7001,6.2500,49.9667,917.6162,300.0000,7.9947,8.7990,8.0162,63.0000,WB,4275.0000
30618_8158f0b0,86,9.2733,8.4839,5.5338,50.0071,923.8662,267.0000,9.0366,9.2700,9.0411,55.0000,WB,4325.0000
30618_8158f0b0,87,8.9297,8.1418,5.8161,49.9826,929.4000,282.0000,8.5938,8.9570,8.6214,58.0000,WB,4375.0000
30618_8158f0b0,88,10.2553,8.1732,5.5339,50.1890,935.2161,269.0000,9.0694,10.1620,9.0307,55.0000,WB,4425.0000
30618_8158f0b0,89,11.1255,10.2727,4.6161,49.8412,940.7500,226.0000,10.7972,11.1280,10.7778,47.0000,WB,4475.0000
30618_8158f0b0,90,10.2706,6.2471,6.0839,50.1591,945.3661,294.0000,8.2446,10.2870,8.3012,60.0000,WB,4525.0000
30618_8158f0b0,91,6.3519,0.0000,34.2000,49.8172,951.4500,1666.0000,1.4566,6.2800,1.4619,342.0000,WB,4575.0000
30618_8158f0b0,92,10.6681,6.3797,5.8000,50.1819,985.6500,279.0000,8.6520,10.5590,8.5441,58.0000,WB,4625.0000
30618_8158f0b0,93,12.4582,10.6889,4.2500,49.8574,991.4500,204.0000,11.7311,12.4270,11.6688,43.0000,WB,4675.0000
30618_8158f0b0,94,13.0312,12.4662,3.9000,49.9790,995.7000,186.0000,12.8151,13.0330,12.8033,39.0000,WB,4725.0000
30618_8158f0b0,95,12.6259,9.4420,4.5162,49.9323,999.6000,220.0000,11.0563,12.6960,11.1228,45.0000,WB,4775.0000
30618_8158f0b0,96,9.4344,8.4694,5.7000,49.9781,1004.1162,269.0000,8.7681,9.4840,8.7982,57.0000,WB,4825.0000
30618_8158f0b0,97,8.7158,8.3919,5.8338,50.0209,1009.8162,279.0000,8.5743,8.7580,8.5930,58.0000,WB,4875.0000
30618_8158f0b0,98,8.6862,7.8191,5.9000,49.9292,1015.6500,282.0000,8.4626,8.6620,8.4916,59.0000,WB,4925.0000
30618_8158f0b0,99,7.7962,0.0000,32.8000,49.9627,1021.5500,1556.0000,1.5233,7.8670,1.5502,282.0000,WB,4975.0000
30618_8158f0b0,100,9.5432,2.1675,8.4000,50.1341,1054.3500,397.0000,5.9684,9.4030,5.8242,70.0000,WB,5025.0000
30618_8158f0b0,101,12.1020,9.5693,4.5000,49.7169,1062.7500,207.0000,11.0482,12.1110,10.9268,37.0000,WB,5075.0000
30618_8158f0b0,102,12.2391,10.0850,4.4000,50.2048,1067.2500,204.0000,11.4102,12.2540,11.4557,43.0000,WB,5125.0000
30618_8158f0b0,103,10.0626,5.6783,6.1662,49.8363,1071.6500,294.0000,8.0822,10.1510,8.1594,62.0000,WB,5175.0000
30618_8158f0b0,104,7.0992,0.0000,35.1838,49.9829,1077.8162,1642.0000,1.4206,7.0740,1.4219,352.0000,WB,5225.0000
30618_8158f0b0,105,7.5522,4.3513,8.0500,50.1204,1113.0000,375.0000,6.2261,7.5640,6.2709,80.0000,WB,5275.0000
30618_8158f0b0,106,4.3437,0.3122,18.9000,49.9556,1121.0500,896.0000,2.6432,4.3770,2.6560,170.0000,WB,5325.0000
30618_8158f0b0,107,3.9753,1.9584,17.9500,49.9802,1139.9500,824.0000,2.7844,3.7670,2.8167,180.0000,WB,5375.0000
30618_8158f0b0,108,7.4337,3.9841,7.7162,50.0079,1157.9000,356.0000,6.4809,,,,WB,5425.0000
30618_8158f0b0,109,7.4613,4.7964,7.5500,49.9701,1165.6162,345.0000,6.6186,,,,WB,5475.0000
30618_8158f0b0,110,4.7866,0.0000,11.7000,17.6313,1173.1662,518.0000,1.5069,,,,WB,5525.0000
30618_8158f0b0,114,,,,,,,,5.5440,4.9101,15.0000,EB,5421.1425
30618_8158f0b0,221,0.6518,0.0000,7.5161,0.6749,1.1000,278.0000,0.0898,0.5600,0.0936,73.0000,WB,21.3710
30618_87afe526,0,3.3932,0.3800,17.7250,50.0111,38.9481,857.0000,2.8215,3.3850,2.7915,178.0000,WB,25.0000
30618_87afe526,1,3.5019,2.9896,15.6269,50.0866,56.6731,737.0000,3.2052,3.5770,3.1878,157.0000,WB,75.0000
30618_87afe526,2,3.5653,0.0000,46.6731,50.6965,72.3000,2249.0000,1.0862,3.5360,1.0829,463.0000,WB,125.0000
30618_87afe526,3,4.2556,2.1261,13.6500,49.9921,118.9731,652.0000,3.6624,4.2940,3.6758,134.0000,WB,175.0000
30618_87afe526,4,7.0962,3.7307,8.8269,50.0062,132.6231,415.0000,5.6652,7.1190,5.6387,89.0000,WB,225.0000
30618_87afe526,5,6.1599,0.0000,22.5972,49.7784,141.4500,1081.0000,2.2029,6.1080,2.1918,217.0000,WB,275.0000
30618_87afe526,6,9.5258,4.4349,6.9028,50.0804,164.0472,334.0000,7.2551,9.4910,7.1915,69.0000,WB,325.0000
30618_87afe526,7,11.0604,9.3327,5.1000,50.3806,170.9500,245.0000,9.8785,11.2160,9.9433,54.0000,WB,375.0000
30618_87afe526,8,12.4528,11.0760,4.1731,49.9801,176.0500,201.0000,11.9768,12.5060,12.0348,38.0000,WB,425.0000
30618_87afe526,9,12.2839,9.4230,4.6000,50.0295,180.2231,220.0000,10.8759,12.3100,11.0320,41.0000,WB,475.0000
30618_87afe526,10,9.4069,3.0166,8.0269,49.8958,184.8231,379.0000,6.2161,9.4900,6.4481,78.0000,WB,525.0000
30618_87afe526,11,8.1748,0.0000,32.5500,49.3408,192.8500,1533.0000,1.5158,8.1500,1.5154,325.0000,WB,575.0000
30618_87afe526,12,8.3480,8.1802,6.0231,49.9476,225.4000,286.0000,8.2927,8.3660,8.2989,60.0000,WB,625.0000
30618_87afe526,13,8.2824,8.1516,6.0769,49.9930,231.4231,288.0000,8.2267,8.3180,8.2346,57.0000,WB,675.0000
30618_87afe526,14,8.4407,8.1312,6.0731,49.9869,237.5000,281.0000,8.2309,8.4370,8.2689,43.0000,WB,725.0000
30618_87afe526,15,8.7979,8.4432,5.8000,49.9746,243.5731,266.0000,8.6163,8.8450,8.6359,58.0000,WB,775.0000
30618_87afe526,16,8.9440,6.6022,6.1269,50.1485,249.3731,285.0000,8.1850,8.9720,8.2621,60.0000,WB,825.0000
30618_87afe526,17,6.5839,0.0000,32.7231,49.2760,255.5000,1519.0000,1.5058,6.7230,1.5624,330.0000,WB,875.0000
30618_87afe526,18,5.3057,2.4286,14.0269,50.0085,288.2231,666.0000,3.5652,5.3690,3.5682,140.0000,WB,925.0000
30618_87afe526,19,4.1774,2.3744,17.5000,50.0741,302.2500,812.0000,2.8614,4.1650,2.8676,173.0000,WB,975.0000
30618_87afe526,20,5.6908,4.1354,11.3731,49.9822,319.7500,543.0000,4.3948,5.7190,4.4017,111.0000,WB,1025.0000
30618_87afe526,21,6.8095,3.6429,8.5500,49.9882,331.1231,402.0000,5.8466,6.8090,5.8279,86.0000,WB,1075.0000
30618_87afe526,22,6.5521,2.4135,15.3769,49.9713,339.6731,686.0000,3.2498,3.5380,2.6568,90.0000,WB,1125.0000
30618_87afe526,23,7.2961,6.5670,7.0079,49.9167,355.0500,321.0000,7.1229,,,,WB,1175.0000
30618_87afe526,24,7.3272,6.9211,7.0421,50.1435,362.0579,318.0000,7.1205,,,,WB,1225.0000
30618_87afe526,25,7.1391,6.9355,7.1000,50.0578,369.1000,312.0000,7.0504,,,,WB,1275.0000
30618_87afe526,26,7.1308,6.9149,7.1231,49.8911,376.2000,310.0000,7.0041,,,,WB,1325.0000
30618_87afe526,27,7.1925,6.9503,7.0769,50.0388,383.3231,305.0000,7.0707,,,,WB,1375.0000
30618_87afe526,28,7.2311,6.9066,7.1000,50.0247,390.4000,295.0000,7.0457,,,,WB,1425.0000
30618_87afe526,29,7.0576,3.5848,8.7231,49.9466,397.5000,359.0000,5.7258,,,,WB,1475.0000
30618_87afe526,30,7.2024,0.0000,16.7000,50.0316,406.2231,682.0000,2.9959,,,,WB,1525.0000
30618_87afe526,31,7.1362,6.5844,7.2769,49.9669,422.9231,293.0000,6.8665,,,,WB,1575.0000
30618_87afe526,32,7.0945,6.7649,7.2231,49.9547,430.2000,296.0000,6.9160,,,,WB,1625.0000
30618_87afe526,33,6.9002,5.5500,7.5500,50.0576,437.4231,305.0000,6.6302,,,,WB,1675.0000
30618_87afe526,34,5.6157,2.4868,14.1769,49.9971,444.9731,575.0000,3.5267,5.4650,4.3877,24.0000,WB,1725.0000
30618_87afe526,35,7.0317,5.6465,7.5231,49.9825,459.1500,311.0000,6.6439,7.0520,6.6365,76.0000,WB,1775.0000
30618_87afe526,36,7.0100,6.6639,7.3500,49.9602,466.6731,296.0000,6.7973,6.9780,6.7988,73.0000,WB,1825.0000
30618_87afe526,37,9.8386,6.6312,6.2269,50.0830,474.0231,253.0000,8.0430,9.8250,8.0076,62.0000,WB,1875.0000
30618_87afe526,38,10.9914,9.6478,5.0231,50.0316,480.2500,202.0000,9.9603,10.9030,9.9466,51.0000,WB,1925.0000
30618_87afe526,39,13.4615,10.9998,4.0500,49.9876,485.2731,162.0000,12.3426,13.3870,12.2994,39.0000,WB,1975.0000
30618_87afe526,40,14.1259,13.4692,3.6000,49.8420,489.3231,145.0000,13.8450,14.1460,13.8367,35.0000,WB,2025.0000
30618_87afe526,41,14.3257,14.1284,3.5269,50.2813,492.9231,143.0000,14.2564,14.3510,14.2546,35.0000,WB,2075.0000
30618_87afe526,42,14.5391,14.3371,3.4500,49.7520,496.4500,141.0000,14.4209,14.5230,14.4129,35.0000,WB,2125.0000
30618_87afe526,43,14.7638,14.5406,3.4231,50.0748,499.9000,138.0000,14.6285,14.7730,14.6256,33.0000,WB,2175.0000
30618_87afe526,44,14.7902,14.3199,3.4269,50.0421,503.3231,138.0000,14.6027,14.8180,14.6261,34.0000,WB,2225.0000
30618_87afe526,45,14.2982,11.6784,3.8500,49.9361,506.7500,155.0000,12.9704,14.3010,13.0116,39.0000,WB,2275.0000
30618_87afe526,46,11.6682,8.0708,5.0731,49.9596,510.6000,204.0000,9.8480,11.6310,9.8682,50.0000,WB,2325.0000
30618_87afe526,47,8.0544,0.0000,25.1769,49.2746,515.6731,1014.0000,1.9571,8.0600,1.9796,255.0000,WB,2375.0000
30618_87afe526,48,9.9984,2.0567,7.9231,49.8420,540.8500,322.0000,6.2907,9.8350,6.4093,75.0000,WB,2425.0000
30618_87afe526,49,10.9625,10.0179,4.7000,50.2729,548.7731,188.0000,10.6963,10.8430,10.6357,46.0000,WB,2475.0000
30618_87afe526,50,10.5881,10.0527,4.8769,50.0701,553.4731,195.0000,10.2668,10.6350,10.2954,49.0000,WB,2525.0000
30618_87afe526,51,10.0819,6.4288,5.5231,50.2375,558.3500,221.0000,9.0959,10.1030,9.1348,55.0000,WB,2575.0000
30618_87afe526,52,8.0405,0.0000,16.7269,49.9898,563.8731,670.0000,2.9886,7.9850,2.9742,167.0000,WB,2625.0000
30618_87afe526,53,11.5731,8.0612,5.0231,50.0533,580.6000,202.0000,9.9646,11.5200,9.8665,49.0000,WB,2675.0000
30618_87afe526,54,12.7173,11.5822,4.1000,49.8330,585.6231,166.0000,12.1543,12.6590,12.1307,42.0000,WB,2725.0000
30618_87afe526,55,13.8392,12.7263,3.7268,50.0090,589.7232,151.0000,13.4186,13.8320,13.3814,37.0000,WB,2775.0000
30618_87afe526,56,14.0909,13.6661,3.6000,50.2455,593.4500,145.0000,13.9571,14.0620,13.9079,40.0000,WB,2825.0000
30618_87afe526,57,13.6389,10.7533,4.1000,49.8136,597.0500,164.0000,12.1496,13.3830,12.0476,38.0000,WB,2875.0000
30618_87afe526,58,10.7276,8.0529,5.5500,50.1285,601.1500,223.0000,9.0322,10.7550,8.8822,63.0000,WB,2925.0000
30618_87afe526,59,8.0405,0.0000,13.7500,49.5768,606.7000,551.0000,3.6056,7.4220,3.6901,115.0000,WB,2975.0000
30618_87afe526,60,8.9885,0.0000,55.1000,49.6601,620.4500,2211.0000,0.9013,8.9170,0.8915,562.0000,WB,3025.0000
30618_87afe526,61,11.8362,9.0181,4.7500,49.8409,675.5500,191.0000,10.4928,11.7720,10.4468,48.0000,WB,3075.0000
30618_87afe526,62,13.3859,11.8500,3.9500,50.1734,680.3000,158.0000,12.7021,13.3300,12.6686,39.0000,WB,3125.0000
30618_87afe526,63,14.1835,13.3910,3.6231,49.9526,684.2500,146.0000,13.7873,14.1520,13.7756,37.0000,WB,3175.0000
30618_87afe526,64,14.5643,14.1886,3.4769,50.1219,687.8731,140.0000,14.4157,14.5660,14.4034,34.0000,WB,3225.0000
30618_87afe526,65,14.6079,13.9230,3.4500,49.9886,691.3500,139.0000,14.4895,14.6530,14.4726,35.0000,WB,3275.0000
30618_87afe526,66,13.9012,10.9052,4.0231,49.7347,694.8000,163.0000,12.3624,13.7980,12.3974,40.0000,WB,3325.0000
30618_87afe526,67,10.8889,6.6604,5.7000,50.0600,698.8231,230.0000,8.7824,10.8770,8.7161,59.0000,WB,3375.0000
30618_87afe526,68,6.6434,0.0000,32.9769,49.9911,704.5231,1328.0000,1.5159,6.4570,1.5073,301.0000,WB,3425.0000
30618_87afe526,69,8.7978,5.3840,6.5500,50.0398,737.5000,267.0000,7.6397,8.8260,7.6610,65.0000,WB,3475.0000
30618_87afe526,70,8.6334,3.1766,8.5000,49.9741,744.0500,344.0000,5.8793,8.5990,5.8389,85.0000,WB,3525.0000
30618_87afe526,71,3.1607,0.4592,21.0731,49.9815,752.5500,849.0000,2.3718,3.1210,2.3709,210.0000,WB,3575.0000
30618_87afe526,72,4.3395,2.6050,15.6769,50.0369,773.6231,632.0000,3.1918,4.4030,3.2359,148.0000,WB,3625.0000
30618_87afe526,73,8.1351,4.2733,8.8731,49.9068,789.3000,362.0000,5.6245,8.0440,5.9152,67.0000,WB,3675.0000
30618_87afe526,74,9.3287,7.8770,6.0000,50.2096,798.1731,241.0000,8.3683,9.2780,8.3557,60.0000,WB,3725.0000
30618_87afe526,75,11.1122,9.3402,4.8500,50.1169,804.1731,195.0000,10.3334,11.0640,10.2939,48.0000,WB,3775.0000
30618_87afe526,76,11.1895,9.6438,4.6500,49.8816,809.0231,189.0000,10.7272,11.2100,10.7132,47.0000,WB,3825.0000
30618_87afe526,77,9.6289,5.5732,6.4769,50.0685,813.6731,261.0000,7.7303,9.5940,7.7165,65.0000,WB,3875.0000
30618_87afe526,78,7.1926,1.8343,12.5000,49.9291,820.1500,507.0000,3.9943,7.1450,3.9928,125.0000,WB,3925.0000
30618_87afe526,79,9.7816,7.1989,5.6500,50.0780,832.6500,229.0000,8.8634,9.8040,8.8479,56.0000,WB,3975.0000
30618_87afe526,80,9.7265,8.7788,5.5231,50.0422,838.3000,224.0000,9.0605,9.7530,9.0628,56.0000,WB,4025.0000
30618_87afe526,81,8.8125,1.4831,9.3769,49.9504,843.8231,382.0000,5.3270,8.7920,5.1131,98.0000,WB,4075.0000
30618_87afe526,82,9.1670,0.0000,51.5731,50.3183,853.2000,2098.0000,0.9757,9.0650,0.9822,505.0000,WB,4125.0000
30618_87afe526,83,11.4421,9.1845,4.7269,49.9800,904.7731,192.0000,10.5734,11.4370,10.5510,46.0000,WB,4175.0000
30618_87afe526,84,11.4489,8.5468,4.9231,49.9287,909.5000,205.0000,10.1417,11.4750,10.1664,49.0000,WB,4225.0000
30618_87afe526,85,8.5317,7.6060,6.3500,50.0120,914.4231,257.0000,7.8759,8.5070,7.8928,64.0000,WB,4275.0000
30618_87afe526,86,9.2898,8.5018,5.5269,49.9703,920.7731,224.0000,9.0413,9.3140,9.0405,55.0000,WB,4325.0000
30618_87afe526,87,8.9072,8.1366,5.8231,50.0547,926.3000,238.0000,8.5959,8.9060,8.5765,60.0000,WB,4375.0000
30618_87afe526,88,10.2857,8.1867,5.5000,50.0206,932.1231,223.0000,9.0947,10.2380,9.2000,43.0000,WB,4425.0000
30618_87afe526,89,11.1540,10.2506,4.6269,50.0640,937.6231,188.0000,10.8202,11.1540,10.8026,36.0000,WB,4475.0000
30618_87afe526,90,10.2300,6.0487,6.1500,49.9841,942.2500,252.0000,8.1275,10.2640,8.1651,55.0000,WB,4525.0000
30618_87afe526,91,6.3713,0.0000,32.9500,50.1173,948.4000,1340.0000,1.5210,6.2760,1.5215,329.0000,WB,4575.0000
30618_87afe526,92,10.7538,6.3963,5.7500,49.9072,981.3500,235.0000,8.6795,10.6830,8.6246,56.0000,WB,4625.0000
30618_87afe526,93,12.4799,10.7709,4.2500,50.1239,987.1000,175.0000,11.7939,12.4590,11.7611,42.0000,WB,4675.0000
30618_87afe526,94,12.9494,12.4721,3.9231,50.0186,991.3500,164.0000,12.7498,12.9470,12.7388,40.0000,WB,4725.0000
30618_87afe526,95,12.4765,9.1369,4.6269,49.8846,995.2731,190.0000,10.7814,12.4730,10.8057,46.0000,WB,4775.0000
30618_87afe526,96,9.1204,8.4467,5.8000,50.1568,999.9000,240.0000,8.6477,9.1300,8.6547,56.0000,WB,4825.0000
30618_87afe526,97,8.7298,8.4724,5.8231,49.9820,1005.7000,238.0000,8.5834,8.6240,8.0936,12.0000,WB,4875.0000
30618_87afe526,98,8.6631,7.7460,5.9000,50.0306,1011.5231,240.0000,8.4797,8.6710,8.4979,11.0000,WB,4925.0000
30618_87afe526,99,7.7311,0.0000,30.7133,49.8316,1017.4231,1259.0000,1.6225,7.3070,1.4773,299.0000,WB,4975.0000
30618_87afe526,100,9.5288,2.1164,8.4136,50.0018,1048.1364,344.0000,5.9430,9.4510,5.8786,84.0000,WB,5025.0000
30618_87afe526,101,12.0690,9.5534,4.5231,49.9431,1056.5500,185.0000,11.0419,12.0950,11.0118,46.0000,WB,5075.0000
30618_87afe526,102,12.1779,9.9980,4.4269,50.1002,1061.0731,182.0000,11.3171,12.1900,11.3329,43.0000,WB,5125.0000
30618_87afe526,103,9.9845,5.5464,6.3231,49.9974,1065.5000,260.0000,7.9071,9.9750,7.9412,63.0000,WB,5175.0000
30618_87afe526,104,7.1629,0.0000,37.0223,49.9593,1071.8231,1524.0000,1.3494,7.1680,1.3478,370.0000,WB,5225.0000
30618_87afe526,105,7.5633,4.3153,8.0545,49.9932,1108.8455,334.0000,6.2068,7.5920,6.2526,80.0000,WB,5275.0000
30618_87afe526,106,4.3096,0.0000,67.5231,50.0097,1116.9000,2793.0000,0.7406,4.3330,0.7489,675.0000,WB,5325.0000
30618_87afe526,107,3.0959,1.1711,20.5769,49.9843,1184.4231,867.0000,2.4291,3.1180,2.4398,205.0000,WB,5375.0000
30618_87afe526,108,4.0860,2.4764,14.3231,39.9416,1205.0000,588.0000,2.7886,4.0530,2.7690,145.0000,WB,5425.0000
30618_87afe526,221,0.3768,0.0000,37.8481,0.2553,1.1000,1831.0000,0.0067,0.3540,0.0217,376.0000,WB,21.3710
30618_88548b02,0,,,,,,,,1.0720,0.1557,46.0000,WB,25.0000
30618_88548b02,21,,,,,,,,3.8490,3.8380,5.0000,WB,1075.0000
30618_88548b02,113,3.4960,0.0000,23.0945,19.1784,0.0000,891.0000,0.8304,3.5360,0.8512,232.0000,EB,5466.1414
30618_88548b02,114,3.4871,0.8463,19.2000,50.1685,23.0945,792.0000,2.6129,3.4810,2.6358,188.0000,EB,5421.1425
30618_88548b02,115,3.6936,1.8714,17.3000,50.1230,42.2945,714.0000,2.8973,3.6920,2.9097,172.0000,EB,5369.1419
30618_88548b02,116,6.8533,3.7353,8.6000,49.8959,59.5945,355.0000,5.8018,6.9040,5.7612,85.0000,EB,5316.1420
30618_88548b02,117,7.0637,0.0000,55.8500,48.6545,68.1945,2318.0000,0.8712,7.1190,0.8898,546.0000,EB,5266.1420
30618_88548b02,118,10.7270,7.0981,5.4500,50.1547,124.0445,224.0000,9.2027,10.7580,9.2205,49.0000,EB,5216.1420
30618_88548b02,119,11.0776,10.6154,4.6500,50.2122,129.4945,194.0000,10.7984,11.1100,10.8072,45.0000,EB,5166.1420
30618_88548b02,120,10.7703,7.0031,5.6000,49.7879,134.1445,229.0000,8.8907,10.7700,8.9319,52.0000,EB,5116.1421
30618_88548b02,121,6.9745,0.0000,51.2500,49.4096,139.7445,2146.0000,0.9641,7.0090,0.9713,501.0000,EB,5066.1420
30618_88548b02,122,10.3527,5.5134,6.2000,50.3234,190.9945,258.0000,8.1167,10.3480,8.2179,60.0000,EB,5016.1420
30618_88548b02,123,10.8910,9.1951,4.8000,49.5934,197.1945,201.0000,10.3320,10.8870,10.2910,49.0000,EB,4966.1420
30618_88548b02,124,9.1685,8.4545,5.8000,50.3746,201.9945,241.0000,8.6853,9.0860,8.6793,57.0000,EB,4917.1420
30618_88548b02,125,9.8549,8.4094,5.7500,50.0167,207.7945,244.0000,8.6986,9.8170,8.6949,57.0000,EB,4867.1420
30618_88548b02,126,11.2648,9.8849,4.6501,49.8853,213.5445,199.0000,10.7279,11.2170,10.7277,47.0000,EB,4818.1420
30618_88548b02,127,11.5336,11.2728,4.3555,49.6928,218.1945,187.0000,11.4093,11.5350,11.3975,44.0000,EB,4768.1420
30618_88548b02,128,11.5342,8.2737,4.9446,50.0682,222.5500,207.0000,10.1258,11.5490,10.0888,49.0000,EB,4718.1420
30618_88548b02,129,8.2395,0.0000,32.5498,50.0973,227.4946,1375.0000,1.5391,8.2220,1.5363,325.0000,EB,4668.1421
30618_88548b02,130,8.6990,0.0000,42.5000,50.1486,260.0444,1768.0000,1.1800,8.6310,1.1770,425.0000,EB,4618.1420
30618_88548b02,131,12.1296,8.7368,4.7055,49.7103,302.5445,197.0000,10.5642,12.1170,10.5597,48.0000,EB,4568.1420
30618_88548b02,132,12.9942,12.1319,3.9445,49.9786,307.2500,165.0000,12.6705,12.9740,12.6646,39.0000,EB,4518.1420
30618_88548b02,133,12.6010,9.5151,4.5500,50.3625,311.1945,189.0000,11.0688,12.5530,11.0651,45.0000,EB,4468.1419
30618_88548b02,134,9.4841,7.9999,5.8000,49.7307,315.7445,245.0000,8.5742,9.4900,8.5816,59.0000,EB,4418.1420
30618_88548b02,135,8.2571,6.1264,7.1000,50.2703,321.5445,300.0000,7.0803,8.2410,7.0663,70.0000,EB,4369.1419
30618_88548b02,136,8.3470,6.9905,6.3000,49.7673,328.6445,266.0000,7.8996,8.3580,7.9034,64.0000,EB,4320.1420
30618_88548b02,137,10.1088,6.9596,6.1500,50.0818,334.9445,264.0000,8.1433,10.0900,8.1482,61.0000,EB,4271.1418
30618_88548b02,138,10.8103,9.3395,4.8500,50.1603,341.0945,208.0000,10.3424,10.8260,10.3401,48.0000,EB,4222.1418
30618_88548b02,139,9.3070,7.6009,6.2501,49.8445,345.9445,273.0000,7.9750,9.3240,7.9822,62.0000,EB,4172.1418
30618_88548b02,140,8.1409,6.8709,6.4999,50.1594,352.1945,287.0000,7.7169,8.1740,7.7106,66.0000,EB,4122.1417
30618_88548b02,141,6.8509,0.0000,102.4000,49.9055,358.6944,4652.0000,0.4874,6.8210,0.4865,1020.0000,EB,4072.1418
30618_88548b02,142,8.5940,2.4282,8.3001,50.0690,461.0945,378.0000,6.0324,8.5170,5.8945,85.0000,EB,4022.1417
30618_88548b02,143,10.2523,8.6244,5.1000,49.9244,469.3946,229.0000,9.7891,10.2490,9.7689,52.0000,EB,3972.1418
30618_88548b02,144,9.7715,7.2964,6.0000,50.0906,474.4945,268.0000,8.3485,9.8000,8.3602,59.0000,EB,3922.1417
30618_88548b02,145,7.2932,6.8849,7.1000,49.7666,480.4945,327.0000,7.0094,7.3000,7.0091,72.0000,EB,3872.1417
30618_88548b02,146,6.9549,6.8545,7.2500,49.9965,487.5945,333.0000,6.8961,6.9430,6.8828,72.0000,EB,3822.1418
30618_88548b02,147,6.9064,6.7730,7.3055,49.9928,494.8445,336.0000,6.8431,6.9170,6.8349,74.0000,EB,3772.1418
30618_88548b02,148,6.7824,5.1997,8.0945,50.1646,502.1500,362.0000,6.1974,6.7710,6.1570,81.0000,EB,3722.1418
30618_88548b02,149,5.1768,3.5964,12.5000,49.9117,510.2445,569.0000,3.9929,5.1050,3.9831,125.0000,EB,3672.1417
30618_88548b02,150,5.0378,3.8396,12.0000,50.0380,522.7445,548.0000,4.1698,4.9550,4.1901,118.0000,EB,3618.1407
30618_88548b02,151,8.6016,5.0770,6.6644,49.8583,534.7445,300.0000,7.4813,8.6210,7.4629,67.0000,EB,3566.1401
30618_88548b02,152,8.1480,0.9392,10.3857,50.1482,541.4089,460.0000,4.8286,8.1500,4.8393,102.0000,EB,3516.1400
30618_88548b02,153,8.9258,0.0000,41.7499,49.7724,551.7945,1873.0000,1.1922,8.8620,1.1722,407.0000,EB,3466.1401
30618_88548b02,154,10.1598,8.9366,5.3000,50.0425,593.5445,229.0000,9.4419,10.1470,9.4307,52.0000,EB,3416.1400
30618_88548b02,155,10.1563,6.1756,5.9501,50.0230,598.8445,254.0000,8.4071,10.1650,8.4319,59.0000,EB,3366.1400
30618_88548b02,156,7.3126,0.0000,57.6000,50.2900,604.7946,2419.0000,0.8731,7.3090,0.8272,555.0000,EB,3316.1401
30618_88548b02,157,10.7807,7.3320,5.6000,49.7655,662.3945,227.0000,8.8868,10.8630,8.9050,58.0000,EB,3266.1400
30618_88548b02,158,13.0086,10.8146,4.1500,50.1900,667.9945,166.0000,12.0941,13.0010,12.1376,39.0000,EB,3216.1399
30618_88548b02,159,13.0735,11.1619,4.0500,49.8072,672.1445,162.0000,12.2980,13.0590,12.2672,39.0000,EB,3166.1399
30618_88548b02,160,11.1322,6.9783,5.5001,50.2775,676.1945,225.0000,9.1413,11.0920,9.1067,55.0000,EB,3116.1399
30618_88548b02,161,6.9415,0.0000,38.4000,49.9413,681.6946,1543.0000,1.3006,6.8950,1.3038,383.0000,EB,3066.1398
30618_88548b02,162,10.2403,6.0967,6.0000,49.9298,720.0945,242.0000,8.3216,9.9870,8.3552,57.0000,EB,3016.1399
30618_88548b02,163,13.3295,10.2767,4.2000,49.9134,726.0946,169.0000,11.8842,13.3270,11.8964,40.0000,EB,2966.1399
30618_88548b02,164,14.4605,13.3477,3.6000,50.2931,730.2945,147.0000,13.9705,14.4590,13.9279,37.0000,EB,2916.1400
30618_88548b02,165,14.4675,14.2892,3.4500,49.6101,733.8945,140.0000,14.3797,14.4710,14.3474,35.0000,EB,2866.1398
30618_88548b02,166,14.4462,13.7999,3.5000,50.0899,737.3445,140.0000,14.3114,14.4430,14.2874,28.0000,EB,2816.1396
30618_88548b02,167,13.7732,11.7750,4.0000,50.2814,740.8445,163.0000,12.5704,13.7070,12.5213,39.0000,EB,2766.1396
30618_88548b02,168,11.7687,7.9598,4.8000,49.8193,744.8445,193.0000,10.3790,11.7700,10.2302,49.0000,EB,2717.1395
30618_88548b02,169,7.9107,0.0000,34.1055,49.8842,749.6445,1372.0000,1.4626,7.6410,1.4609,341.0000,EB,2667.1395
30618_88548b02,170,9.0354,6.6835,5.9945,50.0296,783.7500,240.0000,8.3459,9.0480,8.3881,59.0000,EB,2617.1396
30618_88548b02,171,8.7762,8.4352,5.8501,50.1737,789.7445,235.0000,8.5766,8.7060,8.5790,57.0000,EB,2567.1395
30618_88548b02,172,9.8239,8.5618,5.3499,49.8961,795.5946,216.0000,9.3265,9.8410,9.3174,54.0000,EB,2518.1395
30618_88548b02,173,8.5417,1.8870,9.9000,50.0087,800.9445,402.0000,5.0514,8.4320,4.9566,100.0000,EB,2468.1395
30618_88548b02,174,7.1552,1.8862,9.9000,49.8999,810.8445,398.0000,5.0404,7.1970,5.1077,98.0000,EB,2418.1394
30618_88548b02,175,11.2131,7.1867,5.3500,49.8840,820.7445,215.0000,9.3241,11.1970,9.3568,53.0000,EB,2368.1396
30618_88548b02,176,13.2685,11.2414,4.0499,50.1950,826.0945,163.0000,12.3941,13.2610,12.3995,41.0000,EB,2318.1394
30618_88548b02,177,13.3357,12.3748,3.9000,50.0460,830.1445,157.0000,12.8322,13.3430,12.7908,40.0000,EB,2268.1394
30618_88548b02,178,12.7130,11.1280,4.1000,50.0977,834.0445,164.0000,12.2190,12.7410,12.1415,41.0000,EB,2218.1393
30618_88548b02,179,11.7811,10.2912,4.6000,49.7654,838.1445,185.0000,10.8185,11.8390,10.8242,46.0000,EB,2168.1393
30618_88548b02,180,13.5774,11.8097,3.9000,50.1011,842.7445,156.0000,12.8464,13.6030,12.9162,39.0000,EB,2118.1391
30618_88548b02,181,13.9235,13.5873,3.5999,49.7598,846.6445,144.0000,13.8224,13.9160,13.8115,36.0000,EB,2068.1392
30618_88548b02,182,14.0737,13.8036,3.6000,50.2215,850.2445,145.0000,13.9503,14.0400,13.9321,35.0000,EB,2017.1391
30618_88548b02,183,13.9469,13.5817,3.6500,50.1910,853.8445,146.0000,13.7508,13.9570,13.7008,37.0000,EB,1967.1389
30618_88548b02,184,13.5762,13.2066,3.7499,50.0988,857.4945,150.0000,13.3599,13.5060,13.3156,38.0000,EB,1917.1389
30618_88548b02,185,13.2103,13.0653,3.8000,49.9444,861.2445,152.0000,13.1432,13.1850,13.0973,38.0000,EB,1867.1388
30618_88548b02,186,13.0719,12.7039,3.8501,50.1055,865.0445,154.0000,13.0141,13.0550,12.9729,38.0000,EB,1817.1386
30618_88548b02,187,12.6791,9.8140,4.4499,49.8372,868.8946,180.0000,11.1996,12.6010,11.1059,44.0000,EB,1767.1386
30618_88548b02,188,9.7997,9.6200,5.1501,49.7431,873.3445,207.0000,9.6587,9.7480,9.6457,50.0000,EB,1717.1386
30618_88548b02,189,9.6372,9.6034,5.2000,50.0195,878.4945,208.0000,9.6192,9.6530,9.6090,52.0000,EB,1667.1386
30618_88548b02,190,9.7953,9.6204,5.1555,49.8961,883.6945,210.0000,9.6783,9.7930,9.6778,53.0000,EB,1617.1386
30618_88548b02,191,10.0277,8.7678,5.1445,50.1569,888.8500,205.0000,9.7496,10.0300,9.7160,50.0000,EB,1567.1386
30618_88548b02,192,8.7325,5.3407,7.6000,50.0625,893.9945,306.0000,6.5872,8.6290,6.5549,78.0000,EB,1517.1386
30618_88548b02,193,9.8962,6.6053,5.7500,49.9237,901.5945,230.0000,8.6824,9.8950,8.8291,56.0000,EB,1467.1386
30618_88548b02,194,10.2101,9.8980,4.9500,49.8948,907.3445,199.0000,10.0797,10.2210,10.0842,49.0000,EB,1417.1386
30618_88548b02,195,10.2069,9.9646,4.9555,49.9858,912.2945,199.0000,10.0869,10.2180,10.0829,50.0000,EB,1367.1385
30618_88548b02,196,10.1220,9.8855,5.0000,49.9913,917.2500,200.0000,9.9983,10.1450,9.9931,50.0000,EB,1317.1385
30618_88548b02,197,10.1227,9.8416,5.0445,50.3310,922.2500,201.0000,9.9774,10.1320,9.9707,50.0000,EB,1267.1386
30618_88548b02,198,10.0846,9.9170,5.0000,50.0904,927.2945,201.0000,10.0180,10.1570,10.0196,50.0000,EB,1217.1386
30618_88548b02,199,10.0868,9.6291,5.0055,49.5975,932.2945,201.0000,9.9087,10.0650,9.8769,52.0000,EB,1167.1386
30618_88548b02,200,9.6203,5.0323,6.8445,50.1576,937.3000,274.0000,7.3282,9.3480,7.0843,68.0000,EB,1117.1385
30618_88548b02,201,5.0056,3.7042,12.3000,50.0002,944.1445,495.0000,4.0651,4.7300,4.0127,120.0000,EB,1067.1385
30618_88548b02,202,4.3005,0.0000,35.8000,50.8570,956.4445,1434.0000,1.4206,4.3830,1.3963,340.0000,EB,1017.1385
30618_88548b02,203,6.1117,2.4433,10.3500,50.0095,992.2445,414.0000,4.8318,6.1110,4.7526,105.0000,EB,967.1384
30618_88548b02,204,4.3738,0.0000,74.1000,50.2480,1002.5945,2969.0000,0.6781,4.3860,0.6822,719.0000,EB,917.1384
30618_88548b02,205,8.5653,4.2808,8.4000,50.1864,1076.6946,336.0000,5.9746,8.5650,5.9829,82.0000,EB,867.1384
30618_88548b02,206,8.9235,8.5842,5.7000,49.8431,1085.0945,228.0000,8.7444,8.9330,8.7397,55.0000,EB,818.1384
30618_88548b02,207,8.7509,8.5853,5.7555,49.8035,1090.7945,232.0000,8.6532,8.7410,8.6625,57.0000,EB,768.1383
30618_88548b02,208,8.7689,8.4794,5.8445,50.3500,1096.5500,236.0000,8.6149,8.7900,8.6227,54.0000,EB,718.1382
30618_88548b02,209,8.7611,8.3916,5.8000,49.6599,1102.3945,233.0000,8.5620,8.7750,8.5811,57.0000,EB,669.1382
30618_88548b02,210,8.6977,8.2529,5.9499,49.9947,1108.1945,239.0000,8.4026,8.7190,8.4451,57.0000,EB,620.1381
30618_88548b02,211,8.3331,5.8747,6.8000,50.2456,1114.1445,274.0000,7.3890,8.3200,7.3141,63.0000,EB,570.1380
30618_88548b02,212,10.4107,5.8790,6.2000,49.8274,1120.9445,248.0000,8.0367,10.3660,8.0772,60.0000,EB,520.1379
30618_88548b02,213,12.3535,10.4416,4.3000,49.8900,1127.1444,172.0000,11.6023,12.3510,11.6599,48.0000,EB,470.1379
30618_88548b02,214,12.3114,11.7166,4.2000,50.1120,1131.4444,170.0000,11.9313,12.0870,11.8989,38.0000,EB,420.1378
30618_88548b02,215,12.0323,9.4943,4.4000,49.9045,1135.6445,176.0000,11.3419,12.0460,11.3392,42.0000,EB,370.1378
30618_88548b02,216,9.4543,6.1073,6.3000,50.0927,1140.0445,254.0000,7.9512,9.4240,8.0118,61.0000,EB,320.1378
30618_88548b02,217,6.0769,1.9000,16.5500,50.0739,1146.3445,665.0000,3.0256,6.1880,3.0718,139.0000,EB,270.1378
30618_88548b02,218,3.7215,2.1272,18.8500,50.0463,1162.8945,756.0000,2.6550,3.8040,2.6467,169.0000,EB,220.1378
30618_88548b02,219,3.5385,0.0000,45.5500,49.7159,1181.7445,1825.0000,1.0915,3.6820,1.1074,452.0000,EB,173.1339
30618_88548b02,220,3.5788,0.0000,22.1000,49.9811,1227.2945,885.0000,2.2616,3.5650,2.4046,198.0000,EB,0.0000
30618_88548b02,221,1.6162,0.0000,6.3000,2.2061,1249.3945,253.0000,0.3502,1.7970,1.1692,19.0000,WB,21.3710
30618_9c09b081,0,3.4146,0.2227,18.1662,49.9149,7.6000,855.0000,2.7477,3.4240,2.7414,175.0000,WB,25.0000
30618_9c09b081,1,3.7807,3.0357,15.2338,50.0986,25.7662,720.0000,3.2886,3.8090,3.2931,157.0000,WB,75.0000
30618_9c09b081,2,3.4626,0.0000,53.7500,49.3806,41.0000,2530.0000,0.9187,3.4720,1.0356,372.0000,WB,125.0000
30618_9c09b081,3,4.2969,0.0000,54.8000,50.0146,94.7500,2368.0000,0.9127,4.3080,0.9253,548.0000,WB,175.0000
30618_9c09b081,4,9.4444,3.4180,8.3000,49.9725,149.5500,361.0000,6.0208,9.3620,5.9647,83.0000,WB,225.0000
30618_9c09b081,5,12.1882,9.4702,4.6000,50.2753,157.8500,190.0000,10.9294,12.1490,10.8970,48.0000,WB,275.0000
30618_9c09b081,6,13.5183,12.2052,3.8162,49.2845,162.4500,165.0000,12.9147,13.4710,12.9048,38.0000,WB,325.0000
30618_9c09b081,7,13.8657,13.3248,3.7000,50.0009,166.2662,156.0000,13.5138,13.7560,13.4378,37.0000,WB,375.0000
30618_9c09b081,8,14.0696,12.5923,3.6839,50.0443,169.9661,160.0000,13.5847,13.9840,13.4754,36.0000,WB,425.0000
30618_9c09b081,9,12.5683,9.7277,4.4662,50.0363,173.6500,186.0000,11.2034,12.4270,11.0584,46.0000,WB,475.0000
30618_9c09b081,10,9.7159,3.6616,7.5338,50.0574,178.1162,325.0000,6.6443,9.5080,6.2710,76.0000,WB,525.0000
30618_9c09b081,11,6.9315,0.0000,46.7162,52.2875,185.6500,1948.0000,1.1193,6.8080,1.0863,457.0000,WB,575.0000
30618_9c09b081,12,8.4531,6.9450,6.1445,49.9878,232.3662,255.0000,8.1354,8.4520,8.1177,62.0000,WB,625.0000
30618_9c09b081,13,8.5561,8.4084,5.8893,49.9485,238.5107,241.0000,8.4812,8.5610,8.4742,58.0000,WB,675.0000
30618_9c09b081,14,8.6620,8.3733,5.9162,50.0752,244.4000,241.0000,8.4641,8.6750,8.4647,59.0000,WB,725.0000
30618_9c09b081,15,8.8703,8.4580,5.7838,50.1096,250.3162,236.0000,8.6637,8.8590,8.6706,58.0000,WB,775.0000
30618_9c09b081,16,9.1311,6.7866,5.9500,49.8675,256.1000,242.0000,8.3811,9.1380,8.3489,52.0000,WB,825.0000
30618_9c09b081,17,6.7635,0.0000,37.6161,50.2774,262.0500,1519.0000,1.3366,6.4520,1.2891,372.0000,WB,875.0000
30618_9c09b081,18,5.1574,2.4077,14.3339,50.0796,299.6661,576.0000,3.4938,5.2180,3.5405,117.0000,WB,925.0000
30618_9c09b081,19,4.1349,2.4242,17.3500,50.0435,314.0000,696.0000,2.8844,4.1070,2.8896,174.0000,WB,975.0000
30618_9c09b081,20,5.7764,4.1184,11.3500,50.0080,331.3500,457.0000,4.4060,5.6680,4.3974,113.0000,WB,1025.0000
30618_9c09b081,21,6.8900,3.7504,8.4000,49.8639,342.7000,337.0000,5.9362,6.8920,5.9277,84.0000,WB,1075.0000
30618_9c09b081,22,6.5264,2.2334,15.8162,49.9810,351.1000,635.0000,3.1601,3.6850,2.5906,99.0000,WB,1125.0000
30618_9c09b081,23,7.3019,6.5379,7.0338,50.1755,366.9162,282.0000,7.1335,,,,WB,1175.0000
30618_9c09b081,24,7.3325,6.8877,7.0000,49.8499,373.9500,280.0000,7.1214,,,,WB,1225.0000
30618_9c09b081,25,7.1352,6.9079,7.1162,50.0372,380.9500,286.0000,7.0315,,,,WB,1275.0000
30618_9c09b081,26,7.1071,6.9237,7.1000,49.9945,388.0662,284.0000,7.0415,,,,WB,1325.0000
30618_9c09b081,27,7.1748,6.9070,7.1000,49.9763,395.1661,286.0000,7.0389,,,,WB,1375.0000
30618_9c09b081,28,7.1781,6.7401,7.1000,50.0594,402.2662,286.0000,7.0506,,,,WB,1425.0000
30618_9c09b081,29,6.8015,3.7146,8.5839,50.0647,409.3661,345.0000,5.8324,,,,WB,1475.0000
30618_9c09b081,30,7.2456,0.0000,16.8000,49.8744,417.9500,678.0000,2.9687,,,,WB,1525.0000
30618_9c09b081,31,7.1428,6.6417,7.2661,50.0086,434.7500,291.0000,6.8824,,,,WB,1575.0000
30618_9c09b081,32,7.1484,6.8426,7.1500,50.0220,442.0161,287.0000,6.9961,,,,WB,1625.0000
30618_9c09b081,33,7.0753,5.7196,7.4338,50.0271,449.1662,300.0000,6.7296,,,,WB,1675.0000
30618_9c09b081,34,5.6982,2.3625,14.5500,50.1058,456.6000,586.0000,3.4437,5.2420,4.0275,9.0000,WB,1725.0000
30618_9c09b081,35,6.9935,5.4514,7.5500,50.0234,471.1500,303.0000,6.6256,6.9920,6.5684,57.0000,WB,1775.0000
30618_9c09b081,36,7.0555,6.6203,7.2162,49.8587,478.7000,290.0000,6.9093,7.0650,6.9045,72.0000,WB,1825.0000
30618_9c09b081,37,9.8788,6.8490,6.2338,50.1332,485.9162,252.0000,8.0422,9.8380,8.0097,63.0000,WB,1875.0000
30618_9c09b081,38,10.9185,9.7834,4.9662,49.8664,492.1500,202.0000,10.0412,10.8590,10.0238,50.0000,WB,1925.0000
30618_9c09b081,39,13.4431,10.9310,4.0838,50.2078,497.1162,165.0000,12.2943,13.3680,12.2474,40.0000,WB,1975.0000
30618_9c09b081,40,14.1350,13.4669,3.6000,49.8885,501.2000,145.0000,13.8579,14.2020,13.8316,35.0000,WB,2025.0000
30618_9c09b081,41,14.3262,14.1470,3.5000,49.9479,504.8000,143.0000,14.2708,14.3250,14.2524,34.0000,WB,2075.0000
30618_9c09b081,42,14.5493,14.3357,3.4500,49.7734,508.3000,138.0000,14.4271,14.5390,14.4081,35.0000,WB,2125.0000
30618_9c09b081,43,14.7830,14.5477,3.4162,50.0192,511.7500,137.0000,14.6419,14.7640,14.6210,34.0000,WB,2175.0000
30618_9c09b081,44,14.8108,14.4968,3.4338,50.3125,515.1662,139.0000,14.6520,14.8160,14.6439,34.0000,WB,2225.0000
30618_9c09b081,45,14.5707,12.3610,3.6662,49.8386,518.6000,148.0000,13.5942,14.5440,13.6220,37.0000,WB,2275.0000
30618_9c09b081,46,12.3524,9.1428,4.6500,49.9569,522.2662,187.0000,10.7434,12.3290,10.7539,47.0000,WB,2325.0000
30618_9c09b081,47,9.1315,5.8567,7.2338,50.1801,526.9162,294.0000,6.9369,9.0890,6.9166,73.0000,WB,2375.0000
30618_9c09b081,48,10.0121,6.0148,6.0000,49.9381,534.1500,241.0000,8.3230,9.9990,8.3378,59.0000,WB,2425.0000
30618_9c09b081,49,10.0052,8.6959,5.1500,50.0158,540.1500,210.0000,9.7118,9.9970,9.6985,52.0000,WB,2475.0000
30618_9c09b081,50,8.7004,4.2511,8.2662,49.9305,545.3000,335.0000,6.0403,8.6830,6.0336,83.0000,WB,2525.0000
30618_9c09b081,51,4.8603,4.1318,11.2000,50.0101,553.5662,452.0000,4.4652,4.8690,4.4711,112.0000,WB,2575.0000
30618_9c09b081,52,8.0680,4.8264,8.0839,49.9797,564.7661,323.0000,6.1827,8.1050,6.2006,80.0000,WB,2625.0000
30618_9c09b081,53,9.8032,8.0774,5.5000,50.0100,572.8500,224.0000,9.0927,9.8170,9.1018,53.0000,WB,2675.0000
30618_9c09b081,54,10.2303,8.7564,5.1500,50.1139,578.3500,210.0000,9.7309,10.2070,9.7238,52.0000,WB,2725.0000
30618_9c09b081,55,9.7509,8.6726,5.3500,50.0350,583.5000,216.0000,9.3523,9.8460,9.3544,56.0000,WB,2775.0000
30618_9c09b081,56,9.9763,7.5786,5.4000,49.9264,588.8500,219.0000,9.2456,9.9890,8.9230,60.0000,WB,2825.0000
30618_9c09b081,57,7.5519,0.0000,66.8000,50.6123,594.2500,2692.0000,0.7577,6.8450,0.6799,658.0000,WB,2875.0000
30618_9c09b081,58,8.2653,4.3561,7.2000,50.0715,661.0500,295.0000,6.9544,8.2850,6.9301,65.0000,WB,2925.0000
30618_9c09b081,59,8.0518,1.2243,10.8000,49.9858,668.2500,440.0000,4.6283,8.0770,4.5519,111.0000,WB,2975.0000
30618_9c09b081,60,8.5258,0.0000,78.8500,50.2436,679.0500,3200.0000,0.6372,8.4520,0.6341,782.0000,WB,3025.0000
30618_9c09b081,61,11.5667,8.5663,4.9162,49.8377,757.9000,204.0000,10.1375,11.5320,10.1057,50.0000,WB,3075.0000
30618_9c09b081,62,13.2176,11.5752,4.0000,49.9155,762.8162,164.0000,12.4788,13.1840,12.4667,40.0000,WB,3125.0000
30618_9c09b081,63,14.0897,13.2226,3.6838,50.3297,766.8162,150.0000,13.6624,14.0240,13.6552,36.0000,WB,3175.0000
30618_9c09b081,64,14.5554,14.0967,3.4662,49.8107,770.5000,141.0000,14.3705,14.5570,14.3561,35.0000,WB,3225.0000
30618_9c09b081,65,14.6300,14.0016,3.4338,49.8309,773.9662,141.0000,14.5118,14.6530,14.4865,35.0000,WB,3275.0000
30618_9c09b081,66,13.9754,10.9107,4.0500,50.1813,777.4000,167.0000,12.3904,13.9220,12.3970,40.0000,WB,3325.0000
30618_9c09b081,67,10.8876,6.7248,5.7000,50.0776,781.4500,235.0000,8.7855,10.8610,8.8161,54.0000,WB,3375.0000
30618_9c09b081,68,6.7011,0.0000,59.5554,49.6380,787.1500,2431.0000,0.8335,6.6760,0.8464,583.0000,WB,3425.0000
30618_9c09b081,69,8.8163,5.3777,6.5446,50.0412,846.7054,268.0000,7.6462,8.8420,7.6394,65.0000,WB,3475.0000
30618_9c09b081,70,8.6797,3.2031,8.4500,50.0249,853.2500,345.0000,5.9201,8.6670,5.8957,84.0000,WB,3525.0000
30618_9c09b081,71,3.1844,0.4525,21.6500,49.9860,861.7000,887.0000,2.3088,3.1050,2.2262,152.0000,WB,3575.0000
30618_9c09b081,72,4.4135,2.5533,15.9500,50.0206,883.3500,657.0000,3.1361,4.4730,3.1584,158.0000,WB,3625.0000
30618_9c09b081,73,8.1485,4.1624,8.9000,49.9120,899.3000,372.0000,5.6081,8.0600,5.6009,89.0000,WB,3675.0000
30618_9c09b081,74,9.3783,7.9702,5.9662,50.3362,908.2000,251.0000,8.4369,9.3110,8.4167,59.0000,WB,3725.0000
30618_9c09b081,75,11.0077,9.3861,4.8338,49.9753,914.1662,199.0000,10.3387,10.9780,10.3076,49.0000,WB,3775.0000
30618_9c09b081,76,11.0115,9.7282,4.7500,50.1329,919.0000,199.0000,10.5543,11.0110,10.5280,40.0000,WB,3825.0000
30618_9c09b081,77,9.7091,5.4920,6.6000,49.9645,923.7500,271.0000,7.5704,9.7050,7.7374,32.0000,WB,3875.0000
30618_9c09b081,78,6.8794,0.0000,44.5337,50.1895,930.3500,1854.0000,1.1270,6.7860,0.9956,424.0000,WB,3925.0000
30618_9c09b081,79,9.5312,6.8920,5.8163,50.1021,974.8837,247.0000,8.6140,9.5540,8.5946,57.0000,WB,3975.0000
30618_9c09b081,80,9.4804,8.5966,5.6162,49.8663,980.7000,240.0000,8.8790,9.4840,8.8639,52.0000,WB,4025.0000
30618_9c09b081,81,8.5884,1.0303,9.8338,50.0662,986.3162,409.0000,5.0912,8.5760,3.0002,164.0000,WB,4075.0000
30618_9c09b081,82,9.1502,0.0000,49.2161,49.9720,996.1500,2077.0000,1.0154,9.0430,1.1806,418.0000,WB,4125.0000
30618_9c09b081,83,11.4324,9.1623,4.7339,49.9620,1045.3661,205.0000,10.5542,11.4310,10.5300,48.0000,WB,4175.0000
30618_9c09b081,84,11.4340,8.6281,4.9500,50.2928,1050.1000,212.0000,10.1602,11.4670,10.1717,48.0000,WB,4225.0000
30618_9c09b081,85,8.6052,5.4470,6.9162,49.7745,1055.0500,294.0000,7.1968,8.6010,7.2460,60.0000,WB,4275.0000
30618_9c09b081,86,7.1766,0.5998,14.0338,50.0620,1061.9662,596.0000,3.5672,7.3770,3.5802,140.0000,WB,4325.0000
30618_9c09b081,87,8.7188,7.2045,6.0000,50.1318,1076.0000,259.0000,8.3553,8.8000,8.3598,59.0000,WB,4375.0000
30618_9c09b081,88,10.3983,8.3920,5.3662,49.8330,1082.0000,232.0000,9.2865,10.5340,9.2850,55.0000,WB,4425.0000
30618_9c09b081,89,11.2505,10.3922,4.5838,50.0837,1087.3662,200.0000,10.9262,11.2750,10.9273,45.0000,WB,4475.0000
30618_9c09b081,90,10.3680,6.1887,6.0000,49.8922,1091.9500,264.0000,8.3154,10.3700,8.3594,56.0000,WB,4525.0000
30618_9c09b081,91,6.1647,0.0000,37.4000,50.0810,1097.9500,1655.0000,1.3391,6.2140,1.3454,371.0000,WB,4575.0000
30618_9c09b081,92,10.2692,5.3191,6.3000,49.8536,1135.3500,277.0000,7.9133,10.2090,7.8753,62.0000,WB,4625.0000
30618_9c09b081,93,12.3198,10.2915,4.3500,49.9399,1141.6500,195.0000,11.4804,12.3170,11.4599,44.0000,WB,4675.0000
30618_9c09b081,94,12.9300,12.3129,3.9500,50.1499,1146.0000,182.0000,12.6962,12.9740,12.6956,39.0000,WB,4725.0000
30618_9c09b081,95,12.5265,9.2463,4.6000,50.1033,1149.9500,206.0000,10.8920,12.5590,10.8168,49.0000,WB,4775.0000
30618_9c09b081,96,9.2234,8.4789,5.7162,49.8037,1154.5500,269.0000,8.7128,9.1130,8.7075,54.0000,WB,4825.0000
30618_9c09b081,97,8.7313,8.4881,5.8338,50.1463,1160.2662,269.0000,8.5958,8.7530,8.6126,57.0000,WB,4875.0000
30618_9c09b081,98,8.8651,7.8286,5.8000,49.8768,1166.1000,267.0000,8.5994,8.8520,8.5551,59.0000,WB,4925.0000
30618_9c09b081,99,7.8179,0.0000,32.6162,49.9851,1171.9000,1530.0000,1.5325,7.5190,1.4590,321.0000,WB,4975.0000
30618_9c09b081,100,9.5250,2.1656,8.3838,50.1482,1204.5162,378.0000,5.9815,9.4800,5.9031,84.0000,WB,5025.0000
30618_9c09b081,101,12.0955,9.5503,4.5000,49.8102,1212.9000,211.0000,11.0689,12.0790,11.0182,45.0000,WB,5075.0000
30618_9c09b081,102,12.2050,10.0389,4.4000,49.9977,1217.4000,208.0000,11.3631,12.2070,11.4062,43.0000,WB,5125.0000
30618_9c09b081,103,10.0235,5.6128,6.2752,49.9968,1221.8000,293.0000,7.9673,10.0640,8.0221,60.0000,WB,5175.0000
30618_9c09b081,104,7.2541,0.0000,33.8748,50.1795,1228.0752,1664.0000,1.4813,7.2680,1.4920,338.0000,WB,5225.0000
30618_9c09b081,105,7.6065,4.3264,8.0000,49.9729,1261.9500,394.0000,6.2466,7.6800,6.2882,79.0000,WB,5275.0000
30618_9c09b081,106,4.3190,2.3957,13.6662,49.8985,1269.9500,674.0000,3.6512,4.3360,3.6891,136.0000,WB,5325.0000
30618_9c09b081,107,3.0264,0.6956,22.5838,50.0235,1283.6162,1125.0000,2.2150,3.0600,2.2245,224.0000,WB,5375.0000
30618_9c09b081,108,4.1951,2.4943,16.6500,50.0038,1306.2000,819.0000,3.0032,4.2740,2.9852,166.0000,WB,5425.0000
30618_9c09b081,109,4.3040,0.0000,9.5162,25.2364,1322.8500,471.0000,2.6520,4.3550,2.7359,97.0000,WB,5475.0000
30618_9c09b081,221,0.2198,0.0000,6.4500,0.1277,1.1500,255.0000,0.0198,0.1890,0.0285,61.0000,WB,21.3710
30618_a53d5f6f,0,3.4543,2.5116,15.9500,49.9719,31.3000,667.0000,3.1330,3.3830,3.1344,160.0000,WB,25.0000
30618_a53d5f6f,1,3.7648,2.9830,15.4500,50.0555,47.2500,646.0000,3.2398,3.7480,3.2488,154.0000,WB,75.0000
30618_a53d5f6f,2,3.6785,0.0000,47.2000,49.8537,62.7000,2119.0000,1.0562,3.7550,1.0652,470.0000,WB,125.0000
30618_a53d5f6f,3,3.9825,0.0000,23.6790,49.6901,109.9000,1032.0000,2.0985,4.0110,2.1008,234.0000,WB,175.0000
30618_a53d5f6f,4,6.4594,3.3929,9.6001,49.9113,133.5790,421.0000,5.1991,6.4620,5.1876,92.0000,WB,225.0000
30618_a53d5f6f,5,5.6424,0.0000,26.8000,50.5719,143.1790,1161.0000,1.8870,5.5740,1.8831,266.0000,WB,275.0000
30618_a53d5f6f,6,9.6911,5.6552,6.4210,49.8558,169.9790,280.0000,7.7645,9.6450,7.7586,63.0000,WB,325.0000
30618_a53d5f6f,7,10.7042,9.5647,5.0500,50.4487,176.4000,219.0000,9.9898,10.7170,9.9648,48.0000,WB,375.0000
30618_a53d5f6f,8,10.7282,9.6288,4.8000,49.9886,181.4500,206.0000,10.4143,10.7690,10.2276,58.0000,WB,425.0000
30618_a53d5f6f,9,9.6280,7.0462,6.0000,49.8952,186.2500,264.0000,8.3159,9.1520,8.1517,42.0000,WB,475.0000
30618_a53d5f6f,10,7.0444,2.2414,10.9290,50.0860,192.2500,466.0000,4.5829,7.0410,4.4872,62.0000,WB,525.0000
30618_a53d5f6f,11,6.8442,0.0000,53.6000,50.1912,203.1790,2467.0000,0.9364,6.7560,0.9165,513.0000,WB,575.0000
30618_a53d5f6f,12,8.4356,6.8673,6.1710,50.0055,256.7790,271.0000,8.1033,8.4580,8.0845,62.0000,WB,625.0000
30618_a53d5f6f,13,8.5611,8.4067,5.8789,49.8740,262.9500,255.0000,8.4835,8.5510,8.4774,59.0000,WB,675.0000
30618_a53d5f6f,14,8.6534,8.3722,5.9211,50.1244,268.8289,260.0000,8.4654,8.6500,8.4719,59.0000,WB,725.0000
30618_a53d5f6f,15,8.8586,8.4497,5.7789,50.0183,274.7500,258.0000,8.6553,8.8340,8.6683,58.0000,WB,775.0000
30618_a53d5f6f,16,9.1419,6.5644,6.0000,49.9583,280.5289,268.0000,8.3264,9.1850,8.3328,60.0000,WB,825.0000
30618_a53d5f6f,17,6.5483,0.0000,33.9501,49.7077,286.5289,1539.0000,1.4641,6.5360,1.4968,342.0000,WB,875.0000
30618_a53d5f6f,18,5.4688,2.4042,13.8210,50.0082,320.4790,613.0000,3.6183,5.5060,3.5894,136.0000,WB,925.0000
30618_a53d5f6f,19,3.8743,2.3115,17.7000,49.9665,334.3000,769.0000,2.8230,3.8330,2.8241,177.0000,WB,975.0000
30618_a53d5f6f,20,5.6580,3.8914,11.5290,50.0140,352.0000,515.0000,4.3381,5.6050,4.3344,115.0000,WB,1025.0000
30618_a53d5f6f,21,8.2550,5.6854,7.0500,49.9013,363.5290,318.0000,7.0782,8.2490,7.0728,71.0000,WB,1075.0000
30618_a53d5f6f,22,9.9048,8.2603,5.5500,50.0480,370.5790,252.0000,9.0177,9.9390,9.0264,55.0000,WB,1125.0000
30618_a53d5f6f,23,10.1291,9.9078,4.9999,50.0520,376.1290,231.0000,10.0105,10.1600,10.0327,49.0000,WB,1175.0000
30618_a53d5f6f,24,10.1110,9.8984,5.0001,50.0907,381.1289,234.0000,10.0179,10.1510,10.0224,50.0000,WB,1225.0000
30618_a53d5f6f,25,9.9398,9.7523,5.0710,49.9169,386.1290,233.0000,9.8436,9.9420,9.8437,51.0000,WB,1275.0000
30618_a53d5f6f,26,10.0491,9.8002,4.9997,49.9288,391.2000,226.0000,9.9864,10.0660,9.9935,50.0000,WB,1325.0000
30618_a53d5f6f,27,9.8372,9.6202,5.1503,50.0606,396.1997,243.0000,9.7199,9.8470,9.7265,51.0000,WB,1375.0000
30618_a53d5f6f,28,9.8700,9.1359,5.1290,50.0021,401.3500,240.0000,9.7489,9.9180,9.7613,51.0000,WB,1425.0000
30618_a53d5f6f,29,9.1156,3.6852,7.9710,50.0124,406.4790,358.0000,6.2743,9.0970,6.3171,74.0000,WB,1475.0000
30618_a53d5f6f,30,8.7158,0.0000,16.7719,50.0285,414.4500,762.0000,2.9829,8.6740,2.9917,167.0000,WB,1525.0000
30618_a53d5f6f,31,10.0494,8.7272,5.1726,49.9602,431.2219,233.0000,9.6587,10.0700,9.6745,51.0000,WB,1575.0000
30618_a53d5f6f,32,10.2652,9.6503,4.9845,49.9954,436.3945,221.0000,10.0302,10.2810,10.0340,50.0000,WB,1625.0000
30618_a53d5f6f,33,9.9341,9.8661,5.0500,49.9791,441.3790,239.0000,9.8968,9.9550,9.8996,51.0000,WB,1675.0000
30618_a53d5f6f,34,9.8728,9.7798,5.1000,50.0792,446.4290,223.0000,9.8195,9.8890,9.8175,50.0000,WB,1725.0000
30618_a53d5f6f,35,9.7848,7.8780,5.4710,49.8815,451.5290,238.0000,9.1174,9.7810,9.1469,55.0000,WB,1775.0000
30618_a53d5f6f,36,7.8672,6.7004,7.0791,50.0574,457.0000,311.0000,7.0712,7.8880,7.0785,71.0000,WB,1825.0000
30618_a53d5f6f,37,9.7536,6.6612,6.3209,49.9760,464.0791,287.0000,7.9064,9.7410,7.8584,63.0000,WB,1875.0000
30618_a53d5f6f,38,10.7889,9.6188,5.0500,49.9030,470.4000,218.0000,9.8818,10.6660,9.8544,51.0000,WB,1925.0000
30618_a53d5f6f,39,13.3737,10.8089,4.1291,50.3385,475.4500,182.0000,12.1912,13.2850,12.1333,41.0000,WB,1975.0000
30618_a53d5f6f,40,14.1203,13.3841,3.6000,49.7326,479.5791,158.0000,13.8148,14.1370,13.7900,36.0000,WB,2025.0000
30618_a53d5f6f,41,14.4384,14.1237,3.5001,50.0999,483.1790,160.0000,14.3140,14.4170,14.2845,35.0000,WB,2075.0000
30618_a53d5f6f,42,14.6987,14.4406,3.4209,49.8505,486.6791,153.0000,14.5722,14.6850,14.5539,35.0000,WB,2125.0000
30618_a53d5f6f,43,14.8203,14.6929,3.4000,50.1666,490.1000,148.0000,14.7549,14.8550,14.7329,34.0000,WB,2175.0000
30618_a53d5f6f,44,14.7362,12.8235,3.5791,50.0955,493.5000,155.0000,13.9967,14.7350,14.0159,35.0000,WB,2225.0000
30618_a53d5f6f,45,13.0337,12.1082,4.0000,49.7562,497.0791,173.0000,12.4392,12.9880,12.4295,41.0000,WB,2275.0000
30618_a53d5f6f,46,14.0450,13.0500,3.6500,49.9241,501.0790,155.0000,13.6780,14.0620,13.6782,36.0000,WB,2325.0000
30618_a53d5f6f,47,14.0118,11.9049,3.8710,50.1777,504.7290,163.0000,12.9625,13.9700,12.9517,39.0000,WB,2375.0000
30618_a53d5f6f,48,11.8938,10.8334,4.5111,49.9263,508.6000,191.0000,11.0674,11.8660,11.0551,45.0000,WB,2425.0000
30618_a53d5f6f,49,10.8425,8.7605,4.9178,50.0698,513.1111,220.0000,10.1812,10.8290,10.1743,49.0000,WB,2475.0000
30618_a53d5f6f,50,8.7412,8.0051,6.1210,50.0038,518.0290,274.0000,8.1692,8.7310,8.1836,62.0000,WB,2525.0000
30618_a53d5f6f,51,9.6340,8.2901,5.7584,49.8982,524.1500,261.0000,8.6653,9.6170,8.6668,55.0000,WB,2575.0000
30618_a53d5f6f,52,10.7517,9.6490,4.8705,50.0400,529.9084,210.0000,10.2740,10.7640,10.2661,49.0000,WB,2625.0000
30618_a53d5f6f,53,12.3518,10.7564,4.3000,49.9516,534.7790,186.0000,11.6166,12.3490,11.6239,43.0000,WB,2675.0000
30618_a53d5f6f,54,12.5254,12.0912,4.0710,50.1262,539.0790,181.0000,12.3129,12.5260,12.3126,40.0000,WB,2725.0000
30618_a53d5f6f,55,12.4397,10.9995,4.1500,50.0063,543.1500,178.0000,12.0497,12.4500,12.0264,42.0000,WB,2775.0000
30618_a53d5f6f,56,10.9836,7.0225,5.5500,50.0140,547.3000,237.0000,9.0115,10.9350,8.9731,56.0000,WB,2825.0000
30618_a53d5f6f,57,7.0047,2.1057,12.3789,50.0378,552.8500,534.0000,4.0422,6.8710,4.0313,124.0000,WB,2875.0000
30618_a53d5f6f,58,8.3643,5.0300,6.8500,50.0209,565.2289,298.0000,7.3023,8.3700,7.3286,68.0000,WB,2925.0000
30618_a53d5f6f,59,8.2265,1.7258,10.0000,49.9203,572.0790,433.0000,4.9920,8.2020,4.7737,106.0000,WB,2975.0000
30618_a53d5f6f,60,8.8505,0.0000,33.2210,51.0756,582.0790,1513.0000,1.5375,8.7780,1.5263,324.0000,WB,3025.0000
30618_a53d5f6f,61,11.2115,8.8648,4.9790,50.0371,615.3000,215.0000,10.0497,11.1610,10.0052,50.0000,WB,3075.0000
30618_a53d5f6f,62,11.5772,10.1630,4.4710,49.9270,620.2790,197.0000,11.1668,11.5820,11.1758,45.0000,WB,3125.0000
30618_a53d5f6f,63,10.1465,5.6854,6.3000,49.9899,624.7500,275.0000,7.9349,10.1440,7.9618,63.0000,WB,3175.0000
30618_a53d5f6f,64,6.9884,0.0000,28.5789,50.0876,631.0500,1283.0000,1.7526,6.9300,1.7594,286.0000,WB,3225.0000
30618_a53d5f6f,65,10.5675,7.0119,5.6501,50.0966,659.6289,247.0000,8.8665,10.4930,8.8230,56.0000,WB,3275.0000
30618_a53d5f6f,66,11.3909,10.5825,4.5000,49.9603,665.2790,195.0000,11.1023,11.4120,11.0976,45.0000,WB,3325.0000
30618_a53d5f6f,67,10.7134,7.2012,5.5499,49.9238,669.7790,238.0000,8.9954,10.7390,9.0275,56.0000,WB,3375.0000
30618_a53d5f6f,68,7.1801,0.0000,46.0000,50.2980,675.3289,2071.0000,1.0934,7.1580,1.0976,459.0000,WB,3425.0000
30618_a53d5f6f,69,8.7623,5.2817,6.6210,50.0175,721.3290,281.0000,7.5543,8.7730,7.4750,61.0000,WB,3475.0000
30618_a53d5f6f,70,8.6491,3.3244,8.3000,49.9066,727.9500,354.0000,6.0128,8.6610,6.1000,81.0000,WB,3525.0000
30618_a53d5f6f,71,3.3129,0.0199,22.1290,50.0174,736.2500,934.0000,2.2603,3.3760,2.2686,221.0000,WB,3575.0000
30618_a53d5f6f,72,4.3554,2.4469,15.7210,50.0031,758.3790,663.0000,3.1807,4.3890,3.1842,157.0000,WB,3625.0000
30618_a53d5f6f,73,7.6446,1.6124,12.3500,49.9776,774.1000,524.0000,4.0468,7.5150,4.0023,124.0000,WB,3675.0000
30618_a53d5f6f,74,9.0142,7.4914,6.2290,49.8769,786.4500,263.0000,8.0072,8.9450,7.9751,63.0000,WB,3725.0000
30618_a53d5f6f,75,10.7567,9.0276,5.0210,50.0984,792.6790,209.0000,9.9777,10.6810,9.9337,50.0000,WB,3775.0000
30618_a53d5f6f,76,10.8560,9.7525,4.7500,49.9637,797.7000,201.0000,10.5187,10.8600,10.5134,48.0000,WB,3825.0000
30618_a53d5f6f,77,9.7406,5.5264,6.5790,50.0801,802.4500,279.0000,7.6121,9.7180,7.6530,65.0000,WB,3875.0000
30618_a53d5f6f,78,6.7706,0.0000,38.6710,50.0103,809.0290,1642.0000,1.2932,6.9720,1.3408,380.0000,WB,3925.0000
30618_a53d5f6f,79,9.4432,6.7801,5.8790,49.9029,847.7000,245.0000,8.4884,9.4710,8.5279,56.0000,WB,3975.0000
30618_a53d5f6f,80,9.4136,8.6531,5.6210,50.1338,853.5790,232.0000,8.9190,9.4270,8.9254,46.0000,WB,4025.0000
30618_a53d5f6f,81,8.7662,1.4202,9.1790,49.9801,859.2000,376.0000,5.4451,8.7990,5.5619,85.0000,WB,4075.0000
30618_a53d5f6f,82,9.1039,0.0000,41.3210,50.1589,868.3790,1764.0000,1.2139,9.0490,1.8355,271.0000,WB,4125.0000
30618_a53d5f6f,83,11.4245,9.1197,4.7500,49.8958,909.7000,195.0000,10.5044,11.5020,10.4652,48.0000,WB,4175.0000
30618_a53d5f6f,84,11.4335,8.6872,4.9000,50.1540,914.4500,201.0000,10.2355,11.4450,10.2872,48.0000,WB,4225.0000
30618_a53d5f6f,85,8.6734,7.6847,6.2789,50.0539,919.3500,259.0000,7.9717,8.7230,7.9885,58.0000,WB,4275.0000
30618_a53d5f6f,86,9.2543,8.5085,5.5211,49.8991,925.6289,226.0000,9.0379,9.2900,9.0411,55.0000,WB,4325.0000
30618_a53d5f6f,87,8.9388,8.1191,5.8290,50.0331,931.1500,234.0000,8.5835,9.0050,8.6186,58.0000,WB,4375.0000
30618_a53d5f6f,88,10.3063,8.1269,5.5210,50.0444,936.9790,228.0000,9.0644,10.2290,9.0242,55.0000,WB,4425.0000
30618_a53d5f6f,89,11.2131,10.3183,4.5790,49.8049,942.5000,188.0000,10.8768,11.2090,10.8712,46.0000,WB,4475.0000
30618_a53d5f6f,90,10.3659,6.1896,6.0210,50.0686,947.0790,244.0000,8.3156,10.3850,8.4127,56.0000,WB,4525.0000
30618_a53d5f6f,91,6.1806,0.0000,50.1790,49.5768,953.1000,2037.0000,0.9880,6.2760,1.0124,502.0000,WB,4575.0000
30618_a53d5f6f,92,7.7482,4.1094,9.5000,50.0041,1003.2790,381.0000,5.2636,7.6470,5.2431,95.0000,WB,4625.0000
30618_a53d5f6f,93,11.2696,7.7702,5.2000,50.1231,1012.7790,208.0000,9.6391,11.2470,9.5858,52.0000,WB,4675.0000
30618_a53d5f6f,94,12.4775,11.2790,4.1210,49.7519,1017.9790,167.0000,12.0727,12.4630,12.0439,41.0000,WB,4725.0000
30618_a53d5f6f,95,12.3916,9.4494,4.5790,50.2683,1022.1000,184.0000,10.9780,12.4230,11.0242,46.0000,WB,4775.0000
30618_a53d5f6f,96,9.4305,8.6176,5.6210,49.9182,1026.6790,225.0000,8.8807,9.4440,8.8994,56.0000,WB,4825.0000
30618_a53d5f6f,97,8.7096,8.4924,5.8000,49.8546,1032.3000,233.0000,8.5956,8.7470,8.6058,58.0000,WB,4875.0000
30618_a53d5f6f,98,8.8370,7.8586,5.8290,50.1025,1038.1000,233.0000,8.5954,8.8170,8.6190,56.0000,WB,4925.0000
30618_a53d5f6f,99,7.8381,0.0000,42.1710,49.8894,1043.9290,1692.0000,1.1830,7.8980,1.2110,383.0000,WB,4975.0000
30618_a53d5f6f,100,4.8586,0.0000,23.4000,49.9735,1086.1000,938.0000,2.1356,4.7760,2.1299,235.0000,WB,5025.0000
30618_a53d5f6f,101,10.2214,4.8651,6.5290,50.0953,1109.5000,262.0000,7.6727,10.1130,7.5844,65.0000,WB,5075.0000
30618_a53d5f6f,102,11.0721,9.8825,4.6710,49.8434,1116.0290,189.0000,10.6709,11.0830,10.6709,47.0000,WB,5125.0000
30618_a53d5f6f,103,9.8665,5.3884,6.4500,50.0246,1120.7000,258.0000,7.7557,9.9070,7.8264,64.0000,WB,5175.0000
30618_a53d5f6f,104,7.0519,0.0000,33.5500,49.9934,1127.1500,1353.0000,1.4901,7.0350,1.5183,337.0000,WB,5225.0000
30618_a53d5f6f,105,7.6564,4.4155,7.8500,49.9529,1160.7000,317.0000,6.3634,7.6820,6.3496,77.0000,WB,5275.0000
30618_a53d5f6f,106,4.4168,2.5283,13.3500,49.9568,1168.5500,536.0000,3.7421,4.3900,3.7336,133.0000,WB,5325.0000
30618_a53d5f6f,107,3.1030,1.8734,18.6790,50.0350,1181.9000,749.0000,2.6787,3.1300,2.6720,185.0000,WB,5375.0000
30618_a53d5f6f,108,3.0950,2.4741,12.0500,31.9871,1200.5790,485.0000,2.6545,3.1080,2.6577,121.0000,WB,5425.0000
30618_a53d5f6f,220,1.2283,0.0000,29.3289,1.5778,0.0000,1136.0000,0.0538,1.2020,0.0545,293.0000,EB,0.0000
30618_a53d5f6f,221,2.5057,1.2446,1.9711,3.6253,29.3289,81.0000,1.8392,2.4010,1.7899,19.0000,WB,21.3710
30618_a869780d,2,2.1647,0.0000,12.7000,3.5325,0.0000,472.0000,0.2781,2.0800,0.2760,120.0000,WB,125.0000
30618_a869780d,3,4.3256,2.1808,13.6500,50.0326,12.7000,608.0000,3.6654,4.3350,3.6565,135.0000,WB,175.0000
30618_a869780d,4,9.0825,3.6563,8.3000,49.9543,26.3500,377.0000,6.0186,8.9900,5.9501,84.0000,WB,225.0000
30618_a869780d,5,9.4957,7.5104,5.6800,50.0351,34.6500,263.0000,8.8090,9.5020,8.7929,57.0000,WB,275.0000
30618_a869780d,6,10.4936,7.5065,5.6999,51.0549,40.3300,260.0000,8.9571,10.4450,8.9024,56.0000,WB,325.0000
30618_a869780d,7,11.6641,10.2338,4.7000,50.2458,46.0300,221.0000,10.6905,11.5970,10.6889,47.0000,WB,375.0000
30618_a869780d,8,12.7563,11.6802,4.0200,49.7792,50.7300,194.0000,12.3829,12.7890,12.3903,40.0000,WB,425.0000
30618_a869780d,9,12.3578,9.4336,4.5800,49.9940,54.7500,219.0000,10.9157,12.4290,11.0749,45.0000,WB,475.0000
30618_a869780d,10,9.4123,2.8107,8.1500,50.0456,59.3300,392.0000,6.1406,9.5720,6.4800,78.0000,WB,525.0000
30618_a869780d,11,8.2592,0.0000,27.8700,48.7836,67.4800,1339.0000,1.7504,8.1950,1.7477,281.0000,WB,575.0000
30618_a869780d,12,8.4903,8.2739,5.9300,49.9471,95.3500,289.0000,8.4228,8.4870,8.4181,60.0000,WB,625.0000
30618_a869780d,13,8.4462,8.3730,5.9501,50.0276,101.2800,293.0000,8.4079,8.4610,8.4013,59.0000,WB,675.0000
30618_a869780d,14,8.7580,8.3732,5.8367,50.0628,107.2300,290.0000,8.5772,8.7710,8.5803,58.0000,WB,725.0000
30618_a869780d,15,8.7991,8.4902,5.7832,50.0317,113.0668,276.0000,8.6512,8.8630,8.6634,58.0000,WB,775.0000
30618_a869780d,16,9.0301,6.6645,6.0500,49.9874,118.8500,295.0000,8.2624,9.0550,8.3229,60.0000,WB,825.0000
30618_a869780d,17,6.6511,0.0000,44.3300,49.4132,124.9000,2168.0000,1.1147,6.7580,1.1157,357.0000,WB,875.0000
30618_a869780d,18,4.6598,2.4654,14.7050,49.9983,169.2300,731.0000,3.4001,4.7750,3.4070,140.0000,WB,925.0000
30618_a869780d,19,3.9284,2.4263,17.2450,50.0602,183.9350,854.0000,2.9029,4.4690,2.9903,175.0000,WB,975.0000
30618_a869780d,20,5.7566,3.9520,11.6000,50.0685,201.1800,574.0000,4.3163,5.9950,4.3496,100.0000,WB,1025.0000
30618_a869780d,21,8.2383,5.7846,7.0501,49.8927,212.7799,346.0000,7.0769,8.2210,7.1030,68.0000,WB,1075.0000
30618_a869780d,22,9.9059,8.2436,5.5500,50.0049,219.8300,273.0000,9.0099,9.9180,8.9988,55.0000,WB,1125.0000
30618_a869780d,23,10.1407,9.9085,5.0000,50.0397,225.3800,248.0000,10.0080,10.1660,10.0223,50.0000,WB,1175.0000
30618_a869780d,24,10.0873,9.8632,5.0001,49.9618,230.3800,248.0000,9.9921,10.1190,10.0018,49.0000,WB,1225.0000
30618_a869780d,25,10.0097,9.7282,5.0999,50.1267,235.3801,252.0000,9.8290,10.0470,9.8248,51.0000,WB,1275.0000
30618_a869780d,26,10.0100,9.8275,5.0201,49.8827,240.4799,250.0000,9.9367,10.0320,9.9431,50.0000,WB,1325.0000
30618_a869780d,27,10.0102,9.7608,5.0300,49.9514,245.5000,248.0000,9.9308,10.0450,9.9431,50.0000,WB,1375.0000
30618_a869780d,28,10.0118,9.2318,5.1150,50.0165,250.5300,252.0000,9.7784,10.0390,9.7934,51.0000,WB,1425.0000
30618_a869780d,29,9.2000,3.5203,8.0851,50.1066,255.6450,400.0000,6.1974,9.2620,6.3236,80.0000,WB,1475.0000
30618_a869780d,30,8.7745,0.0000,16.6200,49.9787,263.7300,821.0000,3.0071,8.6850,2.9726,166.0000,WB,1525.0000
30618_a869780d,31,10.0311,8.7905,5.1300,49.9096,280.3500,253.0000,9.7290,10.0770,9.7161,52.0000,WB,1575.0000
30618_a869780d,32,10.1752,9.7997,5.0000,50.0658,285.4800,246.0000,10.0132,10.2240,10.0247,49.0000,WB,1625.0000
30618_a869780d,33,9.9495,9.8734,5.0500,50.0362,290.4799,248.0000,9.9081,9.9740,9.9115,51.0000,WB,1675.0000
30618_a869780d,34,9.8800,9.7812,5.1000,50.0946,295.5300,250.0000,9.8224,9.9080,9.8207,51.0000,WB,1725.0000
30618_a869780d,35,9.7869,7.8705,5.4700,49.8793,300.6300,269.0000,9.1187,9.7850,9.1465,55.0000,WB,1775.0000
30618_a869780d,36,7.8600,6.7468,7.0301,49.9351,306.1000,343.0000,7.1031,7.9050,7.1121,70.0000,WB,1825.0000
30618_a869780d,37,9.8370,6.6915,6.2999,49.9859,313.1301,308.0000,7.9343,9.8070,7.8642,63.0000,WB,1875.0000
30618_a869780d,38,10.8767,9.6602,5.0500,50.2514,319.4300,245.0000,9.9508,10.7650,9.9160,51.0000,WB,1925.0000
30618_a869780d,39,13.3994,10.9007,4.0500,49.6525,324.4800,197.0000,12.2599,13.3400,12.1968,41.0000,WB,1975.0000
30618_a869780d,40,14.1501,13.4100,3.6196,50.1215,328.5300,177.0000,13.8471,14.2390,13.8505,39.0000,WB,2025.0000
30618_a869780d,41,14.4762,14.1650,3.4804,49.9038,332.1496,171.0000,14.3385,14.4500,14.3290,32.0000,WB,2075.0000
30618_a869780d,42,14.7157,14.4787,3.4377,50.1999,335.6300,170.0000,14.6029,14.7060,14.5838,34.0000,WB,2125.0000
30618_a869780d,43,14.7799,13.2570,3.5123,50.0451,339.0677,171.0000,14.2486,14.7650,14.2630,35.0000,WB,2175.0000
30618_a869780d,44,13.2368,10.4080,4.2200,49.8929,342.5800,207.0000,11.8228,13.2700,11.8724,42.0000,WB,2225.0000
30618_a869780d,45,10.3960,9.7048,5.0799,49.8856,346.8000,243.0000,9.8202,10.3910,9.8147,52.0000,WB,2275.0000
30618_a869780d,46,11.7247,9.7450,4.7001,50.2215,351.8799,226.0000,10.6853,11.7030,10.6891,47.0000,WB,2325.0000
30618_a869780d,47,12.4016,11.7359,4.1001,50.1104,356.5800,200.0000,12.2218,12.4080,12.2275,45.0000,WB,2375.0000
30618_a869780d,48,12.3645,10.6613,4.3999,49.6897,360.6800,214.0000,11.2933,12.3240,11.1563,41.0000,WB,2425.0000
30618_a869780d,49,10.8327,8.7859,4.8999,50.1118,365.0799,240.0000,10.2270,10.7890,10.1913,48.0000,WB,2475.0000
30618_a869780d,50,8.7653,7.9513,6.1501,50.0242,369.9799,299.0000,8.1339,8.6690,8.1367,61.0000,WB,2525.0000
30618_a869780d,51,9.1155,8.1029,5.9700,49.9386,376.1300,294.0000,8.3649,9.1640,8.3961,63.0000,WB,2575.0000
30618_a869780d,52,9.4660,8.1520,5.7300,50.0354,382.1000,276.0000,8.7322,9.4290,8.6934,54.0000,WB,2625.0000
30618_a869780d,53,12.0654,9.4883,4.5700,50.0752,387.8300,221.0000,10.9574,12.0280,10.9216,45.0000,WB,2675.0000
30618_a869780d,54,12.4908,12.0711,4.0300,49.8723,392.4000,198.0000,12.3752,12.4650,12.3560,41.0000,WB,2725.0000
30618_a869780d,55,13.7793,12.4986,3.7700,50.0525,396.4300,182.0000,13.2766,13.7790,13.2602,39.0000,WB,2775.0000
30618_a869780d,56,14.0881,13.7367,3.6000,50.1265,400.2000,172.0000,13.9240,14.0390,13.9155,35.0000,WB,2825.0000
30618_a869780d,57,13.7239,10.8037,4.0800,49.8875,403.8000,197.0000,12.2274,13.5860,12.2133,41.0000,WB,2875.0000
30618_a869780d,58,10.7826,7.2977,5.5670,50.0415,407.8800,266.0000,8.9890,10.7350,8.9920,55.0000,WB,2925.0000
30618_a869780d,59,7.2936,1.1476,10.9531,49.9451,413.4469,532.0000,4.5599,7.2880,1.8063,279.0000,WB,2975.0000
30618_a869780d,60,8.4550,0.0000,64.8478,50.2438,424.4000,3144.0000,0.7748,8.4170,1.0502,450.0000,WB,3025.0000
30618_a869780d,61,11.3592,8.4807,4.9822,50.0429,489.2478,236.0000,10.0442,11.3020,10.0126,50.0000,WB,3075.0000
30618_a869780d,62,11.6853,10.1924,4.4500,49.8644,494.2300,210.0000,11.2055,11.6920,11.2188,43.0000,WB,3125.0000
30618_a869780d,63,10.1798,5.9784,6.1700,50.1066,498.6800,296.0000,8.1210,10.1780,8.1569,62.0000,WB,3175.0000
30618_a869780d,64,7.9982,3.6345,9.4500,49.9658,504.8500,452.0000,5.2874,7.9410,5.2879,95.0000,WB,3225.0000
30618_a869780d,65,11.2252,8.0136,5.1300,49.9382,514.3000,240.0000,9.7345,11.1600,9.7095,51.0000,WB,3275.0000
30618_a869780d,66,11.7637,10.8453,4.3700,50.1980,519.4300,209.0000,11.4869,11.7700,11.4757,44.0000,WB,3325.0000
30618_a869780d,67,10.8318,7.2990,5.4500,49.8337,523.8000,259.0000,9.1438,10.8050,9.0290,54.0000,WB,3375.0000
30618_a869780d,68,7.2847,0.0000,74.8299,50.4353,529.2500,3621.0000,0.6740,6.9980,0.6478,711.0000,WB,3425.0000
30618_a869780d,69,8.5463,4.2102,7.1818,50.0207,604.0799,346.0000,6.9649,8.5660,6.9129,70.0000,WB,3475.0000
30618_a869780d,70,8.4802,3.1155,8.5683,50.0525,611.2617,411.0000,5.8416,8.4420,5.9009,84.0000,WB,3525.0000
30618_a869780d,71,3.0999,0.0000,23.8700,49.9957,619.8300,1128.0000,2.0945,3.1400,2.0986,232.0000,WB,3575.0000
30618_a869780d,72,4.5161,2.5358,15.7300,50.0134,643.7000,738.0000,3.1795,4.5190,3.1754,157.0000,WB,3625.0000
30618_a869780d,73,8.1144,4.1050,9.0000,49.8797,659.4300,415.0000,5.5422,8.0350,5.5037,91.0000,WB,3675.0000
30618_a869780d,74,9.4071,7.9186,5.9499,50.1025,668.4300,276.0000,8.4207,9.3180,8.3971,59.0000,WB,3725.0000
30618_a869780d,75,11.2498,9.4079,4.8001,49.8843,674.3799,223.0000,10.3924,11.1500,10.3378,48.0000,WB,3775.0000
30618_a869780d,76,11.9583,11.2522,4.2700,50.1120,679.1800,200.0000,11.7358,11.9720,11.6999,42.0000,WB,3825.0000
30618_a869780d,77,11.7854,7.4859,5.0800,49.9150,683.4500,238.0000,9.8258,11.7900,9.8467,51.0000,WB,3875.0000
30618_a869780d,78,7.4548,0.0000,50.0200,49.9850,688.5300,2324.0000,0.9993,7.4420,1.0143,482.0000,WB,3925.0000
30618_a869780d,79,9.5322,6.7570,5.8800,50.2046,738.5500,262.0000,8.5381,9.5500,8.5100,59.0000,WB,3975.0000
30618_a869780d,80,9.4355,5.2095,6.7999,49.9441,744.4300,305.0000,7.3449,9.4250,7.2986,70.0000,WB,4025.0000
30618_a869780d,81,5.7845,1.1115,11.6001,49.9473,751.2299,515.0000,4.3058,5.7730,4.2075,113.0000,WB,4075.0000
30618_a869780d,82,9.1690,0.0000,45.0500,50.0427,762.8300,1877.0000,1.1108,9.0600,1.1119,442.0000,WB,4125.0000
30618_a869780d,83,11.4928,9.1919,4.7200,50.0361,807.8800,197.0000,10.6008,11.4850,10.5740,48.0000,WB,4175.0000
30618_a869780d,84,11.5046,8.5951,4.9000,49.9421,812.6000,203.0000,10.1923,11.5130,10.1839,49.0000,WB,4225.0000
30618_a869780d,85,8.5821,5.4309,6.9500,50.1201,817.5000,280.0000,7.2115,8.5150,7.2257,68.0000,WB,4275.0000
30618_a869780d,86,6.9818,0.0000,28.7500,50.0986,824.4500,1162.0000,1.7426,6.8640,1.7383,278.0000,WB,4325.0000
30618_a869780d,87,8.6075,6.9973,6.0800,49.9651,853.2000,245.0000,8.2180,8.6400,8.2060,61.0000,WB,4375.0000
30618_a869780d,88,10.3854,8.1979,5.4700,49.9387,859.2800,219.0000,9.1295,10.3370,9.1124,55.0000,WB,4425.0000
30618_a869780d,89,11.3006,10.3898,4.5800,50.2137,864.7500,186.0000,10.9638,11.3000,10.9714,37.0000,WB,4475.0000
30618_a869780d,90,10.4150,6.2252,6.0000,49.9558,869.3300,242.0000,8.3259,10.4820,8.4094,58.0000,WB,4525.0000
30618_a869780d,91,6.4184,0.0000,33.6700,49.9087,875.3300,1363.0000,1.4823,6.3510,1.4963,319.0000,WB,4575.0000
30618_a869780d,92,10.7669,6.4351,5.7300,49.9690,909.0000,230.0000,8.7206,10.7190,8.6711,58.0000,WB,4625.0000
30618_a869780d,93,12.5558,10.7859,4.2200,49.9417,914.7300,170.0000,11.8345,12.5540,11.8095,42.0000,WB,4675.0000
30618_a869780d,94,13.0790,12.5507,3.8800,49.9684,918.9500,156.0000,12.8784,13.0860,12.8654,39.0000,WB,4725.0000
30618_a869780d,95,12.6285,9.3516,4.5499,50.0438,922.8300,182.0000,10.9988,12.6410,11.2104,35.0000,WB,4775.0000
30618_a869780d,96,9.3310,8.4757,5.7200,49.9923,927.3800,229.0000,8.7398,9.3690,8.7635,56.0000,WB,4825.0000
30618_a869780d,97,8.7302,8.4763,5.8300,50.0738,933.1000,236.0000,8.5890,8.7740,8.6010,54.0000,WB,4875.0000
30618_a869780d,98,8.8613,7.8772,5.8001,49.9139,938.9300,232.0000,8.6057,8.8390,8.6264,56.0000,WB,4925.0000
30618_a869780d,99,7.8558,0.0000,32.9499,49.9181,944.7301,1323.0000,1.5150,7.9120,1.5415,329.0000,WB,4975.0000
30618_a869780d,100,8.9871,1.6655,10.6500,50.1102,977.6800,428.0000,4.7052,8.8130,4.6500,106.0000,WB,5025.0000
30618_a869780d,101,11.9368,9.0114,4.6700,49.9391,988.3300,187.0000,10.6935,11.9060,10.6257,47.0000,WB,5075.0000
30618_a869780d,102,12.1738,10.0978,4.3800,50.1032,993.0000,175.0000,11.4392,12.2130,11.4735,44.0000,WB,5125.0000
30618_a869780d,103,10.0766,5.6524,6.2000,49.7808,997.3800,250.0000,8.0292,10.1260,8.0700,62.0000,WB,5175.0000
30618_a869780d,104,5.6267,0.0000,34.2000,50.0279,1003.5800,1377.0000,1.4628,5.6720,1.4704,340.0000,WB,5225.0000
30618_a869780d,105,6.7209,4.2143,8.8000,50.0326,1037.7799,354.0000,5.6855,6.7380,5.6878,86.0000,WB,5275.0000
30618_a869780d,106,4.2763,2.3834,13.7701,49.9444,1046.5799,553.0000,3.6270,4.2890,3.6460,137.0000,WB,5325.0000
30618_a869780d,107,3.7075,2.1851,18.0000,49.9712,1060.3500,725.0000,2.7762,3.5260,2.7981,180.0000,WB,5375.0000
30618_a869780d,108,7.2320,3.7261,7.8799,50.0137,1078.3500,318.0000,6.3470,,,,WB,5425.0000
30618_a869780d,109,7.2649,7.2333,0.3000,2.1763,1086.2299,13.0000,7.2539,,,,WB,5475.0000
30618_a869780d,114,,,,,,,,5.4450,4.7358,16.0000,EB,5421.1425
30618_ab5921a4,0,3.3833,0.0000,24.3565,49.9328,1.4000,1096.0000,2.0501,3.4120,2.0679,230.0000,WB,25.0000
30618_ab5921a4,1,3.3621,2.9397,15.7435,50.1635,25.7565,756.0000,3.1863,3.3650,3.1891,152.0000,WB,75.0000
30618_ab5921a4,2,3.4698,0.0000,23.9000,49.4153,41.5000,1141.0000,2.0676,3.5580,2.0561,238.0000,WB,125.0000
30618_ab5921a4,3,4.3280,1.6977,16.1500,50.0175,65.4000,768.0000,3.0971,4.3390,3.5019,62.0000,WB,175.0000
30618_ab5921a4,4,9.5873,3.4448,8.1000,50.0270,81.5500,377.0000,6.1762,9.4620,6.7716,64.0000,WB,225.0000
30618_ab5921a4,5,12.3696,9.6138,4.5000,49.8560,89.6500,207.0000,11.0791,12.3070,11.0440,46.0000,WB,275.0000
30618_ab5921a4,6,13.7081,12.3875,3.7662,49.3234,94.1500,172.0000,13.0965,13.5990,13.0728,38.0000,WB,325.0000
30618_ab5921a4,7,13.9076,13.4694,3.6838,50.2317,97.9162,177.0000,13.6357,13.9240,13.5358,32.0000,WB,375.0000
30618_ab5921a4,8,14.1275,12.6423,3.6500,49.8801,101.6000,171.0000,13.6658,14.0880,13.3412,40.0000,WB,425.0000
30618_ab5921a4,9,12.6169,9.0565,4.5500,49.8506,105.2500,217.0000,10.9562,12.0470,10.4636,42.0000,WB,475.0000
30618_ab5921a4,10,9.0233,0.0000,44.4000,50.0620,109.8000,2089.0000,1.1275,8.4980,1.1125,448.0000,WB,525.0000
30618_ab5921a4,11,8.2888,0.0000,18.4500,52.3829,154.2000,832.0000,2.8392,8.2260,2.8438,174.0000,WB,575.0000
30618_ab5921a4,12,8.4157,8.2792,5.9662,49.8246,172.6500,271.0000,8.3512,8.4190,8.3317,53.0000,WB,625.0000
30618_ab5921a4,13,8.3729,8.2780,6.0338,50.2335,178.6162,274.0000,8.3253,8.4000,8.2987,61.0000,WB,675.0000
30618_ab5921a4,14,8.5340,8.2473,6.0000,50.0359,184.6500,269.0000,8.3393,8.5100,8.3270,60.0000,WB,725.0000
30618_ab5921a4,15,8.8255,7.6742,5.8662,49.8349,190.6500,266.0000,8.4952,8.8240,8.4671,56.0000,WB,775.0000
30618_ab5921a4,16,7.6647,0.0000,25.1838,49.9932,196.5162,1117.0000,1.9851,7.4760,1.9787,255.0000,WB,825.0000
30618_ab5921a4,17,4.4058,0.0000,21.9500,51.2377,221.7000,932.0000,2.3343,4.3620,2.3130,201.0000,WB,875.0000
30618_ab5921a4,18,3.8356,2.3692,17.0000,49.9181,243.6500,739.0000,2.9364,3.8210,2.9368,137.0000,WB,925.0000
30618_ab5921a4,19,4.0526,2.4128,17.0500,50.0076,260.6500,750.0000,2.9330,4.0890,2.9286,134.0000,WB,975.0000
30618_ab5921a4,20,5.6421,4.0090,11.6000,49.9870,277.7000,492.0000,4.3092,5.6870,4.3119,116.0000,WB,1025.0000
30618_ab5921a4,21,6.9221,3.7742,8.4000,49.9901,289.3000,364.0000,5.9512,6.9330,5.9067,85.0000,WB,1075.0000
30618_ab5921a4,22,6.5501,2.3503,15.5500,50.1877,297.7000,672.0000,3.2275,3.5860,2.6666,95.0000,WB,1125.0000
30618_ab5921a4,23,7.3476,6.5692,6.9500,49.8163,313.2500,292.0000,7.1678,,,,WB,1175.0000
30618_ab5921a4,24,7.1943,6.9344,7.1000,50.0950,320.2000,298.0000,7.0556,,,,WB,1225.0000
30618_ab5921a4,25,7.1698,6.9534,7.0662,49.9481,327.3000,294.0000,7.0686,,,,WB,1275.0000
30618_ab5921a4,26,7.1397,6.9809,7.0500,49.9739,334.3662,287.0000,7.0885,,,,WB,1325.0000
30618_ab5921a4,27,7.2084,6.9424,7.0838,50.1010,341.4162,296.0000,7.0726,,,,WB,1375.0000
30618_ab5921a4,28,7.2331,6.9548,7.0162,49.9443,348.5000,299.0000,7.1184,,,,WB,1425.0000
30618_ab5921a4,29,7.0854,3.7929,8.4338,49.9848,355.5162,348.0000,5.9267,,,,WB,1475.0000
30618_ab5921a4,30,7.1915,0.0000,16.9500,50.1188,363.9500,712.0000,2.9569,,,,WB,1525.0000
30618_ab5921a4,31,7.1032,6.5606,7.2662,49.8269,380.9000,312.0000,6.8574,,,,WB,1575.0000
30618_ab5921a4,32,7.1877,6.6141,7.3338,50.1885,388.1662,307.0000,6.8434,,,,WB,1625.0000
30618_ab5921a4,33,7.1553,5.6833,7.3500,49.9670,395.5000,302.0000,6.7982,,,,WB,1675.0000
30618_ab5921a4,34,5.6654,2.3841,14.5500,49.9619,402.8500,604.0000,3.4338,5.4080,4.2906,23.0000,WB,1725.0000
30618_ab5921a4,35,7.0281,5.4044,7.5162,49.8595,417.4000,315.0000,6.6336,7.0270,6.6412,75.0000,WB,1775.0000
30618_ab5921a4,36,7.0721,6.6096,7.3338,50.0834,424.9162,306.0000,6.8291,7.0670,6.8149,74.0000,WB,1825.0000
30618_ab5921a4,37,9.8744,6.5875,6.3000,50.0404,432.2500,254.0000,7.9429,9.8740,7.9615,62.0000,WB,1875.0000
30618_ab5921a4,38,10.8748,9.7214,5.0000,49.9700,438.5500,202.0000,9.9940,10.8090,9.9750,50.0000,WB,1925.0000
30618_ab5921a4,39,13.5140,10.9036,4.0500,49.8898,443.5500,165.0000,12.3185,13.4620,12.3088,41.0000,WB,1975.0000
30618_ab5921a4,40,14.1876,13.5268,3.6000,50.1750,447.6000,147.0000,13.9375,14.1950,13.9195,35.0000,WB,2025.0000
30618_ab5921a4,41,14.3637,14.1857,3.5000,50.0663,451.2000,145.0000,14.3046,14.3710,14.2830,35.0000,WB,2075.0000
30618_ab5921a4,42,14.5909,14.3648,3.4500,49.9020,454.7000,139.0000,14.4644,14.5880,14.4366,34.0000,WB,2125.0000
30618_ab5921a4,43,14.7186,14.5868,3.4000,49.8324,458.1500,137.0000,14.6566,14.7710,14.6333,35.0000,WB,2175.0000
30618_ab5921a4,44,14.7676,14.5520,3.4161,50.1086,461.5500,137.0000,14.6682,14.7760,14.6508,34.0000,WB,2225.0000
30618_ab5921a4,45,14.5658,11.8099,3.7839,49.8770,464.9661,152.0000,13.1815,14.4570,12.9970,40.0000,WB,2275.0000
30618_ab5921a4,46,11.7772,8.1996,5.0500,50.1792,468.7500,203.0000,9.9365,11.6260,9.7566,49.0000,WB,2325.0000
30618_ab5921a4,47,8.1758,4.8927,8.5000,50.0873,473.8000,341.0000,5.8926,7.9800,5.8163,87.0000,WB,2375.0000
30618_ab5921a4,48,10.2724,5.2461,6.2500,49.8780,482.3000,252.0000,7.9805,10.3220,8.1775,60.0000,WB,2425.0000
30618_ab5921a4,49,10.7859,8.9982,4.8662,50.0368,488.5500,196.0000,10.2826,10.7690,10.1961,50.0000,WB,2475.0000
30618_ab5921a4,50,8.9862,8.1828,5.9338,49.9443,493.4162,238.0000,8.4169,8.8090,8.4121,59.0000,WB,2525.0000
30618_ab5921a4,51,10.2210,8.4461,5.6000,50.1935,499.3500,225.0000,8.9631,10.2480,8.9920,55.0000,WB,2575.0000
30618_ab5921a4,52,12.1648,10.2390,4.4662,49.8707,504.9500,183.0000,11.1663,12.2200,11.2071,45.0000,WB,2625.0000
30618_ab5921a4,53,13.1509,12.1736,3.8838,49.8592,509.4162,155.0000,12.8376,13.1920,12.8530,39.0000,WB,2675.0000
30618_ab5921a4,54,12.9525,12.1517,4.0500,50.0872,513.3000,162.0000,12.3672,12.8090,12.3492,41.0000,WB,2725.0000
30618_ab5921a4,55,13.8141,12.5174,3.7661,50.0376,517.3500,152.0000,13.2862,13.8940,13.3840,43.0000,WB,2775.0000
30618_ab5921a4,56,14.0132,13.6889,3.5839,49.8482,521.1161,145.0000,13.9091,13.9900,13.8755,30.0000,WB,2825.0000
30618_ab5921a4,57,13.6662,10.7110,4.1500,50.3204,524.7000,166.0000,12.1254,13.4040,11.9051,44.0000,WB,2875.0000
30618_ab5921a4,58,10.6808,8.0345,5.5500,49.8931,528.8500,223.0000,8.9898,10.3750,8.7719,57.0000,WB,2925.0000
30618_ab5921a4,59,8.1457,2.0705,9.8000,49.9443,534.4000,393.0000,5.0964,8.0220,4.2171,112.0000,WB,2975.0000
30618_ab5921a4,60,9.0418,0.0000,17.7500,52.4810,544.2000,716.0000,2.9567,9.0710,3.1966,155.0000,WB,3025.0000
30618_ab5921a4,61,11.7549,9.0705,4.7500,50.2745,561.9500,192.0000,10.5841,11.7390,10.5749,47.0000,WB,3075.0000
30618_ab5921a4,62,11.9652,10.0627,4.4000,49.8408,566.7000,177.0000,11.3275,11.9780,11.3332,44.0000,WB,3125.0000
30618_ab5921a4,63,10.0393,5.5920,6.4000,50.0552,571.1000,256.0000,7.8211,10.0160,7.8072,65.0000,WB,3175.0000
30618_ab5921a4,64,7.9161,3.0438,10.2000,49.8398,577.5000,409.0000,4.8863,7.9190,4.8968,101.0000,WB,3225.0000
30618_ab5921a4,65,11.3466,7.9434,5.1000,49.9150,587.7000,206.0000,9.7873,11.3080,9.8110,50.0000,WB,3275.0000
30618_ab5921a4,66,11.7851,10.6020,4.4000,50.3477,592.8000,177.0000,11.4427,11.8070,11.4535,43.0000,WB,3325.0000
30618_ab5921a4,67,10.5785,6.6768,5.9161,49.7199,597.2000,238.0000,8.4042,10.5900,8.3997,60.0000,WB,3375.0000
30618_ab5921a4,68,6.6740,0.0000,31.9339,50.4935,603.1161,1283.0000,1.5812,6.6740,1.5873,319.0000,WB,3425.0000
30618_ab5921a4,69,8.6353,4.6708,6.9000,50.0262,635.0500,278.0000,7.2502,8.6880,7.2589,69.0000,WB,3475.0000
30618_ab5921a4,70,8.4835,2.9467,8.9500,49.9788,641.9500,361.0000,5.5842,8.4740,5.5654,88.0000,WB,3525.0000
30618_ab5921a4,71,3.0456,1.3188,19.8500,49.9625,650.9000,799.0000,2.5170,3.0440,2.5162,198.0000,WB,3575.0000
30618_ab5921a4,72,4.3733,2.5475,15.7500,49.9916,670.7500,635.0000,3.1741,4.4370,3.1997,156.0000,WB,3625.0000
30618_ab5921a4,73,8.2610,4.3131,8.8500,50.0986,686.5000,359.0000,5.6609,8.1970,5.6431,89.0000,WB,3675.0000
30618_ab5921a4,74,8.4841,0.0000,15.3000,49.8525,695.3500,621.0000,3.2583,8.5230,3.2433,151.0000,WB,3725.0000
30618_ab5921a4,75,8.7822,2.0776,8.8163,49.8835,710.6500,355.0000,5.6581,8.7580,5.7074,87.0000,WB,3775.0000
30618_ab5921a4,76,10.0546,8.7914,5.1801,50.1431,719.4663,209.0000,9.6800,10.0660,9.6612,52.0000,WB,3825.0000
30618_ab5921a4,77,9.7000,5.6428,6.5036,49.9294,724.6464,266.0000,7.6772,9.6640,7.6657,64.0000,WB,3875.0000
30618_ab5921a4,78,7.2367,1.5187,12.9500,50.0872,731.1500,526.0000,3.8677,7.2840,3.8743,124.0000,WB,3925.0000
30618_ab5921a4,79,9.8042,7.2641,5.6000,50.1096,744.1000,225.0000,8.9481,9.8200,8.9757,51.0000,WB,3975.0000
30618_ab5921a4,80,9.6967,8.6281,5.6000,49.9036,749.7000,226.0000,8.9114,9.6360,8.8692,51.0000,WB,4025.0000
30618_ab5921a4,81,8.6300,1.2765,9.8500,49.9759,755.3000,402.0000,5.0737,8.5500,4.1459,101.0000,WB,4075.0000
30618_ab5921a4,82,9.2576,0.0000,15.7662,50.2156,765.1500,637.0000,3.1850,9.2730,4.2437,118.0000,WB,4125.0000
30618_ab5921a4,83,11.3136,9.2699,4.7000,49.8873,780.9162,192.0000,10.6144,11.3340,10.6236,47.0000,WB,4175.0000
30618_ab5921a4,84,10.8938,7.1197,5.5339,50.1278,785.6161,226.0000,9.0584,10.8060,9.0505,54.0000,WB,4225.0000
30618_ab5921a4,85,7.0796,0.0000,34.7000,49.9530,791.1500,1403.0000,1.4396,7.0400,1.4512,346.0000,WB,4275.0000
30618_ab5921a4,86,8.0278,5.0324,7.3500,49.9816,825.8500,298.0000,6.8002,8.0150,6.7944,70.0000,WB,4325.0000
30618_ab5921a4,87,8.5027,7.5385,6.2000,50.0475,833.2000,253.0000,8.0722,8.5400,8.0702,58.0000,WB,4375.0000
30618_ab5921a4,88,9.9412,8.0542,5.5662,49.9687,839.4000,226.0000,8.9772,9.9100,8.9652,56.0000,WB,4425.0000
30618_ab5921a4,89,10.0423,6.8287,6.1000,50.0327,844.9662,250.0000,8.2021,10.0920,8.1970,59.0000,WB,4475.0000
30618_ab5921a4,90,6.8225,0.0000,28.5338,50.0274,851.0662,1159.0000,1.7533,6.7970,1.7835,279.0000,WB,4525.0000
30618_ab5921a4,91,6.4548,0.0000,21.0000,50.1404,879.6000,860.0000,2.3876,6.3930,2.3839,208.0000,WB,4575.0000
30618_ab5921a4,92,10.8854,6.4833,5.7000,50.0846,900.6000,232.0000,8.7868,10.8060,8.7479,57.0000,WB,4625.0000
30618_ab5921a4,93,12.5310,10.9074,4.2000,49.9782,906.3000,172.0000,11.8996,12.4970,11.8733,42.0000,WB,4675.0000
30618_ab5921a4,94,12.9602,12.4106,3.9000,49.7928,910.5000,158.0000,12.7674,12.9540,12.7584,39.0000,WB,4725.0000
30618_ab5921a4,95,12.3859,8.9974,4.7000,50.2033,914.4000,193.0000,10.6815,12.4130,10.7107,46.0000,WB,4775.0000
30618_ab5921a4,96,8.9760,8.4047,5.8000,49.8709,919.1000,237.0000,8.5984,8.9960,8.6148,58.0000,WB,4825.0000
30618_ab5921a4,97,8.7248,8.3362,5.8500,49.9100,924.9000,238.0000,8.5316,8.7460,8.5494,47.0000,WB,4875.0000
30618_ab5921a4,98,8.3317,3.7728,8.8000,50.1492,930.7500,362.0000,5.6988,8.3410,5.7223,86.0000,WB,4925.0000
30618_ab5921a4,99,5.1639,0.0000,23.1500,49.8426,939.5500,946.0000,2.1530,5.1640,2.0986,222.0000,WB,4975.0000
30618_ab5921a4,100,9.5950,2.1257,8.3500,50.1285,962.7000,343.0000,6.0034,9.5210,6.0029,82.0000,WB,5025.0000
30618_ab5921a4,101,11.4356,9.6270,4.6000,49.8283,971.0500,191.0000,10.8322,11.4630,10.8064,47.0000,WB,5075.0000
30618_ab5921a4,102,10.5832,6.7523,5.6871,49.9811,975.6500,234.0000,8.7885,10.5840,8.7808,55.0000,WB,5125.0000
30618_ab5921a4,103,6.7379,4.4381,10.1129,50.1366,981.3371,419.0000,4.9577,6.6840,4.9500,101.0000,WB,5175.0000
30618_ab5921a4,104,7.2888,0.0000,22.1500,50.0206,991.4500,916.0000,2.2583,7.2760,2.1686,192.0000,WB,5225.0000
30618_ab5921a4,105,7.4776,4.2130,8.2000,49.9461,1013.6000,340.0000,6.0910,7.4850,6.1099,82.0000,WB,5275.0000
30618_ab5921a4,106,4.3024,0.0000,87.0500,49.9773,1021.8000,3610.0000,0.5741,4.3120,0.5794,869.0000,WB,5325.0000
30618_ab5921a4,107,3.0805,1.3825,20.0662,49.9664,1108.8500,857.0000,2.4901,3.0960,2.5061,200.0000,WB,5375.0000
30618_ab5921a4,108,4.1917,2.4444,16.9001,49.9944,1128.9162,716.0000,2.9582,4.2090,2.9511,169.0000,WB,5425.0000
30618_ab5921a4,109,3.4940,0.0000,9.5499,8.7838,1145.8162,405.0000,0.9198,3.5690,0.9913,96.0000,WB,5475.0000
30618_ab5921a4,140,,,,,,,,0.0410,0.0243,26.0000,EB,4122.1417
30618_af7496f0,0,3.4189,0.0000,23.8484,49.0953,1.2352,932.0000,2.0586,3.4620,2.0802,239.0000,WB,25.0000
30618_af7496f0,1,3.4273,3.0719,15.4664,49.9421,25.0836,619.0000,3.2291,3.4490,3.2193,153.0000,WB,75.0000
30618_af7496f0,2,3.4366,0.0000,44.9500,51.4994,40.5500,1799.0000,1.1457,3.4580,1.1476,415.0000,WB,125.0000
30618_af7496f0,3,4.2507,1.4311,17.3336,49.9937,85.5000,693.0000,2.8842,4.2780,2.6635,187.0000,WB,175.0000
30618_af7496f0,4,8.6964,2.8525,8.6501,50.0736,102.8336,351.0000,5.7888,3.9760,3.0987,37.0000,WB,225.0000
30618_af7496f0,5,8.6058,0.0000,56.8499,50.0689,111.4836,2284.0000,0.8807,0.0230,0.0066,58.0000,WB,275.0000
30618_af7496f0,6,6.8111,0.0000,31.3500,52.1445,168.3335,1257.0000,1.6633,6.7260,1.4320,293.0000,WB,325.0000
30618_af7496f0,7,7.7808,0.0000,61.9665,51.1970,199.6835,2481.0000,0.8262,7.7560,0.8247,616.0000,WB,375.0000
30618_af7496f0,8,10.8322,7.7938,4.8335,45.5131,261.6500,195.0000,9.4162,10.8180,9.4347,48.0000,WB,425.0000
30618_af7496f0,216,,,,,,,,6.4970,5.5841,21.0000,EB,320.1378
30618_af7496f0,217,,,,,,,,8.7160,1.1980,440.0000,EB,270.1378
30618_af7496f0,218,,,,,,,,8.6820,7.2333,36.0000,EB,220.1378
30618_b15eafc3,112,2.6924,0.0000,19.6231,5.1423,1.1000,914.0000,0.2621,2.6560,0.2605,194.0000,EB,5511.1413
30618_b15eafc3,113,3.4032,0.0000,70.6000,49.9660,20.7231,3454.0000,0.7077,3.4160,0.7108,702.0000,EB,5466.1414
30618_b15eafc3,114,3.3662,0.0063,22.4500,49.9833,91.3231,1088.0000,2.2264,3.3180,2.2290,224.0000,EB,5421.1425
30618_b15eafc3,115,4.6171,2.5332,15.4500,50.1698,113.7731,747.0000,3.2472,4.5090,3.2265,155.0000,EB,5369.1419
30618_b15eafc3,116,7.0932,4.6348,8.1000,49.8848,129.2231,387.0000,6.1586,7.0970,6.1353,81.0000,EB,5316.1420
30618_b15eafc3,117,7.2185,0.0000,37.0500,50.1421,137.3231,1798.0000,1.3534,7.1710,1.3597,368.0000,EB,5266.1420
30618_b15eafc3,118,10.8215,7.2375,5.3769,49.9566,174.3731,259.0000,9.2910,10.7940,9.2480,52.0000,EB,5216.1420
30618_b15eafc3,119,11.1239,10.7344,4.6000,50.0566,179.7500,220.0000,10.8819,11.1070,10.8681,46.0000,EB,5166.1420
30618_b15eafc3,120,10.7459,6.8471,5.6925,50.0530,184.3500,273.0000,8.7928,10.7620,8.9771,41.0000,EB,5116.1421
30618_b15eafc3,121,6.8225,0.0000,32.8075,50.2195,190.0425,1599.0000,1.5307,6.4070,1.4229,306.0000,EB,5066.1420
30618_b15eafc3,122,10.2641,5.5282,6.1731,49.9561,222.8500,299.0000,8.0926,10.2250,8.0240,62.0000,EB,5016.1420
30618_b15eafc3,123,10.7331,8.9985,4.9000,49.9149,229.0231,234.0000,10.1866,10.7370,10.1928,47.0000,EB,4966.1420
30618_b15eafc3,124,8.9849,8.4573,5.8269,49.9996,233.9231,275.0000,8.5809,8.9510,8.5867,58.0000,EB,4917.1420
30618_b15eafc3,125,9.9109,8.4118,5.7000,50.1298,239.7500,274.0000,8.7947,9.8030,8.7773,57.0000,EB,4867.1420
30618_b15eafc3,126,10.9357,9.9160,4.6957,50.0660,245.4500,223.0000,10.6620,10.9540,10.6434,47.0000,EB,4818.1420
30618_b15eafc3,127,11.2063,10.9304,4.5007,49.8133,250.1457,213.0000,11.0678,11.2040,11.0545,45.0000,EB,4768.1420
30618_b15eafc3,128,11.2098,7.9603,5.1266,50.0631,254.6465,243.0000,9.7653,11.2240,9.7966,51.0000,EB,4718.1420
30618_b15eafc3,129,7.9461,0.0000,35.0269,50.0390,259.7731,1680.0000,1.4286,7.9240,1.4314,350.0000,EB,4668.1421
30618_b15eafc3,130,9.6634,2.5443,8.0500,50.0856,294.8000,382.0000,6.2218,9.5700,6.1634,80.0000,EB,4618.1420
30618_b15eafc3,131,12.3178,9.6727,4.4500,49.9133,302.8500,210.0000,11.2165,12.2970,11.1657,45.0000,EB,4568.1420
30618_b15eafc3,132,12.9258,12.3252,3.9500,50.1139,307.3000,184.0000,12.6871,12.9490,12.6795,39.0000,EB,4518.1420
30618_b15eafc3,133,12.4728,9.2575,4.5731,49.7722,311.2500,215.0000,10.8837,12.4890,10.9297,46.0000,EB,4468.1419
30618_b15eafc3,134,9.2408,8.1669,5.9500,49.9935,315.8231,274.0000,8.4022,9.2730,8.4101,60.0000,EB,4418.1420
30618_b15eafc3,135,8.3102,7.9935,6.1769,50.1019,321.7731,280.0000,8.1112,8.2810,8.1053,61.0000,EB,4369.1419
30618_b15eafc3,136,8.2758,6.9752,6.3731,49.9744,327.9500,289.0000,7.8415,8.2650,7.8554,64.0000,EB,4320.1420
30618_b15eafc3,137,9.8510,7.0047,6.1295,49.9105,334.3231,274.0000,8.1427,9.8420,8.1817,61.0000,EB,4271.1418
30618_b15eafc3,138,10.2701,8.0709,5.2475,50.0037,340.4525,237.0000,9.5291,10.2490,9.5424,33.0000,EB,4222.1418
30618_b15eafc3,139,8.0530,0.0000,28.7500,49.9532,345.7000,1324.0000,1.7375,8.0880,1.7501,288.0000,EB,4172.1418
30618_b15eafc3,140,7.5915,2.4667,8.5500,49.9768,374.4500,388.0000,5.8452,7.6220,5.8543,81.0000,EB,4122.1417
30618_b15eafc3,141,6.9534,0.0000,62.7731,50.2083,383.0000,2784.0000,0.7998,6.9720,0.8038,622.0000,EB,4072.1418
30618_b15eafc3,142,10.2834,4.7251,6.5000,50.0589,445.7731,287.0000,7.7014,10.2050,7.6109,65.0000,EB,4022.1417
30618_b15eafc3,143,10.9587,10.1802,4.6769,49.9434,452.2731,201.0000,10.6787,11.0310,10.6750,47.0000,EB,3972.1418
30618_b15eafc3,144,10.1566,7.1984,5.9231,49.9987,456.9500,250.0000,8.4413,10.2050,8.4948,57.0000,EB,3922.1417
30618_b15eafc3,145,7.1960,6.6164,7.3000,49.9510,462.8731,307.0000,6.8426,7.2350,6.8463,74.0000,EB,3872.1417
30618_b15eafc3,146,6.8045,6.7199,7.4269,50.1010,470.1731,322.0000,6.7459,6.8150,6.7401,74.0000,EB,3822.1418
30618_b15eafc3,147,7.0369,6.6045,7.4231,49.9821,477.6000,308.0000,6.7333,7.0330,6.7275,74.0000,EB,3772.1418
30618_b15eafc3,148,7.3099,5.2157,7.4500,49.9368,485.0231,315.0000,6.7029,7.3340,6.6987,75.0000,EB,3722.1418
30618_b15eafc3,149,5.2040,3.3612,13.0269,50.0458,492.4731,532.0000,3.8417,5.1830,3.8462,130.0000,EB,3672.1417
30618_b15eafc3,150,5.1917,3.7682,12.3231,49.9529,505.5000,505.0000,4.0536,5.0840,4.0513,120.0000,EB,3618.1407
30618_b15eafc3,151,8.6063,5.2155,6.6500,50.0122,517.8231,272.0000,7.5206,8.6290,7.4879,66.0000,EB,3566.1401
30618_b15eafc3,152,8.1356,0.9035,10.5269,50.0185,524.4731,428.0000,4.7515,8.1730,4.8818,98.0000,EB,3516.1400
30618_b15eafc3,153,8.8646,0.0000,45.0731,49.8844,535.0000,1817.0000,1.1067,8.8440,1.0957,452.0000,EB,3466.1401
30618_b15eafc3,154,10.9588,8.8691,5.2500,49.8562,580.0731,212.0000,9.4964,10.8870,9.4607,53.0000,EB,3416.1400
30618_b15eafc3,155,13.1981,10.9715,4.1769,50.2518,585.3231,168.0000,12.0308,13.1770,12.0038,42.0000,EB,3366.1400
30618_b15eafc3,156,14.3517,13.2123,3.6000,49.9315,589.5000,145.0000,13.8699,14.3230,13.8513,36.0000,EB,3316.1401
30618_b15eafc3,157,14.3475,13.9810,3.5231,49.7630,593.1000,141.0000,14.1248,14.4020,14.1139,35.0000,EB,3266.1400
30618_b15eafc3,158,14.0914,13.4982,3.6000,50.2085,596.6231,145.0000,13.9469,14.1330,13.9555,36.0000,EB,3216.1399
30618_b15eafc3,159,13.4881,10.8248,4.0769,49.8539,600.2231,164.0000,12.2283,13.4970,12.2550,41.0000,EB,3166.1399
30618_b15eafc3,160,10.8049,0.0000,24.9231,50.1147,604.3000,1005.0000,2.0108,10.8040,2.0338,248.0000,EB,3116.1399
30618_b15eafc3,161,6.0232,0.0000,74.3269,50.1668,629.2231,2990.0000,0.6749,5.9330,0.6771,719.0000,EB,3066.1398
30618_b15eafc3,162,10.9610,6.0519,5.8500,49.9044,703.5500,234.0000,8.5307,10.7980,8.4399,56.0000,EB,3016.1399
30618_b15eafc3,163,13.5980,10.9830,4.0231,50.1052,709.4000,162.0000,12.4545,13.6670,12.3865,41.0000,EB,2966.1399
30618_b15eafc3,164,14.4109,13.6057,3.5269,49.7587,713.4231,141.0000,14.1083,14.4190,14.0699,35.0000,EB,2916.1400
30618_b15eafc3,165,14.3997,14.0954,3.5232,50.2886,716.9500,142.0000,14.2737,14.4300,14.2576,35.0000,EB,2866.1398
30618_b15eafc3,166,14.3410,13.9556,3.5499,49.9129,720.4732,142.0000,14.0602,14.2890,14.0651,36.0000,EB,2816.1396
30618_b15eafc3,167,13.9497,11.7604,3.9500,50.0017,724.0231,158.0000,12.6587,14.0570,12.6888,39.0000,EB,2766.1396
30618_b15eafc3,168,12.4100,11.6931,4.1769,50.0401,727.9731,167.0000,11.9802,12.4280,11.9748,37.0000,EB,2717.1395
30618_b15eafc3,169,12.4074,11.1266,4.3000,49.8735,732.1500,173.0000,11.5985,12.4190,11.5990,42.0000,EB,2667.1395
30618_b15eafc3,170,11.1343,8.2177,5.2731,50.0894,736.4500,213.0000,9.4990,11.1560,9.5277,53.0000,EB,2617.1396
30618_b15eafc3,171,8.5429,8.0246,6.1000,49.9424,741.7231,244.0000,8.1873,8.5360,8.1923,61.0000,EB,2567.1395
30618_b15eafc3,172,9.9799,8.5511,5.2500,49.9898,747.8231,212.0000,9.5218,9.9900,9.5192,52.0000,EB,2518.1395
30618_b15eafc3,173,9.3459,7.0884,6.5269,50.0864,753.0731,262.0000,7.6738,9.3550,7.6960,66.0000,EB,2468.1395
30618_b15eafc3,174,8.5506,7.1451,6.3500,50.0193,759.6000,255.0000,7.8771,8.4980,7.8576,63.0000,EB,2418.1394
30618_b15eafc3,175,11.9720,8.5973,4.8231,50.0062,765.9500,195.0000,10.3681,11.8460,10.2982,48.0000,EB,2368.1396
30618_b15eafc3,176,13.5667,11.9861,3.8769,50.0315,770.7731,155.0000,12.9049,13.5120,12.8585,39.0000,EB,2318.1394
30618_b15eafc3,177,14.2307,13.5766,3.5731,49.9211,774.6500,145.0000,13.9715,14.2140,13.9498,36.0000,EB,2268.1394
30618_b15eafc3,178,14.3437,14.2123,3.5002,50.0249,778.2231,141.0000,14.2922,14.3680,14.2877,35.0000,EB,2218.1393
30618_b15eafc3,179,14.3032,14.2094,3.4999,49.9395,781.7232,141.0000,14.2689,14.3030,14.2611,35.0000,EB,2168.1393
30618_b15eafc3,180,14.2052,13.8934,3.5769,50.0680,785.2231,144.0000,13.9977,14.1680,14.0002,35.0000,EB,2118.1391
30618_b15eafc3,181,13.9859,13.4451,3.6731,50.0464,788.8000,148.0000,13.6251,14.0180,13.6215,31.0000,EB,2068.1392
30618_b15eafc3,182,13.6846,13.5639,3.6769,50.0892,792.4731,148.0000,13.6227,13.6840,13.6062,36.0000,EB,2017.1391
30618_b15eafc3,183,13.6417,13.2093,3.7000,49.8566,796.1500,149.0000,13.4748,13.6280,13.4520,37.0000,EB,1967.1389
30618_b15eafc3,184,13.2170,13.0601,3.8000,49.9406,799.8500,152.0000,13.1423,13.2140,13.1213,38.0000,EB,1917.1389
30618_b15eafc3,185,13.0766,11.8769,3.9000,49.9645,803.6500,158.0000,12.8114,13.0580,12.7794,39.0000,EB,1867.1388
30618_b15eafc3,186,11.8618,9.1093,4.7731,50.0411,807.5500,192.0000,10.4840,11.8430,10.4889,47.0000,EB,1817.1386
30618_b15eafc3,187,9.3715,8.7636,5.5769,50.1037,812.3231,223.0000,8.9841,9.3520,8.9688,56.0000,EB,1767.1386
30618_b15eafc3,188,9.5388,9.3748,5.2500,49.8211,817.9000,212.0000,9.4897,9.5570,9.4942,52.0000,EB,1717.1386
30618_b15eafc3,189,9.5216,8.4535,5.5731,50.0372,823.1500,225.0000,8.9783,9.5250,8.9776,56.0000,EB,1667.1386
30618_b15eafc3,190,9.7366,8.5494,5.2769,50.0686,828.7231,212.0000,9.4883,9.7400,9.5126,33.0000,EB,1617.1386
30618_b15eafc3,191,8.5246,4.5377,6.9231,50.0154,834.0000,279.0000,7.2244,8.5030,7.2667,69.0000,EB,1567.1386
30618_b15eafc3,192,7.5670,4.2325,8.2000,50.0169,840.9231,329.0000,6.0997,7.6010,6.0910,82.0000,EB,1517.1386
30618_b15eafc3,193,7.5477,6.9721,6.8769,49.9644,849.1231,275.0000,7.2655,7.5640,7.2751,69.0000,EB,1467.1386
30618_b15eafc3,194,7.3228,6.9262,7.0500,49.9874,856.0000,284.0000,7.0904,7.3570,7.1074,70.0000,EB,1417.1386
30618_b15eafc3,195,9.6672,6.9932,6.0500,50.0752,863.0500,246.0000,8.2769,9.6710,8.2648,61.0000,EB,1367.1385
30618_b15eafc3,196,10.0907,9.6708,5.0231,49.8020,869.1000,201.0000,9.9147,10.1090,9.9293,50.0000,EB,1317.1385
30618_b15eafc3,197,10.0603,9.7987,5.0500,50.1197,874.1231,203.0000,9.9247,10.0830,9.9389,50.0000,EB,1267.1386
30618_b15eafc3,198,9.8551,9.6549,5.1269,49.9162,879.1731,205.0000,9.7361,9.8760,9.7445,52.0000,EB,1217.1386
30618_b15eafc3,199,9.9252,9.4766,5.1000,50.1583,884.3000,207.0000,9.8350,9.9700,9.8512,50.0000,EB,1167.1386
30618_b15eafc3,200,9.4587,5.0145,7.0231,49.9602,889.4000,283.0000,7.1137,9.5450,7.2034,70.0000,EB,1117.1385
30618_b15eafc3,201,5.0016,0.0000,28.2000,49.9774,896.4231,1141.0000,1.7722,5.0730,1.7855,282.0000,EB,1067.1385
30618_b15eafc3,202,4.2870,0.0000,22.1500,49.8449,924.6231,895.0000,2.2503,4.3030,2.2465,221.0000,EB,1017.1385
30618_b15eafc3,203,4.1094,1.3820,17.5269,50.0242,946.7731,709.0000,2.8541,4.1300,2.8703,175.0000,EB,967.1384
30618_b15eafc3,204,7.6189,0.0000,34.0500,49.7641,964.3000,1374.0000,1.4615,7.4830,1.4583,342.0000,EB,917.1384
30618_b15eafc3,205,9.7087,7.6125,5.5000,50.0353,998.3500,226.0000,9.0973,9.7040,9.0476,55.0000,EB,867.1384
30618_b15eafc3,206,9.7188,8.3347,5.6500,49.8853,1003.8500,229.0000,8.8293,9.7230,8.8379,57.0000,EB,818.1384
30618_b15eafc3,207,8.7001,8.5171,5.8231,50.1418,1009.5000,237.0000,8.6109,8.7300,8.6066,58.0000,EB,768.1383
30618_b15eafc3,208,8.7652,8.5072,5.7769,49.8637,1015.3231,233.0000,8.6315,8.7510,8.6284,58.0000,EB,718.1382
30618_b15eafc3,209,8.7061,8.4091,5.8500,50.1110,1021.1000,237.0000,8.5660,8.7590,8.5606,57.0000,EB,669.1382
30618_b15eafc3,210,8.6529,7.5377,5.9500,49.8920,1026.9500,243.0000,8.3852,8.6540,8.3568,60.0000,EB,620.1381
30618_b15eafc3,211,9.4003,6.2408,6.8231,50.1383,1032.9000,280.0000,7.3483,9.3330,7.3191,66.0000,EB,570.1380
30618_b15eafc3,212,12.4322,9.4183,4.5269,49.9566,1039.7231,185.0000,11.0355,12.4070,11.0061,46.0000,EB,520.1379
30618_b15eafc3,213,13.1608,12.4470,3.8731,49.8509,1044.2500,160.0000,12.8710,13.2090,12.8747,38.0000,EB,470.1379
30618_b15eafc3,214,12.4746,10.6253,4.2769,50.2560,1048.1231,175.0000,11.7506,12.5080,11.7814,42.0000,EB,420.1378
30618_b15eafc3,215,10.5997,0.0000,13.8731,49.8679,1052.4000,572.0000,3.5946,10.5640,3.5339,142.0000,EB,370.1378
30618_b15eafc3,216,6.5604,0.5481,11.1269,49.9350,1066.2731,454.0000,4.4878,6.5550,4.6217,107.0000,EB,320.1378
30618_b15eafc3,217,5.9206,0.0000,95.0731,50.3943,1077.4000,3905.0000,0.5301,5.9050,0.5453,950.0000,EB,270.1378
30618_b15eafc3,218,3.4920,2.5144,17.9269,50.0424,1172.4731,750.0000,2.7915,3.5740,2.7922,176.0000,EB,220.1378
30618_b15eafc3,219,3.0900,0.0000,48.6000,49.8951,1190.4000,2007.0000,1.0266,3.1210,1.0768,495.0000,EB,173.1339
30618_b15eafc3,220,3.7223,1.4865,16.4000,49.9779,1239.0000,678.0000,3.0474,3.7250,3.0505,156.0000,EB,0.0000
30618_b15eafc3,221,1.4726,0.0000,3.4731,2.6971,1255.4000,145.0000,0.7766,1.4060,0.8116,34.0000,WB,21.3710
30618_b8044aa0,112,2.8080,0.0000,32.4000,5.4346,1.2000,1547.0000,0.1677,2.7820,0.2256,225.0000,EB,5511.1413
30618_b8044aa0,113,3.4741,2.8269,15.9500,49.9943,33.6000,780.0000,3.1344,3.4350,3.1373,134.0000,EB,5466.1414
30618_b8044aa0,114,3.3616,2.4520,17.0972,50.3038,49.5500,829.0000,2.9422,3.4130,2.9486,170.0000,EB,5421.1425
30618_b8044aa0,115,4.8369,2.5050,15.1028,50.2397,66.6472,729.0000,3.3265,6.6690,3.4302,154.0000,EB,5369.1419
30618_b8044aa0,116,7.2661,4.8586,7.9731,50.0002,81.7500,384.0000,6.2711,7.2630,6.4331,55.0000,EB,5316.1420
30618_b8044aa0,117,7.3498,0.0000,32.8269,49.7230,89.7231,1584.0000,1.5147,,,,EB,5266.1420
30618_b8044aa0,118,10.8848,7.3671,5.3000,49.9283,122.5500,251.0000,9.4204,,,,EB,5216.1420
30618_b8044aa0,119,11.1279,10.7277,4.5929,50.1589,127.8500,222.0000,10.9211,,,,EB,5166.1420
30618_b8044aa0,120,10.7038,6.6157,5.8071,50.0067,132.4429,271.0000,8.6112,6.8060,6.7263,3.0000,EB,5116.1421
30618_b8044aa0,121,6.5987,0.0000,33.9231,50.1987,138.2500,1639.0000,1.4798,6.6200,1.4924,340.0000,EB,5066.1420
30618_b8044aa0,122,10.3492,5.6026,6.1000,50.0160,172.1731,288.0000,8.1994,10.3470,8.1769,61.0000,EB,5016.1420
30618_b8044aa0,123,10.6910,8.7650,4.9500,49.9999,178.2731,231.0000,10.1010,10.6700,10.0973,49.0000,EB,4966.1420
30618_b8044aa0,124,8.7510,8.2484,5.9769,49.9440,183.2231,288.0000,8.3562,8.7290,8.3481,58.0000,EB,4917.1420
30618_b8044aa0,125,9.8682,8.3813,5.7731,49.9205,189.2000,277.0000,8.6471,9.8320,8.6325,58.0000,EB,4867.1420
30618_b8044aa0,126,10.9418,9.8850,4.7001,50.1607,194.9731,219.0000,10.6723,10.9340,10.6600,47.0000,EB,4818.1420
30618_b8044aa0,127,11.1901,10.9259,4.5269,50.0590,199.6731,216.0000,11.0582,11.1840,11.0326,45.0000,EB,4768.1420
30618_b8044aa0,128,11.1915,7.9250,5.1231,49.8904,204.2000,240.0000,9.7384,11.2140,9.7183,52.0000,EB,4718.1420
30618_b8044aa0,129,7.9083,0.0000,34.6500,50.5900,209.3231,1657.0000,1.4600,7.8250,1.7056,232.0000,EB,4668.1421
30618_b8044aa0,130,9.7521,2.5817,7.9500,50.1123,243.9731,378.0000,6.3034,9.6510,6.7762,67.0000,EB,4618.1420
30618_b8044aa0,131,12.3791,9.7709,4.4269,50.0393,251.9231,206.0000,11.3034,12.3600,11.2498,44.0000,EB,4568.1420
30618_b8044aa0,132,12.8049,12.3857,3.9231,49.7686,256.3500,189.0000,12.6860,12.8080,12.6715,40.0000,EB,4518.1420
30618_b8044aa0,133,12.7451,9.3867,4.5000,50.0000,260.2731,213.0000,11.1111,12.7640,11.1087,45.0000,EB,4468.1419
30618_b8044aa0,134,9.3941,4.0194,7.6500,50.0546,264.7731,354.0000,6.5431,9.3510,6.5692,76.0000,EB,4418.1420
30618_b8044aa0,135,7.9116,0.0000,38.7500,50.1050,272.4231,1844.0000,1.2930,7.8770,1.1559,326.0000,EB,4369.1419
30618_b8044aa0,136,8.3410,6.8755,6.4269,50.0577,311.1731,301.0000,7.7888,8.3540,7.8000,64.0000,EB,4320.1420
30618_b8044aa0,137,9.9299,6.8905,6.2000,49.9439,317.6000,292.0000,8.0555,9.9130,8.0666,62.0000,EB,4271.1418
30618_b8044aa0,138,10.3179,7.9922,5.2731,50.0876,323.8000,250.0000,9.4988,10.3330,9.4995,52.0000,EB,4222.1418
30618_b8044aa0,139,7.9763,0.0000,39.0269,49.7586,329.0731,1848.0000,1.2750,7.9590,1.2832,389.0000,EB,4172.1418
30618_b8044aa0,140,7.6279,2.6114,8.4231,49.9964,368.1000,378.0000,5.9356,7.6510,5.9632,84.0000,EB,4122.1417
30618_b8044aa0,141,6.7787,0.0000,62.5999,50.0652,376.5231,2865.0000,0.7998,6.7070,0.7999,623.0000,EB,4072.1418
30618_b8044aa0,142,10.3646,4.8364,6.4500,50.0609,439.1231,285.0000,7.7613,10.3460,7.7298,63.0000,EB,4022.1417
30618_b8044aa0,143,10.7498,9.7165,4.8269,50.0663,445.5731,203.0000,10.3723,10.7570,10.3678,48.0000,EB,3972.1418
30618_b8044aa0,144,9.7048,7.0896,6.1000,49.9285,450.4000,266.0000,8.1850,9.7370,8.2009,61.0000,EB,3922.1417
30618_b8044aa0,145,7.0958,6.8061,7.2000,49.9098,456.5000,307.0000,6.9319,7.1050,6.9289,72.0000,EB,3872.1417
30618_b8044aa0,146,6.8417,6.6449,7.4000,50.0368,463.7000,314.0000,6.7617,6.8630,6.7531,72.0000,EB,3822.1418
30618_b8044aa0,147,7.0580,6.6156,7.3000,50.0569,471.1000,303.0000,6.8571,7.0840,6.8534,73.0000,EB,3772.1418
30618_b8044aa0,148,6.7847,5.1224,8.3731,49.8914,478.4000,357.0000,5.9585,6.7950,5.9574,84.0000,EB,3722.1418
30618_b8044aa0,149,5.1092,3.5210,12.7500,50.0533,486.7731,533.0000,3.9258,5.0640,3.9295,113.0000,EB,3672.1417
30618_b8044aa0,150,5.0702,3.8302,12.2769,49.9230,499.5231,521.0000,4.0664,5.0840,4.0693,115.0000,EB,3618.1407
30618_b8044aa0,151,8.5773,5.0985,6.7000,50.1506,511.8000,289.0000,7.4852,8.6070,7.5512,57.0000,EB,3566.1401
30618_b8044aa0,152,8.0496,1.2602,10.5000,49.8730,518.5000,449.0000,4.7498,8.0630,4.6013,110.0000,EB,3516.1400
30618_b8044aa0,153,8.9803,0.0000,50.9731,50.1878,529.0000,2081.0000,0.9846,8.9770,0.9893,505.0000,EB,3466.1401
30618_b8044aa0,154,11.3475,8.9849,5.1500,49.9203,579.9731,211.0000,9.6932,11.2550,9.6692,51.0000,EB,3416.1400
30618_b8044aa0,155,13.7058,11.3659,3.9500,50.1408,585.1231,162.0000,12.6939,13.7030,12.6308,33.0000,EB,3366.1400
30618_b8044aa0,156,14.4591,13.7135,3.5269,49.9809,589.0731,144.0000,14.1715,14.5310,14.1555,33.0000,EB,3316.1401
30618_b8044aa0,157,14.3221,14.0259,3.5500,50.0922,592.6000,144.0000,14.1105,14.3240,14.0980,36.0000,EB,3266.1400
30618_b8044aa0,158,14.2366,13.7440,3.5232,49.8430,596.1500,142.0000,14.1471,14.2860,14.1443,35.0000,EB,3216.1399
30618_b8044aa0,159,13.7296,10.7976,4.0768,50.0314,599.6732,166.0000,12.2722,13.6820,12.2514,41.0000,EB,3166.1399
30618_b8044aa0,160,10.7780,6.4837,5.8000,49.9552,603.7500,233.0000,8.6130,10.7490,8.5942,58.0000,EB,3116.1399
30618_b8044aa0,161,6.4651,0.0000,69.7500,50.2402,609.5500,2802.0000,0.7203,6.4110,0.7205,673.0000,EB,3066.1398
30618_b8044aa0,162,10.3574,4.4868,6.6500,49.9627,679.3000,267.0000,7.5132,10.3490,7.4992,66.0000,EB,3016.1399
30618_b8044aa0,163,13.4138,10.3777,4.1732,50.1450,685.9500,168.0000,12.0160,13.4320,12.0071,41.0000,EB,2966.1399
30618_b8044aa0,164,14.3727,13.4236,3.5768,49.9414,690.1232,143.0000,13.9626,14.3060,13.9302,36.0000,EB,2916.1400
30618_b8044aa0,165,14.3763,14.0510,3.5231,49.9787,693.7000,142.0000,14.1860,14.4210,14.1692,35.0000,EB,2866.1398
30618_b8044aa0,166,14.2046,13.4385,3.5769,50.1829,697.2231,145.0000,14.0298,14.2340,14.0219,36.0000,EB,2816.1396
30618_b8044aa0,167,13.4222,11.7503,4.0500,49.9294,700.8000,165.0000,12.3283,13.4200,12.3210,41.0000,EB,2766.1396
30618_b8044aa0,168,12.6117,11.7521,4.1000,50.0035,704.8500,164.0000,12.1960,12.6270,12.1996,41.0000,EB,2717.1395
30618_b8044aa0,169,12.6244,11.2337,4.2500,49.8667,708.9500,170.0000,11.7333,12.6530,11.7306,42.0000,EB,2667.1395
30618_b8044aa0,170,11.2947,8.2240,5.2500,50.1177,713.2000,211.0000,9.5462,11.2880,9.5415,53.0000,EB,2617.1396
30618_b8044aa0,171,8.2639,8.0702,6.1231,49.9976,718.4500,245.0000,8.1654,8.2670,8.1692,61.0000,EB,2567.1395
30618_b8044aa0,172,9.9580,8.2369,5.3000,50.0025,724.5731,214.0000,9.4345,9.9380,9.4380,53.0000,EB,2518.1395
30618_b8044aa0,173,9.4513,7.0168,6.5000,49.8871,729.8731,263.0000,7.6749,9.4130,7.6642,65.0000,EB,2468.1395
30618_b8044aa0,174,8.4950,7.0827,6.3769,50.0917,736.3731,256.0000,7.8551,8.5110,7.8490,64.0000,EB,2418.1394
30618_b8044aa0,175,12.0597,8.5332,4.8231,50.0606,742.7500,195.0000,10.3794,12.0220,10.3831,48.0000,EB,2368.1396
30618_b8044aa0,176,13.6194,12.0744,3.8500,49.9626,747.5731,154.0000,12.9772,13.5730,12.9590,38.0000,EB,2318.1394
30618_b8044aa0,177,14.2396,13.6251,3.5769,50.0552,751.4231,144.0000,13.9941,14.2310,13.9786,36.0000,EB,2268.1394
30618_b8044aa0,178,14.2432,14.1431,3.5231,49.9983,755.0000,141.0000,14.1915,14.2840,14.1838,35.0000,EB,2218.1393
30618_b8044aa0,179,14.2484,14.1455,3.5001,49.7573,758.5231,140.0000,14.2161,14.2530,14.2084,36.0000,EB,2168.1393
30618_b8044aa0,180,14.1412,13.8296,3.5999,50.1833,762.0232,144.0000,13.9401,14.0730,13.9391,36.0000,EB,2118.1391
30618_b8044aa0,181,13.9462,13.4009,3.6769,50.0054,765.6231,147.0000,13.5999,13.9530,13.5857,36.0000,EB,2068.1392
30618_b8044aa0,182,13.6525,13.5159,3.6731,49.9025,769.3000,149.0000,13.5858,13.6800,13.5663,37.0000,EB,2017.1391
30618_b8044aa0,183,13.5960,13.1832,3.7269,50.0154,772.9731,152.0000,13.4202,13.5930,13.3851,38.0000,EB,1967.1389
30618_b8044aa0,184,13.2292,13.0838,3.8000,50.0294,776.7000,153.0000,13.1656,13.2200,13.1411,38.0000,EB,1917.1389
30618_b8044aa0,185,13.1280,11.9765,3.8731,49.8503,780.5000,156.0000,12.8708,13.1200,12.8137,39.0000,EB,1867.1388
30618_b8044aa0,186,11.9572,9.0881,4.7769,50.1361,784.3731,191.0000,10.4956,11.8400,10.4215,48.0000,EB,1817.1386
30618_b8044aa0,187,9.3914,8.7202,5.5731,49.9210,789.1500,225.0000,8.9575,9.3940,8.9537,56.0000,EB,1767.1386
30618_b8044aa0,188,9.5831,9.3947,5.2500,49.9717,794.7231,212.0000,9.5183,9.5990,9.5252,52.0000,EB,1717.1386
30618_b8044aa0,189,9.7406,9.5834,5.1769,49.9864,799.9731,208.0000,9.6557,9.7580,9.6583,52.0000,EB,1667.1386
30618_b8044aa0,190,9.8213,8.7772,5.1731,50.0719,805.1500,209.0000,9.6794,9.8590,9.6736,51.0000,EB,1617.1386
30618_b8044aa0,191,8.7498,3.9273,8.9269,50.0490,810.3231,360.0000,5.6065,8.6320,5.5730,91.0000,EB,1567.1386
30618_b8044aa0,192,7.8087,4.2999,7.4731,49.9486,819.2500,301.0000,6.6838,7.8570,6.7704,73.0000,EB,1517.1386
30618_b8044aa0,193,7.4333,7.0836,6.9269,49.9943,826.7231,279.0000,7.2174,7.4710,7.2238,70.0000,EB,1467.1386
30618_b8044aa0,194,7.3294,6.9155,7.0730,50.0830,833.6500,284.0000,7.0809,7.3570,7.0931,69.0000,EB,1417.1386
30618_b8044aa0,195,9.7081,6.9416,6.0501,50.0579,840.7230,244.0000,8.2739,9.7290,8.2893,60.0000,EB,1367.1385
30618_b8044aa0,196,10.0985,9.7112,5.0269,49.8788,846.7731,202.0000,9.9224,10.1010,9.9332,51.0000,EB,1317.1385
30618_b8044aa0,197,10.0652,9.7378,5.0500,50.0366,851.8000,202.0000,9.9082,10.1050,9.9132,50.0000,EB,1267.1386
30618_b8044aa0,198,9.8798,9.6467,5.1231,49.9985,856.8500,205.0000,9.7594,9.9360,9.7669,49.0000,EB,1217.1386
30618_b8044aa0,199,9.9167,9.6743,5.1000,50.0566,861.9731,205.0000,9.8150,9.9220,9.8305,50.0000,EB,1167.1386
30618_b8044aa0,200,9.6681,4.6831,7.0000,49.9284,867.0731,284.0000,7.1326,9.7050,7.0902,71.0000,EB,1117.1385
30618_b8044aa0,201,4.7424,3.7053,11.9999,49.9768,874.0731,481.0000,4.1648,4.7490,4.1553,118.0000,EB,1067.1385
30618_b8044aa0,202,4.3080,0.0000,43.2769,50.2030,886.0731,1736.0000,1.1600,4.3180,1.1625,426.0000,EB,1017.1385
30618_b8044aa0,203,4.0153,1.4640,17.6231,50.0528,929.3500,714.0000,2.8402,4.0150,2.8335,177.0000,EB,967.1384
30618_b8044aa0,204,7.7335,0.0000,82.2000,50.0382,946.9731,3301.0000,0.6087,7.6930,0.6394,705.0000,EB,917.1384
30618_b8044aa0,205,9.6825,7.7522,5.4769,50.1107,1029.1731,220.0000,9.1495,9.6800,9.1317,54.0000,EB,867.1384
30618_b8044aa0,206,9.6779,8.2073,5.7000,49.8113,1034.6500,230.0000,8.7388,9.6920,8.7443,58.0000,EB,818.1384
30618_b8044aa0,207,8.7470,8.4222,5.8731,50.0112,1040.3500,238.0000,8.5153,8.7620,8.5164,55.0000,EB,768.1383
30618_b8044aa0,208,8.7245,7.9218,5.8500,49.9502,1046.2231,236.0000,8.5385,8.7370,8.5386,43.0000,EB,718.1382
30618_b8044aa0,209,7.9052,0.0000,25.4000,50.1787,1052.0731,1031.0000,1.9755,7.8470,1.9855,199.0000,EB,669.1382
30618_b8044aa0,210,9.0784,2.4029,8.2500,49.9610,1077.4731,336.0000,6.0559,8.9630,6.0117,62.0000,EB,620.1381
30618_b8044aa0,211,12.1362,9.0836,4.7500,50.1367,1085.7231,195.0000,10.5551,12.1300,10.5310,47.0000,EB,570.1380
30618_b8044aa0,212,13.8090,12.1510,3.8000,49.8519,1090.4731,155.0000,13.1190,13.7790,13.1040,38.0000,EB,520.1379
30618_b8044aa0,213,13.9812,12.4791,3.7269,50.1827,1094.2731,153.0000,13.4650,14.0140,13.4774,37.0000,EB,470.1379
30618_b8044aa0,214,12.4616,10.6398,4.2500,49.7567,1098.0000,171.0000,11.7075,12.4460,11.7156,43.0000,EB,420.1378
30618_b8044aa0,215,10.6268,0.0000,44.4000,50.0855,1102.2500,1801.0000,1.1281,10.5480,1.1266,444.0000,EB,370.1378
30618_b8044aa0,216,7.1749,1.0871,9.7231,50.0500,1146.6500,395.0000,5.1475,7.1690,5.1996,96.0000,EB,320.1378
30618_b8044aa0,217,6.1553,0.0000,36.4500,49.9775,1156.3731,1502.0000,1.3711,6.1820,1.3797,360.0000,EB,270.1378
30618_b8044aa0,218,3.5861,2.4466,18.0000,50.0415,1192.8231,744.0000,2.7801,3.6610,2.7858,179.0000,EB,220.1378
30618_b8044aa0,219,3.0710,0.0000,45.2269,49.9530,1210.8231,1867.0000,1.1045,3.1680,1.1103,452.0000,EB,173.1339
30618_b8044aa0,220,3.7291,1.6292,16.4231,50.0271,1256.0500,686.0000,3.0461,3.7270,3.0735,163.0000,EB,0.0000
30618_b8044aa0,221,1.6180,0.0000,3.1500,2.7106,1272.4731,132.0000,0.8605,1.6770,0.9694,33.0000,WB,21.3710
30618_b83d854d,0,3.4797,0.2491,18.0051,49.9939,17.9500,819.0000,2.7766,3.4780,2.7426,181.0000,WB,25.0000
30618_b83d854d,1,3.4686,2.9831,15.6449,50.1002,35.9551,703.0000,3.2023,3.4690,3.2135,156.0000,WB,75.0000
30618_b83d854d,2,3.7216,0.0000,23.4500,49.8351,51.6000,1075.0000,2.1252,3.7680,2.1277,232.0000,WB,125.0000
30618_b83d854d,3,4.2939,0.0000,36.5500,49.6870,75.0500,1665.0000,1.3594,4.2960,1.3640,367.0000,WB,175.0000
30618_b83d854d,4,7.2282,3.2918,8.8872,49.9875,111.6000,409.0000,5.6247,7.2080,5.5987,89.0000,WB,225.0000
30618_b83d854d,5,6.3587,0.0000,25.8128,50.3939,120.4872,1145.0000,1.9523,6.3750,1.8991,247.0000,WB,275.0000
30618_b83d854d,6,10.4593,6.4096,5.8000,50.2741,146.3000,248.0000,8.6680,10.5180,8.8749,65.0000,WB,325.0000
30618_b83d854d,7,11.7530,10.2916,4.6500,49.9437,152.1000,199.0000,10.7406,11.6910,10.7578,39.0000,WB,375.0000
30618_b83d854d,8,12.7740,11.7800,4.0500,50.2938,156.7500,167.0000,12.4182,12.7500,12.3933,40.0000,WB,425.0000
30618_b83d854d,9,12.2092,8.9838,4.7000,49.6915,160.8000,195.0000,10.5727,12.1260,10.5392,48.0000,WB,475.0000
30618_b83d854d,10,8.9506,2.9031,8.5051,50.0917,165.5000,355.0000,5.8896,8.8600,5.7548,87.0000,WB,525.0000
30618_b83d854d,11,8.3144,0.0000,17.3949,50.3175,174.0051,716.0000,2.8927,8.2990,2.9778,163.0000,WB,575.0000
30618_b83d854d,12,8.3847,8.1005,6.1000,50.3530,191.4000,248.0000,8.2546,8.3780,8.2402,55.0000,WB,625.0000
30618_b83d854d,13,8.2532,8.0240,6.1500,49.8803,197.5000,250.0000,8.1106,8.2710,8.0980,62.0000,WB,675.0000
30618_b83d854d,14,8.4234,8.1729,6.0500,49.9280,203.6500,246.0000,8.2526,8.4190,8.2516,61.0000,WB,725.0000
30618_b83d854d,15,8.7638,8.3939,5.8064,49.8403,209.7000,235.0000,8.5837,8.8150,8.5883,58.0000,WB,775.0000
30618_b83d854d,16,8.8329,6.3891,6.2436,50.1204,215.5064,251.0000,8.0274,8.8400,7.9995,57.0000,WB,825.0000
30618_b83d854d,17,6.3585,0.0000,75.6052,50.2927,221.7500,3048.0000,0.6652,6.3290,0.6695,746.0000,WB,875.0000
30618_b83d854d,18,4.2557,0.8929,20.2948,50.0240,297.3552,816.0000,2.4649,4.2090,2.4648,198.0000,WB,925.0000
30618_b83d854d,19,4.2490,2.3405,17.0551,49.9854,317.6500,684.0000,2.9308,4.2490,2.9364,170.0000,WB,975.0000
30618_b83d854d,20,5.7570,3.9925,11.6000,49.9839,334.7051,466.0000,4.3089,5.7920,4.3141,116.0000,WB,1025.0000
30618_b83d854d,21,6.9306,3.5043,8.5448,50.1565,346.3052,346.0000,5.8698,6.9150,5.6319,93.0000,WB,1075.0000
30618_b83d854d,22,6.7157,2.1837,15.7000,50.0688,354.8500,631.0000,3.1891,2.8760,2.5420,98.0000,WB,1125.0000
30618_b83d854d,23,7.2642,6.7400,7.1000,50.0413,370.5500,285.0000,7.0481,,,,WB,1175.0000
30618_b83d854d,24,7.3173,6.8317,7.0551,49.7022,377.6500,284.0000,7.0448,,,,WB,1225.0000
30618_b83d854d,25,7.0965,6.8672,7.1500,50.0052,384.7051,287.0000,6.9937,,,,WB,1275.0000
30618_b83d854d,26,7.0955,6.8885,7.0949,50.0403,391.8551,283.0000,7.0530,,,,WB,1325.0000
30618_b83d854d,27,7.1041,6.8318,7.2000,50.2197,398.9500,288.0000,6.9750,,,,WB,1375.0000
30618_b83d854d,28,7.2336,6.8373,7.1000,49.8097,406.1500,285.0000,7.0155,,,,WB,1425.0000
30618_b83d854d,29,7.0005,3.4032,8.7500,50.1226,413.2500,357.0000,5.7283,,,,WB,1475.0000
30618_b83d854d,30,7.2172,0.0000,16.7500,49.8440,422.0000,674.0000,2.9758,,,,WB,1525.0000
30618_b83d854d,31,6.9995,6.5264,7.4500,50.1595,438.7500,302.0000,6.7328,,,,WB,1575.0000
30618_b83d854d,32,7.2042,6.7077,7.2000,49.9401,446.2000,293.0000,6.9361,,,,WB,1625.0000
30618_b83d854d,33,7.0896,5.5661,7.4000,49.9803,453.4000,297.0000,6.7541,,,,WB,1675.0000
30618_b83d854d,34,5.6176,2.3325,15.1000,50.1352,460.8000,609.0000,3.3202,5.5720,4.3687,23.0000,WB,1725.0000
30618_b83d854d,35,7.1832,5.6653,7.4000,49.8399,475.9000,299.0000,6.7351,7.1840,6.7277,74.0000,WB,1775.0000
30618_b83d854d,36,7.0517,6.5490,7.3500,49.9976,483.3000,295.0000,6.8024,7.0480,6.7979,74.0000,WB,1825.0000
30618_b83d854d,37,9.9951,6.8974,6.1500,50.2484,490.6500,248.0000,8.1705,9.9940,8.1581,61.0000,WB,1875.0000
30618_b83d854d,38,10.9258,9.5279,5.0500,50.0320,496.8000,204.0000,9.9073,10.7760,9.8729,50.0000,WB,1925.0000
30618_b83d854d,39,13.5965,10.9664,4.0000,49.5725,501.8500,163.0000,12.3931,13.5540,12.3422,41.0000,WB,1975.0000
30618_b83d854d,40,14.2933,13.6130,3.6000,50.5183,505.8500,144.0000,14.0329,14.3130,14.0152,35.0000,WB,2025.0000
30618_b83d854d,41,14.4714,14.2815,3.4500,49.6700,509.4500,138.0000,14.3971,14.4930,14.3781,35.0000,WB,2075.0000
30618_b83d854d,42,14.6416,14.4782,3.4500,50.2513,512.9000,139.0000,14.5656,14.6470,14.5406,35.0000,WB,2125.0000
30618_b83d854d,43,14.6311,14.4378,3.4500,50.1107,516.3500,140.0000,14.5248,14.6300,14.5079,34.0000,WB,2175.0000
30618_b83d854d,44,14.6481,14.5033,3.4000,49.5389,519.8000,137.0000,14.5703,14.6830,14.5571,34.0000,WB,2225.0000
30618_b83d854d,45,14.6580,12.2988,3.6738,49.9979,523.2000,149.0000,13.6093,14.6160,13.6086,37.0000,WB,2275.0000
30618_b83d854d,46,12.3036,9.0192,4.7262,50.2955,526.8738,190.0000,10.6419,12.2260,10.6056,48.0000,WB,2325.0000
30618_b83d854d,47,8.9991,5.6984,7.3551,49.7422,531.6000,296.0000,6.7629,8.9120,6.7159,74.0000,WB,2375.0000
30618_b83d854d,48,10.6476,5.8918,5.8449,49.9309,538.9551,235.0000,8.5427,10.6680,8.6226,58.0000,WB,2425.0000
30618_b83d854d,49,11.0101,8.8019,4.8500,49.9778,544.8000,195.0000,10.3047,11.0050,10.2472,49.0000,WB,2475.0000
30618_b83d854d,50,8.7709,8.1081,5.9500,50.0404,549.6500,240.0000,8.4102,8.7120,8.4173,59.0000,WB,2525.0000
30618_b83d854d,51,8.6910,5.2812,6.7500,50.4149,555.6000,272.0000,7.4689,8.6740,7.3890,68.0000,WB,2575.0000
30618_b83d854d,52,7.9117,0.0000,38.0500,50.0050,562.3500,1534.0000,1.3142,7.9720,1.3172,379.0000,WB,2625.0000
30618_b83d854d,53,11.5926,7.9550,5.0500,50.1226,600.4000,204.0000,9.9253,11.5680,9.9580,50.0000,WB,2675.0000
30618_b83d854d,54,12.5273,11.6097,4.1000,49.5881,605.4500,167.0000,12.0947,12.5420,12.0994,41.0000,WB,2725.0000
30618_b83d854d,55,13.7695,12.5431,3.7500,49.9175,609.5500,152.0000,13.3113,13.7480,13.2970,37.0000,WB,2775.0000
30618_b83d854d,56,13.9093,13.4247,3.6500,50.3585,613.3000,146.0000,13.7968,13.8840,13.7747,36.0000,WB,2825.0000
30618_b83d854d,57,13.3900,10.3554,4.2500,50.1221,616.9500,171.0000,11.7934,13.2400,11.7480,43.0000,WB,2875.0000
30618_b83d854d,58,10.3245,7.9682,5.6500,49.6409,621.2000,227.0000,8.7860,10.2590,8.7381,57.0000,WB,2925.0000
30618_b83d854d,59,8.1214,1.4673,10.7000,50.1843,626.8500,434.0000,4.6901,8.0530,4.3086,117.0000,WB,2975.0000
30618_b83d854d,60,9.1728,0.0000,45.9500,51.1150,637.5500,1863.0000,1.1124,9.1350,1.1142,445.0000,WB,3025.0000
30618_b83d854d,61,12.2129,9.2219,4.6000,49.6935,683.5000,191.0000,10.8029,12.1620,10.7825,46.0000,WB,3075.0000
30618_b83d854d,62,13.7391,12.2594,3.8500,50.4507,688.1000,155.0000,13.1041,13.6870,13.0727,38.0000,WB,3125.0000
30618_b83d854d,63,14.4201,13.7499,3.5500,50.0304,691.9500,144.0000,14.0931,14.4120,14.0786,36.0000,WB,3175.0000
30618_b83d854d,64,14.6397,14.4262,3.4000,49.4470,695.5000,139.0000,14.5432,14.6680,14.5426,34.0000,WB,3225.0000
30618_b83d854d,65,14.6352,13.7181,3.5000,50.1690,698.9000,143.0000,14.3340,14.6020,14.3172,35.0000,WB,3275.0000
30618_b83d854d,66,13.6734,10.4367,4.1552,49.8229,702.4000,168.0000,11.9905,13.6380,11.9991,42.0000,WB,3325.0000
30618_b83d854d,67,10.4331,6.4484,5.9948,50.2835,706.5552,242.0000,8.3879,10.4140,8.3692,60.0000,WB,3375.0000
30618_b83d854d,68,6.4284,0.0000,54.4500,50.2375,712.5500,2221.0000,0.9226,6.3670,0.9224,535.0000,WB,3425.0000
30618_b83d854d,69,8.5694,4.3945,7.0500,50.1660,767.0000,292.0000,7.1157,8.6090,7.1013,63.0000,WB,3475.0000
30618_b83d854d,70,8.3344,2.7501,9.2000,49.8260,774.0500,373.0000,5.4159,8.3550,5.4358,89.0000,WB,3525.0000
30618_b83d854d,71,3.1101,0.9854,20.2000,50.0111,783.2500,828.0000,2.4758,3.0900,2.4767,219.0000,WB,3575.0000
30618_b83d854d,72,4.3351,2.4472,15.8500,50.0007,803.4500,648.0000,3.1546,4.3800,3.3622,114.0000,WB,3625.0000
30618_b83d854d,73,8.4203,4.2055,8.7552,49.8664,819.3000,360.0000,5.6956,8.3360,5.6732,88.0000,WB,3675.0000
30618_b83d854d,74,9.7182,8.0827,5.7948,49.9841,828.0552,235.0000,8.6257,9.6830,8.6184,58.0000,WB,3725.0000
30618_b83d854d,75,11.7939,9.7442,4.6000,49.8942,833.8500,190.0000,10.8466,11.7610,10.8285,46.0000,WB,3775.0000
30618_b83d854d,76,12.2711,11.4932,4.1500,50.0432,838.4500,175.0000,12.0586,12.2550,12.0231,42.0000,WB,3825.0000
30618_b83d854d,77,11.4316,6.8773,5.4051,49.9791,842.6000,224.0000,9.2466,11.3340,9.1828,54.0000,WB,3875.0000
30618_b83d854d,78,7.0972,0.0000,47.1719,50.3700,848.0051,1935.0000,1.0678,7.0400,1.0650,468.0000,WB,3925.0000
30618_b83d854d,79,8.9252,5.1285,6.6230,50.1449,895.1770,278.0000,7.5714,8.9240,7.5810,65.0000,WB,3975.0000
30618_b83d854d,80,8.2586,4.8098,7.6000,50.0847,901.8000,315.0000,6.5901,8.2810,6.5802,76.0000,WB,4025.0000
30618_b83d854d,81,8.1376,0.0000,44.8500,49.7793,909.4000,1844.0000,1.1099,8.1200,1.0827,400.0000,WB,4075.0000
30618_b83d854d,82,9.3903,0.1518,10.7000,49.9117,954.2500,451.0000,4.6646,9.3610,5.1109,88.0000,WB,4125.0000
30618_b83d854d,83,11.4916,9.4262,4.6500,50.0361,964.9500,195.0000,10.7605,11.5160,10.7593,46.0000,WB,4175.0000
30618_b83d854d,84,11.4592,8.1375,5.1000,50.0053,969.6000,218.0000,9.8050,11.4580,9.8203,51.0000,WB,4225.0000
30618_b83d854d,85,8.5091,7.3685,6.5000,50.1812,974.7000,272.0000,7.7202,8.4780,7.7260,65.0000,WB,4275.0000
30618_b83d854d,86,9.2842,8.5436,5.5500,50.0459,981.2000,236.0000,9.0173,9.2990,9.0205,55.0000,WB,4325.0000
30618_b83d854d,87,8.9198,8.0458,5.8051,49.6935,986.7500,248.0000,8.5603,8.9600,8.5713,55.0000,WB,4375.0000
30618_b83d854d,88,10.2936,8.0539,5.4949,50.0779,992.5551,229.0000,9.1136,10.2870,9.1224,52.0000,WB,4425.0000
30618_b83d854d,89,11.2243,10.2517,4.6000,50.0133,998.0500,199.0000,10.8725,11.2220,10.8590,46.0000,WB,4475.0000
30618_b83d854d,90,10.2150,5.9015,6.2500,49.9787,1002.6500,275.0000,7.9966,10.1510,7.9920,62.0000,WB,4525.0000
30618_b83d854d,91,6.4553,0.0000,20.1500,50.2171,1008.9000,888.0000,2.4922,6.4630,2.5050,202.0000,WB,4575.0000
30618_b83d854d,92,10.9886,6.4930,5.6500,49.8785,1029.0500,254.0000,8.8281,10.9350,8.8198,55.0000,WB,4625.0000
30618_b83d854d,93,12.5015,11.0222,4.2000,50.2050,1034.7000,190.0000,11.9536,12.5150,11.9332,42.0000,WB,4675.0000
30618_b83d854d,94,12.8876,12.2853,3.9051,49.6298,1038.9000,177.0000,12.7089,12.8820,12.7053,39.0000,WB,4725.0000
30618_b83d854d,95,12.2813,8.7958,4.7949,50.2959,1042.8051,220.0000,10.4895,12.2710,10.5150,46.0000,WB,4775.0000
30618_b83d854d,96,8.7697,8.2771,5.8500,49.8939,1047.6000,266.0000,8.5289,8.7710,8.5482,52.0000,WB,4825.0000
30618_b83d854d,97,8.7521,8.3388,5.8500,49.8963,1053.4500,267.0000,8.5293,8.7710,8.5398,58.0000,WB,4875.0000
30618_b83d854d,98,8.6024,7.6533,5.9500,50.1515,1059.3000,277.0000,8.4288,8.6280,8.4495,59.0000,WB,4925.0000
30618_b83d854d,99,7.6211,0.0000,18.2500,49.8641,1065.2500,824.0000,2.7323,7.6590,2.7619,169.0000,WB,4975.0000
30618_b83d854d,100,9.6708,2.2661,8.1500,49.8336,1083.5000,373.0000,6.1146,9.7320,6.1644,81.0000,WB,5025.0000
30618_b83d854d,101,12.1622,9.7074,4.5000,50.4029,1091.6500,203.0000,11.2006,12.1360,11.1895,44.0000,WB,5075.0000
30618_b83d854d,102,12.2173,9.6403,4.5000,49.9794,1096.1500,206.0000,11.1065,12.2280,11.1498,45.0000,WB,5125.0000
30618_b83d854d,103,9.6101,5.0212,6.7551,49.7077,1100.6500,322.0000,7.3585,9.6580,7.3942,68.0000,WB,5175.0000
30618_b83d854d,104,6.5367,0.0000,21.2949,50.0642,1107.4051,986.0000,2.3510,6.5120,2.3531,212.0000,WB,5225.0000
30618_b83d854d,105,6.7850,3.9809,9.6000,49.9273,1128.7000,453.0000,5.2008,6.7810,5.2084,95.0000,WB,5275.0000
30618_b83d854d,106,4.2359,0.0000,40.6000,50.0219,1138.3000,1886.0000,1.2321,4.2710,1.2225,382.0000,WB,5325.0000
30618_b83d854d,107,3.1158,1.8555,18.6500,49.8828,1178.9000,893.0000,2.6747,3.1180,2.6736,167.0000,WB,5375.0000
30618_b83d854d,108,3.0582,2.4698,8.9551,23.6587,1197.5500,436.0000,2.6419,3.0510,2.6442,90.0000,WB,5425.0000
30618_b83d854d,221,0.2378,0.0000,16.8500,0.1075,1.1000,761.0000,0.0064,0.1970,0.0066,165.0000,WB,21.3710
30618_b95ca60a,66,,,,,,,,10.5400,10.2324,8.0000,WB,3325.0000
30618_b95ca60a,67,,,,,,,,9.8810,8.7886,28.0000,WB,3375.0000
30618_b95ca60a,112,2.5911,0.0000,14.3000,5.1199,1.1500,561.0000,0.3580,2.5440,0.3601,141.0000,EB,5511.1413
30618_b95ca60a,113,3.3589,2.6104,16.0000,50.0079,15.4500,660.0000,3.1255,3.3600,3.1261,151.0000,EB,5466.1414
30618_b95ca60a,114,3.3290,2.0198,17.6500,50.1524,31.4500,736.0000,2.8415,3.3380,2.8494,175.0000,EB,5421.1425
30618_b95ca60a,115,5.0780,2.5314,15.4000,50.1743,49.1000,648.0000,3.2581,4.9000,3.2123,155.0000,EB,5369.1419
30618_b95ca60a,116,7.1823,5.0038,7.9000,49.9377,64.5000,329.0000,6.3212,7.1660,6.2786,80.0000,EB,5316.1420
30618_b95ca60a,117,7.2129,0.0000,31.7231,50.3505,72.4000,1319.0000,1.5872,7.1080,1.5703,302.0000,EB,5266.1420
30618_b95ca60a,118,10.7848,7.2319,5.3769,49.8381,104.1231,228.0000,9.2689,10.7760,9.1926,54.0000,EB,5216.1420
30618_b95ca60a,119,11.1029,10.6967,4.6231,50.1867,109.5000,196.0000,10.8556,11.1100,10.8491,46.0000,EB,5166.1420
30618_b95ca60a,120,10.7348,6.8830,5.6769,49.9602,114.1231,241.0000,8.8006,10.7750,8.8732,57.0000,EB,5116.1421
30618_b95ca60a,121,6.8648,0.0000,39.1000,50.0242,119.8000,1679.0000,1.2794,6.9200,1.2857,390.0000,EB,5066.1420
30618_b95ca60a,122,10.2327,5.4728,6.2000,49.9263,158.9000,275.0000,8.0526,10.1790,7.9838,62.0000,EB,5016.1420
30618_b95ca60a,123,10.7398,9.0541,4.9000,49.9707,165.1000,222.0000,10.1981,10.7370,10.2176,49.0000,EB,4966.1420
30618_b95ca60a,124,9.0480,8.4325,5.8000,50.1000,170.0000,258.0000,8.6379,9.0630,8.6549,58.0000,EB,4917.1420
30618_b95ca60a,125,9.8539,8.4052,5.7500,49.9863,175.8000,259.0000,8.6933,9.7840,8.6813,58.0000,EB,4867.1420
30618_b95ca60a,126,10.9828,9.8724,4.7000,50.1023,181.5500,208.0000,10.6601,10.9460,10.5969,29.0000,EB,4818.1420
30618_b95ca60a,127,11.2376,10.9731,4.5000,50.0019,186.2500,207.0000,11.1115,11.2500,11.1079,43.0000,EB,4768.1420
30618_b95ca60a,128,11.2453,8.0626,5.0731,49.8414,190.7500,233.0000,9.8247,11.2860,9.8828,48.0000,EB,4718.1420
30618_b95ca60a,129,8.0457,0.0000,32.2500,49.9600,195.8231,1486.0000,1.5491,8.1250,1.4311,293.0000,EB,4668.1421
30618_b95ca60a,130,9.3368,2.1472,9.0769,50.0536,228.0731,418.0000,5.5144,9.2460,5.4358,92.0000,EB,4618.1420
30618_b95ca60a,131,12.2003,9.3584,4.5500,49.9500,237.1500,210.0000,10.9780,12.1620,10.9226,45.0000,EB,4568.1420
30618_b95ca60a,132,12.8997,12.2084,3.9500,49.8677,241.7000,180.0000,12.6247,12.9000,12.6058,39.0000,EB,4518.1420
30618_b95ca60a,133,12.4427,9.2919,4.6000,50.0402,245.6500,207.0000,10.8783,12.4460,10.9046,46.0000,EB,4468.1419
30618_b95ca60a,134,9.2732,8.1255,5.9000,50.0775,250.2500,267.0000,8.4877,9.2640,8.5209,44.0000,EB,4418.1420
30618_b95ca60a,135,8.2882,7.9416,6.1731,50.0178,256.1500,283.0000,8.1026,8.2890,8.0921,61.0000,EB,4369.1419
30618_b95ca60a,136,8.2491,6.9774,6.3769,50.0127,262.3231,300.0000,7.8427,8.2590,7.8616,64.0000,EB,4320.1420
30618_b95ca60a,137,10.2385,6.9694,6.1731,50.0196,268.7000,289.0000,8.1028,10.1400,8.0469,62.0000,EB,4271.1418
30618_b95ca60a,138,12.1278,10.2561,4.3500,49.8841,274.8731,197.0000,11.4676,12.1430,11.4357,44.0000,EB,4222.1418
30618_b95ca60a,139,12.0795,8.2965,4.7500,50.1537,279.2231,212.0000,10.5587,12.0700,10.5964,47.0000,EB,4172.1418
30618_b95ca60a,140,8.2598,6.1789,7.1769,49.9938,283.9731,328.0000,6.9659,8.3480,6.9836,72.0000,EB,4122.1417
30618_b95ca60a,141,6.7826,0.0000,48.4231,49.6347,291.1500,2341.0000,1.0250,6.7720,1.0378,485.0000,EB,4072.1418
30618_b95ca60a,142,10.2524,4.6808,6.5269,49.9314,339.5731,317.0000,7.6501,10.1170,7.7046,63.0000,EB,4022.1417
30618_b95ca60a,143,10.9461,10.1811,4.7000,50.1054,346.1000,232.0000,10.6607,10.9670,10.6623,46.0000,EB,3972.1418
30618_b95ca60a,144,10.1718,7.3090,5.8500,49.9374,350.8000,285.0000,8.5363,10.1950,8.5427,58.0000,EB,3922.1417
30618_b95ca60a,145,7.3060,6.6254,7.2231,49.9586,356.6500,357.0000,6.9165,7.2920,6.9159,72.0000,EB,3872.1417
30618_b95ca60a,146,6.8849,6.6371,7.3769,50.0511,363.8731,368.0000,6.7848,6.8840,6.7766,73.0000,EB,3822.1418
30618_b95ca60a,147,6.8965,6.6151,7.4311,49.9425,371.2500,370.0000,6.7207,6.9210,6.7149,75.0000,EB,3772.1418
30618_b95ca60a,148,7.2952,5.3057,7.4419,50.0424,378.6811,367.0000,6.7244,7.3410,6.7227,74.0000,EB,3722.1418
30618_b95ca60a,149,5.2905,3.4439,12.8500,50.0603,386.1231,633.0000,3.8957,5.2530,3.9261,80.0000,EB,3672.1417
30618_b95ca60a,150,5.1329,3.7885,12.1769,50.0353,398.9731,603.0000,4.1090,5.0610,4.1384,103.0000,EB,3618.1407
30618_b95ca60a,151,8.5126,5.1595,6.7000,49.8587,411.1500,330.0000,7.4416,8.5460,7.4134,67.0000,EB,3566.1401
30618_b95ca60a,152,8.1044,1.3851,10.1000,50.0703,417.8500,496.0000,4.9575,8.1240,4.9465,102.0000,EB,3516.1400
30618_b95ca60a,153,8.7161,0.0000,39.9731,50.2154,427.9500,1985.0000,1.2562,8.6930,1.2388,393.0000,EB,3466.1401
30618_b95ca60a,154,9.5432,8.7209,5.4769,49.9023,467.9231,268.0000,9.1115,9.5530,9.1134,66.0000,EB,3416.1400
30618_b95ca60a,155,9.9758,8.1264,5.6731,50.0690,473.4000,276.0000,8.8257,8.8820,8.6157,10.0000,EB,3366.1400
30618_b95ca60a,156,13.1519,9.9954,4.3000,50.1264,479.0731,208.0000,11.6573,13.1160,11.9427,36.0000,EB,3316.1401
30618_b95ca60a,157,14.1786,13.1626,3.6218,49.8008,483.3731,179.0000,13.7503,14.2240,13.7599,37.0000,EB,3266.1400
30618_b95ca60a,158,14.3599,13.5602,3.5551,50.2340,486.9949,173.0000,14.1301,14.3470,14.1286,34.0000,EB,3216.1399
30618_b95ca60a,159,13.5446,10.9791,4.0500,49.8795,490.5500,198.0000,12.3159,13.5360,12.3599,40.0000,EB,3166.1399
30618_b95ca60a,160,10.9678,6.8139,5.5892,50.0092,494.6000,275.0000,8.9474,10.9960,9.0128,56.0000,EB,3116.1399
30618_b95ca60a,161,6.7958,0.0000,36.4608,50.0179,500.1892,1792.0000,1.3718,6.8500,1.3829,309.0000,EB,3066.1398
30618_b95ca60a,162,10.8894,5.9788,5.9000,49.9498,536.6500,286.0000,8.4661,10.8280,8.4205,57.0000,EB,3016.1399
30618_b95ca60a,163,13.5451,10.9107,4.0423,50.0655,542.5500,196.0000,12.3855,13.5910,12.3379,40.0000,EB,2966.1399
30618_b95ca60a,164,14.4379,13.5508,3.5308,49.7710,546.5923,174.0000,14.0961,14.4240,14.0549,36.0000,EB,2916.1400
30618_b95ca60a,165,14.4740,14.1716,3.5000,50.1574,550.1231,172.0000,14.3307,14.4730,14.3167,35.0000,EB,2866.1398
30618_b95ca60a,166,14.3962,13.7352,3.5500,50.1363,553.6231,169.0000,14.1227,14.4300,14.1167,35.0000,EB,2816.1396
30618_b95ca60a,167,13.7207,11.8196,3.9769,49.8528,557.1731,192.0000,12.5357,13.7200,12.5522,40.0000,EB,2766.1396
30618_b95ca60a,168,12.4971,11.7589,4.1491,50.0003,561.1500,199.0000,12.0510,12.4790,12.0473,42.0000,EB,2717.1395
30618_b95ca60a,169,12.5036,11.3406,4.2509,50.0777,565.2991,204.0000,11.7804,12.5480,11.7766,42.0000,EB,2667.1395
30618_b95ca60a,170,11.3397,8.3471,5.1404,49.8234,569.5500,250.0000,9.6925,11.3150,9.6852,52.0000,EB,2617.1396
30618_b95ca60a,171,8.3471,8.1376,6.1096,50.1850,574.6904,297.0000,8.2142,8.3300,8.2125,61.0000,EB,2567.1395
30618_b95ca60a,172,9.6824,8.3198,5.4500,49.9864,580.8000,260.0000,9.1718,9.6920,9.1772,54.0000,EB,2518.1395
30618_b95ca60a,173,8.4418,1.5522,9.9731,49.8776,586.2500,481.0000,5.0012,8.4290,4.9432,102.0000,EB,2468.1395
30618_b95ca60a,174,7.1506,0.0000,28.9269,50.0386,596.2231,1417.0000,1.7298,7.1470,1.7280,287.0000,EB,2418.1394
30618_b95ca60a,175,11.1913,7.1703,5.3731,50.0370,625.1500,259.0000,9.3125,11.1210,9.2851,54.0000,EB,2368.1396
30618_b95ca60a,176,13.2299,11.2059,4.0501,49.9694,630.5231,195.0000,12.3379,13.1640,12.3093,40.0000,EB,2318.1394
30618_b95ca60a,177,14.1574,13.2367,3.6269,49.8626,634.5731,171.0000,13.7482,14.1530,13.7323,37.0000,EB,2268.1394
30618_b95ca60a,178,14.4685,14.1563,3.5000,50.1998,638.2000,167.0000,14.3428,14.4960,14.3362,35.0000,EB,2218.1393
30618_b95ca60a,179,14.4903,14.3659,3.4500,49.8464,641.7000,169.0000,14.4482,14.4820,14.4351,34.0000,EB,2168.1393
30618_b95ca60a,180,14.3609,14.0622,3.5458,50.1746,645.1500,168.0000,14.1506,14.3290,14.1491,36.0000,EB,2118.1391
30618_b95ca60a,181,14.1420,13.5608,3.6273,49.8618,648.6958,173.0000,13.7462,14.1570,13.7256,36.0000,EB,2068.1392
30618_b95ca60a,182,13.7787,13.5928,3.6500,50.0293,652.3231,177.0000,13.7067,13.7800,13.6857,37.0000,EB,2017.1391
30618_b95ca60a,183,13.6599,13.4641,3.6769,49.9240,655.9731,178.0000,13.5776,13.6560,13.5431,37.0000,EB,1967.1389
30618_b95ca60a,184,13.4612,13.0955,3.8000,50.2761,659.6500,182.0000,13.2306,13.3940,13.1988,37.0000,EB,1917.1389
30618_b95ca60a,185,13.1029,11.8870,3.9000,49.9504,663.4500,185.0000,12.8078,13.0890,12.7248,41.0000,EB,1867.1388
30618_b95ca60a,186,11.8648,9.1076,4.7500,49.7860,667.3500,227.0000,10.4813,11.8630,10.3740,48.0000,EB,1817.1386
30618_b95ca60a,187,9.0992,0.0000,17.7923,50.0922,672.1000,858.0000,2.8154,8.8740,2.8992,172.0000,EB,1767.1386
30618_b95ca60a,188,9.1864,5.7316,6.4577,50.0423,689.8923,313.0000,7.7492,9.3950,7.8681,66.0000,EB,1717.1386
30618_b95ca60a,189,9.8438,9.1924,5.2231,49.9622,696.3500,249.0000,9.5657,9.9590,9.7006,52.0000,EB,1667.1386
30618_b95ca60a,190,10.0977,8.4851,5.0769,49.9507,701.5731,246.0000,9.8388,10.1370,9.2432,54.0000,EB,1617.1386
30618_b95ca60a,191,8.4453,3.9685,9.2731,49.9576,706.6500,444.0000,5.3874,6.7260,4.9306,97.0000,EB,1567.1386
30618_b95ca60a,192,7.5800,4.1361,7.8001,49.9989,715.9231,377.0000,6.4100,7.6270,7.0195,65.0000,EB,1517.1386
30618_b95ca60a,193,7.4857,7.0710,6.8499,50.0569,723.7232,331.0000,7.3077,7.4610,7.2937,64.0000,EB,1467.1386
30618_b95ca60a,194,7.2993,7.0626,6.9769,49.9236,730.5731,336.0000,7.1555,7.3170,7.1705,69.0000,EB,1417.1386
30618_b95ca60a,195,9.5823,7.1133,6.1231,50.0037,737.5500,289.0000,8.1664,9.6100,8.2154,62.0000,EB,1367.1385
30618_b95ca60a,196,10.1147,9.5862,5.0500,50.0412,743.6731,243.0000,9.9092,10.1430,9.9386,50.0000,EB,1317.1385
30618_b95ca60a,197,10.0695,9.8451,5.0269,50.0293,748.7231,244.0000,9.9523,10.1440,9.9631,50.0000,EB,1267.1386
30618_b95ca60a,198,9.9705,9.7975,5.0731,50.0259,753.7500,242.0000,9.8611,9.9890,9.8749,51.0000,EB,1217.1386
30618_b95ca60a,199,10.0849,9.4399,5.0500,49.8861,758.8231,236.0000,9.8783,10.1550,9.8738,51.0000,EB,1167.1386
30618_b95ca60a,200,9.4263,4.8713,7.0000,50.0660,763.8731,318.0000,7.1523,9.2810,7.0290,71.0000,EB,1117.1385
30618_b95ca60a,201,5.7039,3.8638,11.6000,50.0457,770.8731,557.0000,4.3143,5.7390,4.3004,114.0000,EB,1067.1385
30618_b95ca60a,202,5.7250,4.0095,11.1500,49.9956,782.4731,528.0000,4.4839,5.7610,4.4901,112.0000,EB,1017.1385
30618_b95ca60a,203,6.1028,2.4569,10.3500,50.0136,793.6231,486.0000,4.8322,6.1150,4.7958,104.0000,EB,967.1384
30618_b95ca60a,204,7.4904,0.0000,33.3769,50.3680,803.9731,1583.0000,1.5091,7.4470,1.5016,332.0000,EB,917.1384
30618_b95ca60a,205,9.6708,7.5111,5.5500,50.0103,837.3500,261.0000,9.0109,9.6610,8.9852,56.0000,EB,867.1384
30618_b95ca60a,206,9.6735,8.3994,5.6500,50.1330,842.9000,267.0000,8.8731,9.6870,8.8647,56.0000,EB,818.1384
30618_b95ca60a,207,8.7374,8.4668,5.8000,49.9086,848.5500,273.0000,8.6049,8.7650,8.6014,58.0000,EB,768.1383
30618_b95ca60a,208,8.7883,7.9684,5.8232,49.9642,854.3500,271.0000,8.5803,8.7760,8.5805,58.0000,EB,718.1382
30618_b95ca60a,209,7.9532,0.0000,44.5768,50.2577,860.1732,2043.0000,1.1274,7.9420,1.1407,446.0000,EB,669.1382
30618_b95ca60a,210,9.0536,2.3608,8.3731,49.9682,904.7500,375.0000,5.9677,8.9400,5.9308,84.0000,EB,620.1381
30618_b95ca60a,211,12.0206,9.0644,4.7500,49.9554,913.1231,207.0000,10.5169,11.9570,10.4791,47.0000,EB,570.1380
30618_b95ca60a,212,13.7202,12.0347,3.8500,50.0677,917.8731,173.0000,13.0046,13.7010,12.9742,39.0000,EB,520.1379
30618_b95ca60a,213,13.9176,12.7275,3.7000,50.1522,921.7231,165.0000,13.5546,13.9550,13.5719,37.0000,EB,470.1379
30618_b95ca60a,214,12.7137,10.7596,4.1999,49.8676,925.4231,184.0000,11.8734,12.7400,11.8863,42.0000,EB,420.1378
30618_b95ca60a,215,10.7464,2.0977,7.0269,50.0466,929.6231,310.0000,7.1221,10.7450,7.1577,70.0000,EB,370.1378
30618_b95ca60a,216,7.0094,0.0000,46.6500,49.9470,936.6500,2056.0000,1.0707,7.0020,1.0684,463.0000,EB,320.1378
30618_b95ca60a,217,6.2247,0.0000,20.1731,50.3339,983.3000,881.0000,2.4951,6.2630,2.5169,201.0000,EB,270.1378
30618_b95ca60a,218,3.8411,2.5794,17.4769,50.0207,1003.4731,737.0000,2.8621,3.9080,2.8552,174.0000,EB,220.1378
30618_b95ca60a,219,3.6397,0.0000,49.0500,50.1742,1020.9500,1998.0000,1.0229,3.7640,1.0394,490.0000,EB,173.1339
30618_b95ca60a,220,3.5921,1.8563,16.4231,50.0155,1070.0000,667.0000,3.0454,3.5390,3.0674,163.0000,EB,0.0000
30618_b95ca60a,221,1.8422,0.0000,3.0000,2.5543,1086.4231,123.0000,0.8514,2.0680,1.0435,34.0000,WB,21.3710
30618_d4ba7005,113,2.3995,0.0000,31.4764,3.9619,0.0000,1298.0000,0.1259,2.3050,0.1217,314.0000,EB,5466.1414
30618_d4ba7005,114,3.4811,1.9925,18.2736,50.0687,31.4764,796.0000,2.7399,3.4760,2.7458,182.0000,EB,5421.1425
30618_d4ba7005,115,4.6105,2.4634,15.2000,50.0440,49.7500,666.0000,3.2924,4.5420,3.2760,153.0000,EB,5369.1419
30618_d4ba7005,116,7.1622,4.6235,8.1290,50.0857,64.9500,362.0000,6.1614,7.1510,6.1458,81.0000,EB,5316.1420
30618_d4ba7005,117,7.3340,0.0000,35.4000,49.6665,73.0790,1620.0000,1.4030,7.2620,1.4151,351.0000,EB,5266.1420
30618_d4ba7005,118,10.8803,7.3336,5.3210,49.9542,108.4790,232.0000,9.3881,10.8780,9.3567,53.0000,EB,5216.1420
30618_d4ba7005,119,11.1287,10.7218,4.6000,50.2044,113.8000,205.0000,10.9140,11.1340,10.8962,46.0000,EB,5166.1420
30618_d4ba7005,120,10.7083,6.6894,5.7500,49.9672,118.4000,251.0000,8.6899,10.6710,8.7253,54.0000,EB,5116.1421
30618_d4ba7005,121,6.6756,0.0000,44.6790,49.9562,124.1500,2039.0000,1.1181,6.7090,1.1247,447.0000,EB,5066.1420
30618_d4ba7005,122,10.3323,5.5871,6.1413,50.0292,168.8290,264.0000,8.1464,10.3200,8.1058,62.0000,EB,5016.1420
30618_d4ba7005,123,10.7938,8.9439,4.9026,49.9181,174.9703,217.0000,10.1819,10.7900,10.1711,49.0000,EB,4966.1420
30618_d4ba7005,124,8.9128,8.3616,5.9004,50.0253,179.8729,253.0000,8.4784,8.8770,8.4733,49.0000,EB,4917.1420
30618_d4ba7005,125,9.9037,8.4771,5.7268,50.0544,185.7732,251.0000,8.7404,9.8050,8.7286,57.0000,EB,4867.1420
30618_d4ba7005,126,11.0222,9.9114,4.6790,50.1790,191.5000,201.0000,10.7244,11.0460,10.7220,47.0000,EB,4818.1420
30618_d4ba7005,127,11.2833,11.0238,4.4710,49.8845,196.1790,192.0000,11.1572,11.2820,11.1385,44.0000,EB,4768.1420
30618_d4ba7005,128,11.3032,8.1076,5.0289,49.9404,200.6500,212.0000,9.9306,11.3050,9.9451,51.0000,EB,4718.1420
30618_d4ba7005,129,8.0873,0.0000,37.4711,50.2040,205.6789,1674.0000,1.3398,8.0900,1.3439,375.0000,EB,4668.1421
30618_d4ba7005,130,8.6995,2.5185,8.4790,49.9829,243.1500,363.0000,5.8949,8.6290,5.8763,84.0000,EB,4618.1420
30618_d4ba7005,131,12.0178,8.7178,4.7710,50.0613,251.6290,207.0000,10.4928,11.9990,10.4392,48.0000,EB,4568.1420
30618_d4ba7005,132,12.8721,12.0260,3.9789,49.9732,256.4000,168.0000,12.5595,12.8620,12.5434,40.0000,EB,4518.1420
30618_d4ba7005,133,12.7196,9.4670,4.5000,49.9008,260.3789,187.0000,11.0890,12.6500,11.0885,43.0000,EB,4468.1419
30618_d4ba7005,134,9.4455,4.1177,7.5211,50.1320,264.8789,316.0000,6.6656,9.4530,6.6929,74.0000,EB,4418.1420
30618_d4ba7005,135,7.9097,0.0000,54.4789,50.0060,272.4000,2314.0000,0.9179,7.8940,0.9203,545.0000,EB,4369.1419
30618_d4ba7005,136,8.4729,6.9559,6.3211,50.0259,326.8789,264.0000,7.9142,8.4840,7.9287,61.0000,EB,4320.1420
30618_d4ba7005,137,10.3485,6.9578,6.1000,49.9875,333.2000,251.0000,8.1947,10.2710,8.1774,60.0000,EB,4271.1418
30618_d4ba7005,138,12.2163,10.3733,4.3291,50.0776,339.3000,176.0000,11.5678,12.2180,11.5350,39.0000,EB,4222.1418
30618_d4ba7005,139,12.1664,8.9071,4.7498,50.0360,343.6291,196.0000,10.5342,12.1750,10.5629,48.0000,EB,4172.1418
30618_d4ba7005,140,8.9121,7.3606,5.9501,49.8790,348.3789,243.0000,8.3829,8.8700,8.3883,59.0000,EB,4122.1417
30618_d4ba7005,141,7.3391,0.0000,37.0000,50.0754,354.3290,1502.0000,1.3534,7.3690,1.3645,370.0000,EB,4072.1418
30618_d4ba7005,142,10.3700,4.7877,6.4499,50.0588,391.3290,260.0000,7.7612,10.3800,7.7359,65.0000,EB,4022.1417
30618_d4ba7005,143,10.9693,10.0157,4.7000,49.9648,397.7789,190.0000,10.6307,11.0360,10.6324,47.0000,EB,3972.1418
30618_d4ba7005,144,10.0033,7.1326,6.0000,50.0572,402.4789,242.0000,8.3429,9.9830,8.3449,60.0000,EB,3922.1417
30618_d4ba7005,145,7.1291,6.8490,7.2000,49.8849,408.4789,289.0000,6.9285,7.1240,6.9255,72.0000,EB,3872.1417
30618_d4ba7005,146,6.8781,6.7957,7.3211,50.0609,415.6789,294.0000,6.8379,6.8840,6.8299,73.0000,EB,3822.1418
30618_d4ba7005,147,7.0897,6.5988,7.3789,49.8668,423.0000,298.0000,6.7580,7.0870,6.7566,74.0000,EB,3772.1418
30618_d4ba7005,148,7.4354,5.2521,7.3501,50.1063,430.3789,298.0000,6.8171,7.4650,6.8211,73.0000,EB,3722.1418
30618_d4ba7005,149,5.2321,3.2930,13.1000,50.0560,437.7290,525.0000,3.8211,5.2740,3.8324,131.0000,EB,3672.1417
30618_d4ba7005,150,5.0163,3.7206,12.1000,49.9370,450.8290,488.0000,4.1270,4.9490,4.1153,121.0000,EB,3618.1407
30618_d4ba7005,151,8.6819,5.0435,6.6000,49.9782,462.9290,266.0000,7.5725,8.6990,7.5356,66.0000,EB,3566.1401
30618_d4ba7005,152,8.1412,1.1375,10.4501,50.0205,469.5290,426.0000,4.7866,8.1780,4.7403,106.0000,EB,3516.1400
30618_d4ba7005,153,9.0042,0.0000,25.1209,49.9727,479.9791,1009.0000,1.9893,9.0030,1.9874,249.0000,EB,3466.1401
30618_d4ba7005,154,9.8924,8.9989,5.3500,50.1170,505.1000,214.0000,9.3677,9.8410,9.3499,53.0000,EB,3416.1400
30618_d4ba7005,155,9.8835,5.7519,6.0790,50.0131,510.4500,243.0000,8.2272,9.9310,8.2773,61.0000,EB,3366.1400
30618_d4ba7005,156,7.6430,0.0000,47.1499,49.9001,516.5290,1894.0000,1.0583,7.4420,1.0659,466.0000,EB,3316.1401
30618_d4ba7005,157,11.7609,7.6668,5.1211,50.0091,563.6789,205.0000,9.7653,11.6930,9.7281,50.0000,EB,3266.1400
30618_d4ba7005,158,13.4147,11.7760,3.9000,49.8411,568.8000,157.0000,12.7798,13.4340,12.7602,39.0000,EB,3216.1399
30618_d4ba7005,159,13.4101,11.0136,4.0789,50.2495,572.7000,164.0000,12.3193,13.4360,12.3280,41.0000,EB,3166.1399
30618_d4ba7005,160,10.9927,6.8040,5.6001,50.0235,576.7789,224.0000,8.9327,11.0090,8.9410,56.0000,EB,3116.1399
30618_d4ba7005,161,6.7816,0.0000,52.3002,50.0204,582.3790,2097.0000,0.9564,6.7710,0.9594,523.0000,EB,3066.1398
30618_d4ba7005,162,10.6308,6.1027,5.9499,50.1281,634.6791,240.0000,8.4250,10.5400,8.3899,59.0000,EB,3016.1399
30618_d4ba7005,163,13.5092,10.6548,4.0710,49.6759,640.6290,165.0000,12.2025,13.5130,12.1649,41.0000,EB,2966.1399
30618_d4ba7005,164,14.4376,13.4897,3.5794,50.2528,644.7000,144.0000,14.0396,14.4030,14.0152,36.0000,EB,2916.1400
30618_d4ba7005,165,14.4503,14.1153,3.4995,49.8243,648.2794,141.0000,14.2374,14.4750,14.2283,35.0000,EB,2866.1398
30618_d4ba7005,166,14.2291,13.8529,3.5711,50.1297,651.7789,144.0000,14.0376,14.2820,14.0304,36.0000,EB,2816.1396
30618_d4ba7005,167,13.8562,11.7069,3.9790,49.9654,655.3500,160.0000,12.5573,13.8640,12.5506,39.0000,EB,2766.1396
30618_d4ba7005,168,12.4327,11.6398,4.2000,50.1519,659.3290,169.0000,11.9409,12.4140,11.9277,42.0000,EB,2717.1395
30618_d4ba7005,169,12.4380,11.1236,4.3000,49.9627,663.5290,173.0000,11.6192,12.4680,11.6327,41.0000,EB,2667.1395
30618_d4ba7005,170,11.2288,8.2001,5.2000,49.8195,667.8290,211.0000,9.5807,11.2390,9.5772,53.0000,EB,2617.1396
30618_d4ba7005,171,8.4396,7.9806,6.1499,49.9741,673.0290,248.0000,8.1260,8.4400,8.1318,61.0000,EB,2567.1395
30618_d4ba7005,172,11.1366,8.4493,5.0501,50.0963,679.1789,203.0000,9.9199,11.1110,9.9173,51.0000,EB,2518.1395
30618_d4ba7005,173,11.7270,10.7153,4.5000,49.8774,684.2290,182.0000,11.0838,11.7160,11.0734,45.0000,EB,2468.1395
30618_d4ba7005,174,12.6864,11.7199,4.0499,50.3342,688.7290,164.0000,12.4285,12.6810,12.4229,40.0000,EB,2418.1394
30618_d4ba7005,175,13.5512,12.5737,3.8211,49.8313,692.7789,153.0000,13.0412,13.5060,13.0259,38.0000,EB,2368.1396
30618_d4ba7005,176,13.9977,13.5551,3.6290,50.0404,696.6000,146.0000,13.7890,13.9820,13.7737,36.0000,EB,2318.1394
30618_d4ba7005,177,13.9454,11.9528,3.9000,50.1248,700.2290,157.0000,12.8526,13.9600,12.8807,39.0000,EB,2268.1394
30618_d4ba7005,178,13.4466,11.9552,3.9210,49.8862,704.1290,161.0000,12.7228,13.4180,12.7066,40.0000,EB,2218.1393
30618_d4ba7005,179,13.8731,13.4421,3.6790,50.2639,708.0500,148.0000,13.6624,13.8350,13.6467,36.0000,EB,2168.1393
30618_d4ba7005,180,14.0719,13.6398,3.5710,49.6719,711.7290,143.0000,13.9098,14.0670,13.9042,36.0000,EB,2118.1391
30618_d4ba7005,181,13.7858,13.3568,3.6789,50.1616,715.3000,147.0000,13.6349,13.8100,13.6280,37.0000,EB,2068.1392
30618_d4ba7005,182,13.4746,13.3195,3.7211,49.8858,718.9789,149.0000,13.4063,13.4890,13.3928,37.0000,EB,2017.1391
30618_d4ba7005,183,13.3169,13.2204,3.7789,50.1160,722.7000,151.0000,13.2620,13.3170,13.2299,38.0000,EB,1967.1389
30618_d4ba7005,184,13.2502,13.0770,3.8000,49.9348,726.4789,152.0000,13.1406,13.2170,13.1181,38.0000,EB,1917.1389
30618_d4ba7005,185,13.1102,13.0298,3.8210,49.9593,730.2790,155.0000,13.0748,13.0760,13.0499,39.0000,EB,1867.1388
30618_d4ba7005,186,13.1162,12.6864,3.8500,50.1667,734.1000,155.0000,13.0303,13.0930,13.0137,38.0000,EB,1817.1386
30618_d4ba7005,187,12.6765,9.8041,4.4790,49.8659,737.9500,183.0000,11.1333,12.6710,11.1011,45.0000,EB,1767.1386
30618_d4ba7005,188,9.7971,9.7045,5.1500,50.1255,742.4290,208.0000,9.7331,9.7720,9.7365,52.0000,EB,1717.1386
30618_d4ba7005,189,9.7984,9.7361,5.1210,49.9778,747.5790,207.0000,9.7593,9.8290,9.7664,51.0000,EB,1667.1386
30618_d4ba7005,190,10.0089,9.7920,5.0790,50.1187,752.7000,205.0000,9.8679,10.0270,9.8787,50.0000,EB,1617.1386
30618_d4ba7005,191,10.1122,10.0082,4.9500,49.8914,757.7790,198.0000,10.0790,10.1380,10.0953,50.0000,EB,1567.1386
30618_d4ba7005,192,10.1738,10.1034,4.9499,50.1151,762.7290,199.0000,10.1244,10.2210,10.1445,49.0000,EB,1517.1386
30618_d4ba7005,193,10.1771,9.8198,4.9711,49.9261,767.6789,200.0000,10.0433,10.2140,10.0504,50.0000,EB,1467.1386
30618_d4ba7005,194,10.1241,9.6967,5.0500,49.9482,772.6500,203.0000,9.8907,10.1490,9.9130,50.0000,EB,1417.1386
30618_d4ba7005,195,10.1233,9.8071,5.0290,49.9893,777.7000,202.0000,9.9402,10.1270,9.9515,50.0000,EB,1367.1385
30618_d4ba7005,196,10.0898,9.6672,5.0710,49.9157,782.7290,206.0000,9.8434,10.1100,9.8578,51.0000,EB,1317.1385
30618_d4ba7005,197,9.9408,9.7501,5.0789,50.0563,787.8000,208.0000,9.8557,9.9770,9.8635,51.0000,EB,1267.1386
30618_d4ba7005,198,9.8769,9.6983,5.1211,50.0917,792.8789,206.0000,9.7814,9.9090,9.7940,51.0000,EB,1217.1386
30618_d4ba7005,199,9.9521,9.5272,5.0789,50.0761,798.0000,206.0000,9.8596,10.0670,9.8718,51.0000,EB,1167.1386
30618_d4ba7005,200,9.5071,4.7284,7.0711,49.8108,803.0789,284.0000,7.0443,9.4540,7.0441,71.0000,EB,1117.1385
30618_d4ba7005,201,4.7053,3.6874,12.0790,50.0030,810.1500,487.0000,4.1397,4.6830,4.1428,120.0000,EB,1067.1385
30618_d4ba7005,202,4.3568,0.0000,40.5710,49.8725,822.2290,1642.0000,1.2293,4.3580,1.2360,406.0000,EB,1017.1385
30618_d4ba7005,203,6.1833,2.3309,10.4291,49.9824,862.8000,422.0000,4.7926,6.1980,4.7778,105.0000,EB,967.1384
30618_d4ba7005,204,4.3040,0.0000,38.5209,49.9922,873.2291,1568.0000,1.2978,4.3220,1.3011,385.0000,EB,917.1384
30618_d4ba7005,205,6.0391,3.7821,10.2790,50.0032,911.7500,417.0000,4.8646,6.0380,4.8537,103.0000,EB,867.1384
30618_d4ba7005,206,8.2995,4.1372,7.7000,50.0585,922.0290,309.0000,6.5011,8.2840,6.4830,76.0000,EB,818.1384
30618_d4ba7005,207,8.7499,8.3003,5.9000,50.0784,929.7290,239.0000,8.4878,8.7560,8.4873,58.0000,EB,768.1383
30618_d4ba7005,208,8.7648,8.0467,5.8210,49.9655,935.6290,238.0000,8.5837,8.7720,8.5912,58.0000,EB,718.1382
30618_d4ba7005,209,8.0237,0.0000,40.8790,50.0300,941.4500,1665.0000,1.2239,8.0420,1.2422,409.0000,EB,669.1382
30618_d4ba7005,210,9.0817,2.3338,8.3210,49.9463,982.3290,337.0000,6.0024,9.0400,6.0124,83.0000,EB,620.1381
30618_d4ba7005,211,10.7860,9.0913,4.9000,49.9189,990.6500,199.0000,10.1875,10.8040,10.1910,48.0000,EB,570.1380
30618_d4ba7005,212,11.4594,9.8574,4.8000,50.0054,995.5500,198.0000,10.4178,11.4360,10.4033,48.0000,EB,520.1379
30618_d4ba7005,213,12.6535,11.4693,4.1000,50.1624,1000.3500,166.0000,12.2347,12.6650,12.2290,41.0000,EB,470.1379
30618_d4ba7005,214,12.3184,11.5422,4.2500,49.9417,1004.4500,173.0000,11.7510,12.2690,11.7616,42.0000,EB,420.1378
30618_d4ba7005,215,11.7974,9.7278,4.4290,49.8686,1008.7000,182.0000,11.2595,11.8060,11.2901,44.0000,EB,370.1378
30618_d4ba7005,216,9.7047,7.9532,5.5210,50.1250,1013.1290,228.0000,9.0790,9.7460,9.0757,56.0000,EB,320.1378
30618_d4ba7005,217,7.9336,0.0000,41.0000,50.3102,1018.6500,1686.0000,1.2271,7.9040,1.2241,409.0000,EB,270.1378
30618_d4ba7005,218,3.8534,2.5035,17.7500,49.9847,1059.6500,720.0000,2.8160,3.9000,2.8123,177.0000,EB,220.1378
30618_d4ba7005,219,3.6778,0.0000,62.0789,50.0333,1077.4000,2578.0000,0.8060,3.7280,0.8180,620.0000,EB,173.1339
30618_d4ba7005,220,4.2417,0.0000,21.4000,44.9386,1139.4789,869.0000,2.0999,4.1930,2.1362,215.0000,EB,0.0000
30618_dd8d0741,0,3.4447,0.9751,16.7999,50.0244,17.8290,733.0000,2.9777,3.4020,2.9652,169.0000,WB,25.0000
30618_dd8d0741,1,3.2594,2.9846,16.0711,50.0532,34.6289,722.0000,3.1145,3.2950,3.1121,160.0000,WB,75.0000
30618_dd8d0741,2,3.6494,0.0000,45.8289,49.4880,50.7000,2105.0000,1.0798,3.6980,1.0885,450.0000,WB,125.0000
30618_dd8d0741,3,4.3454,0.0000,39.5211,50.5471,96.5289,1815.0000,1.2790,4.3530,1.2805,392.0000,WB,175.0000
30618_dd8d0741,4,8.3803,3.3520,8.4789,49.9460,136.0500,380.0000,5.8906,8.3910,5.9183,83.0000,WB,225.0000
30618_dd8d0741,5,8.3532,5.6954,7.3711,49.9889,144.5289,326.0000,6.7818,8.3290,6.7765,70.0000,WB,275.0000
30618_dd8d0741,6,10.9284,7.4149,5.4290,50.5872,151.9000,229.0000,9.3180,10.8780,9.3358,53.0000,WB,325.0000
30618_dd8d0741,7,11.9788,10.7891,4.4710,49.8235,157.3290,200.0000,11.1436,11.9730,11.1423,45.0000,WB,375.0000
30618_dd8d0741,8,12.9078,11.9871,3.9790,50.1141,161.8000,171.0000,12.5946,12.9140,12.6093,39.0000,WB,425.0000
30618_dd8d0741,9,12.4803,9.5144,4.5499,50.1132,165.7790,199.0000,11.0140,12.4650,10.9866,48.0000,WB,475.0000
30618_dd8d0741,10,9.4934,3.1927,7.8710,49.8483,170.3290,335.0000,6.3331,9.4990,2.8369,151.0000,WB,525.0000
30618_dd8d0741,11,6.9034,0.0000,49.1263,50.4973,178.2000,2216.0000,1.0279,6.7710,1.2091,393.0000,WB,575.0000
30618_dd8d0741,12,8.4277,6.9217,6.1737,50.0602,227.3263,268.0000,8.1087,8.4500,8.0952,62.0000,WB,625.0000
30618_dd8d0741,13,8.4334,8.3224,5.9790,50.0371,233.5000,266.0000,8.3688,8.4520,8.3798,59.0000,WB,675.0000
30618_dd8d0741,14,8.7017,8.3068,5.9000,50.0265,239.4790,258.0000,8.4791,8.7170,8.4933,59.0000,WB,725.0000
30618_dd8d0741,15,8.9503,8.4671,5.7501,49.8177,245.3790,246.0000,8.6639,8.9150,8.6929,58.0000,WB,775.0000
30618_dd8d0741,16,9.0612,6.2713,6.1999,50.0930,251.1290,274.0000,8.0797,9.1140,8.1761,61.0000,WB,825.0000
30618_dd8d0741,17,6.2546,0.0000,70.5501,49.2052,257.3289,3234.0000,0.6975,6.3690,0.7125,705.0000,WB,875.0000
30618_dd8d0741,18,5.0075,2.4352,14.3499,50.0848,327.8790,607.0000,3.4903,5.0540,3.5111,143.0000,WB,925.0000
30618_dd8d0741,19,4.0148,2.3856,17.4905,49.9255,342.2289,747.0000,2.8544,3.9210,2.8542,175.0000,WB,975.0000
30618_dd8d0741,20,5.7927,4.0084,11.4596,49.9684,359.7194,491.0000,4.3604,5.6800,4.3331,109.0000,WB,1025.0000
30618_dd8d0741,21,8.2972,5.8203,7.0210,50.1494,371.1790,304.0000,7.1428,8.4980,7.1695,73.0000,WB,1075.0000
30618_dd8d0741,22,9.9150,8.3004,5.4790,49.9854,378.2000,233.0000,9.1231,8.6490,8.4961,15.0000,WB,1125.0000
30618_dd8d0741,23,10.1081,9.9015,5.0000,49.9857,383.6790,213.0000,9.9971,,,,WB,1175.0000
30618_dd8d0741,24,10.0463,9.8184,5.0210,49.9626,388.6790,215.0000,9.9507,10.0850,9.9838,13.0000,WB,1225.0000
30618_dd8d0741,25,10.0510,9.7114,5.0790,49.9095,393.7000,216.0000,9.8267,9.9950,9.8327,13.0000,WB,1275.0000
30618_dd8d0741,26,10.0062,9.8447,5.0501,50.1519,398.7790,217.0000,9.9309,10.0620,9.9644,22.0000,WB,1325.0000
30618_dd8d0741,27,10.0554,9.6032,5.0709,49.9494,403.8291,218.0000,9.8501,10.1370,9.8557,48.0000,WB,1375.0000
30618_dd8d0741,28,9.8883,8.7257,5.2000,49.9064,408.9000,221.0000,9.5974,9.9480,9.6441,48.0000,WB,1425.0000
30618_dd8d0741,29,8.7102,3.3557,8.4790,50.0528,414.1000,361.0000,5.9032,8.7790,6.1231,82.0000,WB,1475.0000
30618_dd8d0741,30,8.7950,0.0000,16.7000,50.0560,422.5790,723.0000,2.9974,8.6240,2.9408,169.0000,WB,1525.0000
30618_dd8d0741,31,10.1036,8.8179,5.1000,49.8957,439.2790,218.0000,9.7835,10.1520,9.7569,51.0000,WB,1575.0000
30618_dd8d0741,32,9.8737,9.6947,5.1210,50.0503,444.3790,221.0000,9.7736,9.9200,9.8079,51.0000,WB,1625.0000
30618_dd8d0741,33,10.0837,9.6720,5.0789,50.1316,449.5000,220.0000,9.8705,10.1130,9.8803,51.0000,WB,1675.0000
30618_dd8d0741,34,9.9250,9.8596,5.0500,49.9505,454.5789,203.0000,9.8911,9.9730,9.9065,51.0000,WB,1725.0000
30618_dd8d0741,35,9.8662,7.9089,5.4500,49.9189,459.6290,222.0000,9.1594,9.8860,9.3014,53.0000,WB,1775.0000
30618_dd8d0741,36,7.8962,5.8765,7.3210,49.9321,465.0790,301.0000,6.8204,8.0510,6.9132,73.0000,WB,1825.0000
30618_dd8d0741,37,9.6987,6.3121,6.0289,50.0259,472.4000,255.0000,8.2977,9.7310,8.0926,61.0000,WB,1875.0000
30618_dd8d0741,38,10.8363,9.3351,5.1501,49.9804,478.4289,215.0000,9.7048,10.5790,9.6456,52.0000,WB,1925.0000
30618_dd8d0741,39,13.3376,10.8597,4.1000,50.0616,483.5790,171.0000,12.2101,13.2330,12.0586,42.0000,WB,1975.0000
30618_dd8d0741,40,14.1109,13.3470,3.6210,49.8482,487.6790,153.0000,13.7664,14.0840,13.7380,36.0000,WB,2025.0000
30618_dd8d0741,41,14.3754,14.1138,3.5289,50.3368,491.3000,145.0000,14.2641,14.3970,14.2504,35.0000,WB,2075.0000
30618_dd8d0741,42,14.6359,14.3772,3.4211,49.6536,494.8289,143.0000,14.5140,14.6360,14.5043,35.0000,WB,2125.0000
30618_dd8d0741,43,14.8101,14.6360,3.4000,50.0251,498.2500,140.0000,14.7133,14.8270,14.7078,34.0000,WB,2175.0000
30618_dd8d0741,44,14.7826,12.5172,3.6500,50.1142,501.6500,154.0000,13.7299,14.8440,13.8548,36.0000,WB,2225.0000
30618_dd8d0741,45,12.5046,11.8219,4.1500,50.0694,505.3000,171.0000,12.0649,12.5810,12.1061,41.0000,WB,2275.0000
30618_dd8d0741,46,11.8254,8.1334,5.0000,49.9345,509.4500,208.0000,9.9869,11.8970,10.2008,49.0000,WB,2325.0000
30618_dd8d0741,47,8.1121,4.4698,8.9789,50.0504,514.4500,373.0000,5.5742,8.3560,5.7044,88.0000,WB,2375.0000
30618_dd8d0741,48,10.1557,5.3796,6.2500,50.1086,523.4289,264.0000,8.0173,10.0320,7.7098,65.0000,WB,2425.0000
30618_dd8d0741,49,10.6118,8.7362,4.9710,49.8745,529.6790,202.0000,10.0331,10.6060,10.1266,49.0000,WB,2475.0000
30618_dd8d0741,50,8.7605,8.2400,5.9000,49.9744,534.6500,237.0000,8.4702,8.9610,8.5032,59.0000,WB,2525.0000
30618_dd8d0741,51,10.3394,8.3927,5.5290,49.9594,540.5500,223.0000,9.0359,10.1730,8.9669,56.0000,WB,2575.0000
30618_dd8d0741,52,12.4855,10.3541,4.4210,50.1732,546.0790,181.0000,11.3488,12.3720,11.2117,44.0000,WB,2625.0000
30618_dd8d0741,53,13.2242,12.4951,3.8289,49.7556,550.5000,158.0000,12.9946,13.2700,12.9731,39.0000,WB,2675.0000
30618_dd8d0741,54,12.8863,12.2814,4.0211,50.2060,554.3289,162.0000,12.4858,12.9720,12.5082,40.0000,WB,2725.0000
30618_dd8d0741,55,13.8319,12.7711,3.7290,50.0779,558.3500,153.0000,13.4293,13.7760,13.3497,37.0000,WB,2775.0000
30618_dd8d0741,56,13.9891,13.5052,3.6000,49.9056,562.0790,145.0000,13.8628,13.9790,13.8824,36.0000,WB,2825.0000
30618_dd8d0741,57,13.4846,10.5229,4.1710,49.9494,565.6790,169.0000,11.9754,13.5670,12.1974,41.0000,WB,2875.0000
30618_dd8d0741,58,10.5072,7.8818,5.6290,49.9415,569.8500,228.0000,8.8722,10.7530,9.0434,56.0000,WB,2925.0000
30618_dd8d0741,59,7.8661,0.0000,13.5210,47.9038,575.4790,546.0000,3.5429,8.0500,2.8429,174.0000,WB,2975.0000
30618_dd8d0741,60,8.8955,0.0000,70.6000,49.8796,589.0000,2850.0000,0.7065,8.8060,0.8559,518.0000,WB,3025.0000
30618_dd8d0741,61,11.6469,8.9097,4.8290,49.9407,659.6000,194.0000,10.3419,11.6110,10.3054,49.0000,WB,3075.0000
30618_dd8d0741,62,12.5346,11.6609,4.0710,49.8900,664.4290,163.0000,12.2549,12.5250,12.2475,40.0000,WB,3125.0000
30618_dd8d0741,63,12.2222,10.9595,4.4289,50.1480,668.5000,178.0000,11.3229,12.2260,11.3404,45.0000,WB,3175.0000
30618_dd8d0741,64,12.7753,11.1821,4.2211,49.8121,672.9289,169.0000,11.8008,12.6890,11.7827,42.0000,WB,3225.0000
30618_dd8d0741,65,13.6853,12.7854,3.7500,50.1770,677.1500,150.0000,13.3805,13.7040,13.3475,37.0000,WB,3275.0000
30618_dd8d0741,66,13.6148,11.1308,4.0290,50.0166,680.9000,161.0000,12.4142,13.5900,12.4502,41.0000,WB,3325.0000
30618_dd8d0741,67,11.1120,7.0972,5.4501,49.9537,684.9290,219.0000,9.1657,11.1220,9.1933,54.0000,WB,3375.0000
30618_dd8d0741,68,7.0741,0.0000,78.1210,49.9718,690.3790,3140.0000,0.6397,7.0870,0.6513,777.0000,WB,3425.0000
30618_dd8d0741,69,8.5525,4.1118,7.2790,50.1278,768.5000,292.0000,6.8867,8.5500,6.8351,73.0000,WB,3475.0000
30618_dd8d0741,70,8.5232,3.3871,8.2499,49.8287,775.7790,331.0000,6.0399,8.5200,6.0655,83.0000,WB,3525.0000
30618_dd8d0741,71,3.3702,0.0000,23.9711,50.0566,784.0289,965.0000,2.0882,3.3560,2.0930,239.0000,WB,3575.0000
30618_dd8d0741,72,4.4708,2.4322,15.7290,50.0050,808.0000,635.0000,3.1792,4.5080,3.1877,156.0000,WB,3625.0000
30618_dd8d0741,73,8.0089,4.3446,8.9210,49.8692,823.7290,359.0000,5.5901,7.9090,5.5507,89.0000,WB,3675.0000
30618_dd8d0741,74,9.2336,7.8761,6.0290,50.2417,832.6500,243.0000,8.3334,9.1790,8.3050,60.0000,WB,3725.0000
30618_dd8d0741,75,10.8598,9.2465,4.9210,49.8954,838.6790,200.0000,10.1392,10.7880,10.0886,49.0000,WB,3775.0000
30618_dd8d0741,76,10.9328,9.7217,4.7290,50.0168,843.6000,190.0000,10.5767,10.9160,10.4073,56.0000,WB,3825.0000
30618_dd8d0741,77,9.7046,5.5015,6.6210,49.9969,848.3290,267.0000,7.5512,9.1300,7.3003,57.0000,WB,3875.0000
30618_dd8d0741,78,7.7464,3.5392,9.7500,49.9761,854.9500,394.0000,5.1258,7.9020,5.2077,101.0000,WB,3925.0000
30618_dd8d0741,79,9.7597,7.7602,5.5290,50.1711,864.7000,223.0000,9.0742,9.7870,9.1480,52.0000,WB,3975.0000
30618_dd8d0741,80,9.6587,5.3708,6.5999,49.9083,870.2290,270.0000,7.5619,9.6250,7.5473,65.0000,WB,4025.0000
30618_dd8d0741,81,5.3522,0.8342,12.3711,49.9417,876.8289,498.0000,4.0370,5.4500,4.4083,98.0000,WB,4075.0000
30618_dd8d0741,82,9.0930,0.0000,47.1289,50.1116,889.2000,1925.0000,1.0633,8.9970,1.2096,413.0000,WB,4125.0000
30618_dd8d0741,83,11.3660,9.1139,4.8002,50.0525,936.3289,198.0000,10.4273,11.3600,10.4073,48.0000,WB,4175.0000
30618_dd8d0741,84,11.3982,8.6982,4.8709,49.8445,941.1291,198.0000,10.2330,11.4080,10.2271,49.0000,WB,4225.0000
30618_dd8d0741,85,8.6843,5.4151,6.9500,50.0057,946.0000,284.0000,7.1951,8.6400,7.2138,69.0000,WB,4275.0000
30618_dd8d0741,86,6.9569,0.0000,52.3290,50.1300,952.9500,2173.0000,0.9580,6.9200,0.9348,507.0000,WB,4325.0000
30618_dd8d0741,87,8.6173,6.9794,6.1000,50.1360,1005.2790,250.0000,8.2190,8.6610,8.2191,61.0000,WB,4375.0000
30618_dd8d0741,88,10.4133,8.2805,5.4499,50.0601,1011.3790,225.0000,9.1855,10.3280,9.1533,54.0000,WB,4425.0000
30618_dd8d0741,89,11.3073,10.4282,4.5501,49.9692,1016.8289,184.0000,10.9820,11.3100,10.9677,46.0000,WB,4475.0000
30618_dd8d0741,90,10.4747,5.5751,6.1710,49.9071,1021.3790,249.0000,8.0874,10.4860,8.1695,61.0000,WB,4525.0000
30618_dd8d0741,91,5.5750,0.0000,49.7290,49.9035,1027.5500,2045.0000,1.0035,5.6340,1.0176,498.0000,WB,4575.0000
30618_dd8d0741,92,9.9842,4.3528,6.8000,50.1324,1077.2790,284.0000,7.3724,9.9030,7.3068,68.0000,WB,4625.0000
30618_dd8d0741,93,12.2775,10.0034,4.4210,49.9517,1084.0790,182.0000,11.2988,12.2310,11.2401,44.0000,WB,4675.0000
30618_dd8d0741,94,12.9578,12.2826,3.9289,49.9514,1088.5000,160.0000,12.7138,12.9760,12.7005,40.0000,WB,4725.0000
30618_dd8d0741,95,12.6873,9.4820,4.5000,49.8691,1092.4289,184.0000,11.0820,12.6790,11.1060,43.0000,WB,4775.0000
30618_dd8d0741,96,9.4624,8.5020,5.7000,50.1700,1096.9289,231.0000,8.8017,9.4430,8.8245,56.0000,WB,4825.0000
30618_dd8d0741,97,8.7308,8.4382,5.8210,49.9557,1102.6290,237.0000,8.5819,8.7910,8.5980,59.0000,WB,4875.0000
30618_dd8d0741,98,8.7181,7.8395,5.8789,49.9527,1108.4500,244.0000,8.4969,8.6990,8.5272,58.0000,WB,4925.0000
30618_dd8d0741,99,7.8239,0.0000,34.6501,49.9050,1114.3289,1435.0000,1.4403,7.8560,1.4639,344.0000,WB,4975.0000
30618_dd8d0741,100,9.5454,2.2081,8.3499,50.0110,1148.9790,346.0000,5.9894,9.4440,5.8700,84.0000,WB,5025.0000
30618_dd8d0741,101,12.1065,9.5675,4.5211,50.0257,1157.3289,185.0000,11.0650,12.0990,11.0161,46.0000,WB,5075.0000
30618_dd8d0741,102,12.2289,10.0316,4.4000,49.9930,1161.8500,181.0000,11.3620,12.2460,11.3857,42.0000,WB,5125.0000
30618_dd8d0741,103,10.0172,5.6216,6.2789,50.0616,1166.2500,255.0000,7.9730,10.0470,8.0285,62.0000,WB,5175.0000
30618_dd8d0741,104,7.2707,0.0000,35.0000,49.8666,1172.5289,1464.0000,1.4248,7.2270,1.4252,350.0000,WB,5225.0000
30618_dd8d0741,105,7.6339,4.2351,8.0500,50.0552,1207.5289,326.0000,6.2180,7.6440,6.2794,80.0000,WB,5275.0000
30618_dd8d0741,106,4.2289,2.4827,13.6500,49.9266,1215.5790,567.0000,3.6576,4.2810,3.6958,136.0000,WB,5325.0000
30618_dd8d0741,107,3.0698,1.8320,19.7710,50.0122,1229.2290,819.0000,2.5296,3.0480,2.5376,196.0000,WB,5375.0000
30618_dd8d0741,108,4.2559,2.4901,16.7289,49.9884,1249.0000,696.0000,2.9881,4.2860,2.9723,168.0000,WB,5425.0000
30618_dd8d0741,109,4.2951,4.1219,2.1000,8.7956,1265.7289,90.0000,4.1883,4.3140,4.1926,22.0000,WB,5475.0000
30618_dd8d0741,221,0.9770,0.0000,17.8290,1.0412,0.0000,730.0000,0.0584,0.9320,0.0576,179.0000,WB,21.3710
30618_dd8e6395,0,3.3781,2.9565,15.9790,49.9681,30.7000,668.0000,3.1271,3.3720,3.1440,160.0000,WB,25.0000
30618_dd8e6395,1,3.7736,2.9927,15.5710,50.1631,46.6790,662.0000,3.2216,3.7500,3.2269,154.0000,WB,75.0000
30618_dd8e6395,2,3.6869,0.0000,38.3500,49.5144,62.2500,1707.0000,1.2911,3.7400,1.3096,385.0000,WB,125.0000
30618_dd8e6395,3,4.3282,1.9503,15.6290,50.0522,100.6000,679.0000,3.2025,4.3180,3.1874,156.0000,WB,175.0000
30618_dd8e6395,4,9.2841,3.7577,8.1500,50.0265,116.2290,348.0000,6.1382,9.1800,6.0827,81.0000,WB,225.0000
30618_dd8e6395,5,9.7090,8.2334,5.4500,49.9754,124.3790,237.0000,9.1698,9.6740,9.1200,55.0000,WB,275.0000
30618_dd8e6395,6,11.1962,8.3416,5.1500,50.6045,129.8290,219.0000,9.8262,11.1060,9.7381,47.0000,WB,325.0000
30618_dd8e6395,7,12.1521,10.9676,4.4000,49.8465,134.9790,194.0000,11.3286,11.9710,11.3042,23.0000,WB,375.0000
30618_dd8e6395,8,12.9374,12.1653,3.9499,50.0116,139.3790,172.0000,12.6615,12.9390,12.6406,38.0000,WB,425.0000
30618_dd8e6395,9,12.3904,9.2961,4.6211,50.0110,143.3289,197.0000,10.8224,12.3130,10.8292,46.0000,WB,475.0000
30618_dd8e6395,10,9.2713,3.0632,8.1500,50.0583,147.9500,344.0000,6.1421,9.2520,6.1060,83.0000,WB,525.0000
30618_dd8e6395,11,7.8632,0.0000,35.8790,50.3946,156.1000,1643.0000,1.4046,7.8490,1.4056,357.0000,WB,575.0000
30618_dd8e6395,12,8.3402,6.7831,6.5500,50.0354,191.9790,287.0000,7.6390,8.3470,7.6370,64.0000,WB,625.0000
30618_dd8e6395,13,8.4076,7.3007,6.1000,50.0731,198.5290,265.0000,8.2087,8.4340,8.1958,61.0000,WB,675.0000
30618_dd8e6395,14,8.5715,8.2702,5.9711,49.9538,204.6289,259.0000,8.3660,8.5690,8.3664,59.0000,WB,725.0000
30618_dd8e6395,15,8.8465,8.3849,5.8000,49.9624,210.6000,262.0000,8.6142,8.8580,8.6232,58.0000,WB,775.0000
30618_dd8e6395,16,8.9047,6.5781,6.1500,50.0546,216.4000,269.0000,8.1390,8.9220,8.1400,61.0000,WB,825.0000
30618_dd8e6395,17,6.5710,0.0000,29.7290,50.3111,222.5500,1378.0000,1.6923,6.5590,1.6938,297.0000,WB,875.0000
30618_dd8e6395,18,5.3618,2.4307,14.1710,50.0067,252.2790,627.0000,3.5288,5.4100,3.5371,142.0000,WB,925.0000
30618_dd8e6395,19,4.1545,2.5004,17.1290,49.9594,266.4500,766.0000,2.9167,4.0840,2.9148,170.0000,WB,975.0000
30618_dd8e6395,20,5.6646,4.0770,11.4999,50.0093,283.5790,505.0000,4.3487,5.5540,4.3402,115.0000,WB,1025.0000
30618_dd8e6395,21,8.2727,5.6938,7.1000,49.9390,295.0790,312.0000,7.0337,8.2410,6.9997,71.0000,WB,1075.0000
30618_dd8e6395,22,9.8702,8.2783,5.6210,50.0860,302.1790,259.0000,8.9105,9.8820,8.9089,57.0000,WB,1125.0000
30618_dd8e6395,23,10.1224,9.8724,5.0289,50.1242,307.8000,237.0000,9.9672,10.1530,9.9837,49.0000,WB,1175.0000
30618_dd8e6395,24,10.1525,9.8259,5.0000,49.8089,312.8289,235.0000,9.9618,10.2470,9.9713,50.0000,WB,1225.0000
30618_dd8e6395,25,10.0825,9.7093,5.0500,50.1263,317.8289,231.0000,9.9259,10.1230,9.9380,49.0000,WB,1275.0000
30618_dd8e6395,26,9.9221,9.7456,5.0710,49.9123,322.8790,235.0000,9.8426,9.9420,9.8445,51.0000,WB,1325.0000
30618_dd8e6395,27,10.0505,9.7544,5.0290,50.1847,327.9500,237.0000,9.9790,10.0930,9.9981,50.0000,WB,1375.0000
30618_dd8e6395,28,9.9419,9.0856,5.1371,49.8502,332.9790,240.0000,9.7040,9.9650,9.7249,51.0000,WB,1425.0000
30618_dd8e6395,29,9.0698,3.4183,8.2630,49.9626,338.1161,380.0000,6.0466,9.0890,6.1212,83.0000,WB,1475.0000
30618_dd8e6395,30,6.5075,0.0000,17.5209,50.0675,346.3791,805.0000,2.8576,6.4970,2.8596,175.0000,WB,1525.0000
30618_dd8e6395,31,9.9630,5.9230,6.0790,49.9843,363.9000,279.0000,8.2225,9.9910,8.1882,61.0000,WB,1575.0000
30618_dd8e6395,32,9.9644,9.6305,5.1000,49.9083,369.9790,232.0000,9.7859,10.0170,9.7995,51.0000,WB,1625.0000
30618_dd8e6395,33,10.0531,9.7562,5.0710,50.1539,375.0790,231.0000,9.8904,10.0410,9.8991,50.0000,WB,1675.0000
30618_dd8e6395,34,9.7581,9.5287,5.1789,49.9180,380.1500,233.0000,9.6387,9.7930,9.6431,52.0000,WB,1725.0000
30618_dd8e6395,35,9.5277,7.6073,5.6501,50.0992,385.3289,254.0000,8.8670,9.5340,8.9191,56.0000,WB,1775.0000
30618_dd8e6395,36,7.5922,6.8010,7.0710,49.9077,390.9790,313.0000,7.0581,7.6670,7.0740,71.0000,WB,1825.0000
30618_dd8e6395,37,9.9321,6.7522,6.1500,49.8870,398.0500,274.0000,8.1117,9.8990,8.0496,62.0000,WB,1875.0000
30618_dd8e6395,38,11.0067,9.6479,5.0289,50.2024,404.2000,222.0000,9.9827,10.8380,9.9419,50.0000,WB,1925.0000
30618_dd8e6395,39,13.5727,11.0310,4.0211,49.9055,409.2289,178.0000,12.4110,13.4940,12.3284,41.0000,WB,1975.0000
30618_dd8e6395,40,14.2277,13.5801,3.5790,49.9718,413.2500,156.0000,13.9626,14.2460,13.9460,36.0000,WB,2025.0000
30618_dd8e6395,41,14.4179,14.2306,3.4999,50.2164,416.8290,157.0000,14.3478,14.4110,14.3331,34.0000,WB,2075.0000
30618_dd8e6395,42,14.6604,14.4192,3.4211,49.7034,420.3289,152.0000,14.5285,14.6490,14.5062,35.0000,WB,2125.0000
30618_dd8e6395,43,14.6585,12.3553,3.6789,50.0900,423.7500,165.0000,13.6154,14.6550,13.6234,37.0000,WB,2175.0000
30618_dd8e6395,44,12.3348,9.6407,4.6211,50.0628,427.4289,200.0000,10.8336,12.3510,10.8404,46.0000,WB,2225.0000
30618_dd8e6395,45,9.7207,9.6221,5.1790,50.1305,432.0500,228.0000,9.6795,9.7180,9.6655,52.0000,WB,2275.0000
30618_dd8e6395,46,9.7270,9.6523,5.1500,49.8552,437.2290,223.0000,9.6807,9.7220,9.6755,51.0000,WB,2325.0000
30618_dd8e6395,47,10.0357,9.7119,5.0710,50.0026,442.3790,220.0000,9.8605,10.0320,9.8472,51.0000,WB,2375.0000
30618_dd8e6395,48,11.2324,10.0226,4.6789,50.0264,447.4500,210.0000,10.6918,11.2240,10.6810,47.0000,WB,2425.0000
30618_dd8e6395,49,11.2345,8.9074,4.7501,50.0764,452.1289,207.0000,10.5423,11.2350,10.5558,47.0000,WB,2475.0000
30618_dd8e6395,50,8.8856,7.9126,6.1000,49.8129,456.8790,279.0000,8.1660,8.9560,8.1902,62.0000,WB,2525.0000
30618_dd8e6395,51,9.2002,8.2704,5.7500,50.0268,462.9790,263.0000,8.7004,9.2220,8.7023,50.0000,WB,2575.0000
30618_dd8e6395,52,9.1285,7.2331,6.2210,50.0052,468.7290,284.0000,8.0381,9.1230,8.0241,62.0000,WB,2625.0000
30618_dd8e6395,53,11.9295,8.9682,4.7290,50.2451,474.9500,214.0000,10.6248,11.9190,10.6176,48.0000,WB,2675.0000
30618_dd8e6395,54,12.3704,11.9386,4.0710,49.8889,479.6790,177.0000,12.2548,12.3860,12.2521,40.0000,WB,2725.0000
30618_dd8e6395,55,12.5676,10.9780,4.1290,50.1041,483.7500,182.0000,12.1348,12.5970,12.1138,42.0000,WB,2775.0000
30618_dd8e6395,56,10.9543,6.9814,5.5499,49.8021,487.8790,239.0000,8.9735,10.8770,8.9529,55.0000,WB,2825.0000
30618_dd8e6395,57,6.9611,0.0000,44.0000,50.3666,493.4289,2018.0000,1.1447,6.9150,1.1417,439.0000,WB,2875.0000
30618_dd8e6395,58,8.2633,4.5070,7.0999,49.9350,537.4290,306.0000,7.0332,8.3040,6.9841,72.0000,WB,2925.0000
30618_dd8e6395,59,8.0449,0.9514,11.4501,49.9976,544.5289,505.0000,4.3665,8.0330,4.4834,111.0000,WB,2975.0000
30618_dd8e6395,60,9.0529,0.0000,29.1710,50.0444,555.9790,1336.0000,1.7156,9.0040,1.6992,295.0000,WB,3025.0000
30618_dd8e6395,61,11.7378,9.0745,4.7290,50.0154,585.1500,205.0000,10.5763,11.6890,10.5409,47.0000,WB,3075.0000
30618_dd8e6395,62,11.9522,10.0258,4.4000,49.9110,589.8790,193.0000,11.3434,11.9580,11.3272,45.0000,WB,3125.0000
30618_dd8e6395,63,10.0050,5.5805,6.4499,50.0067,594.2790,279.0000,7.7531,9.9590,7.7494,64.0000,WB,3175.0000
30618_dd8e6395,64,7.1105,0.0000,32.4211,50.1404,600.7289,1447.0000,1.5465,7.0080,1.5466,324.0000,WB,3225.0000
30618_dd8e6395,65,10.9746,7.1282,5.4290,49.9019,633.1500,234.0000,9.1917,10.9490,9.1697,55.0000,WB,3275.0000
30618_dd8e6395,66,11.6352,10.7794,4.3999,49.9468,638.5790,195.0000,11.3517,11.6360,11.3468,44.0000,WB,3325.0000
30618_dd8e6395,67,10.7585,6.9583,5.6499,50.1018,642.9790,250.0000,8.8677,10.7350,8.8604,56.0000,WB,3375.0000
30618_dd8e6395,68,6.9573,0.0000,69.8711,50.2183,648.6289,3176.0000,0.7187,6.9230,0.7268,699.0000,WB,3425.0000
30618_dd8e6395,69,8.5651,4.2264,7.1500,50.0812,718.5000,313.0000,7.0044,8.5770,6.9994,70.0000,WB,3475.0000
30618_dd8e6395,70,8.4477,2.9002,8.9290,49.9644,725.6500,379.0000,5.5957,8.4220,5.5958,90.0000,WB,3525.0000
30618_dd8e6395,71,3.0467,1.3608,19.7499,49.9788,734.5790,850.0000,2.5306,3.0550,2.5291,198.0000,WB,3575.0000
30618_dd8e6395,72,4.4108,2.4814,16.0963,50.0087,754.3290,701.0000,3.1068,4.4540,3.1206,159.0000,WB,3625.0000
30618_dd8e6395,73,8.3386,4.0154,8.9038,50.0695,770.4253,394.0000,5.6234,8.3090,5.5866,90.0000,WB,3675.0000
30618_dd8e6395,74,9.5270,8.0491,5.8209,49.7848,779.3291,246.0000,8.5527,9.4980,8.5349,58.0000,WB,3725.0000
30618_dd8e6395,75,11.3204,9.5377,4.7500,50.1672,785.1500,201.0000,10.5615,11.2740,10.5282,48.0000,WB,3775.0000
30618_dd8e6395,76,11.3839,9.5589,4.6289,50.0610,789.9000,202.0000,10.8149,11.3900,10.7955,40.0000,WB,3825.0000
30618_dd8e6395,77,9.5434,5.5183,6.4501,49.8266,794.5289,268.0000,7.7249,9.4930,7.7076,65.0000,WB,3875.0000
30618_dd8e6395,78,7.0030,0.0000,37.6710,50.1852,800.9790,1599.0000,1.3322,6.9290,1.3260,363.0000,WB,3925.0000
30618_dd8e6395,79,8.8568,7.0198,6.0000,50.0310,838.6500,253.0000,8.3385,8.8670,8.3258,59.0000,WB,3975.0000
30618_dd8e6395,80,8.4528,4.2461,8.5782,50.0112,844.6500,361.0000,5.8301,8.4510,5.8442,86.0000,WB,4025.0000
30618_dd8e6395,81,6.4581,0.6619,11.3718,49.9145,853.2282,482.0000,4.3893,6.4690,1.1209,451.0000,WB,4075.0000
30618_dd8e6395,82,9.3099,0.0000,43.8290,50.1322,864.6000,1884.0000,1.1438,9.2570,4.9070,101.0000,WB,4125.0000
30618_dd8e6395,83,11.5069,9.3148,4.6710,49.9626,908.4290,196.0000,10.6963,11.5110,10.6882,47.0000,WB,4175.0000
30618_dd8e6395,84,11.5061,8.3681,4.9790,49.9285,913.1000,208.0000,10.0279,11.5140,10.0068,50.0000,WB,4225.0000
30618_dd8e6395,85,8.3491,5.4265,7.0500,50.0587,918.0790,290.0000,7.1005,8.2810,7.1144,70.0000,WB,4275.0000
30618_dd8e6395,86,7.1022,0.0000,67.4000,50.0528,925.1290,2749.0000,0.7426,7.0620,0.7497,673.0000,WB,4325.0000
30618_dd8e6395,87,8.5583,7.1258,6.0710,49.9657,992.5290,248.0000,8.2302,8.6000,8.2308,61.0000,WB,4375.0000
30618_dd8e6395,88,10.3079,8.0082,5.5289,49.9660,998.6000,227.0000,9.0372,10.2850,9.0459,55.0000,WB,4425.0000
30618_dd8e6395,89,11.0583,10.3106,4.6501,50.1698,1004.1289,188.0000,10.7890,11.0640,10.7841,46.0000,WB,4475.0000
30618_dd8e6395,90,10.3682,5.9040,6.2000,50.0065,1008.7790,254.0000,8.0656,10.3630,8.1071,62.0000,WB,4525.0000
30618_dd8e6395,91,5.8847,0.0000,36.1210,49.9135,1014.9790,1459.0000,1.3818,5.9300,1.3946,362.0000,WB,4575.0000
30618_dd8e6395,92,10.5571,5.6601,6.1000,49.9587,1051.1000,244.0000,8.1899,10.5290,8.1965,61.0000,WB,4625.0000
30618_dd8e6395,93,12.4720,10.5714,4.2790,50.1713,1057.2000,172.0000,11.7249,12.4460,11.7027,40.0000,WB,4675.0000
30618_dd8e6395,94,12.9346,12.4585,3.9210,49.9683,1061.4790,158.0000,12.7439,12.9410,12.7323,37.0000,WB,4725.0000
30618_dd8e6395,95,12.4401,9.0159,4.6790,49.9740,1065.4000,188.0000,10.6805,12.4050,10.6950,46.0000,WB,4775.0000
30618_dd8e6395,96,8.9965,8.4048,5.8210,50.0301,1070.0790,235.0000,8.5948,9.0220,8.6124,59.0000,WB,4825.0000
30618_dd8e6395,97,8.7486,8.2822,5.8790,50.0970,1075.9000,237.0000,8.5213,8.7720,8.5390,58.0000,WB,4875.0000
30618_dd8e6395,98,8.6958,7.7370,5.9210,49.9409,1081.7790,237.0000,8.4345,8.6740,8.4576,59.0000,WB,4925.0000
30618_dd8e6395,99,7.7231,0.0000,32.7500,49.8900,1087.7000,1315.0000,1.5234,7.7750,1.5406,328.0000,WB,4975.0000
30618_dd8e6395,100,9.6245,2.2160,8.2290,49.9429,1120.4500,331.0000,6.0691,9.5530,6.0332,82.0000,WB,5025.0000
30618_dd8e6395,101,12.1762,9.6473,4.4710,49.9038,1128.6790,179.0000,11.1617,12.1540,11.1308,45.0000,WB,5075.0000
30618_dd8e6395,102,12.2701,9.8915,4.4290,50.0875,1133.1500,178.0000,11.3090,12.2820,11.3308,43.0000,WB,5125.0000
30618_dd8e6395,103,9.8715,5.3046,6.5500,50.1284,1137.5790,263.0000,7.6532,9.8950,7.6735,66.0000,WB,5175.0000
30618_dd8e6395,104,7.0383,0.0000,24.3500,49.8991,1144.1290,980.0000,2.0492,7.0830,2.0399,243.0000,WB,5225.0000
30618_dd8e6395,105,6.9971,3.8946,10.0500,50.0597,1168.4790,403.0000,4.9811,7.0820,4.9980,101.0000,WB,5275.0000
30618_dd8e6395,106,4.2742,2.2975,13.8000,49.9191,1178.5289,552.0000,3.6173,4.2800,3.6340,138.0000,WB,5325.0000
30618_dd8e6395,107,2.8034,0.0000,36.3500,16.2248,1192.3290,1472.0000,0.4463,2.8480,0.4592,363.0000,WB,5375.0000
30618_dd8e6395,220,2.3601,0.0000,29.3790,4.4972,0.0000,1164.0000,0.1531,2.2330,0.1480,293.0000,EB,0.0000
30618_dd8e6395,221,3.0984,2.3795,1.3210,3.6484,29.3790,55.0000,2.7618,3.0400,2.6888,13.0000,WB,21.3710
30618_defd0170,14,,,,,,,,6.8330,6.2308,4.0000,WB,725.0000
30618_defd0170,15,,,,,,,,8.8810,8.8627,3.0000,WB,775.0000
30618_defd0170,17,,,,,,,,8.9720,8.8180,4.0000,WB,875.0000
30618_defd0170,19,,,,,,,,3.9190,0.7353,111.0000,WB,975.0000
30618_defd0170,97,,,,,,,,10.5930,10.2385,6.0000,WB,4875.0000
30618_defd0170,112,2.1481,0.0000,9.7403,3.8418,0.0000,334.0000,0.3944,2.0880,0.3824,85.0000,EB,5511.1413
30618_defd0170,113,3.4127,0.0000,62.9000,50.4182,9.7403,2523.0000,0.8016,3.4800,0.9527,397.0000,EB,5466.1414
30618_defd0170,114,3.3407,2.3558,18.1500,50.4526,72.6402,726.0000,2.7798,3.3920,2.8579,174.0000,EB,5421.1425
30618_defd0170,115,5.1729,0.0000,22.9500,52.1166,90.7902,918.0000,2.2709,3.8370,2.2081,229.0000,EB,5369.1419
30618_defd0170,116,6.9576,4.2512,8.3500,49.9844,113.7402,335.0000,5.9862,7.0750,3.5308,172.0000,EB,5316.1420
30618_defd0170,117,7.9785,0.0000,32.8000,50.0819,122.0902,1316.0000,1.5269,7.1650,1.6125,242.0000,EB,5266.1420
30618_defd0170,118,10.7554,8.0108,4.4500,42.7554,154.8903,180.0000,9.6080,11.2130,9.3851,56.0000,EB,5216.1420
30618_defd0170,119,11.1184,10.6625,4.6000,49.8957,159.3402,186.0000,10.8469,11.2670,10.9415,42.0000,EB,5166.1420
30618_defd0170,120,10.7220,6.8439,5.6598,49.9538,163.9402,229.0000,8.8261,10.9470,8.9740,57.0000,EB,5116.1421
30618_defd0170,121,6.8367,0.0000,32.6402,47.5211,169.6000,1312.0000,1.4559,7.2330,1.6284,333.0000,EB,5066.1420
30618_defd0170,122,8.3001,4.2886,9.4000,50.0469,202.2402,378.0000,5.3242,8.2680,5.2479,81.0000,EB,5016.1420
30618_defd0170,123,9.8918,8.3334,5.3500,50.2195,211.6402,215.0000,9.3868,9.9900,9.4212,54.0000,EB,4966.1420
30618_defd0170,124,8.9794,8.3842,5.8000,49.9498,216.9902,235.0000,8.6120,9.1220,8.6926,62.0000,EB,4917.1420
30618_defd0170,125,10.0052,8.3527,5.7000,49.7949,222.7902,228.0000,8.7359,9.8700,8.7437,49.0000,EB,4867.1420
30618_defd0170,126,11.2693,10.0307,4.6500,50.1335,228.4903,188.0000,10.7814,11.4020,10.8757,44.0000,EB,4818.1420
30618_defd0170,127,11.4935,11.2539,4.4000,50.0934,233.1402,176.0000,11.3848,11.6090,11.4676,52.0000,EB,4768.1420
30618_defd0170,128,11.4959,8.0415,5.0500,50.0498,237.5402,204.0000,9.9108,11.2850,8.6815,68.0000,EB,4718.1420
30618_defd0170,129,8.0114,0.0000,33.7098,46.5492,242.5902,1358.0000,1.3809,7.8620,0.9403,301.0000,EB,4668.1421
30618_defd0170,130,7.3115,0.0000,20.2902,50.1329,276.3000,815.0000,2.4708,7.2460,2.4884,192.0000,EB,4618.1420
30618_defd0170,131,11.5364,7.3473,5.2500,50.0950,296.5902,211.0000,9.5419,11.4490,9.4897,52.0000,EB,4568.1420
30618_defd0170,132,12.7823,11.5553,4.0500,50.0453,301.8403,163.0000,12.3569,12.8190,12.3573,41.0000,EB,4518.1420
30618_defd0170,133,12.4976,9.5661,4.5000,49.8041,305.8903,180.0000,11.0676,12.5410,11.1431,45.0000,EB,4468.1419
30618_defd0170,134,9.5378,7.8750,5.8098,50.0426,310.3902,236.0000,8.6135,9.6350,8.7035,57.0000,EB,4418.1420
30618_defd0170,135,8.4403,6.8895,6.5403,50.2173,316.2000,264.0000,7.6782,8.4590,7.6954,65.0000,EB,4369.1419
30618_defd0170,136,8.3769,7.0183,6.3500,50.0113,322.7403,256.0000,7.8758,8.4590,7.9951,58.0000,EB,4320.1420
30618_defd0170,137,10.1276,6.9917,6.0597,49.8039,329.0903,245.0000,8.2188,9.9770,8.0671,60.0000,EB,4271.1418
30618_defd0170,138,10.7927,9.2731,4.8500,50.0144,335.1500,195.0000,10.3123,10.8510,10.4008,45.0000,EB,4222.1418
30618_defd0170,139,9.2661,7.7339,6.2403,50.2535,340.0000,252.0000,8.0531,9.5480,8.1817,62.0000,EB,4172.1418
30618_defd0170,140,8.2866,6.8379,6.3500,50.0261,346.2403,257.0000,7.8781,8.3170,7.9838,60.0000,EB,4122.1417
30618_defd0170,141,6.8134,0.0000,44.3000,47.2303,352.5903,1794.0000,1.0661,7.1400,1.1278,443.0000,EB,4072.1418
30618_defd0170,142,6.1842,0.0000,50.4500,50.3084,396.8903,2042.0000,0.9972,6.1570,1.0158,497.0000,EB,4022.1417
30618_defd0170,143,9.1166,1.9056,8.4500,50.0526,447.3402,343.0000,5.9234,9.0400,5.3295,92.0000,EB,3972.1418
30618_defd0170,144,9.1355,7.2456,6.1500,49.9848,455.7902,250.0000,8.1276,9.1910,8.2279,61.0000,EB,3922.1417
30618_defd0170,145,7.2420,7.1567,6.9500,49.9535,461.9402,283.0000,7.1875,7.2810,7.1967,70.0000,EB,3872.1417
30618_defd0170,146,7.2813,7.2200,6.9000,50.0244,468.8903,276.0000,7.2499,7.3000,7.2476,69.0000,EB,3822.1418
30618_defd0170,147,7.2805,7.1185,6.9500,49.8667,475.7902,282.0000,7.1750,7.2860,7.1796,68.0000,EB,3772.1418
30618_defd0170,148,7.5464,5.3812,7.2500,50.0659,482.7403,297.0000,6.9056,7.5920,6.9671,71.0000,EB,3722.1418
30618_defd0170,149,5.3670,3.3495,12.8999,50.0466,489.9903,529.0000,3.8796,5.5190,3.9326,128.0000,EB,3672.1417
30618_defd0170,150,5.5552,3.7637,11.9000,50.0124,502.8902,489.0000,4.2027,5.3780,4.1882,121.0000,EB,3618.1407
30618_defd0170,151,8.5623,5.5950,6.6001,50.1268,514.7903,268.0000,7.5949,8.5790,7.5223,65.0000,EB,3566.1401
30618_defd0170,152,8.0608,0.0000,12.6597,49.3240,521.3903,518.0000,3.8962,8.1360,4.7696,106.0000,EB,3516.1400
30618_defd0170,153,8.9127,0.0000,26.8402,49.4729,534.0500,1100.0000,1.8432,8.9030,1.7189,290.0000,EB,3466.1401
30618_defd0170,154,9.7449,8.9228,5.3500,49.9265,560.8902,223.0000,9.3321,9.7750,9.3263,53.0000,EB,3416.1400
30618_defd0170,155,9.6906,5.3419,6.6000,50.2113,566.2402,271.0000,7.6078,9.6640,7.6149,66.0000,EB,3366.1400
30618_defd0170,156,7.6169,0.0000,28.2000,49.8451,572.8402,1163.0000,1.7676,7.5290,1.7683,275.0000,EB,3316.1401
30618_defd0170,157,11.5825,7.6494,5.2000,49.9785,601.0402,214.0000,9.6112,11.5190,9.5706,52.0000,EB,3266.1400
30618_defd0170,158,13.4733,11.6110,3.9500,50.2153,606.2403,159.0000,12.7127,13.4380,12.6766,39.0000,EB,3216.1399
30618_defd0170,159,13.4682,11.3784,3.9499,49.6622,610.1903,159.0000,12.5729,13.4820,12.5803,40.0000,EB,3166.1399
30618_defd0170,160,11.3506,7.2243,5.3500,50.2982,614.1402,219.0000,9.4015,11.3680,9.3899,54.0000,EB,3116.1399
30618_defd0170,161,7.1869,0.0000,53.8500,49.9653,619.4903,2176.0000,0.9279,7.1670,0.9264,538.0000,EB,3066.1398
30618_defd0170,162,10.3330,6.0860,5.9501,50.2282,673.3403,242.0000,8.4416,10.2890,8.4054,59.0000,EB,3016.1399
30618_defd0170,163,13.0044,10.3465,4.3001,49.6729,679.2903,173.0000,11.5515,13.0670,11.5365,44.0000,EB,2966.1399
30618_defd0170,164,14.3393,13.0300,3.6498,50.3639,683.5904,148.0000,13.7991,14.3110,13.7723,36.0000,EB,2916.1400
30618_defd0170,165,14.5373,14.3055,3.4500,49.7924,687.2402,141.0000,14.4325,14.5350,14.3983,35.0000,EB,2866.1398
30618_defd0170,166,14.4284,13.9424,3.5000,50.1506,690.6903,143.0000,14.3288,14.4440,14.3059,35.0000,EB,2816.1396
30618_defd0170,167,13.9191,11.9534,3.9098,49.7688,694.1902,160.0000,12.7294,13.8960,12.7066,39.0000,EB,2766.1396
30618_defd0170,168,12.5769,11.8907,4.1403,50.3577,698.1000,167.0000,12.1629,12.5780,12.1549,41.0000,EB,2717.1395
30618_defd0170,169,12.5836,11.4233,4.1999,49.8724,702.2403,168.0000,11.8746,12.6010,11.8799,42.0000,EB,2667.1395
30618_defd0170,170,11.4875,8.3905,5.1001,50.0057,706.4402,204.0000,9.8049,11.4910,9.7707,52.0000,EB,2617.1396
30618_defd0170,171,8.4757,8.0075,6.0999,49.8741,711.5403,244.0000,8.1762,8.5560,8.1880,61.0000,EB,2567.1395
30618_defd0170,172,11.1341,8.4823,5.0098,49.8314,717.6402,201.0000,9.9469,11.1020,9.9819,50.0000,EB,2518.1395
30618_defd0170,173,12.9851,11.1385,4.1902,50.0995,722.6500,167.0000,11.9562,12.9240,11.9432,41.0000,EB,2468.1395
30618_defd0170,174,13.4812,12.9999,3.7500,50.0038,726.8402,151.0000,13.3343,13.4550,13.3132,38.0000,EB,2418.1394
30618_defd0170,175,13.8537,13.3680,3.6597,49.8354,730.5903,148.0000,13.6172,13.8350,13.6040,37.0000,EB,2368.1396
30618_defd0170,176,14.1479,13.8561,3.5903,50.3818,734.2500,144.0000,14.0327,14.1370,14.0175,35.0000,EB,2318.1394
30618_defd0170,177,14.0311,12.0670,3.8499,50.0726,737.8403,156.0000,13.0061,14.0350,12.9883,39.0000,EB,2268.1394
30618_defd0170,178,13.4013,12.0634,3.9000,49.6279,741.6902,156.0000,12.7251,13.3730,12.7167,39.0000,EB,2218.1393
30618_defd0170,179,13.9196,13.4100,3.6500,50.1065,745.5902,146.0000,13.7279,13.9040,13.7022,36.0000,EB,2168.1393
30618_defd0170,180,13.9389,13.8740,3.6000,50.0589,749.2402,144.0000,13.9052,13.9420,13.8907,36.0000,EB,2118.1391
30618_defd0170,181,13.9034,13.5261,3.6500,50.2835,752.8402,147.0000,13.7762,13.9140,13.7614,37.0000,EB,2068.1392
30618_defd0170,182,13.6245,13.4398,3.6597,49.4724,756.4903,148.0000,13.5180,13.6030,13.4932,37.0000,EB,2017.1391
30618_defd0170,183,13.6362,13.3658,3.7402,50.3893,760.1500,149.0000,13.4723,13.6250,13.4241,37.0000,EB,1967.1389
30618_defd0170,184,13.3842,13.1395,3.7500,49.7180,763.8902,150.0000,13.2580,13.3390,13.2193,38.0000,EB,1917.1389
30618_defd0170,185,13.1577,13.0733,3.8097,49.9760,767.6403,154.0000,13.1180,13.1290,13.0805,38.0000,EB,1867.1388
30618_defd0170,186,13.0974,12.7719,3.8403,50.0833,771.4500,153.0000,13.0416,13.0880,13.0020,39.0000,EB,1817.1386
30618_defd0170,187,12.7635,9.9578,4.3999,49.9426,775.2903,176.0000,11.3507,12.7170,11.2152,45.0000,EB,1767.1386
30618_defd0170,188,9.9456,9.7158,5.1500,50.3312,779.6902,206.0000,9.7730,9.8400,9.7487,51.0000,EB,1717.1386
30618_defd0170,189,9.7173,9.6884,5.1500,49.9731,784.8402,206.0000,9.7034,9.7310,9.6908,51.0000,EB,1667.1386
30618_defd0170,190,9.8477,9.6965,5.1000,49.6742,789.9903,204.0000,9.7400,9.8700,9.7377,52.0000,EB,1617.1386
30618_defd0170,191,10.0971,9.8458,5.0500,50.3624,795.0903,202.0000,9.9728,10.0930,9.9722,50.0000,EB,1567.1386
30618_defd0170,192,10.1815,10.1000,4.9000,49.7670,800.1402,196.0000,10.1565,10.2160,10.1576,49.0000,EB,1517.1386
30618_defd0170,193,10.2556,9.9171,4.9500,50.2034,805.0402,198.0000,10.1421,10.2680,10.1718,35.0000,EB,1467.1386
30618_defd0170,194,10.1800,9.8910,4.9500,49.6766,809.9902,198.0000,10.0357,,,,EB,1417.1386
30618_defd0170,195,10.1776,9.9625,5.0000,50.3310,814.9402,200.0000,10.0662,10.1400,10.0992,6.0000,EB,1367.1385
30618_defd0170,196,10.0744,9.8138,5.0000,49.7530,819.9402,200.0000,9.9506,10.0530,9.9324,39.0000,EB,1317.1385
30618_defd0170,197,10.0079,9.8217,5.0500,50.1422,824.9402,202.0000,9.9291,10.0070,9.8857,45.0000,EB,1267.1386
30618_defd0170,198,9.9233,9.7792,5.0500,49.7870,829.9903,202.0000,9.8587,9.9260,9.8375,48.0000,EB,1217.1386
30618_defd0170,199,9.9575,9.7283,5.0999,50.1368,835.0403,204.0000,9.8309,9.9330,9.2445,39.0000,EB,1167.1386
30618_defd0170,200,9.7378,5.0935,6.7098,49.9500,840.1402,269.0000,7.4444,6.8550,5.3348,14.0000,EB,1117.1385
30618_defd0170,201,5.6076,3.7484,11.7902,50.0636,846.8500,471.0000,4.2462,,,,EB,1067.1385
30618_defd0170,202,5.7012,3.8537,11.3000,49.9904,858.6402,452.0000,4.4239,4.5300,4.0696,77.0000,EB,1017.1385
30618_defd0170,203,4.1222,2.4903,15.4000,50.0505,869.9402,616.0000,3.2500,4.0530,3.1774,138.0000,EB,967.1384
30618_defd0170,204,7.3580,0.0000,37.8500,51.5649,885.3402,1514.0000,1.3623,7.3640,1.7155,276.0000,EB,917.1384
30618_defd0170,205,9.8009,7.3736,5.5500,50.0427,923.1902,222.0000,9.0167,9.8040,9.0200,35.0000,EB,867.1384
30618_defd0170,206,9.8263,8.5240,5.5500,50.1278,928.7402,222.0000,9.0320,9.8370,9.0233,48.0000,EB,818.1384
30618_defd0170,207,8.8573,8.6588,5.7000,49.8557,934.2903,229.0000,8.7467,8.8950,8.7566,53.0000,EB,768.1383
30618_defd0170,208,8.8917,8.0784,5.7500,50.0364,939.9902,230.0000,8.7019,8.9180,8.7087,56.0000,EB,718.1382
30618_defd0170,209,8.0620,0.0000,36.6000,50.0833,945.7403,1464.0000,1.3684,8.0450,1.3471,363.0000,EB,669.1382
30618_defd0170,210,9.0508,2.3564,8.5001,50.0170,982.3402,341.0000,5.8843,11.5870,5.9382,85.0000,EB,620.1381
30618_defd0170,211,12.0892,9.0639,4.7097,49.7866,990.8403,189.0000,10.5710,12.1280,10.5480,48.0000,EB,570.1380
30618_defd0170,212,13.8182,12.0928,3.8402,50.1651,995.5500,153.0000,13.0630,13.8540,13.1119,38.0000,EB,520.1379
30618_defd0170,213,13.8821,12.4143,3.7500,50.0718,999.3902,150.0000,13.3524,13.8950,13.2556,37.0000,EB,470.1379
30618_defd0170,214,12.3903,9.2266,4.6000,49.8532,1003.1403,184.0000,10.8378,12.4140,10.4028,48.0000,EB,420.1378
30618_defd0170,215,9.1960,0.0000,30.0500,50.0451,1007.7402,1202.0000,1.6654,9.2470,1.6315,294.0000,EB,370.1378
30618_defd0170,216,7.3681,1.9812,9.0000,49.9609,1037.7903,360.0000,5.5512,7.3650,5.4609,90.0000,EB,320.1378
30618_defd0170,217,6.4502,5.9586,0.8500,5.2864,1046.7903,35.0000,6.2192,6.4950,6.2783,9.0000,EB,270.1378
30618_e2dcf65f,112,3.3994,0.0000,13.5162,16.8019,1.0500,603.0000,1.2431,3.4200,1.2452,133.0000,EB,5511.1413
30618_e2dcf65f,113,3.4115,2.9642,15.7838,50.1371,14.5662,755.0000,3.1765,3.4270,3.1802,158.0000,EB,5466.1414
30618_e2dcf65f,114,3.3633,0.8940,21.2662,50.0979,30.3500,1024.0000,2.3558,3.3970,2.3645,210.0000,EB,5421.1425
30618_e2dcf65f,115,4.8114,2.4489,15.2838,50.2872,51.6162,731.0000,3.2902,4.6390,3.2425,154.0000,EB,5369.1419
30618_e2dcf65f,116,7.1607,4.8107,7.9661,49.8850,66.9000,387.0000,6.2621,7.1640,6.2326,80.0000,EB,5316.1420
30618_e2dcf65f,117,7.1933,0.0000,34.3339,49.8613,74.8661,1636.0000,1.4522,7.1270,1.4589,344.0000,EB,5266.1420
30618_e2dcf65f,118,10.7828,7.2212,5.4000,50.0291,109.2000,259.0000,9.2646,10.7810,9.2238,54.0000,EB,5216.1420
30618_e2dcf65f,119,11.1194,10.7109,4.6000,50.0026,114.6000,218.0000,10.8701,11.1300,10.8544,46.0000,EB,5166.1420
30618_e2dcf65f,120,10.8346,7.0781,5.6000,50.1029,119.2000,262.0000,8.9470,10.8060,8.9649,56.0000,EB,5116.1421
30618_e2dcf65f,121,7.0557,0.0000,32.0000,50.0467,124.8000,1514.0000,1.5640,7.0500,1.5677,319.0000,EB,5066.1420
30618_e2dcf65f,122,10.2718,5.4978,6.2000,50.0642,156.8000,282.0000,8.0749,10.2280,8.0398,62.0000,EB,5016.1420
30618_e2dcf65f,123,10.7929,9.1052,4.9000,50.0878,163.0000,224.0000,10.2220,10.7980,10.2195,49.0000,EB,4966.1420
30618_e2dcf65f,124,9.0864,8.4501,5.7564,49.7528,167.9000,261.0000,8.6431,9.0340,8.6468,57.0000,EB,4917.1420
30618_e2dcf65f,125,8.9749,7.7111,6.0436,50.0275,173.6564,278.0000,8.2777,8.8940,8.2763,61.0000,EB,4867.1420
30618_e2dcf65f,126,11.0996,9.0041,4.8662,50.0387,179.7000,221.0000,10.2829,11.0280,10.2433,48.0000,EB,4818.1420
30618_e2dcf65f,127,11.3421,11.0817,4.4499,49.9171,184.5662,195.0000,11.2175,11.3510,11.1944,45.0000,EB,4768.1420
30618_e2dcf65f,128,11.3515,8.1027,5.0339,50.0792,189.0161,225.0000,9.9485,11.3730,9.9835,50.0000,EB,4718.1420
30618_e2dcf65f,129,8.0765,0.0000,32.1662,50.1131,194.0500,1421.0000,1.5579,8.1130,1.5771,321.0000,EB,4668.1421
30618_e2dcf65f,130,8.6146,2.2249,10.9838,50.0026,226.2162,491.0000,4.5524,8.5430,4.5224,109.0000,EB,4618.1420
30618_e2dcf65f,131,12.0098,8.6425,4.7662,49.9015,237.2000,211.0000,10.4699,11.9730,10.4334,45.0000,EB,4568.1420
30618_e2dcf65f,132,12.8923,12.0175,3.9838,50.0347,241.9662,172.0000,12.5595,12.8820,12.5447,39.0000,EB,4518.1420
30618_e2dcf65f,133,12.5790,9.4894,4.5500,50.2065,245.9500,200.0000,11.0344,12.5730,11.0754,42.0000,EB,4468.1419
30618_e2dcf65f,134,9.4657,8.1236,5.8500,49.9073,250.5000,253.0000,8.5312,9.4630,8.5377,58.0000,EB,4418.1420
30618_e2dcf65f,135,8.2808,7.8795,6.2000,50.0997,256.3500,266.0000,8.0806,8.2820,8.0658,62.0000,EB,4369.1419
30618_e2dcf65f,136,8.2416,6.9743,6.3500,49.7993,262.5500,283.0000,7.8424,8.2470,7.8510,59.0000,EB,4320.1420
30618_e2dcf65f,137,9.8042,6.9389,6.2500,50.2245,268.9000,271.0000,8.0359,9.7690,7.9915,62.0000,EB,4271.1418
30618_e2dcf65f,138,10.8412,9.8235,4.8500,49.8816,275.1500,212.0000,10.2849,10.7980,10.2721,49.0000,EB,4222.1418
30618_e2dcf65f,139,11.0303,8.9857,4.8162,49.8442,280.0000,212.0000,10.3493,11.0570,10.3677,48.0000,EB,4172.1418
30618_e2dcf65f,140,8.9897,7.2223,6.0338,50.1477,284.8162,268.0000,8.3111,9.0010,8.3163,54.0000,EB,4122.1417
30618_e2dcf65f,141,7.1978,0.0000,62.0000,50.2246,290.8500,2559.0000,0.8101,7.1840,0.8076,613.0000,EB,4072.1418
30618_e2dcf65f,142,10.2875,4.7506,6.5000,50.0748,352.8500,271.0000,7.7038,10.2450,7.6330,65.0000,EB,4022.1417
30618_e2dcf65f,143,11.0215,10.2665,4.6500,49.9177,359.3500,189.0000,10.7350,11.0550,10.7306,47.0000,EB,3972.1418
30618_e2dcf65f,144,10.2512,7.3122,5.8500,50.1075,364.0000,241.0000,8.5654,10.2890,8.6086,54.0000,EB,3922.1417
30618_e2dcf65f,145,7.3073,6.6473,7.1662,49.8441,369.8500,288.0000,6.9555,7.3250,6.9749,50.0000,EB,3872.1417
30618_e2dcf65f,146,7.0197,6.5979,7.3338,49.9812,377.0162,293.0000,6.8151,7.0390,6.8052,66.0000,EB,3822.1418
30618_e2dcf65f,147,6.8534,6.6328,7.4500,50.0995,384.3500,300.0000,6.7248,6.8630,6.7241,75.0000,EB,3772.1418
30618_e2dcf65f,148,6.6305,5.1061,8.4500,49.9503,391.8000,342.0000,5.9113,6.6300,5.9203,76.0000,EB,3722.1418
30618_e2dcf65f,149,5.1013,3.4307,12.9000,50.0436,400.2500,518.0000,3.8793,5.1310,3.8879,129.0000,EB,3672.1417
30618_e2dcf65f,150,5.1442,3.7833,12.2500,50.0695,413.1500,496.0000,4.0873,5.0590,4.0912,123.0000,EB,3618.1407
30618_e2dcf65f,151,8.5465,5.1777,6.7000,50.0460,425.4000,270.0000,7.4696,8.5720,7.4496,66.0000,EB,3566.1401
30618_e2dcf65f,152,8.1399,1.2379,10.1500,49.8842,432.1000,414.0000,4.9147,8.1570,4.9917,100.0000,EB,3516.1400
30618_e2dcf65f,153,8.8250,0.0000,64.9500,50.0479,442.2500,2603.0000,0.7706,8.8260,0.7727,650.0000,EB,3466.1401
30618_e2dcf65f,154,11.2294,8.8322,5.2161,49.9324,507.2000,214.0000,9.5727,11.1620,9.5535,52.0000,EB,3416.1400
30618_e2dcf65f,155,13.6276,11.2396,3.9839,50.1137,512.4161,168.0000,12.5792,13.6230,12.5580,40.0000,EB,3366.1400
30618_e2dcf65f,156,14.5274,13.6400,3.5162,49.8765,516.4000,142.0000,14.1846,14.4120,14.1189,27.0000,EB,3316.1401
30618_e2dcf65f,157,14.4889,14.2378,3.4838,49.9936,519.9162,140.0000,14.3505,14.5050,14.3488,30.0000,EB,3266.1400
30618_e2dcf65f,158,14.4255,13.6823,3.5500,50.2581,523.4000,143.0000,14.1572,14.4650,14.1645,35.0000,EB,3216.1399
30618_e2dcf65f,159,13.6428,10.9109,4.0500,49.7346,526.9500,162.0000,12.2802,13.6710,12.3157,41.0000,EB,3166.1399
30618_e2dcf65f,160,10.8876,6.6441,5.7162,50.1145,531.0000,229.0000,8.7672,10.9000,8.7974,57.0000,EB,3116.1399
30618_e2dcf65f,161,6.6319,0.0000,73.8001,49.6988,536.7162,2966.0000,0.6734,6.6220,0.6765,735.0000,EB,3066.1398
30618_e2dcf65f,162,10.8949,6.0235,5.8838,50.0890,610.5162,243.0000,8.5131,10.8610,8.4767,59.0000,EB,3016.1399
30618_e2dcf65f,163,13.6086,10.9211,4.0162,49.8148,616.4000,166.0000,12.4036,13.6540,12.3784,40.0000,EB,2966.1399
30618_e2dcf65f,164,14.5197,13.6147,3.5338,50.0389,620.4162,144.0000,14.1599,14.4880,14.1135,33.0000,EB,2916.1400
30618_e2dcf65f,165,14.5440,14.3204,3.4662,50.0590,623.9500,140.0000,14.4422,14.5650,14.4250,35.0000,EB,2866.1398
30618_e2dcf65f,166,14.5085,14.1258,3.5000,49.8369,627.4162,143.0000,14.2390,14.5230,14.2371,35.0000,EB,2816.1396
30618_e2dcf65f,167,14.1193,11.8762,3.9000,50.2075,630.9162,161.0000,12.8737,14.1570,12.8843,38.0000,EB,2766.1396
30618_e2dcf65f,168,11.8736,7.8595,4.8838,50.0711,634.8162,199.0000,10.2525,11.8860,10.2406,49.0000,EB,2717.1395
30618_e2dcf65f,169,7.8236,0.0000,34.9661,50.0192,639.7000,1410.0000,1.4305,7.8330,1.4402,347.0000,EB,2667.1395
30618_e2dcf65f,170,9.0018,6.8533,5.9500,49.9861,674.6661,245.0000,8.4010,9.0310,8.3947,59.0000,EB,2617.1396
30618_e2dcf65f,171,8.7206,8.4195,5.8500,50.0289,680.6162,237.0000,8.5519,8.7160,8.5560,59.0000,EB,2567.1395
30618_e2dcf65f,172,10.0747,8.5915,5.2338,50.1824,686.4662,212.0000,9.5881,10.0670,9.5855,52.0000,EB,2518.1395
30618_e2dcf65f,173,9.4586,7.1753,6.4000,49.8042,691.7000,259.0000,7.7819,9.4150,7.7852,64.0000,EB,2468.1395
30618_e2dcf65f,174,8.4940,7.1436,6.4000,50.1280,698.1000,262.0000,7.8325,8.4680,7.8184,64.0000,EB,2418.1394
30618_e2dcf65f,175,11.7601,8.5131,4.9000,50.0735,704.5000,204.0000,10.2191,11.7210,10.1902,49.0000,EB,2368.1396
30618_e2dcf65f,176,13.4593,11.7798,3.9000,49.6960,709.4000,161.0000,12.7426,13.4390,12.7162,39.0000,EB,2318.1394
30618_e2dcf65f,177,14.2587,13.4683,3.6000,50.0912,713.3000,146.0000,13.9142,14.2310,13.8954,36.0000,EB,2268.1394
30618_e2dcf65f,178,14.4783,14.2444,3.4662,49.8875,716.9000,139.0000,14.3927,14.4920,14.3799,35.0000,EB,2218.1393
30618_e2dcf65f,179,14.4706,14.2216,3.4838,50.2419,720.3662,140.0000,14.4215,14.4820,14.4060,35.0000,EB,2168.1393
30618_e2dcf65f,180,14.2082,14.0251,3.5500,50.0765,723.8500,145.0000,14.1061,14.1670,14.1050,35.0000,EB,2118.1391
30618_e2dcf65f,181,14.0194,13.5642,3.6500,49.9255,727.4000,152.0000,13.6782,14.0190,13.6667,36.0000,EB,2068.1392
30618_e2dcf65f,182,13.7683,13.5716,3.6500,49.9407,731.0500,150.0000,13.6824,13.7500,13.6668,36.0000,EB,2017.1391
30618_e2dcf65f,183,13.6400,13.4004,3.7000,50.0480,734.7000,150.0000,13.5265,13.6310,13.4974,37.0000,EB,1967.1389
30618_e2dcf65f,184,13.3979,13.0788,3.8000,50.1398,738.4000,156.0000,13.1947,13.3480,13.1712,38.0000,EB,1917.1389
30618_e2dcf65f,185,13.0816,11.9164,3.9000,49.9322,742.2000,159.0000,12.8031,13.0690,12.7823,39.0000,EB,1867.1388
30618_e2dcf65f,186,11.8889,9.1419,4.7662,49.7920,746.1000,199.0000,10.4469,11.8880,10.4166,49.0000,EB,1817.1386
30618_e2dcf65f,187,9.2936,8.7591,5.5838,49.9935,750.8662,231.0000,8.9533,9.2930,8.9367,55.0000,EB,1767.1386
30618_e2dcf65f,188,9.5270,9.2922,5.3000,50.0251,756.4500,216.0000,9.4387,9.5390,9.4406,53.0000,EB,1717.1386
30618_e2dcf65f,189,9.6338,9.4737,5.2162,50.0097,761.7500,214.0000,9.5874,9.6520,9.5871,53.0000,EB,1667.1386
30618_e2dcf65f,190,9.4649,3.8263,9.0338,50.0496,766.9662,378.0000,5.5402,9.3870,5.4753,91.0000,EB,1617.1386
30618_e2dcf65f,191,6.1174,2.2587,12.6500,50.0191,776.0000,525.0000,3.9541,6.1080,3.9510,127.0000,EB,1567.1386
30618_e2dcf65f,192,7.4550,3.5749,8.1500,50.0957,788.6500,338.0000,6.1467,7.5040,6.2442,80.0000,EB,1517.1386
30618_e2dcf65f,193,7.3981,6.9905,6.8662,49.8403,796.8000,284.0000,7.2588,7.4360,7.2649,63.0000,EB,1467.1386
30618_e2dcf65f,194,7.3373,6.9518,7.0338,49.9724,803.6662,291.0000,7.1046,7.3490,7.1179,71.0000,EB,1417.1386
30618_e2dcf65f,195,9.6028,6.9974,6.1000,50.0188,810.7000,249.0000,8.1998,9.6040,8.2120,60.0000,EB,1367.1385
30618_e2dcf65f,196,10.1023,9.6078,5.0500,50.0416,816.8000,210.0000,9.9092,10.1180,9.9235,51.0000,EB,1317.1385
30618_e2dcf65f,197,10.0716,9.8275,5.0500,50.1959,821.8500,205.0000,9.9398,10.0920,9.9505,50.0000,EB,1267.1386
30618_e2dcf65f,198,10.0492,9.7588,5.0662,49.8249,826.9000,213.0000,9.8348,10.0490,9.8451,51.0000,EB,1217.1386
30618_e2dcf65f,199,10.0823,9.3789,5.0500,49.9264,831.9662,213.0000,9.8864,10.1150,9.9075,50.0000,EB,1167.1386
30618_e2dcf65f,200,9.3694,4.8258,7.0338,50.1004,837.0162,298.0000,7.1228,9.4060,7.1268,71.0000,EB,1117.1385
30618_e2dcf65f,201,4.8214,3.7299,12.2162,49.9658,844.0500,505.0000,4.0901,4.7890,4.0881,122.0000,EB,1067.1385
30618_e2dcf65f,202,4.3773,0.0000,27.9500,50.1725,856.2662,1164.0000,1.7951,4.3650,1.7977,273.0000,EB,1017.1385
30618_e2dcf65f,203,6.0740,2.3145,10.4500,50.0113,884.2161,439.0000,4.7857,6.0770,4.7590,98.0000,EB,967.1384
30618_e2dcf65f,204,7.5431,0.0000,33.8338,50.0548,894.6662,1429.0000,1.4794,7.4920,1.4744,303.0000,EB,917.1384
30618_e2dcf65f,205,9.7341,7.5695,5.5162,49.8420,928.5000,234.0000,9.0356,9.7010,9.0041,53.0000,EB,867.1384
30618_e2dcf65f,206,9.7428,8.4481,5.6338,50.2821,934.0162,239.0000,8.9250,9.7700,8.9270,56.0000,EB,818.1384
30618_e2dcf65f,207,8.7623,8.6109,5.7500,49.8384,939.6500,246.0000,8.6675,8.8030,8.6644,55.0000,EB,768.1383
30618_e2dcf65f,208,8.7907,8.5401,5.7662,50.0142,945.4000,255.0000,8.6737,8.8140,8.6666,57.0000,EB,718.1382
30618_e2dcf65f,209,8.7083,8.4066,5.8338,49.9667,951.1662,251.0000,8.5650,8.7450,8.5658,48.0000,EB,669.1382
30618_e2dcf65f,210,9.1776,8.4436,5.8000,50.1352,957.0000,252.0000,8.6440,9.0660,8.6783,38.0000,EB,620.1381
30618_e2dcf65f,211,11.9817,9.1967,4.7000,49.7633,962.8000,205.0000,10.5879,11.9240,10.5571,47.0000,EB,570.1380
30618_e2dcf65f,212,13.6574,12.0012,3.8662,50.0825,967.5000,168.0000,12.9540,13.6430,12.9341,39.0000,EB,520.1379
30618_e2dcf65f,213,13.8602,12.6787,3.7000,49.8820,971.3662,163.0000,13.4817,13.9030,13.4982,32.0000,EB,470.1379
30618_e2dcf65f,214,12.6693,11.8846,4.1500,50.1300,975.0662,181.0000,12.0794,12.6160,12.0883,39.0000,EB,420.1378
30618_e2dcf65f,215,12.1143,11.3815,4.1838,50.1039,979.2162,185.0000,11.9757,12.1530,11.9786,42.0000,EB,370.1378
30618_e2dcf65f,216,11.3590,7.1211,5.3500,49.8550,983.4000,232.0000,9.3187,11.3480,9.3361,49.0000,EB,320.1378
30618_e2dcf65f,217,7.0852,0.0000,41.3663,50.2388,988.7500,1840.0000,1.2145,7.0690,1.2261,372.0000,EB,270.1378
30618_e2dcf65f,218,3.5257,2.5386,17.9837,50.0427,1030.1163,814.0000,2.7827,3.5800,2.7937,180.0000,EB,220.1378
30618_e2dcf65f,219,3.0932,0.0000,47.9162,10.6639,1048.1000,2215.0000,0.2226,3.1590,0.2395,478.0000,EB,173.1339
30618_e3d94878,114,3.3669,1.7551,9.7500,25.7334,166.9500,403.0000,2.6393,2.5160,2.2033,11.0000,EB,5421.1425
30618_e3d94878,115,4.5315,2.0520,15.7000,50.5167,176.7000,648.0000,3.2176,4.8000,3.3468,141.0000,EB,5369.1419
30618_e3d94878,116,7.2516,4.4295,8.1000,50.0984,192.4000,342.0000,6.1850,7.2320,6.2713,71.0000,EB,5316.1420
30618_e3d94878,117,7.4102,0.0000,21.0500,53.2550,200.5000,872.0000,2.5299,7.4050,2.4522,198.0000,EB,5266.1420
30618_e3d94878,118,10.8730,7.4462,5.3000,49.9183,221.5500,226.0000,9.4185,10.8870,9.4249,53.0000,EB,5216.1420
30618_e3d94878,119,11.0690,10.5581,4.6000,50.0547,226.8500,190.0000,10.8815,11.0520,10.8680,46.0000,EB,5166.1420
30618_e3d94878,120,10.5249,6.4637,5.9500,50.0606,231.4500,254.0000,8.4136,10.4650,8.3745,57.0000,EB,5116.1421
30618_e3d94878,121,6.4474,0.0000,21.1000,50.2347,237.4000,886.0000,2.3808,6.3920,2.3570,196.0000,EB,5066.1420
30618_e3d94878,122,10.2781,5.3754,6.2000,49.9422,258.5000,261.0000,8.0552,10.2670,8.0337,62.0000,EB,5016.1420
30618_e3d94878,123,10.6121,8.6775,5.0000,50.3578,264.7000,211.0000,10.0716,10.6240,10.0329,43.0000,EB,4966.1420
30618_e3d94878,124,8.6498,8.1201,6.0500,49.7730,269.7000,255.0000,8.2269,8.3290,8.2135,49.0000,EB,4917.1420
30618_e3d94878,125,9.8769,8.2195,5.8500,49.9497,275.7500,251.0000,8.5384,9.8460,8.5384,58.0000,EB,4867.1420
30618_e3d94878,126,10.9966,9.9107,4.6552,49.9103,281.6000,196.0000,10.7214,11.0310,10.7229,47.0000,EB,4818.1420
30618_e3d94878,127,11.2342,10.9839,4.5000,50.0067,286.2552,188.0000,11.1125,11.2430,11.1091,45.0000,EB,4768.1420
30618_e3d94878,128,11.2310,7.7166,5.2448,50.4510,290.7552,221.0000,9.6193,11.2770,9.8643,30.0000,EB,4718.1420
30618_e3d94878,129,7.6759,0.0000,18.6000,49.7638,296.0000,792.0000,2.6755,7.6910,2.5799,175.0000,EB,4668.1421
30618_e3d94878,130,9.7849,2.6809,7.7500,49.8606,314.6000,331.0000,6.4336,9.7080,6.3867,77.0000,EB,4618.1420
30618_e3d94878,131,12.4042,9.8213,4.4053,49.9260,322.3500,188.0000,11.3333,12.4170,11.3024,45.0000,EB,4568.1420
30618_e3d94878,132,12.6649,12.4055,3.9947,50.3420,326.7553,172.0000,12.6021,12.6640,12.5964,39.0000,EB,4518.1420
30618_e3d94878,133,12.6094,9.2044,4.5500,50.1137,330.7500,196.0000,11.0140,12.6780,11.0297,40.0000,EB,4468.1419
30618_e3d94878,134,9.1592,3.8020,7.9000,49.7427,335.3000,341.0000,6.2966,9.1740,6.3173,79.0000,EB,4418.1420
30618_e3d94878,135,8.0253,0.0000,55.3500,49.9328,343.2000,2297.0000,0.9021,8.0520,0.9076,547.0000,EB,4369.1419
30618_e3d94878,136,8.3773,6.7476,6.4500,50.0427,398.5500,265.0000,7.7586,8.3970,7.7662,64.0000,EB,4320.1420
30618_e3d94878,137,10.4227,6.9573,6.0552,49.8433,405.0000,257.0000,8.2315,10.3200,8.2208,61.0000,EB,4271.1418
30618_e3d94878,138,12.2449,10.4269,4.3000,49.9415,411.0552,182.0000,11.6142,12.2560,11.6230,43.0000,EB,4222.1418
30618_e3d94878,139,12.1144,8.6639,4.8447,50.1353,415.3553,210.0000,10.3484,12.0680,10.3560,47.0000,EB,4172.1418
30618_e3d94878,140,8.6411,7.1964,6.0000,50.0386,420.2000,259.0000,8.3398,8.6610,8.3435,60.0000,EB,4122.1417
30618_e3d94878,141,7.1613,0.0000,19.1552,49.9602,426.2000,826.0000,2.6082,7.1650,2.6214,190.0000,EB,4072.1418
30618_e3d94878,142,10.4234,4.9271,6.3448,49.9024,445.3552,272.0000,7.8651,10.3740,7.8600,61.0000,EB,4022.1417
30618_e3d94878,143,10.6759,9.5563,4.9000,50.1752,451.7000,216.0000,10.2398,10.7220,10.2321,48.0000,EB,3972.1418
30618_e3d94878,144,9.5239,6.8312,6.3500,50.1335,456.6000,267.0000,7.8950,9.4970,7.9027,53.0000,EB,3922.1417
30618_e3d94878,145,7.1093,6.5822,7.2500,49.7757,462.9500,311.0000,6.8656,7.1480,6.8636,72.0000,EB,3872.1417
30618_e3d94878,146,7.2362,6.5997,7.3000,50.0693,470.2000,309.0000,6.8588,7.2530,6.8502,73.0000,EB,3822.1418
30618_e3d94878,147,7.1639,6.6006,7.2500,49.8784,477.5000,309.0000,6.8798,7.1700,6.8759,73.0000,EB,3772.1418
30618_e3d94878,148,7.4510,5.1510,7.4000,50.2528,484.7500,323.0000,6.7909,7.4830,6.7783,74.0000,EB,3722.1418
30618_e3d94878,149,5.1194,3.5907,12.5551,49.8345,492.1500,542.0000,3.9693,5.0860,3.9677,126.0000,EB,3672.1417
30618_e3d94878,150,5.1656,3.9308,12.1589,49.9998,504.7051,534.0000,4.1122,5.1210,4.1166,121.0000,EB,3618.1407
30618_e3d94878,151,6.9130,5.0962,8.3360,50.0938,516.8640,362.0000,6.0093,6.9100,6.0048,84.0000,EB,3566.1401
30618_e3d94878,152,5.7394,0.9610,12.0551,49.9484,525.2000,525.0000,4.1433,5.7590,3.9691,125.0000,EB,3516.1400
30618_e3d94878,153,8.8102,0.0000,52.3449,50.0182,537.2551,2274.0000,0.9556,8.8040,0.9599,481.0000,EB,3466.1401
30618_e3d94878,154,9.4467,8.7236,5.5000,49.8034,589.6000,242.0000,9.0552,9.4700,9.0520,54.0000,EB,3416.1400
30618_e3d94878,155,9.2029,4.7387,7.3000,50.2378,595.1000,320.0000,6.8819,9.2100,6.9021,73.0000,EB,3366.1400
30618_e3d94878,156,7.6429,0.9170,14.4500,49.9335,602.4000,645.0000,3.4556,7.6500,3.4670,144.0000,EB,3316.1401
30618_e3d94878,157,11.7185,7.6819,5.1000,49.8220,616.8500,232.0000,9.7690,11.6670,9.7682,51.0000,EB,3266.1400
30618_e3d94878,158,13.2342,11.7499,3.9500,50.2054,621.9500,184.0000,12.7102,13.2420,12.7118,39.0000,EB,3216.1399
30618_e3d94878,159,13.1891,10.5240,4.2000,50.0097,625.9000,188.0000,11.9071,13.2100,11.9235,42.0000,EB,3166.1399
30618_e3d94878,160,10.4926,6.4032,5.9500,50.0404,630.1000,285.0000,8.4101,10.4810,8.4150,59.0000,EB,3116.1399
30618_e3d94878,161,6.3743,0.0000,19.3000,50.0556,636.0500,935.0000,2.5936,6.3370,2.5983,192.0000,EB,3066.1398
30618_e3d94878,162,11.0716,6.2125,5.7500,49.9084,655.3500,278.0000,8.6797,10.9990,8.6726,57.0000,EB,3016.1399
30618_e3d94878,163,13.6614,11.1030,4.0000,50.1991,661.1000,194.0000,12.5498,13.6930,12.5305,40.0000,EB,2966.1399
30618_e3d94878,164,14.1333,13.6679,3.5677,49.8222,665.1000,172.0000,13.9650,14.0970,13.9463,36.0000,EB,2916.1400
30618_e3d94878,165,14.3396,14.0751,3.5323,50.2465,668.6677,174.0000,14.2247,14.3690,14.2101,34.0000,EB,2866.1398
30618_e3d94878,166,14.1601,13.7678,3.6000,50.0663,672.2000,177.0000,13.9073,14.1280,13.8989,34.0000,EB,2816.1396
30618_e3d94878,167,13.7688,11.5901,4.0000,49.6648,675.8000,198.0000,12.4162,13.8480,12.4216,40.0000,EB,2766.1396
30618_e3d94878,168,12.4162,11.5057,4.2500,50.3966,679.8000,208.0000,11.8580,12.4170,11.8482,42.0000,EB,2717.1395
30618_e3d94878,169,12.4193,11.0229,4.3000,49.5317,684.0500,212.0000,11.5190,12.4500,11.5330,43.0000,EB,2667.1395
30618_e3d94878,170,11.2206,8.1955,5.3000,50.1327,688.3500,261.0000,9.4590,11.2260,9.4406,53.0000,EB,2617.1396
30618_e3d94878,171,8.6198,8.2587,5.9551,49.9288,693.6500,293.0000,8.3842,8.6660,8.3949,60.0000,EB,2567.1395
30618_e3d94878,172,10.0528,8.6212,5.1949,50.0876,699.6051,251.0000,9.6417,10.0780,9.6622,51.0000,EB,2518.1395
30618_e3d94878,173,9.5338,6.8365,6.6000,50.0702,704.8000,324.0000,7.5864,9.4980,7.5888,66.0000,EB,2468.1395
30618_e3d94878,174,8.5255,7.0748,6.3500,49.9174,711.4000,309.0000,7.8610,8.5220,7.8556,64.0000,EB,2418.1394
30618_e3d94878,175,12.1405,8.5552,4.8000,50.1447,717.7500,234.0000,10.4468,12.1400,10.4545,48.0000,EB,2368.1396
30618_e3d94878,176,13.6961,12.1687,3.8500,50.2847,722.5500,187.0000,13.0610,13.6770,13.0590,38.0000,EB,2318.1394
30618_e3d94878,177,14.1181,13.7071,3.5500,49.6627,726.4000,174.0000,13.9895,14.1150,13.9799,36.0000,EB,2268.1394
30618_e3d94878,178,14.1912,13.9825,3.5500,50.0712,729.9500,178.0000,14.1046,14.2090,14.1007,35.0000,EB,2218.1393
30618_e3d94878,179,14.1688,13.9918,3.5500,50.1592,733.5000,174.0000,14.1294,14.1810,14.1245,36.0000,EB,2168.1393
30618_e3d94878,180,14.0380,13.7626,3.6000,50.0351,737.0500,176.0000,13.8986,14.0250,13.8931,36.0000,EB,2118.1391
30618_e3d94878,181,13.7853,13.4028,3.6500,49.7317,740.6500,182.0000,13.6251,13.7510,13.6149,36.0000,EB,2068.1392
30618_e3d94878,182,13.5201,13.3673,3.7052,49.7888,744.3000,183.0000,13.4376,13.5040,13.4207,38.0000,EB,2017.1391
30618_e3d94878,183,13.3798,13.2568,3.7753,50.2727,748.0052,185.0000,13.3163,13.3810,13.2858,37.0000,EB,1967.1389
30618_e3d94878,184,13.3383,12.8973,3.7695,49.8239,751.7805,186.0000,13.2176,13.3110,13.1999,38.0000,EB,1917.1389
30618_e3d94878,185,12.8740,9.8065,4.5000,50.2903,755.5500,221.0000,11.1756,12.8640,11.1384,45.0000,EB,1867.1388
30618_e3d94878,186,9.7924,6.1168,6.2051,49.6843,760.0500,309.0000,8.0069,9.7700,7.9595,63.0000,EB,1817.1386
30618_e3d94878,187,8.4144,0.0000,15.5150,50.1691,766.2551,771.0000,3.2336,8.4170,3.2403,155.0000,EB,1767.1386
30618_e3d94878,188,9.3662,8.3192,5.6799,50.1551,781.7701,281.0000,8.8303,9.3310,8.8413,56.0000,EB,1717.1386
30618_e3d94878,189,9.5238,8.5796,5.5000,49.8921,787.4500,274.0000,9.0713,9.5070,9.0763,55.0000,EB,1667.1386
30618_e3d94878,190,9.1257,8.1605,5.8052,50.0200,792.9500,289.0000,8.6165,9.1340,8.6144,59.0000,EB,1617.1386
30618_e3d94878,191,8.5280,8.1282,6.0045,50.0089,798.7552,300.0000,8.3285,8.5560,8.3490,59.0000,EB,1567.1386
30618_e3d94878,192,8.9270,7.9380,6.0903,50.2507,804.7597,301.0000,8.2509,8.9060,8.2751,61.0000,EB,1517.1386
30618_e3d94878,193,9.2769,8.6052,5.6500,49.8158,810.8500,283.0000,8.8169,9.2670,8.8198,56.0000,EB,1467.1386
30618_e3d94878,194,9.1989,8.6259,5.6500,50.3642,816.5000,280.0000,8.9140,9.2020,8.9296,56.0000,EB,1417.1386
30618_e3d94878,195,9.4290,8.9532,5.4052,49.6852,822.1500,271.0000,9.1922,9.4540,9.1970,55.0000,EB,1367.1385
30618_e3d94878,196,10.0816,9.0502,5.3448,50.1467,827.5552,266.0000,9.3823,10.0780,9.4306,48.0000,EB,1317.1385
30618_e3d94878,197,10.0640,9.6474,5.0824,50.0377,832.9000,253.0000,9.8452,9.9530,9.8303,26.0000,EB,1267.1386
30618_e3d94878,198,9.7517,9.3210,5.2676,50.2474,837.9824,262.0000,9.5390,9.7610,9.5551,51.0000,EB,1217.1386
30618_e3d94878,199,9.3165,8.1533,5.6000,49.7984,843.2500,280.0000,8.8926,9.3200,8.9129,56.0000,EB,1167.1386
30618_e3d94878,200,8.1608,6.6867,6.8000,50.0407,848.8500,338.0000,7.3589,8.1750,7.3798,68.0000,EB,1117.1385
30618_e3d94878,201,6.6786,4.7415,9.6500,50.0560,855.6500,482.0000,5.1872,6.6480,5.2029,96.0000,EB,1067.1385
30618_e3d94878,202,6.5702,4.9203,8.2500,49.9669,865.3000,409.0000,6.0566,6.4870,6.0534,83.0000,EB,1017.1385
30618_e3d94878,203,5.8697,1.4094,14.1052,50.1526,873.5500,698.0000,3.5556,5.8910,3.5685,140.0000,EB,967.1384
30618_e3d94878,204,7.8393,0.0000,74.2948,50.9563,887.6552,3656.0000,0.6859,7.6860,0.6788,740.0000,EB,917.1384
30618_e3d94878,205,9.7414,7.8757,5.4000,49.7808,961.9500,261.0000,9.2187,9.7510,9.1476,53.0000,EB,867.1384
30618_e3d94878,206,9.7354,8.0147,5.8307,49.9912,967.3500,280.0000,8.5737,9.7580,8.6153,58.0000,EB,818.1384
30618_e3d94878,207,8.7043,8.3617,5.8693,50.0375,973.1807,281.0000,8.5253,8.7140,8.5236,57.0000,EB,768.1383
30618_e3d94878,208,8.7376,7.5423,5.9500,50.1240,979.0500,289.0000,8.4242,8.7210,8.4581,59.0000,EB,718.1382
30618_e3d94878,209,7.5173,0.0000,36.5500,49.1768,985.0000,1770.0000,1.3455,7.6150,1.3795,332.0000,EB,669.1382
30618_e3d94878,210,9.1816,2.7779,7.9000,50.1185,1021.5500,375.0000,6.3441,9.1030,6.2244,78.0000,EB,620.1381
30618_e3d94878,211,12.2182,9.1974,4.6551,49.6627,1029.4500,216.0000,10.6684,12.1380,10.6164,47.0000,EB,570.1380
30618_e3d94878,212,13.8124,12.2214,3.8000,49.9504,1034.1051,182.0000,13.1448,13.7820,13.1128,37.0000,EB,520.1379
30618_e3d94878,213,13.9343,12.2059,3.7949,50.5538,1037.9051,182.0000,13.3216,13.9260,13.3441,27.0000,EB,470.1379
30618_e3d94878,214,12.1763,11.5801,4.2500,49.7458,1041.7000,203.0000,11.7049,12.2250,11.7257,43.0000,EB,420.1378
30618_e3d94878,215,11.7504,10.6733,4.3500,50.1720,1045.9500,213.0000,11.5338,11.8070,11.5690,41.0000,EB,370.1378
30618_e3d94878,216,10.6361,6.1271,5.9500,49.9081,1050.3000,285.0000,8.3879,10.7160,8.4747,58.0000,EB,320.1378
30618_e3d94878,217,6.0999,0.0000,43.3000,49.6250,1056.2500,2067.0000,1.1461,6.1190,1.1578,432.0000,EB,270.1378
30618_e3d94878,218,3.9381,2.5381,17.5551,49.9432,1099.5500,823.0000,2.8449,4.0220,2.8466,173.0000,EB,220.1378
30618_e3d94878,219,3.5425,0.0000,33.6449,50.0105,1117.1051,1566.0000,1.4864,3.5830,1.4903,335.0000,EB,173.1339
30618_e3d94878,220,3.7689,1.5609,16.4326,49.9578,1150.7500,755.0000,3.0402,3.7800,3.0807,162.0000,EB,0.0000
30618_e3d94878,221,1.5450,0.0000,4.8067,3.0918,1167.1826,220.0000,0.6432,1.7630,0.7728,41.0000,WB,21.3710
30618_e9a34502,112,1.6519,0.0000,18.6000,2.1167,0.0000,724.0000,0.1138,1.5570,0.1099,186.0000,EB,5511.1413
30618_e9a34502,113,3.5665,0.0000,46.1790,49.9461,18.6000,2084.0000,1.0816,3.5780,1.0831,462.0000,EB,5466.1414
30618_e9a34502,114,3.5885,0.0000,27.7499,50.1989,64.7790,1215.0000,1.8090,3.5620,1.8128,276.0000,EB,5421.1425
30618_e9a34502,115,5.1242,0.0000,19.7711,50.1462,92.5289,887.0000,2.5363,4.9790,2.5136,198.0000,EB,5369.1419
30618_e9a34502,116,7.3459,5.0202,7.7790,49.9776,112.3000,332.0000,6.4247,7.3520,6.4033,78.0000,EB,5316.1420
30618_e9a34502,117,7.3104,0.0000,41.9000,50.0415,120.0790,1930.0000,1.1943,7.1910,1.1937,419.0000,EB,5266.1420
30618_e9a34502,118,10.8826,7.3347,5.3000,49.6457,161.9790,234.0000,9.3670,10.8670,9.3015,53.0000,EB,5216.1420
30618_e9a34502,119,11.0741,10.7623,4.6000,50.0927,167.2790,212.0000,10.8897,11.0790,10.8536,46.0000,EB,5166.1420
30618_e9a34502,120,10.9648,7.0029,5.5710,49.8986,171.8790,241.0000,8.9569,10.9340,8.9338,57.0000,EB,5116.1421
30618_e9a34502,121,6.9885,0.0000,37.5290,50.5108,177.4500,1738.0000,1.3459,6.9070,1.3281,373.0000,EB,5066.1420
30618_e9a34502,122,10.2870,5.5166,6.1503,49.8085,214.9790,271.0000,8.0985,10.2680,8.0514,62.0000,EB,5016.1420
30618_e9a34502,123,10.8197,9.0962,4.8997,50.1600,221.1293,213.0000,10.2374,10.8190,10.2289,48.0000,EB,4966.1420
30618_e9a34502,124,9.0796,8.4124,5.8000,50.0114,226.0290,254.0000,8.6226,9.0170,8.6198,58.0000,EB,4917.1420
30618_e9a34502,125,9.8666,8.3968,5.7500,49.9955,231.8290,255.0000,8.6949,9.7610,8.6747,57.0000,EB,4867.1420
30618_e9a34502,126,11.1768,9.8869,4.6499,49.9421,237.5790,213.0000,10.7404,11.1660,10.7207,47.0000,EB,4818.1420
30618_e9a34502,127,11.4302,11.1646,4.4211,49.9376,242.2289,193.0000,11.2953,11.4160,11.2724,44.0000,EB,4768.1420
30618_e9a34502,128,11.4334,8.1742,5.0000,50.0813,246.6500,225.0000,10.0163,11.4430,10.0256,50.0000,EB,4718.1420
30618_e9a34502,129,8.1518,0.0000,38.8290,50.4357,251.6500,1802.0000,1.2989,8.1400,1.3046,388.0000,EB,4668.1421
30618_e9a34502,130,9.6324,2.4426,8.0500,49.9396,290.4790,357.0000,6.2037,9.5640,6.1581,81.0000,EB,4618.1420
30618_e9a34502,131,12.3667,9.6549,4.4500,49.9143,298.5290,193.0000,11.2167,12.3610,11.1802,44.0000,EB,4568.1420
30618_e9a34502,132,13.0174,12.3751,3.9210,50.1527,302.9790,173.0000,12.7907,13.0440,12.7729,40.0000,EB,4518.1420
30618_e9a34502,133,12.6996,9.4584,4.4872,49.8642,306.9000,198.0000,11.1126,12.6420,11.0892,45.0000,EB,4468.1419
30618_e9a34502,134,9.4486,8.1625,5.9417,50.2039,311.3872,260.0000,8.4494,9.4270,8.4447,59.0000,EB,4418.1420
30618_e9a34502,135,8.2803,8.0022,6.1501,49.9020,317.3289,267.0000,8.1140,8.2500,8.0990,53.0000,EB,4369.1419
30618_e9a34502,136,8.2359,6.9311,6.4000,50.0325,323.4790,284.0000,7.8176,8.2210,7.8270,60.0000,EB,4320.1420
30618_e9a34502,137,9.7830,6.9650,6.2000,49.8824,329.8790,271.0000,8.0455,9.1250,7.8037,51.0000,EB,4271.1418
30618_e9a34502,138,10.2572,8.1529,5.2198,49.9910,336.0790,222.0000,9.5771,10.2860,9.5191,43.0000,EB,4222.1418
30618_e9a34502,139,8.8783,7.3746,6.1512,50.1062,341.2988,273.0000,8.1458,8.8970,8.1341,61.0000,EB,4172.1418
30618_e9a34502,140,8.8333,7.1346,6.1000,49.9171,347.4500,266.0000,8.1831,8.8720,8.1869,61.0000,EB,4122.1417
30618_e9a34502,141,7.1084,0.0000,63.5500,50.4828,353.5500,2997.0000,0.7944,7.1110,0.7970,633.0000,EB,4072.1418
30618_e9a34502,142,9.8036,4.5595,6.7790,50.0919,417.1000,299.0000,7.3893,9.7390,7.3307,68.0000,EB,4022.1417
30618_e9a34502,143,10.7491,9.8220,4.7710,49.8297,423.8790,217.0000,10.4443,10.7570,10.4358,48.0000,EB,3972.1418
30618_e9a34502,144,10.1129,7.2900,5.8668,49.9343,428.6500,263.0000,8.5113,10.0780,8.5486,58.0000,EB,3922.1417
30618_e9a34502,145,7.2940,6.6253,7.2332,50.1258,434.5168,320.0000,6.9300,7.3100,6.9361,73.0000,EB,3872.1417
30618_e9a34502,146,6.9054,6.6171,7.3790,50.0643,441.7500,327.0000,6.7847,6.8920,6.7786,73.0000,EB,3822.1418
30618_e9a34502,147,6.8206,6.6299,7.4210,49.8391,449.1290,329.0000,6.7159,6.8310,6.7127,75.0000,EB,3772.1418
30618_e9a34502,148,6.7626,5.1272,8.3789,50.0794,456.5500,373.0000,5.9768,6.7630,5.9781,84.0000,EB,3722.1418
30618_e9a34502,149,5.1152,3.3313,13.0501,50.0287,464.9289,577.0000,3.8336,5.1270,3.8411,130.0000,EB,3672.1417
30618_e9a34502,150,5.6398,0.0000,18.5000,50.0862,477.9790,831.0000,2.7074,5.6030,2.6984,185.0000,EB,3618.1407
30618_e9a34502,151,10.3510,5.6439,6.1210,49.8225,496.4790,271.0000,8.1396,10.1870,8.0763,61.0000,EB,3566.1401
30618_e9a34502,152,10.3809,0.0000,10.2500,49.5107,502.6000,447.0000,4.8303,10.2500,1.5872,321.0000,EB,3516.1400
30618_e9a34502,153,6.2506,0.0000,34.0000,49.9111,512.8500,1511.0000,1.4680,6.2570,4.0373,123.0000,EB,3466.1401
30618_e9a34502,154,8.9403,6.2598,6.8500,49.9796,546.8500,305.0000,7.2963,8.8800,7.2250,57.0000,EB,3416.1400
30618_e9a34502,155,8.9649,5.3508,6.7000,49.9848,553.7000,299.0000,7.4604,8.9940,7.4194,68.0000,EB,3366.1400
30618_e9a34502,156,7.5206,0.0000,19.8290,50.5989,560.4000,871.0000,2.5518,7.4810,2.5383,179.0000,EB,3316.1401
30618_e9a34502,157,11.6260,7.5435,5.1710,49.8404,580.2290,228.0000,9.6384,11.6000,9.6243,52.0000,EB,3266.1400
30618_e9a34502,158,13.3636,11.6407,3.9500,50.1019,585.4000,174.0000,12.6840,13.3730,12.6730,39.0000,EB,3216.1399
30618_e9a34502,159,13.3474,11.1717,4.0500,49.9818,589.3500,179.0000,12.3412,13.3750,12.3432,41.0000,EB,3166.1399
30618_e9a34502,160,11.1580,6.9803,5.4790,50.1335,593.4000,230.0000,9.1502,11.1180,9.1282,55.0000,EB,3116.1399
30618_e9a34502,161,6.9578,0.0000,33.0500,50.2523,598.8790,1479.0000,1.5205,6.9280,1.5176,327.0000,EB,3066.1398
30618_e9a34502,162,5.2131,3.8925,11.7501,50.0473,631.9289,511.0000,4.2593,5.1810,4.2518,117.0000,EB,3016.1399
30618_e9a34502,163,6.4034,0.0000,43.2499,50.0003,643.6791,1971.0000,1.1561,6.3810,1.1639,431.0000,EB,2966.1399
30618_e9a34502,164,11.0688,6.4198,5.6711,49.9501,686.9289,247.0000,8.8079,10.9650,8.7457,54.0000,EB,2916.1400
30618_e9a34502,165,13.6533,11.0837,4.0000,50.1007,692.6000,176.0000,12.5252,13.5530,12.4516,38.0000,EB,2866.1398
30618_e9a34502,166,14.3034,13.6326,3.5500,49.8508,696.6000,156.0000,14.0425,14.3530,14.0217,36.0000,EB,2816.1396
30618_e9a34502,167,13.9630,12.1126,3.9290,50.3178,700.1500,167.0000,12.8068,14.0030,12.8229,39.0000,EB,2766.1396
30618_e9a34502,168,12.1491,11.6859,4.1710,49.7470,704.0790,181.0000,11.9269,12.1670,11.9279,42.0000,EB,2717.1395
30618_e9a34502,169,12.1398,11.2055,4.2790,49.9986,708.2500,185.0000,11.6848,12.1780,11.6876,43.0000,EB,2667.1395
30618_e9a34502,170,11.1979,8.3270,5.2000,50.0561,712.5290,226.0000,9.6262,11.2090,9.6295,52.0000,EB,2617.1396
30618_e9a34502,171,8.3880,8.0306,6.1001,49.9161,717.7289,268.0000,8.1828,8.3830,8.1908,61.0000,EB,2567.1395
30618_e9a34502,172,10.8924,8.3987,5.0999,50.0747,723.8290,220.0000,9.8187,10.8190,9.8081,51.0000,EB,2518.1395
30618_e9a34502,173,13.0456,10.8969,4.1501,49.9160,728.9289,176.0000,12.0277,12.9490,11.9889,41.0000,EB,2468.1395
30618_e9a34502,174,13.4931,13.0536,3.7500,50.1126,733.0790,160.0000,13.3632,13.4850,13.3456,38.0000,EB,2418.1394
30618_e9a34502,175,13.8589,13.3976,3.6709,50.0525,736.8291,159.0000,13.6348,13.8110,13.6156,36.0000,EB,2368.1396
30618_e9a34502,176,14.0053,13.8149,3.5790,49.8391,740.5000,157.0000,13.9255,14.0180,13.9272,36.0000,EB,2318.1394
30618_e9a34502,177,13.8149,12.0178,3.9001,50.2566,744.0790,176.0000,12.8861,13.8660,12.9189,39.0000,EB,2268.1394
30618_e9a34502,178,13.3983,12.0274,3.9210,49.9615,747.9790,170.0000,12.7422,13.3560,12.7065,39.0000,EB,2218.1393
30618_e9a34502,179,13.8523,13.4015,3.6790,50.1033,751.9000,160.0000,13.6187,13.8290,13.5994,37.0000,EB,2168.1393
30618_e9a34502,180,13.9908,13.6975,3.6000,49.9971,755.5790,156.0000,13.8882,14.0140,13.8908,36.0000,EB,2118.1391
30618_e9a34502,181,13.7296,13.3998,3.6500,49.7471,759.1790,158.0000,13.6295,13.7400,13.6265,37.0000,EB,2068.1392
30618_e9a34502,182,13.4119,13.3095,3.7501,50.0698,762.8289,159.0000,13.3517,13.4270,13.3329,37.0000,EB,2017.1391
30618_e9a34502,183,13.4670,13.2934,3.7210,49.8736,766.5790,159.0000,13.4033,13.4440,13.3752,38.0000,EB,1967.1389
30618_e9a34502,184,13.2913,13.0396,3.8000,49.9660,770.3000,164.0000,13.1490,13.2570,13.1244,38.0000,EB,1917.1389
30618_e9a34502,185,13.0494,12.9278,3.8500,50.0216,774.1000,172.0000,12.9926,13.0280,12.9711,38.0000,EB,1867.1388
30618_e9a34502,186,12.9896,12.6104,3.8789,50.1142,777.9500,164.0000,12.9196,12.9790,12.9066,39.0000,EB,1817.1386
30618_e9a34502,187,12.5976,9.8241,4.5000,50.0458,781.8289,204.0000,11.1212,12.5960,11.1207,45.0000,EB,1767.1386
30618_e9a34502,188,9.8174,9.6420,5.1501,49.9342,786.3290,229.0000,9.6958,9.7970,9.6979,52.0000,EB,1717.1386
30618_e9a34502,189,9.6958,9.6459,5.1710,50.0199,791.4790,234.0000,9.6732,9.7200,9.6798,51.0000,EB,1667.1386
30618_e9a34502,190,9.8205,9.6640,5.1500,50.0162,796.6500,234.0000,9.7119,9.8410,9.7217,52.0000,EB,1617.1386
30618_e9a34502,191,10.0955,9.8198,5.0000,49.9540,801.8000,224.0000,9.9908,10.1200,10.0044,50.0000,EB,1567.1386
30618_e9a34502,192,10.1887,10.0901,4.9289,49.9461,806.8000,225.0000,10.1332,10.2440,10.1548,49.0000,EB,1517.1386
30618_e9a34502,193,10.2274,9.9798,4.9501,49.9929,811.7289,220.0000,10.0995,10.2490,10.1081,50.0000,EB,1467.1386
30618_e9a34502,194,10.0930,9.7931,5.0499,50.2093,816.6790,229.0000,9.9426,10.0880,9.9573,44.0000,EB,1417.1386
30618_e9a34502,195,10.0845,9.8613,5.0000,49.7967,821.7289,221.0000,9.9593,10.0890,9.9993,19.0000,EB,1367.1385
30618_e9a34502,196,10.0785,9.7341,5.0711,50.0595,826.7289,226.0000,9.8716,10.0750,9.8804,50.0000,EB,1317.1385
30618_e9a34502,197,10.0006,9.8379,5.0289,49.9362,831.8000,219.0000,9.9298,10.0200,9.9361,51.0000,EB,1267.1386
30618_e9a34502,198,9.9402,9.7776,5.0921,50.1243,836.8289,229.0000,9.8436,9.9540,9.8512,50.0000,EB,1217.1386
30618_e9a34502,199,10.0259,9.5502,5.0579,50.1249,841.9210,222.0000,9.9101,10.0390,9.9213,51.0000,EB,1167.1386
30618_e9a34502,200,9.5311,4.7499,7.0000,49.8201,846.9790,302.0000,7.1171,9.5470,7.1682,66.0000,EB,1117.1385
30618_e9a34502,201,4.7330,3.7030,12.2000,49.9781,853.9790,523.0000,4.0966,4.7530,4.1010,121.0000,EB,1067.1385
30618_e9a34502,202,4.2951,0.0000,41.7000,49.8068,866.1790,1787.0000,1.1944,4.3230,1.1999,417.0000,EB,1017.1385
30618_e9a34502,203,4.1291,0.0000,22.4710,50.0157,907.8790,966.0000,2.2258,4.1350,2.2328,224.0000,EB,967.1384
30618_e9a34502,204,7.5860,0.0000,37.7500,49.9180,930.3500,1602.0000,1.3223,7.5130,1.3141,377.0000,EB,917.1384
30618_e9a34502,205,9.7409,7.6023,5.5000,50.0353,968.1000,228.0000,9.0973,9.7090,9.0455,55.0000,EB,867.1384
30618_e9a34502,206,9.7504,8.3388,5.6500,50.0064,973.6000,228.0000,8.8507,9.7490,8.8541,56.0000,EB,818.1384
30618_e9a34502,207,8.6770,8.5205,5.8000,49.8948,979.2500,232.0000,8.6026,8.6950,8.6033,58.0000,EB,768.1383
30618_e9a34502,208,8.7623,8.0597,5.8290,50.0883,985.0500,235.0000,8.5930,8.7710,8.5947,58.0000,EB,718.1382
30618_e9a34502,209,8.0379,0.0000,21.0499,50.0215,990.8790,854.0000,2.3763,8.0410,2.3952,211.0000,EB,669.1382
30618_e9a34502,210,9.0489,2.3518,8.3501,49.9462,1011.9289,337.0000,5.9815,8.9730,5.9512,83.0000,EB,620.1381
30618_e9a34502,211,12.0568,9.0623,4.7710,50.1239,1020.2790,194.0000,10.5059,11.9530,10.4764,48.0000,EB,570.1380
30618_e9a34502,212,13.6945,12.0700,3.8290,49.8881,1025.0500,155.0000,13.0290,13.6580,12.9899,38.0000,EB,520.1379
30618_e9a34502,213,13.7482,11.9684,3.8000,49.9011,1028.8790,155.0000,13.1317,13.7800,13.1798,34.0000,EB,470.1379
30618_e9a34502,214,11.9492,8.2400,4.9499,50.2470,1032.6790,202.0000,10.1510,11.9380,10.1815,50.0000,EB,420.1378
30618_e9a34502,215,8.2163,0.0000,43.7210,49.8468,1037.6290,1771.0000,1.1401,8.2080,1.1467,437.0000,EB,370.1378
30618_e9a34502,216,6.7847,2.0623,9.4290,49.9803,1081.3500,380.0000,5.3007,6.8210,5.2875,94.0000,EB,320.1378
30618_e9a34502,217,6.0488,0.0000,38.0710,50.0490,1090.7790,1536.0000,1.3146,6.0900,1.3212,380.0000,EB,270.1378
30618_e9a34502,218,3.8497,2.4920,17.7790,49.9989,1128.8500,715.0000,2.8122,3.8830,2.8184,172.0000,EB,220.1378
30618_e9a34502,219,3.6474,0.0000,45.8710,50.0274,1146.6290,1861.0000,1.0906,3.7360,1.0975,451.0000,EB,173.1339
30618_e9a34502,220,3.7270,2.8150,11.3791,36.4565,1192.5000,460.0000,3.2038,3.7410,3.2047,115.0000,EB,0.0000
30618_f19a4ac3,0,,,,,,,,0.2800,0.0315,35.0000,WB,25.0000
30618_f19a4ac3,114,4.0193,2.4606,7.9500,25.6136,42.7162,320.0000,3.2218,2.3780,2.2116,11.0000,EB,5421.1425
30618_f19a4ac3,115,4.4074,2.1416,16.6000,50.1151,50.6662,667.0000,3.0190,4.3480,3.1062,112.0000,EB,5369.1419
30618_f19a4ac3,116,6.5704,3.1791,9.3338,50.0292,67.2662,377.0000,5.3600,6.5690,5.5228,91.0000,EB,5316.1420
30618_f19a4ac3,117,7.2885,0.0000,27.7500,53.8746,76.6000,1115.0000,1.9414,7.2720,1.8544,270.0000,EB,5266.1420
30618_f19a4ac3,118,10.7683,7.3163,5.3500,50.0876,104.3500,215.0000,9.3622,10.7490,9.3228,53.0000,EB,5216.1420
30618_f19a4ac3,119,10.7730,8.6985,4.9662,49.8796,109.7000,200.0000,10.0439,10.7910,9.9377,28.0000,EB,5166.1420
30618_f19a4ac3,120,9.1193,6.6242,6.0338,50.1761,114.6662,243.0000,8.3158,9.1120,8.2496,33.0000,EB,5116.1421
30618_f19a4ac3,121,6.5994,0.0000,21.9000,49.5668,120.7000,885.0000,2.2633,6.5580,2.2604,199.0000,EB,5066.1420
30618_f19a4ac3,122,10.3762,5.6322,6.1162,50.0868,142.6000,249.0000,8.1892,10.3480,8.1849,58.0000,EB,5016.1420
30618_f19a4ac3,123,10.8180,8.8895,4.9000,49.9445,148.7162,197.0000,10.1927,10.8340,10.1751,48.0000,EB,4966.1420
30618_f19a4ac3,124,8.8796,8.3456,5.9000,50.0230,153.6162,238.0000,8.4785,8.8480,8.4697,59.0000,EB,4917.1420
30618_f19a4ac3,125,9.8724,8.5239,5.7000,49.9176,159.5162,231.0000,8.7575,9.7980,8.7525,57.0000,EB,4867.1420
30618_f19a4ac3,126,11.0365,9.8845,4.6838,50.2149,165.2162,188.0000,10.7209,11.0290,10.7085,46.0000,EB,4818.1420
30618_f19a4ac3,127,11.1280,9.6172,4.6162,49.8786,169.9000,189.0000,10.8051,11.1490,10.7886,46.0000,EB,4768.1420
30618_f19a4ac3,128,9.6062,3.3873,7.7338,50.0763,174.5162,310.0000,6.4750,9.5450,6.4438,75.0000,EB,4718.1420
30618_f19a4ac3,129,4.3444,0.0000,38.3000,50.2236,182.2500,1545.0000,1.3113,4.2800,1.3080,371.0000,EB,4668.1421
30618_f19a4ac3,130,9.7294,2.5874,7.9000,49.8763,220.5500,319.0000,6.3135,9.6360,6.2781,79.0000,EB,4618.1420
30618_f19a4ac3,131,12.4045,9.7570,4.4500,50.3410,228.4500,180.0000,11.3126,12.3900,11.2693,44.0000,EB,4568.1420
30618_f19a4ac3,132,12.9656,12.4164,3.9000,49.7045,232.9000,157.0000,12.7447,12.9870,12.7269,40.0000,EB,4518.1420
30618_f19a4ac3,133,12.5208,7.0520,5.0000,50.0426,236.8000,203.0000,10.0085,12.4440,10.0011,45.0000,EB,4468.1419
30618_f19a4ac3,134,7.0012,0.0000,20.2500,50.0459,241.8000,824.0000,2.4714,6.9640,2.4620,202.0000,EB,4418.1420
30618_f19a4ac3,135,6.9442,5.5690,7.8500,49.9314,262.0500,319.0000,6.3607,6.9120,6.3378,79.0000,EB,4369.1419
30618_f19a4ac3,136,7.3624,6.8851,7.0000,50.2138,269.9000,281.0000,7.1734,7.3720,7.1696,69.0000,EB,4320.1420
30618_f19a4ac3,137,7.6687,6.8983,6.9000,49.8757,276.9000,279.0000,7.2284,7.6780,7.2477,57.0000,EB,4271.1418
30618_f19a4ac3,138,7.9484,3.7261,7.6500,50.0751,283.8000,308.0000,6.5458,7.9800,6.4988,64.0000,EB,4222.1418
30618_f19a4ac3,139,6.0881,0.0000,26.1000,49.9380,291.4500,1060.0000,1.9133,6.0880,1.9139,230.0000,EB,4172.1418
30618_f19a4ac3,140,6.2753,0.0000,56.0500,50.0252,317.5500,2268.0000,0.8925,6.2620,0.8982,551.0000,EB,4122.1417
30618_f19a4ac3,141,6.4571,1.4110,13.6000,50.0246,373.6000,557.0000,3.6783,6.5000,3.6555,137.0000,EB,4072.1418
30618_f19a4ac3,142,6.4875,0.0000,55.7500,50.2589,387.2000,2288.0000,0.9015,6.5180,0.9113,558.0000,EB,4022.1417
30618_f19a4ac3,143,9.0235,1.9520,8.3500,50.0603,442.9500,352.0000,5.9952,9.0520,6.1773,80.0000,EB,3972.1418
30618_f19a4ac3,144,8.9955,6.9090,6.4000,49.9495,451.3000,265.0000,7.8046,9.0370,7.8070,64.0000,EB,3922.1417
30618_f19a4ac3,145,6.9022,6.7047,7.3662,49.9578,457.7000,304.0000,6.7821,6.9190,6.7814,74.0000,EB,3872.1417
30618_f19a4ac3,146,6.9616,6.6164,7.4838,50.1537,465.0662,310.0000,6.7016,6.9770,6.7016,75.0000,EB,3822.1418
30618_f19a4ac3,147,7.1196,6.7877,7.1500,49.8310,472.5500,296.0000,6.9694,7.1290,6.9647,72.0000,EB,3772.1418
30618_f19a4ac3,148,6.7935,3.9902,9.4661,50.0338,479.7000,395.0000,5.2855,6.7660,5.2561,95.0000,EB,3722.1418
30618_f19a4ac3,149,4.7905,3.5332,12.8000,50.0704,489.1661,530.0000,3.9118,4.7160,3.8968,126.0000,EB,3672.1417
30618_f19a4ac3,150,5.3085,3.3194,12.5838,50.1033,501.9662,524.0000,3.9816,5.1340,3.9838,124.0000,EB,3618.1407
30618_f19a4ac3,151,6.7744,3.6234,8.8500,49.8887,514.5500,373.0000,5.6371,6.7650,5.5064,58.0000,EB,3566.1401
30618_f19a4ac3,152,4.5088,0.0000,17.8000,49.9512,523.4000,728.0000,2.8062,4.5040,3.2451,152.0000,EB,3516.1400
30618_f19a4ac3,153,8.2479,0.0000,48.7662,49.5136,541.2000,2021.0000,1.0153,8.2340,0.9702,506.0000,EB,3466.1401
30618_f19a4ac3,154,8.3663,7.1068,6.3838,50.1909,589.9662,269.0000,7.8622,8.4080,7.8667,64.0000,EB,3416.1400
30618_f19a4ac3,155,8.2501,7.2501,6.6000,50.0049,596.3500,275.0000,7.5765,8.1930,7.5476,51.0000,EB,3366.1400
30618_f19a4ac3,156,10.6331,8.2772,5.3162,49.7374,602.9500,227.0000,9.3559,10.5440,9.3233,53.0000,EB,3316.1401
30618_f19a4ac3,157,13.3140,10.6445,4.1338,49.9947,608.2662,178.0000,12.0940,13.3160,12.0625,42.0000,EB,3266.1400
30618_f19a4ac3,158,13.5115,13.0555,3.8000,50.3992,612.4000,162.0000,13.2630,13.5430,13.2540,37.0000,EB,3216.1399
30618_f19a4ac3,159,13.2640,10.7044,4.1162,49.6983,616.2000,175.0000,12.0739,13.2990,12.0937,42.0000,EB,3166.1399
30618_f19a4ac3,160,10.6927,0.0000,28.7838,50.2039,620.3162,1217.0000,1.7442,10.6630,1.8301,205.0000,EB,3116.1399
30618_f19a4ac3,161,4.5769,0.0000,64.2162,50.0327,649.1000,2776.0000,0.7791,4.5770,0.7782,640.0000,EB,3066.1398
30618_f19a4ac3,162,10.4108,4.5511,6.6338,50.2164,713.3162,292.0000,7.5697,10.3620,7.4976,67.0000,EB,3016.1399
30618_f19a4ac3,163,13.4481,10.4390,4.1500,50.0824,719.9500,180.0000,12.0680,13.4510,12.0073,37.0000,EB,2966.1399
30618_f19a4ac3,164,14.3676,13.4559,3.5500,49.6629,724.1000,157.0000,13.9896,14.3170,13.9469,36.0000,EB,2916.1400
30618_f19a4ac3,165,14.3619,14.0463,3.5500,50.3183,727.6500,163.0000,14.1742,14.3970,14.1559,34.0000,EB,2866.1398
30618_f19a4ac3,166,14.2418,13.7300,3.5162,49.7437,731.2000,158.0000,14.1470,14.2440,14.1446,33.0000,EB,2816.1396
30618_f19a4ac3,167,13.7198,11.7215,4.0000,49.8655,734.7162,181.0000,12.4664,13.7140,12.4545,39.0000,EB,2766.1396
30618_f19a4ac3,168,12.4745,11.6589,4.1838,50.1736,738.7162,192.0000,11.9923,12.4820,11.9880,42.0000,EB,2717.1395
30618_f19a4ac3,169,12.4848,11.2241,4.2662,49.9362,742.9000,200.0000,11.7052,12.5110,11.7040,42.0000,EB,2667.1395
30618_f19a4ac3,170,11.3726,8.2633,5.2158,50.0439,747.1662,242.0000,9.5946,11.3780,9.5959,53.0000,EB,2617.1396
30618_f19a4ac3,171,8.5309,8.1151,6.0680,50.0569,752.3820,282.0000,8.2493,8.5430,8.2511,60.0000,EB,2567.1395
30618_f19a4ac3,172,9.9868,8.5426,5.2161,49.8759,758.4500,250.0000,9.5618,9.9720,9.5516,53.0000,EB,2518.1395
30618_f19a4ac3,173,9.5077,6.9972,6.5500,49.9807,763.6661,319.0000,7.6306,9.3940,7.5967,66.0000,EB,2468.1395
30618_f19a4ac3,174,8.5273,7.0471,6.3838,50.0668,770.2162,314.0000,7.8428,8.5150,7.8453,63.0000,EB,2418.1394
30618_f19a4ac3,175,12.0852,8.5499,4.8162,50.0442,776.6000,231.0000,10.3909,12.0400,10.3863,48.0000,EB,2368.1396
30618_f19a4ac3,176,13.6217,12.0955,3.8338,49.8137,781.4162,183.0000,12.9932,13.6450,12.9968,39.0000,EB,2318.1394
30618_f19a4ac3,177,14.1627,13.6299,3.6000,50.3484,785.2500,177.0000,13.9857,14.1630,13.9746,35.0000,EB,2268.1394
30618_f19a4ac3,178,14.2500,14.0773,3.5000,49.6352,788.8500,168.0000,14.1815,14.2620,14.1738,36.0000,EB,2218.1393
30618_f19a4ac3,179,14.2565,14.0067,3.5419,50.3136,792.3500,169.0000,14.2053,14.2630,14.1903,35.0000,EB,2168.1393
30618_f19a4ac3,180,14.0998,13.7581,3.5742,49.8561,795.8919,177.0000,13.9487,14.0940,13.9366,36.0000,EB,2118.1391
30618_f19a4ac3,181,13.7605,13.3318,3.6839,50.1274,799.4661,181.0000,13.6072,13.7840,13.5931,36.0000,EB,2068.1392
30618_f19a4ac3,182,13.5158,13.3532,3.7000,49.7788,803.1500,182.0000,13.4537,13.5340,13.4324,38.0000,EB,2017.1391
30618_f19a4ac3,183,13.3845,13.2673,3.7500,49.9640,806.8500,186.0000,13.3237,13.3540,13.2879,37.0000,EB,1967.1389
30618_f19a4ac3,184,13.2765,13.1094,3.8000,50.1697,810.6000,185.0000,13.2026,13.2710,13.1752,38.0000,EB,1917.1389
30618_f19a4ac3,185,13.1481,11.9123,3.8777,49.8815,814.4000,188.0000,12.8638,13.1300,12.8259,39.0000,EB,1867.1388
30618_f19a4ac3,186,11.8966,9.2354,4.7723,50.1232,818.2777,230.0000,10.5029,11.8230,10.4597,48.0000,EB,1817.1386
30618_f19a4ac3,187,9.3837,8.7285,5.5662,49.9090,823.0500,270.0000,8.9665,9.3780,8.9533,56.0000,EB,1767.1386
30618_f19a4ac3,188,9.5740,9.3842,5.2732,50.1417,828.6162,260.0000,9.5088,9.5960,9.5143,53.0000,EB,1717.1386
30618_f19a4ac3,189,9.7222,9.5757,5.1774,49.9205,833.8893,255.0000,9.6419,9.7320,9.6496,51.0000,EB,1667.1386
30618_f19a4ac3,190,9.7195,4.6709,8.0832,49.9400,839.0668,397.0000,6.1782,9.7270,6.1482,82.0000,EB,1617.1386
30618_f19a4ac3,191,7.3830,2.8636,10.0500,50.0760,847.1500,486.0000,4.9827,7.4430,4.9460,99.0000,EB,1567.1386
30618_f19a4ac3,192,7.3915,4.0066,7.8500,50.0627,857.2000,379.0000,6.3774,7.4190,6.5320,77.0000,EB,1517.1386
30618_f19a4ac3,193,7.2735,6.8655,7.1000,49.8674,865.0500,346.0000,7.0236,7.2940,7.0339,71.0000,EB,1467.1386
30618_f19a4ac3,194,7.1150,6.8638,7.1662,50.0482,872.1500,354.0000,6.9840,7.1320,6.9984,71.0000,EB,1417.1386
30618_f19a4ac3,195,9.6495,6.9833,6.0500,49.9173,879.3162,299.0000,8.2508,9.7140,8.3387,60.0000,EB,1367.1385
30618_f19a4ac3,196,10.0945,9.6513,5.0500,50.0202,885.3662,248.0000,9.9049,10.1300,9.9289,50.0000,EB,1317.1385
30618_f19a4ac3,197,9.9072,9.6699,5.1338,50.2660,890.4162,255.0000,9.7912,9.9380,9.7997,51.0000,EB,1267.1386
30618_f19a4ac3,198,9.7802,8.2581,5.5000,49.8125,895.5500,274.0000,9.0568,9.7650,9.0545,56.0000,EB,1217.1386
30618_f19a4ac3,199,9.9526,8.8018,5.2000,49.9333,901.0500,256.0000,9.6026,9.9650,9.6313,52.0000,EB,1167.1386
30618_f19a4ac3,200,9.5553,4.7924,7.0500,50.0111,906.2500,348.0000,7.0938,9.3680,7.0310,69.0000,EB,1117.1385
30618_f19a4ac3,201,5.8087,3.7846,11.4500,50.1558,913.3000,567.0000,4.3804,5.8230,4.3679,113.0000,EB,1067.1385
30618_f19a4ac3,202,5.8113,3.9177,11.2162,49.8907,924.7500,556.0000,4.4481,5.8330,4.4594,113.0000,EB,1017.1385
30618_f19a4ac3,203,6.1914,2.2814,10.5000,49.9945,935.9662,522.0000,4.7614,6.2100,4.7412,105.0000,EB,967.1384
30618_f19a4ac3,204,7.6739,0.0000,69.7245,50.2788,946.4662,3464.0000,0.7211,7.5630,0.6954,673.0000,EB,917.1384
30618_f19a4ac3,205,9.7294,7.6974,5.4755,49.9579,1016.1907,268.0000,9.1239,9.7020,9.0865,55.0000,EB,867.1384
30618_f19a4ac3,206,9.7229,8.2120,5.7338,50.1261,1021.6662,281.0000,8.7422,9.7540,8.7581,53.0000,EB,818.1384
30618_f19a4ac3,207,8.7618,8.4255,5.8500,49.9358,1027.4000,286.0000,8.5360,8.7730,8.5304,58.0000,EB,768.1383
30618_f19a4ac3,208,8.7384,7.8999,5.8500,49.9423,1033.2500,286.0000,8.5371,8.7730,8.5459,58.0000,EB,718.1382
30618_f19a4ac3,209,7.8756,0.0000,34.5500,50.0927,1039.1000,1699.0000,1.4499,7.8430,1.4683,345.0000,EB,669.1382
30618_f19a4ac3,210,9.0914,2.3841,8.2500,49.8801,1073.6500,399.0000,6.0461,9.0600,6.0304,83.0000,EB,620.1381
30618_f19a4ac3,211,12.1472,9.1041,4.7162,49.9264,1081.9000,228.0000,10.5861,12.0660,10.5822,47.0000,EB,570.1380
30618_f19a4ac3,212,13.8102,12.1575,3.8338,50.3282,1086.6162,185.0000,13.1275,13.7320,13.1133,38.0000,EB,520.1379
30618_f19a4ac3,213,13.8372,11.9928,3.8000,49.7112,1090.4500,186.0000,13.0819,13.8530,13.1056,37.0000,EB,470.1379
30618_f19a4ac3,214,11.9720,11.0785,4.4000,50.2597,1094.2500,217.0000,11.4227,12.0080,11.4352,44.0000,EB,420.1378
30618_f19a4ac3,215,11.6517,10.0059,4.7500,49.7883,1098.6500,232.0000,10.4817,11.6350,10.4866,47.0000,EB,370.1378
30618_f19a4ac3,216,10.1367,6.4073,5.9000,50.0917,1103.4000,283.0000,8.4901,10.1800,8.4785,59.0000,EB,320.1378
30618_f19a4ac3,217,6.3837,0.0000,22.5000,50.1783,1109.3000,1097.0000,2.2301,6.3180,2.2271,223.0000,EB,270.1378
30618_f19a4ac3,218,3.6410,2.5103,17.8500,49.9926,1131.8000,859.0000,2.8007,3.6650,2.8028,177.0000,EB,220.1378
30618_f19a4ac3,219,3.5772,0.0000,25.6162,50.0100,1149.6500,1225.0000,1.9523,3.6120,1.9490,230.0000,EB,173.1339
30618_f19a4ac3,220,3.6757,1.8447,16.3500,49.9914,1175.2662,784.0000,3.0576,3.6660,3.0809,162.0000,EB,0.0000
30618_f19a4ac3,221,1.8555,0.0000,6.2000,3.1158,1191.6162,297.0000,0.5025,2.1060,1.2593,30.0000,WB,21.3710
30639_0be558e2,0,3.5675,0.0000,124.8500,49.9325,0.0000,5636.0000,0.3999,3.5380,0.4152,1093.0000,WB,25.0000
30639_0be558e2,1,3.5426,2.4866,15.7392,50.3772,124.8500,704.0000,3.2007,3.5730,3.1999,156.0000,WB,75.0000
30639_0be558e2,2,3.5838,0.0000,50.5998,49.1243,140.5892,2116.0000,0.9708,3.6860,1.0004,424.0000,WB,125.0000
30639_0be558e2,3,3.4772,0.0000,63.9501,50.7968,191.1890,2594.0000,0.7943,3.3700,0.8267,336.0000,WB,175.0000
30639_0be558e2,4,8.2786,3.5015,8.1499,49.9179,255.1392,326.0000,6.1250,8.2970,6.2391,50.0000,WB,225.0000
30639_0be558e2,5,8.8593,7.8687,6.1609,49.9866,263.2891,247.0000,8.1135,8.7030,8.1081,54.0000,WB,275.0000
30639_0be558e2,6,11.6650,8.8520,4.7892,49.7584,269.4500,191.0000,10.3897,11.6280,10.3218,48.0000,WB,325.0000
30639_0be558e2,7,12.5772,11.4578,4.2499,50.2495,274.2392,170.0000,11.8237,12.5470,11.7853,42.0000,WB,375.0000
30639_0be558e2,8,13.2161,12.3094,3.8501,49.7177,278.4891,154.0000,12.9134,13.2700,12.9202,35.0000,WB,425.0000
30639_0be558e2,9,12.2782,9.1959,4.6499,50.0480,282.3392,186.0000,10.7631,12.3420,10.8482,38.0000,WB,475.0000
30639_0be558e2,10,9.1715,2.6395,8.5500,49.9950,286.9891,342.0000,5.8473,9.2600,6.5831,54.0000,WB,525.0000
30639_0be558e2,11,7.0899,0.0000,61.3500,48.9211,295.5392,2454.0000,0.7974,6.9760,0.7919,401.0000,WB,575.0000
30639_0be558e2,12,8.4743,7.1223,6.0608,49.7911,356.8892,243.0000,8.2152,8.4800,8.1868,61.0000,WB,625.0000
30639_0be558e2,13,8.4350,8.3133,5.9891,50.1705,362.9500,239.0000,8.3770,8.4420,8.3596,60.0000,WB,675.0000
30639_0be558e2,14,8.5732,8.2891,5.9501,49.8539,368.9391,238.0000,8.3787,8.5420,8.3693,44.0000,WB,725.0000
30639_0be558e2,15,8.8260,8.3493,5.8108,50.0338,374.8892,233.0000,8.6105,8.8400,8.6264,33.0000,WB,775.0000
30639_0be558e2,16,8.9715,6.6118,6.0500,49.9782,380.7000,242.0000,8.2609,8.9970,8.2112,59.0000,WB,825.0000
30639_0be558e2,17,6.6092,0.0000,21.5000,50.2994,386.7500,860.0000,2.3395,6.5170,2.3334,215.0000,WB,875.0000
30639_0be558e2,18,4.1754,1.9799,17.6392,50.0864,408.2500,705.0000,2.8395,4.1460,2.8395,95.0000,WB,925.0000
30639_0be558e2,19,4.1779,2.4616,16.9999,49.9734,425.8892,680.0000,2.9396,4.1660,2.9069,143.0000,WB,975.0000
30639_0be558e2,20,4.7936,3.9642,11.8000,49.9842,442.8891,472.0000,4.2360,4.7860,4.2456,86.0000,WB,1025.0000
30639_0be558e2,21,8.1727,4.8114,7.7500,49.8978,454.6891,310.0000,6.4384,8.1410,6.4276,77.0000,WB,1075.0000
30639_0be558e2,22,9.8621,8.1810,5.6000,50.2104,462.4391,224.0000,8.9662,9.8870,8.9630,56.0000,WB,1125.0000
30639_0be558e2,23,10.1428,9.8588,5.0000,49.7968,468.0391,200.0000,9.9594,10.1330,9.9682,50.0000,WB,1175.0000
30639_0be558e2,24,10.1968,9.8410,5.0000,50.0075,473.0390,200.0000,10.0015,10.2390,9.9979,50.0000,WB,1225.0000
30639_0be558e2,25,10.1234,9.8223,5.0001,50.2333,478.0391,200.0000,10.0465,10.1660,10.0466,50.0000,WB,1275.0000
30639_0be558e2,26,9.8195,9.6881,5.1001,49.7827,483.0391,204.0000,9.7610,9.8390,9.7548,51.0000,WB,1325.0000
30639_0be558e2,27,10.0478,9.8098,5.0498,50.1168,488.1393,202.0000,9.9244,10.0630,9.9291,51.0000,WB,1375.0000
30639_0be558e2,28,10.1784,8.9098,5.0500,49.8760,493.1891,202.0000,9.8764,10.2310,9.8772,50.0000,WB,1425.0000
30639_0be558e2,29,8.8811,3.5905,8.3002,50.1145,498.2391,332.0000,6.0378,8.8350,6.0227,84.0000,WB,1475.0000
30639_0be558e2,30,8.7976,0.0000,16.7016,49.8649,506.5393,668.0000,2.9856,8.7920,2.9876,166.0000,WB,1525.0000
30639_0be558e2,31,10.0394,8.8139,5.1482,49.9673,523.2409,206.0000,9.7057,10.0570,9.7134,52.0000,WB,1575.0000
30639_0be558e2,32,9.9788,9.5117,5.1500,50.2965,528.3891,206.0000,9.7663,9.9720,9.7700,51.0000,WB,1625.0000
30639_0be558e2,33,10.0142,9.5651,5.1000,49.6669,533.5391,204.0000,9.7385,10.0080,9.7396,51.0000,WB,1675.0000
30639_0be558e2,34,9.9865,9.5982,5.1499,50.2773,538.6392,206.0000,9.7627,9.9610,9.7515,51.0000,WB,1725.0000
30639_0be558e2,35,9.9795,7.8063,5.4000,49.8651,543.7891,216.0000,9.2343,9.9850,9.2217,55.0000,WB,1775.0000
30639_0be558e2,36,7.7882,6.6713,7.1000,50.0404,549.1891,284.0000,7.0479,7.7440,7.0320,71.0000,WB,1825.0000
30639_0be558e2,37,9.9989,6.6095,6.2001,50.1483,556.2891,248.0000,8.0883,9.9930,8.0938,62.0000,WB,1875.0000
30639_0be558e2,38,11.0097,9.6933,4.9499,49.6820,562.4892,198.0000,10.0370,10.9370,10.0055,49.0000,WB,1925.0000
30639_0be558e2,39,13.6650,11.0437,4.0109,49.9910,567.4391,161.0000,12.4637,13.6300,12.4407,41.0000,WB,1975.0000
30639_0be558e2,40,14.3666,13.6681,3.5500,50.0112,571.4500,142.0000,14.0877,14.3720,14.0745,35.0000,WB,2025.0000
30639_0be558e2,41,14.5526,14.3669,3.4500,49.9938,575.0000,138.0000,14.4910,14.5650,14.4680,35.0000,WB,2075.0000
30639_0be558e2,42,14.4857,12.4175,3.7891,50.3119,578.4500,151.0000,13.2780,14.4520,13.1036,45.0000,WB,2125.0000
30639_0be558e2,43,13.9022,12.4349,3.8109,49.7596,582.2391,153.0000,13.0573,13.8540,13.1818,31.0000,WB,2175.0000
30639_0be558e2,44,14.7042,13.9042,3.4891,50.0910,586.0500,139.0000,14.3563,14.6790,14.3482,35.0000,WB,2225.0000
30639_0be558e2,45,15.0205,14.1614,3.4000,50.2743,589.5391,136.0000,14.7866,15.0210,14.7685,33.0000,WB,2275.0000
30639_0be558e2,46,14.1368,11.4708,3.9000,49.7523,592.9391,156.0000,12.7570,14.0890,12.8231,29.0000,WB,2325.0000
30639_0be558e2,47,11.4475,10.8597,4.5109,49.8098,596.8391,181.0000,11.0421,11.3230,11.0167,48.0000,WB,2375.0000
30639_0be558e2,48,11.0798,10.9941,4.5391,50.1071,601.3500,181.0000,11.0391,11.0710,11.0139,47.0000,WB,2425.0000
30639_0be558e2,49,11.0056,8.7869,4.8501,50.2582,605.8891,194.0000,10.3622,10.9740,10.1585,46.0000,WB,2475.0000
30639_0be558e2,50,8.7578,7.9706,6.0608,49.7557,610.7392,243.0000,8.2094,8.6850,8.1990,59.0000,WB,2525.0000
30639_0be558e2,51,8.4071,8.1733,5.9891,49.9617,616.8000,239.0000,8.3422,8.3930,8.3286,65.0000,WB,2575.0000
30639_0be558e2,52,9.1022,7.0550,6.4002,50.2371,622.7891,256.0000,7.8493,9.1950,7.8170,59.0000,WB,2625.0000
30639_0be558e2,53,12.1097,9.1352,4.6107,49.7285,629.1893,185.0000,10.7855,12.1300,10.8560,46.0000,WB,2675.0000
30639_0be558e2,54,12.5574,12.1130,4.0391,49.9972,633.8000,161.0000,12.3783,12.5500,12.3784,41.0000,WB,2725.0000
30639_0be558e2,55,13.9320,12.4534,3.7499,50.0532,637.8391,150.0000,13.3478,13.9030,13.3768,37.0000,WB,2775.0000
30639_0be558e2,56,14.2603,13.7695,3.5501,50.0387,641.5890,142.0000,14.0951,14.2320,14.0686,35.0000,WB,2825.0000
30639_0be558e2,57,13.7394,10.5198,4.1500,49.9150,645.1391,166.0000,12.0277,13.5250,11.9297,42.0000,WB,2875.0000
30639_0be558e2,58,10.4911,5.5990,6.2000,50.2484,649.2891,248.0000,8.1045,10.3260,7.8685,63.0000,WB,2925.0000
30639_0be558e2,59,5.5656,0.0000,23.1500,49.9144,655.4892,926.0000,2.1561,5.2690,0.7401,619.0000,WB,2975.0000
30639_0be558e2,60,5.5148,0.0000,61.2000,51.4835,678.6391,2453.0000,0.8412,6.1380,3.6206,142.0000,WB,3025.0000
30639_0be558e2,61,10.3873,5.5505,6.1501,49.9282,739.8391,246.0000,8.1183,10.3670,8.2497,53.0000,WB,3075.0000
30639_0be558e2,62,11.2549,10.1340,4.5999,50.0689,745.9892,184.0000,10.8847,11.2450,10.8697,46.0000,WB,3125.0000
30639_0be558e2,63,10.1012,5.4979,6.4609,49.9973,750.5891,259.0000,7.7385,10.0260,7.6705,66.0000,WB,3175.0000
30639_0be558e2,64,8.5588,4.1036,8.6391,50.2225,757.0500,345.0000,5.8134,8.5210,5.8216,85.0000,WB,3225.0000
30639_0be558e2,65,11.6534,8.5878,4.8502,49.7789,765.6891,194.0000,10.2632,11.6870,10.3092,44.0000,WB,3275.0000
30639_0be558e2,66,12.0575,10.6985,4.2999,50.1816,770.5393,172.0000,11.6704,12.0820,11.6487,39.0000,WB,3325.0000
30639_0be558e2,67,10.6719,6.9242,5.6499,49.8080,774.8392,226.0000,8.8157,10.6210,8.2069,48.0000,WB,3375.0000
30639_0be558e2,68,6.9006,0.0000,67.1109,50.4938,780.4891,2689.0000,0.7524,6.2460,0.7641,310.0000,WB,3425.0000
30639_0be558e2,69,7.7132,4.7081,7.2500,50.1027,847.6000,290.0000,6.9107,7.6210,6.9005,62.0000,WB,3475.0000
30639_0be558e2,70,7.0924,0.0000,19.6891,50.1987,854.8500,789.0000,2.5496,7.0750,2.5588,198.0000,WB,3525.0000
30639_0be558e2,71,2.9094,0.0000,29.8500,50.1270,874.5391,1198.0000,1.6793,2.9260,1.6853,295.0000,WB,3575.0000
30639_0be558e2,72,4.4680,2.5351,15.8109,49.9453,904.3891,633.0000,3.1589,4.5330,3.2988,101.0000,WB,3625.0000
30639_0be558e2,73,8.4201,4.0553,8.7892,50.2073,920.2000,351.0000,5.7124,8.3020,5.6614,88.0000,WB,3675.0000
30639_0be558e2,74,9.7218,8.1327,5.7499,49.8374,928.9892,230.0000,8.6675,9.6530,8.6484,58.0000,WB,3725.0000
30639_0be558e2,75,11.4893,9.7425,4.6501,49.9332,934.7391,190.0000,10.7382,11.4380,10.6257,25.0000,WB,3775.0000
30639_0be558e2,76,11.5368,9.7532,4.6000,50.1513,939.3892,188.0000,10.9024,11.5310,10.9032,46.0000,WB,3825.0000
30639_0be558e2,77,9.7384,5.5194,6.4500,49.8907,943.9892,260.0000,7.7350,9.7580,7.6465,40.0000,WB,3875.0000
30639_0be558e2,78,7.0902,0.0000,22.6500,50.0367,950.4391,913.0000,2.2091,7.1570,2.1150,130.0000,WB,3925.0000
30639_0be558e2,79,9.6894,7.1209,5.6499,49.9443,973.0892,228.0000,8.8399,9.7240,8.8353,56.0000,WB,3975.0000
30639_0be558e2,80,9.5866,8.5050,5.7000,50.2045,978.7391,229.0000,8.8077,9.5840,8.7682,63.0000,WB,4025.0000
30639_0be558e2,81,8.5255,0.3226,10.8501,49.8579,984.4391,435.0000,4.5952,8.0550,2.4128,177.0000,WB,4075.0000
30639_0be558e2,82,9.3965,0.0000,18.8108,49.8335,995.2892,753.0000,2.6492,9.3630,4.6292,86.0000,WB,4125.0000
30639_0be558e2,83,11.6407,9.4050,4.6392,49.9981,1014.1000,186.0000,10.7774,11.3940,10.6536,33.0000,WB,4175.0000
30639_0be558e2,84,11.6427,8.4237,4.9500,50.1741,1018.7392,198.0000,10.1361,10.7670,9.7531,25.0000,WB,4225.0000
30639_0be558e2,85,8.3964,5.3522,6.9999,50.0581,1023.6892,280.0000,7.1512,8.0690,7.3171,27.0000,WB,4275.0000
30639_0be558e2,86,7.2031,0.0000,30.3500,50.1210,1030.6891,1218.0000,1.6514,7.8790,1.8221,242.0000,WB,4325.0000
30639_0be558e2,87,8.6359,7.2338,6.0109,49.7280,1061.0391,244.0000,8.2729,8.6950,8.4129,47.0000,WB,4375.0000
30639_0be558e2,88,10.4639,8.1543,5.4500,50.0097,1067.0500,220.0000,9.1761,10.3710,9.1218,43.0000,WB,4425.0000
30639_0be558e2,89,11.2185,10.4567,4.5891,50.2505,1072.5000,185.0000,10.9499,11.1470,11.0832,5.0000,WB,4475.0000
30639_0be558e2,90,10.4269,5.9856,6.1500,49.9720,1077.0891,246.0000,8.1255,10.4410,8.0437,45.0000,WB,4525.0000
30639_0be558e2,91,5.9597,0.0000,31.9500,49.9457,1083.2392,1280.0000,1.5632,5.9370,1.4729,283.0000,WB,4575.0000
30639_0be558e2,92,10.1464,4.5080,6.7108,49.9001,1115.1892,269.0000,7.4357,10.0920,6.5855,13.0000,WB,4625.0000
30639_0be558e2,93,12.4020,10.1540,4.3891,50.3413,1121.9000,176.0000,11.4697,12.3610,11.7094,12.0000,WB,4675.0000
30639_0be558e2,94,12.9994,12.4007,3.9002,49.7433,1126.2891,157.0000,12.7541,12.9900,12.7368,26.0000,WB,4725.0000
30639_0be558e2,95,12.5161,9.0676,4.6498,50.1489,1130.1893,187.0000,10.7851,11.2350,10.4388,19.0000,WB,4775.0000
30639_0be558e2,96,9.0431,8.5125,5.7500,49.9482,1134.8391,231.0000,8.6866,8.7060,8.6144,15.0000,WB,4825.0000
30639_0be558e2,97,8.7744,8.4302,5.8005,49.8671,1140.5891,235.0000,8.5970,8.7850,8.6115,56.0000,WB,4875.0000
30639_0be558e2,98,8.7022,7.7930,5.8995,49.9931,1146.3896,236.0000,8.4741,8.7200,8.4911,30.0000,WB,4925.0000
30639_0be558e2,99,7.7694,0.0000,18.3500,50.0757,1152.2891,738.0000,2.7289,8.6300,3.2396,144.0000,WB,4975.0000
30639_0be558e2,100,8.9614,1.7806,9.9109,49.9219,1170.6391,398.0000,5.0371,8.9150,4.8222,54.0000,WB,5025.0000
30639_0be558e2,101,11.7782,8.9602,4.7391,49.8902,1180.5500,190.0000,10.5274,11.7900,10.5169,48.0000,WB,5075.0000
30639_0be558e2,102,11.9866,9.7650,4.5000,50.2200,1185.2891,183.0000,11.1599,11.9940,11.1825,44.0000,WB,5125.0000
30639_0be558e2,103,9.7382,5.1810,6.6001,49.9173,1189.7891,266.0000,7.5632,9.7940,7.5766,67.0000,WB,5175.0000
30639_0be558e2,104,7.3369,0.0000,18.6001,50.0173,1196.3891,748.0000,2.6891,7.2910,2.7914,37.0000,WB,5225.0000
30639_0be558e2,105,7.7020,3.7749,8.2999,49.9304,1214.9892,332.0000,6.0158,7.7120,6.0239,84.0000,WB,5275.0000
30639_0be558e2,106,4.4454,0.0000,24.8500,50.0471,1223.2891,1005.0000,2.0140,4.4440,2.0128,249.0000,WB,5325.0000
30639_0be558e2,107,3.9771,2.2778,17.6000,49.9511,1248.1391,708.0000,2.8381,4.0200,2.8638,176.0000,WB,5375.0000
30639_0be558e2,108,7.1288,4.0211,7.8000,50.0452,1265.7391,312.0000,6.4160,,,,WB,5425.0000
30639_0be558e2,109,7.2571,6.5912,7.2000,50.1657,1273.5391,295.0000,6.9675,,,,WB,5475.0000
30639_0be558e2,110,6.5902,0.0000,10.7001,38.1218,1280.7391,435.0000,3.5628,,,,WB,5525.0000
30639_0be558e2,114,,,,,,,,5.7730,5.1391,15.0000,EB,5421.1425
30639_0be558e2,145,,,,,,,,8.9540,8.6676,6.0000,EB,3872.1417
30639_253671cc,0,3.5796,2.8012,15.5000,50.0355,14.1500,637.0000,3.2281,3.1840,2.9950,30.0000,WB,25.0000
30639_253671cc,1,3.4596,3.0414,15.3500,50.2234,29.6500,632.0000,3.2719,3.3310,3.2071,39.0000,WB,75.0000
30639_253671cc,2,3.4036,0.0000,25.0938,45.9184,45.0000,1031.0000,1.8299,3.5970,2.7986,39.0000,WB,125.0000
30639_253671cc,3,4.2997,0.0000,44.6562,49.5789,70.0938,1850.0000,1.1102,,,,WB,175.0000
30639_253671cc,4,9.5971,3.5793,8.1186,49.9217,114.7500,342.0000,6.1490,,,,WB,225.0000
30639_253671cc,5,12.3822,9.6122,4.5314,50.2845,122.8686,196.0000,11.0969,,,,WB,275.0000
30639_253671cc,6,12.9996,12.3969,3.9000,49.9005,127.4000,171.0000,12.7950,,,,WB,325.0000
30639_253671cc,7,12.8425,12.5769,3.9186,49.8156,131.3000,165.0000,12.7126,,,,WB,375.0000
30639_253671cc,8,13.0053,11.6239,4.0501,50.1721,135.2186,172.0000,12.3879,,,,WB,425.0000
30639_253671cc,9,11.7689,9.2475,4.6313,50.0782,139.2687,201.0000,10.8130,,,,WB,475.0000
30639_253671cc,10,9.2228,3.5888,7.9500,50.0916,143.9000,344.0000,6.3008,3.7160,3.0957,20.0000,WB,525.0000
30639_253671cc,11,8.2347,0.0000,22.3000,53.0939,151.8500,954.0000,2.3809,8.2640,2.3921,209.0000,WB,575.0000
30639_253671cc,12,8.3699,8.1734,6.0500,50.0586,174.1500,252.0000,8.2742,8.3030,8.2139,61.0000,WB,625.0000
30639_253671cc,13,8.2447,8.0552,6.1186,49.9108,180.2000,257.0000,8.1572,8.1890,8.1009,47.0000,WB,675.0000
30639_253671cc,14,8.5192,8.0116,6.0814,50.1557,186.3186,263.0000,8.2474,8.4090,8.3193,8.0000,WB,725.0000
30639_253671cc,15,8.7922,8.2615,5.8500,50.0131,192.4000,247.0000,8.5493,8.5870,8.3792,11.0000,WB,775.0000
30639_253671cc,16,8.8703,6.7170,6.0686,50.1299,198.2500,262.0000,8.2606,8.4600,7.4235,16.0000,WB,825.0000
30639_253671cc,17,6.7038,0.0000,70.7000,52.1281,204.3186,3097.0000,0.7373,5.4000,0.9420,364.0000,WB,875.0000
30639_253671cc,18,4.5859,2.3954,14.8314,50.1003,275.0186,644.0000,3.3780,4.6070,3.3454,150.0000,WB,925.0000
30639_253671cc,19,3.9397,2.2856,17.4000,50.0711,289.8500,781.0000,2.8776,3.8930,2.8237,162.0000,WB,975.0000
30639_253671cc,20,5.5578,3.9714,11.6686,50.0078,307.2500,537.0000,4.2857,,,,WB,1025.0000
30639_253671cc,21,7.3110,5.5780,7.3314,50.0578,318.9186,341.0000,6.8279,,,,WB,1075.0000
30639_253671cc,22,7.2900,6.9090,7.0306,50.0326,326.2500,323.0000,7.1164,,,,WB,1125.0000
30639_253671cc,23,7.2438,6.9633,7.0194,49.9927,333.2806,324.0000,7.1220,,,,WB,1175.0000
30639_253671cc,24,7.2343,6.9114,7.0804,50.0410,340.3000,333.0000,7.0676,,,,WB,1225.0000
30639_253671cc,25,7.1220,6.8514,7.1883,50.1360,347.3804,329.0000,6.9747,,,,WB,1275.0000
30639_253671cc,26,6.8830,4.9028,7.8313,50.0487,354.5687,367.0000,6.3908,,,,WB,1325.0000
30639_253671cc,27,6.5072,1.0773,19.5000,50.3009,362.4000,899.0000,2.5795,6.7200,2.4104,160.0000,WB,1375.0000
30639_253671cc,28,7.1251,6.5400,7.2687,49.9608,381.9000,333.0000,6.8735,7.1110,6.8441,74.0000,WB,1425.0000
30639_253671cc,29,6.8177,4.0102,8.4000,50.0194,389.1687,400.0000,5.9547,6.8040,5.5908,89.0000,WB,1475.0000
30639_253671cc,30,7.1659,0.0000,17.2500,49.9785,397.5687,800.0000,2.8973,7.1620,3.0106,168.0000,WB,1525.0000
30639_253671cc,31,7.0231,6.4793,7.4314,50.1208,414.8186,359.0000,6.7445,7.0320,6.7316,74.0000,WB,1575.0000
30639_253671cc,32,7.1101,4.7320,8.0686,49.8577,422.2500,388.0000,6.1792,7.0990,5.8544,87.0000,WB,1625.0000
30639_253671cc,33,4.7250,2.9791,13.4814,49.9721,430.3186,647.0000,3.7067,4.3970,4.1752,14.0000,WB,1675.0000
30639_253671cc,34,5.9971,4.3409,9.7500,50.2527,443.8000,475.0000,5.1541,,,,WB,1725.0000
30639_253671cc,35,6.9606,5.9355,7.8489,50.2770,453.5500,380.0000,6.4056,,,,WB,1775.0000
30639_253671cc,36,7.0738,6.5742,7.3197,50.1153,461.3989,360.0000,6.8466,,,,WB,1825.0000
30639_253671cc,37,9.1796,6.5757,6.6314,50.1294,468.7186,321.0000,7.5594,9.1630,8.9064,12.0000,WB,1875.0000
30639_253671cc,38,9.8916,8.4326,5.4268,50.0213,475.3500,262.0000,9.2174,9.8490,9.2367,54.0000,WB,1925.0000
30639_253671cc,39,11.4427,9.2719,4.9732,50.2883,480.7768,242.0000,10.1119,11.4870,10.2528,49.0000,WB,1975.0000
30639_253671cc,40,11.7254,10.8530,4.3686,49.7410,485.7500,213.0000,11.3860,11.6980,11.2538,44.0000,WB,2025.0000
30639_253671cc,41,10.9810,10.7378,4.6314,50.3504,490.1186,222.0000,10.8715,10.9430,10.8080,46.0000,WB,2075.0000
30639_253671cc,42,11.1966,10.7366,4.5187,49.8430,494.7500,215.0000,11.0304,10.9160,10.8353,4.0000,WB,2125.0000
30639_253671cc,43,12.3581,11.1060,4.2813,50.2135,499.2687,200.0000,11.7286,,,,WB,2175.0000
30639_253671cc,44,12.9097,12.3629,3.9284,49.7002,503.5500,190.0000,12.6516,,,,WB,2225.0000
30639_253671cc,45,12.8998,12.5494,3.9716,50.2893,507.4784,187.0000,12.6621,,,,WB,2275.0000
30639_253671cc,46,12.5550,11.2065,4.3383,49.9847,511.4500,211.0000,11.5217,,,,WB,2325.0000
30639_253671cc,47,11.2901,11.2286,4.4303,49.8917,515.7883,212.0000,11.2615,,,,WB,2375.0000
30639_253671cc,48,11.2748,11.1969,4.4501,50.0167,520.2186,216.0000,11.2395,11.2170,11.1633,29.0000,WB,2425.0000
30639_253671cc,49,11.1998,9.1471,4.7313,50.5385,524.6687,224.0000,10.6817,11.1440,10.3059,49.0000,WB,2475.0000
30639_253671cc,50,9.1202,7.9553,6.0900,50.0821,529.4000,291.0000,8.2237,8.5060,8.1168,62.0000,WB,2525.0000
30639_253671cc,51,9.9594,8.0733,5.8100,50.1697,535.4900,278.0000,8.6351,10.2930,9.1239,30.0000,WB,2575.0000
30639_253671cc,52,11.4594,9.9834,4.5500,49.8454,541.3000,214.0000,10.9550,11.4310,11.0713,45.0000,WB,2625.0000
30639_253671cc,53,11.4566,11.2566,4.4186,50.1427,545.8500,216.0000,11.3480,11.4120,11.2770,44.0000,WB,2675.0000
30639_253671cc,54,11.9494,11.2489,4.4000,50.0134,550.2686,209.0000,11.3667,12.2000,11.4170,44.0000,WB,2725.0000
30639_253671cc,55,13.5479,11.9613,3.8500,49.9151,554.6686,184.0000,12.9650,13.5230,13.0940,38.0000,WB,2775.0000
30639_253671cc,56,13.6991,13.2030,3.6814,50.0960,558.5186,176.0000,13.6079,13.6640,13.4596,37.0000,WB,2825.0000
30639_253671cc,57,13.1827,11.2369,4.2500,50.3032,562.2000,199.0000,11.8361,12.5030,11.5029,44.0000,WB,2875.0000
30639_253671cc,58,11.2156,6.0470,5.8186,49.8676,566.4500,268.0000,8.5703,10.3510,7.6799,64.0000,WB,2925.0000
30639_253671cc,59,6.0336,0.0000,29.1500,50.1413,572.2686,1392.0000,1.7201,4.6700,0.6850,760.0000,WB,2975.0000
30639_253671cc,60,9.0931,0.0000,57.8814,56.6211,601.4186,2708.0000,0.9782,9.1600,5.0052,99.0000,WB,3025.0000
30639_253671cc,61,11.7696,9.1160,4.7000,50.0694,659.3000,209.0000,10.6531,11.7590,10.6946,47.0000,WB,3075.0000
30639_253671cc,62,11.9275,9.7996,4.4687,49.9047,664.0000,204.0000,11.1677,11.9100,11.0774,45.0000,WB,3125.0000
30639_253671cc,63,9.7884,5.3806,6.6000,49.9523,668.4687,300.0000,7.5685,9.6310,7.4211,67.0000,WB,3175.0000
30639_253671cc,64,7.1567,0.0000,25.7813,51.0377,675.0687,1160.0000,1.9796,7.0540,1.9455,255.0000,WB,3225.0000
30639_253671cc,65,10.6817,7.1829,5.4459,50.0706,700.8500,243.0000,9.1943,10.6740,9.1609,55.0000,WB,3275.0000
30639_253671cc,66,10.7562,9.7305,4.8728,49.9238,706.2959,216.0000,10.2454,10.8040,10.2378,48.0000,WB,3325.0000
30639_253671cc,67,10.1810,6.5686,5.8314,50.0388,711.1686,254.0000,8.5810,10.1880,8.5753,59.0000,WB,3375.0000
30639_253671cc,68,6.5459,0.0000,20.2000,50.3956,717.0000,896.0000,2.4948,6.5120,2.4832,201.0000,WB,3425.0000
30639_253671cc,69,8.4842,5.4427,6.6186,49.9584,737.2000,296.0000,7.5482,8.4690,7.5019,66.0000,WB,3475.0000
30639_253671cc,70,7.8184,1.1404,11.3767,50.0629,743.8186,513.0000,4.4005,7.8200,4.6286,108.0000,WB,3525.0000
30639_253671cc,71,2.9068,0.0000,30.1036,49.9853,755.1953,1327.0000,1.6604,1.5270,0.5037,33.0000,WB,3575.0000
30639_253671cc,72,4.3085,2.5326,15.9197,49.9821,785.2989,692.0000,3.1396,,,,WB,3625.0000
30639_253671cc,73,8.3415,3.8839,9.0314,50.0084,801.2186,390.0000,5.5372,,,,WB,3675.0000
30639_253671cc,74,9.3716,8.0837,5.9187,50.6488,810.2500,251.0000,8.5574,,,,WB,3725.0000
30639_253671cc,75,10.8032,9.3775,5.0313,50.0276,816.1687,211.0000,9.9433,,,,WB,3775.0000
30639_253671cc,76,11.0973,9.4238,4.6964,50.0246,821.2000,201.0000,10.6518,,,,WB,3825.0000
30639_253671cc,77,9.3927,5.1198,6.7222,49.9030,825.8964,294.0000,7.4236,,,,WB,3875.0000
30639_253671cc,78,7.1021,0.0000,26.0814,50.1703,832.6186,1084.0000,1.9236,,,,WB,3925.0000
30639_253671cc,79,9.5456,7.1327,5.6686,49.7994,858.7000,233.0000,8.7851,,,,WB,3975.0000
30639_253671cc,80,9.3575,8.1648,5.8500,50.0990,864.3686,242.0000,8.5640,,,,WB,4025.0000
30639_253671cc,81,8.2587,1.1085,10.6999,49.9646,870.2186,442.0000,4.6696,6.3550,2.3284,155.0000,WB,4075.0000
30639_253671cc,82,9.3145,0.0000,14.5814,50.1377,880.9186,590.0000,3.4385,9.5890,6.4287,76.0000,WB,4125.0000
30639_253671cc,83,11.4307,9.3434,4.6687,49.8984,895.5000,188.0000,10.6879,11.5440,10.7973,62.0000,WB,4175.0000
30639_253671cc,84,11.4087,7.9876,5.1499,50.0366,900.1687,210.0000,9.7160,10.0850,8.3062,60.0000,WB,4225.0000
30639_253671cc,85,7.9757,5.2642,7.1814,50.0881,905.3186,298.0000,6.9747,7.5940,7.5664,3.0000,WB,4275.0000
30639_253671cc,86,7.1948,0.0000,34.1686,50.2080,912.5000,1384.0000,1.4694,,,,WB,4325.0000
30639_253671cc,87,8.5202,7.2088,6.1000,49.9461,946.6686,246.0000,8.1879,,,,WB,4375.0000
30639_253671cc,88,10.2210,8.0757,5.5814,50.1795,952.7686,224.0000,8.9905,,,,WB,4425.0000
30639_253671cc,89,11.1550,10.1283,4.6186,49.9078,958.3500,185.0000,10.8058,,,,WB,4475.0000
30639_253671cc,90,10.1126,5.6955,6.3814,49.9853,962.9686,255.0000,7.8330,,,,WB,4525.0000
30639_253671cc,91,6.3502,0.0000,19.9187,50.3298,969.3500,801.0000,2.5268,,,,WB,4575.0000
30639_253671cc,92,10.8837,6.3656,5.7313,49.9654,989.2687,230.0000,8.7179,,,,WB,4625.0000
30639_253671cc,93,12.4466,10.9067,4.2186,50.0385,995.0000,169.0000,11.8613,,,,WB,4675.0000
30639_253671cc,94,12.7967,12.1987,3.9500,49.8618,999.2186,162.0000,12.6231,,,,WB,4725.0000
30639_253671cc,95,12.1838,8.6162,4.8499,50.1823,1003.1687,209.0000,10.3470,,,,WB,4775.0000
30639_253671cc,96,8.6053,8.1613,6.0314,49.9073,1008.0186,242.0000,8.2746,,,,WB,4825.0000
30639_253671cc,97,8.5300,8.3270,5.9186,50.0799,1014.0500,238.0000,8.4614,,,,WB,4875.0000
30639_253671cc,98,8.5526,8.1192,5.9000,49.8603,1019.9686,236.0000,8.4509,,,,WB,4925.0000
30639_253671cc,99,8.1081,1.9829,9.2313,50.0026,1025.8687,369.0000,5.4166,,,,WB,4975.0000
30639_253671cc,100,7.7608,0.0000,19.3000,50.0829,1035.1000,773.0000,2.5950,,,,WB,5025.0000
30639_253671cc,101,10.3284,7.7847,5.5000,50.1888,1054.4000,220.0000,9.1252,,,,WB,5075.0000
30639_253671cc,102,10.9009,10.3413,4.6500,49.6966,1059.9000,186.0000,10.6874,,,,WB,5125.0000
30639_253671cc,103,10.3696,8.0232,5.2686,49.9919,1064.5500,212.0000,9.4886,,,,WB,5175.0000
30639_253671cc,104,8.0063,0.0000,13.6000,42.0186,1069.8186,549.0000,3.0896,,,,WB,5225.0000
30639_253671cc,174,,,,,,,,11.2650,11.2025,21.0000,EB,2418.1394
30639_253671cc,175,,,,,,,,11.2500,11.2042,45.0000,EB,2368.1396
30639_253671cc,176,,,,,,,,12.4740,11.4750,43.0000,EB,2318.1394
30639_253671cc,177,,,,,,,,12.6580,12.5647,29.0000,EB,2268.1394
30639_253671cc,185,,,,,,,,9.1270,7.3557,61.0000,EB,1867.1388
30639_253671cc,186,,,,,,,,7.0400,6.8106,73.0000,EB,1817.1386
30639_253671cc,187,,,,,,,,6.9190,6.3659,79.0000,EB,1767.1386
30639_253671cc,188,,,,,,,,5.9720,5.1052,98.0000,EB,1717.1386
30639_253671cc,189,,,,,,,,4.4390,3.6604,50.0000,EB,1667.1386
30639_253671cc,197,,,,,,,,7.1400,7.0043,19.0000,EB,1267.1386
30639_253671cc,198,,,,,,,,7.2040,7.0361,71.0000,EB,1217.1386
30639_253671cc,199,,,,,,,,7.1710,7.0754,45.0000,EB,1167.1386
30639_253671cc,200,,,,,,,,7.3030,7.1047,70.0000,EB,1117.1385
30639_253671cc,201,,,,,,,,7.2890,6.9198,38.0000,EB,1067.1385
30639_253671cc,205,,,,,,,,2.2890,0.2262,209.0000,EB,867.1384
30639_253671cc,212,,,,,,,,7.6040,5.6032,56.0000,EB,520.1379
30639_253671cc,219,,,,,,,,3.5740,3.3358,15.0000,EB,173.1339
30639_253671cc,220,1.4933,0.0000,10.9000,1.8372,1.5500,414.0000,0.1686,,,,EB,0.0000
30639_253671cc,221,2.7801,1.5156,1.7000,3.6517,12.4500,69.0000,2.1481,,,,WB,21.3710
30639_2b4a6347,0,,,,,,,,0.6380,0.3346,17.0000,WB,25.0000
30639_2b4a6347,112,2.5059,0.0000,10.0000,4.1434,0.0000,355.0000,0.4143,2.4250,0.4002,100.0000,EB,5511.1413
30639_2b4a6347,113,3.5673,0.0000,24.7162,49.8021,10.0000,989.0000,2.0150,3.5830,2.0133,235.0000,EB,5466.1414
30639_2b4a6347,114,3.5521,1.9739,17.7338,50.1859,34.7162,711.0000,2.8300,3.5560,2.8556,174.0000,EB,5421.1425
30639_2b4a6347,115,4.8387,2.3028,15.5500,50.1217,52.4500,647.0000,3.2233,4.6590,3.1843,157.0000,EB,5369.1419
30639_2b4a6347,116,7.3487,4.8650,7.8500,49.9819,68.0000,321.0000,6.3671,7.3470,6.3265,79.0000,EB,5316.1420
30639_2b4a6347,117,4.9979,0.0000,28.7663,49.7018,75.8500,1198.0000,1.7278,5.0120,1.9405,218.0000,EB,5266.1420
30639_2b4a6347,118,9.5861,4.6253,6.6837,49.9927,104.6163,276.0000,7.4798,9.5880,7.7517,56.0000,EB,5216.1420
30639_2b4a6347,119,10.2728,9.5275,5.1162,49.9981,111.3000,210.0000,9.7725,10.2430,9.8525,12.0000,EB,5166.1420
30639_2b4a6347,120,10.2863,6.5457,5.8338,49.9903,116.4162,234.0000,8.5691,10.2680,8.4260,50.0000,EB,5116.1421
30639_2b4a6347,121,6.5213,0.0000,20.0164,49.9433,122.2500,826.0000,2.4951,6.4540,2.4905,196.0000,EB,5066.1420
30639_2b4a6347,122,8.7969,5.5040,6.8499,49.9120,142.2664,281.0000,7.2866,8.7410,7.2856,66.0000,EB,5016.1420
30639_2b4a6347,123,9.9661,8.8102,5.2338,50.2726,149.1162,213.0000,9.6054,9.9590,9.6004,47.0000,EB,4966.1420
30639_2b4a6347,124,8.9235,8.2743,5.9500,49.9408,154.3500,245.0000,8.3934,8.8900,8.3961,60.0000,EB,4917.1420
30639_2b4a6347,125,9.8911,8.3875,5.7663,49.9140,160.3000,234.0000,8.6561,8.5990,8.4609,7.0000,EB,4867.1420
30639_2b4a6347,126,10.9372,9.9032,4.6837,49.9616,166.0663,191.0000,10.6672,10.9520,10.6906,34.0000,EB,4818.1420
30639_2b4a6347,127,11.3131,10.9210,4.5162,50.0362,170.7500,182.0000,11.0792,11.1140,11.0117,30.0000,EB,4768.1420
30639_2b4a6347,128,11.3067,7.9135,5.1838,50.0516,175.2662,210.0000,9.6554,10.1370,8.9261,19.0000,EB,4718.1420
30639_2b4a6347,129,7.8906,0.0000,35.1163,50.7898,180.4500,1472.0000,1.4463,7.8820,1.4430,315.0000,EB,4668.1421
30639_2b4a6347,130,7.7887,2.4186,10.4837,50.0870,215.5663,434.0000,4.7776,7.5540,4.6056,107.0000,EB,4618.1420
30639_2b4a6347,131,11.6369,7.8166,5.1000,50.1271,226.0500,205.0000,9.8288,11.4530,9.6740,50.0000,EB,4568.1420
30639_2b4a6347,132,12.4866,11.6534,4.0500,49.6805,231.1500,167.0000,12.2668,12.4850,12.1729,13.0000,EB,4518.1420
30639_2b4a6347,133,12.4411,9.1754,4.5663,50.0015,235.2000,188.0000,10.9500,12.5070,11.0997,36.0000,EB,4468.1419
30639_2b4a6347,134,9.1630,4.6688,7.6837,50.1504,239.7663,325.0000,6.5269,9.2700,7.1769,39.0000,EB,4418.1420
30639_2b4a6347,135,8.4732,5.0058,6.8000,49.9603,247.4500,283.0000,7.3471,8.4840,7.0559,15.0000,EB,4369.1419
30639_2b4a6347,136,8.3845,6.8860,6.3662,49.9743,254.2500,272.0000,7.8499,8.3930,7.9201,61.0000,EB,4320.1420
30639_2b4a6347,137,10.0752,6.9904,6.0338,49.9262,260.6162,250.0000,8.2745,9.9750,8.1442,61.0000,EB,4271.1418
30639_2b4a6347,138,10.4997,8.0229,5.2000,49.9989,266.6500,215.0000,9.6152,10.5340,9.7132,51.0000,EB,4222.1418
30639_2b4a6347,139,7.9992,0.0000,43.2500,50.1219,271.8500,1854.0000,1.1589,8.0730,1.3967,194.0000,EB,4172.1418
30639_2b4a6347,140,7.6848,3.0198,8.1000,49.9904,315.1000,340.0000,6.1717,7.7240,5.7078,66.0000,EB,4122.1417
30639_2b4a6347,141,6.8227,0.0000,60.7000,49.1929,323.2000,2578.0000,0.8104,6.9790,0.8403,603.0000,EB,4072.1418
30639_2b4a6347,142,9.8838,2.8873,7.6000,49.9188,383.9000,322.0000,6.5683,9.8300,6.4320,77.0000,EB,4022.1417
30639_2b4a6347,143,10.5615,9.6738,4.9000,50.0341,391.5000,205.0000,10.2110,10.5660,10.2158,46.0000,EB,3972.1418
30639_2b4a6347,144,9.6492,7.0240,6.2162,50.1005,396.4000,255.0000,8.0596,9.6940,8.3742,45.0000,EB,3922.1417
30639_2b4a6347,145,7.0243,6.6525,7.3501,50.0166,402.6162,315.0000,6.8049,7.0310,6.7732,53.0000,EB,3872.1417
30639_2b4a6347,146,7.2732,6.7874,7.0836,50.0589,409.9664,300.0000,7.0668,7.2600,7.0549,71.0000,EB,3822.1418
30639_2b4a6347,147,7.1376,6.6319,7.2676,49.9052,417.0500,308.0000,6.8668,7.1450,6.8576,73.0000,EB,3772.1418
30639_2b4a6347,148,7.3186,5.1964,7.4824,50.1105,424.3176,312.0000,6.6971,7.3240,6.7132,75.0000,EB,3722.1418
30639_2b4a6347,149,5.1724,3.3986,12.8662,49.8976,431.8000,516.0000,3.8782,5.1880,3.9034,128.0000,EB,3672.1417
30639_2b4a6347,150,5.5717,1.5820,14.5838,50.1028,444.6662,591.0000,3.4355,5.4120,3.4167,146.0000,EB,3618.1407
30639_2b4a6347,151,8.6029,5.6103,6.5162,49.8135,459.2500,275.0000,7.6445,8.6160,7.5865,66.0000,EB,3566.1401
30639_2b4a6347,152,8.0342,0.2052,11.3838,50.0913,465.7662,480.0000,4.4002,8.0600,4.6848,107.0000,EB,3516.1400
30639_2b4a6347,153,8.8731,0.0000,35.0500,49.7614,477.1500,1483.0000,1.4197,8.9110,1.4065,358.0000,EB,3466.1401
30639_2b4a6347,154,9.6040,8.8854,5.4000,49.8116,512.2000,230.0000,9.2244,9.6180,9.2212,54.0000,EB,3416.1400
30639_2b4a6347,155,9.4786,4.9584,6.9663,49.9826,517.6000,294.0000,7.1749,9.4640,7.2191,53.0000,EB,3366.1400
30639_2b4a6347,156,7.2449,0.0000,116.3337,49.8208,524.5663,5024.0000,0.4283,7.1660,0.4307,1156.0000,EB,3316.1401
30639_2b4a6347,157,7.4859,5.6485,7.1000,50.2801,640.9000,303.0000,7.0817,7.4780,7.0444,71.0000,EB,3266.1400
30639_2b4a6347,158,7.5324,0.0000,17.5760,50.1091,648.0000,765.0000,2.8510,7.5340,2.8574,173.0000,EB,3216.1399
30639_2b4a6347,159,9.2689,7.5545,5.7240,49.8661,665.5760,256.0000,8.7117,9.2690,8.7101,56.0000,EB,3166.1399
30639_2b4a6347,160,8.0589,4.0608,9.0162,50.0236,671.3000,388.0000,5.5482,8.0700,5.5467,85.0000,EB,3116.1399
30639_2b4a6347,161,6.0201,0.0000,39.3501,50.1754,680.3162,1731.0000,1.2751,6.0370,1.2732,388.0000,EB,3066.1398
30639_2b4a6347,162,9.6117,6.0354,6.0289,50.1050,719.6663,265.0000,8.3108,9.5880,8.3240,60.0000,EB,3016.1399
30639_2b4a6347,163,12.9236,9.6119,4.4210,49.8791,725.6952,196.0000,11.2822,12.9140,11.2746,43.0000,EB,2966.1399
30639_2b4a6347,164,14.1568,12.9336,3.6500,49.9173,730.1162,168.0000,13.6759,14.0930,13.6369,36.0000,EB,2916.1400
30639_2b4a6347,165,14.1817,12.5686,3.6500,50.1205,733.7662,167.0000,13.7317,14.2460,13.7198,37.0000,EB,2866.1398
30639_2b4a6347,166,12.5555,10.5754,4.4500,49.8939,737.4162,201.0000,11.2120,12.5400,11.1990,45.0000,EB,2816.1396
30639_2b4a6347,167,11.7858,11.0523,4.3187,50.0925,741.8663,202.0000,11.5990,11.8050,11.5861,43.0000,EB,2766.1396
30639_2b4a6347,168,11.6205,10.6778,4.4650,49.9442,746.1850,207.0000,11.1856,11.6150,11.1832,44.0000,EB,2717.1395
30639_2b4a6347,169,11.5375,11.0345,4.4000,50.1735,750.6500,202.0000,11.4031,11.5140,11.3934,44.0000,EB,2667.1395
30639_2b4a6347,170,11.3858,8.2230,5.1662,49.8841,755.0500,235.0000,9.6558,11.4120,9.6834,51.0000,EB,2617.1396
30639_2b4a6347,171,8.3517,7.9707,6.1338,50.1351,760.2162,281.0000,8.1736,8.3680,8.1756,62.0000,EB,2567.1395
30639_2b4a6347,172,11.0318,8.3078,5.0500,49.8829,766.3500,224.0000,9.8778,11.0060,9.8444,49.0000,EB,2518.1395
30639_2b4a6347,173,12.8927,11.0376,4.2500,50.0465,771.4000,195.0000,11.7757,12.8150,11.7296,43.0000,EB,2468.1395
30639_2b4a6347,174,13.4955,12.9084,3.7500,49.9837,775.6500,170.0000,13.3290,13.4680,13.3088,38.0000,EB,2418.1394
30639_2b4a6347,175,13.9523,13.3735,3.6500,49.9688,779.4000,167.0000,13.6901,13.9160,13.6722,36.0000,EB,2368.1396
30639_2b4a6347,176,14.0772,12.6366,3.6500,49.9059,783.0500,171.0000,13.6728,14.0850,13.6625,37.0000,EB,2318.1394
30639_2b4a6347,177,12.6192,9.7437,4.5500,50.2630,786.7000,206.0000,11.0468,12.5590,11.0408,45.0000,EB,2268.1394
30639_2b4a6347,178,10.4031,9.7371,4.9500,49.8913,791.2500,235.0000,10.0791,10.3570,10.0667,50.0000,EB,2218.1393
30639_2b4a6347,179,10.1672,9.7605,4.9663,49.8966,796.2000,232.0000,10.0470,10.1820,10.0313,50.0000,EB,2168.1393
30639_2b4a6347,180,10.9835,9.7508,5.0000,49.9674,801.1663,231.0000,9.9936,11.0000,9.9951,49.0000,EB,2118.1391
30639_2b4a6347,181,13.0975,10.9953,4.0837,50.0443,806.1663,186.0000,12.2546,13.0600,12.2665,38.0000,EB,2068.1392
30639_2b4a6347,182,13.1814,10.9942,4.0500,49.9237,810.2500,191.0000,12.3268,13.2040,12.2944,40.0000,EB,2017.1391
30639_2b4a6347,183,10.9764,10.2490,4.7664,50.1576,814.3000,223.0000,10.5233,10.9430,10.4931,47.0000,EB,1967.1389
30639_2b4a6347,184,12.4234,10.7824,4.2836,50.0335,819.0664,199.0000,11.6801,12.4290,11.6698,43.0000,EB,1917.1389
30639_2b4a6347,185,12.7879,12.2050,3.9500,49.8592,823.3500,187.0000,12.6226,12.7860,12.5997,38.0000,EB,1867.1388
30639_2b4a6347,186,12.2021,10.5601,4.5500,50.1768,827.3000,216.0000,11.0279,12.1540,10.9983,40.0000,EB,1817.1386
30639_2b4a6347,187,11.1572,10.1626,4.5662,49.9351,831.8500,212.0000,10.9358,11.1710,10.9053,44.0000,EB,1767.1386
30639_2b4a6347,188,10.1545,10.0191,4.9501,49.8777,836.4162,231.0000,10.0762,10.1610,10.0745,48.0000,EB,1717.1386
30639_2b4a6347,189,10.0863,10.0023,4.9837,50.0755,841.3663,228.0000,10.0478,10.1120,10.0530,48.0000,EB,1667.1386
30639_2b4a6347,190,10.0967,10.0410,4.9662,49.9828,846.3500,232.0000,10.0645,10.1300,10.0737,49.0000,EB,1617.1386
30639_2b4a6347,191,10.1307,9.8928,4.9838,49.9392,851.3162,230.0000,10.0204,10.1580,10.0323,50.0000,EB,1567.1386
30639_2b4a6347,192,10.1382,9.7886,5.0162,50.0491,856.3000,235.0000,9.9774,10.1540,9.9971,50.0000,EB,1517.1386
30639_2b4a6347,193,10.1933,10.0027,4.9501,49.9372,861.3162,227.0000,10.0882,10.2190,10.0965,50.0000,EB,1467.1386
30639_2b4a6347,194,10.1282,9.9741,4.9837,50.1014,866.2663,232.0000,10.0530,10.1630,10.0719,49.0000,EB,1417.1386
30639_2b4a6347,195,10.1688,9.7237,5.0163,49.9829,871.2500,237.0000,9.9641,10.1810,9.9743,50.0000,EB,1367.1385
30639_2b4a6347,196,9.9463,9.7416,5.0837,50.0270,876.2663,241.0000,9.8407,9.9570,9.8479,50.0000,EB,1317.1385
30639_2b4a6347,197,9.9258,9.7139,5.1000,50.1242,881.3500,248.0000,9.8283,9.9570,9.8348,50.0000,EB,1267.1386
30639_2b4a6347,198,9.8771,9.6570,5.1000,49.7668,886.4500,248.0000,9.7582,9.8680,9.7595,51.0000,EB,1217.1386
30639_2b4a6347,199,9.9356,9.4674,5.1000,50.1380,891.5500,243.0000,9.8310,9.9670,9.8396,51.0000,EB,1167.1386
30639_2b4a6347,200,9.4443,4.7124,7.1389,49.9618,896.6500,345.0000,6.9985,9.4100,7.0022,71.0000,EB,1117.1385
30639_2b4a6347,201,4.8039,3.6568,11.7978,49.9812,903.7889,570.0000,4.2365,4.8010,4.2339,118.0000,EB,1067.1385
30639_2b4a6347,202,4.3233,0.0000,23.6018,50.6615,915.5867,1151.0000,2.1465,4.3450,2.1354,231.0000,EB,1017.1385
30639_2b4a6347,203,6.2142,2.2249,10.6278,49.8846,939.1885,508.0000,4.6938,6.2230,4.7292,106.0000,EB,967.1384
30639_2b4a6347,204,7.6302,0.0000,20.5338,50.1148,949.8162,982.0000,2.4406,7.5070,2.4621,167.0000,EB,917.1384
30639_2b4a6347,205,9.6880,7.6577,5.5000,50.1186,970.3500,266.0000,9.1125,9.6720,9.0728,53.0000,EB,867.1384
30639_2b4a6347,206,9.6936,8.1792,5.7163,49.9244,975.8500,276.0000,8.7336,9.7020,8.7491,58.0000,EB,818.1384
30639_2b4a6347,207,8.7414,8.4455,5.8337,49.9872,981.5663,283.0000,8.5688,8.7430,8.5676,50.0000,EB,768.1383
30639_2b4a6347,208,8.7785,8.0052,5.8500,49.9943,987.4000,282.0000,8.5460,8.6450,8.5138,20.0000,EB,718.1382
30639_2b4a6347,209,8.7345,7.8793,5.9356,50.0360,993.2500,287.0000,8.4297,8.7790,8.4660,4.0000,EB,669.1382
30639_2b4a6347,210,9.1150,8.4984,5.7644,49.8807,999.1856,268.0000,8.6533,9.0400,8.6523,50.0000,EB,620.1381
30639_2b4a6347,211,12.2174,9.1387,4.6662,49.9854,1004.9500,214.0000,10.7122,12.1140,10.6592,46.0000,EB,570.1380
30639_2b4a6347,212,13.8502,12.2274,3.8000,50.0005,1009.6162,176.0000,13.1579,13.8140,13.1335,38.0000,EB,520.1379
30639_2b4a6347,213,14.1098,12.9245,3.6337,50.0041,1013.4163,172.0000,13.7610,14.1550,13.7640,35.0000,EB,470.1379
30639_2b4a6347,214,12.9016,9.9181,4.4000,50.2306,1017.0500,212.0000,11.4160,12.8870,11.4761,28.0000,EB,420.1378
30639_2b4a6347,215,9.8947,5.5366,6.9000,49.9680,1021.4500,334.0000,7.2417,9.9050,7.2746,68.0000,EB,370.1378
30639_2b4a6347,216,8.4957,6.3718,6.4000,50.0136,1028.3500,313.0000,7.8146,8.4860,7.7004,47.0000,EB,320.1378
30639_2b4a6347,217,7.4655,2.3092,10.8451,49.8545,1034.7500,535.0000,4.5970,7.1400,4.6813,82.0000,EB,270.1378
30639_2b4a6347,218,3.8946,2.2724,18.1549,49.9816,1045.5951,881.0000,2.7531,3.9990,2.7451,181.0000,EB,220.1378
30639_2b4a6347,219,3.6353,0.0000,26.6662,50.1759,1063.7500,1297.0000,1.8816,3.7210,1.8854,264.0000,EB,173.1339
30639_2b4a6347,220,3.7346,1.6095,16.4338,50.0637,1090.4162,786.0000,3.0464,3.6920,3.0845,163.0000,EB,0.0000
30639_2b4a6347,221,1.5919,0.0000,4.4382,3.1905,1106.8500,217.0000,0.7189,1.9320,1.1170,33.0000,WB,21.3710
30639_3b3d9eb8,0,3.4801,0.4792,17.4500,50.0969,12.5706,746.0000,2.8709,3.4510,2.8343,177.0000,WB,25.0000
30639_3b3d9eb8,1,3.5285,3.0123,15.1794,50.2555,30.0206,649.0000,3.3108,3.5930,3.2820,150.0000,WB,75.0000
30639_3b3d9eb8,2,3.4650,0.0000,27.8206,50.6688,45.2000,1175.0000,1.8213,3.4160,1.7952,274.0000,WB,125.0000
30639_3b3d9eb8,3,4.3559,0.0000,45.7500,50.0519,73.0206,1900.0000,1.0940,4.2890,1.0872,460.0000,WB,175.0000
30639_3b3d9eb8,4,9.5854,3.3234,8.0794,49.9746,118.7706,330.0000,6.1854,3.7720,3.5207,11.0000,WB,225.0000
30639_3b3d9eb8,5,12.2639,9.6094,4.5500,50.2153,126.8500,183.0000,11.0363,,,,WB,275.0000
30639_3b3d9eb8,6,12.8998,12.2802,3.9500,50.0050,131.4000,161.0000,12.6595,12.5380,12.5243,3.0000,WB,325.0000
30639_3b3d9eb8,7,12.7144,12.4517,3.9500,49.7264,135.3500,160.0000,12.5890,12.6030,12.4344,41.0000,WB,375.0000
30639_3b3d9eb8,8,12.8807,11.4114,4.1000,50.1293,139.3000,165.0000,12.2266,12.7260,12.0166,41.0000,WB,425.0000
30639_3b3d9eb8,9,11.6881,9.0431,4.7000,50.1319,143.4000,189.0000,10.6664,11.5560,10.3519,49.0000,WB,475.0000
30639_3b3d9eb8,10,9.0127,3.5995,8.0706,49.9631,148.1000,323.0000,6.1908,8.5800,5.4735,92.0000,WB,525.0000
30639_3b3d9eb8,11,7.1222,0.0000,34.0500,54.6221,156.1706,1365.0000,1.6042,7.1100,1.5438,326.0000,WB,575.0000
30639_3b3d9eb8,12,8.3664,7.1392,6.2500,49.9168,190.2206,250.0000,7.9867,8.3020,7.9621,63.0000,WB,625.0000
30639_3b3d9eb8,13,8.3029,8.1533,6.0794,50.0355,196.4706,243.0000,8.2303,8.2490,8.1796,61.0000,WB,675.0000
30639_3b3d9eb8,14,8.3731,8.1089,6.1206,50.1233,202.5500,245.0000,8.1893,8.3560,8.1531,62.0000,WB,725.0000
30639_3b3d9eb8,15,8.6656,8.1964,5.9500,49.8739,208.6706,238.0000,8.3822,8.6470,8.3636,60.0000,WB,775.0000
30639_3b3d9eb8,16,8.9166,6.3350,6.2500,50.1051,214.6206,252.0000,8.0168,8.8730,7.8021,64.0000,WB,825.0000
30639_3b3d9eb8,17,6.3217,0.0000,46.9500,51.8361,220.8706,1879.0000,1.1041,5.9880,1.0767,467.0000,WB,875.0000
30639_3b3d9eb8,18,4.1964,0.0000,21.0000,50.0125,267.8206,842.0000,2.3816,4.1160,2.3862,211.0000,WB,925.0000
30639_3b3d9eb8,19,4.2053,0.7833,20.4500,49.9619,288.8206,819.0000,2.4431,4.3670,2.4501,204.0000,WB,975.0000
30639_3b3d9eb8,20,5.7924,3.7960,11.8295,50.1351,309.2705,475.0000,4.2382,5.9700,4.2573,118.0000,WB,1025.0000
30639_3b3d9eb8,21,7.3217,5.8010,7.2706,49.9894,321.1000,293.0000,6.8756,7.3330,6.8950,72.0000,WB,1075.0000
30639_3b3d9eb8,22,7.2958,6.7681,7.1294,49.8983,328.3706,286.0000,6.9989,7.3120,6.9782,72.0000,WB,1125.0000
30639_3b3d9eb8,23,7.1116,6.7470,7.2000,50.1677,335.5000,289.0000,6.9677,7.1010,6.9566,72.0000,WB,1175.0000
30639_3b3d9eb8,24,7.0342,6.7114,7.2706,49.9316,342.7000,291.0000,6.8676,7.0510,6.8541,73.0000,WB,1225.0000
30639_3b3d9eb8,25,6.9294,6.6380,7.3999,50.0433,349.9706,296.0000,6.7627,6.9630,6.7495,74.0000,WB,1275.0000
30639_3b3d9eb8,26,6.8742,4.6150,7.9295,49.9497,357.3705,317.0000,6.2993,6.8700,6.2002,81.0000,WB,1325.0000
30639_3b3d9eb8,27,6.5673,1.1289,19.1705,50.0025,365.3000,767.0000,2.6083,6.6700,2.6199,190.0000,WB,1375.0000
30639_3b3d9eb8,28,7.0705,6.4478,7.3795,50.0385,384.4705,295.0000,6.7808,7.0780,6.7698,74.0000,WB,1425.0000
30639_3b3d9eb8,29,6.8850,3.6009,8.7500,50.0163,391.8500,351.0000,5.7162,6.8620,5.5431,91.0000,WB,1475.0000
30639_3b3d9eb8,30,7.1461,0.0000,29.1705,49.2623,400.6000,1168.0000,1.6888,7.1270,1.7467,288.0000,WB,1525.0000
30639_3b3d9eb8,31,7.0490,6.4022,7.4506,49.9940,429.7705,298.0000,6.7101,7.0670,6.7149,74.0000,WB,1575.0000
30639_3b3d9eb8,32,7.1274,6.4424,7.2994,50.0285,437.2212,294.0000,6.8538,7.1340,6.8404,73.0000,WB,1625.0000
30639_3b3d9eb8,33,7.3054,6.5303,7.2294,50.0310,444.5206,289.0000,6.9205,7.3120,6.9133,72.0000,WB,1675.0000
30639_3b3d9eb8,34,7.1094,6.4955,7.3706,49.9881,451.7500,296.0000,6.7821,7.1140,6.7621,74.0000,WB,1725.0000
30639_3b3d9eb8,35,7.0846,6.6263,7.2500,50.0354,459.1206,292.0000,6.9014,7.1060,6.8967,73.0000,WB,1775.0000
30639_3b3d9eb8,36,7.2148,6.5773,7.2500,49.9832,466.3706,291.0000,6.8942,7.1980,6.8713,73.0000,WB,1825.0000
30639_3b3d9eb8,37,9.9783,6.7283,6.2000,50.0765,473.6206,256.0000,8.0769,9.9990,8.1847,61.0000,WB,1875.0000
30639_3b3d9eb8,38,10.0295,9.2347,5.2000,49.9036,479.8206,209.0000,9.5968,10.0280,9.5596,52.0000,WB,1925.0000
30639_3b3d9eb8,39,11.5838,9.5322,4.8294,50.0745,485.0206,195.0000,10.3686,11.5890,10.4071,48.0000,WB,1975.0000
30639_3b3d9eb8,40,11.7406,10.7933,4.4000,49.9559,489.8500,178.0000,11.3536,11.6990,11.3064,44.0000,WB,2025.0000
30639_3b3d9eb8,41,10.9713,10.6184,4.6500,50.1893,494.2500,186.0000,10.7934,10.9760,10.7759,47.0000,WB,2075.0000
30639_3b3d9eb8,42,11.1130,10.7288,4.5706,49.9291,498.9000,183.0000,10.9240,11.0680,10.8992,45.0000,WB,2125.0000
30639_3b3d9eb8,43,12.3810,11.0512,4.2294,50.0410,503.4706,171.0000,11.8316,12.3500,11.8470,42.0000,WB,2175.0000
30639_3b3d9eb8,44,12.6610,12.3891,3.9705,49.9408,507.7000,160.0000,12.5778,12.6640,12.5533,40.0000,WB,2225.0000
30639_3b3d9eb8,45,12.7678,11.6986,4.0000,50.0432,511.6705,160.0000,12.5108,12.7490,12.4237,41.0000,WB,2275.0000
30639_3b3d9eb8,46,11.6804,10.1311,4.6795,49.9543,515.6705,188.0000,10.6752,11.3840,10.6306,47.0000,WB,2325.0000
30639_3b3d9eb8,47,11.0838,11.0302,4.5206,49.9828,520.3500,181.0000,11.0568,11.0770,11.0265,45.0000,WB,2375.0000
30639_3b3d9eb8,48,11.0555,10.9465,4.5500,50.0733,524.8705,183.0000,11.0051,11.0370,10.9777,46.0000,WB,2425.0000
30639_3b3d9eb8,49,10.9502,8.6928,4.8500,49.9968,529.4205,196.0000,10.3086,10.9230,10.1305,49.0000,WB,2475.0000
30639_3b3d9eb8,50,8.6777,7.8852,6.1500,50.1508,534.2706,248.0000,8.1545,8.4260,8.1324,62.0000,WB,2525.0000
30639_3b3d9eb8,51,10.1381,8.2104,5.7294,49.9081,540.4206,234.0000,8.7109,10.2540,8.8018,56.0000,WB,2575.0000
30639_3b3d9eb8,52,11.2824,10.1581,4.5500,49.9598,546.1500,182.0000,10.9802,11.2470,11.0147,46.0000,WB,2625.0000
30639_3b3d9eb8,53,11.3413,11.1948,4.4500,50.1381,550.7000,179.0000,11.2670,11.3500,11.2530,44.0000,WB,2675.0000
30639_3b3d9eb8,54,11.9862,11.2379,4.4000,50.1428,555.1500,176.0000,11.3961,12.0380,11.4182,44.0000,WB,2725.0000
30639_3b3d9eb8,55,12.3485,10.6999,4.2000,49.9401,559.5500,169.0000,11.8905,12.3640,11.7724,42.0000,WB,2775.0000
30639_3b3d9eb8,56,10.6747,8.7554,5.3000,50.0157,563.7500,214.0000,9.4369,10.4240,9.3858,54.0000,WB,2825.0000
30639_3b3d9eb8,57,11.1609,9.7661,4.6706,49.9456,569.0500,190.0000,10.6936,11.1480,10.7352,46.0000,WB,2875.0000
30639_3b3d9eb8,58,10.8157,8.0275,5.5794,50.0416,573.7206,225.0000,8.9690,10.5020,8.8111,57.0000,WB,2925.0000
30639_3b3d9eb8,59,8.2980,0.0000,11.5000,47.3102,579.3000,464.0000,4.1139,8.0790,1.4351,429.0000,WB,2975.0000
30639_3b3d9eb8,60,8.3699,0.0000,77.5500,49.7388,590.8000,3124.0000,0.6414,8.7520,1.0649,473.0000,WB,3025.0000
30639_3b3d9eb8,61,11.4428,8.3934,4.9706,50.1672,668.3500,203.0000,10.0929,11.5470,10.3522,48.0000,WB,3075.0000
30639_3b3d9eb8,62,11.7965,9.8739,4.4500,49.8278,673.3206,179.0000,11.1973,11.7820,10.9605,46.0000,WB,3125.0000
30639_3b3d9eb8,63,9.8603,5.6296,6.5294,50.0540,677.7706,277.0000,7.6659,9.4050,7.1410,70.0000,WB,3175.0000
30639_3b3d9eb8,64,6.6999,0.0000,31.4000,50.0049,684.3000,1277.0000,1.5925,7.2030,1.5995,311.0000,WB,3225.0000
30639_3b3d9eb8,65,10.5814,6.7406,5.6206,49.8911,715.7000,231.0000,8.8765,10.6090,9.2421,53.0000,WB,3275.0000
30639_3b3d9eb8,66,11.1235,10.5859,4.5794,50.0038,721.3206,183.0000,10.9192,11.1220,10.9039,46.0000,WB,3325.0000
30639_3b3d9eb8,67,10.9351,6.8575,5.7000,50.0802,725.9000,231.0000,8.7860,10.4800,8.2656,61.0000,WB,3375.0000
30639_3b3d9eb8,68,6.8406,0.0000,44.3500,50.8612,731.6000,1800.0000,1.1468,6.2030,1.1310,449.0000,WB,3425.0000
30639_3b3d9eb8,69,8.5515,3.0806,7.7705,50.0444,775.9500,325.0000,6.4403,8.5350,7.1679,70.0000,WB,3475.0000
30639_3b3d9eb8,70,8.4608,3.4315,8.5795,49.9608,783.7205,349.0000,5.8233,8.0820,5.0224,100.0000,WB,3525.0000
30639_3b3d9eb8,71,3.4104,0.2841,21.0706,50.0369,792.3000,860.0000,2.3747,3.2270,2.3414,212.0000,WB,3575.0000
30639_3b3d9eb8,72,3.6172,0.0000,23.8500,50.0055,813.3706,1000.0000,2.0967,3.7130,2.1952,224.0000,WB,3625.0000
30639_3b3d9eb8,73,7.6697,0.6261,14.4500,50.0130,837.2206,591.0000,3.4611,8.0000,3.7109,135.0000,WB,3675.0000
30639_3b3d9eb8,74,8.9526,7.6813,6.1500,50.0661,851.6706,253.0000,8.1409,9.1370,8.2524,60.0000,WB,3725.0000
30639_3b3d9eb8,75,10.4470,8.9624,5.2000,49.9761,857.8206,219.0000,9.6108,10.5830,9.7617,52.0000,WB,3775.0000
30639_3b3d9eb8,76,10.9944,9.8649,4.6794,50.0406,863.0206,195.0000,10.6938,10.9640,10.5005,47.0000,WB,3825.0000
30639_3b3d9eb8,77,9.8434,6.1606,6.2500,49.9918,867.7000,259.0000,7.9987,9.2730,8.1915,39.0000,WB,3875.0000
30639_3b3d9eb8,78,9.6544,5.7843,6.8000,50.0116,873.9500,280.0000,7.3546,10.0680,10.0251,3.0000,WB,3925.0000
30639_3b3d9eb8,79,10.9857,9.6734,4.7206,49.8170,880.7500,193.0000,10.5532,10.9780,10.5761,40.0000,WB,3975.0000
30639_3b3d9eb8,80,10.3196,8.6898,5.5000,50.1403,885.4706,228.0000,9.1164,9.5350,8.9529,46.0000,WB,4025.0000
30639_3b3d9eb8,81,8.9655,3.4967,7.9000,49.9786,890.9706,326.0000,6.3264,8.7000,5.7098,55.0000,WB,4075.0000
30639_3b3d9eb8,82,8.6429,0.0000,16.8794,50.0330,898.8706,703.0000,2.9641,9.1880,4.7367,93.0000,WB,4125.0000
30639_3b3d9eb8,83,11.2944,8.6670,4.8706,49.8738,915.7500,204.0000,10.2399,11.3740,10.5758,48.0000,WB,4175.0000
30639_3b3d9eb8,84,11.3446,8.5272,4.9500,50.1212,920.6206,208.0000,10.1255,11.3070,9.5899,52.0000,WB,4225.0000
30639_3b3d9eb8,85,8.5123,6.2059,6.7500,49.9183,925.5705,282.0000,7.3953,7.7520,6.9726,72.0000,WB,4275.0000
30639_3b3d9eb8,86,6.1902,0.0000,42.9294,50.0389,932.3206,1793.0000,1.1656,7.1730,1.1848,428.0000,WB,4325.0000
30639_3b3d9eb8,87,8.5170,6.1917,6.3205,49.9265,975.2500,271.0000,7.8991,8.4820,8.1679,62.0000,WB,4375.0000
30639_3b3d9eb8,88,9.7640,8.0581,5.7795,50.0386,981.5705,248.0000,8.6580,10.1850,8.9541,56.0000,WB,4425.0000
30639_3b3d9eb8,89,11.0280,9.7727,4.7000,50.0073,987.3500,201.0000,10.6398,10.9980,10.6937,47.0000,WB,4475.0000
30639_3b3d9eb8,90,10.7819,6.5245,5.8706,50.0310,992.0500,243.0000,8.5223,9.8830,7.5714,66.0000,WB,4525.0000
30639_3b3d9eb8,91,6.5096,0.0000,28.0500,50.0137,997.9206,1213.0000,1.7830,6.6000,1.7880,281.0000,WB,4575.0000
30639_3b3d9eb8,92,10.2977,5.1347,6.3794,50.0141,1025.9706,273.0000,7.8399,10.8740,8.8926,56.0000,WB,4625.0000
30639_3b3d9eb8,93,12.2506,10.3180,4.3500,50.0477,1032.3500,185.0000,11.5052,12.3540,11.8160,42.0000,WB,4675.0000
30639_3b3d9eb8,94,12.7644,12.2639,3.9706,49.7972,1036.7000,175.0000,12.5416,12.7340,12.5112,40.0000,WB,4725.0000
30639_3b3d9eb8,95,12.6869,9.2879,4.6000,50.1608,1040.6706,204.0000,10.9046,11.9510,10.1092,50.0000,WB,4775.0000
30639_3b3d9eb8,96,9.2761,8.1011,5.8501,49.9139,1045.2705,254.0000,8.5322,8.6840,8.4220,59.0000,WB,4825.0000
30639_3b3d9eb8,97,8.6929,8.2908,5.8999,50.0394,1051.1206,254.0000,8.4813,8.7060,8.4659,59.0000,WB,4875.0000
30639_3b3d9eb8,98,8.5984,8.2325,5.9500,50.0728,1057.0206,267.0000,8.4156,8.5510,8.2754,61.0000,WB,4925.0000
30639_3b3d9eb8,99,8.4069,3.0313,8.8795,50.0345,1062.9705,384.0000,5.6349,7.3630,2.7694,181.0000,WB,4975.0000
30639_3b3d9eb8,100,8.7252,0.0000,17.3206,49.8837,1071.8500,746.0000,2.8800,9.6790,6.2973,79.0000,WB,5025.0000
30639_3b3d9eb8,101,11.8401,8.7423,4.7794,50.1572,1089.1706,205.0000,10.4944,12.0620,11.1296,45.0000,WB,5075.0000
30639_3b3d9eb8,102,12.0996,10.1021,4.3706,49.9326,1093.9500,190.0000,11.4248,12.0980,10.8446,46.0000,WB,5125.0000
30639_3b3d9eb8,103,10.0885,6.0068,6.2500,50.0121,1098.3206,271.0000,8.0020,9.2770,6.8811,73.0000,WB,5175.0000
30639_3b3d9eb8,104,6.3502,0.0000,23.3795,50.0552,1104.5705,1017.0000,2.1410,7.4300,2.1824,228.0000,WB,5225.0000
30639_3b3d9eb8,105,7.6230,4.7553,7.8207,49.8648,1127.9500,334.0000,6.3760,7.5860,5.7181,74.0000,WB,5275.0000
30639_3b3d9eb8,106,4.7493,0.0000,25.1293,50.0770,1135.7707,1081.0000,1.9928,4.3540,1.1344,398.0000,WB,5325.0000
30639_3b3d9eb8,107,3.0445,0.0000,33.5500,50.0316,1160.9000,1473.0000,1.4913,3.1240,2.5640,193.0000,WB,5375.0000
30639_3b3d9eb8,108,3.0883,0.0000,25.1706,48.6955,1194.4500,1102.0000,1.9346,3.0250,1.8657,202.0000,WB,5425.0000
30639_3b3d9eb8,144,,,,,,,,8.0290,6.7716,37.0000,EB,3922.1417
30639_3b3d9eb8,145,,,,,,,,6.1640,6.0497,9.0000,EB,3872.1417
30639_3b3d9eb8,216,,,,,,,,12.0970,12.0854,4.0000,EB,320.1378
30639_3b3d9eb8,217,,,,,,,,11.9470,10.6514,47.0000,EB,270.1378
30639_3b3d9eb8,221,0.4708,0.0000,11.4706,0.3283,1.1000,442.0000,0.0286,0.3910,0.0331,111.0000,WB,21.3710
30639_4285f2bc,0,3.5400,0.0000,26.7163,49.5342,0.0000,1147.0000,1.8541,3.5300,1.8745,262.0000,WB,25.0000
30639_4285f2bc,1,3.8368,3.0972,15.4309,50.1368,26.7163,695.0000,3.2491,3.8450,3.2955,140.0000,WB,75.0000
30639_4285f2bc,2,3.4846,0.0000,23.9528,49.1907,42.1472,1104.0000,2.0537,3.5490,2.0515,228.0000,WB,125.0000
30639_4285f2bc,3,4.3535,0.0000,25.0000,49.6575,66.1000,1158.0000,1.9863,4.3850,1.9947,246.0000,WB,175.0000
30639_4285f2bc,4,7.2107,3.5673,8.8000,50.2481,91.1000,396.0000,5.7100,7.1060,5.7199,87.0000,WB,225.0000
30639_4285f2bc,5,7.1535,0.0000,33.8361,50.3250,99.9000,1503.0000,1.4873,7.0740,1.4802,338.0000,WB,275.0000
30639_4285f2bc,6,7.1848,5.4795,7.5639,50.3626,133.7361,348.0000,6.6583,7.1220,6.6129,64.0000,WB,325.0000
30639_4285f2bc,7,6.5223,0.0000,17.8417,50.1251,141.3000,814.0000,2.8094,6.4840,2.7969,155.0000,WB,375.0000
30639_4285f2bc,8,10.0976,5.5539,6.2019,50.1799,159.1417,272.0000,8.0910,9.6600,8.4065,6.0000,WB,425.0000
30639_4285f2bc,9,10.4367,8.3163,5.1064,49.7880,165.3436,228.0000,9.7501,10.4060,9.6084,43.0000,WB,475.0000
30639_4285f2bc,10,8.2922,2.8644,9.4162,50.0445,170.4500,420.0000,5.3147,8.1320,5.1837,91.0000,WB,525.0000
30639_4285f2bc,11,6.9723,0.0000,53.2501,50.8400,179.8662,2296.0000,0.9547,6.8610,1.2440,289.0000,WB,575.0000
30639_4285f2bc,12,8.4064,6.9859,6.1336,49.9526,233.1164,265.0000,8.1440,8.3950,8.0185,28.0000,WB,625.0000
30639_4285f2bc,13,8.4403,8.3629,5.9500,50.0793,239.2500,253.0000,8.4167,8.4290,8.3930,60.0000,WB,675.0000
30639_4285f2bc,14,8.4812,8.2078,5.9662,49.9317,245.2000,254.0000,8.3691,8.4700,8.3503,55.0000,WB,725.0000
30639_4285f2bc,15,8.6690,8.2311,5.9338,49.9745,251.1662,244.0000,8.4220,8.6680,8.4229,59.0000,WB,775.0000
30639_4285f2bc,16,8.9265,6.4723,6.1662,50.1018,257.1000,262.0000,8.1252,8.9080,8.0638,34.0000,WB,825.0000
30639_4285f2bc,17,6.4651,0.0000,53.7838,50.7486,263.2662,2229.0000,0.9436,6.3670,0.9470,529.0000,WB,875.0000
30639_4285f2bc,18,4.2453,0.0000,23.6000,49.9364,317.0500,1002.0000,2.1159,4.1760,2.0821,199.0000,WB,925.0000
30639_4285f2bc,19,4.2447,2.4494,16.8992,50.0666,340.6500,698.0000,2.9627,4.3070,2.9649,162.0000,WB,975.0000
30639_4285f2bc,20,5.6151,4.0094,11.5508,49.8924,357.5492,473.0000,4.3194,5.6450,4.3222,115.0000,WB,1025.0000
30639_4285f2bc,21,8.3127,5.6520,7.1000,50.0102,369.1000,288.0000,7.0437,8.3330,7.0508,71.0000,WB,1075.0000
30639_4285f2bc,22,9.8059,8.2929,5.6163,49.9591,376.2000,234.0000,8.8954,9.8300,8.9103,56.0000,WB,1125.0000
30639_4285f2bc,23,10.0699,9.8030,5.0500,50.0050,381.8163,206.0000,9.9021,10.0850,9.9177,48.0000,WB,1175.0000
30639_4285f2bc,24,10.1758,9.6935,5.0500,50.0687,386.8662,204.0000,9.9146,10.2300,9.9102,50.0000,WB,1225.0000
30639_4285f2bc,25,9.9286,9.6779,5.0837,50.0114,391.9163,205.0000,9.8375,9.9930,9.8378,50.0000,WB,1275.0000
30639_4285f2bc,26,9.8700,9.6979,5.1000,49.9333,397.0000,204.0000,9.7909,9.8980,9.7886,49.0000,WB,1325.0000
30639_4285f2bc,27,9.9079,9.6192,5.1163,49.9941,402.1000,209.0000,9.7716,9.9470,9.7811,51.0000,WB,1375.0000
30639_4285f2bc,28,10.0498,8.9517,5.1337,50.1851,407.2163,210.0000,9.7755,10.0440,9.7691,43.0000,WB,1425.0000
30639_4285f2bc,29,8.9252,3.5517,8.2201,49.9125,412.3500,332.0000,6.0720,8.8690,6.1661,68.0000,WB,1475.0000
30639_4285f2bc,30,8.7967,0.0000,16.5962,50.0029,420.5701,677.0000,3.0129,8.8220,3.0254,164.0000,WB,1525.0000
30639_4285f2bc,31,9.9641,8.8092,5.1838,50.0862,437.1662,209.0000,9.6621,9.9780,9.6717,49.0000,WB,1575.0000
30639_4285f2bc,32,9.9973,9.3518,5.1662,49.7997,442.3500,211.0000,9.6395,10.0260,9.6458,46.0000,WB,1625.0000
30639_4285f2bc,33,9.9196,9.5424,5.1500,50.0758,447.5162,209.0000,9.7234,9.9310,9.7242,47.0000,WB,1675.0000
30639_4285f2bc,34,10.0860,9.4039,5.1500,50.0093,452.6662,206.0000,9.7105,10.0760,9.7019,51.0000,WB,1725.0000
30639_4285f2bc,35,10.0131,7.7741,5.4337,50.0076,457.8163,219.0000,9.2032,10.0020,9.1917,55.0000,WB,1775.0000
30639_4285f2bc,36,7.7525,6.6588,7.1500,50.1542,463.2500,293.0000,7.0146,7.7340,7.0006,72.0000,WB,1825.0000
30639_4285f2bc,37,9.9830,6.5920,6.1662,49.7762,470.4000,247.0000,8.0724,9.9650,8.0745,59.0000,WB,1875.0000
30639_4285f2bc,38,10.9500,9.5297,5.0500,50.0526,476.5662,204.0000,9.9114,10.8670,9.8960,51.0000,WB,1925.0000
30639_4285f2bc,39,13.5646,10.9640,4.0338,49.8912,481.6162,170.0000,12.3684,13.4970,12.3569,40.0000,WB,1975.0000
30639_4285f2bc,40,14.2735,13.5701,3.6000,50.3624,485.6500,147.0000,13.9895,14.2850,13.9735,36.0000,WB,2025.0000
30639_4285f2bc,41,14.4488,14.2744,3.4500,49.6667,489.2500,138.0000,14.3961,14.4470,14.3739,35.0000,WB,2075.0000
30639_4285f2bc,42,14.3726,12.4169,3.8000,50.2042,492.7000,152.0000,13.2116,14.3150,13.1578,38.0000,WB,2125.0000
30639_4285f2bc,43,13.8735,12.4259,3.8500,50.2163,496.5000,154.0000,13.0432,13.8480,13.0344,38.0000,WB,2175.0000
30639_4285f2bc,44,14.6612,13.8900,3.4663,49.6362,500.3500,139.0000,14.3198,14.6440,14.3037,35.0000,WB,2225.0000
30639_4285f2bc,45,14.9254,14.1763,3.4000,50.1140,503.8163,138.0000,14.7396,14.9210,14.7087,34.0000,WB,2275.0000
30639_4285f2bc,46,14.1640,11.4536,3.9001,49.8430,507.2162,159.0000,12.7799,14.0630,12.7390,39.0000,WB,2325.0000
30639_4285f2bc,47,11.4438,10.9837,4.4999,50.1261,511.1163,183.0000,11.1394,11.3640,11.1111,45.0000,WB,2375.0000
30639_4285f2bc,48,11.1758,11.0902,4.4838,49.9290,515.6162,180.0000,11.1355,11.1790,11.1186,44.0000,WB,2425.0000
30639_4285f2bc,49,11.0999,8.8253,4.8000,50.1394,520.1000,199.0000,10.4457,11.0970,10.3616,49.0000,WB,2475.0000
30639_4285f2bc,50,8.7996,7.9701,6.1162,49.9163,524.9000,254.0000,8.1613,8.6550,8.1507,60.0000,WB,2525.0000
30639_4285f2bc,51,9.7123,8.1070,5.7838,50.1921,531.0162,242.0000,8.6781,9.7230,8.6986,57.0000,WB,2575.0000
30639_4285f2bc,52,12.1574,9.7199,4.6500,50.1198,536.8000,190.0000,10.7785,12.1890,10.8029,47.0000,WB,2625.0000
30639_4285f2bc,53,13.1592,12.1622,3.8664,49.6508,541.4500,159.0000,12.8417,13.1730,12.8532,38.0000,WB,2675.0000
30639_4285f2bc,54,12.9323,12.1144,4.0498,50.0033,545.3164,164.0000,12.3470,12.8380,12.3317,41.0000,WB,2725.0000
30639_4285f2bc,55,12.6373,10.1482,4.2501,50.1072,549.3662,175.0000,11.7896,12.6090,11.6873,43.0000,WB,2775.0000
30639_4285f2bc,56,10.1336,2.3532,8.0499,49.9611,553.6163,333.0000,6.2064,9.9160,5.5959,90.0000,WB,2825.0000
30639_4285f2bc,57,4.1994,0.0000,41.0338,50.0509,561.6662,1734.0000,1.2197,6.2080,1.4660,404.0000,WB,2875.0000
30639_4285f2bc,58,6.5959,3.6623,9.2500,49.9584,602.7000,380.0000,5.4009,6.5780,4.7459,113.0000,WB,2925.0000
30639_4285f2bc,59,4.9971,1.7386,13.0000,50.0001,611.9500,547.0000,3.8462,2.2930,2.2040,4.0000,WB,2975.0000
30639_4285f2bc,60,9.0749,0.0000,56.1500,51.6166,624.9500,2385.0000,0.9193,,,,WB,3025.0000
30639_4285f2bc,61,12.0102,9.0989,4.7000,50.0126,681.1000,193.0000,10.6410,11.9830,1.3935,481.0000,WB,3075.0000
30639_4285f2bc,62,12.8843,12.0276,3.9662,49.9842,685.8000,162.0000,12.6024,12.8750,11.4214,66.0000,WB,3125.0000
30639_4285f2bc,63,12.4784,9.2732,4.5838,50.0906,689.7662,193.0000,10.9278,12.4260,10.9214,46.0000,WB,3175.0000
30639_4285f2bc,64,9.2547,0.0000,63.4220,49.6649,694.3500,2754.0000,0.7831,9.1770,0.9856,390.0000,WB,3225.0000
30639_4285f2bc,65,7.4852,5.4158,7.3120,50.1674,757.7720,313.0000,6.8610,7.4100,6.8635,71.0000,WB,3275.0000
30639_4285f2bc,66,6.9979,0.0000,18.2160,50.0771,765.0840,777.0000,2.7491,7.0180,2.7393,168.0000,WB,3325.0000
30639_4285f2bc,67,8.4810,6.5874,6.4000,50.0833,783.3000,284.0000,7.8255,8.4890,7.8390,61.0000,WB,3375.0000
30639_4285f2bc,68,6.5759,0.0000,23.0662,50.2700,789.7000,976.0000,2.1794,6.4900,2.4288,164.0000,WB,3425.0000
30639_4285f2bc,69,5.5510,1.6230,11.6838,50.2132,812.7662,515.0000,4.2977,5.3730,4.0073,122.0000,WB,3475.0000
30639_4285f2bc,70,5.6652,0.0000,18.6000,50.0651,824.4500,820.0000,2.6917,5.6380,2.7608,179.0000,WB,3525.0000
30639_4285f2bc,71,3.0655,0.0000,26.9500,50.1615,843.0500,1118.0000,1.8613,3.0520,1.8605,268.0000,WB,3575.0000
30639_4285f2bc,72,4.3894,2.4485,16.3000,50.0283,870.0000,692.0000,3.0692,4.3990,3.0817,151.0000,WB,3625.0000
30639_4285f2bc,73,8.6479,2.8019,9.3000,50.0851,886.3000,398.0000,5.3855,8.5150,5.1480,50.0000,WB,3675.0000
30639_4285f2bc,74,9.7194,8.3845,5.6000,49.5109,895.6000,243.0000,8.8412,9.4200,8.8295,16.0000,WB,3725.0000
30639_4285f2bc,75,11.4382,9.7369,4.7000,50.3309,901.2000,200.0000,10.7087,11.4000,10.6687,47.0000,WB,3775.0000
30639_4285f2bc,76,11.4888,10.0234,4.6000,49.7853,905.9000,195.0000,10.8229,11.4950,10.8122,46.0000,WB,3825.0000
30639_4285f2bc,77,10.0097,5.4051,6.5500,50.0493,910.5000,272.0000,7.6411,9.9800,7.6080,66.0000,WB,3875.0000
30639_4285f2bc,78,6.9724,0.0000,33.3000,50.2009,917.0500,1447.0000,1.5075,6.9670,1.4991,332.0000,WB,3925.0000
30639_4285f2bc,79,9.6899,6.9926,5.7000,49.8691,950.3500,244.0000,8.7490,9.6880,8.7327,51.0000,WB,3975.0000
30639_4285f2bc,80,9.6513,5.2589,6.7000,50.1343,956.0500,286.0000,7.4827,9.6150,7.7040,22.0000,WB,4025.0000
30639_4285f2bc,81,5.7071,0.8981,12.0500,49.9392,962.7500,521.0000,4.1443,5.6850,2.6733,134.0000,WB,4075.0000
30639_4285f2bc,82,9.3233,0.0000,16.3808,50.1610,974.8000,704.0000,3.0622,9.2620,4.7259,85.0000,WB,4125.0000
30639_4285f2bc,83,11.4709,9.3468,4.6854,49.8467,991.1808,199.0000,10.6387,11.4490,10.6197,47.0000,WB,4175.0000
30639_4285f2bc,84,11.4809,8.4480,4.9501,50.0218,995.8662,210.0000,10.1053,11.4920,10.0853,50.0000,WB,4225.0000
30639_4285f2bc,85,8.4393,3.9937,8.9837,50.0183,1000.8163,388.0000,5.5677,8.3570,5.5720,86.0000,WB,4275.0000
30639_4285f2bc,86,7.1818,0.0000,16.5500,49.9887,1009.8000,707.0000,3.0205,7.1640,3.0187,165.0000,WB,4325.0000
30639_4285f2bc,87,8.6147,7.2065,6.0500,49.9604,1026.3500,253.0000,8.2579,8.6740,8.2496,49.0000,WB,4375.0000
30639_4285f2bc,88,10.4147,8.0844,5.5000,50.0710,1032.4000,231.0000,9.1038,10.3160,9.1451,43.0000,WB,4425.0000
30639_4285f2bc,89,11.2053,10.3024,4.6000,50.1122,1037.9000,193.0000,10.8939,11.1610,10.9350,17.0000,WB,4475.0000
30639_4285f2bc,90,10.2762,5.9725,6.1662,49.8584,1042.5000,255.0000,8.0857,10.2820,8.3144,33.0000,WB,4525.0000
30639_4285f2bc,91,6.4149,0.0000,19.8838,50.2779,1048.6662,862.0000,2.5286,6.1670,2.3265,92.0000,WB,4575.0000
30639_4285f2bc,92,10.8584,6.4455,5.7000,49.9669,1068.5500,241.0000,8.7661,10.3880,8.3764,14.0000,WB,4625.0000
30639_4285f2bc,93,12.5259,10.8779,4.2000,49.8500,1074.2500,176.0000,11.8690,12.3700,11.9519,19.0000,WB,4675.0000
30639_4285f2bc,94,12.9643,12.5040,3.9168,50.0506,1078.4500,163.0000,12.7784,12.9690,12.8478,15.0000,WB,4725.0000
30639_4285f2bc,95,12.4921,8.9851,4.6832,50.1977,1082.3668,190.0000,10.7187,12.4650,10.5961,18.0000,WB,4775.0000
30639_4285f2bc,96,8.9659,8.4392,5.8000,49.8529,1087.0500,242.0000,8.5953,8.9510,8.5999,35.0000,WB,4825.0000
30639_4285f2bc,97,8.7314,8.3527,5.8663,50.0274,1092.8500,255.0000,8.5280,8.7500,8.5374,31.0000,WB,4875.0000
30639_4285f2bc,98,8.7736,7.8545,5.8500,49.9374,1098.7163,253.0000,8.5364,8.7800,8.5496,59.0000,WB,4925.0000
30639_4285f2bc,99,7.8427,0.0000,18.8292,50.1568,1104.5662,823.0000,2.6638,7.8110,2.7890,85.0000,WB,4975.0000
30639_4285f2bc,100,8.7577,0.0000,20.6546,50.0327,1123.3954,886.0000,2.4223,8.6800,2.4678,164.0000,WB,5025.0000
30639_4285f2bc,101,11.8014,8.7796,4.7500,49.9373,1144.0500,209.0000,10.5131,11.7820,10.4002,25.0000,WB,5075.0000
30639_4285f2bc,102,12.0219,9.8815,4.4500,49.9305,1148.8000,195.0000,11.2203,12.0370,11.2947,33.0000,WB,5125.0000
30639_4285f2bc,103,9.8599,5.2316,6.5500,50.0165,1153.2500,287.0000,7.6361,8.8080,7.1345,49.0000,WB,5175.0000
30639_4285f2bc,104,6.6388,0.0000,20.8000,50.0325,1159.8000,926.0000,2.4054,6.4840,2.4197,194.0000,WB,5225.0000
30639_4285f2bc,105,7.2865,4.0886,8.3500,50.0405,1180.6000,373.0000,5.9929,7.0780,5.6009,10.0000,WB,5275.0000
30639_4285f2bc,106,4.2720,0.0000,60.7000,49.9259,1188.9500,2641.0000,0.8225,4.2830,0.8090,597.0000,WB,5325.0000
30639_4285f2bc,107,3.0722,0.0000,29.8500,50.0409,1249.6500,1335.0000,1.6764,3.1050,1.6902,297.0000,WB,5375.0000
30639_4285f2bc,108,4.1773,2.4908,16.6000,49.9651,1279.5000,754.0000,3.0099,4.2360,2.9990,166.0000,WB,5425.0000
30639_4285f2bc,109,4.3947,0.0000,9.3163,25.0857,1296.1000,416.0000,2.6926,4.4010,2.7767,95.0000,WB,5475.0000
30639_44226bde,3,,,,,,,,3.1500,0.8131,231.0000,WB,175.0000
30639_44226bde,4,,,,,,,,3.8400,3.5851,16.0000,WB,225.0000
30639_44226bde,12,,,,,,,,8.9660,8.2923,36.0000,WB,625.0000
30639_44226bde,13,,,,,,,,7.1500,6.6267,14.0000,WB,675.0000
30639_44226bde,46,,,,,,,,10.9250,10.8375,15.0000,WB,2325.0000
30639_44226bde,47,,,,,,,,11.0280,10.8876,46.0000,WB,2375.0000
30639_44226bde,48,,,,,,,,11.1320,11.0282,45.0000,WB,2425.0000
30639_44226bde,49,,,,,,,,11.1820,11.0484,46.0000,WB,2475.0000
30639_44226bde,50,,,,,,,,10.4500,8.8975,56.0000,WB,2525.0000
30639_44226bde,51,,,,,,,,7.9930,7.9630,9.0000,WB,2575.0000
30639_44226bde,71,,,,,,,,3.9580,3.8154,6.0000,WB,3575.0000
30639_44226bde,72,,,,,,,,4.3000,4.2148,24.0000,WB,3625.0000
30639_44226bde,96,,,,,,,,10.8050,9.9346,50.0000,WB,4825.0000
30639_44226bde,97,,,,,,,,8.3870,8.3158,30.0000,WB,4875.0000
30639_44226bde,106,,,,,,,,4.3030,4.0691,31.0000,WB,5325.0000
30639_44226bde,114,3.2826,2.3707,9.3003,25.7358,45.4686,448.0000,2.7672,,,,EB,5421.1425
30639_44226bde,115,4.3410,2.4282,16.1811,50.4614,54.7689,777.0000,3.1185,4.0640,3.2618,37.0000,EB,5369.1419
30639_44226bde,116,7.2347,4.0181,8.3186,50.0854,70.9500,398.0000,6.0209,,,,EB,5316.1420
30639_44226bde,117,7.0063,0.0000,25.2314,54.9511,79.2686,1210.0000,2.1779,,,,EB,5266.1420
30639_44226bde,118,10.7671,7.0330,5.4500,49.9393,104.5000,260.0000,9.1632,,,,EB,5216.1420
30639_44226bde,119,11.0477,10.7019,4.6000,49.8662,109.9500,219.0000,10.8405,,,,EB,5166.1420
30639_44226bde,120,10.7886,6.8164,5.7500,50.2289,114.5500,276.0000,8.7355,,,,EB,5116.1421
30639_44226bde,121,6.7960,0.0000,22.8186,52.8471,120.3000,1091.0000,2.3160,,,,EB,5066.1420
30639_44226bde,122,10.0556,4.6183,6.6314,49.9425,143.1186,293.0000,7.5312,,,,EB,5016.1420
30639_44226bde,123,10.4821,8.6623,5.0186,50.1395,149.7500,227.0000,9.9906,,,,EB,4966.1420
30639_44226bde,124,8.6506,8.1677,6.0500,50.0023,154.7686,286.0000,8.2648,,,,EB,4917.1420
30639_44226bde,125,9.8379,8.2802,5.8314,49.9878,160.8186,285.0000,8.5723,,,,EB,4867.1420
30639_44226bde,126,10.8515,9.8454,4.7186,49.9975,166.6500,229.0000,10.5959,,,,EB,4818.1420
30639_44226bde,127,11.0928,10.8378,4.5501,49.9088,171.3686,221.0000,10.9688,11.0450,10.9376,37.0000,EB,4768.1420
30639_44226bde,128,11.1057,7.5489,5.2814,50.0914,175.9186,252.0000,9.4846,11.1340,10.2546,49.0000,EB,4718.1420
30639_44226bde,129,7.5268,0.0000,17.3000,49.8319,181.2000,825.0000,2.8805,8.5760,5.7587,87.0000,EB,4668.1421
30639_44226bde,130,9.7311,2.5781,7.9349,49.9522,198.5000,381.0000,6.2952,8.6710,3.6286,131.0000,EB,4618.1420
30639_44226bde,131,12.3032,9.7502,4.4337,49.9345,206.4349,215.0000,11.2624,12.0400,10.5381,48.0000,EB,4568.1420
30639_44226bde,132,12.5546,12.3071,4.0000,49.9674,210.8686,191.0000,12.4920,12.5630,12.4240,40.0000,EB,4518.1420
30639_44226bde,133,12.4974,9.1845,4.6001,50.1397,214.8686,205.0000,10.8997,12.5650,11.6133,43.0000,EB,4468.1419
30639_44226bde,134,9.1711,7.8380,6.1500,50.0615,219.4687,288.0000,8.1401,10.0090,8.4829,58.0000,EB,4418.1420
30639_44226bde,135,8.1772,7.9160,6.2313,50.0935,225.6187,297.0000,8.0390,8.0190,7.9935,14.0000,EB,4369.1419
30639_44226bde,136,8.1323,6.7765,6.5000,49.8347,231.8500,312.0000,7.6669,,,,EB,4320.1420
30639_44226bde,137,10.3950,6.9231,6.0687,50.1089,238.3500,288.0000,8.2570,,,,EB,4271.1418
30639_44226bde,138,12.0658,10.4095,4.3313,49.9229,244.4187,209.0000,11.5260,,,,EB,4222.1418
30639_44226bde,139,11.9640,8.5039,4.8884,50.0286,248.7500,233.0000,10.2342,11.0350,10.7824,4.0000,EB,4172.1418
30639_44226bde,140,8.4739,3.4660,9.4803,49.9949,253.6384,445.0000,5.2736,,,,EB,4122.1417
30639_44226bde,141,4.6621,0.0000,21.0500,49.3266,263.1186,988.0000,2.3433,,,,EB,4072.1418
30639_44226bde,142,6.0680,0.0000,101.1314,50.2929,284.1686,4419.0000,0.4973,,,,EB,4022.1417
30639_44226bde,143,8.9607,1.9831,8.3000,50.0886,385.3000,362.0000,6.0348,,,,EB,3972.1418
30639_44226bde,144,8.9499,6.6014,6.5686,49.9030,393.6000,288.0000,7.5972,,,,EB,3922.1417
30639_44226bde,145,6.9939,6.5418,7.3814,50.0978,400.1686,316.0000,6.7870,,,,EB,3872.1417
30639_44226bde,146,7.1737,6.5853,7.2185,49.8769,407.5500,314.0000,6.9096,,,,EB,3822.1418
30639_44226bde,147,7.1725,6.5798,7.2815,50.0461,414.7685,309.0000,6.8731,,,,EB,3772.1418
30639_44226bde,148,7.0140,4.9481,8.4500,50.0710,422.0500,363.0000,5.9256,,,,EB,3722.1418
30639_44226bde,149,4.9312,3.5336,12.8187,49.9082,430.5000,536.0000,3.8934,,,,EB,3672.1417
30639_44226bde,150,4.3447,2.1885,13.8313,50.0932,443.3187,566.0000,3.6217,4.1900,4.1555,21.0000,EB,3618.1407
30639_44226bde,151,8.2935,4.3906,7.1186,49.9380,457.1500,294.0000,7.0151,,,,EB,3566.1401
30639_44226bde,152,7.6395,0.0000,13.9814,49.4130,464.2686,566.0000,3.5342,,,,EB,3516.1400
30639_44226bde,153,8.8771,0.0000,11.3687,49.5060,478.2500,461.0000,4.3546,,,,EB,3466.1401
30639_44226bde,154,9.4211,8.7820,5.5313,50.1950,489.6187,224.0000,9.0747,,,,EB,3416.1400
30639_44226bde,155,9.2442,4.7794,7.2000,49.9401,495.1500,290.0000,6.9361,,,,EB,3366.1400
30639_44226bde,156,8.2500,2.5563,10.8500,50.0932,502.3500,445.0000,4.6169,,,,EB,3316.1401
30639_44226bde,157,12.0764,8.2753,4.8686,49.8692,513.2000,209.0000,10.2430,,,,EB,3266.1400
30639_44226bde,158,13.4002,12.0886,3.8501,49.9032,518.0686,154.0000,12.9616,,,,EB,3216.1399
30639_44226bde,159,13.3389,10.5351,4.1813,49.9870,521.9187,167.0000,11.9549,,,,EB,3166.1399
30639_44226bde,160,10.5132,6.4052,5.9500,50.1883,526.1000,238.0000,8.4350,,,,EB,3116.1399
30639_44226bde,161,6.3951,0.0000,18.3000,50.3009,532.0500,734.0000,2.7487,,,,EB,3066.1398
30639_44226bde,162,11.0173,6.1078,5.8186,50.0515,550.3500,233.0000,8.6020,,,,EB,3016.1399
30639_44226bde,163,12.5625,11.0317,4.1314,49.8666,556.1686,165.0000,12.0702,,,,EB,2966.1399
30639_44226bde,164,13.5932,12.5652,3.9000,50.3065,560.3000,156.0000,12.8991,,,,EB,2916.1400
30639_44226bde,165,14.0418,13.6039,3.6000,49.8116,564.2000,144.0000,13.8365,,,,EB,2866.1398
30639_44226bde,166,14.0627,13.6784,3.5686,49.8906,567.8000,144.0000,13.9805,,,,EB,2816.1396
30639_44226bde,167,13.6669,10.7241,4.2000,50.0835,571.3686,170.0000,11.9246,,,,EB,2766.1396
30639_44226bde,168,10.9045,10.7022,4.6314,49.9902,575.5686,185.0000,10.7938,,,,EB,2717.1395
30639_44226bde,169,10.9721,10.7374,4.6000,49.9949,580.2000,184.0000,10.8684,,,,EB,2667.1395
30639_44226bde,170,10.8580,8.0203,5.3686,50.0327,584.8000,216.0000,9.3195,,,,EB,2617.1396
30639_44226bde,171,8.4660,7.9316,6.1500,49.9154,590.1686,247.0000,8.1163,,,,EB,2567.1395
30639_44226bde,172,11.1842,8.4730,5.0000,49.9950,596.3187,201.0000,9.9990,,,,EB,2518.1395
30639_44226bde,173,11.2103,11.0683,4.5000,50.1413,601.3187,180.0000,11.1425,,,,EB,2468.1395
30639_44226bde,174,11.0773,10.8158,4.5813,50.1110,605.8187,183.0000,10.9381,,,,EB,2418.1394
30639_44226bde,175,11.0093,10.8045,4.5686,49.7898,610.4000,185.0000,10.8983,,,,EB,2368.1396
30639_44226bde,176,12.3422,10.8294,4.2814,50.2375,614.9686,172.0000,11.7339,12.3330,12.2701,4.0000,EB,2318.1394
30639_44226bde,177,12.6335,12.3419,3.9687,49.7290,619.2500,160.0000,12.5303,,,,EB,2268.1394
30639_44226bde,178,12.6458,12.4874,3.9813,50.0113,623.2187,160.0000,12.5615,12.6310,12.5652,30.0000,EB,2218.1393
30639_44226bde,179,12.5002,11.2100,4.3500,50.2733,627.2000,176.0000,11.5571,12.5550,11.5144,48.0000,EB,2168.1393
30639_44226bde,180,11.2752,11.1861,4.4500,49.9726,631.5500,178.0000,11.2298,11.2730,11.2280,44.0000,EB,2118.1391
30639_44226bde,181,11.4983,11.2369,4.4187,49.8084,636.0000,177.0000,11.2722,11.9040,11.3444,47.0000,EB,2068.1392
30639_44226bde,182,12.3340,11.5054,4.1313,50.0396,640.4187,166.0000,12.1122,12.3140,12.1743,41.0000,EB,2017.1391
30639_44226bde,183,12.1845,12.0210,4.1500,50.1831,644.5500,167.0000,12.0923,12.1220,12.0572,42.0000,EB,1967.1389
30639_44226bde,184,12.1229,12.0070,4.1500,50.0235,648.7000,167.0000,12.0538,12.0790,12.0307,41.0000,EB,1917.1389
30639_44226bde,185,12.1486,12.0427,4.1186,49.8001,652.8500,168.0000,12.0915,12.1330,12.0709,44.0000,EB,1867.1388
30639_44226bde,186,12.1019,10.6267,4.2501,49.9886,656.9686,182.0000,11.7618,12.1120,11.1808,45.0000,EB,1817.1386
30639_44226bde,187,10.6116,7.1795,5.6500,50.0139,661.2187,230.0000,8.8521,9.6160,7.9079,69.0000,EB,1767.1386
30639_44226bde,188,7.2896,6.8736,6.9999,49.9818,666.8687,280.0000,7.1403,7.2890,7.1938,69.0000,EB,1717.1386
30639_44226bde,189,7.2480,7.0966,6.9814,50.0021,673.8686,280.0000,7.1622,7.2610,7.1452,70.0000,EB,1667.1386
30639_44226bde,190,7.2239,7.0790,7.0000,49.9708,680.8500,282.0000,7.1387,7.2640,7.1203,69.0000,EB,1617.1386
30639_44226bde,191,7.2588,5.4226,7.3500,50.0959,687.8500,296.0000,6.8158,7.2650,4.7132,118.0000,EB,1567.1386
30639_44226bde,192,5.3993,1.2524,24.8500,49.9598,695.2000,998.0000,2.0105,6.4630,2.1299,234.0000,EB,1517.1386
30639_44226bde,193,7.0960,1.7647,9.4500,50.0686,720.0500,384.0000,5.2983,7.1240,6.7419,74.0000,EB,1467.1386
30639_44226bde,194,7.0092,6.3766,7.4186,49.9533,729.5000,299.0000,6.7335,7.0320,6.8613,74.0000,EB,1417.1386
30639_44226bde,195,7.0278,2.0416,10.1500,49.9349,736.9186,407.0000,4.9197,6.2030,3.4888,144.0000,EB,1367.1385
30639_44226bde,196,7.0434,1.2470,11.5814,50.1642,747.0686,468.0000,4.3314,7.0580,6.7369,75.0000,EB,1317.1385
30639_44226bde,197,6.9566,6.4999,7.4000,49.8261,758.6500,298.0000,6.7333,6.9680,6.7975,73.0000,EB,1267.1386
30639_44226bde,198,6.9015,6.6401,7.4000,50.1155,766.0500,298.0000,6.7724,6.8750,6.2020,81.0000,EB,1217.1386
30639_44226bde,199,6.6298,1.3246,13.8686,49.9149,773.4500,563.0000,3.5991,6.9780,3.6659,135.0000,EB,1167.1386
30639_44226bde,200,6.9827,4.5181,8.3814,50.0757,787.3186,337.0000,5.9747,6.9710,4.8472,103.0000,EB,1117.1385
30639_44226bde,201,4.8557,3.4451,12.0187,49.9517,795.7000,496.0000,4.1562,4.1390,1.8103,156.0000,EB,1067.1385
30639_44226bde,202,4.3224,0.0000,21.3313,50.1172,807.7187,862.0000,2.3495,6.1490,4.5370,107.0000,EB,1017.1385
30639_44226bde,203,6.1044,2.0923,10.8687,50.0278,829.0500,437.0000,4.6029,,,,EB,967.1384
30639_44226bde,204,7.6887,0.0000,61.8813,50.1409,839.9187,2493.0000,0.8103,,,,EB,917.1384
30639_44226bde,205,9.6618,7.7144,5.4686,49.8587,901.8000,222.0000,9.1172,,,,EB,867.1384
30639_44226bde,206,9.6627,8.0356,5.8314,50.1664,907.2686,235.0000,8.6028,,,,EB,818.1384
30639_44226bde,207,8.6445,8.3049,5.9000,49.8897,913.1000,241.0000,8.4559,,,,EB,768.1383
30639_44226bde,208,8.6353,7.7782,5.9187,50.0255,919.0000,242.0000,8.4521,7.3950,6.3206,31.0000,EB,718.1382
30639_44226bde,209,7.7627,2.7341,10.7000,50.0147,924.9187,434.0000,4.6743,5.2980,3.7632,67.0000,EB,669.1382
30639_44226bde,210,9.1808,4.5498,6.8813,50.0733,935.6187,284.0000,7.2767,,,,EB,620.1381
30639_44226bde,211,10.6095,9.1981,4.9187,49.9452,942.5000,203.0000,10.1542,,,,EB,570.1380
30639_44226bde,212,10.0970,8.3000,5.6813,49.9220,947.4187,231.0000,8.7870,9.8490,8.9805,23.0000,EB,520.1379
30639_44226bde,213,8.5823,8.4508,5.9000,50.1235,953.1000,242.0000,8.4955,8.5340,8.4907,19.0000,EB,470.1379
30639_44226bde,214,8.6906,8.0645,5.8500,49.9986,959.0000,241.0000,8.5468,8.7450,8.5468,61.0000,EB,420.1378
30639_44226bde,215,8.0283,1.4210,11.7687,49.9300,964.8500,480.0000,4.2426,7.9250,4.1592,121.0000,EB,370.1378
30639_44226bde,216,7.0590,2.5140,8.9313,50.0541,976.6187,366.0000,5.6043,7.0630,5.7087,93.0000,EB,320.1378
30639_44226bde,217,5.7490,0.0000,25.7186,49.8667,985.5500,1054.0000,1.9389,5.2030,1.8727,271.0000,EB,270.1378
30639_44226bde,218,3.8798,2.4247,17.7000,50.0376,1011.2686,724.0000,2.8270,3.6070,2.7472,134.0000,EB,220.1378
30639_44226bde,219,3.5783,0.0000,35.3314,50.0032,1028.9686,1444.0000,1.4153,2.7820,2.4246,56.0000,EB,173.1339
30639_44226bde,220,3.6523,1.6261,16.8000,50.0451,1064.3000,687.0000,2.9789,,,,EB,0.0000
30639_44226bde,221,1.6089,0.0000,3.4186,2.8709,1081.1000,142.0000,0.8398,,,,WB,21.3710
30639_50956d6e,0,3.4588,0.0000,18.7229,50.1014,1.8000,836.0000,2.6759,3.4550,2.7229,183.0000,WB,25.0000
30639_50956d6e,1,3.5679,3.0957,15.1771,50.1990,24.6729,636.0000,3.3075,3.5860,3.3233,150.0000,WB,75.0000
30639_50956d6e,2,3.4206,0.0000,23.2402,48.6358,39.8500,997.0000,2.0927,3.4510,2.1145,218.0000,WB,125.0000
30639_50956d6e,3,4.3001,2.4460,13.7327,50.1475,63.0902,568.0000,3.6517,4.2900,3.6653,137.0000,WB,175.0000
30639_50956d6e,4,7.0941,3.6224,8.9771,50.2082,76.8229,359.0000,5.5929,7.0640,5.6447,56.0000,WB,225.0000
30639_50956d6e,5,6.9562,3.5697,9.9500,49.9622,85.8000,399.0000,5.0213,6.9220,4.9872,85.0000,WB,275.0000
30639_50956d6e,6,10.0814,6.9663,5.8772,50.8808,95.7500,235.0000,8.6573,10.0800,8.6965,57.0000,WB,325.0000
30639_50956d6e,7,11.2100,9.8037,4.9228,50.3875,101.5500,197.0000,10.2355,11.1340,10.2358,45.0000,WB,375.0000
30639_50956d6e,8,12.3194,11.2255,4.2000,50.1254,106.5500,168.0000,11.9346,12.3230,11.9292,38.0000,WB,425.0000
30639_50956d6e,9,11.8552,8.6176,4.9000,49.9585,110.7500,196.0000,10.1956,11.9050,10.3545,48.0000,WB,475.0000
30639_50956d6e,10,8.5982,2.5008,9.0500,49.8662,115.6500,363.0000,5.5101,8.7220,5.7661,87.0000,WB,525.0000
30639_50956d6e,11,4.7275,0.0000,20.0000,48.7918,124.7000,803.0000,2.4396,4.6350,2.4456,203.0000,WB,575.0000
30639_50956d6e,12,8.4608,4.7475,6.8728,50.1768,144.7000,275.0000,7.3008,8.4930,7.2449,68.0000,WB,625.0000
30639_50956d6e,13,8.5010,8.4304,5.8772,49.8368,151.5728,235.0000,8.4797,8.5060,8.4715,59.0000,WB,675.0000
30639_50956d6e,14,8.7330,8.4765,5.8228,49.9662,157.4500,233.0000,8.5811,8.7690,8.5839,60.0000,WB,725.0000
30639_50956d6e,15,8.7252,7.8029,5.9772,50.1043,163.2728,240.0000,8.3826,8.7670,8.3905,47.0000,WB,775.0000
30639_50956d6e,16,7.7876,5.0479,7.7000,50.0569,169.2500,308.0000,6.5009,7.8000,6.5327,77.0000,WB,825.0000
30639_50956d6e,17,5.0322,0.0000,20.7500,49.8420,176.9500,830.0000,2.4020,5.0660,2.4146,208.0000,WB,875.0000
30639_50956d6e,18,4.2900,0.0000,52.9000,49.9567,197.7000,2117.0000,0.9444,4.2650,0.9476,529.0000,WB,925.0000
30639_50956d6e,19,4.3079,2.4353,16.8500,50.0657,250.6000,674.0000,2.9713,4.2410,2.9693,168.0000,WB,975.0000
30639_50956d6e,20,5.7373,3.9776,11.6500,50.0341,267.4500,466.0000,4.2948,5.6610,4.2921,117.0000,WB,1025.0000
30639_50956d6e,21,8.3252,5.7192,7.1000,49.9548,279.1000,284.0000,7.0359,8.2970,7.0032,59.0000,WB,1075.0000
30639_50956d6e,22,9.8506,8.3408,5.6000,50.1235,286.2000,224.0000,8.9506,9.9190,9.0762,65.0000,WB,1125.0000
30639_50956d6e,23,10.1423,9.8468,5.0229,49.9779,291.8000,201.0000,9.9501,10.1580,9.9941,40.0000,WB,1175.0000
30639_50956d6e,24,10.1808,9.7798,5.0000,49.7995,296.8229,200.0000,9.9600,10.2320,9.9733,48.0000,WB,1225.0000
30639_50956d6e,25,10.1260,9.8896,5.0001,50.1209,301.8228,200.0000,10.0240,10.1280,10.0295,50.0000,WB,1275.0000
30639_50956d6e,26,10.1195,9.5330,5.1271,50.0787,306.8229,205.0000,9.7674,10.1780,9.5750,48.0000,WB,1325.0000
30639_50956d6e,27,9.8633,9.6164,5.1228,49.8882,311.9500,205.0000,9.7384,9.8650,9.7648,42.0000,WB,1375.0000
30639_50956d6e,28,9.9863,8.7285,5.1500,49.9317,317.0728,206.0000,9.6955,10.0510,9.7152,52.0000,WB,1425.0000
30639_50956d6e,29,8.7118,3.4715,8.4000,50.0395,322.2228,336.0000,5.9571,8.7140,6.0322,83.0000,WB,1475.0000
30639_50956d6e,30,8.8981,0.0000,16.3271,50.1655,330.6229,654.0000,3.0725,8.8710,3.0629,164.0000,WB,1525.0000
30639_50956d6e,31,10.0111,8.9182,5.1500,49.9665,346.9500,206.0000,9.7022,10.0500,9.7123,51.0000,WB,1575.0000
30639_50956d6e,32,10.0456,9.3596,5.1500,49.9301,352.1000,206.0000,9.6952,10.0520,9.7051,52.0000,WB,1625.0000
30639_50956d6e,33,9.9083,9.5619,5.1500,50.0208,357.2500,206.0000,9.7128,9.9270,9.7194,51.0000,WB,1675.0000
30639_50956d6e,34,10.0202,9.6705,5.0728,50.0641,362.4000,203.0000,9.8691,10.0570,9.8687,51.0000,WB,1725.0000
30639_50956d6e,35,9.6683,7.6840,5.5500,49.8751,367.4728,222.0000,8.9864,9.6690,9.0361,55.0000,WB,1775.0000
30639_50956d6e,36,7.6719,6.5927,7.1771,50.0358,373.0229,287.0000,6.9715,7.7400,6.9905,72.0000,WB,1825.0000
30639_50956d6e,37,10.0878,6.5949,6.0728,49.9885,380.2000,243.0000,8.2315,10.0520,8.1581,61.0000,WB,1875.0000
30639_50956d6e,38,11.0815,9.6364,4.9772,49.8782,386.2728,200.0000,10.0214,10.9220,9.9857,50.0000,WB,1925.0000
30639_50956d6e,39,13.6707,11.1052,4.0000,50.0346,391.2500,160.0000,12.5087,13.5970,12.4530,41.0000,WB,1975.0000
30639_50956d6e,40,14.3507,13.6799,3.5500,49.9674,395.2500,142.0000,14.0753,14.3580,14.0668,35.0000,WB,2025.0000
30639_50956d6e,41,14.5368,14.3641,3.4729,50.2718,398.8000,139.0000,14.4756,14.5540,14.4640,35.0000,WB,2075.0000
30639_50956d6e,42,14.4458,12.1569,3.7771,49.7424,402.2729,151.0000,13.1694,14.4120,13.4350,7.0000,WB,2125.0000
30639_50956d6e,43,13.5862,12.1535,3.9500,50.0774,406.0500,158.0000,12.6778,13.5300,12.8103,5.0000,WB,2175.0000
30639_50956d6e,44,14.5970,13.5987,3.5228,49.9616,410.0000,141.0000,14.1822,14.2500,14.1423,3.0000,WB,2225.0000
30639_50956d6e,45,14.8539,14.0275,3.4272,50.1535,413.5228,137.0000,14.6341,,,,WB,2275.0000
30639_50956d6e,46,14.0067,11.2769,3.9729,49.9928,416.9500,159.0000,12.5834,13.5010,12.3916,33.0000,WB,2325.0000
30639_50956d6e,47,11.2630,10.7642,4.5271,49.9931,420.9229,181.0000,11.0431,11.2370,11.0324,46.0000,WB,2375.0000
30639_50956d6e,48,11.1977,11.1129,4.4728,49.8702,425.4500,179.0000,11.1495,11.1940,11.1423,45.0000,WB,2425.0000
30639_50956d6e,49,11.1208,8.7946,4.8000,50.1577,429.9228,192.0000,10.4495,11.1020,10.4214,48.0000,WB,2475.0000
30639_50956d6e,50,8.7771,8.0261,6.1000,49.9632,434.7229,244.0000,8.1906,8.7230,8.1996,61.0000,WB,2525.0000
30639_50956d6e,51,9.8651,8.3058,5.6771,49.8979,440.8229,228.0000,8.7893,9.8620,8.7823,56.0000,WB,2575.0000
30639_50956d6e,52,11.1519,9.7481,4.9229,50.0275,446.5000,197.0000,10.1622,11.1010,10.1355,49.0000,WB,2625.0000
30639_50956d6e,53,12.8447,11.1680,4.1000,50.0517,451.4229,164.0000,12.2078,12.8420,12.1818,41.0000,WB,2675.0000
30639_50956d6e,54,12.8389,12.1849,4.0271,50.0946,455.5229,162.0000,12.4394,12.8630,12.4398,39.0000,WB,2725.0000
30639_50956d6e,55,13.9321,12.7189,3.7000,49.8828,459.5500,148.0000,13.4818,13.9000,13.4398,38.0000,WB,2775.0000
30639_50956d6e,56,14.1713,13.6013,3.5729,50.0883,463.2500,143.0000,14.0188,14.1510,14.0113,35.0000,WB,2825.0000
30639_50956d6e,57,13.5824,10.4338,4.1999,50.0564,466.8229,168.0000,11.9184,13.4970,11.9553,42.0000,WB,2875.0000
30639_50956d6e,58,10.4239,8.0519,5.6271,49.8288,471.0229,225.0000,8.8551,10.3970,8.8720,54.0000,WB,2925.0000
30639_50956d6e,59,8.1527,1.0224,11.2229,50.0812,476.6500,450.0000,4.4624,8.1250,4.3402,116.0000,WB,2975.0000
30639_50956d6e,60,9.1420,0.0000,41.2771,50.0010,487.8729,1657.0000,1.2114,9.1270,1.2188,401.0000,WB,3025.0000
30639_50956d6e,61,11.8412,9.1614,4.7000,50.2196,529.1500,188.0000,10.6850,11.8150,10.6862,47.0000,WB,3075.0000
30639_50956d6e,62,12.0130,9.9193,4.4229,49.8171,533.8500,179.0000,11.2634,12.0080,11.2635,44.0000,WB,3125.0000
30639_50956d6e,63,9.9057,5.4462,6.5500,50.0352,538.2729,263.0000,7.6390,9.8660,7.6283,66.0000,WB,3175.0000
30639_50956d6e,64,6.8988,0.0000,17.5771,50.1930,544.8229,710.0000,2.8556,6.5450,3.0820,73.0000,WB,3225.0000
30639_50956d6e,65,10.9190,6.9109,5.5000,49.8420,562.4000,221.0000,9.0622,10.8630,9.8708,28.0000,WB,3275.0000
30639_50956d6e,66,11.3385,10.7894,4.5000,50.1630,567.9000,183.0000,11.1473,11.3380,11.1525,37.0000,WB,3325.0000
30639_50956d6e,67,10.7621,6.7198,5.7500,49.9657,572.4000,232.0000,8.6897,10.7530,8.7812,22.0000,WB,3375.0000
30639_50956d6e,68,6.6999,0.0000,45.8228,50.1988,578.1500,1877.0000,1.0955,5.9880,0.9049,255.0000,WB,3425.0000
30639_50956d6e,69,8.8042,5.4899,6.4772,50.0337,623.9728,265.0000,7.7246,8.8220,7.7499,43.0000,WB,3475.0000
30639_50956d6e,70,8.5226,2.8396,9.0229,49.9232,630.4500,366.0000,5.5330,8.3360,5.4522,54.0000,WB,3525.0000
30639_50956d6e,71,3.0625,0.0000,38.9271,50.2058,639.4729,1574.0000,1.2897,3.0580,1.3646,212.0000,WB,3575.0000
30639_50956d6e,72,4.3930,2.4733,16.0500,50.0317,678.4000,651.0000,3.1172,4.4530,3.1408,107.0000,WB,3625.0000
30639_50956d6e,73,8.4375,4.1706,8.7000,49.8999,694.4500,351.0000,5.7356,8.2600,5.6604,71.0000,WB,3675.0000
30639_50956d6e,74,9.6410,8.1312,5.7730,49.8287,703.1500,238.0000,8.6313,9.5100,8.6121,18.0000,WB,3725.0000
30639_50956d6e,75,11.4948,9.6537,4.6770,50.0532,708.9230,188.0000,10.7021,11.4550,10.6299,30.0000,WB,3775.0000
30639_50956d6e,76,11.5596,9.6627,4.5728,49.9746,713.6000,185.0000,10.9286,11.5600,10.9165,46.0000,WB,3825.0000
30639_50956d6e,77,9.6528,6.5770,6.3272,50.1120,718.1728,255.0000,7.9201,9.6800,8.1524,45.0000,WB,3875.0000
30639_50956d6e,78,10.0887,6.9713,5.7728,49.9050,724.5000,234.0000,8.6448,9.8630,8.5740,53.0000,WB,3925.0000
30639_50956d6e,79,10.4943,10.0830,4.8500,49.9865,730.2728,200.0000,10.3064,10.4830,10.3217,21.0000,WB,3975.0000
30639_50956d6e,80,10.1831,5.4761,6.4500,50.0207,735.1229,262.0000,7.7551,10.0740,7.7122,64.0000,WB,4025.0000
30639_50956d6e,81,5.5925,0.5253,12.4271,50.0362,741.5729,506.0000,4.0264,5.6020,1.0267,377.0000,WB,4075.0000
30639_50956d6e,82,9.1943,0.0000,48.9228,50.0904,754.0000,2011.0000,1.0239,9.1890,5.4762,58.0000,WB,4125.0000
30639_50956d6e,83,11.2040,9.2109,4.7772,49.9685,802.9228,194.0000,10.4598,11.1990,10.5237,37.0000,WB,4175.0000
30639_50956d6e,84,11.2256,7.8021,5.1729,49.9307,807.7000,208.0000,9.6524,11.2410,9.6406,41.0000,WB,4225.0000
30639_50956d6e,85,7.7862,3.7496,9.4000,50.0413,812.8729,380.0000,5.3236,7.7380,5.3039,70.0000,WB,4275.0000
30639_50956d6e,86,9.0334,5.9867,6.1772,49.9275,822.2728,249.0000,8.0826,9.0680,8.3365,24.0000,WB,4325.0000
30639_50956d6e,87,8.9584,8.0635,5.8500,50.0088,828.4500,241.0000,8.5485,8.8570,8.5455,38.0000,WB,4375.0000
30639_50956d6e,88,10.4553,8.0756,5.4728,50.0159,834.3000,224.0000,9.1389,10.4110,9.1307,55.0000,WB,4425.0000
30639_50956d6e,89,11.2548,10.2091,4.5772,49.9592,839.7728,184.0000,10.9149,11.2690,10.8955,39.0000,WB,4475.0000
30639_50956d6e,90,10.1867,5.9195,6.2500,49.9983,844.3500,251.0000,7.9997,9.4620,7.4051,22.0000,WB,4525.0000
30639_50956d6e,91,5.9008,0.0000,35.8500,50.2332,850.6000,1458.0000,1.4012,5.8060,1.4129,290.0000,WB,4575.0000
30639_50956d6e,92,9.8187,3.4696,7.3728,50.0802,886.4500,301.0000,6.7925,9.7560,6.7915,67.0000,WB,4625.0000
30639_50956d6e,93,12.2556,9.8350,4.4272,49.8116,893.8228,179.0000,11.2514,12.2570,11.2344,36.0000,WB,4675.0000
30639_50956d6e,94,12.7808,12.2520,4.0000,50.2617,898.2500,162.0000,12.5654,12.7950,12.5580,27.0000,WB,4725.0000
30639_50956d6e,95,12.2386,8.8003,4.7500,49.7822,902.2500,192.0000,10.4805,12.2320,10.7827,22.0000,WB,4775.0000
30639_50956d6e,96,8.7960,8.3751,5.8229,50.0840,907.0000,239.0000,8.6013,8.7950,8.6151,9.0000,WB,4825.0000
30639_50956d6e,97,8.7583,8.3530,5.8500,49.9833,912.8229,241.0000,8.5442,8.8040,8.5662,46.0000,WB,4875.0000
30639_50956d6e,98,8.7852,7.8742,5.8272,50.0256,918.6728,238.0000,8.5849,8.8270,8.6072,58.0000,WB,4925.0000
30639_50956d6e,99,7.8494,0.0000,20.5500,49.8973,924.5000,838.0000,2.4281,7.8520,2.5898,178.0000,WB,4975.0000
30639_50956d6e,100,9.2164,1.2611,10.1229,49.8906,945.0500,414.0000,4.9285,9.2010,4.9192,95.0000,WB,5025.0000
30639_50956d6e,101,11.9219,9.2346,4.6271,50.1539,955.1729,195.0000,10.8391,11.8270,10.6443,26.0000,WB,5075.0000
30639_50956d6e,102,12.0485,9.6478,4.5000,49.9349,959.8000,182.0000,11.0966,12.0330,11.1260,35.0000,WB,5125.0000
30639_50956d6e,103,9.6248,5.0713,6.7500,49.9461,964.3000,276.0000,7.3994,9.6450,8.7478,18.0000,WB,5175.0000
30639_50956d6e,104,6.9825,0.0000,19.6500,50.0269,971.0500,800.0000,2.5459,6.9120,1.8890,85.0000,WB,5225.0000
30639_50956d6e,105,7.1981,3.8979,8.3500,49.9478,990.7000,338.0000,5.9818,7.2130,5.6742,37.0000,WB,5275.0000
30639_50956d6e,106,4.2075,0.0000,33.7500,50.0583,999.0500,1377.0000,1.4832,4.2190,1.4537,307.0000,WB,5325.0000
30639_50956d6e,107,2.9669,0.0000,29.8000,49.8406,1032.8000,1212.0000,1.6725,2.9710,1.7209,292.0000,WB,5375.0000
30639_50956d6e,108,2.8667,0.0000,32.0500,50.0096,1062.6000,1320.0000,1.5604,2.9590,1.6149,310.0000,WB,5425.0000
30639_50956d6e,109,3.7281,0.0000,10.0229,23.5665,1094.6500,413.0000,2.3513,3.7300,2.2162,117.0000,WB,5475.0000
30639_50956d6e,139,,,,,,,,9.8030,9.6706,5.0000,EB,4172.1418
30639_50956d6e,221,0.1714,0.0000,5.9500,0.1051,0.0000,227.0000,0.0177,0.1480,0.0181,62.0000,WB,21.3710
30639_584b6e32,0,3.5224,1.3339,16.3337,50.0092,14.2163,664.0000,3.0617,3.5450,3.0652,163.0000,WB,25.0000
30639_584b6e32,1,3.4988,3.0012,15.5162,50.0694,30.5500,624.0000,3.2269,3.5300,3.2506,154.0000,WB,75.0000
30639_584b6e32,2,3.7267,0.0000,23.4838,49.2398,46.0662,950.0000,2.0968,3.7940,1.9528,182.0000,WB,125.0000
30639_584b6e32,3,4.3342,2.6669,13.8000,50.1664,69.5500,560.0000,3.6352,4.3420,3.6284,138.0000,WB,175.0000
30639_584b6e32,4,8.3263,3.5420,8.2163,49.9327,83.3500,331.0000,6.0772,8.3190,6.0225,72.0000,WB,225.0000
30639_584b6e32,5,8.7520,7.5512,6.3337,50.2313,91.5663,256.0000,7.9309,8.2860,7.8663,58.0000,WB,275.0000
30639_584b6e32,6,11.6966,8.7609,4.8000,49.7655,97.9000,192.0000,10.3678,11.6630,11.0030,11.0000,WB,325.0000
30639_584b6e32,7,12.6000,11.5143,4.2500,50.4166,102.7000,171.0000,11.8627,12.5400,11.7972,20.0000,WB,375.0000
30639_584b6e32,8,13.2092,11.9781,3.8662,49.6540,106.9500,155.0000,12.8430,13.2290,12.7793,31.0000,WB,425.0000
30639_584b6e32,9,11.9638,6.8183,5.2500,50.1159,110.8162,210.0000,9.5458,11.8650,9.3107,54.0000,WB,475.0000
30639_584b6e32,10,6.7985,2.1655,14.2337,50.1130,116.0663,573.0000,3.5207,6.2070,3.4005,134.0000,WB,525.0000
30639_584b6e32,11,7.1039,0.0000,36.1500,49.8743,130.3000,1460.0000,1.3796,7.1130,1.3029,276.0000,WB,575.0000
30639_584b6e32,12,8.4378,7.1317,6.2000,50.0924,166.4500,250.0000,8.0794,8.4370,8.0775,62.0000,WB,625.0000
30639_584b6e32,13,8.3566,8.2164,6.0500,50.1233,172.6500,243.0000,8.2848,8.3560,8.2713,50.0000,WB,675.0000
30639_584b6e32,14,8.4789,8.1880,6.0162,49.8373,178.7000,245.0000,8.2838,8.4300,8.2814,46.0000,WB,725.0000
30639_584b6e32,15,8.8067,7.9880,5.8838,50.1661,184.7162,238.0000,8.5262,8.8500,8.5272,28.0000,WB,775.0000
30639_584b6e32,16,7.9841,5.6149,7.7500,49.9552,190.6000,315.0000,6.4458,7.9020,6.4524,57.0000,WB,825.0000
30639_584b6e32,17,6.0238,0.0000,26.2000,50.5503,198.3500,1058.0000,1.9294,5.6810,1.6943,209.0000,WB,875.0000
30639_584b6e32,18,4.3019,0.0000,25.9000,50.0700,224.5500,1042.0000,1.9332,4.2460,1.9292,258.0000,WB,925.0000
30639_584b6e32,19,4.2042,2.3427,16.8000,49.9155,250.4500,679.0000,2.9712,4.2210,2.9791,169.0000,WB,975.0000
30639_584b6e32,20,5.6241,3.8544,11.9500,50.0362,267.2500,492.0000,4.1871,5.2500,4.1907,116.0000,WB,1025.0000
30639_584b6e32,21,8.3317,5.6759,7.1500,50.0478,279.2000,289.0000,6.9997,8.2900,7.0948,64.0000,WB,1075.0000
30639_584b6e32,22,9.8581,8.3403,5.5500,49.8883,286.3500,223.0000,8.9889,9.9030,8.9923,56.0000,WB,1125.0000
30639_584b6e32,23,10.1146,9.8462,5.0500,50.2313,291.9000,205.0000,9.9468,10.1650,9.9671,50.0000,WB,1175.0000
30639_584b6e32,24,10.1542,9.6918,5.0500,49.8698,296.9500,206.0000,9.8752,10.2360,9.9491,26.0000,WB,1225.0000
30639_584b6e32,25,9.9143,9.6224,5.1000,49.9048,302.0000,206.0000,9.7852,9.9410,9.7774,16.0000,WB,1275.0000
30639_584b6e32,26,9.8142,9.3775,5.2000,50.2152,307.1000,209.0000,9.6568,9.8670,9.6645,51.0000,WB,1325.0000
30639_584b6e32,27,9.8812,9.5576,5.1000,49.7485,312.3000,205.0000,9.7546,9.9300,9.7678,52.0000,WB,1375.0000
30639_584b6e32,28,9.9492,8.8479,5.2000,50.2933,317.4000,209.0000,9.6718,9.9600,9.7334,45.0000,WB,1425.0000
30639_584b6e32,29,8.7967,3.3513,8.5000,49.8793,322.6000,344.0000,5.8682,8.3230,6.6923,17.0000,WB,1475.0000
30639_584b6e32,30,8.8458,0.0000,16.6000,49.9958,331.1000,673.0000,3.0118,8.9040,3.7176,83.0000,WB,1525.0000
30639_584b6e32,31,9.9219,8.9031,5.2000,50.0836,347.7000,214.0000,9.6315,9.9690,9.6561,51.0000,WB,1575.0000
30639_584b6e32,32,9.9068,9.4282,5.1500,49.9672,352.9000,208.0000,9.7024,9.9410,9.7152,52.0000,WB,1625.0000
30639_584b6e32,33,9.9153,9.3863,5.1663,49.8610,358.0500,216.0000,9.6513,9.9550,9.6536,51.0000,WB,1675.0000
30639_584b6e32,34,9.9458,9.3714,5.2337,50.2144,363.2163,215.0000,9.5944,9.9030,9.5858,52.0000,WB,1725.0000
30639_584b6e32,35,10.0000,7.6000,5.5000,49.8487,368.4500,226.0000,9.0634,9.9720,9.0896,56.0000,WB,1775.0000
30639_584b6e32,36,7.5814,6.5596,7.2500,49.9957,373.9500,298.0000,6.8960,7.5660,6.8935,72.0000,WB,1825.0000
30639_584b6e32,37,9.9824,6.9547,6.1000,50.1803,381.2000,250.0000,8.2263,9.9910,8.1791,61.0000,WB,1875.0000
30639_584b6e32,38,10.9542,9.4423,5.0500,49.8527,387.3000,206.0000,9.8718,10.8820,9.8465,51.0000,WB,1925.0000
30639_584b6e32,39,13.6287,10.9840,4.0163,49.9341,392.3500,164.0000,12.4329,13.5380,12.3749,40.0000,WB,1975.0000
30639_584b6e32,40,14.2947,13.6344,3.5837,50.2673,396.3663,144.0000,14.0266,14.3160,14.0071,36.0000,WB,2025.0000
30639_584b6e32,41,14.4299,14.2102,3.4662,49.7808,399.9500,140.0000,14.3617,14.4370,14.3479,35.0000,WB,2075.0000
30639_584b6e32,42,14.2110,12.2897,3.8000,49.9339,403.4162,154.0000,13.1404,14.2310,13.1303,38.0000,WB,2125.0000
30639_584b6e32,43,13.8544,12.3204,3.8501,50.0566,407.2162,156.0000,13.0015,13.7640,12.9700,38.0000,WB,2175.0000
30639_584b6e32,44,14.6204,13.8574,3.5000,50.0258,411.0663,143.0000,14.2932,14.5890,14.2712,35.0000,WB,2225.0000
30639_584b6e32,45,14.8173,13.9601,3.4337,50.2108,414.5663,140.0000,14.6229,14.8200,14.6066,35.0000,WB,2275.0000
30639_584b6e32,46,13.9436,11.1382,4.0000,49.9010,418.0000,166.0000,12.4753,13.8960,12.4626,40.0000,WB,2325.0000
30639_584b6e32,47,11.1081,10.4613,4.6500,50.0186,422.0000,191.0000,10.7567,11.0750,10.7392,46.0000,WB,2375.0000
30639_584b6e32,48,11.0399,10.8396,4.5500,49.8045,426.6500,189.0000,10.9460,11.0780,10.9356,46.0000,WB,2425.0000
30639_584b6e32,49,11.0062,8.6086,4.8662,49.9576,431.2000,197.0000,10.2662,11.0090,10.2390,49.0000,WB,2475.0000
30639_584b6e32,50,8.6191,7.8864,6.1500,50.0379,436.0662,256.0000,8.1363,8.5290,8.1455,61.0000,WB,2525.0000
30639_584b6e32,51,9.4534,8.2737,5.7838,50.2130,442.2162,236.0000,8.6817,9.4720,8.6848,58.0000,WB,2575.0000
30639_584b6e32,52,10.7143,8.4254,5.4000,50.0562,448.0000,223.0000,9.2697,10.7250,9.2578,54.0000,WB,2625.0000
30639_584b6e32,53,12.6623,10.7347,4.2000,49.9836,453.4000,175.0000,11.9009,12.6660,11.9068,42.0000,WB,2675.0000
30639_584b6e32,54,12.6848,12.0737,4.0500,49.9585,457.6000,168.0000,12.3354,12.7110,12.3298,40.0000,WB,2725.0000
30639_584b6e32,55,13.8701,12.6201,3.7163,49.8030,461.6500,158.0000,13.4014,13.8670,13.3742,38.0000,WB,2775.0000
30639_584b6e32,56,13.9170,10.6549,3.9337,50.0563,465.3663,163.0000,12.7249,13.9190,12.6882,39.0000,WB,2825.0000
30639_584b6e32,57,10.5982,0.0000,50.5500,50.7429,469.3000,2101.0000,1.0038,10.4580,1.0016,505.0000,WB,2875.0000
30639_584b6e32,58,8.2730,4.5583,7.0500,49.9951,519.8500,292.0000,7.0915,8.2930,7.0780,71.0000,WB,2925.0000
30639_584b6e32,59,7.8822,0.8579,12.2500,49.9831,526.9000,507.0000,4.0803,7.8470,4.0537,110.0000,WB,2975.0000
30639_584b6e32,60,9.1629,0.0000,15.5500,49.8666,539.1500,652.0000,3.2069,7.7400,2.9735,86.0000,WB,3025.0000
30639_584b6e32,61,12.2130,9.1957,4.6500,50.1925,554.7000,192.0000,10.7941,12.1690,10.9821,38.0000,WB,3075.0000
30639_584b6e32,62,12.9430,12.1929,3.9500,49.9729,559.3500,168.0000,12.6514,12.8340,12.6158,17.0000,WB,3125.0000
30639_584b6e32,63,12.1931,10.6687,4.5000,49.9267,563.3000,188.0000,11.0948,12.0680,11.1554,13.0000,WB,3175.0000
30639_584b6e32,64,11.2798,10.9532,4.5000,50.1106,567.8000,188.0000,11.1357,11.2450,11.0925,10.0000,WB,3225.0000
30639_584b6e32,65,12.1651,11.2505,4.2000,49.8801,572.3000,177.0000,11.8762,12.0440,11.8087,14.0000,WB,3275.0000
30639_584b6e32,66,12.2457,10.5458,4.2500,50.0266,576.5000,178.0000,11.7710,12.2050,11.7603,10.0000,WB,3325.0000
30639_584b6e32,67,10.5204,6.4798,5.9163,49.9593,580.7500,253.0000,8.4443,9.5060,7.9627,43.0000,WB,3375.0000
30639_584b6e32,68,6.4699,0.0000,53.9337,50.2590,586.6663,2398.0000,0.9319,6.4220,0.8893,510.0000,WB,3425.0000
30639_584b6e32,69,8.0086,1.5737,9.0500,50.0351,640.6000,393.0000,5.5287,8.0400,5.6135,88.0000,WB,3475.0000
30639_584b6e32,70,7.8079,2.7754,9.3000,49.9694,649.6500,397.0000,5.3731,7.8000,5.4111,70.0000,WB,3525.0000
30639_584b6e32,71,3.1174,0.0000,22.1416,50.0366,658.9500,953.0000,2.2598,3.1330,2.3297,174.0000,WB,3575.0000
30639_584b6e32,72,4.3225,2.5299,15.7084,49.9372,681.0916,704.0000,3.1790,4.3210,3.0610,99.0000,WB,3625.0000
30639_584b6e32,73,8.3878,4.2379,8.8500,50.1202,696.8000,394.0000,5.6633,8.3130,5.6234,58.0000,WB,3675.0000
30639_584b6e32,74,9.6875,8.1137,5.8000,50.0525,705.6500,256.0000,8.6297,9.5480,8.4947,35.0000,WB,3725.0000
30639_584b6e32,75,11.5687,9.7071,4.6163,49.7384,711.4500,208.0000,10.7745,11.5250,10.8107,21.0000,WB,3775.0000
30639_584b6e32,76,11.6335,9.6525,4.5837,50.2049,716.0663,198.0000,10.9530,11.6210,10.8467,18.0000,WB,3825.0000
30639_584b6e32,77,9.6378,5.4070,6.5000,49.8925,720.6500,291.0000,7.6758,9.4420,7.5376,33.0000,WB,3875.0000
30639_584b6e32,78,7.1293,0.0000,45.6000,50.2092,727.1500,2094.0000,1.1011,7.2440,1.1214,457.0000,WB,3925.0000
30639_584b6e32,79,9.5772,7.1567,5.7000,50.1154,772.7500,269.0000,8.7922,9.5940,8.8474,57.0000,WB,3975.0000
30639_584b6e32,80,9.3484,8.2325,5.8000,49.8710,778.4500,268.0000,8.5984,9.2010,8.5594,59.0000,WB,4025.0000
30639_584b6e32,81,8.2095,0.6906,11.0500,49.9844,784.2500,496.0000,4.5235,7.9410,5.8297,29.0000,WB,4075.0000
30639_584b6e32,82,9.2442,0.0000,14.8500,49.9744,795.3000,670.0000,3.3653,,,,WB,4125.0000
30639_584b6e32,83,11.3552,9.2705,4.7164,50.0604,810.1500,221.0000,10.6142,,,,WB,4175.0000
30639_584b6e32,84,11.2745,8.0206,5.2113,49.8945,814.8664,239.0000,9.5743,,,,WB,4225.0000
30639_584b6e32,85,8.5392,7.3221,6.4887,50.0328,820.0776,310.0000,7.7108,,,,WB,4275.0000
30639_584b6e32,86,9.1963,8.5498,5.5337,50.0630,826.5663,252.0000,9.0470,,,,WB,4325.0000
30639_584b6e32,87,8.9511,8.0400,5.8814,49.9391,832.1000,274.0000,8.4910,,,,WB,4375.0000
30639_584b6e32,88,10.4100,8.0577,5.4848,49.9334,837.9814,251.0000,9.1039,,,,WB,4425.0000
30639_584b6e32,89,11.2859,10.1880,4.5837,50.1127,843.4663,209.0000,10.9327,,,,WB,4475.0000
30639_584b6e32,90,10.1582,5.6931,6.3500,50.0495,848.0500,295.0000,7.8818,9.2860,7.6116,24.0000,WB,4525.0000
30639_584b6e32,91,6.5632,0.0000,19.7500,50.2956,854.4000,947.0000,2.5466,6.4170,2.5292,185.0000,WB,4575.0000
30639_584b6e32,92,11.0029,6.5910,5.6000,49.7688,874.1500,276.0000,8.8873,10.9360,8.6475,22.0000,WB,4625.0000
30639_584b6e32,93,12.5402,11.0255,4.2000,50.2528,879.7500,203.0000,11.9649,12.5270,11.9432,42.0000,WB,4675.0000
30639_584b6e32,94,12.9188,12.3594,3.9000,49.7101,883.9500,186.0000,12.7462,12.9140,12.7435,38.0000,WB,4725.0000
30639_584b6e32,95,12.3321,8.7090,4.8000,50.2955,887.8500,232.0000,10.4782,12.3460,10.4233,19.0000,WB,4775.0000
30639_584b6e32,96,8.7178,8.2792,5.8500,49.9152,892.6500,283.0000,8.5325,8.7530,8.5485,48.0000,WB,4825.0000
30639_584b6e32,97,8.7192,8.3175,5.8663,49.9037,898.5000,280.0000,8.5069,8.7760,8.5568,35.0000,WB,4875.0000
30639_584b6e32,98,8.4921,5.2568,7.2337,50.1248,904.3663,352.0000,6.9293,8.4900,7.2210,32.0000,WB,4925.0000
30639_584b6e32,99,5.8459,0.0000,18.8000,49.8642,911.6000,893.0000,2.6524,5.8350,3.2556,86.0000,WB,4975.0000
30639_584b6e32,100,6.7289,2.2399,9.2721,49.8795,930.4000,434.0000,5.3796,6.7350,6.1081,52.0000,WB,5025.0000
30639_584b6e32,101,10.5509,6.4567,5.6942,50.0233,939.6721,276.0000,8.7850,10.4760,8.7291,53.0000,WB,5075.0000
30639_584b6e32,102,10.5556,6.9723,5.6838,50.0600,945.3662,275.0000,8.8075,10.5270,9.2424,26.0000,WB,5125.0000
30639_584b6e32,103,6.9523,4.2829,9.8163,49.9677,951.0500,471.0000,5.0903,6.3070,5.1964,32.0000,WB,5175.0000
30639_584b6e32,104,7.3341,0.0000,30.4000,49.8163,960.8663,1458.0000,1.6387,4.2390,1.0484,14.0000,WB,5225.0000
30639_584b6e32,105,7.5940,3.8676,8.5001,50.0471,991.2663,420.0000,5.8878,6.8040,5.0712,35.0000,WB,5275.0000
30639_584b6e32,106,4.2583,0.0000,94.5836,49.5822,999.7664,4581.0000,0.5242,4.2690,0.5427,913.0000,WB,5325.0000
30639_584b6e32,107,3.1515,1.7611,19.0663,49.9517,1094.3500,935.0000,2.6199,3.1710,2.6302,189.0000,WB,5375.0000
30639_584b6e32,108,4.2388,2.5250,16.4753,50.0290,1113.4163,802.0000,3.0366,4.2960,3.1172,112.0000,WB,5425.0000
30639_584b6e32,109,4.4755,0.0000,10.4246,24.9971,1129.8916,512.0000,2.3979,4.4980,2.4886,108.0000,WB,5475.0000
30639_584b6e32,221,1.3229,0.0000,14.2163,1.6555,0.0000,531.0000,0.1165,1.2570,0.1125,142.0000,WB,21.3710
30639_92226df0,109,,,,,,,,3.2190,3.1481,22.0000,WB,5475.0000
30639_92226df0,112,3.4845,0.0000,16.8000,24.1863,1.3500,649.0000,1.4397,,,,EB,5511.1413
30639_92226df0,113,3.3586,3.0058,15.8500,50.1211,18.1500,636.0000,3.1622,3.3690,3.1721,66.0000,EB,5466.1414
30639_92226df0,114,3.4235,2.5054,17.0500,50.4654,34.0000,685.0000,2.9599,3.4210,2.9187,172.0000,EB,5421.1425
30639_92226df0,115,4.4763,2.4574,15.4500,50.5970,51.0500,622.0000,3.2749,4.5330,3.3078,150.0000,EB,5369.1419
30639_92226df0,116,6.9974,4.4922,8.4500,50.3225,66.5000,343.0000,5.9553,6.8810,6.0795,60.0000,EB,5316.1420
30639_92226df0,117,7.4102,0.0000,26.2368,51.8383,74.9500,1060.0000,1.9758,7.4230,1.9253,258.0000,EB,5266.1420
30639_92226df0,118,10.8746,7.4380,5.3132,50.0545,101.1868,215.0000,9.4207,10.7920,9.4002,53.0000,EB,5216.1420
30639_92226df0,119,10.8962,8.1945,5.0186,50.0845,106.5000,203.0000,9.9797,10.7960,9.7766,51.0000,EB,5166.1420
30639_92226df0,120,8.2651,6.6511,6.3814,50.2404,111.5186,257.0000,7.8730,8.1740,7.9526,18.0000,EB,5116.1421
30639_92226df0,121,6.6206,0.0000,27.5686,51.7628,117.9000,1111.0000,1.8776,5.7300,1.8852,168.0000,EB,5066.1420
30639_92226df0,122,10.1289,4.8902,6.4814,50.0273,145.4686,278.0000,7.7186,10.0810,7.8519,65.0000,EB,5016.1420
30639_92226df0,123,10.5016,8.6070,5.0000,50.1449,151.9500,201.0000,10.0290,9.7560,9.1527,11.0000,EB,4966.1420
30639_92226df0,124,8.5851,8.0321,6.1000,49.8464,156.9500,246.0000,8.1715,8.4440,8.0977,21.0000,EB,4917.1420
30639_92226df0,125,9.7365,8.1838,5.9186,50.0804,163.0500,240.0000,8.4615,9.7100,8.4560,53.0000,EB,4867.1420
30639_92226df0,126,10.9045,9.7509,4.7314,50.2587,168.9686,192.0000,10.6224,10.8440,10.5814,47.0000,EB,4818.1420
30639_92226df0,127,10.9791,9.2846,4.7186,50.0076,173.7000,191.0000,10.5980,10.9250,10.4534,48.0000,EB,4768.1420
30639_92226df0,128,9.2711,5.0176,7.5814,50.2508,178.4186,309.0000,6.6282,9.0010,6.6424,58.0000,EB,4718.1420
30639_92226df0,129,6.0331,0.0000,25.2500,52.5195,186.0000,1025.0000,2.0800,5.9920,2.1272,196.0000,EB,4668.1421
30639_92226df0,130,8.9308,1.5156,11.7500,49.9912,211.2500,480.0000,4.2546,8.8120,5.0774,29.0000,EB,4618.1420
30639_92226df0,131,12.0739,8.9598,4.7000,50.1547,223.0000,189.0000,10.6712,12.0210,10.3113,20.0000,EB,4568.1420
30639_92226df0,132,12.4097,12.0814,4.0500,49.9741,227.7000,164.0000,12.3393,12.3820,12.3018,34.0000,EB,4518.1420
30639_92226df0,133,12.2793,6.7721,5.1686,49.9693,231.7500,210.0000,9.6679,11.1810,9.0122,42.0000,EB,4468.1419
30639_92226df0,134,6.7492,0.0000,36.7814,49.9156,236.9186,1495.0000,1.3571,6.5760,2.4373,169.0000,EB,4418.1420
30639_92226df0,135,7.4296,5.1854,7.7500,50.0220,273.7000,315.0000,6.4544,7.3690,6.4417,58.0000,EB,4369.1419
30639_92226df0,136,8.0375,6.5184,6.7686,50.1589,281.4500,277.0000,7.4105,8.0080,7.3370,51.0000,EB,4320.1420
30639_92226df0,137,9.4311,6.7503,6.4001,50.0146,288.2186,258.0000,7.8147,9.4310,7.8222,64.0000,EB,4271.1418
30639_92226df0,138,9.5530,7.7222,5.4813,50.1648,294.6187,224.0000,9.1520,9.5510,9.0893,55.0000,EB,4222.1418
30639_92226df0,139,7.6953,0.0000,34.8500,50.5174,300.1000,1423.0000,1.4496,7.5580,1.4428,351.0000,EB,4172.1418
30639_92226df0,140,5.5747,0.0000,25.3500,49.9861,334.9500,1039.0000,1.9718,5.5480,2.0601,185.0000,EB,4122.1417
30639_92226df0,141,6.1923,0.9255,12.3186,49.9929,360.3000,515.0000,4.0583,6.2260,4.2725,109.0000,EB,4072.1418
30639_92226df0,142,7.8992,6.1852,7.0814,50.0649,372.6186,292.0000,7.0699,7.9130,7.0455,60.0000,EB,4022.1417
30639_92226df0,143,6.5259,1.5502,15.1186,50.0189,379.7000,618.0000,3.3084,6.3750,3.2368,138.0000,EB,3972.1418
30639_92226df0,144,5.5392,3.5303,10.7314,49.9966,394.8186,441.0000,4.6589,5.5350,4.6977,106.0000,EB,3922.1417
30639_92226df0,145,6.5287,5.3989,8.4000,50.0910,405.5500,346.0000,5.9632,6.4950,5.9359,67.0000,EB,3872.1417
30639_92226df0,146,6.8557,6.1513,7.7186,50.0423,413.9500,317.0000,6.4833,6.8380,6.4809,51.0000,EB,3822.1418
30639_92226df0,147,6.7221,4.8136,8.3314,50.0289,421.6686,341.0000,6.0049,6.7360,5.9468,71.0000,EB,3772.1418
30639_92226df0,148,4.8033,2.8462,12.1500,50.0411,430.0000,498.0000,4.1186,4.7070,4.0286,124.0000,EB,3722.1418
30639_92226df0,149,4.3199,2.3174,14.4686,50.0572,442.1500,589.0000,3.4597,4.2580,3.5019,143.0000,EB,3672.1417
30639_92226df0,150,5.4945,3.8511,12.0814,49.9809,456.6186,495.0000,4.1370,5.5200,4.1875,94.0000,EB,3618.1407
30639_92226df0,151,6.9212,3.6458,8.7688,50.0567,468.7000,364.0000,5.7085,6.8700,5.4628,62.0000,EB,3566.1401
30639_92226df0,152,4.4547,0.0000,26.3812,50.0271,477.4688,1085.0000,1.8963,4.1510,1.0423,254.0000,EB,3516.1400
30639_92226df0,153,8.8672,0.0000,21.4687,50.1954,503.8500,877.0000,2.3381,8.8730,4.7491,91.0000,EB,3466.1401
30639_92226df0,154,9.3331,8.8299,5.5313,50.1538,525.3187,228.0000,9.0672,9.3510,9.0577,54.0000,EB,3416.1400
30639_92226df0,155,9.2950,4.7466,7.2187,49.9686,530.8500,304.0000,6.9222,9.2580,6.7155,50.0000,EB,3366.1400
30639_92226df0,156,7.7316,0.0000,33.6162,50.8070,538.0687,1406.0000,1.5114,7.7060,1.4829,325.0000,EB,3316.1401
30639_92226df0,157,11.7118,7.7417,5.1152,50.1468,571.6848,220.0000,9.8036,11.7320,9.5792,33.0000,EB,3266.1400
30639_92226df0,158,13.1394,11.7327,3.9500,50.0415,576.8000,170.0000,12.6687,13.1490,12.6578,39.0000,EB,3216.1399
30639_92226df0,159,13.1115,10.4051,4.2186,49.8631,580.7500,180.0000,11.8197,13.1510,11.7942,43.0000,EB,3166.1399
30639_92226df0,160,10.3930,6.2289,6.0314,50.0319,584.9686,261.0000,8.2953,10.3420,8.2265,61.0000,EB,3116.1399
30639_92226df0,161,6.2044,0.0000,41.8000,50.7393,591.0000,1741.0000,1.2139,6.0840,1.1933,411.0000,EB,3066.1398
30639_92226df0,162,11.0126,6.0718,5.7840,49.9122,632.8000,248.0000,8.6293,10.8150,8.5495,58.0000,EB,3016.1399
30639_92226df0,163,12.4057,10.9986,4.1660,49.9256,638.5840,184.0000,11.9842,12.5040,11.9596,42.0000,EB,2966.1399
30639_92226df0,164,13.4208,12.2133,3.9686,50.0393,642.7500,172.0000,12.6087,13.3800,12.5736,40.0000,EB,2916.1400
30639_92226df0,165,13.9278,13.4279,3.6500,50.1013,646.7186,159.0000,13.7262,13.8880,13.6909,36.0000,EB,2866.1398
30639_92226df0,166,13.9710,13.5686,3.6000,49.9728,650.3687,151.0000,13.8814,13.9630,13.8762,36.0000,EB,2816.1396
30639_92226df0,167,13.5565,10.6908,4.2314,49.8592,653.9686,177.0000,11.7833,13.5150,11.7742,43.0000,EB,2766.1396
30639_92226df0,168,10.9126,10.6825,4.6500,50.1657,658.2000,197.0000,10.7883,10.8980,10.7781,46.0000,EB,2717.1395
30639_92226df0,169,10.9295,10.7258,4.6000,49.9618,662.8500,196.0000,10.8613,10.9720,10.8553,46.0000,EB,2667.1395
30639_92226df0,170,10.8089,7.9608,5.4186,50.0097,667.4500,234.0000,9.2292,10.8280,9.2228,55.0000,EB,2617.1396
30639_92226df0,171,8.5223,7.9380,6.1500,49.9931,672.8686,265.0000,8.1289,8.5270,8.1291,61.0000,EB,2567.1395
30639_92226df0,172,11.1900,8.5292,4.9814,50.1780,679.0186,217.0000,10.0731,11.1610,10.0585,50.0000,EB,2518.1395
30639_92226df0,173,11.1907,11.0660,4.4686,49.7528,684.0000,192.0000,11.1338,11.1710,11.1158,45.0000,EB,2468.1395
30639_92226df0,174,11.0718,10.7952,4.5814,50.0820,688.4686,203.0000,10.9317,11.0620,10.9197,46.0000,EB,2418.1394
30639_92226df0,175,10.9597,10.7314,4.6186,50.0539,693.0500,207.0000,10.8374,10.9790,10.8249,46.0000,EB,2368.1396
30639_92226df0,176,11.6690,10.7985,4.4500,49.9135,697.6686,201.0000,11.2166,11.6510,11.1985,44.0000,EB,2318.1394
30639_92226df0,177,12.2617,11.6710,4.1814,50.0928,702.1186,189.0000,11.9799,12.2430,11.9699,42.0000,EB,2268.1394
30639_92226df0,178,12.6312,12.2477,4.0000,49.8525,706.3000,179.0000,12.4631,12.6610,12.4591,40.0000,EB,2218.1393
30639_92226df0,179,12.4070,11.5569,4.2186,50.0709,710.3000,195.0000,11.8691,12.4540,11.8470,43.0000,EB,2168.1393
30639_92226df0,180,11.5650,11.2103,4.3814,50.1153,714.5186,200.0000,11.4382,11.5580,11.4280,43.0000,EB,2118.1391
30639_92226df0,181,11.3977,11.2271,4.4500,50.1452,718.9000,195.0000,11.2686,11.3570,11.2484,45.0000,EB,2068.1392
30639_92226df0,182,12.0494,11.4082,4.2186,49.8164,723.3500,186.0000,11.8086,12.0380,11.7968,42.0000,EB,2017.1391
30639_92226df0,183,12.1010,11.9570,4.1500,50.0088,727.5686,182.0000,12.0504,12.0880,12.0145,42.0000,EB,1967.1389
30639_92226df0,184,11.9559,11.6179,4.2500,50.0387,731.7186,192.0000,11.7737,11.9020,11.7451,42.0000,EB,1917.1389
30639_92226df0,185,11.6258,11.4570,4.3313,49.9733,735.9687,196.0000,11.5376,11.6150,11.4972,44.0000,EB,1867.1388
30639_92226df0,186,11.4504,10.9695,4.4186,49.9286,740.3000,208.0000,11.2996,11.4220,11.2783,44.0000,EB,1817.1386
30639_92226df0,187,10.9617,8.3576,5.1000,49.9410,744.7186,230.0000,9.7924,10.9370,9.7184,52.0000,EB,1767.1386
30639_92226df0,188,8.3455,7.1272,6.6500,50.0305,749.8186,298.0000,7.5234,8.2100,7.4713,67.0000,EB,1717.1386
30639_92226df0,189,7.1329,6.6902,7.3314,50.1693,756.4686,335.0000,6.8431,7.1010,6.8309,73.0000,EB,1667.1386
30639_92226df0,190,6.7352,6.5973,7.4687,49.8183,763.8000,351.0000,6.6703,6.7370,6.6787,75.0000,EB,1617.1386
30639_92226df0,191,6.9794,6.1851,7.3813,50.1592,771.2687,347.0000,6.7954,6.9940,6.7816,74.0000,EB,1567.1386
30639_92226df0,192,6.1629,1.0794,24.3187,49.8996,778.6500,1114.0000,2.0519,6.0020,1.9829,251.0000,EB,1517.1386
30639_92226df0,193,7.0294,1.2266,11.2313,50.0186,802.9687,524.0000,4.4535,7.0170,4.7939,103.0000,EB,1467.1386
30639_92226df0,194,7.5821,7.0358,6.8186,50.0154,814.2000,324.0000,7.3351,7.6030,7.3510,68.0000,EB,1417.1386
30639_92226df0,195,7.6148,4.1472,7.8500,49.9198,821.0186,367.0000,6.3592,7.6040,6.2690,69.0000,EB,1367.1385
30639_92226df0,196,6.2797,2.9235,10.9000,50.0800,828.8686,515.0000,4.5945,6.3610,4.9357,11.0000,EB,1317.1385
30639_92226df0,197,6.7807,6.2802,7.5500,49.9502,839.7687,363.0000,6.6160,6.6630,6.5485,4.0000,EB,1267.1386
30639_92226df0,198,6.8575,6.7655,7.3314,50.0149,847.3186,358.0000,6.8220,6.8730,6.8126,31.0000,EB,1217.1386
30639_92226df0,199,6.7691,2.3645,11.6000,50.0323,854.6500,566.0000,4.3131,6.4610,4.0450,38.0000,EB,1167.1386
30639_92226df0,200,6.2973,3.6069,9.1291,49.9517,866.2500,447.0000,5.4717,6.3160,5.6223,68.0000,EB,1117.1385
30639_92226df0,201,5.3152,3.4171,12.2395,50.0518,875.3791,594.0000,4.0894,5.1580,4.0376,97.0000,EB,1067.1385
30639_92226df0,202,4.4304,0.0000,44.2314,51.9975,887.6186,2174.0000,1.1756,4.4270,1.1482,392.0000,EB,1017.1385
30639_92226df0,203,4.1849,0.0000,66.7500,50.0676,931.8500,3246.0000,0.7501,4.2380,0.8724,575.0000,EB,967.1384
30639_92226df0,204,6.3184,0.0000,29.1186,51.1164,998.6000,1418.0000,1.7555,6.5920,2.1293,260.0000,EB,917.1384
30639_92226df0,205,8.5794,6.3276,6.5501,50.0297,1027.7186,310.0000,7.6381,8.7250,7.9174,73.0000,EB,867.1384
30639_92226df0,206,8.6939,8.5520,5.8000,49.9737,1034.2686,278.0000,8.6162,8.7290,8.6193,52.0000,EB,818.1384
30639_92226df0,207,8.9763,8.6201,5.7000,49.9372,1040.0686,277.0000,8.7609,9.0540,8.8216,57.0000,EB,768.1383
30639_92226df0,208,9.2761,8.9778,5.4813,50.1771,1045.7687,262.0000,9.1542,9.2800,9.1747,45.0000,EB,718.1382
30639_92226df0,209,9.2639,8.9405,5.5000,50.0457,1051.2500,268.0000,9.0992,9.2570,9.1261,54.0000,EB,669.1382
30639_92226df0,210,9.1542,8.7348,5.6327,49.8692,1056.7500,272.0000,8.8535,8.9990,8.8536,57.0000,EB,620.1381
30639_92226df0,211,10.1606,9.1632,5.1020,49.9355,1062.3827,246.0000,9.7875,10.2110,9.7417,51.0000,EB,570.1380
30639_92226df0,212,9.9623,8.8268,5.4653,50.1057,1067.4847,265.0000,9.1679,10.1010,9.2418,54.0000,EB,520.1379
30639_92226df0,213,8.8277,8.6933,5.7187,49.9651,1072.9500,277.0000,8.7372,8.8580,8.7566,57.0000,EB,470.1379
30639_92226df0,214,8.6919,8.2508,5.8278,49.8937,1078.6687,277.0000,8.5614,8.7580,8.6043,58.0000,EB,420.1378
30639_92226df0,215,8.2392,2.7793,8.3722,50.0516,1084.4964,393.0000,5.9783,8.3540,6.4093,79.0000,EB,370.1378
30639_92226df0,216,6.5913,0.0000,18.1155,50.0568,1092.8686,871.0000,2.7632,6.6130,2.6915,185.0000,EB,320.1378
30639_92226df0,217,6.3833,0.0000,36.6845,49.9725,1110.9841,1763.0000,1.3622,6.4980,1.4010,361.0000,EB,270.1378
30639_92226df0,218,3.5444,0.6126,20.7314,49.9832,1147.6686,987.0000,2.4110,3.6470,2.4236,211.0000,EB,220.1378
30639_92226df0,219,3.1519,0.0000,31.4500,50.0746,1168.4000,1505.0000,1.5922,3.2170,1.6175,314.0000,EB,173.1339
30639_92226df0,220,3.6221,0.0000,18.4186,41.4982,1199.8500,869.0000,2.2531,3.6310,2.3084,191.0000,EB,0.0000
30639_927002c2,0,,,,,,,,0.5990,0.4333,5.0000,WB,25.0000
30639_927002c2,113,3.5311,0.0000,21.5000,35.3106,0.0000,988.0000,1.6424,3.5370,1.6386,215.0000,EB,5466.1414
30639_927002c2,114,3.3071,0.0000,27.9557,50.2593,21.5000,1345.0000,1.7978,3.3350,1.8019,277.0000,EB,5421.1425
30639_927002c2,115,4.4928,0.0000,20.0999,50.6544,49.4557,978.0000,2.5201,4.4480,2.5859,194.0000,EB,5369.1419
30639_927002c2,116,6.7046,1.9642,9.7444,49.9808,69.5556,479.0000,5.1292,6.7580,4.7554,105.0000,EB,5316.1420
30639_927002c2,117,7.3743,0.0000,24.0000,48.3336,79.3000,1167.0000,2.0139,7.3140,2.0490,240.0000,EB,5266.1420
30639_927002c2,118,10.9551,7.4120,5.3000,50.1653,103.3000,248.0000,9.4652,10.9510,9.4157,53.0000,EB,5216.1420
30639_927002c2,119,11.2253,10.8803,4.5231,49.8106,108.6000,213.0000,11.0124,11.2290,11.0098,34.0000,EB,5166.1420
30639_927002c2,120,11.0523,6.7573,5.6769,50.0335,113.1231,270.0000,8.8136,10.9990,8.8325,57.0000,EB,5116.1421
30639_927002c2,121,6.7243,0.0000,19.7000,50.4060,118.8000,939.0000,2.5587,6.7020,2.5597,197.0000,EB,5066.1420
30639_927002c2,122,9.9690,5.5034,6.6000,49.9683,138.5000,309.0000,7.5710,9.9550,7.5364,66.0000,EB,5016.1420
30639_927002c2,123,10.5197,8.8332,5.0000,50.1996,145.1000,236.0000,10.0399,10.4140,10.0089,22.0000,EB,4966.1420
30639_927002c2,124,8.8045,8.2766,5.9186,49.6926,150.1000,277.0000,8.3961,8.7950,8.4013,46.0000,EB,4917.1420
30639_927002c2,125,9.8294,8.4240,5.7814,50.0996,156.0186,271.0000,8.6656,9.6810,8.6323,36.0000,EB,4867.1420
30639_927002c2,126,10.9423,9.8634,4.7000,50.0967,161.8000,221.0000,10.6589,10.9020,10.5997,16.0000,EB,4818.1420
30639_927002c2,127,11.2380,10.9290,4.5000,49.8377,166.5000,207.0000,11.0751,11.0790,11.0046,26.0000,EB,4768.1420
30639_927002c2,128,11.2412,7.8871,5.1000,50.2971,171.0000,229.0000,9.8622,10.6520,9.2780,28.0000,EB,4718.1420
30639_927002c2,129,7.8521,0.0000,18.1000,50.0247,176.1000,817.0000,2.7638,7.8720,2.7100,160.0000,EB,4668.1421
30639_927002c2,130,9.7431,2.5501,7.9000,49.8737,194.2000,358.0000,6.3131,9.6970,6.2706,76.0000,EB,4618.1420
30639_927002c2,131,12.4337,9.7790,4.4500,50.4273,202.1000,197.0000,11.3320,12.3430,11.0616,26.0000,EB,4568.1420
30639_927002c2,132,12.8408,12.4444,3.9000,49.5247,206.5500,169.0000,12.6986,12.8330,12.6836,14.0000,EB,4518.1420
30639_927002c2,133,12.5198,9.3128,4.6000,50.3270,210.4500,202.0000,10.9407,12.4480,10.9953,17.0000,EB,4468.1419
30639_927002c2,134,9.2748,4.0632,7.6000,49.8837,215.0500,336.0000,6.5636,9.3060,6.6319,76.0000,EB,4418.1420
30639_927002c2,135,7.9911,0.0000,32.6000,49.8049,222.6500,1460.0000,1.5278,7.9560,1.5354,324.0000,EB,4369.1419
30639_927002c2,136,8.4505,6.9547,6.3500,50.0997,255.2500,279.0000,7.8897,8.4880,7.9090,62.0000,EB,4320.1420
30639_927002c2,137,10.5002,7.0449,5.9500,49.8310,261.6000,263.0000,8.3750,10.0020,8.3842,15.0000,EB,4271.1418
30639_927002c2,138,12.0513,10.5416,4.3500,50.0323,267.5500,186.0000,11.5017,12.0570,11.5681,31.0000,EB,4222.1418
30639_927002c2,139,10.9401,8.5459,5.3500,50.1887,271.9000,236.0000,9.3811,10.8140,9.3743,41.0000,EB,4172.1418
30639_927002c2,140,9.0277,6.9937,6.0000,49.8793,277.2500,258.0000,8.3132,9.0170,8.3497,49.0000,EB,4122.1417
30639_927002c2,141,7.0030,0.0000,54.2557,49.5542,283.2500,2369.0000,0.9133,6.9410,0.9209,531.0000,EB,4072.1418
30639_927002c2,142,6.8422,4.3571,8.5443,50.0659,337.5057,368.0000,5.8596,6.8560,5.8555,85.0000,EB,4022.1417
30639_927002c2,143,5.1605,3.2340,12.8500,50.0620,346.0500,539.0000,3.8959,5.1800,3.9076,126.0000,EB,3972.1418
30639_927002c2,144,6.0676,4.1795,9.6000,49.9359,358.9000,408.0000,5.2017,6.0500,5.2069,85.0000,EB,3922.1417
30639_927002c2,145,6.8541,6.0753,7.7000,50.0031,368.5000,332.0000,6.4939,6.7380,6.4491,30.0000,EB,3872.1417
30639_927002c2,146,7.2445,6.6352,7.2056,49.9150,376.2000,300.0000,6.9273,7.2800,6.9266,69.0000,EB,3822.1418
30639_927002c2,147,6.7556,5.2816,8.1944,50.1440,383.4056,342.0000,6.1193,6.7460,6.1199,82.0000,EB,3772.1418
30639_927002c2,148,5.2729,1.2296,14.9000,49.8847,391.6000,615.0000,3.3480,5.2760,3.3512,150.0000,EB,3722.1418
30639_927002c2,149,4.4127,0.0000,19.2500,49.9950,406.5000,812.0000,2.5971,4.3340,2.6003,192.0000,EB,3672.1417
30639_927002c2,150,5.0155,3.9339,11.9500,49.9694,425.7500,487.0000,4.1815,4.9560,4.1927,119.0000,EB,3618.1407
30639_927002c2,151,6.7030,3.4230,9.1500,50.0491,437.7000,371.0000,5.4699,6.6850,5.4562,92.0000,EB,3566.1401
30639_927002c2,152,4.4148,0.0000,25.0000,49.9688,446.8500,1007.0000,1.9988,4.4090,2.0006,248.0000,EB,3516.1400
30639_927002c2,153,8.9846,0.0000,31.7500,49.7599,471.8500,1270.0000,1.5672,8.9180,1.5884,311.0000,EB,3466.1401
30639_927002c2,154,9.9965,8.9923,5.3500,50.3479,503.6000,214.0000,9.4108,10.0090,9.4089,48.0000,EB,3416.1400
30639_927002c2,155,9.6378,5.0153,6.9000,49.8162,508.9500,276.0000,7.2197,9.6540,7.2557,63.0000,EB,3366.1400
30639_927002c2,156,7.7355,0.0000,43.6000,50.0624,515.8500,1744.0000,1.1482,7.6440,1.1374,435.0000,EB,3316.1401
30639_927002c2,157,11.7460,7.7655,5.1500,50.1201,559.4500,206.0000,9.7320,11.6880,9.6768,52.0000,EB,3266.1400
30639_927002c2,158,13.4587,11.7782,3.9000,50.0218,564.6000,156.0000,12.8261,13.4700,12.7998,39.0000,EB,3216.1399
30639_927002c2,159,13.4359,10.0447,4.2000,49.8544,568.5000,168.0000,11.8701,13.4530,11.8870,42.0000,EB,3166.1399
30639_927002c2,160,9.9991,5.8419,6.8557,49.8469,572.7000,275.0000,7.2709,10.0140,7.2712,69.0000,EB,3116.1399
30639_927002c2,161,6.1502,0.0000,20.6943,50.3806,579.5557,827.0000,2.4345,6.0440,2.4210,206.0000,EB,3066.1398
30639_927002c2,162,11.0877,6.1576,5.7500,49.9823,600.2500,230.0000,8.6926,10.9830,8.6304,58.0000,EB,3016.1399
30639_927002c2,163,13.7960,11.1239,3.9500,49.6692,606.0000,158.0000,12.5745,13.8630,12.5595,40.0000,EB,2966.1399
30639_927002c2,164,14.6180,13.8021,3.5000,50.1743,609.9500,140.0000,14.3355,14.6270,14.3096,35.0000,EB,2916.1400
30639_927002c2,165,14.6287,12.5791,3.6500,50.0415,613.4500,146.0000,13.7100,14.6400,13.6988,36.0000,EB,2866.1398
30639_927002c2,166,12.5457,10.6423,4.4500,50.1944,617.1000,178.0000,11.2796,12.5310,11.2710,45.0000,EB,2816.1396
30639_927002c2,167,11.9872,11.1640,4.2500,50.0885,621.5500,170.0000,11.7855,12.0040,11.7643,42.0000,EB,2766.1396
30639_927002c2,168,11.8363,9.4099,4.5500,49.6603,625.8000,182.0000,10.9143,11.8570,10.9157,46.0000,EB,2717.1395
30639_927002c2,169,11.0254,9.2949,4.9056,49.9060,630.3500,197.0000,10.1732,11.0010,10.1650,49.0000,EB,2667.1395
30639_927002c2,170,11.0440,8.2579,5.2444,50.0449,635.2556,209.0000,9.5426,11.0630,9.5102,53.0000,EB,2617.1396
30639_927002c2,171,8.6784,8.2807,5.9500,50.0450,640.5000,238.0000,8.4109,8.7140,8.4140,59.0000,EB,2567.1395
30639_927002c2,172,11.3951,8.6975,4.9500,50.2091,646.4500,198.0000,10.1433,11.3570,10.1322,49.0000,EB,2518.1395
30639_927002c2,173,13.1785,11.4059,4.1000,49.8813,651.4000,164.0000,12.1662,13.1050,12.1322,41.0000,EB,2468.1395
30639_927002c2,174,13.7194,13.1963,3.7000,50.2070,655.5000,148.0000,13.5695,13.7100,13.5495,37.0000,EB,2418.1394
30639_927002c2,175,14.0913,13.5973,3.6000,49.8389,659.2000,145.0000,13.8441,14.0570,13.8284,36.0000,EB,2368.1396
30639_927002c2,176,14.1961,12.8240,3.6000,49.8454,662.8000,144.0000,13.8459,14.2120,13.8257,37.0000,EB,2318.1394
30639_927002c2,177,12.7873,9.8771,4.4500,49.9634,666.4000,178.0000,11.2277,12.7340,11.1858,44.0000,EB,2268.1394
30639_927002c2,178,10.4025,9.8096,4.9559,50.0100,670.8500,199.0000,10.0910,10.3820,10.0807,50.0000,EB,2218.1393
30639_927002c2,179,10.2614,9.8456,4.9941,50.1112,675.8059,199.0000,10.0341,10.2560,10.0196,50.0000,EB,2168.1393
30639_927002c2,180,11.9392,10.0210,4.7500,50.2903,680.8000,190.0000,10.5874,11.9290,10.5899,47.0000,EB,2118.1391
30639_927002c2,181,13.4316,11.9739,3.8500,49.7585,685.5500,154.0000,12.9243,13.4410,12.9209,39.0000,EB,2068.1392
30639_927002c2,182,13.3792,10.4507,4.1556,49.8336,689.4000,167.0000,11.9918,13.2940,11.9127,42.0000,EB,2017.1391
30639_927002c2,183,11.7697,10.1447,4.6444,49.9493,693.5556,186.0000,10.7548,11.7260,10.7386,46.0000,EB,1967.1389
30639_927002c2,184,12.9691,11.7920,4.0500,50.5463,698.2000,162.0000,12.4806,12.9760,12.4650,40.0000,EB,1917.1389
30639_927002c2,185,13.2121,12.4139,3.8000,49.4987,702.2500,152.0000,13.0260,13.1900,12.9839,39.0000,EB,1867.1388
30639_927002c2,186,12.3729,10.6592,4.5000,50.2756,706.0500,182.0000,11.1724,12.2180,11.1131,45.0000,EB,1817.1386
30639_927002c2,187,11.2334,10.3567,4.5500,50.1438,710.5500,182.0000,11.0206,11.2430,10.9985,45.0000,EB,1767.1386
30639_927002c2,188,10.3294,10.0124,4.9500,49.9677,715.1000,198.0000,10.0945,10.2080,10.0866,50.0000,EB,1717.1386
30639_927002c2,189,10.0951,10.0281,4.9500,49.8487,720.0500,198.0000,10.0704,10.1220,10.0747,49.0000,EB,1667.1386
30639_927002c2,190,10.1349,10.0431,4.9500,49.9191,725.0000,198.0000,10.0847,10.1580,10.0927,50.0000,EB,1617.1386
30639_927002c2,191,10.1250,9.9133,5.0000,50.2086,729.9500,200.0000,10.0417,10.1410,10.0545,50.0000,EB,1567.1386
30639_927002c2,192,10.1800,9.2376,5.1000,49.7822,734.9500,205.0000,9.7612,10.2000,9.7765,51.0000,EB,1517.1386
30639_927002c2,193,10.2356,9.7949,5.0000,49.9686,740.0500,200.0000,9.9937,10.2570,10.0018,50.0000,EB,1467.1386
30639_927002c2,194,10.1805,9.8948,5.0000,50.0918,745.0500,201.0000,10.0184,10.2190,10.0374,50.0000,EB,1417.1386
30639_927002c2,195,10.0239,9.7427,5.0500,49.9164,750.0500,202.0000,9.8844,10.0030,9.8841,50.0000,EB,1367.1385
30639_927002c2,196,9.9965,9.8193,5.0500,49.9989,755.1000,202.0000,9.9008,10.0030,9.9154,51.0000,EB,1317.1385
30639_927002c2,197,9.9586,9.7799,5.0556,49.9151,760.1500,203.0000,9.8733,9.9790,9.8779,50.0000,EB,1267.1386
30639_927002c2,198,9.8935,9.7157,5.1001,49.9957,765.2056,204.0000,9.8029,9.9150,9.8078,51.0000,EB,1217.1386
30639_927002c2,199,9.9036,9.6289,5.1443,50.2888,770.3057,205.0000,9.7756,9.9230,9.7921,51.0000,EB,1167.1386
30639_927002c2,200,9.6495,4.6879,7.0000,49.8015,775.4500,280.0000,7.1145,9.6510,7.0267,72.0000,EB,1117.1385
30639_927002c2,201,4.7052,3.4862,12.2000,50.1092,782.4500,489.0000,4.1073,4.6960,4.0942,122.0000,EB,1067.1385
30639_927002c2,202,4.3250,0.0000,23.3000,50.6671,794.6500,933.0000,2.1746,4.3490,2.1697,231.0000,EB,1017.1385
30639_927002c2,203,4.1383,2.3173,14.8000,49.9582,817.9500,595.0000,3.3756,4.1190,3.3656,149.0000,EB,967.1384
30639_927002c2,204,3.7171,0.0000,89.3000,50.1287,832.7500,3578.0000,0.5614,3.6590,0.5674,885.0000,EB,917.1384
30639_927002c2,205,9.0046,3.0938,7.7000,49.8733,922.0500,308.0000,6.4771,8.9830,6.3623,78.0000,EB,867.1384
30639_927002c2,206,9.1806,8.5166,5.6500,49.9575,929.7500,226.0000,8.8420,9.1940,8.8392,57.0000,EB,818.1384
30639_927002c2,207,8.7875,8.3662,5.8500,50.2244,935.4000,234.0000,8.5854,8.7930,8.5848,58.0000,EB,768.1383
30639_927002c2,208,8.8283,8.1114,5.8000,50.0285,941.2500,232.0000,8.6256,8.8270,8.6356,56.0000,EB,718.1382
30639_927002c2,209,8.0611,0.0000,32.7500,49.6046,947.0500,1325.0000,1.5146,8.0650,1.5352,328.0000,EB,669.1382
30639_927002c2,210,8.5776,2.5537,8.3500,50.0323,979.8000,334.0000,5.9919,8.4720,5.9540,83.0000,EB,620.1381
30639_927002c2,211,12.0262,8.6152,4.8000,49.7083,988.1500,192.0000,10.3559,12.0370,10.3259,49.0000,EB,570.1380
30639_927002c2,212,13.8183,12.0521,3.8500,50.3505,992.9500,157.0000,13.0781,13.8200,13.0582,38.0000,EB,520.1379
30639_927002c2,213,14.0774,13.0421,3.6000,49.6372,996.8000,146.0000,13.7881,14.1380,13.7926,36.0000,EB,470.1379
30639_927002c2,214,13.0112,9.8296,4.3557,50.0956,1000.4000,175.0000,11.5012,13.0190,11.5189,44.0000,EB,420.1378
30639_927002c2,215,9.8246,0.0000,42.1443,50.1889,1004.7557,1690.0000,1.1909,9.7550,1.1903,421.0000,EB,370.1378
30639_927002c2,216,7.1926,1.8600,9.3000,50.0518,1046.9000,372.0000,5.3819,7.1770,5.3680,93.0000,EB,320.1378
30639_927002c2,217,5.9948,0.0001,18.7500,49.8805,1056.2000,755.0000,2.6603,5.9930,2.6355,115.0000,EB,270.1378
30639_927002c2,218,3.6627,0.0000,23.0000,49.9971,1074.9500,925.0000,2.1738,3.7600,2.2318,117.0000,EB,220.1378
30639_927002c2,219,3.4759,0.0000,27.1000,50.0313,1097.9500,1087.0000,1.8462,3.5370,1.6899,152.0000,EB,173.1339
30639_927002c2,220,3.4588,2.0482,16.5000,50.0534,1125.0500,669.0000,3.0335,3.4880,3.0381,165.0000,EB,0.0000
30639_927002c2,221,2.0255,0.0999,2.9556,3.5252,1141.5500,121.0000,1.1927,2.1380,1.4530,25.0000,WB,21.3710
30639_9c362687,109,0.0400,0.0355,0.1000,0.0038,1.2000,4.0000,0.0378,3.1480,3.0905,23.0000,WB,5475.0000
30639_9c362687,112,2.2370,0.0000,9.9000,3.6446,1.3000,392.0000,0.3681,,,,EB,5511.1413
30639_9c362687,113,3.4313,2.2613,16.0187,50.0222,11.2000,713.0000,3.1227,,,,EB,5466.1414
30639_9c362687,114,3.2650,0.0000,36.5132,50.3288,27.2187,1680.0000,1.3784,,,,EB,5421.1425
30639_9c362687,115,4.7388,2.2261,15.6868,50.2615,63.7319,717.0000,3.2041,,,,EB,5369.1419
30639_9c362687,116,7.2768,4.7531,7.9813,50.0614,79.4187,371.0000,6.2723,,,,EB,5316.1420
30639_9c362687,117,6.5627,0.0000,40.9686,46.2908,87.4000,1962.0000,1.1299,,,,EB,5266.1420
30639_9c362687,118,10.7019,6.5786,5.6314,49.9450,128.3686,269.0000,8.8690,,,,EB,5216.1420
30639_9c362687,119,10.9485,10.6848,4.6500,50.1339,134.0000,227.0000,10.7815,,,,EB,5166.1420
30639_9c362687,120,10.8993,7.0092,5.6000,50.0177,138.6500,267.0000,8.9317,,,,EB,5116.1421
30639_9c362687,121,6.9923,0.0000,24.8000,55.0617,144.2500,1171.0000,2.2202,,,,EB,5066.1420
30639_9c362687,122,10.3218,5.3303,6.2186,49.7928,169.0500,300.0000,8.0071,,,,EB,5016.1420
30639_9c362687,123,10.6664,8.9290,4.9000,50.1954,175.2686,237.0000,10.2440,,,,EB,4966.1420
30639_9c362687,124,8.9157,8.1688,6.0314,50.0105,180.1686,293.0000,8.2917,,,,EB,4917.1420
30639_9c362687,125,9.6225,8.2675,5.9000,50.0211,186.2000,284.0000,8.4782,,,,EB,4867.1420
30639_9c362687,126,10.8736,9.6479,4.7500,50.2780,192.1000,230.0000,10.5848,,,,EB,4818.1420
30639_9c362687,127,11.1686,10.8726,4.5186,49.7986,196.8500,222.0000,11.0208,,,,EB,4768.1420
30639_9c362687,128,11.1754,8.0556,5.1001,50.4397,201.3686,246.0000,9.8900,,,,EB,4718.1420
30639_9c362687,129,8.0422,0.0000,14.6953,52.9143,206.4687,707.0000,3.6008,,,,EB,4668.1421
30639_9c362687,130,9.7241,0.0000,11.3860,51.4369,217.1500,557.0000,4.5176,,,,EB,4618.1420
30639_9c362687,131,12.3405,9.7268,4.4500,50.1567,232.5500,213.0000,11.2712,,,,EB,4568.1420
30639_9c362687,132,12.5698,12.3476,4.0000,50.0554,237.0000,194.0000,12.5139,,,,EB,4518.1420
30639_9c362687,133,12.5314,9.2470,4.5500,49.8620,241.0000,224.0000,10.9587,,,,EB,4468.1419
30639_9c362687,134,9.2230,4.0011,7.7500,50.0740,245.5500,377.0000,6.4612,,,,EB,4418.1420
30639_9c362687,135,7.9392,0.0000,28.1187,51.0812,253.3000,1365.0000,1.8166,,,,EB,4369.1419
30639_9c362687,136,8.3269,6.7059,6.5105,49.9957,281.4187,321.0000,7.6793,,,,EB,4320.1420
30639_9c362687,137,10.3550,6.8726,6.0709,50.1333,287.9291,275.0000,8.2580,,,,EB,4271.1418
30639_9c362687,138,12.1301,10.3793,4.3186,49.8856,294.0000,212.0000,11.5513,,,,EB,4222.1418
30639_9c362687,139,11.9670,8.5772,4.8814,49.9791,298.3186,236.0000,10.2387,,,,EB,4172.1418
30639_9c362687,140,8.5595,7.1314,6.1000,50.1202,303.2000,298.0000,8.2164,,,,EB,4122.1417
30639_9c362687,141,7.1076,0.0000,106.1000,50.7076,309.3000,5092.0000,0.4779,,,,EB,4072.1418
30639_9c362687,142,9.6120,2.0001,8.8000,50.0745,415.4000,415.0000,5.6903,,,,EB,4022.1417
30639_9c362687,143,10.3197,9.5606,5.0000,50.1418,424.2000,237.0000,10.0284,,,,EB,3972.1418
30639_9c362687,144,9.5448,6.7896,6.3500,49.8395,429.2000,304.0000,7.8487,,,,EB,3922.1417
30639_9c362687,145,7.1712,6.5630,7.2500,49.9445,435.5500,355.0000,6.8889,,,,EB,3872.1417
30639_9c362687,146,7.1676,6.5808,7.3432,50.0079,442.8000,351.0000,6.8101,,,,EB,3822.1418
30639_9c362687,147,7.1643,6.5691,7.2958,50.0942,450.1432,351.0000,6.8661,,,,EB,3772.1418
30639_9c362687,148,7.4156,5.1926,7.3609,49.9704,457.4391,352.0000,6.7886,,,,EB,3722.1418
30639_9c362687,149,5.1710,3.4564,12.7500,49.9924,464.8000,605.0000,3.9210,,,,EB,3672.1417
30639_9c362687,150,4.1390,0.0000,29.8686,50.1480,477.5500,1410.0000,1.6790,,,,EB,3618.1407
30639_9c362687,151,8.0911,2.8263,8.0001,50.0291,507.4186,379.0000,6.2536,,,,EB,3566.1401
30639_9c362687,152,7.7146,0.9114,11.4813,49.9771,515.4187,543.0000,4.3529,,,,EB,3516.1400
30639_9c362687,153,8.8061,0.0000,48.5186,49.7529,526.9000,2254.0000,1.0254,,,,EB,3466.1401
30639_9c362687,154,9.1565,8.7717,5.5814,49.9918,575.4186,261.0000,8.9569,,,,EB,3416.1400
30639_9c362687,155,9.1192,4.8159,7.2500,50.0106,581.0000,316.0000,6.8980,,,,EB,3366.1400
30639_9c362687,156,7.6753,0.0000,16.7500,50.1008,588.2500,795.0000,2.9911,,,,EB,3316.1401
30639_9c362687,157,11.7537,7.7021,5.1000,50.0143,605.0000,242.0000,9.8067,,,,EB,3266.1400
30639_9c362687,158,13.2398,11.7752,3.9187,49.8636,610.1000,183.0000,12.7246,,,,EB,3216.1399
30639_9c362687,159,13.1958,9.7506,4.3313,50.2051,614.0187,205.0000,11.5912,,,,EB,3166.1399
30639_9c362687,160,9.7181,3.1048,9.3950,49.8353,618.3500,437.0000,5.3045,,,,EB,3116.1399
30639_9c362687,161,6.0759,0.0000,20.2998,51.0112,627.7450,953.0000,2.5129,,,,EB,3066.1398
30639_9c362687,162,10.9669,6.0936,5.8053,49.8309,648.0447,264.0000,8.5838,,,,EB,3016.1399
30639_9c362687,163,12.5797,10.9820,4.1500,50.0256,653.8500,180.0000,12.0544,,,,EB,2966.1399
30639_9c362687,164,13.5441,12.5771,3.9000,50.2765,658.0000,176.0000,12.8914,,,,EB,2916.1400
30639_9c362687,165,13.9603,13.5479,3.6000,49.6528,661.9000,163.0000,13.7925,,,,EB,2866.1398
30639_9c362687,166,13.9894,13.0174,3.6424,50.2580,665.5000,161.0000,13.7978,,,,EB,2816.1396
30639_9c362687,167,12.9855,10.7380,4.2919,49.7513,669.1424,196.0000,11.5918,,,,EB,2766.1396
30639_9c362687,168,10.9545,9.1038,4.7156,50.0185,673.4344,217.0000,10.6070,,,,EB,2717.1395
30639_9c362687,169,9.3669,7.1160,6.2000,50.1243,678.1500,287.0000,8.0846,,,,EB,2667.1395
30639_9c362687,170,9.6806,8.0413,5.5500,50.0720,684.3500,254.0000,9.0220,,,,EB,2617.1396
30639_9c362687,171,8.2032,7.8835,6.2000,49.9087,689.9000,273.0000,8.0498,,,,EB,2567.1395
30639_9c362687,172,8.0723,0.0000,20.6186,49.9947,696.1000,946.0000,2.4247,,,,EB,2518.1395
30639_9c362687,173,8.5580,2.4718,9.3500,50.0297,716.7186,407.0000,5.3508,,,,EB,2468.1395
30639_9c362687,174,9.5962,8.5585,5.4000,49.9996,726.0686,245.0000,9.2592,,,,EB,2418.1394
30639_9c362687,175,10.9353,9.4723,4.8000,50.0090,731.4686,209.0000,10.4185,,,,EB,2368.1396
30639_9c362687,176,12.0827,10.8455,4.3500,49.9415,736.2686,190.0000,11.4808,,,,EB,2318.1394
30639_9c362687,177,12.3406,12.0816,4.0813,49.9600,740.6187,185.0000,12.2411,,,,EB,2268.1394
30639_9c362687,178,12.3883,10.4199,4.2500,50.1204,744.7000,188.0000,11.7930,,,,EB,2218.1393
30639_9c362687,179,10.9828,10.0564,4.7500,50.1392,748.9500,207.0000,10.5556,,,,EB,2168.1393
30639_9c362687,180,10.9836,10.8837,4.5500,49.7822,753.7000,193.0000,10.9412,,,,EB,2118.1391
30639_9c362687,181,11.1402,10.1059,4.7186,50.0253,758.2500,208.0000,10.6017,,,,EB,2068.1392
30639_9c362687,182,12.2969,11.1520,4.2000,50.0475,762.9686,184.0000,11.9161,,,,EB,2017.1391
30639_9c362687,183,12.1975,11.9528,4.1314,50.0663,767.1686,173.0000,12.1185,,,,EB,1967.1389
30639_9c362687,184,11.9367,9.7132,4.7000,49.8453,771.3000,206.0000,10.6054,,,,EB,1917.1389
30639_9c362687,185,9.7072,8.7349,5.5186,50.0007,776.0000,246.0000,9.0604,,,,EB,1867.1388
30639_9c362687,186,8.7441,6.8389,6.3000,50.0419,781.5186,279.0000,7.9432,,,,EB,1817.1386
30639_9c362687,187,6.8634,5.7174,7.8500,50.0386,787.8186,346.0000,6.3744,,,,EB,1767.1386
30639_9c362687,188,6.1610,4.2777,9.9500,50.0320,795.6686,442.0000,5.0283,,,,EB,1717.1386
30639_9c362687,189,4.5147,3.2707,12.5500,49.9742,805.6186,528.0000,3.9820,,,,EB,1667.1386
30639_9c362687,190,4.3540,3.4252,12.9814,50.0919,818.1686,561.0000,3.8588,,,,EB,1617.1386
30639_9c362687,191,4.6358,1.2039,19.6500,49.9956,831.1500,817.0000,2.5443,,,,EB,1567.1386
30639_9c362687,192,1.7331,1.1246,34.9500,50.0329,850.8000,1419.0000,1.4316,,,,EB,1517.1386
30639_9c362687,193,7.0453,1.5226,9.7500,50.1051,885.7500,390.0000,5.1390,,,,EB,1467.1386
30639_9c362687,194,6.9347,6.3606,7.4686,49.9044,895.5000,299.0000,6.6819,,,,EB,1417.1386
30639_9c362687,195,6.9249,2.1476,10.0314,50.0126,902.9686,403.0000,4.9856,,,,EB,1367.1385
30639_9c362687,196,7.0537,1.2104,11.8500,50.0930,913.0000,478.0000,4.2273,,,,EB,1317.1385
30639_9c362687,197,6.9421,6.5129,7.4186,49.9572,924.8500,297.0000,6.7340,,,,EB,1267.1386
30639_9c362687,198,6.8864,6.6125,7.3814,49.9248,932.2686,296.0000,6.7636,,,,EB,1217.1386
30639_9c362687,199,6.7325,1.3248,14.0687,50.0374,939.6500,565.0000,3.5567,,,,EB,1167.1386
30639_9c362687,200,6.9006,4.5454,8.2313,50.0165,953.7187,332.0000,6.0764,,,,EB,1117.1385
30639_9c362687,201,4.9050,0.0000,23.2687,49.9584,961.9500,937.0000,2.1470,,,,EB,1067.1385
30639_9c362687,202,4.2836,0.0000,49.5813,50.9529,985.2187,1989.0000,1.0277,4.2980,2.2515,169.0000,EB,1017.1385
30639_9c362687,203,6.1487,1.9826,10.9686,49.9793,1034.8000,440.0000,4.5566,6.1420,4.5470,110.0000,EB,967.1384
30639_9c362687,204,7.8087,0.0000,61.5314,50.2628,1045.7686,2469.0000,0.8169,1.9160,1.1089,36.0000,EB,917.1384
30639_9c362687,205,9.6716,7.8351,5.4500,50.0443,1107.3000,219.0000,9.1824,,,,EB,867.1384
30639_9c362687,206,9.6543,7.9717,5.8186,49.8216,1112.7500,235.0000,8.5625,,,,EB,818.1384
30639_9c362687,207,8.6590,8.3174,5.9314,50.1550,1118.5686,238.0000,8.4559,,,,EB,768.1383
30639_9c362687,208,8.6596,7.8377,5.9000,49.8504,1124.5000,237.0000,8.4492,,,,EB,718.1382
30639_9c362687,209,8.5624,7.7218,6.0500,50.1580,1130.4000,245.0000,8.2906,,,,EB,669.1382
30639_9c362687,210,9.1472,8.3684,5.8687,49.9137,1136.4500,237.0000,8.5051,,,,EB,620.1381
30639_9c362687,211,10.6052,9.1603,4.9313,49.9906,1142.3187,198.0000,10.1374,,,,EB,570.1380
30639_9c362687,212,10.0330,8.2188,5.7187,49.8909,1147.2500,231.0000,8.7242,9.8340,8.6625,58.0000,EB,520.1379
30639_9c362687,213,8.6049,8.4201,5.8813,50.1019,1152.9687,238.0000,8.5188,8.6090,8.5147,59.0000,EB,470.1379
30639_9c362687,214,8.5440,2.5909,9.5186,50.0230,1158.8500,410.0000,5.2553,8.2610,5.0523,93.0000,EB,420.1378
30639_9c362687,215,4.6603,0.0000,31.8814,50.0030,1168.3686,1285.0000,1.5684,4.6580,1.6176,329.0000,EB,370.1378
30639_9c362687,216,6.5373,2.2204,9.4500,50.0654,1200.2500,382.0000,5.2979,6.5600,5.6766,84.0000,EB,320.1378
30639_9c362687,217,5.6532,0.0000,53.2500,49.6301,1209.7000,2141.0000,0.9320,5.5570,0.6650,485.0000,EB,270.1378
30639_9c362687,218,3.5689,1.3009,21.3186,49.8713,1262.9500,857.0000,2.3393,1.6490,1.4548,74.0000,EB,220.1378
30639_9c362687,219,3.4051,0.0000,45.3814,50.0279,1284.2686,1881.0000,1.1024,2.3290,0.4891,262.0000,EB,173.1339
30639_9c362687,220,3.6156,0.0000,26.0686,50.0961,1329.6500,1043.0000,1.9217,,,,EB,0.0000
30639_9c362687,221,1.3530,0.0000,3.7001,2.2553,1355.7186,153.0000,0.6095,,,,WB,21.3710
30639_9f0b519f,114,3.3560,1.5050,10.2271,25.7316,40.6229,412.0000,2.5160,3.3830,2.4973,121.0000,EB,5421.1425
30639_9f0b519f,115,4.2119,0.0000,20.6500,50.6600,50.8500,828.0000,2.4533,4.2170,3.1443,159.0000,EB,5369.1419
30639_9f0b519f,116,6.5623,1.0036,10.8000,50.0485,71.5000,432.0000,4.6341,6.5940,3.2299,151.0000,EB,5316.1420
30639_9f0b519f,117,4.6467,0.0000,27.1500,48.5386,82.3000,1093.0000,1.7878,4.8510,1.8290,275.0000,EB,5266.1420
30639_9f0b519f,118,8.9825,3.9722,7.7728,49.9576,109.4500,311.0000,6.4272,8.9580,6.3892,77.0000,EB,5216.1420
30639_9f0b519f,119,10.1880,8.9222,5.3500,50.1611,117.2228,217.0000,9.3758,10.1730,9.3368,54.0000,EB,5166.1420
30639_9f0b519f,120,10.2472,6.6779,5.8000,49.9024,122.5729,232.0000,8.6039,10.2660,8.5948,58.0000,EB,5116.1421
30639_9f0b519f,121,6.6629,0.0000,36.5772,50.3382,128.3728,1464.0000,1.3762,6.6500,1.3799,365.0000,EB,5066.1420
30639_9f0b519f,122,9.7637,3.3426,7.3728,49.8830,164.9500,295.0000,6.7658,9.6920,6.7301,73.0000,EB,5016.1420
30639_9f0b519f,123,10.3722,8.8491,5.0272,50.1570,172.3228,202.0000,9.9772,10.3520,9.9574,51.0000,EB,4966.1420
30639_9f0b519f,124,8.8308,8.3037,5.9500,50.0347,177.3500,240.0000,8.4092,8.7820,8.4027,59.0000,EB,4917.1420
30639_9f0b519f,125,9.8666,8.4164,5.7500,49.8315,183.3000,231.0000,8.6664,9.6030,8.6541,49.0000,EB,4867.1420
30639_9f0b519f,126,10.9559,9.8877,4.7000,50.2062,189.0500,193.0000,10.6822,10.9520,10.6970,37.0000,EB,4818.1420
30639_9f0b519f,127,11.2336,10.9506,4.5000,49.8885,193.7500,182.0000,11.0863,11.2130,11.0638,29.0000,EB,4768.1420
30639_9f0b519f,128,11.2323,7.8690,5.1000,50.0789,198.2500,204.0000,9.8194,11.2370,9.7982,51.0000,EB,4718.1420
30639_9f0b519f,129,7.8493,0.0000,18.6500,50.3935,203.3500,749.0000,2.7021,7.8250,2.7015,186.0000,EB,4668.1421
30639_9f0b519f,130,9.5465,2.2014,8.7000,49.9974,222.0000,348.0000,5.7468,9.4750,5.6114,67.0000,EB,4618.1420
30639_9f0b519f,131,12.3484,9.5768,4.4729,49.9863,230.7000,179.0000,11.1755,12.3410,11.1422,45.0000,EB,4568.1420
30639_9f0b519f,132,12.6094,12.3523,3.9771,49.9227,235.1729,159.0000,12.5524,12.6180,12.5433,39.0000,EB,4518.1420
30639_9f0b519f,133,12.5447,9.0217,4.6500,50.1560,239.1500,186.0000,10.7862,12.5770,10.8180,36.0000,EB,4468.1419
30639_9f0b519f,134,8.9951,8.0094,6.1000,49.9604,243.8000,245.0000,8.1902,8.9910,8.2059,44.0000,EB,4418.1420
30639_9f0b519f,135,8.3329,7.9375,6.1500,50.0043,249.9000,255.0000,8.1308,8.3440,8.1650,22.0000,EB,4369.1419
30639_9f0b519f,136,8.2815,6.8474,6.4228,50.0124,256.0500,262.0000,7.7867,8.2740,7.8062,35.0000,EB,4320.1420
30639_9f0b519f,137,10.3727,7.0062,6.0000,50.0413,262.4728,242.0000,8.3403,10.3130,8.3213,60.0000,EB,4271.1418
30639_9f0b519f,138,11.6534,10.3859,4.4501,49.9755,268.4728,180.0000,11.2301,11.6450,11.2126,42.0000,EB,4222.1418
30639_9f0b519f,139,11.5703,7.6889,5.3271,49.8945,272.9229,214.0000,9.3662,11.5780,9.3842,54.0000,EB,4172.1418
30639_9f0b519f,140,7.6719,3.9886,9.3000,50.0210,278.2500,374.0000,5.3786,7.6420,5.6407,59.0000,EB,4122.1417
30639_9f0b519f,141,5.9849,0.0000,29.8000,50.1728,287.5500,1203.0000,1.6837,5.9880,1.6883,298.0000,EB,4072.1418
30639_9f0b519f,142,5.9295,0.0000,53.3500,50.0971,317.3500,2163.0000,0.9390,5.9290,0.9416,533.0000,EB,4022.1417
30639_9f0b519f,143,8.7954,2.0419,8.6000,50.0896,370.7000,348.0000,5.8244,8.7490,5.7830,78.0000,EB,3972.1418
30639_9f0b519f,144,8.7958,6.6679,6.5729,49.9305,379.3000,275.0000,7.5964,8.8180,7.5437,57.0000,EB,3922.1417
30639_9f0b519f,145,7.0767,6.5866,7.2771,49.9310,385.8729,298.0000,6.8614,7.0830,6.8570,61.0000,EB,3872.1417
30639_9f0b519f,146,7.1178,6.7047,7.2500,50.0961,393.1500,292.0000,6.9098,7.1150,6.8839,39.0000,EB,3822.1418
30639_9f0b519f,147,7.1875,6.5909,7.2728,50.0119,400.4000,295.0000,6.8765,7.1820,6.8735,68.0000,EB,3772.1418
30639_9f0b519f,148,7.2071,3.3176,8.1272,49.8943,407.6728,328.0000,6.1392,7.2380,6.1172,82.0000,EB,3722.1418
30639_9f0b519f,149,4.3731,3.1942,13.7000,50.0145,415.8000,561.0000,3.6507,4.3040,3.6551,136.0000,EB,3672.1417
30639_9f0b519f,150,4.4883,2.3575,13.4729,50.0898,429.5000,556.0000,3.7178,4.5330,3.7194,131.0000,EB,3618.1407
30639_9f0b519f,151,7.3676,2.8460,9.2771,49.9440,442.9729,383.0000,5.3836,7.3560,5.3801,93.0000,EB,3566.1401
30639_9f0b519f,152,7.2935,0.1565,12.6000,50.0081,452.2500,512.0000,3.9689,7.2800,3.0167,166.0000,EB,3516.1400
30639_9f0b519f,153,8.4351,0.0000,52.6500,48.9874,464.8500,2154.0000,0.9304,8.4370,1.0257,486.0000,EB,3466.1401
30639_9f0b519f,154,9.8256,8.4270,5.5500,49.9552,517.5000,233.0000,9.0009,9.8280,8.9671,43.0000,EB,3416.1400
30639_9f0b519f,155,9.8018,5.4177,6.4500,49.9709,523.0500,268.0000,7.7474,9.8130,7.6639,61.0000,EB,3366.1400
30639_9f0b519f,156,7.6183,0.0000,54.9229,49.9754,529.5000,2358.0000,0.9099,7.5330,0.8399,537.0000,EB,3316.1401
30639_9f0b519f,157,11.5110,7.6331,5.2499,49.8351,584.4229,229.0000,9.4925,11.4780,9.4592,53.0000,EB,3266.1400
30639_9f0b519f,158,13.0344,11.5282,4.0001,50.2371,589.6728,180.0000,12.5590,13.0540,12.5454,40.0000,EB,3216.1399
30639_9f0b519f,159,13.0425,10.6526,4.1500,49.9879,593.6729,185.0000,12.0453,13.0820,12.0616,41.0000,EB,3166.1399
30639_9f0b519f,160,10.6368,6.4434,5.8500,49.8254,597.8229,247.0000,8.5172,10.6650,8.5408,59.0000,EB,3116.1399
30639_9f0b519f,161,6.4290,0.0000,20.7500,50.0595,603.6729,886.0000,2.4125,6.4160,2.4055,207.0000,EB,3066.1398
30639_9f0b519f,162,10.8325,5.8868,5.9271,50.0268,624.4229,256.0000,8.4404,10.7810,8.4049,60.0000,EB,3016.1399
30639_9f0b519f,163,13.6341,10.8534,4.0500,50.1490,630.3500,179.0000,12.3825,13.6280,12.3623,40.0000,EB,2966.1399
30639_9f0b519f,164,14.3549,13.6343,3.5500,50.0093,634.4000,158.0000,14.0871,14.3080,14.0587,36.0000,EB,2916.1400
30639_9f0b519f,165,14.3620,12.4633,3.6228,49.7989,637.9500,168.0000,13.7459,14.4090,13.7344,36.0000,EB,2866.1398
30639_9f0b519f,166,12.4439,10.4027,4.5216,50.0686,641.5728,206.0000,11.0733,12.4340,11.0606,45.0000,EB,2816.1396
30639_9f0b519f,167,11.8084,10.9384,4.3056,49.8842,646.0944,192.0000,11.5859,11.8110,11.5533,43.0000,EB,2766.1396
30639_9f0b519f,168,11.6260,9.5056,4.6000,49.9570,650.4000,199.0000,10.8602,11.6420,10.8484,47.0000,EB,2717.1395
30639_9f0b519f,169,10.9650,9.4769,4.8500,50.1102,655.0000,207.0000,10.3320,10.9640,10.3306,48.0000,EB,2667.1395
30639_9f0b519f,170,10.9308,8.1939,5.2500,50.0955,659.8500,231.0000,9.5420,10.9310,9.5118,53.0000,EB,2617.1396
30639_9f0b519f,171,8.3684,7.9805,6.1000,49.9365,665.1000,262.0000,8.1863,8.3500,8.1858,61.0000,EB,2567.1395
30639_9f0b519f,172,10.8583,8.2844,5.0920,50.0380,671.2000,232.0000,9.8268,10.8460,9.8370,50.0000,EB,2518.1395
30639_9f0b519f,173,12.5612,10.7626,4.3808,49.9296,676.2920,203.0000,11.3973,12.4880,11.3676,44.0000,EB,2468.1395
30639_9f0b519f,174,13.3907,12.5744,3.8272,50.4379,680.6728,173.0000,13.1789,13.3790,13.1599,38.0000,EB,2418.1394
30639_9f0b519f,175,13.9214,13.2841,3.6728,50.0270,684.5000,171.0000,13.6209,13.8890,13.6036,37.0000,EB,2368.1396
30639_9f0b519f,176,14.0554,12.6480,3.6500,49.9018,688.1728,172.0000,13.6716,14.0840,13.6646,37.0000,EB,2318.1394
30639_9f0b519f,177,12.6296,9.7134,4.5500,50.0782,691.8229,214.0000,11.0062,12.5540,10.9887,45.0000,EB,2268.1394
30639_9f0b519f,178,10.4255,9.7124,4.9500,49.9795,696.3728,233.0000,10.0970,10.3760,10.0863,50.0000,EB,2218.1393
30639_9f0b519f,179,10.2547,9.7977,5.0272,50.0921,701.3228,234.0000,9.9642,10.2440,9.9502,50.0000,EB,2168.1393
30639_9f0b519f,180,11.8844,9.7898,4.7728,49.8259,706.3500,220.0000,10.4395,11.8940,10.4456,48.0000,EB,2118.1391
30639_9f0b519f,181,13.3161,11.9005,3.9000,50.0637,711.1228,180.0000,12.8368,13.3430,12.8448,39.0000,EB,2068.1392
30639_9f0b519f,182,13.2579,10.3994,4.2272,50.1276,715.0228,201.0000,11.8585,13.2010,11.8356,42.0000,EB,2017.1391
30639_9f0b519f,183,11.9072,10.0985,4.6229,49.9681,719.2500,215.0000,10.8089,11.8430,10.7707,46.0000,EB,1967.1389
30639_9f0b519f,184,13.0004,11.9115,3.9771,49.9856,723.8729,196.0000,12.5683,12.9930,12.5409,40.0000,EB,1917.1389
30639_9f0b519f,185,13.2012,12.1662,3.8500,49.9660,727.8500,179.0000,12.9782,13.2100,12.9463,39.0000,EB,1867.1388
30639_9f0b519f,186,12.1608,10.6041,4.5228,50.0542,731.7000,212.0000,11.0671,12.0500,11.0350,45.0000,EB,1817.1386
30639_9f0b519f,187,11.2097,10.0566,4.5584,49.8839,736.2228,215.0000,10.9432,11.2190,10.9150,46.0000,EB,1767.1386
30639_9f0b519f,188,10.1181,9.9400,4.9916,50.1471,740.7813,230.0000,10.0463,10.1190,10.0477,50.0000,EB,1717.1386
30639_9f0b519f,189,10.1110,10.0176,4.9771,50.0628,745.7729,224.0000,10.0586,10.1260,10.0649,49.0000,EB,1667.1386
30639_9f0b519f,190,10.1183,10.0080,4.9728,49.9308,750.7500,238.0000,10.0407,10.1340,10.0516,50.0000,EB,1617.1386
30639_9f0b519f,191,10.1457,9.7198,5.0272,50.0274,755.7228,240.0000,9.9514,10.1750,9.9640,50.0000,EB,1567.1386
30639_9f0b519f,192,10.1416,9.8496,5.0000,50.0234,760.7500,240.0000,10.0047,10.1800,10.0257,50.0000,EB,1517.1386
30639_9f0b519f,193,10.2371,10.0197,4.9229,49.7773,765.7500,239.0000,10.1115,10.2670,10.1186,49.0000,EB,1467.1386
30639_9f0b519f,194,10.1762,9.7632,5.0271,50.0537,770.6729,235.0000,9.9567,10.2180,9.9781,51.0000,EB,1417.1386
30639_9f0b519f,195,10.1716,9.7337,5.0500,50.0264,775.7000,241.0000,9.9062,10.1930,9.9125,50.0000,EB,1367.1385
30639_9f0b519f,196,9.9932,9.8260,5.0500,49.9883,780.7500,240.0000,9.8987,10.0390,9.9064,51.0000,EB,1317.1385
30639_9f0b519f,197,9.9689,9.7816,5.0728,50.1347,785.8000,237.0000,9.8830,9.9950,9.8875,51.0000,EB,1267.1386
30639_9f0b519f,198,9.9215,9.7148,5.0772,49.8566,790.8728,244.0000,9.8197,9.9560,9.8252,51.0000,EB,1217.1386
30639_9f0b519f,199,9.9494,9.6836,5.1000,50.1607,795.9500,243.0000,9.8354,9.9620,9.8453,51.0000,EB,1167.1386
30639_9f0b519f,200,9.6785,4.5509,7.1500,49.8647,801.0500,348.0000,6.9741,9.6290,6.9075,60.0000,EB,1117.1385
30639_9f0b519f,201,4.7871,3.4807,11.8728,49.9890,808.2000,581.0000,4.2104,4.7840,4.2102,118.0000,EB,1067.1385
30639_9f0b519f,202,4.2950,0.0000,20.9131,49.9549,820.0728,1037.0000,2.3887,4.3120,2.3937,209.0000,EB,1017.1385
30639_9f0b519f,203,5.7604,2.1004,11.5373,50.0437,840.9859,570.0000,4.3376,5.7590,4.3256,116.0000,EB,967.1384
30639_9f0b519f,204,7.7958,0.0000,20.0268,49.9526,852.5232,974.0000,2.4943,7.7620,2.4968,200.0000,EB,917.1384
30639_9f0b519f,205,9.7128,7.8182,5.4500,50.0785,872.5500,261.0000,9.1887,9.7110,9.1729,54.0000,EB,867.1384
30639_9f0b519f,206,9.7147,8.1400,5.7500,49.8713,878.0000,272.0000,8.6733,9.7070,8.6723,58.0000,EB,818.1384
30639_9f0b519f,207,8.7528,8.3881,5.8728,50.1552,883.7500,276.0000,8.5403,8.7420,8.5420,58.0000,EB,768.1383
30639_9f0b519f,208,8.7521,7.8835,5.8501,49.8976,889.6228,277.0000,8.5294,8.7880,8.5322,59.0000,EB,718.1382
30639_9f0b519f,209,8.3144,7.5694,6.3502,49.9935,895.4728,305.0000,7.8727,8.2870,7.8670,64.0000,EB,669.1382
30639_9f0b519f,210,9.2723,7.6617,5.8581,49.9799,901.8230,287.0000,8.5318,9.1960,8.5328,58.0000,EB,620.1381
30639_9f0b519f,211,12.2697,9.2711,4.6189,49.9354,907.6811,216.0000,10.8111,12.1950,10.7781,46.0000,EB,570.1380
30639_9f0b519f,212,13.8568,12.2813,3.8000,50.2069,912.3000,171.0000,13.2123,13.8280,13.1864,36.0000,EB,520.1379
30639_9f0b519f,213,13.8786,11.8107,3.8500,49.9492,916.1000,185.0000,12.9738,13.8930,12.9831,39.0000,EB,470.1379
30639_9f0b519f,214,11.7932,8.4262,4.9228,49.8686,919.9500,237.0000,10.1301,11.7590,10.1439,45.0000,EB,420.1378
30639_9f0b519f,215,8.4096,2.9701,7.8100,50.0673,924.8728,380.0000,6.4107,8.3590,6.3831,79.0000,EB,370.1378
30639_9f0b519f,216,6.6770,1.9884,10.8038,49.9850,932.6828,515.0000,4.6266,6.6710,4.6106,94.0000,EB,320.1378
30639_9f0b519f,217,5.6288,1.5627,16.8861,50.0162,943.4867,795.0000,2.9620,5.4940,2.9919,123.0000,EB,270.1378
30639_9f0b519f,218,3.7834,0.0000,23.9272,50.0098,960.3728,1106.0000,2.0901,3.8100,1.9874,186.0000,EB,220.1378
30639_9f0b519f,219,3.6240,0.0000,26.3858,50.0465,984.3000,1266.0000,1.8967,3.4740,1.8519,244.0000,EB,173.1339
30639_9f0b519f,220,3.5596,1.8980,16.3870,50.0517,1010.6858,739.0000,3.0543,3.5710,3.0671,115.0000,EB,0.0000
30639_9f0b519f,221,1.8833,0.0000,3.8000,3.2075,1027.0728,172.0000,0.8441,2.1390,0.9635,40.0000,WB,21.3710
30639_c31df386,0,3.8734,0.0000,4.8321,7.6665,1357.5000,194.0000,1.5866,,,,WB,25.0000
30639_c31df386,114,3.4870,2.5955,8.8500,25.8458,43.5500,354.0000,2.9204,3.5170,2.9755,48.0000,EB,5421.1425
30639_c31df386,115,4.4148,1.7893,17.2821,50.7082,52.4000,695.0000,2.9341,4.3410,2.9270,172.0000,EB,5369.1419
30639_c31df386,116,6.4349,2.6453,9.9000,50.2303,69.6821,396.0000,5.0738,6.3400,5.2088,96.0000,EB,5316.1420
30639_c31df386,117,7.2561,0.0000,27.8179,53.5600,79.5821,1117.0000,1.9254,7.1980,1.8370,271.0000,EB,5266.1420
30639_c31df386,118,10.7624,7.2573,5.3821,49.9537,107.4000,215.0000,9.2814,10.7340,9.2258,54.0000,EB,5216.1420
30639_c31df386,119,10.9815,10.5248,4.6679,50.1863,112.7821,188.0000,10.7514,10.8900,10.6634,47.0000,EB,5166.1420
30639_c31df386,120,10.5119,6.5132,5.9500,49.9745,117.4500,238.0000,8.3991,10.3470,8.2452,61.0000,EB,5116.1421
30639_c31df386,121,6.5040,0.0000,21.6821,51.8856,123.4000,875.0000,2.3930,6.3170,2.3468,215.0000,EB,5066.1420
30639_c31df386,122,10.0498,4.8550,6.5000,49.8610,145.0821,260.0000,7.6709,10.0180,7.6698,65.0000,EB,5016.1420
30639_c31df386,123,10.3935,8.5668,5.0500,50.2521,151.5821,203.0000,9.9509,10.3550,9.9208,50.0000,EB,4966.1420
30639_c31df386,124,8.5444,7.9991,6.1500,50.0337,156.6321,246.0000,8.1356,8.4830,8.1107,36.0000,EB,4917.1420
30639_c31df386,125,9.8151,7.9251,5.9179,49.8577,162.7821,241.0000,8.4249,9.7560,8.4486,28.0000,EB,4867.1420
30639_c31df386,126,10.8598,9.8275,4.7321,50.1751,168.7000,192.0000,10.6032,10.8280,10.5723,47.0000,EB,4818.1420
30639_c31df386,127,11.1646,10.8441,4.5502,49.8449,173.4321,183.0000,10.9545,11.1250,10.9184,46.0000,EB,4768.1420
30639_c31df386,128,11.1577,7.5550,5.3677,50.1957,177.9823,218.0000,9.3514,11.1080,9.2862,54.0000,EB,4718.1420
30639_c31df386,129,7.5438,0.0000,18.1321,51.3783,183.3500,732.0000,2.8336,7.4350,2.8190,176.0000,EB,4668.1421
30639_c31df386,130,9.7476,2.6008,7.8179,49.9183,201.4821,314.0000,6.3851,9.6230,6.2116,80.0000,EB,4618.1420
30639_c31df386,131,12.3089,9.7505,4.4500,50.0347,209.3000,179.0000,11.2437,12.2910,11.1963,45.0000,EB,4568.1420
30639_c31df386,132,12.4406,12.3128,4.0321,49.9854,213.7500,164.0000,12.3969,12.4570,12.3924,40.0000,EB,4518.1420
30639_c31df386,133,12.3098,6.6696,5.2000,50.0090,217.7821,211.0000,9.6171,12.3290,9.6766,52.0000,EB,4468.1419
30639_c31df386,134,6.6327,0.0000,54.9000,50.1137,222.9821,2226.0000,0.9128,6.6510,0.8417,481.0000,EB,4418.1420
30639_c31df386,135,7.9857,0.0000,50.7500,50.0252,277.8821,2063.0000,0.9857,7.8830,0.9815,508.0000,EB,4369.1419
30639_c31df386,136,8.2921,6.5644,6.6179,49.8445,328.6321,269.0000,7.5317,8.3050,7.5429,67.0000,EB,4320.1420
30639_c31df386,137,9.9864,6.8129,6.1000,49.9778,335.2500,248.0000,8.1931,9.9550,8.1603,61.0000,EB,4271.1418
30639_c31df386,138,10.1715,7.7047,5.3000,50.0635,341.3500,218.0000,9.4459,10.2360,9.4538,53.0000,EB,4222.1418
30639_c31df386,139,7.6914,0.0000,22.2821,49.8131,346.6500,904.0000,2.2356,7.6720,2.2449,222.0000,EB,4172.1418
30639_c31df386,140,5.5396,1.0287,14.6500,50.0454,368.9321,596.0000,3.4161,5.5300,3.4175,147.0000,EB,4122.1417
30639_c31df386,141,8.0222,0.0000,32.0500,50.0483,383.5821,1298.0000,1.5616,8.0480,1.5480,320.0000,EB,4072.1418
30639_c31df386,142,7.5716,0.0000,103.1000,50.2054,415.6321,4194.0000,0.4870,7.5900,0.4978,1028.0000,EB,4022.1417
30639_c31df386,143,8.9358,1.9459,8.2500,50.1714,518.7321,350.0000,6.0814,8.9620,5.8116,85.0000,EB,3972.1418
30639_c31df386,144,8.9133,6.4814,6.7000,49.9216,526.9821,287.0000,7.4510,8.9490,7.5044,67.0000,EB,3922.1417
30639_c31df386,145,7.1515,6.5593,7.3000,50.0056,533.6821,309.0000,6.8501,7.1760,6.8424,73.0000,EB,3872.1417
30639_c31df386,146,7.0959,6.5740,7.3000,49.8991,540.9821,306.0000,6.8355,7.1170,6.8317,73.0000,EB,3822.1418
30639_c31df386,147,7.1284,6.5428,7.2679,49.9957,548.2821,315.0000,6.8790,7.1520,6.8710,73.0000,EB,3772.1418
30639_c31df386,148,7.2659,5.0609,7.5500,50.0409,555.5500,320.0000,6.6279,7.2950,6.6464,76.0000,EB,3722.1418
30639_c31df386,149,5.0524,3.4691,12.7000,49.9912,563.1000,533.0000,3.9363,5.0780,3.9486,126.0000,EB,3672.1417
30639_c31df386,150,5.6843,3.9710,11.7321,49.9781,575.8000,498.0000,4.2599,5.5020,4.2766,118.0000,EB,3618.1407
30639_c31df386,151,8.5240,5.7228,6.5500,49.9658,587.5321,278.0000,7.6283,8.5170,7.5861,66.0000,EB,3566.1401
30639_c31df386,152,7.7600,0.4509,12.0000,50.0735,594.0821,518.0000,4.1728,7.7840,4.1175,99.0000,EB,3516.1400
30639_c31df386,153,8.8220,0.0000,32.7679,49.6369,606.0821,1410.0000,1.5148,8.8140,1.5388,329.0000,EB,3466.1401
30639_c31df386,154,9.4043,8.7725,5.5321,49.9928,638.8500,242.0000,9.0369,9.4260,9.0320,55.0000,EB,3416.1400
30639_c31df386,155,8.9392,4.6807,7.4000,50.0373,644.3821,323.0000,6.7618,8.9300,6.7135,75.0000,EB,3366.1400
30639_c31df386,156,7.7041,0.0000,20.7500,50.2787,651.7821,921.0000,2.4231,7.6700,2.3075,72.0000,EB,3316.1401
30639_c31df386,157,11.6862,7.7305,5.1000,50.0323,672.5321,224.0000,9.8102,11.6390,9.7786,51.0000,EB,3266.1400
30639_c31df386,158,13.0812,11.7024,3.9500,49.8997,677.6321,176.0000,12.6329,13.0980,12.6335,40.0000,EB,3216.1399
30639_c31df386,159,12.9929,10.2760,4.3000,50.1090,681.5821,191.0000,11.6532,12.9470,11.8403,26.0000,EB,3166.1399
30639_c31df386,160,10.2550,6.2294,6.0679,49.8544,685.8821,268.0000,8.2161,9.4580,7.8465,49.0000,EB,3116.1399
30639_c31df386,161,6.2192,0.0000,18.4500,50.2206,691.9500,810.0000,2.7220,6.2320,2.7169,184.0000,EB,3066.1398
30639_c31df386,162,7.7541,5.5948,7.1821,50.1164,710.4000,320.0000,6.9779,7.7850,6.9756,72.0000,EB,3016.1399
30639_c31df386,163,6.6349,0.0000,46.0179,49.7310,717.5821,2047.0000,1.0807,6.4940,1.2688,162.0000,EB,2966.1399
30639_c31df386,164,11.2585,6.6429,5.5500,49.9799,763.6000,249.0000,9.0054,11.1340,9.3542,46.0000,EB,2916.1400
30639_c31df386,165,13.6467,11.2723,3.9821,50.2074,769.1500,177.0000,12.6083,13.5090,12.6154,34.0000,EB,2866.1398
30639_c31df386,166,13.7725,13.4403,3.6500,49.9680,773.1321,168.0000,13.6897,13.7670,13.6870,14.0000,EB,2816.1396
30639_c31df386,167,13.4212,10.9146,4.2179,49.8365,776.7821,192.0000,11.8156,13.3860,11.8247,43.0000,EB,2766.1396
30639_c31df386,168,10.9638,10.7245,4.6321,50.1591,781.0000,216.0000,10.8285,10.9630,10.8258,46.0000,EB,2717.1395
30639_c31df386,169,10.9601,10.7438,4.6000,49.9418,785.6321,216.0000,10.8570,10.9720,10.8506,46.0000,EB,2667.1395
30639_c31df386,170,10.7668,7.9795,5.4000,49.9198,790.2321,247.0000,9.2443,10.7830,9.2494,54.0000,EB,2617.1396
30639_c31df386,171,8.2954,8.0398,6.1500,50.0573,795.6321,271.0000,8.1394,8.2710,8.1343,50.0000,EB,2567.1395
30639_c31df386,172,9.6718,8.1682,5.4679,49.9122,801.7821,239.0000,9.1282,9.6710,9.1847,33.0000,EB,2518.1395
30639_c31df386,173,8.2168,3.7337,9.1500,50.0159,807.2500,415.0000,5.4662,6.7160,4.9581,13.0000,EB,2468.1395
30639_c31df386,174,8.2241,5.2441,6.7500,49.9774,816.4000,297.0000,7.4041,8.2170,7.2275,7.0000,EB,2418.1394
30639_c31df386,175,10.9448,8.2336,5.0321,50.0035,823.1500,221.0000,9.9370,10.9370,10.4166,24.0000,EB,2368.1396
30639_c31df386,176,12.3898,10.9484,4.2500,50.1800,828.1821,186.0000,11.8070,12.2570,11.6885,14.0000,EB,2318.1394
30639_c31df386,177,12.5382,12.3942,4.0000,49.8421,832.4321,172.0000,12.4605,12.4960,12.4502,7.0000,EB,2268.1394
30639_c31df386,178,12.5733,12.3161,4.0000,49.9475,836.4321,169.0000,12.4868,12.5770,12.4956,5.0000,EB,2218.1393
30639_c31df386,179,12.3070,11.0965,4.4000,50.0654,840.4321,191.0000,11.3786,12.3680,11.4303,6.0000,EB,2168.1393
30639_c31df386,180,11.1962,11.0757,4.5000,50.1404,844.8321,201.0000,11.1423,11.1840,11.1341,13.0000,EB,2118.1391
30639_c31df386,181,11.4555,11.1934,4.4500,50.0330,849.3321,203.0000,11.2434,11.4440,11.2307,18.0000,EB,2068.1392
30639_c31df386,182,12.2870,11.4675,4.1179,49.7427,853.7821,189.0000,12.0796,12.2470,12.0601,36.0000,EB,2017.1391
30639_c31df386,183,12.1500,12.0439,4.1321,50.0051,857.9000,183.0000,12.1015,12.1320,12.0672,22.0000,EB,1967.1389
30639_c31df386,184,12.1062,11.9914,4.1679,50.1731,862.0321,183.0000,12.0381,12.0940,12.0255,16.0000,EB,1917.1389
30639_c31df386,185,12.0747,11.9942,4.1500,49.9109,866.2000,175.0000,12.0267,12.0360,11.9972,18.0000,EB,1867.1388
30639_c31df386,186,12.0740,10.4314,4.2821,50.0917,870.3500,179.0000,11.6980,12.0490,11.4839,10.0000,EB,1817.1386
30639_c31df386,187,10.4044,6.9632,5.7000,49.9470,874.6321,241.0000,8.7626,10.1730,8.5823,33.0000,EB,1767.1386
30639_c31df386,188,7.2484,6.7898,7.0679,49.9719,880.3321,315.0000,7.0702,7.2780,7.0679,71.0000,EB,1717.1386
30639_c31df386,189,7.2266,6.8703,7.0321,50.1023,887.4000,312.0000,7.1248,7.2270,7.1517,58.0000,EB,1667.1386
30639_c31df386,190,7.2063,6.8608,7.1000,49.8618,894.4321,298.0000,7.0228,7.2250,7.0907,47.0000,EB,1617.1386
30639_c31df386,191,7.3008,5.2885,7.4000,50.1043,901.5321,311.0000,6.7709,7.3120,6.7256,74.0000,EB,1567.1386
30639_c31df386,192,5.2641,1.2345,24.7000,49.9883,908.9321,1030.0000,2.0238,5.1300,2.4059,60.0000,EB,1517.1386
30639_c31df386,193,7.0917,1.5267,9.7679,49.9221,933.6321,414.0000,5.1108,7.0730,6.0117,7.0000,EB,1467.1386
30639_c31df386,194,6.9516,6.3565,7.5000,50.1120,943.4000,309.0000,6.6816,6.8220,6.7080,3.0000,EB,1417.1386
30639_c31df386,195,6.9271,2.1850,10.0821,49.9767,950.9000,415.0000,4.9570,6.9010,4.7824,94.0000,EB,1367.1385
30639_c31df386,196,7.0637,1.2096,11.8179,49.9491,960.9821,492.0000,4.2266,7.0280,3.8092,75.0000,EB,1317.1385
30639_c31df386,197,6.8890,6.5130,7.4500,50.0165,972.8000,305.0000,6.7136,6.9160,6.7087,73.0000,EB,1267.1386
30639_c31df386,198,6.9064,6.5462,7.4321,49.9853,980.2500,298.0000,6.7256,6.9270,6.7272,74.0000,EB,1217.1386
30639_c31df386,199,6.8071,1.3093,14.1000,50.1247,987.6821,564.0000,3.5549,6.7910,3.5515,141.0000,EB,1167.1386
30639_c31df386,200,7.0355,4.4544,8.3500,49.8835,1001.7821,335.0000,5.9741,7.0210,5.9752,84.0000,EB,1117.1385
30639_c31df386,201,4.7885,3.9023,11.9000,50.0370,1010.1321,476.0000,4.2048,4.8040,4.2021,119.0000,EB,1067.1385
30639_c31df386,202,4.3033,0.0000,28.9500,50.9559,1022.0321,1159.0000,1.7601,4.3130,1.7579,287.0000,EB,1017.1385
30639_c31df386,203,4.2545,0.0000,22.2679,49.9803,1050.9821,892.0000,2.2445,4.2590,2.2697,220.0000,EB,967.1384
30639_c31df386,204,7.7709,0.0000,21.9321,50.2464,1073.2500,877.0000,2.2910,7.5930,2.2460,222.0000,EB,917.1384
30639_c31df386,205,9.6093,7.7950,5.4500,49.7205,1095.1821,218.0000,9.1231,9.6020,9.0661,55.0000,EB,867.1384
30639_c31df386,206,9.5998,7.9145,5.8679,50.0177,1100.6321,235.0000,8.5240,9.6090,8.5472,59.0000,EB,818.1384
30639_c31df386,207,8.5533,8.1471,6.0321,50.0856,1106.5000,241.0000,8.3032,8.5780,8.3059,60.0000,EB,768.1383
30639_c31df386,208,8.6010,8.2675,5.9000,49.9842,1112.5321,236.0000,8.4719,8.6250,8.4799,59.0000,EB,718.1382
30639_c31df386,209,8.4464,7.8715,6.0679,50.0147,1118.4321,243.0000,8.2425,8.4600,8.2576,61.0000,EB,669.1382
30639_c31df386,210,7.8341,6.8612,7.0322,49.9449,1124.5000,281.0000,7.1024,7.8940,7.1243,70.0000,EB,620.1381
30639_c31df386,211,7.0818,5.4169,8.0499,50.1268,1131.5322,322.0000,6.2270,7.0630,6.2457,80.0000,EB,570.1380
30639_c31df386,212,6.4002,5.0894,8.6500,50.0834,1139.5821,346.0000,5.7900,6.3830,5.7840,87.0000,EB,520.1379
30639_c31df386,213,7.1756,6.4048,7.0679,49.8446,1148.2321,283.0000,7.0522,7.1930,7.0454,71.0000,EB,470.1379
30639_c31df386,214,7.1533,2.7082,8.9500,50.0373,1155.3000,358.0000,5.5908,7.1950,5.7210,87.0000,EB,420.1378
30639_c31df386,215,4.3361,0.0000,76.5821,49.9200,1164.2500,3063.0000,0.6518,4.3430,0.6676,767.0000,EB,370.1378
30639_c31df386,216,6.7666,2.4899,9.0000,50.0808,1240.8321,361.0000,5.5645,6.8230,5.4862,90.0000,EB,320.1378
30639_c31df386,217,5.7718,0.0000,38.2179,49.3896,1249.8321,1533.0000,1.2923,5.9130,1.3211,383.0000,EB,270.1378
30639_c31df386,218,3.0160,0.0000,38.7500,49.8850,1288.0500,1555.0000,1.2874,3.0640,1.3182,386.0000,EB,220.1378
30639_c31df386,219,3.8682,0.8072,18.2500,49.9752,1326.8000,730.0000,2.7384,3.8220,2.7095,183.0000,EB,173.1339
30639_c31df386,220,4.5979,3.8709,11.5500,50.0051,1345.0500,462.0000,4.3294,4.4390,4.1201,50.0000,EB,0.0000
30639_c31df386,221,4.1748,3.9164,0.9000,3.6750,1356.6000,36.0000,4.0834,,,,WB,21.3710
30639_d3c43d69,0,3.5151,2.8594,15.6000,50.1309,12.5500,640.0000,3.2135,3.2950,3.0882,36.0000,WB,25.0000
30639_d3c43d69,1,3.4383,3.0485,15.4686,49.9775,28.1500,639.0000,3.2309,3.2560,3.1652,4.0000,WB,75.0000
30639_d3c43d69,2,3.4212,0.0000,39.1314,50.3040,43.6186,1616.0000,1.2855,3.4050,1.8432,284.0000,WB,125.0000
30639_d3c43d69,3,3.8848,0.0000,39.8000,50.1595,82.7500,1649.0000,1.2603,3.6000,0.9519,492.0000,WB,175.0000
30639_d3c43d69,4,7.1557,3.8945,8.3187,49.9696,122.5500,344.0000,6.0069,2.7610,2.3774,13.0000,WB,225.0000
30639_d3c43d69,5,6.8924,0.0000,25.4499,49.9893,130.8687,1062.0000,1.9642,0.0300,0.0195,4.0000,WB,275.0000
30639_d3c43d69,6,10.4967,6.9077,5.3814,48.1437,156.3186,237.0000,8.9463,,,,WB,325.0000
30639_d3c43d69,7,11.5158,10.2406,4.7000,50.0788,161.7000,201.0000,10.6551,,,,WB,375.0000
30639_d3c43d69,8,12.0565,11.0947,4.2500,49.8959,166.4000,182.0000,11.7402,,,,WB,425.0000
30639_d3c43d69,9,11.0756,7.4263,5.3686,50.1190,170.6500,232.0000,9.3356,,,,WB,475.0000
30639_d3c43d69,10,7.4116,0.0000,26.9000,50.0542,176.0186,1139.0000,1.8607,,,,WB,525.0000
30639_d3c43d69,11,8.0045,3.4697,9.4500,50.1998,202.9186,409.0000,5.3122,,,,WB,575.0000
30639_d3c43d69,12,8.3470,8.0110,6.1000,50.0806,212.3686,269.0000,8.2099,,,,WB,625.0000
30639_d3c43d69,13,8.2534,8.0159,6.1814,50.1763,218.4686,261.0000,8.1173,,,,WB,675.0000
30639_d3c43d69,14,8.4453,8.1578,6.0500,49.9047,224.6500,252.0000,8.2487,,,,WB,725.0000
30639_d3c43d69,15,8.7973,7.8134,5.8500,50.0262,230.7000,244.0000,8.5515,,,,WB,775.0000
30639_d3c43d69,16,7.7927,0.0000,22.2500,50.0973,236.5500,986.0000,2.2516,3.5040,1.0811,51.0000,WB,825.0000
30639_d3c43d69,17,4.0694,0.0000,24.6000,49.7278,258.8000,1106.0000,2.0215,4.0460,1.7056,406.0000,WB,875.0000
30639_d3c43d69,18,3.7342,0.0000,26.4933,50.0732,283.4000,1193.0000,1.8900,3.9340,2.9983,140.0000,WB,925.0000
30639_d3c43d69,19,3.9852,2.3856,16.9753,50.0537,309.8933,789.0000,2.9486,4.5430,2.9251,129.0000,WB,975.0000
30639_d3c43d69,20,5.6348,3.9372,11.5814,49.9931,326.8686,537.0000,4.3167,5.6580,4.2998,103.0000,WB,1025.0000
30639_d3c43d69,21,7.3163,5.6693,7.3186,50.0194,338.4500,343.0000,6.8345,7.2940,6.8803,99.0000,WB,1075.0000
30639_d3c43d69,22,7.3126,6.9371,7.0314,50.1611,345.7686,338.0000,7.1339,7.2950,7.0690,115.0000,WB,1125.0000
30639_d3c43d69,23,7.1840,6.9568,7.0500,50.0224,352.8000,320.0000,7.0954,7.1320,6.9499,72.0000,WB,1175.0000
30639_d3c43d69,24,7.2423,6.8606,7.1188,49.8872,359.8500,326.0000,7.0078,7.0590,6.8666,73.0000,WB,1225.0000
30639_d3c43d69,25,7.0783,6.7322,7.2312,50.0228,366.9688,326.0000,6.9177,6.9590,6.8603,25.0000,WB,1275.0000
30639_d3c43d69,26,6.9439,5.0124,7.6500,50.0664,374.2000,358.0000,6.5446,,,,WB,1325.0000
30639_d3c43d69,27,6.3286,0.9831,19.7500,50.1576,381.8500,928.0000,2.5396,,,,WB,1375.0000
30639_d3c43d69,28,7.2005,6.3312,7.2500,50.0428,401.6000,338.0000,6.9025,,,,WB,1425.0000
30639_d3c43d69,29,6.7852,4.2955,8.2686,50.0552,408.8500,385.0000,6.0536,,,,WB,1475.0000
30639_d3c43d69,30,7.1543,0.0000,17.1314,50.1296,417.1186,819.0000,2.9262,,,,WB,1525.0000
30639_d3c43d69,31,7.1508,6.5819,7.3000,49.8783,434.2500,351.0000,6.8326,,,,WB,1575.0000
30639_d3c43d69,32,7.1283,6.5927,7.3000,49.9764,441.5500,350.0000,6.8461,,,,WB,1625.0000
30639_d3c43d69,33,7.8111,7.0970,6.6687,50.0553,448.8500,320.0000,7.5061,,,,WB,1675.0000
30639_d3c43d69,34,7.8729,6.9983,6.8313,50.1061,455.5187,328.0000,7.3347,,,,WB,1725.0000
30639_d3c43d69,35,7.3510,6.7949,7.1186,50.1265,462.3500,343.0000,7.0416,,,,WB,1775.0000
30639_d3c43d69,36,7.1999,6.7186,7.2000,50.0983,469.4686,349.0000,6.9581,,,,WB,1825.0000
30639_d3c43d69,37,9.7964,6.7645,6.4313,50.0729,476.6687,313.0000,7.7858,,,,WB,1875.0000
30639_d3c43d69,38,10.0894,9.3287,5.1500,49.9928,483.1000,248.0000,9.7073,,,,WB,1925.0000
30639_d3c43d69,39,11.3748,9.4140,4.9000,49.9793,488.2500,236.0000,10.1999,,,,WB,1975.0000
30639_d3c43d69,40,11.8068,11.0104,4.3500,50.1431,493.1500,210.0000,11.5272,,,,WB,2025.0000
30639_d3c43d69,41,11.0119,10.7716,4.5809,49.9298,497.5000,224.0000,10.8995,11.1160,10.9304,35.0000,WB,2075.0000
30639_d3c43d69,42,11.2111,10.8328,4.5691,50.2546,502.0809,220.0000,10.9989,,,,WB,2125.0000
30639_d3c43d69,43,12.3874,11.1691,4.2500,49.8763,506.6500,201.0000,11.7356,,,,WB,2175.0000
30639_d3c43d69,44,12.8308,12.3863,3.9500,49.9227,510.9000,194.0000,12.6387,,,,WB,2225.0000
30639_d3c43d69,45,12.7811,12.6677,3.9327,50.0726,514.8500,190.0000,12.7325,,,,WB,2275.0000
30639_d3c43d69,46,12.6763,11.2738,4.2673,50.4405,518.7827,198.0000,11.8202,,,,WB,2325.0000
30639_d3c43d69,47,11.3575,11.2879,4.4000,49.8348,523.0500,214.0000,11.3261,,,,WB,2375.0000
30639_d3c43d69,48,11.3485,11.2745,4.4186,49.9845,527.4500,213.0000,11.3123,,,,WB,2425.0000
30639_d3c43d69,49,11.2874,9.7994,4.5814,50.3488,531.8686,223.0000,10.9898,8.2440,8.0676,27.0000,WB,2475.0000
30639_d3c43d69,50,9.7718,7.9684,6.0000,50.2452,536.4500,286.0000,8.3742,,,,WB,2525.0000
30639_d3c43d69,51,9.4799,7.9691,5.9000,49.8692,542.4500,288.0000,8.4524,,,,WB,2575.0000
30639_d3c43d69,52,11.4201,9.5045,4.6686,50.1539,548.3500,224.0000,10.7428,,,,WB,2625.0000
30639_d3c43d69,53,11.4738,11.3104,4.3814,49.9282,553.0186,212.0000,11.3955,,,,WB,2675.0000
30639_d3c43d69,54,11.6582,11.2899,4.4186,50.1151,557.4000,213.0000,11.3418,12.0530,11.5987,24.0000,WB,2725.0000
30639_d3c43d69,55,12.4187,11.6433,4.1314,50.1719,561.8186,197.0000,12.1441,12.3470,11.7030,45.0000,WB,2775.0000
30639_d3c43d69,56,11.6171,8.0923,5.1000,49.8711,565.9500,240.0000,9.7786,10.3280,7.9492,70.0000,WB,2825.0000
30639_d3c43d69,57,8.0689,2.0069,10.1500,49.8913,571.0500,490.0000,4.9154,7.4750,4.9931,38.0000,WB,2875.0000
30639_d3c43d69,58,8.2097,0.0000,24.8500,50.1621,581.2000,1204.0000,2.0186,8.1170,6.5359,68.0000,WB,2925.0000
30639_d3c43d69,59,8.2818,4.1723,7.7500,49.9454,606.0500,375.0000,6.4446,7.2410,2.2979,220.0000,WB,2975.0000
30639_d3c43d69,60,8.6530,0.0000,23.3000,62.6566,613.8000,1128.0000,2.6891,11.1720,9.3414,54.0000,WB,3025.0000
30639_d3c43d69,61,11.8598,8.6697,4.8186,49.9590,637.1000,226.0000,10.3679,12.8500,12.1877,41.0000,WB,3075.0000
30639_d3c43d69,62,12.9214,11.8695,3.9814,50.0038,641.9186,184.0000,12.5594,12.8490,11.3555,44.0000,WB,3125.0000
30639_d3c43d69,63,12.4959,7.9209,4.8500,50.0214,645.9000,233.0000,10.3137,9.3510,1.0752,369.0000,WB,3175.0000
30639_d3c43d69,64,7.8852,0.0000,57.7687,53.3121,650.7500,2800.0000,0.9229,,,,WB,3225.0000
30639_d3c43d69,65,10.6733,7.0843,5.4813,50.0307,708.5187,257.0000,9.1275,11.0380,10.9225,10.0000,WB,3275.0000
30639_d3c43d69,66,11.1224,10.6581,4.5687,50.0279,714.0000,215.0000,10.9501,,,,WB,3325.0000
30639_d3c43d69,67,10.7666,6.5616,5.8313,49.9339,718.5687,280.0000,8.5631,10.1860,8.2567,46.0000,WB,3375.0000
30639_d3c43d69,68,6.5473,0.0000,33.6500,49.9807,724.4000,1593.0000,1.4853,6.3560,4.9431,36.0000,WB,3425.0000
30639_d3c43d69,69,8.7819,5.4299,6.5187,49.9102,758.0500,305.0000,7.6565,,,,WB,3475.0000
30639_d3c43d69,70,8.5184,3.0240,8.9000,50.0609,764.5687,416.0000,5.6248,5.5660,2.3237,59.0000,WB,3525.0000
30639_d3c43d69,71,3.0414,0.7905,20.6813,50.0309,773.4687,978.0000,2.4191,2.7800,2.4832,11.0000,WB,3575.0000
30639_d3c43d69,72,4.2953,2.4399,16.0490,49.9653,794.1500,750.0000,3.1133,,,,WB,3625.0000
30639_d3c43d69,73,8.2346,3.9561,9.0697,50.0831,810.1990,417.0000,5.5220,,,,WB,3675.0000
30639_d3c43d69,74,9.2647,7.9002,6.1000,51.2911,819.2687,283.0000,8.4084,9.2540,8.6788,28.0000,WB,3725.0000
30639_d3c43d69,75,10.7490,9.2718,5.0500,49.9569,825.3686,234.0000,9.8926,10.8010,9.7461,51.0000,WB,3775.0000
30639_d3c43d69,76,11.0676,9.6535,4.6501,49.9606,830.4186,209.0000,10.7440,11.0560,10.6131,47.0000,WB,3825.0000
30639_d3c43d69,77,9.6385,5.2683,6.6813,50.0892,835.0687,321.0000,7.4969,9.3280,7.1819,69.0000,WB,3875.0000
30639_d3c43d69,78,7.0640,0.0000,43.3686,50.2226,841.7500,1963.0000,1.1580,7.2220,1.1616,431.0000,WB,3925.0000
30639_d3c43d69,79,9.5632,7.0791,5.7314,50.2297,885.1186,253.0000,8.7639,9.5610,8.8541,57.0000,WB,3975.0000
30639_d3c43d69,80,9.3931,8.2242,5.8000,49.8807,890.8500,262.0000,8.6001,9.1200,8.5353,58.0000,WB,4025.0000
30639_d3c43d69,81,8.2856,1.5279,10.2000,49.9554,896.6500,463.0000,4.8976,8.0360,3.0865,163.0000,WB,4075.0000
30639_d3c43d69,82,9.2595,0.0000,15.1000,50.3659,906.8500,672.0000,3.3355,9.3830,5.5771,90.0000,WB,4125.0000
30639_d3c43d69,83,11.4428,9.2844,4.7000,50.0346,921.9500,200.0000,10.6457,11.4510,10.7361,47.0000,WB,4175.0000
30639_d3c43d69,84,11.4344,8.1720,5.0687,49.9566,926.6500,224.0000,9.8560,11.3270,9.6477,51.0000,WB,4225.0000
30639_d3c43d69,85,8.1596,5.2372,7.1813,50.0751,931.7187,315.0000,6.9729,7.9330,6.8037,74.0000,WB,4275.0000
30639_d3c43d69,86,7.1181,0.0000,31.7500,50.3743,938.9000,1387.0000,1.5866,7.3760,1.5977,316.0000,WB,4325.0000
30639_d3c43d69,87,8.5324,7.1427,6.1000,49.9709,970.6500,251.0000,8.1919,8.5260,8.2399,61.0000,WB,4375.0000
30639_d3c43d69,88,10.3415,8.2928,5.4686,50.0482,976.7500,233.0000,9.1519,10.4190,9.2627,54.0000,WB,4425.0000
30639_d3c43d69,89,11.1880,10.0980,4.6314,50.1684,982.2186,196.0000,10.8322,11.1630,10.7872,46.0000,WB,4475.0000
30639_d3c43d69,90,10.0724,5.7521,6.3186,49.8459,986.8500,268.0000,7.8888,9.8210,7.6020,66.0000,WB,4525.0000
30639_d3c43d69,91,6.4180,0.0000,19.4500,50.7852,993.1686,809.0000,2.6111,6.6530,2.5899,192.0000,WB,4575.0000
30639_d3c43d69,92,10.8846,6.4336,5.7000,49.8445,1012.6186,238.0000,8.7446,10.9610,8.9249,56.0000,WB,4625.0000
30639_d3c43d69,93,12.4396,10.8970,4.2314,50.1838,1018.3186,182.0000,11.8599,12.4790,11.9106,42.0000,WB,4675.0000
30639_d3c43d69,94,12.8569,12.2368,3.9500,50.0272,1022.5500,166.0000,12.6651,12.8640,12.6248,40.0000,WB,4725.0000
30639_d3c43d69,95,12.1942,8.7030,4.8000,50.0227,1026.5000,197.0000,10.4214,11.9690,10.2219,49.0000,WB,4775.0000
30639_d3c43d69,96,8.6917,8.2484,5.8687,49.9039,1031.3000,236.0000,8.5034,8.6940,8.4974,59.0000,WB,4825.0000
30639_d3c43d69,97,8.6992,8.3883,5.8499,49.9850,1037.1687,236.0000,8.5446,8.7390,8.5455,58.0000,WB,4875.0000
30639_d3c43d69,98,8.6582,7.6840,5.9314,49.9384,1043.0186,238.0000,8.4193,8.6310,8.3532,60.0000,WB,4925.0000
30639_d3c43d69,99,7.6617,0.0000,17.6686,50.5137,1048.9500,708.0000,2.8590,7.4330,2.7533,182.0000,WB,4975.0000
30639_d3c43d69,100,9.6359,2.1300,8.2814,49.9158,1066.6186,332.0000,6.0275,9.7690,6.5428,76.0000,WB,5025.0000
30639_d3c43d69,101,12.0989,9.6581,4.5000,50.0709,1074.9000,180.0000,11.1269,12.1510,11.2346,45.0000,WB,5075.0000
30639_d3c43d69,102,12.1838,9.5938,4.5000,50.0127,1079.4000,181.0000,11.1139,12.1780,10.9843,45.0000,WB,5125.0000
30639_d3c43d69,103,9.5789,5.0276,6.8500,49.9937,1083.9000,274.0000,7.2984,9.4080,7.0672,71.0000,WB,5175.0000
30639_d3c43d69,104,5.0081,0.0000,9.8186,17.7920,1090.7500,396.0000,1.8121,4.7080,1.6899,93.0000,WB,5225.0000
30639_d3c43d69,150,,,,,,,,4.3050,3.4164,55.0000,EB,3618.1407
30639_d3c43d69,154,,,,,,,,2.4070,0.5963,53.0000,EB,3416.1400
30639_d3c43d69,155,,,,,,,,11.0780,10.7645,14.0000,EB,3366.1400
30639_d3c43d69,156,,,,,,,,11.0800,10.7869,22.0000,EB,3316.1401
30639_d3c43d69,157,,,,,,,,10.3570,8.2754,40.0000,EB,3266.1400
30639_d3c43d69,158,,,,,,,,5.1570,1.1003,147.0000,EB,3216.1399
30639_d3c43d69,173,,,,,,,,8.7900,8.1726,29.0000,EB,2468.1395
30639_d3c43d69,174,,,,,,,,11.1760,10.5249,48.0000,EB,2418.1394
30639_d3c43d69,175,,,,,,,,11.2740,11.2134,44.0000,EB,2368.1396
30639_d3c43d69,176,,,,,,,,11.2710,11.2344,45.0000,EB,2318.1394
30639_d3c43d69,177,,,,,,,,12.5320,11.5207,43.0000,EB,2268.1394
30639_d3c43d69,178,,,,,,,,12.6750,12.6123,40.0000,EB,2218.1393
30639_d3c43d69,179,,,,,,,,12.7080,12.5780,40.0000,EB,2168.1393
30639_d3c43d69,180,,,,,,,,12.3290,12.0050,24.0000,EB,2118.1391
30639_d3c43d69,205,,,,,,,,3.3850,3.3130,9.0000,EB,867.1384
30639_d3c43d69,206,,,,,,,,8.1040,2.7695,178.0000,EB,818.1384
30639_d3c43d69,207,,,,,,,,8.7990,8.5402,59.0000,EB,768.1383
30639_d3c43d69,208,,,,,,,,8.3270,8.1775,61.0000,EB,718.1382
30639_d3c43d69,209,,,,,,,,8.2330,8.0501,62.0000,EB,669.1382
30639_d3c43d69,210,,,,,,,,8.2770,8.1255,61.0000,EB,620.1381
30639_d3c43d69,211,,,,,,,,7.6070,5.0216,100.0000,EB,570.1380
30639_d3c43d69,212,,,,,,,,8.0010,1.9294,266.0000,EB,520.1379
30639_d3c43d69,213,,,,,,,,11.3630,9.7943,51.0000,EB,470.1379
30639_d3c43d69,214,,,,,,,,11.9990,11.6610,43.0000,EB,420.1378
30639_d3c43d69,215,,,,,,,,11.1190,10.4259,48.0000,EB,370.1378
30639_d3c43d69,217,,,,,,,,6.6210,3.9876,78.0000,EB,270.1378
30639_d3c43d69,218,,,,,,,,7.1590,5.9771,63.0000,EB,220.1378
30639_d3c43d69,220,1.6020,0.0000,9.6000,2.0843,1.3500,366.0000,0.2171,,,,EB,0.0000
30639_d3c43d69,221,2.8382,1.6239,1.6000,3.5913,10.9500,65.0000,2.2446,,,,WB,21.3710
30639_d601d28f,114,3.4857,1.5429,9.6500,25.8041,38.6500,395.0000,2.6740,,,,EB,5421.1425
30639_d601d28f,115,4.4821,2.1248,16.0706,51.0010,48.3000,655.0000,3.1736,4.3870,2.9317,170.0000,EB,5369.1419
30639_d601d28f,116,6.6588,0.8802,12.6794,50.3500,64.3706,522.0000,3.9710,6.5530,4.6454,107.0000,EB,5316.1420
30639_d601d28f,117,7.4231,0.0000,20.9206,55.2070,77.0500,852.0000,2.6389,7.2990,2.4994,200.0000,EB,5266.1420
30639_d601d28f,118,10.8550,7.4397,5.3294,49.9781,97.9706,218.0000,9.3777,10.7010,9.2594,54.0000,EB,5216.1420
30639_d601d28f,119,11.0450,10.7321,4.6000,49.9381,103.3000,189.0000,10.8561,10.8460,10.6532,47.0000,EB,5166.1420
30639_d601d28f,120,10.6932,6.6490,5.8706,50.0578,107.9000,245.0000,8.5269,10.2570,8.1591,61.0000,EB,5116.1421
30639_d601d28f,121,6.6370,0.0000,19.4794,53.6519,113.7706,798.0000,2.7543,6.2180,2.6397,191.0000,EB,5066.1420
30639_d601d28f,122,7.9212,4.0399,8.8706,50.0202,133.2500,365.0000,5.6389,6.4190,5.1991,40.0000,EB,5016.1420
30639_d601d28f,123,9.5428,7.9387,5.5794,50.1095,142.1206,230.0000,8.9812,9.4180,9.0131,40.0000,EB,4966.1420
30639_d601d28f,124,8.5160,7.8523,6.0205,50.0566,147.7000,246.0000,8.3143,8.4240,8.2157,61.0000,EB,4917.1420
30639_d601d28f,125,9.7201,8.5076,5.7795,50.1998,153.7205,236.0000,8.6859,9.6860,8.6156,58.0000,EB,4867.1420
30639_d601d28f,126,10.9428,9.7347,4.7000,50.0506,159.5000,193.0000,10.6491,10.8430,10.5658,47.0000,EB,4818.1420
30639_d601d28f,127,11.2372,10.9479,4.5000,49.8825,164.2000,182.0000,11.0850,11.0860,10.9463,46.0000,EB,4768.1420
30639_d601d28f,128,11.2259,7.9610,5.1000,50.1320,168.7000,209.0000,9.8298,11.1160,9.4254,53.0000,EB,4718.1420
30639_d601d28f,129,7.9378,0.0000,14.0206,52.6856,173.8000,584.0000,3.7577,7.4950,2.8685,176.0000,EB,4668.1421
30639_d601d28f,130,9.7196,0.0000,12.0500,52.2458,184.3500,495.0000,4.3358,9.6030,6.2302,80.0000,EB,4618.1420
30639_d601d28f,131,12.2914,9.7359,4.4501,49.8906,199.8706,183.0000,11.2112,12.2040,11.1423,45.0000,EB,4568.1420
30639_d601d28f,132,12.3905,12.2954,4.0500,50.0040,204.3206,165.0000,12.3468,12.2840,12.2324,41.0000,EB,4518.1420
30639_d601d28f,133,12.3460,8.9966,4.6794,50.3077,208.3706,193.0000,10.7509,12.2590,10.5427,47.0000,EB,4468.1419
30639_d601d28f,134,8.9766,4.3255,7.6500,49.8996,213.0500,314.0000,6.5228,8.7670,6.2489,81.0000,EB,4418.1420
30639_d601d28f,135,8.3554,2.5007,10.4500,49.9862,220.7000,430.0000,4.7834,8.3400,4.8954,102.0000,EB,4369.1419
30639_d601d28f,136,8.5139,6.7079,6.3706,50.0716,231.1500,260.0000,7.8599,8.4470,7.6888,65.0000,EB,4320.1420
30639_d601d28f,137,10.0978,6.8024,6.3000,50.1776,237.5206,258.0000,7.9646,10.2290,8.1001,62.0000,EB,4271.1418
30639_d601d28f,138,12.2596,10.1147,4.3794,50.0822,243.8206,178.0000,11.4359,12.1460,11.4927,43.0000,EB,4222.1418
30639_d601d28f,139,12.2362,8.6202,4.7705,50.0688,248.2000,193.0000,10.4954,11.9350,10.0796,50.0000,EB,4172.1418
30639_d601d28f,140,8.6021,7.6046,6.0795,50.3415,252.9705,255.0000,8.2806,8.4450,8.0893,62.0000,EB,4122.1417
30639_d601d28f,141,7.5803,0.0000,21.5205,53.6692,259.0500,878.0000,2.4939,6.9190,2.3864,151.0000,EB,4072.1418
30639_d601d28f,142,10.2912,4.5765,6.5295,49.8894,280.5705,268.0000,7.6406,9.9660,7.9043,50.0000,EB,4022.1417
30639_d601d28f,143,10.5340,9.3235,4.9706,50.0373,287.1000,209.0000,10.0666,10.2140,9.6700,25.0000,EB,3972.1418
30639_d601d28f,144,9.3157,6.5827,6.4999,50.0956,292.0706,265.0000,7.7071,9.1850,7.5886,67.0000,EB,3922.1417
30639_d601d28f,145,7.2732,6.5255,7.2500,49.9448,298.5706,304.0000,6.8889,7.2680,6.8502,71.0000,EB,3872.1417
30639_d601d28f,146,7.1391,6.5432,7.3294,50.1681,305.8206,298.0000,6.8448,7.0350,6.7442,31.0000,EB,3822.1418
30639_d601d28f,147,7.1968,6.5340,7.2706,49.9418,313.1500,299.0000,6.8690,7.1560,6.8660,73.0000,EB,3772.1418
30639_d601d28f,148,7.1846,5.1998,8.4794,50.2305,320.4206,353.0000,5.9238,6.9570,5.7562,87.0000,EB,3722.1418
30639_d601d28f,149,5.2126,3.5496,12.5206,50.1797,328.9000,516.0000,4.0078,4.7850,3.9385,126.0000,EB,3672.1417
30639_d601d28f,150,5.2492,3.8525,12.0794,50.1312,341.4206,505.0000,4.1501,5.0890,4.2118,110.0000,EB,3618.1407
30639_d601d28f,151,8.0972,5.3066,6.8000,50.0063,353.5000,290.0000,7.3539,8.0250,7.4585,7.0000,EB,3566.1401
30639_d601d28f,152,8.1057,1.8833,10.2500,50.0379,360.3000,431.0000,4.8818,8.0160,4.1612,116.0000,EB,3516.1400
30639_d601d28f,153,8.8308,0.0000,15.7500,51.4921,370.5500,656.0000,3.2693,8.8230,3.5791,139.0000,EB,3466.1401
30639_d601d28f,154,9.3369,8.6971,5.5706,49.9800,386.3000,231.0000,8.9722,9.3420,8.9501,56.0000,EB,3416.1400
30639_d601d28f,155,8.9806,5.4281,7.2501,49.9863,391.8706,300.0000,6.8946,8.8550,6.8164,73.0000,EB,3366.1400
30639_d601d28f,156,7.7394,3.8970,9.3294,50.0494,399.1206,396.0000,5.3647,7.8080,5.3766,93.0000,EB,3316.1401
30639_d601d28f,157,11.7500,7.7673,5.0706,50.0204,408.4500,210.0000,9.8648,11.7850,9.9280,50.0000,EB,3266.1400
30639_d601d28f,158,13.3104,11.7637,3.9294,50.1208,413.5206,164.0000,12.7552,13.2990,12.7568,39.0000,EB,3216.1399
30639_d601d28f,159,13.2470,10.4050,4.2206,49.8604,417.4500,179.0000,11.8136,13.1520,11.7219,43.0000,EB,3166.1399
30639_d601d28f,160,10.3913,6.4840,5.9794,50.0695,421.6706,248.0000,8.3737,10.2680,8.4028,47.0000,EB,3116.1399
30639_d601d28f,161,6.4650,0.0000,56.3206,52.0098,427.6500,2382.0000,0.9235,5.1300,0.5067,189.0000,EB,3066.1398
30639_d601d28f,162,10.3619,4.6347,6.5794,50.0920,483.9706,277.0000,7.6134,10.0290,7.6124,6.0000,EB,3016.1399
30639_d601d28f,163,12.3298,10.3869,4.2706,49.7727,490.5500,184.0000,11.6547,12.4100,11.8037,33.0000,EB,2966.1399
30639_d601d28f,164,13.3724,12.0660,4.0000,50.1294,494.8206,172.0000,12.5325,13.3040,12.5116,35.0000,EB,2916.1400
30639_d601d28f,165,13.9037,13.3804,3.6501,49.9762,498.8206,156.0000,13.6918,13.8370,13.6508,36.0000,EB,2866.1398
30639_d601d28f,166,13.9389,13.5352,3.5999,49.8529,502.4706,153.0000,13.8483,13.8800,13.8558,19.0000,EB,2816.1396
30639_d601d28f,167,13.5216,10.7053,4.2794,50.1744,506.0706,182.0000,11.7246,12.7890,11.3699,19.0000,EB,2766.1396
30639_d601d28f,168,10.8689,10.6095,4.6500,49.9076,510.3500,199.0000,10.7328,10.8660,10.7183,19.0000,EB,2717.1395
30639_d601d28f,169,10.9915,10.6917,4.6500,50.1573,515.0000,205.0000,10.7865,10.9720,10.8813,3.0000,EB,2667.1395
30639_d601d28f,170,10.9793,7.9485,5.4500,49.9530,519.6500,240.0000,9.1657,10.6810,9.0317,7.0000,EB,2617.1396
30639_d601d28f,171,8.3231,8.1159,6.1000,50.1504,525.1000,275.0000,8.2214,8.3180,8.2202,27.0000,EB,2567.1395
30639_d601d28f,172,9.6788,8.2722,5.4500,49.8347,531.2000,238.0000,9.1440,,,,EB,2518.1395
30639_d601d28f,173,10.9513,8.1995,5.2500,50.2066,536.6500,227.0000,9.5632,10.3810,9.2751,4.0000,EB,2468.1395
30639_d601d28f,174,11.0774,10.8370,4.5500,49.8771,541.9000,196.0000,10.9620,11.0190,10.9327,3.0000,EB,2418.1394
30639_d601d28f,175,10.9131,10.7544,4.6206,49.9923,546.4500,198.0000,10.8195,10.8150,10.7674,7.0000,EB,2368.1396
30639_d601d28f,176,12.2450,10.7441,4.3294,49.8313,551.0706,188.0000,11.5099,11.6740,11.0492,5.0000,EB,2318.1394
30639_d601d28f,177,12.7179,12.2522,4.0000,50.0988,555.4000,174.0000,12.5247,,,,EB,2268.1394
30639_d601d28f,178,12.6194,12.1687,4.0206,50.1202,559.4000,176.0000,12.4659,12.6150,12.4244,4.0000,EB,2218.1393
30639_d601d28f,179,12.1534,11.1183,4.4000,49.8832,563.4206,191.0000,11.3371,12.1410,11.3247,44.0000,EB,2168.1393
30639_d601d28f,180,11.2925,11.1877,4.4500,50.0102,567.8206,194.0000,11.2383,11.2920,11.2296,16.0000,EB,2118.1391
30639_d601d28f,181,11.3562,10.9112,4.5294,50.0958,572.2706,199.0000,11.0601,,,,EB,2068.1392
30639_d601d28f,182,12.3602,11.3683,4.1500,50.0596,576.8000,186.0000,12.0626,,,,EB,2017.1391
30639_d601d28f,183,12.2592,12.1460,4.1000,49.9598,580.9500,179.0000,12.1853,12.2320,12.1696,24.0000,EB,1967.1389
30639_d601d28f,184,12.1601,11.9617,4.1500,49.9432,585.0500,182.0000,12.0345,12.1480,12.0175,41.0000,EB,1917.1389
30639_d601d28f,185,12.0863,12.0048,4.1500,49.9558,589.2000,180.0000,12.0376,12.0340,12.0100,23.0000,EB,1867.1388
30639_d601d28f,186,12.0361,10.4222,4.3000,50.0519,593.3500,189.0000,11.6400,,,,EB,1817.1386
30639_d601d28f,187,10.3987,6.9856,5.7000,49.9532,597.6500,248.0000,8.7637,9.5240,8.3168,4.0000,EB,1767.1386
30639_d601d28f,188,7.2400,6.8214,7.0706,50.0487,603.3500,307.0000,7.0784,7.2020,6.9812,3.0000,EB,1717.1386
30639_d601d28f,189,7.2203,6.8132,7.0794,50.0366,610.4206,315.0000,7.0679,,,,EB,1667.1386
30639_d601d28f,190,7.2114,6.8457,7.1000,49.9929,617.5000,314.0000,7.0413,7.1830,7.0941,4.0000,EB,1617.1386
30639_d601d28f,191,7.1531,5.3530,7.4000,49.9467,624.6000,330.0000,6.7496,7.1050,6.9685,4.0000,EB,1567.1386
30639_d601d28f,192,5.3248,1.2428,24.5500,50.0597,632.0000,1129.0000,2.0391,3.0070,1.6435,163.0000,EB,1517.1386
30639_d601d28f,193,7.0638,1.6968,10.0205,50.0700,656.5500,473.0000,4.9967,7.0980,5.1249,97.0000,EB,1467.1386
30639_d601d28f,194,6.9171,6.3587,7.5295,50.0569,666.5705,351.0000,6.6481,6.9640,6.6615,75.0000,EB,1417.1386
30639_d601d28f,195,6.8528,2.1561,10.1500,49.9090,674.1000,478.0000,4.9171,6.8520,4.8526,104.0000,EB,1367.1385
30639_d601d28f,196,7.0604,1.1862,11.8500,50.1000,684.2500,546.0000,4.2278,7.0910,4.2779,116.0000,EB,1317.1385
30639_d601d28f,197,6.8405,6.4473,7.5206,49.9315,696.1000,356.0000,6.6393,6.8360,6.6394,75.0000,EB,1267.1386
30639_d601d28f,198,6.9575,6.4826,7.4294,50.1600,703.6206,354.0000,6.7516,6.9820,6.7539,74.0000,EB,1217.1386
30639_d601d28f,199,6.8118,1.1887,14.3706,49.9430,711.0500,691.0000,3.4754,6.7890,3.4854,144.0000,EB,1167.1386
30639_d601d28f,200,6.9885,4.2820,8.4640,49.9429,725.4206,400.0000,5.9006,6.9830,5.9290,84.0000,EB,1117.1385
30639_d601d28f,201,5.9117,3.8827,11.4360,50.0482,733.8846,550.0000,4.3764,5.9090,4.3583,114.0000,EB,1067.1385
30639_d601d28f,202,5.8712,3.7282,11.3295,50.0044,745.3205,539.0000,4.4137,5.8470,4.4354,113.0000,EB,1017.1385
30639_d601d28f,203,6.2741,1.8743,11.1000,50.0666,756.6500,521.0000,4.5105,6.2620,4.5593,110.0000,EB,967.1384
30639_d601d28f,204,7.8053,0.0000,44.3500,50.3921,767.7500,2099.0000,1.1362,7.6120,1.1272,444.0000,EB,917.1384
30639_d601d28f,205,9.5346,7.8287,5.4795,49.8600,812.1000,256.0000,9.0994,9.5540,9.0496,56.0000,EB,867.1384
30639_d601d28f,206,9.5302,7.8633,5.9205,49.9996,817.5795,279.0000,8.4452,9.5660,8.4649,59.0000,EB,818.1384
30639_d601d28f,207,8.6147,8.3255,5.9206,49.9532,823.5000,282.0000,8.4372,8.6470,8.4447,59.0000,EB,768.1383
30639_d601d28f,208,8.6124,7.4249,6.0294,50.0399,829.4206,277.0000,8.2993,8.6650,8.3286,60.0000,EB,718.1382
30639_d601d28f,209,7.4010,0.0000,31.4000,49.5230,835.4500,1426.0000,1.5772,7.5040,1.6115,314.0000,EB,669.1382
30639_d601d28f,210,9.0660,2.3740,8.2000,50.0713,866.8500,387.0000,6.1063,9.0110,6.0247,83.0000,EB,620.1381
30639_d601d28f,211,10.3080,9.0747,5.0206,49.9152,875.0500,236.0000,9.9420,10.3300,9.9417,50.0000,EB,570.1380
30639_d601d28f,212,9.9039,7.9612,5.9000,49.9734,880.0706,271.0000,8.4701,9.9140,8.4792,60.0000,EB,520.1379
30639_d601d28f,213,8.2076,8.0793,6.1500,50.0566,885.9706,284.0000,8.1392,8.2180,8.1451,61.0000,EB,470.1379
30639_d601d28f,214,8.4166,8.0097,6.0500,50.0097,892.1206,279.0000,8.2661,8.4630,8.2762,61.0000,EB,420.1378
30639_d601d28f,215,7.9971,2.4956,10.6794,49.9165,898.1706,502.0000,4.6741,7.9100,4.6625,107.0000,EB,370.1378
30639_d601d28f,216,7.4089,4.1249,7.8500,50.0244,908.8500,349.0000,6.3725,7.4470,6.3915,78.0000,EB,320.1378
30639_d601d28f,217,5.7345,0.0000,23.5500,49.8630,916.7000,1085.0000,2.1173,5.7350,2.1226,236.0000,EB,270.1378
30639_d601d28f,218,3.7167,2.2833,18.3000,50.0369,940.2500,826.0000,2.7343,3.7660,2.9028,56.0000,EB,220.1378
30639_d601d28f,219,3.1325,0.0000,26.5705,49.9072,958.5500,1189.0000,1.8783,3.0570,1.5634,171.0000,EB,173.1339
30639_d601d28f,220,3.5679,1.5894,17.0000,50.0071,985.1205,739.0000,2.9416,3.5480,2.9828,169.0000,EB,0.0000
30639_d601d28f,221,1.5787,0.0000,6.7500,2.6904,1002.1206,298.0000,0.3986,1.8330,0.4922,70.0000,WB,21.3710
30639_d927f360,112,1.6748,0.0000,8.4000,2.1187,0.0000,308.0000,0.2522,1.6150,0.2407,70.0000,EB,5511.1413
30639_d927f360,113,3.5778,0.0000,35.5663,49.6432,8.4000,1546.0000,1.3958,3.4290,1.6018,185.0000,EB,5466.1414
30639_d927f360,114,3.5110,2.0346,18.0500,50.2609,43.9663,774.0000,2.7845,3.3910,2.7417,75.0000,EB,5421.1425
30639_d927f360,115,4.5649,2.4048,15.4001,50.1435,62.0162,667.0000,3.2561,4.4470,3.2538,142.0000,EB,5369.1419
30639_d927f360,116,7.1643,4.5730,8.2499,50.0653,77.4163,367.0000,6.0686,7.0760,5.8539,34.0000,EB,5316.1420
30639_d927f360,117,7.0910,0.0000,28.1838,49.5767,85.6662,1231.0000,1.7591,6.9920,1.7591,252.0000,EB,5266.1420
30639_d927f360,118,10.0655,7.1191,5.7000,50.0173,113.8500,260.0000,8.7750,10.0260,8.6863,46.0000,EB,5216.1420
30639_d927f360,119,10.0709,9.0165,5.0662,49.8760,119.5500,230.0000,9.8449,10.0240,9.7787,23.0000,EB,5166.1420
30639_d927f360,120,9.0019,4.2499,7.7338,50.0278,124.6162,349.0000,6.4687,8.2760,6.1669,13.0000,EB,5116.1421
30639_d927f360,121,5.6565,0.0000,20.7000,50.7377,132.3500,921.0000,2.4511,5.5930,2.4855,92.0000,EB,5066.1420
30639_d927f360,122,10.4302,5.6902,6.0500,50.0722,153.0500,272.0000,8.2764,10.4190,8.2380,57.0000,EB,5016.1420
30639_d927f360,123,10.7066,8.6953,4.9000,49.7818,159.1000,234.0000,10.1596,10.6790,10.1331,44.0000,EB,4966.1420
30639_d927f360,124,8.6952,8.1622,6.0500,50.0279,164.0000,291.0000,8.2691,8.6320,8.2591,55.0000,EB,4917.1420
30639_d927f360,125,9.9240,8.2877,5.8163,49.9468,170.0500,282.0000,8.5874,9.8830,8.5846,53.0000,EB,4867.1420
30639_d927f360,126,11.0051,9.9363,4.6837,50.2800,175.8663,226.0000,10.7351,11.0020,10.7270,46.0000,EB,4818.1420
30639_d927f360,127,11.1755,10.8750,4.5000,49.9048,180.5500,220.0000,11.0899,11.1900,11.0554,45.0000,EB,4768.1420
30639_d927f360,128,10.8611,7.6356,5.3662,49.8872,185.0500,262.0000,9.2965,10.7100,8.9446,36.0000,EB,4718.1420
30639_d927f360,129,7.6257,0.0000,18.0838,51.0139,190.4162,873.0000,2.8210,7.5340,2.7949,169.0000,EB,4668.1421
30639_d927f360,130,9.5187,2.3899,7.9500,49.8794,208.5000,394.0000,6.2741,9.4760,6.2233,62.0000,EB,4618.1420
30639_d927f360,131,12.1365,9.5324,4.6500,50.2444,216.4500,232.0000,10.8053,12.0880,10.7529,46.0000,EB,4568.1420
30639_d927f360,132,12.5275,12.1508,4.0000,49.7977,221.1000,199.0000,12.4494,12.5310,12.4259,41.0000,EB,4518.1420
30639_d927f360,133,12.4841,9.1335,4.6000,50.1393,225.1000,227.0000,10.8999,12.5000,10.8742,46.0000,EB,4468.1419
30639_d927f360,134,9.1339,3.8472,7.9163,49.9140,229.7000,374.0000,6.3052,9.0540,6.3045,79.0000,EB,4418.1420
30639_d927f360,135,7.9969,0.0000,49.5593,49.1938,237.6163,2430.0000,0.9926,7.9710,1.0185,495.0000,EB,4369.1419
30639_d927f360,136,8.3918,6.6514,6.5407,49.9715,287.1755,323.0000,7.6401,8.3910,7.6617,65.0000,EB,4320.1420
30639_d927f360,137,10.5366,6.9379,5.9838,50.0610,293.7162,298.0000,8.3661,10.4240,8.3056,60.0000,EB,4271.1418
30639_d927f360,138,12.2765,10.5545,4.2663,49.9271,299.7000,209.0000,11.7026,12.2880,11.6630,43.0000,EB,4222.1418
30639_d927f360,139,12.0892,8.5688,4.8837,50.0899,303.9663,243.0000,10.2566,12.0860,10.3259,48.0000,EB,4172.1418
30639_d927f360,140,8.6157,7.0887,6.0163,49.9604,308.8500,300.0000,8.3041,8.6320,8.3313,60.0000,EB,4122.1417
30639_d927f360,141,7.0749,0.0000,18.9146,49.5702,314.8663,945.0000,2.6207,7.1660,2.6669,120.0000,EB,4072.1418
30639_d927f360,142,6.0702,0.0000,54.6691,49.9858,333.7809,2705.0000,0.9143,6.1140,0.8836,418.0000,EB,4022.1417
30639_d927f360,143,8.6428,2.1673,8.7163,50.0116,388.4500,434.0000,5.7377,8.6450,5.8428,59.0000,EB,3972.1418
30639_d927f360,144,8.6682,6.5606,6.6337,49.9346,397.1663,330.0000,7.5274,8.7130,7.5296,67.0000,EB,3922.1417
30639_d927f360,145,7.1691,6.5499,7.2500,50.0201,403.8000,362.0000,6.8993,7.1640,6.8933,72.0000,EB,3872.1417
30639_d927f360,146,7.1757,6.6445,7.2259,49.9894,411.0500,361.0000,6.9181,7.1830,6.9029,69.0000,EB,3822.1418
30639_d927f360,147,7.2455,6.6092,7.2403,50.0733,418.2759,357.0000,6.9159,7.2220,6.8931,59.0000,EB,3772.1418
30639_d927f360,148,7.2238,5.1584,7.5838,49.9826,425.5162,371.0000,6.5907,7.2590,6.5789,76.0000,EB,3722.1418
30639_d927f360,149,5.1490,3.5389,12.5162,49.9585,433.1000,617.0000,3.9915,5.1290,3.9919,126.0000,EB,3672.1417
30639_d927f360,150,4.3754,0.0000,45.1338,50.1476,445.6162,2213.0000,1.1111,4.1390,1.0879,437.0000,EB,3618.1407
30639_d927f360,151,8.2772,4.3894,7.1500,49.9336,490.7500,356.0000,6.9837,8.2660,7.5114,21.0000,EB,3566.1401
30639_d927f360,152,7.7436,0.8284,11.5162,49.9733,497.9000,572.0000,4.3394,7.5560,3.9475,88.0000,EB,3516.1400
30639_d927f360,153,5.8750,0.0000,17.7338,49.9799,509.4162,877.0000,2.8183,4.6360,2.6358,119.0000,EB,3466.1401
30639_d927f360,154,8.8564,5.8654,7.1500,49.9783,527.1500,353.0000,6.9900,8.8600,7.5682,42.0000,EB,3416.1400
30639_d927f360,155,8.8611,4.8071,7.1662,49.9383,534.3000,345.0000,6.9686,8.8560,7.5736,35.0000,EB,3366.1400
30639_d927f360,156,7.5594,0.0000,20.2157,50.1364,541.4662,996.0000,2.4801,7.5090,2.5241,129.0000,EB,3316.1401
30639_d927f360,157,11.5604,7.5783,5.2181,49.8686,561.6819,256.0000,9.5569,11.4490,9.5297,43.0000,EB,3266.1400
30639_d927f360,158,13.0919,11.5670,3.9662,49.9918,566.9000,197.0000,12.6044,13.0970,12.5831,27.0000,EB,3216.1399
30639_d927f360,159,13.1014,10.5671,4.1501,50.0236,570.8662,208.0000,12.0537,12.9790,11.8293,10.0000,EB,3166.1399
30639_d927f360,160,10.5553,6.4033,5.9337,50.0920,575.0163,290.0000,8.4419,10.5690,8.6400,28.0000,EB,3116.1399
30639_d927f360,161,6.3815,0.0000,19.2163,50.3018,580.9500,941.0000,2.6177,6.2550,2.1882,71.0000,EB,3066.1398
30639_d927f360,162,11.0388,6.1316,5.8000,50.0539,600.1663,271.0000,8.6299,10.9210,8.5930,48.0000,EB,3016.1399
30639_d927f360,163,13.6524,11.0524,3.9837,49.8132,605.9663,183.0000,12.5043,13.6950,12.4576,40.0000,EB,2966.1399
30639_d927f360,164,14.0862,13.6582,3.6000,50.1850,609.9500,167.0000,13.9403,14.0570,13.8998,36.0000,EB,2916.1400
30639_d927f360,165,14.1106,12.3514,3.6662,49.9107,613.5500,173.0000,13.6137,14.1500,13.6007,37.0000,EB,2866.1398
30639_d927f360,166,12.3372,10.2973,4.5501,49.9315,617.2162,218.0000,10.9737,12.3170,10.9566,46.0000,EB,2816.1396
30639_d927f360,167,11.8053,10.9351,4.3308,50.1087,621.7663,203.0000,11.5704,11.8140,11.5518,43.0000,EB,2766.1396
30639_d927f360,168,11.6464,9.2365,4.8191,49.9486,626.0971,226.0000,10.3647,11.6710,10.3426,49.0000,EB,2717.1395
30639_d927f360,169,11.1119,9.4942,4.7338,50.0724,630.9162,222.0000,10.5777,11.1120,10.5884,47.0000,EB,2667.1395
30639_d927f360,170,11.0521,8.0720,5.3000,50.0308,635.6500,255.0000,9.4398,11.0500,9.3949,53.0000,EB,2617.1396
30639_d927f360,171,8.4929,7.9731,6.1163,49.9140,640.9500,283.0000,8.1609,8.5320,8.1662,61.0000,EB,2567.1395
30639_d927f360,172,10.8357,8.4991,5.0837,50.2832,647.0663,241.0000,9.8910,10.8350,9.9052,51.0000,EB,2518.1395
30639_d927f360,173,12.7640,10.8203,4.3000,49.7302,652.1500,203.0000,11.5652,12.7250,11.5642,43.0000,EB,2468.1395
30639_d927f360,174,13.4435,12.7796,3.7662,49.9081,656.4500,185.0000,13.2515,13.4250,13.2367,38.0000,EB,2418.1394
30639_d927f360,175,13.8676,13.3005,3.6838,50.1296,660.2162,179.0000,13.6082,13.8470,13.6022,36.0000,EB,2368.1396
30639_d927f360,176,14.0139,12.5522,3.6663,49.9744,663.9000,170.0000,13.6309,14.0190,13.6040,37.0000,EB,2318.1394
30639_d927f360,177,12.5387,9.5769,4.5837,50.1525,667.5663,218.0000,10.9414,12.4740,10.8898,46.0000,EB,2268.1394
30639_d927f360,178,10.3529,9.5721,5.0000,50.0087,672.1500,240.0000,10.0017,10.3040,9.9927,50.0000,EB,2218.1393
30639_d927f360,179,10.1458,9.7985,4.9662,49.8572,677.1500,232.0000,10.0392,10.1710,10.0223,50.0000,EB,2168.1393
30639_d927f360,180,11.8232,9.7825,4.8000,49.9016,682.1162,216.0000,10.3962,11.8450,10.4187,48.0000,EB,2118.1391
30639_d927f360,181,13.3095,11.8346,3.9338,50.4022,686.9162,185.0000,12.8127,13.3210,12.8233,39.0000,EB,2068.1392
30639_d927f360,182,13.2305,10.2887,4.2163,49.6969,690.8500,201.0000,11.7868,13.1580,11.7035,43.0000,EB,2017.1391
30639_d927f360,183,11.7418,9.9325,4.7008,49.9696,695.0663,220.0000,10.6300,11.7230,10.6365,47.0000,EB,1967.1389
30639_d927f360,184,12.9626,11.7506,4.0329,50.2690,699.7671,187.0000,12.4647,12.9650,12.4684,40.0000,EB,1917.1389
30639_d927f360,185,13.2202,12.2476,3.8163,49.6531,703.8000,177.0000,13.0109,13.2100,12.9616,38.0000,EB,1867.1388
30639_d927f360,186,12.2344,10.5974,4.5000,50.1466,707.6163,208.0000,11.1437,12.1010,11.0794,46.0000,EB,1817.1386
30639_d927f360,187,11.2574,10.2404,4.5338,49.9006,712.1162,207.0000,11.0065,11.2550,10.9439,46.0000,EB,1767.1386
30639_d927f360,188,10.2149,9.9693,4.9662,49.9769,716.6500,226.0000,10.0633,10.1400,10.0580,49.0000,EB,1717.1386
30639_d927f360,189,10.1383,10.0074,4.9816,50.1665,721.6162,234.0000,10.0704,10.1370,10.0677,50.0000,EB,1667.1386
30639_d927f360,190,10.1082,10.0324,4.9522,49.8602,726.5978,225.0000,10.0684,10.1100,10.0670,32.0000,EB,1617.1386
30639_d927f360,191,10.1791,9.7365,5.0000,50.0548,731.5500,219.0000,10.0110,10.1880,9.9668,33.0000,EB,1567.1386
30639_d927f360,192,10.2049,9.7936,5.0000,50.1028,736.5500,234.0000,10.0206,10.1730,10.0114,7.0000,EB,1517.1386
30639_d927f360,193,10.2369,9.7350,5.0000,49.8634,741.5500,238.0000,9.9727,10.2530,10.0088,24.0000,EB,1467.1386
30639_d927f360,194,10.1413,9.8314,5.0163,50.0489,746.5500,243.0000,9.9772,10.1340,9.9740,18.0000,EB,1417.1386
30639_d927f360,195,9.9838,9.7849,5.0837,50.2234,751.5663,241.0000,9.8793,9.9790,9.8593,24.0000,EB,1367.1385
30639_d927f360,196,9.9587,9.7634,5.0413,49.6710,756.6500,236.0000,9.8528,9.9620,9.8613,50.0000,EB,1317.1385
30639_d927f360,197,9.9476,9.7361,5.1087,50.3219,761.6913,235.0000,9.8502,9.9490,9.8462,51.0000,EB,1267.1386
30639_d927f360,198,9.8842,9.6754,5.0951,49.8541,766.8000,221.0000,9.7846,9.9240,9.7820,51.0000,EB,1217.1386
30639_d927f360,199,9.8623,9.5887,5.1211,49.9403,771.8951,224.0000,9.7519,9.9550,9.7510,52.0000,EB,1167.1386
30639_d927f360,200,9.5902,4.7348,7.0501,49.9505,777.0162,318.0000,7.0851,9.5760,6.8937,72.0000,EB,1117.1385
30639_d927f360,201,4.8872,3.5241,11.7837,50.0694,784.0663,525.0000,4.2490,4.8950,4.2232,119.0000,EB,1067.1385
30639_d927f360,202,4.4416,0.4614,17.7500,50.0324,795.8500,781.0000,2.8187,4.4460,2.9400,49.0000,EB,1017.1385
30639_d927f360,203,6.2401,2.4027,10.4500,50.0178,813.6000,449.0000,4.7864,6.2490,4.5205,65.0000,EB,967.1384
30639_d927f360,204,7.6687,0.0000,21.4000,51.4687,824.0500,947.0000,2.4051,7.5940,2.4016,205.0000,EB,917.1384
30639_d927f360,205,9.7127,7.6969,5.4481,49.8785,845.4500,236.0000,9.1552,9.7060,9.1573,43.0000,EB,867.1384
30639_d927f360,206,9.7019,8.0726,5.7519,49.9211,850.8981,240.0000,8.6791,9.6980,8.6356,35.0000,EB,818.1384
30639_d927f360,207,8.7223,8.4087,5.8500,50.0760,856.6500,240.0000,8.5600,8.7360,8.5807,16.0000,EB,768.1383
30639_d927f360,208,8.7549,7.8279,5.9000,50.1316,862.5000,238.0000,8.4969,8.7430,8.5204,40.0000,EB,718.1382
30639_d927f360,209,7.8100,0.0000,15.9663,49.8382,868.4000,648.0000,3.1215,7.5420,2.8929,144.0000,EB,669.1382
30639_d927f360,210,4.8390,2.2082,12.1337,49.9789,884.3663,492.0000,4.1190,4.8710,4.1587,120.0000,EB,620.1381
30639_d927f360,211,9.5519,4.0645,7.4500,49.9170,896.5000,302.0000,6.7003,9.5800,6.6667,63.0000,EB,570.1380
30639_d927f360,212,12.5849,9.5761,4.5000,50.3057,903.9500,181.0000,11.1790,12.5190,11.2508,40.0000,EB,520.1379
30639_d927f360,213,13.1916,12.0707,3.9000,49.9956,908.4500,157.0000,12.8194,13.2360,12.8136,28.0000,EB,470.1379
30639_d927f360,214,12.0478,8.8573,4.7500,49.8555,912.3500,191.0000,10.4959,12.0230,11.0929,21.0000,EB,420.1378
30639_d927f360,215,8.8250,0.0000,36.2000,49.9682,917.1000,1454.0000,1.3803,8.4770,1.3295,330.0000,EB,370.1378
30639_d927f360,216,7.3256,1.7924,9.1162,49.9490,953.3000,365.0000,5.4791,7.2890,5.6090,88.0000,EB,320.1378
30639_d927f360,217,6.0427,0.0000,24.8338,50.4102,962.4162,993.0000,2.0299,5.9650,2.1037,224.0000,EB,270.1378
30639_d927f360,218,3.9679,2.3368,17.8500,50.0692,987.2500,714.0000,2.8050,4.0780,2.8145,174.0000,EB,220.1378
30639_d927f360,219,3.7077,0.0000,71.1000,49.9440,1005.1000,2847.0000,0.7024,3.7050,0.7103,710.0000,EB,173.1339
30639_d927f360,220,4.6244,1.6391,13.7500,50.1698,1076.2000,550.0000,3.6487,4.5750,3.6789,136.0000,EB,0.0000
30639_d927f360,221,1.6115,0.0000,6.5163,1.5460,1089.9500,262.0000,0.2372,1.8420,0.3182,67.0000,WB,21.3710
30639_dce52be4,0,3.4867,0.0000,21.3321,34.6603,1.2500,836.0000,1.6248,,,,WB,25.0000
30639_dce52be4,1,3.5393,2.8809,15.2000,50.2478,22.5821,610.0000,3.3058,3.6100,3.2797,142.0000,WB,75.0000
30639_dce52be4,2,3.4443,0.0000,22.1000,45.2217,37.7821,884.0000,2.0462,3.5060,2.1147,235.0000,WB,125.0000
30639_dce52be4,3,4.3422,0.0000,48.2679,49.5879,59.8821,1935.0000,1.0273,4.3450,1.0389,487.0000,WB,175.0000
30639_dce52be4,4,6.1505,3.6256,10.8000,50.0858,108.1500,433.0000,4.6376,6.0130,4.5999,108.0000,WB,225.0000
30639_dce52be4,5,6.3742,0.0000,22.0821,51.3439,118.9500,884.0000,2.3251,6.1990,2.2691,219.0000,WB,275.0000
30639_dce52be4,6,10.4222,6.4015,5.7679,49.9323,141.0321,232.0000,8.6569,10.2920,8.5555,58.0000,WB,325.0000
30639_dce52be4,7,11.5695,10.2195,4.7821,50.9922,146.8000,192.0000,10.6632,11.4440,10.5699,47.0000,WB,375.0000
30639_dce52be4,8,12.1217,11.4046,4.2500,50.0569,151.5821,171.0000,11.7781,12.0530,11.6982,43.0000,WB,425.0000
30639_dce52be4,9,11.5852,8.8791,4.7179,49.8164,155.8321,189.0000,10.5590,11.5430,10.4762,48.0000,WB,475.0000
30639_dce52be4,10,8.8649,2.9839,8.6322,50.0385,160.5500,346.0000,5.7967,8.7560,5.5294,92.0000,WB,525.0000
30639_dce52be4,11,8.2710,0.0000,16.4999,51.1001,169.1822,664.0000,3.0970,8.2490,3.1093,159.0000,WB,575.0000
30639_dce52be4,12,8.3324,7.8175,6.1500,50.0395,185.6821,247.0000,8.1365,8.3180,8.1153,62.0000,WB,625.0000
30639_dce52be4,13,8.2474,8.1208,6.1000,49.9039,191.8321,245.0000,8.1809,8.2170,8.1546,62.0000,WB,675.0000
30639_dce52be4,14,8.3628,8.0954,6.1000,49.9278,197.9321,244.0000,8.1849,8.3590,8.1695,61.0000,WB,725.0000
30639_dce52be4,15,8.4464,8.1212,6.0500,50.1913,204.0321,242.0000,8.2961,8.4630,8.2791,60.0000,WB,775.0000
30639_dce52be4,16,8.9429,6.4160,6.1679,49.9868,210.0821,249.0000,8.1043,8.9240,8.0235,62.0000,WB,825.0000
30639_dce52be4,17,6.4035,0.0000,62.4821,50.9413,216.2500,2511.0000,0.8153,6.2070,0.8165,624.0000,WB,875.0000
30639_dce52be4,18,4.1222,0.9605,19.8000,49.8992,278.7321,797.0000,2.5202,4.1200,2.5212,199.0000,WB,925.0000
30639_dce52be4,19,4.1959,2.2097,17.4001,50.1117,298.5321,701.0000,2.8800,4.2700,2.8832,174.0000,WB,975.0000
30639_dce52be4,20,5.8355,3.9206,11.7499,50.0290,315.9321,471.0000,4.2578,5.9150,4.2651,117.0000,WB,1025.0000
30639_dce52be4,21,7.2718,5.8711,7.2679,49.8768,327.6821,298.0000,6.8626,7.2690,6.8721,73.0000,WB,1075.0000
30639_dce52be4,22,7.2525,6.8525,7.1000,50.0861,334.9500,287.0000,7.0544,7.2690,7.0394,71.0000,WB,1125.0000
30639_dce52be4,23,7.1106,6.7516,7.2000,49.9913,342.0500,289.0000,6.9432,7.1230,6.9388,72.0000,WB,1175.0000
30639_dce52be4,24,6.9871,6.6197,7.3821,49.9783,349.2500,298.0000,6.7702,6.9260,6.7503,74.0000,WB,1225.0000
30639_dce52be4,25,6.8877,6.6161,7.4000,50.0347,356.6321,298.0000,6.7614,6.9130,6.7541,74.0000,WB,1275.0000
30639_dce52be4,26,6.7759,4.5979,8.0500,49.9185,364.0321,326.0000,6.2011,6.7600,6.1239,82.0000,WB,1325.0000
30639_dce52be4,27,6.6506,1.0502,19.5000,50.0486,372.0821,785.0000,2.5666,6.7470,2.5800,194.0000,WB,1375.0000
30639_dce52be4,28,7.0819,6.5064,7.3500,50.1027,391.5821,299.0000,6.8167,7.0810,6.8063,73.0000,WB,1425.0000
30639_dce52be4,29,6.8079,3.5382,8.7500,49.9586,398.9321,355.0000,5.7096,6.8230,5.5792,90.0000,WB,1475.0000
30639_dce52be4,30,7.1537,0.0000,16.8679,49.9477,407.6821,679.0000,2.9611,7.1220,2.9917,166.0000,WB,1525.0000
30639_dce52be4,31,7.0488,6.4655,7.4500,50.0074,424.5500,301.0000,6.7124,7.0670,6.7156,75.0000,WB,1575.0000
30639_dce52be4,32,7.1770,6.5179,7.2821,50.1315,432.0000,293.0000,6.8842,7.1830,6.8708,72.0000,WB,1625.0000
30639_dce52be4,33,7.1752,6.5302,7.2500,49.9150,439.2821,294.0000,6.8848,7.2000,6.8725,73.0000,WB,1675.0000
30639_dce52be4,34,7.0339,6.5828,7.3679,50.0104,446.5321,298.0000,6.7876,7.0450,6.7692,74.0000,WB,1725.0000
30639_dce52be4,35,7.1490,6.6827,7.2321,50.0531,453.9000,292.0000,6.9210,7.1530,6.9190,72.0000,WB,1775.0000
30639_dce52be4,36,7.1897,6.6150,7.2500,50.0618,461.1321,293.0000,6.9051,7.1940,6.8848,73.0000,WB,1825.0000
30639_dce52be4,37,9.9271,6.7793,6.1500,49.8134,468.3821,251.0000,8.0997,9.9220,8.1843,61.0000,WB,1875.0000
30639_dce52be4,38,9.9341,9.2620,5.2500,50.1833,474.5321,213.0000,9.5586,9.8770,9.5223,52.0000,WB,1925.0000
30639_dce52be4,39,11.6164,9.5493,4.8000,50.0223,479.7821,196.0000,10.4214,11.5840,10.4401,48.0000,WB,1975.0000
30639_dce52be4,40,11.7503,10.8666,4.4000,50.0630,484.5821,180.0000,11.3779,11.7120,11.3349,44.0000,WB,2025.0000
30639_dce52be4,41,10.9105,10.6177,4.6179,49.7101,488.9821,187.0000,10.7647,10.9150,10.7431,46.0000,WB,2075.0000
30639_dce52be4,42,11.1118,10.7053,4.6000,50.0995,493.6000,184.0000,10.8912,11.0780,10.8700,46.0000,WB,2125.0000
30639_dce52be4,43,12.4308,11.0803,4.2322,50.2382,498.2000,171.0000,11.8706,12.4160,11.8774,42.0000,WB,2175.0000
30639_dce52be4,44,12.5244,12.4028,3.9999,49.8301,502.4322,162.0000,12.4578,12.4890,12.4305,40.0000,WB,2225.0000
30639_dce52be4,45,12.4278,11.8953,4.0501,49.9359,506.4321,164.0000,12.3297,12.3930,12.2915,41.0000,WB,2275.0000
30639_dce52be4,46,11.8726,7.9649,5.1000,50.0853,510.4821,206.0000,9.8207,11.6410,9.6652,52.0000,WB,2325.0000
30639_dce52be4,47,7.9441,1.2361,11.1000,49.9980,515.5821,448.0000,4.5043,7.7780,1.5499,326.0000,WB,2375.0000
30639_dce52be4,48,9.2266,0.0000,30.4679,49.9937,526.6821,1231.0000,1.6409,9.0300,5.2776,50.0000,WB,2425.0000
30639_dce52be4,49,10.1238,8.7465,5.1321,50.0108,557.1500,208.0000,9.7448,10.0750,9.9141,10.0000,WB,2475.0000
30639_dce52be4,50,8.7183,7.8722,6.1679,49.9584,562.2821,250.0000,8.0997,8.2700,8.0372,7.0000,WB,2525.0000
30639_dce52be4,51,10.2237,8.2296,5.6822,50.0789,568.4500,231.0000,8.8133,8.7070,8.4540,27.0000,WB,2575.0000
30639_dce52be4,52,11.2982,10.2444,4.5499,50.0813,574.1322,185.0000,11.0070,11.2650,11.0634,16.0000,WB,2625.0000
30639_dce52be4,53,11.2472,11.1092,4.4679,49.9153,578.6821,182.0000,11.1720,,,,WB,2675.0000
30639_dce52be4,54,12.1623,11.1805,4.4000,50.0685,583.1500,177.0000,11.3792,11.4400,11.2965,3.0000,WB,2725.0000
30639_dce52be4,55,13.6647,12.1745,3.8321,50.1753,587.5500,154.0000,13.0933,13.6200,12.9769,9.0000,WB,2775.0000
30639_dce52be4,56,13.9843,13.6219,3.6000,49.7548,591.3821,145.0000,13.8207,13.7950,13.6837,5.0000,WB,2825.0000
30639_dce52be4,57,13.6025,10.5503,4.2000,50.2132,594.9821,172.0000,11.9555,13.1390,11.7533,8.0000,WB,2875.0000
30639_dce52be4,58,10.5298,7.9944,5.6178,49.8170,599.1822,229.0000,8.8677,10.2870,8.8852,18.0000,WB,2925.0000
30639_dce52be4,59,8.1609,1.9168,10.1821,50.0370,604.8000,411.0000,4.9142,7.5890,2.9745,141.0000,WB,2975.0000
30639_dce52be4,60,9.1161,0.0000,16.8179,52.5999,614.9821,684.0000,3.1276,9.0890,4.6417,106.0000,WB,3025.0000
30639_dce52be4,61,12.0338,9.1275,4.6821,50.0619,631.8000,187.0000,10.6922,11.9840,10.6921,47.0000,WB,3075.0000
30639_dce52be4,62,12.8637,12.0487,3.9679,49.8318,636.4821,159.0000,12.5587,12.8670,12.5497,40.0000,WB,3125.0000
30639_dce52be4,63,12.3175,7.6838,4.8821,50.0699,640.4500,196.0000,10.2558,12.1800,10.1754,49.0000,WB,3175.0000
30639_dce52be4,64,7.6452,0.0000,59.4500,50.6982,645.3321,2409.0000,0.8528,7.4990,0.8592,594.0000,WB,3225.0000
30639_dce52be4,65,10.6357,7.1917,5.4501,50.0352,704.7822,223.0000,9.1807,10.5670,9.1653,54.0000,WB,3275.0000
30639_dce52be4,66,11.0450,10.5020,4.5999,49.9255,710.2322,187.0000,10.8537,11.0640,10.8553,46.0000,WB,3325.0000
30639_dce52be4,67,10.4775,6.3998,6.0000,49.9586,714.8321,246.0000,8.3264,10.4460,8.3025,61.0000,WB,3375.0000
30639_dce52be4,68,6.3850,0.0000,49.2500,50.0749,720.8321,1999.0000,1.0167,6.3070,1.0410,495.0000,WB,3425.0000
30639_dce52be4,69,8.5222,4.3960,7.0179,49.8790,770.0821,285.0000,7.1074,8.5600,7.2917,74.0000,WB,3475.0000
30639_dce52be4,70,8.2232,2.5695,9.6820,50.0650,777.1000,393.0000,5.1709,7.9390,4.1215,131.0000,WB,3525.0000
30639_dce52be4,71,3.1312,0.0000,22.4180,49.9610,786.7820,918.0000,2.2286,3.1340,2.2349,194.0000,WB,3575.0000
30639_dce52be4,72,4.3256,2.6009,15.5821,49.9916,809.2000,639.0000,3.2083,4.3440,3.2931,134.0000,WB,3625.0000
30639_dce52be4,73,8.3127,3.9790,8.9500,50.1240,824.7821,370.0000,5.6004,8.2840,5.8721,56.0000,WB,3675.0000
30639_dce52be4,74,9.1369,7.8796,5.9679,49.7866,833.7321,243.0000,8.3424,8.3830,8.0723,8.0000,WB,3725.0000
30639_dce52be4,75,10.7443,9.1374,5.0500,49.9164,839.7000,211.0000,9.8844,10.8680,10.4539,28.0000,WB,3775.0000
30639_dce52be4,76,11.0372,9.3053,4.7321,50.0248,844.7500,195.0000,10.5714,11.0530,9.1957,69.0000,WB,3825.0000
30639_dce52be4,77,9.2866,5.3852,6.8500,50.1955,849.4821,291.0000,7.3278,9.2100,1.0653,434.0000,WB,3875.0000
30639_dce52be4,78,7.1652,0.0000,58.3500,49.9637,856.3321,2393.0000,0.8563,7.1340,1.9315,131.0000,WB,3925.0000
30639_dce52be4,79,9.5291,7.1912,5.6679,49.8603,914.6821,235.0000,8.7969,9.5430,5.5573,31.0000,WB,3975.0000
30639_dce52be4,80,9.3144,8.1023,5.8821,49.9987,920.3500,250.0000,8.5001,9.2660,8.2356,60.0000,WB,4025.0000
30639_dce52be4,81,8.2444,0.8522,11.1499,50.0133,926.2321,477.0000,4.4855,8.2510,3.3796,150.0000,WB,4075.0000
30639_dce52be4,82,9.0356,0.0000,16.6680,49.9582,937.3820,713.0000,2.9973,9.0480,3.8862,129.0000,WB,4125.0000
30639_dce52be4,83,11.2551,9.0501,4.7821,49.9929,954.0500,209.0000,10.4541,11.2880,10.4781,48.0000,WB,4175.0000
30639_dce52be4,84,11.2440,7.9042,5.2179,50.1315,958.8321,224.0000,9.6077,11.2500,9.5627,52.0000,WB,4225.0000
30639_dce52be4,85,7.8946,5.0977,7.2821,50.0592,964.0500,310.0000,6.8743,7.8150,7.4630,38.0000,WB,4275.0000
30639_dce52be4,86,7.1369,0.0000,45.9679,50.1260,971.3321,2093.0000,1.0905,,,,WB,4325.0000
30639_dce52be4,87,8.4771,7.2001,6.1321,50.0450,1017.3000,274.0000,8.1611,,,,WB,4375.0000
30639_dce52be4,88,10.2788,8.0231,5.5500,49.8900,1023.4321,242.0000,8.9892,,,,WB,4425.0000
30639_dce52be4,89,11.0993,9.8569,4.6679,50.0480,1028.9821,208.0000,10.7217,,,,WB,4475.0000
30639_dce52be4,90,9.8423,5.6410,6.5321,50.0579,1033.6500,282.0000,7.6634,,,,WB,4525.0000
30639_dce52be4,91,6.3085,0.0000,21.5179,50.1466,1040.1821,947.0000,2.3305,,,,WB,4575.0000
30639_dce52be4,92,10.8307,6.3392,5.7821,50.1613,1061.7000,248.0000,8.6753,,,,WB,4625.0000
30639_dce52be4,93,12.3492,10.8523,4.2500,50.0626,1067.4821,188.0000,11.7795,,,,WB,4675.0000
30639_dce52be4,94,12.6981,12.1019,3.9679,49.6549,1071.7321,177.0000,12.5141,,,,WB,4725.0000
30639_dce52be4,95,12.0828,8.4512,4.9321,50.2252,1075.7000,221.0000,10.1834,,,,WB,4775.0000
30639_dce52be4,96,8.6416,8.0788,5.9179,49.7799,1080.6321,262.0000,8.4117,,,,WB,4825.0000
30639_dce52be4,97,8.6893,8.2503,5.9321,50.1496,1086.5500,269.0000,8.4540,,,,WB,4875.0000
30639_dce52be4,98,8.6152,7.5639,6.0500,49.9484,1092.4821,270.0000,8.2559,,,,WB,4925.0000
30639_dce52be4,99,7.5396,0.0000,18.1000,50.1204,1098.5321,816.0000,2.7691,,,,WB,4975.0000
30639_dce52be4,100,9.5857,1.7751,8.5500,50.1453,1116.6321,384.0000,5.8649,,,,WB,5025.0000
30639_dce52be4,101,12.0066,9.6114,4.5000,49.8071,1125.1821,196.0000,11.0683,,,,WB,5075.0000
30639_dce52be4,102,12.0618,9.3211,4.6000,50.0666,1129.6821,202.0000,10.8841,,,,WB,5125.0000
30639_dce52be4,103,9.2983,4.7129,7.1500,49.9685,1134.2821,313.0000,6.9886,,,,WB,5175.0000
30639_dce52be4,104,4.6927,0.0000,6.9000,17.2796,1141.4321,308.0000,2.5043,,,,WB,5225.0000
30639_dce52be4,120,,,,,,,,12.0890,11.7590,27.0000,EB,5116.1421
30639_dce52be4,121,,,,,,,,11.8950,10.7649,46.0000,EB,5066.1420
30639_dce52be4,122,,,,,,,,9.1050,7.4425,35.0000,EB,5016.1420
30639_dce52be4,123,,,,,,,,7.9520,5.6120,72.0000,EB,4966.1420
30639_dce52be4,124,,,,,,,,8.5720,8.3146,60.0000,EB,4917.1420
30639_dce52be4,125,,,,,,,,8.6950,8.4644,59.0000,EB,4867.1420
30639_dce52be4,126,,,,,,,,8.7140,8.4268,59.0000,EB,4818.1420
30639_dce52be4,127,,,,,,,,12.3260,10.5188,48.0000,EB,4768.1420
30639_dce52be4,128,,,,,,,,12.7010,12.5089,40.0000,EB,4718.1420
30639_dce52be4,129,,,,,,,,12.2200,11.5937,43.0000,EB,4668.1421
30639_dce52be4,130,,,,,,,,10.4760,8.1616,61.0000,EB,4618.1420
30639_dce52be4,131,,,,,,,,6.0750,2.3252,215.0000,EB,4568.1420
30639_dce52be4,132,,,,,,,,10.1710,8.0483,62.0000,EB,4518.1420
30639_dce52be4,133,,,,,,,,11.0970,10.7150,47.0000,EB,4468.1419
30639_dce52be4,134,,,,,,,,9.9890,8.8010,56.0000,EB,4418.1420
30639_dce52be4,135,,,,,,,,8.4690,8.0412,62.0000,EB,4369.1419
30639_dce52be4,136,,,,,,,,6.6300,0.7193,343.0000,EB,4320.1420
30639_dce52be4,150,,,,,,,,4.4310,4.1800,11.0000,EB,3618.1407
