v,straight,sd_FR,sd_FR_pct,sd_F,sd_R,sd_G,w_F,w_R,w_G,w_FR,c_FR,c_FG,c_RG,bag
10.594441559631402,True,0.03739069002077217,0.09618598007193052,0.3505886687714273,0.35208559334427536,0.3650886339624958,0.02333129741544629,0.025787813992489323,0.050159774729626044,0.02978134241658427,0.3310798154141402,-0.01653339397961589,-0.09076126334149752,30639_d601d28f
8.27558637827652,False,0.03441128786060333,0.11356111670762468,0.35056785052744754,0.35234349964006223,0.3519612097758669,0.0224100201711108,0.023606064205143933,0.049105465690075525,0.03500877184579638,-0.016696247924739453,0.11139965104107495,0.0434390501943616,30639_d601d28f
8.47150654175463,False,0.053449907548448514,0.17226590070090286,0.3654285029874127,0.37005885830427365,0.34168842136766886,0.02707081118422996,0.03266615701008473,0.03513955217504858,0.046232417653573235,0.1788637609692124,0.3341005894551841,0.22951711563792712,30639_d601d28f
10.705088098029861,False,0.06995174354719441,0.17846541463224946,0.26898872121169415,0.28197702783395673,0.3110759770689996,0.04864485963862445,0.03948894102575157,0.04429643424346215,0.05975463474703609,0.04899728257455647,0.09147944184726846,-0.4353760931041483,30639_d601d28f
12.140685308960567,True,0.06049843044872354,0.13590740762874196,0.3336685561301617,0.33486098670317493,0.3444538865222506,0.03901750214251354,0.048288551700189176,0.04588606057463773,0.06221356519776512,-0.17109984759194205,-0.1144515649885713,0.13683868814045355,30639_d601d28f
6.961363742737166,False,0.07298973138298048,0.286026795595845,0.32682187655636663,0.3350380514210125,0.3538741416408428,0.034653679904864766,0.05887153532994181,0.07306401959228404,0.0669672544077353,0.2317705116590838,0.13054732294446425,-0.09997574203462177,30639_d601d28f
6.799438145771519,True,0.05381966858423613,0.2157775517631329,0.33738339926538635,0.33925782097728335,0.34589159666823843,0.04168533682245349,0.05318378186532433,0.054766639509113604,0.04964874819465388,0.48929248316912216,-0.06095311669263357,0.20754794441832505,30639_d601d28f
12.088766570193958,False,0.05121113417503529,0.11574207782728049,0.08939084793660329,0.0709326608366803,0.0978662647540692,0.03226066471889093,0.032629311580956416,0.040143175714590765,0.04154256539802563,0.22856260914576398,-0.063215910353396,-0.13329601206210423,30639_d601d28f
6.578728457317172,False,0.06683510655996901,0.27813633998476145,0.33335815006169955,0.3395265744961443,0.3644111399483153,0.034531249421901354,0.04418242168591061,0.03737424097404985,0.05774496813494949,0.21192003801885548,-0.0007095067723522164,0.2549983261209409,30639_d601d28f
6.770882127386374,False,0.08834527468015375,0.3572430197479685,0.34976193752123447,0.3352805987955536,0.3598786989678846,0.058037700686057764,0.0637404602663826,0.035650190753798675,0.0945345106630073,-0.10077220610391281,0.20353247139450809,0.03829989265664311,30639_d601d28f
6.8114450673933185,False,0.11303232480673427,0.4542116861239645,0.32824363928337086,0.30337188900855494,0.3317388929706151,0.0558572032795092,0.061722243709712826,0.044081194726467605,0.08011332722354461,-0.06851207860334028,0.2939248995760867,-0.3312572541049462,30639_d601d28f
6.640516677949548,False,0.04689270878085904,0.1932186431797383,0.34377644457240036,0.34198484002536456,0.3554795023507783,0.03483949352775196,0.02954320189271681,0.043867341873183634,0.04156262375166866,0.30440121905553713,0.3343679680543434,0.47969960978211224,30639_d601d28f
6.781889542569133,False,0.04793360598438402,0.19331363468221444,0.32346322610653183,0.3193345089022428,0.3264695309689992,0.02657726960220492,0.03322668185694376,0.04047195073722298,0.038597374132774934,0.16944081655414087,0.23233345661351198,0.11750818206919907,30639_d601d28f
8.172204581362138,False,0.05115062521263671,0.1714328375117723,0.3056061008598074,0.31578439529628305,0.31786611717126595,0.04149284941090725,0.04811035547936942,0.04630433786864385,0.044272943389307436,0.5319960869566519,0.4453520552741712,0.4754325778855932,30639_d601d28f
8.47173244456521,False,0.04880348033614766,0.15795909573731962,0.184346031214094,0.18453230658175013,0.16138216109922343,0.030725215578214463,0.031161288152942546,0.04167125335146232,0.05082976163765366,-0.02889721507918035,0.3694607933921217,0.23428109873727795,30639_d601d28f
8.179933648444868,True,0.034607743863024655,0.11598183410868515,0.10480100720320028,0.11222557343103465,0.11327865230316754,0.02642695887834426,0.026759188094833443,0.04032684527043772,0.03644411006233568,0.2970439960627678,0.24729547615428865,0.0822192109774743,30639_d601d28f
10.630183170276615,True,0.05134454363875578,0.13272353226323103,0.3352596999823099,0.33621428683228555,0.35518255753587397,0.02779090589808982,0.03788436378613229,0.07367525095355688,0.041724953869037566,0.26367659762552176,0.10485986863870012,0.008889977295616918,30639_c31df386
10.675868110146363,False,0.07326189528071644,0.18887423156702918,0.3038823549483878,0.31917825677683337,0.33483445073669393,0.05537345831779353,0.04567292526248837,0.047499633656760194,0.07519079057732471,-0.05700062668208769,0.3277329517988393,-0.3182738023463001,30639_c31df386
12.304396393950388,True,0.05492814411527111,0.1227313677142884,0.3031787296588955,0.3169609247779099,0.3247310963134172,0.040259264595493616,0.03839405676846285,0.04872650280097559,0.05523664221271211,0.09461472425949394,0.0025421329243934454,0.14602727381911393,30639_c31df386
6.787516084480021,True,0.06852403251408418,0.2777723195235547,0.3693280951608553,0.35503332295899387,0.33586334162436354,0.043294724279521864,0.05783927067420162,0.06361657791797544,0.0688149851748487,0.26645334760284545,-0.03696005243980933,0.022834958430728337,30639_c31df386
6.990491625449153,True,0.06160567005222205,0.24218569250577457,0.3189877432165408,0.3190476785475588,0.3286139438632919,0.05132732189499874,0.06367462900526635,0.0579743737372485,0.06056516072527403,0.3758619740915591,-0.0681038971654725,-0.3045452975135494,30639_c31df386
6.918534932097977,True,0.06168295380862789,0.24494582666660158,0.34831362334824745,0.3563727982238402,0.35500898292328953,0.03269136609349804,0.05160310732741377,0.06584145460465786,0.057225507522444756,0.33408644970761336,0.1510961452369573,0.29010584412640783,30639_c31df386
10.873800350436966,False,0.061279401191251345,0.15504656833818423,0.21225774178707454,0.22693501792663168,0.18849475528045506,0.033471416865177045,0.03989062825576922,0.03805929967118121,0.04983613792526148,0.3067686406291621,0.32460910975104673,-0.044038029862200616,30639_c31df386
10.872953436502426,False,0.05091916538307999,0.12880228787148437,0.13801878344894353,0.12977813560014168,0.14125736254285723,0.023789588839977446,0.027685402310683994,0.026799593682061112,0.03459392876116064,0.3592016171569386,-0.06726720869700815,-0.16706920892989766,30639_c31df386
7.006889382308866,False,0.06991769779202048,0.2743475908827019,0.34419635616511796,0.3512590203998144,0.35855566835874875,0.05875461574800613,0.05409302357443581,0.03648978797721318,0.07285541127579216,0.21901014137803085,0.35146890438084427,0.23336386652618116,30639_c31df386
7.092079410659255,False,0.1324453072911357,0.5144697511730894,0.07757590433780794,0.12252624367306356,0.06372307025971853,0.0739988109327488,0.1275244727583961,0.02701833963325566,0.13190414386280333,0.21603106628865407,-0.04968272540021635,-0.012397463709522945,30639_c31df386
6.7352111751961425,False,0.06905933249012719,0.28222402722836826,0.0695810262186957,0.07664658332931751,0.07090281392385597,0.025008595346520803,0.03084846894304158,0.025408268721085186,0.04341683017451071,-0.08371410843574396,-0.06263683399833589,0.21696199441248218,30639_c31df386
6.703046861001389,False,0.04819626691002333,0.19773801413613704,0.32277668449936675,0.3297744508554422,0.32809363430046856,0.03246714638566601,0.024932137458262022,0.02902069402948257,0.039985699374710394,0.05718896966280981,0.06944623065303986,0.4746067213671766,30639_c31df386
6.75460170782834,False,0.052550999267623265,0.2140009816920642,0.28119497235573127,0.28202410545866247,0.31426451444856757,0.029509114544020883,0.031844845264923975,0.03166058669466559,0.0435655721544771,-0.2615161486089114,-0.010930033013709083,0.1570471325859334,30639_c31df386
8.183954804873983,False,0.057374685052438375,0.19296271248906507,0.35527256536426993,0.3568541907227427,0.3516281569638879,0.02273113906925655,0.0431666606107995,0.03134194120094776,0.05155498767008467,0.1369679838760309,0.2998727532705361,0.05059468340460096,30639_c31df386
8.339402142153483,False,0.05171590184484047,0.1708012286494353,0.29459859953331474,0.299929011736205,0.27805671723144293,0.02641421249964646,0.04093471557413944,0.028926039667046762,0.048743769070847306,-0.038633941849151726,-0.1819084480577897,0.24073786428528307,30639_c31df386
8.47108778640249,False,0.058718713181406125,0.19102829050054768,0.37276353536306034,0.3645509939575148,0.357969169475608,0.043439999600796184,0.044386866189438885,0.026260168074566607,0.04738037758127811,0.34800275659918717,0.11736678976903675,-0.05571647511296332,30639_c31df386
8.259568153133733,False,0.09198319453175306,0.30695376014176384,0.26037836507699996,0.2888283526113209,0.30713667081138624,0.032802272288305075,0.04133425120850191,0.04328832537595692,0.05801939555798128,-0.1781463941132894,0.1980393903279948,0.23889310735561506,30639_c31df386
7.007760105585824,False,0.08213437018298171,0.3226813441289645,0.36123780486107765,0.3301733406238854,0.35738129100750315,0.0287693399709738,0.042244381959630845,0.050350047409620895,0.04498051635196513,0.4537303999411729,0.18468269675439178,0.2651700663779389,30639_c31df386
7.077592852805163,False,0.027655128360472323,0.10762403833060451,0.3082438526334323,0.3136465790357421,0.32380548036367995,0.02175754353269678,0.023729393165503897,0.03545026516213974,0.023033176218600102,0.4997777717196686,0.1030767633443686,0.1029748612829187,30639_c31df386
8.082745092090791,False,0.08289842163972828,0.28304688253421423,0.3271769709053801,0.34036246314244056,0.3589942536086948,0.04158675837298223,0.03566988597133926,0.05110898949146261,0.048346012211041185,0.2789118979237393,0.05668210828651469,0.003518911653382745,30639_dce52be4
8.161935231613482,False,0.16161704986595854,0.5461750041539442,0.10463527476393285,0.12141259013902549,0.07113015757956408,0.03396473811686338,0.05345816847078359,0.039785150935716745,0.07264052857252742,-0.2398250398753256,-0.257789022466077,0.07340337369200697,30639_dce52be4
8.1128454198478,False,0.08446565988830791,0.28715145063191444,0.09027535219000501,0.10710313978110385,0.08710290927867968,0.022874957859074292,0.025131364419091314,0.042892609251592724,0.03670026044734859,0.03231328875270122,0.08091620866562643,0.14710323731891967,30639_dce52be4
8.253530295818443,False,0.08355211699230533,0.27943848373624386,0.26300080458803937,0.2998716429544371,0.2777403146359948,0.03180058174816938,0.031009211655008136,0.03345409393617205,0.04527382087176631,0.1395273435732759,0.3050699697627846,0.26069234160744076,30639_dce52be4
6.828706216667099,False,0.05287098912050715,0.21306698993717732,0.36026137574851047,0.35394282118297127,0.35489404164697536,0.022011408260674027,0.04457839000237624,0.053088351578691365,0.0386046609592915,0.4569182035743147,0.2313351005050199,0.042570883890565826,30639_dce52be4
7.134100074342368,False,0.05813062531448968,0.22460844560261636,0.2950342884896167,0.309512534623736,0.30898147628211814,0.0448268232226541,0.03920738036251514,0.05398814617215721,0.04845741118849407,0.5204996229462219,0.25636278856094175,-0.06020385121979064,30639_dce52be4
7.014179599780931,False,0.09123370863530446,0.357713994178961,0.09571534148997411,0.09289875266731594,0.08683187321727387,0.062290342271843345,0.04248632634373545,0.045795387004721015,0.07244336689314367,0.11377811292825282,-0.12237961500476079,0.04118119375999997,30639_dce52be4
6.904920403668537,False,0.19877093272950525,0.7935597211240658,0.3846270912204495,0.33381350517005604,0.3519741006099484,0.1463743411293057,0.135450994078612,0.05348323444907678,0.2209979287938584,-0.18414482910558894,-0.0879422131700132,0.03638725888476896,30639_dce52be4
6.816283660689021,False,0.1295746292278743,0.5234398655366901,0.31071040109025383,0.33263267135844243,0.32417773095911795,0.05942816659080835,0.0807234966562991,0.045858540346551534,0.1161696869775819,-0.3186238918707116,-0.0723453807239303,-0.008443801508062496,30639_dce52be4
6.713498212784506,False,0.0689726816001745,0.28301654101948087,0.25173958093366117,0.25614653860533215,0.27469308960087324,0.03489598121998228,0.05646791643383199,0.06162846838637374,0.06729438656173443,-0.13361366975522548,0.03519113437469862,0.035386614627353465,30639_dce52be4
6.7635972978603185,False,0.07960247128433626,0.3241986797245224,0.20169397394739352,0.2298597267972008,0.2354764258069482,0.05748718646022047,0.03818375768545603,0.05801322428773721,0.06837332913552642,-0.000344598202248161,0.031548075447825744,-0.15744218430709636,30639_dce52be4
6.686831526387658,False,0.14570863644061244,0.6005921437637591,0.21765727439029162,0.23421742019071629,0.20326877644883737,0.08462818268837521,0.12093753211213217,0.059951610963839136,0.136168695838893,0.1467465591713618,-0.11758509741802259,-0.1382708684744684,30639_dce52be4
6.712603084409466,False,0.10058712990502804,0.41263845538108246,0.30234242250722926,0.3025543100389204,0.34870972188593324,0.09338877920564134,0.0729000167281693,0.059464500317836455,0.09257360925387756,0.2540859754517368,-0.15562980425951295,0.21697049792300926,30639_dce52be4
6.988694182285249,False,0.12804772299626743,0.5045365632502996,0.34575234609911465,0.33059427678258424,0.3396924722546434,0.08079862093542683,0.09597906042734476,0.0397892994120236,0.11782573875850554,-0.11903764352221079,-0.28387249593450053,0.08132855067867438,30639_dce52be4
6.826629293015637,False,0.053433192910721655,0.21560341119426024,0.3717062223421332,0.37052848402007244,0.3571733417665916,0.03414343966746585,0.0367353236257908,0.04239077083161747,0.04435396150905548,0.2547406108826956,0.1423098752593557,-0.048846463171614875,30639_dce52be4
6.9059957183525205,False,0.05781244532648346,0.23046500100430478,0.2832601031735332,0.2876974376703652,0.2990096625471228,0.030078667034723353,0.06395336931258098,0.040174986174346894,0.08003115389105063,0.1129888774466673,0.2245550630031264,0.07351315304979397,30639_dce52be4
6.819150268838291,False,0.051742407351115384,0.2089169737213853,0.22072450729973767,0.21532523931113415,0.21792401338295084,0.031981799735808794,0.037037823181853106,0.041689107672114534,0.04350345417445712,0.4145062868233554,0.22556010096792065,0.0841606287725549,30639_dce52be4
6.965099658661416,False,0.05757958151514533,0.22742370988471364,0.353369603735287,0.35553038969155143,0.3628606944757966,0.028423105670634358,0.04914358527769901,0.03410692220039046,0.062002982944779815,0.1548886383418484,0.19972272324926826,0.39131733693595755,30639_dce52be4
10.796783904735458,False,0.049784974617699436,0.1269625397098194,0.26818140806513335,0.2761395091446935,0.2918456966410144,0.039128147267812184,0.03413962039663757,0.04076700603859449,0.04807784482334353,0.17113657037132676,0.2490513242954386,-0.1542135448234055,30639_dce52be4
10.835726514200937,False,0.054359589555257756,0.13814395473746552,0.3484857938925396,0.34765396991272346,0.3273283484342814,0.031984550165228255,0.042880255501899944,0.05705942099908663,0.04921449341741625,0.13841848892173403,-0.009044919482742452,0.09083018982199051,30639_dce52be4
12.323776084266097,True,0.07320995085247904,0.16364851447399784,0.3299792566629307,0.32695680844560604,0.3518396982583475,0.060983119370498884,0.06732559996255236,0.058919248587112616,0.08962142777382624,0.1078176749032771,0.038782188749404686,-0.059978473034085614,30639_dce52be4
12.334793974133312,True,0.06904069499684953,0.1541253124376945,0.25477138504098173,0.2638998705199303,0.2838245389894952,0.04211415049677921,0.053263967038640746,0.039548787125134224,0.07210420397858687,0.10311801693071071,0.3831068274643582,-0.2923706486782998,30639_dce52be4
10.824322836972026,True,0.05165692177929402,0.13140905352953072,0.34298984502826824,0.33601852007215144,0.34439602322381846,0.04367835079483986,0.03648940581814545,0.04933008154217452,0.04752532974615331,0.34342256152871137,0.06697054532018631,0.11127190258428374,30639_dce52be4
8.269109235722707,False,0.060475566827769695,0.20180677327900112,0.301381591570888,0.2915050362631735,0.33280809956091434,0.0384025306741768,0.04568852536638795,0.037445669529753485,0.06032372661685385,0.26450766663404596,0.24821130053112678,-0.03101135700929774,30639_dce52be4
8.434676077504445,False,0.05059513920490508,0.16538366932164245,0.3518716401337881,0.33157144003667566,0.35860886801804526,0.03741099842660139,0.047323112913647436,0.03758231304858493,0.04274741697622306,0.5750517662200616,0.5929966423894667,0.610686097608264,30639_dce52be4
10.699962807906317,False,0.07305134147253119,0.18799743518660475,0.292065338511207,0.3012929884176018,0.3328242989957841,0.05023916190544111,0.05285547959346504,0.0405790332362818,0.06733212615812442,0.18231622684545085,-0.07860240757094242,-0.4039040275016606,30639_92226df0
13.709045993176568,False,0.11932446950686454,0.23947199381684922,0.23150006557842515,0.2298400645708346,0.23345993613460275,0.08830959909007148,0.09798649590311227,0.05471502393023416,0.13856243314642225,0.00532637632314984,-0.2326759398837091,-0.055781094930193925,30639_92226df0
10.800778230955688,False,0.06344303212181085,0.16169353742054118,0.34975999185747453,0.35636880955030636,0.32679326530811825,0.04110846332309769,0.04218309450459849,0.052928452302833294,0.04440945244979382,0.3238958880958764,0.12573971951503446,0.12528527622258584,30639_92226df0
10.838282143158414,False,0.049522506139276855,0.12575015376784326,0.17577738518566247,0.1770721038031564,0.2164374533005816,0.031487602922105645,0.028192334124994795,0.04426626532086569,0.03594836564857644,0.26095913013649785,0.13563529747582195,0.21654535955140253,30639_92226df0
8.089469436197758,False,0.08187195520559698,0.27862710417651654,0.3133413788947062,0.32837855403965716,0.3530476587623036,0.0457299682589568,0.05286240702562599,0.04372337763040984,0.06907960257969996,0.0940237038309077,-0.1151479088772332,-0.12918581011564856,30639_92226df0
11.079912806706938,False,0.0600261137047192,0.14897418369535756,0.34631706195531337,0.3622098947615594,0.357940339677415,0.02593083746827305,0.04807000863257284,0.03462637127766525,0.06049947017645713,-0.015203778143951444,0.19811429429074018,0.18807605128104893,30639_92226df0
10.968262978702938,True,0.04965712294673056,0.12457876203065298,0.042989458187022184,0.05951889287387281,0.05910928184683263,0.024091663558122842,0.02828819231835877,0.03368184235569547,0.04450008762823858,-0.1524575896275567,-0.2745943650429425,-0.034104300282859254,30639_92226df0
10.82198742579228,True,0.050011516041495695,0.1270970900655282,0.20946334101656505,0.21072525991976265,0.21935655030758464,0.02963617553400199,0.0367314003475924,0.037639229883236265,0.04669596995697733,0.25053746812198613,-0.0359957672807572,-0.0062704178115637246,30639_92226df0
12.403925407549043,True,0.0634809778594951,0.14089851319589036,0.19851508422392974,0.2053731222406772,0.20843209118860298,0.046875314682727896,0.04784188114478436,0.03629844583744687,0.06224033396749091,0.2622293912517877,0.06994138669381562,-0.2135875377668059,30639_92226df0
11.647020761539153,True,0.05610038769849382,0.13254815462840736,0.2988179806822075,0.29159049336256265,0.30407680041266216,0.034532721305193644,0.04405491981659219,0.034916662167898266,0.05360055345462954,0.04228130248759718,0.19132938912002587,-0.17392471784158767,30639_92226df0
11.2897502007998,False,0.04321138496766909,0.10534911539001904,0.2600424646617058,0.2559729751111684,0.24727104766259547,0.0266485334276748,0.03754098956837389,0.041982943818616045,0.03782102486834968,0.38057531463695815,0.0867791532664404,0.05019696377025737,30639_92226df0
11.904170248925327,False,0.0654399246325071,0.15121920000564976,0.1767976084096612,0.18707650970241746,0.1756345932532058,0.04156976050383776,0.04602141351365478,0.039599529475290655,0.06671054154564159,0.03334374300668075,-0.2657232429283233,-0.23841859516951958,30639_92226df0
11.922196412283888,True,0.06151178112283977,0.14171727823439442,0.052727551550787136,0.06270814406804982,0.07906444994746042,0.03534439007460453,0.04300387720084592,0.045289307003005846,0.05383768764786279,0.11263874674692875,-0.08962194263607025,-0.14607639855049362,30639_92226df0
11.571357462003,True,0.05621037545931341,0.13358245925014908,0.041509007238877724,0.04504326557797912,0.05865511011616982,0.027309757622070854,0.03185996280616015,0.03647673030941154,0.04453971888304298,-0.32087420953890416,0.2741055610245866,-0.3346172663169683,30639_92226df0
11.340293485126963,True,0.05915996721441205,0.14347568720093595,0.12117789555892623,0.11813732374890876,0.12353728306817827,0.03458688899829793,0.032409762140750656,0.034833445774929084,0.04746903683875772,0.0827065091562545,0.0876638759823427,-0.16741302756998871,30639_92226df0
7.294246448390497,False,0.08796412574401523,0.33203572743534704,0.09002813397132373,0.10030254230529322,0.05383283469737431,0.06130967952049455,0.07134764775907863,0.030417420050498842,0.0758355868279183,0.06469987472232136,-0.28986892366030337,0.09838561231219252,30639_92226df0
6.844586514032709,False,0.09202698464966537,0.3703331238360127,0.11461085514695683,0.1150042720735979,0.09314842936470556,0.05612666477611673,0.06026661536725216,0.030469116216142227,0.07631599230764202,0.02667317947877675,0.11692694467459536,0.1743242485664984,30639_92226df0
6.676855564279161,False,0.13790335202851653,0.5700966170082037,0.1576968873510521,0.15160490535562565,0.15755101811998679,0.12337345585304246,0.07592953172059384,0.03280640596937525,0.1639080501309354,-0.05158662757247674,-0.4389200774390481,0.09441890921922248,30639_92226df0
6.707591007800931,False,0.11361272137986828,0.4668899066439526,0.09926210971969035,0.10315205750876737,0.0852859285183563,0.09912200153953897,0.10983184519621539,0.03111611735052323,0.13982598457764744,-0.005509701419651593,-0.24874086467783077,0.07933674868509871,30639_92226df0
6.888984412253155,False,0.08513143286195166,0.3402821225757379,0.18025060514458163,0.19081700384776606,0.19396853054082253,0.05093911517824149,0.09007846672518634,0.03104174458662937,0.10801579737636265,-0.2560854050381633,0.24025409758558328,-0.234853748381639,30639_92226df0
7.22294315228185,False,0.06521727181372636,0.2487236233862143,0.06047433064883722,0.061726934208711205,0.07184570227598111,0.04489716395727313,0.04038598402167328,0.028036337405983044,0.05506451551149506,0.10321275506192083,-0.41771440926465003,0.06945582408710786,30639_92226df0
7.509267246796048,False,0.13438023685028927,0.49274409740613817,0.2694367824071028,0.2728088064322481,0.23926623921935244,0.10664070229328784,0.07494726767306531,0.035541895123451885,0.154531043929401,-0.2840880555788243,0.19804007399719845,-0.21770103776357347,30639_92226df0
8.571540705934163,False,0.05359999672283774,0.17217906872313501,0.33710642324049295,0.33472903124893616,0.3571369407359163,0.02853870227710674,0.03657818891138642,0.04402855888144106,0.03533152476491027,0.3988140510885802,0.047107357984771496,0.14107271305412483,30639_92226df0
8.637915097650357,False,0.05419489596573303,0.17295499531884126,0.05468415150705809,0.053768557395450584,0.053581603300722175,0.033835066817152586,0.030616545337260583,0.025406486170548404,0.04233156902137184,0.11255921840495017,0.10219075285422284,0.33583468652878534,30639_92226df0
8.931176526937415,False,0.05013786527796409,0.1548097258156795,0.06480729605041134,0.0611941144346187,0.053777331108219695,0.024151827326041455,0.027770195647799964,0.028122595143891878,0.033693794847232734,0.28883747217239325,-0.3112442617285779,-0.11070619586300927,30639_92226df0
9.19702411613903,False,0.06913709778025258,0.20709580527066118,0.1909442446941963,0.19150447808459464,0.1428390675013964,0.04448713872037115,0.03955902201174736,0.04172242875968939,0.056320641380187685,0.025457701186859374,-0.1498526223786343,-0.32668513490308476,30639_92226df0
9.036214712652571,False,0.0918566242998103,0.2803411383967581,0.1080236725288561,0.09896242662293292,0.15771683810931603,0.04790897215506982,0.04712905694864513,0.04031464696398468,0.0670525010833304,0.024411182631959582,-0.2428871195926416,-0.061631918883170295,30639_92226df0
8.933100681382403,False,0.05055083175039983,0.15571882949949906,0.298514122901016,0.2777339842576895,0.3126800951092213,0.02321373722507474,0.039466123421489405,0.04195726367905359,0.04911105603174386,0.16682537669130415,-0.028717004862516674,-0.04404967110423136,30639_92226df0
8.734872012970923,True,0.03337244192860879,0.10528839308386855,0.11446321869530825,0.11648744444012478,0.09102316701298431,0.019556918873789055,0.029704188129541297,0.038194737700631136,0.036317712090003666,0.19229255239306048,0.21273292656672152,0.12097614494497028,30639_92226df0
8.585795870234497,True,0.04275225548562675,0.13712687105573204,0.24990343640620355,0.24730093292602215,0.26794571640791104,0.03000385931315117,0.03221503516009645,0.04706422720699159,0.04084341399468352,0.3202971115807455,0.12729253322787246,0.06041441972414668,30639_92226df0
12.667289542002626,True,0.06730816475402984,0.14662561944684327,0.32400525833032967,0.32399297773541064,0.36111165083711755,0.04859368529722192,0.04787795743486804,0.07078270161658959,0.07285962746900888,0.08424967873288365,0.10876074956473934,-0.1492588758944433,30639_253671cc
8.200144746589594,False,0.07603814953879787,0.2565881761719133,0.3763216084085093,0.35011144380956594,0.336097259945858,0.02797741346588158,0.029531967895912226,0.0645487283222187,0.04223657089202496,-0.041911098040419995,0.36980081550470423,-0.2500274505179827,30639_253671cc
8.148712251242806,False,0.12630686760718202,0.42880452980174605,0.11199070128056741,0.10043465992471612,0.08021366181154405,0.03132368383071182,0.03850832504597626,0.04386421240081107,0.04707743034204271,0.10124653552209877,-0.013106326799560069,0.09948182468330398,30639_253671cc
8.028346796949856,False,0.08078606151285864,0.2782730644898779,0.07186365789909104,0.06946594395184053,0.07135493704666486,0.021381532365900985,0.02261259437497535,0.04650817348419206,0.02609981049560997,0.272772979444984,0.0027160047471336663,0.28548792783622695,30639_253671cc
8.32833426602313,False,0.06648408206655831,0.2205975072225009,0.1011829381131211,0.11854285008257304,0.08768612759292811,0.030659000987396122,0.02724567931659946,0.04291142114165845,0.03964322051447589,0.1058959337215253,0.1927504980303026,-0.019888031350244095,30639_253671cc
7.140194265455603,False,0.04368677441708888,0.16901947310581475,0.34406278012470853,0.34538121354529944,0.3591149573106242,0.036680777954115874,0.030628908087068387,0.032753584224214365,0.04334575295585916,0.41879325317087374,0.2401679601069331,0.1159296422588186,30639_253671cc
7.017118139859147,False,0.07022098193529107,0.27621651341053177,0.20234385626029006,0.20241828080836505,0.2059338817839074,0.06462726011705074,0.038744025860112496,0.0385633267644286,0.06431803776103935,0.45757756129090743,-0.033669561996713504,0.05502243304884975,30639_253671cc
7.127951922663765,False,0.16111955180757231,0.6246065863812298,0.1909804500806692,0.22517422991836455,0.1788559616221657,0.09449873812819633,0.09449692335028188,0.03510276384155328,0.1452731194131131,-0.1237326513981572,-0.04358022809674449,-0.09218516709937934,30639_253671cc
7.056177570251272,False,0.12472112756046635,0.4884944445633882,0.34029100922271344,0.37183287398851167,0.3280982839602563,0.08389453462201328,0.08719757747965827,0.04502351755931167,0.11030910402774184,0.07789403780224682,0.00921925600522102,-0.008220721436831481,30639_253671cc
7.004101681474361,False,0.07449943255829478,0.29366676018012877,0.23306653659402693,0.22691134078768896,0.25031300564493325,0.04794343859478634,0.042225144915713816,0.05454720823369778,0.07013929762445427,0.22736385461298791,0.06681162945577483,-0.30063207152296945,30639_253671cc
6.933575135778654,False,0.06847886642977784,0.2728780527991567,0.057553990582034316,0.05416875464046506,0.056890100116373556,0.043658883995372356,0.029546106122655572,0.04153594362526478,0.05295964087304184,-0.1645964977182588,0.21121168646919952,0.003751044675475346,30639_253671cc
6.779741834721192,False,0.13793133222829185,0.5620838037455097,0.25775941027141,0.2786229986217566,0.24699146509682715,0.10153982325011157,0.08153156832389578,0.03682279882126799,0.1355292609285622,0.05569801273498152,0.13295027780087174,-0.2680353328194283,30639_253671cc
6.832072919428062,False,0.06455290700713168,0.2609965491029342,0.3791498179024871,0.3787153499599968,0.35507803070175475,0.051390165821698724,0.04021119666526819,0.030846998013758082,0.05519716833944453,0.3042092855193028,0.3562105491398908,0.4466986218493284,30639_253671cc
5.309635455912373,False,0.06963366105204491,0.36200141593050295,0.2859736273174104,0.28801840828765657,0.26928559893824544,0.0457333575110574,0.05337458512332942,0.03482696232851848,0.06755833400713064,0.03019614612899902,0.11185263609631434,0.5570127290872995,30639_253671cc
6.518839328773631,False,0.019137497727546682,0.08105700730951064,0.36834936251907924,0.37484457388398956,0.36020570958591147,0.027432843807745015,0.023577182243279437,0.02550964749742024,0.01699012918030957,0.8942072735163868,0.7107688612521922,0.6857963961362125,30639_253671cc
6.755604913137841,False,0.054176957884604776,0.22124779130428385,0.2406168696635744,0.24003048395972335,0.23530056124123558,0.03999300135389252,0.03835888793001946,0.02370195483373596,0.05713941270152305,0.11339806657585647,0.24122067466366265,0.4126768855683409,30639_253671cc
6.814609109564353,False,0.0664959273338986,0.26909313386466205,0.32236738082797317,0.3252980925415285,0.32322085583453297,0.035421162789799565,0.04976416967201989,0.022082047185984312,0.06903233117745781,-0.10183088194425986,-0.2051525488558215,0.05138923693334557,30639_253671cc
10.858143995869984,False,0.056074115738175896,0.14249236986711605,0.31823199997704027,0.31115528705943624,0.33790534805900296,0.030523061165756617,0.04633776703054773,0.03784676070227315,0.056450637725475865,0.35010316027767013,-0.18544433354259413,-0.23905784233957098,30639_253671cc
10.916263044563053,False,0.06488179960385887,0.16407767659934722,0.1914210922240606,0.18752402421662148,0.2092753685687525,0.03379510171707549,0.04620464358634044,0.03601302500357655,0.06078945188710166,0.2315372485558671,0.09102205917784194,0.022227312397078713,30639_253671cc
12.60940369652357,True,0.06516558640789652,0.14271243043720183,0.3270745297571188,0.3261848501587107,0.33819996155650367,0.03966800508588129,0.052668087913449825,0.031190619469971287,0.07186745283853814,0.15635114386462196,-0.188663395437551,-0.36155518444703727,30639_253671cc
11.223732765290864,True,0.05342774088088098,0.13133281641462222,0.3326031469863513,0.329318865978874,0.31495224079089806,0.04531727242017593,0.04470826204344308,0.03294629685461679,0.05455585639317075,0.46279654253491614,-0.027095775782627816,0.024636884278761543,30639_253671cc
11.208463475815151,True,0.06671501713508486,0.16430928130392533,0.04133549233678695,0.0627225412557292,0.060904023401919215,0.03998698451339902,0.051308750015403685,0.036143816690309194,0.07268985405537205,0.1424245530561377,-0.02789282803463113,-0.15802685500887914,30639_253671cc
11.088409948202736,False,0.051629885641307424,0.1284517573758608,0.2727253089126846,0.2781844202531264,0.2871850908843086,0.03514355554426876,0.04181499205215386,0.035804818635531234,0.04320024250216678,0.17139573434399724,0.39228886819295267,0.18537033009111892,30639_253671cc
8.094344471709363,False,0.0897207626988962,0.3069844064628594,0.3538253411783417,0.399433397103595,0.32723065437928767,0.045008343486859115,0.06431734915628053,0.03207489739340147,0.06864300123756058,0.37327247854978407,0.33618219339715794,0.11715543679088584,30639_253671cc
11.241846399998817,False,0.053507520007985865,0.1314037831310534,0.343232141329242,0.32772862601806446,0.33776791222055225,0.044889559552020446,0.041956721179504906,0.042686026525608774,0.045802611047919675,0.38264911005009694,0.2187753370677514,0.06688951024725026,30639_253671cc
11.234700044047674,False,0.07780885794872591,0.19120224370230796,0.056015027799410644,0.060886272992108394,0.0677010707333791,0.042372365422397563,0.04573591273911069,0.028833300928288993,0.07207572084300332,-0.08321512887649714,0.19277867535973403,-0.36815363728214356,30639_253671cc
13.475237441655894,False,0.08491134822583771,0.17392081226123912,0.26381070054362593,0.23767914283995795,0.23822008667801448,0.053597518017251274,0.06278119107898515,0.039000277675072546,0.09060500806979858,-0.05769286770897168,0.1957588400236776,0.06385889353362967,30639_253671cc
8.31289572097727,False,0.06493726561559389,0.21616153992907186,0.34717460614603035,0.3376821860181683,0.34990184293845494,0.039713788303703965,0.03737360968564504,0.04471185108314932,0.04857286252738487,0.1360618141201309,0.17983935551441874,0.017322745723311824,30639_253671cc
8.268768187603827,False,0.0670250233738553,0.2240340171048145,0.2729020304146957,0.3199107619585378,0.32131458619044445,0.0284563970664339,0.033249621484548526,0.0302726414887713,0.03949515925603251,0.23320344989333303,0.35228625272297487,0.1277896881819194,30639_253671cc
8.41558483233342,False,0.06108027199410085,0.20070253367141452,0.03156243842202464,0.0408957297262803,0.03723624190297989,0.023041175521779523,0.028845746838646776,0.02368784971401969,0.03766104439629016,-0.01915333810666548,0.06938617792168267,0.07591772470555098,30639_253671cc
8.493421969439154,False,0.046679811988140474,0.15198722498191405,0.0673396086526037,0.059926354074632635,0.06421759192066259,0.01615424942603605,0.02808155505409376,0.0303409009407933,0.03597820621638768,-0.17271292033216348,0.3038750804778907,-0.20881728497607593,30639_253671cc
8.273532531971952,False,0.04008862551685251,0.13390777185625752,0.3515839314015396,0.3482713611267072,0.3279215505423334,0.03315980700469398,0.03418223174030233,0.03335202185785759,0.03567938110135433,0.5640107499744123,0.4610259562497186,0.3028540664019265,30639_44226bde
8.313269150503787,False,0.04690473809972818,0.1559013306613065,0.09300403136925596,0.08860975232704175,0.08351836039209479,0.028335652985123423,0.026449835452136906,0.02545922661675691,0.03834489527665289,0.024293795136311157,-0.16014145240601066,-0.1815703818119331,30639_44226bde
10.75284049136243,False,0.0793336297172647,0.20385111673308048,0.2366192469108327,0.24670448229461744,0.2924929225944314,0.057199605161243484,0.06366598669493201,0.038758473037923055,0.07312808201566055,0.21568458062928006,0.14459130267208542,0.14223430202842738,30639_44226bde
12.415118028582476,True,0.06149288168702914,0.13670006462987586,0.27262618971320934,0.2634211903800346,0.29850904751368795,0.0381533983492439,0.04881209639766212,0.02757182476339689,0.053994492261253725,0.3173489658170552,0.036005866172439456,-0.12027894318286561,30639_44226bde
8.003124929591937,False,0.03377766119632736,0.11667885368397743,0.2842428459444178,0.2804001791547389,0.33418316927171854,0.03801561796785747,0.04445948160772845,0.036089888995228185,0.032228547656407806,0.8138154540020939,0.6716760027452497,0.5512771220615295,30639_44226bde
8.014549637967054,False,0.04239221311107381,0.14615543050909577,0.21944730458094774,0.20184791884258513,0.2482963366143416,0.029378561137134364,0.029294927691482557,0.030134907255797174,0.03219726364278893,0.4362062204644849,0.314133560579761,0.038274806472675484,30639_44226bde
8.056319946847196,False,0.03400119738835361,0.11668831490385402,0.16005175040748962,0.1680146329580265,0.15620443340097007,0.023394528222529836,0.02619957125052208,0.03759152235282157,0.028502354133325355,0.4035559312973947,-0.14238938930294162,0.002517349886019008,30639_44226bde
6.848785529485608,True,0.057017067171259615,0.22974226046423402,0.3153674590392277,0.31873178542294084,0.3152709319905234,0.03984204812609492,0.044950457492509914,0.04453382666829834,0.05685203055110928,0.1335475363266059,0.28498965146804534,-0.029609375960011196,30639_44226bde
7.022998711206112,True,0.060148227581470114,0.23637188283377716,0.33946393777191614,0.34798392930003047,0.33325511942463526,0.030875558663319078,0.04457435931308146,0.042184047281588234,0.05524708767623342,0.16973855545130348,0.09488295673169371,0.23173499429583383,30639_44226bde
13.81507075929544,False,0.1226538788513636,0.245030867300873,0.20206368230226915,0.21518777087574315,0.22509385064075307,0.08523467060075816,0.09048434981463306,0.03639255099784775,0.13683975432773948,-0.09350416758149535,-0.10588872629345622,-0.24278212217303083,30639_44226bde
10.826106561133786,False,0.06043671717858423,0.15423765094593728,0.3513724491630476,0.3682096357219434,0.33849682840091583,0.037895472312541534,0.04481576720336649,0.02984501796507346,0.05321212820344045,0.2047269498966005,0.3011716452405744,-0.15087691900091016,30639_44226bde
10.85097156517329,False,0.05566288891530777,0.14162470060127802,0.1686239048703803,0.1597899095201036,0.19131046879278296,0.024914571478406432,0.038658282216642095,0.02687488521399436,0.04815285364345847,0.13326802795113593,0.14862511942041237,0.013725879745604337,30639_44226bde
8.115289475410997,False,0.07676999889755791,0.26130201863954583,0.3090313546585661,0.30880109401110817,0.346505528711883,0.041528503099487975,0.04578232190907467,0.03833978355565604,0.06231723835025811,0.023408368930969262,0.16848993373761725,-0.3184062674777656,30639_44226bde
11.092592882327034,False,0.047657722427496475,0.11851957718112995,0.3343063252827892,0.34734015996072787,0.34561555741178024,0.029611686191301605,0.03367727921898401,0.028224783866618294,0.04626321979963847,0.08481331632998704,-0.12800248749590476,-0.319574449054383,30639_44226bde
10.973830974316572,True,0.051016315558036686,0.12828630476137212,0.042866307365247595,0.05926156211239219,0.050049531154881574,0.029526410963124985,0.04032534859642661,0.028929728716467793,0.043214194777000156,0.1271058342735475,0.23576533442980457,-0.16435540213074418,30639_44226bde
10.878861955914683,True,0.06911479720764052,0.17530165574159506,0.24208828687642397,0.2356717360233723,0.2472469475644998,0.0377847794260154,0.05518541885077443,0.028605790585358365,0.07679710241795115,-0.1812542099973324,0.3511170448997033,-0.293623720434574,30639_44226bde
12.44271017982341,False,0.06600541288282116,0.14643617204906903,0.19510221897687907,0.20077063356524577,0.19797131304391494,0.0427376654711416,0.03986056590991545,0.027250667863518423,0.0674887563891997,-0.07585905145572999,-0.004395046609642489,-0.13970958931955313,30639_44226bde
11.265947636827145,False,0.049962651868696584,0.12240782578804468,0.3385646306132792,0.3366259216318011,0.35800827085324727,0.03563788063476736,0.025097077588142586,0.03318919413504766,0.042150393176989924,0.18183438725374163,0.2589868968387359,-0.017033842615149637,30639_44226bde
11.2449519852406,False,0.0632420493938921,0.15534788594670113,0.03981477871163889,0.0449655218865752,0.052891342501588216,0.03705083011333983,0.038919466769162823,0.029272117749545856,0.0652108208985498,-0.39542800600339006,0.03426607025444303,-0.16846826728659373,30639_44226bde
12.145339056567714,False,0.07279413385495302,0.16528055651604148,0.33612701323736205,0.33539104786165336,0.34788559714127437,0.04998564378833197,0.047007599056947194,0.024843475745094303,0.06854558659267834,-0.0002735876058963589,0.07377607334105785,-0.04219373057711614,30639_44226bde
12.059079308788595,True,0.05318466152695374,0.12158856637663065,0.09633396604926373,0.08878483869065038,0.09917812397164705,0.037773082415286235,0.03557435996015113,0.021551538045934102,0.04530045566612537,0.13756308357690972,0.1324794544340688,0.010112724642712916,30639_44226bde
12.051965980686871,False,0.06677148052288503,0.1527623686437502,0.05462444566947838,0.0627045003592601,0.07596373510803386,0.0308466179257064,0.04215153667081529,0.02735883772237565,0.06493037064822613,-0.24419725802748757,-0.03100375613824551,-0.2726969144003203,30639_44226bde
7.115985798771469,False,0.08597925244950066,0.33337678339004667,0.3266857596021476,0.3219175605510454,0.3205058552082884,0.060429740513113256,0.052454440613652106,0.028549031941585055,0.07728140943224233,-0.07499405614745,0.1966811209585512,0.05408140606630433,30639_44226bde
7.180237645152534,False,0.07818805810461353,0.3008233111383324,0.09506575495699979,0.10749604795695396,0.11360211224650849,0.05916752862570495,0.053332153331782046,0.02985816998536092,0.08335895727769876,-0.06206015600490921,-0.26516960891727753,-0.015825145953690337,30639_44226bde
7.1508628640727325,False,0.07797261722583003,0.3012835602179358,0.10099927899496616,0.09944588450840254,0.11147247426627746,0.051137989108533025,0.06282044289904111,0.032120111378906406,0.07935193153236489,0.14207032453922014,-0.20682919428630137,0.06626063846202813,30639_44226bde
7.14155825443128,False,0.12747959737431766,0.49308583826332975,0.07331545375630058,0.09290508256510642,0.0679248101143834,0.06891603572815053,0.08232016695119215,0.03764354782566117,0.10688865917713286,-0.2958855438250122,-0.30693447096856574,-0.17107845171082642,30639_44226bde
7.087080289133375,False,0.09314966925936909,0.3632784833643934,0.2692597627959159,0.2739936168392972,0.29735760155878177,0.05934839264990406,0.0647638448026936,0.03214669617076017,0.09344992457253264,-0.21376405202274598,-0.1235822017488963,-0.084182852652595,30639_44226bde
6.8558125373940095,False,0.09472661205034982,0.3822337929020173,0.34133825579843063,0.35502462794507017,0.34029914306859926,0.09080330884433079,0.07260974753348436,0.03453298363668329,0.09911247947070642,0.11756203559854478,1.7095434749086565e-05,-0.19505810982389,30639_44226bde
6.845598808350049,False,0.11915208067527498,0.48075134550397547,0.34626814397911926,0.3370646585750947,0.34110665271237206,0.04282511676231414,0.07835516003658916,0.03886675457635878,0.09499098113173163,-0.026874580614439963,0.14988333844425014,-0.16214567270006597,30639_44226bde
6.724177426986041,False,0.04984795100789987,0.20467556739011802,0.3348649197443765,0.3396505865773659,0.3305901260494651,0.0324505303243772,0.033818241079455504,0.046275823706950235,0.04256017034865561,0.11581063466353014,-0.14286219228425354,0.3977279500244336,30639_44226bde
6.7720373340683375,False,0.04874511728688068,0.19867188836215682,0.22650683202308455,0.22656173410756222,0.24677274611164593,0.025290916954266343,0.0306274984974698,0.033201610734367275,0.04409733365935027,-0.13346666571584437,0.1332592112879276,-0.18764488862802844,30639_44226bde
8.248203256327335,False,0.056324290467446025,0.18867435148888037,0.31221874536840727,0.3241093747308795,0.32735141789467825,0.042524900256569964,0.04401082966920182,0.041074253252619666,0.06168763376149908,0.16891606676052007,0.226593764902892,0.17602743379405966,30639_44226bde
8.50644348440169,False,0.05978260843047262,0.19434262650976541,0.08141839205924566,0.08115298732406523,0.08461969700536753,0.036833434302917745,0.04614855208839295,0.040140894132056924,0.058083222577508115,-0.0030113784017467907,0.022142299753252558,-0.24048962633883605,30639_44226bde
8.51407706445938,False,0.046633253497375037,0.15120503160951698,0.32726646360521167,0.31481837649308664,0.34580409788074873,0.030273562557263923,0.02817922490962664,0.06683161535459571,0.04640042107329561,0.21383205656151028,0.22908678456213036,0.08906108401684323,30639_44226bde
8.4849586571661,False,0.030068372876276582,0.09791915259520878,0.057025981069842566,0.054567874684150856,0.08707282645282681,0.021009804079148663,0.021586796511263898,0.06847855369090641,0.032673045175701014,-0.009478208240769361,-0.13363067637060838,-0.24085309207731548,30639_44226bde
8.59008273119352,True,0.03306313457625111,0.10639643970670168,0.28212248446372173,0.2842168574753392,0.28990065196442194,0.023176006927279787,0.026920163237274076,0.060030536596740215,0.03377031918337483,0.23129334087271053,0.0886660425444521,0.07180789914023425,30639_44226bde
8.155137572090847,False,0.08187059280562421,0.27784991383903934,0.32061845291963925,0.35906845945803256,0.32513219070957833,0.02775818810641091,0.03204926102351104,0.047151330612523724,0.044974862391720556,0.03047891272378888,-0.05699136017111253,0.09270889607909631,30639_d3c43d69
8.048237058637092,False,0.1329590471772151,0.457395242610707,0.11499705848192396,0.15023869962866263,0.106951287355011,0.029027601118161956,0.049331237759128045,0.04875852921303415,0.0488450623471511,0.4904376389470906,-0.22912790368462527,-0.27408800027399494,30639_d3c43d69
8.111424475741588,False,0.07725540339239644,0.2636765860464081,0.17315173753583357,0.22138993861179485,0.22449335087541036,0.020092531659859046,0.03021665092106323,0.05089953904081343,0.03311460324844309,0.38787770319431236,0.32886239721396915,0.18784461292861546,30639_d3c43d69
8.312818018232786,False,0.057981389269012674,0.19311876057766603,0.06519518687291719,0.05770979341120151,0.08187484336119503,0.024720461085205706,0.023208383714037023,0.0516988592088006,0.032256653389562705,0.013110354445139256,-0.017858181625898858,-0.35759824352536124,30639_d3c43d69
6.8186582111840615,False,0.07148468674722655,0.28947890257193076,0.3575229795010895,0.35403097191787614,0.34134220113392955,0.02916356036054721,0.047880285337901604,0.06340039196143998,0.06327776942065341,0.03279946581997917,0.3048706436297454,0.2430928310084812,30639_d3c43d69
7.167729351516581,False,0.06875428328931757,0.2655203548049284,0.3360814297287549,0.33370566965631754,0.346722219392444,0.037696647574307574,0.05981218344348303,0.04174127796704142,0.08022569491541659,0.02400954282196702,0.14411597613255786,-0.030999083146121667,30639_d3c43d69
7.0292426230915614,False,0.07222890763548297,0.2838538096778174,0.07803369943559663,0.0944762064970433,0.09217793805495111,0.03952283505646777,0.039346106608180026,0.04776151738812138,0.06170664864411149,-0.07412707501242115,0.04111736480825969,-0.12717139244399328,30639_d3c43d69
7.048457847280872,False,0.1589821502123514,0.624652107702008,0.27553164690151377,0.2375097160171899,0.24323879769487947,0.14653745233494972,0.07610366514173114,0.043083904279895835,0.15936112519412662,0.0487132458133816,0.1821076162267489,-0.27122800996558605,30639_d3c43d69
6.9927965044885605,False,0.16590159916172226,0.6560425769005938,0.2780628745732384,0.3379922932398273,0.30581306476116543,0.06724707443904925,0.13153669428908066,0.04799384109539125,0.15327528971782775,-0.07875267481277819,-0.316611406376049,-0.11996972516255511,30639_d3c43d69
6.923705548987959,False,0.06804086752407595,0.27167900019950436,0.17354760360646732,0.18461253512983491,0.178877301646525,0.039580757316339116,0.04324108285072475,0.055561329508804984,0.06801761736149649,-0.1338067660564206,0.013060886898189869,-0.03468236448247959,30639_d3c43d69
6.81105350249888,False,0.10843360333861854,0.44022346279744845,0.34932816946762413,0.3461911324663165,0.31733152341519444,0.09014055975148505,0.05157634553951077,0.051808537227446105,0.10742968426302035,0.0043557758614370815,0.10081614339285365,0.16765797746484828,30639_d3c43d69
6.859440188349757,False,0.0713145195215331,0.287419810084805,0.3777423096771081,0.3841704110555426,0.34761393041928695,0.047872778578358054,0.06106038427108795,0.035972163609861926,0.07155906968943158,0.2798841792309447,0.4613313996575146,0.31417692860762386,30639_d3c43d69
6.5780487763591555,False,0.14413706225660852,0.6055998921934543,0.30042874496305266,0.2945123215589906,0.29897889457132726,0.12571298451729673,0.13361892918220206,0.028923684211817006,0.16225855922927057,0.2346164393451272,0.07344439127152763,-0.08523236128835526,30639_d3c43d69
6.779969751337657,False,0.1214725469392129,0.4961324048079572,0.3695106559595727,0.35740366074649704,0.3451409507163359,0.07697929323411955,0.10798737543007007,0.04139255527824697,0.1321008591645789,0.10945889582198398,0.24293768290438134,0.34286092433214166,30639_d3c43d69
7.182071718415831,True,0.12061175458592907,0.46372102813427646,0.355407780458358,0.34230311730776797,0.34449745418247796,0.06203320622944674,0.10000151467338754,0.041178168217113176,0.12506186985883072,-0.06677738633615017,-0.08730618214425823,-0.07678962851428851,30639_d3c43d69
6.943010690023025,False,0.051479772844753295,0.2050257147965194,0.3490959678529035,0.35198066394465527,0.3602066758233736,0.024561508794599958,0.05341382744766133,0.03068512333515826,0.05711106300609429,0.28870412131290984,0.4255793278289559,0.4589880299839338,30639_d3c43d69
6.898336180220258,False,0.0534224296798871,0.21396670200849488,0.36143468084233293,0.3578458567033663,0.36161525122335053,0.03074743502617168,0.0501942766200105,0.040510046778512734,0.05790477654511222,0.4452592116104517,0.31136107008918995,0.10334496058941964,30639_d3c43d69
10.869498281010062,False,0.046744107075499114,0.11883238708374722,0.3066690881056629,0.3002686370201578,0.3171082586669458,0.043976285164032444,0.04363925879702309,0.03245806751388753,0.04172256001270162,0.44411485186765404,0.27263068375531885,0.09235034302846157,30639_d3c43d69
10.897692413551194,False,0.052390026808794364,0.1328448806087153,0.32360931013262967,0.3116714080900176,0.30198668377995275,0.033194869194222605,0.040935420366862915,0.036770579663492765,0.04506285937330952,0.3188520305908864,0.03958040113345126,-0.12715422526917747,30639_d3c43d69
12.52879836828788,True,0.07028058993698667,0.15503613122605955,0.18930296826541287,0.19518612320129794,0.20435479554045344,0.04985269406796361,0.05995510703946657,0.03678516851654713,0.07903540874165672,0.27287223814802397,0.05573070428114202,-0.22266937396330025,30639_d3c43d69
11.251089639157517,True,0.05314211621904634,0.1305134454941008,0.31507542672728023,0.3134564003799919,0.2963098145315143,0.044362078750717356,0.044934036643701325,0.030600668866557525,0.049244941184378166,0.505675268149407,0.3275256852592293,0.3310793717114346,30639_d3c43d69
11.230686896492237,False,0.06186480197837793,0.15212125925246728,0.04263961787707659,0.0570655541562353,0.06369705275565336,0.04200045312658631,0.05688048124333851,0.03702808460946172,0.07313845396770649,0.12392532511951508,-0.019467815902248817,-0.16758876023367938,30639_d3c43d69
11.116001970553121,True,0.041686732389874206,0.10359970807808341,0.3405138269630458,0.3470395679186674,0.3546500126962514,0.04186508304547061,0.047734905626123016,0.04727366066591351,0.03044300632711604,0.7931833418426859,0.6945598106449162,0.6614311726770722,30639_d3c43d69
8.043662253391378,False,0.08696456771442085,0.29963971138799234,0.3496118194134559,0.38258252650217633,0.318141729617327,0.0486209434395884,0.03906074026795713,0.048305060203786054,0.060179457636062944,0.319495236422373,0.34053083613284924,-0.17208768851864054,30639_d3c43d69
11.228020681034193,False,0.05923076883434073,0.14577016977873633,0.3543725896083233,0.3380636905900897,0.3322655422498848,0.037507651510526124,0.05013879671550117,0.037500563830756714,0.0502952275378975,0.4237097182354215,0.1983163899939848,-0.09556852672536323,30639_d3c43d69
11.226670682824555,False,0.08107490267227763,0.19958971548342755,0.06258528541745859,0.05683673406436895,0.06664229829273483,0.04641001628890307,0.03533854000639324,0.025549367912093654,0.058694872069389496,-0.07842301656170352,0.23653580652294912,-0.3408733855675122,30639_d3c43d69
10.874757712009893,True,0.053912327348742226,0.1369269881309978,0.3294046055271567,0.3327660828334662,0.33973458158908426,0.04096433762504127,0.04068772597800164,0.0419552164495574,0.034981640663291,0.6323306830545787,0.20300970556927297,-0.11411601458839796,30639_d3c43d69
8.334100251140457,False,0.05586852320158792,0.18568077619581003,0.31041194239237246,0.30850225613989624,0.34505449409001304,0.03733931817456325,0.033514213866634994,0.02922445383743339,0.043353685408046655,0.2837358334863115,0.3400756937502641,0.31869692436580527,30639_d3c43d69
8.503109304298816,False,0.0505314059109944,0.16447568852763017,0.33918877725195545,0.3611223437329783,0.3542416608853299,0.03796989209169326,0.03487229512480287,0.0341152106751314,0.03947012663445641,0.5233913313097627,0.19526166511522572,0.1224504838088268,30639_d3c43d69
8.529324988662967,False,0.049530349592264995,0.16075670528998232,0.32449862420321285,0.33285709404467645,0.353960353894689,0.04058047239817983,0.045793491532234644,0.027511908839116656,0.04352846332705404,0.48884323119994005,0.10677409858034317,0.24188695579986672,30639_d3c43d69
8.492054367977941,False,0.03955445258620163,0.1289549857225425,0.2645494447538829,0.2517645977605196,0.24799818133435128,0.026030808892652697,0.027612452292719636,0.02665238419381146,0.04268426383186162,0.046947628325521816,0.1812505394964007,0.06094479007136916,30639_d3c43d69
8.254383482843302,False,0.05400510692826291,0.18182075436332343,0.36713716454333045,0.35243102149916766,0.32229101098105023,0.03252327099535906,0.03215172318034111,0.05529967252625254,0.03667280833456785,0.35254588866800723,0.4136553301977111,0.330370521170136,30618_b83d854d
8.13706930289944,False,0.09312899501712366,0.3182374834824756,0.09634615902796449,0.10288371942412777,0.09175546458519637,0.04173615946706293,0.02901254040620881,0.04508158773444338,0.0517273079406849,-0.01498246015747037,-0.1513089602954491,-0.2771312833369554,30618_b83d854d
8.118380135765138,False,0.0763122247063169,0.2612028964672908,0.17812810820503458,0.17996595792131984,0.1973694695330923,0.03345949832313283,0.034292363612495894,0.04985097599299641,0.04322890541666951,0.11881373970785984,0.016164653970947785,0.12010292821525703,30618_b83d854d
8.296156045952825,False,0.07091203202835278,0.23767449303055013,0.07035872140029685,0.0697803959726389,0.11121197668114421,0.03148833099159828,0.02401799535480604,0.049588641088127314,0.04933802935189165,-0.27135667238813654,-0.04791224633877779,-0.0846272786637057,30618_b83d854d
7.055820444482528,False,0.03584883596717051,0.1414632168249446,0.3352761506505624,0.3290533261441158,0.35513654959218943,0.037468606878321556,0.045362576782347085,0.03318657141727134,0.0400245981663836,0.6849730818014192,0.17647758094511193,0.26787433646553344,30618_b83d854d
6.95495180282789,False,0.04638071332783644,0.18548478807840246,0.3098681516120309,0.3106165634165779,0.33339645166769843,0.023581943880894882,0.03268379619766334,0.06503888962946572,0.034376723513590696,0.008917151952971245,0.0877850268613974,-0.08898481930065465,30618_b83d854d
7.005470315681931,False,0.03761223172890161,0.14914065753502997,0.22940055836116038,0.23115654884278486,0.25670283686800005,0.027366598169224272,0.029204208999033688,0.04476914589039814,0.027746989928750822,0.47325050208987657,0.210495688936077,0.2820760275402238,30618_b83d854d
7.009688740487402,False,0.02119538341173305,0.0839930976772963,0.03619902659197608,0.0325529658977072,0.05689142554254765,0.013092382019951663,0.010325218742609095,0.04532772900635802,0.017510449737271446,0.10637401571693215,-0.12142202309456657,-0.20379542823370608,30618_b83d854d
7.04015939806107,False,0.03834542227432865,0.1515558160632345,0.23231575602621465,0.22844727071348078,0.26180378920292585,0.025083099588955576,0.03392478937128427,0.05029625190755595,0.03955815657412445,0.18110107999537223,0.19142469022146288,0.24499643273673374,30618_b83d854d
7.014899006353099,False,0.021241153902019447,0.0841137753023236,0.3154636261473539,0.31456134239585143,0.3160797015512559,0.024850776472458078,0.025467037363308097,0.04529297953860978,0.023524769454645662,0.5958846802431215,-0.11800594767425748,-0.0634554395057892,30618_b83d854d
7.032516133645261,True,0.023317008115875507,0.09226193129894024,0.07770729965066804,0.08069559351767465,0.07561366846228407,0.01668176062713617,0.01658956729339817,0.03716052732673779,0.01819055765650661,0.3348039452410983,-0.018014292764913023,0.060740488781850434,30618_b83d854d
6.960173924572762,True,0.04992053609334997,0.19910004853346702,0.31154251134833494,0.309188322241339,0.30851131730255427,0.03090839425241536,0.04219903929961252,0.045924381908558666,0.042012566918016324,0.39089044527361444,-0.22018646836745442,-0.048178505932938404,30618_b83d854d
6.78092696398974,False,0.07622405114785263,0.31248546013464956,0.34964556176861283,0.33456801066374875,0.3481754115811405,0.04541352237732998,0.052680633510886685,0.04235529408234451,0.04476289499634686,0.4719920931369456,0.09496110690843937,-0.023313185387718593,30618_b83d854d
6.976444801246911,True,0.07653901392203229,0.30473604731974646,0.2339111537995325,0.23354662641278337,0.21291486047100408,0.04104704744844065,0.04560994423882206,0.03857945630323544,0.05490732142408517,-0.07335670288550328,-0.014790492499701104,0.12438778609182885,30618_b83d854d
6.924531337458827,False,0.06377243152539493,0.25601059717000724,0.3400535270100721,0.34246844876334087,0.34448179164692727,0.035435317244913035,0.04885848287716297,0.03737904637659692,0.058184962300247285,0.07086948219586563,0.2466680418097732,-0.3089628829062559,30618_b83d854d
6.841091739190031,False,0.06934442293315657,0.2814976990774974,0.3504789143681395,0.3282010394331283,0.3474859447223581,0.038569637259777786,0.044819658622126696,0.03470418186295209,0.051497541287284,0.07001316987387757,0.17540766632071153,0.011632506756985139,30618_b83d854d
14.229383562095409,False,0.08398420193555083,0.1638954795742734,0.16376292662508363,0.1658127954649788,0.15883874159137806,0.056982358934929776,0.0643670561702705,0.042152886619516015,0.09752442144371797,0.06924973292920203,-0.1187749693503833,-0.580336778127773,30618_b83d854d
14.516964290978478,False,0.0771944815901928,0.14764246468195974,0.18331387589793616,0.17722381725308575,0.17826506068340964,0.055604149951041876,0.05620454547471213,0.04331663727331862,0.0825071814768513,0.11094618670555449,-0.10691634318299269,-0.16549616580428161,30618_b83d854d
14.518736229719261,False,0.0811470756010896,0.15517438469242945,0.16830111701602624,0.17654227782014142,0.19760365499500335,0.0524734007997956,0.0510285114932161,0.036618431031458475,0.08021688249698218,0.06464141438587133,-0.05879704172879827,-0.4485573170113552,30618_b83d854d
8.366910923439848,False,0.07339791540075712,0.24444206112222017,0.34337074238565657,0.34009075345814993,0.33123476771308846,0.04123581667450414,0.049352702579047274,0.04284417005552667,0.06333549857657614,0.4687838488734431,0.1602914444580151,0.26407492541109095,30618_b83d854d
13.698143824603736,False,0.10646828829158059,0.2156219795942676,0.22711855301671546,0.22399804352347596,0.22068743100915159,0.08566126496708962,0.07452655883665456,0.029429645979667424,0.12945418985729323,-0.1689841282087985,0.11074832815916015,-0.15361103488077174,30618_b83d854d
14.45650672777561,False,0.07313012364141724,0.14046906089281858,0.1458591564438477,0.13552261067001287,0.15048912834377123,0.06589540652191794,0.051788060959803435,0.035937761136713924,0.0947329097215983,0.030171716162071247,-0.17443884039137683,-0.23740091363656757,30618_b83d854d
7.615305606367846,False,0.05728631248512649,0.20987677074942124,0.3307824131590485,0.3519165271875555,0.35261612260792113,0.03211925734357684,0.044101004958470844,0.03551127925534768,0.050378623153993905,0.21160283054287943,0.10791002786879238,0.18951104673628635,30618_b83d854d
8.803338393683253,False,0.05420421497907519,0.17132686306938763,0.3290159481054678,0.3174249372146484,0.351909179394251,0.04111617098039745,0.045315859680579586,0.03518350477436392,0.04763210057570816,0.4175129871834727,0.3938354867602127,0.17104968650584287,30618_b83d854d
8.611754065009151,False,0.06787178926878781,0.2194585433296801,0.2755383919130891,0.29949503991261045,0.30367652092332564,0.03748447846100558,0.04291502730875104,0.02000750297995267,0.051796113121905,0.01143650566391028,0.08621972664328256,0.035167786448432305,30618_b83d854d
8.511336547376734,False,0.051849611922121064,0.1694358732844731,0.33556098938418416,0.33186053727922726,0.34817717272521614,0.027981155304470765,0.04210989817593807,0.030244012937004006,0.03779149269644818,0.4507995926327697,0.024664582045062475,0.06390794280566182,30618_b83d854d
10.8165004957306,True,0.040400149785190215,0.1036383852295003,0.323106078046199,0.3201391129953261,0.3346434953683556,0.037248173429938136,0.03712351566757516,0.028123789250647454,0.03875347927375029,0.5586212641183299,0.4757468569785156,0.4045267465024816,30618_b8044aa0
8.337709985926505,False,0.04931256462112909,0.16436377876477826,0.33002196704043985,0.3267704639536147,0.3162465146596546,0.04659361472743425,0.02840040812013504,0.02836001077650564,0.058553550018563945,0.35720433050050787,0.24248681159603,0.4501249346390108,30618_b8044aa0
8.39835794186978,False,0.05995853637086913,0.19848753582402243,0.11251565421070046,0.11931860380756519,0.1092646902763074,0.039326797227028754,0.03358064935428558,0.026517362631066837,0.057251798385978984,-0.09461243862759111,0.12332253670716145,0.01676464980553253,30618_b8044aa0
10.800790930832196,False,0.08748062631604123,0.22515096738208326,0.2658239457134633,0.27740908821592836,0.3067605043332064,0.06737488830132896,0.06512125450510971,0.04910679270223743,0.08408607890125161,0.1378661309422886,-0.06885829106319284,-0.1269391883397713,30618_b8044aa0
7.125842941902304,True,0.08169446226795635,0.31826821543056005,0.21602813223300407,0.23528919443351973,0.2016439076986075,0.039762176042584904,0.06015640548506336,0.04596096715033174,0.0799313893093255,-0.0011283859214692167,-0.012967285612347038,0.030788635635054906,30618_b8044aa0
6.861066527614293,True,0.0852968086070932,0.34484979515604597,0.06428550965942222,0.07985493121210364,0.059821189277342326,0.026901939315824002,0.04600029408785158,0.036808380988037306,0.06341318947033618,-0.4198213387496995,-0.08833089014586508,-0.016683031603299654,30618_b8044aa0
6.765487670165953,True,0.09068725021449639,0.3718595396540906,0.058788055279515035,0.0719537700967413,0.05471948368390545,0.03915619957611967,0.05862122921392654,0.06143012956131815,0.07060348258976082,-0.12760646920553284,-0.2665075307449264,-0.0931267645892082,30618_b8044aa0
6.773996828847347,True,0.07964501464346797,0.326188030283696,0.36183211119761965,0.3522291395752521,0.35684029996401917,0.031626373493429887,0.042037841289817926,0.04479886932087821,0.044910005229550194,0.20198554839766888,0.0711023634708868,0.10782066969007621,30618_b8044aa0
6.849288552909479,True,0.07544170138605716,0.3058078384265077,0.15312223776744235,0.14287583383624805,0.14525896050391593,0.039009745912590855,0.047888972921992554,0.038944217231907996,0.06510611164615762,0.05560937985734221,0.13990945122508416,0.20103073611057856,30618_b8044aa0
14.18179537358991,False,0.12141462785422104,0.2375041855992142,0.3104889392681488,0.3355569917762923,0.35848510557785696,0.08873066953522214,0.10709009072583447,0.07508212106594085,0.13561597371240275,0.2018263858285643,-0.19527214706873877,-0.39423392373888405,30618_b8044aa0
14.180663868999622,False,0.12955314595957002,0.25362381906996984,0.30394325109780285,0.31755242319082955,0.3503688918795042,0.09842273222246253,0.09487245008537808,0.04814497747213488,0.14223927447370327,-0.13460358173788298,0.0010965485933803168,-0.45745893652949216,30618_b8044aa0
8.240528063662866,False,0.07422730629725792,0.2501333074071265,0.29571099729497646,0.2893341829858575,0.34193749839761434,0.034870176284402234,0.031180062934349148,0.04189483495039247,0.04068180582405762,0.19232019146525797,0.1954619703794325,0.3295203833523867,30618_b8044aa0
7.143618484987309,False,0.03856847802683106,0.14969507861548967,0.38997921754805365,0.38052291977675895,0.3604146762386795,0.02072201759179992,0.03284743478505782,0.04350541641306733,0.03134540592931018,0.42042005587425935,0.4704503374129465,0.27665699811938144,30618_b8044aa0
14.068743351737243,False,0.09672599983325286,0.19090711409829617,0.30556385484457305,0.30792219297072354,0.3211900807154671,0.08715101859288071,0.05647421427348502,0.04444645821588052,0.11624099071638136,-0.03118591666839753,-0.10332802092477089,-0.17505850295553207,30618_b8044aa0
14.20779444920197,True,0.10113115884023048,0.19763526907120485,0.10341541526790995,0.09806122655344131,0.11404235702859421,0.10445258394623937,0.0779100671838642,0.04744952209257185,0.13516832616016813,0.12671740611960408,-0.16656728197475612,-0.2410884529636712,30618_b8044aa0
13.918873341068844,False,0.06432718307287313,0.12838273197400035,0.326517398703706,0.33034761354909303,0.32357978326807485,0.04744233870876174,0.05447026412412275,0.04863122625344861,0.07347143206973078,0.21094016617991934,0.12657051388799023,0.022953164779087907,30618_b8044aa0
13.540600057493414,False,0.08866307061633781,0.18179779043729558,0.17889077589767047,0.21036051377848386,0.22043337247964687,0.04891877720279749,0.057863872680929976,0.036955132700617045,0.07278205338536982,0.15927026680001624,0.08332079298869016,-0.1124437899327056,30618_b8044aa0
13.411629849715826,False,0.08523623352208225,0.17615348327049232,0.2780385766471512,0.2677389472536459,0.24830953643590345,0.07064955837705855,0.05826390818855246,0.0335824660707708,0.09824010816675356,0.08105574850271659,0.01474170734336875,-0.10923533750865458,30618_b8044aa0
13.123387951721208,False,0.049659287451628516,0.10488697520333269,0.07215103555722512,0.07702556354574891,0.06823040747684089,0.03709072501218748,0.03414921285608611,0.03948862663478557,0.043189312514819486,0.33405983912860665,-0.029282260905799915,-0.09626444103675581,30618_b8044aa0
9.403887489563498,True,0.06730112701888388,0.19870845601834028,0.21421859551362393,0.1853018394414584,0.19101858942722055,0.023513222282642153,0.01749061103796013,0.05001100129258849,0.0292308237380642,0.13370263385934605,0.08506668174874032,0.15619964290068586,30618_b8044aa0
9.606475030567108,True,0.027155103153178435,0.07848823914719248,0.02360386651696022,0.02563869475866626,0.052795853671034974,0.018197747861821885,0.01851063880367,0.05203396621780764,0.027875745477774674,0.10449472820643622,-0.11834499372133482,-0.01485726788459591,30618_b8044aa0
9.740383030923262,True,0.03734371135336642,0.10646454903070876,0.05475952886336003,0.05951856918194409,0.06554368426370533,0.034727999378198926,0.023174842530477368,0.04155835989972842,0.03319397605637023,0.2558545214608367,0.08554939130016213,0.0339021537866328,30618_b8044aa0
7.217225969427046,False,0.04498036038869064,0.17308939878463278,0.32332428300301475,0.3229589831660974,0.3560606686678602,0.04935781210782144,0.03206273546198104,0.05672932358415121,0.042137533013610694,0.37933160645288294,0.1709670744208617,0.12219865405906825,30618_b8044aa0
7.102255100564844,True,0.023704623148067122,0.09288315201926499,0.20137827078710824,0.20078747956317947,0.18098581336984376,0.02356837901505972,0.023837124429956606,0.05636863453049385,0.026227514606948294,0.32948075214143074,0.005610046691383031,-0.15053729455195158,30618_b8044aa0
9.904477161232997,True,0.038990909450663476,0.10939748873223343,0.16290897230871887,0.16423417585835912,0.17347229579862644,0.02489089257497572,0.029105106093268083,0.04589244196198707,0.03326312538994212,0.10994927685922631,0.12168960482116584,-0.46516040316829615,30618_b8044aa0
9.91899752626601,True,0.041025992087784006,0.11492954328266985,0.17313763869159793,0.17733375890906522,0.18308769746325473,0.028502244741237432,0.04012009634042683,0.04551493649518782,0.03558039745695601,0.3467365652309077,0.2613548827998257,0.07131447422431528,30618_b8044aa0
9.75625083223449,True,0.027856680361824263,0.07930561431867965,0.1999750745402712,0.1987779421773037,0.201213746088447,0.02787144351720044,0.018885959927005425,0.05091192595041054,0.029169481120392738,0.40085241881166234,0.04351368070808246,0.35129950831679924,30618_b8044aa0
9.84451022667378,True,0.05273267145203278,0.14892201071378272,0.16842383528447102,0.1778844401886702,0.18103871174593378,0.03708498632385941,0.029155976261285917,0.06150667599576852,0.04320387597292601,0.14970890296122383,0.17430799906342043,-0.2084205841619688,30618_b8044aa0
8.384665687172172,False,0.06132921726420416,0.2031124039592396,0.3755689306795864,0.3738280737601017,0.3577576846790591,0.052525580555472816,0.044620250796147065,0.04976789318104712,0.06596806648316346,0.40456886306714945,0.02315841961757318,0.05365379549457303,30618_b8044aa0
8.2287918923765,False,0.06029061044904988,0.20374362881573263,0.3168238716781039,0.3202130342309949,0.3341494208421641,0.04352174441776676,0.032990011945597766,0.03992950193995883,0.04558661501637149,0.1903665108962268,-0.027096641467649417,-0.2578289515753632,30618_76e1f9c7
8.141769458305026,False,0.1060943850882538,0.36190008457486944,0.06562812202254074,0.10904553957795991,0.08645937835170361,0.04164261916230335,0.02619589394893248,0.03645824638513902,0.05608973427974089,-0.3032676718706032,0.1838070319627668,-0.05508983513331217,30618_76e1f9c7
8.323327163737536,False,0.0669004457928131,0.22338720939753387,0.1944729457245397,0.1683292873204486,0.19397476227422208,0.027281361888186282,0.024360725016611483,0.034985059345126274,0.03725191898397194,0.1529205686488497,0.28279628321888484,-0.0076437784605290675,30618_76e1f9c7
7.0914499635851,False,0.03345874029135751,0.13142529573481707,0.33192256766339207,0.3284117960894624,0.3395436794142048,0.0318154385431954,0.02604421427679863,0.027178135684293243,0.02927028269256915,0.48562423711259783,0.18939250173248562,0.23103366279529464,30618_76e1f9c7
7.180182015380301,True,0.029813314828677755,0.11540353489654298,0.3383523893902173,0.34744774386601257,0.337702951006115,0.024266158738503713,0.036423565703254925,0.026669321084547264,0.02653645512907889,0.7057938055136626,0.004137958480307834,0.020870668827882057,30618_76e1f9c7
7.200131254063155,True,0.03026855744479872,0.11691536459766397,0.1055271227695861,0.1051248600880699,0.1251832848761471,0.021970618327460643,0.019896875628609645,0.03423600919925291,0.03407127179609887,-0.07579537491533404,-0.13322824162966573,0.31521900755724125,30618_76e1f9c7
6.93346554848522,False,0.04304270608743942,0.17256286127979373,0.10465126813542197,0.09576290953192902,0.11120890492596518,0.026233073600919348,0.024119337151315836,0.033067562624795196,0.04158869494836051,-0.35112309324441826,0.1645308367678582,0.1225380787159586,30618_76e1f9c7
6.901802525587053,True,0.029789902557504515,0.12000906678269237,0.21145523557388363,0.2096766188361199,0.21386744075728856,0.031195696090065846,0.028586158792157826,0.035252653266974285,0.032428675431790774,0.4897838433307073,0.02763885590354438,-0.052372882235333915,30618_76e1f9c7
6.9428334124139575,True,0.04009636912802531,0.16067161030076713,0.2908592262977191,0.2866690493814378,0.28763272073697277,0.02545540080982322,0.024671916405947233,0.03478054666504943,0.026588553011827644,0.41435824199778454,-0.020930744009488772,0.10652519001897418,30618_76e1f9c7
6.95417119048601,False,0.02436954163139856,0.09746147422561714,0.1465321787398225,0.14220993081000724,0.15899907265361635,0.016630147213814252,0.016705187557416856,0.023610635428757132,0.020916233659886277,0.2722003337028958,0.10822762763408832,0.00419343744015126,30618_76e1f9c7
6.963988659617492,True,0.03636187847105236,0.14522658559193696,0.3144872726915023,0.31630349684625736,0.31546682704101414,0.029083406524228937,0.0397578640952153,0.025743362052294817,0.0352683040334608,0.48439662399089306,0.19362506420291048,0.03252307999674831,30618_76e1f9c7
6.89782187096561,True,0.04322614962795244,0.17424157790444203,0.25025618514915626,0.2427286602054596,0.23910875049097308,0.02444021406745465,0.022432799228749863,0.028691966982686116,0.032388936054973505,0.2872385054601905,0.40789309887140573,0.28377216133553257,30618_76e1f9c7
6.884506278929548,True,0.06569427592712082,0.2654864032830887,0.35843249912812647,0.34516610831359157,0.34986787769430305,0.04138978916430082,0.04829906294840404,0.0314568301772948,0.0619101789004034,0.00047686772204397595,0.20016113068427513,-0.11393971635918385,30618_76e1f9c7
7.013495845737645,True,0.0631394864424623,0.2503572212497308,0.32957385402625594,0.3320596892596817,0.32869606111016003,0.051657205606431715,0.0492956939539785,0.028976238178435136,0.054785122464360035,0.32686813503030276,-0.25928832537664404,0.035979818105415444,30618_76e1f9c7
6.881798542551356,False,0.06402207371982266,0.25847894003296357,0.3110567438234182,0.3132570160793583,0.3002584159740831,0.039594309824835715,0.04215008497494202,0.030272089754306113,0.05250012239185093,0.24150887366153112,0.4942501529023231,0.3308767174597734,30618_76e1f9c7
6.802740287751914,False,0.07220186349554446,0.2947603953194198,0.3589736136873811,0.3522706974575066,0.3416878872379892,0.045231841125990116,0.05502326271424327,0.02488423935417308,0.07030330814457028,0.14026216851953952,0.23164400825550283,0.10834995650623595,30618_76e1f9c7
6.921562290473063,False,0.06657857379401375,0.26708104655470627,0.34316990898115984,0.3617554242895779,0.34803011072424134,0.03037012036610591,0.039748681892426835,0.02811517646857212,0.03473779449347875,0.42120226072678585,-0.2569522480941177,-0.019477936140119372,30618_76e1f9c7
14.122697987002699,False,0.09107350064005726,0.179086730792684,0.1566730254261214,0.1535366019058859,0.1627884909783203,0.06222110033232081,0.06047404152306574,0.035831370113239,0.10208932139795943,-0.037199561695327295,-0.2991411544434602,-0.33566787035305157,30618_76e1f9c7
14.426391583095358,False,0.07446857416541913,0.14332940709872716,0.07093571019451432,0.08903226714485446,0.07909077102642312,0.04865458481514197,0.056665376981122825,0.03847833330047385,0.07767850677005454,0.13507141199503264,0.22722564371394444,-0.2856651154510889,30618_76e1f9c7
14.603760585848338,False,0.10529365939963699,0.20019566254096527,0.19591024941618995,0.19168695927374674,0.21353095103801498,0.06735089221178045,0.06724468532896904,0.0585975877518858,0.10529623845452193,-0.11346414903627511,0.15328887929383062,-0.5906400779965327,30618_76e1f9c7
8.374567590013239,False,0.07522203939318185,0.250348287596206,0.34218414688054694,0.3525882298886877,0.33261897043186195,0.033529834611792035,0.0386201166697899,0.034789933099917444,0.051272001091345484,0.40711569422266886,-0.15836957911398694,-0.37845520894093665,30618_76e1f9c7
13.756359727916298,False,0.11413401443430592,0.23021763440195028,0.19006956164339636,0.17444821400166963,0.18218660946200788,0.07784024295097887,0.09112583928009163,0.03585261975906742,0.13961180758571382,-0.0655322180006195,0.19756889549657028,0.03668922036225002,30618_76e1f9c7
8.600956560981468,False,0.06859043832156421,0.22187226542782726,0.3271034241705964,0.3492857284304718,0.3564962389829727,0.05099102162795733,0.04822679696463103,0.032743450803867924,0.046124016475193784,0.445730056306051,0.3094521309541263,0.18812230459660126,30618_76e1f9c7
8.582268306619039,False,0.06911479814419434,0.2241800490052566,0.29861756334401074,0.2996235860911501,0.31963410109352064,0.04742446398229692,0.04111727602774172,0.02667296652354574,0.060756826324898386,0.12905756760957957,-0.18465586114041463,-0.17999580641513263,30618_76e1f9c7
8.60807561450792,False,0.06674703211880802,0.21570741732848472,0.08828533312742294,0.08174243357828564,0.15009800249779803,0.030943220718336995,0.03195523544502486,0.043798769749264145,0.03140063300515987,0.2442094285547906,0.10988491928275833,-0.2071834619187019,30618_76e1f9c7
8.190413200480316,False,0.05627027929487552,0.19098718259738184,0.33091291994752936,0.33485275639283735,0.34349664759190685,0.022614837956802344,0.02907684639549004,0.05112113687136528,0.03421802719345238,0.1155892126426739,0.12559030106145846,-0.08521911566497865,30618_2dbce472
8.067157978733613,False,0.10926355530560543,0.3765534062897843,0.08307528886654887,0.12102857811859317,0.0747392737338989,0.03168362031186744,0.03716380502553548,0.03431992299468608,0.055493164816771974,-0.20417913988894254,0.30988178627262747,-0.19236817612746251,30618_2dbce472
8.208023887784412,False,0.06675029320141117,0.22614900283609513,0.15570419024137128,0.174210695008346,0.17661917324115442,0.028946348134371823,0.022298185917294194,0.039988029230913616,0.037584643312428646,-0.06460386138676234,-0.21649415288107798,0.181961468827229,30618_2dbce472
8.387997388839734,False,0.06882920105608008,0.22841503757511894,0.07884032833275605,0.061413657714926365,0.0880665346250311,0.03454866929244689,0.02678266592509568,0.04283349751301694,0.05086769357728971,-0.20878805294710234,0.02803570008635742,-0.08246123783027715,30618_2dbce472
7.03514444695995,False,0.043082295309799915,0.17028151619162069,0.343359506180586,0.3444723911656729,0.35415221878907877,0.03551634569193144,0.031444991148948706,0.04122608126153283,0.038271331750666014,0.4614489608589555,0.30923731892860046,0.32451934088185014,30618_2dbce472
7.0398780274298565,False,0.04460415300708854,0.1761574295504765,0.20820832139954584,0.20447093894991367,0.21082483865383478,0.023129258344665667,0.019563684485400103,0.04239301810872709,0.03036515541716636,0.0037498942899559322,0.3356720251374088,-0.06468147804382185,30618_2dbce472
7.084177338512293,True,0.024880121907164068,0.09771390307677418,0.0958674317978546,0.09887264471209767,0.10622711690241482,0.016347273664228012,0.01971270555889651,0.045721218518414854,0.026121613196708766,0.22367670177469237,-0.32292962714316825,-0.12562967705534875,30618_2dbce472
6.997346399009115,True,0.033424603627459866,0.13297168436490314,0.1311434878120977,0.12376944685992644,0.1137242068500958,0.021516590783610467,0.020859970753110742,0.045208325754628326,0.03578250057202149,-0.15365314114802794,-0.07079231905931947,0.2006752243575303,30618_2dbce472
7.058708829800794,False,0.039098937866609604,0.15403396085995547,0.24943298626657776,0.2569774229701496,0.2599178173845953,0.017111187785721217,0.02232535806798161,0.03232196338067683,0.029534708759618063,0.03401261333974021,0.41554299149620616,-0.25062085376214904,30618_2dbce472
7.10741110809823,True,0.04061303417242453,0.1590253122509833,0.2483071846047142,0.252107220611573,0.2517332492068703,0.025544297891712954,0.03107005808362207,0.026310591839252852,0.036475681677746015,0.30088310092911774,0.058871294162874455,0.07528166678453929,30618_2dbce472
6.984543082741859,True,0.04137798223781215,0.16453050696264734,0.3188008171430058,0.32414056594573504,0.33515990472231416,0.029896690363157463,0.034413947429565446,0.037241053420532515,0.04049364633099502,0.4284254809467678,0.5885892356996376,0.37886532559327857,30618_2dbce472
6.942402346919019,True,0.06985636660108,0.27994602494489296,0.33183811855516004,0.33998193067387844,0.34368511760063014,0.0383228738788505,0.04749848202240035,0.038018714756792894,0.06382580213207292,-0.040551827594284516,0.031033011917885017,0.0381027651063588,30618_2dbce472
7.108332973788319,True,0.07346432026342581,0.2873831264097515,0.32574878164706855,0.33175040954561885,0.3167544252147401,0.0370666049044044,0.043301231056789555,0.04368812977510603,0.05023472058645718,0.08571586724036713,-0.00017506913354335216,0.4368728371789398,30618_2dbce472
6.821431949531607,False,0.06102356884197969,0.24868978493924976,0.3548509559086995,0.3446534607875487,0.3344406418048693,0.030075136308998645,0.04483637301950061,0.027446833929445223,0.04159706324867508,0.5242817562138625,0.37995020761529336,0.4137448894882091,30618_2dbce472
6.976249910298804,False,0.06654230404421776,0.26480575421609015,0.3504565684527027,0.361265310389897,0.35544729677339987,0.035986921234845204,0.036421846571813375,0.030000575802341677,0.045790612667563985,0.04050500611821006,0.28985042088438157,0.2974495349490229,30618_2dbce472
14.110755362586321,False,0.10056771344535353,0.19798514707747766,0.16876849009077435,0.17599358490308095,0.16608823141605478,0.0671858648759924,0.08825812903516922,0.037952059218257936,0.13033764350574514,-0.05078995405862523,-0.17409622089139512,-0.2284086839749479,30618_2dbce472
14.421021752884847,False,0.06803159681237422,0.13097106825364244,0.0821110147135045,0.09463638342470726,0.07970026520369759,0.057428768805846075,0.06303260457029883,0.02612379903717996,0.08721001195550646,0.28851373503454825,-0.1777366304718473,-0.272910226516367,30618_2dbce472
14.566845406905724,False,0.0962649551367734,0.18352101513839314,0.1784247804496406,0.18151455098780045,0.2102568977535332,0.06408995236433736,0.07530900552203225,0.04865041610303519,0.11011763119855505,-0.09368238919867236,-0.26438118224199136,-0.45817482343660776,30618_2dbce472
8.365686264156329,False,0.08352586722559677,0.2782645840642419,0.3590459311313984,0.3726712775018327,0.34510199446695644,0.05564830521211877,0.03945319373132307,0.03980140349719122,0.0634639401351093,0.43049045751303583,0.20419564656494985,-0.011755533685899712,30618_2dbce472
8.670860524734465,False,0.07102806671316218,0.22797221260720518,0.3066973453678579,0.3346177897376098,0.34399912997411447,0.04906123798928654,0.04774386762845233,0.036092473163202826,0.05611971647056557,0.18767710700002155,0.057402820341757546,0.3884098857194064,30618_2dbce472
8.608851837988004,False,0.06460002609258224,0.2089632635574927,0.25287521075255964,0.26859416112151574,0.2917542889965729,0.040609082688789794,0.055078341988087864,0.0412241281199041,0.05725479591847325,0.20223008501521486,-0.11279365778642336,-0.06580242861550978,30618_2dbce472
8.621851404300378,False,0.060409812095127365,0.19500125501477783,0.11653586901059462,0.09631848646124806,0.07235855961919485,0.02502271443034497,0.024240342338485172,0.037971786260334255,0.03751553981645237,0.02907131992227911,0.014696529271799612,-0.19624213797631648,30618_2dbce472
10.795782315995034,True,0.043097358862112856,0.11074225028977876,0.32024225107924775,0.3220192749177583,0.3440809672442496,0.029645044196264136,0.029608295047070184,0.03345128819192951,0.0324306041999705,0.42402165174997025,0.47536846613717804,0.21890672138634085,30618_b15eafc3
8.576820573825419,False,0.04797919408297352,0.1555746638835929,0.33539702410606315,0.3340126411799256,0.3319347576655456,0.0406092337293144,0.04071672190829623,0.035085570667933476,0.04355232647802548,0.2747886062188628,0.39856064114594875,0.06963875136000451,30618_b15eafc3
10.828738340868401,False,0.08983760763533187,0.23058275278805532,0.19839642529238127,0.211550788757998,0.25879965442538827,0.05910581984614166,0.06687398569927418,0.035159607469975006,0.100231134062988,0.0912034048871705,0.09570612857254474,-0.08143114692034878,30618_b15eafc3
8.337547690741154,False,0.052380584111562295,0.17474414029654806,0.33845739725322843,0.336736140456323,0.3338268192002895,0.04425600905092831,0.05662723611386727,0.033498404717423234,0.0525703571364026,0.5584321071816704,0.34493794284573365,0.14537795532644646,30618_b15eafc3
8.079435530822012,False,0.05759388437715365,0.19831908715712873,0.07485588083590122,0.07206478034056087,0.08198575663354972,0.033357251650076934,0.02821318136843208,0.01978125267161225,0.050400502174311745,-0.32610226890241184,-0.15548670503425435,-0.0544632663564455,30618_b15eafc3
8.181639032881703,False,0.04546565590977692,0.15447078581527054,0.14548160273068483,0.14503320121036242,0.14898733744295625,0.028373847395990668,0.026368452611629484,0.03612985929054477,0.03537003863412843,0.3358488355096855,0.4192425326670277,0.3109057092126894,30618_b15eafc3
6.794306544639475,False,0.07935325014886921,0.3236079674326661,0.11794130952454422,0.11737233990905696,0.1081979060427953,0.03368482396961797,0.05250322913030657,0.0469742951579122,0.06461007112408734,0.02015792092055612,-0.15682303031969938,-0.11250815558264221,30618_b15eafc3
6.735708280285865,True,0.07118933701247793,0.2933046642437756,0.045385580438254226,0.05284666097471018,0.05569801135062304,0.036653288597949724,0.04717117095131683,0.043713422769165476,0.0628303796177879,-0.1567033120957034,-0.027940671417663734,-0.07619220006775426,30618_b15eafc3
6.6700443114465395,True,0.06132306047482456,0.25504091433753984,0.04605561057295791,0.05498492764637977,0.04870935920282829,0.020834884095031654,0.041119252781607704,0.03296607134707785,0.04890028711700011,-0.1237879976885762,-0.3703108161994661,-0.0012913739323216985,30618_b15eafc3
14.130257952192405,False,0.11134944399243883,0.21868826382047893,0.3166005696684285,0.3216068446374839,0.3516642981827841,0.09670147141914595,0.07736313971514729,0.05178984585466025,0.11106234110416335,0.26673383867236866,-0.016575835771282542,-0.27547109991622726,30618_b15eafc3
14.260530830397473,False,0.1330328479851392,0.2590946688267996,0.3826681623747859,0.355037138282919,0.34867123274968453,0.1086496953970214,0.06259858474011953,0.05556307298867819,0.14225130424802993,-0.09320863641159843,0.09104098326589861,-0.38923363956012685,30618_b15eafc3
8.203268985652185,False,0.07792059764394631,0.26380245722103907,0.27084325972856566,0.25126475067847215,0.3015411384978197,0.04548988035451847,0.04349482340304344,0.0372311110913956,0.04855673989584495,0.2834992574787218,0.2346401347419542,-0.11899674883154186,30618_b15eafc3
7.209750995072261,False,0.0430633597296395,0.16575032761507663,0.34899052533181113,0.3393108608375717,0.3504514113123943,0.028640158769344885,0.0334145260455941,0.0464085372071886,0.031574640848355186,0.44673112631539447,0.43451858974146346,0.12370670643626935,30618_b15eafc3
14.170975923642201,False,0.09090973169730711,0.1782136366668033,0.18002709171509534,0.18648732036919546,0.19797352371338844,0.07363007598539216,0.06335116729168841,0.04937870265327109,0.11486857583219881,-0.035863204481263795,-0.21933103513546243,-0.2403897598752741,30618_b15eafc3
14.255622471918159,False,0.09679327142628635,0.18853044118727832,0.1470784846788284,0.1491653173016284,0.12795910206324196,0.08425418993930751,0.07364209312406085,0.05292812469229755,0.12557412231136947,0.05878650219297949,0.05205942502665742,-0.22722409703071933,30618_b15eafc3
13.580524224136134,False,0.09273712209754983,0.18963216626608592,0.30172526489438634,0.29988649551156454,0.330073507674357,0.0669563777521983,0.054029486821126974,0.05231131415657547,0.09203794447606814,0.20442343987386252,-0.279638263351798,-0.18916159210660866,30618_b15eafc3
13.503526272599657,False,0.07892596305316538,0.16202911251763405,0.29902154419616656,0.29721314870686005,0.2741798983456576,0.0679635792070283,0.05337405875594306,0.04428972107948811,0.08343236227747643,0.09641065536884483,0.0713447580630895,-0.1801607791898989,30618_b15eafc3
13.111415332356787,True,0.06349795047507163,0.13424656664129872,0.06562732392108454,0.07691203305417144,0.07883354850257489,0.035562876584700004,0.05407735087322717,0.056776636297105984,0.06886313794942535,-0.06890307101322228,-0.11906976611395075,-0.16493425996766206,30618_b15eafc3
8.929562948601607,False,0.05735665023164635,0.1781808618466659,0.31887768312514847,0.33236498318423163,0.342026796486389,0.02880524800425322,0.026014059172700908,0.04980436685554046,0.03733660439077114,0.1534936770595815,-0.1803643189834252,-0.06639430648539237,30618_b15eafc3
9.474576551266157,True,0.04595927273110094,0.13466344000655048,0.07504136429055973,0.0966706645373841,0.09745899515482422,0.015291558498589118,0.019166222505093845,0.04289366613283443,0.023055202375131294,0.2410108395750026,-0.07459003328858382,0.02245782275430166,30618_b15eafc3
7.39566357443889,True,0.04062667423348361,0.15290551257825769,0.35001366832952446,0.3355000945683105,0.3580802342179989,0.028564913994574694,0.03385520895085564,0.0478714712824735,0.036510894048636104,0.33782016012521476,0.27265080144338233,0.26146930178859085,30618_b15eafc3
7.124689293856419,True,0.021574344505969307,0.08408481711055137,0.15479684169725091,0.15536489097930734,0.1723660190697831,0.013265063477594747,0.01298284812212009,0.04195146732919959,0.01474048744761193,0.4097653935533346,0.18267748563542105,0.13807629626575815,30618_b15eafc3
7.160713901417807,True,0.029197038590751026,0.1134462064835592,0.34838329098392795,0.34892809244999484,0.3532708487905949,0.021646668217043596,0.02566618801615163,0.03918724103805941,0.02431360107805343,0.5127500081933414,0.1913984382908389,-0.11723315728455067,30618_b15eafc3
9.893431588361336,True,0.04054712342330263,0.11393238505686261,0.09346843942368203,0.08238677867093973,0.09527080405877872,0.02958286301283,0.02254049778879416,0.03806191100692626,0.037634974680084525,0.06988249757597935,-0.08111780660521042,-0.04414174799307737,30618_b15eafc3
9.945680784854376,True,0.028785366952701685,0.080466638980459,0.2210472565147816,0.2203585625195586,0.24054780518357224,0.030316799613355466,0.024946688311003593,0.051195374009856146,0.025455090927209097,0.5675549365694651,0.02405437336825983,0.16021405150815393,30618_b15eafc3
9.749370570136058,True,0.029389423555111645,0.08373266501061614,0.2651134532414702,0.2722143769259701,0.26506419046729734,0.020614316794994314,0.027865846549043068,0.045679288095536,0.027687770085352774,0.4173037735999486,-0.04588303704280078,-0.23706150429412007,30618_b15eafc3
9.863393607202468,True,0.05177234554385882,0.14593141334944196,0.14504749103155107,0.14195919887625413,0.15602045336657716,0.03477162825450314,0.03107018537845946,0.05395309633838565,0.04401588079339089,0.007232006394035088,0.08666612334630652,-0.038690254586683605,30618_b15eafc3
8.507938383781585,False,0.0613139000608912,0.20016053017240737,0.34655909516424666,0.3574848736779884,0.3531679305269317,0.04513844166038113,0.033136881261273884,0.03940189999450414,0.05548191866166428,0.2609962418151936,0.39183042675836577,0.046669792082476375,30618_b15eafc3
8.609415822543932,False,0.05020513012587895,0.16195834541047002,0.18424705512588888,0.1640402302719328,0.20815220562199022,0.03798713254457528,0.030458108239650887,0.05826668099253242,0.047587917344364225,0.17702093229176594,-0.0918399597979184,-0.006052892231457865,30618_b15eafc3
8.634215236043488,False,0.07325297899635849,0.23566295247111124,0.27462029691420414,0.29274690299624173,0.2721406792591115,0.06085294650217682,0.04289228263419995,0.06721168064676315,0.0825776407088449,-0.05218518357375857,-0.2704008577568428,0.0790355172136602,30618_b15eafc3
8.547235451244362,False,0.07647297450324526,0.2486165043604563,0.3179838494464251,0.32385530097629317,0.31715491924953915,0.061272245665431636,0.04009205815552769,0.06124194281545159,0.07973931244055994,-0.20423880915450615,-0.013015937933163866,0.2692140876760085,30618_b15eafc3
8.484992195832472,False,0.08330349201990551,0.2725432062746003,0.3521970097724236,0.36092535587891733,0.34587071911493034,0.04608237579436926,0.046856489486581956,0.0641676456118953,0.058029062023907035,0.2812806775241615,-0.07199464951007759,-0.03105080235161204,30618_b15eafc3
8.238722600811485,False,0.05955417764711082,0.20102330822577114,0.33213179871997733,0.3482981401749983,0.3371394086067793,0.026833992929860422,0.027691179986095504,0.03917913248190469,0.037144870223329136,0.11299310940232518,0.08651455252562328,-0.23500394368069497,30618_68d1748a
8.18795720276622,False,0.10385904102647427,0.35220665713697563,0.14977668497612207,0.18819741954012573,0.1598061823779282,0.026175151650329423,0.03735388727251177,0.03844101701371539,0.04712795981134302,0.025611494052908086,-0.22291681038832808,-0.08529863320641173,30618_68d1748a
8.223053240419464,False,0.06972976873359764,0.23581489714198517,0.12107379080165295,0.1376413264606144,0.11455197925281052,0.029979185955615398,0.02704402116465633,0.027536279102966493,0.041530638221590546,-0.12070993007067352,0.3997110067462205,0.11684291413998649,30618_68d1748a
8.598272924396264,False,0.07713363844649154,0.24975951271106825,0.10461447218246703,0.10096777958505837,0.08506153096344801,0.03985855865655717,0.03082083427593248,0.028437840047299816,0.05903356816405672,-0.16962852252903726,-0.021065686949700093,0.2308813634170858,30618_68d1748a
7.161700372212304,False,0.03048597863224915,0.11855174155047658,0.305208054301216,0.30503944637921027,0.3181892024091267,0.02906285204329901,0.03141665470565722,0.036170120388424314,0.022891046553438987,0.6922171716080805,0.3633527351309032,0.4910740892608123,30618_68d1748a
7.200758832507583,True,0.04996746159308601,0.19295755954137933,0.26504630041385513,0.24529864774144242,0.2682707350534744,0.021942770206429433,0.021867308029365623,0.03681953366579512,0.029566042851744072,0.29242426155998646,0.26122446894339707,0.23176649852471043,30618_68d1748a
7.048352153534282,True,0.04060911352575159,0.16028589676087845,0.32574139775388894,0.3297247465605867,0.3331124622583583,0.036727065054863145,0.04062879522306762,0.047477675637398076,0.03803174447573642,0.3778213580740386,0.05075209945544237,0.22528792761470465,30618_68d1748a
7.09918843986314,False,0.03131015695029169,0.1227834756643587,0.1742927139550441,0.18379505847361854,0.2041400894744378,0.01751291351373356,0.023169041559851885,0.04532226398721172,0.022445500066720588,0.5019644089874342,0.3684828889294432,0.14584517542174263,30618_68d1748a
7.110869135249956,False,0.03556605161936141,0.13920349390582085,0.16679326384737658,0.1757948102465453,0.19296662015437563,0.02516012329511694,0.021173349299954417,0.0353598779497446,0.027938831935738175,0.38262109530620475,0.1230211768453067,0.21789404634826162,30618_68d1748a
7.11931850569731,False,0.040168305538653075,0.15712004410898578,0.2790958762643649,0.27378868246587473,0.27823237268063555,0.02545454088519345,0.030582562100059982,0.039320893047210655,0.03815778324599064,0.3144599375972046,-0.1895366283631208,-0.10666826814003146,30618_68d1748a
7.030121812840711,False,0.02824329288445711,0.1117514845785746,0.02814036194790455,0.02941176185317432,0.04405161380593981,0.022139238669196534,0.019395222326402714,0.032646431664263044,0.0289064551301816,-0.2026598395936283,0.051054305069297756,0.0719296906602129,30618_68d1748a
7.148784676357586,True,0.05197694110109698,0.20226696225014787,0.2723771449812241,0.27106465449945905,0.2892785101447341,0.024173456792830218,0.022530071268870345,0.027516219718312435,0.03199365709560953,0.112613938624169,0.036636130501049344,0.479790588754863,30618_68d1748a
6.910720448433118,True,0.0458277224860158,0.1844884599408006,0.2066042454234935,0.19793159037415373,0.21204789267116633,0.03471274537851443,0.026611185660651404,0.036378695517625015,0.04092392413713185,0.49138845139190085,0.11435879236812001,0.21204730729493063,30618_68d1748a
6.956930224924041,False,0.06586925887318952,0.2633496733529477,0.35136450615937564,0.3430059281643755,0.35353000618256275,0.04725913222900247,0.053212668235979116,0.03858347724501839,0.05713124764153412,0.1031902708607486,-0.03876352584379569,-0.09593900545523219,30618_68d1748a
7.065129710059595,True,0.051527143577407286,0.2028090249936488,0.33595394789656413,0.3335703563367988,0.3249004062713713,0.036393466824146646,0.04036106722998226,0.03509551088363819,0.04244643332906544,0.6543466092386895,0.014222515090273554,-0.010018440373736011,30618_68d1748a
6.937565213265879,False,0.0643889289519573,0.2581460646410256,0.25418074383884515,0.24850265505543856,0.2643293701251569,0.03544513857035238,0.052094383778564644,0.035505073035479326,0.0518483639537757,0.3830014034432751,0.15675492302425056,0.1793595239459554,30618_68d1748a
6.909314022631256,True,0.05958452638158003,0.2398437687574647,0.05289621505050249,0.05726578009351495,0.045976709729394376,0.036109597091893084,0.05040587086277609,0.023665375278440134,0.05383909460901931,0.5187544601201494,0.18615177499536725,0.11607385718826474,30618_68d1748a
6.803292168082423,False,0.0730091137215735,0.2983889346465871,0.34883113662924214,0.34978241696230394,0.3343453537954191,0.028941883118875907,0.06417401493309208,0.02625845005176722,0.06405818597316949,0.42495961210547106,0.010370257377876165,0.22399743849863407,30618_68d1748a
6.852673615852003,False,0.06452263584426098,0.2615103712296527,0.29756953837657707,0.3006218651004759,0.298803663325884,0.030297836413519134,0.048811140722128665,0.024220976017715886,0.05290910220363995,0.05556137185274338,0.4490716334656966,0.2061290355864907,30618_68d1748a
6.817234635035952,False,0.08439469566173892,0.3436399361084602,0.1880524194816913,0.1869694382757133,0.1752831216482978,0.03142709984017495,0.05129850058297963,0.026994742952148702,0.059920885695219576,0.16581177146267462,0.5633433381090311,0.12660312206887847,30618_68d1748a
14.151759564179642,False,0.09802852032244619,0.19243038408440696,0.13471485888406684,0.15505413300973564,0.13115038207348495,0.08108843038423409,0.0802474237850354,0.04286557074492869,0.11375284014136491,0.1377765888706664,-0.188549312517699,-0.34616916642633244,30618_68d1748a
14.449701775665783,False,0.06818583266378514,0.13103379320612696,0.07475669173462805,0.083100832462289,0.08572979263044823,0.05154497527992315,0.04554124542569327,0.04515398890901049,0.07709237695546729,0.0037735624382462013,-0.09346193898724804,-0.16497155131937202,30618_68d1748a
14.65611933323225,False,0.08327668564269336,0.15780994859968536,0.2851312941001482,0.2792368457718613,0.3226002731883904,0.06439445261327355,0.06389102312940449,0.05692486693936555,0.07956780441585629,0.3679785187662203,-0.032970306300825,-0.1735588239450159,30618_68d1748a
8.422396615863065,False,0.07232377407672579,0.23940772901581647,0.15315018767594163,0.16913397688867565,0.11179146282049954,0.02782713036676372,0.04264829128324584,0.038397721541914634,0.053697560307151476,0.1142474694917803,0.12443722110061282,-0.030988909611719895,30618_68d1748a
12.443464383876726,False,0.1278467348787402,0.28555260725524517,0.3395755665473561,0.3849918049021552,0.3139353429218451,0.050027255822332514,0.06107698462436744,0.045634784057544606,0.07100071660962258,0.07945419311697008,-0.11280230207548061,0.19326299779510236,30618_68d1748a
14.40914368321025,True,0.08073052697769856,0.15553881867883937,0.1583779844465619,0.15912727841273674,0.1493216339276214,0.07663311436201779,0.056585147522761746,0.04279600919748093,0.09920405519981554,0.20294020837614318,-0.18996022678246569,-0.39068693748455646,30618_68d1748a
8.660187793949268,False,0.058609916992809104,0.1882559438211376,0.306401639014402,0.31604476431045014,0.3348516754128237,0.04514775291972442,0.03797829649901987,0.03079764866163524,0.06739165543930646,-0.09386765429532586,-0.005229480091668005,0.10515295022122423,30618_68d1748a
8.328753919876624,False,0.058202931574284474,0.19425836018255016,0.3450387218426728,0.3475345126266677,0.35044720816566527,0.04080142599444783,0.037569736059961174,0.059108079775744,0.04574904372330374,0.37061543018780513,-0.01046386827953583,-0.23976430837535756,30618_095a115b
8.43313115097196,False,0.08890943558460582,0.2926599819864438,0.0602093318244377,0.07087704995945111,0.07110955935088652,0.032818557351768037,0.026677385810518817,0.033967104319643004,0.04937835637471525,-0.2573713951510808,-0.05260692104255528,-0.3404022336445732,30618_095a115b
8.489669091376253,False,0.05138594732299445,0.16828638893460696,0.07692146159947456,0.0850356685811521,0.08782281763618782,0.025170328431489364,0.02294362982548667,0.0417431678254028,0.04195166888482827,-0.18990943359972956,-0.32419110822990516,0.1638898662548589,30618_095a115b
8.636397639941382,False,0.06597608968529926,0.21256589893188663,0.229858113627579,0.23581480155718568,0.27529947892234535,0.03482396585547823,0.029863693513734794,0.04755452336081997,0.044866661880401386,0.11822771544174947,0.09847745857937744,0.15371369429592316,30618_095a115b
7.108285062480106,False,0.03011271858102415,0.11787378726282957,0.28264353516166474,0.2733685770289981,0.31001812175080484,0.027470052247497923,0.02103077626983659,0.05729949433835186,0.02051078229166526,0.6895751928056927,0.25879460452622766,0.20866593283631385,30618_095a115b
7.17335248364096,False,0.04898329189831259,0.18972946400964172,0.3082732267261734,0.3015102043942825,0.31580364761208835,0.022072799153523545,0.031745163567060676,0.043563801959895676,0.043320364531206294,-0.09042881868135651,0.2079502581293486,-0.25589587251579593,30618_095a115b
7.072807468155421,True,0.03948360992030304,0.15524997710788208,0.29403200356915843,0.2911688471993096,0.3063289156110487,0.02551469176930265,0.02179282211224374,0.0636017833525114,0.031141389310848904,0.30596872422862015,0.29941127629277037,0.06644758285172075,30618_095a115b
7.020357043484439,False,0.03087382134012286,0.1222744867855573,0.23529120369640025,0.23044059235460743,0.2366151167314209,0.021491166273772653,0.01833559742560218,0.04868746334627873,0.02597275232774847,0.43533453390200455,0.03519629998922447,0.14996526627372783,30618_095a115b
7.0177545055101085,False,0.02523820118928617,0.10006778841591767,0.027726400739700743,0.025980762290589703,0.05453290610385871,0.017950784647605394,0.01588847104247785,0.04841704158350233,0.027494546569797603,-0.05306443730777807,-0.06399675432639194,-0.28471158187463297,30618_095a115b
7.046944735619503,False,0.026239887258503156,0.10364649750562886,0.21126653667336978,0.205926022114827,0.2345464447437037,0.016078859196713733,0.010836066823373063,0.04250234055453634,0.019667178698853052,0.2454239074942126,0.08543390265259637,0.23569759498574136,30618_095a115b
6.9851279283442445,False,0.028925852369586794,0.1151279259807693,0.23629970273932663,0.23596878643208546,0.25665515759903584,0.01990706404425525,0.01891538649469662,0.04103315805315668,0.023441054002907004,0.5024494786440015,0.3372183922384929,0.456163868663235,30618_095a115b
7.087138092948737,False,0.04175945786517295,0.16384794041357265,0.22392386375480058,0.22714521277880106,0.2497823793712675,0.0238755785227301,0.03597052440968346,0.05248414604214015,0.03852502405373564,0.3688670952708189,0.5160458339962307,0.14581562342612944,30618_095a115b
7.00472367473671,False,0.04029394534402023,0.15983861779060585,0.18649601861270493,0.18953708122442792,0.21946744894520545,0.035280256390774874,0.02240302698441522,0.05395743859265386,0.03042720306823991,0.465636335011802,0.34458966577589517,0.1061741804194379,30618_095a115b
7.03805358661548,False,0.06452294891044273,0.2547931325899518,0.3650251176264544,0.36525590895800303,0.3543921324782632,0.034057813723550226,0.04656549840626159,0.03751945546273584,0.055387018696031125,0.15273427948024862,0.05634733544936733,-0.01174448361230353,30618_095a115b
7.045772130637914,False,0.06513577084298632,0.2571608600743832,0.3125335458016066,0.32082571377855457,0.30768261262075175,0.03799981062757046,0.0385820420822621,0.052441584956625875,0.052902861636286824,-0.022655132431960316,0.01904393707699468,-0.0953598809557183,30618_095a115b
6.959909127265561,False,0.06834776940157586,0.2730079202589738,0.0469837987500179,0.06250167856375068,0.05105802046446445,0.030489810907263902,0.046615699402849535,0.05393465843937951,0.054006039115260106,-0.09272352840266644,-0.09567746739728512,0.1496232323921987,30618_095a115b
7.080216212194459,False,0.05813330959075145,0.22830562647862246,0.2595325290881612,0.24809073765942144,0.25245233918473897,0.03221078378230708,0.034112468023635614,0.0466990324907939,0.05346014720742177,-0.193608711227913,-0.25921203890524985,0.2923879130457557,30618_095a115b
6.691598715066157,False,0.06812558796018697,0.2829552887901251,0.3270514040953345,0.3371430383543242,0.35672688261697305,0.019848527592536528,0.04740940602157907,0.04511020132467034,0.044651197483588034,0.3550813934078512,-0.0226463105085322,-0.06360358834016987,30618_095a115b
6.781014845314021,False,0.05488944054560483,0.2247828592270653,0.3359283793372474,0.3284420814449117,0.3496616154596887,0.02790658704714957,0.040508207181943576,0.04738713877448629,0.037312026261713815,0.4324732275512113,0.32770203615345256,-0.05990832261479665,30618_095a115b
14.177102969563718,False,0.07316341809712257,0.14334037397280217,0.10961066043649645,0.1190797184124657,0.13478732563215062,0.04922187989427629,0.06146808292379591,0.04991529901917279,0.09120343384898635,0.10972231697991863,-0.4406744144125687,-0.2823227082442123,30618_095a115b
14.547484387296102,False,0.0814803933498804,0.15545198141181946,0.07023694704572278,0.07073212793339792,0.08937896295160043,0.07082639805845699,0.049953344286942855,0.045601440923537545,0.10322314839083614,-0.18111141450237098,-0.10585783084427658,0.020640638466806877,30618_095a115b
14.695265699568601,True,0.10118416966389718,0.19119499186545555,0.16360654242920492,0.17956000387209117,0.21644928424846216,0.057539381030548675,0.0645689845628897,0.06809982884261334,0.09740364304792305,-0.052429749808492014,-0.12957367549810567,-0.4203055246671388,30618_095a115b
8.339758486006799,False,0.07110786205343007,0.2374332772426812,0.3471958216055687,0.36033588452210946,0.3457778471576401,0.04983364362742823,0.038624756312020156,0.047944457265320824,0.05962383202170382,0.19451569701024984,-0.08566539120439189,-0.134378622130637,30618_095a115b
13.727300865119624,False,0.09161945153312669,0.18522084590624882,0.1862814937826237,0.1853541762645705,0.1921900240257839,0.049844181622039366,0.06794802152771391,0.04958191527056135,0.09808358232873511,-0.27668391401648923,-0.1768077437308026,-0.0007359968077324073,30618_095a115b
14.330235167556822,True,0.11936288154079945,0.2310064658417349,0.1742269438377133,0.17863932651065056,0.19041993728633785,0.08515607556514013,0.08200570850833827,0.05171654718597335,0.13627727519064253,-0.4071226211553314,-0.04627445911034431,-0.20310457862932876,30618_095a115b
9.069474774410924,False,0.059631201391260734,0.18289500207407355,0.3740080071957342,0.35384653103085306,0.3327190279396453,0.044508090633189126,0.0351226943060359,0.03500099120741628,0.04727588459574327,0.2807663386954197,-0.26578112628176753,0.06418733949270822,30618_095a115b
8.765405542381442,False,0.07244136758773176,0.22989179194073656,0.209164921571805,0.22666324322742382,0.2635887511446523,0.0450811494572378,0.04280131266977471,0.026403914850843927,0.06291466665805644,0.15590367304163025,0.44495995335143157,-0.1476942194709455,30618_095a115b
10.751572347854799,True,0.03877715460688259,0.1000599964098665,0.3346689148236339,0.33507337961338657,0.3600787761040299,0.024269452900878914,0.02029673747241548,0.04065292946960725,0.033665770070743464,0.274885553206869,0.08622796045884758,0.024285234210802198,30618_7b4d83f4
8.464568001552582,False,0.05673764068413162,0.18629774748930514,0.09976408475127756,0.09914478196142384,0.09305181092000885,0.040580317397605134,0.02578766350298146,0.046541337945302054,0.05505819214209933,-0.2279199934449213,0.007069104875143193,0.12032105895835865,30618_7b4d83f4
11.133128672328017,False,0.06840622141097094,0.17072445271827746,0.191801749935127,0.19009151489742016,0.185526768355125,0.038965928458117347,0.050083980681866695,0.04359488794772148,0.05698448018778152,0.2679065355339544,-0.14531674413479398,-0.1583471214058731,30618_7b4d83f4
8.395721395555908,False,0.05022248600876565,0.16657181208974134,0.2599137798616727,0.26434229596154313,0.2621948131945044,0.03417237047806762,0.03596462311532885,0.04462036967910605,0.05114578959463604,0.10165210508785719,0.16309188249387707,0.4090351187385623,30618_7b4d83f4
8.040899509543603,False,0.060485711058390366,0.20909214332503345,0.23202206656982488,0.2342224913276068,0.27595601056959695,0.03491017142091526,0.028874901431867033,0.04470392027948621,0.040574372242793685,0.2313832880190229,0.185114934580077,-0.18288784663315893,30618_7b4d83f4
8.175064876031804,False,0.06081842541351103,0.20706203454628438,0.18968826487665702,0.21000731119611069,0.18124384024428267,0.03411861713482675,0.031410375808745915,0.04202357440359642,0.045599800225842514,0.04728490757389031,-0.0394370830668771,-0.07822025309767411,30618_7b4d83f4
7.104289882251893,True,0.07593361839376396,0.2968566049735434,0.08587563902369469,0.09168424710699119,0.10194967377431725,0.04222004916982936,0.033049399803162696,0.04426712876740944,0.0537475886479846,-0.09463188864426496,0.07682459753298773,0.02545417513358641,30618_7b4d83f4
6.719109118962669,False,0.07719665544820142,0.3187824031306058,0.05122044767618014,0.06452833850129328,0.0671377754677723,0.026628743187384094,0.0367542656433517,0.05928158622566665,0.044944203452302024,0.05477536737805747,0.0676567816866724,-0.37419526695590233,30618_7b4d83f4
6.8565388783855985,True,0.06235878479308711,0.2523503798157599,0.28384318463330255,0.3062959601371441,0.30631166470286636,0.02813395939104326,0.032228333632878456,0.07603819068792614,0.0386915120147262,0.1563890076472458,-0.020993144768174272,-0.14184619119233244,30618_7b4d83f4
6.760541750310972,True,0.06735476061727456,0.2764503358245772,0.08149419924257001,0.07843195449882506,0.08870703091141731,0.0294367320118591,0.0449619245408674,0.07498051805461808,0.048212035196383646,0.22185056379059181,0.01736343534560408,0.027663788843723322,30618_7b4d83f4
6.730582956222765,False,0.054733041109443145,0.22584408541744413,0.2564869041446748,0.26403314542425577,0.2769701268077575,0.02911510276600131,0.04470021669843472,0.05909746815943687,0.05000447922427645,0.3060299519331485,-0.06282403283584251,-0.19377519375084307,30618_7b4d83f4
14.323398726568543,False,0.13524716786721655,0.2622427412920162,0.36897367059361136,0.3637002343423048,0.3594274124526381,0.1129926528396907,0.10216306378246813,0.052753284123971914,0.16375835913128647,-0.024359421025689068,-0.13990927924313365,-0.43167812859936455,30618_7b4d83f4
8.221224402233377,False,0.07284073346889852,0.24609910197047488,0.21818473028977745,0.20460340526803622,0.17653255589923086,0.03823296418926211,0.0317089371264759,0.04889340184647407,0.04853725517859271,-0.1481295543553295,-0.2449333488158051,-0.14291436960123732,30618_7b4d83f4
14.276199049926541,False,0.09343715300097076,0.1818065399022695,0.18725387443225883,0.19024839475829897,0.19254759442115127,0.059448786735311156,0.07715244283842626,0.036903877888720495,0.10822801752456138,-0.05261386051812949,-0.13125239324481663,-0.15388868005671902,30618_7b4d83f4
14.309543885790779,False,0.0793265889716007,0.15395615745887067,0.25141661846005464,0.2534287172177508,0.23447118750215637,0.06611589666299443,0.0668854823899894,0.03243326459336064,0.09906377394423484,0.18889988841812444,-0.10461527193925095,-0.2561128579224721,30618_7b4d83f4
13.62443978623525,False,0.08931565102495537,0.1820246140602333,0.3361660588190261,0.3359231876515146,0.3573510805731291,0.05633868946418682,0.04915522880714874,0.03418519975562227,0.08360203874359966,-0.012610023274789732,0.1019263745027208,-0.17805940561883712,30618_7b4d83f4
13.445194779957678,True,0.0817966692725237,0.16862255938192008,0.12187535075453683,0.13590859272164624,0.09593363811811818,0.04516741475706083,0.06576484539163618,0.03174961249680247,0.08901805920843513,-0.1481465856755194,0.17131946661141578,-0.13180152637162282,30618_7b4d83f4
13.065938778244345,False,0.05845368194305784,0.12403991673732467,0.08450310299776702,0.08150166203944854,0.07639492205585804,0.04359386224207563,0.030413739650920417,0.03018394491016004,0.05603969506913157,-0.1230231527596888,0.4037386708877534,-0.21420849583419002,30618_7b4d83f4
9.433027303427679,True,0.05805417312680399,0.1708836027713877,0.20521767545979816,0.19788898558828663,0.19675068783599997,0.018998186614639492,0.02078631133748311,0.03369545470866207,0.023036166435895632,0.4741357042929648,0.05870646926620924,-0.12078852373905277,30618_7b4d83f4
7.4123930994822205,False,0.03586932063145906,0.13468106005552563,0.3386653134165213,0.3315615145494875,0.3534981094413098,0.026810779415297862,0.02283300825318489,0.029385550386040363,0.028117915423528497,0.42260516349100097,0.18605597609919927,0.31571738547291794,30618_7b4d83f4
7.203034037353409,False,0.024754242682479378,0.09544852439154783,0.20250348489766287,0.21094502255771924,0.22407558457308616,0.014929400661270813,0.020233140995055788,0.03519686425215138,0.017650071409890864,0.5020249652311344,0.4050673360868077,0.08720028899199866,30618_7b4d83f4
7.202709174896633,True,0.028018530391058522,0.1082032480257521,0.23631286565397866,0.24275719460829404,0.24394295878459307,0.034179162154247995,0.029782907210857818,0.0286450040443771,0.025180885072040363,0.574045296827756,-0.06126291919717134,-0.17426347096793648,30618_7b4d83f4
9.909333345966118,True,0.048990661208868094,0.13744983987229292,0.1514556107968577,0.15659003535528113,0.15799069293344659,0.025568387234221522,0.025483316254066638,0.025872471958916562,0.038837896502212144,-0.15032975450091282,-0.0257845521562966,-0.3055393458850855,30618_7b4d83f4
9.930039110161816,True,0.036996866358562634,0.10351172117014898,0.20766298013128653,0.21039455973993018,0.20429816152581898,0.019192603605736294,0.024538020119340594,0.03419772296617373,0.03473167126151112,-0.22947895865426304,0.38873443752282044,-0.06391436914205748,30618_7b4d83f4
9.856613477855513,True,0.036868524862870296,0.10391446739308606,0.21451241997118575,0.21965565584111651,0.23251638261567326,0.029640300895648317,0.043118028134787934,0.027120522492098998,0.046352608157099885,0.49827773144369925,-0.33875882853850475,-0.13988250201317898,30618_7b4d83f4
9.888461792612754,True,0.055768439374176915,0.15670136976037113,0.34771865746301617,0.36467683108934396,0.359129245221983,0.03967369309155038,0.03916277068349647,0.03828525702705585,0.051416680951896714,0.298288062178045,0.0371573709707382,0.07301802117392298,30618_7b4d83f4
8.556458148277798,False,0.04144298936787153,0.13439417354986036,0.356995389181158,0.3641130916759251,0.3555505476729392,0.03525575712992686,0.03249454056959669,0.030287420163389405,0.039977904067853974,0.09913301470371164,0.08304634005338182,0.3060317620376491,30618_7b4d83f4
8.647993932547559,False,0.05506598833454485,0.17687232518265106,0.14640803427044569,0.15363841594881436,0.13192810904912644,0.041052670195895556,0.037106592768408976,0.02305067733745519,0.06075994357602099,-0.13563633354169308,-0.12665697253486047,0.17237076572773768,30618_7b4d83f4
8.619178609120944,False,0.054935943184675595,0.17688932830083795,0.23393388554473848,0.2077693928837141,0.2626708263402714,0.026432733528509375,0.033382725403115536,0.02183274953142031,0.03816289050408435,0.298323846737769,0.05913468775699012,0.033334448653716583,30618_7b4d83f4
8.569617349304293,False,0.07645182276499837,0.24791081778711244,0.29808046489722445,0.29673204999590674,0.2795211038549624,0.06507076042215892,0.04354478828152003,0.021942078322977763,0.0765516324596593,0.17084668457574997,-0.1176839015673134,-0.21800559676866324,30618_7b4d83f4
8.54813174840317,False,0.07588481239910705,0.24638451583277443,0.2200518119395551,0.22541050366502843,0.27534782605023245,0.046679749367130326,0.05381240075405773,0.03284556977252244,0.056366682304513555,0.24321730247887693,0.24337143500681607,0.08488926221611612,30618_7b4d83f4
8.268881691898331,False,0.045735807262775874,0.15358523944308905,0.3314514655094212,0.33323692913889624,0.3281262963830448,0.0281757213749128,0.03097388697812543,0.03351363441748798,0.03810784565288956,0.03214336653728127,0.6281753752609561,-0.23410852151850609,30618_87afe526
8.260342381064055,False,0.0828117398062444,0.27878317175190254,0.0700857744395783,0.09652407566337384,0.06836505974190112,0.029454744308628343,0.04103330067202134,0.03341716177153452,0.049779739245875525,0.2604939549144797,-0.3044872595273137,-0.5862712961544856,30618_87afe526
8.18482452236491,False,0.0506452146119299,0.17201614907704976,0.06055990880721485,0.0478308832516541,0.04668571867573678,0.018538785518397365,0.012160349009026405,0.026282893408044752,0.025185774477845292,-0.28097781978867986,0.13029918610826657,0.07489079165723032,30618_87afe526
8.367811584055321,False,0.054690358573235745,0.18181482102908486,0.06761423721130636,0.06730290262757183,0.08016466246799796,0.035173018031259926,0.028927410346750695,0.04364014431133657,0.050064121888495496,0.07735668465686439,0.11402089664694458,-0.16237009608585987,30618_87afe526
7.1609255493694866,False,0.03291543803044037,0.12781501962249586,0.35069129187084114,0.34207841338895056,0.35088161193232476,0.02520258036376109,0.03168350936867808,0.04379967332001225,0.02780994955075863,0.626881632469107,0.5603936457625124,0.5553977053955425,30618_87afe526
7.053276953696114,False,0.034532907066355714,0.13600814519343338,0.24460904719047638,0.24847134644184737,0.2559273260791536,0.02048009643241657,0.02305341916111307,0.046934767690977874,0.022016918489005704,0.5692583899194219,0.06481432200973504,0.24363411960084935,30618_87afe526
7.052691900478257,True,0.02164329850267691,0.08526509858227195,0.14488042638507032,0.14634391212074993,0.15027302134454457,0.016228523316034416,0.01809338128503803,0.041385358515215596,0.02134136652083895,0.3651415216425584,0.5348409308439719,0.3229855934622962,30618_87afe526
6.9814650380277525,False,0.032040819869321426,0.12760423260013168,0.07089419272659662,0.06993702801002134,0.07831851583562212,0.01887565572375831,0.020280113324614074,0.05242454250869879,0.029830332840619714,-0.10643421552525334,0.06867224421501585,0.04844250882265922,30618_87afe526
7.074842209199241,True,0.02747860441693262,0.10802013807428391,0.24428334781205602,0.24042976126524573,0.265313754764711,0.022529764557070026,0.021754858045246666,0.05031367416019743,0.026095270597176375,0.6811693479675853,0.46241545742865975,0.1795503251929596,30618_87afe526
7.104468221484626,True,0.034919165912707925,0.13678009119560156,0.28982234454358224,0.2903668809800742,0.28791420952539815,0.025117154829860735,0.02432846047702868,0.03864528261737457,0.025993759870580037,0.5773183294709269,0.3972338447154909,-0.11371443949103571,30618_87afe526
7.015107586792105,True,0.03664251789532734,0.14502785579748906,0.2513239554787889,0.24660302166118125,0.2618068687721841,0.03341105846856604,0.02653012702978122,0.03772955229836427,0.02818635348864039,0.566461511052253,0.2564152298068233,0.2661729745859047,30618_87afe526
6.962486736823887,False,0.0502207725528037,0.20061937145737035,0.31766067154939903,0.3207471778991335,0.31038614852047536,0.03142094845243565,0.038098021509040604,0.030440001912897575,0.03902345397985734,0.5909836196000269,0.2884592053687073,0.3310912033312228,30618_87afe526
6.9805477423981,False,0.062866123533684,0.25032965394118895,0.048397623662927734,0.05864031955195511,0.04140280311657713,0.04244132588569434,0.039230021213119935,0.034715569527666065,0.05560889460722123,0.14587963726364458,-0.08752772908123532,-0.07898747706006794,30618_87afe526
6.808053974549973,False,0.05811839525859852,0.23728301466996846,0.14602178675386346,0.1559440847172428,0.14256731397712671,0.04373440035424177,0.04094419662152583,0.035705015552168956,0.05344896841022635,0.21933905989315716,0.053375477737409076,0.028192485600122212,30618_87afe526
6.712815538449715,False,0.06431063605956581,0.26622617458351167,0.36130793971285924,0.3516969920887199,0.35897791968144754,0.04220896894000451,0.05902130533437943,0.04092258363363627,0.052049549802816494,0.3577100289244282,0.3848726195163761,0.2476834571208617,30618_87afe526
6.875616681917561,False,0.0662402434685907,0.26746527247340196,0.13521545936906057,0.13261459395783304,0.1251425735346565,0.0293366698723307,0.04996512003493898,0.036762605655941055,0.042048675584079286,0.28504071857508584,0.03819223786757815,-0.06079082726787339,30618_87afe526
6.725165659994579,False,0.08514884967707174,0.3515059528644481,0.1817316337502716,0.18407652252909554,0.178071128007067,0.03614590840262548,0.05965979916948482,0.03259623062285185,0.07338674049063992,-0.08507567484556607,0.35155103996996484,0.07412706830673282,30618_87afe526
14.129239486448842,False,0.09679208693403236,0.19028819767550526,0.1554678283429211,0.15586892312417544,0.14734614543188368,0.07701586864267587,0.08637240156738736,0.03469740969793216,0.12528210277911592,-0.09756734104768557,-0.05260385869257904,-0.32884822311345,30618_87afe526
14.432951130036196,False,0.07347646900159548,0.14135450119994555,0.07222238252269357,0.07885804048621285,0.07404686564707129,0.050557384798529205,0.0562249044476569,0.03801975080244916,0.07867852298446462,0.06395689714591835,0.029093833812076975,-0.448322770865945,30618_87afe526
14.663856637712303,False,0.09697093729225471,0.18371977923833083,0.29157000379286574,0.29756980658933296,0.3238837613746253,0.06849908194778352,0.08507414154837978,0.05398909345443269,0.11021120007765903,0.027260126683898822,0.07569575632360691,-0.2925750257868512,30618_87afe526
10.6786862293184,False,0.11702216525296323,0.3043139729791373,0.3753438609675361,0.36723953824425115,0.3464732652018118,0.07283088157561068,0.0687998731991822,0.048955375643062925,0.10889142569860796,-0.2437798160803281,0.17182788463504828,-0.17851806402643777,30618_87afe526
10.196382841648012,False,0.0963714931050327,0.2634510042913314,0.1878220182184481,0.20187252397212666,0.1485857167000546,0.04905385897059865,0.04073080918021027,0.038375473124498835,0.06712778006591469,-0.10507224665476043,0.0762173587590777,-0.12917394294652995,30618_87afe526
13.883351945961994,False,0.12141608626827692,0.242824769893613,0.24597491824807818,0.26237480943937236,0.20992519743841698,0.07650178398803864,0.09528257127565715,0.040084227841215125,0.13302206225925678,-0.01745020971110871,0.0026639086302308696,-0.3005001697472963,30618_87afe526
14.403362478739759,True,0.09442465316310245,0.1819717395594561,0.17077953761531586,0.18271559450914804,0.17992487243496708,0.07823694051947298,0.056515404537026775,0.051119847774502486,0.11298465054184641,-0.15803983136393915,-0.12363847360911312,-0.11013288224788563,30618_87afe526
8.676680643562786,False,0.06090081310277049,0.1952814475794398,0.3013763469614691,0.32726095643108677,0.34729029142368234,0.036297826780345245,0.042286671753853644,0.03947531313296506,0.05213700254639108,0.3292774386381261,0.14100243975936566,0.45144897379739496,30618_87afe526
8.562434707073892,False,0.04229764030401212,0.13729340083846484,0.13963292393011814,0.12106569743264436,0.19411309654894712,0.026952028273327447,0.023172454750641346,0.09887725403884152,0.029732966700116766,0.3361508110670705,-0.007010424800786771,-0.404999264132465,30618_87afe526
8.271822257948376,False,0.060496507996203513,0.20333695214893782,0.3551584177854524,0.358050507200701,0.35228522432529374,0.03490006000555815,0.04537384074830308,0.055603840621181774,0.05979096007718282,-0.012920902023389904,0.18277132054265355,0.11937357765597108,30618_0e41eac3
8.266773316657599,False,0.09013661233479198,0.3028702723522474,0.05635784276233282,0.08440475060994772,0.0728475197239167,0.02962557728911346,0.03659252101773793,0.038997157939461964,0.05351355741384703,0.11195113916742727,-0.029563363512120498,-0.26340316186628665,30618_0e41eac3
8.19451814217806,False,0.05797176549077683,0.19674086817718023,0.0968128845653274,0.1034337208300159,0.09715565476567953,0.025317842374865528,0.01933362145839541,0.04872084923790255,0.03492353458062159,-0.09753072607764952,0.01663424838255498,-0.05942683457387549,30618_0e41eac3
8.585437254772922,False,0.06594829858536279,0.21386538839377442,0.16275894386352863,0.16619323363543345,0.15189752935112996,0.03264312061121069,0.03763068129889719,0.03638855572416583,0.04969558802566766,-0.04762416598402293,0.2738730823829845,0.22808526273277352,30618_0e41eac3
7.1216116280838575,False,0.028385427920618326,0.11099920060472995,0.2816848354120279,0.27927147086316945,0.29084402673370785,0.01847186500278098,0.02472114865476551,0.0448808062654934,0.024510867442686695,0.33967447555174324,0.15469311676928973,-0.12787831548847514,30618_0e41eac3
7.198911405359259,False,0.03307654449941489,0.1278546433198843,0.31270474102245993,0.31621211443879005,0.3190162751252236,0.018080032390103726,0.021882509721663553,0.04007852892406368,0.023104911830579028,0.35793039458789483,0.3200060546381667,0.3174373447557739,30618_0e41eac3
7.050163617219205,False,0.044360295825659764,0.1750578329845578,0.34585495534625826,0.34034069268443,0.3516211608368518,0.027072693427650778,0.023205498340599172,0.03283504139553993,0.039178099462248754,-0.028731852485137137,0.31681852848620007,0.1479221996114246,30618_0e41eac3
6.958926680751831,False,0.04926772483564484,0.19678182134710342,0.31617519769863556,0.30070770491206156,0.31764416342468993,0.02305246120863441,0.01896337330066247,0.04460026021548849,0.03275235754646104,-0.2630371007376703,0.21646622449801017,0.1928248612572545,30618_0e41eac3
6.848321729933337,False,0.02688412827426685,0.10918373134632345,0.03347195521495954,0.032082918795717306,0.061910024900497775,0.015507050574834839,0.015712695090412305,0.05246305099413132,0.02468988547259729,-0.12236352253949649,0.05468644397602487,0.2454834260553527,30618_0e41eac3
6.835595982297985,False,0.04528588887128294,0.18435033713839472,0.22147217362429283,0.21505058529116655,0.21883062785620977,0.024490198799729752,0.02744690070459338,0.050288389173646204,0.034087129116736996,0.15413498961378627,0.1813679573760432,0.02593512079150503,30618_0e41eac3
6.822012489082787,False,0.024729498846088088,0.10081403645450693,0.0646274576792948,0.0711728440048237,0.08532446737974787,0.018262700358128076,0.01989803621882417,0.036264092015982734,0.02492146080961257,0.07807818089186339,0.28563476405086546,0.06395900906328315,30618_0e41eac3
6.857908756675636,True,0.03303448938436349,0.13401423607211935,0.3097713769219253,0.31324901737361227,0.3139686159831435,0.02059530163193555,0.02503963217833816,0.05246685385546298,0.026160592091833322,0.5203022705120042,-0.040101662466472274,0.04260551127474204,30618_0e41eac3
6.791921320423189,False,0.0453288966540874,0.1855167522192376,0.27263921099241206,0.2679049336385237,0.26222475905439574,0.028485375229282968,0.029912260317902742,0.04886899853968353,0.03662189202395203,0.12456788180521283,0.3152836538421614,0.21594403624203423,30618_0e41eac3
6.9749651816458185,False,0.05917087512972642,0.23610789309222316,0.32667395897338675,0.32719752097236454,0.33781167479521584,0.0358700079663859,0.04122387494673162,0.04074166559704858,0.04850287691527145,0.24622391467646906,0.3705184067906248,0.15876029777870596,30618_0e41eac3
6.955219576767675,False,0.054093082437302195,0.21643698784636292,0.34393567861294355,0.35329042107761294,0.3468417408352751,0.023584474196776523,0.03678020141429115,0.035265146933806724,0.043648713706936834,0.057337063575828684,0.27409406125854024,0.2439041469476314,30618_0e41eac3
6.909824088539145,False,0.06749786954389964,0.2715875088647537,0.04886702571115115,0.06436177793446907,0.03556932665567082,0.03609837227824464,0.042825350315430936,0.03551354550276369,0.05756214986441082,0.19216481452375975,-0.12831173425357176,-0.14574911777707453,30618_0e41eac3
6.771603894532852,True,0.06504437640232022,0.26708800630158347,0.211877945055691,0.20798899700030907,0.21311233020819229,0.04066778449299697,0.0462280720519863,0.04047342986071515,0.05111975640786389,0.28293978275913834,0.2593525374311508,-0.17563218234483904,30618_0e41eac3
6.789413817598935,False,0.05678847211916886,0.23233882995914532,0.37236155857722014,0.3600760673813918,0.3527339861373144,0.02678173582467207,0.03672741216038233,0.02798299334913322,0.04189170093837861,0.13225011687690819,0.06146936368158286,0.11270379490625575,30618_0e41eac3
6.68179784706698,False,0.07502832157521551,0.31185527171477606,0.2150568774410704,0.21947585107958764,0.21310058424480657,0.029889084810524023,0.049197417120604096,0.025595501318951434,0.05712990863064062,-0.06439291991192138,-0.12279416171942925,-0.09659039436212653,30618_0e41eac3
14.138149488474184,False,0.09597748058791482,0.1885721931235582,0.13661491297230682,0.1312150525213937,0.12433731124755923,0.06737290814237169,0.07853442176015242,0.03110692110600779,0.12536700377282672,-0.040753682659389404,-0.26283666907527065,-0.3071625036115844,30618_0e41eac3
14.47534173872336,False,0.07795974943933891,0.1495233723431923,0.07075088090922081,0.07829628251965527,0.06992866976276357,0.06425503445806309,0.05525195850582044,0.04510292589251012,0.08474081297357607,0.13226545046505503,0.2000673262892103,-0.21181559451331944,30618_0e41eac3
8.532773741560858,False,0.08126706674962289,0.2654184379585655,0.35829662348651503,0.3874170082525537,0.3487903602119931,0.02551491170611572,0.03509229439383044,0.03166407595219531,0.03798302910564109,0.6038764168613344,-0.224683860552683,-0.21648623625992697,30618_0e41eac3
13.711087089043906,False,0.09850820338405988,0.1993900369071096,0.19518801569765334,0.16756998295950667,0.17965304900768117,0.0958147948917917,0.07454421454347498,0.03925656126844043,0.11573034219690877,0.121993347787415,-0.02343225919585758,-0.007728566052984134,30618_0e41eac3
8.387828689545435,False,0.05092284162212854,0.16915017086273526,0.3682796944451295,0.34918015301621486,0.3584770733077277,0.03274685699978922,0.045083435952721414,0.03041238332987482,0.04899676677214603,0.454027633657772,0.3084267589048478,0.06522399088945985,30618_0e41eac3
8.712626209753385,False,0.05530860276430555,0.17655904433190542,0.25114771434385874,0.26237108671936105,0.28452867736891224,0.0494813860967067,0.05411272881734558,0.03081867457680586,0.04762428654615748,0.6774390440634136,0.30070351414540186,0.5324023715455338,30618_0e41eac3
8.612691780273668,False,0.052755606704294966,0.17051218659972187,0.27576297411005346,0.28293916507063915,0.30317954851617857,0.033652312504621064,0.03784707632593667,0.0243188402338261,0.04792392644219088,0.07041462791798296,-0.03041997216475418,-0.02339081222887202,30618_0e41eac3
10.80608953613333,True,0.041896419506699256,0.10761846427941776,0.31888442199195505,0.3231401339894098,0.3434037922541606,0.02791588276359935,0.03680044126815324,0.07205501758198919,0.034916644785928756,0.468617140784044,0.21591004501642533,0.11199444364150878,30618_68847170
8.65867093695937,False,0.04299757923518368,0.13801575976353875,0.3870375447866567,0.38421160661564596,0.3556244166990198,0.039256999703188494,0.03333463936092999,0.042394337576465255,0.03660196633149733,0.46169427377916195,0.019602821838975548,-0.014003056277226287,30618_68847170
8.479985363157702,False,0.06084472325732394,0.1995555213210914,0.1654463693841556,0.16646446938630716,0.19787704323258865,0.042548538445904976,0.03564314261368465,0.05399691845558989,0.05920472206802672,-0.053965425729917804,0.10129540808646008,-0.09089892613049436,30618_68847170
10.932874447785533,False,0.06627581383935788,0.16853550143356952,0.16446486326392626,0.1634818179370231,0.210854502687281,0.05451766235234461,0.05500857880187416,0.034045842713806486,0.06493319719889373,0.26179299401966594,0.0360236906115994,-0.26800685703972593,30618_68847170
8.366185374472844,False,0.05272466547146648,0.17534901333651012,0.32964351357878474,0.3252504783576921,0.33879442533342563,0.035130516121499276,0.03645908172389607,0.04463516478710048,0.04873673083561133,-0.007555335524922193,0.23389962764118497,0.11484748923502851,30618_68847170
8.028297574084593,False,0.04321393963147019,0.14956347136655423,0.3025487760967602,0.2995092768730661,0.34266896852481815,0.0315557989973906,0.02390979733379489,0.056847439972109816,0.03182416931477965,0.48722700075418,0.16712820528944564,0.3103692800293121,30618_68847170
8.154654044701111,False,0.04168281056682386,0.14212614042300398,0.09764467498448072,0.10548710318301428,0.10874648786016762,0.03465278226227443,0.024103562763195144,0.06862335751736706,0.04248417065089713,0.09839412516594118,0.02842223607495644,0.06601854072088054,30618_68847170
6.979253826056349,False,0.07483341608617933,0.2976793082333074,0.04365687681124406,0.0574324845393159,0.08446744418062062,0.033241584008992596,0.0445435066863227,0.08315565736429205,0.05735589001205198,0.06377210794010293,-0.11029583345856023,0.25369941451001615,30618_68847170
6.7021985139163505,False,0.07877543096892375,0.3263733054350409,0.08629758760666356,0.0706099072692355,0.10949553319837013,0.0278908656828919,0.036655628188723026,0.07388363463534552,0.05260807045786566,-0.043853683239719915,0.17417369805257396,0.0490257382449063,30618_68847170
6.681122711330157,False,0.0524513350181167,0.21776176856371396,0.06825586498958401,0.07243478733830187,0.08749559002048125,0.026385237068427304,0.031207439242203407,0.07138294154286777,0.03800909837352111,0.15620958942349691,0.10129606623088536,0.24144168210546846,30618_68847170
6.698858613106717,False,0.04298462596290443,0.1780740456937796,0.23552314316961506,0.2302866869686754,0.25602287104868615,0.02905235965154961,0.021488338349326785,0.054981278252860796,0.026507788812776337,0.278963769336563,0.08382620153564081,-0.12930001289258866,30618_68847170
6.862350986420973,False,0.04867157519823754,0.19701099719155382,0.33620279545062637,0.3379539510126253,0.35743734370586827,0.02746927795491879,0.023530004274027176,0.08037488465190436,0.03296503535726304,0.16382786747846786,0.2127281757539066,0.23738563781338667,30618_68847170
14.282281387671485,False,0.11189044912248282,0.21761919935834828,0.33345141243077797,0.3438179575892791,0.3441701102879022,0.09419036479929456,0.06271259125406409,0.06037613998552656,0.12383112534797353,0.1415806024805636,0.1656192194724669,-0.3745686882274346,30618_68847170
8.253938214254465,False,0.068710262118835,0.23118201480005102,0.27573657997914425,0.2663271265246571,0.32179099576969517,0.02934193368379623,0.04326914805647121,0.03513912604933716,0.05279893354007307,0.33991209307021686,0.05062918150438191,-0.09794319702581658,30618_68847170
7.236214808364651,False,0.04339981050303637,0.16647328009389656,0.33298905255582334,0.3273743849676755,0.3196286237089626,0.029213557241918514,0.03590296762987988,0.03497170843988243,0.034550394412739334,0.3989223846693518,0.1621080026387067,0.3449985869563132,30618_68847170
14.22788098287966,False,0.07635000744911934,0.1490344224574476,0.18043758125565743,0.18259130707039184,0.204856552029936,0.056143386177506714,0.06088815479200408,0.026288637331849895,0.08400811132993286,0.000570687944520856,-0.3768272503785352,-0.4829141728287703,30618_68847170
14.269302935910796,True,0.08304522597571191,0.161629466348846,0.3371194039829069,0.33497564350127185,0.30123691047584905,0.09476754566734256,0.04399768410597344,0.030122060975927584,0.10449026902299807,0.18505058801942628,0.17274340239041602,-0.010228057249463188,30618_68847170
13.747942492398256,False,0.0917716941912374,0.18539254896521526,0.19889137895351755,0.2063753095672474,0.22219467596465067,0.06342213544116415,0.04831035828756042,0.0326528680923344,0.08302693357511855,-0.0005121929012324381,-0.049375870191747585,0.09923146231951342,30618_68847170
7.876884983401089,False,0.027529490998592473,0.09688560774231404,0.24409356217954348,0.24452768827290877,0.23136704848179793,0.025392810860432127,0.026020192439606106,0.038150799109237424,0.022697242817782796,0.6985865819248817,0.38923775023808005,0.4162809595360634,30618_68847170
6.640044115229158,False,0.05672638836527686,0.23711208804548295,0.0902622331759611,0.08419795626673977,0.07763355626916295,0.016531583766585218,0.016623300835700995,0.02870511104711686,0.0216336148823595,-0.042608949582892394,0.027020087855228758,0.00035398804384006256,30618_68847170
6.9208088761520905,True,0.032868216131212054,0.13197123171775932,0.07468893877929433,0.059722236489496566,0.07437714376501417,0.010887441611782204,0.01822187762277409,0.027614925951625343,0.022377463466390426,-0.18563105084337345,0.05006998828421111,0.03264002157947806,30618_68847170
6.852768544350492,True,0.020129148723588557,0.0816076975699469,0.19649447015317012,0.20317908715934527,0.21007564438375337,0.025554338633927115,0.02258392747438004,0.025214643894192,0.019900616607007066,0.7080324218174036,0.5118725380680916,0.5212849484944284,30618_68847170
6.392582317214559,True,0.023945593297542256,0.10409867144193884,0.2529052141270276,0.25758022455591295,0.2682502528314331,0.028694721808124015,0.024388419093037524,0.03403057040809139,0.02303422322362889,0.8248564943638318,0.5302768085236209,0.5372627443117873,30618_68847170
7.458266008762906,True,0.02884493647712002,0.10767610266579518,0.3468288399665549,0.343138004809597,0.3557028883390961,0.04194810424828508,0.034783877589207104,0.031047665559564116,0.02864260901283521,0.7824309521581332,0.35748914118504777,0.40215919728088284,30618_68847170
7.253190828718731,True,0.02805006902074971,0.10739583935490701,0.1932718538608915,0.18092044765935555,0.21143353288987418,0.022254619200387675,0.027062005687388035,0.029663435688732778,0.023562098349760818,0.4543328793203173,0.239025214107108,0.2814505218287212,30618_68847170
7.201571975721577,True,0.033632603557899356,0.12997244215902218,0.19043971053987005,0.19424467826976075,0.2106840774213315,0.03923317902795951,0.038910775617093094,0.020198508800696013,0.02831699995249228,0.6787901556586377,-0.2635351518433261,-0.28605859181823445,30618_68847170
9.874502362310318,True,0.0381797876653217,0.10754210837604503,0.07822642332350707,0.07387358987589501,0.07963713486882215,0.02734574998641657,0.024340469053655896,0.02924021174214683,0.03867836796052675,0.045427527834718096,-0.10116060629032232,-0.15725408994917486,30618_68847170
9.964480972958311,True,0.03605219860809226,0.10059335321258726,0.2173660720314364,0.21739591085492288,0.21972640896247467,0.028123241386132248,0.03407497911141874,0.024240177804135343,0.03201939467676195,0.4115758526117364,0.2161260653533796,0.226521323945879,30618_68847170
9.798330723098518,True,0.04141483055107242,0.11751053822196507,0.24017804195455725,0.24706661236982375,0.25188449515650824,0.022452562601240067,0.03963155657352179,0.02746986083161267,0.048277894645666224,0.04844096380994968,0.2854117532737546,0.12706522007854165,30618_68847170
8.531309539635581,False,0.05805545852061534,0.1889011553424089,0.3390550527684233,0.3360268627520222,0.33610792438130516,0.049387912437363506,0.044465877822298,0.023751958136900002,0.053552908178371945,0.323961082829595,0.15851034056212324,0.2473270810253801,30618_68847170
8.59793800851445,False,0.056386913965083704,0.18212697474015666,0.1615994036793312,0.14478465076167302,0.1762506478045315,0.04528369354377078,0.03249228990952778,0.026539455419960712,0.06505086541260566,-0.24605796487954532,0.3260353371972496,0.1393891319872604,30618_68847170
11.914211495183226,True,0.04370469149801545,0.10190539282473743,0.3732205622083655,0.3673348632217345,0.3475122368585169,0.03593652636529669,0.0362519700336631,0.0396843595259421,0.04132734814798539,0.3162591240325528,0.4388750569062989,0.305357556976712,30618_68847170
8.314071333251908,False,0.05028150979320013,0.1682036194133562,0.23838547302417212,0.24158023124035163,0.2529393372722832,0.03792019675375597,0.036236223141804656,0.023429320900961906,0.04254808352315537,0.35670901053484544,-0.15669501438480982,-0.20905180179035893,30618_49fe4c54
8.31008944590924,False,0.0773620109801444,0.25857829822608525,0.04763949136852931,0.05442660288383869,0.0673707160905982,0.030760172547575793,0.029415619424113214,0.0264884366285893,0.04200193745608723,-0.04741872441257315,0.09739129045758171,0.04372569442783485,30618_49fe4c54
8.26517734062463,False,0.05840780027533945,0.19659939134320717,0.09870205119888874,0.10211618571723598,0.1112326727632211,0.026376663917178717,0.01908621024732486,0.04673574524171921,0.035776677788354416,-0.23023916622818016,0.24540548728544634,-0.027521450123619052,30618_49fe4c54
8.619507580848008,False,0.06099393522895161,0.19705181548189418,0.1713759818115311,0.16148975717028574,0.15261369484933332,0.0296894331800429,0.03416385301677999,0.049384929000284655,0.05362097039901268,-0.14141832764006626,0.05465045483327666,-0.02170627569425618,30618_49fe4c54
7.155408206794505,False,0.026869288281985614,0.104560909537927,0.29198743380488457,0.29294779058013243,0.30067884441207576,0.024305118819921902,0.02662612349656258,0.04270734601356113,0.022873749587456364,0.6673689861160911,0.2787721244642949,0.4001218401588368,30618_49fe4c54
7.218073468791992,False,0.03815546366308562,0.14693875395347944,0.3091009047328446,0.29912512130491276,0.31385443233474175,0.022759892680361212,0.019228125432848596,0.02898200818199916,0.030782457137674347,0.23816683248600246,0.17949560606976114,-0.1553905895465748,30618_49fe4c54
7.064673944254032,False,0.04367525895625684,0.17186231157966927,0.3359964934230306,0.3284372561651367,0.33780118491286126,0.025720452338786327,0.0233997559675328,0.05053142866984412,0.0403215749543162,0.04042372413361424,0.07197030525383277,-0.04432943687345953,30618_49fe4c54
7.1028407104294615,False,0.02819164614155314,0.11032704594281549,0.149343991528919,0.15521319415915003,0.16122655755686133,0.016900283414952713,0.014066842866802832,0.038302389665049806,0.019859619494471688,0.38285028174773494,0.03780685556710206,0.029703777931737327,30618_49fe4c54
7.046780279186728,False,0.037648156947693266,0.1484654202514195,0.17108867778909465,0.16694881558077668,0.18553227962050428,0.022042504004092384,0.018222758373515776,0.04962143114329209,0.030271348653286536,0.07848225347427831,0.3443663739563528,-0.11334248289548646,30618_49fe4c54
7.124419938393813,False,0.03584242509441472,0.14010464579504203,0.21478840790121617,0.22224804122200045,0.22024224465313683,0.018162336907750938,0.020156541828206382,0.03905255678131393,0.02822549490333843,0.16214848552620104,-0.03221996619191749,-0.16281917064331608,30618_49fe4c54
7.018963586306099,False,0.030486630174889763,0.12076401989299047,0.06117477465084823,0.052026943716132784,0.05687452272873823,0.0158616012469377,0.020592880966007008,0.03427955783487428,0.026793208587963926,0.0061996916210767155,0.1586077020887241,0.35899806250580396,30618_49fe4c54
7.154365761721822,False,0.0438109822486906,0.17043290078474937,0.2735510223766881,0.27401216287267316,0.2895426786223316,0.028028022346603523,0.026266016571019946,0.042513888586060686,0.04118909098779837,0.05195058030202531,-0.0758800264294847,0.5130049592934296,30618_49fe4c54
6.933368536975702,False,0.046299635489651554,0.1856852094115941,0.2530831106694295,0.2602166980299715,0.2747694288387422,0.026307845989029133,0.028415628409797847,0.05737373386828944,0.03193478683992039,0.41236519043457315,0.25215286933926334,0.16643829876834432,30618_49fe4c54
7.009221257415822,False,0.0630332970957239,0.250113762854636,0.33119815006066455,0.33102947169381897,0.32290602361696474,0.03672283702621181,0.04777236540261527,0.04507183585538388,0.04688747654139657,0.5201012914093838,-0.006459332024814849,-0.1824233982083007,30618_49fe4c54
6.8605859596932275,False,0.06744621286132971,0.27354019824378834,0.2731618094753441,0.27631355989336814,0.2752738325617502,0.03355584543715868,0.03711159740709625,0.04022923495765673,0.057398036503474525,-0.21379292985318377,-0.03859355819026567,0.08626085778310609,30618_49fe4c54
6.8475452036091236,False,0.07035036587811543,0.28561286337445746,0.05760674099003055,0.0584931735961862,0.046169901066684386,0.03711651248551006,0.04586328188007162,0.03959980359190477,0.05848384167016536,0.07081429677800385,-0.09270625836780115,0.17984713713077818,30618_49fe4c54
6.750965899910587,False,0.07378242840149264,0.3041461287875763,0.4116181318006753,0.39272477024564517,0.32480622137132253,0.04761158630082742,0.059773049948179745,0.0396981027801905,0.05097276394248925,0.39204003662913545,0.3956875209014909,0.4130988848151066,30618_49fe4c54
6.898746693887998,False,0.05903139703689874,0.23758816196303473,0.33129695197365105,0.3360316938395089,0.33036162565756355,0.0268861003257287,0.04404636288175879,0.03544280304489247,0.059910874890877513,0.033962999450540474,0.09769409104599296,0.24010655705574818,30618_49fe4c54
6.7865413383436906,False,0.08364022724019247,0.34216331963886526,0.10354916508648121,0.11024993001453288,0.09753202923176117,0.0258677153263645,0.046928571955703983,0.058274245945038154,0.045796481874967696,0.16386556072836433,-0.006094180449616407,0.223735730009461,30618_49fe4c54
14.157324814813693,False,0.0920361968298692,0.1805797146325221,0.13158786231286732,0.13074822028638622,0.12949005331749688,0.07545726474152897,0.06623036763098648,0.04013429435666183,0.11179866742355986,0.11118238348685847,-0.13468360895633058,-0.37737115548836614,30618_49fe4c54
14.468389037128386,False,0.06648132664282001,0.12759905571642458,0.07021071144130742,0.07275044333479964,0.07211649162040376,0.055800519898744357,0.04735923972927206,0.048338270086260175,0.07403533675470356,0.3371118790243009,-0.15853158455535207,-0.0809740360592581,30618_49fe4c54
14.65709245306912,False,0.0894008063355365,0.1694284190453104,0.33771823661928035,0.34591536455205185,0.3592354126074018,0.057964041379065294,0.06991085238499854,0.07155528256235558,0.09850897567232403,0.05011148821901334,-0.07768026483834911,-0.19770521227830049,30618_49fe4c54
12.673857535186205,False,0.11562105668116086,0.2536224824189439,0.3828036039153272,0.3836418821542663,0.34524452063726685,0.04940123691592271,0.04564361145431814,0.049676859422247165,0.07260132539776676,-0.18878155781462233,-0.10134120756728915,-0.07336957701664651,30618_49fe4c54
12.576933798677908,True,0.03715775413318677,0.08196309348926598,0.3329376754990808,0.334458330485302,0.3175771422977206,0.026374379749231104,0.026262773999652735,0.0595312928319542,0.03221979608742957,0.1801743832520683,0.04616017460420431,-0.1455461234802187,30618_49fe4c54
11.994289071451266,True,0.07032335127723162,0.16271011494035267,0.3352109486147397,0.34580043565842006,0.34465271032303463,0.04897119534981929,0.049490773629460506,0.06491093106011694,0.06388222910533341,0.1165186160598644,0.22036009855025657,0.10019301178811035,30618_49fe4c54
8.74416663181367,False,0.05961590076106503,0.18973961287775543,0.2707152334133203,0.2861637713678866,0.3236356630482534,0.037292757492822466,0.044618682718187565,0.029284652223695015,0.04607738970956376,0.51974747268467,0.25714380235311785,0.3190043413538711,30618_49fe4c54
8.605932841199978,False,0.04967652874763692,0.16065210939398333,0.24963371454772856,0.26655851858659024,0.2767240541902575,0.026053844721829384,0.037841431757055184,0.027361655176030456,0.04089408757795008,0.025870067483113466,-0.21270093147287827,0.03278429873437999,30618_49fe4c54
8.635335300056049,False,0.05143797454677828,0.16580970859143984,0.10600419262056068,0.08835574980231856,0.06754541667130266,0.02884944494853291,0.024494685267748596,0.0253804130785604,0.04157232205072125,0.09142467263941469,0.014184756996153654,0.22721378534251452,30618_49fe4c54
6.934372761152976,False,0.04425084159429301,0.1778807238402531,0.3571842203927917,0.35546486437959773,0.3540882113909986,0.03777474847071631,0.038025874723971835,0.03387231585063711,0.02981835780625165,0.6793694867646799,0.16614007783561469,-0.006952564406553487,30618_49fe4c54
7.181158414314169,False,0.046661830886787194,0.18108421101069397,0.32728698840154724,0.33510785737349685,0.3295872206694737,0.038956172445043895,0.03358447258397136,0.03887632803297919,0.0333033215942585,0.5295536663638915,-0.00403576247615214,-0.21180520588891374,30618_49fe4c54
8.295921761771623,False,0.0863956166504498,0.2894972385153394,0.061309446114180204,0.056961649323340274,0.09366269320768558,0.03392854095389788,0.019619117095525853,0.059553889278328144,0.039159716986341575,-0.19015824650801014,0.051004307828584845,-0.2605504287195345,30618_ab5921a4
8.454238032766847,False,0.06398963380929086,0.2106172546366247,0.07265182124149373,0.07671235351557418,0.06247280229058942,0.028954414228839962,0.03490510572031156,0.04123996363754952,0.049611577266616656,-0.21921733493621187,0.0621434612675842,0.039232426410119293,30618_ab5921a4
7.171922284577712,False,0.023058524354867018,0.08955008580708239,0.29320358048339557,0.2894532406835334,0.3018531659799404,0.033455818155558814,0.03531204829063041,0.05781200848118032,0.01860497797190938,0.7769816829628544,0.41540176150379793,0.35318865677180444,30618_ab5921a4
7.073736721671914,True,0.04061895485477644,0.15948962153072946,0.3219275043416118,0.3353469577861815,0.3486808473858895,0.03656062895323583,0.03437679002566098,0.06249573117719448,0.036872532974148,0.5199160516195739,0.11709472735257444,-0.21464726307573959,30618_ab5921a4
7.044328963761147,False,0.04089210485215333,0.16147415861980097,0.29591686365494246,0.2855053077763329,0.28651580308112756,0.02939233606011337,0.02903454778082376,0.05189282751719013,0.03901551053720917,0.4184308590857616,0.305450136392961,0.27085320872026597,30618_ab5921a4
7.069661549690503,True,0.02897559339161942,0.11390797356231404,0.19612410810112182,0.20462711423738103,0.21304320697327628,0.022176510686426728,0.030697499923178797,0.0673055864146882,0.023106498805340145,0.7840939744281713,-0.2469761616613718,-0.18454395511478142,30618_ab5921a4
7.106767245020983,False,0.02453199207782224,0.09598621653714985,0.026824266758374342,0.025921383083635976,0.06880515405349368,0.01908870379303666,0.015562678866236343,0.03495291676846397,0.026186811511903507,0.00040447619161850315,0.13693194598783948,-0.36187563719789567,30618_ab5921a4
7.110358322174083,False,0.043345934981117655,0.16960906785554478,0.24297706311599165,0.24945613413391823,0.24049237124384779,0.03336204465875916,0.03263910018459659,0.05598065351805278,0.048951527167145556,0.30495228626078535,0.04648919139670114,0.41524137788700644,30618_ab5921a4
7.045581545237405,False,0.026125413844746873,0.10315013599013793,0.038970958473810456,0.04188371405538548,0.06349173765886743,0.01987086326340209,0.023502179936416352,0.05283574470060204,0.026689256460097555,0.1390612663834162,-0.10677123394431769,-0.18345500420579713,30618_ab5921a4
7.120644705070853,True,0.04402397685325257,0.17201417995272134,0.31503398957192735,0.31161055635334817,0.33353669605567776,0.026995936681466104,0.025336473419318307,0.04988997749561324,0.03174914677570612,0.42131188272656245,0.12794602495504792,0.07691293471734345,30618_ab5921a4
6.791391780703761,False,0.07535706387490666,0.3084425704799702,0.35217194186126843,0.35399192143879626,0.34985932623274935,0.03364989340863322,0.035800537854075706,0.04876319101023343,0.050417325603058345,-0.13312943967047028,0.20959715028200052,-0.30398996226011593,30618_ab5921a4
6.750562009317173,False,0.07145581183853499,0.29456129321156865,0.30142362761567365,0.31194429036239213,0.3139712751684648,0.04662410565810076,0.05514962478098249,0.058109403107630374,0.061450236836381594,0.01461980714465668,0.33859695498526543,-0.009553303569654989,30618_ab5921a4
7.079842847337689,True,0.06520334816152862,0.2559152516825925,0.1671875284689155,0.1717839969500313,0.1994104033573186,0.024127373743945503,0.031204619099781363,0.04939176526077424,0.042426935831943374,-0.3074652478134271,0.18525680916770207,-0.09737355793372812,30618_ab5921a4
6.780072693827584,False,0.0639140860201388,0.2622457142427227,0.34985848007897785,0.3383057042627515,0.33023618188374515,0.044596930696819,0.043873631671844125,0.03117857088571165,0.0325081637570837,0.551172523420432,0.5217558041777053,0.5458836692731024,30618_ab5921a4
6.872961643393902,False,0.07193123669263968,0.2907901555882547,0.34741955511488715,0.3588595498424021,0.34546291849990757,0.03545301414184614,0.044683210098428294,0.0447845489831375,0.05891954191460215,0.2301755252823996,-0.04471346417093509,0.08684785072967616,30618_ab5921a4
6.71648280930179,False,0.0686750336045748,0.2840865015013022,0.34335874736181743,0.35581149740361134,0.3598941580392879,0.045331340362486816,0.05140576774984642,0.04312288809405478,0.06299753062161567,0.3463628489453572,0.31791383571050746,0.05175335562916252,30618_ab5921a4
14.132130595166537,False,0.08984832828185123,0.17659114377140844,0.15225275006320518,0.16147703389952361,0.1654560476071114,0.08366775066470442,0.06787126678127058,0.05176638644042368,0.11126843837680635,0.19499214271511403,-0.2963517114875477,-0.5277560903700784,30618_ab5921a4
14.435386928707521,False,0.07148585496643022,0.1375569148150876,0.07510330218138396,0.08786135435095024,0.09535856557255715,0.05394471519129747,0.05261670020425702,0.051006883927523984,0.07710365012537371,0.130815504187553,-0.23189436597258584,-0.2606276638055376,30618_ab5921a4
14.643798770339737,False,0.0807190399377473,0.15321913195818665,0.16378006477928447,0.16396918124867887,0.19405827885952823,0.06797645630114568,0.04883957276754668,0.055283682521974915,0.07648753025999784,0.2395664572671899,-0.18450703205315758,-0.4355142568570876,30618_ab5921a4
8.371519253288264,False,0.07133051349326118,0.23751924272355066,0.3353151748356823,0.3466760544790887,0.33219087015473664,0.03743223068803915,0.05353157709107274,0.04506114859717724,0.05843970798486354,0.5935235180890108,0.08563774767773423,0.08685732110957371,30618_ab5921a4
13.80392052441416,False,0.09977957270285544,0.20069175417107937,0.25374711661235194,0.2536976255441685,0.23196869877875823,0.06740080267894154,0.09294573592185264,0.049254717889479646,0.10321935443508398,0.14097016481263605,0.02801368926146701,-0.24491109962011448,30618_ab5921a4
8.57814306262039,False,0.05483769764334349,0.17784914754622078,0.35132232152292087,0.3565052671551458,0.35448539743439705,0.04044136582462516,0.024949009770395294,0.06539252466996805,0.04222586063092282,0.35600447014370284,-0.00828486290312908,0.003235629738704613,30618_ab5921a4
10.831429978879825,True,0.04175844259073163,0.10704141887350245,0.3095208877058983,0.30788796475100294,0.3249428079796519,0.02438045480492664,0.03802378176410332,0.04466057195241885,0.04001808412215874,0.3225987436539892,0.23533784261093932,0.2601570292196638,30618_073f08d1
8.545015738635312,False,0.04771072223997937,0.15524494138531406,0.20228216208639196,0.21207677322774168,0.21502877426615288,0.039129382026721164,0.02684041865565195,0.04044823279676211,0.04902365577974916,0.20289318908676576,0.14299084646296714,0.2422755657077059,30618_073f08d1
10.919024229460673,False,0.06344732137558114,0.1615433390750642,0.181258087559929,0.18587205277765537,0.23319427251055688,0.04227455252649123,0.04840910638684077,0.0368065163474458,0.05387212258146266,0.24688269348166444,-0.09773218138120773,-0.06894080410304824,30618_073f08d1
7.712594767253066,False,0.041143027328965055,0.14839364980538908,0.3580525028250607,0.36405044761941935,0.35545501227106496,0.027054882336050683,0.036055809104249055,0.037804809618778364,0.03907528252277415,0.3189241877941276,0.14766101507122123,0.34827105146602444,30618_073f08d1
8.0009678086477,False,0.045678285270946674,0.15876563943383662,0.21995857772160393,0.22189408702321708,0.25636584847767063,0.029245009377915476,0.02907153839044538,0.058050031475388605,0.028399711712654502,0.55383356121205,-0.17244714564217356,0.1422232308339209,30618_073f08d1
7.159000152739216,True,0.05857876329684141,0.22719745793847865,0.0447868440068992,0.052258800658846784,0.06765270099732634,0.0283130833940801,0.027357173897927772,0.04123481622039515,0.044387660065991624,-0.18594299552489743,-0.08474414730059818,-0.13732284501477063,30618_073f08d1
6.758454417872364,False,0.08442514271457362,0.3467465043953859,0.052102003044897656,0.055335718076223214,0.04532784782618918,0.02932245277418801,0.03744808044546311,0.039009517386651524,0.049022130843234944,-0.01916373443931594,-0.007572663123668645,0.09783473902704196,30618_073f08d1
6.792162557377562,False,0.0692086010919388,0.2829966508442389,0.3469176154073692,0.339340716836128,0.3364753598787884,0.028762885020041068,0.0377575869953629,0.042570687068451685,0.04266378155169898,0.025475403448047933,-0.13132753233125816,0.3006315232372881,30618_073f08d1
6.738447744865294,True,0.0743893348114047,0.3063800349363445,0.09348694575045043,0.09306067702363846,0.08756762135807994,0.02792132199535305,0.03807566317600125,0.044400194085653724,0.05049027580804717,-0.18886243688476131,-0.008716958924881463,0.06511232105902381,30618_073f08d1
14.327225615591313,False,0.10175847906786667,0.19707881040894643,0.3595519383906149,0.35288508084387726,0.34388844459064016,0.12560795743117903,0.0810978716712547,0.07614850151921107,0.1166384665494707,0.4980079407073944,-0.2720333995633593,-0.46997479701522427,30618_073f08d1
8.176119880639375,False,0.06435933709501483,0.21881954398274506,0.1365858042650541,0.12579507051620967,0.1016858432574791,0.04415574242931491,0.036048547659751344,0.0211776250372638,0.053721166596535426,0.1348008753346483,0.057514982486633726,0.25111966921254336,30618_073f08d1
7.274842226347905,True,0.041411221743860235,0.1580152712337209,0.31817402016722635,0.33322413740012863,0.3268049801419452,0.025125602484068123,0.03065685897118572,0.02575734190893347,0.025838833105409728,0.6766280807402317,0.4364251951642011,0.28333661864505677,30618_073f08d1
14.2827616781972,False,0.06508036179551778,0.1266416956852071,0.15668166171819017,0.1660987407644457,0.16042655120678379,0.04378381569183283,0.06572763273619991,0.0334625865236477,0.0834381286052253,0.22318778748055396,-0.15484165649532902,-0.29904418911282554,30618_073f08d1
14.264687127851788,False,0.09568895921064227,0.18638717186112316,0.2796327769129889,0.27565247650307284,0.2545824798844631,0.08926008340734441,0.051662156824817236,0.03363899681392556,0.12037615118881693,-0.14478635220716085,-0.04893499454768984,-0.24725731216790944,30618_073f08d1
13.600494481129921,False,0.09098497105775069,0.18584429776462427,0.3104941789972553,0.31456120841956103,0.3291307039849994,0.053462958065410654,0.04541720345582979,0.03423335568988562,0.07633880841681805,-0.0035716006423432535,0.0861665009168589,-0.14932192801408598,30618_073f08d1
13.493636825649578,False,0.08570704469232991,0.17612606540008666,0.10225271312049096,0.11269226381258071,0.09704475869041373,0.07118093101003452,0.06406895570040178,0.029241966890046742,0.0969743720661676,-0.16674474785510074,0.03684022529132285,0.13183404241927757,30618_073f08d1
13.127152330617365,True,0.04954632415932802,0.10471529917868572,0.08346407626878334,0.09343167445955265,0.09376858882954871,0.03469374047001146,0.03451180165341304,0.028441339328989425,0.03928329453858279,0.19687652652298462,0.23272381121819427,-0.33130851464240035,30618_073f08d1
9.637823636757755,True,0.04317641177209215,0.12458918313400452,0.24140805081958205,0.2595668906592196,0.24383876022245862,0.044796816572648085,0.036194365758749514,0.04680948808695332,0.04472271383618265,0.4890177525105141,0.16521278447036658,0.12848272838526162,30618_073f08d1
7.417583075425856,True,0.031160782022609898,0.11700683327611186,0.3253008306200219,0.32410389427731134,0.3349743929220656,0.03336571098200629,0.030661332393234784,0.027580552605948522,0.024409828024792204,0.7243494374979796,-0.08151100504495692,0.015790738434584447,30618_073f08d1
7.262234421851026,True,0.025883783738431535,0.09904164712898358,0.27870574599214726,0.2791495295321685,0.2553206125565751,0.017730149939525756,0.012506541766393806,0.03645915831714982,0.01780900991528478,0.5021332512621169,0.4167256133031647,0.3916093965640178,30618_073f08d1
7.147453470412467,True,0.024484724759590036,0.09542337713775184,0.08138213176292536,0.07896464899274697,0.07271988520876768,0.02245341396034423,0.01752972137894533,0.02773526940522558,0.02480026747706495,0.2561920587208617,0.3865346333954201,-0.03170646597050338,30618_073f08d1
9.911080507797537,True,0.04453042274826301,0.12500200555464006,0.12211656553782184,0.11835735094295696,0.14958356918984514,0.031961232161117556,0.027084587958210008,0.04273539704478126,0.04410553820151461,-0.011170017281626176,-0.009112951542192632,0.16588340432438717,30618_073f08d1
9.857954845198023,True,0.039774750885578504,0.11220864706917322,0.19812522153347067,0.20005887926573096,0.19742024190046698,0.02955860140054596,0.027608485985589747,0.04239213737176411,0.037561357077559664,0.16687183463494024,-0.33453084310186015,0.14253863712998616,30618_073f08d1
8.561801904595002,False,0.06645473294162862,0.21550304191378739,0.35022735654356874,0.35260244611598024,0.35257376804559526,0.056276533837141034,0.04236784696411324,0.030667004436141995,0.06135045137386777,0.20099692980816344,0.39545890655636506,0.2426044887085043,30618_073f08d1
8.658018645607264,False,0.049800317301934134,0.15988689379639467,0.1510369859784252,0.14585881163991235,0.13288903491027987,0.04151167016332013,0.033589687794801544,0.03243889412732802,0.05098419725156404,0.007300733569181056,0.042860725314553726,0.11016891444487385,30618_073f08d1
8.548768722954073,False,0.06540958359049648,0.21241702695265938,0.19561206949397675,0.18445593289368964,0.17852190214632999,0.033294027411560505,0.048710853099645283,0.029890888083215373,0.06475603033754777,-0.2917817650542517,0.18076483657159326,-0.20345550321409153,30618_073f08d1
8.551306360081384,False,0.07757289318662267,0.2521870803048244,0.24673672772249333,0.2718071515065361,0.29095782313056107,0.028949070290255875,0.040122963193739765,0.03132417867700291,0.045267600210865865,0.20424767974948763,-0.15006410323254799,-0.07755598691453423,30618_073f08d1
12.02534882463413,False,0.045712721444556,0.10559563794761143,0.1261496118512056,0.12699134446874874,0.13991109713012184,0.03135264586813517,0.03185641457847038,0.04774374660553403,0.05230076762002132,0.29302807365306727,0.0866518988856416,-0.10301093100926866,30618_073f08d1
8.567371044429528,False,0.10192229210505263,0.33111810069885056,0.05256427703187326,0.0681820774131678,0.05904433926968136,0.027962020543241567,0.022579224687774683,0.04145171930157776,0.04487566377145717,-0.46483980795766616,-0.13460391517509912,0.02260311044000334,30618_0652866c
8.624352698093675,False,0.0710573774396562,0.22926869034752573,0.07182249975140308,0.08218506180981892,0.1006139490850032,0.031107608302989035,0.025459198159620354,0.046028312163978125,0.04273509572309891,-0.042490481054930904,0.1539198787939417,-0.012740594253047051,30618_0652866c
8.659228512331932,False,0.10013699201277845,0.3220370248846697,0.35923866490745676,0.35722308639514583,0.34118426694509246,0.03930456577748732,0.03608433385346377,0.05589725116622334,0.06477010665742476,-0.1993030346639636,0.23626366171333138,-0.14659085225241256,30618_0652866c
7.22053123081093,False,0.026654635405603297,0.10284491752299145,0.24344802573834085,0.23910355106993902,0.2555109304423746,0.02126749725837249,0.022059996470197445,0.06167652734190423,0.019481082499527357,0.40647713245233835,0.3492535654998715,-0.0674412477409541,30618_0652866c
7.317450390130424,False,0.03326571659114991,0.1264387235780791,0.2777500726752973,0.2692191034092705,0.3017634151577318,0.02119634179573502,0.01560664388492028,0.05771982342866499,0.021285877951957258,0.4324182183710235,-0.00829844703951265,-0.047780249143365004,30618_0652866c
7.156180761757378,False,0.030182225374921757,0.11745772483257286,0.02421884980237378,0.022618202057908928,0.09436785809320615,0.018268970802644665,0.015116073592210937,0.07376586680658606,0.024363558036322383,0.11218018689998252,-0.11966168361119484,-0.003995079445992242,30618_0652866c
7.0551255605258,False,0.0322941262257625,0.1274977388911321,0.317457360893917,0.31385046305507514,0.3331888136004641,0.02000259227108615,0.028658660348051004,0.08771023857089354,0.029083604684330307,0.5293667184081289,-0.02358295441889139,0.23777967846469913,30618_0652866c
7.078850432487206,False,0.0329884217916663,0.12979072395358582,0.04342788194071012,0.040337548241521845,0.07875612425432638,0.016620830225342647,0.017797054042352652,0.06728995132133786,0.02953909359570409,-0.2987754541792681,-0.25504451144013773,0.052320416083765996,30618_0652866c
7.096477783496982,True,0.03223439536417526,0.12641256449452523,0.20271076796118823,0.20705475837911505,0.23511152299476865,0.02775150282106355,0.01913764753726897,0.05654314513750438,0.02854866395709828,0.3286777798647625,-0.016564418484500132,0.15282629983812726,30618_0652866c
7.0400575572817585,False,0.030002632097052978,0.11863526014122565,0.1180656591096509,0.11098627946183288,0.11109821856950117,0.02271678206932381,0.021479583616578684,0.04891040894853985,0.032452240834797294,0.0779922286446113,-0.000938685333034394,-0.010267489026073284,30618_0652866c
7.124215316264719,True,0.04549841757183517,0.17764873403635595,0.24319656317180868,0.2510407482500429,0.2641797192167168,0.031102704905274704,0.029439160587633083,0.04376333592656355,0.04798113068227499,0.046247399998824906,0.02475083884919855,0.09735673792644978,30618_0652866c
7.122351857512346,True,0.05097156859459453,0.19925698502733702,0.3118316714601292,0.3085741760178317,0.31730576279215034,0.04153882714531744,0.035824839936589185,0.06569371398773166,0.046750447771379273,0.43921934496089093,0.2239102279923842,0.07214183298921795,30618_0652866c
7.115545780000536,True,0.0628912486114498,0.24611164460494894,0.30844708335973997,0.3105758304900786,0.31388794774581036,0.02493801107411109,0.04447128386191366,0.05547503806811751,0.0465898544625912,0.15578001087585058,0.0027700632952391653,-0.07220683008769913,30618_0652866c
7.123125882341697,False,0.060296003201146565,0.23537593981351107,0.04365157890053548,0.05912532589980954,0.06706057678587182,0.03327770570089174,0.039596240320396256,0.062244604729901995,0.049663133043237856,0.14333187356104019,0.02443740970138702,0.0014311273039814916,30618_0652866c
7.116447909637562,True,0.05407799907487898,0.21137471553535483,0.041467322125733744,0.058396280001460986,0.063033747303176,0.02168095249850769,0.03577348954734212,0.06168620968072092,0.04259523010278945,0.042993545233918684,-0.19241245600226764,0.1761317639830211,30618_0652866c
6.7138604466707426,False,0.07253705054698835,0.3003960912344538,0.3351294278148908,0.341372971273085,0.34305724735188525,0.04127716720606844,0.05433669302151608,0.053533579867804125,0.06525990106822635,0.011639507717650144,-0.21855429613937435,0.028154871410994414,30618_0652866c
6.894177090804897,False,0.07879821461342128,0.31749662014997765,0.11583008403321865,0.10697854437858619,0.10794074102710653,0.030737314321767236,0.039275090670112596,0.03275933093676561,0.05358783982910432,-0.29444372863772533,-0.12709697515223808,0.079163433784909,30618_0652866c
6.85284571197755,False,0.08214083459507426,0.3328639832582974,0.13960631250551755,0.13147805906905724,0.12127480649866593,0.03178242753927336,0.04576238801440515,0.03439630396274989,0.05635132227961327,0.013728844796744988,0.013834027867631894,0.06830371313535376,30618_0652866c
14.160033134653547,False,0.07404556279286197,0.1453442520878655,0.11022562037667356,0.11516930769690752,0.1293120949146207,0.046438595125861334,0.05795836302569032,0.05340914311498144,0.08197317617078548,0.11373559549712985,-0.2671252325037199,-0.3425720669906493,30618_0652866c
14.556483518608404,False,0.0760427998036012,0.14511073052479848,0.06348525908005036,0.07927250775429898,0.10557881542516138,0.054494661775297194,0.06337857313181272,0.07156856209646796,0.0884744758323047,0.15911877954638992,-0.16847580905221493,-0.2701060037501032,30618_0652866c
14.704466930916936,False,0.08951400656309266,0.16925369036256788,0.18810450909265944,0.18901071913259765,0.2144693725451152,0.08175947845431593,0.059509119319977155,0.05182930658082582,0.08572875927567432,0.21054600331940715,-0.2812948530835411,-0.33561149119287925,30618_0652866c
8.487133845747065,False,0.08720739063144693,0.2865124029089668,0.3485947547540734,0.3612266883974434,0.33871602955078983,0.031121443730922817,0.045527862756731124,0.04724597049306826,0.05903703622804443,0.05712672089059815,-0.19268850426094497,0.1585570778404229,30618_0652866c
12.504034079991417,False,0.11758174221889335,0.2615535477988488,0.3558516958451763,0.3908030615023663,0.33104201342371625,0.03150391730217043,0.05238364563589961,0.05912751298976364,0.06258613208353835,-0.10559036270122449,0.05049245529255674,-0.3317376677370455,30618_0652866c
8.919321730025775,True,0.03178302201043253,0.09901307853513298,0.357618176784461,0.34774330559884753,0.3563977443249973,0.0378966582751323,0.035081710573028516,0.04204836200329674,0.0241892393962574,0.8224643546876046,0.2159170910565719,0.25310835165702583,30618_0652866c
9.051990627243637,False,0.06130083264714806,0.18860550658792655,0.3520865991007123,0.3513557687281612,0.3356940689098144,0.03136080092541327,0.034210333042275144,0.03541522051124983,0.038249611237542676,0.2970483683702199,0.22534652421216808,-0.06689404444898939,30618_0652866c
8.77366182246397,False,0.07483485181704852,0.23748300250432788,0.27808493824410674,0.29292122121985165,0.32872297770132936,0.04173595171912012,0.047781477005829395,0.027259833092847432,0.05870655119799049,0.42615952817578,0.32444315134368285,0.46927579372060035,30618_0652866c
8.611060180271215,False,0.06763697418751062,0.21886659138765194,0.26732295791197874,0.2665419045463301,0.29091283506058174,0.032847866015415075,0.02866740978495311,0.025271210785299147,0.03619421370407864,0.10813471117550853,0.02397608217762073,0.013205448013441057,30618_0652866c
8.609165485338904,False,0.0550890168965854,0.1781551556601956,0.1174765461698912,0.1020485401117816,0.06603491799817991,0.02122224331511875,0.02512500849207958,0.02631023990313059,0.0364054213473509,0.03722757194225049,-0.18248651624285964,-0.1367073211029833,30618_0652866c
8.338309835154318,False,0.068435692024089,0.22847939440822967,0.34457520801432934,0.3429822771204021,0.3498209834184975,0.05176862653184328,0.06325887723460298,0.04671795654524476,0.06260577673473812,0.23300953713879005,-0.08130447463874153,0.238252873759894,30618_9c09b081
8.48118475897668,False,0.10236307224980577,0.335802168641449,0.06371648266766458,0.08769626567819006,0.08025825094541894,0.03672175878403295,0.029046038112830016,0.032421241098058294,0.048715268853600356,-0.31771408583548605,-0.1532405865461241,-0.07233905062453636,30618_9c09b081
8.429891288006166,False,0.07123297121333637,0.2353278283858784,0.10472407831561044,0.11127969017883643,0.10372842002892257,0.029708108589602798,0.02513212506283849,0.035185987812733674,0.044901143600205806,-0.11844470910354372,-0.293981929162751,-0.02602334667060161,30618_9c09b081
8.643438702659273,False,0.07703364239070892,0.24841743555287155,0.32565753740868747,0.31512866520888805,0.3521455244834212,0.04170384144947562,0.026163283395969624,0.0474240551517543,0.040336994215651775,0.3359144643463389,0.36560490592861355,0.36027447199004187,30618_9c09b081
7.1782531634005435,False,0.03292842606252051,0.1278269191455865,0.2830037799850451,0.2851431068931474,0.31158373987472326,0.030330327942436217,0.017206133000329124,0.05128185086739043,0.027392057913161984,0.46530030444742415,0.02604730906340799,0.12280248403339745,30618_9c09b081
7.196570180325473,False,0.05156400785452061,0.19913601432244507,0.23725883968474107,0.22067543830982658,0.22927608322283566,0.024404701884370404,0.02305152428840214,0.040890173793143504,0.041937119183860345,-0.3445126496013143,-0.09147395332513492,0.20322333813254717,30618_9c09b081
7.012043015024819,False,0.04065727493170489,0.16133944912778064,0.33167319259949263,0.325875288200305,0.3510246227592323,0.022197266257865785,0.02652950367917666,0.05609094066728474,0.039124277328706804,-0.018964232858415968,0.04274392968253374,0.1348834578965057,30618_9c09b081
7.0417070219040685,False,0.02950661555665782,0.11659097446905078,0.20556160532938342,0.20558280282112035,0.22487014912042555,0.01726746081660891,0.016610750867932938,0.05954459716288493,0.020947641236848398,0.1872016262800707,-0.061119456002678645,0.16769189100281637,30618_9c09b081
7.066097578298423,True,0.028671011371870874,0.11285944618325458,0.036059910130974565,0.032997246778875715,0.05266987650886504,0.022162517575339852,0.015341428124043398,0.039222388834366635,0.028846505775143166,-0.03505734746003672,0.10018926245303844,0.24841471496428807,30618_9c09b081
7.065759419237073,False,0.0301074246979555,0.11859142868317799,0.22644819192406207,0.23548598530116333,0.22867575437190604,0.018871314232064274,0.01779066937489361,0.06855617024645648,0.026307000165259782,0.32872213066106215,0.11744374487635235,0.10941355874701397,30618_9c09b081
7.011754053672734,False,0.03336648143205247,0.13251893365489892,0.14631165640589464,0.1532934893942877,0.1629101718443787,0.025630450269581783,0.030867242189203843,0.05320324298195692,0.03732907413311728,-0.03304585965762076,-0.00675748657078021,0.0780834842258054,30618_9c09b081
7.113727326860986,True,0.05682981106849377,0.22241326963969904,0.24314614153625358,0.23584790178154197,0.25074732959810153,0.02064181942026586,0.021892979423433895,0.049877835223022235,0.02882155118316331,0.17688357726837808,-0.09485704505392054,0.3158505705899242,30618_9c09b081
6.800012277037938,False,0.057752313549453295,0.23639235222107752,0.18253120633663517,0.193221912889956,0.20907467949519704,0.03151812257880497,0.04316379980445712,0.0505266649305566,0.05504260176285937,0.14082849851616225,0.03143562492396008,0.24524413964244896,30618_9c09b081
7.04302013145299,False,0.07017684821823221,0.2772382587298092,0.3214310598586703,0.3277698453761251,0.31241410760716604,0.03824984000790535,0.03092209272247422,0.047376495606764386,0.04759329762409486,0.14267145449348426,0.31400107402101357,0.25049027560117043,30618_9c09b081
7.021595097567378,True,0.0728448910862457,0.2885911505519726,0.3638791724618329,0.34751861568932224,0.35660914516500647,0.03414248928245618,0.03595836989100793,0.0449836690671856,0.06071381298226711,-0.31424937334409825,-0.11418133039165723,0.3172297406207759,30618_9c09b081
6.929857549278839,False,0.07818050382987547,0.31383457050387054,0.04507952757183309,0.05711590638560255,0.0651108530209158,0.031744043404797646,0.04646152030527733,0.05408264662004396,0.055299286678469305,0.008028738877896803,0.09383900902183955,0.057489257162849285,30618_9c09b081
6.890519364979593,False,0.06014031440087086,0.24296976017593602,0.2817944062220987,0.2733300480456392,0.26919437285570774,0.037675039764015296,0.037663491398161636,0.049590984620299684,0.039192647785179675,0.4697551077467999,-0.003411492667116009,-0.0022917095188714105,30618_9c09b081
6.771209379635825,False,0.08176999515614462,0.33572518696527587,0.11762304129871225,0.1493116471176365,0.11907365985905745,0.030028459040219245,0.03743375999781046,0.04289168350097347,0.04745202762849786,0.1352169686895539,-0.5355618837537715,-0.14586456611349413,30618_9c09b081
6.897783764930677,False,0.058167064564975945,0.23442217473850582,0.3070833166865425,0.3037045448448179,0.3234106984717124,0.02438085816879766,0.04323415958872962,0.046052494761756525,0.04483239110438716,0.2705729593095053,0.19630345776648295,0.07500939130734789,30618_9c09b081
14.136679783385018,False,0.10127608690280217,0.1991472607240251,0.16985617076059095,0.18282218407293882,0.18371385199336163,0.07638278860905,0.07390703133294152,0.07854191573052807,0.12255911069668035,-0.004644265674577068,-0.4070361536703061,0.035069314501981676,30618_9c09b081
14.423231200356053,False,0.0629977025242313,0.12136654241860326,0.07281915895771113,0.07715240611217121,0.08339575684437125,0.0446007675270288,0.047714796470433876,0.05443890124577816,0.07069585837785416,0.08364663474212015,-0.27316063540487795,0.027439411084552383,30618_9c09b081
14.668694438549577,False,0.0911593005354729,0.17272535409749593,0.3136806027254916,0.3094123257439225,0.34012150435259586,0.06378727433689883,0.07114698225566701,0.06938188801385949,0.09537266026097346,0.09553338523739856,-0.1882542022069872,-0.3257714546077252,30618_9c09b081
9.88674512631465,True,0.034367357893393825,0.09654533408446334,0.350329409892909,0.35284220001423816,0.35334162970529426,0.03545677783461692,0.040322917575936625,0.05863440951209386,0.02854945424862058,0.6347803367744969,0.3420032593324393,0.15812974011993355,30618_9c09b081
9.685992316554453,False,0.06382893820331344,0.1831022926994962,0.31487384341262836,0.3075309200670144,0.3263447633067541,0.05639070379215182,0.03277088093306757,0.057062022452719,0.0631612488009038,0.176247226297124,0.029305981342160427,0.1293753047648571,30618_9c09b081
14.415415415642913,True,0.06272969279933842,0.12089212547998861,0.16887862845687132,0.1840650134450389,0.18116897257131787,0.049937917723722976,0.0471759130169209,0.05610701382855071,0.06916655126956539,0.012075074187344239,-0.0035185558516824754,-0.507035702656365,30618_9c09b081
8.581129841849808,False,0.05488284802594766,0.17847009850829318,0.34020255861056004,0.32936178447102754,0.34890414353764837,0.04105199365043075,0.04117040085130403,0.05058906190741647,0.05800879296122475,0.05642334004486412,0.05155514341848271,0.13983443290541345,30618_9c09b081
8.759688815361443,False,0.07223289197963727,0.22974531539255336,0.26517583512519455,0.2882574819483841,0.3099794302862452,0.04723701730009858,0.029695078751079795,0.041642621614231864,0.04084808547557421,0.4282085763077191,-0.04097624839399452,0.3068655720310035,30618_9c09b081
8.619715920819928,False,0.06662685551268256,0.21543046739146066,0.2537265789007905,0.26143282238120336,0.27873489326546996,0.034990356148853055,0.03849471879569711,0.033248808210931666,0.051208400094289556,-0.04690987082040022,0.010446820135189336,-0.2042950231820444,30618_9c09b081
8.656343684453184,False,0.05758783800516521,0.1852621525880748,0.11170008513521058,0.09167532802356625,0.06194525475294389,0.02129047462255231,0.02002219036500205,0.03699496046542683,0.028228057318938557,0.08423265688690108,-0.18550065853148154,-0.17656239234804397,30618_9c09b081
10.751453188099699,True,0.03671055249977868,0.0947831047351288,0.30398610928251146,0.3062251590079843,0.32017938287603165,0.027069137890170413,0.0343088867749604,0.03320050428971543,0.03277173721263624,0.534677562052718,0.47949057992466254,0.37437360373981377,30618_e2dcf65f
8.661502292237397,False,0.04275989614745376,0.13738516600478579,0.3424368860376165,0.33392033945288685,0.3576181653817197,0.04790694829667219,0.044963845855680605,0.043175277441912414,0.03908283563499464,0.7410322662902475,0.5442944033971397,0.3894731414189785,30618_e2dcf65f
8.045082769004146,False,0.05224652189501814,0.18064280761765394,0.32762257609825185,0.32180105668068515,0.35682353322919885,0.03390660925372254,0.028622614324866458,0.034558215982670865,0.040249866304159165,0.3920319516103791,0.04321278824710102,0.3313351455637034,30618_e2dcf65f
6.7686661257500464,False,0.06580303811746345,0.26995887524286444,0.3182820611232361,0.3214963028981676,0.35263959329430394,0.03739181806943889,0.03681616144324388,0.047168310261589325,0.05004406147812751,0.05187312691023079,0.10007715651092497,0.19058492709022465,30618_e2dcf65f
6.757399982886664,False,0.06126813844303818,0.25177564754622905,0.08039265494376545,0.0869686118905073,0.07688137722944488,0.022594060332273166,0.04533346465495624,0.056884655728064684,0.046946712826063504,0.2212652319132862,0.002944844982691146,0.11629283476213147,30618_e2dcf65f
14.385768767381728,False,0.11759811321572067,0.22715847717864582,0.31970774294989485,0.3211200862274338,0.33344994087676594,0.07166419237044197,0.09009291000556051,0.051682334662837545,0.13101826511377523,-0.03067013130316899,-0.25945219518378354,-0.2947670033888948,30618_e2dcf65f
8.59513983778298,False,0.05977936052554558,0.19337264920281916,0.3576696907503071,0.3481633729266745,0.3335837858984734,0.041185073627168466,0.039034076226787055,0.05373719585851895,0.04639396200451502,0.28727254348338166,0.1362441376396822,0.0004524230713476812,30618_e2dcf65f
7.247868566615226,False,0.046021069671032935,0.17630421943140723,0.3388300984002479,0.3365345705349088,0.33649059062292574,0.024362058405427652,0.028073286871833775,0.039356929256596625,0.03740224142756985,0.193520116232299,-0.020973929323158984,0.29764083138424385,30618_e2dcf65f
14.287470240382854,False,0.07824947743931181,0.15218492061450872,0.14677643777575536,0.15278373591324976,0.1522660229583633,0.056352085911693224,0.061441475278775054,0.0426132979428908,0.09420149323279486,0.0007579584961304933,-0.18623937676767782,-0.13107337442666306,30618_e2dcf65f
14.317790966446992,False,0.09428178607771265,0.18293735056037422,0.30301404290283146,0.2937515715007596,0.2691168319825164,0.08274563596433707,0.0688366393256633,0.0516720148369606,0.12357793428767212,0.0427096012530577,-0.1063358852464506,0.2828650263140944,30618_e2dcf65f
13.694218099772753,False,0.0923503314717456,0.18739994451156083,0.3301090000202304,0.3293286567811673,0.3433123419450444,0.05572297301549231,0.04997983955267166,0.04038059745582661,0.09192511751682245,-0.14868355847278017,0.11034018752791142,-0.25862782481158053,30618_e2dcf65f
13.62503939216281,False,0.10725994558942532,0.2184658563719749,0.16014094762369702,0.1594321050262602,0.15814356084749684,0.07537375833373508,0.07015420279110327,0.03649726918651083,0.10895322904885417,0.013068994467395064,0.04024214719208381,-0.3041363606153512,30618_e2dcf65f
13.250894941798826,True,0.06452403652256607,0.13506368048472217,0.08265493813717271,0.09172195865924512,0.11058601275646229,0.040381671682257474,0.05155297135785084,0.04403117768855961,0.07376444740198629,-0.066738775053713,-0.03384440361596359,-0.22827528875313882,30618_e2dcf65f
8.915807397092275,False,0.059237984027632196,0.18444180094430607,0.32566398976484984,0.3275073493583735,0.32946398698209123,0.021677441188483672,0.02943005420891292,0.04098909129335008,0.03322027326322003,0.4402068197316257,-0.09537695967715053,-0.1126854604129127,30618_e2dcf65f
9.419016045633436,True,0.05197211793506425,0.15322574918573723,0.04280857192833929,0.07655849209339931,0.08200051281947911,0.015464320245051838,0.02215077283932724,0.04766094299845114,0.02736838972948742,0.004591192797358874,0.138896302896295,-0.5828904282882894,30618_e2dcf65f
9.585189283354008,True,0.029142465418258986,0.08451167754805293,0.04212378630283945,0.043742679490244095,0.058464116737176906,0.026477033142992788,0.020313662038299846,0.04607473143237269,0.028558114777548025,0.17611133464931097,0.06985045835095136,0.23777354349272065,30618_e2dcf65f
7.33735334206421,False,0.03536923295251128,0.13423543168705784,0.3390037757036605,0.327903340997053,0.34015581213491847,0.034782658178831506,0.031561576774729386,0.060932353569815724,0.03138556789813389,0.3625552449878213,-0.044468453473448924,0.04884699897446935,30618_e2dcf65f
7.10503687862268,False,0.02339788549143005,0.09152053410459636,0.19795396854728312,0.1976478960802627,0.219827333107099,0.010308248649142164,0.015408010361344477,0.049162136188139395,0.018137731250674003,0.2750749765827739,-0.46069422004999067,-0.15932183352647977,30618_e2dcf65f
7.171750858763822,True,0.028564224974822593,0.11087535075788245,0.3595087238738682,0.364408108930026,0.35355167125112275,0.022736379563204664,0.035792444419707976,0.05567372744872969,0.023905435142623,0.7248842161680265,-0.042517636768503994,-0.1337944006055562,30618_e2dcf65f
9.922443873742226,True,0.036858844534881044,0.10337783562491588,0.1994098808341189,0.1968135053915606,0.211897925612229,0.02076580026653798,0.024630924078571356,0.038194137989776146,0.029098986163456134,0.2944861912067381,0.004213269437983734,-0.04422136132274418,30618_e2dcf65f
9.948284013050994,True,0.034639473797135674,0.09683434802146844,0.17557282877307157,0.17837367614240845,0.1781539880369341,0.016469448574737297,0.026879348106738282,0.059665656705029595,0.03215861544679795,-0.04960686840931802,-0.13368285020842716,-0.009654970949668357,30618_e2dcf65f
9.848557816628578,True,0.042899034306336126,0.121159326694855,0.2463897061265847,0.24154797526976363,0.2670748676094964,0.02829466574215681,0.0421431652635813,0.05493520570577243,0.0414271647941287,0.35692940893086755,0.1766428977841765,0.057679805226338914,30618_e2dcf65f
8.582639144905237,False,0.058874663568696736,0.1905541602905128,0.34984071486888846,0.3416622262238337,0.3558544290751313,0.04301464706900808,0.036840993621366926,0.045564392585112544,0.05848538113002381,0.16537118376029777,-0.08278095892690698,-0.18293617150562863,30618_e2dcf65f
8.695593462369022,False,0.05504916210400685,0.17591985521078154,0.10453495259560146,0.11171182048093187,0.10072927187038246,0.04146314955893035,0.03324244879497147,0.037040118523194235,0.05938651419278441,-0.1819298902566963,0.09268166906146101,0.1047347843461554,30618_e2dcf65f
8.648847250337669,False,0.05376751464655117,0.17274883549230138,0.2406990971402902,0.2428794912473624,0.22318683993804364,0.035027670624166334,0.02960114709644985,0.05231050505030045,0.05289564376878071,-0.14553199474783837,-0.10973576426444479,-0.06898279483862152,30618_e2dcf65f
12.026596082952999,False,0.042630914453045086,0.0984781212641658,0.34736914933240903,0.33963995179267165,0.3453122645139278,0.03101766225351427,0.02573283240780007,0.04714785743366665,0.03887884411814906,0.29592256954925605,0.06208338036082719,-0.09264765613990647,30618_e2dcf65f
8.29997342013202,False,0.056506256655693074,0.18925779573576895,0.34569289455011104,0.3477267126067048,0.3531354115643489,0.027800853057315455,0.03571683156587572,0.03626242814001657,0.038900970588840074,0.3097047095059797,0.04869345726616132,0.1938509442777683,30618_28538acf
8.281106267052639,False,0.10169265879904404,0.34178902211681494,0.08291683638872681,0.12093747974511075,0.08813056136991214,0.030149089057300245,0.029764294185693967,0.023788824207910345,0.043472298757954414,0.1452061499564638,-0.0005503848829043189,-0.23839565121317127,30618_28538acf
8.224911831900625,False,0.07642201230366989,0.25844218878500086,0.18131494702744277,0.1671703897239244,0.14952854094148557,0.027578581316277946,0.02762101415360969,0.03079057149278691,0.038834769865527384,0.011458195587946095,0.07086298908812712,-0.09052802918802494,30618_28538acf
8.535365678064386,False,0.07450954121154525,0.24315783451605352,0.07390003007007018,0.05943883339579719,0.08155242949425302,0.03608341283919172,0.0346741408753291,0.02914615233290261,0.06022178524497755,-0.3452542726000364,0.09173014021941911,-0.23535143887685933,30618_28538acf
7.100545319516505,False,0.033147028000246534,0.13011346278959685,0.3465132588955066,0.3429551579006038,0.35181021274834484,0.024115048646499788,0.027055784790188674,0.02305696445693353,0.026165894407897277,0.5185171291982904,0.46744868674644113,0.4377481224056859,30618_28538acf
7.207755384913436,True,0.04387066362199007,0.16929519687367842,0.32780759317778796,0.3244102856686244,0.3048364267045308,0.024849549831557006,0.03151864500372388,0.03631953148473611,0.03264425057016703,0.41223852441779485,0.09192308995568971,0.05275946350694216,30618_28538acf
7.209715560961878,True,0.0423168696341005,0.16333849228468658,0.24704491434512302,0.26409578959425767,0.2551126537449511,0.02237127672527121,0.014665865883570143,0.026151728393781267,0.026147373642775855,-0.10038913649997114,0.2779620202966294,0.0531079606793805,30618_28538acf
6.962817558001517,True,0.032090996388534375,0.12817081971384514,0.12112521288193383,0.11381279620110249,0.10585403463783266,0.022836401176629245,0.015651224481991487,0.02655338901950577,0.026672680974235554,0.5313508987047123,0.26327073643826693,0.1821164308700729,30618_28538acf
6.906373607815977,False,0.04013907607444183,0.1617706899742682,0.24375601697687793,0.24828754684925344,0.24569555156244355,0.026743990363587565,0.027782526368515942,0.028439461395394588,0.031555534550518384,0.5946746401072469,-0.06860044114327511,0.10382766553224848,30618_28538acf
6.925491926749575,False,0.03092588848049457,0.12427586746442877,0.23344805850151681,0.22930005257804212,0.23606310476922568,0.027305345500330327,0.032759580923027304,0.03626878986867445,0.04005743946697887,0.4374828806409478,-0.263739520350683,0.07603043775903773,30618_28538acf
6.971513042870972,True,0.046862454912607016,0.18712191459212535,0.29203597199173364,0.2893897901423604,0.29733503118979315,0.023397861540996115,0.022661882564285227,0.02419848667106616,0.034623189152782397,0.10087310095983217,0.039399659809940854,0.03812633149730052,30618_28538acf
6.888625087324517,True,0.04224858550782487,0.1706866234989591,0.2100865659622405,0.20784031602493316,0.22157245554668364,0.02680662380105678,0.021093045979488006,0.032352546548068184,0.033486979487871264,0.09021967850351367,0.3510412747998225,-0.197713266745297,30618_28538acf
7.031716925339116,False,0.06336453944032917,0.2508437511877669,0.3674832766548008,0.3643438992574337,0.35932672894303747,0.04805634625547959,0.047737783358433775,0.025706641124285834,0.04126426763552205,0.33968160098335043,0.4607772006218386,-0.08679302758998286,30618_28538acf
7.045901960113319,True,0.05662381950735004,0.22365610250939433,0.3479356131697601,0.34242143459161256,0.3454381066831611,0.028982882069532125,0.045683395538155085,0.023764222882929904,0.05472501242105917,-0.11098194886721878,0.03064916086979374,0.17353581302156007,30618_28538acf
6.92915247262118,True,0.07633571134905787,0.30644121111440775,0.05415388314332477,0.05181950939004079,0.0384565217816912,0.030175390637517827,0.04791581369058551,0.022452153087481698,0.0656480438806867,-0.15784988756135554,0.014028751753838472,0.18365964786454078,30618_28538acf
6.766603078972018,True,0.07607491677032246,0.3125796710829556,0.3085050747495114,0.31775935304079667,0.3101808497722829,0.04645907595200517,0.06422689689956346,0.02641808079612645,0.05942642565952215,0.5719712338642181,0.46050500388666027,0.20130394761435272,30618_28538acf
6.878794026445794,False,0.06537440775202118,0.26410002577356595,0.3064583327513085,0.3097850192252404,0.31380290578316805,0.02783550138330863,0.05476350210611466,0.016550382699990544,0.055833695830020895,0.17956760437564376,0.2501071114836906,0.27129443500793976,30618_28538acf
6.848050333245818,False,0.08584811379231538,0.34830635572478774,0.18707877754797003,0.16238940842016472,0.15447937997678457,0.04974681631097622,0.05530042427625324,0.018341404571120063,0.06499492069269698,0.05112926415454513,-0.10764832917035065,-0.2236209287799231,30618_28538acf
14.18911999480663,False,0.07057183820264372,0.1382383969963189,0.123332665991474,0.12731764990064684,0.11991334383409911,0.055042232343783665,0.06592629070973241,0.033513241893103875,0.08523788544805797,0.49543817843974625,-0.40814583700694074,-0.2428293056816406,30618_28538acf
14.507665326890516,False,0.0614368529543178,0.11767378969584957,0.0645011427450484,0.06620159925244168,0.06449121684079293,0.04652850362427458,0.050329976385612735,0.027345148992377045,0.06927732787052777,0.35453440102610495,-0.0983058239312197,-0.40587940502271,30618_28538acf
14.674717119305525,False,0.09603090854250515,0.1819164863009271,0.19289741435356225,0.18424097697300737,0.23222647374157124,0.0726015422850163,0.06523905442046335,0.049133323521167685,0.10373595048855418,0.21438646996286337,-0.32096953697411534,-0.3851550828597244,30618_28538acf
8.474571791057754,False,0.07821758148822285,0.25739703349864623,0.3283880209328938,0.346483752722139,0.3182759955459072,0.03951968024370253,0.03898657197328093,0.027060099721672917,0.047007631841882294,0.6061747257777342,-0.106526580938864,-0.26705451235573313,30618_28538acf
13.753968242230806,False,0.09031978132791142,0.18238547570895633,0.19591896296944875,0.20131524547389185,0.20766150959058452,0.05778926361430684,0.08075500087082323,0.031940889336821175,0.107567789330656,-0.12921361876883963,-0.10465818343393332,-0.05304120406701299,30618_28538acf
8.609115411062932,False,0.07006397920196686,0.22682557043653734,0.265915578496555,0.2717835201623116,0.29782229803537297,0.0334029998785222,0.038087125015995774,0.04197761427217921,0.056865911241257526,-0.19098549098146445,0.15612475593096195,-0.0834446394275042,30618_28538acf
8.582505871109054,False,0.05735123474754042,0.18616127723630055,0.12161856458591075,0.09447083348347898,0.06547790038245771,0.023130577536900877,0.023490668883070047,0.03521634559353703,0.030951943899726882,0.18132877520985477,0.09212679719467189,0.02687119277125314,30618_28538acf
8.356648456500652,False,0.04954750795454467,0.16487970452167675,0.3817306331158884,0.3803861235258791,0.35632548965470323,0.02957034229013695,0.039142950511688236,0.04075249698636341,0.037688372953581684,0.21154448499846631,-0.010906466907125517,0.0479626826793141,30618_8158f0b0
8.492827398926458,False,0.08877808528985166,0.29084745273421836,0.12576969678587868,0.13747055047007953,0.12941556422844525,0.03801304129174041,0.03286682758255817,0.05162520498139677,0.039905026967128505,0.3459646737997446,-0.2547700263611615,-0.22259836035678274,30618_8158f0b0
8.448304004456988,False,0.06912477893356833,0.22756210350764755,0.18298027849008086,0.15789090697473235,0.18043297487022908,0.0282264802509716,0.022166961997808092,0.04057451092555106,0.031202439705090665,0.06380304383178487,0.11020127995139903,-0.09774876742346408,30618_8158f0b0
8.647755301171372,False,0.07329132254203513,0.23609826175044513,0.2388541706436835,0.2697665324171286,0.2610130095633416,0.035164243810390586,0.04122882259194901,0.04470678914475278,0.056038013353547265,0.03739042838176733,-0.018610223367400237,0.12003165161145012,30618_8158f0b0
8.869209306848653,False,0.09381757561312357,0.2942930345790308,0.2550787758914996,0.2543596895279803,0.2579328278470728,0.05153132723624761,0.03959809180826566,0.029102436089821552,0.06979844354384782,0.10727218363694643,0.1581020489436054,0.23244583819248615,30618_8158f0b0
7.228810231164133,False,0.03300864237699957,0.1272620523224159,0.2191034154379165,0.21529191055610475,0.23112991414291792,0.027424398020281814,0.028023073648380147,0.047996301749574144,0.02603259802232766,0.4501633075007792,-0.2804466347869856,0.0822579766019479,30618_8158f0b0
7.303147664946644,True,0.04837430545450245,0.18431093408101384,0.26237468680546344,0.2594902461449016,0.27596984305414735,0.024461171263783093,0.03478953743940724,0.04390309340018642,0.04121545281315088,0.1994632677723649,0.32075521809957525,0.08701972817686225,30618_8158f0b0
7.143211077161361,False,0.04261212077281224,0.16599549931579394,0.11702869226313503,0.11705230587729769,0.13083195494338348,0.023768145864155443,0.01964308901125597,0.04542314743459047,0.03544238859486173,-0.20767162882855847,-0.11766649334617495,0.3281190997437554,30618_8158f0b0
7.045769490598003,True,0.03461370390863732,0.13677580621014626,0.308142934782747,0.3229881320541072,0.33017816325652044,0.01581134709363156,0.02109933184399055,0.04671194216427966,0.02407465056572264,0.18680011761550291,-0.06488586663433721,0.18811662631232928,30618_8158f0b0
7.062920124213205,True,0.03294502598007938,0.1298018729858224,0.03875746659847068,0.03265648243462017,0.05217783691220683,0.02145982677983647,0.01590192914847879,0.050971728183285187,0.03220089855880047,-0.3486566111127389,0.18542849216625606,0.079776368547968,30618_8158f0b0
7.051612812124293,False,0.04579839274802877,0.1808022850354371,0.24406889589405342,0.23583985540862035,0.24248392019824833,0.019933273445398664,0.024570604209937483,0.04401212888800938,0.03614413204482873,-0.07720377696188126,0.2631993966320281,0.07103949457232944,30618_8158f0b0
7.02530570680304,False,0.024199979142412262,0.09588732851149136,0.02633505491821824,0.029369457771878733,0.0410330070823156,0.01692664810613023,0.016388422705417,0.041607335430416545,0.02375446508336927,0.07383429837153367,0.18483078688621468,-0.13782842132267867,30618_8158f0b0
7.075884366270029,True,0.03632645220040536,0.14300607993167327,0.28993833536466396,0.29920836618154323,0.2949136129590786,0.02236458258539362,0.02388100194314429,0.049006904845509604,0.032740795408573664,0.15760759930417795,0.16476038773720006,0.17829082485001838,30618_8158f0b0
7.050746019593072,False,0.062264572055035536,0.24583291901047072,0.36493994449291534,0.3670739778590867,0.35259152952264194,0.04191988100336947,0.039852284614652976,0.034751303381317385,0.037601245637603455,0.35736791180387417,0.011551413831728183,0.16920718113071076,30618_8158f0b0
7.0675654256822575,True,0.053394466736739234,0.2104016701609341,0.2918069908951029,0.2919739629460951,0.29975069882552935,0.02629358631111461,0.032519326828759604,0.04128648455975145,0.039885881084472094,0.032659004887306366,0.0274828074845801,0.18860289912015427,30618_8158f0b0
7.062090293270387,False,0.06159664686449146,0.24262539150521084,0.03226501481820051,0.048832017085996916,0.045575684752038215,0.02838477692023725,0.02690849929210373,0.03978246873937096,0.03647328476567524,0.19941588201219243,0.3100570928374898,0.15692662921456255,30618_8158f0b0
6.997822381173641,False,0.07172706439555261,0.28528443646975143,0.03475045245187449,0.04943800101874771,0.051961058791428885,0.029677437074693266,0.04255397666280925,0.05245525119200599,0.06432906361017551,-0.5088239097073035,-0.2939893006709266,0.07712534303465382,30618_8158f0b0
6.712839089743021,False,0.06464258838444484,0.2679078720704015,0.3475922783317804,0.3568708947972414,0.3436882522850655,0.03962949838474889,0.049065182020339694,0.03343305370600748,0.0586943760333047,0.04541613146889465,0.014890066471588049,0.08123312061620884,30618_8158f0b0
6.854857988055139,False,0.07297495319516485,0.2957737492156619,0.2584061633367588,0.26014803458624536,0.2567822229221115,0.0365307051409979,0.03933626500804187,0.03400060799610857,0.06534493677913833,-0.275650760324778,0.318829687244897,-0.2413673282477896,30618_8158f0b0
6.829853895416911,False,0.07142044661822793,0.2906214436920948,0.0809947541360805,0.09293012776258026,0.07960633515532929,0.030716277978670124,0.050883480175175314,0.02836509884698816,0.04340558222676932,0.4504589561420066,0.16731633883785146,0.09822476795701462,30618_8158f0b0
14.204506920656748,False,0.0851302206824822,0.16661057765643136,0.13754655492786072,0.12583304739413548,0.12260925654169019,0.04632059650553315,0.06724394227684463,0.029422844344596143,0.0862255881071814,0.25653511193620426,-0.2395047458028545,-0.1788371519330023,30618_8158f0b0
8.326181150103155,False,0.08287728603341861,0.27758377042534615,0.3488029029633147,0.35622993902614436,0.3472365254693854,0.03643080658384093,0.044916135698719675,0.0374016485283202,0.05839655094785513,0.30223479022659183,-0.11713850422392302,-0.058156131390498834,30618_8158f0b0
13.738835816561204,False,0.08972618584200003,0.18140188083484035,0.19670301809118873,0.18320620516245467,0.20196239825374618,0.07594589362802706,0.06164865844255888,0.04333324782097458,0.09736969981111027,-0.2181760308379576,0.22573449080650548,-0.3119954690285175,30618_8158f0b0
9.080046381814457,False,0.06883093352720888,0.2112649673751922,0.3668937490555705,0.3664962160293617,0.3497195733741614,0.048104644839829486,0.03018496635376525,0.03889761760171138,0.04554456851883941,0.41719331844264235,-0.24439679946197776,-0.19475114075319483,30618_8158f0b0
8.755179471146853,False,0.07751129862420969,0.24645836551451397,0.2067920118065662,0.22195774506758306,0.2367103336398511,0.04430936692702761,0.04060554911923402,0.02699504387495704,0.04529428544559691,0.45248505171909165,0.18336789877863094,0.2969668051576139,30618_8158f0b0
8.622049000622857,False,0.05838195172772726,0.1887836520031961,0.27971341508888964,0.26480722746106106,0.2907426134493852,0.03695039072323754,0.031443595756063564,0.03107196726745656,0.04257865886439136,0.2227295645706999,0.0263865630026483,-0.2729460350951736,30618_8158f0b0
8.51635984095655,False,0.06124381050688721,0.20030110937835666,0.1383220534198847,0.11242901583054055,0.07741267840887499,0.026845282005715274,0.028374398891753236,0.0231367789169145,0.026204672949407957,0.4128962608569008,0.02477957344998425,0.1844678611381288,30618_8158f0b0
6.578881492137688,False,0.059120852783277944,0.24962040033182456,0.36666975764302784,0.33028850116261127,0.34209150804030597,0.053544381791981496,0.03633355963130057,0.07990297135596058,0.05020579263186954,0.5847029431694483,0.22858490568087225,0.38772459991264036,30618_21dd3af3
10.79124380739752,False,0.045903539795602376,0.118184579345199,0.34300310068593165,0.3511718523893476,0.3561426206440341,0.03886693936531471,0.04051238527674153,0.04302736703732401,0.04501207334992696,0.3221227606216997,0.3616954024618803,0.2217098872028621,30618_21dd3af3
8.506589641495696,False,0.04088922887650376,0.13381554781542254,0.32853738782232017,0.3297647107563455,0.31661650901824456,0.04661727310448289,0.03966520409737879,0.034033488426379106,0.043718557917203776,0.46128527574740374,0.4008998771735871,0.36636726155928634,30618_21dd3af3
8.610640652915533,False,0.056802501813481315,0.1835937408374547,0.118729278514925,0.11860855040932053,0.11386132895977849,0.04690201938022515,0.02978636370108504,0.054810333632343694,0.06605606808980552,-0.21108849334390814,-0.0155394852012561,0.2981268705636955,30618_21dd3af3
11.00963573476773,False,0.08316274404759692,0.21023674618964877,0.18591044435419085,0.18980308901069856,0.24753388917762087,0.05058773428262182,0.05838952927892792,0.05514149737275302,0.06998260313506939,0.140399043318149,0.009895479693148685,-0.06226006201080882,30618_21dd3af3
7.043222255372667,False,0.08088045021760967,0.3192037880031583,0.19869567443828984,0.20291325257483808,0.20244884979242528,0.02847715949049582,0.05535314734673044,0.05862314392616671,0.06029681732287241,0.17164218020355695,0.41998685668953556,-0.019849667843224346,30618_21dd3af3
6.6853702043266665,False,0.07909506400733625,0.328401310010657,0.12048050805552848,0.1235032488367345,0.12735438093835033,0.029232446541959313,0.0468517687884301,0.06558326461541181,0.050805813980583925,0.21752891602463684,0.2201279808226141,0.5495326805253797,30618_21dd3af3
6.896176827821561,True,0.059842214290781154,0.24090585469355133,0.3145203390808704,0.3068721765071571,0.3263635106434575,0.0316864909584934,0.05132613755496428,0.05010184095312897,0.043445795831950344,0.29214046829686363,0.0677618511036128,0.2226222403241374,30618_21dd3af3
14.188046775959025,False,0.08741905924349554,0.17118182303821633,0.33204946138058944,0.3262337062647976,0.35756381898433715,0.07267362429940796,0.056902915464443864,0.0682290103592519,0.09354080417937748,0.07117712254214195,-0.03433290300942305,-0.11767778487157408,30618_21dd3af3
14.273022333993252,False,0.10894316320015507,0.2121885786190782,0.3880000796777105,0.3781693833008484,0.35617889687572296,0.09813446213470058,0.08054348595775211,0.04836504585102255,0.10390471278029423,0.2456199241000388,-0.033776730978787195,-0.4874441640307301,30618_21dd3af3
8.374516593740166,False,0.06180926315715013,0.20533753564949475,0.37764626031278936,0.3651728573347365,0.34842905657555706,0.03867479667907644,0.026003709623941527,0.04312835477383703,0.04715805315177124,0.17951483626232143,-0.01124745623272696,0.4049074416364657,30618_21dd3af3
14.127913497181567,False,0.0963890142240229,0.18971147628789653,0.30069642236271543,0.30524663029198423,0.3106565021586804,0.0849498908653449,0.06257340074322494,0.040167254571807545,0.1207371725563225,-0.042562884347750386,-0.32384719969772746,0.01993681592883928,30618_21dd3af3
14.233905421922715,False,0.06104205411104248,0.11925060740865587,0.15806873058945714,0.16117494149242612,0.15757237757110115,0.05930012275558825,0.04201220239899209,0.04697515961068666,0.0766014125960739,0.05959811634887617,0.0696421204088309,-0.10220990786372174,30618_21dd3af3
13.782261417273444,False,0.07079292809482617,0.14280776726215955,0.3214325978343763,0.32275068636291665,0.3515900428847791,0.04413864021932118,0.0476547100042069,0.039307865550285793,0.07308071637352591,-0.02415987005067421,0.1753038462715663,-0.19431021627307304,30618_21dd3af3
13.544293486895022,False,0.09827062673807177,0.20133069650023636,0.24401114228989063,0.2682231134259563,0.2577862305448061,0.055968895187407344,0.060956512884018835,0.029246505048766663,0.08688698008910728,-0.015992492878331044,0.2371003518636493,-0.03905991373704161,30618_21dd3af3
13.161365472774051,True,0.05717733407185846,0.12056351165118515,0.09687318820428732,0.0918543688784155,0.09532785618123885,0.039590999457307444,0.025374070421459935,0.028711998644209313,0.052001227809572365,0.07877377979662284,0.09077078419362805,-0.22823398892297717,30618_21dd3af3
13.04116295911385,False,0.06445793808500641,0.13724910391300937,0.09100430822372142,0.09051665250226938,0.09753973935009692,0.041810873304558474,0.037823534745886435,0.03472129498926868,0.059261000926862165,0.1694313779923176,-0.014660581692516649,-0.17519322424004924,30618_21dd3af3
9.7461393986623,True,0.06327639836170205,0.18040714556857246,0.2891548481474119,0.29996550284306644,0.31379338191168815,0.025500005516021624,0.0381257673738186,0.03880252789528153,0.04859610048294072,0.24872472732282727,-0.017017596173511968,0.1842698451797704,30618_21dd3af3
9.783135640551029,True,0.03756184680653449,0.10680857948246986,0.031063262741417786,0.029817620085399333,0.04777554839690378,0.025728229844927716,0.02848206891660547,0.03265543153161635,0.0366361255326802,0.10159114085244236,0.17114606301217478,-0.3716923710245818,30618_21dd3af3
9.912960942796245,True,0.040159328459465224,0.11273469865306263,0.05573488433602509,0.05216576327263998,0.06506157341157344,0.026048908956068186,0.02840469412116222,0.0400352199979164,0.03922619675043055,0.13519557504874258,-0.17062521556997015,0.07544439696893752,30618_21dd3af3
10.078220536307354,False,0.04486277407291045,0.12398175801965658,0.05455302150657573,0.06909864299983191,0.05923859660675696,0.025959076191439362,0.029830534100069715,0.037635213455377785,0.045869990515066655,-0.25500421857486016,0.30306461668721635,-0.27749263716909717,30618_21dd3af3
10.06522699569746,True,0.04454668823555448,0.1233170902436968,0.14609834272708708,0.1354256118442227,0.13956824187814193,0.025489847771114973,0.03677267476072305,0.036151053704617395,0.0453047937137406,-0.014719285284252969,-0.30990474876338703,0.3230705757625959,30618_21dd3af3
9.90283113595081,True,0.038149227200908825,0.10723376510374767,0.2650864699677322,0.2679896343903354,0.26741491844502874,0.039141043447952426,0.028090214360388794,0.03865328355305057,0.03969771468581286,0.33264763701494565,-0.02551665673755985,0.09290274874504062,30618_21dd3af3
9.943089813117275,True,0.04404431396954805,0.12325421833189781,0.340965195850495,0.3475554722305314,0.35577996240636156,0.03077111155611329,0.0346794715648991,0.03474255113703358,0.034629242305995546,0.34436350435080526,0.06916903787125345,0.12296158856201517,30618_21dd3af3
9.924409471697034,True,0.048550402470929406,0.13620465632612144,0.349583146470513,0.3505279886770113,0.35005699276472085,0.043091638259772365,0.03969074748573446,0.044247743275184465,0.05833348750650798,0.11908790837916218,-0.06392946994123999,0.16135547576910664,30618_21dd3af3
9.814185338151027,True,0.04384240782318216,0.12421066795275426,0.18908342003341513,0.19687765647262756,0.21398847007445249,0.0292380986690602,0.022447015715178438,0.04536954242398844,0.039553634205782486,-0.2243328730248826,0.1154206178329778,-0.023276349046488072,30618_21dd3af3
9.814635349946682,True,0.035663848570584716,0.10112380323666038,0.1872978743873883,0.18830386209206093,0.20606247831325242,0.023955521848605096,0.022877372802131965,0.039246427446567936,0.03545881782303276,0.06559232650314216,0.25254698475711795,0.10047288405611393,30618_21dd3af3
9.850956222455691,True,0.04150668331589562,0.11731982156524799,0.21031147683029972,0.21985903305210036,0.21752900304996806,0.025761572989098886,0.026093392630317506,0.04359705697895417,0.038711717584632536,-0.04883502441059838,0.18207555114426943,-0.07639373830163775,30618_21dd3af3
8.6235343909638,False,0.05092475904343657,0.16411445103406516,0.2608579165788611,0.2538129487992483,0.2640594479857319,0.02767597873420231,0.03457416988670775,0.03017361573953327,0.044993591686326335,0.05778306665793137,0.03774746875069447,-0.09409729882788002,30618_21dd3af3
11.89843060374035,True,0.046406393783398545,0.10841083289720181,0.3717232711675786,0.35645018072573714,0.3470023859713663,0.035215025928236963,0.03456645798035126,0.042530678486402636,0.04176259560804841,0.4453146522840904,0.190576764027255,0.346541987221474,30618_21dd3af3
11.554454834235262,False,0.10689155457334043,0.2576429714622233,0.10473615527325365,0.10433693969645363,0.15371268828853818,0.06646504205110629,0.05661793125970907,0.05176359359320467,0.08399705972999125,0.00986951029970751,0.2334309151435865,-0.11715234404358547,30618_4d487b0d
5.292416513037259,False,0.04916528576603325,0.2584927011042105,0.12331230231629986,0.12818470160130385,0.142966695120946,0.042678885843911635,0.025185187887581357,0.03910924863774862,0.04270045240312884,0.36089213844202905,0.10500507697282108,0.20407815657412184,30618_4d487b0d
9.785414313863129,True,0.054479967252092816,0.15512389730908274,0.3334770755291781,0.34063644101918744,0.35327781639470185,0.04179377980074709,0.028533395166581463,0.048633292196273624,0.04614909754531804,0.42872927900779545,0.23572811087947626,0.36410037454042865,30618_4d487b0d
9.996293347256497,True,0.047797954670369514,0.13311884851086253,0.33951631742076255,0.3391706978410581,0.35553266975530523,0.031418101434088776,0.03314563580395673,0.04552069393728263,0.0474902617539232,0.07478592891288244,0.1755542142450125,0.23711431467607388,30618_4d487b0d
9.993411895776017,True,0.041859999714471685,0.11649613008347313,0.09921819043319796,0.09305316560561193,0.1236076123307321,0.0335179129000249,0.027064857755534164,0.061346887367344435,0.04447363695579135,0.03524944863856063,0.06742439001228652,-0.09736269723305128,30618_4d487b0d
9.7003350559571,True,0.048471590138654354,0.1389199076010712,0.27978326911975476,0.27768845979768403,0.3237303090089987,0.031242234401196303,0.038665116632594886,0.05766528880078497,0.04268836522541953,0.08896276556490713,0.3210279755782532,-0.18166068624976864,30618_4d487b0d
9.835699741645355,True,0.04295996631162987,0.12162641477060121,0.04325798897458399,0.03156223260007344,0.054737518379992176,0.03231040488824689,0.02041515315040568,0.03325942053682367,0.039247092125888075,-0.16184355978868775,-0.031237314147477904,0.09277716963608562,30618_4d487b0d
9.792717095239128,True,0.045571522836324166,0.12968209045598297,0.24235466829050684,0.2508784022651256,0.23498613770343924,0.03845807380330291,0.03140581306265486,0.04160739558553726,0.04674796435108558,0.1932517555250631,0.03914976326922762,0.0697077562216812,30618_4d487b0d
9.765817426260112,True,0.047567706711909095,0.1357208515339651,0.3049230888055026,0.2977764111781957,0.3147101175160029,0.028031939430575102,0.036854076704281306,0.05487580283504182,0.04451776526675104,0.26107145409440835,0.13975668567132038,-0.13933299000095256,30618_4d487b0d
9.850029651698184,True,0.05726380496011579,0.1617978588952115,0.32154927348446954,0.33390472885647254,0.33623171865109047,0.03906473723544376,0.039093176518009275,0.04371304446950638,0.05392595511080161,0.1426962405491174,0.20649910192982465,0.49425295926743845,30618_4d487b0d
9.695519871282501,True,0.03804926535407885,0.10924446242092369,0.03359587306788601,0.03166262763056875,0.04389598751327392,0.0298277729400912,0.026349175494514418,0.04177299211787909,0.03727264285127342,0.18911304012117733,0.06468969625298637,0.3267412454702196,30618_4d487b0d
9.76308778533048,True,0.057249123224054496,0.16289667014587003,0.29496138453141607,0.28735223872357646,0.32044389681194946,0.04396544161030677,0.030901798918032627,0.04743300757545557,0.053564154211860456,0.30685439054431385,0.3847707543066945,-0.2389125779325308,30618_4d487b0d
7.080801011151852,False,0.06321532741402397,0.2481950774121083,0.1802363689597121,0.16510935467712345,0.15384394622954495,0.03850911415727549,0.04356569278424814,0.03995250368020872,0.0499020939625189,0.3253309671311806,0.25600100783930557,0.05854749668308588,30618_4d487b0d
14.160747485510205,False,0.08431441070611706,0.16558565348822207,0.17209816511056888,0.16312036654189577,0.1678440203707222,0.07664077823916512,0.06779120449255321,0.03470420186391584,0.1055488764869524,0.19870321966700275,-0.3402284659743356,-0.20390808700864152,30618_4d487b0d
14.468922288555607,False,0.0746314002139051,0.14343976173056344,0.06609835335847764,0.08086298671917608,0.08888324840896063,0.05191551886990676,0.061585108807804476,0.045284515732724955,0.08891789922564913,0.04748397345592271,-0.15288059939094947,-0.21903104239758586,30618_4d487b0d
9.69846013599452,True,0.057480123854939724,0.1647211848082742,0.3240722032125067,0.3207645901339947,0.33514004277848125,0.05668347003435738,0.03786666404920591,0.03867384749096297,0.058211686915547366,0.3138541083200863,-0.06800823004985473,-0.25132034463451824,30618_4d487b0d
6.427976246081224,False,0.030873615491396757,0.133556010474755,0.35206650090030406,0.35593082431552064,0.358848710217573,0.022795765472589713,0.019397362396468044,0.033713342865555884,0.021055927514441186,0.7452187507268889,0.3591098316471876,0.4904068168124908,30618_4d487b0d
8.522203897784703,False,0.06721731268594285,0.22012280262456257,0.328208949177745,0.34726459815477695,0.3378542912972576,0.03541906693803685,0.0390809462566053,0.042007953716391905,0.039121568848171244,0.43499582804877235,0.3917366512865349,0.2685679174397252,30618_4d487b0d
12.411334147265494,False,0.11057600041647123,0.24797350040857588,0.36484525997574213,0.39282233114434195,0.3448408388116177,0.0546065395438006,0.04892510273601701,0.04651352431624594,0.07542770973172272,-0.12554835580286267,0.17059465354318798,-0.18558053655652154,30618_4d487b0d
11.834489640592109,True,0.07278071691082341,0.17077381732768823,0.34806359203987225,0.36080304906541605,0.33684799037969876,0.046563081905118944,0.04371414865549613,0.05435872258963366,0.06662793338352777,0.12476702381233863,-0.005566512682219402,-0.22484389137282965,30618_4d487b0d
8.428844766482454,False,0.0646289461179621,0.21368486746053822,0.3298921639457083,0.31528817851458374,0.3537393176949123,0.038694087613908204,0.05038182141433842,0.05889628116849646,0.06804551094637515,-0.21318336909544122,-0.18498956445596915,0.14450712054665893,30618_4d487b0d
8.667062867243251,False,0.07631604503869018,0.2451545194273671,0.3087326928654708,0.3348106071100862,0.3482069726152035,0.05409928075374033,0.037329421426015884,0.043774999101257366,0.05714810766371234,0.4034361757646734,0.16158979291244943,0.3650461535394194,30618_4d487b0d
8.616741565183341,False,0.05913958187073548,0.1912149066132936,0.25417494118285927,0.26800287644138154,0.28943328743588714,0.023628997534945236,0.04207013408879998,0.04086930247504073,0.052273131099593056,-0.054082232252913,-0.29321360966309035,-0.28842633804699347,30618_4d487b0d
8.612531065266605,False,0.03959039254095606,0.12799152300574723,0.10766925583443919,0.09499053284046488,0.0799970030318734,0.02693214542364011,0.017358966475651275,0.04599607145446967,0.027992063178729785,0.19774045457426856,-0.08885158067615953,-0.19309209355165297,30618_4d487b0d
8.367783889511731,False,0.043117102971664864,0.14322063567658758,0.35576167301262346,0.3601213687249563,0.349107245135055,0.03418511187117938,0.029555059627379917,0.06117489171572753,0.036953456567254794,0.3220169147143532,0.26738490035227797,0.025346235108922616,30618_3b36e5cd
8.519562578574709,False,0.09435369798123298,0.30823805003821886,0.2057768135599368,0.20573682330486584,0.16395730397972397,0.036683120153595206,0.04780333776150627,0.04619415543509184,0.056295463270868255,0.040746525944162656,0.1121745859033586,-0.2708375669076681,30618_3b36e5cd
8.46936114362702,False,0.0642433637786911,0.21107469357031935,0.1578472928655968,0.15296025525882337,0.13885175476462502,0.023392973571105757,0.022120602048010526,0.05544876987192364,0.03277979776449701,-0.09889462531556494,-0.09265072972900423,-0.02130647818019962,30618_3b36e5cd
8.65092847688837,False,0.0684786686118161,0.2203702609505205,0.2964284781272162,0.33034432187641616,0.3165372421733157,0.03041985155670659,0.03433753941608621,0.05782415268206923,0.04774531625548646,0.07295973121007103,0.10208350815092637,-0.15354883945560238,30618_3b36e5cd
8.743190635933523,False,0.0808256156230186,0.25721836913087265,0.21210489213830017,0.18474749550172895,0.23755227829545136,0.044387720613866984,0.05860936968234605,0.05277385140363027,0.06279765570761854,0.17550200401648738,0.09539231463508895,0.1384299427860707,30618_3b36e5cd
9.899252538552204,True,0.053797924652731074,0.15126285854985647,0.28940053902896296,0.30186044009018664,0.30990029650970347,0.03372920671072587,0.035845766753292665,0.06537701575714733,0.03982623280545385,0.6062409534542731,0.34047869498890837,0.2214267271560053,30618_3b36e5cd
10.110857387580534,True,0.046049328508639915,0.12684297297942218,0.31630389490556454,0.31661548545360463,0.31296015178079656,0.029226636365893503,0.05026139655624207,0.06296273150817812,0.051463542602461464,0.4905265869321672,0.30211859188455026,0.19715562960073052,30618_3b36e5cd
9.918187642843838,False,0.04597252054212781,0.12894739861265211,0.08132749342178813,0.06822403973226206,0.09026688111566633,0.031903079373322756,0.03131604902826135,0.07512556259543537,0.04505392513081965,0.002058485601249355,0.25388658324924374,0.05079267271516772,30618_3b36e5cd
9.763056188449678,False,0.06563045345478982,0.1866914888850398,0.13605073789935246,0.1529036993389714,0.12145716490238817,0.03377986234427286,0.03755449636159381,0.04661349508600857,0.05621649355730604,-0.20956523191709814,-0.08614646832183726,-0.22934530598789393,30618_3b36e5cd
6.832862215004015,False,0.10042496858134602,0.40843284446127004,0.1396570976022053,0.1562098754401668,0.1395778256422963,0.040095679203973056,0.04654852222471407,0.0706185862862394,0.05043138873851661,0.011531672941798245,0.13363622135612246,0.0868583856597646,30618_3b36e5cd
14.17250682995811,False,0.0837770773534458,0.16436591667883774,0.12455288610718547,0.12200270018628066,0.1478550048206342,0.06353383089036914,0.06138660704775602,0.050963701891121246,0.0931875640166579,0.19854916725120314,-0.1738206805579954,-0.08431430022410111,30618_3b36e5cd
14.518506821339438,False,0.07002160299619323,0.13407121057204255,0.06521719364305412,0.07638167334659515,0.06699513271384575,0.05045472639021204,0.05476383619280013,0.04207995108933353,0.07141334928233731,0.24291985688618967,-0.09576105192707873,-0.18750406220197197,30618_3b36e5cd
9.76817593284889,True,0.04807414379565351,0.13686564227716946,0.33189417627942797,0.32342914711205917,0.34063871925851824,0.03783375362757914,0.039150578812099004,0.054085524426712404,0.05034245742505972,0.46149764258993636,0.0022327074661264356,-0.1584553773149996,30618_3b36e5cd
8.372730021068547,False,0.07932056963470963,0.26407254117195406,0.19839907159221234,0.21152081101776835,0.17361891755491607,0.027291634144561004,0.048829562263000725,0.05390966934869068,0.059200713706439916,-0.10529795193937933,-0.008734251710699505,-0.2056674559065366,30618_3b36e5cd
12.480732223191977,False,0.1110887690932951,0.24760280373500237,0.38170997649469685,0.4151135198507113,0.34797907309909937,0.038328908846564605,0.04044111305373016,0.04460716594478343,0.06053134371793251,-0.16654498020759254,0.14332200794067612,-0.23486423953290997,30618_3b36e5cd
13.815874475314027,True,0.08530061085212526,0.1716047978011477,0.3444698776299292,0.3542513641185718,0.35615305365572836,0.06675466469370155,0.06514302657167921,0.05962152942453902,0.10384264694673359,0.1713379516665384,0.4166720544177285,0.18435244627667888,30618_3b36e5cd
8.776963387791596,False,0.06126167638510377,0.19436689532836604,0.2526426319104927,0.27457739785193724,0.2992398660928878,0.04028890348058268,0.029157622434611154,0.028456346683589876,0.04553424552185124,0.15407806465100005,0.09069764912595692,0.07171561070180717,30618_3b36e5cd
8.633780940242294,False,0.06082671797504936,0.19631917438320584,0.25856078733648535,0.26800424669102263,0.29506117610203386,0.030606590484040862,0.03448215037604858,0.022257756886554465,0.05131990036418109,-0.055498973816087545,0.2323300934359138,0.14922227155303144,30618_3b36e5cd
8.557238587393725,False,0.05602461711178448,0.18236266102194115,0.30822560274771604,0.287003388422594,0.2548958608314386,0.034796653635094196,0.02561474450602489,0.02373643396540575,0.03736780169709574,0.44925787034349574,0.1626511555431245,0.0007895082814170585,30618_3b36e5cd
8.650602902660308,False,0.04392484165631573,0.14130760269606515,0.36982823980941765,0.37288711282932774,0.35656104085160295,0.03841042651621655,0.03138339626974586,0.03904771692486763,0.042067178145561095,0.2510319874197804,0.42782092619829587,0.31593477863488184,30618_748832b9
8.435721057083388,False,0.05667390970856567,0.18698715327493703,0.19569312382921755,0.21701655061078323,0.206237567858419,0.03401666785159952,0.02913847249265768,0.03031698929742002,0.04809796653273988,-0.08500787794308941,0.32815125343668444,0.05320769551909063,30618_748832b9
11.119213682107972,False,0.07566412952303934,0.18926231661908863,0.19740004757311108,0.18577129428104078,0.18929020706593008,0.06482587112221934,0.05855379314776712,0.033610144304183666,0.0747254324080429,0.22473265038999102,0.028654611845934416,-0.1771182172651793,30618_748832b9
8.104819708017022,False,0.049406142860527476,0.16952304921207254,0.3687832921660958,0.3456395664212412,0.3580771186884757,0.023525038607783728,0.028699802605624974,0.04001403571412559,0.03489564823130362,0.22169542351306104,0.36153132905093044,0.03849779666274615,30618_748832b9
6.928862813664789,False,0.06478380296542825,0.2598469990063546,0.11272455179498907,0.11491751737789384,0.08847096849430484,0.03134865909755803,0.03380543265346844,0.032200863612016545,0.03982898767932084,0.11756464826701116,0.3203564000413355,0.25941596505448755,30618_748832b9
6.770114293107059,False,0.08658967972464236,0.3554043519418456,0.08816096249902663,0.09999260813547282,0.09702066559179805,0.033205580881385234,0.044945385259170106,0.03137393703339151,0.05538073518024674,-0.23650600589211832,-0.2544242331413746,0.4058470269092595,30618_748832b9
6.77463862407881,False,0.05699637475495715,0.23376225155703845,0.03253508665787607,0.04398004541693885,0.05483074840367189,0.023721889796862915,0.035604136648949805,0.03443628611628532,0.042580503959863646,0.11451018512840606,-0.06867542361947142,-0.141848237813061,30618_748832b9
6.719269040655995,True,0.06350913346504046,0.2625655446461377,0.03934341074299379,0.055733876144697825,0.038175750377645756,0.028494210894687025,0.04328318939612666,0.02832071438716187,0.05929125483860821,-0.0848758567977359,0.20107963490627423,0.08084298602468061,30618_748832b9
14.35498861441202,False,0.12365649285763276,0.23929893851186806,0.34787606129082943,0.35450955687680463,0.3581409639193002,0.1168937023190943,0.08307652544152899,0.052246674304389125,0.15202677628229877,0.03883697278980808,-0.28046900229617416,-0.32486204046998157,30618_748832b9
14.352650153429636,False,0.1090347355902159,0.21115898162755636,0.34471224343239376,0.34408983132534665,0.3326990763157539,0.09117978617346216,0.10352055255976725,0.042078922993581014,0.12801416337925353,0.3368318345512388,-0.2017857546387452,-0.26374104298933915,30618_748832b9
8.193583998669732,False,0.062351563649263954,0.21155952982716136,0.26108462305501406,0.25059466513383877,0.23891775600043694,0.03131571880497406,0.03907234794076281,0.024868086004689104,0.053804139994692864,-0.1570277893518737,-0.0154262792917853,-0.21758012519298356,30618_748832b9
14.347446825548477,False,0.08364919805615825,0.16204620565131791,0.20178678303393657,0.2004731712436742,0.23067227966679035,0.09543182374110763,0.05932659276955182,0.03197456781525226,0.10830315231366336,0.19399401587511497,-0.24852064685119885,-0.4921851477464595,30618_748832b9
14.120431073338688,False,0.07506245331543698,0.14771734616188076,0.27307405040207433,0.27949753675850253,0.25720158864128445,0.06125796241834019,0.04378022025079384,0.040837209561514626,0.0834682422121423,0.002943216186560482,0.14447723971788792,0.05344632262003693,30618_748832b9
13.708029054840543,False,0.09303925165295347,0.1885984306806599,0.2254798822087861,0.2374955084073944,0.23703719095541453,0.04580504256643211,0.06451538091455312,0.02373337758906123,0.09038868930125561,-0.06082397870109644,0.07143555998050609,-0.2618930907071061,30618_748832b9
13.457293321700313,False,0.06434311348401013,0.13261298202972613,0.1024488570642259,0.10537280156491415,0.12862137250840425,0.04705019077448558,0.0481092913533637,0.027205934976026823,0.06026328478531555,0.07660432160624528,-0.011448082727523609,0.15421133737356316,30618_748832b9
13.080427880850674,False,0.05837985390331586,0.12391483526107792,0.057187814566246414,0.05697510406147761,0.06296067353752341,0.03740358874029045,0.0325112491236126,0.022534609703906278,0.057031472884065994,0.06730057394342924,-0.005838180327325406,-0.23863016806470297,30618_748832b9
9.786897156697869,True,0.07099887511796804,0.2016269355184075,0.31341277982412974,0.3367125549593389,0.34069711667241526,0.034041011520011315,0.026745538023414544,0.027586695812239086,0.04767220880203903,0.11694613133380158,0.3181229711760685,-0.11599161495277838,30618_748832b9
9.695902781423564,True,0.03127673726452722,0.08972037814017604,0.02897095291250901,0.02993215506049701,0.05269597256029584,0.01747185680016734,0.02141884338988792,0.03016043051845866,0.03002249237851515,0.02537813168336426,-0.17634323544359454,-0.11004493533423002,30618_748832b9
9.726584943792822,True,0.04481431139662345,0.12814223753834592,0.04480239241494244,0.04705551151949696,0.04518805628426516,0.029277655723667632,0.029569566255610205,0.02028083446365925,0.047236871025648317,-0.1471806610003237,-0.12549208362668485,-0.23590785290820487,30618_748832b9
9.969457699142074,True,0.03226099061762295,0.09005015922342369,0.09095806857802372,0.08440789004650777,0.07886348519579814,0.028234738444919274,0.017419966747940222,0.023797234664923776,0.0390435149312885,-0.030529787773262096,-0.042446179997301374,0.04457306681054659,30618_748832b9
10.117876795194848,True,0.04812237784122894,0.13248974287611376,0.0424843665012275,0.03628946659837909,0.04765279996751369,0.035720140923227,0.029491849864575294,0.023769740701758753,0.047144039211257524,-0.06503423590771676,-0.29879773267432946,-0.16580336260975978,30618_748832b9
10.12931091151588,True,0.04125629135153625,0.11335086547978505,0.08740046264558982,0.09771181352602915,0.12175008720032894,0.02160713033438426,0.0335859148347322,0.02869643501875995,0.042826879662700476,0.024045579472152558,0.0009995170792344253,0.011638524124740165,30618_748832b9
9.88084030688973,True,0.03508705514713218,0.09887260442253222,0.3645417663799578,0.3677451425572916,0.32656630338483056,0.025852047613611994,0.026142791194572548,0.027366896387826585,0.04143963493391197,-0.0527664571761424,0.01773804439776369,-0.15354760247942176,30618_748832b9
9.973965109898836,True,0.047724753497581596,0.13317617148892108,0.1585059851028934,0.15673778091384613,0.16605907728776825,0.034768960026204054,0.02893262892769577,0.031992966564230854,0.04783452262011899,0.04197363150821763,0.16751658220662713,-0.01959947637189605,30618_748832b9
9.924583401233239,True,0.04389854266635235,0.12306207042839164,0.30046227304151196,0.2881870359984451,0.2911148383752677,0.03234650526069346,0.03881983876620864,0.028677948010092234,0.04343641100267789,0.3623813064022489,0.047768482962291595,0.18253024524105874,30618_748832b9
9.869145853413235,True,0.041326726989766256,0.11650283387547404,0.1902063325402019,0.19185946694062647,0.20127606999244918,0.01982446531409902,0.02673446165308065,0.030086454385714393,0.03311158195757935,-0.11489197794731211,-0.16902937762192757,0.08046400688073542,30618_748832b9
9.832690707158022,True,0.033336258799954846,0.094305130876828,0.11942285560226397,0.12241272590540839,0.11037554116137152,0.03576269341740423,0.01821692378536997,0.021646828137884138,0.03512680719162099,0.2334797105022921,-0.05809920141566667,-0.1901776228237626,30618_748832b9
9.921840233416354,True,0.05781548640064594,0.162164708717475,0.1400145039188728,0.13237226393189305,0.15226029876311598,0.03111019295446677,0.03239482621291673,0.029351735822861626,0.05598849613631061,-0.17020031755094836,-0.14590997182782978,-0.1030247067735566,30618_748832b9
8.508967500247678,False,0.04476903488009601,0.14615769077498508,0.33778158851438944,0.33561939824594716,0.3354973017768867,0.027064144600791765,0.030364696359691384,0.023760214964681177,0.038423034416551864,0.30151689604983717,0.315883587028935,0.005818247618044734,30618_748832b9
8.646463737443632,False,0.06496037164512417,0.2089683380119742,0.19374428683370148,0.2082394673457757,0.19687258711030545,0.044475321330831666,0.0446992965858413,0.020344964595917916,0.06701257914913858,-0.0714987216785935,0.148435783379282,0.3059671411612876,30618_748832b9
8.386390190864557,False,0.04185761612112691,0.13878842124540605,0.3415947625823152,0.34436963645396335,0.3430024679868565,0.031421780274227616,0.0246683483469709,0.05009947689386793,0.02812389973638271,0.4854515560963215,-0.05709908915139988,-0.07209841161231385,30618_1cc230fa
8.522333946409463,False,0.10519918377344385,0.34358208619551095,0.18771845886564775,0.20234210471074832,0.17763111348045993,0.0305608899727999,0.03863354372253289,0.04743622548430136,0.04993369698504463,-0.09968993924892385,0.2139827100682662,-0.29720253763584564,30618_1cc230fa
8.480663850484966,False,0.06727353104350042,0.22074063428386373,0.1844207263346752,0.1751362500442584,0.15873329881398035,0.02525686243743144,0.030517090389594496,0.04061716469737343,0.0394944787526435,0.1870124318265989,0.056088541912310476,-0.04617525234322797,30618_1cc230fa
8.64141772832026,False,0.07123585822443412,0.2295890283443173,0.29000661001262046,0.31262699788688647,0.2804576713536062,0.03924428054580268,0.04069285343127095,0.04551021794164406,0.0463420487507722,0.40878166687871154,0.563053029914239,0.10830611621305944,30618_1cc230fa
10.010039017694774,True,0.04111161922625394,0.11443783100544629,0.0657638789202892,0.06206330291018996,0.07938837710657953,0.018064879657833446,0.024726917331690204,0.04358075588804033,0.031830105005422604,0.023140374608356457,-0.22199511145191556,0.4035090387294386,30618_1cc230fa
10.03118326636611,True,0.04020398087207831,0.11153005455646142,0.27213938288164086,0.28366484677458503,0.2908880552606803,0.039994076855091376,0.020628339847224023,0.04717554923802346,0.044680324584664824,0.2852931179545677,0.08692680157798581,0.12437974092435138,30618_1cc230fa
9.79179793284829,False,0.039205344584209,0.11153091847850369,0.22950553609029672,0.22266320618805058,0.21851271342803685,0.03229712902679392,0.022866966816180802,0.051798835039015244,0.03735220923892218,0.223149049899816,0.5607069577815891,0.16806947058436422,30618_1cc230fa
9.905863546123594,True,0.04194206104645933,0.11779266194483337,0.039986082624400475,0.0395974879351671,0.0490821040387779,0.03908341785610057,0.03644862252075929,0.04487721772443048,0.04278152212508089,0.30305878351625587,0.027183264760257248,-0.31855528303081554,30618_1cc230fa
6.909384391665562,False,0.0917247817969341,0.36891796347071465,0.11003723850487614,0.13638893672531963,0.10643483649954939,0.036488756975122084,0.04035242978004827,0.03309740969398942,0.052854991694045304,0.014408372792566326,-0.06098012706315632,-0.21893331884830308,30618_1cc230fa
14.207882478565327,False,0.1109415866486936,0.21704373527851986,0.13692066503916536,0.13499846309150543,0.12201508920120936,0.08206873466406661,0.07454983586271716,0.06838875825966848,0.1237540686469197,0.13851086884276148,-0.5392127757090043,-0.5102246598349288,30618_1cc230fa
14.598889148355479,False,0.07333213942391248,0.13959306554670062,0.07690443122275688,0.06631840902443618,0.10820538792503194,0.058109553326820204,0.03722643694056592,0.05837920055523411,0.06808106786050112,0.10595683822530541,-0.30461747153726243,-0.3051356699791365,30618_1cc230fa
8.503593773181771,False,0.08264670382671369,0.270417581903431,0.23271097361680176,0.21032328288931396,0.21084751203617894,0.03901742064686881,0.04339486653471516,0.06131472179858652,0.054631925274243605,0.1749639725152179,-0.04285701133749592,-0.5147471229292623,30618_1cc230fa
8.609709255205814,False,0.07349090944220925,0.23801681791894105,0.3154005379071829,0.3420263813290146,0.3458736995021861,0.04107185011482408,0.03610086760390318,0.04673737588665797,0.042858061051941336,0.6114152516707156,0.2866641518219893,0.2650951020705178,30618_1cc230fa
13.776107887347619,False,0.09880415005729162,0.19917551591639807,0.19031484123666276,0.17370260301175594,0.18473174659132205,0.06732150483068929,0.06593199150931925,0.047217465807311204,0.1108662435087799,-0.21225044873892332,-0.07614593716683994,-0.37946031929519203,30618_1cc230fa
8.765316285355533,False,0.06949647789693772,0.2207763750402637,0.29119945728501406,0.3138118158498023,0.3391241023364363,0.056518481363621455,0.03166547210689029,0.019888422051334145,0.0659720885682051,0.11156947073652625,0.24301113659811208,0.3474378110639759,30618_1cc230fa
8.614015470901416,False,0.05514434278133014,0.1783135296676656,0.246614229891851,0.26095409313519,0.27858428309578903,0.03247815801692421,0.039109708979992705,0.02356464464417031,0.04977856666180005,0.032979231070314245,-0.094110110635594,0.06737182444902154,30618_1cc230fa
8.566524248371492,False,0.04726683665912576,0.15366245571836393,0.1331383453466391,0.11614896026161675,0.09263706650423223,0.022666216928039856,0.02056890280662526,0.01758064269151741,0.03270707365623946,0.01955540856979167,0.1099436429787752,-0.10873409034676954,30618_1cc230fa
8.420062562548654,False,0.10439593489701632,0.3451740213000733,0.3652592773247395,0.3715565153435027,0.3501557636607584,0.053872926997809774,0.03960284102314662,0.03295885315459204,0.07022625890077597,0.13686152435567822,-0.07068748516882913,0.1022133151798601,30618_40ffd323
8.563492852725773,False,0.06343939153551778,0.20613997662038344,0.09404681562473068,0.10782812283058052,0.07526640017468615,0.023634637625321964,0.022448372018167538,0.026641299145292525,0.037074866158465156,-0.12237314052401696,0.3321620821770194,-0.3508793797712108,30618_40ffd323
9.86420764775456,True,0.04655361053277682,0.1314456741888712,0.2793486613063216,0.28085524487206437,0.29812287255928877,0.033270358335110606,0.030074967137009082,0.04552459012447057,0.03476189781539249,0.3263731126239703,0.30485292130483455,0.4671007869119667,30618_40ffd323
10.030890678442178,True,0.03858332553292253,0.10714706510604229,0.23129331889371565,0.2355277425020715,0.24670977845081796,0.03860867235168931,0.019170855509277274,0.0374327662882238,0.039750522168211073,0.25212280959746874,0.09554805734222115,0.12087523252712926,30618_40ffd323
9.937081011106812,True,0.04726108679905131,0.13231450055212474,0.2427157702492797,0.24358895062722238,0.2832746555190716,0.03981360504924343,0.03595967195760224,0.03770610873969304,0.058573576361856484,0.014019018393594932,-0.09142689549624611,0.0658159437330901,30618_40ffd323
9.97053164419741,True,0.0461900791584412,0.12892184159816705,0.04169934724054823,0.05360809547237831,0.06158073986472772,0.02932461522495451,0.04317190457682971,0.036954801104819135,0.04534931589149447,0.32559246473424586,-0.2565353747311872,0.018527934163594474,30618_40ffd323
9.791165562327885,True,0.04093474453761714,0.11635997206448195,0.3734800945731911,0.3722870949845029,0.3570833307888786,0.03663915952789466,0.025510834244583787,0.0370995206144667,0.043559099165081924,0.39330099895919834,0.38181107984045776,0.5263741614523867,30618_40ffd323
9.856970290125805,True,0.038563740302279076,0.10900441305989647,0.181213454254057,0.18263282375961246,0.19747655783325221,0.03292903449083946,0.027919420054625173,0.03348448604751035,0.035034275130213795,0.39249436630126755,0.3584234927404984,0.41052205110107653,30618_40ffd323
9.979584144273723,True,0.0288834744167637,0.08062514383494826,0.33956780514291235,0.33835799156466295,0.3568415875137985,0.02399807454426672,0.024783835501015452,0.05226081404654239,0.02850520823692249,0.586368323811319,0.14555886634789503,0.36134432889091395,30618_40ffd323
10.064821036681456,True,0.05518871438545048,0.15257353652373584,0.14531680212465484,0.13228981418486668,0.14663820292040558,0.03770903641406073,0.03457333441438046,0.0309988863038203,0.058344801671042834,-0.29260000364751493,-0.12608061657593012,0.028226376513476044,30618_40ffd323
13.765937352039053,False,0.09726688693776227,0.19631822947526534,0.17451896922362278,0.16564301047631075,0.1626337217926352,0.07747878370423414,0.07436777089439324,0.04891414209573496,0.1265685110128577,-0.21378447788161672,-0.13168657874616543,-0.2184258017825452,30618_40ffd323
8.746848830036393,False,0.06424670749035387,0.20457396761678734,0.26419029844004194,0.28328249266352645,0.30764453178844553,0.038349272195795515,0.03036785058834667,0.036317690559977835,0.04201506873105238,0.10642530476169247,-0.0925307328360577,-0.05607139840827888,30618_40ffd323
8.603759044260057,False,0.054951558512774355,0.17781979699177794,0.1537441586346035,0.136408792657148,0.12698839391217612,0.029356406472865436,0.0308031066499883,0.045792378061878636,0.040173657482171395,0.040225459855928125,-0.16586076887473694,-0.41372621962749206,30618_40ffd323
7.10358673277777,False,0.07357270765858388,0.2878004315461909,0.11564254660774688,0.09566829919805837,0.10599481875521496,0.027000957293867922,0.044927791415342526,0.03606302036598095,0.05854760212111764,-0.17406272165173295,0.023554796467286386,0.23376908464187357,30618_2cb9ce37
6.72198674275833,False,0.06776738246916887,0.2798803973870245,0.07732306067925589,0.08466460526124113,0.06344425854173119,0.03270281267334086,0.05261227183635266,0.031129595567430793,0.0664344186659557,-0.20441470975703116,0.062414471845455025,0.3251798740951264,30618_2cb9ce37
6.806699513163675,True,0.05627501957598894,0.22951304549934756,0.1929003133165528,0.1993528515065753,0.19792745116065533,0.02828195284603655,0.04461419458361181,0.03021801445451222,0.04588726547481575,0.3775056896328082,-0.011806328144617408,0.20154230132504175,30618_2cb9ce37
6.670975122513546,True,0.06817038131012292,0.28388338021515336,0.06606045601935039,0.07164684840642413,0.057749409879105255,0.038027036067087946,0.04979982668531301,0.029741409484725506,0.061105738745120215,0.08850394805825092,0.24522188244421317,0.041396038466949184,30618_2cb9ce37
14.41479486476792,False,0.11137972646582248,0.21475665636790314,0.29967416016037574,0.3009181138004837,0.2997276763058772,0.08428708711551182,0.08372988891205674,0.03712727884778963,0.12328754999062076,0.15883029587265396,-0.1275960921331081,-0.2713260099204901,30618_2cb9ce37
8.129023409630728,False,0.06458339237397374,0.22092448721009258,0.1709726012417701,0.17880230130289404,0.14496710115219824,0.0330238030622515,0.0353927813616024,0.0301610726392327,0.04365842627445356,0.14688530759121823,0.222031867953361,0.12283094382768388,30618_2cb9ce37
8.044053388804196,True,0.030926592656134396,0.10681262139386792,0.32837812416487017,0.332335351376861,0.3490536464704422,0.015125552102141804,0.013488609269568956,0.016652865423815055,0.015162112342774621,0.4654829340731343,0.256189879069614,0.3054504682946792,30618_2cb9ce37
14.337343959580654,False,0.09185679267409516,0.17806172244513788,0.25079799351668636,0.24559837745625648,0.2607090769576142,0.06737659323019049,0.07498356416816826,0.03087223144131671,0.1173411323770678,-0.13914565303447715,-0.22214609644535477,-0.29086670214217053,30618_2cb9ce37
13.900485510972612,False,0.07924945912851623,0.15848952414453646,0.33947759213422635,0.34098601900785075,0.35740917660152605,0.04550259665528954,0.04907681073060758,0.03373601855328903,0.0718560103858329,0.13026626570483973,0.07669562250179159,-0.3744154985979048,30618_2cb9ce37
13.7529344427915,False,0.08498313701409405,0.17150125168039368,0.21059690978449971,0.21668375530258865,0.205674893988109,0.06561276648340558,0.05684285459356199,0.027638999615961023,0.09010159362364155,0.15397421232193997,-0.03813016557549572,-0.1990509147373953,30618_2cb9ce37
13.249986558947988,False,0.05383613668072641,0.11278332447482418,0.10339574459869134,0.1043974027103138,0.11877515183522391,0.03680509588594279,0.03837893334028675,0.027441143794925574,0.061401119727157984,-0.14362677997561912,0.0504562032915982,-0.12399440421975298,30618_2cb9ce37
12.98229719129825,False,0.07049875732126254,0.15079757680121425,0.06305455072140145,0.08409175342273939,0.08487879443475665,0.03870670867822751,0.04331687582285749,0.029475431014994058,0.05989202052238742,0.28626830843959383,-0.00030242807760787926,0.03333412412424552,30618_2cb9ce37
9.826916114615484,True,0.06782046287893222,0.19176771730239262,0.31320010930948433,0.3149766221332542,0.34224596918914774,0.03472728771923211,0.027645223767684676,0.03308513646978018,0.03028057416389086,0.5339189010111052,-0.11800136309815842,-0.029386849543654697,30618_2cb9ce37
9.729404289943327,True,0.030479780727477732,0.0871378586298087,0.033417474007871116,0.03438840070651959,0.03778534865355746,0.02228069912726237,0.021338795573791303,0.031200036091379387,0.027893616678169576,0.2738321929885621,-0.20507912056910035,-0.44724879670383644,30618_2cb9ce37
9.758321277084653,True,0.04274655482464353,0.12187302700854537,0.03701567854582907,0.04863285422371276,0.04330766469737882,0.02024949412716937,0.028157483722091058,0.02903482587640593,0.03263128265808524,0.03053419018903329,-0.32596566672960514,-0.16374353310349077,30618_2cb9ce37
9.91084483242882,True,0.020746680657111927,0.05827238785373882,0.03752400742451193,0.033014791109296886,0.051606490978887976,0.0145209922446643,0.012040738143297237,0.03538725062932187,0.019502773377924044,0.22794542133438267,-0.022171240682100617,0.1302078723032941,30618_2cb9ce37
10.130215316600228,True,0.05586353618635191,0.15356105232868575,0.04641994814696659,0.05813441840068111,0.044030706346950374,0.04282501407888818,0.03271131979920294,0.02951690466567533,0.05920498925414428,-0.12870812388065112,-0.02974380500847028,-0.22158041504182624,30618_2cb9ce37
10.193274954011839,True,0.04319974417795514,0.1179444889867748,0.16690089101102107,0.16672698678122538,0.1755680189633454,0.02354852862825423,0.02206956881235189,0.027355766855185797,0.0322308489468629,0.04612718868036287,0.1067845396334877,0.0015917671704659406,30618_2cb9ce37
10.003378646173047,True,0.03824144198718214,0.10643764733838398,0.15652638228927718,0.16253055031450214,0.1455963113092753,0.023640821746747104,0.028110681147360345,0.021531913547671692,0.0345600146988193,0.05201250175183014,0.25926617085302056,-0.3215454853828123,30618_2cb9ce37
10.000463922772965,True,0.046133328736889266,0.12835172920674412,0.1696057296658773,0.17217484107424924,0.16459918845593777,0.03579591054566498,0.029283951971125283,0.03178406604693818,0.049694726369106795,0.046936410197047425,0.3135082982729035,-0.4934197864693386,30618_2cb9ce37
9.945661519931464,True,0.04581466003936834,0.1281731498386806,0.1772018663972738,0.17519970403857943,0.17663967315194173,0.03593109640801898,0.031101091011455792,0.03279855371968404,0.05396517848070844,-0.27580887000840765,0.022292328837319214,-0.00905059882120167,30618_2cb9ce37
9.899012988610806,True,0.04603781656620182,0.12942023905970532,0.2966619563335525,0.2922730775007758,0.3010607002271832,0.032904161187770606,0.03623034532447117,0.041033499692152114,0.052013118709343394,-0.014708725990910197,-0.013384904681692764,-0.04631009860454346,30618_2cb9ce37
9.812775819768595,True,0.034819743694073174,0.09866253169352865,0.13548752274020937,0.1434443410273078,0.14048483365045078,0.02015305948705152,0.02347828338034007,0.04398615607739943,0.030858134288098197,0.00826794731100818,0.1471280894730639,-0.28731810220866477,30618_2cb9ce37
9.91696488205863,True,0.05900181116759462,0.16562436478045175,0.15192107461377638,0.16461203720163153,0.14447274098032456,0.03899938674621193,0.03264452849494921,0.030726862049360128,0.04968876758357387,0.23358508901330366,0.05854676126355991,0.03989416035215634,30618_2cb9ce37
8.628273687139544,False,0.05822653331439053,0.1874713046184382,0.34233354614147676,0.35356564576984434,0.35264687611619044,0.03800153698904262,0.035809408007100654,0.024677698745082962,0.050705883941186136,0.20063208431911647,0.06080937630524098,-0.058228565849286595,30618_2cb9ce37
8.660105359739779,False,0.05358019903475792,0.17199903047226298,0.07164485937847331,0.0712424226680791,0.10079769953208478,0.03473922929634876,0.03280518980164429,0.037452198581251865,0.0425350217173931,0.23815534739967628,-0.0852743657507355,0.03344444765928409,30618_2cb9ce37
12.163847280997132,True,0.041737061995274084,0.09534783176337244,0.33343624421699714,0.32738464526367045,0.3381718673379134,0.028379792488187935,0.03383620004732807,0.047431414628765454,0.038488124482154135,0.29518750946576405,0.01817189755029808,-0.018609111072517923,30618_2cb9ce37
8.237226305818785,False,0.04555379569902361,0.15384568689746295,0.3643253375863731,0.36293673562613715,0.3473004964111614,0.033655682439912536,0.028822714084218895,0.02505915095017642,0.03351025315620797,0.3693030844638593,0.13056753957951553,0.12209376481775006,30618_437e855c
8.208859198868993,False,0.09849393669986575,0.33410872572768685,0.08491353057878752,0.09741371060193717,0.08011262628971681,0.03681226700876957,0.030368871927492738,0.030637763252009793,0.05304307758654528,-0.10336807649158405,-0.3608511984701999,-0.21862571525857943,30618_437e855c
8.142228245875149,False,0.0673521102975338,0.23025385951227126,0.05969023391270588,0.04550404303214057,0.056226163967082736,0.025601777713364797,0.023177757800288645,0.03391207509415228,0.037843277730252894,-0.211464636370944,-0.2187836644705774,0.2088342156873994,30618_437e855c
8.295124230392512,False,0.055775615168955156,0.18713707299069687,0.06066388622820783,0.0704274461011596,0.07858365229019472,0.031833189222872094,0.023702146262967145,0.026146275374808424,0.04820654620617925,-0.1922314264718043,0.12237932382285768,-0.099826677810663,30618_437e855c
9.792654826590836,True,0.052228585634548144,0.14862733248386653,0.3304991972193832,0.3428798137328363,0.3444668438185232,0.03323978777858747,0.02841172554531819,0.02766987489668445,0.04198108283064289,-0.016816352233359384,-0.16236793544782754,0.037268185212370575,30618_437e855c
9.998120349336892,True,0.037139260046339426,0.10350954175874587,0.3455900568893879,0.3443473515274959,0.3569190056879437,0.03601013654312555,0.02861258234927418,0.03543145752778531,0.035700900822689154,0.5234696455508207,0.28447696953141444,0.40265093065268626,30618_437e855c
9.9856188428917,True,0.044270504921933525,0.12343479004117286,0.06298400149467054,0.057351235482779844,0.055556531566928545,0.03698366631820393,0.02762510007286819,0.03070728465417851,0.04821565078361679,0.10381668892900282,0.12332146232718497,0.17327949364796186,30618_437e855c
9.715598024980183,True,0.05744863167526576,0.16462200781193395,0.306744197642969,0.3039444206042012,0.3204368373410301,0.03347849377319061,0.0524836938824077,0.0421580021528679,0.06559294237185119,0.017190555824786367,0.07877094226199179,0.02299094685529175,30618_437e855c
9.809739697355408,True,0.04996316957758839,0.1418464121326202,0.05061472290318953,0.03785726968117122,0.04851003194184468,0.043733025284608366,0.034687992717697555,0.03242555922867688,0.05782801901963816,-0.0685958928428895,-0.295528067308471,0.013300102183368944,30618_437e855c
9.814655373809302,True,0.043635156145975885,0.12385532261449617,0.3227791502300842,0.3281231913071186,0.32758969750939104,0.037889034583596416,0.027324276083143084,0.02507293268379222,0.04415674433497108,0.07112108020605745,0.38790225514336696,0.32192960346509353,30618_437e855c
9.751595985672141,True,0.04151189247171475,0.11865452047282093,0.31287413746630555,0.31687904675928213,0.31010820220293434,0.038364759554740044,0.034336332733303006,0.043399916162232856,0.038388082990605824,0.5132534689955502,0.04245933599743909,-0.06615444745047253,30618_437e855c
9.901978277238747,True,0.05128693403457281,0.14417432524345708,0.3253620278570154,0.31817153371953066,0.3188039775294633,0.04219155357075475,0.031270297522822094,0.04372612813684214,0.053016497188372015,-0.037997731074272935,-0.011928532703239899,-0.02266415908212253,30618_437e855c
9.635821636227478,True,0.057650209457205365,0.16646695254019486,0.04386086533081778,0.04450988120858766,0.04065272042393111,0.036403291590454294,0.03731540574644676,0.027959481540294612,0.05385811570257757,-0.2190342676535327,0.24779601105512314,-0.4867456154037549,30618_437e855c
6.992465942454646,False,0.08899391461378996,0.3537117784601433,0.15732010441068867,0.1612194932774993,0.13841541847854913,0.03587796416655371,0.05489886529304523,0.028466665924781014,0.06940409683476255,-0.1325348739610573,-0.16713589708166018,0.269191219942542,30618_437e855c
14.188717922295256,False,0.1011273177509948,0.1981371625619981,0.17293838651251567,0.16843012142775346,0.16912164092809814,0.08159902697671602,0.06184564244551311,0.03413579090246242,0.12256905742756356,-0.13554618817915937,-0.31822295489182045,-0.24493464240595125,30618_437e855c
14.51022621493705,False,0.08301869196781524,0.15899548125850047,0.06643095342861689,0.08033101513237402,0.06724323000253978,0.05078406735793496,0.06882384159311483,0.0371512921622175,0.10308683958427428,-0.16331475097097162,-0.39344198794073976,-0.21024022159625552,30618_437e855c
10.832282160746566,False,0.04996102366139743,0.12814778514429648,0.3010780201407202,0.3092670013692987,0.3273256661331523,0.043165055364293464,0.045223682854420154,0.0313381752671452,0.05432025926853392,0.44156784746243133,0.46021575626490463,0.047427681899721956,30618_437e855c
8.280561771345221,False,0.07635509887184869,0.25720967120903576,0.34190274930375036,0.3742988080313948,0.3410231941367618,0.028517715494360062,0.043405438378588165,0.03360726636253033,0.041165174390425045,0.7076056789894826,0.2120163677681429,0.09167832927962503,30618_437e855c
8.558543835535705,False,0.06817611213923187,0.221756196919926,0.06176592190853282,0.07838371879300103,0.06005627165174361,0.04241493136443491,0.04224870728596332,0.029905916229544124,0.054396817544105,0.3074202200571573,-0.16431088382386397,-0.5495355283136681,30618_437e855c
12.291905132064171,False,0.09754509268955416,0.22078815338724184,0.33268186530331967,0.36554700509979904,0.35325977079327164,0.04121401670284273,0.051822873998152254,0.026159373350765493,0.06127335753625441,0.08957357043630065,0.18581734598568447,-0.056314307276386866,30618_437e855c
13.865016227224768,False,0.10811901148174598,0.2166963228816823,0.2720226307592237,0.28851278506176337,0.2542142691365744,0.06582750816998045,0.09714706374000025,0.048762563053043134,0.12327310114134753,-0.0653300522078914,0.1125164637283612,-0.3729567339747067,30618_437e855c
8.56483688952181,False,0.06761323060746414,0.21996801764270163,0.3218559940886421,0.3516349461452437,0.3554154326419751,0.03986204181532302,0.04780681616760139,0.04316841670241379,0.041692397788598796,0.3791509051669398,0.24196923860272043,0.13005540043207964,30618_437e855c
8.182465194385488,False,0.09288502462750071,0.31669976449041765,0.34282164246348085,0.34695037660560746,0.3424918632849597,0.03329046010541287,0.04978977153506116,0.04905692663337437,0.0433015017093039,0.3568212125083103,0.03670206130969721,-0.09793046166197428,30639_584b6e32
9.811984571058211,True,0.05603152219782191,0.15947647674641507,0.3463407764865109,0.3460957632749929,0.3562451045429535,0.03207522514349871,0.03587674159626012,0.051637622555381894,0.04982702558993006,0.2398287099871248,0.05732652384903493,-0.13158515952130126,30639_584b6e32
9.678904230490561,True,0.05002476773316194,0.14424571836955183,0.3007867275195789,0.30217848982068174,0.33779586606402984,0.04161649795758286,0.03476550886377378,0.05784014785120228,0.044517713914020256,0.2968333643343858,0.1129190667533782,-0.05672343187919475,30639_584b6e32
9.748278306082565,True,0.04294181068241253,0.12291970316827622,0.2620993431437432,0.27361187013245697,0.25831863778235126,0.034632309220349704,0.028257380924118898,0.05767525852517837,0.0432244197225144,0.19304152816995648,-0.019992212711581532,-0.1515840536907957,30639_584b6e32
9.698452075035204,True,0.04179443426120782,0.12033442066607955,0.32242793811716725,0.3272739063729713,0.3437787732506591,0.03397974404670163,0.03870992364213582,0.04244260232926528,0.045705829129168506,0.27377362835726643,0.2876478610155901,0.19489966080923218,30639_584b6e32
9.731005096559844,True,0.043204186846931156,0.12386754547019242,0.3079196018016377,0.3230433787730218,0.33865826179886643,0.029193983989451614,0.02779131212116984,0.05727668702592547,0.03859030274835393,0.05018526572101152,-0.3099723208006683,-0.26123946193245423,30639_584b6e32
9.732885584360348,True,0.05673736677121802,0.16257056217408586,0.31912350884545376,0.32232705936999206,0.3256562749946837,0.032995264616102034,0.04134967719018991,0.04744368728305245,0.049975575159274796,0.24825723631201743,-0.3161363379569553,-0.20607071808607938,30639_584b6e32
6.776422564256984,False,0.05980820895690739,0.245933293234624,0.17866369645552668,0.18049033584598634,0.18798403728080781,0.0497653444030056,0.06949798749426954,0.03501160834904644,0.06730239030465839,0.4290388654417111,0.18921163168051153,-0.04555584623795053,30639_584b6e32
14.245660410213084,False,0.09252620839529617,0.1809609477989774,0.19829290359438428,0.20487791852208115,0.19342468798721493,0.0590210747824285,0.06745538521239583,0.040810696643866023,0.09643219993376907,-0.015261212843085313,-0.3564314550556011,-0.32473146842592854,30639_584b6e32
14.577800499555575,False,0.0731247368189057,0.13980876411370785,0.35427154504583097,0.3442441185625131,0.3426485769122254,0.05639243554506709,0.05839942934482719,0.057698657479315706,0.06704267705967384,0.03398206270219664,0.047468079135623543,-0.15168838535898782,30639_584b6e32
10.732536827316208,True,0.05864883560513182,0.15211042520717832,0.35586162451076986,0.3580449787503046,0.34962488838559797,0.04276575545526886,0.05310426359177291,0.049831512765751665,0.06375857039847661,0.3825140198908727,0.11862562604274562,0.0066589053775117256,30639_584b6e32
10.960217058289802,False,0.05818097318422274,0.14781923481804254,0.20187067124630617,0.2111313144846674,0.19923768590121632,0.028960617394527988,0.03331571010534945,0.05306666176888597,0.04341648161686608,0.21104953685398095,-0.12381178487527704,0.15689620307700294,30639_584b6e32
8.124338225918892,False,0.07192087798991152,0.2475629725740183,0.3690604318424904,0.4094801025038076,0.34105552676822076,0.03647627085412583,0.03959241652378801,0.05052176412574243,0.04318602524474087,0.45969916575257,-0.15551836537087277,-0.2450095499195911,30639_584b6e32
9.058962184484047,False,0.055686646491635045,0.17165011050960066,0.3304597543946804,0.3336658955356304,0.35646611706030795,0.028203672421592305,0.024371644040842556,0.04037261983815283,0.037987233414211306,0.27920692241145484,-0.006179287300239357,0.12226513580257505,30639_584b6e32
8.557686574335909,False,0.06808751476567627,0.22208350142600305,0.3107142195936723,0.34652376061876544,0.30992014614059743,0.042168308341804246,0.04588337018820773,0.029269215669253393,0.04870193031572804,0.3481190019161566,-0.1063644337281734,-0.07605088922236988,30639_584b6e32
10.81458147699824,True,0.03957344392511728,0.10162038229288933,0.32938718402877537,0.3295489418522877,0.342279936813702,0.035461149803221986,0.03542727550684789,0.027485539288670417,0.03364689797674399,0.47926708250244027,0.43107627667641657,0.22999147663762226,30618_d4ba7005
8.549339563800329,False,0.06639850642775479,0.21626245080486142,0.3275448584493742,0.3132156512891084,0.31671127076396655,0.05299805559674704,0.050581443006288376,0.03168412618788893,0.08210704106880055,-0.010458567926095948,0.21544130664645056,0.021631046319935184,30618_d4ba7005
10.902220467841946,False,0.08072745551778723,0.20619695111681188,0.22126591151448413,0.23653187428566938,0.28843822507035116,0.05874482446636288,0.059017398218410365,0.05226322770296971,0.08144020549804235,0.28976906551228476,-0.09293995948769664,-0.06176096288218542,30618_d4ba7005
8.518076086446447,True,0.044238377609741655,0.14423716298820563,0.3420669594394964,0.3429656226790715,0.3259906806534442,0.05686692461043769,0.046277244493382164,0.045520598097751906,0.03068536833113029,0.6495195435599181,0.3343860584166014,0.49029646292867174,30618_d4ba7005
7.063073183140719,False,0.06391156774723777,0.25113614766133796,0.18640283844988942,0.19588564276559653,0.19002311442713676,0.03606242687076064,0.03792309751020955,0.04638369302233163,0.042108885201955173,0.1524283163812996,0.06779260493831679,-0.08354629996395622,30618_d4ba7005
6.8691888912543115,False,0.062427671568452726,0.2525045415341312,0.047568670864398095,0.054873622321056796,0.049650805613014784,0.025879400465809825,0.03966666576616488,0.05005303475236242,0.037681827462477724,0.42657350494845064,0.008644679785835658,0.2533140031069325,30618_d4ba7005
6.827598680601545,True,0.07662648948900795,0.3116937338718765,0.05139085611892918,0.05491764136414275,0.07253535462079642,0.03252389108293337,0.046504695359593146,0.053405030631724984,0.061614760831583223,-0.17117361929675576,-0.030091741240502345,-0.3092954234369068,30618_d4ba7005
6.739471883524891,True,0.07447540177312258,0.3067915441858318,0.04842204231285739,0.07458166112251977,0.04959875208910664,0.03199813333781457,0.058946235749927904,0.037877132920204726,0.0687930440131923,-0.08644182568781189,0.026314106404545068,-0.16791766935535937,30618_d4ba7005
7.000621351173932,True,0.048775766133976176,0.19366507429551985,0.2989688408169827,0.30692662794349307,0.31522644938687105,0.034979326393928915,0.03879946932807697,0.04875511939934248,0.03701124405702834,0.2969002962485026,0.20924596132333562,0.15984862897769572,30618_d4ba7005
14.238995750277565,False,0.11402305016780301,0.22256082003000507,0.32641501434662773,0.33483542297436725,0.34805669168213327,0.09462125015026857,0.09212817618655002,0.06097401280707654,0.134117690744959,-0.0199871054241827,0.11803356620210662,-0.25380607450554865,30618_d4ba7005
8.202029836549718,False,0.08579889070742729,0.2907657598220866,0.3408922953049211,0.3237522260184858,0.35409042621398573,0.041323878335122674,0.047099710891732434,0.04515770403036036,0.057355975041795654,0.13386203695092264,0.0053061280120464535,-0.09737380263575685,30618_d4ba7005
12.60530796726088,True,0.07419154724473888,0.1634910377572393,0.36606033772001506,0.35970651474252935,0.35483260525152543,0.06527717096330236,0.054970415843366593,0.05082783561065678,0.08710357102004548,0.14812867111776948,-0.10578406769737349,-0.018133915703497205,30618_d4ba7005
13.757198095496442,False,0.08497366823452338,0.17162423191129747,0.30131443158162224,0.3039951167100358,0.33527004750553085,0.05893122355180955,0.05712936833533179,0.036069478610977354,0.08969452880892478,0.029571499500788717,0.13473290443392488,-0.10275590784830363,30618_d4ba7005
13.842361688728372,False,0.08179398235249004,0.1641979557757465,0.28313215635213407,0.27333797075571137,0.31317722647010704,0.05536633896315449,0.06693306394187355,0.047377182901808014,0.08700565582213386,-0.1062777364205307,-0.32812309038783377,-0.0015119041992431009,30618_d4ba7005
13.608503743307129,False,0.08666558809916347,0.17703299325114635,0.3590755460124206,0.36727187676901196,0.35827114435381274,0.06546570565130522,0.040811239692512866,0.03962226437128068,0.08905057678071254,-0.04052060967407237,0.31781447024100146,-0.04459430420863083,30618_d4ba7005
13.328975352615913,False,0.08481716766134216,0.17664028219767017,0.1555942649191806,0.15668742678089362,0.17157121630031155,0.07112301532905092,0.061116434025181854,0.03128695353529308,0.08124980816770772,0.24983574992299148,-0.018248136712945534,-0.28178560592365204,30618_d4ba7005
13.168072709155274,True,0.06104477954888549,0.1286002845947141,0.056076751284860914,0.06827173311394431,0.07356718978213607,0.03674586717320078,0.042560433022537654,0.04292452791204908,0.05745771100216084,0.15977075220295814,-0.22198285412872368,-0.07953943588705499,30618_d4ba7005
13.048599297899903,False,0.07727914184351417,0.16440476766112194,0.04817752470863233,0.06420291706605745,0.062033622189419095,0.048749280390503344,0.047612843341560504,0.033746934498211555,0.0777092157097589,-0.07220254713338885,-0.048224434147624194,-0.031693696189770276,30618_d4ba7005
9.779128451858202,True,0.06222115717741606,0.17679919826009646,0.3170824779487071,0.3143890847299961,0.33956718274964687,0.02800986462330962,0.032313652978183255,0.041640552011244655,0.039011815683577505,0.3363463555402534,0.00819585739919787,-0.02281699155938095,30618_d4ba7005
9.756230017133284,True,0.028322073203573023,0.08073648310921441,0.027077013785331373,0.02630207655383715,0.04300701743216754,0.019056719825067122,0.017983552953045656,0.04862315551839993,0.028929141714498022,-0.036523944397924495,-0.19555421023742475,-0.2351138442555453,30618_d4ba7005
9.835419712676616,True,0.03033223057765906,0.08577267204066989,0.043727117229982196,0.046647220165287086,0.056524944877546786,0.02059407339880443,0.024075626908417077,0.047513566610697035,0.028580080175523496,0.17909959620954854,0.34201698021840726,0.07635800318182126,30618_d4ba7005
10.063521652800983,True,0.03405694227276413,0.09416353170965927,0.11061586061811259,0.11076502860270522,0.1343841662380066,0.021568668564772277,0.02672035135682005,0.03869254141509045,0.03589704927217233,0.04910685935574951,-0.007502654909614299,-0.06980096800847907,30618_d4ba7005
10.130430257748309,True,0.04264409260055918,0.11716742950927514,0.05213124981067804,0.05596190824514323,0.06038990086651595,0.033364157166825656,0.03504383055122973,0.039967304855283596,0.037354452176414574,0.12849466665444628,-0.011818026472720294,0.007109163222253104,30618_d4ba7005
10.102452626324045,True,0.04956316975643539,0.13652564222354213,0.08271372799266599,0.09580437371179787,0.10160747422671955,0.0290588876280954,0.031889479402384034,0.05073772572328483,0.0468701040854739,-0.028394132645214773,-0.0018808201126078927,-0.04432373626725387,30618_d4ba7005
9.873927599246748,True,0.04225095645548515,0.11913520970359681,0.30009937067952114,0.31130520958245506,0.27925839760147125,0.034380542725421494,0.022065422668526534,0.03784208987622724,0.04342355497288008,-0.0740639838743031,0.06668518311881849,-0.0780870193428113,30618_d4ba7005
9.963054557447471,True,0.04560627270465739,0.12735950574493193,0.286071360919853,0.2973045071500362,0.30025368314080586,0.036934906861515585,0.033272508894229974,0.039918995875979475,0.043932328939311094,0.2556344075262397,-0.11918460379208463,0.23886724195825598,30618_d4ba7005
9.8781002988911,True,0.05134701338641632,0.14460149242012132,0.3505603460787155,0.35088561743990443,0.3584736708648323,0.039205216279361355,0.042325282456025105,0.05977060549219614,0.06563930062729753,0.16499936176348926,0.04381199301517748,0.27195517319215845,30618_d4ba7005
9.863178360093935,True,0.05566443438071123,0.15698649411887533,0.2037946256985764,0.20720888161777437,0.21799999963625266,0.025479520280554384,0.03511072580012738,0.04804626291738095,0.05021578923135201,-0.45996313711365966,-0.21692512912259643,-0.009510503403257453,30618_d4ba7005
9.804548001592314,True,0.03263232944684462,0.09259792412374951,0.20813647297682594,0.21335109362709814,0.21750840561265397,0.02145148996870411,0.025552253559298674,0.0425841515804488,0.035682749703874445,0.06269024538691502,0.007172867702220376,-0.3742633248425662,30618_d4ba7005
9.886376646797094,False,0.05795025830112681,0.16321093954466043,0.1579830938680118,0.14648440267538235,0.21074995388454815,0.039111548705263406,0.02959508312044621,0.047791285681998585,0.057755333705939514,-0.2763144812524339,0.1631880428564293,-0.10794817034286446,30618_d4ba7005
8.292651844932521,False,0.05059308483015957,0.16957219524602565,0.17431031574735495,0.18962910156143647,0.19546657937253,0.027371911872912835,0.03075261351660996,0.031469287055476726,0.0477843279676085,-0.21195328338762875,0.004742351584298731,-0.12174555257785494,30618_d4ba7005
8.60693939771123,False,0.05674457371432955,0.18336114114142704,0.3286814468086205,0.31877449050834283,0.2990330321372016,0.04325168679150628,0.029787837734247667,0.03298677816055036,0.050122661428265554,0.21278999935486845,0.06489605599544584,0.09147436554143087,30618_d4ba7005
11.688812955692763,False,0.05132433743506332,0.12205778025881896,0.3219874956245334,0.3180638573588745,0.34389225599345763,0.04114883061461347,0.03443906429639142,0.04258553126497842,0.04521845585372078,0.17140138546139602,0.31897834761323957,-0.28089548166354233,30618_d4ba7005
8.311889255285319,False,0.09340675712326366,0.31290197055077773,0.26871862042965466,0.27978462671697835,0.33837490613350696,0.02815480722991792,0.03193087971610723,0.02341862102607304,0.03715844176331047,0.28566668235596243,-0.040966143274782554,0.009671931239393031,30618_dd8e6395
8.33785728947031,False,0.06925868804182882,0.2312430624188457,0.09851706594055597,0.10427488274349035,0.09165805048997848,0.026216399050994637,0.02668478564585705,0.022976746362005557,0.04403679180280515,-0.2560404826101917,0.14655584107667827,-0.33459607137595326,30618_dd8e6395
9.83372223353918,True,0.047276528044314904,0.13392717803800752,0.2952963077937003,0.29101107034228973,0.3058709301709296,0.026434130629445836,0.027383844015374685,0.040019603461700186,0.03931344748084768,0.19139470639849834,0.2624574190847407,0.22519111670183978,30618_dd8e6395
10.010462606986412,True,0.0367804536010344,0.10225888888406204,0.31166343382463474,0.3072643692572784,0.3260887063243395,0.034946182820438404,0.02854132167554547,0.03125269653632291,0.040305624978525925,0.3422979343593363,0.13636902832272163,-0.12643863220156942,30618_dd8e6395
10.006604395633206,True,0.045603585416620164,0.1268191985407934,0.16836896634090623,0.1625550399151277,0.17120799784998036,0.037056085703506755,0.026299659945621636,0.03608357026993906,0.050868335800965475,-0.08324473061245193,0.04121541820813002,0.1948043036406416,30618_dd8e6395
9.79302272456178,True,0.05397228174907167,0.15334849050850896,0.12012398229224013,0.11137760659458461,0.13298690038817357,0.030770089284138775,0.04184876608557837,0.038751265954758654,0.05207213829678512,-0.1572841179767235,-0.014913274165382654,-0.2642618504150868,30618_dd8e6395
9.959445398491416,True,0.05170513191774549,0.14449205658710262,0.049095632893705186,0.040184530477188646,0.03523359362940991,0.04063960309074671,0.030775765884889485,0.02220118232943461,0.052746395193639946,-0.18081136659392286,-0.4529095307641483,0.2898033508464774,30618_dd8e6395
9.784732651270959,True,0.03915725220410148,0.11139318318994978,0.3771662774108403,0.374691905772538,0.3473011450771362,0.03537501066417115,0.03174222248282164,0.02421238483513251,0.04407619138942609,0.48260362421961356,0.17496780447952037,0.20802714596368263,30618_dd8e6395
9.837450480662659,True,0.04263489764474589,0.12074636505160694,0.3388515505224982,0.34024012232481954,0.33870485338568856,0.04034820408418271,0.03268792909490769,0.02993836465484386,0.039292360163606224,0.13059469581812916,0.1386950555186999,-0.0068143732730517196,30618_dd8e6395
9.89834772179991,True,0.0630261364889909,0.17718909932107524,0.34666006718945214,0.3474519713541393,0.33884297951171927,0.049622916373593916,0.04079580530249583,0.025650565202036728,0.07319660089638734,-0.232805121095469,-0.1940574991120314,0.052931150133899416,30618_dd8e6395
9.687498486079548,True,0.05338778670963507,0.15330740504751986,0.04423829875767515,0.038630152630412556,0.043588288340603736,0.034865266636406336,0.03303692090364,0.02037893750143762,0.04568683362384415,0.13603244648288168,0.17086118460664457,-0.23408826489712767,30618_dd8e6395
7.110271471882045,False,0.06255805523382482,0.2444860261221733,0.2229059429700702,0.24947213343170777,0.21974068485532655,0.023376460225540692,0.04205556744329423,0.02602706246504571,0.04320754473387396,0.09485615711726537,0.5725026971477053,-0.04903443320041521,30618_dd8e6395
14.208949248766013,False,0.10321759775688695,0.20200400574558824,0.1846436609633427,0.16822439814758186,0.17752026342881358,0.07620112213316149,0.06661152040250452,0.03135447111840476,0.11812384388183798,-0.08869359801327577,-0.35524903811327385,-0.11660948552557394,30618_dd8e6395
14.501990255744987,False,0.08300912385878446,0.1590667689244056,0.17695214893533734,0.1898412147470453,0.1923705772799855,0.06288774368646881,0.07458395343525308,0.027689459683445973,0.1043172277798519,0.12528158168332731,-0.16009838489235695,-0.17755868113259193,30618_dd8e6395
9.706355597042307,True,0.054662518068059884,0.1566048638794345,0.3246808405608164,0.3421208530662618,0.34126693138779424,0.03815438279339895,0.02985515816061902,0.02316286810732304,0.03556475580770499,0.43687418453411514,0.08918842824773533,-0.03886911706193407,30618_dd8e6395
9.670920343735098,True,0.05605995529557203,0.1611600302860743,0.055125135047123804,0.04956724126393815,0.0440926642612834,0.04142805638992874,0.04022928439094164,0.022546450106022072,0.06398177834804558,0.28000087970484083,-0.5376923150326273,-0.574569021106818,30618_dd8e6395
9.751456249376856,True,0.05598039542784567,0.1595000384065074,0.14309330212671187,0.13906312112881083,0.14990974895796252,0.03556971935219866,0.03561785040894647,0.01649342885638946,0.04877775658951309,0.2150569445618297,-0.18882996685106873,-0.09799064559552868,30618_dd8e6395
11.059618191119032,False,0.04541420446052318,0.1140735889066984,0.3295908825600361,0.34201606392769107,0.34886768124617024,0.02778985581124839,0.028743391221848904,0.02549837980622293,0.03136476749938499,0.4424890631260083,-0.08876242354262341,-0.40287930321804044,30618_dd8e6395
8.134914139977568,False,0.07899773261017831,0.2709699284373349,0.2552928152216061,0.2865808881412459,0.22667862749500706,0.03644591495041923,0.044879606169870176,0.024167868517025844,0.055492259788065046,0.32306028592121727,0.13827594965267878,0.070066486360388,30618_dd8e6395
12.219426465927542,False,0.1080342688246371,0.24595400835457504,0.2993346431975033,0.324466617708078,0.336247738794353,0.044665457749635415,0.042391924255421695,0.02290549368843869,0.06086504042310054,-0.013531065006487503,-0.2289114718603664,-0.23094607994302863,30618_dd8e6395
8.59261576234055,False,0.06400904369717075,0.20754019498690077,0.34166507497978493,0.36041904330989605,0.3510356441404254,0.039810927251447824,0.038843227390215916,0.03906841084661723,0.037946149294629035,0.5937633729525886,-0.24545851600627114,0.16428594309046496,30618_dd8e6395
8.501834511558663,False,0.04379631245527063,0.14348784378199583,0.36652367830351873,0.3621279750692391,0.3540223011608495,0.04122143242735548,0.05008605465432349,0.03968219045511617,0.04246574363248234,0.7187710547252509,0.11261941594737798,-0.012126202144634215,30618_dd8e6395
8.372100527081594,False,0.07751233745843462,0.25853621913247155,0.25717743785072306,0.22638871575325994,0.2635128658433032,0.030140116637898867,0.044399988454541135,0.026909765139090578,0.04819276939570714,0.2701365810706606,0.5270853644222715,0.10857424926735791,30639_4285f2bc
9.751262986571014,True,0.04741544860152581,0.13577131407144322,0.3309869356108774,0.3386964402973358,0.3407722270068384,0.03138155187001974,0.03451125878888952,0.030100969258347675,0.038949187841239886,0.4119692801383018,-0.2124516358979492,0.08171070012872256,30639_4285f2bc
9.815009707452852,True,0.05446067703557856,0.15468547842875321,0.3491816622110618,0.3471147452487135,0.3577558060251162,0.03402942399821612,0.04611487421532638,0.04058713399113434,0.05567432543169131,0.0676115468469578,-0.10772155929836429,0.18241346453604418,30639_4285f2bc
9.802160510245503,True,0.05545542421440239,0.15774615106843862,0.23367716923055468,0.2170240255921678,0.24945805145727606,0.03573807225093446,0.03760067215444052,0.033035374837598844,0.05721647470573633,-0.14649331650885064,-0.12438107568216077,0.02986760105036572,30639_4285f2bc
9.846450466466218,True,0.04890205606212471,0.13857110279230023,0.04271363604410124,0.035156672652888445,0.04498403665784992,0.03853980023775916,0.031865670626805405,0.027139525703502376,0.04832631772737859,0.11700662155767529,-0.12958440413385258,-0.26947680582984596,30639_4285f2bc
9.740168869449153,True,0.03611644545046683,0.103478136281092,0.2999588045671269,0.29710136499897216,0.30673514528501766,0.030774095074873,0.030053624964296602,0.02152220759780991,0.03141877274230544,0.5084257522572667,0.09818521153267692,0.22541376779114514,30639_4285f2bc
9.74213363651604,True,0.04547594852571921,0.13032629189821066,0.32845050495210776,0.32321961049702647,0.32403844630941847,0.03444537896887946,0.029043729140796063,0.042616895181618555,0.04253345227186287,0.10057885119839882,0.1882773230104532,0.04926474214669371,30639_4285f2bc
9.840921503560827,True,0.04766630096414574,0.13509737493746515,0.36436893089841565,0.3597953061541412,0.3560412145110998,0.03624264768821691,0.04027278088082586,0.027765976026555058,0.04922962254890109,0.30819639437030044,0.06044390078824577,-0.2995319169024723,30639_4285f2bc
9.544978847363392,True,0.0559011352594161,0.16325462216544823,0.16158473850050717,0.17489123474687035,0.16524848913798235,0.0401844881051453,0.0315436289701662,0.03612202804700844,0.04743769556092038,0.28298028923694923,0.19025356255374723,0.2243906127545165,30639_4285f2bc
6.981858130172455,False,0.06079738624219276,0.24257037484381727,0.12801802700009088,0.11760908319424469,0.102025264418696,0.02947712395860325,0.05055232643410328,0.02523733390908402,0.05668081813900063,0.14513689217700476,-0.19672286573606282,0.02993081942047731,30639_4285f2bc
14.25726265573227,False,0.0930308198599614,0.1817509633712734,0.16810367271922372,0.17997451357343305,0.16606553396462437,0.05113655415609148,0.07022692704041185,0.03424264852296066,0.09481703575603433,-0.059107828497275784,-0.18341570276238273,-0.1863883597686296,30639_4285f2bc
11.11663082643254,True,0.053614595268993245,0.13425615783530445,0.3008524409163962,0.29420958516456747,0.32829584710995763,0.036749639317098404,0.04502565866480524,0.029810490590827275,0.04881021911611871,0.46813103575966947,-0.12188033792857352,-0.27163166506967934,30639_4285f2bc
11.104245570423991,False,0.06544609799291115,0.1640832293254389,0.04507293625529258,0.04845343749189206,0.06527142628323633,0.035922285876386954,0.036483568652469524,0.03450509060050616,0.059378631738824926,-0.23710128982618142,-0.042083609235523844,-0.306495422206442,30639_4285f2bc
8.146088360624917,False,0.07876672891958039,0.2703577459719722,0.36538824047146273,0.4042917254837068,0.3544963923861093,0.027291449454428282,0.04118265318120221,0.03135041913746572,0.04062024580336922,0.46970131461653664,-0.14716690965244117,-0.15353121353031277,30639_4285f2bc
8.504439766535555,False,0.06248519860545046,0.20531930393574263,0.1098786282914304,0.10804042434263517,0.11783064506901499,0.02297448066175315,0.0373021202448867,0.032833831259258955,0.03956113713172099,0.14639473880180684,0.37517416519102953,0.09826582545816002,30639_4285f2bc
10.764355629701543,True,0.035683542105743773,0.09202878661385169,0.33370563616985394,0.33828966350191103,0.3459137880752033,0.028057571473039274,0.02573057170282936,0.025529257705051243,0.034142284888743435,0.3081651088809972,0.11508345103727304,-0.07534321719681418,30618_e9a34502
8.629146623012868,False,0.04950153457962662,0.15971655950374933,0.3581455662412119,0.3444555775248875,0.3476878621903679,0.04085945281795058,0.03512378005621512,0.026732483623367165,0.04213772495665063,0.4168432787394093,0.3353640564420719,0.16061008301742227,30618_e9a34502
8.47461067630287,False,0.07203331928646205,0.23667481863482198,0.2926843836833115,0.2976847219027291,0.29776710979073373,0.04410515407146413,0.04197166148254659,0.01948769585876437,0.06096091671403006,0.10804023626135531,0.3349918486113692,0.40714086890459333,30618_e9a34502
11.076091463871128,False,0.10134764809594297,0.2545167047050512,0.18493477776126155,0.1759674435583046,0.17728622565582663,0.07766303792909734,0.07214729811596304,0.021701280715285105,0.11548741298507985,-0.210851221971518,-0.06086645869070047,-0.23361970347444422,30618_e9a34502
8.313717837114618,False,0.05111124270708232,0.17127379153940778,0.31773017672951115,0.3226816931393728,0.31922750871057903,0.04347500119851731,0.04669147980939564,0.030837657953469245,0.04692513897024076,0.30136468957300255,0.21532381901103603,0.2375424117328556,30618_e9a34502
8.07919412653572,False,0.050396843827330416,0.17352171347119388,0.1637669013737665,0.16309976707931984,0.15949320187975266,0.02382372408057214,0.025656073580987725,0.020305916763667286,0.03657365790381267,-0.1330457224459466,0.024998881387398673,0.06634586986660711,30618_e9a34502
7.032244187087676,True,0.07146156932582594,0.2825036200250568,0.04235385321932157,0.04802679421945362,0.04004936592076354,0.03371411257901316,0.04573241281050771,0.027853360376621148,0.06258166755738642,-0.04898512603121547,0.08409042411035286,0.14456649782145772,30618_e9a34502
6.7457894797408695,False,0.06572178164635475,0.2705335018509078,0.2785291042274011,0.28160855408390817,0.28020242310967547,0.038349642550315755,0.043985080475490046,0.024328309950496434,0.04594096694773453,0.410598324944715,0.21985397380714583,0.3062578734002722,30618_e9a34502
6.783464200231611,True,0.07564044978872135,0.3096610204437355,0.06402308937192328,0.07692985783840398,0.06208227616360629,0.03750521650208469,0.05480307611352186,0.02788016828180215,0.0655341258433611,0.10345450436216362,-0.047258167031815373,-0.18619822119543344,30618_e9a34502
6.710135025722245,True,0.06657123477444779,0.2754351841435704,0.04191191346729769,0.05934129537208205,0.05500473394180183,0.02058640431826356,0.041781737384554776,0.023305230628494697,0.04920930289024141,-0.11943949785736054,-0.019380195797752214,0.0003388141004377427,30618_e9a34502
8.218394855332475,False,0.078658761715327,0.26625985277419567,0.29371464037736356,0.2712572185870236,0.2622039839126721,0.03594455806944453,0.04328707219556773,0.03415878722636801,0.046310116695019575,0.15006915617209002,0.43023314372556737,0.013120774523065338,30618_e9a34502
13.346608758079329,True,0.08393103450849004,0.17458796252366104,0.32623388940697345,0.3245338618593517,0.3445841493776245,0.0580874288988483,0.07407583776069004,0.03606028871894012,0.10792114857751832,0.04727938778967385,-0.04396246894635953,-0.28507827888793885,30618_e9a34502
13.808033394451249,False,0.08343535471761301,0.16791761246701842,0.14051939295920776,0.1376020280401551,0.150153332209289,0.06230576628446688,0.05864604089679739,0.029966108297706233,0.09370797494891436,0.015216092873948539,-0.36112005174277273,-0.47032499073286493,30618_e9a34502
13.800262780572726,False,0.07747546718411574,0.1559463627637406,0.19682656404075793,0.18151570230980152,0.23011640226056868,0.045547709692000796,0.054804120270904394,0.04344149140587949,0.07305578315340266,0.1717665600809983,0.09421910951310299,-0.1281089980487581,30618_e9a34502
13.624509418948335,False,0.09629783243226199,0.19649836050554137,0.22777697120209997,0.23639735003155649,0.2243773869514764,0.07518369576431616,0.06571371363153662,0.032773074386971794,0.10534972070006726,0.24124426800006302,0.27181387226625764,-0.03163285058517087,30618_e9a34502
13.355116158369857,False,0.08320134429693242,0.17295006715387332,0.14508506090251452,0.1420675368501978,0.15237143670407371,0.05470594787560885,0.05152925498946695,0.024451989081948754,0.07682655025825788,-0.008352631496456273,-0.1367564781692593,-0.2468065927962849,30618_e9a34502
13.224519887374118,True,0.0621112961600268,0.13028913209922355,0.04902819296640721,0.06064309471465987,0.06521794681664123,0.0448556535366701,0.033167902834818415,0.029465467664914986,0.05767222048345275,0.1428463799131259,0.00868297475522656,-0.13229010817582063,30618_e9a34502
12.977254465039568,False,0.07326378590487949,0.1567278466366519,0.047390426319479664,0.06027049350215791,0.06770749315453119,0.04844658749755136,0.04116437994839644,0.033800265688222746,0.07086276551773865,-0.06837420525175278,0.08283105791610458,-0.41458880985789365,30618_e9a34502
9.76988677664503,True,0.06383682642518668,0.18156837087541505,0.3005456925184005,0.3147815459464539,0.3244651907167539,0.04108459718801465,0.04751855293553775,0.0260286716875949,0.033357899188981716,0.7112711341034836,0.31319438052213766,0.34130915104048126,30618_e9a34502
9.674447857263576,True,0.04239625441118142,0.12183222456585818,0.0408485352489917,0.047278429947071376,0.04067381414208283,0.02214676168650135,0.024569369113720534,0.035813001615496366,0.03912118624329084,-0.2194484872958216,0.04829468553025119,0.01819088487520179,30618_e9a34502
9.6923363578345,True,0.03063523046942057,0.08790381896152809,0.039214500917140405,0.046996066377336866,0.04503794987884666,0.022963924092722743,0.025424109482615743,0.02819753292028159,0.02913737056176668,0.31226378110366343,-0.17898444741476024,0.11264367100599351,30618_e9a34502
9.926758094048576,True,0.03317832455588418,0.09296786776218037,0.03664818445752347,0.03604217635826423,0.04288229353425728,0.019132474105349805,0.025445081692099563,0.03142010462187712,0.03749569568327139,-0.1051365619886766,-0.2777508276084898,0.09394001107695886,30618_e9a34502
10.130921507317778,True,0.04343742693484068,0.11935678365769062,0.03464312285226206,0.03547521944083723,0.035488286980945215,0.03114418010020902,0.03716900228197742,0.02290543015727147,0.0513777674100025,-0.11477319984049138,0.34464602110099307,-0.005861164559512017,30618_e9a34502
10.151390570454726,True,0.04846085392833099,0.1328254984634543,0.12684254453419608,0.1263446316696075,0.15112591712870227,0.0289281338907718,0.025578215523751016,0.03496848866825312,0.04326112091020949,-0.28953915348201226,0.03765487380989385,-0.08590254057812556,30618_e9a34502
9.944342521758706,False,0.039665893960398414,0.11102439547354548,0.286138524388632,0.2864211096709945,0.2504130942467397,0.02710415214964293,0.0230748398261316,0.025452421392173068,0.03977321958757856,-0.027129694693911775,0.11227861181696838,0.37423507388466,30618_e9a34502
9.88356365705659,False,0.047197150736629875,0.1327820433380248,0.3605246181746508,0.3547443954696776,0.35080510933298653,0.03868604009080419,0.03112720490285514,0.04505935354898024,0.04281084209969056,0.3921004053750852,0.3187131378880389,0.1822520660868412,30618_e9a34502
9.933790212065322,True,0.028323492049471585,0.07926306656677709,0.19301277661405855,0.19351930124193478,0.191931044352546,0.02133913151030016,0.025272017490624202,0.04080621351086431,0.02655423425818709,0.30743136113047903,0.28405027007673456,-0.07536091708483665,30618_e9a34502
9.85339118617752,True,0.03242871891456395,0.09152532277488053,0.13705949334287212,0.13916679691939943,0.165495247268547,0.026121872092202278,0.021562151093835233,0.04739203009525585,0.03345129861641534,0.257093969761837,-0.019002495575788488,0.10037245879863274,30618_e9a34502
8.48893546418645,False,0.0583643606016978,0.19101756705314904,0.3310654828563913,0.3229777989755952,0.3322263071254417,0.031941320829237695,0.04601448949426408,0.04753417099915009,0.05267995753019364,0.3255471200434308,0.14729837195957618,0.012440470972034458,30618_e9a34502
8.639704079344678,False,0.057345358115161484,0.1845223621921159,0.20952319748835138,0.21321496812839208,0.22395275202158257,0.03480175368699602,0.031326787818173954,0.03416059320158263,0.04775102380047675,-0.1001006036576008,-0.14629442957781771,0.22932951817255334,30618_e9a34502
8.394888976530424,False,0.04428398436842861,0.14716890271784525,0.3219135265282944,0.3268668343017082,0.31609463894773804,0.029648913900710935,0.03162275847743531,0.024360392567831676,0.04362815458335866,-0.01154435172803838,0.09265928455670679,0.12499589900444633,30639_9f0b519f
8.449990019402193,False,0.05874396120576852,0.19400228832723287,0.1538974303016879,0.16355608969431204,0.1583271221354682,0.03210852127017081,0.032866744585098674,0.032524762542608505,0.04292966907113211,0.2976059715943421,0.11058918832268984,0.05344453275855348,30639_9f0b519f
12.476655159068585,False,0.056034701402174265,0.12501563915079825,0.2947705606961352,0.2940549275577553,0.31248203070303726,0.04126651569443818,0.03850109299572093,0.02446823522067115,0.051374718567152665,0.20369820364313707,0.1865986516810229,-0.16892304595441948,30639_9f0b519f
6.7953431428165905,False,0.05739018886755444,0.23504255607047939,0.19501003469338712,0.19391175544927686,0.20129252813136125,0.02583180024633106,0.03790567337109314,0.02701653076424213,0.04747453924719407,0.15567740570252542,0.15717908527375787,0.3104513466465769,30639_9f0b519f
6.983011902901476,True,0.0517851238970191,0.20652384531075932,0.3293660338598162,0.323732304615944,0.33514683256933253,0.023061289542700054,0.04477031314328268,0.024874664278349074,0.052426535297210385,0.07789469469567803,-0.07033173694548281,0.20385968085881315,30639_9f0b519f
11.625942771852092,False,0.06865277182820234,0.16436943706726884,0.31807597656694164,0.332077555378634,0.3380439272019465,0.03720998931081509,0.04642911199768522,0.026698359442065868,0.051682384518037715,0.22695071708380823,-0.12668861508000512,-0.466624442498689,30639_9f0b519f
8.149528847434016,False,0.07591897478788535,0.2596998816610562,0.4153056789632064,0.3955521762182247,0.3544187587514478,0.03161120692657161,0.03337824963609917,0.029258672099818334,0.038655192297097636,0.1964511626578031,-0.009658010567822518,0.18361446631627343,30639_9f0b519f
13.306611058889876,False,0.06316837055429561,0.1321134080148054,0.34440320556199333,0.3290722024791276,0.3444666986232493,0.043328603858153396,0.04909365928125459,0.03599426493145724,0.06630738887292104,0.22453212966819588,0.48264609740079056,0.12539920464876347,30639_9f0b519f
9.919713090255806,True,0.04727042935303355,0.13267042645617477,0.3278795951766997,0.3359501520608848,0.3439007344618684,0.036342139030549406,0.046216234543456094,0.032714032743202184,0.054097491169081614,0.5282827428620605,0.05869628757682258,-0.030514453730565626,30639_9f0b519f
10.068368286491237,False,0.06447887387355603,0.17838419316493115,0.30611018754433816,0.28400203845180805,0.3315683708573015,0.02952996428003358,0.03220886650803042,0.03283349772194013,0.03864452681455094,0.3761253654136827,0.16483982821951296,0.3885667637887022,30639_9f0b519f
10.064773970668348,True,0.04707866318864102,0.13038058996002053,0.09422624823640136,0.09137130811071022,0.11034342927087865,0.03053812846009768,0.031209411463245337,0.02999184012433804,0.048001608820714116,-0.032224004563889325,-0.19975972467583922,-0.21666648319129428,30639_9f0b519f
10.045354904432894,True,0.036258763327902545,0.10064170403955609,0.06680199256341038,0.06830309097491387,0.059665080960451,0.0270526432863522,0.03139091257862748,0.0262267384976437,0.03809010039047959,0.1706217247001472,-0.07275418581256611,0.1973988473788244,30639_9f0b519f
9.96463114320536,True,0.04190669400148888,0.11730339703896267,0.3168561389073563,0.31316948791205473,0.33218535159952534,0.03464929806124432,0.03614472357058637,0.035466811670931735,0.033082777317549994,0.41058465038117054,0.3022918764282129,0.15374081214108493,30639_9f0b519f
10.052355206439197,True,0.04295568453616223,0.1192801082246042,0.2194576150479244,0.2159948684086036,0.2215592986919966,0.03348733786971075,0.027952422211970463,0.03393236758317358,0.03729277000881502,0.3145254757829506,-0.12572849761077207,-0.05009390178999405,30639_9f0b519f
10.020747989044487,True,0.04684097226139966,0.13026851654844293,0.3200585029715652,0.33774401909249463,0.31209647731743956,0.042882692567962975,0.036859849423579304,0.03664616313032978,0.04096566783089104,0.5328245683182948,0.7404884901369395,0.40868050351967,30639_9f0b519f
9.906969146281043,True,0.05536382525228051,0.1558717626799045,0.32829954299109454,0.33406452297294575,0.33550605307707465,0.03839825876653315,0.04057339832797209,0.036979552947187765,0.06266395795244822,0.09757049310141352,0.3508476697569304,0.46363096548492694,30639_9f0b519f
9.90695569035883,True,0.05065115090070326,0.14250870807528834,0.17628452193818464,0.17604132226730357,0.19777345367787486,0.030640628513919153,0.03612773953775833,0.03402574948848105,0.04690961959150912,-0.093196962962513,-0.2649293965418522,0.02402743232619171,30639_9f0b519f
9.887962912830144,True,0.03590582011495591,0.10118507969721259,0.2141040752046992,0.20851854714607423,0.21861299464187378,0.02493213012276348,0.020681053327808775,0.04232200928434616,0.036295805432402926,0.16716600269755633,0.1710555828330417,0.042060983225967484,30639_9f0b519f
9.824701122775965,True,0.03772313230738012,0.10701838382565063,0.14061603548898083,0.14788789049860268,0.15867490899526557,0.0235392371496752,0.03354461922460117,0.04560014418479232,0.038398391119962426,0.13528972823780996,0.05842944017945163,-0.07701816294479698,30639_9f0b519f
9.845423358044862,True,0.06652178399274335,0.1883321443981896,0.22135612071931732,0.21652147903873237,0.23732580418135762,0.04013860666771844,0.04042389499316254,0.0454607507100859,0.049906819252868835,0.05359593673177761,0.18064251045742868,-0.07656252660094416,30639_9f0b519f
8.330299527159,False,0.05538976862742598,0.18531166967891388,0.31540878173885667,0.3244806172335773,0.3224018643982161,0.03206316659049279,0.045403424786853136,0.040492019200476764,0.052634889118264236,0.3610086145761592,0.46890065974039463,0.2121573444870483,30639_9f0b519f
8.582004133564055,False,0.05524362419800454,0.17945845603305463,0.21625506392994873,0.22036707096857036,0.20518757690206924,0.030982844793462794,0.05271806009310932,0.04686185436668308,0.04348540905355364,0.45443581833908364,0.38387413714394125,0.2352943220710187,30639_9f0b519f
10.740335366450472,True,0.0434149808854103,0.11222119323389876,0.3248140115456124,0.32662510915541915,0.34060569047108896,0.021758934927472204,0.029413961774875843,0.054105285624479624,0.03909360676388398,0.16905045434127694,0.251003385638276,-0.053684565984716805,30618_33bec73f
8.620617616969207,False,0.042316250986589525,0.13663327641324677,0.32777282604574226,0.31940556434397566,0.3267412982423603,0.03982785235954715,0.03359431963233239,0.045835704091875734,0.04677683892332896,0.4489500835780666,-0.24264729685699768,-0.0715246308265143,30618_33bec73f
11.211284036723164,False,0.09401921920319149,0.23322132907189935,0.2095939823799498,0.191762771124719,0.17021299190570577,0.06038591184931232,0.08217100317734158,0.039714412626973096,0.09837963713897338,-0.08102570354489004,-0.035725930384030005,-0.2701790693354175,30618_33bec73f
7.00858493021285,True,0.06739128688436821,0.26697115171560726,0.03833639352023744,0.06094239130460742,0.0567148985243865,0.031749587548813754,0.05093522000941034,0.048492352409163324,0.06668647524321715,-0.23858263975116636,0.013852545357726773,-0.228827900431293,30618_33bec73f
6.684674436741485,False,0.06713146654473266,0.2790057581893194,0.11068730497634566,0.1285976752960416,0.12065024043871382,0.03210345588472425,0.05443046419938769,0.036626472467059364,0.05718452078294731,0.24445548644442155,0.07704808685338581,0.04009929915690944,30618_33bec73f
6.73781817332459,True,0.0714812207495984,0.2947903158601153,0.03474682062963789,0.0641236631380025,0.053348381503113156,0.029614402831270065,0.04988837094045061,0.056950323504662226,0.05394436508119671,0.06024161671132564,-0.24855547126476635,0.06060539212039451,30618_33bec73f
6.733788762463168,True,0.08121014513514205,0.3349709974059431,0.05318735105561891,0.06286223341027741,0.04801425662818007,0.03071938308433,0.04725510767499975,0.03191432533637096,0.055526203488864403,0.005064051258225475,-0.07445713316540825,-0.45146882486949724,30618_33bec73f
8.18896100548961,False,0.07424481541816082,0.25202708267693047,0.3129968045685342,0.28601522930014545,0.275510531159422,0.032449826274204986,0.03000481578303756,0.02861368502671661,0.04487622802446715,-0.10409870281292335,0.01760082100426164,0.06875155806263844,30618_33bec73f
13.290325876111238,True,0.07283171469527616,0.15217537936558134,0.3270152532384018,0.32443012351234246,0.33546304539435545,0.06412887019164291,0.04384206701584598,0.026192435037244416,0.08132444920418222,0.10792754529613817,0.16864834701929773,-0.008752906993327956,30618_33bec73f
13.82122497499172,False,0.0812519578340754,0.16340086969735218,0.12816708961376042,0.13479949096575697,0.14033658338127564,0.059841440054974646,0.06729163316876281,0.030748187581982788,0.08664432905108883,0.08591860312230788,0.025618711169754782,0.04942441679940092,30618_33bec73f
13.821081307917018,False,0.07999269485776053,0.16084780097276702,0.29040933560695115,0.28894116194747227,0.32602758552176403,0.06020574809085872,0.05613526262712048,0.029149531317030013,0.08929274509873443,0.022926109381217065,0.05604134592318495,0.03243195031599496,30618_33bec73f
13.639320901246101,False,0.08456605449606955,0.1723310412227592,0.27417517582336065,0.28552670198438274,0.26588994944377187,0.04884798784435754,0.04838671908449456,0.02934191035324051,0.07943844578217521,0.002355452779676134,0.08846951912541276,-0.2886024443128807,30618_33bec73f
13.364243540943153,False,0.08751376534957371,0.18178219225191483,0.13495963101432817,0.13619065810644343,0.1306229074117134,0.06439683587304915,0.045175360531413765,0.023411548977253126,0.08245477537257023,-0.041223195388967286,-0.04568757289912419,-0.40571354304357415,30618_33bec73f
12.60377875740772,False,0.061074310775667606,0.1344514336195825,0.3396328169321016,0.33940861637135056,0.3147947023013697,0.0328143234193223,0.040323975088551275,0.029093067527291856,0.05667056405907841,-0.06815310955819678,0.1744141681026587,0.07303618802625485,30618_33bec73f
12.794364550345053,False,0.07767023927074289,0.16856248064810725,0.20118177145640523,0.21855732508316741,0.18565780754531225,0.05036075393746485,0.05891805461692832,0.026643160576427467,0.08424848780005458,0.08801888446981143,-0.1824159126947743,-0.05399679147831437,30618_33bec73f
9.921316807598878,False,0.0654097728627705,0.1831686051085619,0.29874024870008486,0.30879684989879963,0.3190454421227789,0.028202147967913975,0.025601515569466896,0.02986939650790556,0.039944329288739595,0.15058354753932549,0.03076635557178506,0.11233018991947702,30618_33bec73f
9.868399419424705,True,0.03786664218437203,0.1067127225921643,0.04271142246667984,0.047437869100701816,0.05062704408037538,0.02612702222031522,0.0262198239165407,0.031708229660295455,0.04459960922982935,-0.21535069692281456,-0.1065598086569051,0.13232191056956885,30618_33bec73f
9.889190989258685,True,0.03485972403878551,0.09798133355890219,0.04948948774202809,0.05316252605053848,0.056452310416236814,0.022093909866717717,0.03111287995287195,0.030605053968470488,0.032366476217480934,0.24040853073066057,0.31295468828906836,-0.07328161567780392,30618_33bec73f
10.049497045370678,True,0.04040276512310782,0.11181432866068966,0.10788036614745146,0.10361504487189367,0.09981597400651945,0.02746011504982495,0.03152301612013156,0.02373904366828991,0.045100778471058194,0.004487118009657009,-0.07461949460712367,0.07740278693386445,30618_33bec73f
10.147901207896501,True,0.05458082920712468,0.14974694074762854,0.05721508647719669,0.07302610899716325,0.07276909782944294,0.0353439691925744,0.04603641132112056,0.03165610333141174,0.06332436271089892,0.029419177684897588,0.053752747139838235,-0.15985294710430892,30618_33bec73f
10.125092893557444,True,0.043284643118285615,0.11893313221421224,0.08826147633907086,0.085209711019361,0.11111353259887868,0.021941159500849274,0.029097608193618504,0.029872716053358964,0.035011653695116274,0.004164110158343915,0.12101935330230325,-0.3025333032899732,30618_33bec73f
9.922350438763289,True,0.030577789965454495,0.08578200458238835,0.3416748544572427,0.34623988745623524,0.3094625172713736,0.02928963127763848,0.021486773645409636,0.02791356484365621,0.03407080089238912,0.3323329331154532,-0.09239196769276933,0.1299151107850006,30618_33bec73f
9.964201139587741,True,0.05190376869617275,0.14492913530390014,0.18196458893162262,0.18278557150271524,0.2009540889077255,0.035309958150889685,0.03414356179279636,0.02317906854273187,0.052035729542659614,-0.018450703902999188,0.17180620470334232,-0.1910308564060114,30618_33bec73f
9.938191572487478,True,0.0452473653880324,0.12663787926860115,0.2529314962714386,0.2511520329117622,0.2530111005135071,0.03089442978450601,0.04226254954915168,0.03367480935266013,0.050329634707664314,0.05490933017373358,0.2818847027786715,0.19479000174552524,30618_33bec73f
9.944497515486695,True,0.03620446269840838,0.10123335530114731,0.16919903678848816,0.16681717642192115,0.1802003465735313,0.029776987000246776,0.02335080639402431,0.033987039367949216,0.029938483797462258,0.4563159391653275,-0.005715007202328282,0.0379942833150099,30618_33bec73f
9.801593614830232,True,0.03986538642462574,0.11305350344773914,0.1848404626468097,0.18799431431673022,0.19059623507672924,0.027403195832965865,0.02905991322203754,0.03211794147101994,0.04368635138935159,0.07716837884453281,-0.04454562810381825,0.09458937321482704,30618_33bec73f
9.899871022606506,True,0.05858598188345842,0.16464201570478562,0.18267924572920874,0.19250440515752684,0.17520500089890423,0.03539234581424829,0.042250692406002696,0.02920632923120184,0.05408721635353195,0.03846343945760259,-0.14207089098060083,-0.0050459200122460425,30618_33bec73f
8.546630856846468,False,0.060318052603934184,0.19611838362009285,0.30006609822280766,0.31714756333700833,0.30721684533018384,0.03382034234569657,0.04485816691750499,0.022202044016161188,0.04769816517047332,0.26226056087236865,0.3946583681730538,0.0596646409259739,30618_33bec73f
8.6747750877674,False,0.055489398948723956,0.17781143058057652,0.13372193190704665,0.13247975503934828,0.10856947585210312,0.04646230540900176,0.03324338313620122,0.023068030370933985,0.05169860420716455,-0.001317176466563424,-0.026007496532001715,-0.11742857248732175,30618_33bec73f
5.704291698126387,False,0.039402412784671964,0.1919711376101692,0.36900172673903286,0.3564007811905153,0.3484390759197344,0.03966999800101348,0.03703458983695634,0.02688963131254179,0.040616051061105676,0.4070702459670867,0.06269259816274529,0.21435632037219157,30618_33bec73f
8.374224405278907,False,0.07168265324176995,0.2385294400611724,0.32076985034919187,0.3192821790276073,0.33770122254842033,0.03095733965284939,0.04128503172194028,0.03730083786391281,0.049392131830996076,0.2647665128081655,-0.31935660001320465,-0.2493416427185944,30639_50956d6e
8.480811885826622,False,0.08113748688930993,0.2670079229751664,0.05668370120004314,0.053193434094837795,0.040974112341763305,0.022919700598619783,0.02647346144580541,0.04134198280231782,0.03725457282819477,-0.1648397997489424,-0.017033545011166544,-0.19248700199032048,30639_50956d6e
8.617129384856382,False,0.05854562128493055,0.18960902766976104,0.10230185724715034,0.1134522800846767,0.07593088891616745,0.02928762655836048,0.030163276470276303,0.026455595226040147,0.04914395872227148,-0.09396130324989514,-0.17535081250331228,0.057280316875109455,30639_50956d6e
9.819857158173935,True,0.058466224156702815,0.16639698632434463,0.34072877039120175,0.34660745153806116,0.3411777447437709,0.029018923924364566,0.041423347741669725,0.041590531693520776,0.0401811167447117,0.27073035695336034,-0.24865300176556132,-0.022204152468377515,30639_50956d6e
10.017260054709931,True,0.040229300216896115,0.11208400469489642,0.3464223660503858,0.33768217514450527,0.346572021405833,0.0240993439985879,0.027790986997978925,0.037771973024629014,0.03495722671315405,0.37384333446045026,0.2618237297056258,0.09147956387651543,30639_50956d6e
9.985392677532577,True,0.04207135734118093,0.11758411003897942,0.03370094716184447,0.04066501118457497,0.04423573055542662,0.030413888427440836,0.037327260309935203,0.03497144297552242,0.051539088063614284,0.04855469422689638,0.04375055280192923,0.05353843722676621,30639_50956d6e
9.766653738806582,False,0.039552620181627744,0.11303443894668713,0.024171758090900882,0.03430904912226998,0.05333515647725854,0.024496577753318885,0.031711509833922485,0.05901463540998874,0.03696996443693089,0.21247256864918246,-0.22015531090646862,-0.19701557260893066,30639_50956d6e
9.76362580235979,True,0.04797280781712808,0.13729578354572844,0.3361957222519903,0.3439109186499542,0.35021754140408845,0.031626932556943294,0.03317136024587619,0.043277057056951826,0.04455954103491263,0.04273366617698412,0.09556370412653939,-0.06131249791349381,30639_50956d6e
9.875611064909926,True,0.05239463959907393,0.14805766550895638,0.33829006766709346,0.3272204297748464,0.3352895661029832,0.02847861042440788,0.045426527590402804,0.039592739194844476,0.05789838298389744,0.07442638345166185,0.04454907765286065,-0.07353681421092786,30639_50956d6e
9.809416133779944,True,0.05889127004651452,0.16745229105460838,0.31807904810040316,0.33394500713681885,0.3583956640483607,0.02877100163568342,0.038753193329124136,0.03770690282682443,0.05064158836602112,-0.002108494638154049,0.29615166443727287,-0.16246976996311616,30639_50956d6e
9.636514249580163,True,0.051893037593815375,0.14995530278841393,0.09426928307818487,0.10321187035464802,0.10292037862123049,0.023222968291954242,0.035954665753164784,0.03267966215678922,0.040996519274207735,0.19200670624242583,-0.11989098671579275,0.024372980096759336,30639_50956d6e
6.948046559343128,False,0.06514405301411566,0.26133993838678815,0.0670022666803386,0.07628099792109246,0.055463751119026704,0.038038360680822655,0.051928970692720476,0.030448127048297406,0.07170450072284654,-0.24116586351025152,0.007847062813915721,0.24240802225498706,30639_50956d6e
14.337096888548759,False,0.08475586295556806,0.16476590137549313,0.17074931173350633,0.17041371408562286,0.1687948104116129,0.060402614357059785,0.05564155068927075,0.03651430404664139,0.09446394394783607,-0.07572495987704907,-0.21687749437730156,-0.2638448505466603,30639_50956d6e
11.041570686160078,True,0.056373349647535265,0.14223700050398283,0.32251621995668395,0.3140170395207717,0.34517429278112927,0.04685945579393987,0.043231317034027134,0.03231942026260324,0.05709456960745122,0.43646943305262015,0.23343418266090116,-0.2350282484144428,30639_50956d6e
11.12251230336915,False,0.0555438228752975,0.139160020705053,0.04513334298460454,0.06855756290956096,0.0635363841762858,0.02761604501158235,0.03190968859319633,0.041121779874584895,0.04737776169478009,0.13441711616871926,-0.24087455002321792,-0.1901183913358084,30639_50956d6e
8.190145667730807,False,0.07699374928107325,0.26294396568868134,0.32446305085688115,0.36262259853216233,0.31318186778403595,0.03485231753485892,0.03804170676146726,0.029769138334465366,0.04621556137734553,0.31168988082921445,0.02460469256273393,-0.14362714781627603,30639_50956d6e
13.934808797643507,False,0.08909484139626489,0.17812074708074652,0.2872087370758128,0.2809678771722039,0.23619274742874463,0.05008871527052951,0.06069648247633846,0.032311424317839336,0.08972364772673386,-0.04278027422940824,-0.14619316690525094,-0.34545477146947684,30639_50956d6e
8.640518929887719,False,0.06790158079158604,0.21965935454163832,0.10110335891870134,0.08292388265973727,0.1459968924687984,0.0298470273494182,0.03238798865770453,0.031894382833122285,0.03725347204804466,0.1902381415303319,0.25347400043055085,-0.10979976170864401,30639_50956d6e
6.795517548233625,False,0.051888924634287244,0.21275134660898062,0.038303384170090646,0.042891703824343416,0.07393059020902165,0.03316299405814418,0.04682949725294204,0.06305661719366953,0.061435307241092765,0.24052271982400475,0.13788854155598992,0.12712126501484558,30639_927002c2
11.833823706901239,False,0.05338006643782205,0.12570983084907972,0.34714279349034494,0.35597565254257885,0.35679783037714574,0.028734015939066215,0.033501484601511713,0.024909036976193472,0.041610428953935144,0.12526597616172375,0.1799562357495083,-0.3273314200220641,30639_927002c2
8.375006508848339,False,0.06822307649105715,0.22709998272575768,0.2746478341857443,0.2807238371680739,0.33268901444345644,0.033079409738022605,0.03948808255898511,0.02495947957900125,0.04752236373141909,0.10056297833493932,0.27792662903145926,0.12293585531495992,30639_927002c2
13.572516304300978,True,0.06752933575014662,0.13862966492979648,0.33028077007614304,0.3338483452066982,0.3376829028392209,0.04508282325122209,0.04884209184024871,0.02752823552861879,0.07074704983445029,0.07448734176958975,0.32671912326555486,-0.04218609134311787,30639_927002c2
9.973228892567919,True,0.04259565267022455,0.11902736462995607,0.3058875170012182,0.3089975983674809,0.33783535136764375,0.024709339069947905,0.030147102708211762,0.021117297163528875,0.03824930276559144,0.23995227606574346,0.13184287862544775,-0.14224936798388485,30639_927002c2
10.119543069522583,True,0.062463623527845916,0.17196676868300592,0.33526161553520306,0.305281363735242,0.32680059161535707,0.030910855919587955,0.03756291668642378,0.02409119637776181,0.041682526484280245,0.42922312915677563,0.19034875154723996,0.12603759594551528,30639_927002c2
10.07005073843904,True,0.04787923615102281,0.1326482173340833,0.04076820799602439,0.03887230952964552,0.05056017127341243,0.03427229038731659,0.03479582668569007,0.027613702608928647,0.04989602359687628,0.13487502239142904,0.24739455288068873,-0.17903055645573882,30639_927002c2
10.092869849969784,True,0.045249818359017466,0.12509524094906962,0.07928610239783629,0.08525982253169849,0.08811590580495633,0.026610564631072725,0.039227384574560806,0.024341178076247114,0.04927476880946669,-0.03432026368845699,0.05180906985099673,-0.036158841655354775,30639_927002c2
10.056097730296486,True,0.03286786607975231,0.09124734342851121,0.18981828686050609,0.18868937391850904,0.17865559062458528,0.020803490719845413,0.02755396231852151,0.01776569438674785,0.0355615512949551,0.12485995460050683,0.19425801429439285,-0.03933206081951514,30639_927002c2
9.939945675276839,True,0.0464915913972588,0.13048918741321194,0.3384548742991127,0.3161110879269411,0.3459805643659805,0.03462218955022536,0.04393577076249974,0.024532666785510852,0.03533382995869358,0.5059094416903612,0.09409745487255168,-0.245406498571535,30639_927002c2
9.910313254365928,True,0.04913562030588295,0.1383632673504949,0.35621888110893146,0.35266965135536343,0.3550747546674254,0.04354938043442228,0.03775036140517351,0.021888208942642817,0.054135549580246876,0.28934847781227757,0.3459000867319909,-0.16129500722687756,30639_927002c2
9.905724022646787,True,0.05378344467842021,0.15153607089908294,0.1792868578929329,0.18376077974756064,0.19054473601890004,0.04210204549403962,0.03713537893348632,0.025082377880876406,0.06116901505161195,-0.25100635263442483,-0.2197745852358852,-0.1562495732562148,30639_927002c2
9.88976817462136,True,0.04674024405836946,0.13190019498103567,0.20401519408376967,0.20282292859006557,0.2119300762436321,0.024702491912054966,0.033304766774822435,0.024457132000442316,0.03963522560410057,-0.03605191959581072,-0.06763862423381145,0.08422956754263926,30639_927002c2
9.817113778203309,False,0.03678336984372283,0.10454847910983259,0.14814197925516662,0.15725150070186014,0.15872544474956057,0.025850918901578493,0.037041363769786215,0.022952686440326175,0.03698485231332296,0.4671214236485415,0.22288077815983323,0.2325815775178578,30639_927002c2
9.797023628155575,True,0.0585351956956525,0.166752195707448,0.1904742318045852,0.20805425112829565,0.20591009861688114,0.028531020249164547,0.040553973984265586,0.023110564360842144,0.053840534987972685,0.03462025671013605,0.22841385950959417,-0.24564336354107483,30639_927002c2
8.642509346959216,False,0.057143870028889474,0.1843653618081608,0.35256950252066954,0.35375420204228075,0.3538343983959247,0.03564654847366715,0.04205315429353953,0.025429453808754023,0.04898026035166779,0.2799396595223658,0.14668635789342294,0.3334136984018624,30639_927002c2
8.629015014839977,False,0.053278138157331296,0.17219717381688004,0.2084124743187522,0.19324483044333743,0.2012493637017055,0.03265160259262982,0.029178096536147887,0.028986933534004534,0.04606551768292641,-0.06866586718226758,0.3163237748707446,0.16042150890513435,30639_927002c2
8.65854823875912,False,0.060125908691024556,0.19369642810050663,0.33067845822626374,0.3182398941730739,0.34807533306679106,0.04350022932092328,0.03896758404747798,0.0268986111349226,0.051460785087430266,0.04732564804124686,0.13112128977429147,0.17781992281977183,30639_927002c2
10.819277546407607,True,0.04523844399008755,0.11609315637461133,0.29551141340837217,0.3021253401820108,0.3183286337668047,0.026692480751167785,0.0331790118579688,0.03292486562283117,0.03891126186430637,0.324909417657536,0.09398683743988769,-0.08296007671028373,30618_2050d396
8.653320048046572,False,0.04165702625635704,0.13404218478506968,0.3436660494240416,0.33938343330955745,0.33508450131491674,0.04523481953174605,0.04645216196638941,0.035772337706071286,0.037319704003766996,0.7038609032707226,-0.06952406504162471,-0.17818201944275547,30618_2050d396
8.430045683438001,False,0.05365405560213569,0.17724073431185153,0.16847718516644591,0.1705245512984946,0.1762186337984485,0.033459316028057004,0.03587750416607288,0.02884703087586872,0.049675663752500675,0.22369501215920182,-0.19027010000901431,-0.2696787245485406,30618_2050d396
11.066845711326215,False,0.08800174633714396,0.2212055308824013,0.2004400464739629,0.19165625717224072,0.18946706021182566,0.06900215937557613,0.06186279589157675,0.03421398903919386,0.09542976040545192,0.16015036607280733,-0.009574568567995512,-0.41605847228160864,30618_2050d396
7.106392039736138,True,0.07108380160317931,0.2778917074637925,0.07896653699606064,0.07085721084978187,0.11618723352557501,0.031814885679823296,0.04123394380907442,0.11121859868094663,0.04876866975440202,0.14162733762931096,-0.10452213005572349,-0.13868313950457725,30618_2050d396
6.762483820629951,True,0.0774067415266085,0.3178487309197629,0.06345936463989821,0.08132303860737351,0.13297218413163925,0.028593183995418856,0.04638151162611861,0.07210849827807447,0.05636207189102732,-0.15028985578125031,0.1743708906153322,0.01356099053605942,30618_2050d396
6.728787558885919,True,0.06654404169568931,0.27466967940357206,0.06924958305545546,0.08334406785294429,0.10654752869040468,0.02278418027429447,0.03891986966158648,0.07705549452187592,0.049503814392108415,-0.05883866470120281,0.18461380732025234,0.10070025968623779,30618_2050d396
6.688535126628086,True,0.06636644500021097,0.2756129302021991,0.037891925376706465,0.05771009182469612,0.06466800383668639,0.018403845210785297,0.04854493325448966,0.06452716834699589,0.05237461359018406,-0.002108006931485479,-0.031000634569147943,-0.16263648303960207,30618_2050d396
5.190867723750385,False,0.027483135784472028,0.14714942199838582,0.04323902807645844,0.03760457088069886,0.042627551942447,0.022879245178686825,0.01586378584940431,0.03867386800789459,0.025928165027326696,-0.009780685339681723,0.055843861994617605,0.24160403561522836,30618_2050d396
5.653035639627942,False,0.06622801878791101,0.32537925321155126,0.058038047184679246,0.06461154735667188,0.05337312977735175,0.05192317306986785,0.05341370642012239,0.052390925778388865,0.06136221337954503,0.20241871225924576,0.07758324302012648,-0.2543500654512316,30618_2050d396
12.237786915495704,False,0.06765786232129749,0.15362469619478353,0.3827023922969875,0.38191421803077785,0.35509416864234983,0.03868978449391678,0.03936417819261745,0.04026169119536865,0.05730284622194856,-0.09752510446128689,0.10237839706753972,0.07566600645840751,30618_2050d396
8.562919508561619,False,0.06873432934154587,0.22312700742699626,0.2811063366380758,0.2949918617297712,0.333940925877238,0.035475558184612246,0.02728416818200616,0.028965646869341794,0.04447251408326087,-0.11160238463015412,-0.03145394407114309,0.12855385707988734,30618_2050d396
13.25590489725362,True,0.08066058634629426,0.16898482100901818,0.3447010213628692,0.34418372260100166,0.3434007681128262,0.07230495780739585,0.057723167451181834,0.03909577230391227,0.09995837576244589,-0.11633468086949088,0.14476769363527267,-0.10627384746302367,30618_2050d396
13.83526656220275,False,0.07057685236278166,0.1417551073005801,0.13661414025877305,0.14815465072850137,0.14598283590725136,0.04473608592308062,0.056365444396799184,0.02981970749470137,0.059483286967654606,0.26872027062149195,-0.054635825761765754,0.05193076168396947,30618_2050d396
9.879348080580023,True,0.06130892808505118,0.17240136338419132,0.21549987853679556,0.17941118518814164,0.2023934735499708,0.04480375634578246,0.04001038180554571,0.031730131752936354,0.052969602924125204,0.1550026446040707,0.11038910810642982,0.0467937425548396,30618_2050d396
9.61197176264557,True,0.03712188203515401,0.10740055545415429,0.039383733900991376,0.03358271174100358,0.038714241153488614,0.028908436441685108,0.02584407652801279,0.0380959496381097,0.0417475342997964,-0.11013183851376943,-0.14519471164708303,-0.0035058768474707314,30618_2050d396
9.511221555950478,True,0.03842320076781195,0.11237413796701871,0.056854495423492926,0.06209692044180611,0.0606429471269329,0.024994164880646062,0.028354672809642708,0.03690817852810142,0.04214244250543913,-0.15380129179026072,0.0030941201150505126,-0.10448810014976818,30618_2050d396
9.666081432889557,True,0.02537959638743153,0.07306169631211515,0.0326219174263668,0.03704808493180903,0.04654961973997869,0.01541034624995489,0.01759521730172581,0.03715457455113519,0.018401089987393763,0.22103964494410724,-0.10022584248285842,0.03316823214580705,30618_2050d396
9.994256652293739,True,0.043753646975383406,0.12180257983940695,0.3330181578770676,0.32390058424723767,0.3219157725920788,0.02375546970544082,0.029558871387804428,0.042508404857094215,0.0366187338777728,0.15468239138753165,0.05166434020014261,-0.22966445167275795,30618_2050d396
9.970672786330145,True,0.03456342211613602,0.09650489654327692,0.24166233358220496,0.24073788833013646,0.2136525151200954,0.025403811750724054,0.022414563987746806,0.03947383560469955,0.03599685572492161,-0.0006896249145191484,0.24937738171820653,-0.16742167232802121,30618_2050d396
10.016631205585114,True,0.051839938519600844,0.14397607126781484,0.22636244049750057,0.23941194591956882,0.23363950880532233,0.03230576518007876,0.03115172532182871,0.031511706294039814,0.05448077385065601,-0.26503134555168123,0.007210298840113714,-0.03537540251119721,30618_2050d396
9.940060636165814,True,0.04838663662823432,0.13543867894239087,0.28990740898546397,0.2742071383553513,0.28308074736259947,0.04166115401800093,0.02710332417817993,0.04039652981943128,0.04513070049779202,0.23677354335628764,0.057338856266399355,0.11301345540372557,30618_2050d396
9.859826055563373,True,0.05535247569181906,0.15609444124275287,0.3051077189980397,0.30575026775467823,0.3129376246480875,0.03929497369898791,0.03525609702510258,0.04440753912095961,0.06036197173807234,0.06836500833062972,-0.16307143310964137,0.03052014726524769,30618_2050d396
9.351452254388489,True,0.02991082476694439,0.08899605273862125,0.3121477824787287,0.31151832281563974,0.3291782508394862,0.023709515736435743,0.022849562215658543,0.03921738038466596,0.02925369683873137,0.5134043547111722,0.3235200419143083,0.1348282772806063,30618_2050d396
8.705731546179997,False,0.05089283766809457,0.1624672191059694,0.34209040286057474,0.3407131787006415,0.3515751446439612,0.03987607514848989,0.044036344207475674,0.03618760288647099,0.0468754461202427,0.44099227548758585,0.22956317113066918,0.1374152735694741,30618_2050d396
8.646045937846923,False,0.05496736828074121,0.17672796687549158,0.1799805530125743,0.17698621384901023,0.17505883655989463,0.03756950292736989,0.03908470013212769,0.034513204544948044,0.054151015548094504,0.015338992849681415,0.03709081903970138,-0.19141359700166086,30618_2050d396
8.357717072105222,False,0.05723216037264118,0.19114101749479115,0.329711507504435,0.3283103606734753,0.3405097969074491,0.03368202534893908,0.03663316756514788,0.03172525184743642,0.05169145259534313,0.17151744400544358,0.1293373624756017,0.02961106789452104,30639_0be558e2
8.364573663254845,False,0.10229314081090513,0.34112229447943865,0.06865891473477054,0.09253734113223955,0.07596806206007556,0.02261877724776752,0.042635659413795456,0.03200267934391022,0.052562047732982065,-0.17343176111923808,-0.19069110196779734,-0.03284187595883917,30639_0be558e2
9.809994461373279,True,0.05126773776538284,0.14605037189133852,0.3459239764682758,0.34704768475711906,0.34450050533070226,0.027899639498010578,0.039176307732586894,0.02214508816037789,0.051932893353374525,0.07785040512461346,0.12333610604679358,-0.019567984738335518,30639_0be558e2
10.037955986939707,True,0.0423733200287804,0.11778634466950332,0.35223774463508656,0.3480280286194205,0.35095460739446327,0.023255190671599358,0.03528485638481153,0.02741987193069735,0.04338179907491705,0.37295806512246554,0.060931592278487684,-0.04203304699576105,30639_0be558e2
10.02586135303868,True,0.049317888941996284,0.13723107094628262,0.0307124323170123,0.04614993781930935,0.05130878157068527,0.030236291865128665,0.050067962477147065,0.026105726151365652,0.05736547561675308,0.22119517793695087,0.230450268920846,-0.27221923647066354,30639_0be558e2
9.79083240764921,True,0.04585518460437195,0.13060880503466846,0.3618393086191529,0.3614750234787968,0.35678970974722257,0.03814763700692626,0.029262758859104756,0.02202170022088582,0.04033496741111609,0.528376517193364,0.28965738999753127,0.4298102840832105,30639_0be558e2
9.881882123887078,True,0.05616658777908431,0.15871684771016478,0.03461065429714828,0.0512757532850817,0.04484740317457444,0.039624605414344545,0.048216002411631646,0.023454819872684423,0.055164293081250045,0.03912385343286261,0.03970091508937751,-0.13848824625312164,30639_0be558e2
9.792474604498125,True,0.045620204384616427,0.13013599119143704,0.331196533664683,0.33595567515585095,0.3357071857040359,0.024895898341452873,0.039022729060518284,0.01980770947077762,0.048569671810946034,-0.050895071890927554,0.07548335605549608,0.11701947397308697,30639_0be558e2
9.814413727398987,True,0.05347224709326026,0.15199485389218673,0.3475961729467535,0.35074024428808964,0.3530092293583428,0.031099129627348555,0.03832067564604391,0.019672129849608835,0.051898551486772554,-0.06635618031899874,-0.03593031917303877,0.18280930995275627,30639_0be558e2
9.788695985714668,True,0.05010391737870171,0.14288551308712175,0.3270894860185768,0.3319965294285659,0.31272011342827144,0.02988588959826854,0.04204739935027709,0.020718754488934645,0.05583791432713751,0.07712349155907754,0.09817715150705326,-0.09257372065939633,30639_0be558e2
9.707092586393157,True,0.06809715564471559,0.19533827403593215,0.29952142938866133,0.3011293229561003,0.3145492557310919,0.0215876014040648,0.03945009989607483,0.026478713609833664,0.047690073038534404,-0.08337955049247023,0.20134793239037188,0.004360281574399638,30639_0be558e2
7.022212987997047,False,0.06976462469641044,0.2768849062200947,0.09792610228060489,0.11372028050577354,0.08440194021773827,0.03179459409463831,0.06374260628187896,0.015474859118567275,0.0718376571945062,-0.08418044253458976,-0.00473283616037491,0.15347689125446,30639_0be558e2
14.344259936497725,False,0.09224480765749699,0.17922970275608222,0.1798548848789584,0.17179257380457638,0.1649722585321928,0.07304928558918879,0.06454374085271809,0.031049964395946587,0.10966109038079953,0.005541128806272986,-0.06609943406022088,-0.2777906772286505,30639_0be558e2
11.012216600086353,True,0.06607546247468574,0.16715765514184966,0.30632158671382376,0.3134956035014549,0.3350498230049365,0.04094365184680321,0.04919767579336586,0.022689361341270215,0.06078843582437723,0.3561992219180676,-0.1436534869016809,-0.22023265520181515,30639_0be558e2
11.001906222818564,True,0.05658183906907689,0.14328513960732062,0.04425715996616171,0.057826284789967604,0.06120546653003921,0.029940741462891125,0.03610225637837799,0.023195738648440243,0.04569096646847244,0.27666221626640664,-0.2396674983079918,-0.3922192519104094,30639_0be558e2
8.18604548414658,False,0.06362061982945585,0.21738322482098305,0.357908967599268,0.38823072801490066,0.3445517067808089,0.028963304247878664,0.038710051056466695,0.02143719549211579,0.04366343472560416,0.30205101470257995,0.16036429227400975,0.17865388899141477,30639_0be558e2
8.318805418773449,False,0.05837916934259521,0.19580760978027198,0.19032664901842442,0.17402785763675896,0.19774080606942057,0.028959593008540247,0.03245233479334837,0.020056530562138793,0.03781986439662603,0.4558784661730401,0.05240533695660647,-0.010482042250155208,30639_0be558e2
7.35018706987284,False,0.05462059028648954,0.20705023872808812,0.32410345386790884,0.33734325321715486,0.3245070165943711,0.03711489521374599,0.027951752946620244,0.02339578503114344,0.050870072709726905,0.1356403372391221,0.11035447844401516,0.1343593274038115,30639_0be558e2
8.594318054525832,False,0.05348036770309511,0.17391456171279274,0.31717804816151685,0.33570359890691953,0.35420606561583207,0.03404432046443028,0.028605547655151307,0.03526155217636228,0.04111768188363551,0.3136059439417339,0.05124659894833287,0.18785157395760949,30639_0be558e2
7.003611646685145,False,0.0460265936675839,0.18389919792409518,0.36391193286709383,0.36101601845178116,0.3517694849272363,0.026307802133359003,0.03126870639127331,0.07078623705505233,0.0375844764073327,0.13264461440950945,-0.3926487969485569,0.17487349096612548,30639_0be558e2
6.778442448244988,False,0.04552278907787191,0.18811052656222849,0.18800248191929056,0.17318625804579957,0.20425734564494424,0.04464905912729971,0.038798314776919564,0.04820399960993038,0.036702308133527844,0.44872226209724236,-0.07570134583949606,-0.15783025091962063,30639_0be558e2
10.823093191590647,True,0.043072560429391234,0.11050376881004705,0.339282122117471,0.3436605470266044,0.3588356346999797,0.023829519183776605,0.02907236970731493,0.03895017527417931,0.0399997017341198,0.00521698383441274,0.0662594136873975,0.12941216297573432,30618_67b89902
8.62486270725244,False,0.038350842310151165,0.12375186898380007,0.3295624389501575,0.3328264211239609,0.33142156293477154,0.03782465333924225,0.021629964365130268,0.03265603365819532,0.0341402035743202,0.5869350625171512,0.05143547583017564,0.09434062012572235,30618_67b89902
11.047306787148957,False,0.09180602839871671,0.23107824826572876,0.1827370809040763,0.17407063133364778,0.1954807766029022,0.0619943830329259,0.07169372423327969,0.05735376046828249,0.1004222365846543,-0.0780797662807247,0.03388458418422836,-0.38769074368892625,30618_67b89902
8.309762246562947,False,0.048353791131355885,0.16199480753119355,0.3406240716014498,0.3460883680174665,0.35149351514655874,0.04376784090252717,0.042228949210195856,0.031737667900159555,0.05146542143344653,0.17288618775663375,-0.11511256746979248,0.1589645500809149,30618_67b89902
8.128869692427124,False,0.04796567516019359,0.16414328700400943,0.04538109087816536,0.037654634178905536,0.06633110904960873,0.030271474414921843,0.02709301483576772,0.04465241691479708,0.03864424293852041,-0.10308108959007586,-0.2966673771708542,-0.007670468365060119,30618_67b89902
8.052295344238981,False,0.035176347598713624,0.12155665885066795,0.33435900491698456,0.33919175615140235,0.31728376755351095,0.02830456570506543,0.026316576940216534,0.043304000377960936,0.02879499531430844,0.5023552485262656,0.22117601374042195,-0.04530482900065706,30618_67b89902
7.083699796673152,True,0.06257570282630855,0.2454505587002887,0.05274110293123138,0.08070374261222876,0.07736737178797133,0.030888522238300267,0.04439689043878861,0.055398260446955214,0.0431907523383381,0.4127837081014583,-0.024821910998932037,0.029463775154040434,30618_67b89902
6.720533388000815,False,0.05740637286283487,0.23719598170186112,0.2843685862114041,0.29880271348552345,0.3079180733062209,0.03737804388137411,0.04229883346790084,0.07252280060750066,0.03955074935492614,0.4495123985933475,-0.2633885456837609,-0.2331957181402997,30618_67b89902
6.830603402227077,True,0.0688857272204116,0.2801242226564423,0.11620866148372543,0.12351422457606559,0.13473368404453198,0.038214840428367,0.04530115114825955,0.0520295234868869,0.055260683932994104,0.07576316549369852,-0.018732021486652366,-0.13046222891961418,30618_67b89902
6.758553231111137,True,0.06664166653249123,0.27369041315290865,0.05121268591793791,0.0717319510075749,0.06131171362042499,0.02546936100907731,0.04800351233924662,0.051856005784640634,0.04934011420856521,0.17171214003216498,0.0964341872276398,0.06791861503027659,30618_67b89902
6.709031736003797,True,0.05734077933250579,0.2374130432612779,0.2975341333588803,0.314029796972366,0.3089719540922873,0.02515345660027239,0.05421401121422218,0.06153887486884403,0.05923424284326446,0.16788357371680968,0.04483914827672898,-0.0968671095946137,30618_67b89902
9.459942573575137,True,0.057006613831771226,0.16742999935865693,0.348634128073141,0.3373273543115913,0.3562203549727065,0.037076049588682276,0.03678669157950785,0.03412128930244376,0.055236848670304026,0.1455175998107222,0.10390001222225397,-0.08116239932027884,30618_67b89902
14.151054196167916,False,0.09281274749804842,0.18214750571857324,0.31887086366848355,0.31284622017774133,0.34788551565858006,0.05575898600750267,0.07178284348569866,0.0480677284130212,0.10505681094401309,-0.21715943958072817,0.05166448583808133,-0.1449006380504964,30618_67b89902
11.29090605829153,False,0.047025948868099916,0.11571345686048208,0.3236855130370744,0.31891094457014596,0.3464372372507136,0.037215630898164695,0.02501982755138305,0.05519167935519893,0.04396404642777811,0.2825971867646603,0.004505127123938387,-0.012657554516509307,30618_67b89902
8.119312915213287,False,0.06612855658399064,0.22641772046878697,0.3495371392886289,0.3265687680831278,0.3178120941363924,0.04076738375444156,0.03712581101427371,0.05992897453508544,0.05291080182809372,0.03886794880430741,0.2823231890765998,0.028420870207443032,30618_67b89902
13.810521289017714,False,0.08652777186260707,0.17411987443682359,0.08608773685997281,0.07524050945222775,0.09667568057897744,0.07997723930919055,0.07016718217975206,0.04043181495528186,0.10890089089087646,0.01585818462265281,-0.11268935935563107,-0.1791508316568776,30618_67b89902
13.530238496329554,False,0.09044517376358646,0.18574183366236977,0.35228741610823683,0.350584284322819,0.35464566268464454,0.06744137079994279,0.054013326592904226,0.03463677190813624,0.08720340186731304,0.1364093435231367,0.10181043849564202,-0.33518400196741943,30618_67b89902
13.307537019432509,False,0.0834771135117993,0.17403905420179006,0.1051883216395272,0.11113393541498727,0.12704387994558242,0.06649072320978847,0.05363203220196885,0.029838435581257927,0.08927452249154315,-0.05412883042122816,-0.23393826170945006,-0.29794396169265597,30618_67b89902
12.31339057256394,False,0.06590237642752739,0.14850966552333364,0.36170295746813386,0.35439637173668553,0.3597615447301939,0.04261895049050725,0.04412709963672711,0.03950141304285104,0.05708847603446823,0.26357685851437984,-0.05337109904722304,-0.286050087404099,30618_67b89902
9.920571758623504,True,0.06136897531603654,0.17189552133170166,0.31664628490482577,0.3082516427759071,0.34103845655435694,0.02950516804158916,0.029674690826982833,0.03996863057345238,0.04573347994724003,0.31461229602899904,0.0994156282161365,0.07575732286696635,30618_67b89902
9.957425023602976,False,0.036165283477835965,0.10100418511049956,0.02859406339148947,0.03620337911621258,0.04585401485305191,0.018781885640313797,0.02524833825383019,0.03593531548305664,0.03651072512662544,-0.29939736026160624,0.10199120193691995,0.01485569270752714,30618_67b89902
10.006289076366118,False,0.03585639632249187,0.09966392009000404,0.0717813207740205,0.06925871093601339,0.07184148524191415,0.029903419959817382,0.026584912230142276,0.033632433593667056,0.035591641431356846,0.22231804646593983,0.07487331033584974,-0.2920190277682495,30618_67b89902
10.081853574004736,True,0.03222658974734874,0.08896407447240602,0.03519154808746872,0.036190030553577925,0.0604858240821896,0.023207010583961157,0.024391043135979736,0.02917166636251224,0.03816155330800944,0.07251001295735506,0.03815076447525976,0.05322427966912561,30618_67b89902
10.126605662153787,True,0.042113027544104155,0.11575531009380288,0.033795247630312907,0.03162468093559527,0.047165699777158135,0.02762303162970317,0.028104280084985764,0.037727694819272926,0.039389834617520755,0.051797698297291535,-0.09701573353806821,-0.11607232501026521,30618_67b89902
10.108193633497148,True,0.04025746280013988,0.11080257419406299,0.08346978521663334,0.09105476520880128,0.1028190482996538,0.023650319035572246,0.022693860184524628,0.029919870386562866,0.03433923794458273,-0.025599133644767992,-0.058726009713420665,0.23539794787116822,30618_67b89902
9.985639086189297,False,0.04890617805596255,0.13626544127452123,0.27682030428687704,0.28513540966386636,0.2939416717743001,0.042990612480479806,0.03691734268744581,0.03533934463867924,0.05532675007077243,0.07338950786974376,0.06100531846124121,-0.17485677083687862,30618_67b89902
9.894523470176326,True,0.04590264084181009,0.1290424172706862,0.28635045824356464,0.28508580139763334,0.2789322138191166,0.03230033827895962,0.02905870210168255,0.032234906885513503,0.03889118017037276,0.003193243291736519,0.16144017634207167,-0.022495265711378352,30618_67b89902
9.914024166650561,True,0.0332149714332397,0.0932015910537557,0.15804643405472993,0.15090346924376932,0.1699473414018986,0.03111002441159648,0.0244726853265471,0.04044492226343231,0.029483904972091184,0.3269257497662439,0.11498811231370466,-0.25889509416042655,30618_67b89902
9.80506431489799,True,0.038810433877043325,0.11013924675681229,0.15916042962256696,0.1540269734379622,0.17474390611244925,0.03969713160824729,0.022918809566655412,0.0364308629274149,0.04629717117058263,0.15889576413209172,-0.23847101982559218,-0.2415691682229098,30618_67b89902
9.831719710645402,True,0.06647857490360089,0.188043238744896,0.22941164671177686,0.23182673806001905,0.23225805912538944,0.04353701751319073,0.03324813559165145,0.031999457565858126,0.05510749677352513,0.038770121305443855,0.1055227120530188,-0.14763107370163742,30618_67b89902
8.762970465349678,False,0.05602514609317743,0.17759845361643925,0.2957065344920313,0.29974885064217377,0.3267515699947247,0.05045234317699749,0.04793599869665243,0.025191204319114036,0.046597766905541065,0.5614458463846652,-0.04314746452474425,-0.08338039215875037,30618_67b89902
8.636676779895925,False,0.042678761799292274,0.13734902666738646,0.12550850339730685,0.1263478097530677,0.12009389774160402,0.030871677234600364,0.02926299406054302,0.024305246493410426,0.032067423532824886,0.35980123572902867,-0.13968217034944444,-0.12708692148154802,30618_67b89902
8.614448501124334,False,0.04197218228370107,0.1354574754049849,0.20749071976502217,0.19541429796234214,0.21356480819486554,0.03741504356862694,0.028161338930515797,0.02785169644809882,0.038186160160880125,0.3605242547113561,0.10408570162930063,0.011755755425599491,30618_67b89902
8.5456128361296,False,0.06826981509681677,0.2220022578526425,0.23167952651775026,0.22946280987465428,0.2223236467098236,0.03166594831458467,0.03990665777638722,0.028541815325168217,0.059614445971592656,-0.35201760953355393,0.11209709479232542,-0.09076402315228749,30618_67b89902
8.572203134151644,False,0.0845713022747186,0.27440237899319403,0.29033716472668797,0.303399368165052,0.3264391213579962,0.058133159238548865,0.04085835624674821,0.032258924201310935,0.06701270140441228,0.19037483162068877,0.10009324854006998,0.2399025456556924,30618_67b89902
12.004980546034162,False,0.04525406026038905,0.10475698899361212,0.3499966503235329,0.34673094880584276,0.3337709424141581,0.03321044878993867,0.032122372524682544,0.029949741176295203,0.04515386045992292,0.13565152399520217,0.006316730179871621,0.24247445723885053,30618_67b89902
8.332657267234282,False,0.08228050969584039,0.27448481986945755,0.07490872599746902,0.09458324896343785,0.07512253495579174,0.04107689434443607,0.04142305511455767,0.024624750925867685,0.054164441530287454,0.13154741642713016,-0.04846364486819886,-0.3558999152442325,30618_3e9f4952
8.261490586370845,False,0.05987184495248915,0.20170064903869794,0.09214481510376538,0.10484324333928459,0.0854380427371013,0.022327028669977617,0.01615460549309335,0.020512044180682372,0.027844640916857576,-0.060244760152078226,-0.16879124522205882,0.0673953136516635,30618_3e9f4952
8.598693990352759,False,0.06303951823108299,0.20426288725639627,0.10844479249458941,0.10450541831460604,0.09984692070205545,0.03055282774471234,0.03220098080436062,0.019564556931548623,0.05245572297760486,-0.1688257127887366,0.25004546282583134,-0.031475055890675646,30618_3e9f4952
9.851709727204307,True,0.04947058282344151,0.1397398415048992,0.22105604076474702,0.19681420612861136,0.20739224922383354,0.02353747323986884,0.019515602333156266,0.03936160653924122,0.03242339921365392,0.08427828081526194,0.27076713081616804,0.13003433756701138,30618_3e9f4952
10.000818748918173,True,0.03498468543568805,0.09731177908819107,0.2566646543174991,0.26329405556946134,0.26522739686075336,0.024241676489717454,0.022852047882883614,0.03717046017468781,0.03157380040914292,0.5297894664834918,0.26107308364668896,0.21095675390540464,30618_3e9f4952
9.990774180121813,False,0.05102531089634803,0.14217181376132657,0.20037675304548153,0.20024232108920498,0.19737593404555698,0.04539742849922998,0.028264834522336947,0.02772479964118601,0.06430371119753495,-0.19613542762639388,-0.08211294175241535,0.1212312373585447,30618_3e9f4952
9.772947965343702,True,0.04241562683296367,0.12075099175652565,0.25781924513538573,0.24895864392377604,0.25855876089591273,0.03221209737832781,0.033612792009545776,0.03229425691244476,0.03982341196724793,0.15912348454835681,0.26393685531070477,-0.1580523240691703,30618_3e9f4952
9.851742411254632,True,0.04367389070699327,0.12340107661139695,0.33500619324613595,0.3269153439074082,0.33218919830201293,0.03562200555236488,0.039261822023546326,0.03956149575011841,0.03562493848679754,0.6226189481025987,0.4226642085437355,0.3838522232313339,30618_3e9f4952
9.897068555861697,True,0.05666937363552516,0.15915981714001315,0.33356022929802204,0.3375387197008792,0.3296431997186057,0.039615450418809206,0.04638365849530692,0.023206445707803842,0.05247764433461963,0.1486173261268821,0.16490756713677207,-0.02128249801597343,30618_3e9f4952
9.810284146046966,True,0.04390455300795648,0.12452691350813586,0.03610293178337814,0.038978196553569704,0.03400146188434204,0.022075352404231252,0.036526485585214624,0.03011933254258796,0.04563025597505218,-0.09156839625599701,0.24702307398311554,-0.28639964705304494,30618_3e9f4952
9.695061702343715,True,0.06832124820772846,0.19560922133611192,0.20352309356339415,0.21837274167980333,0.21029105027910697,0.03283502911844528,0.04708958879170286,0.039604444335048776,0.057565677417859264,0.07775228912519355,0.4631786363603342,0.19693519681721405,30618_3e9f4952
7.13028568906142,False,0.08477668653341751,0.33022780579989236,0.16804843555974583,0.16829153913472858,0.15153333043004796,0.03053868844325562,0.057412569134603436,0.022552018651613596,0.06249927260485013,0.043452609228800794,0.239872107050003,0.0973328107415029,30618_3e9f4952
14.1619787072402,False,0.08709174588697635,0.17090161623078579,0.14564090877862287,0.16008856451894588,0.15718863404782613,0.07924379599653479,0.057246858205880116,0.0385696573326424,0.09721536838857812,0.2697519774423363,-0.3506175605183894,-0.40700277710636545,30618_3e9f4952
14.480789761004802,False,0.08079909511044767,0.1550727888875566,0.07392538360746849,0.06718102465218068,0.07957328492446554,0.06701847280000514,0.05261758867470701,0.033501401812320086,0.09766506668507657,-0.02371478686846517,-0.14478550917983354,-0.2366781840071309,30618_3e9f4952
10.862074862477618,False,0.04935862969743467,0.12623862477506206,0.28659710829197105,0.3013585773552631,0.3219057236486711,0.04332989453567447,0.039024763117102915,0.05012051232404024,0.03445558743508201,0.6874581485590238,0.41740470163605603,0.3358188824478593,30618_3e9f4952
8.269762111519258,False,0.09892315502291875,0.3335224289751967,0.29532839450416737,0.3458129912350713,0.3036431750343321,0.0488689472167012,0.09967574945078501,0.031142518606613108,0.07419537652070926,0.6244991119237071,0.06061892105546343,0.19790600444102868,30618_3e9f4952
13.780448826426902,False,0.12202000564185339,0.2459351443391558,0.250414981550784,0.25361425205557436,0.2234569794457989,0.07597619264366555,0.08473066699549615,0.04831724084838808,0.12705917417854323,-0.2214276560491206,0.009739837504830678,-0.025091501361732736,30618_3e9f4952
8.429200068285189,False,0.04565752891395359,0.15114881332484845,0.34857839370568405,0.343665882888314,0.3448052282887853,0.04312610591715223,0.03782431550819435,0.05597407817930074,0.047798760728683394,0.22689565915721063,0.07271733466623136,0.126499136683227,30618_3e9f4952
8.672789272583595,False,0.07551310155272839,0.2424360889655553,0.2870997316764459,0.3177890335296097,0.33861585347913425,0.04396092804176571,0.0237251403606455,0.038425083918385734,0.04730009708555682,0.3174369623750838,0.10186377300205166,-0.18511032470581607,30618_3e9f4952
8.618372848001568,False,0.06714518473959408,0.21713154848570163,0.292609663586508,0.29393284380421547,0.3208436149468054,0.04566363070678528,0.041968753890244286,0.041969830470023145,0.06790891967719574,-0.1962933874370452,0.13887583919142266,-0.22719036301971712,30618_3e9f4952
8.630432918063429,False,0.05023101279986892,0.1621506212871019,0.11745162750114133,0.09950968191281066,0.06442171257782099,0.024365682570230984,0.022905858097004433,0.0320265309125586,0.026418219531412934,0.38818416068498396,-0.15955383196990552,-0.35565337520053997,30618_3e9f4952
8.376587409435437,False,0.048831674234849576,0.16207374853174858,0.37878465333933337,0.37312057746056615,0.3570413224961828,0.032178514133229565,0.02836811115776945,0.04821323332707398,0.04140823717080815,0.15283553113253276,0.17813473720504067,0.19678921208716824,30618_a869780d
8.408987383573262,False,0.09048045526834356,0.29920191316637784,0.08503618599534056,0.08718662208703792,0.08938856817673693,0.04153198735150365,0.048795480029007375,0.05982608584329888,0.0592215706650271,0.2077251464188146,-0.14397720857164328,-0.3513561235926252,30618_a869780d
8.427436813940613,False,0.055840741877002525,0.18424743822982168,0.15032664857223382,0.1298398396553748,0.15644301963630775,0.022854111013624872,0.024931549466125844,0.0471781634002017,0.03636342390039066,-0.0835144017750251,0.0622690631181241,0.2105362966952169,30618_a869780d
8.643168799439072,False,0.05527330279908125,0.17798797599741287,0.2950860732092626,0.3144405938854287,0.31531068788139505,0.02627221686940453,0.032807577992331055,0.03945153445007558,0.04826477399269628,-0.28803358919900013,-0.2076060227503799,0.02896423893385579,30618_a869780d
8.701274482739608,False,0.07047694169935824,0.2252819254889015,0.3183011163366919,0.311138903924085,0.3406871858767838,0.04768799904088327,0.04298531539857709,0.04565218556373133,0.044021431829050384,0.5916474338874914,0.33630733384969846,0.3057916993219088,30618_a869780d
9.869945499765684,True,0.048146214794690306,0.13580189924728717,0.2523366062127759,0.25359867690453475,0.25270654304666973,0.03644600381912408,0.02842449479474511,0.04200739776804356,0.03821119745223646,0.2656170757368273,0.1066000023790102,0.20811362809422132,30618_a869780d
10.016528746024303,True,0.04030748692101748,0.11194715136808654,0.25692535181171433,0.26350627807168053,0.2616683966583671,0.03477943061685115,0.025819667144298578,0.049533441435742245,0.044279303796073546,0.07696042916184345,-0.1322101807667326,0.06953095064817236,30618_a869780d
9.902494950501655,True,0.039456307772694106,0.11078617992011756,0.26021913017950626,0.2536144238445523,0.29014749529298617,0.029342803198952556,0.032427774464930566,0.06055731353111622,0.041178821124605726,0.18984122479287882,0.26425398855184723,0.21060744821522384,30618_a869780d
9.93586783073692,True,0.058334933371769204,0.16316468172721552,0.04567842681066512,0.04628664678308264,0.06279471918676563,0.04977624879522034,0.04339098747142384,0.06396378491588091,0.07629284931827146,-0.25323289503560964,-0.12653093730063955,-0.12870964620339084,30618_a869780d
9.918370830583173,True,0.04527575522790512,0.1270058116088535,0.1533853001355867,0.15152169878123553,0.1274010618989537,0.03724203795285434,0.04105251786540164,0.047082169708115754,0.05248313127605693,0.1500090974906306,0.34145056642236565,0.06535540674065538,30618_a869780d
9.834261146929812,True,0.042063722324346624,0.11897502291529584,0.3928985390219061,0.38250039941956604,0.35305972693824955,0.03152392595781302,0.029503251754979233,0.053868050175047436,0.04082915310719511,0.37217965942931935,0.029795289524425988,-0.21144895728649563,30618_a869780d
9.899605020439964,True,0.03690923484745094,0.10379133869003128,0.35415581788809286,0.3595337593644395,0.3538495166083999,0.026844325493470406,0.03049837879335029,0.05765636013972634,0.030770783580852352,0.5523757660874413,0.33052447939340174,0.17266237713236676,30618_a869780d
10.03242211103795,True,0.05166315674834172,0.1432062936478967,0.13865482883849428,0.13242939068177545,0.15016114195884556,0.0375454404202815,0.03995235229945484,0.044239275946030214,0.06056953244420778,-0.008239245983516292,-0.0402753788964912,-0.22772917624026193,30618_a869780d
9.894410509033639,True,0.04346743280392172,0.12219287435288384,0.03931738539475286,0.04128894433584,0.044995830990458986,0.019958699447285757,0.03212081384213242,0.04621428809155448,0.039904391713588686,-0.1064122897561391,0.005595687712376422,-0.08707753305652068,30618_a869780d
9.78664180729787,True,0.05953238765625484,0.16879428163032995,0.06073696056039252,0.06034272968423213,0.06303005870498819,0.03578134054752637,0.02893087157598371,0.03697870314055713,0.048377223728905135,-0.04748704269588365,-0.0681127688857366,0.008941058289580582,30618_a869780d
6.900761155785132,False,0.08610020807660783,0.34655060050235165,0.12258397960037912,0.12212745171337365,0.11836826895931982,0.03089013578703878,0.0353889881330109,0.041490999906398436,0.04964538534992815,-0.14704972011624978,-0.34286794433314033,-0.03745048043063713,30618_a869780d
14.260632450946968,False,0.07940823179797545,0.15465332982667143,0.1009727154989557,0.10758896343161348,0.11435241760624706,0.06872451026154743,0.06198160789524656,0.04542832179662957,0.09098504516710104,0.18992466818867743,0.039547119097057604,-0.28411289788082,30618_a869780d
9.78317706926278,False,0.04932119686994591,0.14006337167008676,0.3550704052093349,0.35731290710317776,0.356767609960401,0.04235024206988113,0.037321653245681916,0.051647578181602094,0.04969395637640074,0.4389858109581586,0.4029848946237701,-0.11047666188796769,30618_a869780d
10.759338761425012,False,0.04557064145769105,0.11758135666736294,0.3285924742967582,0.33682311209264293,0.3368619401121397,0.0287169355956555,0.029631473103823622,0.05830876224551145,0.0316306635374356,0.4337532527715765,0.417052603450875,0.15434715845813898,30618_a869780d
8.090597679942036,False,0.05733309724084818,0.19752363107162113,0.2907452373786021,0.2973477431079251,0.3243564923369641,0.03931610873311774,0.04009556587513286,0.05273624892058285,0.04227260757690295,0.6018203303487072,0.10006238958980285,-0.018530116744965304,30618_a869780d
8.188961723871937,False,0.052346154650767474,0.1776142073210333,0.36406276580031727,0.3773684171741796,0.35794826132151575,0.035895002013117995,0.03713714209161134,0.04175897285928381,0.04837025545978537,0.35657178347384855,0.014705556755399486,0.23569192220603238,30618_a869780d
12.351535858782084,False,0.0937578189722689,0.21097523198918175,0.29098367287458604,0.3114693912668623,0.3094537358541602,0.04532389303895139,0.05278186534206953,0.04637008583350099,0.06547052129640178,0.11777113337939867,-0.011135591092783838,0.1526982999179167,30618_a869780d
13.8342715035304,False,0.10210306124121456,0.20491361034536296,0.27335462852987036,0.29931460209738914,0.29776444419281217,0.07427892952815639,0.09152349193783506,0.05702654532572854,0.11835003564159452,0.06305934037683872,-0.14039290789505893,0.02126256919877131,30618_a869780d
8.75868381164365,False,0.07230787659512714,0.22980519818723863,0.27544386865702847,0.2885243141314229,0.33354202093189794,0.037526119055643986,0.030961058383704654,0.022834266620991715,0.0498716473938322,0.17069502798502748,0.16585256399464798,-0.00029749234645012554,30618_a869780d
8.598023786133368,False,0.05016311022721014,0.16240254866699272,0.20687376102729968,0.20383338645006366,0.2090452346346405,0.040916568993114535,0.03399290956654455,0.02041919205011066,0.046334083997134144,0.16549633004516706,-0.18765376469797546,0.06537243428161794,30618_a869780d
8.43166857437219,False,0.16022241283008623,0.5366788319830164,0.2813764971064731,0.31186404408743224,0.33773978517530495,0.05553142251824235,0.06428893929405073,0.028707927378758866,0.07202496105004215,0.18241512001621124,-0.07060617794554752,-0.02856209481208615,30618_0686195f
8.505850042460583,False,0.27174778719199855,0.904281923454865,0.20256580937522647,0.16252204590393712,0.05931431267466638,0.06054041952103508,0.07932362583490973,0.018402742271977548,0.09015688126669445,0.01562315452869915,0.03769496508932833,-0.001252997770132924,30618_0686195f
8.491345973696593,False,0.08862641704207633,0.2946426060944951,0.09311457780793338,0.10251648447845658,0.08808164193573843,0.03861142979763385,0.04454852672603833,0.026268040080988743,0.06557650811436498,-0.17312734530414858,-0.07674120750662952,0.002112338024642308,30618_0686195f
8.679764784096825,False,0.11700743361720709,0.3817731821101325,0.2806094375649512,0.25924447391196964,0.2892292315532516,0.06255709707247885,0.05099625112049938,0.024709300312880458,0.08763300725383931,0.09999140320709542,0.3901133006111586,0.014196419268187703,30618_0686195f
9.843476165090648,True,0.05965755849705806,0.1707860834501464,0.28383404875794843,0.2921763138278134,0.2992261727028041,0.060364170977072376,0.05076261265769496,0.0423521044806445,0.0721062556768566,0.22449256826912714,0.25702104311622065,0.1857461309940399,30618_0686195f
10.054716750166955,True,0.038218725492906024,0.1071211274211168,0.29378396906768256,0.2944031576719855,0.3049395077566773,0.034894877309245946,0.03738550700174228,0.03784671334603734,0.04726646188780249,0.44662088277260537,0.016858920935487316,0.2553219024140941,30618_0686195f
10.055287764295723,True,0.04122955438721537,0.11552469523200047,0.3152439766582505,0.31617552018655787,0.3288320012311228,0.048798400258247755,0.04907911655333305,0.04665221702712838,0.0466838313349556,0.4700106695977669,-0.0521626766757237,0.17864904193983,30618_0686195f
9.702118233726347,True,0.03927121722368037,0.11407457815171658,0.18657869940252186,0.18587858284970427,0.20071400099705322,0.04478885268971622,0.04262872358973196,0.03550688208662961,0.03327213586695322,0.5003339214420829,0.4569522109507357,0.22010700519689685,30618_0686195f
9.691213625978122,True,0.04144600723304303,0.12053562092188164,0.07933283576230211,0.07163041331294451,0.06882520477160083,0.045512979616838006,0.033496486757289605,0.02262452906396021,0.04900986468929198,0.1478470702481785,0.20081048786768774,0.29166681744649264,30618_0686195f
9.641695779008316,True,0.04550273574701055,0.1331460270848391,0.15838286468336363,0.15751662999490892,0.1607211472273339,0.04434918635827814,0.04656743401416327,0.024317580804271502,0.05587626189836927,0.1965987690986891,0.029817973595097785,-0.005679202060150948,30618_0686195f
10.189137879356931,True,0.05017783123459105,0.1388944172657217,0.32496431376418816,0.340323006764562,0.3542409557082172,0.0466165684492483,0.041462771119505935,0.02722687962148602,0.04831685796950142,0.2563770349783296,-0.1415253966189123,0.2771377830791725,30618_0686195f
10.045713017956778,True,0.05525669326533397,0.15496943888279424,0.0438236294315168,0.04501633658173621,0.04215160468291762,0.053158069549514395,0.03806349752205042,0.03291629836227977,0.06576633216866624,0.21493676836723966,-0.15952377117222133,-0.27647838832028915,30618_0686195f
10.024679913828193,True,0.06378463500358364,0.17914683236033604,0.04144198455915138,0.051154898942623504,0.04661511802856128,0.04657018798069876,0.046052299039243676,0.021748201062569535,0.06912601379057252,-0.13471171958069356,0.005924697248550358,0.020180022897188177,30618_0686195f
9.958706777479224,True,0.056750336807181063,0.16033432618740912,0.16349178316154328,0.1711761928748601,0.14580230669296898,0.03118866884487104,0.04005675593856901,0.019301819951212697,0.04759697648110438,0.17170980702304212,-0.07325042907065638,-0.13483870046048152,30618_0686195f
6.934497045428745,False,0.06067504253826074,0.24636599854617813,0.22325546561603937,0.22142244334797062,0.21152191163043632,0.03936736182586052,0.0489129572309289,0.023327221796353877,0.04592022354761247,0.4682147603169995,0.005950635948911442,-0.23294710294733106,30618_0686195f
14.258096706322135,False,0.09364628521165158,0.1850766823964515,0.11859068199285605,0.1256433712568447,0.10234505947095492,0.0675115299435502,0.06842976482582268,0.02943286293559998,0.10348575355645037,0.011992389058632773,-0.06886094057588286,-0.23710418222305774,30618_0686195f
14.642780517379359,False,0.0786182742189185,0.1511486931766924,0.1442545538497135,0.1665749190512825,0.16576407963035078,0.05852825710427433,0.05658888233582117,0.025683020131605692,0.08924399173291074,0.004541596016224734,0.01686218049831654,-0.05828304158412912,30618_0686195f
9.857681783040462,True,0.05303073530640922,0.15146945546006813,0.34765987895856476,0.34852639881667885,0.3530941961546418,0.03477132842456889,0.035647720191286064,0.020909436199921572,0.04119470098979032,0.31655337422260615,-0.3449052682720777,-0.18239048175801803,30618_0686195f
8.168852507865743,False,0.0794892069832477,0.27536933134625236,0.375014317509909,0.42316989791118365,0.3346365887972191,0.05297848567185277,0.043485953753028654,0.026597487395266097,0.05556921452325006,0.3864886420701772,0.22335694416158225,-0.062461524097414484,30618_0686195f
12.643169689350977,False,0.11976637608621539,0.2670570698099765,0.38943991492930446,0.4047854431943758,0.3374577146838051,0.06432508420842598,0.053071534897154944,0.03093385478101992,0.08748076844148304,-0.01308664339012482,-0.0697661239971039,-0.29079891678201075,30618_0686195f
8.700964945058933,True,0.04072394542590071,0.1318093800940665,0.2453599074458295,0.24782449382557364,0.262713616162057,0.02917173245494271,0.03607587997413274,0.06658993576962267,0.04272461013001269,0.24166001450284952,-0.07177450967393062,-0.2131386746270258,30618_0686195f
8.647159988036227,False,0.12011424417998295,0.3923030221563641,0.2530387442090655,0.2352291226574812,0.25158960799165014,0.0572394540131371,0.05907939142957624,0.03883064067143222,0.09087711642644013,0.013973045898241103,0.02608809442290944,-0.4119460424223269,30618_0686195f
10.691909725165985,True,0.04176710171729339,0.10908441572027112,0.34546427035739424,0.34102315182027554,0.35463293342269975,0.029061103921383807,0.03697169539557686,0.023783048082646356,0.03958675413254205,0.33998140449452796,0.19203895551243685,0.11608041634223513,30618_88548b02
8.707509527895738,False,0.06179821049283185,0.1986679628237321,0.3232767648353618,0.3152401558641914,0.316788296862064,0.05131046461406834,0.042769846986172734,0.037902473264680776,0.05553322239266407,0.18314134877153682,0.3996719712104011,0.18270670551077703,30618_88548b02
8.482107882308327,False,0.09099584643728073,0.3002424117117006,0.2537175497640283,0.2723816348957593,0.24863473429410243,0.05228511293594997,0.05050852947876225,0.032575014160119334,0.08113059256253471,-0.21318845741914766,0.4092551906718775,-0.024248294871618205,30618_88548b02
11.273626917218657,False,0.08360099531868134,0.20709975157699045,0.17564552296400787,0.18233348469859087,0.17123657771914386,0.057922348389298314,0.045379988303315834,0.02312319732157399,0.08049306255402337,-0.1880266241745247,-0.11455527480748931,-0.39535934308250914,30618_88548b02
7.6732975163628625,True,0.052236433502782044,0.19019138667506458,0.2950931292147606,0.29905357629811496,0.302009983332486,0.029462122828992875,0.04398824144559204,0.029228157677481867,0.051665364533477344,0.23012383207973391,0.6001768783529746,0.32237787745340374,30618_88548b02
6.906774023748488,True,0.0907179950720492,0.3671029515956481,0.0698016363812277,0.08302960596402945,0.08991310229615547,0.0395470893151532,0.03599299542642826,0.05907443201479582,0.04538990992279803,-0.058395804166803476,0.002397886979891622,-0.23968494872728469,30618_88548b02
6.887485675458879,True,0.06877520414811276,0.27831402421777374,0.06101124735564957,0.08098841729593066,0.06703753871260908,0.02591775768167704,0.03166275289041423,0.03885028426525082,0.0457177768291461,-0.026126390521001557,0.2797238781634692,-0.111589214543173,30618_88548b02
6.756719368913764,True,0.06947128126533933,0.2875577957893126,0.14560259249801752,0.15639097732738094,0.15208876785467154,0.031138427857125974,0.042355639249169456,0.04115689100850603,0.0567636687292919,-0.06585200004076917,0.26337234605093224,0.014724587593679657,30618_88548b02
14.308243505152985,True,0.11468005615573484,0.22376196018027344,0.305020657971532,0.31472988782243605,0.3572131844206679,0.0921912249827198,0.08482723788639046,0.0474154733830052,0.12647739790022972,0.19624318794715637,-0.23870723066036173,-0.22714711361737094,30618_88548b02
8.59483237831929,False,0.09374774824657316,0.30521457072934705,0.3671951073173287,0.3588636316728527,0.3316498711599206,0.0548924664015625,0.06175103194118981,0.043325088843653464,0.07030485122604398,0.16304065360899545,-0.08484246560440815,-0.09760517297057449,30618_88548b02
13.715099888625751,False,0.08416530445072841,0.17150757166685926,0.35313027480407655,0.36068181166631075,0.35396792873692534,0.04742470510135941,0.05824175453566788,0.044176463666667165,0.08054170642055877,-0.0725075138673138,0.15613012974691876,-0.4108336449204465,30618_88548b02
13.890020031801296,False,0.09949554967031159,0.19993900357780597,0.3367650561054873,0.331768700431839,0.3272833428482559,0.08384743502964398,0.06702530414592539,0.0385236253349963,0.11822347558088718,-0.12109641610530815,0.013920064498591657,-0.2651486619819428,30618_88548b02
13.367286771487992,True,0.07433084015781113,0.15513873295289646,0.08486880444656501,0.09563193723801418,0.09571562728224403,0.053442628540313314,0.05846806982429676,0.03411066609029824,0.08358877786556951,-0.04592177567867229,0.2052970786277643,0.041085772293575545,30618_88548b02
13.072199587916364,True,0.06852829922763276,0.14622681023487516,0.06560580348652376,0.06349452007579727,0.07088020085769298,0.04417672905339904,0.04343213798866613,0.037591683850498936,0.06595347280820552,-0.07784602308345438,0.044286270815495264,-0.0920876531945436,30618_88548b02
9.696941320371385,True,0.04680890312706786,0.1347350092580392,0.30625923919542314,0.28690830063465667,0.3191965475862764,0.02724617239501518,0.03004188239864055,0.04050961809732462,0.043303933172731804,0.1618942484440758,-0.15743898061963724,0.26784990670429387,30618_88548b02
9.609811336386981,True,0.05403588152530477,0.1570479312313977,0.03873432392763796,0.03663715316455726,0.04077263940135191,0.03835103719983523,0.048693919533975824,0.03362555226626773,0.07341667586812439,-0.1994485154396187,0.039664887447625904,0.1424140495598405,30618_88548b02
9.640045054217547,True,0.041611120669264756,0.12056787441514194,0.04685123667160247,0.05722390460035652,0.06245223230624446,0.022808839030552027,0.04677455239948166,0.034152750607005726,0.049932140972586386,0.10646669542116338,-0.04808466709166596,-0.3906267965733593,30618_88548b02
9.87384648270776,True,0.05173456611171759,0.1463853896161885,0.15526471640093065,0.14912657639561663,0.15259154485664572,0.0310349702337748,0.05760810615133564,0.033377707572270134,0.07106265760216238,-0.09141035004428427,-0.028869275475854897,0.0301400962867704,30618_88548b02
10.020997633296755,True,0.03535506117920636,0.09864582618098264,0.1299947259689123,0.12798083995022344,0.152367478838389,0.03257031520909559,0.035001530241202686,0.0323331111448239,0.03613391134602806,0.17502503057683239,0.1839423095433099,-0.21397076537209142,30618_88548b02
10.096285579654827,True,0.04341835905523894,0.1201319233367998,0.21398403944549857,0.2040787308273176,0.2160963600762866,0.036211763568750485,0.033017035109458526,0.04208654381943846,0.03887371562389508,0.18531288245945293,0.013095035403620107,-0.15752795481989854,30618_88548b02
10.001474857160934,True,0.04301008908075188,0.12016019057781677,0.20542628995323864,0.21594599291310593,0.21414988213669095,0.02531407216226699,0.04579831945147806,0.04727016054858668,0.05397751669276399,0.037228915652884505,0.2155389638899571,-0.2000163527309397,30618_88548b02
9.988379722882131,True,0.05032519056453825,0.14075403173439577,0.28594858165083276,0.2938718877705997,0.3003040591423245,0.053633351622123585,0.035161023162764364,0.04602298925426779,0.05756571349861656,0.33792560204464217,0.3354483018487246,0.24661892180395828,30618_88548b02
9.981267754407783,True,0.03802319986327081,0.10643224005657204,0.03808262721030847,0.03967988778783106,0.062390551067167455,0.03166133711414115,0.04064272436916665,0.05111336541438816,0.04536288772767636,0.1159354914628229,-0.005818590397250612,0.06168963453341541,30618_88548b02
9.951390705603352,True,0.058867610909237596,0.16544308165866917,0.22322107136105646,0.21180118941665016,0.23075374542615332,0.061790004624493834,0.056364957004862624,0.05062477235164091,0.06040634841317178,0.33350271995957437,0.0950575260382941,-0.112514540664743,30618_88548b02
8.748872840250911,False,0.0826268766754474,0.2638720445603237,0.36354722470335643,0.3556877857074797,0.3553664645323257,0.050036364588274984,0.056914959297108034,0.03932492789289017,0.07454523435399431,0.12698653686574543,-0.1114539425526319,-0.15610933432185822,30618_88548b02
8.6480423970976,False,0.09074244636513039,0.29377322643831233,0.07082231169244374,0.07569546983205518,0.06359532137267589,0.047172364741987514,0.06767424406505637,0.04160823384618674,0.09537854883455742,-0.26628774608221456,-0.18738414728839944,0.041454238829391026,30618_88548b02
8.617733390860506,False,0.08346073719129034,0.27089331820546714,0.3070330640073988,0.26833303982014206,0.28485256695658717,0.028007390712139483,0.04598123734874486,0.04428566485751116,0.059724494821228075,-0.145103688668205,0.019710911297664432,-0.0681391293354346,30618_88548b02
8.576742142535522,False,0.25713134841186036,0.8403289121699807,0.271680077011265,0.28405213351594183,0.21715067829500798,0.09190961032990093,0.09515599102368184,0.04984985269643783,0.15560169700330362,-0.2931510681968629,0.3219107978496959,-0.04379049559597133,30618_88548b02
8.612460485172553,False,0.37312009243888367,1.2173638023650284,0.349209996725737,0.3980827474655126,0.2919632070585874,0.12346586961629764,0.15276609658655674,0.05360807707336013,0.21313725951425813,-0.029961012056001643,-0.04624794094536834,-0.48121560092902976,30618_88548b02
8.36474532383727,False,0.3321449125128188,1.1139607396090432,0.21201880882605229,0.3101149147680227,0.24223916169910822,0.1078839240110353,0.11287188421686782,0.060340567606553736,0.15251751892964022,-0.24980744772869393,-0.37868364632778456,-0.26385935559445334,30618_88548b02
11.900966976624893,True,0.048693265573250356,0.11432197850318096,0.3458813668441444,0.35042204147522066,0.35413867589974896,0.032319413948277184,0.05182968969277405,0.04274026809819123,0.0543869196730313,0.4529986418052614,0.2162392008422332,0.23278516633292007,30618_88548b02
8.630312560772177,False,0.24471192616125664,0.7948487003709395,0.2610274316524637,0.38487068239404243,0.35084990569646507,0.055283370866829246,0.05015307793659437,0.04858974859890573,0.06820562518701304,0.10005698322263477,0.21151597135057995,0.2744788913340771,30618_27e994fc
8.645124544384323,False,0.09120232593574712,0.2954331612901463,0.3357025036811382,0.3279783662425234,0.3482553127001662,0.06026199666402898,0.044714358930035024,0.039876107938664536,0.06478658099692143,0.27372027068890814,-0.023153063685304755,0.11640003603181719,30618_27e994fc
8.695181206274476,False,0.16532935678116176,0.5346086956689462,0.24418335953763542,0.2269347408698422,0.1989880342294299,0.10243524680457772,0.04500208495884381,0.04487848392691731,0.11222326140070979,-0.05687406924427955,-0.477834387772918,0.26538937750513625,30618_27e994fc
10.04319713707479,True,0.05022855494811549,0.13985946703650692,0.34079931760464527,0.3329239618874523,0.33921653831742465,0.03504646375475704,0.043120118900409926,0.030632324818055067,0.04916612859271798,0.34000670188676424,0.08397097706802602,-0.006826358109554082,30618_27e994fc
10.067196515321164,True,0.04577876498631126,0.12708078836713937,0.2188583823671886,0.21861120963670488,0.2328438151234324,0.048111632650374395,0.042074829181651,0.02885064129939953,0.056288449306801096,0.20262323477525337,-0.05834789850352908,0.3673827000057387,30618_27e994fc
9.95303414572909,True,0.049885750174878674,0.14005116269117154,0.24917612054901517,0.23772235146053303,0.25701263504742167,0.041218138892032304,0.03225233609371576,0.03310742369230077,0.05410438013724232,0.13989889908079298,0.020669098538981138,0.13998632532451213,30618_27e994fc
9.998947697980084,True,0.04716075393807272,0.13178125795135362,0.042079879639938596,0.03565605345881124,0.04726421765411325,0.04420215133015712,0.03209054787753718,0.0379991124370225,0.05508326714051392,0.0431860368741496,-0.12100031684186965,-0.08139920548918529,30618_27e994fc
9.87974447025832,True,0.038874547473011174,0.11001722720787274,0.279657037124223,0.27338527453969164,0.2893184408258475,0.04185674236713471,0.04001869984644538,0.04282984016069145,0.040229838507416536,0.5198407391317781,0.03721164030512207,-0.02865468474670225,30618_27e994fc
9.774440513289587,True,0.05160133489760431,0.1475836134553679,0.32232746584631194,0.31820921271806096,0.336290754173489,0.04562530449344841,0.04128904167855117,0.032885490351678176,0.05092332054730455,0.1319535227309286,0.29131412670439594,0.0753245916071658,30618_27e994fc
10.214998003646796,True,0.03956168215403188,0.1082990456846954,0.35013824514000863,0.35883069906047205,0.3566047698899501,0.035678965632737675,0.04733724297336072,0.034948072665039555,0.04304417364355926,0.5110856830292411,0.36460737650954406,0.19851565304461244,30618_27e994fc
10.13147131539609,True,0.06078036960413491,0.16761737132763885,0.07931704075922566,0.09264812669306625,0.09347911963788547,0.041966011384860086,0.04903601299504236,0.031229485239332944,0.06495539348781851,0.005810178199505306,0.11755847582557946,-0.3775045967869604,30618_27e994fc
10.037778140310383,True,0.05358587644424632,0.14916927681953582,0.06580998388131493,0.07646936511699295,0.07494238758420355,0.02805308237755927,0.04155239492165835,0.03142976400437308,0.04042713779101591,0.2958824175157916,-0.1169195855941374,-0.2068121192007708,30618_27e994fc
9.97473719609451,True,0.055436296267180545,0.1551416778861579,0.1428439230229238,0.16083743206855927,0.13806444341092416,0.02898624723098694,0.041210670656925505,0.02143743871607206,0.05068871300665499,-0.003080648293525297,0.2989355355603418,-0.3855892586215435,30618_27e994fc
6.956512749391167,False,0.0968332377865118,0.38904149308833064,0.08409703597327779,0.09179878153428854,0.06589993887220512,0.050541453775792805,0.0608170146207648,0.027951163295751338,0.059169222350600764,0.33669354823947456,0.041725979311628095,-0.2778379479897298,30618_27e994fc
14.190640165958866,False,0.09227306680967892,0.18176044545088707,0.09239979604367435,0.08464526628883877,0.11744633156362647,0.06995581195094329,0.056603065030423116,0.039071286556520465,0.10126169660307932,-0.11038273964631835,-0.43265397501851177,-0.03286148869468691,30618_27e994fc
14.600757908207822,False,0.09288950077994707,0.1776981035659735,0.39981792897664076,0.3994328708554522,0.351700057167026,0.08494517985649176,0.059079384029631164,0.03251582975459988,0.12340061171880709,-0.05413123428902733,-0.14864510268232292,-0.293761153139517,30618_27e994fc
11.174138354752628,True,0.07315662921285047,0.18285421757097914,0.2528142744116855,0.25051288573511155,0.25350029926431483,0.052911220912215604,0.04331783639290352,0.027783012985024117,0.06722643357761861,0.05391585684945535,0.1886227231347867,-0.2907718209216507,30618_27e994fc
8.097428036752055,False,0.10633570901755486,0.36901932206171484,0.38556477860792815,0.4400719035969524,0.34408732043010976,0.07032292451936167,0.07565453845715826,0.030292204947577773,0.07210677115902941,0.43970527527792563,-0.0772896531668925,0.1694974238644335,30618_27e994fc
8.694632484635584,True,0.04758653137325119,0.1529217403110671,0.3498297476598201,0.3467970717946111,0.34779287294610983,0.05225400886481544,0.048554977988344405,0.027323891836870277,0.04603876624112555,0.5810106199724161,0.1823800730203303,0.21657600626191625,30618_27e994fc
12.331690485862337,False,0.1703675284131723,0.3865986233251888,0.33863911086598397,0.36435804489070817,0.32809235172338364,0.10106747757745291,0.08228349972414901,0.023174637902597633,0.13920360744517016,-0.013661076427923293,0.08571267082295307,0.01751500045167793,30618_27e994fc
13.838357590322216,True,0.10525152827698883,0.2123383953765076,0.26021956694984777,0.2677353194681207,0.227138011859638,0.07922790470123901,0.06538637360315239,0.028611834900908805,0.1086164712597461,-0.0387815843237308,0.05566454470311587,-0.35962963190646335,30618_27e994fc
11.313294885203538,True,0.049027669649867094,0.1210691578730581,0.3343631120519699,0.33177655511714665,0.34584643898000356,0.04256833598397796,0.03873946123449248,0.034285307412388596,0.049778530887381385,0.4421050331179008,0.6113570129626307,0.28257702452257566,30618_27e994fc
8.181398491744783,True,0.03054804549516246,0.10416704394269094,0.29954806854645266,0.31062340971676927,0.3143687756900017,0.021848500211496227,0.02563319433863945,0.0392513683617476,0.033821115064583046,0.4732095502546037,0.2454064340877834,0.4350640086795659,30618_27e994fc
9.103212132015106,False,0.19244912141465287,0.5932444101427556,0.3310203620576001,0.33016712919151636,0.3176542971630846,0.06071433783928948,0.1155105287193036,0.044240411895968786,0.13681716139374855,-0.029831889070636525,-0.24211623591340958,-0.21011850910501137,30618_27e994fc
8.794847443063466,False,0.09686713859756918,0.30816849597727375,0.1796959882481467,0.20101042556704898,0.1911500449302893,0.061349533079668506,0.04571914901516668,0.027509801849266907,0.07247787677425149,0.12248308930293522,0.1903732219713345,0.3916558319531919,30618_27e994fc
8.634736725341325,False,0.09500913726586102,0.3084286172545679,0.2803200502188692,0.24169464714447472,0.26691871772813236,0.04623166771211103,0.04851703402384535,0.022443775369034663,0.07720482106795021,-0.23016596793244845,-0.027635206706412063,-0.05343326794335525,30618_27e994fc
8.604086181906949,False,0.08389429221014393,0.2731766313841942,0.13024507732109555,0.10397908475948948,0.06809641168503261,0.04057044060217407,0.04607797234006067,0.022055657762427155,0.062189745574424304,0.1391302827803805,0.3770590581038603,-0.08093880178445002,30618_27e994fc
