bag,split,T,chunk,v_mean,lam_w,edge,k_true,k_err
30639_d601d28f,train,30,0,4.562125313980986,7.254451062378896,True,0.0156209215190386,-0.050860808036984895
30639_d601d28f,train,30,1,7.093192129389714,7.77,True,0.0156209215190386,0.01770138189138515
30639_d601d28f,train,30,2,7.831689699375699,7.240713559972075,True,0.0156209215190386,-0.052687740807914496
30639_d601d28f,train,30,3,8.401570366072356,7.460850935296239,False,0.0156209215190386,-0.023411954484016118
30639_d601d28f,train,30,4,7.8577691716313085,7.696250450078934,False,0.0156209215190386,0.00789352413077804
30639_d601d28f,train,30,5,8.05302631764876,7.66847942929663,False,0.0156209215190386,0.004200291806089496
30639_d601d28f,train,30,6,7.775725437903084,7.5078377749791745,False,0.0156209215190386,-0.0171632351260822
30639_d601d28f,train,30,7,4.796775767416219,7.647791469144604,False,0.0156209215190386,0.0014490266018225562
30639_d601d28f,train,30,8,6.814666315114781,7.7330019395191645,False,0.0156209215190386,0.012781057428351117
30639_d601d28f,train,30,9,8.384467047431498,7.6196568837453285,False,0.0156209215190386,-0.002292555713528488
30639_d601d28f,train,30,10,10.097461040236109,7.928091557636622,False,0.0156209215190386,0.038725774746831254
30639_d601d28f,train,30,11,9.922261104495629,7.6866496642186,False,0.0156209215190386,0.006616727971221925
30639_d601d28f,train,30,12,11.924417609329913,7.766281638427861,True,0.0156209215190386,0.017206881769810556
30639_d601d28f,train,30,13,8.428335841245236,7.604927980217443,False,0.0156209215190386,-0.004251333644048838
30639_d601d28f,train,30,14,5.80443921572988,7.33,True,0.0156209215190386,-0.04081365202117415
30639_d601d28f,train,30,15,5.936995214720686,7.77,True,0.0156209215190386,0.01770138189138515
30639_d601d28f,train,30,16,4.960435692423227,7.513615686344177,False,0.0156209215190386,-0.01639483812729381
30639_d601d28f,train,30,17,7.534941833656857,7.392918021346975,False,0.0156209215190386,-0.03244626531019834
30639_d601d28f,train,30,18,6.918644028852971,7.77,True,0.0156209215190386,0.01770138189138515
30639_d601d28f,train,60,0,5.829771465270833,7.76,True,0.0156209215190386,0.01637149475700883
30639_d601d28f,train,60,1,8.115680231612865,7.400472105242833,False,0.0156209215190386,-0.03144165741168825
30639_d601d28f,train,60,2,7.954069464735154,7.6802100537936475,False,0.0156209215190386,0.005760332465768014
30639_d601d28f,train,60,3,6.288762364607786,7.608093664757457,False,0.0156209215190386,-0.003830333329922997
30639_d601d28f,train,60,4,7.57909101954727,7.655743914505139,False,0.0156209215190386,0.0025066120790031565
30639_d601d28f,train,60,5,10.010017780716263,7.822369791832223,False,0.0156209215190386,0.024665973130149288
30639_d601d28f,train,60,6,10.173215711030718,7.632547441265134,False,0.0156209215190386,-0.0005782570534755838
30639_d601d28f,train,60,7,5.8699968021872895,7.33,True,0.0156209215190386,-0.04081365202117415
30639_d601d28f,train,60,8,6.219188695055906,7.508882068144742,False,0.0156209215190386,-0.017024355921541612
30639_d601d28f,train,120,0,6.97367910480813,7.330008353377484,True,0.0156209215190386,-0.04081254111624977
30639_d601d28f,train,120,1,7.117890709125054,7.625986804485047,False,0.0156209215190386,-0.0014507476981910905
30639_d601d28f,train,120,2,8.777405004991245,7.753529753451455,False,0.0156209215190386,0.015511024992893585
30639_d601d28f,train,120,3,8.023553414486308,7.34,True,0.0156209215190386,-0.039483764886797834
30639_d601d28f,train,300,0,7.1491192928532366,7.628239856609967,False,0.0156209215190386,-0.0011511171947899967
30639_c31df386,train,30,0,4.528453215340731,7.77,True,0.00989821267065144,0.023424090739772307
30639_c31df386,train,30,1,8.070729264198803,7.416636979517401,False,0.00989821267065144,-0.023569202730645167
30639_c31df386,train,30,2,9.061535524633609,7.8976538986058795,True,0.00989821267065144,0.040400618480666506
30639_c31df386,train,30,3,7.512523082538981,7.6424066408303055,False,0.00989821267065144,0.006455614060608517
30639_c31df386,train,30,4,6.807055745211577,7.532658413143239,False,0.00989821267065144,-0.008139661541554932
30639_c31df386,train,30,5,5.97157533367918,7.49,True,0.00989821267065144,-0.01381274902276547
30639_c31df386,train,30,6,6.2572362917306865,7.661015541762499,False,0.00989821267065144,0.008930387854069466
30639_c31df386,train,30,7,5.16336066840801,7.784312538895548,True,0.00989821267065144,0.025327496873517374
30639_c31df386,train,30,8,8.304184464689417,7.595183243755844,False,0.00989821267065144,0.00017543523952140427
30639_c31df386,train,30,9,7.363555562619285,7.446147951605364,False,0.00989821267065144,-0.019644576520372936
30639_c31df386,train,30,10,9.160417731036604,7.550266745276932,False,0.00989821267065144,-0.005797952105312587
30639_c31df386,train,30,11,10.205886721826483,7.77,True,0.00989821267065144,0.023424090739772307
30639_c31df386,train,30,12,10.173127197125304,7.71815760110293,False,0.00989821267065144,0.016529636808930326
30639_c31df386,train,30,13,6.411728798871428,7.254077455593928,False,0.00989821267065144,-0.04518778467426238
30639_c31df386,train,30,14,6.2040792665487645,7.3959846257608834,False,0.00989821267065144,-0.026315732686183313
30639_c31df386,train,30,15,4.978995010122701,7.351279800967121,False,0.00989821267065144,-0.03226096981996068
30639_c31df386,train,30,16,4.7088640118746135,7.506007458811174,False,0.00989821267065144,-0.011683937670061428
30639_c31df386,train,30,17,8.301961771601658,7.292176250857663,True,0.00989821267065144,-0.04012107490861433
30639_c31df386,train,30,18,6.469679513961169,7.33,True,0.00989821267065144,-0.03509094317278699
30639_c31df386,train,30,19,4.401253807829954,7.706753967908405,False,0.00989821267065144,0.015013082301875758
30639_c31df386,train,60,0,6.296634415021138,7.551467580529395,False,0.00989821267065144,-0.005638254570037027
30639_c31df386,train,60,1,8.283150307487562,7.668376406498298,False,0.00989821267065144,0.009909299785071879
30639_c31df386,train,60,2,6.401580795918651,7.49,True,0.00989821267065144,-0.01381274902276547
30639_c31df386,train,60,3,5.714290726869795,7.719943935840905,False,0.00989821267065144,0.016767199167502522
30639_c31df386,train,60,4,7.840093456295646,7.543826496754461,False,0.00989821267065144,-0.006654432470534599
30639_c31df386,train,60,5,9.677956058485272,7.5857462327363,False,0.00989821267065144,-0.0010795807146645742
30639_c31df386,train,60,6,8.240597705109039,7.244042754753673,False,0.00989821267065144,-0.04652228662873931
30639_c31df386,train,60,7,5.568222386050808,7.377960650552982,False,0.00989821267065144,-0.02871271796011393
30639_c31df386,train,60,8,6.505412891738136,7.487756854807786,False,0.00989821267065144,-0.014111062015931763
30639_c31df386,train,60,9,5.433745840840543,7.33,True,0.00989821267065144,-0.03509094317278699
30639_c31df386,train,120,0,7.289892361254349,7.601213669413223,False,0.00989821267065144,0.0009774137891774282
30639_c31df386,train,120,1,6.06738828674494,7.689630324038439,False,0.00989821267065144,0.01273583093424474
30639_c31df386,train,120,2,8.735873387401636,7.5600427415897835,False,0.00989821267065144,-0.0044978549330953466
30639_c31df386,train,120,3,6.81828376918302,7.345156395956662,False,0.00989821267065144,-0.033075313574159104
30639_c31df386,train,120,4,5.96913321014825,7.270275752832702,False,0.00989821267065144,-0.04303359396459733
30639_c31df386,train,300,0,6.9091265193849525,7.6526522795260465,False,0.00989821267065144,0.007818168369102152
30639_c31df386,train,300,1,6.968314357039031,7.354438489098067,False,0.00989821267065144,-0.03184089994927547
30639_c31df386,train,600,0,6.9383848586930466,7.472290943861619,False,0.00989821267065144,-0.016167853614803607
30639_dce52be4,train,30,0,3.2685264548204582,7.235156334324349,True,0.00861374238464585,-0.04641960996269556
30639_dce52be4,train,30,1,4.723431504554605,7.649035722881178,False,0.00861374238464585,0.00862167743983211
30639_dce52be4,train,30,2,8.39921654121802,7.33,True,0.00861374238464585,-0.0338064728867814
30639_dce52be4,train,30,3,7.982819160946807,7.77,True,0.00861374238464585,0.024708561025777898
30639_dce52be4,train,30,4,4.486245722958608,7.662071395293105,False,0.00861374238464585,0.010355274742688825
30639_dce52be4,train,30,5,6.94576272189819,7.845950514892467,True,0.00861374238464585,0.0348091222862531
30639_dce52be4,train,30,6,5.730455376271281,7.509882882811699,False,0.00861374238464585,-0.009884079732200846
30639_dce52be4,train,30,7,6.7774538472551935,7.648249095088503,False,0.00861374238464585,0.008517064821730203
30639_dce52be4,train,30,8,8.064795597384947,7.683732577705244,False,0.00861374238464585,0.013235967523217096
30639_dce52be4,train,30,9,11.135055687102815,7.684227081014549,False,0.00861374238464585,0.013301730882112284
30639_dce52be4,train,30,10,7.662317202661553,7.77,True,0.00861374238464585,0.024708561025777898
30639_dce52be4,train,30,11,10.610113431290454,7.77,True,0.00861374238464585,0.024708561025777898
30639_dce52be4,train,30,12,7.87525396506742,7.7765532374202,True,0.00861374238464585,0.025580067639141668
30639_dce52be4,train,30,13,7.277086928349989,7.36,True,0.00861374238464585,-0.02981681148365234
30639_dce52be4,train,30,14,7.143077946903053,7.431297987164371,False,0.00861374238464585,-0.020334983899969683
30639_dce52be4,train,30,15,6.435976990042877,7.811846402080992,False,0.00861374238464585,0.030273660200523023
30639_dce52be4,train,30,16,7.971991327752347,7.650238501252271,False,0.00861374238464585,0.008781633387954568
30639_dce52be4,train,30,17,8.678627856647497,7.36,True,0.00861374238464585,-0.02981681148365234
30639_dce52be4,train,30,18,7.999404035388134,7.254885362723156,True,0.00861374238464585,-0.043795871858563484
30639_dce52be4,train,60,0,3.9959789796875316,7.271382377281682,True,0.00861374238464585,-0.041601955116863265
30639_dce52be4,train,60,1,8.191017851082414,7.77,True,0.00861374238464585,0.024708561025777898
30639_dce52be4,train,60,2,5.713916347217075,7.8036362444410035,True,0.00861374238464585,0.029181801898860882
30639_dce52be4,train,60,3,6.251306217654509,7.570373334981827,False,0.00861374238464585,-0.001839532322834514
30639_dce52be4,train,60,4,9.59992564224388,7.684055956865499,False,0.00861374238464585,0.013278973301691921
30639_dce52be4,train,60,5,9.121277160412006,7.77,True,0.00861374238464585,0.024708561025777898
30639_dce52be4,train,60,6,7.581399179547144,7.77,True,0.00861374238464585,0.024708561025777898
30639_dce52be4,train,60,7,6.794560215496881,7.458362918615992,False,0.00861374238464585,-0.016735653486940838
30639_dce52be4,train,60,8,8.318566877229548,7.718478659198741,True,0.00861374238464585,0.01785680419803659
30639_dce52be4,train,120,0,6.096988464362839,7.273306228482913,True,0.00861374238464585,-0.041346104620766044
30639_dce52be4,train,120,1,5.983520571556667,7.641428443590433,False,0.00861374238464585,0.007609995154195359
30639_dce52be4,train,120,2,9.359382432358931,7.856859352703847,True,0.00861374238464585,0.036259874591888175
30639_dce52be4,train,120,3,7.191449005123645,7.472906797844536,False,0.00861374238464585,-0.014801481699944441
30639_dce52be4,train,300,0,6.742982449864994,7.676237678351038,False,0.00861374238464585,0.012239230500756704
30639_92226df0,train,30,0,3.2533205151703792,7.418397475039512,False,0.009093685411513175,-0.02253054943700855
30639_92226df0,train,30,1,6.641171240482825,7.444529749427315,False,0.009093685411513175,-0.01905525188697549
30639_92226df0,train,30,2,7.422599747695539,7.629652072205658,False,0.009093685411513175,0.005563927647903089
30639_92226df0,train,30,3,7.780013181454568,7.454992981096362,False,0.009093685411513175,-0.01766376016890897
30639_92226df0,train,30,4,7.71036625081634,7.711832796967838,False,0.009093685411513175,0.016493036503397673
30639_92226df0,train,30,5,7.231153485247266,7.75,True,0.009093685411513175,0.02156884373015794
30639_92226df0,train,30,6,5.259944082833934,7.33,True,0.009093685411513175,-0.03428641591364873
30639_92226df0,train,30,7,5.457935686531748,7.398537622134545,False,0.009093685411513175,-0.025171685723900883
30639_92226df0,train,30,8,4.419635801066042,7.604149547088138,False,0.009093685411513175,0.002172379643112954
30639_92226df0,train,30,9,4.584915387486843,7.652865330977982,False,0.009093685411513175,0.008651029066729155
30639_92226df0,train,30,10,7.8956406578253695,7.515792349645241,False,0.009093685411513175,-0.009578130367772941
30639_92226df0,train,30,11,9.082841399685531,7.694927449883716,False,0.009093685411513175,0.014244816144463657
30639_92226df0,train,30,12,10.887401067320003,7.346683347134494,False,0.009093685411513175,-0.03206771904239897
30639_92226df0,train,30,13,11.302301112049635,7.464408661645056,False,0.009093685411513175,-0.01641158092659839
30639_92226df0,train,30,14,11.726070124105417,7.77,True,0.009093685411513175,0.024228617998910573
30639_92226df0,train,30,15,7.629566016161523,7.396666711416536,False,0.009093685411513175,-0.02542049573324562
30639_92226df0,train,30,16,6.007408780034874,7.5717759637318345,False,0.009093685411513175,-0.0021329415568079324
30639_92226df0,train,30,17,5.6115269088034445,7.5022316403207645,False,0.009093685411513175,-0.011381551654136846
30639_92226df0,train,30,18,4.372944095978057,7.6831134786110065,False,0.009093685411513175,0.012673691304316781
30639_92226df0,train,30,19,7.804813145206483,7.394870710076396,False,0.009093685411513175,-0.02565934364080308
30639_92226df0,train,30,20,8.444006231501408,7.77,True,0.009093685411513175,0.024228617998910573
30639_92226df0,train,60,0,4.944417955685273,7.420595913747322,False,0.009093685411513175,-0.022238181901685528
30639_92226df0,train,60,1,7.602201489868273,7.54537085529781,False,0.009093685411513175,-0.005644522955629949
30639_92226df0,train,60,2,7.470361188526338,7.746580979216388,False,0.009093685411513175,0.02111415255492871
30639_92226df0,train,60,3,5.358939884682841,7.273762913061748,True,0.009093685411513175,-0.04176531375304743
30639_92226df0,train,60,4,4.502413098092101,7.630757863371068,False,0.009093685411513175,0.005710985392321566
30639_92226df0,train,60,5,8.484235966605956,7.599438147929782,False,0.009093685411513175,0.001545816730552152
30639_92226df0,train,60,6,11.095914935953354,7.393452802778168,False,0.009093685411513175,-0.025847909308168215
30639_92226df0,train,60,7,9.656629255782036,7.398709022264923,False,0.009093685411513175,-0.025148891441078847
30639_92226df0,train,60,8,5.810809816864011,7.560633955509433,False,0.009093685411513175,-0.0036147028954165994
30639_92226df0,train,60,9,6.055588885546844,7.510886510099162,False,0.009093685411513175,-0.010230551657337494
30639_92226df0,train,120,0,6.273309722776773,7.435180918898803,False,0.009093685411513175,-0.02029854083110877
30639_92226df0,train,120,1,6.415529562959229,7.693063550686517,False,0.009093685411513175,0.01399693858825074
30639_92226df0,train,120,2,6.4799850922535045,7.617897248987854,False,0.009093685411513175,0.0040006688314803696
30639_92226df0,train,120,3,10.379360691747891,7.3982606131019875,False,0.009093685411513175,-0.025208524798751297
30639_92226df0,train,120,4,5.9307663699696,7.551012694681621,False,0.009093685411513175,-0.004894221994555192
30639_92226df0,train,300,0,5.975475441651319,7.546009658919961,False,0.009093685411513175,-0.00555956928378093
30639_92226df0,train,300,1,8.228131672088663,7.541010764054122,False,0.009093685411513175,-0.00622436588059877
30639_92226df0,train,600,0,7.085617945746815,7.537620526453773,False,0.009093685411513175,-0.006675229217317169
30639_253671cc,train,30,0,3.2596792637281733,7.515537459568033,False,0.006184117851533444,-0.006702460311229175
30639_253671cc,train,30,1,5.798577121227687,7.740566511347163,False,0.006184117851533444,0.023223863770968245
30639_253671cc,train,30,2,8.825721514426306,7.872737486675399,False,0.006184117851533444,0.040801111733667905
30639_253671cc,train,30,3,7.759363584245948,7.612013489502383,False,0.006184117851533444,0.006127762787310809
30639_253671cc,train,30,4,4.717757383123159,7.443460474431127,False,0.006184117851533444,-0.016287885833049798
30639_253671cc,train,30,5,7.037117801040309,7.808084461077859,False,0.006184117851533444,0.03220298903960045
30639_253671cc,train,30,6,5.804644596054521,7.34,True,0.006184117851533444,-0.03004696121929268
30639_253671cc,train,30,7,5.106362636998238,7.54793789792716,False,0.006184117851533444,-0.002393567699033483
30639_253671cc,train,30,8,8.60766279313876,7.74,True,0.006184117851533444,0.023148524155761352
30639_253671cc,train,30,9,11.229466965803255,7.73581444666033,False,0.006184117851533444,0.022591892802094005
30639_253671cc,train,30,10,10.677325548688811,7.45537373786826,False,0.006184117851533444,-0.01470355625570191
30639_253671cc,train,30,11,6.5517664229381,7.761369631462783,False,0.006184117851533444,0.02599044395063327
30639_253671cc,train,30,12,7.18863450809965,7.9413853779468315,False,0.006184117851533444,0.04993050647406222
30639_253671cc,train,30,13,7.434876617446215,7.644094616736166,False,0.006184117851533444,0.010394190623760735
30639_253671cc,train,30,14,6.47451939093927,7.33,True,0.006184117851533444,-0.031376848353668996
30639_253671cc,train,30,15,7.666902332342822,7.422954280868168,False,0.006184117851533444,-0.019014978132490923
30639_253671cc,train,30,16,7.765942675480798,7.2252399978266055,True,0.006184117851533444,-0.045308746262432587
30639_253671cc,train,30,17,9.860045205382479,7.77,True,0.006184117851533444,0.027138185558890304
30639_253671cc,train,30,18,7.776373045610652,7.518866912720957,False,0.006184117851533444,-0.006259680619970898
30639_253671cc,train,60,0,4.5291281924779305,7.637758943371765,False,0.006184117851533444,0.009551617574267979
30639_253671cc,train,60,1,8.288939988761193,7.7,True,0.006184117851533444,0.01782897561825586
30639_253671cc,train,60,2,5.8694945769518805,7.3692635743720425,False,0.006184117851533444,-0.026155236112968272
30639_253671cc,train,60,3,5.4555036165263795,7.402092836985708,False,0.006184117851533444,-0.02178931471487061
30639_253671cc,train,60,4,9.89276895290633,7.798306234069934,False,0.006184117851533444,0.030902595210115347
30639_253671cc,train,60,5,8.669240898465453,7.341652965555677,True,0.006184117851533444,-0.029827135456686527
30639_253671cc,train,60,6,7.311270834211227,7.694105599810782,False,0.006184117851533444,0.0170450869206053
30639_253671cc,train,60,7,7.084726212670202,7.41,True,0.006184117851533444,-0.020737751278658234
30639_253671cc,train,60,8,8.805895287787903,7.251455036223835,True,0.006184117851533444,-0.04182244203326696
30639_253671cc,train,120,0,6.402704441130868,7.669417050837298,False,0.006184117851533444,0.013761788555979482
30639_253671cc,train,120,1,5.6664728319613635,7.394471733748471,False,0.006184117851533444,-0.022802835429366175
30639_253671cc,train,120,2,9.298451737869733,7.710188338996895,False,0.006184117851533444,0.01918390971351952
30639_253671cc,train,120,3,7.193194325528676,7.45865272585099,False,0.006184117851533444,-0.01426748786250115
30639_253671cc,train,300,0,6.785429860409898,7.546740487257534,False,0.006184117851533444,-0.0025528098034435787
30639_44226bde,train,30,0,5.279177771660575,7.732757081380767,False,0.005919390639031907,0.0224500249395575
30639_44226bde,train,30,1,7.915509041647469,7.35168563833303,False,0.005919390639031907,-0.028228175999184035
30639_44226bde,train,30,2,8.620192328766722,7.732904198081778,False,0.005919390639031907,0.022469589800350076
30639_44226bde,train,30,3,9.207544639725727,7.77,True,0.005919390639031907,0.02740291277139184
30639_44226bde,train,30,4,6.1502007072157525,7.713053823330813,False,0.005919390639031907,0.019829714000964338
30639_44226bde,train,30,5,6.76712644953804,7.33,True,0.005919390639031907,-0.03111212114116746
30639_44226bde,train,30,6,4.901731924744842,7.515031974898737,False,0.005919390639031907,-0.0065049568545596514
30639_44226bde,train,30,7,6.277821857643526,7.33,True,0.005919390639031907,-0.03111212114116746
30639_44226bde,train,30,8,8.6079769544903,7.33,True,0.005919390639031907,-0.03111212114116746
30639_44226bde,train,30,9,11.760793744555075,7.787638656198137,False,0.005919390639031907,0.029748654965950805
30639_44226bde,train,30,10,9.987910059753686,7.551088485907579,False,0.005919390639031907,-0.0017098478444438348
30639_44226bde,train,30,11,11.718734442497857,7.569155407191312,False,0.005919390639031907,0.0006928487728586896
30639_44226bde,train,30,12,10.791427159722593,7.3292248272347695,True,0.005919390639031907,-0.031215210369907376
30639_44226bde,train,30,13,6.474668015000728,7.513810696431005,False,0.005919390639031907,-0.006667373106732488
30639_44226bde,train,30,14,6.199732411888647,7.443238460506583,False,0.005919390639031907,-0.016052683966738646
30639_44226bde,train,30,15,5.853363074340467,7.2975178492012205,False,0.005919390639031907,-0.03543188058558444
30639_44226bde,train,30,16,4.314026338604775,7.546815981822521,False,0.005919390639031907,-0.002278042665872948
30639_44226bde,train,30,17,7.7851207715467705,7.33,True,0.005919390639031907,-0.03111212114116746
30639_44226bde,train,30,18,7.485414667167003,7.33767973893314,False,0.005919390639031907,-0.030090802540912343
30639_44226bde,train,30,19,5.908836677440518,7.36,True,0.005919390639031907,-0.027122459738038396
30639_44226bde,train,60,0,6.585381831018873,7.731024662836623,True,0.005919390639031907,0.02221963282623618
30639_44226bde,train,60,1,8.908964800759552,7.860650444761106,True,0.005919390639031907,0.03945839879272073
30639_44226bde,train,60,2,6.45565711764433,7.74,True,0.005919390639031907,0.02341325136826289
30639_44226bde,train,60,3,5.610406105355804,7.272279498581844,True,0.005919390639031907,-0.03878829636374326
30639_44226bde,train,60,4,10.187017083070321,7.868247593730867,True,0.005919390639031907,0.04046873386000327
30639_44226bde,train,60,5,10.853322251125773,7.5584299952975345,False,0.005919390639031907,-0.0007335099559834246
30639_44226bde,train,60,6,8.625828926584534,7.461053125187159,False,0.005919390639031907,-0.013683534630545946
30639_44226bde,train,60,7,6.026547743114556,7.397026078582954,False,0.005919390639031907,-0.02219840918365068
30639_44226bde,train,60,8,6.046685789324574,7.530919186259976,False,0.005919390639031907,-0.004392137055516776
30639_44226bde,train,60,9,6.69712567230376,7.299972311209535,False,0.005919390639031907,-0.035105464840917144
30639_44226bde,train,120,0,7.734382950918164,7.748142812176303,True,0.005919390639031907,0.024496153483353544
30639_44226bde,train,120,1,6.011900336192856,7.3072667443933454,True,0.005919390639031907,-0.03413538755654544
30639_44226bde,train,120,2,10.520447525800321,7.671246862470684,False,0.005919390639031907,0.014269860063438444
30639_44226bde,train,120,3,7.324018651057,7.414957185389024,False,0.005919390639031907,-0.01981377435899856
30639_44226bde,train,120,4,6.371634939855391,7.495275219261533,False,0.005919390639031907,-0.009132382368453262
30639_44226bde,train,300,0,7.593121347904733,7.722543341714689,True,0.005919390639031907,0.02109171284197886
30639_44226bde,train,300,1,7.648716658022033,7.449494698022867,False,0.005919390639031907,-0.015220674988487781
30639_44226bde,train,600,0,7.622027439278135,7.469763619765784,False,0.005919390639031907,-0.012525137163129085
30639_d3c43d69,train,30,0,3.22908843914796,7.768619874142182,True,0.004913905745647207,0.028224856502563234
30639_d3c43d69,train,30,1,4.2047606980851056,7.224105918263945,True,0.004913905745647207,-0.044189353938520526
30639_d3c43d69,train,30,2,7.826694850137749,7.780280821143952,False,0.004913905745647207,0.029775630841793244
30639_d3c43d69,train,30,3,7.807953465201426,7.463927439908261,False,0.004913905745647207,-0.012295798320387075
30639_d3c43d69,train,30,4,3.801705549946751,7.46,True,0.004913905745647207,-0.012818103500890299
30639_d3c43d69,train,30,5,6.8603259290893135,7.6008552955435675,False,0.004913905745647207,0.005914061034326568
30639_d3c43d69,train,30,6,5.922534748917986,7.626118823544657,False,0.004913905745647207,0.00927382512008712
30639_d3c43d69,train,30,7,6.877749157735613,7.571549281587506,False,0.004913905745647207,0.0020166919423246776
30639_d3c43d69,train,30,8,8.669384789373442,7.725331763397082,False,0.004913905745647207,0.02246802634742673
30639_d3c43d69,train,30,9,11.630088317590168,7.787458064185501,True,0.004913905745647207,0.030730123159918077
30639_d3c43d69,train,30,10,10.181510942195223,7.194666576676179,False,0.004913905745647207,-0.04810445410072861
30639_d3c43d69,train,30,11,6.3782251142659225,7.77,True,0.004913905745647207,0.02840839766477654
30639_d3c43d69,train,30,12,7.888013486675829,7.230256184057407,False,0.004913905745647207,-0.04337143800334853
30639_d3c43d69,train,30,13,6.272093592573569,7.493943821597069,False,0.004913905745647207,-0.008303958337539386
30639_d3c43d69,train,30,14,7.7218461438896115,7.284511267740575,True,0.004913905745647207,-0.036156124226872866
30639_d3c43d69,train,30,15,6.98776165160613,7.35,True,0.004913905745647207,-0.027446861979030124
30639_d3c43d69,train,30,16,7.749190178549395,7.470934557705887,False,0.004913905745647207,-0.011363930739574757
30639_d3c43d69,train,30,17,9.845073450278539,7.297828061998623,True,0.004913905745647207,-0.03438514089138134
30639_d3c43d69,train,30,18,7.891532035807943,7.77,True,0.004913905745647207,0.02840839766477654
30639_d3c43d69,train,60,0,3.7161074226710245,7.813091640365148,True,0.004913905745647207,0.034139099476854784
30639_d3c43d69,train,60,1,7.8173561395551445,7.759104695943185,False,0.004913905745647207,0.026959445195748777
30639_d3c43d69,train,60,2,5.309551736857383,7.549773948287169,False,0.004913905745647207,-0.0008791816179628542
30639_d3c43d69,train,60,3,6.3923969716336835,7.605681548173248,False,0.004913905745647207,0.006555898162272755
30639_d3c43d69,train,60,4,10.13644793800507,7.768237408648738,True,0.004913905745647207,0.028173992908655854
30639_d3c43d69,train,60,5,8.273002891357054,7.77,True,0.004913905745647207,0.02840839766477654
30639_d3c43d69,train,60,6,7.099468473657351,7.438950493724599,False,0.004913905745647207,-0.015617450258953225
30639_d3c43d69,train,60,7,7.356243279105289,7.195134605221345,False,0.004913905745647207,-0.04804221158665478
30639_d3c43d69,train,60,8,8.840095553495757,7.4200753451523225,False,0.004913905745647207,-0.018127631983524517
30639_d3c43d69,train,120,0,5.7476642680591015,7.805012611269204,True,0.004913905745647207,0.033064679791560025
30639_d3c43d69,train,120,1,5.843755386013691,7.600341513334547,False,0.004913905745647207,0.0058457337993617076
30639_d3c43d69,train,120,2,9.207241317084277,7.77,True,0.004913905745647207,0.02840839766477654
30639_d3c43d69,train,120,3,7.224068997709157,7.386810399569115,False,0.004913905745647207,-0.02255149429920822
30639_d3c43d69,train,300,0,6.638643329789927,7.7475238472492975,False,0.004913905745647207,0.025419323027432994
30618_b83d854d,train,30,0,3.259881292859783,7.726946765597946,False,-0.00041738637095734,0.028014095528922978
30618_b83d854d,train,30,1,6.578405452102571,7.310484931458448,False,-0.00041738637095734,-0.027370627989166563
30618_b83d854d,train,30,2,7.965581428392382,7.636440024791621,False,-0.00041738637095734,0.015977720511656246
30618_b83d854d,train,30,3,7.028769616458183,7.308622249779403,True,-0.00041738637095734,-0.027618343629206565
30618_b83d854d,train,30,4,4.569824326367516,7.447814510948026,False,-0.00041738637095734,-0.009107343895916054
30618_b83d854d,train,30,5,7.004007817744284,7.703049606296291,False,-0.00041738637095734,0.02483604305858167
30618_b83d854d,train,30,6,6.29064649971392,7.33,True,-0.00041738637095734,-0.024775344131178212
30618_b83d854d,train,30,7,6.242310918480823,7.77,True,-0.00041738637095734,0.03373968978138109
30618_b83d854d,train,30,8,9.266365905194277,7.781152927101332,False,-0.00041738637095734,0.03522290320765098
30618_b83d854d,train,30,9,11.525561641229851,7.376862825495283,False,-0.00041738637095734,-0.01854311726050817
30618_b83d854d,train,30,10,7.717142704569752,7.785163915868121,True,-0.00041738637095734,0.035756319443359
30618_b83d854d,train,30,11,10.415481341486093,7.775413942998753,True,-0.00041738637095734,0.03445968309541003
30618_b83d854d,train,30,12,10.953542648237839,7.669636162794876,False,-0.00041738637095734,0.02039243219580733
30618_b83d854d,train,30,13,6.107068969075014,7.5866572114875375,False,-0.00041738637095734,0.009357168219040313
30618_b83d854d,train,30,14,8.118084637310615,7.530023061523851,False,-0.00041738637095734,0.0018254654787355218
30618_b83d854d,train,30,15,6.042263243525635,7.279286246597788,False,-0.00041738637095734,-0.03151970094973189
30618_b83d854d,train,30,16,8.70984378350075,7.313840979193007,False,-0.00041738637095734,-0.02692431151871233
30618_b83d854d,train,30,17,7.884858757175248,7.636639867360328,False,-0.00041738637095734,0.016004297317758764
30618_b83d854d,train,30,18,9.70912312006504,7.563728171410543,False,-0.00041738637095734,0.006307864678840813
30618_b83d854d,train,30,19,7.099111043479465,7.661497139043663,False,-0.00041738637095734,0.019310033898495282
30618_b83d854d,train,60,0,4.899545788863602,7.698718717508447,False,-0.00041738637095734,0.02426008373064481
30618_b83d854d,train,60,1,7.48398098986283,7.3597789479012885,True,-0.00041738637095734,-0.020815080162259525
30618_b83d854d,train,60,2,5.7869160720559005,7.463730381210655,False,-0.00041738637095734,-0.006990712786448805
30618_b83d854d,train,60,3,6.26647870909737,7.7,True,-0.00041738637095734,0.024430479840746644
30618_b83d854d,train,60,4,10.394077967088496,7.437694157260513,False,-0.00041738637095734,-0.01045323671235232
30618_b83d854d,train,60,5,9.070809254089449,7.782288860450966,True,-0.00041738637095734,0.0353739695223696
30618_b83d854d,train,60,6,8.522228352524488,7.597379297759172,False,-0.00041738637095734,0.010783084677672417
30618_b83d854d,train,60,7,7.081906679478047,7.4686258294762204,False,-0.00041738637095734,-0.006339673419910707
30618_b83d854d,train,60,8,8.294573542976634,7.519949861826113,False,-0.00041738637095734,0.00048584361073311655
30618_b83d854d,train,60,9,8.408511041497144,7.6208234279502705,False,-0.00041738637095734,0.013900889389450999
30618_b83d854d,train,120,0,6.263820132885499,7.6459363222405505,False,-0.00041738637095734,0.017240620891810554
30618_b83d854d,train,120,1,6.027097693278672,7.651481795320035,False,-0.00041738637095734,0.017978106222054313
30618_b83d854d,train,120,2,9.73189178877371,7.739278256820155,True,-0.00041738637095734,0.029654044681332037
30618_b83d854d,train,120,3,7.802668150560502,7.542200420719642,False,-0.00041738637095734,0.003444916811251808
30618_b83d854d,train,120,4,8.35154229223689,7.587403615460094,False,-0.00041738637095734,0.00945643152305542
30618_b83d854d,train,300,0,7.026239541182964,7.630473622156103,False,-0.00041738637095734,0.015184256301307819
30618_b83d854d,train,300,1,8.275700337513603,7.611588864165852,False,-0.00041738637095734,0.012672796632603234
30618_b83d854d,train,600,0,7.663123397606108,7.624523925895184,False,-0.00041738637095734,0.014393013850223513
30618_b8044aa0,train,30,0,3.864600027270142,7.859461472867888,True,0.0001368707660402424,0.045082798823319836
30618_b8044aa0,train,30,1,7.020027824606291,7.753671311387348,False,0.0001368707660402424,0.031013901353663054
30618_b8044aa0,train,30,2,9.455867116462702,7.33,True,0.0001368707660402424,-0.025329601268175794
30618_b8044aa0,train,30,3,7.628656547771256,7.897888047420883,False,0.0001368707660402424,0.05019309953493806
30618_b8044aa0,train,30,4,7.240848714944616,7.5021659021708675,False,0.0001368707660402424,-0.002433479440642483
30618_b8044aa0,train,30,5,7.263915884549637,7.33,True,0.0001368707660402424,-0.025329601268175794
30618_b8044aa0,train,30,6,5.063100486034691,7.576468222602723,False,0.0001368707660402424,0.007447890559021009
30618_b8044aa0,train,30,7,7.508233231445676,7.592244651193758,False,0.0001368707660402424,0.009545977499983371
30618_b8044aa0,train,30,8,9.562693614627717,7.33,True,0.0001368707660402424,-0.025329601268175794
30618_b8044aa0,train,30,9,12.482268862251152,7.7635007938912555,True,0.0001368707660402424,0.032321111585615514
30618_b8044aa0,train,30,10,8.582557213138863,7.33,True,0.0001368707660402424,-0.025329601268175794
30618_b8044aa0,train,30,11,13.688258243173486,7.77,True,0.0001368707660402424,0.033185432644383506
30618_b8044aa0,train,30,12,10.151349750004137,7.794565403912482,False,0.0001368707660402424,0.03645235410578024
30618_b8044aa0,train,30,13,6.575527707523451,7.71265829746668,True,0.0001368707660402424,0.025559633398153647
30618_b8044aa0,train,30,14,9.275579800305033,7.485991002183417,False,0.0001368707660402424,-0.004584558579955933
30618_b8044aa0,train,30,15,4.056529382487389,7.215257073424678,True,0.0001368707660402424,-0.04058911544949689
30618_b8044aa0,train,30,16,7.420323094586855,7.36347961283742,False,0.0001368707660402424,-0.020877190630537223
30618_b8044aa0,train,30,17,9.209407510701352,7.418042623542832,False,0.0001368707660402424,-0.013620926035540604
30618_b8044aa0,train,30,18,5.062241701458404,7.20766768624685,True,0.0001368707660402424,-0.041598418286056316
30618_b8044aa0,train,60,0,5.403833099141434,7.842513788670347,True,0.0001368707660402424,0.04282894810614152
30618_b8044aa0,train,60,1,8.54052163157537,7.35,True,0.0001368707660402424,-0.02266982699942316
30618_b8044aa0,train,60,2,7.252290763359805,7.407601256823652,False,0.0001368707660402424,-0.015009509962054912
30618_b8044aa0,train,60,3,6.301905880768529,7.579550512952872,False,0.0001368707660402424,0.00785780038712841
30618_b8044aa0,train,60,4,11.024934663017268,7.631816153344639,False,0.0001368707660402424,0.014808540659823566
30618_b8044aa0,train,60,5,11.139669582104451,7.75,True,0.0001368707660402424,0.03052565837563087
30618_b8044aa0,train,60,6,8.360453902351038,7.734836281518197,True,0.0001368707660402424,0.028509054963805236
30618_b8044aa0,train,60,7,6.670425655397733,7.304720358720767,True,0.0001368707660402424,-0.028691508238065933
30618_b8044aa0,train,60,8,8.317847110004296,7.399666672287305,False,0.0001368707660402424,-0.016064720151205802
30618_b8044aa0,train,120,0,6.960318429507989,7.827739631181215,True,0.0001368707660402424,0.040864151909536794
30618_b8044aa0,train,120,1,6.766497520754952,7.5190572457135385,False,0.0001368707660402424,-0.0001871213946695316
30618_b8044aa0,train,120,2,11.082494308354976,7.646609314012299,False,0.0001368707660402424,0.016775864064691837
30618_b8044aa0,train,120,3,7.5168528459705,7.748654155853508,True,0.0001368707660402424,0.030346676294101205
30618_b8044aa0,train,300,0,7.7869269622999555,7.7031807020490985,False,0.0001368707660402424,0.024299220177087133
30618_76e1f9c7,train,30,0,3.2349516161709495,7.6709199674911295,False,-0.000860352627211125,0.02100612998692114
30618_76e1f9c7,train,30,1,4.82612592007536,7.757625258704414,True,-0.000860352627211125,0.03253695511361149
30618_76e1f9c7,train,30,2,9.566883168594654,7.207314681635882,True,-0.000860352627211125,-0.040648140521855225
30618_76e1f9c7,train,30,3,7.195835398409515,7.274313872361222,False,-0.000860352627211125,-0.031738004345929494
30618_76e1f9c7,train,30,4,4.227345670860628,7.842953145583291,True,-0.000860352627211125,0.0438846010099852
30618_76e1f9c7,train,30,5,6.434807338285228,7.533765298773818,False,-0.000860352627211125,0.0027661070522409514
30618_76e1f9c7,train,30,6,6.371790309421748,7.382436433541848,False,-0.000860352627211125,-0.01735892404093603
30618_76e1f9c7,train,30,7,6.191519873970211,7.76,True,-0.000860352627211125,0.032852768903258556
30618_76e1f9c7,train,30,8,9.22440536223029,7.33,True,-0.000860352627211125,-0.024332377874924427
30618_76e1f9c7,train,30,9,10.949114317033324,7.71,True,-0.000860352627211125,0.026203333231376746
30618_76e1f9c7,train,30,10,11.255787455353538,7.7200624702881875,False,-0.000860352627211125,0.027541528209007293
30618_76e1f9c7,train,30,11,7.640554978739663,7.570424420477003,False,-0.000860352627211125,0.007641356483301165
30618_76e1f9c7,train,30,12,7.286256827292467,7.37496160412241,False,-0.000860352627211125,-0.018352991988592915
30618_76e1f9c7,train,30,13,7.156972320210555,7.488190290985203,False,-0.000860352627211125,-0.0032948545984771704
30618_76e1f9c7,train,30,14,7.2096713932829335,7.4,True,-0.000860352627211125,-0.015023167934289983
30618_76e1f9c7,train,30,15,7.204406528096198,7.931909781417884,False,-0.000860352627211125,0.05571482956136814
30618_76e1f9c7,train,30,16,8.257950436338042,7.258492889436537,False,-0.000860352627211125,-0.03384201651040214
30618_76e1f9c7,train,30,17,8.750108950458516,7.518625547376294,False,-0.000860352627211125,0.0007526909921184433
30618_76e1f9c7,train,30,18,7.5380767528794195,7.411040037395006,False,-0.000860352627211125,-0.013554967564824827
30618_76e1f9c7,train,30,19,4.326710046385967,7.77,True,-0.000860352627211125,0.03418265603763487
30618_76e1f9c7,train,60,0,4.033208523666619,7.691923258326308,False,-0.000860352627211125,0.02379933061304801
30618_76e1f9c7,train,60,1,8.381359283502084,7.270375785944608,True,-0.000860352627211125,-0.03226172539188127
30618_76e1f9c7,train,60,2,5.3366791991603,7.807487959717271,True,-0.000860352627211125,0.03916813156983673
30618_76e1f9c7,train,60,3,6.282430782037854,7.606211941531466,False,-0.000860352627211125,0.012400692865456364
30618_76e1f9c7,train,60,4,10.077776980492207,7.225843438176257,True,-0.000860352627211125,-0.03818402502795154
30618_76e1f9c7,train,60,5,9.457907031615578,7.623305048705244,False,-0.000860352627211125,0.01467388319714874
30618_76e1f9c7,train,60,6,7.223000664958042,7.417630233526666,False,-0.000860352627211125,-0.012678545859973578
30618_76e1f9c7,train,60,7,7.206930508410438,7.76,True,-0.000860352627211125,0.032852768903258556
30618_76e1f9c7,train,60,8,8.504029693398278,7.427478635920712,False,-0.000860352627211125,-0.011368819496173355
30618_76e1f9c7,train,60,9,5.9377456774768484,7.358076792197815,True,-0.000860352627211125,-0.020598481403081237
30618_76e1f9c7,train,120,0,6.199963784460049,7.667477430418559,False,-0.000860352627211125,0.020548311410678644
30618_76e1f9c7,train,120,1,5.805520214221613,7.760547748191849,True,-0.000860352627211125,0.03292561323058024
30618_76e1f9c7,train,120,2,9.773039503418701,7.60962034852043,False,-0.000860352627211125,0.012853972525790625
30618_76e1f9c7,train,120,3,7.214804424655825,7.76,True,-0.000860352627211125,0.032852768903258556
30618_76e1f9c7,train,120,4,7.210104979488314,7.390474194374452,False,-0.000860352627211125,-0.01628999256888869
30618_76e1f9c7,train,300,0,6.803278681120497,7.702631009421308,False,-0.000860352627211125,0.025223340654982496
30618_76e1f9c7,train,300,1,7.659978301651977,7.72,True,-0.000860352627211125,0.027533220365753064
30618_76e1f9c7,train,600,0,7.221013190678081,7.706225101186668,False,-0.000860352627211125,0.02570131429483441
30618_2dbce472,train,30,0,3.214115599434086,7.631351359006512,False,-0.0011090796821621174,0.015992678706985397
30618_2dbce472,train,30,1,5.612439777821852,7.304709545564077,False,-0.0011090796821621174,-0.02744699581765997
30618_2dbce472,train,30,2,8.947897699770165,7.77,True,-0.0011090796821621174,0.034431383092585865
30618_2dbce472,train,30,3,6.996455690615273,7.30481594198885,True,-0.0011090796821621174,-0.0274328462940151
30618_2dbce472,train,30,4,4.316411356872226,7.737748182376312,False,-0.0011090796821621174,0.030142255360786296
30618_2dbce472,train,30,5,6.570069743882357,7.800977219125361,True,-0.0011090796821621174,0.038551003609943346
30618_2dbce472,train,30,6,6.415976086598602,7.581882854093624,False,-0.0011090796821621174,0.009413925882936991
30618_2dbce472,train,30,7,6.219274371602099,7.77,True,-0.0011090796821621174,0.034431383092585865
30618_2dbce472,train,30,8,10.739022044432131,7.723599376046191,False,-0.0011090796821621174,0.028260623810265284
30618_2dbce472,train,30,9,8.99899403154618,7.57434095742574,False,-0.0011090796821621174,0.00841093874819554
30618_2dbce472,train,30,10,9.300275053959059,7.755100021907891,False,-0.0011090796821621174,0.03244985417586743
30618_2dbce472,train,30,11,7.823919569080792,7.33,True,-0.0011090796821621174,-0.024083650819973434
30618_2dbce472,train,30,12,7.356731240650545,7.298112507127534,False,-0.0011090796821621174,-0.028324327471834443
30618_2dbce472,train,30,13,6.692101978736814,7.38,True,-0.0011090796821621174,-0.017434215148091736
30618_2dbce472,train,30,14,6.926553371554271,7.687673959365847,False,-0.0011090796821621174,0.023482948866235476
30618_2dbce472,train,30,15,8.808980976313931,7.76,True,-0.0011090796821621174,0.03310149595820955
30618_2dbce472,train,30,16,7.427733892314516,7.518292448997091,False,-0.0011090796821621174,0.0009571197221711625
30618_2dbce472,train,30,17,9.709332942309961,7.2952765004331175,True,-0.0011090796821621174,-0.028701484353425455
30618_2dbce472,train,30,18,7.529271943848145,7.55781096530247,False,-0.0011090796821621174,0.006212636362587731
30618_2dbce472,train,60,0,4.415279628676707,7.6115378190950365,False,-0.0011090796821621174,0.013357701525512966
30618_2dbce472,train,60,1,7.975439976144484,7.316096589467998,False,-0.0011090796821621174,-0.02593264749901969
30618_2dbce472,train,60,2,5.420086525853215,7.753246678399065,False,-0.0011090796821621174,0.0322033804070706
30618_2dbce472,train,60,3,6.318308221166311,7.72,True,-0.0011090796821621174,0.027781947420704056
30618_2dbce472,train,60,4,9.875267131560689,7.594129043728742,False,-0.0011090796821621174,0.01104253088702467
30618_2dbce472,train,60,5,8.567585621872633,7.805251825415516,False,-0.0011090796821621174,0.039119478000923524
30618_2dbce472,train,60,6,7.030201583926971,7.34,True,-0.0011090796821621174,-0.022753763685597117
30618_2dbce472,train,60,7,7.888529243104244,7.759639110635404,False,-0.0011090796821621174,0.03305350174591848
30618_2dbce472,train,60,8,8.598293404920877,7.479630391602822,False,-0.0011090796821621174,-0.004184497549544641
30618_2dbce472,train,120,0,6.193872684470968,7.573678558427468,False,-0.0011090796821621174,0.008322847157632984
30618_2dbce472,train,120,1,5.866100057319028,7.771622840012322,False,-0.0011090796821621174,0.03464720249793973
30618_2dbce472,train,120,2,9.232184268478262,7.717216520979749,False,-0.0011090796821621174,0.02741177612692025
30618_2dbce472,train,120,3,7.470286641978277,7.4844636509500475,False,-0.0011090796821621174,-0.0035417286072467746
30618_2dbce472,train,300,0,6.766011052162569,7.623875536045471,False,-0.0011090796821621174,0.014998478629509093
30618_b15eafc3,train,30,0,4.286315675884994,7.5198376737655614,False,9.945081358186947e-05,-4.591331964198808e-05
30618_b15eafc3,train,30,1,8.232697491573003,7.74,True,9.945081358186947e-05,0.029233191193712926
30618_b15eafc3,train,30,2,8.42493249978186,7.292903752267987,False,9.945081358186947e-05,-0.030225563574961645
30618_b15eafc3,train,30,3,9.289734585090017,7.787516321958588,False,9.945081358186947e-05,0.035552325718273936
30618_b15eafc3,train,30,4,6.432816646483994,7.812485432354276,False,9.945081358186947e-05,0.03887293558547866
30618_b15eafc3,train,30,5,7.942525024230694,7.77,True,9.945081358186947e-05,0.03322285259684188
30618_b15eafc3,train,30,6,4.4733306457049,7.635863991066209,False,9.945081358186947e-05,0.015384277343077901
30618_b15eafc3,train,30,7,7.709755486540651,7.893201045806426,True,9.945081358186947e-05,0.0496072011728097
30618_b15eafc3,train,30,8,9.364877111904939,7.510176967744947,False,9.945081358186947e-05,-0.0013306781842227222
30618_b15eafc3,train,30,9,12.386622276349819,7.33,True,9.945081358186947e-05,-0.02529218131571742
30618_b15eafc3,train,30,10,8.536569947268642,7.573198655162367,False,9.945081358186947e-05,0.007050494944088603
30618_b15eafc3,train,30,11,13.661066702732436,7.771462460909508,True,9.945081358186947e-05,0.033417343391650256
30618_b15eafc3,train,30,12,10.174235228990414,7.134690830916359,True,9.945081358186947e-05,-0.05126609643472446
30618_b15eafc3,train,30,13,7.01484720065718,7.644784056472536,False,9.945081358186947e-05,0.016570545365244937
30618_b15eafc3,train,30,14,9.308582182650728,7.201248104413921,True,9.945081358186947e-05,-0.04241473026236686
30618_b15eafc3,train,30,15,4.049639800301962,7.465899856120926,False,9.945081358186947e-05,-0.007219034293835747
30618_b15eafc3,train,30,16,7.796394922560333,7.242972223138273,True,9.945081358186947e-05,-0.03686589339389612
30618_b15eafc3,train,30,17,9.636502115056336,7.755579623585564,True,9.945081358186947e-05,0.031305105290199586
30618_b15eafc3,train,30,18,4.765483275834628,7.333653623246263,True,9.945081358186947e-05,-0.024806290660811192
30618_b15eafc3,train,60,0,6.245208098889549,7.526604700837402,False,9.945081358186947e-05,0.0008540249044397541
30618_b15eafc3,train,60,1,8.84816897313113,7.681430262730365,False,9.945081358186947e-05,0.021444077187843913
30618_b15eafc3,train,60,2,7.202356714518303,7.77,True,9.945081358186947e-05,0.03322285259684188
30618_b15eafc3,train,60,3,6.134352918514782,7.704815180876198,False,9.945081358186947e-05,0.02455400736590252
30618_b15eafc3,train,60,4,10.875749694127379,7.489806617567206,False,9.945081358186947e-05,-0.004039704846634629
30618_b15eafc3,train,60,5,11.098818325000538,7.594454651334752,False,9.945081358186947e-05,0.009877302527889542
30618_b15eafc3,train,60,6,8.597178433545277,7.513602657954058,False,9.945081358186947e-05,-0.0008751000506771467
30618_b15eafc3,train,60,7,6.674721223210612,7.446440086479148,False,9.945081358186947e-05,-0.009806964022288645
30618_b15eafc3,train,60,8,8.717979390016733,7.376106368433497,False,9.945081358186947e-05,-0.01916055469646516
30618_b15eafc3,train,120,0,7.506586897891772,7.5361811697759755,False,9.945081358186947e-05,0.002127587187856106
30618_b15eafc3,train,120,1,6.642173409861507,7.760517008049839,False,9.945081358186947e-05,0.0319617216978505
30618_b15eafc3,train,120,2,10.987470210424453,7.513317005602756,False,9.945081358186947e-05,-0.000913088589367228
30618_b15eafc3,train,120,3,7.635949828377946,7.446926332684955,False,9.945081358186947e-05,-0.009742298764964463
30618_b15eafc3,train,300,0,7.89943357846929,7.589019423655381,False,9.945081358186947e-05,0.00915447859156937
30618_68d1748a,train,30,0,3.260864242643264,7.7295337005181155,False,-0.0012131029648325131,0.029153845269578482
30618_68d1748a,train,30,1,4.363505250902462,7.482940290171623,False,-0.0012131029648325131,-0.003640295114600456
30618_68d1748a,train,30,2,8.48347007327363,7.788843604601692,False,-0.0012131029648325131,0.03704139310776283
30618_68d1748a,train,30,3,7.962140679540721,7.395594827184768,False,-0.0012131029648325131,-0.01525625586183682
30618_68d1748a,train,30,4,4.529529887585418,7.33166505860931,True,-0.0012131029648325131,-0.023758193535052652
30618_68d1748a,train,30,5,6.476200290889273,7.77,True,-0.0012131029648325131,0.03453540637525626
30618_68d1748a,train,30,6,6.443674607762054,7.847146731452088,False,-0.0012131029648325131,0.04479505093698827
30618_68d1748a,train,30,7,6.244895962441617,7.77,True,-0.0012131029648325131,0.03453540637525626
30618_68d1748a,train,30,8,10.660097373387433,7.744871329603217,False,-0.0012131029648325131,0.031193576828789593
30618_68d1748a,train,30,9,9.584181248013923,7.270668344984784,False,-0.0012131029648325131,-0.031870068003902186
30618_68d1748a,train,30,10,10.240378062826217,7.39,True,-0.0012131029648325131,-0.016000304731045023
30618_68d1748a,train,30,11,9.943528466880679,7.77,True,-0.0012131029648325131,0.03453540637525626
30618_68d1748a,train,30,12,5.698095026119361,7.3856881221646224,False,-0.0012131029648325131,-0.016573735816872104
30618_68d1748a,train,30,13,8.796110810961027,7.515794177106892,False,-0.0012131029648325131,0.0007289010403465634
30618_68d1748a,train,30,14,9.058671356433091,7.497929094898285,False,-0.0012131029648325131,-0.001646953258033712
30618_68d1748a,train,30,15,8.668250827672761,7.926225667407022,True,-0.0012131029648325131,0.05531165688965206
30618_68d1748a,train,30,16,7.8206582813344285,7.589795757396949,False,-0.0012131029648325131,0.010570275995473055
30618_68d1748a,train,30,17,7.5940289687070495,7.547998816253136,False,-0.0012131029648325131,0.005011754567128823
30618_68d1748a,train,60,0,3.814041044766565,7.639120158791435,False,-0.0012131029648325131,0.01712986467800731
30618_68d1748a,train,60,1,8.223686000383076,7.530405013888859,False,-0.0012131029648325131,0.0026719774262275453
30618_68d1748a,train,60,2,5.497751244044778,7.322812551584198,True,-0.0012131029648325131,-0.024935477055020028
30618_68d1748a,train,60,3,6.345373489364538,7.873585797658264,False,-0.0012131029648325131,0.04831114833624012
30618_68d1748a,train,60,4,10.132564854551198,7.4,True,-0.0012131029648325131,-0.014670417596668595
30618_68d1748a,train,60,5,10.093962884942053,7.470565762333821,False,-0.0012131029648325131,-0.005285967651147916
30618_68d1748a,train,60,6,7.262500611307797,7.400756392144771,False,-0.0012131029648325131,-0.014569825978481166
30618_68d1748a,train,60,7,8.85689649909147,7.606211544624963,False,-0.0012131029648325131,0.01275339041899265
30618_68d1748a,train,60,8,7.7065856674534245,7.556892492473917,False,-0.0012131029648325131,0.006194513125461432
30618_68d1748a,train,120,0,6.015145440824722,7.638204217521655,False,-0.0012131029648325131,0.017008054826954833
30618_68d1748a,train,120,1,5.912851324862677,7.360077233280005,True,-0.0012131029648325131,-0.019979694979631646
30618_68d1748a,train,120,2,10.113245185347008,7.4,True,-0.0012131029648325131,-0.014670417596668595
30618_68d1748a,train,120,3,8.105977836586613,7.438411011015501,False,-0.0012131029648325131,-0.009562186659878347
30618_68d1748a,train,300,0,6.727701733529909,7.66093258698687,False,-0.0012131029648325131,0.020030671440669
30618_095a115b,train,30,0,3.24036107439317,7.658328039456392,False,-0.000719605407832058,0.019190798458502967
30618_095a115b,train,30,1,4.325482890169255,7.439043380855734,False,-0.000719605407832058,-0.00997158616540944
30618_095a115b,train,30,2,8.426622291706067,7.409625300665556,False,-0.000719605407832058,-0.01388385880170645
30618_095a115b,train,30,3,7.847160689673712,7.705950340581455,False,-0.000719605407832058,0.025524027016064876
30618_095a115b,train,30,4,4.398092336129473,7.312328045962014,True,-0.000719605407832058,-0.026823295525744417
30618_095a115b,train,30,5,5.525498922970919,7.78528548830089,False,-0.000719605407832058,0.03607470624165737
30618_095a115b,train,30,6,7.029554138099474,7.679139956002776,False,-0.000719605407832058,0.02195854846417805
30618_095a115b,train,30,7,6.336834320464008,7.422568045221072,False,-0.000719605407832058,-0.012162619854916346
30618_095a115b,train,30,8,6.0590022560312935,7.8242106524430115,True,-0.000719605407832058,0.041251313741266726
30618_095a115b,train,30,9,11.61611327855724,7.294127464040049,True,-0.000719605407832058,-0.029243767499362805
30618_095a115b,train,30,10,9.848889467855129,7.597240316710318,False,-0.000719605407832058,0.011066820803667776
30618_095a115b,train,30,11,11.490328658974702,7.587887671369902,False,-0.000719605407832058,0.00982302453260725
30618_095a115b,train,30,12,8.391886673147074,7.662719041979906,False,-0.000719605407832058,0.01977475223480668
30618_095a115b,train,30,13,9.566734987329676,7.2633608420623474,True,-0.000719605407832058,-0.03333538097299932
30618_095a115b,train,30,14,6.250141892987918,7.487449625085116,False,-0.000719605407832058,-0.003534102022996033
30618_095a115b,train,30,15,7.951235410245348,7.220604177561225,True,-0.000719605407832058,-0.039021534775888156
30618_095a115b,train,30,16,7.924612334946882,7.33,True,-0.000719605407832058,-0.024473125094303494
30618_095a115b,train,30,17,8.005228190402866,7.35481879479951,False,-0.000719605407832058,-0.02117250550484412
30618_095a115b,train,30,18,9.38924382377547,7.33,True,-0.000719605407832058,-0.024473125094303494
30618_095a115b,train,30,19,7.289438710409145,7.592757856122228,False,-0.000719605407832058,0.010470704137022724
30618_095a115b,train,60,0,3.783830794522231,7.580375466129914,False,-0.000719605407832058,0.008823986022661823
30618_095a115b,train,60,1,8.137863741700011,7.773677944350233,False,-0.000719605407832058,0.03453103390548856
30618_095a115b,train,60,2,4.965566220141639,7.292369280121536,True,-0.000719605407832058,-0.02947758611667256
30618_095a115b,train,60,3,6.683772459513491,7.454848157974752,False,-0.000719605407832058,-0.00786972919018275
30618_095a115b,train,60,4,8.823595176785409,7.2779220457942815,False,-0.000719605407832058,-0.03139890522258609
30618_095a115b,train,60,5,10.66549861468924,7.590030202582911,False,-0.000719605407832058,0.010107957002125467
30618_095a115b,train,60,6,8.97636880607932,7.3675013107693355,False,-0.000719605407832058,-0.01948587402286467
30618_095a115b,train,60,7,7.097824857816535,7.463500725173741,False,-0.000719605407832058,-0.006719035410456431
30618_095a115b,train,60,8,7.964570973873071,7.36,True,-0.000719605407832058,-0.02048346369117443
30618_095a115b,train,60,9,8.361679619362162,7.77,True,-0.000719605407832058,0.034041908818255806
30618_095a115b,train,120,0,5.959022442902748,7.592991958539864,False,-0.000719605407832058,0.010501837116356827
30618_095a115b,train,120,1,5.825387053377845,7.319085784568705,True,-0.000719605407832058,-0.025924592562692583
30618_095a115b,train,120,2,9.74608694877905,7.5597719414146765,False,-0.000719605407832058,0.0060839497785019625
30618_095a115b,train,120,3,8.041033428654265,7.500900000577789,False,-0.000719605407832058,-0.0017453538909723565
30618_095a115b,train,120,4,8.160863065070133,7.39,True,-0.000719605407832058,-0.016493802288045478
30618_095a115b,train,300,0,6.4780008027509695,7.525763841698003,False,-0.000719605407832058,0.0015612563507226285
30618_095a115b,train,300,1,8.623638359300516,7.52638394164334,False,-0.000719605407832058,0.0016437226446557873
30618_095a115b,train,600,0,7.54103373406175,7.494895943461818,False,-0.000719605407832058,-0.0025438257222313854
30618_7b4d83f4,train,30,0,3.3609273081133297,7.598094862772369,False,-1.0642814241179632e-05,0.010471503191442133
30618_7b4d83f4,train,30,1,7.528096671382127,7.6393581979818785,False,-1.0642814241179632e-05,0.015959061053100798
30618_7b4d83f4,train,30,2,7.632012297506861,7.434482682376438,False,-1.0642814241179632e-05,-0.01128707018213887
30618_7b4d83f4,train,30,3,8.311077542350553,7.312607704106748,False,-1.0642814241179632e-05,-0.027495066742464658
30618_7b4d83f4,train,30,4,9.597696460529738,7.581821205727834,False,-1.0642814241179632e-05,0.008307290478164198
30618_7b4d83f4,train,30,5,7.815720684189314,7.2685882486328,False,-1.0642814241179632e-05,-0.03334915749217032
30618_7b4d83f4,train,30,6,7.773549237041475,7.635994979701928,False,-1.0642814241179632e-05,0.015511790981040219
30618_7b4d83f4,train,30,7,5.171467905637028,7.420986452906206,False,-1.0642814241179632e-05,-0.013081916375644098
30618_7b4d83f4,train,30,8,5.894012115856896,7.610177070759354,False,-1.0642814241179632e-05,0.012078300487117388
30618_7b4d83f4,train,30,9,7.65571299418284,7.5333811995853805,False,-1.0642814241179632e-05,0.001865316382368254
30618_7b4d83f4,train,30,10,9.338749674906436,7.379402266607471,False,-1.0642814241179632e-05,-0.01861214381086379
30618_7b4d83f4,train,30,11,11.01123220769741,7.790906386542958,True,-1.0642814241179632e-05,0.03611325967364282
30618_7b4d83f4,train,30,12,8.871063754611702,7.35,True,-1.0642814241179632e-05,-0.022522313419141737
30618_7b4d83f4,train,30,13,13.06790594123457,7.58569022345913,False,-1.0642814241179632e-05,0.008821826168516622
30618_7b4d83f4,train,30,14,7.777998935844584,7.766013467443533,False,-1.0642814241179632e-05,0.03280278238890316
30618_7b4d83f4,train,30,15,7.684280686251772,7.5034998310436745,False,-1.0642814241179632e-05,-0.002108568375749076
30618_7b4d83f4,train,30,16,7.351441391343377,7.568021794836505,False,-1.0642814241179632e-05,0.006472124577529159
30618_7b4d83f4,train,30,17,5.022978687136281,7.477338988940563,False,-1.0642814241179632e-05,-0.0055876651094871055
30618_7b4d83f4,train,30,18,8.771998409712221,7.869686198453711,True,-1.0642814241179632e-05,0.04659008550451266
30618_7b4d83f4,train,30,19,8.553943266215414,7.369788200265384,False,-1.0642814241179632e-05,-0.019890706124602142
30618_7b4d83f4,train,60,0,5.447990428281343,7.60424522636796,False,-1.0642814241179632e-05,0.0112894321331935
30618_7b4d83f4,train,60,1,7.971544919928707,7.41,True,-1.0642814241179632e-05,-0.01454299061288361
30618_7b4d83f4,train,60,2,8.708196031271331,7.38410727068836,False,-1.0642814241179632e-05,-0.01798643137142758
30618_7b4d83f4,train,60,3,6.479024634773487,7.4430983141037705,False,-1.0642814241179632e-05,-0.0101412884032685
30618_7b4d83f4,train,60,4,6.774862555019868,7.568202411982247,False,-1.0642814241179632e-05,0.00649614461936604
30618_7b4d83f4,train,60,5,10.172194147768826,7.495881898370603,False,-1.0642814241179632e-05,-0.003121667440995457
30618_7b4d83f4,train,60,6,10.955448586429416,7.35,True,-1.0642814241179632e-05,-0.022522313419141737
30618_7b4d83f4,train,60,7,7.731379295501992,7.533117944006333,False,-1.0642814241179632e-05,0.0018303063616053605
30618_7b4d83f4,train,60,8,6.1911300101223325,7.51858731613161,False,-1.0642814241179632e-05,-0.00010210314489506045
30618_7b4d83f4,train,60,9,8.663526156665425,7.354734344572153,False,-1.0642814241179632e-05,-0.021892699025520657
30618_7b4d83f4,train,120,0,6.708713557776017,7.5870664094978295,False,-1.0642814241179632e-05,0.009004843379254168
30618_7b4d83f4,train,120,1,7.593610333022409,7.420687775293918,False,-1.0642814241179632e-05,-0.013121637127034902
30618_7b4d83f4,train,120,2,8.4706925153403,7.54609320437273,False,-1.0642814241179632e-05,0.003555869544250967
30618_7b4d83f4,train,120,3,9.358377975649333,7.22687110336755,False,-1.0642814241179632e-05,-0.0388970669692868
30618_7b4d83f4,train,120,4,7.4221032394662725,7.478479552258347,False,-1.0642814241179632e-05,-0.005435983061260863
30618_7b4d83f4,train,300,0,7.075924153799886,7.522090216217753,False,-1.0642814241179632e-05,0.00036374303086178505
30618_7b4d83f4,train,300,1,8.750167948010391,7.466105369336612,False,-1.0642814241179632e-05,-0.007081609727864258
30618_7b4d83f4,train,600,0,7.908973490090501,7.497748412708653,False,-1.0642814241179632e-05,-0.0028734421005653377
30618_87afe526,train,30,0,3.228174823970824,7.877133603396947,True,-0.000641140655997352,0.04821100414811891
30618_87afe526,train,30,1,5.685045003777057,7.5452517021865715,False,-0.000641140655997352,0.004074457092914929
30618_87afe526,train,30,2,8.511408093490695,7.67,True,-0.000641140655997352,0.020664572722657704
30618_87afe526,train,30,3,5.86290522180631,7.533480924872147,False,-0.000641140655997352,0.0025090765617085675
30618_87afe526,train,30,4,5.792538867547456,7.563335096322185,False,-0.000641140655997352,0.006479344413595711
30618_87afe526,train,30,5,6.763130034862369,7.854139977312997,False,-0.000641140655997352,0.045153111397948364
30618_87afe526,train,30,6,6.412717742210022,7.480715972910065,False,-0.000641140655997352,-0.004508066514327169
30618_87afe526,train,30,7,6.448391339954784,7.340097615304573,True,-0.000641140655997352,-0.023208720977994923
30618_87afe526,train,30,8,13.238271615068337,7.4130473241191615,False,-0.000641140655997352,-0.013507233057092727
30618_87afe526,train,30,9,8.206499797304534,7.77,True,-0.000641140655997352,0.0339634440664211
30618_87afe526,train,30,10,10.05975582789249,7.4346398317822775,False,-0.000641140655997352,-0.010635673243082622
30618_87afe526,train,30,11,8.367437714883023,7.376611096397189,False,-0.000641140655997352,-0.018352840104358503
30618_87afe526,train,30,12,9.723533821252204,7.5760645678714456,False,-0.000641140655997352,0.008172220457672796
30618_87afe526,train,30,13,6.113793676769498,7.492463826115316,False,-0.000641140655997352,-0.0029457346309068044
30618_87afe526,train,30,14,8.070835651587371,7.289093573873165,True,-0.000641140655997352,-0.02999168282807768
30618_87afe526,train,30,15,7.947496398021099,7.421430570244746,False,-0.000641140655997352,-0.012392355940420263
30618_87afe526,train,30,16,8.933565374423745,7.382590805040378,False,-0.000641140655997352,-0.017557606345168952
30618_87afe526,train,30,17,8.855200935001921,7.412909831626705,False,-0.000641140655997352,-0.013525518006771764
30618_87afe526,train,30,18,7.399928366764854,7.846945739178011,True,-0.000641140655997352,0.04419635892421264
30618_87afe526,train,30,19,7.041257129622301,7.77,True,-0.000641140655997352,0.0339634440664211
30618_87afe526,train,60,0,4.445171970764973,7.674738858306153,False,-0.000641140655997352,0.02129478739195617
30618_87afe526,train,60,1,7.1871566576485035,7.555889991916847,False,-0.000641140655997352,0.0054892295573209515
30618_87afe526,train,60,2,6.285271931414223,7.33,True,-0.000641140655997352,-0.0245515898461382
30618_87afe526,train,60,3,6.430616260109643,7.431178311535845,False,-0.000641140655997352,-0.011096016367193984
30618_87afe526,train,60,4,10.718128708032658,7.41265492845545,False,-0.000641140655997352,-0.013559417251568229
30618_87afe526,train,60,5,9.213596771387756,7.428663820607484,False,-0.000641140655997352,-0.011430415280707262
30618_87afe526,train,60,6,7.921676887695727,7.499751521326704,False,-0.000641140655997352,-0.0019765534208186497
30618_87afe526,train,60,7,8.009166024804236,7.376501011135228,False,-0.000641140655997352,-0.018367480201715136
30618_87afe526,train,60,8,8.894317741992115,7.403435518482599,False,-0.000641140655997352,-0.014785494722511727
30618_87afe526,train,60,9,7.2199949627983395,7.893491162816352,True,-0.000641140655997352,0.05038637493028525
30618_87afe526,train,120,0,5.799366104532145,7.634676040407883,False,-0.000641140655997352,0.015966884782978974
30618_87afe526,train,120,1,6.361643769583271,7.373556938578272,False,-0.000641140655997352,-0.018759008623331852
30618_87afe526,train,120,2,9.961433924085098,7.4206599977100955,False,-0.000641140655997352,-0.01249483339041374
30618_87afe526,train,120,3,7.965530726612732,7.467354173791866,False,-0.000641140655997352,-0.006285034988268767
30618_87afe526,train,120,4,8.056458136056948,7.502349764230447,False,-0.000641140655997352,-0.0016310164398514737
30618_87afe526,train,300,0,7.080432285573221,7.557403729989212,False,-0.000641140655997352,0.005690539636046432
30618_87afe526,train,300,1,8.250842754197482,7.465095374454449,False,-0.000641140655997352,-0.006585429806065635
30618_87afe526,train,600,0,7.690674126431575,7.488811164190176,False,-0.000641140655997352,-0.003431497440953668
30618_0e41eac3,train,30,0,3.2452230421241905,7.784706128813257,True,-0.001133754421323352,0.0364118069822702
30618_0e41eac3,train,30,1,5.6974566410967915,7.7041643383463425,False,-0.001133754421323352,0.02570065789011189
30618_0e41eac3,train,30,2,9.203939295994116,7.406950556068783,False,-0.001133754421323352,-0.013825420630914187
30618_0e41eac3,train,30,3,7.5927993891556795,7.1923500200589,False,-0.001133754421323352,-0.042364869817895445
30618_0e41eac3,train,30,4,4.716851470198466,7.503328390703577,False,-0.001133754421323352,-0.0010082563989278759
30618_0e41eac3,train,30,5,6.514503850128346,7.617032847010784,False,-0.001133754421323352,0.014113152957493491
30618_0e41eac3,train,30,6,6.2149273447070845,7.474691631737931,False,-0.001133754421323352,-0.004816622130792703
30618_0e41eac3,train,30,7,6.323553844882342,7.396104714992526,False,-0.001133754421323352,-0.015267795081794655
30618_0e41eac3,train,30,8,7.887883664100813,7.170515568652645,True,-0.001133754421323352,-0.045268605419029884
30618_0e41eac3,train,30,9,12.447999786862171,7.171436769954579,False,-0.001133754421323352,-0.04514609604306852
30618_0e41eac3,train,30,10,8.087346661642503,7.77,True,-0.001133754421323352,0.0344560578317471
30618_0e41eac3,train,30,11,10.734686730659535,7.33,True,-0.001133754421323352,-0.0240589760808122
30618_0e41eac3,train,30,12,7.316121179630399,7.641902881760166,False,-0.001133754421323352,0.01742058688196313
30618_0e41eac3,train,30,13,7.720752998888667,7.77,True,-0.001133754421323352,0.0344560578317471
30618_0e41eac3,train,30,14,6.581925437749832,7.615762791704059,False,-0.001133754421323352,0.013944249936257314
30618_0e41eac3,train,30,15,7.1066566946561665,7.511661560786259,False,-0.001133754421323352,9.996116922506015e-05
30618_0e41eac3,train,30,16,7.257617867888901,7.80433130747754,False,-0.001133754421323352,0.03902173424381694
30618_0e41eac3,train,30,17,8.030811854989564,7.929904235800392,True,-0.001133754421323352,0.05572151642406953
30618_0e41eac3,train,30,18,8.891782180028022,7.33626488217304,False,-0.001133754421323352,-0.02322581746078123
30618_0e41eac3,train,30,19,7.565246594575939,7.77,True,-0.001133754421323352,0.0344560578317471
30618_0e41eac3,train,60,0,4.471339841610491,7.750031329819613,False,-0.001133754421323352,0.03180045007539711
30618_0e41eac3,train,60,1,8.399709725192901,7.363524237697479,False,-0.001133754421323352,-0.019600630840447053
30618_0e41eac3,train,60,2,5.61267155250466,7.5180346861603695,False,-0.001133754421323352,0.0009475149133046923
30618_0e41eac3,train,60,3,6.269240594794713,7.4435815378929835,False,-0.001133754421323352,-0.008953913486156373
30618_0e41eac3,train,60,4,10.156560404043653,7.170919569448965,False,-0.001133754421323352,-0.04521487787289946
30618_0e41eac3,train,60,5,9.411016696151018,7.33,True,-0.001133754421323352,-0.0240589760808122
30618_0e41eac3,train,60,6,7.514294101349039,7.77,True,-0.001133754421323352,0.0344560578317471
30618_0e41eac3,train,60,7,6.841490009671471,7.604973122319721,False,-0.001133754421323352,0.012509345686416817
30618_0e41eac3,train,60,8,7.643515771034982,7.85404460103232,True,-0.001133754421323352,0.04563304119441469
30618_0e41eac3,train,60,9,8.250623313726182,7.33,True,-0.001133754421323352,-0.0240589760808122
30618_0e41eac3,train,120,0,6.440439341221023,7.746673846514245,False,-0.001133754421323352,0.03135394269022773
30618_0e41eac3,train,120,1,5.940956073649687,7.497811989713949,False,-0.001133754421323352,-0.001741875469344567
30618_0e41eac3,train,120,2,9.78597215091543,7.33,True,-0.001133754421323352,-0.0240589760808122
30618_0e41eac3,train,120,3,7.184924850893644,7.6156541545639405,False,-0.001133754421323352,0.013929802422761539
30618_0e41eac3,train,120,4,7.943459113261191,7.793744260814075,False,-0.001133754421323352,0.03761377652893849
30618_0e41eac3,train,300,0,6.986503016368247,7.546049171222766,False,-0.001133754421323352,0.00467312523937069
30618_0e41eac3,train,300,1,7.94378781556758,7.642114517616676,False,-0.001133754421323352,0.017448732062237515
30618_0e41eac3,train,600,0,7.451929599412341,7.6098794362649365,False,-0.001133754421323352,0.013161830065712254
30618_68847170,train,30,0,4.105304341242965,7.511400867690231,False,-0.00046669103438842785,-0.0006017714571527055
30618_68847170,train,30,1,7.049236740307788,7.367069556473024,False,-0.00046669103438842785,-0.01979620684469599
30618_68847170,train,30,2,9.351956945021938,7.595623653237195,False,-0.00046669103438842785,0.010598908434871851
30618_68847170,train,30,3,8.858810452099851,7.77,True,-0.00046669103438842785,0.033788994444812176
30618_68847170,train,30,4,8.792316124015471,7.355701445723762,False,-0.00046669103438842785,-0.02130803726745692
30618_68847170,train,30,5,7.899842576011497,7.181439901977248,False,-0.00046669103438842785,-0.04448285577196201
30618_68847170,train,30,6,6.748778463109826,7.77,True,-0.00046669103438842785,0.033788994444812176
30618_68847170,train,30,7,4.609230552597017,7.434810477335055,False,-0.00046669103438842785,-0.01078742893217391
30618_68847170,train,30,8,9.259887065992771,7.33,True,-0.00046669103438842785,-0.024726039467747124
30618_68847170,train,30,9,8.772561449232246,7.743965130370685,False,-0.00046669103438842785,0.030326650628293067
30618_68847170,train,30,10,11.70189600528613,7.77,True,-0.00046669103438842785,0.033788994444812176
30618_68847170,train,30,11,10.142936189144644,7.289786260193214,False,-0.00046669103438842785,-0.030074012987167414
30618_68847170,train,30,12,11.352505339890957,7.556576773691265,False,-0.00046669103438842785,0.005406114160304315
30618_68847170,train,30,13,6.391640969720554,7.777338527993182,True,-0.00046669103438842785,0.03476493584115145
30618_68847170,train,30,14,6.144080238378419,7.526705080398554,False,-0.00046669103438842785,0.0014335161011031772
30618_68847170,train,30,15,9.175825227377615,7.428012834128553,False,-0.00046669103438842785,-0.01169143875661463
30618_68847170,train,30,16,4.012346062070796,7.468766525008743,False,-0.00046669103438842785,-0.006271657838623074
30618_68847170,train,30,17,6.877648493410096,7.768480817380923,True,-0.00046669103438842785,0.03358696030282446
30618_68847170,train,30,18,9.376384582395671,7.35,True,-0.00046669103438842785,-0.02206626519899449
30618_68847170,train,60,0,5.577270540775377,7.499136993940589,False,-0.00046669103438842785,-0.002232728248879129
30618_68847170,train,60,1,9.10414877412119,7.683226290595369,False,-0.00046669103438842785,0.022249070470879068
30618_68847170,train,60,2,8.346821840486031,7.256673028784812,False,-0.00046669103438842785,-0.0344776990299335
30618_68847170,train,60,3,5.680790441000761,7.428997815834862,False,-0.00046669103438842785,-0.01156044730673303
30618_68847170,train,60,4,9.017870627939402,7.360830580792857,False,-0.00046669103438842785,-0.02062592019357004
30618_68847170,train,60,5,10.922416097215386,7.734725397126215,False,-0.00046669103438842785,0.029097870391604025
30618_68847170,train,60,6,8.880538793662701,7.634055439442624,False,-0.00046669103438842785,0.015709902237442036
30618_68847170,train,60,7,7.6547435490481215,7.505114284235969,False,-0.00046669103438842785,-0.0014378161026533942
30618_68847170,train,60,8,5.419595660441338,7.4621744666778715,False,-0.00046669103438842785,-0.007148327194951537
30618_68847170,train,120,0,7.342182873084602,7.514995368985237,False,-0.00046669103438842785,-0.00012374335447998264
30618_68847170,train,120,1,7.0160278335763016,7.394225783573057,False,-0.00046669103438842785,-0.016184735140842427
30618_68847170,train,120,2,9.96853207199425,7.356918467536187,False,-0.00046669103438842785,-0.021146187102396935
30618_68847170,train,120,3,8.269740135815367,7.562929559859136,False,-0.00046669103438842785,0.006250963019513972
30618_68847170,train,300,0,7.543126701610557,7.461280301957238,False,-0.00046669103438842785,-0.007267241010749853
30618_49fe4c54,train,30,0,3.170220107133072,7.56344160016067,False,-0.0008140317446508893,0.006666399310705562
30618_49fe4c54,train,30,1,8.894333226732455,7.77,True,-0.0008140317446508893,0.03413633515507464
30618_49fe4c54,train,30,2,7.650155517943836,7.680998248732194,False,-0.0008140317446508893,0.02230010676027272
30618_49fe4c54,train,30,3,6.353200125180964,7.33,True,-0.0008140317446508893,-0.024378698757484663
30618_49fe4c54,train,30,4,4.581786373427087,7.474911702369197,False,-0.0008140317446508893,-0.005107077897347767
30618_49fe4c54,train,30,5,7.057451858452911,7.659881300135208,False,-0.0008140317446508893,0.019491790934630937
30618_49fe4c54,train,30,6,6.3458815666515,7.238796323357595,False,-0.0008140317446508893,-0.03650775837494025
30618_49fe4c54,train,30,7,6.134221100337112,7.923815938008825,True,-0.0008140317446508893,0.05459211885707138
30618_49fe4c54,train,30,8,9.38615802307654,7.77,True,-0.0008140317446508893,0.03413633515507464
30618_49fe4c54,train,30,9,10.593316755496147,7.321888652544369,True,-0.0008140317446508893,-0.02545741641985466
30618_49fe4c54,train,30,10,7.796221121442483,7.372272893019184,False,-0.0008140317446508893,-0.018756881101576695
30618_49fe4c54,train,30,11,8.908316180125581,7.77,True,-0.0008140317446508893,0.03413633515507464
30618_49fe4c54,train,30,12,8.193893491252522,7.496002874993612,False,-0.0008140317446508893,-0.002302189985135761
30618_49fe4c54,train,30,13,8.966334635178915,7.554603124831365,False,-0.0008140317446508893,0.005490981847911081
30618_49fe4c54,train,30,14,6.084805138228148,7.760198123164119,True,-0.0008140317446508893,0.03283279616539658
30618_49fe4c54,train,30,15,10.12763612172984,7.781175432422276,False,-0.0008140317446508893,0.03562254153502231
30618_49fe4c54,train,30,16,8.639691290384885,7.586471425967061,False,-0.0008140317446508893,0.00972910621539047
30618_49fe4c54,train,30,17,8.064248261362296,7.443896542145336,False,-0.0008140317446508893,-0.0092317441525811
30618_49fe4c54,train,30,18,9.101820437812695,7.637225853892339,False,-0.0008140317446508893,0.016478872286436297
30618_49fe4c54,train,30,19,7.339065812970606,7.396392490989713,False,-0.0008140317446508893,-0.015549246798842953
30618_49fe4c54,train,30,20,5.229961268974866,7.521686274205702,False,-0.0008140317446508893,0.0011134122327852713
30618_49fe4c54,train,60,0,6.151079014698033,7.568351539097682,False,-0.0008140317446508893,0.007319365772996078
30618_49fe4c54,train,60,1,6.982703431134717,7.34,True,-0.0008140317446508893,-0.023048811623108345
30618_49fe4c54,train,60,2,5.819619115939999,7.48077626888203,False,-0.0008140317446508893,-0.004327156741936622
30618_49fe4c54,train,60,3,6.2409376838557575,7.4336161688450995,False,-0.0008140317446508893,-0.010598917771438177
30618_49fe4c54,train,60,4,9.9867144542302,7.3834929369715505,False,-0.0008140317446508893,-0.017264741891637736
30618_49fe4c54,train,60,5,8.351340357746734,7.583162267207422,False,-0.0008140317446508893,0.009289025449385035
30618_49fe4c54,train,60,6,8.580758838794956,7.5392493630647515,False,-0.0008140317446508893,0.0034491048241410693
30618_49fe4c54,train,60,7,8.113003903441244,7.763222040235345,True,-0.0008140317446508893,0.03323494300624119
30618_49fe4c54,train,60,8,8.349527318195227,7.553600425075129,False,-0.0008140317446508893,0.005357634097365005
30618_49fe4c54,train,60,9,8.232516787205636,7.403380668241259,False,-0.0008140317446508893,-0.014619898096885797
30618_49fe4c54,train,120,0,6.585978912042509,7.57011251084292,False,-0.0008140317446508893,0.007553555139795276
30618_49fe4c54,train,120,1,6.030102115978249,7.461043420153902,False,-0.0008140317446508893,-0.006951402906749893
30618_49fe4c54,train,120,2,9.169027405988468,7.451170265351626,False,-0.0008140317446508893,-0.008264421061475069
30618_49fe4c54,train,120,3,8.347468511204319,7.68393514448128,False,-0.0008140317446508893,0.02269068074744418
30618_49fe4c54,train,120,4,8.291271435758807,7.456693892519407,False,-0.0008140317446508893,-0.007529840990922798
30618_49fe4c54,train,300,0,7.0585323779542595,7.516317972857049,False,-0.0008140317446508893,0.0003994887430823768
30618_49fe4c54,train,300,1,8.326032739913899,7.604810608142242,False,-0.0008140317446508893,0.012168010458366019
30618_49fe4c54,train,600,0,7.698974062888566,7.559878774056686,False,-0.0008140317446508893,0.00619258365093478
30618_ab5921a4,train,30,0,3.2007710867238273,7.80997538292282,True,-0.000964171188574503,0.039602749343080945
30618_ab5921a4,train,30,1,8.067239745198545,7.73,True,-0.000964171188574503,0.02896692606149298
30618_ab5921a4,train,30,2,7.329187281338366,7.77,True,-0.000964171188574503,0.03428647459899825
30618_ab5921a4,train,30,3,4.027821478648004,7.177775115262564,True,-0.000964171188574503,-0.04447275088798497
30618_ab5921a4,train,30,4,6.484126050447568,7.368736253172853,False,-0.000964171188574503,-0.019077074840708974
30618_ab5921a4,train,30,5,6.42986748307061,7.7744450696017156,True,-0.000964171188574503,0.0348776186864711
30618_ab5921a4,train,30,6,6.19997900300101,7.2976621596353235,True,-0.000964171188574503,-0.02852912709901101
30618_ab5921a4,train,30,7,9.563628105237829,7.440948718226503,False,-0.000964171188574503,-0.009473632019063816
30618_ab5921a4,train,30,8,10.643206934912056,7.1344442912255435,True,-0.000964171188574503,-0.05023526142886092
30618_ab5921a4,train,30,9,10.098980304462517,7.784249743945191,True,-0.000964171188574503,0.03618152971308486
30618_ab5921a4,train,30,10,9.218471481824947,7.77,True,-0.000964171188574503,0.03428647459899825
30618_ab5921a4,train,30,11,7.918307393814195,7.33,True,-0.000964171188574503,-0.02422855931356105
30618_ab5921a4,train,30,12,7.6461888825298105,7.83002449243407,False,-0.000964171188574503,0.04226905462255226
30618_ab5921a4,train,30,13,5.284770170694513,7.665516976217351,False,-0.000964171188574503,0.02039141169006997
30618_ab5921a4,train,30,14,7.6116187658492676,7.146784575372411,False,-0.000964171188574503,-0.048594142916714156
30618_ab5921a4,train,30,15,7.434944020286436,7.690367238370997,False,-0.000964171188574503,0.0236962160824713
30618_ab5921a4,train,30,16,7.252658178598856,7.474353606453968,False,-0.000964171188574503,-0.005031158911165234
30618_ab5921a4,train,30,17,7.988810741585307,7.528654043510172,False,-0.000964171188574503,0.0021901863520407128
30618_ab5921a4,train,30,18,6.322454062983922,7.228677512527109,True,-0.000964171188574503,-0.037703306564881744
30618_ab5921a4,train,30,19,6.724571913543828,7.77,True,-0.000964171188574503,0.03428647459899825
30618_ab5921a4,train,60,0,5.5971382291545595,7.846044555496614,True,-0.000964171188574503,0.0443995421984299
30618_ab5921a4,train,60,1,5.665708388509889,7.77,True,-0.000964171188574503,0.03428647459899825
30618_ab5921a4,train,60,2,6.456282838240971,7.757406447032596,False,-0.000964171188574503,0.032611674192254525
30618_ab5921a4,train,60,3,7.943635339087009,7.325595769817085,False,-0.000964171188574503,-0.02481427221927024
30618_ab5921a4,train,60,4,10.369726216093193,7.435658135386619,False,-0.000964171188574503,-0.010177219824275108
30618_ab5921a4,train,60,5,8.568389437819572,7.576568928065243,False,-0.000964171188574503,0.008562325203532395
30618_ab5921a4,train,60,6,6.465479526612163,7.7136294856039225,False,-0.000964171188574503,0.026789832413646297
30618_ab5921a4,train,60,7,7.523281393067852,7.348447179987897,False,-0.000964171188574503,-0.021775292580418215
30618_ab5921a4,train,60,8,7.621344868519101,7.501897029849083,False,-0.000964171188574503,-0.0013681944701808835
30618_ab5921a4,train,60,9,6.522842791846275,7.33,True,-0.000964171188574503,-0.02422855931356105
30618_ab5921a4,train,120,0,5.631029227456619,7.77,True,-0.000964171188574503,0.03428647459899825
30618_ab5921a4,train,120,1,7.208252875843429,7.383560820548267,False,-0.000964171188574503,-0.01710557469818308
30618_ab5921a4,train,120,2,9.465301912072576,7.51925537087972,False,-0.000964171188574503,0.000940268970895275
30618_ab5921a4,train,120,3,6.994380459840007,7.69758840705766,False,-0.000964171188574503,0.02465655001562672
30618_ab5921a4,train,120,4,7.073463533520186,7.340247043094509,False,-0.000964171188574503,-0.022865818235882407
30618_ab5921a4,train,300,0,7.296871976032343,7.852170093505731,True,-0.000964171188574503,0.04521416961737568
30618_ab5921a4,train,300,1,7.3413655987355,7.617555639551119,False,-0.000964171188574503,0.01401309523207861
30618_ab5921a4,train,600,0,7.320238515043699,7.775276825135568,True,-0.000964171188574503,0.03498823278481289
30618_073f08d1,train,30,0,3.15798076202121,7.317706206543922,False,-0.00043914616516244065,-0.026388520111965075
30618_073f08d1,train,30,1,6.475698631990727,7.822357556337471,True,-0.00043914616516244065,0.040724413631645084
30618_073f08d1,train,30,2,7.797623709334532,7.4422033168591515,False,-0.00043914616516244065,-0.009831809584439355
30618_073f08d1,train,30,3,8.380696972950092,7.860690096029263,True,-0.00043914616516244065,0.045822208768053485
30618_073f08d1,train,30,4,9.185909499642808,7.167169125516512,True,-0.00043914616516244065,-0.046408252842457254
30618_073f08d1,train,30,5,7.563250615539838,7.604036570450016,False,-0.00043914616516244065,0.01169018660203619
30618_073f08d1,train,30,6,7.8634850605580775,7.586227968688009,False,-0.00043914616516244065,0.009321843565583687
30618_073f08d1,train,30,7,4.704817516592416,7.452685814896216,False,-0.00043914616516244065,-0.008437755656877599
30618_073f08d1,train,30,8,6.444862976087861,7.522520332407746,False,-0.00043914616516244065,0.0008494469805188642
30618_073f08d1,train,30,9,9.952813291475483,7.848718170109466,True,-0.00043914616516244065,0.04423007774260895
30618_073f08d1,train,30,10,9.788158770183065,7.77,True,-0.00043914616516244065,0.03376144957558619
30618_073f08d1,train,30,11,8.656588633026,7.489229937515635,False,-0.00043914616516244065,-0.0035777998060138594
30618_073f08d1,train,30,12,13.252609979330854,7.77,True,-0.00043914616516244065,0.03376144957558619
30618_073f08d1,train,30,13,9.01803285145964,7.787844184416652,False,-0.00043914616516244065,0.0361345247035007
30618_073f08d1,train,30,14,5.637156604621884,7.704518836734151,False,-0.00043914616516244065,0.025053193918461225
30618_073f08d1,train,30,15,8.729805233027294,7.405046906930335,False,-0.00043914616516244065,-0.014773192736834029
30618_073f08d1,train,30,16,4.302124417522733,7.552225347745694,False,-0.00043914616516244065,0.004799878752957676
30618_073f08d1,train,30,17,8.542428271152252,7.72136531803656,False,-0.00043914616516244065,0.027293585792819763
30618_073f08d1,train,30,18,9.220836349920427,7.33,True,-0.00043914616516244065,-0.02475358433697311
30618_073f08d1,train,60,0,4.822387720199897,7.292563922057031,False,-0.00043914616516244065,-0.029732160178759626
30618_073f08d1,train,60,1,8.089160341142312,7.639671986925877,False,-0.00043914616516244065,0.016429294791975246
30618_073f08d1,train,60,2,8.369171194644313,7.542590304769451,False,-0.00043914616516244065,0.003518526783630793
30618_073f08d1,train,60,3,6.286805631049169,7.47867351307708,False,-0.00043914616516244065,-0.004981685110598877
30618_073f08d1,train,60,4,8.178133536641948,7.452038183439113,False,-0.00043914616516244065,-0.008523883331139459
30618_073f08d1,train,60,5,9.226222579622075,7.633588733737765,False,-0.00043914616516244065,0.015620290776972856
30618_073f08d1,train,60,6,11.157845761820095,7.801830106215743,False,-0.00043914616516244065,0.03799449444980113
30618_073f08d1,train,60,7,7.167030660162858,7.664822016960281,False,-0.00043914616516244065,0.019773964929168553
30618_073f08d1,train,60,8,6.4260964378993215,7.617681462164068,False,-0.00043914616516244065,0.013504803196083992
30618_073f08d1,train,120,0,6.463927373319047,7.598067419403486,False,-0.00043914616516244065,0.01089635688404339
30618_073f08d1,train,120,1,7.332344826159701,7.484008514992416,False,-0.00043914616516244065,-0.004272190069691095
30618_073f08d1,train,120,2,8.69995941070826,7.522133423702443,False,-0.00043914616516244065,0.0007979924895828439
30618_073f08d1,train,120,3,9.162438210991477,7.759185911004414,False,-0.00043914616516244065,0.032323297793063144
30618_073f08d1,train,300,0,7.150978581009704,7.501093375048491,False,-0.00043914616516244065,-0.0020000965115715696
30618_0652866c,train,30,0,3.258560281332372,7.627359025554989,False,-0.0013898623960291179,0.015742526131520274
30618_0652866c,train,30,1,7.868988338464121,7.622278043423133,False,-0.0013898623960291179,0.015066812854805267
30618_0652866c,train,30,2,8.356179961391929,7.59309023931923,False,-0.0013898623960291179,0.011185164338957332
30618_0652866c,train,30,3,7.267475944852655,7.251225150301282,True,-0.0013898623960291179,-0.03427903401878207
30618_0652866c,train,30,4,4.562049558631881,7.424776087183642,False,-0.0013898623960291179,-0.01119871820690077
30618_0652866c,train,30,5,6.664317311570871,7.558094691792911,False,-0.0013898623960291179,0.006531151497386478
30618_0652866c,train,30,6,6.350545028818965,7.43,True,-0.0013898623960291179,-0.010503996762343037
30618_0652866c,train,30,7,6.335541279067529,7.324634721795556,True,-0.0013898623960291179,-0.024516389551750395
30618_0652866c,train,30,8,8.365823061535194,7.677109626061192,False,-0.0013898623960291179,0.022358794485590083
30618_0652866c,train,30,9,12.15738176009089,7.2714646119776845,True,-0.0013898623960291179,-0.03158741404976695
30618_0652866c,train,30,10,9.79209623869088,7.718294467868301,False,-0.0013898623960291179,0.027835913610649854
30618_0652866c,train,30,11,7.980644986248445,7.213321116616651,True,-0.0013898623960291179,-0.03931984269259792
30618_0652866c,train,30,12,7.702681629753208,7.807710261876113,False,-0.0013898623960291179,0.03972720501675342
30618_0652866c,train,30,13,7.868567620431068,7.4818059974771,False,-0.0013898623960291179,-0.00361438380951018
30618_0652866c,train,30,14,6.31528229264994,7.657757187388635,False,-0.0013898623960291179,0.01978513856464592
30618_0652866c,train,30,15,7.819979754055191,7.349600434561008,False,-0.0013898623960291179,-0.02119623153101946
30618_0652866c,train,30,16,7.413929806144957,7.423677595744874,False,-0.0013898623960291179,-0.011344805170064753
30618_0652866c,train,30,17,8.144404264463452,7.623913029000865,False,-0.0013898623960291179,0.015284247483276836
30618_0652866c,train,30,18,9.710835969133484,7.715091685778227,True,-0.0013898623960291179,0.027409979741069845
30618_0652866c,train,30,19,7.913604036976204,7.397368882296039,False,-0.0013898623960291179,-0.014843567123824841
30618_0652866c,train,30,20,4.343452204842101,7.551609844050168,False,-0.0013898623960291179,0.00566873993924033
30618_0652866c,train,30,21,4.017611016616288,7.697391274675833,False,-0.0013898623960291179,0.02505602484124525
30618_0652866c,train,60,0,5.723200326827101,7.619594628117288,False,-0.0013898623960291179,0.014709948905661907
30618_0652866c,train,60,1,7.811827953122292,7.504991034873682,False,-0.0013898623960291179,-0.0005310355151352253
30618_0652866c,train,60,2,5.616698933015989,7.473704396461448,False,-0.0013898623960291179,-0.004691805305366725
30618_0652866c,train,60,3,6.343030671622322,7.43,True,-0.0013898623960291179,-0.010503996762343037
30618_0652866c,train,60,4,10.25528314631545,7.393107418970713,False,-0.0013898623960291179,-0.015410293648821627
30618_0652866c,train,60,5,8.8893896978904,7.289652851384164,True,-0.0013898623960291179,-0.0291685834914035
30618_0652866c,train,60,6,7.785069822447732,7.7,True,-0.0013898623960291179,0.025402955865818422
30618_0652866c,train,60,7,7.0663708077232465,7.543063471336275,False,-0.0013898623960291179,0.004532168827461103
30618_0652866c,train,60,8,7.782881312210908,7.450676721809198,False,-0.0013898623960291179,-0.007754226130829878
30618_0652866c,train,60,9,8.8325365379401,7.436201104972912,False,-0.0013898623960291179,-0.009679319790103724
30618_0652866c,train,60,10,4.182246564351435,7.622511546705007,False,-0.0013898623960291179,0.015097866155844963
30618_0652866c,train,120,0,6.82732065790826,7.563753679710301,False,-0.0013898623960291179,0.00728373301987939
30618_0652866c,train,120,1,5.980773474218997,7.449204617456568,False,-0.0013898623960291179,-0.007949999394732177
30618_0652866c,train,120,2,9.572336422102927,7.345423571780798,False,-0.0013898623960291179,-0.02175170713836516
30618_0652866c,train,120,3,7.426021025970311,7.616323325511508,False,-0.0013898623960291179,0.014274902580854176
30618_0652866c,train,120,4,8.300951487999995,7.442921256777537,False,-0.0013898623960291179,-0.008785615447501005
30618_0652866c,train,300,0,7.182387944820627,7.4912502762763795,False,-0.0013898623960291179,-0.002358401322647641
30618_0652866c,train,300,1,8.067005887935391,7.5156053267063525,False,-0.0013898623960291179,0.0008805454997432571
30618_0652866c,train,600,0,7.626648058770356,7.497496230960505,False,-0.0013898623960291179,-0.0015277598450159635
30618_9c09b081,train,30,0,3.2470796179073225,7.7154777180398595,True,-0.0012917594621631168,0.027363214741023906
30618_9c09b081,train,30,1,9.554555168092746,7.33,True,-0.0012917594621631168,-0.023900971039972435
30618_9c09b081,train,30,2,7.357780539949398,7.614813950078224,False,-0.0012917594621631168,0.01397606975002133
30618_9c09b081,train,30,3,5.357283841850876,7.77,True,-0.0012917594621631168,0.034614062872586865
30618_9c09b081,train,30,4,5.5662702434579545,7.799230033177242,False,-0.0012917594621631168,0.038501327378567735
30618_9c09b081,train,30,5,7.046772469445535,7.303957798516008,False,-0.0012917594621631168,-0.02736428991041237
30618_9c09b081,train,30,6,6.2719167515559775,7.450458360760571,False,-0.0012917594621631168,-0.007881368619617718
30618_9c09b081,train,30,7,6.1374760680081035,7.6004102285286566,False,-0.0012917594621631168,0.012060537352430317
30618_9c09b081,train,30,8,11.720368442393033,7.348267311951913,True,-0.0012917594621631168,-0.021471624725523636
30618_9c09b081,train,30,9,9.858162698609734,7.474782488506385,False,-0.0012917594621631168,-0.004646534165209187
30618_9c09b081,train,30,10,5.908437830034953,7.191879293262612,True,-0.0012917594621631168,-0.04226946612807467
30618_9c09b081,train,30,11,7.761124548054124,7.691382207577562,False,-0.0012917594621631168,0.02415878380501993
30618_9c09b081,train,30,12,9.63970684598415,7.777820563735361,False,-0.0012917594621631168,0.03565410958210949
30618_9c09b081,train,30,13,7.706237733759636,7.426048068793087,False,-0.0012917594621631168,-0.011127661943010375
30618_9c09b081,train,30,14,7.259175691045794,7.485120298371161,False,-0.0012917594621631168,-0.0032717221315297917
30618_9c09b081,train,30,15,7.060499881902115,7.38,True,-0.0012917594621631168,-0.017251535368090737
30618_9c09b081,train,30,16,7.288752992051246,7.712813892712311,False,-0.0012917594621631168,0.02700895603789058
30618_9c09b081,train,30,17,7.9569438400259385,7.79291912834325,True,-0.0012917594621631168,0.03766204826406774
30618_9c09b081,train,30,18,9.56332630548404,7.917696688004433,True,-0.0012917594621631168,0.05425605538929615
30618_9c09b081,train,30,19,8.130268218983929,7.785477013520124,False,-0.0012917594621631168,0.03667233098848513
30618_9c09b081,train,30,20,5.042586719343711,7.629769214503693,False,-0.0012917594621631168,0.01596495112508392
30618_9c09b081,train,60,0,6.419260303965489,7.70822724680653,False,-0.0012917594621631168,0.026398983899886846
30618_9c09b081,train,60,1,6.33499626622485,7.77,True,-0.0012917594621631168,0.034614062872586865
30618_9c09b081,train,60,2,6.308997112682493,7.448914791965891,False,-0.0012917594621631168,-0.008086645847724644
30618_9c09b081,train,60,3,6.204809006669434,7.4901307619213675,False,-0.0012917594621631168,-0.002605387030261558
30618_9c09b081,train,60,4,10.784602283997751,7.418561580882411,False,-0.0012917594621631168,-0.012123280338417558
30618_9c09b081,train,60,5,6.834781189044539,7.718672688973719,False,-0.0012917594621631168,0.027788109814988388
30618_9c09b081,train,60,6,8.671369081652802,7.477600967140677,False,-0.0012917594621631168,-0.004271708317783313
30618_9c09b081,train,60,7,7.16000307416875,7.463623103284598,False,-0.0012917594621631168,-0.006130606448609605
30618_9c09b081,train,60,8,7.624521681935024,7.759124640892955,True,-0.0012917594621631168,0.03316776285676862
30618_9c09b081,train,60,9,8.848001512726842,7.72,True,-0.0012917594621631168,0.027964627200705056
30618_9c09b081,train,120,0,6.3746544784826,7.77,True,-0.0012917594621631168,0.034614062872586865
30618_9c09b081,train,120,1,6.256946653025759,7.48578341954092,False,-0.0012917594621631168,-0.0031835345003102533
30618_9c09b081,train,120,2,8.811341620019455,7.531435914136125,False,-0.0012917594621631168,0.002887732021124717
30618_9c09b081,train,120,3,7.916941365292408,7.4687859907150225,False,-0.0012917594621631168,-0.005444000691614076
30618_9c09b081,train,120,4,8.234212217379858,7.829009094481596,True,-0.0012917594621631168,0.042461606428814164
30618_9c09b081,train,300,0,7.241817406389205,7.80425777854364,True,-0.0012917594621631168,0.03916996076633697
30618_9c09b081,train,300,1,7.827385161018772,7.547672974995364,False,-0.0012917594621631168,0.005047077854803544
30618_9c09b081,train,600,0,7.540178119462366,7.563680966663772,False,-0.0012917594621631168,0.007175960071505366
30618_e2dcf65f,train,30,0,3.9196199904399665,7.665145652301533,False,-0.000739812186933031,0.020117670798595222
30618_e2dcf65f,train,30,1,6.913850170838277,7.71,True,-0.000739812186933031,0.026082792791098652
30618_e2dcf65f,train,30,2,9.138241193821639,7.6515031539063365,False,-0.000739812186933031,0.018303372488943148
30618_e2dcf65f,train,30,3,8.663054162896106,7.77,True,-0.000739812186933031,0.03406211559735678
30618_e2dcf65f,train,30,4,8.084127167865763,7.443304050484447,False,-0.000739812186933031,-0.009384758414003158
30618_e2dcf65f,train,30,5,7.776188051756381,7.38734687902186,False,-0.000739812186933031,-0.016826430654421742
30618_e2dcf65f,train,30,6,5.283583423042475,7.419100636738278,False,-0.000739812186933031,-0.01260353926890484
30618_e2dcf65f,train,30,7,5.298669346544049,7.5246734587979445,False,-0.000739812186933031,0.001436454510790497
30618_e2dcf65f,train,30,8,11.549019515441731,7.60466826537336,False,-0.000739812186933031,0.01207486091894755
30618_e2dcf65f,train,30,9,10.066026081113227,7.77,True,-0.000739812186933031,0.03406211559735678
30618_e2dcf65f,train,30,10,8.370233542995894,7.46,True,-0.000739812186933031,-0.007164385568310061
30618_e2dcf65f,train,30,11,10.80767292930168,7.33,True,-0.000739812186933031,-0.02445291831520252
30618_e2dcf65f,train,30,12,12.609078584597768,7.675741854673577,False,-0.000739812186933031,0.021526846119378218
30618_e2dcf65f,train,30,13,6.9693050358898345,7.741124488912188,True,-0.000739812186933031,0.030221998527934557
30618_e2dcf65f,train,30,14,6.942001534785825,7.704661409612098,False,-0.000739812186933031,0.02537282052384099
30618_e2dcf65f,train,30,15,8.425025552442362,7.33,True,-0.000739812186933031,-0.02445291831520252
30618_e2dcf65f,train,30,16,4.207865816387192,7.463517506427051,False,-0.000739812186933031,-0.0066965969140679316
30618_e2dcf65f,train,30,17,8.420284765402904,7.33,True,-0.000739812186933031,-0.02445291831520252
30618_e2dcf65f,train,30,18,11.071860184116206,7.796468765142056,True,-0.000739812186933031,0.03758216261988173
30618_e2dcf65f,train,60,0,5.397219613913993,7.8239783191853896,False,-0.000739812186933031,0.04124062281934776
30618_e2dcf65f,train,60,1,8.899701090647866,7.77,True,-0.000739812186933031,0.03406211559735678
30618_e2dcf65f,train,60,2,7.9213674508797745,7.4269654862464805,False,-0.000739812186933031,-0.011557603051428444
30618_e2dcf65f,train,60,3,5.291164289123668,7.478378200627292,False,-0.000739812186933031,-0.004720292311587715
30618_e2dcf65f,train,60,4,10.803796684120876,7.77,True,-0.000739812186933031,0.03406211559735678
30618_e2dcf65f,train,60,5,9.584863572748946,7.33,True,-0.000739812186933031,-0.02445291831520252
30618_e2dcf65f,train,60,6,9.765574668080031,7.723947989110383,False,-0.000739812186933031,0.027937717917930704
30618_e2dcf65f,train,60,7,7.683513543614093,7.295096539639711,False,-0.000739812186933031,-0.029094684603038934
30618_e2dcf65f,train,60,8,6.314075290895048,7.422284735737741,False,-0.000739812186933031,-0.012180090039508207
30618_e2dcf65f,train,120,0,7.089467642133824,7.77,True,-0.000739812186933031,0.03406211559735678
30618_e2dcf65f,train,120,1,6.543971584591707,7.475114398974269,False,-0.000739812186933031,-0.005154341094338821
30618_e2dcf65f,train,120,2,10.194840997299693,7.674225727565648,False,-0.000739812186933031,0.021325218325886686
30618_e2dcf65f,train,120,3,8.723672950564861,7.734303681839757,False,-0.000739812186933031,0.029314908170765486
30618_e2dcf65f,train,300,0,7.664247516942274,7.5307708222764695,False,-0.000739812186933031,0.0022473350351612242
30618_28538acf,train,30,0,3.234554966805682,7.512011796924009,False,-0.0015548776981706702,0.0005676618994310545
30618_28538acf,train,30,1,5.479855004500421,7.518055311890683,False,-0.0015548776981706702,0.001371381179490233
30618_28538acf,train,30,2,6.042111517392757,7.512105172207287,False,-0.0015548776981706702,0.0005800797582210804
30618_28538acf,train,30,3,7.638839469250958,7.49,True,-0.0015548776981706702,-0.0023596586539433584
30618_28538acf,train,30,4,4.696530964929771,7.394012755982539,False,-0.0015548776981706702,-0.015124878742249853
30618_28538acf,train,30,5,6.539167407268606,7.242423137931778,True,-0.0015548776981706702,-0.03528458701732304
30618_28538acf,train,30,6,6.303945513413202,7.759360678733001,False,-0.0015548776981706702,0.03346227146144656
30618_28538acf,train,30,7,6.300956981004684,7.77,True,-0.0015548776981706702,0.03487718110859442
30618_28538acf,train,30,8,9.356296778994059,7.33,True,-0.0015548776981706702,-0.02363785280396488
30618_28538acf,train,30,9,9.897726621876796,7.33,True,-0.0015548776981706702,-0.02363785280396488
30618_28538acf,train,30,10,11.169612218107627,7.521211955863916,False,-0.0015548776981706702,0.0017911792002711924
30618_28538acf,train,30,11,8.25888257683276,7.588318314211036,False,-0.0015548776981706702,0.010715567460339442
30618_28538acf,train,30,12,7.095325650199768,7.33,True,-0.0015548776981706702,-0.02363785280396488
30618_28538acf,train,30,13,7.502517028681402,7.461402919795128,False,-0.0015548776981706702,-0.006162747558462217
30618_28538acf,train,30,14,6.682576185452032,7.730473428349858,False,-0.0015548776981706702,0.029620593198241424
30618_28538acf,train,30,15,7.363388656798864,7.33,True,-0.0015548776981706702,-0.02363785280396488
30618_28538acf,train,30,16,7.7343116565972165,7.33,True,-0.0015548776981706702,-0.02363785280396488
30618_28538acf,train,30,17,9.971339702864924,7.7124952035391106,False,-0.0015548776981706702,0.027229692210767792
30618_28538acf,train,30,18,8.066567932338568,7.265830633984232,False,-0.0015548776981706702,-0.032171654232510644
30618_28538acf,train,30,19,5.115630602096011,7.468865059344404,False,-0.0015548776981706702,-0.005170367220311806
30618_28538acf,train,60,0,4.337981526426213,7.517318235055315,False,-0.0015548776981706702,0.0012733582794498821
30618_28538acf,train,60,1,6.826851534688255,7.480992530775226,False,-0.0015548776981706702,-0.0035575503974751566
30618_28538acf,train,60,2,5.60531424431457,7.358093663702507,False,-0.0015548776981706702,-0.01990171261241888
30618_28538acf,train,60,3,6.302458936400388,7.77,True,-0.0015548776981706702,0.03487718110859442
30618_28538acf,train,60,4,9.623692953587636,7.33,True,-0.0015548776981706702,-0.02363785280396488
30618_28538acf,train,60,5,9.730009471339912,7.549527149162361,False,-0.0015548776981706702,0.005556780327769212
30618_28538acf,train,60,6,7.293481759957051,7.394020294328332,False,-0.0015548776981706702,-0.015123876227341432
30618_28538acf,train,60,7,7.033620115990242,7.776589374953442,False,-0.0015548776981706702,0.035753493606010905
30618_28538acf,train,60,8,8.849072276968876,7.460753260886997,False,-0.0015548776981706702,-0.00624914486082781
30618_28538acf,train,60,9,6.593554289954595,7.449317237731004,False,-0.0015548776981706702,-0.00777000686718618
30618_28538acf,train,120,0,5.584543769880535,7.512869497636307,False,-0.0015548776981706702,0.0006817264136740608
30618_28538acf,train,120,1,5.952398237043889,7.77,True,-0.0015548776981706702,0.03487718110859442
30618_28538acf,train,120,2,9.676047932107421,7.33,True,-0.0015548776981706702,-0.02363785280396488
30618_28538acf,train,120,3,7.157408753661703,7.3968617111036945,False,-0.0015548776981706702,-0.014745999866045828
30618_28538acf,train,120,4,7.71660251072361,7.448461819672144,False,-0.0015548776981706702,-0.00788376781428532
30618_28538acf,train,300,0,6.524485996853421,7.522069341415465,False,-0.0015548776981706702,0.0019052018016916528
30618_28538acf,train,300,1,7.89208982163674,7.459431096242414,False,-0.0015548776981706702,-0.006424977835863571
30618_28538acf,train,600,0,7.2010500267783275,7.4973785302867535,False,-0.0015548776981706702,-0.00137839740404741
30618_8158f0b0,train,30,0,3.3264067535761552,7.475477402929847,False,-0.0016136246932271503,-0.004232253159019622
30618_8158f0b0,train,30,1,6.969255868453598,7.49090743509312,False,-0.0016136246932271503,-0.00218023303332468
30618_8158f0b0,train,30,2,8.578533655346133,7.777064534805813,False,-0.0016136246932271503,0.035875431498511384
30618_8158f0b0,train,30,3,7.2328972828937435,7.667943790350209,False,-0.0016136246932271503,0.021363604084003646
30618_8158f0b0,train,30,4,4.18414978583862,7.539245368464713,False,-0.0016136246932271503,0.004248166535997605
30618_8158f0b0,train,30,5,6.433667992589748,7.6988617580167285,False,-0.0016136246932271503,0.02547534482608041
30618_8158f0b0,train,30,6,6.502333094430552,7.83066284381637,False,-0.0016136246932271503,0.04300340165625807
30618_8158f0b0,train,30,7,6.52125132318785,7.495490531350884,False,-0.0016136246932271503,-0.0015707329584437602
30618_8158f0b0,train,30,8,7.022455601555413,7.619081131240664,False,-0.0016136246932271503,0.014865421913883653
30618_8158f0b0,train,30,9,12.548985954762287,7.602879855675737,False,-0.0016136246932271503,0.012710835120455372
30618_8158f0b0,train,30,10,9.114702462122416,7.397798137836357,False,-0.0016136246932271503,-0.014562718684583892
30618_8158f0b0,train,30,11,9.834188252481075,7.54922286946422,False,-0.0016136246932271503,0.005575061557244659
30618_8158f0b0,train,30,12,8.996503435396837,7.77,True,-0.0016136246932271503,0.0349359281036509
30618_8158f0b0,train,30,13,6.455807854038739,7.813222474146772,False,-0.0016136246932271503,0.04068402933202156
30618_8158f0b0,train,30,14,7.4811097391483115,7.443164925081875,False,-0.0016136246932271503,-0.008529448016003499
30618_8158f0b0,train,30,15,7.179490597130059,7.570690837871588,False,-0.0016136246932271503,0.0084300590558605
30618_8158f0b0,train,30,16,9.178742549506742,7.37,True,-0.0016136246932271503,-0.01825955727140302
30618_8158f0b0,train,30,17,8.817941978377934,7.553459332129966,False,-0.0016136246932271503,0.006138463276688905
30618_8158f0b0,train,30,18,7.612900943597167,7.704475624415788,False,-0.0016136246932271503,0.02622192569590212
30618_8158f0b0,train,60,0,5.147831311014877,7.485413886771947,False,-0.0016136246932271503,-0.0029108129567649577
30618_8158f0b0,train,60,1,7.905715469119938,7.705460797868894,False,-0.0016136246932271503,0.026352942645943594
30618_8158f0b0,train,60,2,5.310792907812803,7.554868515426877,False,-0.0016136246932271503,0.006325868750342828
30618_8158f0b0,train,60,3,6.511808000319016,7.734322642035757,False,-0.0016136246932271503,0.0301912421691323
30618_8158f0b0,train,60,4,9.795024701312396,7.608879317213339,False,-0.0016136246932271503,0.013508695791659614
30618_8158f0b0,train,60,5,9.474445357301747,7.5217738574816355,False,-0.0016136246932271503,0.0019246527685465031
30618_8158f0b0,train,60,6,7.734946978909339,7.904305375026627,False,-0.0016136246932271503,0.052797027136200964
30618_8158f0b0,train,60,7,7.328956054315574,7.424861477972206,False,-0.0016136246932271503,-0.010963599898592274
30618_8158f0b0,train,60,8,9.000625811860877,7.35,True,-0.0016136246932271503,-0.020919331540155767
30618_8158f0b0,train,120,0,6.524471316479674,7.579075806593366,False,-0.0016136246932271503,0.009545165258384364
30618_8158f0b0,train,120,1,5.912304647287068,7.5583425658214205,False,-0.0016136246932271503,0.006787878242730777
30618_8158f0b0,train,120,2,9.635276548469253,7.557371919143991,False,-0.0016136246932271503,0.006658793189896844
30618_8158f0b0,train,120,3,7.534981299631813,7.601124161069014,False,-0.0016136246932271503,0.012477347553517731
30618_8158f0b0,train,300,0,6.929610999959018,7.573619864569348,False,-0.0016136246932271503,0.008819586548019981
30618_21dd3af3,train,30,0,5.089102198382804,7.4357802576310155,False,-0.0013694928852553412,-0.009755657247429994
30618_21dd3af3,train,30,1,7.871514250474686,7.77,True,-0.0013694928852553412,0.03469179629567909
30618_21dd3af3,train,30,2,8.666778380017663,7.177546171798421,True,-0.0013694928852553412,-0.04409787608805049
30618_21dd3af3,train,30,3,8.340248785092644,7.77,True,-0.0013694928852553412,0.03469179629567909
30618_21dd3af3,train,30,4,8.422410148442504,7.611882064451234,False,-0.0013694928852553412,0.013663895475633958
30618_21dd3af3,train,30,5,6.3997828109168715,7.581066343148342,False,-0.0013694928852553412,0.009565752345909506
30618_21dd3af3,train,30,6,5.569475805662963,7.508666911161952,False,-0.0013694928852553412,-6.255496757601176e-05
30618_21dd3af3,train,30,7,10.511191890119655,7.351871653997976,False,-0.0013694928852553412,-0.020914554490936377
30618_21dd3af3,train,30,8,11.662958075254855,7.408360741644657,False,-0.0013694928852553412,-0.013402143401538447
30618_21dd3af3,train,30,9,7.421174375523578,7.3407765566612335,False,-0.0013694928852553412,-0.022390077211214998
30618_21dd3af3,train,30,10,7.8151860247945875,7.383703198697617,False,-0.0013694928852553412,-0.016681318314598514
30618_21dd3af3,train,30,11,13.596944916893925,7.77,True,-0.0013694928852553412,0.03469179629567909
30618_21dd3af3,train,30,12,10.059740277107172,7.33,True,-0.0013694928852553412,-0.02382323761688021
30618_21dd3af3,train,30,13,9.864087748552478,7.33,True,-0.0013694928852553412,-0.02382323761688021
30618_21dd3af3,train,30,14,5.539729748248478,7.569098081425911,False,-0.0013694928852553412,0.007974108617358477
30618_21dd3af3,train,30,15,6.2507659285223465,7.5776461143562495,False,-0.0013694928852553412,0.009110900519186838
30618_21dd3af3,train,30,16,7.710332527503617,7.515008271446032,False,-0.0013694928852553412,0.0007807743780482435
30618_21dd3af3,train,30,17,8.887150994041871,7.306068921063438,True,-0.0013694928852553412,-0.027005801015828168
30618_21dd3af3,train,60,0,6.488051486169261,7.450529431064099,False,-0.0013694928852553412,-0.0077941836482956495
30618_21dd3af3,train,60,1,8.502267286391318,7.77,True,-0.0013694928852553412,0.03469179629567909
30618_21dd3af3,train,60,2,7.40294072428644,7.58606795380871,False,-0.0013694928852553412,0.010230910112747904
30618_21dd3af3,train,60,3,8.128413215250292,7.485480172142085,False,-0.0013694928852553412,-0.003146129558642352
30618_21dd3af3,train,60,4,9.545618808052309,7.362976977375664,False,-0.0013694928852553412,-0.019437671822628788
30618_21dd3af3,train,60,5,10.706065470844258,7.439630507882185,False,-0.0013694928852553412,-0.009243617420113925
30618_21dd3af3,train,60,6,9.961914012829826,7.33,True,-0.0013694928852553412,-0.02382323761688021
30618_21dd3af3,train,60,7,5.896436862098244,7.569899495474403,False,-0.0013694928852553412,0.008080687640598438
30618_21dd3af3,train,60,8,8.298741760772744,7.395652782423218,False,-0.0013694928852553412,-0.015092158548815515
30618_21dd3af3,train,120,0,7.48094808006988,7.427750627246624,False,-0.0013694928852553412,-0.010823507461629966
30618_21dd3af3,train,120,1,7.778719964017959,7.512477037573059,False,-0.0013694928852553412,0.00044414884187182757
30618_21dd3af3,train,120,2,10.126327681985014,7.400013063289944,False,-0.0013694928852553412,-0.014512290406122896
30618_21dd3af3,train,120,3,7.932568991012225,7.564748133967634,False,-0.0013694928852553412,0.007395614701361075
30618_21dd3af3,train,300,0,8.053285637968013,7.431634486583211,False,-0.0013694928852553412,-0.010306998005284451
30618_4d487b0d,train,30,0,3.2020117913657904,7.52321291550283,False,-0.0017069148037465731,0.002209321353866811
30618_4d487b0d,train,30,1,4.155540745403618,7.541900403652562,False,-0.0017069148037465731,0.004694546360280827
30618_4d487b0d,train,30,2,7.138281827214827,7.33,True,-0.0017069148037465731,-0.02348581569838898
30618_4d487b0d,train,30,3,6.4272936893645145,7.274336748349946,False,-0.0017069148037465731,-0.030888399921084997
30618_4d487b0d,train,30,4,5.785010357316851,7.577988499281531,False,-0.0017069148037465731,0.009493855768391735
30618_4d487b0d,train,30,5,6.437656949308053,7.537887034616232,False,-0.0017069148037465731,0.004160813575588673
30618_4d487b0d,train,30,6,9.032609445062079,7.505229405071803,False,-0.0017069148037465731,-0.00018228256144786625
30618_4d487b0d,train,30,7,8.709684489626955,7.77,True,-0.0017069148037465731,0.03502921821417032
30618_4d487b0d,train,30,8,11.224146791625824,7.1319066787479946,True,-0.0017069148037465731,-0.049829991632281356
30618_4d487b0d,train,30,9,7.784470471469483,7.2587289335768315,True,-0.0017069148037465731,-0.03296406312733441
30618_4d487b0d,train,30,10,9.469567952352923,7.635175642828374,False,-0.0017069148037465731,0.017099100413859702
30618_4d487b0d,train,30,11,6.871993561737635,7.20848943984894,False,-0.0017069148037465731,-0.03964534876196496
30618_4d487b0d,train,30,12,8.066912148646251,7.76,True,-0.0017069148037465731,0.033699331079794004
30618_4d487b0d,train,30,13,5.7840072437864425,7.427508905815396,False,-0.0017069148037465731,-0.010518231765288044
30618_4d487b0d,train,30,14,10.043837829526586,7.321156000352243,True,-0.0017069148037465731,-0.024661967833187137
30618_4d487b0d,train,30,15,6.8679735355502824,7.623617250643854,False,-0.0017069148037465731,0.01556196470783272
30618_4d487b0d,train,30,16,8.481529792318193,7.878201933194273,False,-0.0017069148037465731,0.04941885410114161
30618_4d487b0d,train,30,17,8.112697050785735,7.403360752709939,False,-0.0017069148037465731,-0.01372966357867772
30618_4d487b0d,train,30,18,6.7440864692543006,7.33,True,-0.0017069148037465731,-0.02348581569838898
30618_4d487b0d,train,60,0,3.67718173836123,7.5300853770869765,False,-0.0017069148037465731,0.0031232811780919634
30618_4d487b0d,train,60,1,6.773014725466988,7.33,True,-0.0017069148037465731,-0.02348581569838898
30618_4d487b0d,train,60,2,6.109158164672482,7.556423113643244,False,-0.0017069148037465731,0.006625902877569312
30618_4d487b0d,train,60,3,8.872517616561137,7.540979989633272,False,-0.0017069148037465731,0.004572141684025477
30618_4d487b0d,train,60,4,9.48365877370795,7.227061827367293,True,-0.0017069148037465731,-0.0371754308404339
30618_4d487b0d,train,60,5,8.182397816037296,7.307594592808309,True,-0.0017069148037465731,-0.026465481974858374
30618_4d487b0d,train,60,6,6.952587451027296,7.601694305879974,False,-0.0017069148037465731,0.012646460488919875
30618_4d487b0d,train,60,7,8.467845021989474,7.3355250833615235,True,-0.0017069148037465731,-0.022751041970504315
30618_4d487b0d,train,60,8,8.298577043542172,7.399119803654919,False,-0.0017069148037465731,-0.014293661937259394
30618_4d487b0d,train,120,0,5.2041095336964425,7.416858083727073,False,-0.0017069148037465731,-0.011934670891867227
30618_4d487b0d,train,120,1,7.478055319560974,7.55265438215202,False,-0.0017069148037465731,0.006124704125259506
30618_4d487b0d,train,120,2,8.846701790049547,7.258146718450577,True,-0.0017069148037465731,-0.033041491167918935
30618_4d487b0d,train,120,3,7.699683862289464,7.662208585000618,False,-0.0017069148037465731,0.020694176613780313
30618_4d487b0d,train,300,0,6.96518634478033,7.457105002131288,False,-0.0017069148037465731,-0.006582284993461196
30618_3b36e5cd,train,30,0,3.2527540645661976,7.748287047559,False,-0.0014581609547486551,0.031892886755111205
30618_3b36e5cd,train,30,1,4.518518162153477,7.8805782832111015,True,-0.0014581609547486551,0.04948612798355928
30618_3b36e5cd,train,30,2,8.662460804463306,7.759137667801839,False,-0.0014581609547486551,0.0333358967812068
30618_3b36e5cd,train,30,3,7.527477932201287,7.885094992382873,True,-0.0014581609547486551,0.0500867993252852
30618_3b36e5cd,train,30,4,5.923852937493785,7.686161322323311,False,-0.0014581609547486551,0.023630866484637025
30618_3b36e5cd,train,30,5,8.401859202388625,7.393163330964172,False,-0.0014581609547486551,-0.015334559426026184
30618_3b36e5cd,train,30,6,8.887890458516527,7.955193103831436,True,-0.0014581609547486551,0.059409056981237385
30618_3b36e5cd,train,30,7,12.746321180104935,7.728383047229257,False,-0.0014581609547486551,0.02924587935899653
30618_3b36e5cd,train,30,8,6.484976596985505,7.5131175122315215,False,-0.0014581609547486551,0.0006179928121834988
30618_3b36e5cd,train,30,9,10.346974784088086,7.573403970739631,False,-0.0014581609547486551,0.008635411366888335
30618_3b36e5cd,train,30,10,6.1958329549772255,7.488707481360557,False,-0.0014581609547486551,-0.0026282657883190397
30618_3b36e5cd,train,30,11,10.63132235447868,7.333473246138835,True,-0.0014581609547486551,-0.023272667011931036
30618_3b36e5cd,train,30,12,5.470168157509817,7.591690494088452,False,-0.0014581609547486551,0.011067312580295197
30618_3b36e5cd,train,30,13,10.133848679870699,7.33,True,-0.0014581609547486551,-0.023734569547386897
30618_3b36e5cd,train,30,14,8.07060953350815,7.15265041019628,True,-0.0014581609547486551,-0.047320063324075956
30618_3b36e5cd,train,30,15,7.828178333501345,7.290659896823658,False,-0.0014581609547486551,-0.02896635925531249
30618_3b36e5cd,train,30,16,8.84927358033063,7.223399537781467,False,-0.0014581609547486551,-0.03791122786968687
30618_3b36e5cd,train,30,17,7.191635166694317,7.77,True,-0.0014581609547486551,0.0347804643651724
30618_3b36e5cd,train,30,18,7.447246986010629,7.39,True,-0.0014581609547486551,-0.01575524674112888
30618_3b36e5cd,train,60,0,3.8845159681407333,7.783684755054718,False,-0.0014581609547486551,0.03660038233360857
30618_3b36e5cd,train,60,1,8.093912587259426,7.815772495705528,True,-0.0014581609547486551,0.04086768967988036
30618_3b36e5cd,train,60,2,7.150082841771644,7.7227446433660525,False,-0.0014581609547486551,0.028496035283387233
30618_3b36e5cd,train,60,3,10.917139208388948,7.761820429720077,False,-0.0014581609547486551,0.033692673837172615
30618_3b36e5cd,train,60,4,8.445991220488372,7.508383731934281,False,-0.0014581609547486551,-1.1546539242901499e-05
30618_3b36e5cd,train,60,5,8.409875242875279,7.303302644116132,False,-0.0014581609547486551,-0.02728501655856924
30618_3b36e5cd,train,60,6,7.809781219560859,7.537948219096401,False,-0.0014581609547486551,0.003920196571890744
30618_3b36e5cd,train,60,7,7.948788863953982,7.232697944617913,True,-0.0014581609547486551,-0.03667464470748821
30618_3b36e5cd,train,60,8,8.021833440412337,7.444006531733982,False,-0.0014581609547486551,-0.008572987568597756
30618_3b36e5cd,train,120,0,5.935737369653201,7.797452441239209,False,-0.0014581609547486551,0.03843132920629727
30618_3b36e5cd,train,120,1,9.13467839101393,7.745813999669259,False,-0.0014581609547486551,0.03156399929798509
30618_3b36e5cd,train,120,2,8.427626644435534,7.4317332398601454,False,-0.0014581609547486551,-0.010205196864543853
30618_3b36e5cd,train,120,3,7.879342913382896,7.420053805702697,False,-0.0014581609547486551,-0.011758429786822566
30618_3b36e5cd,train,300,0,7.684573853957824,7.726435361854899,False,-0.0014581609547486551,0.028986859186879432
30618_748832b9,train,30,0,3.9389745704302377,7.449881751310369,False,-0.0014099245158155638,-0.007839886114903605
30618_748832b9,train,30,1,7.2788860254013,7.918726897006776,True,-0.0014099245158155638,0.054511226612742214
30618_748832b9,train,30,2,8.629857223751234,7.4611813416231465,False,-0.0014099245158155638,-0.006337168136834936
30618_748832b9,train,30,3,8.625984514964625,7.464588589205974,False,-0.0014099245158155638,-0.0058840426644312105
30618_748832b9,train,30,4,8.276541563471119,7.184194310421727,True,-0.0014099245158155638,-0.04317331705522176
30618_748832b9,train,30,5,8.265590286696094,7.530604598494534,False,-0.0014099245158155638,0.002895341477141433
30618_748832b9,train,30,6,7.63253728120706,7.77,True,-0.0014099245158155638,0.03473222792623931
30618_748832b9,train,30,7,4.581766240623204,7.3540357758653325,False,-0.0014099245158155638,-0.02058631907751407
30618_748832b9,train,30,8,7.379446000866263,7.545045804371869,False,-0.0014099245158155638,0.0048158588672561065
30618_748832b9,train,30,9,9.533189168251944,7.526538995871237,False,-0.0014099245158155638,0.002354662214920533
30618_748832b9,train,30,10,12.370273155932571,7.501254350545826,False,-0.0014099245158155638,-0.0010079102366329362
30618_748832b9,train,30,11,7.251726973365515,7.77,True,-0.0014099245158155638,0.03473222792623931
30618_748832b9,train,30,12,11.432722676053169,7.480265378085793,False,-0.0014099245158155638,-0.0037992066804706237
30618_748832b9,train,30,13,11.772897062076943,7.739823918607884,False,-0.0014099245158155638,0.03071914968531242
30618_748832b9,train,30,14,9.949806553310475,7.33,True,-0.0014099245158155638,-0.023782805986319988
30618_748832b9,train,30,15,8.539289068917466,7.304524198514695,True,-0.0014099245158155638,-0.02717080004964334
30618_748832b9,train,30,16,4.180396410753654,7.472390652077439,False,-0.0014099245158155638,-0.004846456360995566
30618_748832b9,train,30,17,8.006660060080785,7.77,True,-0.0014099245158155638,0.03473222792623931
30618_748832b9,train,30,18,8.85933872760643,7.772543962100934,False,-0.0014099245158155638,0.03507054617307659
30618_748832b9,train,60,0,5.640117926103105,7.77,True,-0.0014099245158155638,0.03473222792623931
30618_748832b9,train,60,1,8.627917636712866,7.455566175623511,False,-0.0014099245158155638,-0.0070839218388651926
30618_748832b9,train,60,2,8.271075035962788,7.354314442080389,False,-0.0014099245158155638,-0.020549259616095217
30618_748832b9,train,60,3,6.1225596954635355,7.378539113196443,False,-0.0014099245158155638,-0.017327651770921326
30618_748832b9,train,60,4,8.456317584559104,7.534992351357195,False,-0.0014099245158155638,0.0034788630852288227
30618_748832b9,train,60,5,9.798139395848622,7.77,True,-0.0014099245158155638,0.03473222792623931
30618_748832b9,train,60,6,11.602525917156857,7.477981472531451,False,-0.0014099245158155638,-0.004102940341755623
30618_748832b9,train,60,7,9.238621267061898,7.258079411510301,True,-0.0014099245158155638,-0.03334743251924266
30618_748832b9,train,60,8,6.0967114830456115,7.48947131922435,False,-0.0014099245158155638,-0.0025749204124713154
30618_748832b9,train,120,0,7.14659269601493,7.5188673448462655,False,-0.0014099245158155638,0.001334419215166971
30618_748832b9,train,120,1,7.203110088467763,7.369561184003247,False,-0.0014099245158155638,-0.018521615023658677
30618_748832b9,train,120,2,9.124430696602342,7.527851444457101,False,-0.0014099245158155638,0.0025292030638076612
30618_748832b9,train,120,3,10.424533231389269,7.2879225226741795,True,-0.0014099245158155638,-0.029378635560582178
30618_748832b9,train,300,0,7.433357408539126,7.477336222678529,False,-0.0014099245158155638,-0.004188751289541548
30618_1cc230fa,train,30,0,3.295817555776865,7.681069720262193,False,-0.001408843761855183,0.02290442368429907
30618_1cc230fa,train,30,1,8.288471531710568,7.314651581036078,True,-0.001408843761855183,-0.025825053231594175
30618_1cc230fa,train,30,2,7.371081106444724,7.33,True,-0.001408843761855183,-0.02378388674028037
30618_1cc230fa,train,30,3,4.155661936598999,7.351389872083931,False,-0.001408843761855183,-0.020939275171242888
30618_1cc230fa,train,30,4,9.539168017684842,7.76,True,-0.001408843761855183,0.033401260037902614
30618_1cc230fa,train,30,5,7.971111758175546,7.77,True,-0.001408843761855183,0.03473114717227893
30618_1cc230fa,train,30,6,11.774986764229487,7.486177622293009,False,-0.001408843761855183,-0.003014025683784338
30618_1cc230fa,train,30,7,7.138700191767609,7.33,True,-0.001408843761855183,-0.02378388674028037
30618_1cc230fa,train,30,8,11.070786089350193,7.677937543153844,False,-0.001408843761855183,0.02248787948040093
30618_1cc230fa,train,30,9,7.422918600687681,7.4672236010757365,False,-0.001408843761855183,-0.005534696579938936
30618_1cc230fa,train,30,10,7.801123645771834,7.554859073082734,False,-0.001408843761855183,0.006119832093771482
30618_1cc230fa,train,30,11,5.988019862432355,7.683220892137011,False,-0.001408843761855183,0.023190505264314265
30618_1cc230fa,train,30,12,7.962495560548766,7.700973279779775,True,-0.001408843761855183,0.025551372457371546
30618_1cc230fa,train,30,13,7.918377960522408,7.486538551223871,False,-0.001408843761855183,-0.002966026209626438
30618_1cc230fa,train,30,14,8.789241522672032,7.506751775422327,False,-0.001408843761855183,-0.00027789552904738946
30618_1cc230fa,train,30,15,8.891716135343552,7.619817187135569,False,-0.001408843761855183,0.014758528108993085
30618_1cc230fa,train,30,16,7.898961229955944,7.280422682783362,False,-0.001408843761855183,-0.03037711037261065
30618_1cc230fa,train,30,17,6.097055885263558,7.33,True,-0.001408843761855183,-0.02378388674028037
30618_1cc230fa,train,60,0,5.599413415996277,7.661590474617832,False,-0.001408843761855183,0.020313903867319738
30618_1cc230fa,train,60,1,5.796427232613734,7.306365774801569,True,-0.001408843761855183,-0.026926971942515088
30618_1cc230fa,train,60,2,8.75974279280155,7.77,True,-0.001408843761855183,0.03473114717227893
30618_1cc230fa,train,60,3,9.442906744814795,7.33,True,-0.001408843761855183,-0.02378388674028037
30618_1cc230fa,train,60,4,9.179060117353528,7.621619579218433,False,-0.001408843761855183,0.014998225913203378
30618_1cc230fa,train,60,5,6.891539807976108,7.574294929433669,False,-0.001408843761855183,0.008704581624440932
30618_1cc230fa,train,60,6,7.940584311037347,7.50825135715289,False,-0.001408843761855183,-7.84680840051899e-05
30618_1cc230fa,train,60,7,8.840478829007793,7.5702366363955145,False,-0.001408843761855183,0.008164874454544002
30618_1cc230fa,train,60,8,6.996504462998153,7.201242085536455,True,-0.001408843761855183,-0.04090723612970032
30618_1cc230fa,train,120,0,5.697098672613829,7.3200134165747635,True,-0.001408843761855183,-0.02511198962164024
30618_1cc230fa,train,120,1,9.097266369093242,7.788082331868251,False,-0.001408843761855183,0.037135893223390115
30618_1cc230fa,train,120,2,8.002845891207613,7.593147030647461,False,-0.001408843761855183,0.011211698310459373
30618_1cc230fa,train,120,3,8.391282734060942,7.545893022144465,False,-0.001408843761855183,0.004927448514874755
30618_1cc230fa,train,300,0,7.732320070399111,7.359311885512869,True,-0.001408843761855183,-0.01988573679749267
30618_40ffd323,train,30,0,3.2619314248666065,7.54807072254186,False,-0.0019694885213152324,0.005777702848437094
30618_40ffd323,train,30,1,5.1879009766311714,7.378314979476097,False,-0.0019694885213152324,-0.016797895020528475
30618_40ffd323,train,30,2,6.181841032958511,7.33,True,-0.0019694885213152324,-0.02322324198082032
30618_40ffd323,train,30,3,6.151843086278035,7.460872594508551,False,-0.0019694885213152324,-0.005818664012882946
30618_40ffd323,train,30,4,7.33412835351646,7.83937996993409,True,-0.0019694885213152324,0.044518544871615384
30618_40ffd323,train,30,5,8.421186187976422,7.650236123607481,False,-0.0019694885213152324,0.01936454809399407
30618_40ffd323,train,30,6,8.48826284860986,7.422893011065005,False,-0.0019694885213152324,-0.010869519951937356
30618_40ffd323,train,30,7,9.737711070980193,7.33,True,-0.0019694885213152324,-0.02322324198082032
30618_40ffd323,train,30,8,7.836920671524895,7.314489205736936,True,-0.0019694885213152324,-0.02528600255426111
30618_40ffd323,train,30,9,4.863273478683112,7.3138101685079775,True,-0.0019694885213152324,-0.0253763068417166
30618_40ffd323,train,30,10,11.89125067686457,7.77,True,-0.0019694885213152324,0.03529179193173898
30618_40ffd323,train,30,11,7.7805721962010645,7.601222592753192,False,-0.0019694885213152324,0.012846301684646233
30618_40ffd323,train,30,12,7.688356146045611,7.785772068886312,False,-0.0019694885213152324,0.03738929908117944
30618_40ffd323,train,30,13,5.837477474509489,7.702588915228603,False,-0.0019694885213152324,0.026326878496555517
30618_40ffd323,train,30,14,7.890418481474917,7.7447915401118665,True,-0.0019694885213152324,0.03193935128347197
30618_40ffd323,train,30,15,7.9317590367815,7.77,True,-0.0019694885213152324,0.03529179193173898
30618_40ffd323,train,30,16,7.61581658152287,7.73250428857013,False,-0.0019694885213152324,0.030305285509251767
30618_40ffd323,train,30,17,8.717720869963863,7.7282348184286604,False,-0.0019694885213152324,0.029737494168077416
30618_40ffd323,train,30,18,7.444429350729018,7.729904472342478,True,-0.0019694885213152324,0.029959539293962167
30618_40ffd323,train,30,19,7.962161723680892,7.616340450143558,False,-0.0019694885213152324,0.014856806088924646
30618_40ffd323,train,60,0,4.182901158171128,7.4998861378808614,False,-0.0019694885213152324,-0.00063030307315598
30618_40ffd323,train,60,1,6.167109368054039,7.402807061780133,False,-0.0019694885213152324,-0.013540724505506085
30618_40ffd323,train,60,2,7.886535238541487,7.675553801931139,False,-0.0019694885213152324,0.022731513561485117
30618_40ffd323,train,60,3,9.120386399352212,7.337258116881046,False,-0.0019694885213152324,-0.02225799435483017
30618_40ffd323,train,60,4,6.355053153758741,7.314207677361409,True,-0.0019694885213152324,-0.025323442650718564
30618_40ffd323,train,60,5,9.832480152325251,7.714459221668786,False,-0.0019694885213152324,0.027905495278146064
30618_40ffd323,train,60,6,6.762916810277551,7.74996242171649,False,-0.0019694885213152324,0.03262702017540925
30618_40ffd323,train,60,7,7.911123152269062,7.913940419648193,True,-0.0019694885213152324,0.05443424315242534
30618_40ffd323,train,60,8,8.16584893919208,7.743072238095686,False,-0.0019694885213152324,0.0317107035203294
30618_40ffd323,train,60,9,7.703295537204955,7.63865336424498,False,-0.0019694885213152324,0.017824171828317137
30618_40ffd323,train,120,0,5.112423557049485,7.447646059140569,False,-0.0019694885213152324,-0.0075776439347082225
30618_40ffd323,train,120,1,8.525069420712361,7.435903884116785,False,-0.0019694885213152324,-0.00913922068408074
30618_40ffd323,train,120,2,8.092316516678958,7.372276873003006,False,-0.0019694885213152324,-0.01760089503198431
30618_40ffd323,train,120,3,7.3384564362466085,7.797844492979486,True,-0.0019694885213152324,0.03899479522940402
30618_40ffd323,train,120,4,7.934379346871584,7.679438756634317,False,-0.0019694885213152324,0.023248168689224247
30618_40ffd323,train,300,0,6.758813391917768,7.40128051803901,False,-0.0019694885213152324,-0.01374373759364439
30618_40ffd323,train,300,1,8.075337242309487,7.737956456584487,False,-0.0019694885213152324,0.03103036231892692
30618_40ffd323,train,600,0,7.437104947637896,7.4999172084267025,False,-0.0019694885213152324,-0.0006261710412387989
30618_2cb9ce37,train,30,0,7.7174449355883015,7.670376343846019,False,-0.0015067579148824173,0.02158023946543497
30618_2cb9ce37,train,30,1,5.508143773641153,7.535697039597165,False,-0.0015067579148824173,0.003669412066704014
30618_2cb9ce37,train,30,2,4.496655112885716,7.769117010685199,False,-0.0015067579148824173,0.03471163371235164
30618_2cb9ce37,train,30,3,7.3196568004398515,7.5617871839712265,False,-0.0015067579148824173,0.00713910680041252
30618_2cb9ce37,train,30,4,9.145219601231753,7.704491535795893,False,-0.0015067579148824173,0.026117174951526545
30618_2cb9ce37,train,30,5,12.064315236564182,7.699876787840593,False,-0.0015067579148824173,0.025503465558112337
30618_2cb9ce37,train,30,6,7.49650716725945,7.302753175371134,True,-0.0015067579148824173,-0.027309492739907015
30618_2cb9ce37,train,30,7,13.408369398238646,7.77,True,-0.0015067579148824173,0.034829061325306165
30618_2cb9ce37,train,30,8,10.877241186410329,7.33,True,-0.0015067579148824173,-0.023685972587253135
30618_2cb9ce37,train,30,9,10.007571594558664,7.46,True,-0.0015067579148824173,-0.006397439840360675
30618_2cb9ce37,train,30,10,7.102517387448471,7.481442202323037,False,-0.0015067579148824173,-0.0035458689401505206
30618_2cb9ce37,train,30,11,5.678315871169061,7.494195886078232,False,-0.0015067579148824173,-0.0018497729459566736
30618_2cb9ce37,train,30,12,7.281278876540381,7.498326724913135,False,-0.0015067579148824173,-0.0013004180038845847
30618_2cb9ce37,train,30,13,10.470719778720497,7.77,True,-0.0015067579148824173,0.034829061325306165
30618_2cb9ce37,train,60,0,6.610950196716608,7.542083934124126,False,-0.0015067579148824173,0.004518796952706516
30618_2cb9ce37,train,60,1,5.9057995278751765,7.728675049715974,False,-0.0015067579148824173,0.029333309354159454
30618_2cb9ce37,train,60,2,10.604767418897968,7.703661743711522,False,-0.0015067579148824173,0.026006821969805305
30618_2cb9ce37,train,60,3,10.447519928147571,7.276565221123351,True,-0.0015067579148824173,-0.030792195082883222
30618_2cb9ce37,train,60,4,10.442406390484496,7.33,True,-0.0015067579148824173,-0.023685972587253135
30618_2cb9ce37,train,60,5,6.392782412558399,7.492554346941942,False,-0.0015067579148824173,-0.0020680791237494
30618_2cb9ce37,train,60,6,8.870683592793473,7.7,True,-0.0015067579148824173,0.02551985138467172
30618_2cb9ce37,train,120,0,6.2583748622958915,7.622429958497414,False,-0.0015067579148824173,0.015203911363938838
30618_2cb9ce37,train,120,1,10.526078208289317,7.642220883708728,False,-0.0015067579148824173,0.01783588104553213
30618_2cb9ce37,train,120,2,8.41422532999239,7.4878215909653445,False,-0.0015067579148824173,-0.002697482252091321
30618_2cb9ce37,train,300,0,8.8045337937568,7.628134795225186,False,-0.0015067579148824173,0.015962590260736986
30618_437e855c,train,30,0,3.233276503105823,7.368691105333506,False,-0.001878452428044658,-0.01816879775430799
30618_437e855c,train,30,1,4.190292928654794,7.77,True,-0.001878452428044658,0.035200755838468406
30618_437e855c,train,30,2,8.373554948667685,7.33,True,-0.001878452428044658,-0.023314278074090894
30618_437e855c,train,30,3,7.44962766095117,7.400422350071484,False,-0.001878452428044658,-0.0139489003408296
30618_437e855c,train,30,4,5.109192180886167,7.768859278970883,False,-0.001878452428044658,0.03504905281641493
30618_437e855c,train,30,5,8.190543656403952,7.68502625176858,False,-0.001878452428044658,0.023900206385198325
30618_437e855c,train,30,6,8.176508162774626,7.837845469290868,False,-0.001878452428044658,0.04422343751203364
30618_437e855c,train,30,7,8.802339991117226,7.65574372133159,False,-0.001878452428044658,0.020005960336184653
30618_437e855c,train,30,8,13.33386504417984,7.541034781825521,False,-0.001878452428044658,0.004750966051477096
30618_437e855c,train,30,9,9.673175567295479,7.62,True,-0.001878452428044658,0.0152524488228232
30618_437e855c,train,30,10,8.99942161186146,7.34,True,-0.001878452428044658,-0.021984390939714576
30618_437e855c,train,30,11,7.511923101105112,7.824088037982784,True,-0.001878452428044658,0.04239385442216473
30618_437e855c,train,30,12,6.274563116195997,7.532206529357394,False,-0.001878452428044658,0.0035769081138381786
30618_437e855c,train,30,13,8.80709890092495,7.334710185528883,False,-0.001878452428044658,-0.02268787656055224
30618_437e855c,train,30,14,8.776778863078187,7.33,True,-0.001878452428044658,-0.023314278074090894
30618_437e855c,train,30,15,6.587944105327446,7.871452818044181,True,-0.001878452428044658,0.04869283558478668
30618_437e855c,train,30,16,9.082361162384627,7.134434846446952,True,-0.001878452428044658,-0.04932223623834428
30618_437e855c,train,30,17,6.655135858397337,7.408609402744524,False,-0.001878452428044658,-0.012860114738995815
30618_437e855c,train,30,18,4.4525460563345,7.6017565302173145,False,-0.001878452428044658,0.012826273247785541
30618_437e855c,train,60,0,3.7150178794801363,7.361447788945542,False,-0.001878452428044658,-0.019132077081765092
30618_437e855c,train,60,1,7.915526259186415,7.221175318927279,True,-0.001878452428044658,-0.0377867324002131
30618_437e855c,train,60,2,6.639205802812818,7.747754118114402,False,-0.001878452428044658,0.03224230462721714
30618_437e855c,train,60,3,8.482621557072635,7.762241622517,False,-0.001878452428044658,0.03416897919864084
30618_437e855c,train,60,4,11.52976180736407,7.62,True,-0.001878452428044658,0.0152524488228232
30618_437e855c,train,60,5,8.269294137717319,7.711287593706461,False,-0.001878452428044658,0.02739266846266311
30618_437e855c,train,60,6,7.522778309483995,7.492066269187922,False,-0.001878452428044658,-0.0017612934431517624
30618_437e855c,train,60,7,7.641684024103024,7.9030147595552185,True,-0.001878452428044658,0.05289021757993331
30618_437e855c,train,60,8,7.866708825261582,7.289589182636268,True,-0.001878452428044658,-0.028688460684256872
30618_437e855c,train,120,0,5.806365138926773,7.306390669318809,False,-0.001878452428044658,-0.02645405258650621
30618_437e855c,train,120,1,7.539706242061861,7.754767853056228,False,-0.001878452428044658,0.03317505221352304
30618_437e855c,train,120,2,9.917247905527905,7.55696587037125,False,-0.001878452428044658,0.0068696210208345765
30618_437e855c,train,120,3,7.586397370809516,7.485366357015166,False,-0.001878452428044658,-0.002652306143151789
30618_437e855c,train,300,0,7.603480865306493,7.309855765579934,False,-0.001878452428044658,-0.025993233892801587
30639_584b6e32,train,30,0,3.246176156804336,7.540966097613616,False,-0.003905909624625281,0.006769289023082881
30639_584b6e32,train,30,1,4.141705916851989,7.308485007837001,False,-0.003905909624625281,-0.024148072004888277
30639_584b6e32,train,30,2,9.141355749116213,7.261047520070059,True,-0.003905909624625281,-0.030456722471727538
30639_584b6e32,train,30,3,7.1638054882299915,7.434275027092256,False,-0.003905909624625281,-0.007419419180836717
30639_584b6e32,train,30,4,4.936149283958751,7.194906766595394,True,-0.003905909624625281,-0.03925269618211907
30639_584b6e32,train,30,5,6.836576234908515,7.33,True,-0.003905909624625281,-0.02128682087751027
30639_584b6e32,train,30,6,9.220209890748626,7.33,True,-0.003905909624625281,-0.02128682087751027
30639_584b6e32,train,30,7,8.18077284445442,7.69807632512393,False,-0.003905909624625281,0.02766317604757368
30639_584b6e32,train,30,8,9.183016688976728,7.306863557877087,True,-0.003905909624625281,-0.024363706548960862
30639_584b6e32,train,30,9,13.030199915655682,7.33,True,-0.003905909624625281,-0.02128682087751027
30639_584b6e32,train,30,10,9.638277511238824,7.588571824862378,False,-0.003905909624625281,0.01310031344215884
30639_584b6e32,train,30,11,8.773736785264509,7.691223783541754,False,-0.003905909624625281,0.026751865358782212
30639_584b6e32,train,30,12,9.434872097963916,7.5940558335294615,False,-0.003905909624625281,0.013829624699275123
30639_584b6e32,train,30,13,7.385725507465924,7.661187447909321,False,-0.003905909624625281,0.022757371726644104
30639_584b6e32,train,30,14,6.04233898029674,7.547810303649183,False,-0.003905909624625281,0.007679491178255227
30639_584b6e32,train,30,15,7.851685543387823,7.267033161641154,True,-0.003905909624625281,-0.029660699700088722
30639_584b6e32,train,30,16,7.532335933594448,7.33,True,-0.003905909624625281,-0.02128682087751027
30639_584b6e32,train,30,17,8.783337231433837,7.315746847696975,False,-0.003905909624625281,-0.023182329264720358
30639_584b6e32,train,30,18,8.815342296077736,7.35,True,-0.003905909624625281,-0.018627046608757636
30639_584b6e32,train,30,19,6.320242658617917,7.583328505725215,False,-0.003905909624625281,0.012403011175964596
30639_584b6e32,train,30,20,6.5148931200800435,7.481885035934653,False,-0.003905909624625281,-0.0010878253581319552
30639_584b6e32,train,60,0,3.6931935161603424,7.492125493783499,False,-0.003905909624625281,0.00027403995619851296
30639_584b6e32,train,60,1,8.1525806186731,7.345985965269161,False,-0.003905909624625281,-0.019160867923305902
30639_584b6e32,train,60,2,5.886362759433633,7.33,True,-0.003905909624625281,-0.02128682087751027
30639_584b6e32,train,60,3,8.700491367601522,7.637909464969491,False,-0.003905909624625281,0.01966166272405273
30639_584b6e32,train,60,4,11.106608302316205,7.228842974282624,True,-0.003905909624625281,-0.03473956358284197
30639_584b6e32,train,60,5,9.206728801612245,7.684594638956288,False,-0.003905909624625281,0.02587026394916908
30639_584b6e32,train,60,6,8.410298802714921,7.634450661733635,False,-0.003905909624625281,0.019201680931682452
30639_584b6e32,train,60,7,6.945491802545567,7.532114729208875,False,-0.003905909624625281,0.005592156926773895
30639_584b6e32,train,60,8,8.159942645305117,7.33,True,-0.003905909624625281,-0.02128682087751027
30639_584b6e32,train,60,9,7.580479424656946,7.460100314748408,False,-0.003905909624625281,-0.00398494740128813
30639_584b6e32,train,120,0,5.92474669506581,7.471238398254498,False,-0.003905909624625281,-0.0025037080056523053
30639_584b6e32,train,120,1,7.293427063517577,7.236044303048535,True,-0.003905909624625281,-0.03378186813522194
30639_584b6e32,train,120,2,10.157460828653425,7.35,True,-0.003905909624625281,-0.018627046608757636
30639_584b6e32,train,120,3,7.680959752421393,7.560866452950334,False,-0.003905909624625281,0.009415811676264874
30639_584b6e32,train,120,4,7.871189857988883,7.38,True,-0.003905909624625281,-0.014637385205628572
30639_584b6e32,train,300,0,7.509119288094271,7.4345648270586695,False,-0.003905909624625281,-0.007380879056149092
30639_584b6e32,train,300,1,8.06348765888789,7.539645850065531,False,-0.003905909624625281,0.006593711000243918
30639_584b6e32,train,600,0,7.785329595643779,7.480209262148219,False,-0.003905909624625281,-0.0013106843580022454
30618_d4ba7005,train,30,0,6.166966289775251,7.249513375744189,True,-0.001021029405895768,-0.03487551370495845
30618_d4ba7005,train,30,1,7.839130042559099,7.6603847591869325,False,-0.001021029405895768,0.019765742967433053
30618_d4ba7005,train,30,2,9.152739507221707,7.258595630969602,True,-0.001021029405895768,-0.03366767626741862
30618_d4ba7005,train,30,3,7.890618823965015,7.60489593014137,False,-0.001021029405895768,0.012386354982502845
30618_d4ba7005,train,30,4,8.08055397492101,7.460648773938799,False,-0.001021029405895768,-0.006796888737914508
30618_d4ba7005,train,30,5,6.867727774113866,7.31640628043853,True,-0.001021029405895768,-0.025979512371551716
30618_d4ba7005,train,30,6,4.565903312056015,7.548574045367254,False,-0.001021029405895768,0.004896179988010618
30618_d4ba7005,train,30,7,6.996142310018744,7.34,True,-0.001021029405895768,-0.022841813961863466
30618_d4ba7005,train,30,8,8.511942779454424,7.687700103109291,False,-0.001021029405895768,0.02339837541277412
30618_d4ba7005,train,30,9,11.684013767839682,7.77,True,-0.001021029405895768,0.034343332816319516
30618_d4ba7005,train,30,10,10.421830149795326,7.382384152975461,False,-0.001021029405895768,-0.01720519998751302
30618_d4ba7005,train,30,11,13.371417843287317,7.77,True,-0.001021029405895768,0.034343332816319516
30618_d4ba7005,train,30,12,11.474257624474623,7.462642348400961,False,-0.001021029405895768,-0.006531765835049441
30618_d4ba7005,train,30,13,9.988919372212967,7.802978014647866,False,-0.001021029405895768,0.03872903655606674
30618_d4ba7005,train,30,14,8.2983085461811,7.47017951870277,False,-0.001021029405895768,-0.005529407253651475
30618_d4ba7005,train,30,15,4.252091619402176,7.493101288017655,False,-0.001021029405895768,-0.0024810706427507156
30618_d4ba7005,train,30,16,6.078117117399018,7.542623471503282,False,-0.001021029405895768,0.004104820825625244
30618_d4ba7005,train,30,17,7.970361138936423,7.77,True,-0.001021029405895768,0.034343332816319516
30618_d4ba7005,train,30,18,7.830666241436978,7.183606397272647,True,-0.001021029405895768,-0.04364039797845076
30618_d4ba7005,train,60,0,6.992067728766156,7.787525991691505,True,-0.001021029405895768,0.036674091903091566
30618_d4ba7005,train,60,1,8.53258039990172,7.4750392596208775,False,-0.001021029405895768,-0.00488311656131224
30618_d4ba7005,train,60,2,7.450653043163777,7.388583608414206,False,-0.001021029405895768,-0.016380742384700442
30618_d4ba7005,train,60,3,5.764320137511863,7.52419154609875,False,-0.001021029405895768,0.0016535827798981328
30618_d4ba7005,train,60,4,10.09269148866641,7.61,True,-0.001021029405895768,0.013065138666297993
30618_d4ba7005,train,60,5,11.89416190330802,7.758013160143685,False,-0.001021029405895768,0.03274921840564515
30618_d4ba7005,train,60,6,10.732824220683447,7.7725834988127405,False,-0.001021029405895768,0.03468690899959348
30618_d4ba7005,train,60,7,6.271833845747729,7.488588984260696,False,-0.001021029405895768,-0.0030811561140284827
30618_d4ba7005,train,60,8,7.024239128167721,7.76,True,-0.001021029405895768,0.0330134456819432
30618_d4ba7005,train,120,0,7.753554542486867,7.730061866824735,True,-0.001021029405895768,0.029032011868240004
30618_d4ba7005,train,120,1,6.597221955259939,7.48069532522982,False,-0.001021029405895768,-0.004130923672860165
30618_d4ba7005,train,120,2,10.992675457282195,7.769265695938122,True,-0.001021029405895768,0.034245678663858414
30618_d4ba7005,train,120,3,8.502329033215588,7.497294360263809,False,-0.001021029405895768,-0.0019234393593836607
30618_d4ba7005,train,300,0,7.779838312956468,7.508536840500643,False,-0.001021029405895768,-0.00042831637683915513
30618_dd8e6395,train,30,0,3.1923674945485057,7.5645866599793825,False,-0.001723785574583525,0.007728433172737859
30618_dd8e6395,train,30,1,4.662184126473101,7.405315576531869,False,-0.001723785574583525,-0.013452823302765093
30618_dd8e6395,train,30,2,8.964569810720803,7.7841250279885115,False,-0.001723785574583525,0.036924558284469944
30618_dd8e6395,train,30,3,8.07938208096301,7.399062790885317,False,-0.001723785574583525,-0.014284373221301383
30618_dd8e6395,train,30,4,4.649627272241118,7.869190850275446,True,-0.001723785574583525,0.04823735254792405
30618_dd8e6395,train,30,5,8.443552483786853,7.453735992708146,False,-0.001723785574583525,-0.00701345445136714
30618_dd8e6395,train,30,6,7.795542165482482,7.495934786696336,False,-0.001723785574583525,-0.0014014911302580035
30618_dd8e6395,train,30,7,8.95573848885344,7.643993418401184,False,-0.001723785574583525,0.01828863581350637
30618_dd8e6395,train,30,8,11.785847962966805,7.245135162762708,True,-0.001723785574583525,-0.03475501044783391
30618_dd8e6395,train,30,9,9.638089915866551,7.497564047987724,False,-0.001723785574583525,-0.001184817767262536
30618_dd8e6395,train,30,10,9.125539849709096,7.830723090572613,False,-0.001723785574583525,0.043121574676216134
30618_dd8e6395,train,30,11,7.556728856446557,7.76,True,-0.001723785574583525,0.033716201850630956
30618_dd8e6395,train,30,12,7.063146825853892,7.731795604551516,False,-0.001723785574583525,0.029965335586650932
30618_dd8e6395,train,30,13,6.973979530853503,7.459467408117514,False,-0.001723785574583525,-0.0062512408898987015
30618_dd8e6395,train,30,14,6.1804608743873475,7.444362103050195,False,-0.001723785574583525,-0.008260075976884385
30618_dd8e6395,train,30,15,7.436349235845087,7.33,True,-0.001723785574583525,-0.023468944927552027
30618_dd8e6395,train,30,16,8.178176989958192,7.77,True,-0.001723785574583525,0.03504608898500727
30618_dd8e6395,train,30,17,9.089783298544578,7.419562048586422,False,-0.001723785574583525,-0.011558203313204896
30618_dd8e6395,train,30,18,7.487612009429879,7.793368954202826,True,-0.001723785574583525,0.03815389613882414
30618_dd8e6395,train,60,0,3.9272758105108037,7.486984405046739,False,-0.001723785574583525,-0.002591790870613675
30618_dd8e6395,train,60,1,8.524192609605906,7.480132097227792,False,-0.001723785574583525,-0.0035030704715340866
30618_dd8e6395,train,60,2,6.5369931026053525,7.452552247691918,False,-0.001723785574583525,-0.007170879178113543
30618_dd8e6395,train,60,3,8.36972095817117,7.535535423069854,False,-0.001723785574583525,0.0038649465523679094
30618_dd8e6395,train,60,4,10.719375001648059,7.379612180053913,False,-0.001723785574583525,-0.016871084931345925
30618_dd8e6395,train,60,5,8.345241188138724,7.76,True,-0.001723785574583525,0.033716201850630956
30618_dd8e6395,train,60,6,7.019561319715643,7.699383404177007,False,-0.001723785574583525,0.025654878759161948
30618_dd8e6395,train,60,7,6.814525368768546,7.316555205125768,False,-0.001723785574583525,-0.025256950900309105
30618_dd8e6395,train,60,8,8.64260980810203,7.756440755666297,False,-0.001723785574583525,0.0332428625258816
30618_dd8e6395,train,120,0,6.223817230575831,7.48638560465564,False,-0.001723785574583525,-0.0026714245642319723
30618_dd8e6395,train,120,1,7.449477420194432,7.492455100578199,False,-0.001723785574583525,-0.0018642501102758002
30618_dd8e6395,train,120,2,9.539514919132143,7.5213282070059755,False,-0.001723785574583525,0.0019755471665021673
30618_dd8e6395,train,120,3,6.919291116821591,7.504544862457701,False,-0.001723785574583525,-0.00025644823215353885
30618_dd8e6395,train,300,0,7.593725403265512,7.480747422901682,False,-0.001723785574583525,-0.003421239101818352
30639_4285f2bc,train,30,0,5.306645142891266,7.33,True,-0.003870729785444754,-0.021322000716690798
30639_4285f2bc,train,30,1,7.308057648940109,7.29989350398689,False,-0.003870729785444754,-0.025325824887589637
30639_4285f2bc,train,30,2,5.480450144323534,7.560889450779999,False,-0.003870729785444754,0.009383690288863294
30639_4285f2bc,train,30,3,7.637149947509504,7.71,True,-0.003870729785444754,0.029213710389610376
30639_4285f2bc,train,30,4,8.425195741709246,7.4,True,-0.003870729785444754,-0.012012790776056353
30639_4285f2bc,train,30,5,9.044586885751945,7.562422786881628,False,-0.003870729785444754,0.00958760668428657
30639_4285f2bc,train,30,6,9.926437793551065,7.33,True,-0.003870729785444754,-0.021322000716690798
30639_4285f2bc,train,30,7,12.667845912863863,7.440361403426415,False,-0.003870729785444754,-0.0066451796618401116
30639_4285f2bc,train,30,8,10.332295775174256,7.3794576771153615,False,-0.003870729785444754,-0.014744687867504963
30639_4285f2bc,train,30,9,5.354997188774378,7.745965448326028,False,-0.003870729785444754,0.033996709090696714
30639_4285f2bc,train,30,10,8.163404255502899,7.387630340738158,False,-0.003870729785444754,-0.013657815846950722
30639_4285f2bc,train,30,11,5.915578507241439,7.495910492836062,False,-0.003870729785444754,0.0007422222713809601
30639_4285f2bc,train,30,12,4.295098910897588,7.568706496929039,False,-0.003870729785444754,0.010423269199106827
30639_4285f2bc,train,30,13,8.320288947035605,7.33,True,-0.003870729785444754,-0.021322000716690798
30639_4285f2bc,train,30,14,6.000448709212689,7.778950471737419,False,-0.003870729785444754,0.038383344916887746
30639_4285f2bc,train,30,15,7.0539106898857264,7.33,True,-0.003870729785444754,-0.021322000716690798
30639_4285f2bc,train,30,16,7.862937673723144,7.449683723417399,False,-0.003870729785444754,-0.0054054163199851735
30639_4285f2bc,train,30,17,9.662028198062426,7.3846451260746635,False,-0.003870729785444754,-0.014054815704383966
30639_4285f2bc,train,30,18,7.841049692512139,7.586303128747979,False,-0.003870729785444754,0.012763422625543502
30639_4285f2bc,train,30,19,5.747141467360508,7.808989959637625,True,-0.003870729785444754,0.04237825776506152
30639_4285f2bc,train,60,0,6.295485313864015,7.33,True,-0.003870729785444754,-0.021322000716690798
30639_4285f2bc,train,60,1,6.617406018829181,7.619757369256179,False,-0.003870729785444754,0.017212459029762178
30639_4285f2bc,train,60,2,8.734891313730595,7.44,True,-0.003870729785444754,-0.006693242238550973
30639_4285f2bc,train,60,3,11.297141853207464,7.34429347182094,True,-0.003870729785444754,-0.019421130288666905
30639_4285f2bc,train,60,4,7.847801155251779,7.718240484485786,False,-0.003870729785444754,0.03030960181947792
30639_4285f2bc,train,60,5,7.039491381372169,7.469877900779098,False,-0.003870729785444754,-0.002719818653721423
30639_4285f2bc,train,60,6,6.3076939289665965,7.510321445020101,False,-0.003870729785444754,0.0026587162617476012
30639_4285f2bc,train,60,7,6.526300348981034,7.210563256060804,True,-0.003870729785444754,-0.03720573963034471
30639_4285f2bc,train,60,8,8.763984680904755,7.414939614886174,False,-0.003870729785444754,-0.010025990613090313
30639_4285f2bc,train,60,9,6.794095579936324,7.726461356253399,False,-0.003870729785444754,0.0314028849791885
30639_4285f2bc,train,120,0,6.463443942541491,7.603005601472863,False,-0.003870729785444754,0.014984662984452973
30639_4285f2bc,train,120,1,10.01601658346903,7.33,True,-0.003870729785444754,-0.021322000716690798
30639_4285f2bc,train,120,2,7.443309191675661,7.627198386316424,False,-0.003870729785444754,0.01820203031527165
30639_4285f2bc,train,120,3,6.416905976997162,7.4442398023061624,False,-0.003870729785444754,-0.006129396384624536
30639_4285f2bc,train,120,4,7.7782186587353985,7.532562436965341,False,-0.003870729785444754,0.005616517166121743
30639_4285f2bc,train,300,0,8.245844061381712,7.697748045301451,False,-0.003870729785444754,0.027584338697154348
30639_4285f2bc,train,300,1,7.08594038261062,7.476030167113124,False,-0.003870729785444754,-0.001901636669233625
30639_4285f2bc,train,600,0,7.651925832695848,7.546209573259665,False,-0.003870729785444754,0.007431432264012078
30618_e9a34502,train,30,0,4.251222642895026,7.718381784844651,False,-0.000834004730940141,0.02729166811790701
30618_e9a34502,train,30,1,7.22882056309149,7.77,True,-0.000834004730940141,0.03415630814136389
30618_e9a34502,train,30,2,9.71777236476505,7.164584556919543,True,-0.000834004730940141,-0.046357112729181804
30618_e9a34502,train,30,3,8.443546933928696,7.697561795266392,False,-0.000834004730940141,0.024522844490109386
30618_e9a34502,train,30,4,8.254682209033465,7.33,True,-0.000834004730940141,-0.02435872577119541
30618_e9a34502,train,30,5,7.531241405781338,7.240861567810196,True,-0.000834004730940141,-0.03621313118596542
30618_e9a34502,train,30,6,6.225606136508689,7.243637574720312,True,-0.000834004730940141,-0.03584395359849507
30618_e9a34502,train,30,7,5.373415512006065,7.670411533889712,False,-0.000834004730940141,0.020912166160129086
30618_e9a34502,train,30,8,6.758013155118404,7.718611168716405,False,-0.000834004730940141,0.027322173583894938
30618_e9a34502,train,30,9,6.527999524228615,7.8157490298968435,True,-0.000834004730940141,0.04024041276836493
30618_e9a34502,train,30,10,10.054888622978567,7.77,True,-0.000834004730940141,0.03415630814136389
30618_e9a34502,train,30,11,11.385219010100876,7.348002461823408,False,-0.000834004730940141,-0.02196460153459029
30618_e9a34502,train,30,12,12.77042609603792,7.189267173579555,True,-0.000834004730940141,-0.04307460329529239
30618_e9a34502,train,30,13,9.904980926935833,7.77,True,-0.000834004730940141,0.03415630814136389
30618_e9a34502,train,30,14,8.01428575487582,7.646903807039154,False,-0.000834004730940141,0.017785903810430048
30618_e9a34502,train,30,15,5.6233085697064045,7.421535429894603,False,-0.000834004730940141,-0.012185546715551332
30618_e9a34502,train,30,16,7.6725202878587435,7.6171126750539,False,-0.000834004730940141,0.013824019495860596
30618_e9a34502,train,30,17,7.839230579880041,7.33,True,-0.000834004730940141,-0.02435872577119541
30618_e9a34502,train,60,0,5.727426011114254,7.788675966562853,False,-0.000834004730940141,0.03664000090676206
30618_e9a34502,train,60,1,9.082804810004847,7.3028391186697155,False,-0.000834004730940141,-0.027970816435142265
30618_e9a34502,train,60,2,7.896640319966312,7.33,True,-0.000834004730940141,-0.02435872577119541
30618_e9a34502,train,60,3,5.7958439110710485,7.572584989986434,False,-0.000834004730940141,0.007902339946382064
30618_e9a34502,train,60,4,6.6434156165968,7.794555954894193,False,-0.000834004730940141,0.03742197298997524
30618_e9a34502,train,60,5,10.72615624950817,7.387266488366739,False,-0.000834004730940141,-0.016742929160211528
30618_e9a34502,train,60,6,11.342913411794335,7.279217731505847,True,-0.000834004730940141,-0.031112194323677456
30618_e9a34502,train,60,7,6.8346765174108315,7.452581956478249,False,-0.000834004730940141,-0.008056709088484937
30618_e9a34502,train,60,8,7.754542935975794,7.599075007689407,False,-0.000834004730940141,0.01142521331964047
30618_e9a34502,train,120,0,7.409362725494855,7.703704529463783,False,-0.000834004730940141,0.025339758808009816
30618_e9a34502,train,120,1,6.854315201633137,7.561980024836546,False,-0.000834004730940141,0.006491999275047455
30618_e9a34502,train,120,2,8.65343697606988,7.77933140460531,True,-0.000834004730940141,0.035397279634390044
30618_e9a34502,train,120,3,9.136933055861089,7.44654176193032,False,-0.000834004730940141,-0.008859986790327123
30618_e9a34502,train,300,0,7.039101270511038,7.746695494610561,False,-0.000834004730940141,0.031057071952322046
30639_9f0b519f,train,30,0,3.989965139234119,7.6760877342781715,False,-0.003213752926870317,0.024046784942934885
30639_9f0b519f,train,30,1,6.572921092587325,7.47,True,-0.003213752926870317,-0.0033605576939964577
30639_9f0b519f,train,30,2,8.592788773770097,7.459997754589016,False,-0.003213752926870317,-0.004690743442690715
30639_9f0b519f,train,30,3,8.453619818831445,7.77,True,-0.003213752926870317,0.036536056337294065
30639_9f0b519f,train,30,4,8.673116224043024,7.756389587610214,False,-0.003213752926870317,0.03472602510422074
30639_9f0b519f,train,30,5,6.8698658098697525,7.6772060548598615,False,-0.003213752926870317,0.02419550895830458
30639_9f0b519f,train,30,6,6.371244485303328,7.335520559991055,True,-0.003213752926870317,-0.02124480540459961
30639_9f0b519f,train,30,7,5.669861612779038,7.494035181253823,False,-0.003213752926870317,-0.00016414986181012559
30639_9f0b519f,train,30,8,4.695323859534628,7.665164739021006,False,-0.003213752926870317,0.022594149856798973
30639_9f0b519f,train,30,9,7.21663198172603,7.74,True,-0.003213752926870317,0.03254639493416511
30639_9f0b519f,train,30,10,8.745771287512326,7.6657057284612815,False,-0.003213752926870317,0.022666095346444592
30639_9f0b519f,train,30,11,11.36341774219941,7.840511761595684,True,-0.003213752926870317,0.04591332479412524
30639_9f0b519f,train,30,12,11.05266709044435,7.6137246170414805,False,-0.003213752926870317,0.015753194215666788
30639_9f0b519f,train,30,13,11.281709259363888,7.35,True,-0.003213752926870317,-0.0193192033065126
30639_9f0b519f,train,30,14,10.38659502141878,7.33,True,-0.003213752926870317,-0.021978977575265235
30639_9f0b519f,train,30,15,9.905979501884485,7.33,True,-0.003213752926870317,-0.021978977575265235
30639_9f0b519f,train,30,16,5.769475882106278,7.636302678999641,False,-0.003213752926870317,0.018755821627397973
30639_9f0b519f,train,30,17,5.8560008802684385,7.222797840065755,True,-0.003213752926870317,-0.03623565490265612
30639_9f0b519f,train,30,18,9.84732836709426,7.7324147708634445,False,-0.003213752926870317,0.031537645070164766
30639_9f0b519f,train,30,19,5.162536774802575,7.324828148075519,True,-0.003213752926870317,-0.022666775508791925
30639_9f0b519f,train,60,0,5.281443115910721,7.637667673804334,False,-0.003213752926870317,0.01893735053032297
30639_9f0b519f,train,60,1,8.52320429630077,7.69,True,-0.003213752926870317,0.025896959262283303
30639_9f0b519f,train,60,2,7.771491016956388,7.707898147083537,False,-0.003213752926870317,0.028277210815840448
30639_9f0b519f,train,60,3,6.020553049041183,7.453557690079281,False,-0.003213752926870317,-0.005547199336295661
30639_9f0b519f,train,60,4,5.949664127336027,7.747089835380323,False,-0.003213752926870317,0.03348926301987887
30639_9f0b519f,train,60,5,10.059001327069145,7.695260728850793,False,-0.003213752926870317,0.02659657682389449
30639_9f0b519f,train,60,6,11.16659480140951,7.241760037536254,False,-0.003213752926870317,-0.033713896657104
30639_9f0b519f,train,60,7,10.154689630874259,7.33,True,-0.003213752926870317,-0.021978977575265235
30639_9f0b519f,train,60,8,5.812433715700872,7.645762636940647,False,-0.003213752926870317,0.02001388926314651
30639_9f0b519f,train,60,9,7.539634730891319,7.318714644860371,True,-0.003213752926870317,-0.023479802435971364
30639_9f0b519f,train,120,0,6.90502968371876,7.644881952548555,False,-0.003213752926870317,0.019896768178897517
30639_9f0b519f,train,120,1,6.8974835838902,7.56496383384353,False,-0.003213752926870317,0.009268560391960001
30639_9f0b519f,train,120,2,7.995721375149498,7.7428907161792795,False,-0.003213752926870317,0.032930827559760845
30639_9f0b519f,train,120,3,10.66371925184725,7.35,True,-0.003213752926870317,-0.0193192033065126
30639_9f0b519f,train,120,4,6.654210383753978,7.637493002284321,False,-0.003213752926870317,0.01891412118960245
30639_9f0b519f,train,300,0,6.71093813251079,7.621974581385646,False,-0.003213752926870317,0.01685034635970384
30639_9f0b519f,train,300,1,8.980670435455544,7.585595917698843,False,-0.003213752926870317,0.012012394679415506
30639_9f0b519f,train,600,0,7.818247684545908,7.613964890325198,False,-0.003213752926870317,0.01578514785054197
30618_33bec73f,train,30,0,5.514805608810575,7.303762407458746,True,-0.0009943632976607275,-0.027687670880237214
30618_33bec73f,train,30,1,8.027356582690134,7.456632006739505,False,-0.0009943632976607275,-0.007357739548162157
30618_33bec73f,train,30,2,8.665310666681922,7.326813606413091,False,-0.0009943632976607275,-0.024622121588103896
30618_33bec73f,train,30,3,8.244084532387708,7.337653980778779,True,-0.0009943632976607275,-0.023180474148028762
30618_33bec73f,train,30,4,8.740747902787371,7.33,True,-0.0009943632976607275,-0.024198367204474824
30618_33bec73f,train,30,5,7.271185379025147,7.4004838093317,False,-0.0009943632976607275,-0.014824816083268522
30618_33bec73f,train,30,6,5.865371572075482,7.502236898675673,False,-0.0009943632976607275,-0.001292803643108742
30618_33bec73f,train,30,7,5.1420192767224115,7.5246001472116575,False,-0.0009943632976607275,0.001681256007977916
30618_33bec73f,train,30,8,7.2066034476099325,7.694373652991156,False,-0.0009943632976607275,0.02425921611739018
30618_33bec73f,train,30,9,8.576858399749508,7.366340812035777,False,-0.0009943632976607275,-0.019365449366557985
30618_33bec73f,train,30,10,12.120023249084706,7.382099873413805,False,-0.0009943632976607275,-0.017269672068909336
30618_33bec73f,train,30,11,11.612213065879065,7.954968418734672,True,-0.0009943632976607275,0.05891537874220226
30618_33bec73f,train,30,12,13.25286449131102,7.841966629643993,True,-0.0009943632976607275,0.043887416194881845
30618_33bec73f,train,30,13,10.342647487477512,7.3781949380753185,False,-0.0009943632976607275,-0.017788984395631757
30618_33bec73f,train,30,14,9.930575882040692,7.820081038316804,True,-0.0009943632976607275,0.04097687956145707
30618_33bec73f,train,30,15,5.696007602911803,7.534367461520244,False,-0.0009943632976607275,0.0029801985716177426
30618_33bec73f,train,30,16,6.08908558812319,7.619811390623208,False,-0.0009943632976607275,0.014343276774077374
30618_33bec73f,train,30,17,7.504693911854093,7.33,True,-0.0009943632976607275,-0.024198367204474824
30618_33bec73f,train,30,18,8.50765572470715,7.5807890178990895,False,-0.0009943632976607275,0.009153741630213152
30618_33bec73f,train,60,0,6.779512474857333,7.310663026624679,True,-0.0009943632976607275,-0.026769966415436552
30618_33bec73f,train,60,1,8.455399643091972,7.331194978166251,False,-0.0009943632976607275,-0.02403944859555912
30618_33bec73f,train,60,2,8.008424103320579,7.33,True,-0.0009943632976607275,-0.024198367204474824
30618_33bec73f,train,60,3,5.504297214994082,7.511145521567723,False,-0.0009943632976607275,-0.00010805734619406815
30618_33bec73f,train,60,4,7.890590944518205,7.597487073004341,False,-0.0009943632976607275,0.01137439449557126
30618_33bec73f,train,60,5,11.865695686447605,7.501198529242394,False,-0.0009943632976607275,-0.0014308950581135016
30618_33bec73f,train,60,6,11.805043678051613,7.71143020099531,False,-0.0009943632976607275,0.026527544492149946
30618_33bec73f,train,60,7,7.820349356274795,7.556236939983611,False,-0.0009943632976607275,0.005888592376012969
30618_33bec73f,train,60,8,6.796889749988641,7.511807978586115,False,-0.0009943632976607275,-1.9958039610357137e-05
30618_33bec73f,train,120,0,7.6202585458780545,7.318539601187979,True,-0.0009943632976607275,-0.02572247089796781
30618_33bec73f,train,120,1,6.753227889905879,7.498773548468254,False,-0.0009943632976607275,-0.0017533901313774858
30618_33bec73f,train,120,2,9.878143315482905,7.5301558830979305,False,-0.0009943632976607275,0.0024201061756924935
30618_33bec73f,train,120,3,9.811034843134106,7.576267928143059,False,-0.0009943632976607275,0.00855248772022249
30618_33bec73f,train,300,0,7.327501541562998,7.420304832927019,False,-0.0009943632976607275,-0.012188843656310067
30639_50956d6e,train,30,0,3.2462731305289405,7.623500618866235,False,-0.004433141253422479,0.018272680447457168
30639_50956d6e,train,30,1,4.328871346611479,7.823429709666744,True,-0.004433141253422479,0.04486099301177299
30639_50956d6e,train,30,2,8.4027372901392,7.447763831072018,False,-0.004433141253422479,-0.00509832886495859
30639_50956d6e,train,30,3,7.020781803634593,7.683797340007564,False,-0.004433141253422479,0.026291463816550176
30639_50956d6e,train,30,4,4.882848755349593,7.368986196487373,False,-0.004433141253422479,-0.015574865136030625
30639_50956d6e,train,30,5,6.847152130160313,7.684798711563617,False,-0.004433141253422479,0.026424634931462798
30639_50956d6e,train,30,6,9.293129902088294,7.63069956328799,False,-0.004433141253422479,0.01923005880421541
30639_50956d6e,train,30,7,8.26596362155301,7.745000341031303,False,-0.004433141253422479,0.03443077218121965
30639_50956d6e,train,30,8,9.251576082914113,7.33,True,-0.004433141253422479,-0.020759589248713073
30639_50956d6e,train,30,9,13.050118489793668,7.477732326828586,False,-0.004433141253422479,-0.0011128571706313095
30639_50956d6e,train,30,10,10.017137257792328,7.593776779817063,False,-0.004433141253422479,0.014319745333880418
30639_50956d6e,train,30,11,9.332613389422077,7.33,True,-0.004433141253422479,-0.020759589248713073
30639_50956d6e,train,30,12,7.811728132407743,7.76,True,-0.004433141253422479,0.03642555752946991
30639_50956d6e,train,30,13,7.793369673461093,7.77,True,-0.004433141253422479,0.03775544466384623
30639_50956d6e,train,30,14,6.135469828568723,7.4061735802933795,False,-0.004433141253422479,-0.010629362807558163
30639_50956d6e,train,30,15,9.123463668330706,7.612400907084091,False,-0.004433141253422479,0.016796544058021168
30639_50956d6e,train,30,16,7.050144632711787,7.33,True,-0.004433141253422479,-0.020759589248713073
30639_50956d6e,train,30,17,8.117798204336681,7.23244011035128,True,-0.004433141253422479,-0.03373395345621405
30639_50956d6e,train,30,18,7.950534442145076,7.77,True,-0.004433141253422479,0.03775544466384623
30639_50956d6e,train,30,19,7.408170523143664,7.63,True,-0.004433141253422479,0.01913702478257734
30639_50956d6e,train,30,20,7.7693292234132585,7.452229797974623,False,-0.004433141253422479,-0.004504405672325962
30639_50956d6e,train,60,0,3.791424901260895,7.667885586770083,False,-0.004433141253422479,0.02417538022496052
30639_50956d6e,train,60,1,7.71059823975538,7.585820687091488,False,-0.004433141253422479,0.013261674798315692
30639_50956d6e,train,60,2,5.863360790522222,7.393504114017222,False,-0.004433141253422479,-0.012314258827565816
30639_50956d6e,train,60,3,8.779546761820653,7.6841751497896285,False,-0.004433141253422479,0.02634170825339127
30639_50956d6e,train,60,4,11.150847286353892,7.1709728095500855,True,-0.004433141253422479,-0.041908410708248967
30639_50956d6e,train,60,5,9.674305836195913,7.714877467330435,False,-0.004433141253422479,0.030424769962696774
30639_50956d6e,train,60,6,7.802548902934418,7.77,True,-0.004433141253422479,0.03775544466384623
30639_50956d6e,train,60,7,7.6294667484497145,7.4344584393624125,False,-0.004433141253422479,-0.0068677957902027464
30639_50956d6e,train,60,8,7.583971418524234,7.33,True,-0.004433141253422479,-0.020759589248713073
30639_50956d6e,train,60,9,7.67935248264437,7.77,True,-0.004433141253422479,0.03775544466384623
30639_50956d6e,train,120,0,5.806902979397644,7.664369086352644,False,-0.004433141253422479,0.023707725358642462
30639_50956d6e,train,120,1,7.3226698670685595,7.425729513084964,False,-0.004433141253422479,-0.008028644465532475
30639_50956d6e,train,120,2,10.411961847931789,7.206630978761659,True,-0.004433141253422479,-0.03716627666126043
30639_50956d6e,train,120,3,7.716007825692066,7.5173125967315535,False,-0.004433141253422479,0.0041508720012786715
30639_50956d6e,train,120,4,7.631582333669343,7.261073368730099,True,-0.004433141253422479,-0.02992605326288761
30639_50956d6e,train,300,0,7.506419583758664,7.639461686046809,False,-0.004433141253422479,0.020395322236893387
30639_50956d6e,train,300,1,8.074725853324473,7.501312132012967,False,-0.004433141253422479,0.0020229907839496852
30639_50956d6e,train,600,0,7.7926245379866845,7.605712135886278,False,-0.004433141253422479,0.015907012981945245
30639_927002c2,train,30,0,5.8737880190282405,7.524878581281723,False,-0.004357181278961619,0.0050811025780340136
30639_927002c2,train,30,1,8.006776735797247,7.71,True,-0.004357181278961619,0.02970016188312724
30639_927002c2,train,30,2,8.805721473788543,7.456282503411191,False,-0.004357181278961619,-0.004041401564835956
30639_927002c2,train,30,3,5.411681852302044,7.556927253306144,False,-0.004357181278961619,0.009343214237946429
30639_927002c2,train,30,4,5.450113787497275,7.137614820902268,True,-0.004357181278961619,-0.046420606675850296
30639_927002c2,train,30,5,4.371695477648469,7.602649126329239,False,-0.004357181278961619,0.015423707307246792
30639_927002c2,train,30,6,7.091621693168135,7.3740459960906275,False,-0.004357181278961619,-0.0149779288710023
30639_927002c2,train,30,7,8.228353647885312,7.427359627389249,False,-0.004357181278961619,-0.007887817635910233
30639_927002c2,train,30,8,11.864445729754225,7.391238521819951,False,-0.004357181278961619,-0.012691516993516172
30639_927002c2,train,30,9,11.11121558417624,7.6559703366096,False,-0.004357181278961619,0.02251482646136954
30639_927002c2,train,30,10,11.040260117429241,7.928690281449978,True,-0.004357181278961619,0.058783501054474
30639_927002c2,train,30,11,11.134730159579135,7.77,True,-0.004357181278961619,0.03767948468938537
30639_927002c2,train,30,12,9.921331687689316,7.843299842738311,True,-0.004357181278961619,0.04742753647033432
30639_927002c2,train,30,13,8.585433393257153,7.310615760988874,True,-0.004357181278961619,-0.02341343423023129
30639_927002c2,train,30,14,3.80957030874815,7.509802736039552,False,-0.004357181278961619,0.00307618531529269
30639_927002c2,train,30,15,7.28052085364123,7.33,True,-0.004357181278961619,-0.020835549223173933
30639_927002c2,train,30,16,9.448772288041695,7.309564765308253,False,-0.004357181278961619,-0.023553204793625493
30639_927002c2,train,30,17,4.386694420635673,7.852091564802537,True,-0.004357181278961619,0.04859673627655697
30639_927002c2,train,60,0,6.89338109587767,7.624088283423257,False,-0.004357181278961619,0.018274873226367394
30639_927002c2,train,60,1,7.062451647238873,7.514487429958768,False,-0.004357181278961619,0.0036991967324583874
30639_927002c2,train,60,2,4.88409312763188,7.5322883661370925,False,-0.004357181278961619,0.006066520332799252
30639_927002c2,train,60,3,7.659987670526722,7.401968274386332,False,-0.004357181278961619,-0.011264581004208962
30639_927002c2,train,60,4,11.487201917277773,7.471392096975893,False,-0.004357181278961619,-0.0020319961561006683
30639_927002c2,train,60,5,11.087495138504188,7.77,True,-0.004357181278961619,0.03767948468938537
30639_927002c2,train,60,6,9.252267433382725,7.364388552862608,False,-0.004357181278961619,-0.016262259820993663
30639_927002c2,train,60,7,5.54504558119469,7.505821779037327,False,-0.004357181278961619,0.0025467629653162516
30639_927002c2,train,60,8,6.917733354338686,7.33,True,-0.004357181278961619,-0.020835549223173933
30639_927002c2,train,120,0,6.974027748876965,7.560616704702015,False,-0.004357181278961619,0.009833869632373926
30639_927002c2,train,120,1,6.341255617340458,7.427742375453793,False,-0.004357181278961619,-0.007836916463235866
30639_927002c2,train,120,2,11.287515489786877,7.645646240285041,False,-0.004357181278961619,0.021141838173760086
30639_927002c2,train,120,3,7.397110543213566,7.485054667619823,False,-0.004357181278961619,-0.00021502846391358021
30639_927002c2,train,300,0,7.696176830031543,7.502944379303702,False,-0.004357181278961619,0.0021641012766955847
30618_2050d396,train,30,0,4.438874125925203,7.61604404292513,False,-0.0010571777259870963,0.013905076478964079
30618_2050d396,train,30,1,8.361806120044816,7.29195089857173,False,-0.0010571777259870963,-0.02919565382255221
30618_2050d396,train,30,2,8.176497178636277,7.217060928991742,False,-0.0010571777259870963,-0.03915517452637843
30618_2050d396,train,30,3,8.216712213809979,7.33,True,-0.0010571777259870963,-0.024135552776148456
30618_2050d396,train,30,4,6.406896276602207,7.558250961747699,False,-0.0010571777259870963,0.006219248967580943
30618_2050d396,train,30,5,7.512368676457673,7.33,True,-0.0010571777259870963,-0.024135552776148456
30618_2050d396,train,30,6,4.570962262435179,7.495351382668312,False,-0.0010571777259870963,-0.002145685129955749
30618_2050d396,train,30,7,5.880116700660066,7.528411692201758,False,-0.0010571777259870963,0.0022509629007474163
30618_2050d396,train,30,8,7.680455859960148,7.499068735454107,False,-0.0010571777259870963,-0.0016513191655789516
30618_2050d396,train,30,9,4.692751125129666,7.33,True,-0.0010571777259870963,-0.024135552776148456
30618_2050d396,train,30,10,10.909073951814804,7.263163027044067,True,-0.0010571777259870963,-0.033024115819624084
30618_2050d396,train,30,11,12.015235019369975,7.4181969949932265,False,-0.0010571777259870963,-0.012406347882933738
30618_2050d396,train,30,12,13.070961144669718,7.466986782342382,False,-0.0010571777259870963,-0.005917856834473795
30618_2050d396,train,30,13,9.713364072995446,7.391750098922883,False,-0.0010571777259870963,-0.01592348656574763
30618_2050d396,train,30,14,9.83950035074372,7.60142703664027,False,-0.0010571777259870963,0.01196117961883078
30618_2050d396,train,30,15,5.819026891252122,7.266168363517791,True,-0.0010571777259870963,-0.032624439988536286
30618_2050d396,train,30,16,5.473892836124911,7.4305361751545895,False,-0.0010571777259870963,-0.010765376188398929
30618_2050d396,train,30,17,6.705188074152297,7.420166022543042,False,-0.0010571777259870963,-0.012144489442360601
30618_2050d396,train,30,18,7.642495508736587,7.501293426859885,False,-0.0010571777259870963,-0.001355460317728846
30618_2050d396,train,60,0,6.421355830096364,7.5068293818750425,False,-0.0010571777259870963,-0.0006192407826143553
30618_2050d396,train,60,1,8.19671299524065,7.33,True,-0.0010571777259870963,-0.024135552776148456
30618_2050d396,train,60,2,6.931888960703452,7.545186056501753,False,-0.0010571777259870963,0.0044817640277378945
30618_2050d396,train,60,3,5.257173324850454,7.51238461124566,False,-0.0010571777259870963,0.00011954202423500315
30618_2050d396,train,60,4,6.16902875881061,7.35,True,-0.0010571777259870963,-0.02147577850739582
30618_2050d396,train,60,5,11.462154485592388,7.307207261268069,True,-0.0010571777259870963,-0.027166729775828152
30618_2050d396,train,60,6,11.394955950822329,7.450751993498099,False,-0.0010571777259870963,-0.00807690051580659
30618_2050d396,train,60,7,7.8258963902948295,7.297291900778367,True,-0.0010571777259870963,-0.028485360810624055
30618_2050d396,train,60,8,6.087488296408559,7.429860742124123,False,-0.0010571777259870963,-0.010855201158134015
30618_2050d396,train,120,0,7.30665031620681,7.140969500930498,True,-0.0010571777259870963,-0.0492744756478756
30618_2050d396,train,120,1,6.078672093195012,7.52383411432565,False,-0.0010571777259870963,0.0016421967083430633
30618_2050d396,train,120,2,8.826665106985562,7.33,True,-0.0010571777259870963,-0.024135552776148456
30618_2050d396,train,120,3,9.616384533764801,7.320000696980605,True,-0.0010571777259870963,-0.025465347219970874
30618_2050d396,train,300,0,6.5936337590712615,7.495453566788891,False,-0.0010571777259870963,-0.0021320957952261355
30639_0be558e2,train,30,0,3.9616202862832073,7.72624798240902,False,-0.004339080779701077,0.031842859660399514
30639_0be558e2,train,30,1,9.851369666844006,7.703793127617238,False,-0.004339080779701077,0.028856617411211538
30639_0be558e2,train,30,2,7.4397267577016155,7.6776473875915725,False,-0.004339080779701077,0.02537952908332347
30639_0be558e2,train,30,3,4.997347046065154,7.298869209416938,True,-0.004339080779701077,-0.02499369351037245
30639_0be558e2,train,30,4,7.406568895786398,7.524148173198237,False,-0.004339080779701077,0.004965866047466128
30639_0be558e2,train,30,5,8.636454731648927,7.388251690329748,False,-0.004339080779701077,-0.013106832369913779
30639_0be558e2,train,30,6,8.91414899420932,7.646667387822665,False,-0.004339080779701077,0.02125953877175829
30639_0be558e2,train,30,7,9.891655407019858,7.33,True,-0.004339080779701077,-0.020853649722434475
30639_0be558e2,train,30,8,12.683905477554992,7.486942516332376,False,-0.004339080779701077,1.793360827312407e-05
30639_0be558e2,train,30,9,9.212363516516715,7.346381587164298,True,-0.004339080779701077,-0.01867508352138808
30639_0be558e2,train,30,10,8.434390113107117,7.244198850202002,False,-0.004339080779701077,-0.03226423424554009
30639_0be558e2,train,30,11,7.0292537822168395,7.385191676599028,True,-0.004339080779701077,-0.013513779659063807
30639_0be558e2,train,30,12,7.992623152311909,7.704520192696174,False,-0.004339080779701077,0.0289533088606449
30639_0be558e2,train,30,13,5.68346754202536,7.256542775943263,True,-0.004339080779701077,-0.030622631442440096
30639_0be558e2,train,30,14,8.064629574244288,7.77,True,-0.004339080779701077,0.037661384190124825
30639_0be558e2,train,30,15,7.884356061901721,7.73,True,-0.004339080779701077,0.032341835652619555
30639_0be558e2,train,30,16,7.515110140520142,7.405402318881775,False,-0.004339080779701077,-0.010825992344133006
30639_0be558e2,train,30,17,8.556841800017162,7.77,True,-0.004339080779701077,0.037661384190124825
30639_0be558e2,train,30,18,7.411351103025576,7.655751467344588,False,-0.004339080779701077,0.022467618820144086
30639_0be558e2,train,30,19,7.847928500943244,7.77,True,-0.004339080779701077,0.037661384190124825
30639_0be558e2,train,30,20,5.272655127790944,7.469023185300413,False,-0.004339080779701077,-0.00236513517133069
30639_0be558e2,train,60,0,7.089568891589919,7.72450112881187,False,-0.004339080779701077,0.031610547847950754
30639_0be558e2,train,60,1,6.2205688317599535,7.30677334100904,True,-0.004339080779701077,-0.02394253321909695
30639_0be558e2,train,60,2,8.02151181371766,7.423840527909377,False,-0.004339080779701077,-0.008373918647458012
30639_0be558e2,train,60,3,9.40371814920625,7.594342130737791,False,-0.004339080779701077,0.014300870151747358
30639_0be558e2,train,60,4,10.942329242920406,7.406615108119698,False,-0.004339080779701077,-0.0106647050637107
30639_0be558e2,train,60,5,7.731821947661977,7.305741363017167,False,-0.004339080779701077,-0.024079774644532204
30639_0be558e2,train,60,6,6.838045347168633,7.293587154892146,True,-0.004339080779701077,-0.02569614714593199
30639_0be558e2,train,60,7,7.974191357350023,7.77,True,-0.004339080779701077,0.037661384190124825
30639_0be558e2,train,60,8,8.035103498192022,7.20436777204658,False,-0.004339080779701077,-0.037561318084263495
30639_0be558e2,train,60,9,7.630369864522734,7.753712949467628,False,-0.004339080779701077,0.0354953902941309
30639_0be558e2,train,120,0,6.640884152794551,7.73054382591706,False,-0.004339080779701077,0.03241415836166334
30639_0be558e2,train,120,1,8.71203858182247,7.426603920893752,False,-0.004339080779701077,-0.008006418569743323
30639_0be558e2,train,120,2,9.334395706063098,7.3396836828269905,False,-0.004339080779701077,-0.019565829201935003
30639_0be558e2,train,120,3,7.405169983302582,7.231493326677705,True,-0.004339080779701077,-0.033953925472587965
30639_0be558e2,train,120,4,7.83256733674078,7.692885873229605,True,-0.004339080779701077,0.027406075683063247
30639_0be558e2,train,300,0,8.34827298234529,7.6216268453268405,False,-0.004339080779701077,0.017929429241458072
30639_0be558e2,train,300,1,7.641297953892052,7.276815908296475,True,-0.004339080779701077,-0.027926533653435504
30639_0be558e2,train,600,0,7.992885635996525,7.343727215685411,True,-0.004339080779701077,-0.019028084969350767
30618_67b89902,train,30,0,4.123735659045824,7.331879023355997,False,-0.001009826152624127,-0.023933015450878226
30618_67b89902,train,30,1,7.078799191234826,7.553524279548479,False,-0.001009826152624127,0.00554330200971509
30618_67b89902,train,30,2,9.46002556263655,7.33,True,-0.001009826152624127,-0.024182904349511425
30618_67b89902,train,30,3,8.712717591443072,7.301359940740117,True,-0.001009826152624127,-0.027991708983260977
30618_67b89902,train,30,4,8.57714987605945,7.2398200561508315,True,-0.001009826152624127,-0.036175819059890535
30618_67b89902,train,30,5,8.09959091350588,7.469337424368526,False,-0.001009826152624127,-0.005652599549027415
30618_67b89902,train,30,6,7.302106589068298,7.474885384771904,False,-0.001009826152624127,-0.0049147834327792905
30618_67b89902,train,30,7,4.520528384507588,7.362117929773362,True,-0.001009826152624127,-0.019911582190671795
30618_67b89902,train,30,8,7.070613961474396,7.396482421864878,False,-0.001009826152624127,-0.015341492599483253
30618_67b89902,train,30,9,10.21217465305606,7.33,True,-0.001009826152624127,-0.024182904349511425
30618_67b89902,train,30,10,11.481584164201607,7.636041853142002,False,-0.001009826152624127,0.016517207957913005
30618_67b89902,train,30,11,10.480400456545917,7.4840454015622795,False,-0.001009826152624127,-0.003696604584760066
30618_67b89902,train,30,12,13.42739037909024,7.668145639478139,False,-0.001009826152624127,0.020786649199232565
30618_67b89902,train,30,13,11.086335246692311,7.671449827120015,False,-0.001009826152624127,0.02122606886268219
30618_67b89902,train,30,14,9.991196251949562,7.77,True,-0.001009826152624127,0.034332129563047875
30618_67b89902,train,30,15,7.358291834816838,7.410114711331037,False,-0.001009826152624127,-0.0135285519621694
30618_67b89902,train,30,16,4.31374925857234,7.608876157847932,False,-0.001009826152624127,0.012904477091115751
30618_67b89902,train,30,17,7.6770614549284435,7.605498352639703,False,-0.001009826152624127,0.01245526712223044
30618_67b89902,train,30,18,11.059011155804095,7.33,True,-0.001009826152624127,-0.024182904349511425
30618_67b89902,train,60,0,5.671114381355702,7.349192465625081,False,-0.001009826152624127,-0.021630523038335903
30618_67b89902,train,60,1,9.085739336793456,7.262635732997641,True,-0.001009826152624127,-0.033141591549824545
30618_67b89902,train,60,2,8.338370394782663,7.336087189082198,False,-0.001009826152624127,-0.023373376905018395
30618_67b89902,train,60,3,5.911317486787944,7.39809981483809,True,-0.001009826152624127,-0.015126397588852813
30618_67b89902,train,60,4,8.644007918489505,7.343954295632921,True,-0.001009826152624127,-0.022327140526360978
30618_67b89902,train,60,5,10.981828022984494,7.5101492541895585,False,-0.001009826152624127,-0.00022508680809263382
30618_67b89902,train,60,6,12.258823495581726,7.670369872298095,False,-0.001009826152624127,0.021082447060344345
30618_67b89902,train,60,7,8.674744043383201,7.441607833867594,False,-0.001009826152624127,-0.009340322113898902
30618_67b89902,train,60,8,5.998212795979404,7.607236241972119,False,-0.001009826152624127,0.012686386788645532
30618_67b89902,train,120,0,7.43977638719594,7.290472174781308,True,-0.001009826152624127,-0.02943965897033307
30618_67b89902,train,120,1,7.124843940785304,7.379368256173193,True,-0.001009826152624127,-0.017617483476378926
30618_67b89902,train,120,2,9.810969787316587,7.41623664460342,False,-0.001009826152624127,-0.012714403932524099
30618_67b89902,train,120,3,10.46229244184813,7.536675350951057,False,-0.001009826152624127,0.003302584672741249
30618_67b89902,train,300,0,7.5573237069154064,7.3245122777811895,True,-0.001009826152624127,-0.02491270946709423
30618_3e9f4952,train,30,0,3.207040145185928,7.6695318986322425,False,-0.0011918575148582855,0.021153037382862006
30618_3e9f4952,train,30,1,4.380301110207088,7.702329221927442,False,-0.0011918575148582855,0.025514711212088925
30618_3e9f4952,train,30,2,8.488098705540649,7.33,True,-0.0011918575148582855,-0.024000872987277266
30618_3e9f4952,train,30,3,8.010488836080063,7.455884218275908,False,-0.0011918575148582855,-0.00725969275666194
30618_3e9f4952,train,30,4,4.075368941230557,7.473217618437769,False,-0.0011918575148582855,-0.004954546169636309
30618_3e9f4952,train,30,5,9.283625204652854,7.776643877243264,True,-0.0011918575148582855,0.035397721612101196
30618_3e9f4952,train,30,6,8.001489424066758,7.33,True,-0.0011918575148582855,-0.024000872987277266
30618_3e9f4952,train,30,7,8.924864334415734,7.557567715926821,False,-0.0011918575148582855,0.006263064773771698
30618_3e9f4952,train,30,8,13.361147208678942,7.2992177599096655,True,-0.0011918575148582855,-0.028094563493619273
30618_3e9f4952,train,30,9,10.652802539821781,7.382317324559658,False,-0.0011918575148582855,-0.017043259303589298
30618_3e9f4952,train,30,10,8.55802116767514,7.787188710103352,False,-0.0011918575148582855,0.03680006536757918
30618_3e9f4952,train,30,11,7.283405964053349,7.3690969777126565,False,-0.0011918575148582855,-0.01880141622197129
30618_3e9f4952,train,30,12,6.083034888670373,7.427937171428417,False,-0.0011918575148582855,-0.01097633456129099
30618_3e9f4952,train,30,13,7.801493049160004,7.140995467380621,True,-0.0011918575148582855,-0.04913634261421007
30618_3e9f4952,train,30,14,7.1102402328438945,7.33,True,-0.0011918575148582855,-0.024000872987277266
30618_3e9f4952,train,30,15,7.534290725688388,7.495356023235304,False,-0.0011918575148582855,-0.002010388198050661
30618_3e9f4952,train,30,16,8.718575894444905,7.77,True,-0.0011918575148582855,0.034514160925282034
30618_3e9f4952,train,30,17,7.446920520387066,7.6115534724799465,False,-0.0011918575148582855,0.013442561081729365
30618_3e9f4952,train,30,18,7.9200272716360205,7.834788017804183,True,-0.0011918575148582855,0.04313023605923483
30618_3e9f4952,train,60,0,3.7907128269443544,7.693001309093589,False,-0.0011918575148582855,0.024274204085256268
30618_3e9f4952,train,60,1,8.248891064343695,7.23639944774104,True,-0.0011918575148582855,-0.03644869000924855
30618_3e9f4952,train,60,2,6.652650391171487,7.507682480097664,False,-0.0011918575148582855,-0.0003711085586808327
30618_3e9f4952,train,60,3,8.457477034115637,7.33,True,-0.0011918575148582855,-0.024000872987277266
30618_3e9f4952,train,60,4,12.016968766017362,7.32003991401231,True,-0.0011918575148582855,-0.025325452008508442
30618_3e9f4952,train,60,5,7.92319336198024,7.71172804052772,False,-0.0011918575148582855,0.026764648005573544
30618_3e9f4952,train,60,6,6.961964106557486,7.384046234565283,False,-0.0011918575148582855,-0.016813333786291684
30618_3e9f4952,train,60,7,7.3226194446191,7.279819404017416,False,-0.0011918575148582855,-0.03067432588653496
30618_3e9f4952,train,60,8,8.082748207415984,7.77,True,-0.0011918575148582855,0.034514160925282034
30618_3e9f4952,train,120,0,6.016049270360018,7.672207726104503,False,-0.0011918575148582855,0.02150889223577901
30618_3e9f4952,train,120,1,7.5432828598828285,7.507747986634031,False,-0.0011918575148582855,-0.0003623969286876694
30618_3e9f4952,train,120,2,10.024354601552325,7.403735395796831,False,-0.0011918575148582855,-0.01419489756544201
30618_3e9f4952,train,120,3,7.147240733915037,7.360133768201493,False,-0.0011918575148582855,-0.019993421923132915
30618_3e9f4952,train,300,0,7.755295453412464,7.573504050305723,False,-0.0011918575148582855,0.008382417379733886
30618_a869780d,train,30,0,6.319243880554028,7.454805432933108,False,-0.0012549971614201905,-0.007340019384914354
30618_a869780d,train,30,1,8.57910832165534,7.788268689655896,False,-0.0012549971614201905,0.03700683010537298
30618_a869780d,train,30,2,7.579328094679209,7.890133365353185,True,-0.0012549971614201905,0.050553682271097244
30618_a869780d,train,30,3,4.907466427190653,7.77,True,-0.0012549971614201905,0.03457730057184394
30618_a869780d,train,30,4,9.832458412881689,7.77,True,-0.0012549971614201905,0.03457730057184394
30618_a869780d,train,30,5,8.109360331370219,7.806425330600204,True,-0.0012549971614201905,0.03942145842490552
30618_a869780d,train,30,6,9.258214160417303,7.33,True,-0.0012549971614201905,-0.02393773334071536
30618_a869780d,train,30,7,12.356867918002278,7.270421406468567,False,-0.0012549971614201905,-0.031861013842884534
30618_a869780d,train,30,8,9.571929994262586,7.646395507329135,False,-0.0012549971614201905,0.01813929811643411
30618_a869780d,train,30,9,8.964064552452932,7.197098355836359,False,-0.0012549971614201905,-0.041612152011784365
30618_a869780d,train,30,10,8.524903794711491,7.943247518505292,True,-0.0012549971614201905,0.057617265164125575
30618_a869780d,train,30,11,5.664052134151738,7.454421797359248,False,-0.0012549971614201905,-0.007391038586310961
30618_a869780d,train,30,12,8.254303641926679,7.530406356146206,False,-0.0012549971614201905,0.002714050127893053
30618_a869780d,train,30,13,7.505930151349945,7.425933737530793,False,-0.0012549971614201905,-0.011179629011231484
30618_a869780d,train,30,14,7.804074066464833,7.502897477276573,False,-0.0012549971614201905,-0.0009443202810912599
30618_a869780d,train,30,15,9.013542559670114,7.443665674376421,False,-0.0012549971614201905,-0.008821481543374032
30618_a869780d,train,30,16,7.447026770355835,7.294016163337825,False,-0.0012549971614201905,-0.028723177482968043
30618_a869780d,train,30,17,6.411098155375732,7.411204867396038,False,-0.0012549971614201905,-0.013138402500842528
30618_a869780d,train,60,0,7.449176101104684,7.511642809991482,False,-0.0012549971614201905,0.0002187102652485562
30618_a869780d,train,60,1,6.2365928594048246,7.77,True,-0.0012549971614201905,0.03457730057184394
30618_a869780d,train,60,2,8.97834934657117,7.854875366237116,True,-0.0012549971614201905,0.04586476633026604
30618_a869780d,train,60,3,10.810332619171579,7.180795427198518,False,-0.0012549971614201905,-0.04378025751659642
30618_a869780d,train,60,4,9.271325003878614,7.2695399633595645,False,-0.0012549971614201905,-0.031978235827919255
30618_a869780d,train,60,5,7.110919640641726,7.678243044162949,False,-0.0012549971614201905,0.022374661066120627
30618_a869780d,train,60,6,7.863598095982588,7.445337593636388,False,-0.0012549971614201905,-0.008599135152019377
30618_a869780d,train,60,7,8.41184717862829,7.465240501416695,False,-0.0012549971614201905,-0.005952273052648449
30618_a869780d,train,60,8,6.928194850960442,7.382244329237234,False,-0.0012549971614201905,-0.016989827211043473
30618_a869780d,train,120,0,6.847481468112926,7.949788621063091,False,-0.0012549971614201905,0.05848715797775084
30618_a869780d,train,120,1,9.874954916494648,7.375277323652979,False,-0.0012549971614201905,-0.01791636032020638
30618_a869780d,train,120,2,8.217370237888282,7.373265312116657,False,-0.0012549971614201905,-0.01818393514584349
30618_a869780d,train,120,3,8.156357221509856,7.4586590150427945,False,-0.0012549971614201905,-0.006827536458020811
30618_a869780d,train,300,0,8.5070914883515,7.417266094135967,False,-0.0012549971614201905,-0.012332327754845607
30618_0686195f,train,30,0,3.174584616912968,7.338291508871633,True,-0.014550048858634812,-0.009540004546205683
30618_0686195f,train,30,1,4.988420545882822,7.435397199957223,False,-0.014550048858634812,0.00337395637873944
30618_0686195f,train,30,2,8.60234128857406,7.34,True,-0.014550048858634812,-0.009312794509124422
30618_0686195f,train,30,3,7.357756329504328,7.591892608731516,False,-0.014550048858634812,0.024186079450529585
30618_0686195f,train,30,4,4.9996768125978095,7.432243197287152,False,-0.014550048858634812,0.00295450962146776
30618_0686195f,train,30,5,9.670199522669153,7.610080558685788,False,-0.014550048858634812,0.026604871515016282
30618_0686195f,train,30,6,8.054542691953246,7.46,True,-0.014550048858634812,0.00664585110339172
30618_0686195f,train,30,7,9.108249318190452,7.898091902542191,True,-0.014550048858634812,0.06490712958992356
30618_0686195f,train,30,8,11.59602251907772,7.376600545558404,False,-0.014550048858634812,-0.004445335044196808
30618_0686195f,train,30,9,10.141395506228642,7.135928939477102,True,-0.014550048858634812,-0.03645194229791843
30618_0686195f,train,30,10,9.031351275320066,7.331350593594838,False,-0.014550048858634812,-0.010463067938946191
30618_0686195f,train,30,11,8.431119153386627,7.587890574650467,False,-0.014550048858634812,0.023653854086957138
30618_0686195f,train,30,12,6.060454431912978,7.722643745985872,False,-0.014550048858634812,0.04157450497449383
30618_0686195f,train,30,13,7.254447096896112,7.77,True,-0.014550048858634812,0.04787235226905856
30618_0686195f,train,30,14,7.5452333831450025,7.739343359701296,False,-0.014550048858634812,0.04379536511741372
30618_0686195f,train,30,15,8.273986192109186,7.39,True,-0.014550048858634812,-0.002663358837242724
30618_0686195f,train,30,16,9.031488606380798,7.292152163156481,False,-0.014550048858634812,-0.01567601677171787
30618_0686195f,train,60,0,4.087630405482253,7.4123840605571285,False,-0.014550048858634812,0.0003134685777598789
30618_0686195f,train,60,1,7.992835640810459,7.5539977846232675,False,-0.014550048858634812,0.019146495546428055
30618_0686195f,train,60,2,7.370988514452214,7.535933518506695,False,-0.014550048858634812,0.01674415203639007
30618_0686195f,train,60,3,8.583163969209831,7.784453258580988,False,-0.014550048858634812,0.049794472532725564
30618_0686195f,train,60,4,10.863778073626575,7.257879071004624,True,-0.014550048858634812,-0.02023395120252286
30618_0686195f,train,60,5,8.734329194363314,7.347084550977623,False,-0.014550048858634812,-0.008370629189327017
30618_0686195f,train,60,6,6.649838789309025,7.821975710672141,True,-0.014550048858634812,0.054784535161353454
30618_0686195f,train,60,7,7.901796648349702,7.4,True,-0.014550048858634812,-0.0013334717028662957
30618_0686195f,train,120,0,6.026950012141837,7.491462344493903,False,-0.014550048858634812,0.01082998781936756
30618_0686195f,train,120,1,7.983759142981086,7.643713289479147,False,-0.014550048858634812,0.0310776451126194
30618_0686195f,train,120,2,9.806321377610178,7.325760817232054,False,-0.014550048858634812,-0.011206445105836849
30618_0686195f,train,120,3,7.254598094099859,7.7368719898810205,True,-0.014550048858634812,0.043466700824586646
30618_0686195f,train,300,0,7.779346114530793,7.484968324076125,False,-0.014550048858634812,0.009966356398969534
30618_88548b02,train,30,0,4.47582305428893,7.458744791019155,False,-0.006010431901253499,-0.0020606944814474115
30618_88548b02,train,30,1,8.33875336221786,7.5913044794053635,False,-0.006010431901253499,0.015568247930728196
30618_88548b02,train,30,2,8.529175767394626,7.461795483912716,False,-0.006010431901253499,-0.0016549867584395583
30618_88548b02,train,30,3,8.909777888398308,7.33,True,-0.006010431901253499,-0.019182298600882053
30618_88548b02,train,30,4,7.524025954953076,7.33,True,-0.006010431901253499,-0.019182298600882053
30618_88548b02,train,30,5,7.4510930740160095,7.384273430539255,False,-0.006010431901253499,-0.011964544899619733
30618_88548b02,train,30,6,4.962898690615379,7.217789822725122,False,-0.006010431901253499,-0.03410498571127718
30618_88548b02,train,30,7,7.8596235384115,7.348228352401963,True,-0.006010431901253499,-0.016758133466857172
30618_88548b02,train,30,8,8.98561932413112,7.268603489503367,True,-0.006010431901253499,-0.027347341541389514
30618_88548b02,train,30,9,9.861646573721853,7.33,True,-0.006010431901253499,-0.019182298600882053
30618_88548b02,train,30,10,7.232991688212052,7.269625470125526,True,-0.006010431901253499,-0.027211429653290486
30618_88548b02,train,30,11,12.513201132051027,7.180864659669032,True,-0.006010431901253499,-0.039015615639581336
30618_88548b02,train,30,12,11.287425674840586,7.69,True,-0.006010431901253499,0.028693638236666485
30618_88548b02,train,30,13,8.788906777919893,7.224685443201427,True,-0.006010431901253499,-0.033187946015779124
30618_88548b02,train,30,14,8.71693606107475,7.77,True,-0.006010431901253499,0.03933273531167725
30618_88548b02,train,30,15,4.21931042344535,7.459246270130528,False,-0.006010431901253499,-0.001994003419610202
30618_88548b02,train,30,16,6.773976781938895,7.343966097389202,False,-0.006010431901253499,-0.017324965277347504
30618_88548b02,train,30,17,8.847372775587427,7.33693887383258,False,-0.006010431901253499,-0.018259506697181238
30618_88548b02,train,60,0,6.370720021173173,7.467451000300139,False,-0.006010431901253499,-0.0009028669102506548
30618_88548b02,train,60,1,8.714388564246686,7.234801894337075,True,-0.006010431901253499,-0.03184257219469455
30618_88548b02,train,60,2,7.488910123390784,7.33,True,-0.006010431901253499,-0.019182298600882053
30618_88548b02,train,60,3,6.470320553157827,7.311118083202508,True,-0.006010431901253499,-0.02169338042301705
30618_88548b02,train,60,4,9.426592500445373,7.202980150109834,True,-0.006010431901253499,-0.036074505018816816
30618_88548b02,train,60,5,9.877503930535411,7.255391326044277,True,-0.006010431901253499,-0.02910441016154164
30618_88548b02,train,60,6,10.033988101134554,7.77,True,-0.006010431901253499,0.03933273531167725
30618_88548b02,train,60,7,6.468123242260049,7.446787824691185,False,-0.006010431901253499,-0.0036508360500213666
30618_88548b02,train,60,8,7.812423004727452,7.338234080960699,False,-0.006010431901253499,-0.01808725876757733
30618_88548b02,train,120,0,7.5220318010893195,7.379809957385776,False,-0.006010431901253499,-0.012558136451764401
30618_88548b02,train,120,1,6.978624492388866,7.28899158901684,True,-0.006010431901253499,-0.024635954417654315
30618_88548b02,train,120,2,9.65337331205237,7.229798169574302,True,-0.006010431901253499,-0.032508011113291824
30618_88548b02,train,120,3,8.251055671697301,7.440574471643679,False,-0.006010431901253499,-0.004477141877943014
30618_88548b02,train,300,0,7.727997485620354,7.277108440968293,True,-0.006010431901253499,-0.026216278988219543
30618_27e994fc,train,30,0,3.2172255082917767,7.48017096772439,False,-0.006215320253802059,0.000993633545017636
30618_27e994fc,train,30,1,4.399278694090601,7.566104904719984,False,-0.006215320253802059,0.012421877266692471
30618_27e994fc,train,30,2,7.9470062165988855,7.772983274779147,False,-0.006215320253802059,0.039934365538935535
30618_27e994fc,train,30,3,7.616964412576152,7.33,True,-0.006215320253802059,-0.018977410248333493
30618_27e994fc,train,30,4,4.756353096680536,7.899411796394631,True,-0.006215320253802059,0.05674793197040101
30618_27e994fc,train,30,5,9.75919946598383,7.766188085997373,True,-0.006215320253802059,0.039030682125281546
30618_27e994fc,train,30,6,8.300752316635961,7.664623541097216,False,-0.006215320253802059,0.025523743968130674
30618_27e994fc,train,30,7,9.407352460306297,7.596021073553755,False,-0.006215320253802059,0.016400390070878734
30618_27e994fc,train,30,8,11.966892135677467,7.479945891222612,False,-0.006215320253802059,0.0009637009106212013
30618_27e994fc,train,30,9,9.903549479837029,7.390519163097587,False,-0.006215320253802059,-0.010929044609662986
30618_27e994fc,train,30,10,8.869019543116194,7.512733493291131,False,-0.006215320253802059,0.0053240819264187
30618_27e994fc,train,30,11,10.132826164787254,7.33,True,-0.006215320253802059,-0.018977410248333493
30618_27e994fc,train,30,12,5.856752313701541,7.479989432550928,False,-0.006215320253802059,0.0009694914158552836
30618_27e994fc,train,30,13,7.891923048541287,7.35,True,-0.006215320253802059,-0.016317635979580858
30618_27e994fc,train,30,14,7.803990015170443,7.9294583152258475,True,-0.006215320253802059,0.06074377985304419
30618_27e994fc,train,30,15,8.214013795280188,7.322039699929809,False,-0.006215320253802059,-0.02003604031324574
30618_27e994fc,train,30,16,9.565169916420347,7.427848153791793,False,-0.006215320253802059,-0.005964710163315179
30618_27e994fc,train,30,17,7.24933506890027,7.77,True,-0.006215320253802059,0.03953762366422581
30618_27e994fc,train,30,18,3.9523292118113185,7.677431017499018,False,-0.006215320253802059,0.027226993777189235
30618_27e994fc,train,60,0,3.808252101191189,7.517104775402718,False,-0.006215320253802059,0.00590541311051157
30618_27e994fc,train,60,1,7.78198531458752,7.69,True,-0.006215320253802059,0.028898526589215046
30618_27e994fc,train,60,2,7.24923900083849,7.8723747281957115,True,-0.006215320253802059,0.05315230705550117
30618_27e994fc,train,60,3,8.8531129995546,7.5954910720223365,False,-0.006215320253802059,0.016329905849095383
30618_27e994fc,train,60,4,10.936960557045479,7.4091957591243185,False,-0.006215320253802059,-0.0084452681326736
30618_27e994fc,train,60,5,9.503072184940962,7.5,True,-0.006215320253802059,0.003630671036064348
30618_27e994fc,train,60,6,6.869083367692396,7.483964827097654,False,-0.006215320253802059,0.0014981740220312845
30618_27e994fc,train,60,7,8.007889724989937,7.3954524735118055,False,-0.006215320253802059,-0.010272970004687687
30618_27e994fc,train,60,8,8.454468542949554,7.44167687098829,False,-0.006215320253802059,-0.004125646854860221
30618_27e994fc,train,120,0,5.784964364073179,7.5346293819590375,False,-0.006215320253802059,0.008235987989937243
30618_27e994fc,train,120,1,8.05322349891831,7.704008568957731,False,-0.006215320253802059,0.030761508152006123
30618_27e994fc,train,120,2,10.223051697775828,7.398474326497961,False,-0.006215320253802059,-0.009871097663861128
30618_27e994fc,train,120,3,7.424427208596752,7.465987026873754,False,-0.006215320253802059,-0.0008926705001838786
30618_27e994fc,train,300,0,7.7293349371104325,7.535086730409246,False,-0.006215320253802059,0.00829681017192302
30639_3b3d9eb8,val,30,0,3.24480380715055,7.688016189534546,False,0.011271990493860184,0.011147391440047838
30639_3b3d9eb8,val,30,1,8.730716838776507,7.933962938299671,True,0.011271990493860184,0.04385553313249113
30639_3b3d9eb8,val,30,2,7.56226659513544,7.33,True,0.011271990493860184,-0.036464720995995736
30639_3b3d9eb8,val,30,3,6.50433762045882,7.4120745821581835,False,0.011271990493860184,-0.025549727908847464
30639_3b3d9eb8,val,30,4,5.412732533784118,7.5760011899908255,False,0.011271990493860184,-0.003749339234988658
30639_3b3d9eb8,val,30,5,6.765675798719529,7.526639966761558,False,0.011271990493860184,-0.010313824805956773
30639_3b3d9eb8,val,30,6,10.86148975482387,7.518066861991405,False,0.011271990493860184,-0.011453950979505634
30639_3b3d9eb8,val,30,7,9.98491073975968,7.661198114971031,False,0.011271990493860184,0.007580890206971502
30639_3b3d9eb8,val,30,8,9.716608893241192,7.270360342419672,True,0.011271990493860184,-0.044396122327464704
30639_3b3d9eb8,val,30,9,7.345239551026538,7.870905247976728,True,0.011271990493860184,0.035469572024094176
30639_3b3d9eb8,val,30,10,7.726611488870654,7.891932648418689,True,0.011271990493860184,0.03826597895580852
30639_3b3d9eb8,val,30,11,5.820271267707951,7.524481445262799,False,0.011271990493860184,-0.01060088380300439
30639_3b3d9eb8,val,30,12,9.137064334916829,7.215359228808227,True,0.011271990493860184,-0.051710649664287955
30639_3b3d9eb8,val,30,13,7.3156440514407075,7.3051089991660465,False,0.011271990493860184,-0.03977494317307839
30639_3b3d9eb8,val,30,14,7.39065687735387,7.685837249578135,False,0.011271990493860184,0.010857617018587118
30639_3b3d9eb8,val,30,15,9.450392657728077,7.77,True,0.011271990493860184,0.022050312916563564
30639_3b3d9eb8,val,30,16,7.527842789540126,7.385414952345077,False,0.011271990493860184,-0.029095157778416092
30639_3b3d9eb8,val,60,0,6.0995104032373915,7.70414315166743,False,0.011271990493860184,0.013292095385757707
30639_3b3d9eb8,val,60,1,7.033302107797129,7.365264505145999,False,0.011271990493860184,-0.03177493982661461
30639_3b3d9eb8,val,60,2,6.0892041662518235,7.543979945414608,False,0.011271990493860184,-0.00800780335385165
30639_3b3d9eb8,val,60,3,10.422470980224332,7.5457503262513566,False,0.011271990493860184,-0.0077723626840778826
30639_3b3d9eb8,val,60,4,8.530924222133864,7.2280591387587965,True,0.011271990493860184,-0.0500217049791879
30639_3b3d9eb8,val,60,5,6.771850109323391,7.514500456247342,False,0.011271990493860184,-0.01192824269100512
30639_3b3d9eb8,val,60,6,8.230930626051823,7.251917706303973,True,0.011271990493860184,-0.04684878477688992
30639_3b3d9eb8,val,60,7,8.420524767540973,7.72963061570792,False,0.011271990493860184,0.016681640437290368
30639_3b3d9eb8,val,120,0,6.590979721426726,7.679433562977596,False,0.011271990493860184,0.010005998976323371
30639_3b3d9eb8,val,120,1,8.257641597723495,7.546054861606046,False,0.011271990493860184,-0.007731862919061583
30639_3b3d9eb8,val,120,2,7.65212072457467,7.153863562615138,True,0.011271990493860184,-0.059888879193297107
30639_3b3d9eb8,val,120,3,8.324684206601919,7.268852511235284,True,0.011271990493860184,-0.04459664685675757
30639_3b3d9eb8,val,300,0,7.66735769281629,7.549779451375572,False,0.011271990493860184,-0.007236534517529258
30639_9c362687,val,30,0,4.035974288161793,7.5328117074015,False,0.007109634983644697,-0.005330697448364785
30639_9c362687,val,30,1,7.1384525441350934,7.527155957837478,False,0.007109634983644697,-0.006082848306409372
30639_9c362687,val,30,2,9.579616018750349,7.629341554558741,False,0.007109634983644697,0.007506682733408376
30639_9c362687,val,30,3,7.8147363424511695,7.715132639775849,False,0.007109634983644697,0.01891592878084991
30639_9c362687,val,30,4,8.41441271717068,7.725351646002579,False,0.007109634983644697,0.020274941271554048
30639_9c362687,val,30,5,6.960691055224842,7.77,True,0.007109634983644697,0.02621266842677905
30639_9c362687,val,30,6,5.189929149048128,7.531483587398009,False,0.007109634983644697,-0.0055073224189198244
30639_9c362687,val,30,7,6.490073928646691,7.323070657134777,True,0.007109634983644697,-0.03322388987839453
30639_9c362687,val,30,8,6.824020181606448,7.7636052270489175,True,0.007109634983644697,0.025362235799288757
30639_9c362687,val,30,9,11.094803127283829,7.33,True,0.007109634983644697,-0.03230236548578025
30639_9c362687,val,30,10,7.785706093956829,7.741291228215064,False,0.007109634983644697,0.022394725802725834
30639_9c362687,val,30,11,11.49442838542732,7.429912548744707,False,0.007109634983644697,-0.01901512417194673
30639_9c362687,val,30,12,6.209885397738382,7.639516255008675,False,0.007109634983644697,0.008859803055858317
30639_9c362687,val,30,13,4.641073216947887,7.679715684564358,False,0.007109634983644697,0.014205873473395525
30639_9c362687,val,30,14,6.187675229574972,7.584560586082261,False,0.007109634983644697,0.0015513193492299182
30639_9c362687,val,30,15,5.248209579042741,7.33,True,0.007109634983644697,-0.03230236548578025
30639_9c362687,val,30,16,4.763484846629002,7.314230435234835,False,0.007109634983644697,-0.03439953961537101
30639_9c362687,val,30,17,8.614000533856464,7.252792499529003,True,0.007109634983644697,-0.04257009164115377
30639_9c362687,val,30,18,7.662181425363565,7.77,True,0.007109634983644697,0.02621266842677905
30639_9c362687,val,30,19,4.395556680973996,7.402560402121826,False,0.007109634983644697,-0.022652650961081267
30639_9c362687,val,60,0,5.566108121890122,7.529564347022462,False,0.007109634983644697,-0.005762559727241379
30639_9c362687,val,60,1,8.698695009926318,7.680840061960678,False,0.007109634983644697,0.01435540297675042
30639_9c362687,val,60,2,7.695395708114734,7.77,True,0.007109634983644697,0.02621266842677905
30639_9c362687,val,60,3,5.833833869114968,7.413984810573797,True,0.007109634983644697,-0.02113333357926761
30639_9c362687,val,60,4,8.938918454129988,7.251773506979317,True,0.007109634983644697,-0.04270560614933905
30639_9c362687,val,60,5,9.625232350526192,7.6991364313947495,False,0.007109634983644697,0.016788613608367142
30639_9c362687,val,60,6,5.413503641840918,7.656725535428954,False,0.007109634983644697,0.011148443118138673
30639_9c362687,val,60,7,5.71402142913969,7.5632155928749825,False,0.007109634983644697,-0.0012873238357410388
30639_9c362687,val,60,8,6.688742690242732,7.306250725271886,True,0.007109634983644697,-0.03546075097694923
30639_9c362687,val,60,9,6.017870316655685,7.422779569065517,False,0.007109634983644697,-0.019963729962459098
30639_9c362687,val,120,0,7.123022563249428,7.604628835973896,False,0.007109634983644697,0.004220170083263475
30639_9c362687,val,120,1,6.7895387467547375,7.627957683718958,False,0.007109634983644697,0.00732264353086165
30639_9c362687,val,120,2,9.275017326018432,7.417121815587393,False,0.007109634983644697,-0.020716147318462053
30639_9c362687,val,120,3,5.5737976352442695,7.577015931234377,False,0.007109634983644697,0.0005479654076788743
30639_9c362687,val,120,4,6.3544321282371055,7.339292350574872,False,0.007109634983644697,-0.031066587738016627
30639_9c362687,val,300,0,7.333956131906125,7.5648994344343405,False,0.007109634983644697,-0.001063391913129208
30639_9c362687,val,300,1,6.6239694552401565,7.543678992178252,False,0.007109634983644697,-0.0038854712273440617
30639_9c362687,val,600,0,6.9762946260337735,7.550469838225791,False,0.007109634983644697,-0.0029823653483288526
30618_e3d94878,val,30,0,4.742748114810029,7.68,True,0.00014243986636641726,0.021210879334670252
30618_e3d94878,val,30,1,7.718149409313719,7.357789021656747,False,0.00014243986636641726,-0.0216395441306807
30618_e3d94878,val,30,2,9.657284267888697,7.7,True,0.00014243986636641726,0.023870653603422887
30618_e3d94878,val,30,3,8.491366681387142,7.33,True,0.00014243986636641726,-0.02533517036850197
30618_e3d94878,val,30,4,7.931158541811257,7.33,True,0.00014243986636641726,-0.02533517036850197
30618_e3d94878,val,30,5,7.534647867318895,7.77,True,0.00014243986636641726,0.03317986354405733
30618_e3d94878,val,30,6,6.703942703949052,7.642121532136469,False,0.00014243986636641726,0.01617347062651031
30618_e3d94878,val,30,7,4.5210221311823116,7.686438995309596,False,0.00014243986636641726,0.02206719303672433
30618_e3d94878,val,30,8,6.277124029331004,7.700668551676975,False,0.00014243986636641726,0.023959563430810404
30618_e3d94878,val,30,9,8.401558251165262,7.631505301356489,False,0.00014243986636641726,0.014761631753523852
30618_e3d94878,val,30,10,12.270105800522288,7.546169182076911,False,0.00014243986636641726,0.003412891040772137
30618_e3d94878,val,30,11,8.88357765049333,7.35,True,0.00014243986636641726,-0.022675396099749334
30618_e3d94878,val,30,12,13.497050248273096,7.941198763059996,True,0.00014243986636641726,0.0559473667855207
30618_e3d94878,val,30,13,7.944228072920603,7.3018281472116096,False,0.00014243986636641726,-0.029081708825984487
30618_e3d94878,val,30,14,8.712937578456158,7.326833090109956,True,0.00014243986636641726,-0.025756333640351903
30618_e3d94878,val,30,15,8.41426926367474,7.77,True,0.00014243986636641726,0.03317986354405733
30618_e3d94878,val,30,16,5.082175002474171,7.352525506991158,True,0.00014243986636641726,-0.02233953217421747
30618_e3d94878,val,30,17,7.482629857266967,7.366852473079337,False,0.00014243986636641726,-0.020434207386685888
30618_e3d94878,val,30,18,9.254611061650817,7.1795537084494745,True,0.00014243986636641726,-0.0453428291232697
30618_e3d94878,val,60,0,6.232924137514872,7.77,True,0.00014243986636641726,0.03317986354405733
30618_e3d94878,val,60,1,9.076268670615422,7.33,True,0.00014243986636641726,-0.02533517036850197
30618_e3d94878,val,60,2,7.732903204565076,7.7422916353606945,False,0.00014243986636641726,0.029494963779215344
30618_e3d94878,val,60,3,5.6070341965022035,7.670917783256467,False,0.00014243986636641726,0.020003047014785946
30618_e3d94878,val,60,4,7.337567822867638,7.683517614844445,False,0.00014243986636641726,0.021678682407202055
30618_e3d94878,val,60,5,10.573986305482489,7.477438712590733,False,0.00014243986636641726,-0.005727485670159127
30618_e3d94878,val,60,6,10.715957185744106,7.3310052393444725,False,0.00014243986636641726,-0.02520148488138374
30618_e3d94878,val,60,7,8.563603421065451,7.346612308355312,True,0.00014243986636641726,-0.023125920853099724
30618_e3d94878,val,60,8,6.2331952447901475,7.352306334766085,True,0.00014243986636641726,-0.02236867960645128
30618_e3d94878,val,120,0,7.65341266362672,7.7,True,0.00014243986636641726,0.023870653603422887
30618_e3d94878,val,120,1,6.669083659314629,7.68321223680383,False,0.00014243986636641726,0.02163807057446865
30618_e3d94878,val,120,2,8.947631715644993,7.641551823801187,False,0.00014243986636641726,0.01609770584796666
30618_e3d94878,val,120,3,9.635262348399156,7.3431354254502965,True,0.00014243986636641726,-0.023588307037411105
30618_e3d94878,val,300,0,7.196441589386963,7.7371331569380155,False,0.00014243986636641726,0.02880894437048742
30618_2f104a1d,val,30,0,4.0718308055764,7.621807246651482,False,-1.091266751046538e-05,0.013625252469334048
30618_2f104a1d,val,30,1,7.753666310552582,7.75,True,-1.091266751046538e-05,0.03067344180918158
30618_2f104a1d,val,30,2,8.682580267767683,7.616232771059976,False,-1.091266751046538e-05,0.01288391013233009
30618_2f104a1d,val,30,3,8.807596684556247,7.598410114436404,False,-1.091266751046538e-05,0.01051369795792051
30618_2f104a1d,val,30,4,8.377644164068325,7.629301945146706,False,-1.091266751046538e-05,0.014621962779816922
30618_2f104a1d,val,30,5,5.798558962999171,7.332427349210647,True,-1.091266751046538e-05,-0.02485900778603728
30618_2f104a1d,val,30,6,5.354283091347964,7.588550942876281,False,-1.091266751046538e-05,0.009202539416578837
30618_2f104a1d,val,30,7,11.195613028252597,7.400734269015146,False,-1.091266751046538e-05,-0.01577495840234927
30618_2f104a1d,val,30,8,11.1834316264537,7.33,True,-1.091266751046538e-05,-0.025181817834625086
30618_2f104a1d,val,30,9,9.089903959987918,7.5251206807363795,False,-1.091266751046538e-05,0.0007670304615813861
30618_2f104a1d,val,30,10,12.51131499258223,7.33,True,-1.091266751046538e-05,-0.025181817834625086
30618_2f104a1d,val,30,11,11.477286335870838,7.33,True,-1.091266751046538e-05,-0.025181817834625086
30618_2f104a1d,val,30,12,7.461350270061115,7.33,True,-1.091266751046538e-05,-0.025181817834625086
30618_2f104a1d,val,30,13,8.468026557658758,7.7408590348262685,False,-1.091266751046538e-05,0.029457796611148834
30618_2f104a1d,val,30,14,6.382027063680607,7.536512231093562,False,-1.091266751046538e-05,0.002281978087643244
30618_2f104a1d,val,30,15,5.925017088226525,7.530159710313576,False,-1.091266751046538e-05,0.001437164522026968
30618_2f104a1d,val,30,16,7.285213468375799,7.805645396622843,True,-1.091266751046538e-05,0.038073651514780316
30618_2f104a1d,val,30,17,10.629050705334107,7.952211536206538,True,-1.091266751046538e-05,0.05756529385153669
30618_2f104a1d,val,60,0,5.889695920734586,7.691932114328448,False,-1.091266751046538e-05,0.02295106840167821
30618_2f104a1d,val,60,1,8.743773771970114,7.6010887585227005,False,-1.091266751046538e-05,0.010869927388714451
30618_2f104a1d,val,60,2,7.093061342766574,7.51277771992752,False,-1.091266751046538e-05,-0.0008744440163998557
30618_2f104a1d,val,60,3,8.441843200854699,7.5052340352378515,False,-1.091266751046538e-05,-0.001877668937858068
30618_2f104a1d,val,60,4,10.13840949677028,7.33,True,-1.091266751046538e-05,-0.025181817834625086
30618_2f104a1d,val,60,5,11.994300664226534,7.33,True,-1.091266751046538e-05,-0.025181817834625086
30618_2f104a1d,val,60,6,7.9638509127887245,7.33,True,-1.091266751046538e-05,-0.025181817834625086
30618_2f104a1d,val,60,7,6.153141867987298,7.533021568953386,False,-1.091266751046538e-05,0.0018177594205758818
30618_2f104a1d,val,60,8,8.954340903852483,7.818268864988763,True,-1.091266751046538e-05,0.03975243033188475
30618_2f104a1d,val,120,0,7.269254808161741,7.648550014017392,False,-1.091266751046538e-05,0.01718173869508849
30618_2f104a1d,val,120,1,7.792429713627083,7.5092922421672075,False,-1.091266751046538e-05,-0.001337973219459332
30618_2f104a1d,val,120,2,11.064033281706761,7.33,True,-1.091266751046538e-05,-0.025181817834625086
30618_2f104a1d,val,120,3,7.058496390388011,7.50582735871714,False,-1.091266751046538e-05,-0.001798763611695231
30618_2f104a1d,val,300,0,8.097843612271877,7.544097931816163,False,-1.091266751046538e-05,0.0032907906672647314
30618_b95ca60a,val,30,0,3.5322250458564493,7.643600707773982,False,0.00014729143688718693,0.016365332720970738
30618_b95ca60a,val,30,1,7.523738257343923,7.76,True,0.00014729143688718693,0.031845124839160244
30618_b95ca60a,val,30,2,8.141103486515416,7.568693694644417,False,0.00014729143688718693,0.006403545417413836
30618_b95ca60a,val,30,3,8.642416150735208,7.405364640914154,False,0.00014729143688718693,-0.015317375305160086
30618_b95ca60a,val,30,4,8.812207015879913,7.292838253337451,True,0.00014729143688718693,-0.030282114816770456
30618_b95ca60a,val,30,5,7.8681068403058925,7.685297850651453,False,0.00014729143688718693,0.021910582106270837
30618_b95ca60a,val,30,6,7.24816156213952,7.67333084234482,False,0.00014729143688718693,0.020319105067874155
30618_b95ca60a,val,30,7,4.5244120512183095,7.478412035503393,False,0.00014729143688718693,-0.005602896278765979
30618_b95ca60a,val,30,8,7.8773459369621275,7.530152895927312,False,0.00014729143688718693,0.0012780541811672208
30618_b95ca60a,val,30,9,9.735941995151968,7.77,True,0.00014729143688718693,0.03317501197353656
30618_b95ca60a,val,30,10,11.556840057699047,7.489922742576597,False,0.00014729143688718693,-0.004072102154343171
30618_b95ca60a,val,30,11,9.32606873371222,7.841028179665638,True,0.00014729143688718693,0.042620958205086934
30618_b95ca60a,val,30,12,10.50324891884945,7.77,True,0.00014729143688718693,0.03317501197353656
30618_b95ca60a,val,30,13,7.3409344207122,7.33,True,0.00014729143688718693,-0.02534002193902274
30618_b95ca60a,val,30,14,8.42924702778461,7.267529283102414,True,0.00014729143688718693,-0.033647922206759495
30618_b95ca60a,val,30,15,5.098557264076243,7.306216097825236,True,0.00014729143688718693,-0.028503012489771273
30618_b95ca60a,val,30,16,7.93978854554238,7.585406971003589,False,0.00014729143688718693,0.008626222537747807
30618_b95ca60a,val,30,17,6.6465399241014955,7.348607972765935,False,0.00014729143688718693,-0.022865371581198612
30618_b95ca60a,val,60,0,5.53130237806565,7.665363765193784,False,0.00014729143688718693,0.019259573727699708
30618_b95ca60a,val,60,1,8.391341360641823,7.461487339409498,False,0.00014729143688718693,-0.007853689837616029
30618_b95ca60a,val,60,2,8.342529039086807,7.384689198194041,False,0.00014729143688718693,-0.018066975832261467
30618_b95ca60a,val,60,3,5.893223350424895,7.480724639485415,False,0.00014729143688718693,-0.005295346050506078
30618_b95ca60a,val,60,4,8.808282939653335,7.622378180299285,False,0.00014729143688718693,0.01354297609621602
30618_b95ca60a,val,60,5,10.43340106962626,7.9549585460015875,True,0.00014729143688718693,0.05777241104558328
30618_b95ca60a,val,60,6,8.910508100190581,7.4,True,0.00014729143688718693,-0.016030811998388295
30618_b95ca60a,val,60,7,6.801750893245295,7.2876159874406,True,0.00014729143688718693,-0.030976617239621973
30618_b95ca60a,val,60,8,7.299393756119821,7.77,True,0.00014729143688718693,0.03317501197353656
30618_b95ca60a,val,120,0,6.958938503534923,7.6246492640929455,False,0.00014729143688718693,0.013845004608044054
30618_b95ca60a,val,120,1,7.126136922204962,7.475243330037912,False,0.00014729143688718693,-0.006024298341883005
30618_b95ca60a,val,120,2,9.611418928953066,7.723880601934285,False,0.00014729143688718693,0.027041652560259033
30618_b95ca60a,val,120,3,7.873800646496808,7.4,True,0.00014729143688718693,-0.016030811998388295
30618_b95ca60a,val,300,0,7.381178808249385,7.569957903082474,False,0.00014729143688718693,0.006571670871108104
30618_0f120b35,val,30,0,4.208203552081008,7.423847930236216,False,-6.2402406370010155e-06,-0.012705774760599309
30618_0f120b35,val,30,1,7.22016934687927,7.2786581752354635,True,-6.2402406370010155e-06,-0.03201437348247482
30618_0f120b35,val,30,2,9.660313009591768,7.377131487157217,True,-6.2402406370010155e-06,-0.01891853442205793
30618_0f120b35,val,30,3,8.733909054134154,7.33,True,-6.2402406370010155e-06,-0.02518649026149855
30618_0f120b35,val,30,4,8.374901618785742,7.306947129932348,False,-6.2402406370010155e-06,-0.028252261792840683
30618_0f120b35,val,30,5,7.179335468610702,7.776366751615252,False,-6.2402406370010155e-06,0.03417524975715025
30618_0f120b35,val,30,6,5.86555454724885,7.574573592408308,False,-6.2402406370010155e-06,0.007339037133702875
30618_0f120b35,val,30,7,5.36225842233409,7.657637658461787,False,-6.2402406370010155e-06,0.018385620411053627
30618_0f120b35,val,30,8,8.748057132265355,7.675796364006469,False,-6.2402406370010155e-06,0.020800523299133844
30618_0f120b35,val,30,9,10.566754538764696,7.33,True,-6.2402406370010155e-06,-0.02518649026149855
30618_0f120b35,val,30,10,7.791657729621571,7.604017024340748,False,-6.2402406370010155e-06,0.011254681265586597
30618_0f120b35,val,30,11,13.371691223804513,7.43289096058177,False,-6.2402406370010155e-06,-0.011503153789366616
30618_0f120b35,val,30,12,7.570168082835585,7.928973340388301,True,-6.2402406370010155e-06,0.05447020366018418
30618_0f120b35,val,30,13,7.716120240071666,7.33,True,-6.2402406370010155e-06,-0.02518649026149855
30618_0f120b35,val,30,14,6.679923628891916,7.437499443353563,False,-6.2402406370010155e-06,-0.010890277594646447
30618_0f120b35,val,30,15,5.58783279374934,7.549130284206659,False,-6.2402406370010155e-06,0.003955364310368359
30618_0f120b35,val,30,16,7.238819999604802,7.5080422901920505,False,-6.2402406370010155e-06,-0.0015088751513677723
30618_0f120b35,val,30,17,11.020545028602724,7.307840904899057,False,-6.2402406370010155e-06,-0.02813339980991525
30618_0f120b35,val,60,0,5.711663865062385,7.387793706689512,False,-6.2402406370010155e-06,-0.017500579564068475
30618_0f120b35,val,60,1,9.19711103186296,7.33,True,-6.2402406370010155e-06,-0.02518649026149855
30618_0f120b35,val,60,2,7.779158758971559,7.398780570784616,False,-6.2402406370010155e-06,-0.01603945064334633
30618_0f120b35,val,60,3,5.613906484791469,7.590453230742126,False,-6.2402406370010155e-06,0.009450849805572203
30618_0f120b35,val,60,4,9.641817000602174,7.35,True,-6.2402406370010155e-06,-0.022526715992745916
30618_0f120b35,val,60,5,10.543751918985587,7.386510941671609,True,-6.2402406370010155e-06,-0.017671172833442106
30618_0f120b35,val,60,6,7.644155711058232,7.943797001368495,True,-6.2402406370010155e-06,0.056441583262375805
30618_0f120b35,val,60,7,6.105471224279347,7.531572406114762,False,-6.2402406370010155e-06,0.0016203646922320347
30618_0f120b35,val,60,8,9.142330423899741,7.483208662596339,False,-6.2402406370010155e-06,-0.004811467335310793
30618_0f120b35,val,120,0,7.449997716514563,7.3688382062374975,False,-6.2402406370010155e-06,-0.020021447181748253
30618_0f120b35,val,120,1,6.715328214539327,7.522907354810365,False,-6.2402406370010155e-06,0.00046801066738921815
30618_0f120b35,val,120,2,10.088448234224728,7.252239041145274,False,-6.2402406370010155e-06,-0.03552782013526545
30618_0f120b35,val,120,3,6.86429511668495,7.75368294949213,True,-6.2402406370010155e-06,0.031158560096922305
30618_0f120b35,val,300,0,7.5561224926200445,7.391533678191477,False,-6.2402406370010155e-06,-0.017003205565728652
30618_f19a4ac3,val,30,0,4.447000225839672,7.756923936326695,False,-0.00015212287996807516,0.03173545740565048
30618_f19a4ac3,val,30,1,7.025215524116371,7.77,True,-0.00015212287996807516,0.03347442629039182
30618_f19a4ac3,val,30,2,8.975040268643365,7.489816353869664,False,-0.00015212287996807516,-0.0037868363347471345
30618_f19a4ac3,val,30,3,7.173633360800864,7.622189973488758,False,-0.00015212287996807516,0.01381736103147907
30618_f19a4ac3,val,30,4,7.1130474595671345,7.594241861912855,False,-0.00015212287996807516,0.010100577629988228
30618_f19a4ac3,val,30,5,5.665427609415086,7.3072383589626515,True,-0.00015212287996807516,-0.02806764897945374
30618_f19a4ac3,val,30,6,6.207303183808768,7.266133463174903,False,-0.00015212287996807516,-0.033534136186254504
30618_f19a4ac3,val,30,7,6.116924417986168,7.33,True,-0.00015212287996807516,-0.025040607622167477
30618_f19a4ac3,val,30,8,4.367743661662704,7.345425102897965,False,-0.00015212287996807516,-0.02298924303312394
30618_f19a4ac3,val,30,9,5.915909853928189,7.77,True,-0.00015212287996807516,0.03347442629039182
30618_f19a4ac3,val,30,10,8.639138712332443,7.77,True,-0.00015212287996807516,0.03347442629039182
30618_f19a4ac3,val,30,11,12.025523121924653,7.77,True,-0.00015212287996807516,0.03347442629039182
30618_f19a4ac3,val,30,12,8.568687260630151,7.3446001097389075,True,-0.00015212287996807516,-0.02309895781194199
30618_f19a4ac3,val,30,13,13.506225330120968,7.447698141179978,False,-0.00015212287996807516,-0.009388083252641122
30618_f19a4ac3,val,30,14,9.870397804135582,7.698517541431104,False,-0.00015212287996807516,0.023968066091955398
30618_f19a4ac3,val,30,15,6.218673359180306,7.911904106195625,False,-0.00015212287996807516,0.052346070804865474
30618_f19a4ac3,val,30,16,9.036234748017819,7.815616964072364,False,-0.00015212287996807516,0.039540967653306225
30618_f19a4ac3,val,30,17,4.74732339112682,7.411775160027992,False,-0.00015212287996807516,-0.014165434298888113
30618_f19a4ac3,val,30,18,7.104797648771347,7.681775390593536,False,-0.00015212287996807516,0.02174154899188835
30618_f19a4ac3,val,30,19,9.106686568825989,7.33,True,-0.00015212287996807516,-0.025040607622167477
30618_f19a4ac3,val,60,0,5.736107874978021,7.907004934712055,False,-0.00015212287996807516,0.051694536292355264
30618_f19a4ac3,val,60,1,8.07283313616799,7.598396409973147,False,-0.00015212287996807516,0.01065308563144124
30618_f19a4ac3,val,60,2,6.38923753449111,7.38,True,-0.00015212287996807516,-0.01839117195028578
30618_f19a4ac3,val,60,3,6.162038106788739,7.33,True,-0.00015212287996807516,-0.025040607622167477
30618_f19a4ac3,val,60,4,5.139237851119417,7.458925925837429,False,-0.00015212287996807516,-0.007894914616291937
30618_f19a4ac3,val,60,5,10.332330917128548,7.77,True,-0.00015212287996807516,0.03347442629039182
30618_f19a4ac3,val,60,6,11.0250504208291,7.387851419090211,False,-0.00015212287996807516,-0.017347021826818965
30618_f19a4ac3,val,60,7,8.029140453306528,7.8402137813176225,False,-0.00015212287996807516,0.04281206673341392
30618_f19a4ac3,val,60,8,6.880893507752799,7.411986941906272,False,-0.00015212287996807516,-0.014137269699366295
30618_f19a4ac3,val,60,9,8.102254497439688,7.616109213380228,False,-0.00015212287996807516,0.013008688567922755
30618_f19a4ac3,val,120,0,6.905446581287788,7.6616178403927275,False,-0.00015212287996807516,0.01906082232462819
30618_f19a4ac3,val,120,1,6.276111547553399,7.33,True,-0.00015212287996807516,-0.025040607622167477
30618_f19a4ac3,val,120,2,7.735784384123982,7.77,True,-0.00015212287996807516,0.03347442629039182
30618_f19a4ac3,val,120,3,9.532130579870374,7.306781563003976,False,-0.00015212287996807516,-0.028128397686301543
30618_f19a4ac3,val,120,4,7.482662785074922,7.413653376072797,False,-0.00015212287996807516,-0.013915652763531627
30618_f19a4ac3,val,300,0,6.3006484763819035,7.497488868497472,False,-0.00015212287996807516,-0.002766478485563495
30618_f19a4ac3,val,300,1,8.88563204304128,7.469597589784169,False,-0.00015212287996807516,-0.006475703757776119
30618_f19a4ac3,val,600,0,7.58422952100022,7.4890408774209725,False,-0.00015212287996807516,-0.0038899659499597727
30618_22c1c589,val,30,0,3.617840403702159,7.464390097941539,False,-0.0006104395493549408,-0.0067099247287776
30618_22c1c589,val,30,1,7.4388463212739255,7.501239713768786,False,-0.0006104395493549408,-0.0018093417292409375
30618_22c1c589,val,30,2,8.270820473086662,7.498390664796128,False,-0.0006104395493549408,-0.0021882330866355992
30618_22c1c589,val,30,3,8.669706701121676,7.714970136400827,False,-0.0006104395493549408,0.026614392199076048
30618_22c1c589,val,30,4,7.694156430049095,7.446959310443838,False,-0.0006104395493549408,-0.009028022732301716
30618_22c1c589,val,30,5,7.038860995050181,7.837633469914736,True,-0.0006104395493549408,0.04292723110906252
30618_22c1c589,val,30,6,7.983507948092938,7.473393281143551,False,-0.0006104395493549408,-0.005512602977898767
30618_22c1c589,val,30,7,4.957638303409588,7.450192615045292,False,-0.0006104395493549408,-0.00859802971320231
30618_22c1c589,val,30,8,5.773613602071207,7.509415856832601,False,-0.0006104395493549408,-0.0007220069823021535
30618_22c1c589,val,30,9,8.677734623889972,7.746824748559987,False,-0.0006104395493549408,0.030850696087177526
30618_22c1c589,val,30,10,10.221634740814475,7.34,True,-0.0006104395493549408,-0.023252403818404294
30618_22c1c589,val,30,11,9.698887373015726,7.177001697931171,True,-0.0006104395493549408,-0.04492933830305687
30618_22c1c589,val,30,12,12.547812809320988,7.664050477352234,False,-0.0006104395493549408,0.019842652253520693
30618_22c1c589,val,30,13,11.2108553442563,7.425765239343287,False,-0.0006104395493549408,-0.011846594980469777
30618_22c1c589,val,30,14,6.442269207505301,7.649502622815353,False,-0.0006104395493549408,0.017907951795383098
30618_22c1c589,val,30,15,9.00212410554938,7.33,True,-0.0006104395493549408,-0.02458229095278061
30618_22c1c589,val,30,16,4.994402385795475,7.641412446151035,False,-0.0006104395493549408,0.0168320496093122
30618_22c1c589,val,30,17,7.504599985700572,7.724283749124781,False,-0.0006104395493549408,0.027852997572691135
30618_22c1c589,val,30,18,10.63087723599609,7.77,True,-0.0006104395493549408,0.03393274295977869
30618_22c1c589,val,60,0,5.528343362488042,7.467710592009618,False,-0.0006104395493549408,-0.006268336494686583
30618_22c1c589,val,60,1,8.46959877672411,7.656122225770525,False,-0.0006104395493549408,0.01878828427585935
30618_22c1c589,val,60,2,7.366508712549639,7.760955522023967,False,-0.0006104395493549408,0.0327299294700312
30618_22c1c589,val,60,3,6.473098893401248,7.457054223574474,False,-0.0006104395493549408,-0.007685513222793733
30618_22c1c589,val,60,4,7.220751873960557,7.594859199482237,False,-0.0006104395493549408,0.010640993228483914
30618_22c1c589,val,60,5,9.964282190513552,7.33,True,-0.0006104395493549408,-0.02458229095278061
30618_22c1c589,val,60,6,11.878179536663373,7.4864581129253684,False,-0.0006104395493549408,-0.0037751278079557193
30618_22c1c589,val,60,7,7.713214709516659,7.530958581120274,False,-0.0006104395493549408,0.0021429322046571386
30618_22c1c589,val,60,8,6.242692331498732,7.650057285308484,False,-0.0006104395493549408,0.01798171564673659
30618_22c1c589,val,120,0,6.998971069606076,7.4899346323470155,False,-0.0006104395493549408,-0.003312789962829882
30618_22c1c589,val,120,1,6.920919635389034,7.608236620413119,False,-0.0006104395493549408,0.012420039227195617
30618_22c1c589,val,120,2,8.586679733691197,7.38343135499932,False,-0.0006104395493549408,-0.017476523794191595
30618_22c1c589,val,120,3,9.812008995781191,7.516985145132988,False,-0.0006104395493549408,0.00028462293040490416
30618_22c1c589,val,300,0,7.011378592867352,7.529613117820072,False,-0.0006104395493549408,0.0019640007713857266
30618_616ec56b,val,30,0,3.971788003208219,7.519617154764513,False,-0.0010590130246964091,0.0010832239803984511
30618_616ec56b,val,30,1,7.148394982935118,7.801141011865743,False,-0.0010590130246964091,0.03852271953829162
30618_616ec56b,val,30,2,9.714665638412214,7.486460921948792,False,-0.0010590130246964091,-0.003326180764203157
30618_616ec56b,val,30,3,8.604609454441363,7.512324455159222,False,-0.0010590130246964091,0.00011337724240351177
30618_616ec56b,val,30,4,8.489577092925627,7.277291313350664,True,-0.0010590130246964091,-0.031143377901921954
30618_616ec56b,val,30,5,7.409651097004243,7.609618244533402,False,-0.0010590130246964091,0.013052353116747961
30618_616ec56b,val,30,6,4.920467607434819,7.4658391602846415,False,-0.0010590130246964091,-0.006068642316736039
30618_616ec56b,val,30,7,7.738230619627937,7.728521981696124,False,-0.0010590130246964091,0.02886520814494503
30618_616ec56b,val,30,8,7.878993822600589,7.638917512487316,False,-0.0010590130246964091,0.0169488250666035
30618_616ec56b,val,30,9,11.044581486824498,7.5665820403709185,False,-0.0010590130246964091,0.007329023693939896
30618_616ec56b,val,30,10,11.181960284257086,7.231935878473586,True,-0.0010590130246964091,-0.03717513883362883
30618_616ec56b,val,30,11,10.292475605265382,7.47299125569312,False,-0.0010590130246964091,-0.005117494349979268
30618_616ec56b,val,30,12,5.880402050293467,7.219783309328552,True,-0.0010590130246964091,-0.038791293369188906
30618_616ec56b,val,30,13,8.644797601690296,7.875205681782455,True,-0.0010590130246964091,0.048372484701698026
30618_616ec56b,val,30,14,5.920407858115352,7.521689006300162,False,-0.0010590130246964091,0.0013587568505580294
30618_616ec56b,val,30,15,4.875991872843417,7.496542903739142,False,-0.0010590130246964091,-0.0019853909770028433
30618_616ec56b,val,30,16,7.245130783297936,7.673859445500477,False,-0.0010590130246964091,0.021595707783047813
30618_616ec56b,val,30,17,10.30986404798966,7.271866834141003,False,-0.0010590130246964091,-0.031864772413083886
30618_616ec56b,val,60,0,5.55205623089698,7.544734619776667,False,-0.0010590130246964091,0.00442356333717947
30618_616ec56b,val,60,1,9.155861845120763,7.4983439716312095,False,-0.0010590130246964091,-0.0017458692752229665
30618_616ec56b,val,60,2,7.964824320259603,7.574786366141941,False,-0.0010590130246964091,0.008420106422851348
30618_616ec56b,val,60,3,6.284747650582325,7.555382425856653,False,-0.0010590130246964091,0.0058396013686901616
30618_616ec56b,val,60,4,9.418508135865732,7.634198847052346,False,-0.0010590130246964091,0.016321295821264237
30618_616ec56b,val,60,5,10.732006120470267,7.337252751550447,False,-0.0010590130246964091,-0.023169183379862457
30618_616ec56b,val,60,6,7.308503073155298,7.225038000144649,True,-0.0010590130246964091,-0.038092478798043505
30618_616ec56b,val,60,7,5.39277902126517,7.508422809070819,False,-0.0010590130246964091,-0.00040549765118219616
30618_616ec56b,val,60,8,8.774939207576443,7.376956192886107,False,-0.0010590130246964091,-0.017889073797586363
30618_616ec56b,val,120,0,7.34633032163668,7.533518365608761,False,-0.0010590130246964091,0.002931928125800065
30618_616ec56b,val,120,1,7.148352671737704,7.562544416134629,False,-0.0010590130246964091,0.006792065241411127
30618_616ec56b,val,120,2,10.075257128168,7.578888101538709,False,-0.0010590130246964091,0.008965590936129086
30618_616ec56b,val,120,3,6.319852624947714,7.478652937538444,False,-0.0010590130246964091,-0.004364554565476519
30618_616ec56b,val,300,0,7.647327368722778,7.577464283491822,False,-0.0010590130246964091,0.008776239205904368
30618_6cb3280a,val,30,0,3.6299096607178982,7.444051985433715,False,-0.0014011914372182854,-0.008623912257079702
30618_6cb3280a,val,30,1,7.389565562279531,7.346311581784375,False,-0.0014011914372182854,-0.021622282789280467
30618_6cb3280a,val,30,2,8.360147312478096,7.77,True,-0.0014011914372182854,0.034723494847642034
30618_6cb3280a,val,30,3,8.691794567583253,7.33,True,-0.0014011914372182854,-0.023791539064917266
30618_6cb3280a,val,30,4,8.732077432357334,7.935595810066766,True,-0.0014011914372182854,0.05674586857908426
30618_6cb3280a,val,30,5,8.409741575329097,7.843709067661538,True,-0.0014011914372182854,0.04452596892463756
30618_6cb3280a,val,30,6,7.269723961638644,7.77,True,-0.0014011914372182854,0.034723494847642034
30618_6cb3280a,val,30,7,4.357963711597056,7.397530397204174,False,-0.0014011914372182854,-0.014810758422801773
30618_6cb3280a,val,30,8,7.913749339699506,7.592683722551087,False,-0.0014011914372182854,0.011142431238160277
30618_6cb3280a,val,30,9,9.550422708602278,7.33,True,-0.0014011914372182854,-0.023791539064917266
30618_6cb3280a,val,30,10,12.548091899771554,7.77,True,-0.0014011914372182854,0.034723494847642034
30618_6cb3280a,val,30,11,7.248377587423559,7.559984068837653,False,-0.0014011914372182854,0.0067937463609546445
30618_6cb3280a,val,30,12,10.89633472338647,7.658275054827427,False,-0.0014011914372182854,0.019865338130251153
30618_6cb3280a,val,30,13,11.921871359367957,7.742925806460582,False,-0.0014011914372182854,0.03112293268147348
30618_6cb3280a,val,30,14,9.950548391934008,7.687362507739279,False,-0.0014011914372182854,0.02373364107017628
30618_6cb3280a,val,30,15,8.6798355887692,7.77,True,-0.0014011914372182854,0.034723494847642034
30618_6cb3280a,val,30,16,4.215113479054042,7.490450038452898,False,-0.0014011914372182854,-0.0024534948800474243
30618_6cb3280a,val,30,17,7.995841031578219,7.365456198912372,False,-0.0014011914372182854,-0.019076264788172148
30618_6cb3280a,val,30,18,8.792217468834844,7.77,True,-0.0014011914372182854,0.034723494847642034
30618_6cb3280a,val,60,0,5.509737611498715,7.437482837860616,False,-0.0014011914372182854,-0.009497534741208069
30618_6cb3280a,val,60,1,8.525970940030675,7.35,True,-0.0014011914372182854,-0.02113176479616463
30618_6cb3280a,val,60,2,8.570641337572807,7.872572310598145,True,-0.0014011914372182854,0.048364454468414975
30618_6cb3280a,val,60,3,5.811413318879917,7.406900494480064,False,-0.0014011914372182854,-0.013564641241295639
30618_6cb3280a,val,60,4,8.734813813099064,7.467785842575839,False,-0.0014011914372182854,-0.005467577130835899
30618_6cb3280a,val,60,5,9.898234743597557,7.639817712677864,False,-0.0014011914372182854,0.017410719944302766
30618_6cb3280a,val,60,6,11.409103041377215,7.672015525390992,False,-0.0014011914372182854,0.021692665632527586
30618_6cb3280a,val,60,7,9.317316928149538,7.869746069039585,True,-0.0014011914372182854,0.047988596239677994
30618_6cb3280a,val,60,8,6.1054772553161305,7.4778115082556775,False,-0.0014011914372182854,-0.004134276750718424
30618_6cb3280a,val,120,0,7.0178542757646944,7.43355333661403,False,-0.0014011914372182854,-0.010020114056443208
30618_6cb3280a,val,120,1,7.193326684908607,7.49910911807383,False,-0.0014011914372182854,-0.0013019350217056136
30618_6cb3280a,val,120,2,9.31652427834831,7.59584926655727,False,-0.0014011914372182854,0.011563412862872768
30618_6cb3280a,val,120,3,10.364956049966402,7.733758194837266,False,-0.0014011914372182854,0.029903743806392713
30618_6cb3280a,val,300,0,7.431987324287164,7.446055213208735,False,-0.0014011914372182854,-0.008357505572557211
30618_2366c74a,val,30,0,8.068509282538004,7.434762472970412,False,-0.0012894681122505303,-0.009971035893004937
30618_2366c74a,val,30,1,7.206139370643582,7.571753988280058,False,-0.0012894681122505303,0.008247289479896974
30618_2366c74a,val,30,2,7.2171811259936245,7.77,True,-0.0012894681122505303,0.03461177152267428
30618_2366c74a,val,30,3,6.1941419297537745,7.33,True,-0.0012894681122505303,-0.02390326238988502
30618_2366c74a,val,30,4,4.603743672724037,7.470202078172044,False,-0.0012894681122505303,-0.005257968392502227
30618_2366c74a,val,30,5,6.2694647201330955,7.33,True,-0.0012894681122505303,-0.02390326238988502
30618_2366c74a,val,30,6,8.37926289519693,7.545475738624567,False,-0.0012894681122505303,0.004752578866820262
30618_2366c74a,val,30,7,12.179547502369124,7.419511230243589,False,-0.0012894681122505303,-0.01199927904157036
30618_2366c74a,val,30,8,8.270197571204243,7.77,True,-0.0012894681122505303,0.03461177152267428
30618_2366c74a,val,30,9,11.035899024771448,7.176786050115739,True,-0.0012894681122505303,-0.0442789884656912
30618_2366c74a,val,30,10,11.806777197200942,7.809010226397892,True,-0.0012894681122505303,0.039799691342240845
30618_2366c74a,val,30,11,9.962321975221002,7.373160301919619,False,-0.0012894681122505303,-0.018163429366015088
30618_2366c74a,val,30,12,8.192357352459474,7.77,True,-0.0012894681122505303,0.03461177152267428
30618_2366c74a,val,30,13,4.720192270586086,7.448113208577241,False,-0.0012894681122505303,-0.008195538741206793
30618_2366c74a,val,30,14,7.53538831624337,7.33,True,-0.0012894681122505303,-0.02390326238988502
30618_2366c74a,val,30,15,9.597433413049732,7.530941828534088,False,-0.0012894681122505303,0.0028197328626690388
30618_2366c74a,val,60,0,7.63660688074063,7.4857030996396725,False,-0.0012894681122505303,-0.0031965074905531965
30618_2366c74a,val,60,1,6.706512642013666,7.866339119640318,True,-0.0012894681122505303,0.047423787097354536
30618_2366c74a,val,60,2,5.435213778191999,7.418025851560087,False,-0.0012894681122505303,-0.012196817641656782
30618_2366c74a,val,60,3,10.273092433654833,7.505415228513627,False,-0.0012894681122505303,-0.0005750168324891447
30618_2366c74a,val,60,4,9.64842337916917,7.33,True,-0.0012894681122505303,-0.02390326238988502
30618_2366c74a,val,60,5,10.889183895813936,7.696361802066441,False,-0.0012894681122505303,0.02481872231962448
30618_2366c74a,val,60,6,6.462120207283509,7.4771567567434145,False,-0.0012894681122505303,-0.004333074636923423
30618_2366c74a,val,60,7,8.551838107778662,7.34,True,-0.0012894681122505303,-0.022573375255508704
30618_2366c74a,val,120,0,7.171559761377148,7.851783711569907,True,-0.0012894681122505303,0.04548808210451086
30618_2366c74a,val,120,1,7.860195418981863,7.454804446009269,False,-0.0012894681122505303,-0.007305679683815652
30618_2366c74a,val,120,2,10.268284490831869,7.33,True,-0.0012894681122505303,-0.02390326238988502
30618_2366c74a,val,120,3,7.481758424249248,7.460304310538408,False,-0.0012894681122505303,-0.006574259776004093
30618_2366c74a,val,300,0,7.940708667815966,7.403481665127434,False,-0.0012894681122505303,-0.014131030283332485
30639_d927f360,val,30,0,4.198243067195856,7.77,True,-0.002796282463983446,0.036118585874407194
30639_d927f360,val,30,1,6.601848522886244,7.463184642846953,False,-0.002796282463983446,-0.004684393736285042
30639_d927f360,val,30,2,8.344328427240452,7.215450641797813,False,-0.002796282463983446,-0.0376302198105678
30639_d927f360,val,30,3,8.054320194523179,7.33,True,-0.002796282463983446,-0.022396448038152106
30639_d927f360,val,30,4,8.738921397893224,7.349991445284671,False,-0.002796282463983446,-0.019737811449984988
30639_d927f360,val,30,5,5.682549086287073,7.580893292780807,False,-0.002796282463983446,0.01096952817889918
30639_d927f360,val,30,6,6.616132058202649,7.77,True,-0.002796282463983446,0.036118585874407194
30639_d927f360,val,30,7,4.88267712902619,7.646154254783304,False,-0.002796282463983446,0.019648499553313603
30639_d927f360,val,30,8,5.582983608113259,7.46411078201459,False,-0.002796282463983446,-0.004561227679916735
30639_d927f360,val,30,9,9.056191690254025,7.723440523561523,False,-0.002796282463983446,0.029926701004524214
30639_d927f360,val,30,10,10.565072749091684,7.868509616837855,False,-0.002796282463983446,0.04921925307890784
30639_d927f360,val,30,11,11.693201071243166,7.1375404402094045,True,-0.002796282463983446,-0.04799139728347701
30639_d927f360,val,30,12,11.150717449253433,7.3368900811356355,False,-0.002796282463983446,-0.021480145012443108
30639_d927f360,val,30,13,9.890134682148249,7.33,True,-0.002796282463983446,-0.022396448038152106
30639_d927f360,val,30,14,5.236386431299551,7.33,True,-0.002796282463983446,-0.022396448038152106
30639_d927f360,val,30,15,7.3649610875971145,7.790633246135193,True,-0.002796282463983446,0.038862574731968524
30639_d927f360,val,30,16,7.977148831353313,7.570624038430206,False,-0.002796282463983446,0.009603833254849037
30639_d927f360,val,30,17,4.880634781650687,7.563834817377811,False,-0.002796282463983446,0.008700943481847134
30639_d927f360,val,60,0,5.400045795041049,7.77,True,-0.002796282463983446,0.036118585874407194
30639_d927f360,val,60,1,8.199079784547315,7.33,True,-0.002796282463983446,-0.022396448038152106
30639_d927f360,val,60,2,7.215829195942824,7.385306410741866,False,-0.002796282463983446,-0.015041319628738004
30639_d927f360,val,60,3,5.752372838356161,7.706261330888187,False,-0.002796282463983446,0.027642062273000145
30639_d927f360,val,60,4,7.295384108541544,7.4961300786814595,False,-0.002796282463983446,-0.00030302261101178285
30639_d927f360,val,60,5,11.128082584632706,7.271951941549022,False,-0.002796282463983446,-0.030116184649100264
30639_d927f360,val,60,6,10.524215392656068,7.2919586212695355,False,-0.002796282463983446,-0.027455522052910464
30639_d927f360,val,60,7,6.357129079409074,7.764188041173098,True,-0.002796282463983446,0.03534566094746505
30639_d927f360,val,60,8,6.415748707819051,7.564898028487408,False,-0.002796282463983446,0.008842338559425289
30639_d927f360,val,120,0,6.7936874035861505,7.33,True,-0.002796282463983446,-0.022396448038152106
30639_d927f360,val,120,1,6.493989235781835,7.54014893046166,False,-0.002796282463983446,0.005550987854238909
30639_d927f360,val,120,2,9.14434144371627,7.467176425201549,False,-0.002796282463983446,-0.00415353173662425
30639_d927f360,val,120,3,8.42000216503432,7.76784957410975,True,-0.002796282463983446,0.03583260350191997
30639_d927f360,val,300,0,6.771012353726566,7.416909496333466,False,-0.002796282463983446,-0.010838465935251618
30639_2b4a6347,val,30,0,4.127079877977889,7.673261137983171,False,-0.0032878570578336874,0.023744983669218345
30639_2b4a6347,val,30,1,6.781895160262825,7.283953694790376,False,-0.0032878570578336874,-0.028028512332686495
30639_2b4a6347,val,30,2,7.8936915103298935,7.678140664845134,False,-0.0032878570578336874,0.02439390566877525
30639_2b4a6347,val,30,3,7.319687495536562,7.5147608868844715,False,-0.0032878570578336874,0.002666239196060294
30639_2b4a6347,val,30,4,8.807859975365902,7.685472883802907,False,-0.0032878570578336874,0.02536900803461256
30639_2b4a6347,val,30,5,7.1907248421172545,7.33,True,-0.0032878570578336874,-0.021904873444301864
30639_2b4a6347,val,30,6,7.162177504927328,7.6743777102294395,False,-0.0032878570578336874,0.02389347517570989
30639_2b4a6347,val,30,7,6.3700344449421555,7.420859345640692,False,-0.0032878570578336874,-0.00982160596376086
30639_2b4a6347,val,30,8,5.136884221466947,7.491277511099245,False,-0.0032878570578336874,-0.00045678473678950615
30639_2b4a6347,val,30,9,6.484962163780295,7.706306740833578,False,-0.0032878570578336874,0.028139675877065173
30639_2b4a6347,val,30,10,6.269529268443403,7.352115052756816,True,-0.0032878570578336874,-0.01896382103056754
30639_2b4a6347,val,30,11,9.439725480233095,7.77,True,-0.0032878570578336874,0.036610160468257436
30639_2b4a6347,val,30,12,10.136806777290914,7.74527834117431,False,-0.0032878570578336874,0.03332245886698476
30639_2b4a6347,val,30,13,11.652688449452391,7.80961690109192,False,-0.0032878570578336874,0.04187876117485795
30639_2b4a6347,val,30,14,11.446430879971324,7.71184166819614,False,-0.0032878570578336874,0.02887575874598297
30639_2b4a6347,val,30,15,10.044210225668937,7.8037996975270945,True,-0.0032878570578336874,0.04110513875696703
30639_2b4a6347,val,30,16,9.795921871379196,7.77,True,-0.0032878570578336874,0.036610160468257436
30639_2b4a6347,val,30,17,4.637687499633674,7.8610791361201855,True,-0.0032878570578336874,0.04872265760189226
30639_2b4a6347,val,30,18,6.733265677784559,7.33,True,-0.0032878570578336874,-0.021904873444301864
30639_2b4a6347,val,30,19,9.968993350912891,7.7907056351073765,False,-0.0032878570578336874,0.03936377624209669
30639_2b4a6347,val,60,0,5.45670355858804,7.673980685999991,False,-0.0032878570578336874,0.023840675434232017
30639_2b4a6347,val,60,1,7.606689502933229,7.565091426937138,False,-0.0032878570578336874,0.009359632964285824
30639_2b4a6347,val,60,2,7.999292408741579,7.66,True,-0.0032878570578336874,0.02198140199011772
30639_2b4a6347,val,60,3,6.766105974934742,7.466804326135883,False,-0.0032878570578336874,-0.0037114421187882107
30639_2b4a6347,val,60,4,5.810923192623621,7.543301124571588,False,-0.0032878570578336874,0.006461768687274383
30639_2b4a6347,val,60,5,7.854627374338249,7.72,True,-0.0032878570578336874,0.029960724796375626
30639_2b4a6347,val,60,6,10.896017196011655,7.788500316152544,False,-0.0032878570578336874,0.03907049371157384
30639_2b4a6347,val,60,7,10.747673272038758,7.75561988356724,True,-0.0032878570578336874,0.0346977672847813
30639_2b4a6347,val,60,8,7.186153038136132,7.901677485268842,True,-0.0032878570578336874,0.05412177982286398
30639_2b4a6347,val,60,9,8.320286356285976,7.77,True,-0.0032878570578336874,0.036610160468257436
30639_2b4a6347,val,120,0,6.532593105382963,7.659437090937692,False,-0.0032878570578336874,0.021906541438138805
30639_2b4a6347,val,120,1,7.38269919183816,7.592491219259368,False,-0.0032878570578336874,0.013003496093677624
30639_2b4a6347,val,120,2,6.832775283480935,7.563560486856218,False,-0.0032878570578336874,0.009156035212574187
30639_2b4a6347,val,120,3,10.821907406667275,7.772437124875176,False,-0.0032878570578336874,0.0369342705698939
30639_2b4a6347,val,120,4,7.7473836767059945,7.77,True,-0.0032878570578336874,0.036610160468257436
30639_2b4a6347,val,300,0,6.728366815316486,7.616877308017548,False,-0.0032878570578336874,0.016246570663403903
30639_2b4a6347,val,300,1,9.008706092529975,7.77,True,-0.0032878570578336874,0.036610160468257436
30639_2b4a6347,val,600,0,7.8608817400017355,7.6641651668348985,False,-0.0032878570578336874,0.022535322168743932
30618_01f73500,val,30,0,3.2251373171001902,7.582601812879306,False,-0.0015487872228038269,0.009949246827501201
30618_01f73500,val,30,1,4.533052714697753,7.642483956139358,False,-0.0015487872228038269,0.017912896017543756
30618_01f73500,val,30,2,8.242644441248766,7.77,True,-0.0015487872228038269,0.034871090633227575
30618_01f73500,val,30,3,7.301734296040458,7.721054615192186,True,-0.0015487872228038269,0.02836190687892637
30618_01f73500,val,30,4,5.516624951847328,7.638302133507306,False,-0.0015487872228038269,0.017356760805882776
30618_01f73500,val,30,5,7.494738573706665,7.754083451061799,False,-0.0015487872228038269,0.03275436926756903
30618_01f73500,val,30,6,8.378935432999224,7.886257057993096,False,-0.0015487872228038269,0.050331967203773975
30618_01f73500,val,30,7,9.132834591401506,7.9473177790745,True,-0.0015487872228038269,0.05845235394196424
30618_01f73500,val,30,8,10.723972745269679,7.259979469366266,True,-0.0015487872228038269,-0.03295588356253254
30618_01f73500,val,30,9,12.216756604456922,7.8162175746806,True,-0.0015487872228038269,0.04101750642820845
30618_01f73500,val,30,10,10.172638684421916,7.902689355188976,True,-0.0015487872228038269,0.052517277266678764
30618_01f73500,val,30,11,5.931303799279593,7.691961187465702,False,-0.0015487872228038269,0.02449280935609044
30618_01f73500,val,30,12,9.338401191819543,7.393500788545052,False,-0.0015487872228038269,-0.015199055108449988
30618_01f73500,val,30,13,5.969332801645668,7.482882714290559,False,-0.0015487872228038269,-0.0033122677989767535
30618_01f73500,val,30,14,8.175747122501328,7.713609660395299,False,-0.0015487872228038269,0.027371811918887157
30618_01f73500,val,30,15,6.531951745401757,7.623645413854866,False,-0.0015487872228038269,0.015407582516088758
30618_01f73500,val,30,16,7.498866488766734,7.33,True,-0.0015487872228038269,-0.023643943279331725
30618_01f73500,val,30,17,7.8393571675862495,7.42,True,-0.0015487872228038269,-0.011674959069944646
30618_01f73500,val,30,18,9.714476345930048,7.778251230662253,False,-0.0015487872228038269,0.03596841118327776
30618_01f73500,val,30,19,7.216395567098324,7.185218391203981,True,-0.0015487872228038269,-0.0428982631625453
30618_01f73500,val,60,0,3.881289504821116,7.596583010691534,False,-0.0015487872228038269,0.011808588336866488
30618_01f73500,val,60,1,7.774545571011576,7.778245971340932,True,-0.0015487872228038269,0.0359677117529017
30618_01f73500,val,60,2,6.509011920389555,7.67039939641226,False,-0.0015487872228038269,0.02162533450448223
30618_01f73500,val,60,3,8.755255714071481,7.909286422172658,True,-0.0015487872228038269,0.05339461271730073
30618_01f73500,val,60,4,11.467876701764654,7.377590694456823,True,-0.0015487872228038269,-0.017314918051915318
30618_01f73500,val,60,5,8.034150507039232,7.71740388659295,False,-0.0015487872228038269,0.027876401179404042
30618_01f73500,val,60,6,7.653866996732602,7.463281078390841,False,-0.0015487872228038269,-0.005919064138553254
30618_01f73500,val,60,7,7.358007432375908,7.681826845353605,False,-0.0015487872228038269,0.023145056237065975
30618_01f73500,val,60,8,7.666803416794663,7.33,True,-0.0015487872228038269,-0.023643943279331725
30618_01f73500,val,60,9,8.471998340346495,7.25448454196645,True,-0.0015487872228038269,-0.033686646887867266
30618_01f73500,val,120,0,5.832804470217003,7.610481463041908,False,-0.0015487872228038269,0.01365692563371701
30618_01f73500,val,120,1,7.636840950075618,7.747428310231603,False,-0.0015487872228038269,0.03186931065081511
30618_01f73500,val,120,2,9.75819713200597,7.604472492234349,False,-0.0015487872228038269,0.012857800336935399
30618_01f73500,val,120,3,7.506558246385398,7.479331133988382,False,-0.0015487872228038269,-0.0037845878940336863
30618_01f73500,val,120,4,8.062812289618174,7.1851984479240425,True,-0.0015487872228038269,-0.04290091539368612
30618_01f73500,val,300,0,7.684631397727016,7.629918139184073,False,-0.0015487872228038269,0.016241784187367547
30618_01f73500,val,300,1,7.832221069351902,7.420620828479003,False,-0.0015487872228038269,-0.011592395889256535
30618_01f73500,val,600,0,7.7579164461311505,7.603401340947577,False,-0.0015487872228038269,0.012715349305410517
30618_dd8d0741,val,30,0,3.1947447900905783,7.53921295502853,False,-0.001373612232945548,0.004003843454539996
30618_dd8d0741,val,30,1,6.182024337845467,7.65874821700944,False,-0.001373612232945548,0.019900684155811837
30618_dd8d0741,val,30,2,8.406133790636726,7.581163691363816,False,-0.001373612232945548,0.009582817907531044
30618_dd8d0741,val,30,3,5.983166903814429,7.33,True,-0.001373612232945548,-0.023819118269190004
30618_dd8d0741,val,30,4,8.394574710158738,7.823457969837309,False,-0.001373612232945548,0.04180522227502095
30618_dd8d0741,val,30,5,8.194582592689928,7.603451835688914,False,-0.001373612232945548,0.012546889546238199
30618_dd8d0741,val,30,6,9.425311608191988,7.6469093934877685,False,-0.001373612232945548,0.018326254247049506
30618_dd8d0741,val,30,7,10.188135993937058,7.375248786048861,False,-0.001373612232945548,-0.01780154042793733
30618_dd8d0741,val,30,8,10.582804429984579,7.671888975873595,False,-0.001373612232945548,0.021648256770749913
30618_dd8d0741,val,30,9,8.549054757115627,7.837089330738388,True,-0.001373612232945548,0.04361803942365963
30618_dd8d0741,val,30,10,11.132442158298934,7.44989702207092,False,-0.001373612232945548,-0.007874167558974715
30618_dd8d0741,val,30,11,5.319257473271874,7.449440636148108,False,-0.001373612232945548,-0.00793486173568056
30618_dd8d0741,val,30,12,8.085440540066175,7.709851401118594,True,-0.001373612232945548,0.02669683086305466
30618_dd8d0741,val,30,13,6.210751273532207,7.622881175389568,False,-0.001373612232945548,0.015130772435970857
30618_dd8d0741,val,30,14,7.474461042731997,7.411748009104612,False,-0.001373612232945548,-0.01294755571227954
30618_dd8d0741,val,30,15,7.669752826012311,7.737290587107793,True,-0.001373612232945548,0.03034593290553425
30618_dd8d0741,val,30,16,9.816658033793969,7.681775075893246,False,-0.001373612232945548,0.02296299649327918
30618_dd8d0741,val,30,17,7.974209996273201,7.420631439124226,False,-0.001373612232945548,-0.011766159783057922
30618_dd8d0741,val,30,18,4.866926300302957,7.594042225463814,False,-0.001373612232945548,0.011295517588452403
30618_dd8d0741,val,60,0,4.68036860811537,7.554210548171386,False,-0.001373612232945548,0.005998354071269391
30618_dd8d0741,val,60,1,7.21659751105549,7.536986337599745,False,-0.001373612232945548,0.0037077284673679156
30618_dd8d0741,val,60,2,8.292985088735337,7.618471746232227,False,-0.001373612232945548,0.014544368125341683
30618_dd8d0741,val,60,3,9.789821141264774,7.38208086999874,False,-0.001373612232945548,-0.0168929503733449
30618_dd8d0741,val,60,4,9.542615002944022,7.736908209047476,False,-0.001373612232945548,0.03029508093924596
30618_dd8d0741,val,60,5,8.21129259203325,7.449777432223385,False,-0.001373612232945548,-0.007890071658938597
30618_dd8d0741,val,60,6,7.148095906799191,7.630133957189756,False,-0.001373612232945548,0.016095310556421688
30618_dd8d0741,val,60,7,7.5721069343721545,7.658568195562145,False,-0.001373612232945548,0.019876743335144803
30618_dd8d0741,val,60,8,8.89237347012076,7.510338114631332,False,-0.001373612232945548,0.0001638155793995122
30618_dd8d0741,val,120,0,5.940493139549165,7.552230648181939,False,-0.001373612232945548,0.005735049718937707
30618_dd8d0741,val,120,1,9.053864531695945,7.536173606470129,False,-0.001373612232945548,0.0035996444000696848
30618_dd8d0741,val,120,2,8.858685222381796,7.457933809740459,False,-0.001373612232945548,-0.006805365506631217
30618_dd8d0741,val,120,3,7.360101420585673,7.642299952350941,False,-0.001373612232945548,0.01771325060059617
30618_dd8d0741,val,300,0,7.874970830518688,7.565852139428649,False,-0.001373612232945548,0.007546554314939585
30618_a53d5f6f,val,30,0,3.200995283156985,7.600245790019454,False,-0.0014216106865055367,0.012168520110994507
30618_a53d5f6f,val,30,1,4.0225695439148765,7.510620011773064,False,-0.0014216106865055367,0.00024930317116017564
30618_a53d5f6f,val,30,2,7.932668562601291,7.622680426403928,False,-0.0014216106865055367,0.0151520735402067
30618_a53d5f6f,val,30,3,7.491717920488927,7.626238630468914,False,-0.0014216106865055367,0.0156252745209578
30618_a53d5f6f,val,30,4,5.01663397074417,7.820409972755584,True,-0.0014216106865055367,0.04144787151812063
30618_a53d5f6f,val,30,5,8.310028881327439,7.929395055421694,True,-0.0014216106865055367,0.055941657445781
30618_a53d5f6f,val,30,6,8.23675995112752,7.793057308467393,False,-0.0014216106865055367,0.037810275885342526
30618_a53d5f6f,val,30,7,8.976569997886937,7.74,True,-0.0014216106865055367,0.030754252693800332
30618_a53d5f6f,val,30,8,12.589963392769306,7.349296855659002,False,-0.0014216106865055367,-0.021204855808147627
30618_a53d5f6f,val,30,9,10.390853489022527,7.479158128029127,False,-0.0014216106865055367,-0.003934772270270448
30618_a53d5f6f,val,30,10,8.662174934875658,7.630508377372386,False,-0.0014216106865055367,0.016193102668354886
30618_a53d5f6f,val,30,11,7.217814341679751,7.730975375166692,False,-0.0014216106865055367,0.029554079447961235
30618_a53d5f6f,val,30,12,7.42172800455442,7.44650856528085,False,-0.0014216106865055367,-0.008276795614465093
30618_a53d5f6f,val,30,13,6.784894447744238,7.813473509031551,False,-0.0014216106865055367,0.040525400131654676
30618_a53d5f6f,val,30,14,7.943776805231275,7.797790524186043,False,-0.0014216106865055367,0.03843974015418855
30618_a53d5f6f,val,30,15,8.90359183206056,7.483822028001141,False,-0.0014216106865055367,-0.003314526213390512
30618_a53d5f6f,val,30,16,7.794015352746845,7.358056520136112,False,-0.0014216106865055367,-0.02003991929919141
30618_a53d5f6f,val,30,17,6.7629089941298925,7.866419822624466,True,-0.0014216106865055367,0.04756666225764211
30618_a53d5f6f,val,30,18,7.157467104542598,7.77,True,-0.0014216106865055367,0.034743914096929285
30618_a53d5f6f,val,60,0,3.6104131231013343,7.573587445754754,False,-0.0014216106865055367,0.008623261204854293
30618_a53d5f6f,val,60,1,7.71219324154511,7.624527612641302,False,-0.0014216106865055367,0.0153977284613947
30618_a53d5f6f,val,60,2,6.663331426035805,7.852342898595465,True,-0.0014216106865055367,0.045694590241865785
30618_a53d5f6f,val,60,3,8.605398176481955,7.860517864950843,False,-0.0014216106865055367,0.04678176849986354
30618_a53d5f6f,val,60,4,11.501942234097386,7.41836345360993,False,-0.0014216106865055367,-0.012019777805139353
30618_a53d5f6f,val,60,5,7.947787950830919,7.690494339367964,False,-0.0014216106865055367,0.024170558578465562
30618_a53d5f6f,val,60,6,7.117100929151125,7.72419152874505,False,-0.0014216106865055367,0.028651904440188558
30618_a53d5f6f,val,60,7,8.436506275111196,7.747668736219938,False,-0.0014216106865055367,0.0317741080573824
30618_a53d5f6f,val,60,8,7.267904770449117,7.166873385020049,True,-0.0014216106865055367,-0.04546511846925022
30618_a53d5f6f,val,120,0,5.6613031823232225,7.579960457962201,False,-0.0014216106865055367,0.009470799899045146
30618_a53d5f6f,val,120,1,7.6244898855786465,7.866286806043832,True,-0.0014216106865055367,0.04754897255371776
30618_a53d5f6f,val,120,2,9.75007186043058,7.621903551186536,False,-0.0014216106865055367,0.015048757904544241
30618_a53d5f6f,val,120,3,7.787031550549454,7.725837893310987,False,-0.0014216106865055367,0.028870852345661835
30618_a53d5f6f,val,300,0,7.5777685778029715,7.586268326332823,False,-0.0014216106865055367,0.010309675198188206
30618_defd0170,val,30,0,3.9928784506401946,7.291271294609961,True,-0.01544916784381814,-0.014894043361243864
30618_defd0170,val,30,1,6.994439022780097,7.35,True,-0.01544916784381814,-0.007083788389564777
30618_defd0170,val,30,2,8.89147648514527,7.47,True,-0.01544916784381814,0.008874857222951366
30618_defd0170,val,30,3,8.001070635715571,7.74,True,-0.01544916784381814,0.044781809851112936
30618_defd0170,val,30,4,8.147211838913327,7.77,True,-0.01544916784381814,0.04877147125424189
30618_defd0170,val,30,5,6.083537160718921,7.947449203373436,True,-0.01544916784381814,0.07237021251140843
30618_defd0170,val,30,6,5.4813780120815725,7.67,True,-0.01544916784381814,0.03547259991047849
30618_defd0170,val,30,7,7.274531142799421,7.33,True,-0.01544916784381814,-0.009743562658317412
30618_defd0170,val,30,8,9.605873884890576,7.66246671107173,False,-0.01544916784381814,0.034470757507953836
30618_defd0170,val,30,9,10.737787855936384,7.4817050332141655,False,-0.01544916784381814,0.010431494530848046
30618_defd0170,val,30,10,12.84518093964785,7.9248652311137215,True,-0.01544916784381814,0.06936679909627777
30618_defd0170,val,30,11,12.591510953927166,7.611966790115451,False,-0.01544916784381814,0.02775483799127612
30618_defd0170,val,30,12,9.758361602221017,7.496844236977921,False,-0.01544916784381814,0.012444837761860145
30618_defd0170,val,30,13,9.730528638769385,7.824640448563976,True,-0.01544916784381814,0.05603803421042022
30618_defd0170,val,30,14,4.556766317444454,7.326288343536358,True,-0.01544916784381814,-0.010237171076139612
30618_defd0170,val,30,15,6.847002063880461,7.331650236504166,True,-0.01544916784381814,-0.00952409982876054
30618_defd0170,val,30,16,8.370676243597456,7.590404907946045,False,-0.01544916784381814,0.024887351022272824
30618_defd0170,val,60,0,5.491119345363157,7.259445219087042,True,-0.01544916784381814,-0.019126552198805963
30618_defd0170,val,60,1,8.455613481927934,7.74,True,-0.01544916784381814,0.044781809851112936
30618_defd0170,val,60,2,7.147678799566864,7.77,True,-0.01544916784381814,0.04877147125424189
30618_defd0170,val,60,3,6.358269263630221,7.33,True,-0.01544916784381814,-0.009743562658317412
30618_defd0170,val,60,4,10.191136404928622,7.587216590857845,False,-0.01544916784381814,0.02446334083468185
30618_defd0170,val,60,5,12.71834594678751,7.803520588651747,True,-0.01544916784381814,0.05322933121270981
30618_defd0170,val,60,6,9.744445120495202,7.711635190632542,True,-0.01544916784381814,0.04100961034643094
30618_defd0170,val,60,7,5.701884190662458,7.328189550929495,True,-0.01544916784381814,-0.00998433195094825
30618_defd0170,val,120,0,6.949150855350304,7.21705474975721,False,-0.01544916784381814,-0.024764006176997783
30618_defd0170,val,120,1,6.768852959045545,7.824282009730246,True,-0.01544916784381814,0.05599036589107645
30618_defd0170,val,120,2,11.491095977462837,7.6453107773199465,False,-0.01544916784381814,0.03218921195048288
30618_defd0170,val,120,3,7.72316465557883,7.348866523087836,True,-0.01544916784381814,-0.007234528025824666
30618_defd0170,val,300,0,7.534373339928074,7.158708186928171,False,-0.01544916784381814,-0.03252344050113995
