bag,t,v,zF,lag_exp,zR,dt_obs,dt_cen,dt_snap,dtF,dtR,zR_ctrl,lat,lon,ux,uy,split
30639_d601d28f,1777966514.0874872,3.003759902725127,5.163931622960313,2.5033409278925496,2.5311633582181576,2.7999589443206787,2.7776100635528564,2.800569772720337,0.10999488830566406,0.10199117660522461,2.231055989663922,55.80010052094841,37.39005553610905,0.42336373673666106,0.9059597929358516,train
30639_d601d28f,1777966750.0244286,6.096504310612022,-5.238588450792307,1.2334010965866906,-1.114403351287441,1.0700206756591797,0.9822914600372314,1.0668399333953857,0.13190698623657227,0.10601806640625,1.2579756811411087,55.80214976298063,37.40826373722528,0.3629491239068947,0.9318089575955029,train
30639_d601d28f,1777966782.4981163,7.092378363493312,5.31885468213693,1.060213473770553,1.0763496253450227,1.0338904857635498,1.0114858150482178,1.000236988067627,0.09003829956054688,0.12797260284423828,0.5189785464631159,55.804246551662146,37.409693555373494,0.35852569081452607,0.9335198600061847,train
30639_d601d28f,1777966804.8137302,3.6180801991269127,-8.007123411826399,2.0782942025079727,4.33891177633746,2.2979674339294434,2.2584450244903564,2.300675630569458,0.09400320053100586,0.0999760627746582,0.5020585743175034,55.805270094659704,37.41038831198702,0.4249242405548373,0.9052289156831518,train
30639_d601d28f,1777966872.0988524,3.8744590038862268,5.205773934627132,1.9407703358100008,0.5893981956329172,1.7099933624267578,1.705662488937378,1.6930429935455322,0.07999134063720703,0.07598590850830078,1.3467466264984778,55.80493462502696,37.415572747755505,0.9696948824659787,-0.24431912516070428,train
30639_d601d28f,1777966969.7216146,13.826625005364424,-7.455385564065908,0.5438373499778131,6.4365081080117985,0.6020026206970215,0.5893604755401611,0.6000490188598633,0.110015869140625,0.10002660751342773,,55.80399535144231,37.42282874106919,0.9747898562122912,-0.22312493411902817,train
30639_d601d28f,1777967130.1235197,6.27175656544223,7.162423299045179,1.1989360593947334,4.601510106109029,1.2059895992279053,1.2304184436798096,1.2001008987426758,0.19997930526733398,0.10802698135375977,1.8086745364881442,55.80518690262882,37.44449520450507,0.9974663544259529,0.071139804527418,train
30639_d601d28f,1777967147.1193118,4.965709210811791,5.340119334226882,1.5142721377406394,2.8036266167448445,1.5039939880371094,1.4654431343078613,1.4997589588165283,0.09803009033203125,0.10802960395812988,3.877873273739374,55.805256618282776,37.44626986834724,0.9967532947026899,0.08051626853830537,train
30639_d601d28f,1777967220.0264907,4.264880742913001,-5.83181974202703,1.7631055955197532,-0.40187212697822067,1.5058577060699463,1.5978412628173828,1.4999449253082275,0.10211372375488281,0.1080019474029541,6.155162159584068,55.805478377702634,37.451831290653004,0.9918926696095399,0.12707844811320293,train
30639_d601d28f,1777967449.9314477,3.1076040125885127,8.179385175147516,2.4196889538030164,1.355117841156031,2.0779366493225098,2.046154260635376,2.1001970767974854,0.1580038070678711,0.15594482421875,1.7010778222048302,55.810005816948085,37.461617927532984,0.6311737242933682,0.775641495641923,train
30639_c31df386,1777976609.9955564,4.767422325537038,5.976899042703887,1.577253825778338,1.4257038027456947,1.6959359645843506,1.5918850898742676,1.7000257968902588,0.10004830360412598,0.10405087471008301,2.4065247403978858,55.80033930138455,37.39095852131511,0.9325429094465683,-0.3610591669531876,train
30639_c31df386,1777976610.88746,4.4196141773021065,-5.376735160990418,1.7013781747447672,3.5781890868383264,1.8379671573638916,1.8732824325561523,1.8044488430023193,0.0920102596282959,0.13801360130310059,1.6935302879250804,55.80032661006259,37.391018413634015,0.9346793536803389,-0.3554919208698056,train
30639_c31df386,1777976814.2209706,3.9973049924898074,-6.3911908263247925,1.8811261878145336,0.7111102728315171,1.698000192642212,1.679194688796997,1.699869155883789,0.08594274520874023,0.08598136901855469,,55.799483394682824,37.405399629502824,0.9488458064947521,0.31573982247623356,train
30639_c31df386,1777976910.0178118,5.525903287795342,5.587484522887779,1.3607612566549943,2.2726017360722914,1.5060017108917236,1.460634469985962,1.4998648166656494,0.10198521614074707,0.1120142936706543,0.678848218947665,55.80140782120733,37.407754265491405,0.36360227881994167,0.9315542833549451,train
30639_c31df386,1777977106.6273572,3.9475856195655545,-5.8157967075725745,1.9048187491578443,0.7335289983052917,1.9979794025421143,2.040627956390381,1.9998016357421875,0.1059865951538086,0.09196925163269043,2.4405725468564823,55.805252663428206,37.41036807416359,0.36226229953192357,0.9320761912729254,train
30639_c31df386,1777977107.83136,3.5502896376281203,7.936806287269532,2.1179779312535025,5.135658387526998,1.9959867000579834,1.989109754562378,1.9998018741607666,0.10992622375488281,0.10195684432983398,0.8972954046599237,55.80528953838336,37.410396734668936,0.44614354385874105,0.894961417198062,train
30639_c31df386,1777977119.3832097,4.063459179221374,-5.834411372858789,1.850500957535201,3.05706616788792,1.8459970951080322,1.8969244956970215,1.845876693725586,0.15598130226135254,0.0979452133178711,0.7156483439770737,55.80553767993944,37.41096635187731,0.9859992152413537,0.1667499551527206,train
30639_c31df386,1777977121.6331553,4.220272833910703,-5.627380723087233,1.7817414650622228,3.4964848859291675,1.7879986763000488,1.7766919136047363,1.8003349304199219,0.10197591781616211,0.18200016021728516,1.8293876724935834,55.80554332440135,37.41111410540081,0.9999700198044923,-0.007743351483883273,train
30639_c31df386,1777977125.2751746,6.345408924015928,-5.0156818350572046,1.1850197823492516,0.5121799151866013,1.3479883670806885,1.3495709896087646,1.3549163341522217,0.14393877983093262,0.09199261665344238,0.8227063351160503,55.80551547269961,37.411393239546996,0.973142761760378,-0.2302024440213098,train
30639_c31df386,1777977245.915728,4.526425129342202,-6.865444981188394,1.6612304163190936,2.706917468396871,1.8158929347991943,1.783494472503662,1.800302267074585,0.17810630798339844,0.09396219253540039,3.132321054669467,55.80439067742822,37.41972978926121,0.9748834638604826,-0.22271558520091755,train
30639_c31df386,1777977251.537599,7.47580858784541,12.396631885786991,1.0058356917109774,0.9650655521843508,1.1019375324249268,1.0807175636291504,1.1001849174499512,0.10998320579528809,0.10200715065002441,1.521647869701032,55.80431521630864,37.42032361397897,0.9737952648517462,-0.2274264323958797,train
30639_c31df386,1777977330.8205547,8.602406126395046,5.543140569848643,0.8741083589371843,-1.4673883520767195,0.9180421829223633,0.8989889621734619,0.9204018115997314,0.1799933910369873,0.10004329681396484,4.619260070599968,55.80372987974254,37.42666368520613,0.9996545030723102,-0.026284491382799664,train
30639_c31df386,1777977333.244538,8.244277161862529,6.5428618237564535,0.9120793678357582,,0.7939932346343994,0.8342642784118652,0.8000588417053223,0.10399794578552246,0.17000889778137207,1.1949046021833951,55.80372567346684,37.42697865737346,0.9998359060058566,-0.018115216295911615,train
30639_c31df386,1777977424.5393827,7.125509884843717,-5.28945156839456,1.0552837935217148,0.4188080019747143,1.1020281314849854,1.1206746101379395,1.1000325679779053,0.10199832916259766,0.10600423812866211,2.0133672157596143,55.80504974602427,37.44098341713476,0.9977012030497311,0.06776658050336677,train
30639_c31df386,1777977436.8532581,7.108804513734083,5.760856398051198,1.0577636630078855,1.1429086532816881,0.9959778785705566,0.9455842971801758,0.9999332427978516,0.09593534469604492,0.07800722122192383,1.4873502586732867,55.805104044147534,37.44236458181983,0.9976942495253375,0.06786887699139822,train
30639_c31df386,1777977476.350772,6.3870625872462785,-5.101703522312629,1.1772915952114205,2.9980653774503545,1.192392110824585,1.1611049175262451,1.2004969120025635,0.11003875732421875,0.10244297981262207,0.9724812413050413,55.80518992522293,37.44449669453261,0.9977512207457951,0.06702612550547271,train
30639_c31df386,1777977491.750589,6.029928772381565,5.501904375876578,1.247018892908829,0.9478604781997939,1.2919368743896484,1.3197972774505615,1.3005385398864746,0.09805727005004883,0.07998847961425781,1.0207635730585525,55.80525280799261,37.44615120536905,0.9971563881795896,0.07536005249889018,train
30639_c31df386,1777977528.9640613,4.344656734139189,5.411229129738087,1.7307316923264795,0.9922825719832362,1.6939740180969238,1.697498083114624,1.7003281116485596,0.11793041229248047,0.11369943618774414,2.3982839250004426,55.80536465413649,37.44931468088027,0.9969558560410833,0.07796807747655869,train
30639_c31df386,1777977582.261407,4.227808003719334,7.616783196486358,1.7785658893306588,1.110701491089074,1.6919989585876465,1.6543703079223633,1.7005150318145752,0.0999908447265625,0.08597016334533691,1.231850996514871,55.80547813808408,37.451774500184854,0.9903085984792149,0.1388844115735569,train
30639_c31df386,1777977583.457416,3.8313875974536873,-5.14769733741359,1.962587942564651,1.0136809700956007,1.9439430236816406,1.946176528930664,1.9418957233428955,0.09202122688293457,0.14191436767578125,6.482211841512717,55.805483267337934,37.4518501426572,0.9906998711417939,0.13606529799927977,train
30639_c31df386,1777977584.2594523,3.7367588179195574,-5.646614789522118,2.0122880465271247,6.482211841512717,2.129930019378662,2.1962454319000244,2.1006362438201904,0.08804106712341309,0.13602185249328613,5.082658439358019,55.80548650685115,37.45189790346534,0.9917053634063779,0.12853198897949086,train
30639_c31df386,1777977605.9571185,4.150147490642063,5.011551709236066,1.8118476798739107,0.979992958870181,1.7059686183929443,1.6722805500030518,1.7004964351654053,0.09995746612548828,0.11198973655700684,0.37441187201306164,55.80554445105197,37.45272761188909,0.9909685696015378,0.1340943476134709,train
30639_c31df386,1777977625.06686,3.4686802017023104,7.10851355361992,2.167808695181548,0.6992739124817018,2.4859766960144043,2.589372396469116,2.5001351833343506,0.10596871376037598,0.09596419334411621,0.7502863100668523,55.80557838199106,37.45317294996135,0.9917339894962777,0.128310927351481,train
30639_dce52be4,1777977928.5850563,3.1320009441384737,-7.336203505925077,2.4008406243066256,3.9081308252888336,2.6019668579101562,2.576540231704712,2.600621223449707,0.1059255599975586,0.09395980834960938,1.0556852390813098,55.810684291080136,37.4620226379951,-0.8571454715830272,0.5150744029212768,train
30639_dce52be4,1777977930.8711166,3.1333131361296616,5.022592863382236,2.39983518255776,2.7779435055000583,2.5238773822784424,2.560126304626465,2.5005972385406494,0.08409786224365234,0.11800479888916016,2.44075807224197,55.810707452761434,37.461922395815726,-0.9547672747918889,0.29735408352075693,train
30639_dce52be4,1777977952.0707874,3.252022873900293,5.069712912896476,2.312233152602634,1.8818615279538264,2.1221444606781006,1.9672327041625977,2.1008360385894775,0.09802937507629395,0.11421585083007812,1.3910727923134405,55.8103532710228,37.46132395972967,0.08534800877272125,-0.9963512018352422,train
30639_dce52be4,1777978251.68899,7.043788909260403,7.243293150822973,1.0675270367867815,1.2244561082328589,1.1040215492248535,0.9726412296295166,1.0998449325561523,0.09799361228942871,0.09949254989624023,1.5776205106583094,55.80542130621496,37.449651226261096,-0.9973068663372173,-0.07334176406822918,train
30639_dce52be4,1777978254.0909512,7.108547564551892,7.124239285374396,1.0578018974721968,5.5944849104737,1.1021006107330322,1.1202740669250488,1.0998449325561523,0.09400081634521484,0.10410189628601074,1.5960032986973707,55.805411615464614,37.44938114414671,-0.9976933114844211,-0.06788266508652929,train
30639_dce52be4,1777978255.8089375,6.7926037178940035,-11.422981753176416,1.1070033545819304,4.635815818916195,1.1800343990325928,1.2191967964172363,1.1999139785766602,0.11799502372741699,0.10205245018005371,1.8830965744807178,55.80540475785289,37.44919284915513,-0.9984931644548003,-0.05487622925310299,train
30639_dce52be4,1777978257.7009165,6.878972505543236,-9.4108893321295,1.09310439836691,3.2817554260867423,1.1859688758850098,1.2495017051696777,1.1999139785766602,0.09400177001953125,0.09398412704467773,5.859022739323433,55.80539652412248,37.448986426841856,-0.9975542242558268,-0.06989685021054588,train
30639_dce52be4,1777978259.2948923,6.927787676131893,-5.0216493418093,1.085402072578068,1.4191886265115659,1.1900110244750977,1.3495736122131348,1.1999139785766602,0.1040031909942627,0.05798673629760742,1.8005807305070964,55.80539005550224,37.44880999978102,-0.9975178283050589,-0.07041436084747967,train
30639_dce52be4,1777978275.7906988,6.6693946927973675,6.412631852748781,1.1274539067503366,5.649852595076447,1.0939886569976807,1.0663058757781982,1.099825382232666,0.05797886848449707,0.07800674438476562,2.3569160032729406,55.80532141877106,37.44703766947487,-0.9976779960514569,-0.06810738722597691,train
30639_dce52be4,1777978282.502604,4.220140676632573,9.934632220717608,1.781797261804653,7.8285475131926185,1.6259846687316895,1.5852396488189697,1.599745750427246,0.10199880599975586,0.13998913764953613,1.2290247619954073,55.805296999328235,37.44641004511357,-0.9978425168713938,-0.06565296279500485,train
30639_dce52be4,1777978308.4222817,6.608745082612118,-6.594872407779914,1.1378007485624313,0.27255652277353076,1.0679898262023926,1.0765810012817383,1.0995965003967285,0.12999701499938965,0.07795333862304688,1.4911300008110868,55.805239461211166,37.44489374080387,-0.9984095973016214,-0.05637620079443292,train
30639_dce52be4,1777978310.3402526,6.808911580212241,-6.02926823202099,1.104351997154289,2.942324810717611,1.0980165004730225,1.079416036605835,1.0995965003967285,0.12997031211853027,0.13199543952941895,2.4086190333032667,55.80523195362223,37.44469123156331,-0.9976487974228626,-0.06853376540593831,train
30639_dce52be4,1777978328.7360575,3.6196681782418993,-5.580054259949674,2.0773824372229064,4.067188973135378,1.8759629726409912,1.8209648132324219,1.90018892288208,0.1219947338104248,0.1040046215057373,4.153292410957876,55.80519306137198,37.443810683503806,-0.997352232190463,-0.07272224518468086,train
30639_dce52be4,1777978336.2019234,6.484384793648522,5.373210889547158,1.159621975151701,1.3753362205201622,1.2359693050384521,1.3408734798431396,1.2003374099731445,0.10597491264343262,0.14199113845825195,0.5956435738697292,55.80516267662672,37.44307806000021,-0.9974729570162286,-0.07104716758112878,train
30639_dce52be4,1777978340.492201,6.638618746870753,9.699007308145486,1.1326806657783732,3.5698936167895745,1.207705020904541,1.2571423053741455,1.2003374099731445,0.07232403755187988,0.10204386711120605,3.063665511110037,55.80514273865285,37.44262188287863,-0.9968126380980409,-0.07977822088780992,train
30639_dce52be4,1777978341.9978564,7.0415573421071445,7.225844818679988,1.067865350906055,8.473049688683906,1.111971139907837,1.1114611625671387,1.1003093719482422,0.10200023651123047,0.11577415466308594,0.23839748102658423,55.805135298812964,37.44245554721576,-0.9976893774572022,-0.06794046002979548,train
30639_dce52be4,1777978344.3038664,6.630801407144441,7.465492127871863,1.1340160322027506,4.251563452616778,1.1259431838989258,1.0942504405975342,1.1003093719482422,0.12003946304321289,0.12995052337646484,2.225754633077032,55.80512631782978,37.44220227282734,-0.9975019814400446,-0.0706384953349413,train
30639_dce52be4,1777978344.8018405,6.578318982144858,7.888646678956144,1.143063314877845,2.802773170706539,1.0079712867736816,1.0773155689239502,1.0002810955047607,0.10596251487731934,0.11992025375366211,3.4046147602636347,55.805125088679176,37.442149810981384,-0.99906158881807,-0.04331214319695842,train
30639_dce52be4,1777978348.3137813,7.008346245270379,7.357637807225848,1.072925742949542,4.083470662665064,0.9200236797332764,0.9041976928710938,0.9002530574798584,0.11966562271118164,0.1380305290222168,1.6600519641608535,55.805110509964386,37.44176228120154,-0.9979740287675614,-0.06362262101990736,train
30639_dce52be4,1777978349.929866,6.765493300431538,-5.449682269454303,1.1114392946889367,5.665136396955267,1.2698769569396973,1.3198659420013428,1.3003654479980469,0.13008356094360352,0.09200096130371094,2.28971296425007,55.80510439262998,37.441585328005154,-0.9969709341360427,-0.07777503769144921,train
30639_dce52be4,1777978356.801662,6.862584496615653,-5.5655191423146455,1.0957147567017402,2.0529397272809127,1.0980761051177979,1.0600175857543945,1.100001573562622,0.11200571060180664,0.10402035713195801,1.0151770980579873,55.80507554190893,37.44083353883806,-0.9974284420500089,-0.07166940065112905,train
30639_dce52be4,1777978731.7130086,4.217081377107026,7.439088808819115,1.783089874166191,4.03444122767337,1.7999637126922607,1.821941614151001,1.7997548580169678,0.0940244197845459,0.07996463775634766,4.249526571388822,55.80549454355561,37.41063311757917,-0.8363310627255338,-0.5482247290303305,train
30639_dce52be4,1777978732.3289554,4.1227611454565825,-7.30202763923228,1.8238832754939047,2.030836201706708,1.8879671096801758,1.871182918548584,1.8997409343719482,0.10599565505981445,0.09998893737792969,8.21615234157064,55.80555200207989,37.41085288206136,-0.80851861051516,-0.5884706079751436,train
30639_dce52be4,1777978985.9377813,11.759863414634145,6.248868747643516,0.6394151731981053,-0.29542605516723125,0.5940320491790771,0.5940320491790771,0.5999855995178223,0.10602378845214844,0.19402766227722168,1.250066047246384,55.79900372649103,37.399767332329596,-0.9892455160212918,-0.14626451733680335,train
30639_92226df0,1777994581.6898768,3.32715052773877,6.908275646678341,2.2600225145703834,1.633147919585821,2.2759757041931152,2.2486276626586914,2.3009378910064697,0.11803531646728516,0.06604480743408203,1.1329765532648515,55.7995841302383,37.38864932966702,0.697194689310509,0.7168818348913737,train
30639_92226df0,1777994741.3878841,10.840971015494802,5.337756229602217,0.6936126931164157,5.946476712480565,0.705946683883667,0.7050702571868896,0.7000725269317627,0.10602259635925293,0.10996103286743164,1.8814890501251704,55.79893254810037,37.399090832305085,0.992432482066677,0.12279156542277117,train
30639_92226df0,1777994757.1836505,5.975634953067369,-5.637897177840271,1.2583491396499267,0.5976264162711965,1.2080705165863037,1.2574594020843506,1.1999037265777588,0.1000053882598877,0.08807539939880371,0.8040094707832545,55.79908762772572,37.4009902615773,0.9884569142058715,0.1515022401108527,train
30639_92226df0,1777994971.0909603,5.019293743890517,6.095733088131523,1.4981062049231544,0.9260695519373662,1.4100399017333984,1.3934273719787598,1.4004144668579102,0.0999910831451416,0.10996222496032715,1.150850332199521,55.803241377528224,37.40900384260495,0.36346040522391476,0.9316096467053503,train
30639_92226df0,1777994982.4128215,6.444282144815584,-5.6705378714155925,1.1668382812977438,0.6901065248958236,1.1741187572479248,1.2059376239776611,1.1998300552368164,0.11192846298217773,0.09409976005554199,2.0161007630686396,55.80379774085634,37.40938184259613,0.35183493597292514,0.9360620587487389,train
30639_92226df0,1777995016.400893,4.209848210666857,6.366877812047854,1.7861534966989332,4.944080018610359,1.8015284538269043,1.764585256576538,1.800379991531372,0.10649800300598145,0.11205697059631348,1.9024090622416736,55.80518256234134,37.41031906631262,0.34076611457432815,0.9401481027784483,train
30639_92226df0,1777995019.0923684,3.798497386929881,6.461798679621765,1.979581486070708,2.8444468956259437,2.000077962875366,1.934723138809204,2.0004220008850098,0.06600713729858398,0.08978962898254395,1.6667503682525926,55.80526849468611,37.410377480405074,0.42160411086907074,0.9067800029214915,train
30639_92226df0,1777995031.4942138,4.143090558615263,-6.147478450187602,1.8149338025977302,2.2853883786560028,2.0299558639526367,2.138202667236328,2.0004220008850098,0.10595130920410156,0.07599544525146484,1.394129311855041,55.80553179469554,37.41095801315458,0.9864444280381467,0.1640956745087864,train
30639_92226df0,1777995036.0041583,4.894991927148836,5.525692158315328,1.5361486216861169,5.925065251275383,1.3899595737457275,1.426213264465332,1.400102138519287,0.0980074405670166,0.10597872734069824,1.651553827156081,55.80552652555402,37.41126477014502,0.9677341462371293,-0.2519734553612635,train
30639_92226df0,1777995205.100071,9.952059680853347,-5.135589535105194,0.755565716363308,1.6361441105949723,0.8399901390075684,0.8480987548828125,0.8002698421478271,0.09763789176940918,0.13194918632507324,4.407113996477593,55.80429567810958,37.420426117564126,0.9754542062321527,-0.2202023876891457,train
30639_92226df0,1777995205.604014,10.347404903309483,5.041487324254403,0.726697676598058,8.79714395044493,0.7020063400268555,0.6901369094848633,0.7002360820770264,0.08996367454528809,0.09397673606872559,1.618171129807979,55.8042858149825,37.42050649119171,0.9770393580372204,-0.21305889525250066,train
30639_92226df0,1777995331.6145353,6.699674334991929,-12.33019058427856,1.1223583007282716,0.19886133526072614,1.009875774383545,0.9969947338104248,1.0001623630523682,0.09812784194946289,0.10598349571228027,3.544066339099806,55.805084687467264,37.44176741524291,0.9976386945209332,0.0686806755541036,train
30639_92226df0,1777995332.2084503,6.65722544167084,-6.350412000940275,1.1295148659059255,3.544066339099806,1.1139817237854004,1.0628132820129395,1.1001784801483154,0.08002996444702148,0.10196375846862793,1.6933647061415078,55.80508683805298,37.44183033384539,0.998405584825598,0.05644721595486962,train
30639_92226df0,1777995334.5144544,6.682890875712276,5.042105493321764,1.125176999280707,1.4477755579394813,1.2059228420257568,1.1866512298583984,1.2009389400482178,0.08005452156066895,0.08595108985900879,6.4108019430338175,55.80509592565434,37.442073748976746,0.9969451029076785,0.0781054530004051,train
30639_92226df0,1777995335.0124087,6.735262775671745,-8.201980783479282,1.1164278740860856,1.864785618372122,1.1079952716827393,1.1937031745910645,1.1000545024871826,0.07402586936950684,0.10196089744567871,2.77908782292777,55.8050975933683,37.44212695222353,0.9987772800538124,0.04943627057443004,train
30639_92226df0,1777995337.3203435,6.689490075840841,-9.993465869106618,1.12406700911492,3.7621012864227463,1.0060107707977295,0.9067990779876709,1.000049352645874,0.09598588943481445,0.09600567817687988,2.4537986942118626,55.80510682157257,37.44237271628133,0.9978325724878537,0.06580393059895491,train
30639_92226df0,1777995387.3258092,7.528386704845373,9.924969889758998,0.9988109533766035,2.0279719709027995,0.9959182739257812,0.9674980640411377,1.000037670135498,0.10008049011230469,0.09795284271240234,4.009512917934289,55.805228934128195,37.44557639273295,0.9975593554325897,0.06982358046473999,train
30639_92226df0,1777995392.1136723,7.036300557183423,-7.38814609340055,1.0686631477641606,9.599610662802476,1.09798002243042,1.148024082183838,1.100041389465332,0.08200740814208984,0.06399154663085938,2.911070690118158,55.80524984077789,37.446149530884966,0.9974334426284768,0.0715997732280278,train
30639_92226df0,1777995393.8176491,5.988292257844556,-6.275848819233524,1.2556893982928152,3.9925930208488203,1.330040693283081,1.3958053588867188,1.299959659576416,0.0780029296875,0.12199068069458008,2.826776061186208,55.80525673911096,37.446326612052104,0.9974770090148253,0.07099025628097232,train
30639_92226df0,1777995495.6303773,4.167758484709046,-5.434219937756953,1.8041916607313415,-4.1576204373907215,2.000044822692871,2.0956408977508545,1.9997284412384033,0.10198330879211426,0.10405969619750977,7.6296050456603215,55.805487215680806,37.451854849653955,0.9898432616216087,0.14216299596693732,train
30639_92226df0,1777995496.0404184,4.218104606251341,-12.437300751374684,1.782657331662746,7.657298645447596,1.797971248626709,1.7597877979278564,1.799755573272705,0.10204720497131348,0.1120448112487793,7.6296050456603215,55.80548957241226,37.45187826941499,0.9922050500247944,0.1246159648893156,train
30639_92226df0,1777995497.0463686,4.340357499463558,7.747074340585106,1.7324460261588386,4.974801012390873,1.989957332611084,1.8953378200531006,1.9997286796569824,0.21799063682556152,0.09398484230041504,0.724124970501279,55.8054967412684,37.45196253804095,0.9918323483862816,0.12754839353968211,train
30639_92226df0,1777995500.0303848,4.040734632715828,-5.3171857169709265,1.860907925299823,1.4635632637629195,1.7159748077392578,1.6725058555603027,1.6997692584991455,0.08804774284362793,0.11599087715148926,2.018363367627891,55.805510106873314,37.45215519807132,0.9368421414329957,0.3497524868178052,train
30639_92226df0,1777995626.732709,8.827103759864578,-7.105880783794193,0.8518575635469492,4.469982409900186,0.9021532535552979,0.9350450038909912,0.8999598026275635,0.09798550605773926,0.0961294174194336,0.600695566002544,55.80647395973988,37.45768070930388,0.7254138648219921,0.688312955510806,train
30639_92226df0,1777995733.6314013,3.5362993245611314,5.301012425887066,2.1263570789465187,1.2383371804856407,2.220219612121582,2.2355141639709473,2.1995742321014404,0.08402729034423828,0.09813213348388672,1.190257811569812,55.809606316529894,37.461464358398885,0.10708615463443148,0.9942497450266763,train
30639_92226df0,1777995763.6390548,3.111781096294742,-8.434767905815349,2.4164408965038997,0.24713859386099504,2.6099741458892822,2.6678240299224854,2.599930763244629,0.1979992389678955,0.11204171180725098,0.4655020773701517,55.8100034451742,37.461601234029345,0.6475974927075521,0.7619826031077691,train
30639_92226df0,1777995772.336938,3.543648821856277,-9.08415692213698,2.121947032583052,3.453948429001927,2.1159520149230957,2.097059488296509,2.0999441146850586,0.1040351390838623,0.10800623893737793,0.7599885582303374,55.81016404720915,37.46188627144244,0.7843567272234585,0.6203100228589775,train
30639_253671cc,1778000327.24851,7.133089407052428,6.723485429638168,1.0541624635490967,0.6224016181929694,1.1699752807617188,1.3028907775878906,1.200164794921875,0.1240086555480957,0.09400177001953125,2.7178587140736865,55.80539085496216,37.449382079967975,-0.997504849904597,-0.07059797742717139,train
30639_253671cc,1778000329.1185002,7.169180084447739,5.457762478234136,1.0488556590127274,3.037016974782158,1.0039520263671875,1.0175738334655762,1.0001373291015625,0.09198713302612305,0.09795212745666504,2.5268629173567683,55.805382693481945,37.44916797574739,-0.9980969749995674,-0.06166383459300178,train
30639_253671cc,1778000332.7144244,7.146586677157094,-6.820911165291519,1.0521715389094781,2.0583852144700585,0.9099893569946289,0.775188684463501,0.9001235961914062,0.09198451042175293,0.11400055885314941,2.843724448692033,55.805366530630714,37.4487629189932,-0.9967542936801304,-0.08050390071434033,train
30639_253671cc,1778000345.5162752,6.988510073194573,-7.813316875962282,1.0759711330883273,2.090465744816217,1.0119824409484863,0.9776902198791504,1.0004124641418457,0.10195541381835938,0.11200523376464844,1.6069346693242503,55.805313226892046,37.447334727435724,-0.9984101651102198,-0.05636614413443107,train
30639_253671cc,1778000346.5282576,6.742304541878263,5.287583273740748,1.115261859702291,2.2529253572125074,1.09798264503479,0.975602388381958,1.1004533767700195,0.11200523376464844,0.10791993141174316,4.155306966733247,55.80530924039957,37.44722407957798,-0.998194818610231,-0.06005917165336125,train
30639_253671cc,1778000356.93012,3.118590868559712,6.385506468779772,2.4111643428004794,0.561885462217967,2.6179723739624023,2.5820775032043457,2.5985171794891357,0.09996390342712402,0.10801529884338379,0.7327030290038353,55.80527601317328,37.44628801794588,-0.9980596612740361,-0.062264857966243425,train
30639_253671cc,1778000380.9398096,6.581079987125384,8.104967160765113,1.142583757797304,2.5988591898211166,1.074007272720337,1.1765234470367432,1.0998923778533936,0.10997343063354492,0.08802413940429688,0.6209563223099887,55.80523216192117,37.44487713435636,-0.9981856635537862,-0.06021113747212771,train
30639_253671cc,1778000382.8218522,6.7796295552784605,-7.354053853819066,1.1091218245397934,3.9124911721455145,1.2159309387207031,1.2190327644348145,1.1998827457427979,0.07600688934326172,0.0999906063079834,0.8709437832272819,55.805224677581776,37.44467785001423,-0.9975809711420002,-0.069514070628786,train
30639_253671cc,1778000400.9215817,3.542517368810052,-5.738590841193457,2.1226247662915956,2.1979248763106316,1.907977819442749,1.9855537414550781,1.9001812934875488,0.10397553443908691,0.11588573455810547,2.8805034116683776,55.805193186317645,37.44383171425132,-0.9981741271175274,-0.06040208566897399,train
30639_253671cc,1778000401.7135592,4.385423524783635,5.09330318395335,1.714642852522515,2.790820241700417,1.904057502746582,1.8816514015197754,1.9001812934875488,0.09199929237365723,0.09403562545776367,3.5774476301123053,55.80519111403699,37.44378144585354,-0.9969963380611272,-0.07744870491301033,train
30639_253671cc,1778000408.7274692,6.470098767374771,-6.658250975512108,1.1621824291107923,5.288226119366023,1.2980153560638428,1.2758631706237793,1.300124168395996,0.09194111824035645,0.08002424240112305,-0.11555489277084281,55.80516374853024,37.443067739744045,-0.9981264261235003,-0.06118527170756529,train
30639_253671cc,1778000412.7214441,6.515,5.936147048867228,1.1541726940989032,2.115761738749469,1.0119874477386475,1.0514416694641113,1.0000953674316406,0.08593130111694336,0.11002993583679199,4.673395342217143,55.80514701231973,37.44264095008213,-0.996554473216682,-0.08294083380230473,train
30639_253671cc,1778000414.2474189,7.02725811219989,6.900787428591295,1.0700382684108336,1.9742771999420856,1.0860154628753662,1.1271111965179443,1.1001050472259521,0.11202073097229004,0.19800543785095215,1.1411811177813929,55.80513907702056,37.44247771747799,-0.9978009576748448,-0.06628158766326077,train
30639_253671cc,1778000418.7393372,5.94260662804282,5.5855570429882215,1.2653428996243115,6.212587035488638,1.086094617843628,1.1907892227172852,1.0996840000152588,0.10999035835266113,0.10009241104125977,1.7482868590561857,55.8051169568877,37.44201094807553,-0.9972766781425253,-0.07375111682550999,train
30639_253671cc,1778000421.2493162,4.940985487447249,9.434439406786245,1.5218492588488164,4.521677274328535,1.625990390777588,1.5858948230743408,1.6403424739837646,0.12396860122680664,0.10796475410461426,1.2580798300897245,55.80510633584011,37.441794310199924,-0.9978451188473474,-0.06561340406139154,train
30639_253671cc,1778000565.6295362,4.1072611919481385,5.214043556589839,1.8307662334198347,-0.020499408010937463,2.0139482021331787,2.024042844772339,1.9998257160186768,0.09996485710144043,0.17789292335510254,0.4297107495811021,55.80421767229313,37.42124197154828,-0.9750893419560817,0.2218124775652977,train
30639_253671cc,1778000790.6427958,4.090733291053833,-8.39498365656985,1.8381631279895143,2.374524353424217,1.7359240055084229,1.7636687755584717,1.700732946395874,0.1880931854248047,0.06003999710083008,5.496490365957918,55.80550768616887,37.410576462982554,-0.7901321191924017,-0.6129365662289408,train
30639_253671cc,1778000791.2686837,3.971110411749279,-5.281089917419058,1.8935346344958546,4.925622248036762,2.014010429382324,2.084658145904541,2.0008623600006104,0.11396193504333496,0.08397769927978516,2.5089055560224645,55.80549398371147,37.410545258424186,-0.7657032924337899,-0.6431939582707957,train
30639_44226bde,1778002261.740919,3.2561860238895646,5.345775184790238,2.3092768800328773,0.5487391998710137,1.9959559440612793,1.9591326713562012,2.0000672340393066,0.09403610229492188,0.1079714298248291,4.03668255721568,55.79996747550542,37.38986353325501,0.6890101200849581,0.7247517191566444,train
30639_44226bde,1778002273.832726,3.022981780078249,6.085283962239211,2.487423229477657,0.9242098895214143,2.595974922180176,2.6016194820404053,2.5999369621276855,0.0959012508392334,0.1439523696899414,5.146513502189996,55.80018984621802,37.39023167694203,0.7059824224983617,0.7082293548867801,train
30639_44226bde,1778002360.6237285,3.6454235738417045,-9.08887639457211,2.0627054578818256,2.7094510015910442,1.915945053100586,1.90610933303833,1.9007720947265625,0.1800520420074463,0.09594941139221191,1.572886806415753,55.79945509525125,37.39540032352014,0.9295708376059117,-0.3686435376792107,train
30639_44226bde,1778002372.391578,9.28375900922917,5.20014388443331,0.8099558696621846,1.7879783968912935,0.7459425926208496,0.7409312725067139,0.7986528873443604,0.10203313827514648,0.0939939022064209,1.554678080296454,55.79914972774439,37.39684443179219,0.9310542294726196,-0.3648808323016524,train
30639_44226bde,1778002389.547337,10.855846176954438,5.423580866885242,0.6926622742699823,4.579175812015706,0.6919989585876465,0.7079410552978516,0.6999542713165283,0.10994386672973633,0.10393238067626953,-0.10460259216688934,55.798969055977636,37.39926113648452,0.992525721304926,0.12203561999734437,train
30639_44226bde,1778002435.828774,10.718584651587507,5.932844848041189,0.7015324640777704,3.7538922445766527,0.7639579772949219,0.7689332962036133,0.7511880397796631,0.18796181678771973,0.09594058990478516,,55.79939332105908,37.40451502053772,0.9905946472551038,0.13682925428992315,train
30639_44226bde,1778002476.8283126,4.872747403029343,7.9996358242396814,1.5431612764042704,0.22853723287819347,1.3179633617401123,1.2893433570861816,1.2999699115753174,0.18206000328063965,0.10004639625549316,0.7032823267024788,55.80154151381987,37.40799938062219,0.36572348363489326,0.9307235537569457,train
30639_44226bde,1778002481.232206,3.484220608921632,6.866620298527978,2.158139781046075,0.8053245992786817,2.2159676551818848,2.219770669937134,2.199949264526367,0.183976411819458,0.20400261878967285,0.9726137066421419,55.80168767804878,37.408101633634146,0.3732298260326889,0.9277389163765897,train
30639_44226bde,1778002668.0538821,4.2892376129509096,5.507615130537406,1.753093621894529,2.537391200486573,1.8999803066253662,1.8978376388549805,1.899653673171997,0.10001754760742188,0.07601261138916016,4.462772531294049,55.805570904308425,37.41113273854008,0.9868702295820045,0.16151516945711886,train
30639_44226bde,1778002702.9434679,4.938294411463176,-6.604736505885951,1.5226785759471166,2.73257415890075,1.5459632873535156,1.6023762226104736,1.5375161170959473,0.1899263858795166,0.11394691467285156,1.0183871399692632,55.80531816582872,37.413227428564745,0.9704772955561359,-0.24119249327051692,train
30639_44226bde,1778002703.7434344,5.662787947929332,-6.1199535972299035,1.3278680344730067,1.7832066148448804,1.211975336074829,1.1149377822875977,1.199927806854248,0.18994545936584473,0.08593177795410156,2.4057600314052006,55.80530894852459,37.41329328384992,0.9729675494999223,-0.2309418706517213,train
30639_44226bde,1778002772.4845722,9.249806384855637,6.160808107209147,0.812928918638302,5.709986983880544,0.8960070610046387,0.9865548610687256,0.9001586437225342,0.08363723754882812,0.11400294303894043,0.7787273321156807,55.80434301509209,37.42047534713695,0.9744187938526844,-0.22473988116638283,train
30639_44226bde,1778002779.0925262,12.585298948573064,5.181842513497919,0.5974776707951714,6.957556939306933,0.5820448398590088,0.5704448223114014,0.6001060009002686,0.1280345916748047,0.10406160354614258,0.6454480560976767,55.8041982545465,37.421657910140276,0.9726331423484929,-0.23234622959130735,train
30639_44226bde,1778002785.464411,13.987373428224018,5.9334422417330215,0.5375873562424149,7.048390123705729,0.5999913215637207,0.6223437786102295,0.6001057624816895,0.07199549674987793,0.08996772766113281,2.81170789373469,55.80403666307682,37.42297851040564,0.9747681817540192,-0.22321960451529171,train
30639_44226bde,1778002884.8452013,7.561099072314636,5.698667647423481,0.9944896939106596,0.9144340374091864,1.0379767417907715,1.0278491973876953,1.0003128051757812,0.15997648239135742,0.10793519020080566,0.03843930974204501,55.805019116717574,37.43988029983744,0.9975208640564033,0.07037134198071522,train
30639_44226bde,1778002907.8689265,7.041689264741995,-6.528879331818095,1.0678453449663634,1.1503412598923337,1.2080349922180176,1.2108025550842285,1.2001326084136963,0.09002161026000977,0.19206905364990234,0.6613279370882017,55.80511842144431,37.44240418915765,0.9980051955699677,0.06313184311700723,train
30639_44226bde,1778002943.596425,6.261640597954367,8.194420810286426,1.200872995570985,,,,,,,,55.80517736717811,37.44414105451371,0.9973044958451699,0.0733739910800244,train
30639_44226bde,1778002952.3903048,6.947224377788004,6.3974541337462245,1.08236537257899,1.8737259096812535,1.0000271797180176,1.028733491897583,1.0001118183135986,0.12197756767272949,0.11800742149353027,2.092068739091069,55.80520947945706,37.445084290883685,0.9972157114594604,0.07457093816227646,train
30639_44226bde,1778002954.2883654,6.8289528860596524,-5.774074333100778,1.1011109942498247,3.092029143102599,0.9820406436920166,0.9101212024688721,1.0001118183135986,0.09004950523376465,0.08206963539123535,1.4964677995607745,55.80521698400661,37.44529140623356,0.9980440640582328,0.0625143679335091,train
30639_44226bde,1778002958.9902306,6.021327086760604,5.389179818107337,1.2488003049340592,3.814727701248613,1.2880358695983887,1.3520166873931885,1.300145149230957,0.11395645141601562,0.1020505428314209,1.476649594675975,55.80523478554321,37.44579513641637,0.9971989524967368,0.07479471331190983,train
30639_44226bde,1778002962.4801967,3.787278048780488,-5.681561133995828,1.9854457489530322,2.0007936657045993,2.1979689598083496,2.3116610050201416,2.2002458572387695,0.08192992210388184,0.0939626693725586,0.9676333727754718,55.80524454662723,37.446058210811536,0.9982016427785579,0.05994564499768123,train
30639_44226bde,1778002994.273869,5.493643442290728,-7.2244322766763664,1.3687519368601242,5.894180739602279,1.499929428100586,1.5253262519836426,1.4999747276306152,0.08007502555847168,0.0940098762512207,3.6495592816650833,55.8053469981809,37.44881308692919,0.9981432154528639,0.06091076625209687,train
30639_44226bde,1778002994.6798038,5.191472583094717,-8.229568909268655,1.4484204590698047,4.8968163110591725,1.3159778118133545,1.3094449043273926,1.2999780178070068,0.10197591781616211,0.10995125770568848,2.779121992210449,55.80534843607837,37.44884743120908,0.9970648520154786,0.07656161489513887,train
30639_44226bde,1778002996.4738657,4.085725937581957,-5.1177073882136614,1.8404159302237875,0.7816005831268942,1.7998907566070557,1.7720277309417725,1.7999696731567383,0.07804298400878906,0.07786679267883301,2.09687427070003,55.80535344685018,37.448979062664684,0.9966617517519715,0.08164161068163561,train
30639_44226bde,1778003024.573409,4.8042659084948625,-7.054393444930348,1.5651579752816247,1.8081241766935265,1.4000086784362793,1.5110292434692383,1.4000942707061768,0.0859990119934082,0.08600783348083496,0.915679446909327,55.805423172333725,37.45086726532844,0.9967169025819267,0.08096552419079411,train
30639_44226bde,1778003042.1931894,4.24693189344612,-6.161824485412022,1.7705570258045278,1.5571179102550436,1.8919780254364014,1.9083523750305176,1.8999812602996826,0.11194348335266113,0.10199904441833496,8.60060469515837,55.80545254351918,37.451450538634035,0.9927102638726578,0.12052523388020421,train
30639_44226bde,1778003043.2851758,3.8626658250482797,-7.6233699023836925,1.946695738806338,8.60060469515837,2.000079393386841,2.0810763835906982,1.9999802112579346,0.09983539581298828,0.1020972728729248,2.5598405777082056,55.80545730387899,37.45152061739542,0.9909493260293607,0.134236482529735,train
30639_44226bde,1778003043.7851925,3.785701869203443,-8.752085311330553,1.9862723906561963,9.888090492577906,1.8940212726593018,1.8881566524505615,1.8999812602996826,0.09801363945007324,0.10395002365112305,2.6435723451975095,55.80545909972833,37.45155091158632,0.9922140318589088,0.12454442975215123,train
30639_44226bde,1778003045.5752637,4.0930105524163745,6.595952443207668,1.83714041431316,1.49448575180654,1.8158578872680664,1.6899187564849854,1.7999823093414307,0.09610319137573242,0.10998749732971191,1.997051925121784,55.8054656181039,37.451663886498814,0.9890614345099394,0.14750416524675067,train
30639_44226bde,1778003196.0492768,3.37176964451756,-7.055373059432484,2.2301153088203485,1.501106379349392,2.0399651527404785,2.0298008918762207,2.044826030731201,0.15401983261108398,0.10193204879760742,1.1657799855097715,55.808524055644824,37.46021180572941,0.5550013948863262,0.8318494164656439,train
30639_44226bde,1778003246.68465,3.8542549430061204,5.743400963212186,1.9509438823446332,0.9569121421904403,2.101979970932007,2.111783981323242,2.0987987518310547,0.08802342414855957,0.09993433952331543,1.5006291255973323,55.809589122120876,37.46140635566584,0.05006078075120162,0.9987461730743104,train
30639_44226bde,1778003288.6161377,3.5602647396115215,11.245550857834935,2.1120438091002294,0.16559414066164846,2.179982900619507,2.1399941444396973,2.2002618312835693,0.11803007125854492,0.1019887924194336,0.5063863474643436,55.810117438593885,37.461876715736146,0.8038129012795225,0.5948821897960943,train
30639_d3c43d69,1778003453.2020657,3.5607192904656317,5.019917849215659,2.1117741918574673,0.4762445343488425,1.8059601783752441,1.7756752967834473,1.8002803325653076,0.08199214935302734,0.10600018501281738,1.4228063033700389,55.8098055437933,37.461394024247106,0.0557249975996276,-0.9984461551042808,train
30639_d3c43d69,1778003484.1436524,3.2486280079440957,5.835128678523899,2.314649471612803,2.1010645313740373,2.4580492973327637,2.4733452796936035,2.5001237392425537,0.14199066162109375,0.0860588550567627,1.9654613972407724,55.809594632659525,37.46141193875886,-0.08998050940470388,-0.995943526474905,train
30639_d3c43d69,1778003487.0037296,5.20757341391889,-5.02974237841206,1.4439422173014942,-0.9042370998086505,1.5998764038085938,1.620436668395996,1.5967519283294678,0.1080329418182373,0.07394981384277344,0.6746908981936213,55.80949384591943,37.46135010667873,-0.5661719862631087,-0.8242871356335036,train
30639_d3c43d69,1778003519.6272123,7.423933576678881,-5.094158357882228,1.0128640059059089,1.0306511807742524,0.9744617938995361,0.9595637321472168,1.0001814365386963,0.1779005527496338,0.09848189353942871,0.28807057256493507,55.80876723748273,37.46052818333564,-0.5545751150961825,-0.83213366817841,train
30639_d3c43d69,1778003673.813283,3.9009298096707203,5.191281017174959,1.9276007180167831,0.670645219246214,1.9100689888000488,1.86610746383667,1.900294542312622,0.10191679000854492,0.10806107521057129,1.779434262376025,55.80560868858496,37.4531040646438,-0.9907049151706311,-0.1360285670613077,train
30639_d3c43d69,1778003701.3229563,5.81710078892595,-6.7853322598136305,1.2926430837109006,1.378700820128406,1.3899662494659424,1.49393630027771,1.3868658542633057,0.10603952407836914,0.17401742935180664,0.5396306573488961,55.805488931130945,37.45119837583157,-0.9980922350508458,-0.06174050802517702,train
30639_d3c43d69,1778003718.10872,7.0969592161762005,-10.86145598365854,1.0595291410038257,0.2701569881104832,0.9979863166809082,1.136852741241455,0.9997982978820801,0.09188675880432129,0.09396624565124512,3.7235289518912276,55.80544425758466,37.45012014189392,-0.9971711011076474,-0.07516511900983126,train
30639_d3c43d69,1778003719.8187692,6.929569233080053,6.225157606498274,1.0851230212346283,2.358035806448505,1.0999293327331543,1.071427822113037,1.0997779369354248,0.09000968933105469,0.10193920135498047,2.6863482647694,55.805437576928135,37.449929378014616,-0.9983982097827891,-0.05657751057197184,train
30639_d3c43d69,1778003721.6386743,7.087104911177286,6.321083917347916,1.0610023692742614,14.325989490786293,1.0699961185455322,1.0782043933868408,1.099778175354004,0.17798328399658203,0.17601251602172852,1.3792540807472318,55.805429900336854,37.44972601493923,-0.9980271529483771,-0.06278377161143538,train
30639_d3c43d69,1778003736.4324868,6.776126993777269,7.617768728306778,1.1096951265759465,2.496262902165786,1.0899860858917236,1.1271758079528809,1.1002593040466309,0.11398816108703613,0.09594535827636719,3.333554392996955,55.8053720548869,37.44809385842967,-0.9984647149970998,-0.05539145155852229,train
30639_d3c43d69,1778003745.7203684,4.27281473428224,8.093332192148562,1.7598317665690908,6.958968349020621,1.5000197887420654,1.4620904922485352,1.5003533363342285,0.08193802833557129,0.09803605079650879,0.9707055959760077,55.805339269457775,37.44716863031209,-0.9982963635036683,-0.05834698462947091,train
30639_d3c43d69,1778003772.0180507,6.603444055027061,-11.562972627641074,1.138714137561288,7.856496995923981,1.2119731903076172,1.2656655311584473,1.2000916004180908,0.0880279541015625,0.10188865661621094,1.8526388034763577,55.80529309457641,37.445629511733046,-0.9980085618317089,-0.0630786058073896,train
30639_d3c43d69,1778003773.8200676,6.610220975559747,8.980599708503027,1.1375467068130223,8.09044216006515,1.211979627609253,1.2597877979278564,1.2000916004180908,0.0940542221069336,0.09996795654296875,2.1747767749561255,55.80528673308519,37.44544026096505,-0.9975267459550642,-0.07028791577718654,train
30639_d3c43d69,1778003799.823693,6.492658513557653,-5.431971723204878,1.1581442465136025,1.8389968052402772,1.300034999847412,1.2636492252349854,1.3003480434417725,0.09393978118896484,0.08002758026123047,0.8814816594203957,55.80523887548616,37.44380183313533,-0.9976549014487913,-0.06844485090350103,train
30639_d3c43d69,1778003800.2236836,6.560105071168014,5.199200947533856,1.1462369917065267,2.356521596160166,1.2579898834228516,1.2931482791900635,1.2536864280700684,0.10200333595275879,0.15599393844604492,1.56157573129072,55.80523771174264,37.44376041504558,-0.9985172635855032,-0.05443596533284493,train
30639_d3c43d69,1778003807.037596,7.03445006794936,-5.980491997015829,1.0689442713247341,2.8225896395788244,1.084028720855713,1.084028720855713,1.1002943515777588,0.14198875427246094,0.09802484512329102,1.207754159148817,55.80521293556896,37.443025502619854,-0.9964494680641103,-0.08419297829838136,train
30639_d3c43d69,1778003807.8277242,6.8577323969854405,6.404594186933475,1.0964900154692225,2.899522425371543,1.1038343906402588,1.215855360031128,1.0978760719299316,0.10411715507507324,0.10597848892211914,1.1369570552983062,55.80521008440147,37.44293935744948,-0.9991158522364934,-0.042041810257714175,train
30639_d3c43d69,1778003813.137532,7.4577557667411325,5.073642605099176,1.0082704954737576,-0.1439786461096903,1.0940680503845215,1.0791738033294678,1.0999865531921387,0.11599349975585938,0.17799091339111328,2.7540300636628605,55.805190287892636,37.442360804653,-0.9963038070110117,-0.0858995002043942,train
30639_d3c43d69,1778003814.8235006,7.645259456263367,-6.315841733133796,0.9835421734306308,2.6259756250441044,0.9960076808929443,1.0380563735961914,0.9999878406524658,0.10193109512329102,0.08002567291259766,1.346347045423417,55.80518429798955,37.442157017504556,-0.9969912184030669,-0.07751458202924212,train
30639_d3c43d69,1778004169.9490333,4.276703025534654,-7.894427093550329,1.758231763383736,2.2149147165435488,1.7880432605743408,1.7116799354553223,1.800154685974121,0.10195636749267578,0.09607338905334473,5.327898292404381,55.805475644627826,37.41068532911404,-0.3826360287292859,-0.9238991663153945,train
30639_d3c43d69,1778004170.7490764,4.169689967706211,6.797487497465849,1.803355923411944,2.2571263698241975,1.8999300003051758,1.8605973720550537,1.9001634120941162,0.10600590705871582,0.10793375968933105,-4.7846230369878056,55.80545907950421,37.41063839523598,-0.6570660131006384,-0.7538330414806926,train
30639_d3c43d69,1778004283.8335977,8.698142736230752,-5.638417134504058,0.8644874348558715,,0.812037467956543,0.7786359786987305,0.8001811504364014,0.18797802925109863,0.18202590942382812,2.50135846472682,55.8013139871485,37.40762470760723,-0.368642862366764,-0.9295711054169223,train
30618_b83d854d,1785129375.901567,3.210576940133038,-5.720257111585265,2.3420821996381647,1.0528123129652665,1.9914393424987793,1.9556279182434082,2.0001628398895264,0.0999760627746582,0.0919644832611084,0.8743109230837591,55.8107256684976,37.46169599973931,-0.9998308737355441,-0.01839086526562446,train
30618_b83d854d,1785129398.0813847,3.3017661683713606,-8.099419548101823,2.2773978284971688,1.1535065095620414,2.103424549102783,2.0959532260894775,2.098370313644409,0.10597872734069824,0.09597301483154297,1.5295409473069832,55.810200414172925,37.46133596945319,0.07779042946445289,-0.9969697332836821,train
30618_b83d854d,1785129450.7586884,5.287668805283361,-5.09436463460754,1.4220699856505847,-0.005051577823523607,1.3256230354309082,1.329996109008789,1.33189058303833,0.16394948959350586,0.09995746612548828,1.1097429912331522,55.80951694124816,37.46131598816038,-0.5689953990222517,-0.822340705481316,train
30618_b83d854d,1785129504.9595695,6.082023903869537,5.768618023557539,1.2363376436699467,0.3214044024571121,1.2336530685424805,1.2330758571624756,1.2389531135559082,0.15995335578918457,0.10196232795715332,0.5973307232885793,55.80717134538749,37.45853689153761,-0.5516839533404838,-0.8340532450788829,train
30618_b83d854d,1785129633.203791,4.208014376654031,-8.882115118532766,1.7869318944754586,1.4141797110222538,1.7895166873931885,1.7961537837982178,1.8000526428222656,0.08397793769836426,0.10140299797058105,1.3768803037791062,55.805647501004806,37.453561419795435,-0.9921899354902152,-0.12473624939015378,train
30618_b83d854d,1785129654.215933,3.9390880337601026,11.4933589878251,1.9089279136715787,1.6422009686308818,1.7914848327636719,1.7674798965454102,1.8002126216888428,0.10596299171447754,0.08596038818359375,2.7371026594264607,55.80558475603864,37.45272909297903,-0.9919134729738611,-0.1269159648465598,train
30618_b83d854d,1785129671.6290827,4.611290827335128,6.844648424770359,1.630657311284755,1.8914628654686112,1.483572006225586,1.5413157939910889,1.4999899864196777,0.11597442626953125,0.09998154640197754,1.2318606415707811,55.80552218347386,37.451901774803716,-0.9913255584164276,-0.1314292099586622,train
30618_b83d854d,1785129682.112143,5.957378751212953,6.4121667780413265,1.262205311442278,1.7023283046328628,1.101698875427246,1.0784945487976074,1.1001410484313965,0.0979764461517334,0.0939784049987793,1.3657347759337857,55.805481750474996,37.45118279616458,-0.9966075291518406,-0.08230086778317271,train
30618_b83d854d,1785129687.470642,5.670293731969578,6.13055011861296,1.3261103317556842,1.5936870013143762,1.3516309261322021,1.332658052444458,1.3444557189941406,0.15394973754882812,0.10997343063354492,2.241684374861867,55.805457665299,37.45061987445675,-0.9973134476446027,-0.07325221598857024,train
30618_b83d854d,1785129858.5329227,14.64750166177908,-6.224907190222379,0.5133595664082039,1.693469877703502,0.48586153984069824,0.4827110767364502,0.49999427795410156,0.05399179458618164,0.10198187828063965,0.13725876240156637,55.80443814577288,37.432255988971676,-0.9670113398151955,-0.25473332853951497,train
30618_b83d854d,1785129884.3217282,9.444313708333432,5.536744297472993,0.7961865027227323,-1.9977690136959747,0.9017417430877686,0.8944222927093506,0.9001078605651855,0.10197925567626953,0.09396767616271973,0.01514113021465505,55.80385381637452,37.42849639662378,-0.9636039472391319,-0.2673339351170448,train
30618_b83d854d,1785129885.3234363,8.722984951040814,6.073296617188121,0.8620254585165994,-0.32267859416543465,0.7937886714935303,0.8047685623168945,0.800095796585083,0.09996628761291504,0.09798550605773926,2.523842191743438,55.80383241206578,37.42835793322007,-0.9679413609029309,-0.25117627645417107,train
30618_b83d854d,1785129948.6357768,13.740844639523546,-5.767766946789788,0.5472323790362777,3.2295364072816173,0.48586440086364746,0.4047539234161377,0.5000290870666504,0.1079714298248291,0.09998011589050293,0.6420738074436367,55.80391983041109,37.423671099279616,-0.9735038648504334,0.22867056024173546,train
30618_b83d854d,1785129952.3408554,13.547187418192744,5.403592259771535,0.5550550730520181,2.1541275313750745,0.5837130546569824,0.5974812507629395,0.6000349521636963,0.11607193946838379,0.08995914459228516,-0.13947735812480147,55.80401872692135,37.422875668137245,-0.977564939398534,0.21063425471356903,train
30618_b83d854d,1785129957.5272937,9.832348530148058,5.819680294769811,0.764764906268139,-0.4319645931060722,0.6997942924499512,0.8325314521789551,0.7000408172607422,0.1039731502532959,0.10396885871887207,3.0561035905425635,55.80413632296202,37.42194549794047,-0.9755719191134409,0.21968029187279886,train
30618_b83d854d,1785130034.0759194,14.645983355983121,-5.506183842395249,0.5134127848767862,-0.5945093795834191,0.5798394680023193,0.5525176525115967,0.5585405826568604,0.1499497890472412,0.10596156120300293,3.2936959702296957,55.804805869271746,37.41669810245792,-0.9703209963062499,0.24182052048419397,train
30618_b83d854d,1785130036.6432052,14.35126150427603,-5.015919643414481,0.5239563852845899,-1.253864511010077,0.5982158184051514,0.575681209564209,0.5999712944030762,0.09795713424682617,0.20431923866271973,-0.12793883055347344,55.80488523404511,37.41612350122077,-0.9760771638809139,0.21742440099996002,train
30618_b83d854d,1785130151.6850986,4.3333805727282915,5.828077438382367,1.7352353378277428,1.412944935283241,1.7475197315216064,1.723027229309082,1.750779151916504,0.15195059776306152,0.08198833465576172,4.597259764178515,55.80549172805601,37.41064123573067,-0.8413452954470595,-0.5404980053886417,train
30618_b83d854d,1785130152.3289216,4.208068631074003,-5.470863733226,1.7869088556512465,3.625247723818544,1.7075326442718506,1.5992522239685059,1.7001793384552002,0.10196590423583984,0.10795044898986816,1.2713971926620191,55.80547815191817,37.410604379378746,-0.8262639327714272,-0.5632831556163335,train
30618_b83d854d,1785130464.961656,6.767435667453449,5.614739079126275,1.111120293055387,2.6041135882654327,1.105684757232666,1.0759410858154297,1.0997645854949951,0.08998394012451172,0.10197210311889648,0.8104267026486606,55.80011973288329,37.392121051276156,-0.9347472633556478,0.35531331757918544,train
30618_b83d854d,1785130533.244587,3.043866089693155,6.143588175639691,2.4703567372809,0.9378814007588698,2.6092708110809326,2.6279542446136475,2.5997583866119385,0.07598567008972168,0.09197449684143066,1.1713211137056248,55.800187519126574,37.39002279348346,-0.7018252448293444,-0.7123491599772058,train
30618_b8044aa0,1785132010.8259408,3.3941801082895635,7.905992983877055,2.215390716506096,0.2326444747473898,2.1133968830108643,2.169346332550049,2.100825071334839,0.17795276641845703,0.09395933151245117,2.8363774910117656,55.799593350271714,37.389078167163,0.6922541244063807,0.7216538139872575,train
30618_b8044aa0,1785132029.1428092,3.2387090105404703,6.649486891613189,2.3217384079835943,3.488215278089769,2.011443853378296,1.9326961040496826,2.000140428543091,0.09795713424682617,0.10398077964782715,3.384069208442866,55.79996501102497,37.38971690852809,0.6904444452317395,0.7233854215068447,train
30618_b8044aa0,1785132037.4444954,3.311678892783063,7.437328394518726,2.2705809788627134,0.39509307496782625,1.9954333305358887,2.0824806690216064,1.9987127780914307,0.1059727668762207,0.0959479808807373,1.5548819945970282,55.800117822325454,37.38998044727244,0.6816065791389613,0.7317188471499713,train
30618_b8044aa0,1785132095.326333,5.045539783659291,-5.2846262335603065,1.4903133112550475,2.8527774749911696,1.621546745300293,1.6746251583099365,1.6000549793243408,0.17795491218566895,0.18394756317138672,2.433694655813507,55.8001959101154,37.39139949969106,0.9349940128351524,-0.35466349680002157,train
30618_b8044aa0,1785132097.215812,6.694816202942088,-7.139308190251597,1.1231727465124257,2.54144192979264,1.1916720867156982,1.1955153942108154,1.2000412940979004,0.1759500503540039,0.13995981216430664,5.5183705158649685,55.80016001596388,37.39156715942701,0.9344540594447706,-0.3560837131731655,train
30618_b8044aa0,1785132099.0117567,8.258875602603533,-5.224873278060973,0.9104671705775448,-0.832068423401609,1.035261869430542,0.9970998764038086,1.0001740455627441,0.1663951873779297,0.08997654914855957,-0.6875394626619244,55.800116693873036,37.39176876049949,0.9384381724058893,-0.34544724137195565,train
30618_b8044aa0,1785132174.83614,10.902252592202291,5.242588359027687,0.6897138952212997,4.573167396253998,0.6118307113647461,0.5301434993743896,0.6001276969909668,0.18793487548828125,0.10797333717346191,1.9152682805115488,55.79894319201937,37.39910352931242,0.9929360943882699,0.11865037910166391,train
30618_b8044aa0,1785132416.7266147,6.882268364208569,-5.194454152461516,1.0925809201453678,1.5335820796839386,1.1696531772613525,1.1644878387451172,1.1001262664794922,0.16397714614868164,0.11796832084655762,2.1225663224053832,55.802206703120746,37.40829516644131,0.36240876109763315,0.9320192540284126,train
30618_b8044aa0,1785132550.7851756,5.438102768042343,5.530072850830113,1.3827313353184878,4.04506171266638,1.295637607574463,1.316049337387085,1.3001959323883057,0.11197042465209961,0.10797619819641113,1.1673143036896545,55.80526935204431,37.413120198368546,0.9712384204843929,-0.23810907285313965,train
30618_b8044aa0,1785132665.9010339,13.509103378394489,-5.237172334403327,0.5566198504395495,1.6390931249373186,0.5758357048034668,0.6008191108703613,0.6000134944915771,0.09397292137145996,0.08597660064697266,2.0422576677577906,55.804159098829246,37.42150676021458,0.973999983149832,-0.2265480806012865,train
30618_b8044aa0,1785132666.5688503,13.863655103354553,-5.386844486980039,0.5423847496202423,2.686212617262077,0.5238401889801025,0.5835809707641602,0.5000112056732178,0.0919806957244873,0.11195659637451172,0.7212757554962994,55.80414129359152,37.421649541235986,0.979111304569643,-0.2033249941938563,train
30618_b8044aa0,1785132671.9353502,14.16955743509048,-6.303366842879609,0.5306753677029249,5.804223079055627,0.5478487014770508,0.5379443168640137,0.5506331920623779,0.13197660446166992,0.09398198127746582,3.6480637196512067,55.803992570083054,37.42283034146202,0.973065707402374,-0.23052793556859327,train
30618_b8044aa0,1785132719.6600196,9.756620824402583,-5.668110859779895,0.7707007618095872,0.4186906497459563,0.7298018932342529,0.7723503112792969,0.7000856399536133,0.1719512939453125,0.08397746086120605,0.741983518091479,55.80409265952557,37.43024429905115,0.9647822610509368,0.2630497838080123,train
30618_b8044aa0,1785132729.4152935,14.153541198769759,-5.265332211377782,0.531275883289756,1.297666075223035,0.48587656021118164,0.426379919052124,0.500056266784668,0.11796998977661133,0.0979776382446289,0.7819361389526415,55.80438573522265,37.43213111444771,0.960100037887661,0.27965678473463124,train
30618_b8044aa0,1785132731.5886807,14.193415316024128,-5.11690322277902,0.5297833491538176,1.9019188631133532,0.5998325347900391,0.6814999580383301,0.6000673770904541,0.10396885871887207,0.09397721290588379,1.8032640779415139,55.80445883641121,37.43260565290361,0.9652839690759416,0.26120271638135123,train
30618_b8044aa0,1785132733.38818,14.281163185363027,-5.797889504061475,0.5265281969301445,2.0445399740057164,0.6018321514129639,0.6231815814971924,0.6000673770904541,0.10596275329589844,0.09197711944580078,1.3460020845665601,55.80452014436499,37.4329974713116,0.9657666972820467,0.25941219404825144,train
30618_b8044aa0,1785132734.2899308,14.251395851512767,-5.667483227658353,0.5276279727544145,0.5834732808575873,0.5998287200927734,0.6642863750457764,0.6000673770904541,0.1059713363647461,0.09596395492553711,2.7317242275626628,55.80455088166884,37.43319462153256,0.9621689848791642,0.2724533804829709,train
30618_b8044aa0,1785132735.285651,14.22327812030613,5.2777578088462285,0.5286710305776199,,,,,,,1.0958751985221147,55.80458455720639,37.433412244654754,0.9665683829375716,0.2564089723575364,train
30618_b8044aa0,1785132758.8290827,12.689116367173625,5.085386385784157,0.5925893406972698,1.1116551095782645,0.5578451156616211,0.5363373756408691,0.6000649929046631,0.12996411323547363,0.08598136901855469,1.4538241041564786,55.804965643571414,37.43842056785275,0.9984767778802977,0.05517358094032603,train
30618_b8044aa0,1785132788.9806788,5.371501337529505,5.4290885815796655,1.3998758688781674,0.9850692808689169,1.4075956344604492,1.3994660377502441,1.4001743793487549,0.08199286460876465,0.057981014251708984,4.02052151032001,55.805129337374154,37.44292713322082,0.9976086981305324,0.06911501583812353,train
30618_b8044aa0,1785132899.399833,4.236031754925125,-7.29313553783521,1.7751130154564354,2.2347817894781468,1.7914977073669434,1.7336297035217285,1.799074411392212,0.09997248649597168,0.09997367858886719,4.362949773380479,55.805483077265144,37.451791361338,0.9934508912287454,0.1142599086154505,train
30618_b8044aa0,1785133185.212399,3.530363886703383,13.85152856534136,2.1299320249607256,2.6832966826055786,2.131042003631592,2.145263910293579,2.0996806621551514,0.10433053970336914,0.12796401977539062,1.6583643139129216,55.80963280745846,37.46145886375933,0.04467746240576183,0.9990014636390588,train
30618_b8044aa0,1785133237.3134952,3.624882545639211,11.7667878056551,2.0743941375701533,0.9829949853691156,2.287360906600952,2.261953592300415,2.3004727363586426,0.10183095932006836,0.07798194885253906,1.0532936613864976,55.81017997704398,37.46190631952108,0.7817075161522061,0.6236452190076889,train
30618_76e1f9c7,1785133311.9206543,3.5371084090313047,5.496162640340446,2.1258706922453854,2.104754967157071,2.095430374145508,2.179961681365967,2.100971221923828,0.1039738655090332,0.1999523639678955,2.6050472890869893,55.81072492067366,37.461828544182445,-0.9998890818916087,0.014893754192804616,train
30618_76e1f9c7,1785133329.2122345,3.563016129032258,-6.3365306625585465,2.110412872056431,2.0082809999390956,1.9230635166168213,1.778649091720581,1.8998799324035645,0.09438538551330566,0.11797428131103516,0.3449003122468978,55.8104149506317,37.461307827776125,0.0635835298631327,-0.9979765201296792,train
30618_76e1f9c7,1785133336.3238485,3.315368480155258,11.096728979148697,2.2680541083331467,0.39843516046102045,2.5232861042022705,2.5025579929351807,2.5042378902435303,0.1039729118347168,0.1179652214050293,1.973261384160452,55.81020281765981,37.46133577536777,0.0704314421508671,-0.9975166223961128,train
30618_76e1f9c7,1785133532.1311622,3.816399753475542,5.358163076356651,1.970295458489774,2.5846502949324948,1.7895331382751465,1.7107977867126465,1.8006994724273682,0.10196137428283691,0.07999157905578613,0.8960864447432392,55.805699513374485,37.45425977646802,-0.9918038432351858,-0.12776985772831875,train
30618_76e1f9c7,1785133533.7247257,4.243384793648523,5.069716330652226,1.772037057141131,0.8960864447432392,2.0054399967193604,1.9501361846923828,2.000777006149292,0.09796643257141113,0.11396145820617676,1.4378806954214418,55.80569191970424,37.45415658387474,-0.9906261896233153,-0.13660070436272037,train
30618_76e1f9c7,1785133601.0259476,3.5778979901294616,-6.326630159754527,2.101634848952827,1.524523391964847,1.9014630317687988,1.8983263969421387,1.9000680446624756,0.08197736740112305,0.08398246765136719,1.1451806584819009,55.805622544756524,37.453229382906734,-0.9915010920203754,-0.13009836479526973,train
30618_76e1f9c7,1785133611.2371006,3.5457591707793914,11.706701734454144,2.120684101735401,1.5807406814891496,1.9934298992156982,1.967712640762329,2.0000717639923096,0.10397529602050781,0.09596514701843262,0.7495681468799482,55.805586839385654,37.45275790518817,-0.9911855056974995,-0.13248129413314286,train
30618_76e1f9c7,1785133645.0356486,3.0156251269580143,6.985341018151894,2.493491327829437,0.8077007447717833,2.81123685836792,2.788820505142212,2.8001065254211426,0.09996938705444336,0.11197829246520996,1.0924012029388828,55.80556272192219,37.45243940692547,-0.9908850859532016,-0.1347098602015323,train
30618_76e1f9c7,1785133666.6316283,5.833037527030668,5.290821258496776,1.2891113878847533,-1.3109887974632384,1.1016871929168701,0.9804580211639404,1.0999515056610107,0.08998870849609375,0.10397100448608398,1.7691694085229792,55.80548176595154,37.45118435952893,-0.996262165207403,-0.08638112164273709,train
30618_76e1f9c7,1785133823.1179342,11.962119263955215,-5.428469505311863,0.6286039234462615,,,,,,,0.9616731645554003,55.8049363870467,37.43660735861396,-0.9979633965380816,-0.06378917753173652,train
30618_76e1f9c7,1785133842.868412,14.636844649060276,-5.782546887418562,0.5137333409176493,2.483034007037077,0.4718801975250244,0.46955132484436035,0.49998903274536133,0.1299724578857422,0.09997987747192383,,55.80443752013611,37.43225205016042,-0.9667724219088799,-0.25563858127528155,train
30618_76e1f9c7,1785133859.1238787,6.141595141989981,-5.075060449029535,1.2243456183954726,,1.117685317993164,1.0951743125915527,1.1000010967254639,0.17395973205566406,0.09797263145446777,1.0549683888739187,55.80406727392723,37.42986821273156,-0.9641676481534387,-0.26529369810507514,train
30618_76e1f9c7,1785133868.117366,9.860059327994355,5.7882253097122165,0.7626156042190763,,0.7357957363128662,0.7207818031311035,0.700000524520874,0.1699657440185547,0.11197066307067871,-0.06997608846412878,55.803866732746464,37.42858022776368,-0.9639368305266747,-0.26613114578002506,train
30618_76e1f9c7,1785133889.0555243,13.016014019025821,5.0771011602767455,0.5777064384736383,2.020709968161088,0.5918312072753906,0.5336792469024658,0.5998508930206299,0.10398340225219727,0.10397911071777344,,55.80378526272182,37.425274203519365,-0.9973953180761934,0.07212890876541085,train
30618_76e1f9c7,1785133905.8528223,9.96147597101788,5.51728265833871,0.7548515023206953,-2.045699100807044,0.793778657913208,0.8312971591949463,0.8001394271850586,0.11195874214172363,0.09995651245117188,,55.80413646724425,37.42194385493505,-0.9757610278765796,0.21883879107059806,train
30618_76e1f9c7,1785133979.436282,3.5629010490427486,-5.177135533494584,2.1104810373767227,2.5585455092879426,1.8094918727874756,1.7834234237670898,1.8001458644866943,0.18993806838989258,0.09198117256164551,2.4937543604930306,55.80433392418751,37.42038112671359,-0.9746196650372002,0.22386716713885407,train
30618_76e1f9c7,1785133980.4439995,4.537239627589824,-5.809701460443096,1.6572708781635737,,1.4136137962341309,1.4034416675567627,1.400113582611084,0.19195127487182617,0.10997557640075684,2.4937543604930306,55.804341955713376,37.42031621737926,-0.9797182137461997,0.20038019276853633,train
30618_76e1f9c7,1785133998.7248974,7.464285923753666,6.482815753656824,1.0073884064549545,0.5014059817589487,0.9257571697235107,0.9046106338500977,0.8998076915740967,0.16595029830932617,0.09399652481079102,0.8215939833251055,55.804676212331415,37.417680338074376,-0.975494421017124,0.22002416813719813,train
30618_76e1f9c7,1785134159.6299665,6.295579260951146,-5.400938671089107,1.1943992427661543,0.2388889358894159,1.125687837600708,1.1188762187957764,1.1277551651000977,0.1679544448852539,0.09997367858886719,3.142363577648659,55.80519446386057,37.410267807098414,-0.3705535514552387,-0.9288111032410789,train
30618_76e1f9c7,1785134209.2381074,4.420611243830914,5.94815208001539,1.7009944297969959,3.0727234497335587,1.9174811840057373,1.9309144020080566,1.9001994132995605,0.18193936347961426,0.0999903678894043,7.124225843365287,55.801751735921,37.4079211391917,-0.3559754509360539,-0.9344953067463063,train
30618_76e1f9c7,1785134262.5412307,6.3517660968457195,-5.142719477053601,1.1838337538576078,1.0382133811723675,1.0197086334228516,0.9816434383392334,1.0002665519714355,0.1839613914489746,0.09751725196838379,1.0467375580811211,55.80146830222972,37.4077250704975,-0.3589485862277762,-0.9333573337393781,train
30618_76e1f9c7,1785134319.187407,8.105600453948325,5.3197851946390236,0.9276839075372333,0.376143743164492,0.9117581844329834,0.9119045734405518,0.8998558521270752,0.11795806884765625,0.20993971824645996,2.530445065068046,55.79945772194871,37.40501966127594,-0.9813352797359964,-0.19230462486761457,train
30618_76e1f9c7,1785134390.8333964,8.48198864175514,5.29639947231327,0.8865179405024989,1.3118329261946169,0.8357729911804199,0.8219029903411865,0.8443305492401123,0.16395258903503418,0.09797310829162598,0.9710253442926804,55.79895344758353,37.39838685778631,-0.9999761164003141,0.0069113406040640195,train
30618_76e1f9c7,1785134406.1391368,6.264041687428922,5.310515385512374,1.2004126851749461,1.670587759967529,1.0277197360992432,0.9802851676940918,1.04007887840271,0.14995932579040527,0.061995744705200195,2.3770741703489127,55.799204928081586,37.39642130627417,-0.9350044832355133,0.35463589261310047,train
30618_76e1f9c7,1785134525.3938324,3.827185029241997,7.728880508254089,1.964743027734835,0.3636279825759403,1.9034674167633057,1.8691236972808838,1.8998844623565674,0.08396434783935547,0.10596632957458496,1.6825746686135914,55.80037679722481,37.39091332152002,-0.9517998495773181,0.3067198173326832,train
30618_2dbce472,1785136657.8006809,3.64559825573217,-8.131717755165143,2.062606621624076,1.5678899508457864,2.0014688968658447,2.1120080947875977,2.00009822845459,0.10196375846862793,0.0959932804107666,1.9027134332369287,55.810725049363164,37.46179344775094,-0.99991604999702,-0.012957351517845665,train
30618_2dbce472,1785136658.6024625,3.2873693932971095,-7.300333094238952,2.287371512731838,1.9027134332369287,2.4053261280059814,2.4048259258270264,2.400118112564087,0.09597063064575195,0.09796524047851562,1.8832837891244387,55.81072544065664,37.46174982073402,-0.9997503147378135,0.02234520489149218,train
30618_2dbce472,1785136681.4081066,3.394540230789405,9.764134627579109,2.215155688493843,1.2526681860878424,2.289358139038086,2.255732774734497,2.3004190921783447,0.1099693775177002,0.09994840621948242,1.357480907280119,55.81020928078618,37.46133440187157,0.016514914766068974,-0.9998636194953137,train
30618_2dbce472,1785136754.8476143,3.76523556198755,-5.421944904517006,1.997068969062079,1.6396501280652418,2.193398952484131,2.3236563205718994,2.204145669937134,0.13396167755126953,0.13196730613708496,3.1027822391608857,55.809695915518525,37.46138994908199,-0.23795968672428292,-0.9712750318494144,train
30618_2dbce472,1785136822.3327906,3.466211660559186,-6.043493053500103,2.16935254924429,1.3929591473294862,1.8894777297973633,2.022235870361328,1.899484634399414,0.12796711921691895,0.06997990608215332,0.9718584063422424,55.80706292577706,37.45840782182971,-0.550259291325243,-0.8349938396840071,train
30618_2dbce472,1785136957.3231363,3.533246812944203,-9.52970246167971,2.1281941228975505,1.035141315508541,2.4113402366638184,2.424858570098877,2.399881362915039,0.09797334671020508,0.11798477172851562,1.3059304698163328,55.80562236131897,37.45322709564663,-0.9922389340933018,-0.12434587918137213,train
30618_2dbce472,1785136967.1543965,3.478120689696279,-5.217650165735835,2.161924721108794,0.7304167582209891,2.3573837280273438,2.3637704849243164,2.399881362915039,0.11397004127502441,0.10402560234069824,0.8466483876295229,55.805588552383576,37.45277908628097,-0.9906384089155233,-0.13651206093719467,train
30618_2dbce472,1785137032.7400923,4.986714412416852,-5.483605102013873,1.507893671097559,2.947749898185464,1.5055716037750244,1.5606598854064941,1.5001771450042725,0.10796356201171875,0.11394786834716797,2.311830009901343,55.80548429870917,37.451259355414635,-0.9965084146104294,-0.08349239253134783,train
30618_2dbce472,1785137161.0262992,4.411565395894428,-7.116047423714103,1.7044822930772439,2.904799798641469,1.821495532989502,1.7934064865112305,1.7998719215393066,0.17395496368408203,0.09998703002929688,1.2225096607377415,55.80505874798349,37.44014247348397,-0.9800152001077618,-0.19892261700908648,train
30618_2dbce472,1785137208.8569558,14.588,-5.268148314501767,0.515453461890208,0.4776297624734392,0.48586130142211914,0.5659787654876709,0.4998931884765625,0.1179664134979248,0.10394454002380371,-0.9036216227223246,55.80445082402605,37.432342984271855,-0.9612796552936871,-0.27557471639911024,train
30618_2dbce472,1785137209.2388725,14.587225492969836,-5.459474341179083,0.515480829831435,-0.9036216227223246,0.5158302783966064,0.47460269927978516,0.4998931884765625,0.09799551963806152,0.11195969581604004,,55.80443823150276,37.43225687994849,-0.9644974228685972,-0.26409225903050315,train
30618_2dbce472,1785137219.9958441,6.927161056672151,6.022704995516951,1.0855002562430294,2.6530479999414633,0.9437355995178223,0.8266105651855469,0.9496645927429199,0.15196442604064941,0.09397244453430176,-0.029680907116901058,55.80416260015445,37.43048208053227,-0.9629844132004262,-0.2695570810292892,train
30618_2dbce472,1785137249.1257124,3.049341336238857,-5.033578540706821,2.465921086856428,0.9614767988110166,2.6152830123901367,2.591601848602295,2.6009199619293213,0.16195106506347656,0.1039736270904541,2.473498521200718,55.80406257994235,37.42983841395476,-0.9614146232502278,-0.2751034754426459,train
30618_2dbce472,1785137250.4033668,4.2148617051713035,-7.374132768509334,1.7840289024972276,0.9781599973382101,2.0514204502105713,2.1074581146240234,2.044633388519287,0.16396069526672363,0.1899394989013672,0.5352473733027742,55.80405105128772,37.429765200728845,-0.9635219426506754,-0.267629344487238,train
30618_2dbce472,1785137489.5466402,3.2573161314164456,5.154567128458894,2.308475689396633,1.164934533848658,2.00142765045166,2.1141481399536133,1.9997801780700684,0.09798645973205566,0.09796667098999023,0.02887240044769143,55.80521701426354,37.41367706631726,-0.971606864979345,0.23660114100529803,train
30618_2dbce472,1785137541.5601115,4.334465832200844,-6.604183379005472,1.7348008712382277,0.767714450590408,1.893472671508789,1.962547779083252,1.8994581699371338,0.19994163513183594,0.19994854927062988,6.538903460570416,55.80548823243622,37.41063157764371,-0.8405552853951281,-0.5417257721341259,train
30618_2dbce472,1785137542.759775,4.349330539064922,-5.095701052322673,1.7288718423481753,6.538903460570416,1.4915797710418701,1.386763095855713,1.4995720386505127,0.10396742820739746,0.14795494079589844,2.2856715833044636,55.80546064474397,37.410563616224984,-0.7717246579796928,-0.6359568006288842,train
30618_2dbce472,1785137546.4587445,4.205345368714684,5.851673023102335,1.7880660071333412,0.7849652556588373,1.789492130279541,1.8996765613555908,1.7994866371154785,0.10596680641174316,0.08997058868408203,0.6121619156662418,55.80536847789306,37.410413017987416,-0.6021094620674112,-0.7984135492893973,train
30618_2dbce472,1785137782.934745,11.647424390243902,6.092466463483155,0.6455878012269195,1.360092110743977,0.5678460597991943,0.5525667667388916,0.5420475006103516,0.16594982147216797,0.11397695541381836,0.8226298030162581,55.79901499859166,37.39960142478559,-0.9898288831356641,-0.1422630736010021,train
30618_2dbce472,1785137905.7884598,4.905386166940848,5.9309542041845615,1.532893608403456,0.9172757897074663,1.7115225791931152,1.7275760173797607,1.700148344039917,0.10797357559204102,0.12396693229675293,0.9305289888085179,55.80023039244282,37.39160207772798,-0.9371021053147987,0.34905535981355756,train
30618_2dbce472,1785137952.783343,3.0383354838709673,-5.7814402913106875,2.4748534656463534,0.9654108518814172,2.1094210147857666,2.082996129989624,2.099606990814209,0.11196708679199219,0.10398554801940918,0.7562368420165678,55.800189732843855,37.39002644554059,-0.7021110770651168,-0.7120674374400655,train
30618_b15eafc3,1785139050.2550082,3.3061986839281885,-5.256538532307982,2.274344593568194,8.159588292002416,2.5852885246276855,2.58420729637146,2.5998423099517822,0.20594310760498047,0.09798002243041992,1.8769799429195577,55.800122948507315,37.3899892436311,0.687616739582165,0.7260738388389939,train
30618_b15eafc3,1785139067.8401012,3.975132174302805,5.171831264421227,1.8916188877098612,1.1504111265770824,1.9034721851348877,1.9273574352264404,1.9002795219421387,0.09797501564025879,0.0999596118927002,1.1588160288297176,55.80036576244938,37.390680556735994,0.999969416763671,0.007820839937222893,train
30618_b15eafc3,1785139166.416585,7.891433760102998,-6.503027109508845,0.952860447244787,0.841397591262733,0.835761547088623,0.8118736743927002,0.8001313209533691,0.15339398384094238,0.09996294975280762,0.48181324817476673,55.799350755252796,37.39558084115681,0.9393462914367257,-0.34297018057561535,train
30618_b15eafc3,1785139237.134841,4.011098960258064,-9.339418232458598,1.8746570893804557,0.313835407269758,1.6135532855987549,1.6094396114349365,1.5999994277954102,0.18594980239868164,0.09796547889709473,3.9048711941359753,55.79914432251195,37.40158631791554,0.9897245736948643,0.14298695123863264,train
30618_b15eafc3,1785139238.1365616,4.921680309752975,-5.4232908387423935,1.5278186775263678,3.9048711941359753,1.675844669342041,1.6793808937072754,1.6999990940093994,0.18594574928283691,0.14789795875549316,7.984766313516133,55.799150315505294,37.401658253087845,0.989089468439349,0.14731606640949366,train
30618_b15eafc3,1785139240.6298723,7.155976203475661,-6.726434727847785,1.0507909596460314,1.6503697353867668,1.0456929206848145,1.0195353031158447,0.9999995231628418,0.17795825004577637,0.11995720863342285,0.915097403372331,55.79916991554367,37.401900767033666,0.9907782089742936,0.1354936921841421,train
30618_b15eafc3,1785139287.922665,7.035973835920178,5.4318027779644975,1.068712772021124,0.6974104740072723,0.9277374744415283,1.0010223388671875,0.9001071453094482,0.159515380859375,0.09796690940856934,1.760731539198969,55.80093375592752,37.40741464109845,0.36566032479586574,0.9307483692546455,train
30618_b15eafc3,1785139317.9422798,5.043621724721646,-8.660345284187065,1.4908800684233205,0.12294797764038311,1.615553855895996,1.6277856826782227,1.5997633934020996,0.17794203758239746,0.1059727668762207,1.4689446009067315,55.80134340660296,37.40769785417915,0.36945846760134843,0.929247244127021,train
30618_b15eafc3,1785139395.4566574,10.99643900531674,6.798129071770418,0.683806375720243,1.9275525623319847,0.6062288284301758,0.7561323642730713,0.6003468036651611,0.18394112586975098,0.09835672378540039,0.994198053747604,55.8027374186859,37.408660479255964,0.36314943992175996,0.9317309076576306,train
30618_b15eafc3,1785139432.9322019,5.40994955058055,5.857578345066345,1.3899270282931624,-0.151797541780867,1.25164794921875,1.302847146987915,1.2006025314331055,0.17195343971252441,0.12167239189147949,0.8322916739823625,55.805018809613024,37.41020636903633,0.37902126239204176,0.9253879633184899,train
30618_b15eafc3,1785139454.8800726,4.087608703219361,-5.39085344444033,1.8395682287622392,0.5844584332338791,1.5875468254089355,1.588716983795166,1.60044264793396,0.04198956489562988,0.09596729278564453,3.7101038622235487,55.805537542137785,37.4110777955595,0.9999086738619176,0.013514582335427459,train
30618_b15eafc3,1785139464.0655007,8.61720985623346,5.104618035303289,0.8726067053612481,1.307300872443028,0.9017536640167236,0.8975400924682617,0.9002492427825928,0.09796833992004395,0.10358262062072754,1.2807491510674152,55.80543041047498,37.41195547521058,0.9701927703584095,-0.24233445554496497,train
30618_b15eafc3,1785139527.4638033,11.629018358248098,7.057636651765421,0.6466096165994144,5.00477437766243,0.7277982234954834,0.7731385231018066,0.7003364562988281,0.09970498085021973,0.12395977973937988,1.5731389947478953,55.80505427404668,37.41467306332847,0.9687209439519083,-0.24815264002005663,train
30618_b15eafc3,1785139533.474127,14.205041241685144,-9.280522607537984,0.5293497550706387,2.0185877082401587,0.4978621006011963,0.415233850479126,0.5002403259277344,0.10596418380737305,0.0859832763671875,2.476089984344167,55.804884456728836,37.41589936411946,0.9684285024981929,-0.24929146706036218,train
30618_b15eafc3,1785139548.8640313,5.931549966502237,-6.967333251666234,1.2677015526328734,3.637869211434517,1.4133999347686768,1.5174920558929443,1.4004223346710205,0.04411506652832031,0.08396744728088379,1.0090370618199176,55.80449811097855,37.418818174990264,0.9762755588176725,-0.2165318296584624,train
30618_b15eafc3,1785139550.4413846,3.2071294232649072,7.217936745173579,2.3445998304613016,1.5543794877732606,2.2493948936462402,2.27388334274292,2.2006635665893555,0.16395330429077148,0.11597657203674316,0.0,55.804484221402554,37.41892598452957,0.9771649324307452,-0.21248222238017309,train
30618_b15eafc3,1785139659.1990418,14.160319675941931,-5.096696026939981,0.531021564070316,0.13557791469867936,0.4918558597564697,0.6264138221740723,0.49993038177490234,0.12396836280822754,0.10393857955932617,0.04220856098939529,55.804029272198164,37.42253254754643,0.9755344861999032,-0.21984646059168347,train
30618_b15eafc3,1785139660.4866738,14.429866738192308,7.9780097628312925,0.521102186075791,4.375366245927768,0.5098762512207031,0.4565463066101074,0.49993038177490234,0.09796953201293945,0.10998797416687012,-3.564239365685178,55.80399328006084,37.422818847594435,0.974798946067978,-0.2230852185707498,train
30618_b15eafc3,1785139721.9875162,14.312624192356294,-5.257015659578947,0.525370819564321,2.8520594346828942,0.521843433380127,0.5184874534606934,0.4998934268951416,0.08796525001525879,0.10596418380737305,2.057676048376875,55.804519634477685,37.43300782980799,0.9657119382537075,0.25961597083821236,train
30618_b15eafc3,1785139723.2991571,14.245168562096177,-5.324139787957631,0.5278586258404983,2.664647173246719,0.5898258686065674,0.5756800174713135,0.5998721122741699,0.08398127555847168,0.09597921371459961,0.5923229844957335,55.80456367372687,37.43329569276467,0.9650362655474607,0.2621163981482479,train
30618_b15eafc3,1785139883.8983402,3.9953526515684343,5.555266869782591,1.8820454057046727,6.487773262596045,1.905454397201538,1.9164910316467285,1.9001085758209229,0.10398745536804199,0.10997533798217773,3.328173900934662,55.805490133364444,37.45190466604866,0.9916999483404095,0.1285737627264171,train
30618_b15eafc3,1785139901.7953203,3.993169921083375,5.892364037790609,1.88307416179632,0.6532585039175551,2.0194592475891113,1.971076488494873,1.9996716976165771,0.09996700286865234,0.12198543548583984,2.787927701412493,55.80555442370011,37.45276190596244,0.9933897128540805,0.1147905849609952,train
30618_b15eafc3,1785139998.496338,4.598490236749875,5.069527468510715,1.635196491657433,1.684734407131493,1.6475310325622559,1.4688427448272705,1.5997233390808105,0.09397172927856445,0.14595246315002441,1.2229630752375216,55.80847385504621,37.46014525389468,0.5457187893320616,0.8379683782637319,train
30618_b15eafc3,1785140185.6041024,3.651230738786594,10.599463054125335,2.059424791256351,1.091607733132302,1.903468132019043,1.8733952045440674,1.8995394706726074,0.0999608039855957,0.10196352005004883,1.7487013334761903,55.810180177149846,37.46189660792537,0.7947938968515496,0.6068794456294663,train
30618_68d1748a,1785140284.9263823,3.5865276446606105,8.216140153669107,2.0965780406708423,1.9158199922136387,2.31935453414917,2.299962043762207,2.3002219200134277,0.11391186714172363,0.1279590129852295,3.1846788901166425,55.81072488998382,37.461802859802,-0.9999932176000284,0.0036830359681200367,train
30618_68d1748a,1785140285.7101696,3.3586101709462843,8.679979438119947,2.2388531920439467,1.209582271250106,2.1133968830108643,2.1282382011413574,2.1002025604248047,0.09996604919433594,0.0899660587310791,2.400327997633103,55.81072586798735,37.46176034520697,-0.9999551432697493,0.009471612765257162,train
30618_68d1748a,1785140303.709149,3.2366977755525355,5.940334707489374,2.3231811010747565,7.691305000542718,2.20137882232666,2.1977694034576416,2.199749231338501,0.09797811508178711,0.09996342658996582,0.6237976988810231,55.81035876982656,37.46131745556749,0.06103103698269433,-0.9981358687697868,train
30618_68d1748a,1785140308.9096868,3.1831681710893363,5.659003464934416,2.362248771632154,1.1058696415707934,2.3433544635772705,2.3331096172332764,2.2997376918792725,0.08397078514099121,0.13996601104736328,2.7304237058551672,55.81019842974646,37.46133438865569,0.0740685590446796,-0.9972531516927108,train
30618_68d1748a,1785140344.6257098,4.20605522720066,5.123665864651891,1.7877642341512747,1.5794558307057338,1.986006259918213,1.9463045597076416,2.0005581378936768,0.11196327209472656,0.10251998901367188,0.6145315609956357,55.809877336847485,37.46138046907184,0.08423745691864824,-0.9964457089334465,train
30618_68d1748a,1785140524.337556,5.2405335275647245,6.066140658746033,1.4348606038875273,0.8348528600396263,1.3956141471862793,1.360835313796997,1.4002692699432373,0.17995190620422363,0.10596990585327148,0.7385011289204014,55.80564814931642,37.45356903381098,-0.9915090601888336,-0.13003762364583601,train
30618_68d1748a,1785140539.533316,3.8336621414777197,8.821880593101236,1.961423522615355,0.8004181409213155,1.997438907623291,1.9735844135284424,2.0001320838928223,0.09997153282165527,0.09797048568725586,1.3079820027383369,55.80558398657433,37.45271844143696,-0.9902959193441855,-0.13897478954923584,train
30618_68d1748a,1785140748.6289544,10.838176901564262,6.57724501239744,0.6937915085118311,1.3362077970864699,0.723785400390625,0.7027254104614258,0.6999170780181885,0.171950101852417,0.16594815254211426,2.203685698291306,55.80424939780475,37.431030201937894,-0.9642134251691948,-0.2651272726889659,train
30618_68d1748a,1785140759.8997946,7.265823255791776,-6.526975596776463,1.034904764034883,,0.9577655792236328,0.9409639835357666,0.9506092071533203,0.15195727348327637,0.20798254013061523,1.92575073922448,55.80404801906482,37.42973400623284,-0.9650232727633311,-0.2621642291105892,train
30618_68d1748a,1785140796.539569,11.510862947333285,-5.222878091980913,0.6532468622429717,1.2548877759135026,0.6178328990936279,0.617833137512207,0.5999851226806641,0.08598566055297852,0.10997223854064941,0.2664410189814542,55.803914490014954,37.423724439092574,-0.9773138454121184,0.21179624067904942,train
30618_68d1748a,1785140810.721613,9.163599999999999,6.624178837293406,0.8205765312818494,-0.21281071451520342,0.9377343654632568,0.9484055042266846,0.8999779224395752,0.17396259307861328,0.20794320106506348,0.6947113373009521,55.80416773181129,37.421708913781345,-0.9763379975467258,0.21625012033857843,train
30618_68d1748a,1785140867.4477675,14.500178604296307,6.281220591829928,0.5185753436048295,4.118540718427589,0.4958655834197998,0.4764683246612549,0.49993228912353516,0.10594916343688965,0.0979771614074707,-1.041131354902262,55.804781226334526,37.41687809372335,-0.9710414940612082,0.2389108972219067,train
30618_68d1748a,1785140876.1153643,10.824929752450343,6.039996301498434,0.6946405449284552,-1.875757246817558,0.6318058967590332,0.7956807613372803,0.6004552841186523,0.16994214057922363,0.09195494651794434,1.1561706259823437,55.805032475575516,37.41507191770281,-0.9703249797124303,0.2418045362396492,train
30618_68d1748a,1785140879.5244157,8.382514135851036,6.313786206778483,0.8970381654227825,4.926534154433768,0.8137674331665039,0.6954829692840576,0.800238847732544,0.17596173286437988,0.17794346809387207,-0.7118276338655997,55.805101794113455,37.41456896568443,-0.9709798465181354,0.23916132140381322,train
30618_68d1748a,1785140880.3381832,7.725999263287645,5.470213032335557,0.973263761204995,-0.3602069549962359,1.1137030124664307,1.083768367767334,1.1003286838531494,0.17794346809387207,0.16997075080871582,2.5913671960760607,55.80511570920398,37.414468325557195,-0.972384597007967,0.23338422290646282,train
30618_68d1748a,1785140965.3424437,3.025971058410084,5.4205305049532635,2.484965968579105,3.741589599610224,2.5173048973083496,2.578171730041504,2.5009281635284424,0.17594552040100098,0.1939406394958496,0.5670320914954367,55.805478229677234,37.41184916286647,-0.9728383387507372,0.23148556468321219,train
30618_68d1748a,1785140994.8242242,3.697832852125856,-6.103521512884043,2.0334707929622855,,1.8394856452941895,1.8604028224945068,1.8045728206634521,0.16797113418579102,0.1119692325592041,3.24354589935403,55.80552409935404,37.410726705834556,-0.8404385912465677,-0.5419067948858776,train
30618_68d1748a,1785140996.3457854,4.259940583790898,8.004909354526946,1.7651502301853352,3.9538766091810325,1.7295193672180176,1.6980071067810059,1.7042937278747559,0.11995625495910645,0.11796855926513672,5.91443364520449,55.80549297843911,37.410644260586224,-0.8373642174462693,-0.5466453762180717,train
30618_68d1748a,1785140997.1775527,4.3054700200986575,5.134146294314241,1.7464841392350585,-3.421257848829422,1.6795353889465332,1.6158928871154785,1.6994514465332031,0.12195968627929688,0.19594168663024902,2.120463222311331,55.8054752337755,37.41059661115184,-0.8289698129547148,-0.5592933480829404,train
30618_68d1748a,1785140999.2929654,4.399462091409771,-5.482031538462988,1.709171472743572,0.7575559338808684,1.7674987316131592,1.8454067707061768,1.7994194030761719,0.13396573066711426,0.10195684432983398,2.7731039830750066,55.80542007874065,37.41048818711494,-0.6839407767515542,-0.7295375342615901,train
30618_68d1748a,1785141003.6337569,4.9517823384537625,-6.2061408747108615,1.5185310233976002,1.5074626118405583,1.5215868949890137,1.5116219520568848,1.499516248703003,0.17594027519226074,0.09999704360961914,1.5262463613368724,55.80527392889241,37.41032291527123,-0.3702820845519206,-0.9289193602567902,train
30618_68d1748a,1785141035.3569024,9.612266043759282,-5.095892301406468,0.7822749669872393,4.867489074338208,0.8017714023590088,0.8010537624359131,0.7998058795928955,0.14996671676635742,0.09995698928833008,2.5634009788639838,55.80253401842442,37.40846065413034,-0.3629010539956328,-0.9318276798898275,train
30618_68d1748a,1785141206.7690575,7.787493755811458,5.869622105517934,0.9655783154166815,1.443100458595965,1.101701021194458,1.111253261566162,1.0999364852905273,0.09798312187194824,0.0719902515411377,3.7860774708435896,55.79898677484146,37.39766149252144,-0.9787045928164053,0.20527376841689776,train
30618_68d1748a,1785141207.964725,7.017867262713683,30.703756781951622,1.0714701234099324,1.6825769941155313,1.0117204189300537,1.01377272605896,0.9999423027038574,0.09396648406982422,0.11381220817565918,3.0058094436467124,55.799000946701234,37.3975234749884,-0.9673488851128763,0.2534484848462805,train
30618_68d1748a,1785141293.24291,4.4713390005483635,-5.220350101527341,1.6816964898282534,1.849546575296196,1.9314582347869873,1.9307687282562256,1.9430248737335205,0.16195464134216309,0.09596729278564453,1.0321075056508298,55.80003707383463,37.39251069052377,-0.9354885385532073,0.3533570350730041,train
30618_68d1748a,1785141293.848741,5.071219440146294,-6.998354491968425,1.4827666581585424,1.849546575296196,1.325627088546753,1.3226587772369385,1.3371937274932861,0.16390681266784668,0.09596729278564453,1.0321075056508298,55.8000463135006,37.3924666121506,-0.937015707498587,0.34928722264194345,train
30618_095a115b,1785143017.3716962,3.2865660747132126,6.509399296849822,2.2879306032849205,0.6225572655161122,2.5992703437805176,2.7293145656585693,2.6010022163391113,0.10798287391662598,0.08197736740112305,2.618188826164305,55.810508798098304,37.46232916556282,-0.1284351237402597,0.9917179130124777,train
30618_095a115b,1785143055.8249462,3.2457742203127573,-5.140126960624451,2.316684584835292,0.585148574855536,2.571291208267212,2.6019811630249023,2.6002516746520996,0.1239633560180664,0.12796783447265625,2.2209038167641313,55.81020542188847,37.46133241976682,0.06583390772381346,-0.9978305951381788,train
30618_095a115b,1785143294.8042443,3.430084886429472,-5.171405370624979,2.1922008787023546,0.6161071163321742,2.3933424949645996,2.3904666900634766,2.400888681411743,0.10396933555603027,0.09598588943481445,1.5582867035271275,55.80563129779597,37.45312938130977,-0.9909311886620878,-0.13437030675242836,train
30618_095a115b,1785143300.9105456,3.025007290847102,7.602509399918525,2.485757678933945,0.5750858527104192,2.289365291595459,2.2758328914642334,2.300851583480835,0.11397957801818848,0.09996938705444336,0.6192442542046365,55.8056080987388,37.45282162269956,-0.9899696125505834,-0.1412804523861954,train
30618_095a115b,1785143508.2026968,13.753485415921608,-5.027204822696608,0.5467294198276128,2.426685501963452,0.5278353691101074,0.45073580741882324,0.4999969005584717,0.10198402404785156,0.1079707145690918,1.5966540938143783,55.80491351837797,37.43566600046426,-0.9958921451312093,-0.09054741998510171,train
30618_095a115b,1785143524.3241694,14.691640377082285,5.779114934857245,0.5118172585944886,3.9998799250326034,0.48816466331481934,0.46543049812316895,0.500063419342041,0.10396456718444824,0.10625481605529785,0.5659189154794866,55.80442348168482,37.432055334265364,-0.9680171352174327,-0.25088408862547423,train
30618_095a115b,1785143525.1319509,14.219912402755162,5.814913510750423,0.5287961619649243,2.0188711320445663,0.47586941719055176,0.34343528747558594,0.500063419342041,0.2179121971130371,0.10596203804016113,1.9086492475880916,55.80439564806075,37.43187666929185,-0.9676230522552451,-0.25239973998449994,train
30618_095a115b,1785143685.2332675,14.413360312805475,-7.91256069266246,0.5216989611627034,,0.48786401748657227,0.41413426399230957,0.5000894069671631,0.12147879600524902,0.09996700286865234,-0.9074502508260266,55.80486655441001,37.416267069718494,-0.970363891876328,0.24164833403652142,train
30618_095a115b,1785143809.8204963,8.222658990394129,5.783709396522989,0.9144773133409406,3.7297161832018513,0.9057443141937256,0.9397809505462646,0.8954148292541504,0.09796953201293945,0.09995651245117188,0.26937910964057327,55.8053703764303,37.41262864904773,-0.9704934483735792,0.24112749047746265,train
30618_095a115b,1785143849.8253274,4.25817469619556,-9.162083554621372,1.7658822473330056,7.330141427030225,1.7915174961090088,1.7893548011779785,1.8020997047424316,0.10596442222595215,0.10198068618774414,6.9451400691271425,55.8054907839848,37.41063851965449,-0.8415084856047182,-0.5402438973790021,train
30618_095a115b,1785143850.2252128,4.296167012373936,5.63093140666477,1.7502660116323863,3.86571920142317,1.9994652271270752,1.9578332901000977,2.0022099018096924,0.07997727394104004,0.0780034065246582,10.284739620476612,55.80548249503248,37.41061557091381,-0.8359743617828626,-0.5487684998628617,train
30618_095a115b,1785143850.7170866,4.2301204825596646,-7.899491362069891,1.7775936011884728,6.9451400691271425,1.7974872589111328,1.7965190410614014,1.8000578880310059,0.09997701644897461,0.09996724128723145,9.982462406240197,55.80547176408535,37.41058804732137,-0.8067027631957405,-0.5909574027392811,train
30618_095a115b,1785144200.4154906,3.96653357175214,-5.235701014402833,1.8957195158020024,2.4523771097481086,1.9374520778656006,1.9747579097747803,1.8999295234680176,0.16596102714538574,0.09596133232116699,2.049568816638914,55.800031237200706,37.39253831352538,-0.9316660567450967,0.3633157837323369,train
30618_095a115b,1785144256.363867,3.047285219738169,-5.02909770925099,2.4675849353873227,1.4922124896148767,2.6892642974853516,2.6892642974853516,2.700134038925171,0.10395073890686035,0.1898798942565918,4.241390442748501,55.80039270108392,37.39079760400472,-0.9819340398095407,0.18922352248944957,train
30618_095a115b,1785144262.9540243,3.0091267958896597,-5.161815809308165,2.498876123241329,1.9419551839541445,2.7912421226501465,2.751277446746826,2.8001387119293213,0.10395526885986328,0.0979759693145752,4.054070917484392,55.800392255097556,37.39050196037398,-0.988606034773643,-0.15052610407877673,train
30618_7b4d83f4,1785144825.7949905,3.1553487757194287,7.400085308277248,2.383075734738674,3.280403968516756,2.0814132690429688,2.061199188232422,2.093959331512451,0.1219644546508789,0.10396504402160645,4.310165306551537,55.799951529761245,37.38976088412213,0.44322399403235085,0.8964108941294782,train
30618_7b4d83f4,1785145041.9546661,11.807480308990772,5.440248237273791,0.6368365565961351,,,,,,,0.25651894863910274,55.79935171320415,37.40407817942664,0.9895900625292612,0.14391493370506328,train
30618_7b4d83f4,1785145132.7573438,4.215225029206303,-7.296010590673957,1.78387513120983,2.647753528669434,1.7354986667633057,1.7290987968444824,1.744354009628296,0.15796661376953125,0.09597492218017578,1.3939296973913522,55.80209384613794,37.40821667440448,0.36161124968770003,0.9323289677465245,train
30618_7b4d83f4,1785145142.1007252,10.912195822435633,5.058352557550016,0.6890854255560815,2.561682434653125,0.589850902557373,0.5476527214050293,0.5999164581298828,0.09997057914733887,0.09798908233642578,-1.2723200913030612,55.80274289581479,37.40866374740254,0.36081261176581375,0.9326383324690939,train
30618_7b4d83f4,1785145186.5943062,3.493619092578023,-5.645775888475584,2.152333984557426,3.0533678421917996,2.195399761199951,2.1691393852233887,2.202393054962158,0.0999748706817627,0.07999229431152344,2.8415009168060266,55.805272735529506,37.41038093923863,0.4235760788008772,0.9058605331217787,train
30618_7b4d83f4,1785145199.0008428,4.1058651503230585,-5.590121935434352,1.8313887151073893,3.378563281544166,1.899482250213623,1.9182155132293701,1.9000117778778076,0.09997296333312988,0.0939939022064209,1.93172019317615,55.805529873675724,37.41093442068537,0.9773977527470336,0.2114086869668522,train
30618_7b4d83f4,1785145302.59793,7.698670238180388,5.713296143942297,0.976718688996816,2.9154188827869665,0.9977152347564697,0.9777326583862305,0.9999778270721436,0.10397100448608398,0.0999605655670166,0.5916252718774052,55.80504353334612,37.4147514625164,0.9765009841614711,-0.21551294144825295,train
30618_7b4d83f4,1785145361.6034596,6.938650722049634,-5.035487347653258,1.0837027836203232,1.8887516935266075,1.0997014045715332,1.096891164779663,1.1001088619232178,0.0959780216217041,0.0899810791015625,0.40850618304536385,55.804817388692975,37.416383165098935,0.9714503273398453,-0.23724304312520428,train
30618_7b4d83f4,1785145415.70636,6.409052828839139,5.900792211845576,1.17325216422289,6.546562647743131,1.0976982116699219,1.0943152904510498,1.1002459526062012,0.09795355796813965,0.057982444763183594,2.3213198072020353,55.804360389619085,37.41991321241256,0.9753826169084895,-0.22051927496875887,train
30618_7b4d83f4,1785145423.710122,12.795692773525978,7.1538694437208274,0.5876536140045429,2.774080957004817,0.5158569812774658,0.46251559257507324,0.5001118183135986,0.10396909713745117,0.0919644832611084,1.4696332464717283,55.80420703810753,37.421129269616486,0.9737515835173138,-0.2276133862441394,train
30618_7b4d83f4,1785145426.4193969,13.91550857592447,-5.621841703187065,0.5403636569247563,4.253313325613585,0.4998362064361572,0.4699106216430664,0.5001118183135986,0.11798715591430664,0.10997629165649414,0.06914425634886764,55.80413591667239,37.42169909031833,0.9809924262656037,-0.19404602446204366,train
30618_7b4d83f4,1785145427.321123,14.19373262586695,-5.842738474456373,0.5297715055129882,-0.8344470368034461,0.5898301601409912,0.6108977794647217,0.6001341342926025,0.10997748374938965,0.10796356201171875,2.0969773004836605,55.80410981485709,37.42189657362621,0.972928179896826,-0.2311076735261065,train
30618_7b4d83f4,1785145428.6067584,14.404879844360574,5.241715766004469,0.5220060967740852,7.686511108767845,0.5038638114929199,0.5112853050231934,0.500065803527832,0.09796333312988281,0.08797454833984375,2.990573057393425,55.804074229188416,37.4221838483318,0.9780820935311137,-0.20821963959673354,train
30618_7b4d83f4,1785145430.9123976,14.278198769758959,5.544306768169572,0.5266375138284544,-6.271361080539795,0.5055892467498779,0.5351629257202148,0.500065803527832,0.10424041748046875,0.10561919212341309,0.44298142543619623,55.8040091282486,37.42269854941035,0.9727926038399519,-0.23167768540428368,train
30618_7b4d83f4,1785145431.5199735,14.40742196552464,-8.556293163009057,0.5219139912780737,3.6071073566188727,0.5158376693725586,0.4562244415283203,0.500065803527832,0.10198664665222168,0.09998011589050293,1.1186587981550298,55.80399198496142,37.422834636722826,0.9730406331781113,-0.23063374901418965,train
30618_7b4d83f4,1785145521.610809,14.403432366706324,-6.192289370063332,0.5220585559477894,0.644717047360044,0.5198509693145752,0.5292580127716064,0.5001437664031982,0.07798576354980469,0.10197210311889648,0.5535220709335846,55.804564751696084,37.43328694646013,0.966554480478201,0.25646137383145046,train
30618_7b4d83f4,1785145641.0454671,3.831364015449539,5.088209821350875,1.9626000222722477,1.5532537854462691,1.6835412979125977,1.6618287563323975,1.7000272274017334,0.10196757316589355,0.10395550727844238,1.3883930520876493,55.805431196165145,37.4507073955801,0.9971982195818977,0.07480448424187736,train
30618_7b4d83f4,1785145656.7430937,4.157707188327015,-5.176394725950421,1.8085533111051135,2.4173865913545476,1.801494836807251,1.9187862873077393,1.7999327182769775,0.12795114517211914,0.10596942901611328,4.952984144138985,55.80548365562854,37.45179494304301,0.9930920384539502,0.11733798685582594,train
30618_7b4d83f4,1785145658.036737,4.048408440025749,7.243877916932664,1.8573805517524629,4.519430038479225,1.8974676132202148,1.8888978958129883,1.8999290466308594,0.09397459030151367,0.10397601127624512,6.348317556212359,55.8054920765775,37.45190390827989,0.9914163137281324,0.13074285018203247,train
30618_7b4d83f4,1785145658.4386191,4.026703335479103,5.280616905821814,1.8673923742533869,4.714368586845272,1.8054914474487305,1.777782678604126,1.7999327182769775,0.0939784049987793,0.09195995330810547,,55.80549613436953,37.45192957992211,0.9921220461892208,0.12527507918701739,train
30618_7b4d83f4,1785145759.4364302,8.616021951219512,-5.460071384148719,0.8727270130724368,0.620856091346096,0.9057559967041016,0.9080488681793213,0.9000599384307861,0.09397006034851074,0.09998226165771484,1.2634915828732167,55.80619421067145,37.45706639176324,0.8290893333882713,0.5591161572176144,train
30618_7b4d83f4,1785145844.0548246,3.097609667882603,-6.595130185052347,2.427496007653646,3.7984861664061813,2.1933767795562744,2.1862876415252686,2.1997272968292236,0.09996891021728516,0.10397100448608398,2.094738970318169,55.80957904529778,37.461440928734355,0.32240987794516845,0.9466001640626213,train
30618_7b4d83f4,1785145845.7523453,3.6092739575137687,8.052028813885382,2.0833650176098244,2.131700412130384,2.387343645095825,2.41028094291687,2.399702548980713,0.10797548294067383,0.08798480033874512,2.1332201028744775,55.80963173259121,37.46145864494238,0.07180037426957157,0.997419022404701,train
30618_87afe526,1785145990.909834,3.323606647116325,5.255231819645142,2.262432321399548,2.7781645967130495,2.239372730255127,2.2154688835144043,2.2423489093780518,0.15395569801330566,0.08997678756713867,0.586651126559501,55.81071208317089,37.46205907518116,-0.9118456909098881,0.4105331119033745,train
30618_87afe526,1785146020.7535043,3.1267128173950365,9.245243662375223,2.4049011025959954,0.33245820006754123,2.19338321685791,2.168579339981079,2.200272560119629,0.10398149490356445,0.1019735336303711,2.4101592843459536,55.810192329985824,37.46133719989003,0.07300935776129826,-0.9973312557416831,train
30618_87afe526,1785146067.5504375,4.101486875044703,6.71328760716769,1.833343694894159,0.8776657789938384,1.7075273990631104,1.6952502727508545,1.6999530792236328,0.10196161270141602,0.10796761512756348,3.572508481426563,55.809695016831114,37.46139801707946,0.03796863074794987,-0.9992789315697224,train
30618_87afe526,1785146068.4501994,3.8168764227642273,5.671197591057016,1.9700493988245733,3.572508481426563,2.0014376640319824,1.9848554134368896,1.9999449253082275,0.10197734832763672,0.09998202323913574,3.2875210071141208,55.809663032286075,37.46139723910871,-0.0520190535360071,-0.9986460925018522,train
30618_87afe526,1785146098.4498174,3.5295127840164033,5.653524809613654,2.130445634339827,0.23772246545607337,1.905487060546875,1.8548755645751953,1.8998265266418457,0.10397887229919434,0.10199666023254395,1.3055036895408696,55.80894021897763,37.46063094122713,-0.5618782282696255,-0.8272199565995653,train
30618_87afe526,1785146267.8545334,5.742449363542513,8.664182827474647,1.3094473500791342,0.8885504187981168,1.4995880126953125,1.5150885581970215,1.500572919845581,0.12795138359069824,0.09598040580749512,0.3325193385007677,55.80548516681968,37.45120185850122,-0.9966806768518506,-0.08141024745163955,train
30618_87afe526,1785146442.967657,14.505204582409458,-5.146409815645705,0.5183956599394134,1.882127071086763,0.4978601932525635,0.3991100788116455,0.5000290870666504,0.09395813941955566,0.07198429107666016,1.0644472829464737,55.804443178367904,37.43229224479222,-0.9678958028367124,-0.2513517751102548,train
30618_87afe526,1785146479.887354,4.746295347744921,-5.493697818343585,1.584274587047563,2.905276855946968,1.487586259841919,1.4812300205230713,1.4993977546691895,0.1259603500366211,0.11142396926879883,1.2163111972055045,55.804053774744176,37.4297856245364,-0.9653082397882561,-0.26111300656401326,train
30618_87afe526,1785146489.3687258,10.645679489594237,-5.181741194069449,0.7063367922549545,3.807536960846102,0.7117965221405029,0.7512021064758301,0.700211763381958,0.09998369216918945,0.10797333717346191,4.058605453847548,55.803849487018695,37.42847026733996,-0.9623417860253973,-0.2718423934368006,train
30618_87afe526,1785146518.546567,9.087758038290062,-5.043875473093662,0.8274246596764805,2.1604292708311843,0.7418005466461182,0.727128267288208,0.7001049518585205,0.16395115852355957,0.10197973251342773,0.6639910827443992,55.803768358355626,37.425791190377296,-0.999548103859631,0.03005974169243984,train
30618_87afe526,1785146532.5746448,14.038860088691797,5.423176913855261,0.5356157875033747,6.182208596322841,0.5078673362731934,0.5228660106658936,0.5000450611114502,0.09597277641296387,0.09998846054077148,2.615167137497494,55.803985064314936,37.423145945141066,-0.9748071885791767,0.22304919882026367,train
30618_87afe526,1785146626.78835,14.471582492907041,5.358418999459534,0.5196000579577151,6.148948515536312,0.495868444442749,0.5094850063323975,0.4999997615814209,0.08797287940979004,0.0959768295288086,0.6574828165591212,55.8047808477667,37.416878386796995,-0.9713045526271739,0.2378391600340986,train
30618_87afe526,1785146629.501591,14.539822683165246,-5.621746754435939,0.5171614032652984,1.2840618751719821,0.4718635082244873,0.4666433334350586,0.48163485527038574,0.09996628761291504,0.08997225761413574,-0.5845412400128206,55.80486615193748,37.41626800098255,-0.9700732487711341,0.24281246265094678,train
30618_87afe526,1785146723.695303,4.402013613681392,8.502996709053555,1.7081807922365488,7.597911546384884,1.7974879741668701,1.7575745582580566,1.8001484870910645,0.10596466064453125,0.1059575080871582,3.49535700073576,55.805474517262624,37.410595315636364,-0.820357642842517,-0.571850800322837,train
30618_87afe526,1785146725.3868334,4.238341674541104,-5.179250717181903,1.7741455690611594,5.002009090950003,1.9054605960845947,1.9918348789215088,1.9001569747924805,0.09998202323913574,0.09197878837585449,1.979540403621894,55.80543230025534,37.41050914014236,-0.7134706881328453,-0.7006850770319318,train
30618_87afe526,1785147124.4574265,3.0493272298118876,-5.236525068385411,2.4659324944008145,2.863710162356058,2.1433959007263184,2.0795443058013916,2.1574409008026123,0.13397216796875,0.06998467445373535,2.4514418897513264,55.80039454848855,37.390536917268165,-0.995048912176179,-0.09938642954147633,train
30618_87afe526,1785147124.8073304,3.1122199122144045,-5.967672248588533,2.4161001838408427,1.123908231917774,2.3273391723632812,2.349764823913574,2.2998054027557373,0.1039726734161377,0.12796282768249512,2.4514418897513264,55.80039354969309,37.39051967834137,-0.9960712498019303,-0.08855543641143834,train
30618_0e41eac3,1785151813.9976432,3.459212109291181,6.062140663036304,2.173742131006573,1.8007077451079174,2.297351598739624,2.1886825561523438,2.300171136856079,0.1079714298248291,0.10797667503356934,2.8104007053191027,55.81072471320862,37.46175875236311,-0.9998453272375445,0.01758754108019865,train
30618_0e41eac3,1785151837.8969893,3.104782793832597,-6.704045700221066,2.421887649271669,1.3265574308490204,2.5013086795806885,2.513033866882324,2.500016927719116,0.09967041015625,0.09996438026428223,1.9180891193829572,55.810188166397204,37.4613381258947,0.08170065447379574,-0.9966569134153204,train
30618_0e41eac3,1785151873.4071195,4.304440288009918,-5.722462302422062,1.7469019428611547,1.2789098931105776,1.7815055847167969,1.8077125549316406,1.799931526184082,0.1139683723449707,0.0979611873626709,1.1122886450086142,55.8098516739628,37.46138181395189,0.07495398509447886,-0.997186993556603,train
30618_0e41eac3,1785151916.7590714,9.079299217986314,-6.683199276876283,0.8281955381708501,3.7066543786629444,0.8437609672546387,0.8794524669647217,0.8409898281097412,0.15196752548217773,0.10797739028930664,2.736812004452935,55.809283170892556,37.461037942106216,-0.5506074373123524,-0.8347643080392955,train
30618_0e41eac3,1785152117.5032535,3.412577049805688,-5.353689128141,2.2034477148237603,0.5621369543999655,2.1954100131988525,2.185683250427246,2.2001309394836426,0.08797240257263184,0.0939791202545166,1.1625097939462243,55.80558630836127,37.45275008744371,-0.9912962839406563,-0.13164982888498544,train
30618_0e41eac3,1785152153.609215,4.2015017392610465,5.445087884275973,1.7897017706285325,1.6901036030782175,1.8075072765350342,1.7830443382263184,1.8002285957336426,0.10797309875488281,0.09798002243041992,3.9762303270021904,55.80549006761628,37.45137351726509,-0.9959362456459431,-0.0900610604460312,train
30618_0e41eac3,1785152331.743686,14.323283303530983,5.394205248792342,0.5249798487334715,3.674646341035937,0.4680194854736328,0.51662278175354,0.49993157386779785,0.13190793991088867,0.0881192684173584,0.5036610867585405,55.80444217150433,37.43228577088251,-0.967740532419972,-0.25194892718864464,train
30618_0e41eac3,1785152372.954233,9.588952321007081,5.25363978476196,0.7841769205151939,1.977016246676869,0.7917768955230713,0.7654266357421875,0.8000156879425049,0.2239370346069336,0.12795782089233398,1.9250274039172248,55.80385229617871,37.42848800136258,-0.9631743281253524,-0.26887769271599304,train
30618_0e41eac3,1785152393.2166061,13.047353923181463,5.960409791624031,0.5763187805225733,1.2388895046836554,0.5358321666717529,0.36841583251953125,0.5000567436218262,0.10197186470031738,0.1339550018310547,1.2533413672115299,55.803785072760014,37.42527007916289,-0.9972891164505813,0.07358273037349819,train
30618_0e41eac3,1785152404.0435865,13.851795770450373,-6.193316019523145,0.5428491169423204,1.444023764977065,0.4938545227050781,0.4167811870574951,0.500171422958374,0.12396574020385742,0.09797239303588867,3.269234365366245,55.803996303560524,37.4230411348571,-0.9742586284552541,0.22543319383020563,train
30618_0e41eac3,1785152660.954147,4.325668235462413,6.481040381578767,1.738329130377824,9.912129623113612,1.78550386428833,1.8138177394866943,1.8000261783599854,0.11196708679199219,0.10397028923034668,5.9274386077636345,55.805474788705276,37.410594967971356,-0.8198403120718686,-0.5725922307383337,train
30618_0e41eac3,1785152715.2370675,7.073326099706745,5.15789236716399,1.063069197723841,2.899385759873042,1.0057055950164795,1.062445878982544,1.0000808238983154,0.18996691703796387,0.09197235107421875,1.4463573518120025,55.802892272440296,37.40870611981485,-0.35735966761421933,-0.933966845215961,train
30618_0e41eac3,1785152733.2060595,3.826213062966407,7.9613563035777775,1.9652421280023142,1.4343476411704899,1.8394882678985596,1.8441355228424072,1.8002867698669434,0.16995787620544434,0.10397577285766602,3.2017515844554088,55.80170871513126,37.407892069705746,-0.3737710108277182,-0.9275210140286988,train
30618_0e41eac3,1785152779.4072132,4.266862303602508,-7.180680600785026,1.7622867969528104,0.24404487257686705,1.6295433044433594,1.6222212314605713,1.5997276306152344,0.16794490814208984,0.09596514701843262,2.8767328545277513,55.80156170954032,37.40778979789836,-0.3664900540115476,-0.9304219689531266,train
30618_0e41eac3,1785152804.8381305,3.2700564860489565,-5.409745888093139,2.2994817166414476,0.7021898307970067,2.2014060020446777,2.223817825317383,2.200343132019043,0.09796547889709473,0.09597063064575195,-0.0,55.79989311495858,37.40641047147956,-0.7154673608950527,-0.6986461590060224,train
30618_0e41eac3,1785152871.9214988,5.488810857592447,5.043265298822662,1.369957044822018,0.44844627509923496,1.317629098892212,1.3402817249298096,1.3001389503479004,0.17596220970153809,0.09796309471130371,1.6721414137537414,55.79927913175006,37.402854836168636,-0.9893412964421858,-0.14561524354989494,train
30618_0e41eac3,1785152994.2274745,5.981276475216365,-5.448548130964888,1.2571622684909156,1.405045506646538,1.4256134033203125,1.4005539417266846,1.4001977443695068,0.1739482879638672,0.10198616981506348,0.25265577405748446,55.79938366238252,37.39558116391551,-0.9376074454761223,0.3476956689228962,train
30618_0e41eac3,1785153012.6283674,6.1827877076324835,5.395917947114941,1.2161884666963116,3.6000583553414574,1.221653699874878,1.2006349563598633,1.200380563735962,0.17196416854858398,0.10196709632873535,2.397880253238608,55.79993457997037,37.39299297233555,-0.936935773013621,0.3495015840412866,train
30618_0e41eac3,1785153055.030579,4.372644045490309,5.8097339672786985,1.7196540637259197,1.0582483117664199,1.9214646816253662,1.9105279445648193,1.9006400108337402,0.15395402908325195,0.17995715141296387,2.793054031987736,55.80025147227755,37.39150264705524,-0.9345264821314534,0.35589359954206884,train
30618_68847170,1785153488.510053,3.2722698304842286,-7.2213424000748745,2.297926360474262,5.920547690708848,2.577286958694458,2.5387492179870605,2.6003851890563965,0.1059420108795166,0.09598517417907715,1.974509239373067,55.80012282139319,37.38998852045152,0.6867098206259947,0.726931648957324,train
30618_68847170,1785153505.5135186,3.9861870085592352,-6.441371322540787,1.8863728886548585,1.412297629657528,1.783296823501587,1.6838493347167969,1.800398588180542,0.11416864395141602,0.09996557235717773,2.837360407123671,55.80036541845719,37.390654343419165,0.9978894053369506,0.06493638976927518,train
30618_68847170,1785153567.3561163,6.669769080015545,5.5314015725725305,1.1273906205515631,1.16453198606051,1.0417115688323975,0.9215741157531738,1.0448014736175537,0.15994501113891602,0.1019749641418457,3.3148939664973485,55.79956007207911,37.39459648340909,0.9382489204744362,-0.34596092731485584,train
30618_68847170,1785153639.2201457,10.983560668049495,-5.212470321224462,0.6846081456924921,3.892994804474552,0.6898016929626465,0.681643009185791,0.700070858001709,0.11997151374816895,0.04998493194580078,0.6773673349618825,55.798944590760954,37.399122812746505,0.9926722027737593,0.12083831279975892,train
30618_68847170,1785153882.8983698,7.80243466744232,5.010709590618099,0.9637293258514736,1.364691035452315,0.9057307243347168,0.8471074104309082,0.8999080657958984,0.10198068618774414,0.0917661190032959,2.6131573761627167,55.80540264285107,37.41215776228693,0.9715149731730662,-0.2369781781104254,train
30618_68847170,1785153935.809637,12.27385484143995,5.329034424315346,0.6126384252701643,7.656502348232918,0.6038303375244141,0.6248152256011963,0.5999472141265869,0.08597683906555176,0.07197237014770508,2.00989089712672,55.80505440406196,37.414672902063394,0.9702320760564109,-0.24217703976898117,train
30618_68847170,1785153954.2085183,9.163033674272226,5.239253700689637,0.8206272474112222,2.9542852104739485,0.7058053016662598,0.7112195491790771,0.6990771293640137,0.09995460510253906,0.10796236991882324,2.324572083018532,55.804544866083376,37.418453586417186,0.9742873138017187,-0.22530918792856885,train
30618_68847170,1785153957.3156586,4.919572592393028,5.764420286027069,1.5284732486072892,-0.379406796927195,1.721522569656372,1.7289965152740479,1.7002980709075928,0.10196423530578613,0.22536945343017578,2.436051258134502,55.804502161747266,37.41879119111704,0.9760060199519873,-0.21774353955394626,train
30618_68847170,1785153969.4322827,3.7838423932479794,-5.0093458695677855,1.9872484951995613,0.27885659533309165,1.8834865093231201,1.879420280456543,1.9003331661224365,0.11796188354492188,0.10197067260742188,1.0279028742663219,55.80444736484864,37.41922192832308,0.9761742359747689,-0.21698815870705043,train
30618_68847170,1785154001.4093864,12.856750904799371,5.0089031472556425,0.5848627820305191,2.798048931346609,0.645827054977417,0.5956137180328369,0.6001424789428711,0.0679781436920166,0.13996171951293945,1.6387391039527506,55.80420868425658,37.421116733192285,0.9739481755449733,-0.2267707021478262,train
30618_68847170,1785154008.715359,14.297143575805261,6.210311204044427,0.5259396789425356,-0.26357188848196594,0.4998588562011719,0.5284287929534912,0.5001184940338135,0.10195541381835938,0.06598567962646484,-0.03727181193489911,55.804007821689034,37.422708234664945,0.9735557691819816,-0.22844947864348514,train
30618_68847170,1785154071.7218354,14.357759516486661,6.378903246571787,0.5237192539281614,2.3702233607142356,0.4958510398864746,0.4654843807220459,0.5000944137573242,0.10597753524780273,0.09196877479553223,0.09920439433362269,55.80455476005143,37.43321999068044,0.96522590017328,0.2614172175559235,train
30618_68847170,1785154072.6315882,14.378054123324217,5.876596322349064,0.5229800248043478,2.7766287473797058,0.48386192321777344,0.4666116237640381,0.5000944137573242,0.08599424362182617,0.09398293495178223,0.9355810585656129,55.804585885434854,37.4334208983458,0.9661816834222827,0.2578622783954329,train
30618_68847170,1785154080.7393262,13.707898934267934,-5.147144708925696,0.5485476029631908,1.0809628927621884,0.5058605670928955,0.3978750705718994,0.49997997283935547,0.08797669410705566,0.11796045303344727,1.153857476709466,55.804832128491526,37.43517782092248,0.9865562564823273,0.16342200829624073,train
30618_68847170,1785154342.1446154,4.033307683504558,-5.205446400463815,1.8643346087399626,4.2295178289242745,1.9034464359283447,1.963083028793335,1.9001178741455078,0.10198378562927246,0.08997559547424316,3.053725364160504,55.80548809405164,37.451860892510936,0.9893839069832994,0.14532544375456757,train
30618_68847170,1785154342.5564947,4.00792787831104,-8.567816905441914,1.8761403224708422,-1.1691092658810855,1.7834904193878174,1.7176196575164795,1.8001117706298828,0.11797690391540527,0.10196399688720703,3.053725364160504,55.805490047745856,37.45188696805905,0.9921383143523722,0.12514617530725147,train
30618_68847170,1785154346.0555193,4.094331163722194,9.591083768195443,1.8365478514977684,0.6535119772382799,2.0914087295532227,2.080148696899414,2.100130081176758,0.11596155166625977,0.10397005081176758,2.2275580300821254,55.8055068995846,37.45210988512333,0.988961911986103,0.1481699586312673,train
30618_68847170,1785154427.3408973,3.631411564715054,-5.621013988787793,2.0706645248138877,0.8202963813899482,1.8694782257080078,1.8966052532196045,1.8998117446899414,0.08996748924255371,0.16196060180664062,1.7371652382530438,55.806189910959475,37.457054678114204,0.8334949464792666,0.5525270800544753,train
30618_68847170,1785154473.1481466,8.739743352303478,5.895611492791041,0.8603725302840277,-3.5640596368445587,0.8997516632080078,0.9783792495727539,0.899975061416626,0.09795761108398438,0.08996391296386719,-0.4848496644883859,55.80862360804852,37.460322773409864,0.5559425783497399,0.8312206984777527,train
30618_68847170,1785154474.1538734,7.431795360857924,5.106688831002476,1.01179253961405,1.6392253233702467,0.9037437438964844,0.8153743743896484,0.8999748229980469,0.10597515106201172,0.11396932601928711,1.961282024289984,55.80868346519154,37.460394041006005,0.5548092219998998,0.8319776001695395,train
30618_68847170,1785154477.1450486,3.2482289721074507,-5.760727743736517,2.314933819821127,2.8833848480615965,2.3013455867767334,2.2185897827148438,2.30022931098938,0.09398794174194336,0.09796404838562012,1.7678450239046282,55.80879901286697,37.460531587066484,0.5566929294849247,0.8307183531507492,train
30618_68847170,1785154551.4443588,3.5108591660110147,12.294695399579853,2.1417649488338273,0.1656743220363342,2.405331611633301,2.382417678833008,2.399602174758911,0.09996414184570312,0.10196995735168457,0.46240039743629446,55.8096305356577,37.46145820729677,0.05924644635775367,0.9982433864514094,train
30618_68847170,1785154602.3461924,3.0184619234152934,-7.641597673577829,2.4911479067280573,0.49972713936280616,2.599273681640625,2.6097724437713623,2.600346565246582,0.1019582748413086,0.09595894813537598,4.675684917331601,55.81002684787144,37.46161429439059,0.6752363962477541,0.737601389086508,train
30618_68847170,1785154610.4479537,3.614122780916959,7.32573498418339,2.0805699080722864,0.6955150023194357,2.0074305534362793,1.9717180728912354,2.0002667903900146,0.09997010231018066,0.10197234153747559,0.35453396671265214,55.810175571799014,37.46189161676785,0.7869332692463566,0.6170381104544851,train
30618_49fe4c54,1785154714.8488896,3.0537998168947937,-5.270526117885059,2.4623208962335874,0.7616095703507418,2.601297378540039,2.636141061782837,2.600066661834717,0.09196043014526367,0.09998822212219238,2.166954370854154,55.81052619518509,37.46232319210504,-0.17727031299040352,0.9841622001135201,train
30618_49fe4c54,1785154753.352175,3.26782624555648,-5.290718525401491,2.301051077081935,0.5518754205540188,2.495310068130493,2.526916027069092,2.500230312347412,0.10197663307189941,0.09797930717468262,1.0735445476775296,55.810202153385106,37.46133564917077,0.07143161623528065,-0.9974454993642587,train
30618_49fe4c54,1785155231.049426,4.756494990820876,7.556351846645639,1.5808773301696781,0.6841199399760174,1.4852335453033447,1.4659676551818848,1.4502277374267578,0.09676814079284668,0.08816814422607422,2.4641807842361736,55.805055851327765,37.44011255499881,-0.9850337128496183,-0.1723617839014668,train
30618_49fe4c54,1785155363.194433,3.183408341300476,5.303952613636646,2.362070553280808,4.029871868835018,2.103419303894043,2.19539737701416,2.100945234298706,0.0979611873626709,0.10997724533081055,0.0,55.80374611467351,37.42736622336103,-0.9996696779475955,-0.025700875318766105,train
30618_49fe4c54,1785155442.7422917,7.159485430226737,-5.077966042217127,1.0502759137280928,2.744401953987801,1.063694715499878,1.0406677722930908,1.100085973739624,0.1199791431427002,0.10996079444885254,0.7044465236565022,55.80416145568587,37.42174434114476,-0.9767620712792213,0.2143265175155081,train
30618_49fe4c54,1785155694.5123239,4.319313353837352,6.36760477925448,1.7408866840776809,2.990067426785367,1.6973803043365479,1.684131145477295,1.7001733779907227,0.09811830520629883,0.06996989250183105,1.2331013051774182,55.8054373154472,37.41051827969264,-0.7256012777580776,-0.6881153869198431,train
30618_49fe4c54,1785155694.9180605,4.367237534272704,5.7283031679566685,1.7217829447205921,6.118263599417852,1.8234968185424805,1.8456473350524902,1.8001835346221924,0.11595797538757324,0.10997176170349121,2.039713625919724,55.80542599571532,37.41049863833399,-0.6978773318799599,-0.7162173061635054,train
30618_49fe4c54,1785155991.0055943,5.915244879956131,6.874496667299733,1.271195910677179,,,,,,,0.5094711703618273,55.80014980550938,37.391980100787904,-0.9342995074735885,0.3564890325586608,train
30618_49fe4c54,1785155999.737157,4.230655861526357,7.28351816460103,1.7773686511437152,1.2275873980444119,2.0074472427368164,1.979598045349121,2.0003201961517334,0.08796024322509766,0.08997631072998047,1.7821371125442342,55.800268518465465,37.3914211280858,-0.9348608351237585,0.35501439259797474,train
30618_49fe4c54,1785156002.442411,3.8015714851107454,-5.215771827900443,1.9779807196852703,3.994473862802816,1.6955337524414062,1.6572933197021484,1.7002720832824707,0.1079707145690918,0.09597301483154297,0.5078753197682302,55.80030301604215,37.39125979395808,-0.9307456295395579,0.36566729836425343,train
30618_ab5921a4,1785164977.4498556,3.2005447893569845,5.759794032347246,2.349423487857225,2.3155464950663327,2.5013177394866943,2.4609038829803467,2.500319480895996,0.09394979476928711,0.09396886825561523,2.3450373629575587,55.8107250365223,37.46180421319888,-0.9996881307680805,0.024972809241678707,train
30618_ab5921a4,1785164978.0557077,3.1430867606036768,5.4423154942614245,2.392372745259547,1.8964004988111018,2.4992971420288086,2.5060312747955322,2.500319480895996,0.09797501564025879,0.10397911071777344,3.4788110571118036,55.81072505891142,37.46177377958322,-0.9997705529511736,0.021420584765708097,train
30618_ab5921a4,1785164996.7505038,3.349595717998236,5.17321269534066,2.244878407758436,1.0504587504360805,2.4933032989501953,2.452432870864868,2.499866008758545,0.18793296813964844,0.08197188377380371,1.8873243302595188,55.810370292224135,37.46130566514221,0.10428644432945329,-0.9945473028112438,train
30618_ab5921a4,1785165055.2242644,12.150779543666406,5.892227524467202,0.6188438424902425,0.5381697721564299,0.6278254985809326,0.6067779064178467,0.6001176834106445,0.1639564037322998,0.0979762077331543,1.9801584666273215,55.80777414452301,37.45923990338995,-0.5590307701345412,-0.8291469098071715,train
30618_ab5921a4,1785165102.4751368,3.4527185513673317,-9.776645070801818,2.1778303068104226,0.9506599050225089,1.987452507019043,1.909522533416748,2.0006279945373535,0.10796093940734863,0.09996461868286133,1.4188606776223234,55.80706020948518,37.45840551451776,-0.5320254197340801,-0.8467283819246735,train
30618_ab5921a4,1785165149.128197,5.50669815297391,6.713416587694453,1.3655070412736277,,1.419588565826416,1.410780906677246,1.4333438873291016,0.1679525375366211,0.2879166603088379,1.5810605992510973,55.8057459973786,37.45483702512429,-0.9853124149915278,-0.1707613681825112,train
30618_ab5921a4,1785165191.5604022,4.05699306201273,7.737771867990968,1.8534503232115114,0.5969596395474472,1.7015244960784912,1.6972365379333496,1.7002077102661133,0.1019742488861084,0.1559438705444336,1.8377321839117704,55.805655394429024,37.453670475966135,-0.9914506093505558,-0.1304825245709619,train
30618_ab5921a4,1785165226.432717,3.502698531340152,-5.01322316150876,2.1467548619370835,1.7748553122623467,2.241379499435425,2.133413791656494,2.234588384628296,0.17196249961853027,0.10796618461608887,1.3819870135365457,55.805532338044586,37.45204037217017,-0.9920516716639938,-0.12583115968898792,train
30618_ab5921a4,1785165324.2455568,3.1809235319361995,-8.332883519920168,2.3639157076741615,5.487427827340114,2.5992746353149414,2.631166934967041,2.599438428878784,0.18595504760742188,0.1579453945159912,1.579610607255631,55.80523199350678,37.44381169408562,-0.9975938814302833,-0.06932854919051551,train
30618_ab5921a4,1785165365.0342212,3.5787724483227232,-8.480837170602918,2.1011213232007853,2.7243454841932104,1.8095076084136963,1.7714669704437256,1.8095076084136963,0.16795015335083008,0.14795970916748047,2.123355286148442,55.805066317224615,37.440200906331214,-0.965982525760159,-0.25860734700704835,train
30618_ab5921a4,1785165398.5629022,13.916531886131176,-5.4884371227144975,0.5403239229127201,2.0235564192569755,0.5078656673431396,0.49022793769836426,0.49998974800109863,0.0939638614654541,0.06998467445373535,1.0916095042088068,55.8049041537276,37.43574796738548,-0.9962705980392317,-0.08628380776571916,train
30618_ab5921a4,1785165413.7650726,14.698598641012804,-5.770762028173475,0.511574966138148,-1.0494246268140794,0.5114810466766357,0.5199010372161865,0.49998974800109863,0.06635570526123047,0.10997891426086426,2.3980756175211364,55.80445153427815,37.43234732137668,-0.9607434392343573,-0.27743836066438,train
30618_ab5921a4,1785165414.1665747,14.65001379249507,-5.896007375895793,0.5132715373897069,-1.3894584393480176,0.5338478088378906,0.4335758686065674,0.5034480094909668,0.09997129440307617,0.11196613311767578,1.0032642549134645,55.80443810307777,37.43225622639105,-0.9674380496529863,-0.25310792181128183,train
30618_ab5921a4,1785165461.3794634,13.038080494765529,5.053409364964204,0.5767286913954262,4.353364194603518,0.593834638595581,0.5772221088409424,0.5999889373779297,0.0899803638458252,0.08997344970703125,0.7471203927800406,55.80377689056443,37.42548518423,-0.9976909411761713,0.0679174932915334,train
30618_ab5921a4,1785165462.401172,13.069285184655367,5.315604395893014,0.5753516734704752,2.6846100057285573,0.5678393840789795,0.580007791519165,0.5999889373779297,0.11197328567504883,0.10196375846862793,-0.5157097689551938,55.8037850746504,37.4252718688183,-0.9974241368368031,0.07172929147397218,train
30618_ab5921a4,1785165474.2918758,13.41448011587154,5.766497804680829,0.5605461439506421,0.9284756893705804,0.4938662052154541,0.4560420513153076,0.5016474723815918,0.12195634841918945,0.09597134590148926,1.428826330596354,55.80402558038924,37.42282169667583,-0.975166771344261,0.22147182228448306,train
30618_ab5921a4,1785165488.8698485,4.932693968733832,-5.0413253313370765,1.5244073826020286,1.0102502448968367,1.5015685558319092,1.5328965187072754,1.499622106552124,0.06400632858276367,0.09996986389160156,0.7373398025673376,55.80428097112626,37.42080154230808,-0.9762649682940189,0.2165795735564147,train
30618_ab5921a4,1785165506.640885,5.24775237881797,-5.388364162133004,1.4328867978614626,1.2318021390605096,1.5655622482299805,1.5702202320098877,1.5434184074401855,0.16594195365905762,0.20394182205200195,1.9911464110717276,55.8043495352671,37.42025538484483,-0.9726457668782916,0.23229337522568339,train
30618_ab5921a4,1785165633.5816352,4.405756006961829,5.409119965739799,1.7067298075908863,3.336916587903984,1.8375029563903809,1.8751282691955566,1.7976443767547607,0.07997322082519531,0.12797904014587402,2.6921740863402577,55.80547604247986,37.41059914281206,-0.8314873679724162,-0.5555436588624729,train
30618_ab5921a4,1785165680.8905032,5.374692500077486,-5.0947281941216405,1.3990447085011743,1.1473076685460943,1.3016314506530762,1.2894096374511719,1.3003106117248535,0.10196781158447266,0.08397936820983887,1.55246623967351,55.803320868007724,37.40899815811938,-0.35705507154008365,-0.9340833345518513,train
30618_ab5921a4,1785165706.149476,7.566282919002172,5.345369082500765,0.9938083445399374,0.2524728752066053,0.9417364597320557,0.8405539989471436,0.944882869720459,0.14595866203308105,0.09397435188293457,0.7633171275379329,55.80197938603512,37.408078025823585,-0.3658490080368949,-0.9306742197559896,train
30618_ab5921a4,1785165706.9472609,6.998081787187373,5.828978983896462,1.074499460097982,0.30224393800353966,1.1516823768615723,1.170166254043579,1.1469321250915527,0.151961088180542,0.10997962951660156,1.3831437124221166,55.801930705196696,37.408043846229646,-0.3570685729658639,-0.934078173495196,train
30618_ab5921a4,1785165730.452728,9.396600550747443,-5.14976202828463,0.8002293022295417,0.09043846539362134,0.7677834033966064,0.809643030166626,0.7433445453643799,0.15796566009521484,0.12195611000061035,0.9274046770646598,55.80122727315426,37.407558263780906,-0.363000017735484,-0.9317891323277163,train
30618_ab5921a4,1785165888.4988441,3.8035954509691723,-5.009270992656495,1.9769281983283395,1.7835974206570744,2.2453713417053223,2.2736613750457764,2.2428572177886963,0.1059718132019043,0.14395666122436523,1.0770277678554838,55.79914727852859,37.39669240394016,-0.9417150948197851,0.3364114745197659,train
30618_ab5921a4,1785165934.7939844,4.6076312948525375,7.695711732467683,1.6319524330114625,0.6262486569625261,1.4036080837249756,1.3847393989562988,1.4013686180114746,0.0939795970916748,0.09398174285888672,1.217367546215405,55.7998572950211,37.39335567883006,-0.93881113064565,0.34443237504020446,train
30618_ab5921a4,1785165936.9973743,4.700236313568414,5.527912141228981,1.5997993718629877,1.538463724713558,1.403609037399292,1.3038196563720703,1.3999934196472168,0.0899803638458252,0.09997773170471191,1.4662028539227348,55.79988924855379,37.39320645373327,-0.9379337530676034,0.3468144674844462,train
30618_ab5921a4,1785166056.0103068,3.0055153422501966,8.701585086367189,2.5018787947442767,0.6546841754438142,2.201409101486206,2.1798489093780518,2.1988539695739746,0.10397028923034668,0.10198783874511719,0.8629865181999901,55.80039362650707,37.39078597485554,-0.9866624788212867,0.16277946088568432,train
30618_073f08d1,1785167604.408553,3.400118384474168,-5.220490792485851,2.211521556540521,1.5048534095716761,1.9914624691009521,1.9804515838623047,2.0001211166381836,0.11196684837341309,0.09597611427307129,0.6640379507808835,55.79947965970377,37.38899322724375,0.698617999892653,0.7154948568829752,train
30618_073f08d1,1785167604.9164157,3.40052259495029,-5.26290500062169,2.211258679245528,0.4152747924807394,2.191392421722412,2.2064049243927,2.2010152339935303,0.10188627243041992,0.11397790908813477,4.87741804370663,55.799490818364426,37.38901254230227,0.6948284797978125,0.7191754887799366,train
30618_073f08d1,1785167700.9957778,3.1946489092339605,5.546490414989266,2.35375946330748,5.289045124817052,2.51129150390625,2.475194215774536,2.499786376953125,0.08598875999450684,0.09796428680419922,2.943085041529765,55.80011134353923,37.3899697747505,0.6742942490243697,0.7384627720695617,train
30618_073f08d1,1785168026.3534992,11.00009022222964,6.37003368031636,0.6835794025451383,4.640908459613763,0.6538262367248535,0.6620280742645264,0.7000207901000977,0.13596034049987793,0.09393596649169922,0.9344306704810443,55.80274319358913,37.40866414002167,0.3608560743101977,0.9326215168188182,train
30618_073f08d1,1785168087.2345827,4.25357070309706,5.087632788064683,1.7677936084568644,0.7659425004791995,1.681542158126831,1.6751890182495117,1.6988272666931152,0.11959457397460938,0.06398224830627441,1.986756229336445,55.80553814573016,37.411112745170115,0.9999631696772491,-0.00858249899675475,train
30618_073f08d1,1785168095.9501739,8.50849478399878,5.34366487987704,0.8837562098757505,3.103032857757099,0.9017469882965088,0.8867876529693604,0.900071382522583,0.09998416900634766,0.13795208930969238,1.8342395130707365,55.805429747213516,37.41196343966988,0.9710195453184804,-0.23900008914117885,train
30618_073f08d1,1785168157.019216,14.48179537944353,-6.487257757100388,0.5192336243562704,5.848285931548492,0.5318458080291748,0.5139572620391846,0.5000596046447754,0.07797384262084961,0.2079298496246338,0.2691702035417587,55.804886373815,37.41588929429688,0.9704505188835097,-0.24130020803705649,train
30618_073f08d1,1785168157.8489833,14.334260750874398,5.89269362076533,0.5245778092599344,0.7266742313032969,0.487865686416626,0.3923954963684082,0.5000596046447754,0.11396574974060059,0.10597944259643555,2.105836164999293,55.804860555778376,37.41607462498952,0.9700129582267305,-0.24305320584643023,train
30618_073f08d1,1785168158.5387897,14.285078349188185,5.69748795441483,0.5263838894157469,1.4597499959016815,0.48987627029418945,0.4948587417602539,0.5000596046447754,0.1099705696105957,0.09997248649597168,2.4296401302043162,55.8048392701384,37.41622663933084,0.9747005491730166,-0.22351474099445826,train
30618_073f08d1,1785168230.128915,3.396939630117946,6.0868409092006,2.213591032170704,0.6711185884488408,2.003436326980591,1.992415428161621,2.000500440597534,0.08198046684265137,0.08797359466552734,1.082114540278142,55.804432502811814,37.419340585400064,0.9755074066262022,-0.21996658750233308,train
30618_073f08d1,1785168325.6383915,9.373409736047169,5.219533770009172,0.8022091548112941,0.39197859826135917,0.8997395038604736,0.891472578048706,0.8999888896942139,0.09597063064575195,0.07996487617492676,1.0407111415649943,55.8041152147069,37.42185727633132,0.972588886406841,-0.23253141301316896,train
30618_073f08d1,1785168334.2360044,14.185920954628903,-5.013363331726037,0.5300632314323408,2.040270348215741,0.5058600902557373,0.39441680908203125,0.5000505447387695,0.09598159790039062,0.09996199607849121,2.652176110459872,55.803906862861396,37.42351519597006,0.9766861393761486,-0.21467227382807152,train
30618_073f08d1,1785168334.7418644,14.287393205064015,8.789974147613126,0.5262986042400771,1.7100010696014585,0.5018558502197266,0.422680139541626,0.5000505447387695,0.09996199607849121,0.10796642303466797,0.5670729323908064,55.80389236834349,37.42362726239858,0.9766082890848066,-0.21502616048017717,train
30618_073f08d1,1785168394.0413833,14.411759659537944,-5.482932422935093,0.5217569040625699,1.8468329616311696,0.5158743858337402,0.5201146602630615,0.5000331401824951,0.08997392654418945,0.11597633361816406,,55.80456601111417,37.4332966292627,0.9652465238938481,0.26134105707072297,train
30618_073f08d1,1785168394.5572577,14.427411343966812,5.170890988686245,0.5211908722072166,2.294055670667196,0.5878250598907471,0.5878250598907471,0.6000397205352783,0.11597633361816406,0.10596847534179688,-0.8436818195768618,55.80458443565886,37.433410486251965,0.9648159764533041,0.26292609528241445,train
30618_073f08d1,1785168409.0372202,13.484367484443172,-5.189096447539416,0.5576409209204272,2.566116402942096,0.5998282432556152,0.5802350044250488,0.6001286506652832,0.09796285629272461,0.09796667098999023,0.5609860708108596,55.804902919799886,37.436546117384786,0.9977766419651765,0.06664662593632274,train
30618_073f08d1,1785168424.4409454,8.410384965310064,8.032458601920334,0.8940655074731335,6.616587549644527,0.7997753620147705,0.7954666614532471,0.8001716136932373,0.09195327758789062,0.0979764461517334,0.050799651391247265,55.80500130745725,37.439497214069675,0.9983901282791038,0.05671994142129121,train
30618_073f08d1,1785168425.2407207,6.99437293469709,5.083528038188202,1.0750692266854374,3.6850867278650545,1.1057064533233643,1.047149419784546,1.100236177444458,0.0979764461517334,0.10196208953857422,1.362432632847827,55.80500435026406,37.439593131669774,0.9983720223005075,0.05703775142477959,train
30618_073f08d1,1785168455.7542405,7.509045552297165,6.846654799467882,1.0013836045719566,,0.8937599658966064,0.8258895874023438,0.9001476764678955,0.11196780204772949,0.10197782516479492,2.338543486031964,55.80509726331281,37.442100181682044,0.9978891057230758,0.06494099382670404,train
30618_073f08d1,1785168462.150473,3.791851796839051,6.7224409147753255,1.9830508956923572,1.4802493456647638,1.999436616897583,2.1150217056274414,2.000328302383423,0.10797739028930664,0.09796738624572754,0.9152898481701084,55.80511669982141,37.44260548582396,0.9974090672849882,0.07193853277409684,train
30618_073f08d1,1785168466.9471397,4.397057206208425,5.18770106901757,1.7101062709480532,1.7708970018590375,1.9054644107818604,1.9724862575531006,1.9003119468688965,0.19194793701171875,0.10797357559204102,0.8500274558300046,55.80512658926512,37.442856212108296,0.9972507595204143,0.07410076002280207,train
30618_073f08d1,1785168472.8555005,4.190344910128245,-6.427164076457339,1.7944668668871513,3.396997815051745,1.599552869796753,1.6433625221252441,1.6000912189483643,0.10598206520080566,0.10996103286743164,2.595877787603749,55.80514038283437,37.44321688824597,0.9978223611336479,0.06595859020379263,train
30618_073f08d1,1785168564.6519864,4.145238365786029,-7.223467063737949,1.8139934157027668,5.41836527875015,1.7974953651428223,1.7621886730194092,1.8000469207763672,0.0979776382446289,0.09397125244140625,4.583615631535724,55.80548833169909,37.451863875330204,0.9894999292850379,0.14453335236167725,train
30618_073f08d1,1785168577.6123834,3.400198430731157,5.3929557749040855,2.211469493689938,0.45933860193104203,2.3333523273468018,2.333352565765381,2.2999937534332275,0.16594767570495605,0.19593214988708496,3.781988279947941,55.80556171956189,37.45284577232263,0.9906305042869271,0.13656941083649993,train
30618_073f08d1,1785168650.1262403,5.13242442022645,-5.311553397448405,1.4650844291872855,0.1779841806246452,1.3256242275238037,1.3170464038848877,1.300128698348999,0.1719532012939453,0.09596800804138184,2.9341138003493503,55.8056052362546,37.45342640482406,0.9909163768769056,0.13447949299854722,train
30618_073f08d1,1785168653.9431732,8.226859633311877,-5.4189538598128815,0.9140103802922506,0.3019395081008824,0.9177398681640625,0.8929266929626465,0.9000890254974365,0.18794989585876465,0.10797476768493652,0.2076511199446405,55.80563574214416,37.45383626997568,0.9913652142630475,0.13112975234164767,train
30618_073f08d1,1785168713.6305869,6.593765234329365,7.626021304320692,1.1403856271536086,-1.2977270659997597,1.0197062492370605,1.0197062492370605,1.000054121017456,0.1779475212097168,0.09396028518676758,0.3028860388906701,55.808906766271015,37.460658673478314,0.5575965646765555,0.8301120834326555,train
30618_073f08d1,1785168771.6604552,3.040004248613002,-5.211654307952024,2.4734949319511927,2.951376274937731,2.4013333320617676,2.3871397972106934,2.4003748893737793,0.10598015785217285,0.1099700927734375,3.8914341930764342,55.80920980101587,37.46101770250397,0.5701237054320647,0.821558860036463,train
30618_073f08d1,1785168792.1547601,3.7093099651670953,-7.839185049759626,2.027178955834612,1.3872478639374914,2.099431037902832,2.024435043334961,2.1009693145751953,0.0959773063659668,0.12198066711425781,1.556953749737227,55.8096536536917,37.46145738539175,-0.03216946891717585,0.9994824286947654,train
30618_073f08d1,1785168843.658439,3.6515590454687423,-6.678619090176719,2.059239631188574,0.7800861677954767,1.8974590301513672,1.9175128936767578,1.8999676704406738,0.09996628761291504,0.10396599769592285,0.9625881225247687,55.81018238560866,37.461906905621625,0.7688969232884292,0.6393727561896794,train
30618_073f08d1,1785168851.8961482,3.0247703770107597,-5.210192073427655,2.4859523748329826,1.1415856182584043,2.565293073654175,2.572032928466797,2.6014437675476074,0.1319594383239746,0.09998250007629395,1.3052949104772285,55.810338274686835,37.462230617126295,0.5863155081934528,0.8100827888875637,train
30618_0652866c,1785169042.6951084,3.5711684234117174,5.6728024966653585,2.105595203171812,2.3660763781485006,2.3693325519561768,2.4442968368530273,2.400726318359375,0.1219789981842041,0.09196996688842773,2.4294170365769965,55.809627265851105,37.461391336490145,-0.09798183871328128,-0.9951882029457365,train
30618_0652866c,1785169072.3928432,8.739011744482406,5.4492340270932615,0.860444558482478,0.4120664691137946,0.775792121887207,0.749753475189209,0.8003175258636475,0.11995410919189453,0.10361337661743164,2.309983328605394,55.807325034374074,37.45871582039222,-0.555676852984058,-0.831398361231085,train
30618_0652866c,1785169074.342304,6.982348493554363,6.831482882434017,1.0769206247719938,1.6526414545999524,0.9257519245147705,0.8298606872558594,0.9395725727081299,0.1699542999267578,0.09598422050476074,3.1211616104463613,55.807180463630374,37.45854793842472,-0.5540889187823251,-0.832457488453695,train
30618_0652866c,1785169200.5751982,4.633984140380993,6.417215354371367,1.6226717386728318,2.1016466709162582,1.407606840133667,1.3205344676971436,1.399930477142334,0.08995962142944336,0.08797788619995117,3.8632618375216605,55.80565076919632,37.45360747242706,-0.9897462273974665,-0.14283698874060027,train
30618_0652866c,1785169223.9087143,3.9551828195408056,5.005055062086544,1.9011599324572703,0.5587827257883162,2.091407299041748,2.070002555847168,2.100101947784424,0.11396598815917969,0.09195661544799805,2.1151844850084607,55.80558310714267,37.45270800427363,-0.9925913345898314,-0.12150079216687255,train
30618_0652866c,1785169260.1566358,3.2391157544387514,5.306523150309532,2.3214468614621224,1.4026017075563804,2.555299758911133,2.687424898147583,2.4998061656951904,0.16796326637268066,0.11998558044433594,1.7838489324121518,55.805447468971224,37.45035010473716,-0.9964150360498032,-0.08459950315379748,train
30618_0652866c,1785169271.361521,3.193829707389296,-6.301003982088021,2.354363191204987,2.7473718748561895,2.5672976970672607,2.5652754306793213,2.503490686416626,0.16595959663391113,0.1379706859588623,2.1407227675602924,55.80545658387389,37.44989415435153,-0.9936231260862769,0.11275230953969248,train
30618_0652866c,1785169376.502296,4.134285744939562,-5.617139113559173,1.8187990782345596,1.0802987551323808,1.7195031642913818,1.7598025798797607,1.6993849277496338,0.10998082160949707,0.21393847465515137,0.9607051323577989,55.80505899570706,37.44014400039348,-0.9788655894233874,-0.20450466459913422,train
30618_0652866c,1785169409.7070699,13.711787905013948,-7.332849295441069,0.548392022553437,3.0961670232960756,0.4838528633117676,0.45256733894348145,0.5001513957977295,0.11397504806518555,0.09998250007629395,2.389659848630213,55.804901178483206,37.43569416371059,-0.996006595870979,-0.08927967843526557,train
30618_0652866c,1785169422.3915422,14.68476630959562,5.861062678764265,0.5120568447276448,3.0798177655538805,0.5158381462097168,0.5336527824401855,0.5001339912414551,0.0959928035736084,0.11197710037231445,1.014056890718772,55.804531955832644,37.43286326857534,-0.9635763537242749,-0.26743337589656024,train
30618_0652866c,1785169425.4946554,14.407367119662398,-6.367223168389212,0.5219159780965277,0.5855935449633505,0.50785231590271,0.5445075035095215,0.5001342296600342,0.08597207069396973,0.09397673606872559,,55.80442317806408,37.4321640333216,-0.9603535943217593,-0.2787848164324556,train
30618_0652866c,1785169483.3145754,8.725509447322683,5.1906219953569215,0.8617760541605513,1.7317829687544484,0.8777549266815186,0.8794302940368652,0.9001598358154297,0.05398130416870117,0.057965993881225586,0.4909330554657411,55.803993354768885,37.423081980679925,-0.9758154013966603,0.2185962085606121,train
30618_0652866c,1785169630.309696,7.522359050713942,5.042752302163699,0.9996112989768402,4.623468012656558,0.9077432155609131,0.9485719203948975,0.9003145694732666,0.09797930717468262,0.10196423530578613,1.9933979094522418,55.80472341791701,37.41731315081584,-0.9727993380669134,0.23164940720100077,train
30618_0652866c,1785169632.423109,4.657319857902392,7.6860953563602035,1.6145412665388692,4.459663441312074,1.8195083141326904,1.813171625137329,1.798532485961914,0.11396503448486328,0.14196109771728516,6.0003721422037595,55.80474944851342,37.41711698707448,-0.9740713413209066,0.22624107058023238,train
30618_0652866c,1785169633.2188916,3.4840958658178955,5.539727122435326,2.1582170501755575,2.2044579212601527,2.1893961429595947,2.0791232585906982,2.198354959487915,0.10998082160949707,0.09361910820007324,0.0,55.80475073988156,37.417107127348494,-0.9735970528559387,0.2282734734265696,train
30618_0652866c,1785169749.0246713,8.389128395679851,-5.651968868433324,0.8963309115553216,0.42923020928675326,0.9117541313171387,0.9299643039703369,0.9001157283782959,0.0979769229888916,0.10197138786315918,0.36251158363905595,55.80531882613486,37.41299936549748,-0.9703240539768414,0.24180825104604672,train
30618_0652866c,1785169797.2352765,4.411644231456977,-5.959674620987354,1.7044518341795223,5.438951646142746,1.8054885864257812,1.8348057270050049,1.8002660274505615,0.09598803520202637,0.10396456718444824,1.7370063037711843,55.80543109758488,37.41050690592911,-0.7053746244678575,-0.7088347051018516,train
30618_0652866c,1785169798.0210571,4.390525999570847,-6.136858021114327,1.7126501705693904,1.7095708867906843,1.8014881610870361,1.8126864433288574,1.8002660274505615,0.07197761535644531,0.07397699356079102,2.5887897592570197,55.80540832227241,37.410469259685776,-0.6634757759280382,-0.748197764469186,train
30618_0652866c,1785170106.9151318,10.903322449514818,-5.843259911049482,0.6896462190191356,,0.7297909259796143,0.699944257736206,0.700082540512085,0.1619577407836914,0.2039318084716797,1.3935384362046321,55.799531000528894,37.39488901355312,-0.9368738561338328,0.3496675245042384,train
30618_0652866c,1785170118.0300422,7.440472569916316,5.094303538358639,1.0106125694834631,-0.8070003045281346,1.0077176094055176,0.9834163188934326,1.0000996589660645,0.1759488582611084,0.08197927474975586,0.4322129874315212,55.79990004807008,37.39315646911674,-0.9356361427886729,0.35296601579689557,train
30618_0652866c,1785170215.348962,3.1615017821763294,5.395205823167431,2.378437723630853,0.3029677437111338,2.197394371032715,2.173409938812256,2.2025911808013916,0.20394206047058105,0.09398078918457031,3.5483938296217494,55.80037924247355,37.39041267862609,-0.9466991171137719,-0.3221192041092937,train
30618_0652866c,1785170295.4426901,3.7074152063514774,5.994349973159667,2.028214991720429,4.31421872199149,2.1074130535125732,2.087850332260132,2.0998454093933105,0.19594550132751465,0.10197257995605469,2.7048072666607137,55.79967382866507,37.38841397142815,-0.9451617299234023,-0.3266026703629375,train
30618_9c09b081,1785172198.0353498,3.6354839711036404,7.88485526734765,2.0683450021570704,2.2292696482898275,2.3153514862060547,2.371581792831421,2.3006582260131836,0.17795157432556152,0.09397292137145996,2.3088932867422938,55.810724845415,37.461803995092566,-0.9999980313008873,-0.0019842868617743086,train
30618_9c09b081,1785172319.5637622,3.295445461698019,6.92846636082854,2.281765906749333,1.0385545171049597,2.5070583820343018,2.4719555377960205,2.5000462532043457,0.09422755241394043,0.11396622657775879,1.8479163276242796,55.80964564245634,37.46139590090355,-0.0574247541993873,-0.9983498372840756,train
30618_9c09b081,1785172353.338104,5.567661758429873,6.667836140462732,1.350555301005731,2.0245724519365798,1.2236781120300293,1.1652779579162598,1.198838233947754,0.17595267295837402,0.10398721694946289,3.3571234627904847,55.80711403899939,37.45846806590273,-0.553253926877738,-0.8330126604046079,train
30618_9c09b081,1785172398.937428,3.675673614190687,-7.194512722541405,2.045729814808378,0.9482849157707032,1.8434851169586182,1.825132131576538,1.799856185913086,0.15797209739685059,0.1139838695526123,1.7497771595979308,55.806784673068655,37.45807462618407,-0.5793710985462804,-0.8150638810358831,train
30618_9c09b081,1785172501.6448288,4.165759638653318,-5.481144708649073,1.8050573615152679,1.7221941941957344,1.7235031127929688,1.640831708908081,1.7002277374267578,0.17960906028747559,0.08396792411804199,0.36248253518143636,55.80552856777593,37.45198766347345,-0.9921415996332178,-0.12512012738660283,train
30618_9c09b081,1785172504.378063,4.2463617591451275,5.124177472281489,1.770794748200671,1.2780235372461608,1.805494785308838,1.7651994228363037,1.800241231918335,0.10996603965759277,0.09197688102722168,0.43377602031217866,55.80551482160103,37.451796396691066,-0.9927245295687223,-0.12040767580415715,train
30618_9c09b081,1785172512.7777262,5.645503461841071,5.690861050261485,1.3319334852736358,1.2148235040509383,1.4915730953216553,1.5054502487182617,1.5002009868621826,0.09396886825561523,0.0859687328338623,2.351378542207397,55.805482855078935,37.451210434789225,-0.9973578284342316,-0.07264545450992674,train
30618_9c09b081,1785172519.3398814,5.101112659770022,5.0064924567945,1.474077442232644,2.75425138034364,1.3336405754089355,1.3634545803070068,1.3414602279663086,0.15794658660888672,0.10595917701721191,2.010131385483766,55.8054546070224,37.45054487776517,-0.9978287149935235,-0.06586239848634201,train
30618_9c09b081,1785172534.6496296,4.295962945037443,-8.135011898587763,1.750349152974087,0.6003417731009061,1.5275697708129883,1.5356733798980713,1.5035536289215088,0.18392348289489746,0.09597229957580566,0.8184037918522747,55.805459736049386,37.44982772024386,-0.9986537780594041,0.05187129811059748,train
30618_9c09b081,1785172588.3486757,3.6137315935159773,5.038166934652242,2.0807951303152334,1.6437084763558372,2.327361583709717,2.322047233581543,2.3006091117858887,0.16595220565795898,0.08597707748413086,6.081065116830447,55.8052402392558,37.44402373103092,-0.9971530787916959,-0.07540382918819227,train
30618_9c09b081,1785172602.4547527,6.58985158429297,-5.475780935904834,1.1410628913065453,1.602118277428388,1.1416809558868408,1.1355302333831787,1.1002743244171143,0.163956880569458,0.11795496940612793,0.9993634643893169,55.80522107603841,37.44351968791535,-0.9976787195977753,-0.06809678745538215,train
30618_9c09b081,1785172688.4907968,14.536116737000215,-5.168253704385699,0.5172932522559063,3.187721633657427,0.495861291885376,0.4734923839569092,0.5000030994415283,0.09798049926757812,0.09397387504577637,0.912464659218308,55.80443960201586,37.432266295752,-0.9684693463185383,-0.24913274622446385,train
30618_9c09b081,1785172714.5975277,9.335620494480603,5.683370613000415,0.8054563814478093,-0.9717343284873994,0.9197616577148438,0.8834640979766846,0.9001450538635254,0.10597419738769531,0.22394132614135742,1.1729818202792692,55.80385252141822,37.42848928163839,-0.9634922581128265,-0.26773619209334887,train
30618_9c09b081,1785172758.5972912,9.554160310421286,-6.057198997870089,0.7870325447493761,1.1858996476023078,0.793778657913208,0.8251667022705078,0.8000848293304443,0.1079721450805664,0.09798741340637207,0.6161127120700293,55.80391699038603,37.42368549295115,-0.9735445946290405,0.22849709466112939,train
30618_9c09b081,1785172762.602165,9.007185401174448,5.177739084019645,0.8348262822561523,5.940423943028757,0.8997542858123779,0.9602675437927246,0.9000957012176514,0.11196184158325195,0.10396909713745117,1.8770358667037124,55.80399355919486,37.423080838541836,-0.9754188682840769,0.22035886956374312,train
30618_9c09b081,1785172946.3010201,14.62573475017345,-5.26125862936236,0.514123579464285,1.1397329328615975,0.49786806106567383,0.4493741989135742,0.4999387264251709,0.09797310829162598,0.10198307037353516,4.173199615209311,55.80488504026604,37.41612417820638,-0.9751932705505393,0.22135511079020198,train
30618_9c09b081,1785173015.5417542,4.149115656963021,-6.053577401451731,1.8122982639530145,3.316602539337582,1.7555041313171387,1.7548038959503174,1.7984578609466553,0.13997507095336914,0.09397196769714355,0.4903426902979662,55.805231809608365,37.4136261413058,-0.9691819416091448,0.24634602505160902,train
30618_9c09b081,1785173066.5475392,4.260114140619412,5.75656299927938,1.7650783180567653,2.312356004126916,1.5815629959106445,1.5486392974853516,1.6004531383514404,0.14195966720581055,0.12396788597106934,8.140326606553902,55.805491871847174,37.41064152500559,-0.839702379135407,-0.5430468805493104,train
30618_9c09b081,1785173067.4992769,4.353971075030399,-5.825527200956018,1.7270291815160608,4.398535282576785,1.715686321258545,1.6643195152282715,1.7004814147949219,0.09597063064575195,0.10159158706665039,5.339899984509962,55.80547123885314,37.41058712140683,-0.8046027826793906,-0.593813406807712,train
30618_9c09b081,1785173069.2149632,4.427686002431871,5.971067877675227,1.6982765033302643,3.868064279038342,1.7893378734588623,1.8192071914672852,1.8005099296569824,0.10159158706665039,0.10396361351013184,1.7475032191198665,55.80542595941035,37.410497795424774,-0.6987011582399952,-0.7154136506064789,train
30618_9c09b081,1785173398.0972466,5.785092477886656,7.0431407849444625,1.2997951425663756,3.8800094148695,1.4495980739593506,1.439826488494873,1.3999454975128174,0.15595579147338867,0.10796809196472168,-0.16877398378253736,55.79994309670745,37.39295232896235,-0.9365294606037765,0.3505888894719849,train
30618_e2dcf65f,1785173928.1557636,3.2562896352439377,-7.053940822268233,2.3092034015245244,6.140523934511854,2.0014543533325195,2.0751953125,1.9998900890350342,0.10797119140625,0.10797905921936035,3.295955863901966,55.80010839435737,37.389964858814615,0.6910433015760497,0.7228133613505444,train
30618_e2dcf65f,1785173989.132804,5.635587092990265,-5.149446637462502,1.3342771530240891,2.5712201065361886,1.4176158905029297,1.411041498184204,1.400399923324585,0.17994952201843262,0.10198473930358887,0.06800471143979711,55.800082810646074,37.39213833034323,0.9337915016466307,-0.35781759522490003,train
30618_e2dcf65f,1785174035.9297826,3.010676038909949,-5.488628795788983,2.497590243810109,3.769880051938056,2.1314175128936768,2.1079702377319336,2.1003496646881104,0.17794561386108398,0.10198426246643066,3.3917018622356974,55.79944722082539,37.39512811314819,0.9278889364488588,-0.3728567038633011,train
30618_e2dcf65f,1785174058.7514424,7.876735510097037,5.338693141417592,0.9546385164787282,-0.6807546310682412,0.9337341785430908,0.9337341785430908,0.9000654220581055,0.1877908706665039,0.12595915794372559,0.33017889148987045,55.798932562174755,37.39799560032565,0.9963669355906155,-0.08516413365828507,train
30618_e2dcf65f,1785174109.1594138,3.117276202760406,5.71418081205973,2.412181216215539,8.791879242946122,2.2014124393463135,2.1621460914611816,2.1999669075012207,0.09996199607849121,0.10000061988830566,2.079142671750848,55.79914216451744,37.401558412211905,0.9896312500807186,0.14363143410714108,train
30618_e2dcf65f,1785174240.0370326,9.534627298953342,-6.492027709523834,0.7886448904908737,,0.8237473964691162,0.8492255210876465,0.8000898361206055,0.17161846160888672,0.18394970893859863,0.6107407012994508,55.80242987007093,37.408448840682595,0.3588878744183313,0.9333806798919143,train
30618_e2dcf65f,1785174303.8655486,4.069033543061909,-5.718061754521775,1.8479658676876007,6.360721063329013,1.8331964015960693,1.7361118793487549,1.800152063369751,0.09226632118225098,0.12596940994262695,2.951280922644111,55.80553797034457,37.41110418530044,0.9999897859934626,0.004519724410766544,train
30618_e2dcf65f,1785174402.8757057,14.23907358540499,-6.981354423798379,0.5280845735470988,3.6265601418787727,0.5098562240600586,0.4428281784057617,0.5000531673431396,0.06998038291931152,0.10996270179748535,1.311633994297062,55.80483604285193,37.41625216101509,0.973374853750403,-0.229219096251559,train
30618_e2dcf65f,1785174495.8418546,9.028112736063859,-5.29587480304579,0.8328911392540642,1.6298617588363455,0.7477827072143555,0.6378650665283203,0.7554888725280762,0.14396405220031738,0.09395194053649902,1.0675374076033883,55.804314518370425,37.42028024190165,0.9756239331354416,-0.2194491765610698,train
30618_e2dcf65f,1785174508.380357,14.534910657533658,5.721965457838361,0.5173361762741157,0.6399417404179076,0.5078551769256592,0.6064980030059814,0.5000369548797607,0.0759890079498291,0.10195684432983398,1.7477776079134293,55.80399681579491,37.422798354653615,0.976813919264979,-0.21409009115368038,train
30618_e2dcf65f,1785174524.397904,3.9825215708900874,5.721394991424156,1.8881090706493704,2.448774395080089,2.011443853378296,2.019914388656616,2.000148296356201,0.10197782516479492,0.11796426773071289,7.022424874471559,55.803741650154635,37.425596699516674,0.9985214430507718,-0.05435924730719195,train
30618_e2dcf65f,1785174603.0020278,14.428614727129677,-5.3026759223361335,0.5211474035629903,1.7617770360727023,0.4958779811859131,0.48988986015319824,0.49993157386779785,0.08196568489074707,0.10798931121826172,2.7542365323857556,55.8045666596788,37.433300507556325,0.9640412850041954,0.2657525179701213,train
30618_e2dcf65f,1785174603.3899164,14.456176574931275,-5.683045891650831,0.520153794682748,-1.2424989686200472,0.5178685188293457,0.42345690727233887,0.49993157386779785,0.07797122001647949,0.09797978401184082,3.8008869231192985,55.80458070496145,37.43338631501919,0.9610300108178003,0.27644405999684435,train
30618_e2dcf65f,1785174616.0147874,13.66371163960613,6.039484219285067,0.5503215597918685,4.036696627682707,0.5874636173248291,0.5754389762878418,0.5999929904937744,0.09633851051330566,0.09396481513977051,0.9829768046653629,55.80488827417558,37.43612591278206,0.998720638004492,0.050567649974075354,train
30618_e2dcf65f,1785174650.510822,7.403338180387669,5.049117437439864,1.01568169909815,4.490257807426664,0.9177367687225342,0.8746485710144043,0.9000699520111084,0.10197186470031738,0.1259632110595703,0.8256397634223015,55.80509427806058,37.44202186545961,0.99779682000092,0.06634384670827906,train
30618_e2dcf65f,1785174663.5032163,5.421143432753976,6.244533217295931,1.3870570287114563,2.8876369134867494,1.3316209316253662,1.3688266277313232,1.3001010417938232,0.10997319221496582,0.1259622573852539,1.4928480662346015,55.80513221911408,37.4430018639876,0.9981128748135223,0.06140593726575667,train
30618_e2dcf65f,1785174761.907834,4.174764981045705,-6.623764609057315,1.801163690936889,3.773188217795827,1.8194897174835205,1.8114283084869385,1.8000319004058838,0.10998082160949707,0.12796783447265625,3.2206360148007005,55.80548827828985,37.451864016263464,0.989148979392014,0.14691595069200963,train
30618_e2dcf65f,1785174762.5036652,4.111062911570465,5.837432217746257,1.8290732260241327,2.3366542362894496,1.8954832553863525,1.854156255722046,1.900033712387085,0.09597015380859375,0.09398531913757324,1.6996540008398677,55.805491127282835,37.451902937168526,0.9927513132168889,0.12018664695440437,train
30618_e2dcf65f,1785174763.1094978,4.053413784388851,-5.6208774092854705,1.8550869716322556,3.2206360148007005,1.607574224472046,1.5314652919769287,1.6000285148620605,0.11196780204772949,0.10598516464233398,1.9087993201748519,55.80549381569025,37.45194221859648,0.9926314285619232,0.12117279823093731,train
30618_e2dcf65f,1785174819.3998432,8.487967055367866,-5.011756710644595,0.8858935305714926,0.9595537113755315,0.7977735996246338,0.7929909229278564,0.8000400066375732,0.10198450088500977,0.09197235107421875,0.852311801120161,55.80573461005508,37.45502187570546,0.9822101208457732,0.18778519246237607,train
30618_e2dcf65f,1785174835.5113642,8.52359099253749,-5.756486232698612,0.8821909813173476,1.8474744655459023,0.7957696914672852,0.6775367259979248,0.7999722957611084,0.09798884391784668,0.10997414588928223,0.5111865033571424,55.8061938608489,37.45706646629253,0.8255195556357741,0.5643735139629732,train
30618_e2dcf65f,1785174928.9253643,3.4639357342107147,8.192646714082489,2.1707778893789773,0.38786649924381644,2.0094504356384277,1.995337724685669,1.9999816417694092,0.09595990180969238,0.1019742488861084,1.0426699460494184,55.8096347362907,37.461458953995766,0.04541051994930407,0.998968410250261,train
30618_28538acf,1785175098.0303416,3.314965834585032,-6.158569559741726,2.2683295929038247,0.19297399969138082,2.4013209342956543,2.426069498062134,2.400395393371582,0.09797835350036621,0.10198068618774414,0.8411080332253433,55.810206869107134,37.46133527652659,0.08128904057703676,-0.9966905697768313,train
30618_28538acf,1785175138.4250991,4.221745046849295,-6.474204862647021,1.7811201336438205,0.535991016790761,1.893472671508789,1.907719373703003,1.9003067016601562,0.08198738098144531,0.0999605655670166,1.1051198667570952,55.80985250667351,37.46138165221217,0.0782763894180062,-0.9969316961856919,train
30618_28538acf,1785175360.749249,4.5146126528860595,5.572794982537736,1.6655770229251894,1.2005400162391135,1.6975317001342773,1.659600019454956,1.7003319263458252,0.11196470260620117,0.1079709529876709,1.500891978935589,55.80552086038392,37.45188418395306,-0.9926616576896594,-0.12092490790907132,train
30618_28538acf,1785175578.2247586,7.188549638795508,-6.44667032318271,1.0460295163676838,0.24045464185055834,1.031707763671875,0.9965014457702637,0.9999818801879883,0.1759507656097412,0.10196423530578613,2.69404990601906,55.80400438685689,37.42946399795721,-0.9642642625689444,-0.26494231812296415,train
30618_28538acf,1785175795.5283172,5.704865791669648,-7.20186196260597,1.3180739699493675,3.1068968241922743,1.3756251335144043,1.3734323978424072,1.3438754081726074,0.1659550666809082,0.13798308372497559,-1.349025948977413,55.8051949163628,37.413967022194946,-0.9712373955304677,0.23811325356475577,train
30618_28538acf,1785175806.4272873,5.49608349188184,5.201553932145003,1.3681442636672403,1.0415597851203091,1.531562089920044,1.5912716388702393,1.5001344680786133,0.16596674919128418,0.10195779800415039,0.9564154726163367,55.80537130951613,37.41268852525904,-0.9710423026273111,0.2389076108211075,train
30618_28538acf,1785175871.9570467,3.819201509191045,5.004724043563571,1.9688500551642967,2.6799729588740386,2.0014588832855225,2.0401899814605713,1.9937469959259033,0.09598112106323242,0.14597582817077637,1.9539349266650994,55.80542523944832,37.41049697005674,-0.7076435656629808,-0.7065695889123608,train
30618_28538acf,1785175876.4358175,3.1385626445414014,-5.140538182538369,2.3958212575849585,2.7824100696435843,2.125385284423828,2.154918909072876,2.100724697113037,0.17597317695617676,0.1079559326171875,2.2549417175487987,55.805340916071025,37.4103803254632,-0.5392676031872208,-0.8421344620384028,train
30618_28538acf,1785176170.0481343,4.6394291538516566,-7.236993520397223,1.6207673083684693,0.809569204045981,1.6615583896636963,1.6511976718902588,1.64316725730896,0.1599586009979248,0.11599588394165039,1.0650118718758583,55.799341163062216,37.3957831385456,-0.9363201600157706,0.35114748745796526,train
30618_8158f0b0,1785178154.610159,3.5678507096518857,5.607458533592951,2.1075531780835144,-0.281007518908256,2.3953299522399902,2.352449893951416,2.4000039100646973,0.11196708679199219,0.10196733474731445,1.1906246947708676,55.81032991022313,37.46131905896291,0.08130997530178358,-0.9966888621412519,train
30618_8158f0b0,1785178205.2940612,3.7689004076961594,-6.931757561505179,1.9951270367079847,3.8468797699071713,1.9014673233032227,1.8756804466247559,1.9017045497894287,0.10396409034729004,0.10595941543579102,4.221507663335277,55.80962703741199,37.46139325727397,-0.08852433159562577,-0.9960740146773972,train
30618_8158f0b0,1785178385.2000177,3.4720074100565057,8.190266003333235,2.165731294315405,1.3702962352333816,2.1074130535125732,2.100069284439087,2.09979510307312,0.0939788818359375,0.08997297286987305,1.1621070290972735,55.805615850937244,37.453141988266864,-0.9907929112352043,-0.13538614052431155,train
30618_8158f0b0,1785178390.7524557,3.0532455713706694,7.165130242673621,2.462767873164789,1.9089133069383823,2.6532716751098633,2.649587869644165,2.656494140625,0.09996867179870605,0.09797072410583496,1.531228071796343,55.80559460962543,37.452860642332034,-0.9916083397926682,-0.1292783835512677,train
30618_8158f0b0,1785178419.5044775,5.084104355911594,5.523119302899393,1.479008803843897,0.5388191990100581,1.5075759887695312,1.4957444667816162,1.50046706199646,0.06799030303955078,0.09754061698913574,2.1969670293790156,55.80548457710692,37.451252570186796,-0.9957613470476405,-0.09197466893589952,train
30618_8158f0b0,1785178579.5259573,13.76459573707174,5.815662241159744,0.5462881181321223,5.6951545504519405,0.501863956451416,0.47602224349975586,0.500115156173706,0.08796095848083496,0.0919802188873291,0.916449962970633,55.80490264317506,37.43571683616787,-0.9961168691937232,-0.08804080251619069,train
30618_8158f0b0,1785178592.4563484,14.615313222707007,-5.451897458796073,0.5144901780395525,2.8230298460282115,0.4839193820953369,0.5465328693389893,0.4999966621398926,0.13996243476867676,0.11801862716674805,0.8205731062337651,55.804525633563244,37.43282269048696,-0.9667809814783124,-0.25560620855493893,train
30618_8158f0b0,1785178594.9336567,14.823644035953558,-7.056673124638115,0.507259556679624,,,,,,,2.9916480855984395,55.80443881984717,37.43226161966681,-0.9677689858520256,-0.25183961170344477,train
30618_8158f0b0,1785178596.613473,14.01514374712408,-5.480371729970347,0.5365221533027336,2.3434179700019224,0.5035998821258545,0.5424995422363281,0.4999964237213135,0.10225248336791992,0.06598806381225586,0.4323131201973862,55.80438100241364,37.43188853715101,-0.9639883750455273,-0.2659443791041352,train
30618_8158f0b0,1785178641.2133472,13.05252973797773,6.261195861128213,0.5760902486340065,1.9600655408022662,0.6092720031738281,0.6443967819213867,0.6000998020172119,0.0785362720489502,0.10596561431884766,0.302434091328843,55.80378483428243,37.42527931239111,-0.9975617118420916,0.06978990662463794,train
30618_8158f0b0,1785178657.6202264,10.451055072228806,5.073965417461173,0.7194905251275027,0.6219029079588879,0.6378319263458252,0.6263875961303711,0.5999147891998291,0.1056065559387207,0.1299741268157959,3.8866644292036154,55.804131766476985,37.421983290494396,-0.977792131699406,0.20957706741609733,train
30618_8158f0b0,1785178888.2600605,4.336176987816799,5.853692495760981,1.7341162787361866,4.101784254426137,1.7855010032653809,1.7771265506744385,1.799947738647461,0.1139674186706543,0.08396029472351074,3.08586762546501,55.80546496900965,37.4105731360493,-0.7844780358409448,-0.6201566022249004,train
30618_8158f0b0,1785178889.44774,4.418135598311995,-5.252651596284564,1.7019475601715914,3.584554094925186,1.4995689392089844,1.5785634517669678,1.4999563694000244,0.09197735786437988,0.10596108436584473,1.4307327561442655,55.80543368738979,37.41051152347662,-0.713824775129327,-0.7003243465791874,train
30618_8158f0b0,1785178890.0455616,4.393455615954987,5.03271924109344,1.7115081519766044,0.5117176477956532,1.8035037517547607,1.821030616760254,1.7999475002288818,0.08396029472351074,0.09997200965881348,1.5699358966949535,55.80541662163156,37.410482470584505,-0.6868134294678786,-0.7268337589177951,train
30618_8158f0b0,1785178891.967032,4.400032873185037,-5.786047927977169,1.708949755325643,5.8893112672462475,1.6815228462219238,1.7304487228393555,1.6999506950378418,0.1179666519165039,0.10395932197570801,1.0083433873953513,55.80535742066094,37.41039937250607,-0.55629943662439,-0.8309819112419875,train
30618_8158f0b0,1785178916.306254,8.5881863548474,5.283976187461628,0.8755556518414608,1.0313461468361256,0.7477965354919434,0.7353370189666748,0.6999292373657227,0.16395115852355957,0.1039726734161377,-0.49538251329710536,55.80362274279737,37.40920375565884,-0.3653574557791554,-0.9308672996225523,train
30618_8158f0b0,1785179087.4266462,6.006244932408268,-5.271416669261174,1.2519361409124814,0.6155925635185316,1.4196105003356934,1.3751106262207031,1.4013478755950928,0.1759493350982666,0.10197234153747559,,55.799225781331785,37.40220165710432,-0.991810495334773,-0.12771821069758377,train
30618_8158f0b0,1785179182.8580987,3.257834380386762,5.9194201833674605,2.308108462272924,0.5468671105995506,2.305832862854004,2.310506820678711,2.300255537033081,0.1079704761505127,0.10643768310546875,0.0,55.799986931968554,37.392746041749426,-0.929580956229013,0.3686180215566704,train
30618_8158f0b0,1785179246.3504374,3.201233199262811,5.595558654585409,2.348918255560373,2.1400147407579873,2.1993918418884277,2.1770219802856445,2.201199769973755,0.09597134590148926,0.17596054077148438,0.43942582249615714,55.800390689099494,37.39048730669196,-0.9856546804253146,-0.16877455660042803,train
30618_21dd3af3,1786373147.0793266,3.046480795365139,7.278038145379774,2.4682365020958894,0.6286604186539447,2.4013326168060303,2.3712291717529297,2.3999862670898438,0.09995722770690918,0.09996891021728516,6.3044232669398435,55.79987750942888,37.389893032392614,0.4203120321110443,0.9073796315008865,train
30618_21dd3af3,1786373156.284773,3.2604157880933644,5.3872004138197065,2.306281036153242,7.243846937862027,2.29736590385437,2.336181640625,2.300112724304199,0.10597848892211914,0.10398149490356445,6.169289762479898,55.80008950458823,37.39003237725492,0.3830756700094982,0.9237169647932066,train
30618_21dd3af3,1786373256.065055,8.288092315761867,-5.846047676689116,0.9072576433245416,1.09613005978334,0.9197463989257812,0.9136800765991211,0.8999803066253662,0.18194985389709473,0.09797382354736328,0.5699100967599996,55.79931533022617,37.39571299002875,0.9383186675155294,-0.3457717139846483,train
30618_21dd3af3,1786373517.4884179,3.3672066876475215,5.203158885296269,2.233137374560087,1.256649807987618,2.003445863723755,1.9994819164276123,2.0004842281341553,0.18939781188964844,0.10197210311889648,0.0,55.80546523497719,37.41169571028662,0.9690235639858821,-0.24696828225523043,train
30618_21dd3af3,1786373530.4868145,6.509823798965263,5.038292879300099,1.1550904193827134,,1.0097100734710693,1.0150418281555176,1.0002422332763672,0.10197639465332031,0.10597395896911621,1.632314667318821,55.8054032123973,37.41214683047338,0.9750481261642475,-0.2219935847352121,train
30618_21dd3af3,1786373532.096353,6.550750489950648,-6.626505204353404,1.1478738372938708,4.4690723103850445,1.2016639709472656,1.1606297492980957,1.2002906799316406,0.1039581298828125,0.05598855018615723,1.8922527258268909,55.80538038461453,37.41231202663239,0.9729545848032967,-0.23099648462746078,train
30618_21dd3af3,1786373566.266865,5.3788888348472925,-7.671404045696785,1.3979532451645902,0.8377719874583032,1.4355998039245605,1.3889679908752441,1.4388649463653564,0.16395807266235352,0.09997034072875977,0.8134031208229471,55.80524879510466,37.41326605780056,0.9735593648428151,-0.22843415490432695,train
30618_21dd3af3,1786373578.7014148,9.785891309634504,5.477682311956039,0.7683955261848499,2.5081917614054063,0.6958024501800537,0.6398141384124756,0.700056791305542,0.09197854995727539,0.19755935668945312,1.4005102397212665,55.80502774831218,37.414867980170996,0.9721987871255048,-0.2341570377154985,train
30618_21dd3af3,1786373585.001657,13.94415492454045,6.612781596962498,0.5392535541053713,0.4450237572794336,0.5078580379486084,0.6262209415435791,0.5000405311584473,0.10397648811340332,0.10596990585327148,,55.80486201029087,37.41606277005721,0.9698633591886834,-0.2436494705581008,train
30618_21dd3af3,1786373585.6194937,14.1039493790397,-5.0474880119653776,0.5331439372030937,3.079300883175878,0.5778317451477051,0.6143100261688232,0.6000485420227051,0.10997867584228516,0.15794825553894043,,55.80484321051427,37.41619664896244,0.9734138398115753,-0.22905347948303445,train
30618_21dd3af3,1786373600.973223,6.91560177383592,5.277756969498643,1.0873146470785726,4.322053463878406,1.1316804885864258,1.1091957092285156,1.100080966949463,0.14394903182983398,0.10996651649475098,0.5831738386643414,55.80447417049966,37.419011773941634,0.9765240052003418,-0.21540860537007986,train
30618_21dd3af3,1786373620.200208,5.138257797487066,5.010716837294634,1.463421143589143,2.747256421073677,1.301307201385498,1.226602554321289,1.3000695705413818,0.07630228996276855,0.10166811943054199,3.9302481081408667,55.80437836889924,37.41976895181064,0.974430899641757,-0.22468738688087528,train
30618_21dd3af3,1786373628.6755235,12.415642630134634,-5.6972097932003996,0.6056420377148705,0.934196707028749,0.6538181304931641,0.7175414562225342,0.6000320911407471,0.17394709587097168,0.12397003173828125,1.2426748990013514,55.804228928715354,37.42095517135398,0.9762019554154768,-0.21686341840660792,train
30618_21dd3af3,1786373631.210821,13.809835824809861,6.365813240567087,0.5444985152209718,3.1265894177301896,0.49385786056518555,0.4763302803039551,0.5000269412994385,0.08997845649719238,0.10196685791015625,3.763944116500525,55.804162581310585,37.42147967895676,0.9734009790407414,-0.22910812731661453,train
30618_21dd3af3,1786373632.0065944,14.123076780392438,-6.895107829312972,0.532421880796814,3.2735470687210753,0.4942207336425781,0.5583317279815674,0.5000269412994385,0.10396552085876465,0.06433367729187012,0.23778290889946477,55.80414094830077,37.42165256199392,0.980122681210715,-0.198392363200601,train
30618_21dd3af3,1786373636.5033581,14.306488841999856,6.764701031882007,0.525596125303603,2.583499326549555,0.5058572292327881,0.48566651344299316,0.49988293647766113,0.09197211265563965,0.0939798355102539,0.3742310454866703,55.80401570282971,37.42264856822261,0.974493821514226,-0.22441433071575373,train
30618_21dd3af3,1786373648.7019591,9.864178914240757,-6.089831024300313,0.762297112352521,-0.5362564378236483,0.6998026371002197,0.6644573211669922,0.699836254119873,0.08997964859008789,0.09396123886108398,1.4231115004550794,55.80376088954575,37.42509970061953,0.9967085941232449,-0.08106773958156631,train
30618_21dd3af3,1786373762.230414,14.269046193643753,-5.5637981730124055,0.5269753142577911,1.4369906185203587,0.5998399257659912,0.6546676158905029,0.6000332832336426,0.11197257041931152,0.12596797943115234,2.9529122577671374,55.80455079260727,37.43319418405766,0.9611729628462604,0.27594661710798557,train
30618_21dd3af3,1786373763.2101474,14.237217681138688,5.7958178029663205,0.5281534124477159,-0.23304742458230768,0.5038516521453857,0.6348121166229248,0.5000278949737549,0.0899815559387207,0.09796786308288574,1.4791757761848647,55.804584005993135,37.4334086838143,0.9671556102396117,0.2541850223401141,train
30618_21dd3af3,1786373775.634692,13.752450200390529,5.103755289713257,0.5467705748784187,2.284212774393255,0.5778365135192871,0.6455235481262207,0.6000332832336426,0.11997151374816895,0.06376290321350098,0.9368832225351467,55.80488830783445,37.43612431811994,0.9988872182284422,0.047162752886621834,train
30618_21dd3af3,1786373873.719453,4.703835920177383,5.346204366123348,1.5985751266959145,2.6606993144780415,1.3616104125976562,1.3438472747802734,1.3563497066497803,0.09798097610473633,0.16194558143615723,2.5359893302167444,55.805451158287966,37.45120864002413,0.997338463227333,0.07291083436185251,train
30618_21dd3af3,1786373910.7371535,3.9684546908900176,5.319037855342807,1.894801802655317,3.21843419619262,1.895477533340454,1.9625399112701416,1.900588035583496,0.11197805404663086,0.0579833984375,6.770083036210141,55.80548758552722,37.451852745915076,0.9911154773646219,0.1330041748528883,train
30618_21dd3af3,1786373911.3309934,3.924970855754582,-5.748721511296837,1.915793869151859,9.868894674908388,1.9034638404846191,1.9041709899902344,1.900588035583496,0.09398484230041504,0.10394525527954102,4.294774130604639,55.80549040197043,37.451889645924844,0.9930409354879894,0.1177696923878925,train
30618_21dd3af3,1786374019.1970246,8.054499386073037,5.440057615569568,0.9335695170647281,1.6116469916627185,0.9377272129058838,1.1006653308868408,0.9001777172088623,0.17395949363708496,0.09996819496154785,1.3386050177563933,55.80607844378713,37.4567243239034,0.8833262340355923,0.4687587484671594,train
30618_21dd3af3,1786374107.138582,3.11020445317585,-5.042558383642109,2.4176658529236588,1.6374862149753142,2.3913369178771973,2.2777099609375,2.3998146057128906,0.10596919059753418,0.09397554397583008,3.280555531565878,55.80920170669045,37.461005611491274,0.5625598960626335,0.8267565320830547,train
30618_21dd3af3,1786374126.8631155,3.9815407277955135,5.837603813760351,1.8885742018310812,2.624875117572004,1.7694921493530273,1.7583942413330078,1.8001675605773926,0.12398648262023926,0.10596656799316406,2.2663099712995587,55.809617698768726,37.46145180671248,0.11292422242049918,0.9936036030483815,train
30618_4d487b0d,1786374389.4642425,4.544290909090909,5.670760130163135,1.6546993254792806,0.6594016920782578,1.7328181266784668,1.7425823211669922,1.737987995147705,0.0984337329864502,0.1033322811126709,,55.807169763569135,37.45853520996238,-0.5507862277299047,-0.8346463510631683,train
30618_4d487b0d,1786374416.3806581,4.732806580820206,5.314837801444693,1.5887898593885108,3.1502271886104696,1.499579668045044,1.5062065124511719,1.5114192962646484,0.11795711517333984,0.13596725463867188,2.7773142501520467,55.80665516415842,37.45789479671962,-0.6471030558428601,-0.7624025413905914,train
30618_4d487b0d,1786374443.143222,3.9875046479635508,-6.3556655461484395,1.8857495516386638,2.6779074644845102,2.101410150527954,2.004664659500122,2.100918769836426,0.05597281455993652,0.09996700286865234,-0.0,55.80618310691639,37.45693821470805,-0.8485734607037257,-0.5290775763433021,train
30618_4d487b0d,1786374457.6671815,6.698864905073778,-5.079908722338855,1.122493916299024,0.8827457965391748,1.1037044525146484,1.0759472846984863,1.099848985671997,0.10596466064453125,0.10998225212097168,3.056108696180542,55.8060833518351,37.45662793470907,-0.8871211276868899,-0.4615366776449525,train
30618_4d487b0d,1786374477.3637156,3.935725687896221,8.74264365328841,1.910558737662875,1.1619193762638669,1.7858924865722656,1.7823007106781006,1.8004775047302246,0.10396742820739746,0.1043550968170166,2.727758072935476,55.805667561788795,37.45383498411054,-0.9905384874469209,-0.13723521736918057,train
30618_4d487b0d,1786374559.2769473,3.7517136113296616,-5.137566647744012,2.0042668180606027,1.3426145130211604,2.0014519691467285,1.9696030616760254,1.9998245239257812,0.11196374893188477,0.1139671802520752,2.3918807147968795,55.80548561021408,37.45127698758955,-0.9959796835182492,-0.0895794062208965,train
30618_4d487b0d,1786374691.5781868,14.565175810027895,-6.694354797632719,0.5162611972645974,2.7776377582284844,0.4998588562011719,0.60296630859375,0.5000200271606445,0.08997631072998047,0.0899665355682373,2.7301265156798173,55.80453436288183,37.43288063775241,-0.9591380756873793,-0.28293842398428537,train
30618_4d487b0d,1786374741.0824223,6.11700432491715,-5.153337412358085,1.2292675797897525,2.9698568712770985,1.1016995906829834,1.1488630771636963,1.1000175476074219,0.11396241188049316,0.10397601127624512,0.15824043845468908,55.80383005068439,37.42834188503454,-0.9685924493291755,-0.24865370920721913,train
30618_4d487b0d,1786374942.7903645,4.344066399558449,5.835615220085275,1.7309668891844434,3.225075647947905,1.69352388381958,1.6365966796875,1.6996738910675049,0.09396815299987793,0.09197211265563965,4.7294103128947045,55.80549346226228,37.41064594916095,-0.8401854446199764,-0.5422991966145003,train
30618_4d487b0d,1786374988.7835662,8.376045776410843,7.357345265945679,0.8977308986575825,-2.497813390667728,0.8018054962158203,0.7956151962280273,0.800023078918457,0.09796833992004395,0.09999775886535645,1.784033737956684,55.80206799415455,37.40813879094989,-0.3618384163875593,-0.9322408274829757,train
30618_4d487b0d,1786375077.2529879,6.47079271868965,-7.35082446639233,1.1620577924457232,-0.30136586188035397,1.0397095680236816,1.11669921875,1.0373518466949463,0.16395235061645508,0.09797525405883789,2.8525212677108174,55.79973711117834,37.406091589616466,-0.7949527150936265,-0.6066713943851905,train
30618_4d487b0d,1786375137.2842953,11.700861693250364,5.361616999346217,0.642639431110611,-0.4417221155161868,0.6138303279876709,0.5722262859344482,0.6001338958740234,0.18194222450256348,0.10797452926635742,0.3793358429240307,55.79901569580383,37.39961038491376,-0.9896094538545622,-0.1437815316432375,train
30618_4d487b0d,1786375204.881508,3.208710991796029,5.4406242401111955,2.343444180943657,2.0900803600125903,2.6112756729125977,2.589374303817749,2.599858522415161,0.18994951248168945,0.19593477249145508,1.0337170797407704,55.79998356925848,37.392761908536464,-0.9335221428126034,0.3585197468460635,train
30618_3b36e5cd,1786378513.286801,3.112923920558854,5.068272145893477,2.4155537667956923,2.6368758040206304,2.605283498764038,2.508866310119629,2.6006062030792236,0.1059579849243164,0.10397124290466309,1.7012541427764705,55.81035265888377,37.46131345977197,0.12860923899080087,-0.9916953482023635,train
30618_3b36e5cd,1786378648.6630836,5.993734015845276,5.587357001068419,1.2545493480651082,1.1502441391907312,1.3276448249816895,1.3761730194091797,1.2999842166900635,0.1759481430053711,0.09999346733093262,2.15721963383131,55.80711876740106,37.4584657360808,-0.8813083328745254,-0.47254166208486276,train
30618_3b36e5cd,1786378716.4661872,3.7862374412893693,6.508731619725758,1.9859914278101052,0.5211140432767265,2.027438163757324,2.0457942485809326,2.00028657913208,0.17394542694091797,0.09997773170471191,0.7127224522440908,55.805680786883066,37.454006869354124,-0.9914530441531586,-0.1304640227780632,train
30618_3b36e5cd,1786378763.5870569,3.426127844932408,-7.217801332850895,2.194732783593106,0.683843310624775,2.1074225902557373,2.1165599822998047,2.1001577377319336,0.09198141098022461,0.0999610424041748,0.7737863812239201,55.80558637863011,37.4527511366735,-0.9914218831810938,-0.13070061036450312,train
30618_3b36e5cd,1786378842.6930115,5.019570565838005,-5.919580651338145,1.4980235865653186,1.3261208793487966,1.7115204334259033,1.7326343059539795,1.7002239227294922,0.09997200965881348,0.10386466979980469,1.3594660299432246,55.80548537039027,37.45127199017438,-0.9967205550813716,-0.0809205479361239,train
30618_3b36e5cd,1786378975.4120226,13.357628071430275,5.373841908867183,0.5629319114025314,4.165450050817499,0.49186158180236816,0.5301086902618408,0.4999196529388428,0.10795712471008301,0.10196757316589355,-0.04703704537085345,55.8044727443633,37.43248071603589,-0.965408526144031,-0.26074197523300624,train
30618_3b36e5cd,1786378979.5508835,10.502681911165153,5.077897771838241,0.7159538073851994,1.4001116762937054,0.7500617504119873,0.7857728004455566,0.7591977119445801,0.14796042442321777,0.08625459671020508,0.26889136440593653,55.80435552888814,37.431726365517065,-0.9651030694859674,-0.2618703214737475,train
30618_3b36e5cd,1786378986.370972,8.524609976372751,5.263099265841453,0.8820855291791189,3.5105248945047407,1.0077252388000488,1.0460963249206543,0.9998393058776855,0.1539607048034668,0.1776597499847412,1.2799715863232681,55.80419908441574,37.43071693512035,-0.9633283086185095,-0.2683254922928527,train
30618_3b36e5cd,1786379010.9321194,4.260705185609042,5.898084055534123,1.7648334664064529,0.7786605520733187,1.9814484119415283,2.1023740768432617,1.973928689956665,0.1315770149230957,0.11196279525756836,0.9433133379172964,55.8039593115177,37.42917589638967,-0.9664497172931431,-0.2568558816613004,train
30618_3b36e5cd,1786379061.1201305,13.049201306055108,5.005903892460097,0.576237190744017,-1.361756662657256,0.5998327732086182,0.5719366073608398,0.599992036819458,0.19193673133850098,0.11939382553100586,2.253294658405072,55.80378506023337,37.425268914618584,-0.9972419230816271,0.07421958534280806,train
30618_3b36e5cd,1786379223.9227648,13.70941411916172,5.954660110666763,0.5484869766640429,4.036669488649562,0.49787330627441406,0.4335510730743408,0.49995923042297363,0.09392309188842773,0.0999746322631836,,55.80478019916029,37.416885434504444,-0.971499663709055,0.23704093193622275,train
30618_3b36e5cd,1786379329.6273167,4.29111689407793,-5.594848824311701,1.752325860064952,4.590399150333839,1.7995007038116455,1.8609201908111572,1.7997221946716309,0.09997415542602539,0.09998035430908203,5.565048539630627,55.80549073808951,37.410638391059685,-0.836550553831031,-0.5478897433653923,train
30618_3b36e5cd,1786379333.724179,4.207492597096059,-5.1699142646211484,1.7871534954676194,1.5924073833904646,1.8014872074127197,1.82224702835083,1.8004693984985352,0.09797263145446777,0.09597063064575195,5.865904908120508,55.80538051139619,37.41042871790218,-0.6145785517915356,-0.7888556291729295,train
30618_3b36e5cd,1786379360.8726094,12.029538205330557,5.571472269860726,0.6250809443975435,3.913008883762264,0.6018359661102295,0.5932071208953857,0.6000375747680664,0.1439523696899414,0.14597272872924805,3.6252560347856124,55.80330955354847,37.40899025217476,-0.36038446417603826,-0.9328038582577528,train
30618_3b36e5cd,1786379440.490428,5.3507206828314615,6.005465412246728,1.4053125826921815,1.9994043966602522,1.4575843811035156,1.4896185398101807,1.4510371685028076,0.16194963455200195,0.0939638614654541,1.9899211732132924,55.80000048055142,37.40658625023666,-0.6408601493503362,-0.7676576508930689,train
30618_748832b9,1786380748.1143425,3.263824760210857,-7.789776229619964,2.303872191216714,7.911943257964792,2.009450674057007,2.009789228439331,2.0004043579101562,0.08598065376281738,0.10597658157348633,4.159963618319687,55.80012275674118,37.38998887341903,0.6876546556130888,0.7260379291838989,train
30618_748832b9,1786380763.372098,4.35865174963224,5.324797024641511,1.7251745571755772,0.8674766391833433,1.739515781402588,1.7183794975280762,1.7422020435333252,0.14595794677734375,0.09597396850585938,0.5982796287568467,55.80035851166358,37.39054389410349,0.9811821952463016,0.19308417783870438,train
30618_748832b9,1786380880.8154178,11.157211858446324,-5.909753820140297,0.6739528833417221,3.40141927714938,0.5978310108184814,0.5383033752441406,0.6001276969909668,0.04200148582458496,0.08597993850708008,0.6656943320244924,55.798944800951894,37.39912682940122,0.992569141035093,0.12168196359714922,train
30618_748832b9,1786381075.7451289,11.064045876546743,5.212287748527533,0.6796279756932175,2.164970964930942,0.6858184337615967,0.6546473503112793,0.7001931667327881,0.10995721817016602,0.09796881675720215,2.585093963320597,55.802742099792354,37.40866357281849,0.3600027513092775,0.9329512415178783,train
30618_748832b9,1786381135.442497,4.230025212788785,-6.23820108800694,1.7776336366318999,1.179823337110127,1.8914859294891357,1.9134466648101807,1.8968126773834229,0.10595703125,0.07398843765258789,3.631692153624921,55.8055381129193,37.41110452584331,0.9999884770637306,-0.0048005978545110056,train
30618_748832b9,1786381137.9438105,4.494315242114298,-6.593248472679616,1.673099170167895,2.981720703656438,1.439589500427246,1.4637768268585205,1.4439430236816406,0.10396814346313477,0.24191975593566895,2.424157324924099,55.80552574349086,37.41127215954612,0.9683928313033763,-0.24942999875762878,train
30618_748832b9,1786381182.8952882,7.102890172638645,-7.092292048046724,1.0586444277317282,0.31343320768888544,1.0417144298553467,1.0516281127929688,1.046201229095459,0.16194868087768555,0.10397458076477051,1.7932634940677061,55.8052436671153,37.41330468477753,0.974162398383562,-0.22584866963430703,train
30618_748832b9,1786381197.73915,14.520505469327421,5.859842201050371,0.5178494039300581,5.566223774466024,0.511866569519043,0.4920039176940918,0.49994850158691406,0.1059572696685791,0.11397933959960938,0.6074469458072502,55.80488824644596,37.415876157704155,0.9730268433686337,-0.23069192028346422,train
30618_748832b9,1786381198.6408994,14.23523546185189,6.1949517548492254,0.5282269564283087,0.5538110620296227,0.5038614273071289,0.5149002075195312,0.49994850158691406,0.0819556713104248,0.09396862983703613,1.1530394958889572,55.80486025149523,37.4160767235233,0.9697496547262175,-0.24410163284661157,train
30618_748832b9,1786381199.338721,14.236706952991076,6.993779921731598,0.5281723594426132,3.817434818724864,0.49585628509521484,0.4532792568206787,0.49994850158691406,0.07599854469299316,0.09197640419006348,0.5238572562769224,55.804838970461915,37.41623038219508,0.9745262160377655,-0.22427361471005577,train
30618_748832b9,1786381235.4306586,4.563985606656653,6.41701136316668,1.6475588991970367,1.884036544553843,1.7435216903686523,1.7442083358764648,1.699791669845581,0.09797358512878418,0.13796210289001465,2.1505649838514267,55.804443775245474,37.419249543747405,0.9749529048722411,-0.22241140546558988,train
30618_748832b9,1786381263.3328817,6.443922337643141,6.493958069348799,1.1669034336631345,2.8702108386254785,1.1159613132476807,1.1841588020324707,1.1001739501953125,0.09996676445007324,0.11223673820495605,2.985071368510688,55.8043604029377,37.41991282195008,0.9756186450350962,-0.21947268499720637,train
30618_748832b9,1786381266.2800694,9.011055503898147,-5.68907500067304,0.834467737858398,1.5916876504434743,0.7577869892120361,0.7299151420593262,0.8001265525817871,0.14794182777404785,0.0959615707397461,3.6323923683884787,55.80431550791907,37.420271076462235,0.9754195932243778,-0.22035566058985098,train
30618_748832b9,1786381273.9359288,14.022065646234175,-7.361005993566028,0.5362573027229982,4.986907898743415,0.51186203956604,0.46016645431518555,0.5000791549682617,0.10595822334289551,0.10797858238220215,-0.6136353015639846,55.80413557510312,37.42169958556398,0.9808074427333648,-0.1949788713651739,train
30618_748832b9,1786381278.830572,14.45025441133345,-5.7294714543690715,0.5203669698823296,-2.0864809180865165,0.5038509368896484,0.44854736328125,0.5000255107879639,0.0899667739868164,0.07996797561645508,2.800996869358951,55.80399755347739,37.42279188576486,0.9768757642072667,-0.21380772040426582,train
30618_748832b9,1786381335.8306928,4.477237950938295,5.126964593629323,1.67948078356624,3.5506709713844087,1.455601453781128,1.4712674617767334,1.450727939605713,0.09397077560424805,0.14596104621887207,4.218307311449833,55.804063380040795,37.43005699200638,0.9632256053697982,0.26869393956690873,train
30618_748832b9,1786381365.6383977,14.495,5.342353647270555,0.5187606141465577,,,,,,,0.2308758588123646,55.80458481260817,37.4334136949432,0.9665445436605294,0.2564988208940906,train
30618_748832b9,1786381498.2814555,4.112145554681354,-5.351394588689603,1.8285916687686476,3.687766479104917,1.8614790439605713,1.9351446628570557,1.8998963832855225,0.11596274375915527,0.08397746086120605,4.1899863075221795,55.80548844330967,37.45186466554881,0.9908535942964218,0.13494130083062778,train
30618_748832b9,1786381498.8433037,4.048526806554594,5.692465126497743,1.8573262476316905,5.008558985802581,1.6195414066314697,1.703038215637207,1.5999126434326172,0.09597134590148926,0.11339402198791504,0.361040329227768,55.80549109840965,37.45190078542195,0.9920467194150313,0.1258701970200824,train
30618_748832b9,1786381499.4511294,3.9966694084829406,-5.525957203741232,1.8814253403332122,4.1899863075221795,1.6035571098327637,1.5778803825378418,1.5999128818511963,0.10797762870788574,0.10197567939758301,1.6936234926332951,55.80549374323842,37.451939543782814,0.9939301548785062,0.11001294116233996,train
30618_748832b9,1786381633.457801,3.8204073504518035,-5.059964204176967,1.9682286238835505,0.5751545617326034,1.8094899654388428,1.8135809898376465,1.7999491691589355,0.10997414588928223,0.11777973175048828,1.3954713649560475,55.80856301558068,37.460251163961075,0.560199150947724,0.8283579608342333,train
30618_748832b9,1786381671.6471667,3.2505283324313177,-5.084553599772347,2.3132962808018336,1.7294142899826062,2.515300989151001,2.5474138259887695,2.4995439052581787,0.08997964859008789,0.10197138786315918,3.21558855959895,55.80919722834694,37.46100331083904,0.5488735755758308,0.8359053762445859,train
30618_748832b9,1786381690.3899417,3.106048034122419,-7.465580394232486,2.420901099869465,1.5089388792461642,2.203376054763794,2.207958459854126,2.1997599601745605,0.11996650695800781,0.12395787239074707,0.6083107739009617,55.80958302163744,37.461439300453854,0.32913626047149935,0.9442824376439697,train
30618_748832b9,1786381692.1534424,3.554311519654007,9.100510948280112,2.1155813328332935,0.6407416023881639,1.8115129470825195,1.8170366287231445,1.7998037338256836,0.09197568893432617,0.10997867584228516,1.4001132869683637,55.80963622393188,37.4614573653532,0.04625412311846704,0.9989297052818791,train
30618_1cc230fa,1786381984.4699888,7.74749047516868,-7.497705582322711,0.9705639685721122,,0.9217398166656494,0.9241008758544922,0.9001269340515137,0.16959667205810547,0.10596752166748047,1.7635578794210642,55.809395236138954,37.4611522500303,-0.5644739576117468,-0.8254508775076393,train
30618_1cc230fa,1786382063.296048,3.409039520301361,8.334618352140852,2.2057342126059107,2.306243187972241,2.289360761642456,2.2752418518066406,2.299603223800659,0.11596274375915527,0.10796737670898438,0.2348876048123562,55.80705988729369,37.45840457194453,-0.5498521296894838,-0.8352620160619894,train
30618_1cc230fa,1786382210.5930152,4.082117554776722,9.257255226375197,1.8420427636277716,2.24979080540925,1.589552402496338,1.5552411079406738,1.600088119506836,0.09797549247741699,0.0959782600402832,1.5758349349254683,55.80558382886239,37.4527164037427,-0.9900124887258772,-0.14097968707155986,train
30618_1cc230fa,1786382227.678244,4.500564881947209,6.014197251679593,1.6707758468756935,0.39123573267171724,1.903472661972046,1.903472661972046,1.9001045227050781,0.1939384937286377,0.10396528244018555,2.1129515865487485,55.80552139195922,37.451891187222834,-0.991693307292096,-0.12862497530442726,train
30618_1cc230fa,1786382300.7618961,5.018037450826121,-5.433462507082802,1.4984812639882603,,1.4296104907989502,1.4296104907989502,1.4346725940704346,0.16394734382629395,0.19794607162475586,6.983009137089824,55.80519041551817,37.443701829910204,-0.998187620427851,-0.06017868746146315,train
30618_1cc230fa,1786382303.1712186,7.229447656467929,-6.08075882573665,1.0401119780329253,-0.49657813064907874,0.9197449684143066,0.9514429569244385,0.9256165027618408,0.16993427276611328,0.09597277641296387,0.1738652831527961,55.8051811230076,37.44346359682928,-0.997488229604495,-0.07083242054659702,train
30618_1cc230fa,1786382348.2126775,10.39277582671721,-5.971345856823531,0.7235251897499587,-0.18869674153885777,0.7058095932006836,0.7097561359405518,0.7001137733459473,0.11995863914489746,0.1194155216217041,2.075966512781534,55.804949158597154,37.436981362853466,-0.9986775730136016,-0.05141113847856878,train
30618_1cc230fa,1786382355.300796,13.95213533334446,-5.442431147616672,0.5389451092897243,0.225645213042992,0.49376702308654785,0.5159106254577637,0.49997544288635254,0.11205840110778809,0.10796952247619629,0.32573339739115564,55.80489569746833,37.435602080262576,-0.9936924624148784,-0.11213960112224203,train
30618_1cc230fa,1786382398.1887531,3.5165085055706418,5.245190287595977,2.138324161634336,-0.7416755934091432,2.2993767261505127,2.312772035598755,2.301731824874878,0.09397053718566895,0.09598493576049805,0.0,55.803968938559734,37.429239810317014,-0.9645822552204762,-0.26378224525881205,train
30618_1cc230fa,1786382424.5654078,8.989892735378966,-5.473591295887058,0.8364321269888183,1.2991886575709464,0.7657859325408936,0.7657859325408936,0.7001092433929443,0.14795184135437012,0.133958101272583,-1.1737403978190646,55.80374646003296,37.42708628810813,-0.9991374889711845,0.04152442814002621,train
30618_1cc230fa,1786382527.87863,11.423520450324366,-5.258048686379874,0.658241488230613,1.3222981819297426,0.6578123569488525,0.7191851139068604,0.6000561714172363,0.15994644165039062,0.10395359992980957,0.8091525302726006,55.80450329234119,37.419041522600274,-0.975737138208509,0.21894528339443375,train
30618_1cc230fa,1786382537.5919259,7.002763691199962,5.1083221943501185,1.0737810718222105,2.6758117159821637,1.133680820465088,1.120758056640625,1.1000711917877197,0.17595362663269043,0.11196160316467285,1.995311357132097,55.80469473083593,37.417536808175235,-0.9742972612170612,0.22526616875361846,train
30618_1cc230fa,1786382663.9907205,3.7586997568128173,-5.261396204274708,2.000541567180254,0.7694618183563825,2.0294349193573,2.0644726753234863,2.0001001358032227,0.17995238304138184,0.09397625923156738,2.955093084353813,55.80523003232114,37.413639769260534,-0.9673469708379273,0.25345579103797594,train
30618_1cc230fa,1786382665.6802557,5.2535866113854235,-6.895959653469143,1.4312955430787888,0.8798282322074967,1.251633882522583,1.2489628791809082,1.246058702468872,0.15796780586242676,0.09995746612548828,3.2761157471616262,55.80524688914372,37.413519744385,-0.9709475663618645,0.2392923387322977,train
30618_1cc230fa,1786382668.7373881,7.746910497580049,5.316159544992011,0.9706366304868563,2.0064392038634393,0.8877677917480469,0.9610717296600342,0.9000451564788818,0.11196637153625488,0.10597991943359375,2.4821798452239485,55.80528992703774,37.41320633235146,-0.971008167454986,0.2390463108598624,train
30618_1cc230fa,1786382673.1261795,8.089150749467732,5.858974101357828,0.9295704005206151,2.550590090111172,0.9077434539794922,0.9500672817230225,0.8998818397521973,0.10197591781616211,0.1019747257232666,2.657670396896724,55.80537020112206,37.41263085829422,-0.9707508272246985,0.24008921558987956,train
30618_1cc230fa,1786382715.0245013,4.266139622821448,5.243790479355537,1.7625853269849878,2.2048824405050786,1.9954378604888916,1.9498059749603271,2.000647783279419,0.09996891021728516,0.09795784950256348,2.6853043881773466,55.8054650613392,37.410573189765394,-0.7816697508800152,-0.6236925529130317,train
30618_1cc230fa,1786382825.8856292,6.127629102283809,-6.084882522124723,1.227136136430289,1.1972735320002519,1.3596131801605225,1.3494930267333984,1.345712661743164,0.15796470642089844,0.1179511547088623,2.3476480713589414,55.80148119079498,37.40773382538183,-0.3541081279006237,-0.9352044876681866,train
30618_1cc230fa,1786382912.0916114,8.445966883627781,-5.31398328818157,0.8902989090130726,0.10995345497425117,0.8457596302032471,0.8686387538909912,0.8475103378295898,0.15595006942749023,0.0979621410369873,0.37550667297745327,55.7991962878382,37.401835790260904,-0.9896338425246538,-0.1436135708416461,train
30618_1cc230fa,1786382918.7377737,12.31202189161481,-6.425199142917494,0.6107392569839011,3.172030565576515,0.6578047275543213,0.5954687595367432,0.6567480564117432,0.1059718132019043,0.15395212173461914,0.17405262566814758,55.79910513503092,37.40070916097244,-0.9880655561480391,-0.15403394675806445,train
30618_40ffd323,1786385015.6730533,3.1836946744518166,10.010927775836182,2.3618581148486184,1.4034915673648864,2.5992705821990967,2.5684943199157715,2.601351499557495,0.09197092056274414,0.07796001434326172,3.1315380218455466,55.810355340595756,37.46131668991855,0.09263390024765122,-0.9957002362784234,train
30618_40ffd323,1786385267.4879775,5.052032572777341,5.1114177076095615,1.4883979851144478,0.0762313695262997,1.571603536605835,1.5429182052612305,1.599484920501709,0.1339583396911621,0.10185122489929199,1.761727765390962,55.80564782724104,37.45356597611687,-0.9914536993652252,-0.1304590434389646,train
30618_40ffd323,1786385312.1515431,3.031824064029602,-10.166922708999275,2.480168685006168,1.2799468167374626,2.1234257221221924,2.127854108810425,2.1025803089141846,0.09796428680419922,0.11196422576904297,1.9012489060428015,55.8055594326709,37.45239533012106,-0.9929844858916456,-0.11824470719023522,train
30618_40ffd323,1786385329.970593,4.259235576854303,5.021727843394771,1.7654424054205287,1.0159032107023263,1.8814752101898193,1.8814752101898193,1.9001529216766357,0.11396622657775879,0.1959385871887207,2.037837536312613,55.805489982181264,37.45137032030969,-0.996684554205718,-0.08136276425828538,train
30618_40ffd323,1786385377.8532689,6.944757843363986,-5.0242037930394075,1.0827497907993289,-1.4755721509245703,1.0077176094055176,0.8975019454956055,1.000345230102539,0.1219797134399414,0.1059713363647461,1.6503170060964556,55.80521998218429,37.44447033990769,-0.9978241557060437,-0.06593143627679376,train
30618_40ffd323,1786385380.2905946,5.343172960923157,5.162419164964155,1.407297715617126,4.587063159913903,1.5415639877319336,1.5630698204040527,1.559967279434204,0.10597681999206543,0.1719512939453125,1.876131842498268,55.80521065488131,37.44423561722409,-0.997639886227706,-0.06866336292062689,train
30618_40ffd323,1786385397.4398072,6.848680413895048,-5.995134238662688,1.097939259481058,0.051797102807968586,1.133690357208252,1.1391029357910156,1.1365275382995605,0.1659564971923828,0.09198355674743652,1.3778641005910464,55.80518316505297,37.44351584405337,-0.9973592294233472,-0.07262621760815678,train
30618_40ffd323,1786385398.2415953,7.563090975848175,-5.495854921790533,0.9942277735474516,1.3778641005910464,0.9181082248687744,0.9187166690826416,0.9346990585327148,0.17996454238891602,0.07834529876708984,1.563497198406782,55.80517949385972,37.44342287020745,-0.9980825385742708,-0.06189706126416207,train
30618_40ffd323,1786385569.7918441,13.753922084734045,-5.712586604789878,0.5467120618925445,-2.7749018973231387,0.4998488426208496,0.6122362613677979,0.5000956058502197,0.11396622657775879,0.1199648380279541,4.238572483121255,55.803912772776336,37.423724353410044,-0.9777674996991903,0.20969195628825132,train
30618_40ffd323,1786385585.7514107,6.648097136590134,5.168543806402613,1.1310657692813342,2.1100511492892093,1.2416460514068604,1.2969889640808105,1.1998896598815918,0.15796899795532227,0.11397480964660645,1.67578640503941,55.80425044493954,37.42104280475123,-0.9745120418778387,0.22433519615763756,train
30618_40ffd323,1786385725.2525628,6.922114541163007,-5.932162052098171,1.0862916320351712,0.8549351959848304,1.1676828861236572,1.152529001235962,1.1443769931793213,0.16594243049621582,0.10997414588928223,0.46757794621959575,55.805273269420695,37.41332747243558,-0.968540263756823,0.2488569016158963,train
30618_40ffd323,1786385741.2001235,3.0369666547457257,-6.3132871392960475,2.475968937724122,0.6426969434339119,2.299377918243408,2.2777225971221924,2.3004181385040283,0.10796904563903809,0.05198979377746582,2.9367476315663827,55.80547815430055,37.41184954943253,-0.9718400176506666,0.23564163488813247,train
30618_40ffd323,1786385773.8074806,4.415318989297406,5.3167287113390325,1.7030332622130424,5.9149983794769705,1.689103126525879,1.7184910774230957,1.7017829418182373,0.11839699745178223,0.09797954559326172,5.743068713271243,55.805464700965054,37.41057255114199,-0.7835772827440624,-0.621294327969789,train
30618_40ffd323,1786385987.41759,6.038797901914504,5.2183426937318504,1.2451874071941433,1.318666304289512,1.1836631298065186,1.1385090351104736,1.200406789779663,0.10396599769592285,0.08794784545898438,2.756933046684647,55.799287085191736,37.402952057348664,-0.9918150269551875,-0.12768301494670536,train
30618_2cb9ce37,1786386890.6502018,8.317332488538042,-5.324779749161168,0.9040681146770007,2.2559415575623496,1.0017242431640625,1.0720224380493164,0.9967901706695557,0.08197402954101562,0.10397768020629883,0.520763484616851,55.803226988871884,37.40899363582025,0.3581728479207675,0.9336552956055714,train
30618_2cb9ce37,1786386939.858533,4.427779930429558,5.951616730862594,1.6982404772146977,0.8017896622008697,1.5075604915618896,1.4731857776641846,1.4999759197235107,0.10800385475158691,0.1059877872467041,3.58839304649756,55.80552450605839,37.41089270096108,0.9602987842590588,0.27897355600589396,train
30618_2cb9ce37,1786386940.8722234,4.385166501760719,-7.492929760340629,1.7147433510301542,2.8685751286464822,1.6935234069824219,1.6521153450012207,1.6999726295471191,0.11596250534057617,0.10196709632873535,2.755434642587134,55.80553247155354,37.41096189726462,0.9869665152920812,0.16092575211011453,train
30618_2cb9ce37,1786387051.3734643,8.60567821167248,5.859800591342037,0.8737760019721887,3.24409019534552,0.8977406024932861,0.9229404926300049,0.9000871181488037,0.1039729118347168,0.10596776008605957,1.8656729148080897,55.805056565816706,37.41465851657136,0.9692075723873788,-0.24624516569257496,train
30618_2cb9ce37,1786387152.8711958,13.922266258335698,-9.390560329541106,0.5401013716105474,1.4421597318706116,0.4998621940612793,0.5118799209594727,0.5001282691955566,0.10795307159423828,0.10197257995605469,3.1460330876947245,55.80413681934256,37.42169106775997,0.9812794404904954,-0.1925893550294516,train
30618_2cb9ce37,1786387155.1105738,14.48318118594,7.32058656221057,0.5191839420854639,3.2902289494759827,0.45588207244873047,0.41195249557495117,0.4588751792907715,0.13796281814575195,0.09596991539001465,,55.804073682270726,37.422188405443954,0.9787631655577798,-0.20499430662170645,train
30618_2cb9ce37,1786387175.870801,10.549855375496804,5.034211648466171,0.7127524344569752,1.8074687692597857,0.7977735996246338,0.8736934661865234,0.8001148700714111,0.10795807838439941,0.0999751091003418,2.602034520308863,55.8037262674276,37.426389429551705,0.9996616414703272,-0.02601158535827763,train
30618_2cb9ce37,1786387205.1246595,4.5227912386065885,5.465153781658375,1.6625651517736184,3.216888092217765,1.8434817790985107,1.8270108699798584,1.8441717624664307,0.16195344924926758,0.07597088813781738,1.1274222936029625,55.80407615069331,37.430135924418046,0.9596051716258521,0.28135016365539733,train
30618_2cb9ce37,1786387338.8794317,3.9866170502418754,-5.40103290915708,1.8861694031028478,2.5335074206307677,2.089416980743408,2.0681326389312744,2.1002557277679443,0.10799002647399902,0.09397649765014648,1.389764571640768,55.805426270160815,37.450794699445034,0.9973852865313625,0.07226749069084856,train
30618_2cb9ce37,1786387353.8752542,4.101040655077951,-5.661454863202307,1.833543174643663,3.4655432007256586,1.8974642753601074,1.931434154510498,1.9001920223236084,0.10397720336914062,0.09997010231018066,1.580028200162,55.80548752732584,37.45186247154122,0.9907057031423199,0.13602282808882235,train
30618_2cb9ce37,1786387534.578955,3.6286298977183318,7.207083929025847,2.0722518730230783,0.3455717239228685,2.1033966541290283,2.097231864929199,2.100346565246582,0.08999156951904297,0.09796857833862305,2.26631765896078,55.80964200032712,37.46143996274903,-0.018118125762864593,0.9998358532873488,train
30618_2cb9ce37,1786387582.9854622,3.626744539017238,6.806826620128075,2.0733291306180455,0.8806595081993295,2.007446527481079,1.9865317344665527,1.9998779296875,0.0899658203125,0.105926513671875,1.8045888103288017,55.81016858640971,37.4618844516751,0.7752644678676239,0.6316367665533174,train
30618_af7496f0,1786387658.2887118,3.1690650740290396,-5.719182737225323,2.372761343298768,3.6444056146299992,2.695042848587036,2.7347185611724854,2.700838565826416,0.10417699813842773,0.09797024726867676,2.8513744096119154,55.81035181397888,37.461312464380214,0.09326886333212217,-0.9956409589469158,train
30618_af7496f0,1786387658.7903626,3.2219155485831386,7.665454143087883,2.3338399125206997,5.67206387002469,2.3133838176727295,2.2462868690490723,2.3007144927978516,0.09596848487854004,0.11999177932739258,2.525516717701364,55.81033719850675,37.461314603644105,0.07904705010740637,-0.9968708862582543,train
30618_af7496f0,1786387715.6005516,3.429308951889584,6.407391917423652,2.192696898280649,4.008246517481699,2.0415165424346924,2.0455286502838135,2.0013508796691895,0.11186504364013672,0.12316060066223145,2.581360559017825,55.80957135096935,37.461386846398426,-0.21683845381780684,-0.9762075009678541,train
30618_af7496f0,1786387781.5921984,6.127652352001526,5.6935986300348445,1.2271314803944806,0.6314121990090874,1.105679988861084,1.077233076095581,1.1007821559906006,0.09398674964904785,0.0999751091003418,2.256330468628453,55.808835977815,37.46055449760962,-0.5571358788339005,-0.8304213463754272,train
30618_af7496f0,1786387785.8969755,3.933958410322556,7.438531149185589,1.911417030318278,1.6958770989797411,1.6275503635406494,1.6329643726348877,1.601137399673462,0.10595345497131348,0.12793946266174316,0.0,55.808661854355364,37.46031013781101,-0.5563915983929428,-0.8309202063000671,train
30618_437e855c,1787725209.6386378,3.757,6.526133692092734,2.001446660115612,1.148076210504168,1.9054644107818604,1.998558521270752,1.9000954627990723,0.09397578239440918,0.10796594619750977,2.7452331196490825,55.81072484854514,37.46183433930749,-0.9999989957397234,-0.0014172224753648272,train
30618_437e855c,1787725227.3396876,3.6510781058147823,-7.489010941796265,2.0595108853132302,2.233086301937261,1.807497262954712,1.883134126663208,1.8000731468200684,0.0979771614074707,0.10597014427185059,1.651003198934311,55.81041151952831,37.461307858870136,0.04342847450546797,-0.9990565387414908,train
30618_437e855c,1787725277.5436325,3.8086179529361277,5.711832007691136,1.974321182899822,1.0687759556841296,1.7935073375701904,1.7522106170654297,1.7999489307403564,0.10396838188171387,0.09997367858886719,6.407064576254374,55.80961004690663,37.46138994124341,-0.13946003210635957,-0.9902277008066848,train
30618_437e855c,1787725281.2405875,3.324481982690795,-6.39052351741883,2.2618366233310776,3.4869632029792568,1.9954521656036377,2.05851411819458,1.9999432563781738,0.1059567928314209,0.09997940063476562,2.549515994599635,55.80950653145233,37.461303580450846,-0.5463059231156155,-0.8375857200124626,train
30618_437e855c,1787725446.0625193,3.943127518298643,9.4144786169023,1.906972337861088,1.5454902642805461,1.9134125709533691,1.8782281875610352,1.900134801864624,0.21601510047912598,0.12797808647155762,0.8256333092577414,55.80558446903186,37.45272555741411,-0.9918171627960416,-0.12766642308457765,train
30618_437e855c,1787725591.7576694,13.916803807548341,-5.64786165352084,0.5403133654852478,2.8644881603761125,0.5098593235015869,0.44602036476135254,0.5000028610229492,0.09997987747192383,0.10997438430786133,1.1711029332828766,55.804904077410825,37.43574626037756,-0.9962605265685567,-0.08640001852628384,train
30618_437e855c,1787725628.889281,8.595682426906928,5.39122352901803,0.8747921024299812,1.8570440136851187,0.7758004665374756,0.773068904876709,0.7999639511108398,0.13396334648132324,0.10797548294067383,0.5174066044792317,55.80383451008982,37.42835781483521,-0.7683393807771955,-0.640042651662306,train
30618_437e855c,1787725667.7563975,9.651396356488142,5.35345689663571,0.7791033363788257,1.6908048513631873,0.8157796859741211,0.8622899055480957,0.8000102043151855,0.10396862030029297,0.11597967147827148,0.9043110040546873,55.80413787688066,37.421942899577324,-0.9984333326091142,-0.055954270034180804,train
30618_437e855c,1787725741.7336934,7.398468659847889,6.4572174002753595,1.0163501999897573,1.0419012642745438,0.9317488670349121,0.9616618156433105,0.8998599052429199,0.16794991493225098,0.09598183631896973,1.0930923952023677,55.80467071958288,37.41772339770882,-0.9743403123435054,0.22507988746745083,train
30618_437e855c,1787725913.7755408,4.142143036978757,5.485882971563743,1.8153489715166777,5.695833398597507,1.605545997619629,1.6212372779846191,1.6003351211547852,0.09996533393859863,0.10196876525878906,5.504349291529532,55.80545813790965,37.41055859926961,-0.7653523551900536,-0.6436115073590885,train
30618_437e855c,1787725914.7712653,4.005252256634003,-5.143935401767555,1.8773936372171611,3.5388806447835663,2.0034284591674805,2.16866135597229,2.0004191398620605,0.19144988059997559,0.09997010231018066,2.694750161574341,55.80543379749188,37.41051159107069,-0.711880849421996,-0.7023002607334115,train
30618_437e855c,1787726213.455675,5.510561347543095,-6.571612641757125,1.364549748712429,0.5304923902661476,1.2636394500732422,1.297497034072876,1.2472310066223145,0.15195202827453613,0.11797046661376953,0.6384410839629315,55.800051475156444,37.39244149539719,-0.9375891270478576,0.3477450630010963,train
30618_437e855c,1787726231.9664936,3.087129819040126,5.411644623314267,2.4357366041679303,3.0534226754334752,2.4073307514190674,2.413386344909668,2.400535821914673,0.1719520092010498,0.16395354270935059,2.3248277495084033,55.80035405934286,37.39102657130867,-0.926615063032582,0.37601133621358285,train
30618_437e855c,1787726262.0200937,3.0639859452113587,5.454513799918924,2.4541349851184293,0.782731173824493,2.2673611640930176,2.232576608657837,2.2994449138641357,0.1239769458770752,0.09198594093322754,2.420565212509848,55.80040055869251,37.39078721372016,-0.9871014695953131,0.16009587353449492,train
30618_437e855c,1787726283.0281997,3.1612341892568483,-8.38840405188199,2.3786390542049793,1.0443966268113898,2.2733771800994873,2.311347723007202,2.3002140522003174,0.12596917152404785,0.09798169136047363,2.0218635598338994,55.80019738267029,37.39002210250642,-0.7017033048261508,-0.7124692779313773,train
30639_584b6e32,1787726019.064188,3.2710333452542737,5.071835293105128,2.2987950009631684,4.2786867141510525,2.328021287918091,2.3579564094543457,2.297060489654541,0.049986839294433594,0.11603164672851562,4.417019421052348,55.81057131735036,37.46229932630808,-0.3684895205219494,0.9296319020265514,train
30639_584b6e32,1787726030.678028,3.247690168347118,8.169565141943558,2.3153178758678514,3.155286609780801,2.298025131225586,2.216606616973877,2.301450490951538,0.11196565628051758,0.11000895500183105,2.0310071418623554,55.81072481512089,37.46180346240437,-0.9999718821536036,0.007498993411089446,train
30639_584b6e32,1787726054.7737098,3.3308257301575948,5.082896304193354,2.2575288265527416,0.9438780897288593,2.218047857284546,2.205416679382324,2.19972825050354,0.10199785232543945,0.12204766273498535,0.9144072669187763,55.81020024689758,37.461336091000696,0.08675854883004831,-0.9962293682706328,train
30639_584b6e32,1787726123.7788157,3.9523394702334116,-6.719578054881087,1.9025276443701538,0.633268493562849,1.891977310180664,1.9141039848327637,1.8999724388122559,0.11000776290893555,0.09601545333862305,0.7526557926097467,55.80711699973547,37.45847188859269,-0.5552742780697347,-0.8316672869087343,train
30639_584b6e32,1787726249.2892492,3.9979897813699545,-8.754430518976553,1.8808039823147666,0.22732774868460942,1.8899011611938477,1.9025084972381592,1.9004490375518799,0.10594391822814941,0.10402464866638184,2.0659232618499836,55.80558461637884,37.452731828166954,-0.9918374383681813,-0.1275088069556152,train
30639_584b6e32,1787726266.3949788,4.6044978673488615,7.1481609552443,1.6330630002840745,0.6222997029135495,1.5119457244873047,1.4719130992889404,1.5000557899475098,0.09996938705444336,0.10601949691772461,0.5066005470486072,55.80552529610645,37.45191055022699,-0.992622441441275,-0.12124639684197942,train
30639_584b6e32,1787726465.808285,12.28370917028069,-5.571642310923873,0.6121469499006813,0.8085919565863066,0.5999875068664551,0.7110190391540527,0.6000351905822754,0.11593818664550781,0.09192061424255371,1.4531654295331435,55.803992200507764,37.423091148871144,-0.9764281169854944,0.2158428418089456,train
30639_584b6e32,1787726467.800266,9.834643459830104,6.195265513808398,0.7645864471617819,-1.0349737019756058,0.6959710121154785,0.6872038841247559,0.7000408172607422,0.10596680641174316,0.0859835147857666,0.5856616686883507,55.80403511772324,37.4227504199292,-0.9748047115562996,0.22306002404653238,train
30639_584b6e32,1787726470.422231,5.98465211358272,8.847563226724775,1.2564531670919188,4.336299304418236,1.3759698867797852,1.4158730506896973,1.4000821113586426,0.12391853332519531,0.09994244575500488,5.286968679985902,55.804075174202445,37.422431777553,-0.9775576300815865,0.21066817478981523,train
30639_584b6e32,1787726472.402198,3.247098662470496,6.042402234298914,2.315739644428706,4.652989474197246,2.0019853115081787,2.0442025661468506,2.000117063522339,0.10398554801940918,0.10999894142150879,0.0,55.80409234392131,37.42229457647741,-0.9736647715699827,0.2279844569341807,train
30639_584b6e32,1787726630.4181156,3.5495866533152136,-5.110106238925219,2.1183973900260793,2.3912231487611515,1.892024278640747,1.8337664604187012,1.8997340202331543,0.11592841148376465,0.10005450248718262,6.81575525005263,55.80522523090847,37.41367369740755,-0.9709920044472656,0.23911195557621415,train
30639_584b6e32,1787726692.5093038,4.276535450492335,6.834898142129522,1.758300659284534,3.3252833194665974,1.7099478244781494,1.6574723720550537,1.699833631515503,0.08999276161193848,0.11399054527282715,2.6511430664922404,55.805474020258494,37.41059390570114,-0.8228310179585521,-0.5682861214962873,train
30639_584b6e32,1787726694.4193065,4.292054352335312,5.182188923479425,1.7519431220536663,5.610305609322063,1.795959711074829,1.8016068935394287,1.7998242378234863,0.10004019737243652,0.10399770736694336,1.4367511825735317,55.80542518096502,37.41049677090561,-0.6957091329867634,-0.7183236055419632,train
30639_584b6e32,1787726997.92728,3.8213663543380303,5.761971169668045,1.9677346804287061,0.9842835552754706,1.8099784851074219,1.692263126373291,1.8001363277435303,0.09402060508728027,0.11397051811218262,2.139512396132587,55.80026563932466,37.39143618233272,-0.9341680610169144,0.35683334173798636,train
30618_d4ba7005,1787727435.4737597,3.4236593233674273,-7.269720733374253,2.196315226439768,1.1313672874396095,1.9954500198364258,1.95339035987854,2.0001702308654785,0.2099306583404541,0.09797477722167969,2.6671324076767253,55.79992370146375,37.38964600692974,0.7017113394598987,0.7124613646180366,train
30618_d4ba7005,1787727446.9725468,3.2258048804329684,10.270478086700988,2.3310260169998545,2.9081087504153675,2.0994081497192383,2.0620598793029785,2.099780559539795,0.10396337509155273,0.10995221138000488,2.547680822340903,55.800119698629864,37.38998334262281,0.6859687523591793,0.7276309990556965,train
30618_d4ba7005,1787727580.7711115,9.377088598812675,5.207960293687338,0.8018944284056848,1.1614938122944904,0.6978046894073486,0.6972434520721436,0.6999752521514893,0.09996986389160156,0.10196471214294434,,55.79911651509667,37.39668327158415,0.9299673582714745,-0.36764209844572365,train
30618_d4ba7005,1787727609.545062,6.542259008654604,5.116050617464528,1.1493637124588107,0.8825876860709333,1.1296970844268799,1.1133801937103271,1.100369930267334,0.17594456672668457,0.09998559951782227,1.142692334090534,55.79909424251649,37.400967403945714,0.9909896932475806,0.13393814944617527,train
30618_d4ba7005,1787727612.8441367,4.259434889171282,5.785271353288053,1.7653597948335675,1.0172126857155999,1.9294824600219727,1.9032962322235107,1.9006388187408447,0.16595053672790527,0.09598398208618164,1.4529779889735126,55.79911676905406,37.40124377066924,0.990911409192053,0.1345160924685956,train
30618_d4ba7005,1787727793.7615418,5.5151568318908994,-7.233875370215869,1.3634127426030562,2.7802829406311953,1.2856228351593018,1.2754998207092285,1.257634162902832,0.16396498680114746,0.16195440292358398,2.8534902791910497,55.802130143281936,37.408241547816026,0.36063509228132057,0.932706990547001,train
30618_d4ba7005,1787727794.3373592,6.08206130686573,-5.931486857691188,1.2363300405351136,1.2987793070536593,1.2516570091247559,1.3277451992034912,1.2519805431365967,0.1359567642211914,0.10597467422485352,1.2070349286310071,55.80215863924214,37.40826153208657,0.3676654493768852,0.929958126656514,train
30618_d4ba7005,1787727854.6964812,4.016261048897197,-6.253444793261019,1.8722475980785849,2.1425680792273187,1.8954780101776123,1.8422303199768066,1.90018630027771,0.09996628761291504,0.11161541938781738,1.2688442255415093,55.80546988292176,37.41069533426239,0.7859376369045662,0.6183057745944692,train
30618_d4ba7005,1787727870.1061704,8.682372123185935,5.338855191428392,0.866057685085162,0.9271723354921279,0.7757742404937744,0.7397463321685791,0.8000833988189697,0.12596893310546875,0.09196329116821289,-1.2175511675667292,55.8054299589252,37.4119611300652,0.9693747659983647,-0.24558616216231652,train
30618_d4ba7005,1787727902.1971934,5.40363200860213,5.431227829329647,1.391552032056225,1.9007111334847568,1.2856433391571045,1.2464118003845215,1.300109624862671,0.09397220611572266,0.10397577285766602,1.7819703100913022,55.805269304796866,37.41311988528205,0.9735206213008601,-0.22859921238269268,train
30618_d4ba7005,1787727903.864734,6.981564700749349,-5.879620339217651,1.0770415264141682,-1.0648422661019354,1.0137085914611816,0.8586375713348389,1.000084400177002,0.16595458984375,0.15995478630065918,0.12983714521579648,55.805246627309316,37.413282332044716,0.9721934551622907,-0.23417917443617203,train
30618_d4ba7005,1787728044.7973049,12.584622687933624,-5.06744774264421,0.5975097774893269,1.7380700664183109,0.5978372097015381,0.6306021213531494,0.6001436710357666,0.09995818138122559,0.09796810150146484,0.48077570768494016,55.80421112385248,37.421096430414984,0.9755922276548189,-0.21959008479325312,train
30618_d4ba7005,1787728052.597128,14.232879922752307,-6.361351458310791,0.5283143778957893,2.5523276165702944,0.5098519325256348,0.5482175350189209,0.4999806880950928,0.1019740104675293,0.10197281837463379,1.69228429100723,55.80399819592566,37.42278672364146,0.9766178787680344,-0.21498260132072244,train
30618_d4ba7005,1787728094.1155124,12.56682825780641,-5.050378410488436,0.5983558418874184,3.815217543919505,0.5818288326263428,0.545607328414917,0.600116491317749,0.11397433280944824,0.11194777488708496,1.0139049924353811,55.804050393929316,37.42997011604923,0.9645756091526321,0.2638065469768115,train
30618_d4ba7005,1787728259.0054004,4.307675974536871,5.1340197527507305,1.7455897673136351,1.2011361587330536,1.8075003623962402,1.8023760318756104,1.799860954284668,0.09597611427307129,0.10598063468933105,1.3200745658149382,55.80548213794954,37.451778184716936,0.9913254442752216,0.13143007088385267,train
30618_d4ba7005,1787728260.3190348,3.9657131351759882,-6.448147089870555,1.896111706960534,3.2109423189100874,1.8894779682159424,1.8699073791503906,1.899853229522705,0.10798430442810059,0.07997775077819824,4.562838165750159,55.805488277235675,37.45186320839131,0.9894864124734194,0.14462586051768891,train
30618_d4ba7005,1787728260.8129008,3.9098709918913954,-6.8796433136424735,1.9231926367004852,4.562838165750159,2.0914106369018555,2.0517332553863525,2.0998377799987793,0.10598063468933105,0.09197568893432617,3.83200406000559,55.805490483089244,37.4518939807276,0.9937255318392696,0.11184617727379315,train
30618_d4ba7005,1787728321.807831,3.8153915542723356,5.6308212737978565,1.9708160997616002,0.8647304259923158,1.6975374221801758,1.6806771755218506,1.6998987197875977,0.10396003723144531,0.09197211265563965,1.0820808781009665,55.80567678057023,37.45437894266414,0.9905010837400025,0.13750492031153205,train
30618_dd8e6395,1787728630.1536121,3.1279353695840317,6.15143306561993,2.403961148038147,1.4615684205316133,2.0654361248016357,2.1015772819519043,2.0998919010162354,0.13393306732177734,0.07597851753234863,1.1678733659708735,55.810446290121675,37.46232711031211,0.21299212519085192,0.9770539159159459,train
30618_dd8e6395,1787728646.6210122,3.7189141074455634,6.279677545865099,2.021943740781709,1.8518580815163188,1.9054722785949707,1.9118173122406006,1.9001150131225586,0.10396909713745117,0.09798216819763184,0.721868675799284,55.81072485796319,37.46180441329139,-0.999966801791402,-0.008148332042524199,train
30618_dd8e6395,1787728647.8266845,3.185056688704459,6.788759786234812,2.360848122019746,0.9046844669123333,2.5932788848876953,2.5755858421325684,2.6001574993133545,0.0999763011932373,0.07598114013671875,1.2361857002227459,55.810725590268724,37.46173934305726,-0.9993047840886634,0.037282013056029184,train
30618_dd8e6395,1787728663.8302062,3.646388698021844,6.633982481323004,2.062159502121545,2.0638350555317535,2.1893913745880127,2.140615463256836,2.200375556945801,0.10196971893310547,0.08997750282287598,2.859080098641994,55.81040949562072,37.46130768513656,0.040197271084610464,-0.9991917630752118,train
30618_dd8e6395,1787728670.9322104,3.3072358200414853,-8.333054931866904,2.2736313680710047,1.6926528092984692,1.9954497814178467,2.0068492889404297,2.0003414154052734,0.0939633846282959,0.10197162628173828,0.973847248875431,55.81019871845255,37.461336116733236,0.0752155528063784,-0.9971672982082951,train
30618_dd8e6395,1787729073.5296829,9.504527296569153,-6.205313739905185,0.7911424595275394,,0.7198009490966797,0.6817982196807861,0.7000036239624023,0.17994904518127441,0.08797264099121094,0.24294369731452223,55.80376583573687,37.42587224096522,-0.999414055255161,0.0342278564685817,train
30618_dd8e6395,1787729183.4289784,9.39338702524855,-5.144284686381191,0.8005030647457421,0.33008264265023846,0.7357947826385498,0.7357947826385498,0.700059175491333,0.15996646881103516,0.11198306083679199,2.0369857575516637,55.80442193905377,37.41965237701434,-0.9782408405631331,0.20747254723055547,train
30618_dd8e6395,1787729183.866846,9.661091478693756,-6.830955038761127,0.7783214886886706,2.0369857575516637,0.7837808132171631,0.7973227500915527,0.800067663192749,0.10597610473632812,0.1019737720489502,0.7920589338213272,55.80443008674213,37.419587330168035,-0.9753111968060746,0.22083493696583056,train
30618_dd8e6395,1787729366.3698504,4.401241634500073,5.5463916586483775,1.7084804076903335,1.645167767502348,1.7275159358978271,1.6795203685760498,1.7003898620605469,0.09996962547302246,0.047995567321777344,3.8231857495592725,55.80546580817931,37.41057494684129,-0.7863956451322124,-0.6177231494100666,train
30618_dd8e6395,1787729367.8654318,4.422,6.652786524662376,1.7004602220837528,3.8231857495592725,1.6015417575836182,1.566436767578125,1.6003668308258057,0.09997248649597168,0.09395551681518555,0.8242067403253857,55.8054258945349,37.41049807369903,-0.6944039912526884,-0.719585364590148,train
30618_dd8e6395,1787729504.6412048,7.997315701509903,-5.343718663041383,0.9402448749940777,0.7364218505558465,0.8337674140930176,0.8224771022796631,0.8003146648406982,0.16594386100769043,0.19194602966308594,3.1430845667485516,55.80135615255092,37.40764782245183,-0.3663008523761665,-0.930496472614751,train
30618_dd8e6395,1787729515.640135,8.537068964859536,5.174184931334081,0.8807982145869984,1.2685431144145294,0.9317350387573242,0.8748817443847656,0.9437589645385742,0.16196227073669434,0.09996581077575684,-0.7981106839039951,55.80042227835836,37.40700113982153,-0.36247176004572756,-0.9319947549044213,train
30618_dd8e6395,1787729587.4500644,4.614102996924397,-5.555073351636427,1.6296634702490498,0.8051334146076954,1.7575137615203857,1.7568252086639404,1.6999943256378174,0.16193866729736328,0.12396407127380371,2.07353667261946,55.79980335128077,37.406236414431994,-0.7573840240042763,-0.6529697084728279,train
30618_dd8e6395,1787729612.149154,6.326982235457084,5.624467566316323,1.1884710312468774,1.7476776286356241,1.3556418418884277,1.3556418418884277,1.3408291339874268,0.15993952751159668,0.09797453880310059,2.2204311425444514,55.79929223657326,37.40301808930922,-0.9900944597506671,-0.14040285171973785,train
30618_dd8e6395,1787729721.8685093,5.689752116557909,-6.850375092537159,1.3215751667233153,1.3970296398747852,1.1356849670410156,1.0245914459228516,1.100043535232544,0.17794299125671387,0.1079719066619873,0.4006962272147455,55.7993569834363,37.39570779130955,-0.9356808264767568,0.35284754634795656,train
30618_dd8e6395,1787729770.39295,4.511647498635055,5.362985143452034,1.6666716768828391,3.361501698728073,1.9034743309020996,1.9271602630615234,1.9001820087432861,0.09597110748291016,0.09197402000427246,2.2811376432166477,55.800175653881865,37.39186073854076,-0.9387647725897177,0.34455870580290926,train
30639_4285f2bc,1787728900.8368592,4.305897475389277,6.582010185685778,1.7463107621656866,,1.4999306201934814,1.4475178718566895,1.5003430843353271,0.10209131240844727,0.1038980484008789,0.4674680220076416,55.809873803094604,37.461385067489616,0.07411611105122841,-0.997249618742791,train
30639_4285f2bc,1787728918.9446218,3.613557919080657,5.072260746304356,2.0808951372688695,0.5506546431668372,2.1078848838806152,2.022631883621216,2.1006124019622803,0.11206984519958496,0.10797977447509766,0.866855036210351,55.80963943378299,37.46139919923447,-0.07999600924370578,-0.9967951838291962,train
30639_4285f2bc,1787729144.0496514,4.308986057268197,5.764411271136398,1.745059046865775,1.3101400529264788,1.7259697914123535,1.6959497928619385,1.7009129524230957,0.09995555877685547,0.10599684715270996,1.4564134716508834,55.80565234233111,37.453627564291516,-0.9896193264014014,-0.1437135651663982,train
30639_4285f2bc,1787729201.9549286,7.2855064420761515,5.160640341787046,1.0321087712759662,2.340439010928095,0.9961035251617432,1.008476972579956,1.0000479221343994,0.08595991134643555,0.08614706993103027,1.376116364805628,55.80546080531485,37.45065458496094,-0.9969074301413303,-0.07858483141808253,train
30639_4285f2bc,1787729331.1732726,14.61254365795566,-5.424218113991429,0.5145876911006161,-0.8571362300005088,0.5279538631439209,0.5420243740081787,0.49991321563720703,0.10602355003356934,0.12198925018310547,1.0719332561674415,55.804436756226735,37.43228173726296,-0.966891323768634,-0.2551884950794973,train
30639_4285f2bc,1787729334.36721,14.582099758959162,-5.628320757202048,0.5156620257953217,1.715759838159609,0.5079779624938965,0.4820883274078369,0.49991321563720703,0.08995580673217773,0.09992480278015137,1.178764239410584,55.80432908866248,37.43155434317024,-0.9682977486355834,-0.24979885905916493,train
30639_4285f2bc,1787729379.9666538,11.287014677061727,5.055561890474114,0.6662022968159937,0.362195965547963,0.7199692726135254,0.6806869506835938,0.6998410224914551,0.09795475006103516,0.11797833442687988,-0.027431892215619993,55.8038973489866,37.4238538476393,-0.9780340378264902,0.20844524665439476,train
30639_4285f2bc,1787729385.570619,5.8712622511503705,-5.5239619359202505,1.280718656466257,0.44089898733351895,1.2959911823272705,1.2475533485412598,1.298398494720459,0.10607314109802246,0.09205389022827148,1.4803369916413678,55.80399008134508,37.42310590581973,-0.9764433914929089,0.21577373151017606,train
30639_4285f2bc,1787729417.5841787,4.055265698686313,5.158002050230476,1.8542398108440208,0.5271521404712671,1.785935401916504,1.7531378269195557,1.7993628978729248,0.10603213310241699,0.0999910831451416,0.8787071250515636,55.80406855850139,37.422473870827965,-0.9759964151569026,0.21778658728414593,train
30639_4285f2bc,1787729524.8808084,5.651817831776859,6.324930610263777,1.330445411700458,1.2188806883274725,1.1999404430389404,1.2161369323730469,1.200038194656372,0.0960080623626709,0.09796571731567383,1.5463166335957976,55.80475559926918,37.417061821985136,-0.9756950645367017,0.21913270189253178,train
30639_4285f2bc,1787729526.4827464,3.310401649858141,6.165045252146923,2.2714570307130497,3.8634827726538,2.0999703407287598,2.089728355407715,2.1003575325012207,0.10598921775817871,0.1120152473449707,0.0,55.80477043923465,37.41695163672367,-0.9727578897987555,0.23182339794393544,train
30639_4285f2bc,1787729593.2699354,6.3675872255203485,-6.123580040287299,1.1808923593410028,5.648960814972189,1.1099510192871094,1.0996286869049072,1.100586175918579,0.09003758430480957,0.10802149772644043,2.2602157811726364,55.80493091373909,37.4158045034893,-0.9678928766888355,0.2513630427390046,train
30639_4285f2bc,1787729615.1916656,8.177667509077773,5.275390023786879,0.919508538798779,0.1628875638100118,0.7939505577087402,0.8130600452423096,0.7999119758605957,0.11399459838867188,0.11196660995483398,1.4867809415138769,55.80510346520484,37.41455279550783,-0.9688209363522935,0.24776196900546582,train
30639_4285f2bc,1787729710.3843682,4.333717323847455,7.911919147266827,1.7351005015201668,3.7584911118889286,1.8219952583312988,1.7927842140197754,1.799926996231079,0.09998440742492676,0.1119692325592041,2.315752774363017,55.80549385828035,37.41064704677496,-0.838685084526354,-0.5446166807884444,train
30639_4285f2bc,1787729710.7883801,4.392860904249929,7.7706675563868775,1.7117398583641885,1.8763293577419602,1.9059665203094482,2.0448319911956787,1.8999228477478027,0.0880122184753418,0.10994243621826172,2.0460087302196412,55.80548523843086,37.41062333555282,-0.8407441428306764,-0.5414326239671111,train
30639_4285f2bc,1787729711.3863819,4.2755536255127,-5.553241831831277,1.758704430038032,4.171252956917125,1.9999539852142334,2.050696611404419,1.9999186992645264,0.1060023307800293,0.09399247169494629,5.483671589660081,55.80547204785381,37.41058923039458,-0.8047987118351726,-0.5935478358383987,train
30639_4285f2bc,1787729713.2923434,3.321765665493912,-7.099344076341828,2.263686201638276,3.9267880159062774,2.407982349395752,2.4645636081695557,2.399902582168579,0.09398770332336426,0.11993908882141113,1.0677765958189687,55.805429377516866,37.41050440992555,-0.7009419365522964,-0.7132183407500934,train
30639_4285f2bc,1787729829.3128796,7.838506796111876,7.118559203910072,0.9592943270501736,2.818768681784145,0.885974645614624,0.9132294654846191,0.8999426364898682,0.11994481086730957,0.09598731994628906,1.5743063116042593,55.800349240552634,37.40695206813033,-0.3573276115975156,-0.9339791100394136,train
30618_e9a34502,1787730446.630054,3.556289730611233,5.862263030957564,2.114404525967,0.975061110170473,2.009448528289795,1.9704322814941406,2.000061273574829,0.10198020935058594,0.11198878288269043,7.668224944540557,55.79988037456953,37.38957088507642,0.6972442509652079,0.7168336309744167,train
30618_e9a34502,1787730450.0351007,3.2583838828886824,-5.122747899385251,2.3077192167388474,1.078546672775761,2.4912972450256348,2.583627462387085,2.5000765323638916,0.10797810554504395,0.09797048568725586,0.6569396734324479,55.79995170011115,37.389694028987506,0.6907453132740358,0.7230981345501827,train
30618_e9a34502,1787730606.9452686,9.531575423789429,5.523053560479775,0.7888974033911472,-2.6613459944686064,0.8957417011260986,0.9702792167663574,0.899907112121582,0.10396933555603027,0.20193099975585938,1.5284007378576419,55.79911763641861,37.396677707209825,0.9318051195044781,-0.36295897738621263,train
30618_e9a34502,1787730623.75258,11.144958214719976,7.071329393100961,0.6746938801549633,7.297086497836907,0.5898375511169434,0.5308175086975098,0.599938154220581,0.21593928337097168,0.08598136901855469,1.0748347591522578,55.79894339628325,37.399106051010335,0.9928259787060628,0.119568290137262,train
30618_e9a34502,1787730811.7200618,9.451749982118589,5.078775959944473,0.7955600937688885,,0.8497605323791504,0.849022388458252,0.8000149726867676,0.16994595527648926,0.21993660926818848,0.1788335285009983,55.80304963898444,37.40887335552806,0.3497319665417178,0.936849802038119,train
30618_e9a34502,1787730981.7445722,6.155810983954415,6.552881893244779,1.2215181917791706,2.8861417676819823,1.3176488876342773,1.2912664413452148,1.3000409603118896,0.1859447956085205,0.10399246215820312,2.122591706792867,55.80445096357737,37.41919294255704,0.9735292034801236,-0.22856266092989916,train
30618_e9a34502,1787731065.2452497,3.1707071334906898,-6.40768850072506,2.3715325274384673,2.806087477314409,2.613288164138794,2.5635056495666504,2.5975592136383057,0.1799466609954834,0.09398722648620605,2.906050740723849,55.804203359309255,37.42115690599305,0.973872686295089,-0.2270946738441635,train
30618_e9a34502,1787731074.6206398,11.338985561391505,-5.90248730506034,0.6631488382574128,0.534050048175798,0.6498253345489502,0.49706387519836426,0.6414554119110107,0.1619560718536377,0.10998415946960449,2.809083958118743,55.80406539548021,37.42225086169456,0.9732269592042904,-0.22984622223993723,train
30618_e9a34502,1787731233.8401723,6.008494908578527,6.104888722992267,1.2514673335777664,1.716688214927554,1.2356476783752441,1.2065565586090088,1.200049877166748,0.1679553985595703,0.10196495056152344,0.5307515418768448,55.805417504522566,37.45038889866102,0.997430453226439,0.07164140546151092,train
30618_e9a34502,1787731285.469754,4.044512302410414,-6.698042824987783,1.8591697934935159,6.278895358359493,1.8974688053131104,1.91031813621521,1.893054723739624,0.16195225715637207,0.19193434715270996,3.1292684645744386,55.80548880013647,37.45186808098185,0.9906615796705258,0.13634381014442298,train
30618_e9a34502,1787731286.069581,4.00908743294471,5.557658853917998,1.8755976834686445,-3.1292684645744386,2.1274032592773438,2.194592237472534,2.100440740585327,0.18986868858337402,0.11996173858642578,2.026238285808315,55.80549142863669,37.45190620784925,0.9937884970656548,0.11128532293158558,train
30618_e9a34502,1787731286.5694516,3.9724412798321533,-5.307624642090902,1.892900252605388,3.1292684645744386,1.627532720565796,1.6727869510650635,1.6003358364105225,0.09798145294189453,0.11996173858642578,-0.32664418508712006,55.805493548809075,37.45193776819386,0.9924979549632834,0.12226123422287323,train
30618_e9a34502,1787731398.1642847,6.407498944999297,-5.010016564106569,1.1735366898379067,7.51203061546364,1.0996947288513184,1.0946033000946045,1.0997810363769531,0.1759634017944336,0.17995357513427734,0.7429112341253555,55.806463641306074,37.457659304247805,0.72302366304368,0.690823264430852,train
30618_e9a34502,1787731415.771378,11.011607796294971,6.045641100799843,0.6828644137311526,,0.7057859897613525,0.6716709136962891,0.7000279426574707,0.1879429817199707,0.17394542694091797,1.2241393745585345,55.80789894277899,37.45946554461398,0.5533614146465784,0.832941261302583,train
30618_e9a34502,1787731420.084167,7.614608053787282,5.346319158979613,0.9875012671616641,-0.3631694548357536,1.0996906757354736,1.2451493740081787,1.100043773651123,0.10798048973083496,0.10597705841064453,1.4731195028065998,55.808198312387425,37.459819626559046,0.5581456391888594,0.8297429996417321,train
30618_e9a34502,1787731423.8231137,4.499475582396151,7.55573689352577,1.6711803329867063,0.8704702696408806,1.487588882446289,1.4818120002746582,1.5000596046447754,0.12995529174804688,0.12997055053710938,0.6432279045900623,55.808367745723885,37.46001951556376,0.5494410202836303,0.8355325039935211,train
30618_e9a34502,1787731424.5509195,3.6828654888777623,5.337150544860415,2.041734927534827,0.6432279045900623,1.925461769104004,1.8852818012237549,1.9417264461517334,0.1459500789642334,0.09997034072875977,0.6050766482075496,55.80838938058106,37.46004503187969,0.5539171847816768,0.8325717701216764,train
30618_e9a34502,1787731464.5637352,3.436515890613451,-7.368666423944625,2.1880984524451197,4.262462357062512,2.4873156547546387,2.505983591079712,2.4528961181640625,0.15195369720458984,0.16195178031921387,1.860511596807738,55.808555473717824,37.460242527318655,0.5517678144333501,0.8339977691549566,train
30618_e9a34502,1787731465.7514122,4.533095734687552,-5.584184160428063,1.6587858589694309,0.4673953068478655,1.5595731735229492,1.5862064361572266,1.5429902076721191,0.15995526313781738,0.12996768951416016,1.2070268301238223,55.80859183135824,37.46028525011565,0.5520432589696721,0.8338154713281252,train
30618_e9a34502,1787731506.9159095,3.2934320077247694,6.6972052757354925,2.283160874254414,1.5101749983720671,2.5612854957580566,2.67704439163208,2.60025954246521,0.11596202850341797,0.157944917678833,0.6445118323181844,55.809197240133166,37.46100352789254,0.5571162312453732,0.8304345277521593,train
30618_e9a34502,1787731527.9120533,3.791866151682045,8.7171529589894,1.983043388469497,2.467527109379834,2.095418691635132,2.130908966064453,2.1004836559295654,0.10393142700195312,0.1039743423461914,2.2841585164164906,55.809649756716766,37.46145921654638,-0.015519526219032093,0.9998795649006618,train
30618_e9a34502,1787731571.799798,3.1439515342250197,9.051496012759372,2.391714700496452,2.254580655001815,2.3993396759033203,2.458609104156494,2.4005796909332275,0.10396838188171387,0.1019749641418457,2.8823065384565787,55.81002745813403,37.46161893654533,0.6726905527107256,0.7399239287208775,train
30618_e9a34502,1787731580.3894038,3.723350934957121,-6.03026369725575,2.019534347798712,1.1036878059301625,1.811485767364502,1.7787179946899414,1.8004345893859863,0.06798839569091797,0.09996652603149414,1.103827708772124,55.81018805228179,37.46192414974752,0.765882207021641,0.6429809056011384,train
30639_9f0b519f,1787732158.442036,3.4878982070905753,-5.861885405509763,2.1558642642632275,0.8607804780828849,2.4139750003814697,2.4428951740264893,2.399998903274536,0.10799741744995117,0.1039879322052002,1.6551700771010158,55.79972133133443,37.389405606811266,0.6872316252007298,0.7264383616825062,train
30639_9f0b519f,1787732165.8359892,3.2193187079638843,-5.288685129318761,2.3357224879453313,4.379271611925616,2.6059136390686035,2.517063617706299,2.599998712539673,0.10596132278442383,0.10192513465881348,1.8317080645528248,55.79986971637701,37.38966273888164,0.6486121357394814,0.761119108531292,train
30639_9f0b519f,1787732166.6380274,3.3128876382527754,-5.16214461699767,2.269752531063843,0.6454009962177425,2.591947317123413,2.6094229221343994,2.5999984741210938,0.09006333351135254,0.08401250839233398,2.943599541333084,55.79988798526663,37.38968938169593,0.6193346582179993,0.7851271114475631,train
30639_9f0b519f,1787732179.5398118,3.3810094056219153,5.408055337908562,2.224020758283339,7.232991014026079,1.9960031509399414,1.9896466732025146,1.9998915195465088,0.10002779960632324,0.08805418014526367,3.3774584776887204,55.80012131651828,37.389986134730975,0.6802177628178201,0.7330100921181916,train
30639_9f0b519f,1787732194.9376137,3.6674590801802447,-6.402350101611976,2.0503119292294314,2.6599175038435994,1.9999804496765137,1.9549942016601562,1.999507188796997,0.09002566337585449,0.09195804595947266,5.2177933007667585,55.800360430750764,37.39056695739495,0.9888903794900653,0.148646619039905,train
30639_9f0b519f,1787732197.3415604,4.213493621120041,6.388404267499513,1.784608160877082,7.620032116330031,1.593984603881836,1.551891803741455,1.6002931594848633,0.11193370819091797,0.089996337890625,0.575622185784103,55.80036527142369,37.39071739088835,0.9993660022493415,-0.03560328001981159,train
30639_9f0b519f,1787732326.346036,10.94509460912522,5.658512412384987,0.687014171242083,4.599044923670037,0.6939888000488281,0.732295036315918,0.7000644207000732,0.0980525016784668,0.09197807312011719,1.119143874019615,55.79894276437362,37.39909429347253,0.9933324330435997,0.11528520054058405,train
30639_9f0b519f,1787732362.7436361,8.862181675130534,-5.692107048205711,0.8484857767197147,-0.06490678207212254,0.797882080078125,0.7782230377197266,0.8000662326812744,0.09003376960754395,0.09397578239440918,1.0493739979832026,55.79919262257444,37.40217808918782,0.9908247300126727,0.13515307763907666,train
30639_9f0b519f,1787732377.0373943,8.740781703740792,-5.280402819088346,0.8602703232865616,1.7028689497731218,0.9139435291290283,0.8812875747680664,0.9000568389892578,0.09400510787963867,0.08392834663391113,0.8378573320461706,55.79939980849847,37.40471532235755,0.9892767154138741,0.14605334758209676,train
30639_9f0b519f,1787732421.5488014,5.972640440597955,-5.293363669115063,1.2589800402084041,0.21049443379432217,1.1199798583984375,1.1411912441253662,1.100010871887207,0.09997725486755371,0.11394262313842773,0.953693711598056,55.80173137506564,37.40796715218785,0.3556733327829991,0.9346103361011121,train
30639_9f0b519f,1787732509.35172,6.984030860856732,-5.531096915579805,1.0766612078131543,2.7287303221924852,1.014021635055542,1.0437567234039307,1.0001277923583984,0.08201313018798828,0.10204076766967773,0.7882673754462809,55.80274486449133,37.40866542301119,0.35563342972589557,0.9346255205489503,train
30639_9f0b519f,1787732549.4693372,3.2108149941587394,6.802296569739832,2.3419085545987706,2.2313080071953397,1.991868495941162,1.9339449405670166,2.000638246536255,0.11008167266845703,0.09200644493103027,1.3693274708979057,55.805051419497055,37.41022760147122,0.3614610111282914,0.9323872250487526,train
30639_9f0b519f,1787732551.261195,4.285761628877286,5.291046851791041,1.7545154754731827,1.3693274708979057,2.003983736038208,1.983323097229004,2.000638246536255,0.0959775447845459,0.10198616981506348,5.15906155545798,55.80510922198963,37.41026851309192,0.36686330970557873,0.930274858303646,train
30639_9f0b519f,1787732556.3671296,3.5088889161745316,8.782279915401134,2.1429675551690615,4.14746298377516,2.181973457336426,2.1687309741973877,2.1998965740203857,0.1059873104095459,0.1000068187713623,3.4639281628931595,55.80526994442543,37.41037870060626,0.4159494616332492,0.9093877310405117,train
30639_9f0b519f,1787732574.8649414,4.284929576020847,5.073235443961283,1.7548561694302558,2.3561105477388713,1.4979877471923828,1.3709502220153809,1.4998533725738525,0.10404014587402344,0.10604691505432129,1.948195456460705,55.80552722605425,37.411260785855816,0.9732504701037766,-0.22974664838203318,train
30639_9f0b519f,1787732581.4509182,5.648545907541187,5.286942919065435,1.3312160731517477,2.01420228987298,1.4179141521453857,1.5146653652191162,1.3999302387237549,0.08009600639343262,0.10601019859313965,1.4963187310224157,55.80546289197387,37.411720688800955,0.9738773191451836,-0.22707480541572655,train
30639_9f0b519f,1787732587.158837,6.345876792607127,-7.524095162463493,1.1849324132505077,1.2723917903636963,1.328033208847046,1.287290334701538,1.2999351024627686,0.1060791015625,0.13013195991516113,1.8138531491852508,55.80538081101287,37.4123175248937,0.9740482489188235,-0.2263404709241667,train
30639_9f0b519f,1787732714.1671934,4.838489873185338,-5.04383727102851,1.5540871840461372,2.9008334615509597,1.4940307140350342,1.4487311840057373,1.4995732307434082,0.10601115226745605,0.09599947929382324,3.422445098419043,55.804916877943995,37.41566790731096,0.9719398592798716,-0.23522948357513235,train
30639_9f0b519f,1787732743.0708184,3.2072882531054048,-5.964401438383587,2.344483722276532,2.2483722547602363,2.4980013370513916,2.4846341609954834,2.50004243850708,0.10593390464782715,0.10403275489807129,2.5656851038077937,55.80441390315825,37.41948996478007,0.9761558029413434,-0.2170710675883388,train
30639_9f0b519f,1787732767.5685117,13.6917404715924,6.202396733813538,0.5491949776330968,3.78871403949475,0.5059835910797119,0.4657459259033203,0.500108003616333,0.10200667381286621,0.10595941543579102,0.07084131142181248,55.804162034777605,37.42148486866071,0.9741963765160828,-0.22570206020977004,train
30639_9f0b519f,1787732850.8855162,11.274386793060122,5.900395872497867,0.6669484771165466,0.7448596944011323,0.5920181274414062,0.5767726898193359,0.6000392436981201,0.11005210876464844,0.10196948051452637,-0.06544658408946048,55.80488403909821,37.43600813892144,0.9968701535002884,0.07905629045377446,train
30639_9f0b519f,1787732943.2903152,3.4636464177574333,7.9101541365171775,2.170959213245235,0.5244451760708274,2.102047920227051,2.099839925765991,2.0997025966644287,0.10797452926635742,0.11605191230773926,0.8675231281278982,55.805426906807625,37.450672443532476,0.9968205900211546,0.0796788008812715,train
30639_9f0b519f,1787732969.6780148,3.8444749887347385,-9.799637787963329,1.9559068856184931,6.612206167988066,2.004060745239258,2.0485897064208984,2.000293731689453,0.09803032875061035,0.10008978843688965,4.879744217726142,55.805488466000455,37.45186477505389,0.9897128408406171,0.14306813997251647,train
30639_9f0b519f,1787733114.5822675,3.061459433040078,-6.464317945395847,2.4561602943036336,1.4468773299199935,2.501892566680908,2.451573610305786,2.5005853176116943,0.09408974647521973,0.09592723846435547,2.0137778462800826,55.80957715926419,37.461439735828954,0.3185348921536089,0.9479111363839381,train
30639_9f0b519f,1787733140.7859118,3.06312705338197,5.7194576203933964,2.4548231173604815,0.3861673501904696,2.6019203662872314,2.6019201278686523,2.6012444496154785,0.09406089782714844,0.10193920135498047,1.228666443590921,55.810019206725435,37.46160610833259,0.6421820552122406,0.7665521560620535,train
30618_33bec73f,1787733204.9800515,3.413398970030756,5.030843975704974,2.2029171415571738,0.7686352666887664,2.2033867835998535,2.226799964904785,2.2007665634155273,0.0619807243347168,0.09397077560424805,1.721206747500708,55.799798320269566,37.38953885489448,0.7005785712522489,0.7135752696822935,train
30618_33bec73f,1787733258.5031168,3.3569091028300315,-8.02857852479038,2.239987700505539,7.065195760505015,2.487330198287964,2.4762134552001953,2.500018358230591,0.075958251953125,0.08398270606994629,4.321646186022666,55.80012314759708,37.389989172998774,0.696878689596123,0.7171890211002888,train
30618_33bec73f,1787733272.2652755,3.4928046873137353,-8.184286224378523,2.152835836875105,7.169856820882,2.173393487930298,2.218522548675537,2.1007375717163086,0.1719369888305664,0.1439380645751953,36.65863550359367,55.80034474382937,37.3904490390589,0.9443785501829453,0.32886038672111073,train
30618_33bec73f,1787733272.8950944,3.7661735589405647,-25.743241865811978,1.9965715823700894,5.224556941588294,1.8994944095611572,1.8691298961639404,1.900667428970337,0.10196399688720703,0.10198068618774414,36.65863550359367,55.800350740527406,37.39048419941463,0.963131936567725,0.2690295016597691,train
30618_33bec73f,1787733273.40296,3.5521648189209163,-5.4402210357389436,2.116859854588229,36.65863550359367,2.4213242530822754,2.3570127487182617,2.4008431434631348,0.10595369338989258,0.055976152420043945,5.124455444809054,55.80035476946193,37.39051304962417,0.9715863012433055,0.23668557040164723,train
30618_33bec73f,1787733275.4043992,4.048252158882293,-7.725102212429783,1.8574522551802806,3.228527060597523,2.0074546337127686,1.9743423461914062,2.0007026195526123,0.10394811630249023,0.1119842529296875,3.098564477139991,55.80036446309742,37.39062918532395,0.9953826885300091,0.09598595404938445,train
30618_33bec73f,1787733276.5940878,3.5256503278258586,-5.9926290684523975,2.132779601739835,0.26369915691798584,1.823474645614624,1.8835105895996094,1.8006322383880615,0.09398365020751953,0.10797238349914551,10.860122254161354,55.80036544150379,37.39070122638474,0.9995210167842995,-0.030947326321991486,train
30618_33bec73f,1787733285.5135849,6.238939610900508,5.7201912456348945,1.205242488469771,1.0496012654147007,1.3836140632629395,1.4533326625823975,1.400491714477539,0.10197925567626953,0.09996914863586426,1.9904163779241317,55.80024883168398,37.391358669766795,0.935249299903983,-0.3539897555425999,train
30618_33bec73f,1787733321.7574756,4.474382447607467,-5.002663152049751,1.6805526103552304,2.345110039518297,1.4415953159332275,1.4314706325531006,1.4447050094604492,0.16596293449401855,0.08796954154968262,1.2281104840273165,55.80009874070216,37.392063484060344,0.9352929089743511,-0.35387451790471713,train
30618_33bec73f,1787733453.7006643,3.6950929928712775,9.464623306060732,2.034978582828944,0.948580645467352,1.9974536895751953,1.9727325439453125,2.0001819133758545,0.10196280479431152,0.09592938423156738,1.1171580213322345,55.79914691889986,37.401616782809924,0.991247396382365,0.13201741993078991,train
30618_33bec73f,1787733651.2155764,3.8621557637746466,5.615655473245985,1.9469528320383678,4.561475947439697,2.1014328002929688,2.1145968437194824,2.098925828933716,0.1019747257232666,0.09399008750915527,2.257931404732891,55.80518958397635,37.410328634045825,0.3254599220963542,0.9455558360610098,train
30618_33bec73f,1787733666.6133041,4.206600873564424,-5.999442102136427,1.78753233978265,3.5857830438934126,1.8454697132110596,1.7288239002227783,1.799903392791748,0.09799408912658691,0.1419508457183838,3.776136602387016,55.805532202063105,37.41096014569406,0.9863002855904973,0.1649598334265154,train
30618_33bec73f,1787733839.8589737,12.254461322601333,-6.853437981375292,0.6136079672621755,3.7356170825434627,0.5858454704284668,0.640052318572998,0.6000094413757324,0.133958101272583,0.127976655960083,2.227531132736494,55.804160360458155,37.421498817050136,0.9744915963761047,-0.2244239929070665,train
30618_33bec73f,1787733840.6407495,12.851114786460705,5.270043950172849,0.5851192855250547,3.545479116017168,0.5798501968383789,0.5495431423187256,0.6000092029571533,0.11196637153625488,0.09598064422607422,-1.711481697638726,55.80414121655744,37.42165257804583,0.9788747372854631,-0.20446087328463486,train
30618_33bec73f,1787734006.45451,3.8280039076842383,6.606354472435919,1.9643227340912661,1.7844574734210115,2.011449098587036,2.0042452812194824,2.0002076625823975,0.12396478652954102,0.13996124267578125,1.5755120525687654,55.8054305320513,37.45069698892813,0.9971851171909477,0.07497894406348876,train
30618_33bec73f,1787734041.1308491,4.1176065908337725,-6.209331568982792,1.8261664722398228,2.1626513644497583,1.5995476245880127,1.5714244842529297,1.6001670360565186,0.09997224807739258,0.09397196769714355,4.100614668122663,55.80548813010757,37.45185927031033,0.9899006057993472,0.14176314978895466,train
30618_33bec73f,1787734161.2433507,6.878441952173188,5.85788289172846,1.0931887125511976,0.496195718994681,1.2236578464508057,1.203610897064209,1.1999199390411377,0.08196568489074707,0.13197016716003418,1.1345713343483392,55.80842521149139,37.46008747046897,0.5589120376098915,0.8292269497639106,train
30618_33bec73f,1787734253.7415528,3.3116484514698525,5.367528113775122,2.2706018504823193,0.4405338868125825,2.5053117275238037,2.4668331146240234,2.49969220161438,0.10596346855163574,0.08597016334533691,3.319418735186605,55.809193939972545,37.46099988125372,0.5525742612270133,0.8334636679720482,train
30639_50956d6e,1787733227.6888096,3.09536425538408,8.526403502309691,2.429256940915771,4.390964684365694,2.456800699234009,2.5169425010681152,2.4489660263061523,0.09994387626647949,0.0908205509185791,4.432684129435182,55.81056943510758,37.46230070025088,-0.35453370961029873,0.9350432336261036,train
30639_50956d6e,1787733228.9168231,3.0963458455522974,8.880432998976719,2.4284868283869327,4.432684129435182,2.296251058578491,2.304410457611084,2.3024187088012695,0.12605881690979004,0.1121830940246582,5.103862412157025,55.810600047123,37.462275340061154,-0.46520985847087154,0.8852004222669076,train
30639_50956d6e,1787733229.4927545,3.2647395036120446,7.964758816429457,2.3032266720621957,1.4567275181262407,2.3483498096466064,2.453521966934204,2.342566728591919,0.10000491142272949,0.15033364295959473,1.8491888016539064,55.810614458422165,37.462260379096534,-0.5288649436072775,0.8487059982251045,train
30639_50956d6e,1787733230.0547898,3.441904203323558,7.352506168783774,2.184672976892694,5.103862412157025,2.339405059814453,2.409461498260498,2.3467977046966553,0.09077048301696777,0.17835283279418945,1.5429815741232582,55.81062883955978,37.46224372983779,-0.5671213332804412,0.823634259449068,train
30639_50956d6e,1787733230.5179162,3.3749123524783635,6.158634410481562,2.2280386323314336,1.8491888016539064,2.420921564102173,2.4659719467163086,2.439248561859131,0.0944218635559082,0.0966348648071289,2.771589116886949,55.81064027336,37.46222865083705,-0.6067956502751912,0.7948578733378112,train
30639_50956d6e,1787733232.215842,3.170415802398493,5.561850776783097,2.371750448747362,2.771589116886949,2.395582914352417,2.3475091457366943,2.402523994445801,0.12018489837646484,0.10049700736999512,3.4494794293166846,55.81067546365246,37.46216717643548,-0.7627713162383788,0.6466683223445935,train
30639_50956d6e,1787733233.907126,3.372503569129533,5.090153692940183,2.229629990872085,3.4494794293166846,2.4380810260772705,2.385456085205078,2.426085948944092,0.062376976013183594,0.1163017749786377,3.5511581234925083,55.81070258132278,37.462094721089414,-0.8707731964320807,0.49168489947877886,train
30639_50956d6e,1787733250.3967133,3.355333652019045,-6.124706468317084,2.2410394559508546,2.0987343655148987,1.9096550941467285,1.813060998916626,1.897425889968872,0.09045052528381348,0.11600947380065918,1.7542178061806575,55.810584902866225,37.46132909024087,-0.4210716847351786,-0.9070273624948028,train
30639_50956d6e,1787733286.0060687,4.231424809861002,10.23312787916178,1.7770456619082309,1.0378193468741455,1.7040014266967773,1.7086308002471924,1.7001872062683105,0.09399724006652832,0.11199736595153809,0.5302446912085348,55.809756762682106,37.461393136223094,0.065010699948379,-0.9978845669175478,train
30639_50956d6e,1787733288.6020644,3.6867638515035845,-5.670617928744091,2.039576008912987,3.026715756220155,1.997992753982544,1.999067783355713,2.00022029876709,0.0979776382446289,0.10003161430358887,4.998598806956065,55.809676802729044,37.461401576287074,-0.03708211877000304,-0.9993122217142785,train
30639_50956d6e,1787733302.705915,3.5561349140500202,5.061645433204759,2.1144965767034414,1.1961146111525738,2.3018958568573,2.2746663093566895,2.3004276752471924,0.10597586631774902,0.07989764213562012,1.9921353617911188,55.80910392450603,37.460825613624664,-0.5491274327526758,-0.8357386329460039,train
30639_50956d6e,1787733309.605744,7.718618702480264,-6.208932836741413,0.9741943982332091,0.07300422920910445,0.9900579452514648,1.0294411182403564,1.0001859664916992,0.09793353080749512,0.09405851364135742,1.8486043902155638,55.80881444640253,37.46048168149734,-0.5535824875829585,-0.832794350029744,train
30639_50956d6e,1787733311.0257394,8.546970421762868,10.562126724330327,0.8797778313246369,0.5132303674710533,0.8979861736297607,0.9069297313690186,0.9001674652099609,0.10200214385986328,0.11799740791320801,0.8935660959811784,55.808727224248095,37.460378989853396,-0.5581127055932052,-0.8297651522300947,train
30639_50956d6e,1787733311.5979748,8.765182261640799,-9.983836521130357,0.8578754984892639,0.5059134844238358,0.9077653884887695,0.8958208560943604,0.9001672267913818,0.10022187232971191,0.09996461868286133,0.391945934666299,55.808689901219566,37.46033523080939,-0.5500106416568488,-0.8351576462346625,train
30639_50956d6e,1787733454.423937,3.2861543308776193,7.192919004200376,2.288217273120636,0.9589445965047125,2.3060450553894043,2.288490056991577,2.3034658432006836,0.11599922180175781,0.11205291748046875,0.27808326142550827,55.80562610855663,37.45328479371615,-0.9898275341549468,-0.14227245913646674,train
30639_50956d6e,1787733464.1158352,3.968117168258903,7.014115829267811,1.8949629719108492,0.904186766560931,1.989974021911621,1.9532721042633057,1.99977445602417,0.1080012321472168,0.0939950942993164,0.766200845374645,55.80558487740754,37.45273225455791,-0.9899179742398181,-0.14164181683717145,train
30639_50956d6e,1787733481.3096573,4.610233626031456,-5.7882440547148875,1.6310312474396602,0.8490202254647352,1.6999468803405762,1.7237143516540527,1.7001638412475586,0.09601402282714844,0.07799530029296875,0.2879140320301391,55.80552243211727,37.4519067156732,-0.9907489671325825,-0.13570734735349027,train
30639_50956d6e,1787733491.925495,5.858707832057793,6.639060564665614,1.2834630634607447,1.1826425921175028,1.2939555644989014,1.3240385055541992,1.3001253604888916,0.10397553443908691,0.10599470138549805,0.420796875444346,55.80548177567034,37.45118299913715,-0.9979975351163916,-0.0632528252460452,train
30639_50956d6e,1787733903.8323402,4.361821243541846,6.542166862461826,1.7239209683770742,2.268954689640735,1.799968957901001,1.872304916381836,1.8006618022918701,0.10199999809265137,0.10392260551452637,5.6411754593187755,55.805493313580044,37.4106459108168,-0.8352550131900558,-0.5498627673709867,train
30639_50956d6e,1787733904.5343535,4.412955651717808,-5.400302650471456,1.7039453136419587,1.54030848472675,1.697941541671753,1.652144432067871,1.7006251811981201,0.09800410270690918,0.10190510749816895,3.0974509015276634,55.805478128349044,37.410604597015734,-0.8258299565595243,-0.5639192165983475,train
30639_50956d6e,1787733906.6343071,4.078598496534591,6.550632333269217,1.8436320977520326,3.442107373415187,1.8000199794769287,1.7730720043182373,1.8006620407104492,0.10201549530029297,0.10804915428161621,5.196289670560028,55.805426660946445,37.410499574507625,-0.6977022936343361,-0.716387820567454,train
30639_50956d6e,1787734311.1632202,3.685322017209028,6.7764120773028615,2.0403739664923446,0.7508815334013363,1.8920152187347412,1.8657658100128174,1.8999056816101074,0.11000251770019531,0.08801507949829102,2.154346597417125,55.79984882361749,37.38923663501298,-0.936341168439271,-0.3510914642736007,train
30639_927002c2,1787735195.026391,3.499096984002098,-7.238592466623204,2.1489644718146645,0.7864698497445005,1.8899500370025635,1.915132761001587,1.9001238346099854,0.10402989387512207,0.0999610424041748,1.1449318364227354,55.799723922981165,37.38930243853401,0.7020875040149975,0.7120906801145418,train
30639_927002c2,1787735225.0279965,3.0034811672984763,-6.2349285217719865,2.5035732482444084,3.6853933135991,2.581953525543213,2.5738208293914795,2.600445508956909,0.10595154762268066,0.08399367332458496,2.787677645601834,55.80006753482031,37.38989318680316,0.6887893652077951,0.7249615233766843,train
30639_927002c2,1787735228.0559497,3.268762010347376,7.387023389836979,2.3003923437225864,2.2641437031213987,1.9760198593139648,1.9918768405914307,1.999964714050293,0.13596129417419434,0.09983229637145996,2.1376724554033535,55.80012601470956,37.38999402384662,0.6912772998336499,0.7225895755784871,train
30639_927002c2,1787735246.4217682,3.6306472498390665,8.849651053225056,2.071100435986356,0.6838376556017669,1.901991605758667,1.8728132247924805,1.8997631072998047,0.09598779678344727,0.10995316505432129,0.0,55.80036436687012,37.39074273119588,0.9978091979615419,-0.06615742183114855,train
30639_927002c2,1787735322.3288178,5.775812786846942,6.314371437403365,1.3018834542522053,-0.5310733789707973,1.4899837970733643,1.4986495971679688,1.5001916885375977,0.11192464828491211,0.08997583389282227,1.4587519987932465,55.79939934167252,37.395351053972504,0.9333278070118878,-0.35902535378212536,train
30639_927002c2,1787735349.5285192,10.894299821185895,-6.936292165307839,0.6902173820690598,2.913366431667456,0.6939239501953125,0.7277657985687256,0.7000529766082764,0.11400341987609863,0.10000061988830566,2.9563141662901145,55.79894440713861,37.39911948242188,0.9926841156816478,0.12074040944665082,train
30639_927002c2,1787735545.0440211,4.936412702954009,5.9025019525715,1.5232590049763532,1.4230880034061988,1.5100557804107666,1.4923529624938965,1.4998059272766113,0.10199570655822754,0.11408257484436035,0.5032083118829278,55.803051934952364,37.408874866438694,0.3469819157499609,0.9378718196760616,train
30639_927002c2,1787735583.951611,3.683062665999094,6.5252750907453425,2.0416256208376455,1.2094866242639601,2.292003870010376,2.2572643756866455,2.299893617630005,0.11406111717224121,0.10210514068603516,4.213327460252362,55.80491138104642,37.41013220179916,0.34771438652649794,0.9376005041607547,train
30639_927002c2,1787735601.0493147,4.275205357270581,6.970425581705169,1.758847698220276,2.0574237614583266,1.8839919567108154,1.878615140914917,1.8998022079467773,0.10394668579101562,0.10600423812866211,1.7222856167512661,55.80518757459554,37.41032234093128,0.3319451863243957,0.9432986766003979,train
30639_927002c2,1787735601.4433384,4.313566616598717,5.130732076037297,1.7432059755654108,2.0574237614583266,1.4899682998657227,1.4899685382843018,1.4998438358306885,0.09801173210144043,0.10600423812866211,1.7222856167512661,55.80520191921274,37.41033191148867,0.35570072938880326,0.9345999096470498,train
30639_927002c2,1787735615.0751498,3.973964036907231,-6.623499368016325,1.8921749246393316,2.369690707030322,1.9959735870361328,2.0108373165130615,1.99910306930542,0.12393593788146973,0.12195014953613281,1.6365980444131165,55.805529899743576,37.41093640368568,0.9799335497685223,0.19932445418980363,train
30639_927002c2,1787735617.6511993,4.227823827995547,-5.097105316293066,1.7785592323555717,2.748421358214189,1.5239636898040771,1.5655066967010498,1.4993271827697754,0.10002398490905762,0.12397384643554688,3.201769598154761,55.80553793709034,37.411105111854475,0.9999997126317515,-0.0007581137213766397,train
30639_927002c2,1787735627.7450356,4.760680752449754,5.219124593194716,1.5794873660001247,0.9664468174729481,1.4880197048187256,1.5168986320495605,1.4993271827697754,0.10999059677124023,0.08404421806335449,0.6108210394740234,55.80543061012866,37.411955322806556,0.9715211948094262,-0.23695267045565238,train
30639_927002c2,1787735799.350859,13.232907357825244,-5.047770841114007,0.5682375685648366,-0.03122554134848028,0.5020184516906738,0.5494968891143799,0.5000429153442383,0.09197258949279785,0.10001921653747559,0.48634898595937687,55.80399766973879,37.42279002921381,0.9749702684852687,-0.2223352773847705,train
30639_927002c2,1787735844.766279,13.914720940323772,-6.735260949571899,0.5403942439308014,0.03492050607534586,0.481997013092041,0.5073971748352051,0.4999823570251465,0.11997246742248535,0.08195686340332031,1.016930056299373,55.80413817875065,37.43053861856247,0.9673682033515176,0.253374740541469,train
30639_927002c2,1787735995.6784098,4.261352293941077,-6.430109272303491,1.7645654673390228,1.3204667241521335,1.885962963104248,1.9092493057250977,1.9007136821746826,0.11392498016357422,0.1039879322052002,5.577032651963708,55.80548253357172,37.45178225030582,0.990824966414528,0.1351513445351145,train
30639_927002c2,1787735996.9684117,3.907947650382662,-7.809541949712935,1.924139158137919,5.577032651963708,1.890043020248413,1.8656141757965088,1.9007139205932617,0.11402297019958496,0.09007906913757324,2.768845979287706,55.80548848482357,37.45186428067895,0.9930240524786798,0.11791196376458293,train
30639_927002c2,1787736001.764324,3.4898433731492737,5.332803023512926,2.154662630394421,1.2404754444733475,2.3240292072296143,2.299866199493408,2.3008639812469482,0.09999871253967285,0.1200413703918457,5.6743139337947435,55.80551127776245,37.45216093140914,0.9886238738962324,0.150408895888529,train
30639_927002c2,1787736004.868344,3.350698076680074,-5.746305312867022,2.244139856821935,1.8984077075707464,2.3579790592193604,2.273770332336426,2.3579258918762207,0.10606575012207031,0.12806272506713867,0.4719728175815272,55.805522844927694,37.452322470346225,0.9904211001431299,0.138079847882565,train
30639_927002c2,1787736013.0681875,4.013224354481081,-5.549952008203847,1.8736642753745658,1.2496331455819711,1.8861064910888672,1.9246869087219238,1.8988149166107178,0.1080019474029541,0.07407093048095703,2.665922387594264,55.80555583025993,37.45277030534455,0.9899457512712898,0.1414475504910619,train
30618_2050d396,1787736188.8282042,4.179307750261665,9.261502710972573,1.799205885611933,1.456142516298669,1.8294916152954102,1.8294916152954102,1.7998406887054443,0.14995598793029785,0.0819852352142334,1.064376718997088,55.8003572743259,37.39053384740098,0.976454560834199,0.21572318054880354,train
30618_2050d396,1787736281.660327,3.5341367757748,-6.115476656959691,2.12765820315651,0.03217234145882873,2.0134503841400146,2.0174403190612793,1.9997777938842773,0.19594669342041016,0.09996438026428223,0.8608255629116006,55.79944154471621,37.395154971346,0.935180557188036,-0.35417132218387515,train
30618_2050d396,1787736286.141087,7.531528351504776,-5.584874168957462,0.9983943166796941,-0.034085858383333605,1.1216812133789062,1.1340434551239014,1.0998778343200684,0.18195605278015137,0.09797000885009766,0.058702032520181066,55.79936029075016,37.39553481859627,0.9382892047556028,-0.34585165640646937,train
30618_2050d396,1787736305.541674,9.108589368905418,-6.914289504259834,0.8255323406853685,1.1503428164209037,0.9257388114929199,0.9441492557525635,0.9000825881958008,0.1719374656677246,0.10596370697021484,0.1974436307148735,55.798924192200666,37.39822264585329,0.9992599747048015,-0.038464307519562105,train
30618_2050d396,1787736310.758228,11.13344298214243,5.677075488856568,0.6753917107327184,3.9867183815320058,0.7158021926879883,0.7647888660430908,0.7000641822814941,0.09797048568725586,0.10796070098876953,1.9201811013299426,55.79894251863305,37.39909394832038,0.992459679309618,0.12257155030695434,train
30618_2050d396,1787736361.0442097,3.6460939560832557,-8.159959486404661,2.062326202403176,1.2981471498413235,2.317347288131714,2.3035473823547363,2.300041913986206,0.17995858192443848,0.09797048568725586,3.0425166176016596,55.79914372883047,37.40157818951008,0.9915004072514804,0.13010358342547138,train
30618_2050d396,1787736362.0439425,3.8521170588656033,7.007933051540224,1.9520266355220073,1.7611448354114303,1.9154703617095947,2.0753846168518066,1.9000346660614014,0.17195510864257812,0.09798765182495117,0.0,55.799148868014164,37.40164106003408,0.9889912559110593,0.14797396977666644,train
30618_2050d396,1787736391.947596,8.053634704241471,5.2426083003781105,0.9336697501432764,-1.5796846533105802,1.0237135887145996,0.9902198314666748,1.0001757144927979,0.16785979270935059,0.12796950340270996,2.398617186483373,55.79942280948864,37.404992140262976,0.9842958015262752,0.17652698121745455,train
30618_2050d396,1787736396.8362312,4.376812014371851,5.219788575083962,1.7180164643496858,1.1393159886226525,1.5235886573791504,1.5091900825500488,1.5003044605255127,0.16993975639343262,0.08398628234863281,2.1948081937776847,55.799494788375995,37.40544797348652,0.9348511828336996,0.3550398089713783,train
30618_2050d396,1787736435.4674737,7.180359988555897,-7.388514133907354,1.0472225785390812,-0.5352691342456668,0.8997445106506348,0.8562681674957275,0.9005329608917236,0.09798383712768555,0.09997391700744629,1.3361161632557126,55.80100687092477,37.40746505202296,0.366651076477913,0.930358526653885,train
30618_2050d396,1787736438.8465378,5.234677992327701,6.5072641820801636,1.436465645656781,-8.040267474669797,1.6175446510314941,1.6175446510314941,1.600947618484497,0.17194724082946777,0.12595701217651367,5.317199907749648,55.80118813092156,37.407590653430574,0.3648920533132103,0.9310498318719945,train
30618_2050d396,1787736440.1621637,3.3681590678800566,-7.81279588348909,2.2325059329181682,-0.0,2.5093142986297607,2.554731607437134,2.5014808177948,0.0959784984588623,0.19794154167175293,-0.0,55.80123479897485,37.40762324001267,0.3718354266166546,0.9282986671932747,train
30618_2050d396,1787736468.846174,3.979862666326523,-5.568888354102192,1.889370496544021,2.6157695431421972,2.1273977756500244,2.0911567211151123,2.099395990371704,0.17395734786987305,0.10597443580627441,2.7190234063874,55.80133722462164,37.40769375538519,0.3705213882660105,0.9288239342509582,train
30618_2050d396,1787736474.1686876,5.873716134477423,17.235514399038653,1.2801836060678728,21.505670580311747,1.197669506072998,1.2179899215698242,1.2040369510650635,0.10197091102600098,0.09798240661621094,1.182892860024297,55.801597533849744,37.40787417420098,0.36297808604702936,0.9317976760271703,train
30618_2050d396,1787736474.6665394,5.432141231811668,-16.10588289321877,1.3842488221806697,0.05719293749392903,1.3076348304748535,1.3190867900848389,1.3042042255401611,0.15195035934448242,0.10196709632873535,1.4108960815530776,55.80162074369875,37.407890209389805,0.36510928926223135,0.9309646646862749,train
30618_2050d396,1787736475.4723222,4.490722358915671,25.356217142868744,1.6744377632533032,2.627138021028292,1.697514295578003,1.7101733684539795,1.7000670433044434,0.10596513748168945,0.10196375846862793,0.8004866323732369,55.80165302676545,37.40791263291306,0.3677975208287565,0.9299059004395126,train
30618_2050d396,1787736540.1502914,4.114402223488488,-8.774781616753588,1.8275887221543528,2.3480812198706835,1.9154610633850098,1.9837234020233154,1.9006354808807373,0.17995095252990723,0.09996700286865234,2.1713045050149287,55.80215729428246,37.40826071026902,0.381543436882976,0.9243509105158747,train
30618_2050d396,1787736549.0838063,10.355587657058388,5.8933950459712605,0.7261234563476553,,0.6877987384796143,0.500176191329956,0.7002341747283936,0.10197615623474121,0.1719369888305664,1.3620036292390434,55.8027382919257,37.408660767911336,0.3620865182167824,0.9321444916565498,train
30618_2050d396,1787736594.4831588,3.5246422335073793,-5.332035113095703,2.1333896049278587,5.269308396795466,2.109412431716919,2.07627272605896,2.0956459045410156,0.08198857307434082,0.10997653007507324,2.145151661132865,55.80527283989417,37.410380987156046,0.4225371995490885,0.9063455825441055,train
30618_2050d396,1787736700.553598,6.2381736547218845,-5.688804256582105,1.2053904745602328,0.6246077895688844,1.0477139949798584,0.9595632553100586,1.0001952648162842,0.1619563102722168,0.09397745132446289,1.7949160493097778,55.80514514306118,37.41401713255907,0.971340471462138,-0.23769242415296224,train
30618_2050d396,1787736705.7361605,9.416241227380015,8.219867470340903,0.7985601600976157,1.1678136383108788,0.7457823753356934,0.7266061305999756,0.7548577785491943,0.1259779930114746,0.0999758243560791,1.8503961448388881,55.8050534238397,37.414680362517934,0.9680703015253456,-0.2506788609049968,train
30618_2050d396,1787736728.1539001,3.585560065898801,-6.803261910413115,2.097143811247083,1.2777599765978518,2.03144907951355,2.0197179317474365,2.0402441024780273,0.17195558547973633,0.10551929473876953,3.490619750039728,55.8048985493471,37.41580063529652,0.9704312598949743,-0.24137764979105455,train
30618_2050d396,1787736757.4817412,3.447753417733591,6.18571133652828,2.1809666153553744,1.3546382795418093,2.419325351715088,2.522305965423584,2.40026593208313,0.09597611427307129,0.10397982597351074,1.7135950681152536,55.80443541561983,37.419316028007785,0.9754437245124101,-0.22024881454699688,train
30618_2050d396,1787736810.0011115,5.795277877118947,5.722202820231419,1.2975107081133703,3.7650424101546784,1.1836519241333008,1.2171905040740967,1.200073003768921,0.09798598289489746,0.08197355270385742,1.509993507695997,55.804359655623564,37.41991823230634,0.9767826815832187,-0.21423256745671584,train
30618_2050d396,1787736878.9258828,12.081788474834896,-6.180494569429412,0.6223776486168875,6.983121266798819,0.5838401317596436,0.6019141674041748,0.5999369621276855,0.12595748901367188,0.10996365547180176,1.3547352588272161,55.803985034733735,37.42288943243022,0.9782630924313931,-0.20736760110144403,train
30618_2050d396,1787736908.7995765,9.559822158643874,-5.034296181784923,0.7865664211394742,1.1869454433451838,0.8417532444000244,0.8829936981201172,0.800133228302002,0.09397292137145996,0.2399284839630127,0.34893811537394226,55.80374942814362,37.42798140084333,0.9828423450501876,0.18444762068470316,train
30618_2050d396,1787736919.626551,13.267186116429162,-6.010982680001989,0.5667693990320078,1.695291063589368,0.5698435306549072,0.6092901229858398,0.599942684173584,0.11996579170227051,0.0859827995300293,1.2326051478928968,55.80405091227496,37.4299722070616,0.9631928890166117,0.26881119498233896,train
30618_2050d396,1787736927.0384884,13.950766273275635,-5.722290870998878,0.5389979987306313,0.5434083261714857,0.5718324184417725,0.5498571395874023,0.599942684173584,0.12396669387817383,0.1039571762084961,0.9558116917875552,55.804293238885684,37.43153332460655,0.9620672907045519,0.27281225807577514,train
30618_2050d396,1787737041.808508,4.315064124969304,6.815148184440668,1.7426010099230784,0.21671351766507144,1.8954622745513916,1.8508388996124268,1.8998916149139404,0.10197186470031738,0.07197260856628418,1.0211916566798098,55.80542776295139,37.45063512792746,0.9972165427374707,0.07455982088716356,train
30618_2050d396,1787737315.81217,3.4167243599066355,-11.951923153547291,2.2007731118994416,0.4008790922479483,2.207385540008545,2.2208685874938965,2.2020843029022217,0.09796833992004395,0.10396718978881836,0.3722245020141661,55.809634410114825,37.46145875029932,0.04812304057289332,0.9988414153237839,train
30639_0be558e2,1787736712.903492,3.169733295186324,-5.804321808053484,2.372261134232855,1.7977050747208816,2.2259936332702637,2.2396860122680664,2.200615882873535,0.19564270973205566,0.12398886680603027,1.6852492820225156,55.810670160187954,37.46217763437276,-0.7576909476686932,0.6526135363451464,train
30639_0be558e2,1787737001.1479263,4.1691290700973465,6.271517572386626,1.803598539557515,0.7476062942170455,1.9919488430023193,2.043215274810791,2.000887870788574,0.11195206642150879,0.10799694061279297,1.4925735818553167,55.80565020620956,37.453600038762076,-0.991530796481209,-0.12987178149751932,train
30639_0be558e2,1787737009.1497922,3.3424979221850553,-9.942369598524552,2.249645408048228,0.673286677952754,2.078004837036133,2.0892796516418457,2.1009321212768555,0.10793185234069824,0.08396172523498535,1.3021384986919706,55.80562198206376,37.453222109449456,-0.992128967477547,-0.12522025352129154,train
30639_0be558e2,1787737037.4334335,4.627996995923038,6.405607511438062,1.6247709557025392,0.8808125428417491,1.5139989852905273,1.4664359092712402,1.4998838901519775,0.10198736190795898,0.10401129722595215,0.39682223235625774,55.80552224884417,37.451903360165296,-0.9916730288179811,-0.12878122500959432,train
30639_0be558e2,1787737166.447845,14.076775824333023,-5.3565966485551355,0.5341731086642942,3.0634097110862104,0.48997974395751953,0.46493983268737793,0.5000021457672119,0.11000275611877441,0.10200023651123047,0.7798866027263303,55.80490134466971,37.43569407509342,-0.9957756201131461,-0.09182001082704781,train
30639_0be558e2,1787737167.0358484,14.201565722528194,-5.480472880054584,0.5294793017171439,2.8227563736042645,0.5000109672546387,0.4911153316497803,0.5000021457672119,0.09802365303039551,0.0859830379486084,0.08250957701404778,55.80489299705988,37.43556218929231,-0.9932271820892904,-0.11618848806558968,train
30639_0be558e2,1787737186.0416455,14.186267091052143,-5.1586841519444855,0.5300502982068601,3.5640051041266845,0.4999880790710449,0.4384021759033203,0.5000209808349609,0.10395479202270508,0.10404849052429199,0.1841442017163733,55.8043143693217,37.431463430644726,-0.9598186068933895,-0.2806211714415595,train
30639_0be558e2,1787737219.3351755,7.039296489768281,6.448235097380808,1.068208323514141,2.2940864875913825,1.2060210704803467,1.1416573524475098,1.2000088691711426,0.0939950942993164,0.093994140625,0.30868962093275903,55.803757075248654,37.426394604277014,-0.9998455528051572,0.017574712963509966,train
30639_0be558e2,1787737267.4645658,3.9528585699639986,7.198409162980216,1.9022777994616789,1.903074212059938,1.9779870510101318,1.9465527534484863,2.0011918544769287,0.12396025657653809,0.10189509391784668,0.6041705951803084,55.80429077230916,37.42072429957063,-0.9755476581180971,0.21978800408642957,train
30639_0be558e2,1787737334.4437423,6.724249066590374,-5.686345081575098,1.1182564815177483,3.0318429275482637,1.1999948024749756,1.1181492805480957,1.1997871398925781,0.08795166015625,0.10597705841064453,0.961518750838946,55.804425531674454,37.41965308205422,-0.978435144056539,0.20655427585760494,train
30639_0be558e2,1787737352.8556197,4.103443803629203,8.626010736869697,1.8324693749683987,1.115685737588681,1.6958773136138916,1.582674264907837,1.7002112865447998,0.10403823852539062,0.10192203521728516,1.7956644384969545,55.80473659364167,37.41721568200904,-0.9734109696713983,0.22906567644103293,train
30639_0be558e2,1787737449.2503157,6.255086476885297,6.6739393273836525,1.2021312782551068,3.3637369293655093,1.2940623760223389,1.2214992046356201,1.3003928661346436,0.08590173721313477,0.10007548332214355,0.8008167948128996,55.80537125902714,37.41262274382931,-0.9711117548359708,0.2386251445665384,train
30639_0be558e2,1787737465.0521216,3.8308726986624704,7.186821462232282,1.9628517294974919,2.3110726592772872,1.7099878787994385,1.6742854118347168,1.700293779373169,0.10394906997680664,0.10592079162597656,2.358561847203515,55.805442130835466,37.41211094871001,-0.9730486615617084,0.23059987474621058,train
30639_0be558e2,1787737511.9595325,4.4064981832486945,7.842127325267471,1.7064423470408978,5.758632121884624,1.6960372924804688,1.7092278003692627,1.7000818252563477,0.09595155715942383,0.10604619979858398,4.791917041485943,55.80545501715764,37.41055195461745,-0.763130363287058,-0.6462445733848471,train
30639_0be558e2,1787737534.7572591,11.114241527787712,7.3577939129852625,0.6765585472705753,0.783576834534978,0.7020289897918701,0.6569485664367676,0.7002620697021484,0.1019737720489502,0.09398078918457031,0.378063456217523,55.80396324954087,37.40943349892953,-0.35722866215995863,-0.9340169607300534,train
30639_0be558e2,1787737845.4773786,3.356059216078964,5.376954480928004,2.240554953866294,5.704635750583088,2.2019810676574707,2.1667346954345703,2.199753522872925,0.11000394821166992,0.11195206642150879,7.179196547561758,55.80039211262916,37.39050214656299,-0.98856232197865,-0.15081291577374806,train
30639_0be558e2,1787737858.6792305,3.6286611290057245,-5.563503675571883,2.072234037493252,5.350751272591903,2.0980911254882812,2.1148550510406494,2.1011734008789062,0.11001729965209961,0.10603737831115723,1.19660357070664,55.800193154475394,37.39005882910434,-0.5292901670177925,-0.8484408754287345,train
30618_67b89902,1787741883.5797012,3.377782075674129,-6.64749012869231,2.226145717394644,3.084025272722289,2.001434326171875,1.9768071174621582,2.000680685043335,0.10798430442810059,0.1059718132019043,1.3309868977823298,55.80010818117151,37.38996437730214,0.6889307004008928,0.7248272139242119,train
30618_67b89902,1787741903.6580932,4.636694071253674,-5.301369912046225,1.6217233629177612,1.9934638887217562,1.8218038082122803,1.8472011089324951,1.8008527755737305,0.17195463180541992,0.09827733039855957,2.3810733234689474,55.8003590948416,37.3908138561678,0.9803072821577782,-0.1974781824618361,train
30618_67b89902,1787741904.343913,5.069347837904209,-6.6226627606986925,1.4833140953221846,1.205536150377601,1.4775705337524414,1.4589314460754395,1.4426922798156738,0.16794991493225098,0.13795232772827148,0.700706145401707,55.80035193136555,37.390866017074934,0.9633914044792462,-0.2680988656736645,train
30618_67b89902,1787741954.3499808,10.704012283307625,5.206336829788362,0.7024875255216718,1.5290590000983026,0.7337768077850342,0.6911118030548096,0.6999175548553467,0.15395092964172363,0.1039588451385498,1.3555964896099075,55.799722532659814,37.39383314018715,0.9329214524476642,-0.36007994051729747,train
30618_67b89902,1787741995.7624264,6.4159116658322,-6.630695398898408,1.1719979160715295,-0.01123985607474934,1.131697177886963,1.1368117332458496,1.1002166271209717,0.17794275283813477,0.11397957801818848,0.6811517933050275,55.79939206151062,37.395385896261686,0.9365392322137941,-0.35056278542423314,train
30618_67b89902,1787742005.3517559,9.274876268087002,6.287320473611151,0.8107315811777704,0.322767117823164,0.8617630004882812,0.818861722946167,0.8001577854156494,0.16594958305358887,0.13197064399719238,0.5854800311109754,55.7991054565867,37.39673192715362,0.9286078922133479,-0.3710625048682274,train
30618_67b89902,1787742021.9131465,11.065290966311423,-5.237990039451607,0.6795515025269084,1.3833722626004938,0.6138312816619873,0.5038137435913086,0.5998704433441162,0.1299605369567871,0.13196039199829102,0.5010212597055086,55.79894497589991,37.399127910025314,0.9930422024446699,0.11775900884365094,train
30618_67b89902,1787742035.753277,5.096295925422597,6.705294663844761,1.4754706579231514,4.180717843073807,1.6035661697387695,1.6053290367126465,1.6007850170135498,0.15395569801330566,0.15595650672912598,3.878914951277873,55.79910996426113,37.40115696504877,0.9891035403475109,0.14722155573155715,train
30618_67b89902,1787742079.6630528,9.959639106313077,-5.843938160438974,0.7549907202247961,1.1213411913822406,0.7357850074768066,0.7631392478942871,0.7001173496246338,0.169952392578125,0.08397293090820312,2.3896890304252434,55.7992083811852,37.40237464861173,0.9882883071415951,0.15259823710384093,train
30618_67b89902,1787742276.6021566,3.926366644334825,-6.620335839987981,1.9151128213927253,3.8011775753103914,1.901474952697754,1.8556814193725586,1.9003524780273438,0.10196423530578613,0.0979609489440918,0.9858889837316159,55.805529588331105,37.410933411170696,0.9816475427794682,0.1907042258447153,train
30618_67b89902,1787742277.00205,3.9416764752163647,-6.168871850060932,1.907674348550283,2.7812989983526015,1.9354569911956787,1.880815029144287,1.9003524780273438,0.07796955108642578,0.13596630096435547,1.647009010108719,55.805531876135205,37.41095813494441,0.9866396934109205,0.16291751098640364,train
30618_67b89902,1787742281.210879,4.247761533509763,-5.392780032504355,1.7702112142442543,5.4094699874865535,1.9974355697631836,1.9517972469329834,2.000370979309082,0.10798168182373047,0.10397553443908691,1.725130028866528,55.805530479877824,37.41123528782921,0.9803841723741902,-0.19709610487824014,train
30618_67b89902,1787742281.6047633,4.398857709611355,8.317267172717953,1.7094063046469186,6.247439020283943,1.4995758533477783,1.4990265369415283,1.5002782344818115,0.09996771812438965,0.0979604721069336,1.2974262889118522,55.80552718742151,37.411261782084736,0.9728143997985114,-0.23158614713462983,train
30618_67b89902,1787742291.0081534,7.15100962258303,-5.29443244898427,1.0515207640481743,4.386542630984333,1.0956916809082031,1.1664483547210693,1.1002042293548584,0.07198023796081543,0.09397411346435547,1.215655763415679,55.805380365504256,37.41232014463977,0.9726625601570631,-0.23222304809968286,train
30618_67b89902,1787742356.6038625,11.817163063769726,10.039288778676113,0.6363147450430139,4.782226889316103,0.6078317165374756,0.6194047927856445,0.6019387245178223,0.09797191619873047,0.09596729278564453,1.2679358417873472,55.80505408991442,37.41467839040163,0.968869444456889,-0.2475722108755327,train
30618_67b89902,1787742361.308558,14.134347012977106,6.467681102674792,0.5319973462623048,3.3390956745761073,0.6058244705200195,0.6813509464263916,0.59999680519104,0.09798312187194824,0.11196398735046387,1.1502565423015625,55.80492061652987,37.41564342677512,0.9720930956321797,-0.23459542498575311,train
30618_67b89902,1787742380.575201,6.047583081801493,5.215238632315405,1.2433785531085944,-0.05250535795973226,1.2416424751281738,1.2284867763519287,1.2379789352416992,0.1619727611541748,0.11197304725646973,1.1353342760954488,55.804455052334404,37.419162965124684,0.9736050512163711,-0.22823935735531609,train
30618_67b89902,1787742417.2309701,7.527485063061774,-5.011604067283797,0.9989305909025417,,0.8757634162902832,0.8598525524139404,0.9000215530395508,0.12196850776672363,0.07597899436950684,1.068866957184702,55.8043402143618,37.42007057826267,0.9779590848463661,-0.20879661962411666,train
30618_67b89902,1787742430.4092953,13.425436187206447,6.391061021952972,0.5600887000766409,3.08180392793306,0.5258703231811523,0.5269689559936523,0.5000119209289551,0.1039741039276123,0.11797523498535156,3.9977832885179803,55.80407431237566,37.42218356169759,0.9783587854573812,-0.20691565169981238,train
30618_67b89902,1787742465.2176104,10.516987511622917,5.464860183758881,0.7149799401914475,6.600241087061849,0.7037978172302246,0.7062947750091553,0.7000527381896973,0.10797882080078125,0.10796523094177246,0.3504694532912139,55.80378209892651,37.428242374053816,0.9683965525879649,0.24941555070954427,train
30618_67b89902,1787742605.7444513,3.3949993848794793,5.223154922323265,2.2148561014603216,2.4646743456852254,2.2893593311309814,2.2718002796173096,2.3004417419433594,0.10797786712646484,0.09997034072875977,3.0988866214656134,55.80545973703915,37.45138701405341,0.9957362483907276,0.0922459952559407,train
30618_67b89902,1787742613.1243863,4.161975454842393,5.829991534154619,1.8066985698595626,2.999684816399258,1.8254857063293457,1.8621244430541992,1.8003456592559814,0.10596036911010742,0.11596131324768066,3.080516342880507,55.80548931455161,37.4518727015759,0.9912014673351309,0.13236181908950567,train
30618_67b89902,1787742614.232093,4.301962792361062,6.260552599318386,1.7479079817720682,3.080516342880507,1.7914807796478271,1.7293627262115479,1.8003458976745605,0.1119835376739502,0.0879666805267334,1.321059413799146,55.80549443380721,37.45194707459128,0.9929368430654414,0.11864411356335819,train
30618_67b89902,1787742697.7268052,8.634401561643182,-6.177324701543283,0.8708692835712122,2.914684296938578,0.8117749691009521,0.7199227809906006,0.7999775409698486,0.10395956039428711,0.11195755004882812,1.62395778236636,55.80647966693555,37.457688735598275,0.7250851853788092,0.6886591856239035,train
30618_67b89902,1787742805.33483,3.0961796052270816,10.448807010012548,2.4286172188976938,2.0053806563445877,2.409334182739258,2.286175489425659,2.4001972675323486,0.10397148132324219,0.09595918655395508,2.427053896665209,55.81002438482114,37.461614182739325,0.6639809691450526,0.7477494718240842,train
30618_3e9f4952,1787742939.5534375,3.7386343823760817,9.553239878768455,2.0112785399666153,2.082195159710116,1.8894729614257812,1.8965611457824707,1.8998944759368896,0.11596536636352539,0.1019742488861084,2.0192864460633726,55.81072510377616,37.461839858741506,-0.9998291088930483,-0.018486562961588186,train
30618_3e9f4952,1787742958.7480922,3.4756868178241898,-5.013991244511063,2.1634386226897124,1.6147370012442062,2.3053619861602783,2.4451041221618652,2.3001091480255127,0.09996414184570312,0.09597134590148926,2.470998697986833,55.81037094977486,37.461316231097356,0.07748830387290169,-0.9969932611421708,train
30618_3e9f4952,1787742959.2539542,3.395042128603104,7.0471543333905,2.214828216328567,3.4105383292242184,2.383335828781128,2.3700039386749268,2.400114059448242,0.1039731502532959,0.09596514701843262,2.150901203989516,55.8103552408199,37.461318655154905,0.0919457723035256,-0.9957640156962433,train
30618_3e9f4952,1787743205.0574822,4.31980283241542,7.416248780098262,1.7406894235146972,0.4248367961980654,1.6015596389770508,1.5912933349609375,1.600083589553833,0.09797048568725586,0.10396337509155273,2.5768930105090937,55.8056465025052,37.45354695445838,-0.9915059589782186,-0.13006126752682037,train
30618_3e9f4952,1787743217.2760901,3.3813488543976353,7.869293096613946,2.223797492020057,1.7353985572310187,2.0874130725860596,1.9638240337371826,2.100146532058716,0.09998512268066406,0.10397863388061523,4.209936787252507,55.80560167309957,37.45295024518726,-0.9914036662946837,-0.1308387192594742,train
30618_3e9f4952,1787743315.9385867,8.494907460124455,-5.368728820861017,0.8851697487407579,-0.5918472893851469,0.8377659320831299,0.8302621841430664,0.8002843856811523,0.17594408988952637,0.10395669937133789,1.4815678039286553,55.80518150833253,37.44347014745237,-0.9973274140031483,-0.07306181819386166,train
30618_3e9f4952,1787743361.9497917,12.009887475860097,-5.304655354903497,0.6261037097282083,-1.7881770074679935,0.6218090057373047,0.6037673950195312,0.6000769138336182,0.17996978759765625,0.1159672737121582,2.656926603371956,55.80493566562454,37.436584568631595,-0.998362094746075,-0.05721125566030964,train
30618_3e9f4952,1787743362.8435326,12.603766273832884,-6.40724912794319,0.5966022329107858,2.618281770668053,0.6118392944335938,0.5988790988922119,0.6000769138336182,0.16995716094970703,0.0859830379486084,1.2407462297937095,55.80492979758178,37.43640855541389,-0.9988481278032578,-0.04798351366799503,train
30618_3e9f4952,1787743378.8690674,14.701495850330566,6.606061938871556,0.511474150563072,4.178027328709801,0.5018517971038818,0.5670113563537598,0.5000951290130615,0.10997486114501953,0.11195802688598633,2.5448645666027803,55.80453086397573,37.43285946633277,-0.9612098691065081,-0.2758180333702812,train
30618_3e9f4952,1787743434.07169,13.950228166797798,5.761200983357244,0.5390187896676102,3.7668323685909346,0.5038602352142334,0.4826850891113281,0.49994397163391113,0.18994808197021484,0.1019744873046875,,55.803995774822916,37.42306253268724,-0.9745383945076556,0.22422068956820468,train
30618_3e9f4952,1787743510.3484359,8.55047029427963,5.163593539521484,0.8794177212784363,,0.9157426357269287,0.9157426357269287,0.9003744125366211,0.17393922805786133,0.18594598770141602,0.587919005451374,55.80465878507644,37.41781670690976,-0.9755998444164358,0.21955624239503263,train
30618_3e9f4952,1787743610.074679,4.206054979376773,5.1117439730573535,1.7877643394876725,1.2745308861319589,2.001431703567505,2.0624468326568604,2.000065803527832,0.18794894218444824,0.19994521141052246,5.957024946877753,55.805448192084626,37.412065761438036,-0.9720435375359183,0.2348006838462313,train
30618_3e9f4952,1787743716.3510687,5.847961838776818,-6.354287704652513,1.2858215065964156,2.920723078251799,1.43159818649292,1.4447684288024902,1.4393322467803955,0.1659538745880127,0.10197567939758301,2.26712745171105,55.802983822501595,37.40876859895418,-0.35511745741285966,-0.9348216896502916,train
30618_3e9f4952,1787743736.103566,5.3533209419427745,7.101761323309726,1.4046299826973339,1.2337807055598,1.3836088180541992,1.3635790348052979,1.400010108947754,0.09797406196594238,0.10574078559875488,0.8870690976180768,55.80184386590837,37.407984740405794,-0.36270410271974035,-0.9319043587569854,train
30618_3e9f4952,1787744069.6127,4.2750480150489585,5.403038840329569,1.7589124322310659,1.279609736035643,1.5195622444152832,1.5087380409240723,1.500533103942871,0.1059882640838623,0.10596847534179688,2.7713949008858454,55.80030759690102,37.39124006956352,-0.9360448123923846,0.3518808167452517,train
30618_3e9f4952,1787744145.319613,3.017842570053239,8.954011950314143,2.4916591662770866,1.0554154331669294,2.2973644733428955,2.269625663757324,2.3000903129577637,0.10797929763793945,0.09597253799438477,1.3059700670228078,55.800188623071556,37.390024885566795,-0.7020387146043028,-0.7121387808543631,train
30618_3e9f4952,1787744161.5770876,3.4489336885773545,5.61509161322531,2.180220259658293,3.943395980286151,2.2373807430267334,2.23156476020813,2.240943670272827,0.15994691848754883,0.09997034072875977,8.229935567950573,55.79990437728905,37.389480591493516,-0.915988833090939,-0.40120376076589787,train
30618_a869780d,1787770266.3853483,3.971051245616085,5.219171174768959,1.8935628469553427,1.2241733551561076,2.10141658782959,2.113844156265259,2.100048303604126,0.10398006439208984,0.1079707145690918,7.137659888185244,55.80968332299907,37.461398835058056,-0.009505838610891331,-0.9999548184954676,train
30618_a869780d,1787770266.9771776,3.777855489593019,6.965571458382918,1.9903977594612565,7.137659888185244,1.9974467754364014,1.9828472137451172,2.0000462532043457,0.09997129440307617,0.09398555755615234,2.008715035284923,55.80966264652874,37.461397618110574,-0.05900171151660443,-0.9982578815306751,train
30618_a869780d,1787770411.3948727,4.355154127854164,-5.6711508121735035,1.7265600438713447,0.8401510952566661,1.5955653190612793,1.6171996593475342,1.6002414226531982,0.09996867179870605,0.10198235511779785,0.21109461608116029,55.80564452899113,37.45352176947055,-0.9913109683087736,-0.13153921130492405,train
30618_a869780d,1787770444.1997697,4.45295393759641,6.293646897951067,1.6886397675411733,1.0474584860677583,1.8894376754760742,1.8569395542144775,1.900752305984497,0.11202025413513184,0.09597516059875488,1.5120851963127924,55.80552209498644,37.4518886149764,-0.994413005481061,-0.10555934127363133,train
30618_a869780d,1787770572.2979805,13.950858641489642,-5.712573616349008,0.5389944300411494,1.4678898988019942,0.5998225212097168,0.6151494979858398,0.6000325679779053,0.10398125648498535,0.07997775077819824,-0.19321088531545827,55.80489276464654,37.4355590700722,-0.993192254349359,-0.11648667692246371,train
30618_a869780d,1787770586.2840664,11.699736070381233,5.477112100256759,0.6427012589703089,-1.5731740104312877,0.6078565120697021,0.813556432723999,0.5999350547790527,0.1879429817199707,0.09999752044677734,0.5361435763874679,55.8044789342751,37.432521138124024,-0.9655462214745046,-0.2602316164425579,train
30618_a869780d,1787770728.7822988,7.003609183892426,-6.238923312468134,1.0736514423660695,1.0036554908153368,0.9297513961791992,0.9009819030761719,0.9002759456634521,0.177947998046875,0.11398839950561523,1.2922077916136057,55.80438797811358,37.419949950613685,-0.9733536415779591,0.22930915469497898,train
30618_a869780d,1787770771.2744327,6.870527985599503,6.056587546434806,1.0944479256637842,-0.7588307100583009,1.1356933116912842,1.1500980854034424,1.1003003120422363,0.15995168685913086,0.1019754409790039,0.7160648053235146,55.80515058177495,37.41427497007365,-0.9750977696676809,0.2217754260262262,train
30618_a869780d,1787770844.8778973,3.586433647012262,-7.466249169685271,2.096632990357578,1.762343976386597,2.2233786582946777,2.1856541633605957,2.2010498046875,0.17194771766662598,0.09796953201293945,1.08697536992733,55.805241859463166,37.4135548602609,-0.9703771135425321,0.241595234872014,train
30618_a869780d,1787770897.9130976,4.320428295543953,-6.437431438407878,1.7404374260324667,-0.867541563268724,1.5015699863433838,1.5566508769989014,1.5003385543823242,0.16995620727539062,0.10395121574401855,2.9729680414342075,55.805488914362236,37.41063352884491,-0.8386845816060816,-0.5446174552621607,train
30618_a869780d,1787770931.385747,5.832388805310051,5.845788138099401,1.2892547724541863,0.7537336729050083,1.4276225566864014,1.411799430847168,1.4002788066864014,0.15595054626464844,0.10198211669921875,4.7646336906556925,55.803254835146404,37.40895333455491,-0.35077796520340293,-0.9364586585257036,train
30618_a869780d,1787770978.7885277,5.738707488734711,-6.092649974491601,1.3103011639494215,-0.31318779188012075,1.1256892681121826,1.1066317558288574,1.1003468036651611,0.17394495010375977,0.09797883033752441,1.7166170218876906,55.80297828878487,37.4087650844959,-0.3617690626016825,-0.9322677433786389,train
30618_a869780d,1787770991.986848,5.630072529385117,5.884188296431896,1.3355840555886376,,1.2236497402191162,1.197901725769043,1.2000555992126465,0.16995644569396973,0.09996223449707031,1.7722495929443884,55.802107897624765,37.408165500972345,-0.36724106198518097,-0.9301257992293281,train
30618_a869780d,1787771048.890958,8.865229248672607,-6.07302620570647,0.8481940952830115,1.7138639177493178,0.8357698917388916,0.9375693798065186,0.8426272869110107,0.16794824600219727,0.10797357559204102,0.9545484969840082,55.80126881831421,37.40758716328981,-0.3649309608255158,-0.9310345825107497,train
30618_a869780d,1787771188.8019173,6.070446938829033,5.271098907190226,1.2386954663843623,0.8565595201669252,1.129685401916504,1.155019998550415,1.142165184020996,0.15395665168762207,0.09396982192993164,0.9353663215581005,55.79921236805665,37.396387079005606,-0.9332064309906634,0.3593407257153972,train
30618_a869780d,1787771306.25714,3.184858021600744,5.467899389421313,2.3609953885087176,3.673092463130264,2.593273639678955,2.633509397506714,2.600877285003662,0.09397101402282715,0.09996891021728516,1.1732415877745639,55.800390263051426,37.390484174923934,-0.9814230885915907,-0.19185599073092033,train
30618_0686195f,1788422869.4477339,3.921042438547553,-6.4454272929472145,1.917713266281232,2.1963204695651273,2.0094380378723145,1.9370853900909424,1.9998865127563477,0.09797501564025879,0.10596895217895508,3.9717558447693007,55.80968613794483,37.46139263606116,0.0014465087445992514,-0.9999989538056787,train
30618_0686195f,1788423096.2725477,4.659608289821901,6.311918747358515,1.6137483312662233,1.139574983222706,1.6835191249847412,1.6575679779052734,1.6998577117919922,0.11596441268920898,0.0739741325378418,0.9415590299830403,55.80565447103105,37.45358590781112,-0.9914380353697638,-0.13057803039616875,train
30618_0686195f,1788423112.370058,3.8832820177812324,5.813990094696717,1.9363608070759406,2.039851251319948,1.7895023822784424,1.7824115753173828,1.799849271774292,0.10788249969482422,0.10197186470031738,1.1824066542174494,55.80558950183963,37.45270932683842,-0.9923611209469091,-0.12336695519057836,train
30618_0686195f,1788423320.4780967,12.464486417280595,-5.08869722388632,0.6032687469280331,-0.29912257824089294,0.6778113842010498,0.6476616859436035,0.6999869346618652,0.1219630241394043,0.09397482872009277,1.2404171057207465,55.80381237529934,37.42482141525499,-0.9967298693857214,0.08080573911748191,train
30618_0686195f,1788423736.4882007,9.267466084924779,-5.171573328127452,0.8113798349136755,3.4995028621638613,0.7857916355133057,0.747225284576416,0.8002035617828369,0.10196065902709961,0.09598851203918457,-0.7300878708782035,55.799973180290344,37.406487713087216,-0.7502403524998622,-0.6611651937911451,train
30618_0686195f,1788423741.4828026,8.912044601006128,5.967611482511146,0.8437384953398286,3.4685861039577333,0.803774356842041,0.7461574077606201,0.8002035617828369,0.10595488548278809,0.1079709529876709,3.5068147211323812,55.79958112548429,37.405642127199485,-0.8917831181401878,-0.4524631147399353,train
30618_0686195f,1788423743.862137,8.321242740760697,-5.845566407607022,0.903643282177219,0.8745160453851007,0.9237480163574219,0.9499332904815674,0.9002289772033691,0.18793940544128418,0.19794464111328125,1.334077715952499,55.79958187787682,37.40560387911424,-0.9373972237476669,-0.3482620348389507,train
30618_0686195f,1788423940.5693417,4.925767374770523,5.332034573995945,1.5265509980370648,0.6708296484327251,1.6175498962402344,1.719515085220337,1.5998735427856445,0.17394518852233887,0.10596942901611328,0.00584462846607709,55.79996432632231,37.3928452373569,-0.9324158456978222,0.3613871756048007,train
30618_88548b02,1788450990.5446131,3.234678232362969,7.0790629383014245,2.32463155896694,4.834248595659442,2.075399875640869,2.1095759868621826,2.1003079414367676,0.12198090553283691,0.08597135543823242,0.7011020262140325,55.80012155062298,37.389988903892245,0.6928624627254443,0.7210697662126963,train
30618_88548b02,1788451146.311354,8.170581032398655,-6.404435811121355,0.920306043381453,2.02323053031767,0.9977202415466309,1.070976734161377,0.9998478889465332,0.1499485969543457,0.15795516967773438,0.46274605351040765,55.79935192115973,37.3956037478817,0.9338162910393522,-0.35775289599038623,train
30618_88548b02,1788451251.5181446,5.863971361132966,-6.666949563911101,1.2823110208030655,0.7607241329519523,1.3216242790222168,1.3045074939727783,1.2998981475830078,0.18395018577575684,0.10597419738769531,3.1075785880622955,55.799170708851804,37.4019197057987,0.99103222829773,0.13362306116548972,train
30618_88548b02,1788451485.9710042,4.413520506401544,5.6084878596476475,1.7037272379606867,1.509599427829849,1.4795937538146973,1.5153324604034424,1.4998438358306885,0.11995983123779297,0.09997868537902832,2.7412035424639325,55.80552615615784,37.41125333002797,0.9695981021927443,-0.24470292238595873,train
30618_88548b02,1788451679.651191,11.30336944336494,-7.495823616255664,0.6652383733655853,-0.6911050447106709,0.7257919311523438,0.5968935489654541,0.7001984119415283,0.18794560432434082,0.1139676570892334,2.241080413417454,55.804235214241714,37.42085148731982,0.9749128277879417,-0.22258701268160078,train
30618_88548b02,1788451700.9252772,9.057942350332594,6.285033884596982,0.8301482622903039,0.8161537247774818,0.9457249641418457,1.059706449508667,0.9514052867889404,0.15397000312805176,0.09596729278564453,1.7674224839631234,55.80375444171586,37.425177080109,0.9974112812947308,-0.07190782951809613,train
30618_88548b02,1788451735.047799,5.854969029397038,-5.215967265160696,1.2842826433923473,2.6240892903307165,1.3356099128723145,1.3522069454193115,1.3003644943237305,0.1819596290588379,0.09996700286865234,1.3271717354729882,55.80373016401441,37.426008942452306,0.9995132085233275,-0.031198493351492364,train
30618_88548b02,1788451766.4490538,4.287847063872398,-5.447826846798694,1.7536621502688288,1.9236678150206379,1.5335755348205566,1.5164732933044434,1.5000438690185547,0.183945894241333,0.10795283317565918,2.5324329372933927,55.80395863649321,37.4294039979676,0.9631538204964731,0.268951144379509,train
30618_88548b02,1788451849.9478407,6.1476444603390314,5.812030696650977,1.2231408550974776,0.4687492545123762,1.2456691265106201,1.2284276485443115,1.2001423835754395,0.16794872283935547,0.09597659111022949,0.4292781165266944,55.80517062219446,37.44379607103101,0.9975032445896658,0.07062065585286977,train
30618_88548b02,1788451892.997876,7.325635536323105,5.1747993030780535,1.0264549832939847,3.197453835962366,0.9837315082550049,1.0458321571350098,1.0001142024993896,0.10197257995605469,0.10796523094177246,0.2915682754404247,55.805403038424465,37.450168014525424,0.9977683865939924,0.06677010344174557,train
30618_88548b02,1788451899.2001636,3.687035982166273,8.133056683436214,2.03942547304255,0.46860759346505865,1.997450828552246,1.998727798461914,2.000173568725586,0.09796810150146484,0.09599614143371582,1.2402161936940888,55.80542503629831,37.450701424870104,0.9959681635525912,0.08970739763073542,train
30618_88548b02,1788451905.1984785,3.8384370134777828,-7.2739238394586145,1.958983585154999,5.396867885824845,2.1934216022491455,2.1682069301605225,2.2001912593841553,0.10396814346313477,0.09598636627197266,2.1767094305511985,55.80544254731974,37.45107452349485,0.9976818995734464,0.06805018195067125,train
30618_88548b02,1788451907.2959137,4.411247442958301,7.33261277361717,1.7046051483821592,2.0265891447097197,1.8914778232574463,1.8525261878967285,1.9001648426055908,0.0939793586730957,0.08998632431030273,1.2331670530886134,55.805448633499324,37.45121851047598,0.9979575763458527,0.06388016761023338,train
30618_88548b02,1788451940.218749,4.17043768686074,9.031060997699694,1.8030325991309901,4.998467902416785,1.8834772109985352,1.8398973941802979,1.9001491069793701,0.1179664134979248,0.09996223449707031,3.358364370940131,55.80548089420513,37.45183994152635,0.9931228938548923,0.11707654633309121,train
30618_88548b02,1788451941.28047,4.024654888777627,6.5736765886480155,1.868342829349566,3.358364370940131,1.8214733600616455,1.8811078071594238,1.8001410961151123,0.09598898887634277,0.10995841026306152,2.19737256932636,55.80548454695674,37.451909289173244,0.9921964852742177,0.12468413936619727,train
30618_88548b02,1788452054.4050164,8.543501633168823,-5.751414328725769,0.880135034195032,2.7899790307626744,0.7897982597351074,0.7530331611633301,0.8000080585479736,0.10997581481933594,0.08398222923278809,2.6863090305527364,55.80605149324967,37.45668334741692,0.8868234676520851,0.4621083609084897,train
30618_88548b02,1788452055.6946418,8.41850029921489,-5.372006780925982,0.8932036389849173,2.891793409134043,0.9157528877258301,0.8282690048217773,0.9000091552734375,0.08397531509399414,0.0999612808227539,2.351308706223964,55.80613882079099,37.456899092543374,0.8657805529955137,0.5004238544022281,train
30618_88548b02,1788452060.111424,8.71954462116534,-10.316315418462883,0.8623655739775783,1.0097698211396162,0.7817811965942383,0.7512154579162598,0.8002240657806396,0.11596965789794922,0.09195661544799805,1.7180883412506724,55.806335992162914,37.4573938000174,0.7886090125777868,0.614894970934946,train
30618_88548b02,1788452061.7969556,8.478334880671385,7.252196654692006,0.8868999877790746,7.525513522026433,0.893754243850708,0.890404224395752,0.900252103805542,0.10796046257019043,0.07398509979248047,0.7420546096802787,55.806421696483426,37.45756876522859,0.7381177250799266,0.674671937998635,train
30618_88548b02,1788452065.8998272,8.42600864266113,-5.28405522965298,0.8924077129452768,4.29643846758769,0.9957051277160645,1.0429589748382568,1.0002801418304443,0.08798384666442871,0.09597253799438477,0.7406770278284134,55.80664805842927,37.457947642501665,0.6359031932385019,0.7717688312111838,train
30618_88548b02,1788452133.203098,3.766473337624871,5.25250646279475,1.9964126725495663,1.6015420924295931,2.199401378631592,2.188983201980591,2.200481414794922,0.0999603271484375,0.09598040580749512,1.5480988641411906,55.80964593738357,37.46143798527609,-0.00417367244934211,0.9999912901912124,train
30618_88548b02,1788452176.703001,3.188649560117302,8.151021418356308,2.358187991589058,0.3811970035961509,2.6992459297180176,2.7146108150482178,2.70158052444458,0.08797097206115723,0.10595703125,3.336572089671883,55.810033353357554,37.46161282677122,0.6647664700357098,0.7470512300480214,train
30618_88548b02,1788452184.2189136,3.0514124168514414,6.470317635571306,2.4642473959036915,0.0,2.185426712036133,2.162463903427124,2.1999173164367676,0.10197234153747559,0.1059725284576416,1.3711302798243012,55.81016697488642,37.46185834997221,0.8038616077546563,0.5948163713097505,train
30618_27e994fc,1788452365.5265157,3.5264098419283316,5.3577095855388235,2.132320246118226,5.866957770180513,2.19138503074646,2.2017834186553955,2.200313091278076,0.0959923267364502,0.08992314338684082,2.483094910321256,55.809634699377476,37.46138671110294,-0.08198192463075615,-0.9966338164209746,train
30618_27e994fc,1788452366.0223763,3.7138377154709965,5.200665573466765,2.0247075069355107,1.975413183931125,2.1194024085998535,2.0029947757720947,2.1002988815307617,0.10998082160949707,0.11596202850341797,1.7325245356590213,55.80961875561051,37.46138361329655,-0.13049770041268846,-0.9914486119749224,train
30618_27e994fc,1788452517.0243835,8.787830136137138,-5.669060849074954,0.8556645935989459,,0.9017407894134521,0.8526458740234375,0.9000580310821533,0.09996891021728516,0.2139275074005127,0.6556169300983214,55.80585476581537,37.45562778499475,-0.9467145022291088,-0.3220739841544031,train
30618_27e994fc,1788452579.910895,5.354871601935962,6.321253220345495,1.4042232309241236,0.5961097298855226,1.3136341571807861,1.2738845348358154,1.300004005432129,0.09197092056274414,0.08196830749511719,0.4958537081301227,55.80564857159418,37.45353928921119,-0.9923671557341655,-0.12331840179017443,train
30618_27e994fc,1788452612.1399364,4.476012702923723,5.357015691517872,1.679940518743987,0.7153073622952596,1.4915761947631836,1.4517321586608887,1.500101089477539,0.09997439384460449,0.11596989631652832,1.926734397956156,55.80551024513603,37.45188076750022,-0.9931867649446702,-0.11653347132365108,train
30618_27e994fc,1788452724.3107426,7.580338162892108,-5.250306167095121,0.9919656538364091,-0.42508407737876597,0.8437643051147461,0.6959829330444336,0.8000080585479736,0.16594624519348145,0.12796735763549805,0.8983726429250188,55.80498859481649,37.43820236634269,-0.9982584226062711,-0.058992556273139755,train
30618_27e994fc,1788452777.737909,9.913090932932791,7.52274517443012,0.7585358747263833,0.005151060673681526,0.7917592525482178,0.8758606910705566,0.7999734878540039,0.09798955917358398,0.10196733474731445,1.6313360960764771,55.803855319525006,37.428523781149075,-0.9633261825397018,-0.26833312511407376,train
30618_27e994fc,1788452802.327048,12.444491537344641,-9.926769964322656,0.6042380341124667,4.552452229240495,0.5958316326141357,0.6264762878417969,0.6000893115997314,0.09197425842285156,0.08797883987426758,0.8949340757068952,55.8037947508866,37.42486855682869,-0.9967556885144934,0.08048662879011706,train
30618_27e994fc,1788452810.9266517,13.979339341487258,-5.753519621899851,0.5378963138650273,1.1682019465209108,0.605842113494873,0.5741486549377441,0.6000893115997314,0.09595823287963867,0.10397815704345703,0.2600298347304371,55.80400359597414,37.42304752944265,-0.9763017535038985,0.2164136920465366,train
30618_27e994fc,1788452816.4351256,10.77063074887347,7.400788213878638,0.6981425022708937,2.5702664667033353,0.7058010101318359,0.6805624961853027,0.6999979019165039,0.09797358512878418,0.10396623611450195,2.6935602601053312,55.804140317359696,37.42197674962712,-0.97789129044367,0.2091139021548162,train
30618_27e994fc,1788452895.6410985,11.911876897511153,7.355223456086031,0.6312552729306203,3.999550920590992,0.5938482284545898,0.6201412677764893,0.6000552177429199,0.11195755004882812,0.09597587585449219,1.1314833204299994,55.80487579494485,37.41629485223204,-0.9688095626527884,0.24780643920712145,train
30618_27e994fc,1788453022.4498415,4.275552321007081,-5.809251424154838,1.7587049666329884,2.8579755130423625,1.8014988899230957,1.8297569751739502,1.8001370429992676,0.09198188781738281,0.20394277572631836,1.57958008467948,55.805478564106906,37.41058766116756,-0.8107018583531255,-0.5854592187870893,train
30618_27e994fc,1788453063.9203074,7.794126242758029,5.541748138870411,0.9647566472304825,1.1340585933612315,0.9237411022186279,0.9429349899291992,0.8999710083007812,0.17395281791687012,0.1099691390991211,1.9879104436754949,55.802938004983965,37.408732477186724,-0.3632110296664415,-0.9317069002259473,train
30618_27e994fc,1788453210.0476742,8.30786045347257,-5.678413185527267,0.9050988692174452,5.193952114665411,0.9057488441467285,0.9368550777435303,0.8999149799346924,0.09996938705444336,0.10597896575927734,1.485804144910104,55.79955074223325,37.40554185825511,-0.9387472728399513,-0.3446063808688894,train
30618_27e994fc,1788453211.547257,8.47478055933052,5.209926283149095,0.887271953463815,3.071943048130001,0.7957744598388672,0.753868818283081,0.7999246120452881,0.09595918655395508,0.09395909309387207,3.057286889179322,55.799480693416335,37.4051534823718,-0.9660247403798381,-0.2584496101255841,train
30618_27e994fc,1788453283.9311466,11.574803790859024,5.092062913450122,0.6496382347312601,2.3780231313347993,0.6238186359405518,0.6863300800323486,0.6000137329101562,0.16996026039123535,0.10197091102600098,0.7260029693258204,55.799011316408325,37.39948740604511,-0.9898667264818115,-0.14199952043645206,train
30618_27e994fc,1788453352.4340823,9.32874521374246,-6.507482007159487,0.8060500024137485,-0.07384375151060497,0.7298052310943604,0.7134566307067871,0.7001590728759766,0.1759488582611084,0.10797762870788574,0.5492906419119912,55.79946018690211,37.39519253305087,-0.9353373125295299,0.3537571367337152,train
30639_3b3d9eb8,1777967758.8654957,4.125993734368704,5.769475753276185,1.8224543191665468,2.180518394060542,1.6679608821868896,1.6289598941802979,1.7001888751983643,0.0998847484588623,0.15594696998596191,1.021567887650846,55.80564854415919,37.45358282800472,-0.9924631857448083,-0.12254315542398092,val
30639_3b3d9eb8,1777967771.7853186,3.3414681353265143,6.700499629105253,2.2503387126627756,0.5789548979666453,2.0800061225891113,2.042632818222046,2.100233316421509,0.1259012222290039,0.08595418930053711,0.5534236698058345,55.80561347181021,37.453167578508314,-0.9920819838353692,-0.12559194778837626,val
30639_3b3d9eb8,1777967780.269245,3.7478453043416065,8.763109327095977,2.006335505188444,1.4477155571609197,2.2880585193634033,2.2491960525512695,2.2999777793884277,0.10601353645324707,0.08811616897583008,1.2870266240728407,55.805580050432106,37.452773764069406,-0.9920259047066327,-0.1260341397835807,val
30639_3b3d9eb8,1777967801.3509767,4.5660976680312135,-6.186893496399856,1.6467968161742246,0.41992607437806695,1.629953145980835,1.6345105171203613,1.600083351135254,0.09595251083374023,0.08947372436523438,0.25771320138764997,55.80551248587357,37.451931426938614,-0.9912980937283097,-0.1316362008363185,val
30639_3b3d9eb8,1777967828.9606035,7.017304315380398,-10.11306307348995,1.0715560796719896,3.887488262513916,1.0040478706359863,1.1203837394714355,1.0001766681671143,0.08799505233764648,0.09206056594848633,3.3692349058147295,55.80540221722661,37.44935066702103,-0.9973061806827498,-0.07335108705388418,val
30639_3b3d9eb8,1777967830.4825912,7.072611329661685,7.299941471093109,1.0631766332922528,3.0517413833479115,1.210089921951294,1.2648489475250244,1.200212001800537,0.11397027969360352,0.12810444831848145,2.326737739904383,55.80539588952551,37.44918014765294,-0.9986142429582466,-0.05262692999717942,val
30639_3b3d9eb8,1777967834.3645191,6.924452820606965,-7.033559225813747,1.0859248083367308,2.695866559228865,1.1040692329406738,1.131847620010376,1.1001944541931152,0.0779726505279541,0.11002898216247559,0.4130545799178136,55.805378564710665,37.448756049402704,-0.9968141397238449,-0.07975945615794473,val
30639_3b3d9eb8,1777967847.5603666,6.742433001931192,6.029356980073586,1.1152406112008246,11.748960210921744,1.1039938926696777,1.052633285522461,1.1000475883483887,0.07594037055969238,0.10600137710571289,2.2985554737778267,55.80532332430502,37.447329107330205,-0.9982376104825044,-0.05934368557967893,val
30639_3b3d9eb8,1777967850.092348,6.825765181317502,6.480366591458559,1.1016252247638791,3.6069699082383098,1.0719776153564453,1.1536805629730225,1.1000478267669678,0.10994625091552734,0.0799553394317627,1.7437188391644338,55.80531188560713,37.44705604227649,-0.9981132569543341,-0.06139972550436705,val
30639_3b3d9eb8,1777967852.782311,6.759804556183392,7.220242125101761,1.1123746314789686,1.929259093992171,1.188007116317749,1.2432074546813965,1.20005202293396,0.11001205444335938,0.0820002555847168,4.649736908458386,55.8053000383188,37.44676451960188,-0.9980958676927576,-0.061681754957534723,val
30639_3b3d9eb8,1777967855.9682589,4.791300469685049,-7.661250625738334,1.5693933514774197,1.6852451808942568,1.695993185043335,1.8183057308197021,1.6993212699890137,0.08993220329284668,0.10601186752319336,2.407651376021717,55.80528922394267,37.44647786185949,-0.9979014788506361,-0.06475058692949218,val
30639_3b3d9eb8,1777967856.9642537,4.22756565338674,9.600682915379512,1.7786678477791278,2.620516475240641,1.6400492191314697,1.6207339763641357,1.5993611812591553,0.08400845527648926,0.1220695972442627,1.268296294287047,55.805286231930296,37.44640718756595,-0.997094926266312,-0.07616894389432993,val
30639_3b3d9eb8,1777968075.1195362,4.995599421597354,31.51320601647272,1.5052117809017598,2.0302428081659336,1.671942949295044,1.6446948051452637,1.7004053592681885,0.14999723434448242,0.11601066589355469,1.872421901520751,55.804275663056615,37.42083841779182,-0.9741393635649578,0.22594800364964332,val
30639_3b3d9eb8,1777968330.2941988,3.3626409651193288,5.995167284709843,2.2361694810874684,0.7137938904503729,2.5138518810272217,2.4984326362609863,2.500105381011963,0.10591483116149902,0.12198972702026367,1.450729375072832,55.805404144237755,37.410482041028956,-0.6791794066104312,-0.7339722975946044,val
30639_9c362687,1777998554.4044724,3.294143098967646,5.442882321329745,2.282668019009519,0.4907313251113993,2.310023307800293,2.3239428997039795,2.3010470867156982,0.10161900520324707,0.10404324531555176,2.0317689761368047,55.79969455744469,37.38891481333857,0.7023802186924794,0.7118019586861958,val
30639_9c362687,1777998817.8032763,4.176112526255808,-5.771572471799794,1.8005824926360596,0.10900779126232807,1.7279772758483887,1.7235713005065918,1.6993274688720703,0.17798614501953125,0.10599088668823242,1.1800704273238933,55.79974001960688,37.405513359741576,0.869610334120183,0.4937386624433859,val
30639_9c362687,1777998960.4155364,5.5752847626540785,-6.699570722226935,1.348708706759361,4.779928277011516,1.2979884147644043,1.2961101531982422,1.299893856048584,0.17199349403381348,0.17000675201416016,1.4858469337361369,55.80236838845671,37.40808077024409,0.3611976031282368,0.9324892983270192,val
30639_9c362687,1777998961.7135248,6.826250118017309,-5.986263660205566,1.1015469653254342,1.4858469337361369,1.017976999282837,0.9894871711730957,0.9999182224273682,0.17000675201416016,0.09594440460205078,0.5911867107382852,55.80243626140318,37.40812758124196,0.35983291805231377,0.9330167582021005,val
30639_9c362687,1777999025.052853,4.094756784207138,-5.322941402948375,1.8363569555719856,3.1523371616867903,1.6858644485473633,1.724484920501709,1.700061321258545,0.03412008285522461,0.10199904441833496,1.7385068491563143,55.80569366584656,37.41072115515593,0.987068411353979,0.16029956739533527,val
30639_9c362687,1777999051.3165178,5.876995532042218,-6.466326284473362,1.2794692561968646,0.40553541087901646,1.3199992179870605,1.343493938446045,1.299743890762329,0.17210149765014648,0.1001136302947998,2.1201422083269676,55.80564602396716,37.4112914287627,0.9724635234904165,-0.2330551339932333,val
30639_9c362687,1777999149.3392086,10.575758961545525,-6.972917403716476,0.7110066643345165,0.44007512794322406,0.6960790157318115,0.6799144744873047,0.7000744342803955,0.1820206642150879,0.09810400009155273,0.35750494510753517,55.80497220451739,37.41622075863049,0.9715808711163594,-0.2367078597782011,val
30639_9c362687,1777999162.941029,5.520073885988126,5.06772937046446,1.3621982707770097,0.5386417934903003,1.2100481986999512,1.1762216091156006,1.2001278400421143,0.10001730918884277,0.1160745620727539,0.5642995858321445,55.80467221566495,37.41850085422841,0.9754069061126542,-0.2204118134486893,val
30639_9c362687,1777999186.934734,4.222596809956369,-5.077062381683727,1.7807608541560118,0.39033438522417524,1.9100136756896973,1.9243667125701904,1.9062600135803223,0.1959376335144043,0.09798812866210938,0.326249286130118,55.804547294784506,37.419479210970785,0.974998460089036,-0.22221161721208127,val
30639_9c362687,1777999192.6426497,9.33362064082054,-7.682594904393897,0.8056289613023423,3.6641244303029885,0.8000102043151855,0.6915748119354248,0.7999382019042969,0.09999632835388184,0.17802739143371582,2.549005518775424,55.804472154941436,37.42009424239342,0.9743768652233359,-0.22492159637870507,val
30639_9c362687,1777999193.7386606,10.271861478673438,5.263412441030212,0.7320421052860083,1.1478151965634706,0.7980198860168457,0.7931251525878906,0.7999382019042969,0.09994125366210938,0.13204360008239746,1.5125503803045741,55.80445132058842,37.420262148530604,0.9768267164143816,-0.21403169414621118,val
30639_9c362687,1777999199.9385517,12.702542064230027,-5.9900255181319215,0.5919630152793475,,0.6000063419342041,0.5733013153076172,0.5999534130096436,0.09798574447631836,0.09999632835388184,3.3704283092974507,55.80430759260917,37.42141524273695,0.9779079288789004,-0.20903607974648664,val
30639_9c362687,1777999201.9385896,13.230153708604535,5.106335599446586,0.5683558383122879,1.1528805271851528,0.508002519607544,0.5537283420562744,0.49996137619018555,0.09605836868286133,0.09806966781616211,0.4721595841226139,55.8042578816267,37.42181468145594,0.9772683826562106,-0.21200591562622567,val
30639_9c362687,1777999205.5425155,13.919125777841355,5.203949599944772,0.540223231118794,7.84086732379391,0.4959726333618164,0.44992804527282715,0.49996113777160645,0.1915276050567627,0.09200763702392578,2.469656659782492,55.80416278144417,37.42258051380844,0.9754358074448086,-0.22028387493072285,val
30639_9c362687,1777999342.7487977,4.618704398826979,5.30054215066166,1.6280399117908648,0.8728400527532847,1.4960665702819824,1.477001667022705,1.4999306201934814,0.10202288627624512,0.19208931922912598,,55.805199284146106,37.44048058708166,0.9984791483473454,0.05513066583635318,val
30639_9c362687,1777999365.1764958,3.838068395039947,-6.214044799390322,1.9591717312208272,2.552915772433344,1.7720789909362793,1.8302795886993408,1.800152063369751,0.12800955772399902,0.10008430480957031,5.431101747953848,55.80525951970543,37.44190480090364,0.9971606265693959,0.07530394956262118,val
30639_9c362687,1777999374.4784338,4.623824118446463,8.039217131201738,1.6262372679912342,1.9196403034935308,1.5879895687103271,1.448289155960083,1.6000745296478271,0.11002278327941895,0.11603999137878418,0.4450094302155425,55.80528673785404,37.44252342703152,0.9984948284170383,0.05484594446656242,val
30639_9c362687,1777999376.4344223,3.821510013589872,5.776944687089137,1.967660708807277,0.15404808486625093,1.9139189720153809,1.9506118297576904,1.9000885486602783,0.15402674674987793,0.15200448036193848,1.9647833767984484,55.80529230194323,37.44265610171052,0.9963995968310683,0.08478115023331788,val
30639_9c362687,1777999431.9536808,6.272923059866962,10.574808504216925,1.1987131087518597,3.2288432717391142,1.2239799499511719,1.1523504257202148,1.2003700733184814,0.10187649726867676,0.12000012397766113,0.9508000458270197,55.80533845626235,37.44424803525523,0.9977252928679039,0.0674109781241558,val
30639_9c362687,1777999440.769632,6.927251503230575,8.945293254897498,1.0854860832680335,1.4700980870840716,1.129903793334961,1.2029430866241455,1.1003391742706299,0.08807802200317383,0.10596752166748047,1.8857999405309245,55.80536905369051,37.44519219344438,0.9978051436693037,0.06621854171665179,val
30639_9c362687,1777999450.867473,3.8110350498651746,8.778137833701527,1.973068996654957,1.1656193933131942,1.8039436340332031,1.7595806121826172,1.80049467086792,0.11397838592529297,0.11201596260070801,2.6533522843634647,55.80540987180584,37.44617516668804,0.9979629758030316,0.06379575947002827,val
30639_9c362687,1777999463.093353,6.881604155639797,8.655633605054412,1.092686375442247,9.12794660194102,1.093928337097168,1.1461808681488037,1.1003022193908691,0.05405902862548828,0.108001708984375,0.5794267946674032,55.805437836016445,37.446836668340836,0.998572785266766,0.05340779460503167,val
30639_9c362687,1777999500.940842,6.035494885916601,5.329820135789147,1.245868854863985,1.1661568547536705,1.343984603881836,1.3286306858062744,1.2998006343841553,0.1860179901123047,0.10401701927185059,0.8952713321318436,55.80557648319152,37.45014794336575,0.9975090487077248,0.07053862591665468,val
30639_9c362687,1777999571.3879354,3.8855845776778537,-7.454967120974863,1.9352133383616121,6.926506702836402,1.997976303100586,2.0476133823394775,2.000082015991211,0.10989809036254883,0.10795426368713379,4.278831583777353,55.80548439950616,37.451869050957406,0.9903777967840761,0.13839009949096467,val
30639_9c362687,1777999571.7819357,3.84997414109625,-6.854487596901401,1.953113144784202,3.9282652298874687,1.9859843254089355,1.9643793106079102,2.000082015991211,0.10796403884887695,0.09999561309814453,2.7167893436075046,55.80548590837736,37.451893275585164,0.9921297543402553,0.12521401899445816,val
30639_9c362687,1777999714.4842405,3.626902534391913,7.877245982452002,2.073238812113561,0.8689460901092159,1.7978813648223877,1.7914299964904785,1.8001539707183838,0.1000828742980957,0.07798886299133301,2.611246682599197,55.80826470982837,37.45990297857593,0.5453160529994667,0.8382305186170943,val
30639_9c362687,1777999803.0890439,3.6176811196147156,-5.444582256862176,2.078523466671705,0.377696288844847,2.28196382522583,2.2757937908172607,2.299015522003174,0.09199094772338867,0.08394026756286621,0.3349737343632844,55.80924007113723,37.46108768526009,0.5755526159365545,0.8177647499669993,val
30639_9c362687,1777999877.2131445,3.3000000000000003,7.154711939196078,2.2786166975922284,3.752838224545742,2.6169445514678955,2.587226152420044,2.598839521408081,0.11046934127807617,0.13394904136657715,4.019721415460625,55.810143037259444,37.46196932540393,0.7712499428262705,0.6365324231258567,val
30618_e3d94878,1785128326.8322678,3.0117412566071655,-5.012163878535736,2.4967068753194512,1.6159511217598705,2.501246213912964,2.5079598426818848,2.4999516010284424,0.0960381031036377,0.09139347076416016,3.6180584539132092,55.80021367557047,37.39015337471444,0.5513765948416745,0.8342564657590614,val
30618_e3d94878,1785128676.754576,5.704820318050688,5.296298790795698,1.318084476431628,1.201239436933779,1.2916345596313477,1.2586958408355713,1.300487756729126,0.10998153686523438,0.10596847534179688,0.8164881070000463,55.805364736697044,37.41243141923553,0.9751549670873244,-0.22152379141961145,val
30618_e3d94878,1785128744.5716517,7.960765646234175,6.863621195971522,0.9445617967175567,3.3023669744166497,1.0037131309509277,0.9999237060546875,1.0000698566436768,0.10196924209594727,0.12196230888366699,2.008622889946978,55.805054120519124,37.41467425820806,0.9698392449433562,-0.2437454388654294,val
30618_e3d94878,1785128810.957136,12.862993157380254,6.227907590299339,0.5845789553063715,4.963160861156426,0.6118266582489014,0.6798739433288574,0.5999782085418701,0.09597039222717285,0.11197519302368164,3.72072881206631,55.804215028053214,37.421066115088934,0.9757908768143608,-0.21870565773628473,val
30618_e3d94878,1785128813.8623195,13.92942014300326,8.832632824445534,0.5398239858413175,0.8085976033625326,0.5078623294830322,0.49663853645324707,0.5000011920928955,0.08796954154968262,0.09597086906433105,0.93126062286931,55.8041380430307,37.42167932673637,0.9812842411550733,-0.19256489311583264,val
30618_e3d94878,1785128816.1636832,14.078115253760451,6.055175191368616,0.5341222860102536,1.772172386740207,0.605825662612915,0.7124650478363037,0.6000015735626221,0.10397148132324219,0.08597326278686523,2.3990441183902345,55.804074481916174,37.42218063602568,0.9778953464901577,-0.20909493373320714,val
30618_e3d94878,1785128924.2755299,3.4912948286960876,-5.7077124912055375,2.1537668604351805,2.651676459613367,1.9914355278015137,1.994797706604004,1.9997854232788086,0.1179804801940918,0.10996747016906738,2.545291661882445,55.80500691447043,37.43968142700665,0.9987028630934066,0.050917494528229364,val
30618_e3d94878,1785129018.4752595,6.226257785566126,10.527665743569308,1.2076973618866385,8.164710364010128,1.1976594924926758,1.1792488098144531,1.2000246047973633,0.10997271537780762,0.09196877479553223,5.388804118970072,55.80548967314647,37.451882310531076,0.9915915697485261,0.12940695036841685,val
30618_e3d94878,1785129106.942595,5.657854445318646,-6.889797388764326,1.3290259010243706,,1.2276332378387451,1.1101493835449219,1.2000963687896729,0.16196966171264648,0.09796714782714844,1.2434959396300937,55.80560757852828,37.45345724934522,0.9916906256426257,0.1286456490229561,val
30618_e3d94878,1785129263.891114,3.8715556956924977,5.3219299614826525,1.942225733810441,0.420529635567704,1.7932047843933105,1.8156025409698486,1.7999505996704102,0.09793353080749512,0.09798288345336914,1.798336467560347,55.80963669523998,37.46145908019176,0.045377852568363054,0.9989698946896668,val
30618_e3d94878,1785129295.7923207,3.018919807834442,6.015766810426799,2.4907700703213647,0.7236218238142491,2.690840244293213,2.690840244293213,2.699709415435791,0.11638164520263672,0.0999760627746582,2.3141801047987016,55.8100247839996,37.461615009401484,0.6757991761110363,0.7370857979690318,val
30618_2f104a1d,1785135343.843357,3.387503560776385,-6.982879135131233,2.2197571064193857,0.9842921304399307,2.291365146636963,2.302400827407837,2.3026046752929688,0.10395145416259766,0.09996414184570312,3.981219214301115,55.799594113193926,37.3890792782311,0.6941980814156951,0.7197840118804865,val
30618_2f104a1d,1785135553.3189027,4.854122201267908,-5.17579394353721,1.5490823655181691,0.6211749319550657,1.6295244693756104,1.5935864448547363,1.5999641418457031,0.16396737098693848,0.10597038269042969,2.1027858896556455,55.799422018027535,37.39524492239757,0.9344344335965237,-0.35613521211633076,val
30618_2f104a1d,1785135580.9531822,10.93938623846649,5.158372814030394,0.6873726677291584,6.322364035274099,0.6878113746643066,0.6828534603118896,0.6998937129974365,0.20193934440612793,0.1939542293548584,0.7394224414479856,55.79894275721766,37.399096478506834,0.9925842297406261,0.12155882061869472,val
30618_2f104a1d,1785135686.4237301,5.041882454760032,-7.264495528668765,1.491394368973293,1.3799207232911341,1.333630084991455,1.3144423961639404,1.3044288158416748,0.1739485263824463,0.10797119140625,-0.008537104606331074,55.799598762852405,37.405821705385186,0.8552969977581406,0.5181380565311826,val
30618_2f104a1d,1785135721.321991,4.5897058610355455,5.152620784935804,1.6383261432700598,0.3457509618649877,1.7355101108551025,1.7323434352874756,1.7000181674957275,0.16794848442077637,0.1937105655670166,1.14794846999694,55.80188659127282,37.40807365451662,0.3643426217250733,0.9312649751786546,val
30618_2f104a1d,1785135829.1539075,3.7580941155994667,5.090709423035386,2.000863967414212,0.5584447929105291,2.0974109172821045,1.9592053890228271,2.0999763011932373,0.10798954963684082,0.09997963905334473,1.9012392640960158,55.80527039838389,37.41037896256174,0.42805476889692134,0.9037527951960111,val
30618_2f104a1d,1785135843.8558097,3.3551600835417505,8.4044478541465,2.2411553889603804,1.0365720350294167,2.3953115940093994,2.30084228515625,2.399972915649414,0.09797883033752441,0.09796786308288574,3.512829242913786,55.805537852429204,37.41111312009198,0.9995777403578223,-0.029057546027669,val
30618_2f104a1d,1785136019.2888343,14.44170428438595,5.840383364579049,0.5206750501174713,7.971365640784225,0.48187875747680664,0.5516762733459473,0.5000474452972412,0.11596202850341797,0.10597705841064453,0.8351111742763615,55.804887604993176,37.41587979354453,0.9713249906444769,-0.2377556782697458,val
30618_2f104a1d,1785136124.0716088,13.419258672484085,-5.148719783221064,0.5603465351981627,-0.3064012880585187,0.5118589401245117,0.5214836597442627,0.49991607666015625,0.08199453353881836,0.041944026947021484,2.148297241689284,55.804159373265975,37.42150434433438,0.9735203698727095,-0.22860028312078465,val
30618_2f104a1d,1785136130.0179443,14.396770016450898,7.886426211468856,0.5223001474262663,2.3601532196107464,0.45387792587280273,0.45148754119873047,0.5000150203704834,0.1279604434967041,0.08797812461853027,1.355495477790032,55.80399458973715,37.42281530308123,0.9752308610401962,-0.22118943843411135,val
30618_2f104a1d,1785136130.7877266,14.4100906706721,-5.161586929164009,0.5218173343876428,1.0697132475560085,0.599827766418457,0.6333212852478027,0.6000180244445801,0.11196517944335938,0.10797572135925293,0.7045536799250964,55.80397360225821,37.42298725781493,0.9790439767620716,-0.20364894197100145,val
30618_2f104a1d,1785136160.9952996,9.727585234723314,5.187760970039017,0.7730012043701442,2.742961547557153,0.7857761383056641,0.8545904159545898,0.7999117374420166,0.11997079849243164,0.0979771614074707,4.9063864532735035,55.80377051671545,37.428158970826644,0.9749109298688439,0.22259532524800696,val
30618_2f104a1d,1785136192.7844272,14.420992239467848,-5.408264312087354,0.5214228658604305,-0.24501124057406484,0.4958615303039551,0.5137372016906738,0.5001306533813477,0.1079716682434082,0.07198572158813477,0.9669269826712877,55.80456426807854,37.43328551559206,0.9671693821152426,0.2541326155746635,val
30618_2f104a1d,1785136193.3902526,14.434855551926299,5.349096339326877,0.5209220885518943,3.1984935617741996,0.5258550643920898,0.49433255195617676,0.5001306533813477,0.10996389389038086,0.05798220634460449,1.4823199187344605,55.80458563584091,37.43341940279383,0.9669544264638922,0.25494928347003737,val
30618_2f104a1d,1785136324.3917122,3.9541439473954005,5.512277095918149,1.9016594241611804,3.1459333205938766,1.693518877029419,1.6353168487548828,1.7003905773162842,0.09597063064575195,0.06996917724609375,1.2716928342556886,55.80547715680768,37.45170116073653,0.9929199458341981,0.1187854417199904,val
30618_2f104a1d,1785136326.8890152,4.107011360629042,-6.681108644114643,1.8308775997402293,5.398567284391276,1.9239449501037598,1.9481806755065918,1.8971242904663086,0.0999758243560791,0.09645986557006836,5.507560603797945,55.805488487808375,37.45186362445843,0.9911930364030884,0.13242493944127737,val
30618_2f104a1d,1785136327.2849076,4.084641685144124,-5.174649497191386,1.8409044615596521,4.941653600317701,1.9074714183807373,1.9626102447509766,1.8970460891723633,0.09397363662719727,0.10196590423583984,5.507560603797945,55.805490411407035,37.45188918603795,0.9929017409587433,0.11893751637350004,val
30618_2f104a1d,1785136375.3514876,3.4236247964504294,-6.522830303030395,2.1963373760613045,1.987191702359081,2.0774290561676025,2.0636279582977295,2.0424447059631348,0.1439666748046875,0.13797879219055176,1.258671279193439,55.805595914400904,37.45329769878202,0.9883408985456603,0.15225724370931212,val
30618_2f104a1d,1785136557.892558,3.685520939081756,10.02374271585675,2.0402638395883907,0.7193617155525711,1.9034647941589355,1.8629095554351807,1.9002256393432617,0.09598517417907715,0.08796453475952148,2.1716860329518517,55.810184278516914,37.461915457462034,0.7669517956435727,0.641704716485004,val
30618_b95ca60a,1785141887.417074,3.2299022673628492,-7.530860878730764,2.328068925811128,1.8868162057080038,2.585277557373047,2.5192248821258545,2.599738836288452,0.10597515106201172,0.06198430061340332,1.5849019509545863,55.79995152976151,37.38969367087159,0.6953703748530952,0.7186515440578042,val
30618_b95ca60a,1785141897.4502769,3.1669280308990775,8.125521456613534,2.374362482724187,3.0189286132523554,2.653264045715332,2.6212968826293945,2.7001290321350098,0.14795804023742676,0.0939791202545166,2.8947552178425626,55.8001286721536,37.38999782847078,0.6868593044653561,0.7267904071115462,val
30618_b95ca60a,1785141914.019651,3.4469082039911307,5.549927956117936,2.181501408522483,1.2707504513548118,2.489311933517456,2.464637279510498,2.497661590576172,0.11197161674499512,0.1059732437133789,2.9971438653630362,55.800364592891235,37.390628937010824,0.9949891533641622,0.09998292198004513,val
30618_b95ca60a,1785142136.1236491,8.772505866280747,5.18526883341878,0.8571593130484102,-0.8372372440752794,0.8077888488769531,0.917311429977417,0.801628828048706,0.10977435111999512,0.09198546409606934,1.4670906435938993,55.80124419452623,37.407628814072595,0.36431816779405474,0.9312745420203341,val
30618_b95ca60a,1785142260.5289357,4.069655210643015,-5.696006734726233,1.8476835783015302,2.0534147073289826,1.6975226402282715,1.6370797157287598,1.7004356384277344,0.09596657752990723,0.0959773063659668,0.9084180782857534,55.80553778054137,37.411117227131356,0.9996049771808649,-0.028104974563985526,val
30618_b95ca60a,1785142339.6448388,14.15503549570728,5.279654589374979,0.5312197983773853,-0.25409217896397324,0.5898454189300537,0.44507336616516113,0.60015869140625,0.09797263145446777,0.18195343017578125,0.14620746716337343,55.80477113101987,37.41678579491325,0.9715423043197656,-0.23686610335174602,val
30618_b95ca60a,1785142436.337855,9.659085222599186,5.5493110763379185,0.7784831512265021,2.063638714390077,0.7178122997283936,0.7144567966461182,0.7000298500061035,0.09795999526977539,0.19356703758239746,1.7357087274918486,55.80377109186657,37.42816481912197,0.9760488896541953,0.21755129281347024,val
30618_b95ca60a,1785142508.0458496,13.632031740695707,-5.6517787624545965,0.5516004690340166,2.6189370082017236,0.5958340167999268,0.49822068214416504,0.5999400615692139,0.09797549247741699,0.11396408081054688,,55.80488890714621,37.43614539482599,0.998849756295154,0.0479496021788644,val
30618_b95ca60a,1785142526.7226295,5.5929242424242425,7.493826377048796,1.3444550249790383,0.012776574217635566,1.2316622734069824,1.2268884181976318,1.1999635696411133,0.1779465675354004,0.09395933151245117,1.0968662440096193,55.80500120108768,37.4396329884602,0.9982813547506945,0.05860321456300908,val
30618_b95ca60a,1785142558.4437761,9.472700975132918,5.703533726620331,0.7938005350104322,0.37627766767865506,0.7977814674377441,0.9141426086425781,0.7999856472015381,0.10396838188171387,0.10197114944458008,10.34767642592798,55.805115976806384,37.44232135619054,0.9977493019182428,0.06705468307030686,val
30618_b95ca60a,1785142559.6274464,7.825087950103832,10.446394053714432,0.9609393721836159,1.4526049058113708,1.031717300415039,1.1136817932128906,0.9999821186065674,0.18394851684570312,0.1019737720489502,-0.3877974436871835,55.80512176779459,37.44248169831626,0.9972976031432768,0.07346761711581017,val
30618_b95ca60a,1785142567.5392497,4.049235176310708,5.261678985806471,1.8570013285583908,1.2747099946607108,1.7994945049285889,1.938431978225708,1.7999680042266846,0.09598565101623535,0.09397292137145996,1.6654132888316486,55.8051449606121,37.443152136634026,0.9970978470898625,0.07613069899036129,val
30618_b95ca60a,1785142639.6471133,4.029009269701095,6.770196099011286,1.866323604316802,1.8592726158932558,1.5995454788208008,1.5241138935089111,1.600022315979004,0.09197020530700684,0.0999596118927002,1.2201233480793565,55.80547717718112,37.45170087770544,0.9942085240114931,0.10746818497996694,val
30618_b95ca60a,1785142787.7237856,4.181495796676441,6.597593831274745,1.7982644172525515,,1.6295571327209473,1.6122987270355225,1.6407954692840576,0.1499462127685547,0.15196442604064941,4.103728313036481,55.80849375352321,37.46016903109354,0.5553710086759753,0.8316026952350682,val
30618_b95ca60a,1785142788.1596572,3.495651225112116,6.172523210695979,2.1510827647896087,4.682045258057475,1.8574950695037842,1.920490026473999,1.8526294231414795,0.10196542739868164,0.1519613265991211,0.0,55.808505708057496,37.460183317577034,0.557033532447203,0.8304900021850901,val
30618_b95ca60a,1785142829.830024,4.481626889762559,-6.2521970652487155,1.6778360374512884,-0.26024539741203195,1.923469066619873,1.9411842823028564,1.9002017974853516,0.1499462127685547,0.09597444534301758,2.787080906714151,55.80862329373697,37.460321735576585,0.561106457977736,0.8277436455906377,val
30618_b95ca60a,1785142852.26377,3.288580230312567,-7.183322821418005,2.2865293152174853,1.0840858764332668,2.323354482650757,2.279102325439453,2.3011858463287354,0.10397624969482422,0.11995959281921387,2.459244173191155,55.80920025358494,37.461006931149065,0.5244624190385413,0.8514335975378476,val
30618_b95ca60a,1785142919.5633845,3.0577753808740433,8.29929013271201,2.4591195118802274,1.4984125656615288,2.1690056324005127,2.1411330699920654,2.1543407440185547,0.09237813949584961,0.16594648361206055,1.5373174898428945,55.81002420983111,37.46160104444866,0.6544180991864913,0.7561328927226612,val
30618_b95ca60a,1785142928.2965395,3.502207624633431,-9.089478272658514,2.147055773953835,1.6491477052633854,2.1733999252319336,2.1965808868408203,2.199280023574829,0.1179649829864502,0.09197330474853516,1.0749239215574362,55.810181023254074,37.46189879969026,0.7915715379641706,0.6110765093546288,val
30618_0f120b35,1785150596.2062764,3.483740504971032,-6.907028898664753,2.1584372002807597,0.5627810905978219,2.2993597984313965,2.3197343349456787,2.3000168800354004,0.09996867179870605,0.09997105598449707,1.610648104674966,55.79988293470699,37.38957532025855,0.6951826316669034,0.7188331577137205,val
30618_0f120b35,1785150617.0104945,3.3166659609469993,7.400665339347433,2.2671668448357543,2.0114178615347647,2.1094131469726562,2.0385637283325195,2.1006462574005127,0.10199093818664551,0.06997537612915039,5.969794380697282,55.800110561274934,37.389969179719415,0.6839353788124672,0.7295425947870673,val
30618_0f120b35,1785150865.7373185,6.968036764179959,5.384836023385205,1.0791325242009235,0.3975645469947549,1.1916747093200684,1.2168586254119873,1.1999750137329102,0.09998655319213867,0.09598064422607422,0.4374021963992245,55.80116261075064,37.407573428831924,0.3639924911124908,0.9314018823331437,val
30618_0f120b35,1785151016.955251,4.134100374317526,6.054765551471355,1.818880632112299,1.973038445988013,1.9014809131622314,1.9902374744415283,1.9001028537750244,0.1019599437713623,0.1079704761505127,2.688837781487535,55.805533756881395,37.41120412659473,0.9917247041859832,-0.1283826744822847,val
30618_0f120b35,1785151027.240409,7.044473244641537,-5.851765331593199,1.0674233318685826,0.9622805798962242,1.1176719665527344,1.1176719665527344,1.1000597476959229,0.09398937225341797,0.11596250534057617,1.9781671795696225,55.805380552441406,37.412318287191724,0.9716522528013077,-0.23641467726463924,val
30618_0f120b35,1785151214.4343567,8.37744872326729,-5.648802024033066,0.8975805582874039,-0.4380366381936548,0.8177568912506104,0.7756686210632324,0.7998368740081787,0.1759626865386963,0.09597349166870117,1.0922246029758647,55.80432623484955,37.42018901781174,0.9772391763424024,-0.21214050113456112,val
30618_0f120b35,1785151219.8528235,12.713847040395203,-5.850266685555247,0.5914366499898221,-1.428836737129331,0.5918376445770264,0.5645956993103027,0.5998775959014893,0.09397387504577637,0.17993998527526855,1.801886768575931,55.80421239108167,37.42108857824896,0.975770184681085,-0.21879795859980303,val
30618_0f120b35,1785151221.7503648,13.61050364780774,7.189292385960549,0.5524729500561516,4.85609243818213,0.5058119297027588,0.5604314804077148,0.49989795684814453,0.18780279159545898,0.09798479080200195,3.1695529266686173,55.80416261191298,37.42148057262342,0.9725799092792671,-0.23256895765843852,val
30618_0f120b35,1785151222.5480866,13.97003826621844,-5.244671312102832,0.53825443844613,0.7097627966530536,0.4978673458099365,0.4991426467895508,0.49989795684814453,0.10396766662597656,0.09798145294189453,-1.194438924758546,55.804141114726896,37.42165224320019,0.9795707537865364,-0.2010998217952396,val
30618_0f120b35,1785151227.048824,14.331952964737857,6.129447930951392,0.5246622787944581,4.3022557814637485,0.5978350639343262,0.6242759227752686,0.5998778343200684,0.1854720115661621,0.18794488906860352,1.0434932802135517,55.80401526448903,37.422652223466116,0.9752015456295621,-0.22131865127393402,val
30618_0f120b35,1785151227.8486073,14.462779923277012,-7.697015012526462,0.5199163052984203,,,,,,,4.386992487081688,55.803992303524026,37.42283147828451,0.9742297393513993,-0.22555800797866732,val
30618_0f120b35,1785151346.7335546,3.869016942040388,7.1624110042447064,1.9435001745143197,5.82812602337833,1.92146635055542,1.9249093532562256,1.8993234634399414,0.1697089672088623,0.1039738655090332,1.4593012826552132,55.805022821864625,37.44013610362413,0.9974969323294782,0.07070975882634883,val
30618_0f120b35,1785151366.3440971,7.185059173022499,5.875417004769626,1.046537672269607,1.1544648464543519,1.15769362449646,1.15769362449646,1.1001474857330322,0.1879432201385498,0.12397527694702148,-0.017030121791131697,55.80509689732835,37.44209316016242,0.9977137090376194,0.0675822077058491,val
30618_0f120b35,1785151367.1598687,5.786229727893264,5.175656948139605,1.2995396753443698,0.3189402134893582,1.3957037925720215,1.408003807067871,1.4001877307891846,0.10396695137023926,0.17403793334960938,5.713790522567417,55.80510003943125,37.44217533519149,0.9977507833547188,0.0670326361934632,val
30618_0f120b35,1785151428.628789,5.651105128137882,5.711529753134433,1.3306132042410106,0.6676024975009117,1.5275766849517822,1.5016894340515137,1.500058889389038,0.17595696449279785,0.09798121452331543,2.2162757689217605,55.80539859313327,37.44991135290131,0.9969794797458105,0.07766541679391875,val
30618_0f120b35,1785151465.0546572,4.082490327349022,-8.63930145981766,1.8418745665313367,5.981765631215197,1.901472806930542,1.9538590908050537,1.8995897769927979,0.09596824645996094,0.09797310829162598,5.0167968630339725,55.80548821160316,37.45186042466553,0.9896267350617051,0.14366253948441035,val
30618_0f120b35,1785151552.650306,4.825766228533418,-5.662677804076663,1.5581846997879878,3.358812188250677,1.4835796356201172,1.5006194114685059,1.458627700805664,0.1699666976928711,0.15995550155639648,1.8575421359792248,55.805602765849784,37.45339328318937,0.9934856546749552,0.1139572461718682,val
30618_0f120b35,1785151581.8321934,5.722307788408582,5.034985720528844,1.3140563877542784,3.0452275410544103,1.3436181545257568,1.3295025825500488,1.3434927463531494,0.15396332740783691,0.10796976089477539,2.225058117835545,55.80619484419316,37.45706722570263,0.8231177599809743,0.5678707187414255,val
30618_0f120b35,1785151690.949847,3.3259479579429225,9.583205450526425,2.2608396755266957,0.6774535353940733,2.039428949356079,2.0513861179351807,2.000920295715332,0.1659538745880127,0.10596609115600586,2.1407267271076567,55.80962396173477,37.46144875847567,0.06048158184371568,0.9981693134221677,val
30618_0f120b35,1785151743.7931547,3.0419880933648047,7.2786553516920645,2.4718818322976914,1.3162724911929444,2.7912285327911377,2.8690249919891357,2.799668312072754,0.10795807838439941,0.09796857833862305,2.9746099468040264,55.81002268971676,37.46161175936985,0.6599575126600261,0.7513029225842206,val
30618_0f120b35,1785151756.8835125,3.1891111481983927,5.474778427279494,2.357846670318238,1.0689899110457963,2.105419397354126,2.1340909004211426,2.0994226932525635,0.09992504119873047,0.10997462272644043,5.751198835525033,55.81026362589717,37.46209685922625,0.8149840880988022,0.5794833355203268,val
30618_0f120b35,1785151760.4025307,3.08546773478292,7.411732514917717,2.437048690312553,3.1572170833256603,2.3813440799713135,2.2896904945373535,2.3993401527404785,0.11795997619628906,0.09996533393859863,1.4521433466509999,55.81033083665258,37.46222370308142,0.6088661331752377,0.7932729869800392,val
30618_f19a4ac3,1785163795.980022,3.0479989032734904,-5.383622343125087,2.4670071547527885,1.0317035137881956,2.4213356971740723,2.4210407733917236,2.399475336074829,0.08797788619995117,0.1159670352935791,3.9120847967031516,55.800224522156256,37.390167400613095,0.5796027429916193,0.8148991718713371,val
30618_f19a4ac3,1785163886.7488084,7.271344131321079,-5.872079251298693,1.0341189972930356,0.9218324659543101,1.047727108001709,1.043271780014038,1.0459930896759033,0.1459496021270752,0.10598134994506836,0.8454080080420351,55.79937179656332,37.395480952897294,0.9354722914225624,-0.35340004524705526,val
30618_f19a4ac3,1785163933.1919112,4.277977796109491,9.726971521701186,1.7577078377762343,2.6874251924918595,1.9374701976776123,1.9038763046264648,1.8997924327850342,0.09197068214416504,0.1359715461730957,2.1432300890206655,55.799108506960586,37.40113885242809,0.9882911972505677,0.152579518406107,val
30618_f19a4ac3,1785164236.5056622,3.5784721741410963,6.335901771718783,2.101297630981067,2.9814083010765184,2.0014472007751465,2.054269790649414,2.0003631114959717,0.10797119140625,0.09997439384460449,1.6212578572629286,55.80520310755748,37.41033533055889,0.35613453824167884,0.9344346904259206,val
30618_f19a4ac3,1785164253.1090536,3.8839463058286103,-5.072923783684813,1.9360296229559075,2.0146580627075577,1.9058811664581299,1.7582788467407227,1.9001905918121338,0.10796117782592773,0.11037993431091309,3.2107554172623267,55.80553089261275,37.41110225876243,0.9999957830757126,-0.0029041058507681987,val
30618_f19a4ac3,1785164254.6566331,3.3929185873242558,-5.838627568696724,2.216214420866602,2.9604345569902506,2.349337339401245,2.466160297393799,2.352919816970825,0.1519613265991211,0.09996318817138672,0.798419056015607,55.80552714237227,37.41118791026607,0.9948992735214688,-0.10087336390967477,val
30618_f19a4ac3,1785164342.3062758,7.656062758832799,5.804503010800627,0.9821543185992281,3.287741286494446,1.0037224292755127,1.0593724250793457,0.9998960494995117,0.04999184608459473,0.07595634460449219,0.2731243946568615,55.805022216588576,37.414854984178675,0.9754330013936603,-0.22029629999651687,val
30618_f19a4ac3,1785164352.1095517,11.78277000746249,5.376878561019688,0.6381721019159332,0.5326433926812338,0.701807975769043,0.7853889465332031,0.6999397277832031,0.0619816780090332,0.06398320198059082,1.4585564478194997,55.80482708241629,37.41625621418159,0.9715955827745911,-0.23664746677896784,val
30618_f19a4ac3,1785164357.0161958,13.022470757933384,5.069979874317395,0.5774200028418923,1.1731428995874904,0.6058263778686523,0.504758358001709,0.5999484062194824,0.10798144340515137,0.10996794700622559,1.5036935937306164,55.80469139940467,37.41724269353711,0.9745073946328554,-0.22435538283242604,val
30618_f19a4ac3,1785164366.6515253,5.503495197064595,5.673965791672557,1.3663017469452872,3.6213900877093512,1.1618318557739258,1.1017735004425049,1.2018280029296875,0.14197921752929688,0.09998393058776855,3.0957749952870954,55.80448668719214,37.41884018307944,0.9747449274952782,-0.22332112824859354,val
30618_f19a4ac3,1785164464.9122336,12.619936041770975,-5.407598541289258,0.5958378138498981,4.657381784950516,0.5918281078338623,0.5587849617004395,0.5999941825866699,0.10598540306091309,0.08596253395080566,-0.04934350344436927,55.80419603768084,37.42113670013848,0.9739179141669796,-0.2269006312565914,val
30618_f19a4ac3,1785164472.0146508,14.045528073814463,-5.598750805155949,0.5353615088401754,0.8660019614520377,0.5074491500854492,0.541517972946167,0.5000169277191162,0.0983738899230957,0.07198238372802734,0.583735323334242,55.80400297032592,37.422670090603916,0.9742182317106346,-0.2256077059911835,val
30618_f19a4ac3,1785164472.7420402,14.144763538611928,-8.244223296096717,0.531605571314645,1.5210385650813971,0.4738881587982178,0.3942286968231201,0.5000166893005371,0.09596109390258789,0.09998250007629395,0.6390655007567164,55.80398275256016,37.42282991228299,0.9728809988001994,-0.23130620867915833,val
30618_f19a4ac3,1785164473.4158707,14.18312635243068,-5.901012812098331,0.5301676735584948,1.3535448704780804,0.6038174629211426,0.613720178604126,0.600020170211792,0.07397937774658203,0.10592055320739746,0.3218006928075249,55.803964920258764,37.422978066266715,0.9794210643191109,-0.20182759664629624,val
30618_f19a4ac3,1785164535.3306565,14.212145957261146,5.657964242485384,0.5290851307513198,1.1747906488099014,0.4878690242767334,0.43146491050720215,0.5000591278076172,0.10596466064453125,0.10596156120300293,2.1063693220185815,55.80455316428718,37.43326955581181,0.9673262432623171,0.25353488733508195,val
30618_f19a4ac3,1785164583.4332983,7.179053622773764,6.489655304097371,1.0474131406681257,,0.9977357387542725,0.9874622821807861,1.0001466274261475,0.1179654598236084,0.11397886276245117,0.9404314278530271,55.80508777073986,37.44207494068316,0.9979243357417076,0.06439736123842017,val
30618_f19a4ac3,1785164584.2330718,5.863384471783134,5.130922620422472,1.282439372386507,-0.6590844715584184,1.2076926231384277,1.2187838554382324,1.2001760005950928,0.10196924209594727,0.10799646377563477,0.4928807609506331,55.80509086779797,37.44215545875269,0.9968103007614192,0.07980742005558789,val
30618_f19a4ac3,1785164594.8241308,5.108666817664884,8.695888835333315,1.471897731919696,0.2516323530753737,1.5015931129455566,1.6078143119812012,1.4998674392700195,0.097900390625,0.09396052360534668,0.8485050727584337,55.805136571609836,37.44310043054377,0.9970414645678123,0.07686558353692372,val
30618_f19a4ac3,1785164632.3277175,10.018733665370466,5.822216480695859,0.7505374784085854,0.7504453521875871,0.7018046379089355,0.7229757308959961,0.700115442276001,0.09197282791137695,0.11195564270019531,1.6998644961808997,55.8052941226695,37.44729482118126,0.9977259800222172,0.06740080703304725,val
30618_f19a4ac3,1785164657.7246697,3.7900264263405097,6.634951822300121,1.9840059820677305,1.729699795813717,2.2153866291046143,2.1955904960632324,2.200333833694458,0.07399249076843262,0.10997581481933594,1.0076698069389756,55.805429823613935,37.450683071333614,0.9962222364452025,0.08684040310891726,val
30618_f19a4ac3,1785164674.0261428,4.156124285339628,6.68244020638927,1.809242117368462,3.5899075603067843,1.9074842929840088,1.9575793743133545,1.900064468383789,0.10395216941833496,0.10798907279968262,6.973198153275627,55.8054872428531,37.451851261498526,0.9912801848625878,0.13177099490705046,val
30618_f19a4ac3,1785164674.6459887,4.101181915499808,-7.262595872218529,1.8334800203901627,6.383570705743896,1.7874915599822998,1.796417236328125,1.8000609874725342,0.1119697093963623,0.09797477722167969,2.54600546949442,55.805490255936625,37.451891651129046,0.9931956658339812,0.11645758613587395,val
30618_f19a4ac3,1785164821.0093174,7.035261092434971,-5.680244297377529,1.0688210434919063,0.3281296833385823,0.9337501525878906,0.9337501525878906,0.8999760150909424,0.15395164489746094,0.09198141098022461,2.0405700664227133,55.80649261111782,37.45771087231948,0.6928720261928287,0.7210605767336362,val
30618_f19a4ac3,1785164923.4488707,3.6527371718761175,-6.799457212319357,2.058575459507322,1.3378440143317354,1.8034894466400146,1.773540735244751,1.8001017570495605,0.09197282791137695,0.09995174407958984,2.420273031413962,55.81017930053247,37.461904472731604,0.78644267917026,0.6176632677920094,val
30618_22c1c589,1785171078.6948392,3.242961104448646,-6.161802012629208,2.3186941994892583,6.830875105497528,2.599280595779419,2.6361403465270996,2.6001784801483154,0.10197639465332031,0.10797286033630371,3.921403296535334,55.80011809428137,37.38998093060994,0.6763051796144405,0.7366215473543246,val
30618_22c1c589,1785171358.4030159,8.893541475335574,6.226907584076045,0.8454939039648014,1.2703227216865907,0.8057796955108643,0.6669094562530518,0.8002142906188965,0.09797000885009766,0.10597395896911621,5.4785716799026245,55.80114933039723,37.40756409136932,0.3621363147721149,0.9321251469214161,val
30618_22c1c589,1785171446.9103954,10.996386538874185,6.389182140739235,0.6838096383272643,2.849354326320805,0.7118072509765625,0.7050836086273193,0.6999657154083252,0.10196614265441895,0.10996866226196289,0.5454439267222704,55.80274010691796,37.4086619851392,0.362434013518216,0.932009434418492,val
30618_22c1c589,1785171508.413293,4.1439730539064925,5.5463854343567505,1.8145472965770948,0.212553785417194,1.8974614143371582,1.8974616527557373,1.900212049484253,0.09597229957580566,0.0999610424041748,4.959664431989832,55.805529533949226,37.411243583803866,0.9775369977787284,-0.21076389153208935,val
30618_22c1c589,1785171609.051278,8.400387997997282,8.0146983513821,0.895129499238255,1.6765324596970885,0.86775803565979,0.8360671997070312,0.900371789932251,0.1079709529876709,0.10391807556152344,1.143666093952335,55.80505338349582,37.41468083281378,0.969689623261616,-0.24433999782832372,val
30618_22c1c589,1785171731.4432197,8.960821529218224,-5.213515778565344,0.8391457276027656,2.3848572590446735,0.8057682514190674,0.8309001922607422,0.7999060153961182,0.12196803092956543,0.19795012474060059,1.2643479672566362,55.80431540998999,37.420273290456215,0.9756910259747339,-0.21915068293840864,val
30618_22c1c589,1785171738.1493573,13.65237789529148,8.969725282834409,0.5507784182158996,6.492604732281734,0.5058474540710449,0.540175199508667,0.499941349029541,0.09797453880310059,0.12596559524536133,4.029470099647498,55.80416170031902,37.42148717052009,0.973398350686675,-0.22911929399433134,val
30618_22c1c589,1785171741.3384736,14.459313097982744,5.394120617818932,0.5200409626030859,,,,,,,,55.804073413099815,37.42218991184114,0.9780179114281758,-0.2085208980550122,val
30618_22c1c589,1785171744.2436485,14.471667620341893,-9.991886050574745,0.5195970014875665,5.248021517641623,0.5038654804229736,0.42221522331237793,0.499941349029541,0.09997057914733887,0.11997389793395996,2.6275133089119675,55.8039913536038,37.42283965835892,0.972790248235418,-0.23168757614096117,val
30618_22c1c589,1785171805.0567312,14.270009427079609,5.704696089167094,0.5269397431360509,1.8898342955986758,0.5718362331390381,0.6964623928070068,0.5998938083648682,0.1119680404663086,0.09397482872009277,1.2012710768771395,55.804554863052374,37.43322129116623,0.9649454186400324,0.2624506411606049,val
30618_22c1c589,1785171806.050444,14.26983130438929,-6.08886261293665,0.5269463206437089,2.269717070826839,0.5898499488830566,0.6102602481842041,0.5998938083648682,0.10796546936035156,0.09398150444030762,,55.80458856580819,37.433439232156736,0.9681492813891566,0.2503736586497462,val
30618_22c1c589,1785171932.9451427,4.114937157570989,-5.121821193558755,1.8273511390616253,0.09902758433149675,1.5995595455169678,1.6112480163574219,1.5998938083648682,0.08998227119445801,0.10397958755493164,1.326766510150261,55.80544738899514,37.45110263712331,0.9973343757584767,0.07296672481651774,val
30618_22c1c589,1785171938.4076238,4.823443635409961,5.048965326016887,1.5589349996447612,-1.540520745785295,1.7335193157196045,1.6972053050994873,1.7423474788665771,0.1459641456604004,0.16393589973449707,4.252591440770037,55.805468943308696,37.451558926699924,0.9961537502772602,0.0876225188439035,val
30618_22c1c589,1785171943.0603669,4.031451369716043,-6.798826486902379,1.865193056411341,4.464741419192496,1.891432523727417,1.9064438343048096,1.8998737335205078,0.10401749610900879,0.10196447372436523,5.94144222944216,55.8054888404934,37.4518663124496,0.9900705965114756,0.14057102803711294,val
30618_22c1c589,1785171991.3148882,5.696506142845903,-5.120807456892423,1.320008249529902,0.20018446119623642,1.2336583137512207,1.2193942070007324,1.2000489234924316,0.161942720413208,0.08797669410705566,0.959759039052585,55.80560980283433,37.453486111133046,0.9925514854144907,0.12182589544710122,val
30618_616ec56b,1785177018.4062092,9.779225498891353,5.896802788597646,0.768919287412568,0.5408375364630754,0.8297696113586426,0.8434028625488281,0.8319790363311768,0.16595888137817383,0.08798646926879883,1.1644137163093728,55.799672319791235,37.394068623851304,0.9338682247258807,-0.35761730781287937,val
30618_616ec56b,1785177252.1612053,11.009604502290006,6.145114568584878,0.6829886668944652,2.9886880620740803,0.5958452224731445,0.549072265625,0.6032834053039551,0.10797357559204102,0.10797524452209473,0.7990021594487108,55.80274054814148,37.40866257594747,0.3615352454608599,0.9323584430301233,val
30618_616ec56b,1785177309.3552983,4.008,-5.051015232821221,1.876106562388811,1.3618984886740164,1.9894275665283203,1.959385633468628,1.9997165203094482,0.10396885871887207,0.0999600887298584,3.011734065051787,55.80553222113837,37.410959729053964,0.9875885346915872,0.1570633189058595,val
30618_616ec56b,1785177311.5446749,3.5312600672341037,5.06382478351321,2.129391480346003,1.4272155520411267,1.8995015621185303,1.8694846630096436,1.902745008468628,0.10196805000305176,0.0939946174621582,2.258272129997129,55.80553809449335,37.41109495150236,0.9999916799623045,0.0040792163668865785,val
30618_616ec56b,1785177328.2180598,5.38378952864602,5.439128321649257,1.396680732418125,0.496406482058793,1.5335707664489746,1.4910564422607422,1.5002193450927734,0.15996646881103516,0.10398697853088379,1.306499636373658,55.80534419815743,37.41258003197265,0.9736012467340603,-0.2282555856006233,val
30618_616ec56b,1785177412.6565635,10.994413038139765,5.8074523926911565,0.6839323823808814,,0.5858242511749268,0.37125611305236816,0.5995571613311768,0.10797667503356934,0.193939208984375,0.37682564700950955,55.80505477729237,37.41467220937145,0.9682606668412136,-0.24994255549667463,val
30618_616ec56b,1785177418.6468806,14.164652348062017,7.642013576698323,0.5308591356344267,1.2173131481432724,0.5038599967956543,0.4976062774658203,0.5001039505004883,0.10396313667297363,0.1059713363647461,0.8984914418024238,55.80489171018309,37.41586427257854,0.9728956852949201,-0.23124442811563614,val
30618_616ec56b,1785177419.5446396,14.330126581312735,5.1677498070737755,0.5247291473238002,-2.41042926905138,0.5018596649169922,0.5696053504943848,0.5001037120819092,0.095977783203125,0.11195993423461914,1.2675445061887982,55.80486456581498,37.416061580564694,0.9710512687137197,-0.2388711651277218,val
30618_616ec56b,1785177471.732128,5.511987425792147,-7.380220970487737,1.3641967082270166,1.232981516982879,1.3176274299621582,1.3613042831420898,1.2997007369995117,0.17394781112670898,0.08996820449829102,2.356658547167292,55.80437304215939,37.41981308028714,0.9758557029505948,-0.2184162242572662,val
30618_616ec56b,1785177522.4300213,3.0399197339246125,-6.220926904716183,2.473563699113389,0.685150509037087,2.129413366317749,1.9898889064788818,2.0999743938446045,0.1759490966796875,0.10797619819641113,0.5778483131403576,55.804203691518715,37.421156310222926,0.9745712100174478,-0.22407801455102144,val
30618_616ec56b,1785177534.8685803,13.316229634910153,-5.716143457239126,0.5646819939437826,,0.4878525733947754,0.5346026420593262,0.4999361038208008,0.12199091911315918,0.1899559497833252,1.1882449529365433,55.80399423507991,37.42281855791944,0.9734686105486089,-0.22882059408313882,val
30618_616ec56b,1785177597.0712516,14.426486939417781,7.667232602834361,0.5212242685021846,,0.4838733673095703,0.47893404960632324,0.500072717666626,0.09996509552001953,0.27191996574401855,0.9009249442998788,55.80455514170404,37.433222558729504,0.9658867174901287,0.2589649570427324,val
30618_616ec56b,1785177612.2910352,13.482854857783181,5.587618731692652,0.5577034820421319,2.413982932177984,0.5978257656097412,0.5977458953857422,0.6000871658325195,0.1256098747253418,0.13596749305725098,0.20025802394780345,55.80490212045966,37.43652946777357,0.9980907955789956,0.06176377401428436,val
30618_616ec56b,1785177621.2685409,12.686796480938415,5.594750660337635,0.5926977005859684,1.5919841880975667,0.6038179397583008,0.6333012580871582,0.6001155376434326,0.11397385597229004,0.12197589874267578,0.14457518300267924,55.80492521904086,37.437883914390014,0.9982448965254258,0.059220997635483476,val
30618_616ec56b,1785177625.3294032,9.912240194453915,6.062875741479845,0.7586009776338571,-0.2569697775050561,0.8257637023925781,0.7875604629516602,0.8001542091369629,0.16361522674560547,0.09997177124023438,0.9628824898745003,55.80494919517902,37.43861779070237,0.9975507314943474,0.06994668037221308,val
30618_616ec56b,1785177677.8887777,6.502579039222184,5.548730377287796,1.1563773476183388,2.457593787102182,0.9937355518341064,1.009070634841919,1.0002915859222412,0.11796236038208008,0.12597417831420898,3.756372992121287,55.80513394777025,37.442682589907896,0.9976700814319314,0.0682232263646587,val
30618_616ec56b,1785177678.556607,5.319919760150681,6.209038932660736,1.4134489693583978,0.1390252530982859,1.497565746307373,1.475614070892334,1.5004372596740723,0.1939530372619629,0.0939633846282959,0.4289721236606751,55.8051363098751,37.44274504113975,0.997742740533255,0.06715224280089178,val
30618_616ec56b,1785177759.476085,4.13241273871683,-5.600859953736217,1.8196234445810076,4.299378130459028,1.8914799690246582,1.9714303016662598,1.9002845287322998,0.08997082710266113,0.09596824645996094,4.561153296092315,55.80548845086705,37.45186340501613,0.9905748323697989,0.1369726303885004,val
30618_616ec56b,1785177759.889979,4.093801695630509,-7.902382120904424,1.8367853797315516,9.262318914858007,1.8874597549438477,1.8882269859313965,1.9002845287322998,0.11795401573181152,0.11596345901489258,4.561153296092315,55.805490482734164,37.45189027688659,0.9931393299682675,0.11693703977004337,val
30618_616ec56b,1785177762.773167,4.192439939918461,9.408701618920158,1.7935701428797572,2.185786995345939,1.7135210037231445,1.6284408569335938,1.7002544403076172,0.08797502517700195,0.12396883964538574,1.8156555415047964,55.80550428840726,37.45207807978528,0.9909776795588263,0.13402700704038792,val
30618_616ec56b,1785177831.7643065,3.886713868821973,-10.285699620440873,1.934651058924856,0.8799939629625091,2.007113218307495,2.015571355819702,1.9994235038757324,0.07831263542175293,0.08397603034973145,1.762534601588796,55.80555575986351,37.45276616386779,0.9927415717643296,0.1202670848191151,val
30618_616ec56b,1785177864.4428923,4.1334707102496235,-8.463638523969424,1.8191577076882806,1.0961192959120243,1.9354579448699951,1.9707705974578857,1.941650152206421,0.1679539680480957,0.11197376251220703,2.8069302588562515,55.805599341337825,37.453343654297534,0.9909223561391614,0.13443542726384713,val
30618_616ec56b,1785177869.6814404,8.119518104288906,8.088304677394747,0.9260937663384758,0.8362695431095852,1.0057153701782227,1.0969409942626953,0.9999833106994629,0.10397624969482422,0.10199189186096191,7.4187318904292665,55.805639493330666,37.45388253606774,0.9908536196005301,0.13494111502625053,val
30618_616ec56b,1785177870.3832293,5.123028035600612,-8.035576259453453,1.467771608861163,6.228910391768346,1.3036482334136963,1.2992503643035889,1.299978494644165,0.07795929908752441,0.05799221992492676,5.004906634653002,55.80564489282867,37.45395350512176,0.992045487158119,0.12587990867970264,val
30618_616ec56b,1785177956.6572316,7.943074529541212,-5.596063807681378,0.9466655605570243,1.3725288664428335,0.9217431545257568,0.9026648998260498,0.9005916118621826,0.17194747924804688,0.0819857120513916,0.7923714635591452,55.80655654168956,37.45781588215686,0.6511767184306397,0.7589261369684821,val
30618_616ec56b,1785178020.1975439,3.085508763062339,-6.25762800287586,2.437016284663338,5.129362464857111,2.081432580947876,2.0591461658477783,2.1002094745635986,0.10795736312866211,0.09197044372558594,1.260998561015253,55.80957245574744,37.46143497956981,0.30966463580178616,0.9508458409930325,val
30618_6cb3280a,1786377347.691553,3.289604914753559,10.388001671559884,2.285817080443435,6.1140831703406056,2.047421932220459,2.127317428588867,2.0001354217529297,0.16794872283935547,0.11196374893188477,3.010902026900072,55.80012515412244,37.389990980866955,0.6876361153193311,0.7260554888633097,val
30618_6cb3280a,1786377364.1269746,3.1031251814958836,5.226634347599842,2.4231813614523783,0.6865825070105236,2.7012460231781006,2.782048463821411,2.699765920639038,0.07747530937194824,0.0659797191619873,3.299255079944578,55.80036517963954,37.3905945446136,0.993507604743519,0.11376572118523219,val
30618_6cb3280a,1786377372.0367765,7.173549459981403,5.58616968573193,1.0482168059204888,1.2131868283380753,0.9017534255981445,0.8885862827301025,0.9000051021575928,0.10396909713745117,0.10997843742370605,2.618349902483044,55.800275878061534,37.391246348728416,0.9382432784541778,-0.34597622813649526,val
30618_6cb3280a,1786377373.8842533,6.102810107025946,6.381920086828317,1.232126671186688,2.088739597904016,1.243657112121582,1.2893948554992676,1.246715784072876,0.1599588394165039,0.09197020530700684,2.398976614856379,55.80023679581985,37.391429721615395,0.9352362072260202,-0.35402434477517003,val
30618_6cb3280a,1786377488.9302297,11.1649553536943,-6.05303257081917,0.6734854608770376,2.718192457430928,0.6078250408172607,0.5470659732818604,0.6000337600708008,0.09596896171569824,0.10796642303466797,0.7933574158953219,55.798945251135876,37.399126776760504,0.9926567214884018,0.12096542185227002,val
30618_6cb3280a,1786377557.6330884,9.107882209469496,-5.610698320305329,0.825596437142805,0.6088145554058423,0.8977627754211426,0.816831111907959,0.8998103141784668,0.09595656394958496,0.09598779678344727,1.5190728579535637,55.79939933285742,37.40471037273068,0.9896756887296287,0.1433249145736182,val
30618_6cb3280a,1786377645.596597,4.0701074911188995,-8.166811697053504,1.847478259102983,-0.5640168830005681,2.0374228954315186,2.023627758026123,2.0453641414642334,0.15795660018920898,0.09797000885009766,2.8421962908339613,55.802079589308136,37.40820699767201,0.36828236948971393,0.929713986300648,val
30618_6cb3280a,1786377655.143935,11.013075449835611,6.113317677269018,0.6827734120505453,3.152035334379922,0.6898095607757568,0.6977012157440186,0.6998715400695801,0.09359431266784668,0.10197019577026367,1.2822911575574942,55.8027431790633,37.40866453423111,0.36071380076872583,0.9326765537607237,val
30618_6cb3280a,1786377699.5335689,3.537978799799728,5.057623842650257,2.125347699223071,2.670675676585505,2.2113828659057617,2.253404140472412,2.1998026371002197,0.09796333312988281,0.10198163986206055,2.129137930399264,55.8052693785013,37.410378380300195,0.424304250594647,0.9055196866591665,val
30618_6cb3280a,1786377712.2420273,4.0531742722265935,-5.184559804598715,1.8551965933415404,4.616343067821454,1.8115005493164062,1.766796588897705,1.8000812530517578,0.10197639465332031,0.11197996139526367,2.051628524559775,55.805532140046786,37.41095917503246,0.9868394862024066,0.16170290186564454,val
30618_6cb3280a,1786377714.3414397,4.294233473443784,5.235263176818687,1.7510540934850714,8.468711752572974,1.715524673461914,1.6288766860961914,1.7000768184661865,0.10397076606750488,0.10594987869262695,3.6150658143601606,55.80553838110119,37.41109919575374,0.9999814074059399,0.006097937555894829,val
30618_6cb3280a,1786377726.138146,7.063071396725564,-8.140338130160924,1.064612642248011,1.3868560896364828,1.0037198066711426,0.9810702800750732,0.9989871978759766,0.09396505355834961,0.08797335624694824,1.2013476936087526,55.805382753053784,37.41231902787395,0.9720199175334929,-0.23489844596799975,val
30618_6cb3280a,1786377798.3460345,11.601777584394096,-5.89834190009564,0.6481278448372407,4.608917436537025,0.5958294868469238,0.5269045829772949,0.6000003814697266,0.09797453880310059,0.0999753475189209,0.39489387347241006,55.805052321435795,37.41469482413321,0.9681720576549819,-0.25028557045127137,val
30618_6cb3280a,1786377799.3457553,12.304117978880912,-10.873109979591487,0.61113158334152,9.73908940299015,0.601830005645752,0.5491583347320557,0.6000003814697266,0.09797477722167969,0.1019754409790039,1.532951024340198,55.80504349419823,37.414867131762,0.9732893714274147,-0.2295817925411946,val
30618_6cb3280a,1786377804.0764472,14.311676375080467,6.424525974175123,0.5254056132199312,5.559402074241537,0.4678630828857422,0.5477368831634521,0.5000004768371582,0.1339724063873291,0.10397148132324219,1.402033810717467,55.804905733808546,37.41584234535114,0.9710257077004941,-0.2389750509671552,val
30618_6cb3280a,1786377804.9422057,14.406106163126145,7.3153305224666605,0.5219616610421137,-1.2816507013289666,0.4998493194580078,0.418811559677124,0.5000002384185791,0.08795928955078125,0.09997391700744629,0.652534643776629,55.80487852827193,37.41605130709139,0.9712518032908559,-0.23805447822769535,val
30618_6cb3280a,1786377805.739966,14.253811250983475,-7.0640505234356175,0.5275385628202095,4.426874427504593,0.5158674716949463,0.4590110778808594,0.5000004768371582,0.09196162223815918,0.11597633361816406,1.1065768264957037,55.8048536370635,37.416228498122024,0.9743744658879723,-0.22493199022266439,val
30618_6cb3280a,1786377806.5457408,14.190375793338578,5.397131666151507,0.5298968266636195,1.650884951694174,0.5238661766052246,0.573314905166626,0.5002415180206299,0.10395312309265137,0.12197303771972656,0.5621593239678682,55.80482926067103,37.41640513258911,0.9716413831887469,-0.23645934634744048,val
30618_6cb3280a,1786377925.3489766,13.449163745645887,5.971445067610949,0.5591005689471764,3.822981206488814,0.5998601913452148,0.5798399448394775,0.6000509262084961,0.0743107795715332,0.08831787109375,2.926461685819509,55.80415795377601,37.421515756551265,0.9736756458182327,-0.22793801074074427,val
30618_6cb3280a,1786377926.1524208,13.815676051603242,-5.759917065983361,0.5442683422778837,1.4724007026977555,0.5938444137573242,0.5136761665344238,0.600050687789917,0.09996700286865234,0.09741878509521484,1.0241729519241773,55.80413709211594,37.42168799460062,0.9813144621245871,-0.19241082720349262,val
30618_6cb3280a,1786377927.0621645,14.146676212955677,-5.627751925560889,0.5315336965984967,0.11889915969559836,0.5938661098480225,0.6201481819152832,0.5984866619110107,0.11157917976379395,0.10399580001831055,1.428346327746933,55.804111249129,37.42188590180699,0.9726305210336711,-0.23235720250030845,val
30618_6cb3280a,1786377928.6477344,14.529749212623768,-5.146550797979473,0.5175199511028933,-1.1314748650851825,0.5938234329223633,0.6084263324737549,0.6000704765319824,0.09996938705444336,0.09397387504577637,0.6133068089932924,55.80406726236783,37.422239763624695,0.9756494848819643,-0.21933554807544942,val
30618_6cb3280a,1786377931.5469081,14.55173141644613,-6.382857197889907,0.5167381727205336,6.380328702464614,0.5238747596740723,0.5221004486083984,0.500058650970459,0.09996747970581055,0.11996722221374512,0.08399669948596224,55.80398389048859,37.42289621110366,0.9755511903580574,-0.219772325352801,val
30618_6cb3280a,1786377991.3522627,3.797877462562376,6.058568766646025,1.9799046115039989,4.870411509922281,1.891462802886963,1.8615946769714355,1.9005873203277588,0.08997130393981934,0.09358453750610352,0.0,55.804104185410104,37.430317531237776,0.9640487912564648,0.26572528686022523,val
30618_6cb3280a,1786378018.8665907,7.117602087113256,-5.340124852784051,1.0564562348418767,0.36512352334030773,0.9839768409729004,0.9895944595336914,0.9999785423278809,0.11774849891662598,0.10002899169921875,2.7614645034168572,55.80418551037575,37.430841164230266,0.9633974156662669,0.2680772640257995,val
30618_6cb3280a,1786378135.5740702,3.82262709152898,5.7120625468302855,1.9670857036297305,1.2870040989579699,1.797502040863037,1.7967126369476318,1.8002328872680664,0.11196494102478027,0.0999753475189209,1.5957201803329168,55.80543615703226,37.45070280850843,0.997005812539259,0.07732664329280095,val
30618_6cb3280a,1786378143.6658227,4.537936721415441,-6.202423353697796,1.6570162969810969,2.56449825594757,1.5015811920166016,1.55584716796875,1.5001940727233887,0.08397674560546875,0.08997964859008789,0.5131014611860298,55.80545643210759,37.45122230960116,0.9968217036790726,0.07966486725245499,val
30618_6cb3280a,1786378162.2626457,4.153770402689364,-5.8549157778363545,1.810267389161877,5.186196472432245,1.9054648876190186,1.9371778964996338,1.9000420570373535,0.09599542617797852,0.0839846134185791,2.0580474676565053,55.805493106052786,37.45186722066466,0.9903314051632526,0.1387216924182282,val
30618_6cb3280a,1786378163.464305,4.033060114917864,-8.171919920084688,1.8644490505461984,1.4269425398996327,1.6175458431243896,1.7000236511230469,1.6000354290008545,0.09997415542602539,0.10797119140625,1.6375399427938235,55.80549867361579,37.45194496292342,0.9912205682719095,0.1322187015316395,val
30618_6cb3280a,1786378331.8833807,3.212338057988084,-8.499475077373287,2.3407981869641215,1.8466272107855302,2.4892964363098145,2.513847589492798,2.500333547592163,0.09599900245666504,0.09996461868286133,3.625486422819309,55.80920086007571,37.46100713405192,0.5485626407330529,0.8361094600541126,val
30618_6cb3280a,1786378350.4781892,3.1705513673318553,-6.526929764808646,2.3716490385652564,5.592041571017273,2.199380397796631,2.1754157543182373,2.2001216411590576,0.10197186470031738,0.09596681594848633,1.3839355443667172,55.80957638294795,37.46144070924188,0.31314768947089056,0.9497044406440578,val
30618_6cb3280a,1786378421.5843656,3.1052447845886086,-7.9912577130186815,2.421527326725886,1.3796842908962772,2.3893463611602783,2.367877244949341,2.3999929428100586,0.09997701644897461,0.09197854995727539,4.049930709697151,55.81001751582035,37.46162241043186,0.6724728504461345,0.7401217909323107,val
30618_6cb3280a,1786378429.5941257,3.685767818229502,-5.227142495251407,2.0401271791630093,1.2012842877397991,1.8814778327941895,1.876784086227417,1.9005820751190186,0.11996603012084961,0.09796404838562012,1.5130087175006743,55.810168353531836,37.46188931239811,0.8015068161344722,0.5979856383643184,val
30618_2366c74a,1786384075.0979118,11.03481207352836,5.434788162884105,0.6814284694610144,2.4752332586268007,0.6957926750183105,0.70169997215271,0.6999907493591309,0.09598636627197266,0.08996319770812988,1.2995246613340594,55.80274224669202,37.40867193419331,0.36078748875138306,0.9326480514966354,val
30618_2366c74a,1786384373.5188289,13.838995446200796,-7.69921235724076,0.5433512230917494,4.615386311332854,0.5838408470153809,0.5828499794006348,0.6000509262084961,0.07998847961425781,0.09998130798339844,2.3041316674240853,55.80413717565714,37.42168812100149,0.980931417825613,-0.1943541960510049,val
30618_2366c74a,1786384456.3097856,14.371033547830274,5.826297094507963,0.5232355123956712,2.0638606161597965,0.5358378887176514,0.4347383975982666,0.5000777244567871,0.10166692733764648,0.13595271110534668,1.4167553861033102,55.80456033517055,37.43325941713931,0.9686571522685905,0.24840153252124816,val
30618_2366c74a,1786384575.924489,4.052754695658394,-6.287666874734609,1.855388659498617,7.482568265244453,1.8894753456115723,1.975266933441162,1.9001004695892334,0.09797143936157227,0.1058645248413086,4.640083940278096,55.80548822207795,37.451860815519375,0.9908587760831186,0.13490324628808786,val
30618_2366c74a,1786384576.450334,4.004563464702096,-8.039693125343323,1.8777165522119486,4.172941957328792,2.0734219551086426,2.0877304077148438,2.100111246109009,0.12195587158203125,0.07398557662963867,2.5384019797267268,55.80549071928109,37.451894269384404,0.9929334713704979,0.11867232799659944,val
30639_d927f360,1787724887.2110112,3.2513213360989917,6.019903604211928,2.312732063289795,0.16785290139270198,2.394062042236328,2.3965587615966797,2.3997843265533447,0.10400843620300293,0.09406852722167969,1.6677969262004064,55.79968170096759,37.38922966934239,0.6921642374284052,0.7217400282824519,val
30639_d927f360,1787724890.4129994,3.1593798202322203,5.023428306561217,2.3800351745937474,0.4622359893564675,2.7020070552825928,2.6856021881103516,2.6997570991516113,0.10600709915161133,0.10806441307067871,1.9799200025887982,55.79974507588844,37.38933867857948,0.6897666377992714,0.7240317571619969,val
30639_d927f360,1787725101.9263153,9.036631943351692,-5.5120207043004985,0.832105938273435,0.5725490523958161,0.7980265617370605,0.8216044902801514,0.7998929023742676,0.10801815986633301,0.1060340404510498,0.25404662189413263,55.79939676411761,37.404677406236516,0.9892895784096065,0.14596619488821036,val
30639_d927f360,1787725292.1257775,6.609826567421102,6.395409300276875,1.1376145841884238,2.5234534775689155,1.2120530605316162,1.2397270202636719,1.2000410556793213,0.09990739822387695,0.10601353645324707,1.2275265191279732,55.80428846564306,37.40971269297863,0.3545441746342763,0.9350392656102202,val
30639_d927f360,1787725396.6324103,3.9920195145327835,9.524789644132376,1.8836168196773986,2.55567676188052,2.0000271797180176,2.012118101119995,2.0006096363067627,0.10000467300415039,0.09605693817138672,2.5084158782796764,55.80522482776968,37.41344194432674,0.9673752347842058,-0.2533478934710186,val
30639_d927f360,1787725430.7359765,4.874293617528551,-5.810685077270386,1.542671757608847,4.5556215977779715,1.401965618133545,1.373509168624878,1.3999323844909668,0.09600591659545898,0.10794782638549805,2.167634357410667,55.80491690157551,37.415667410088616,0.9720956932711219,-0.23458466088757204,val
30639_d927f360,1787725432.8379521,6.709988300817058,6.233755858738265,1.120633116623874,1.139075103798416,0.9939613342285156,1.0058932304382324,0.9999518394470215,0.1059720516204834,0.08399772644042969,0.5650960967813143,55.804890187308295,37.415860932455885,0.970000487168919,-0.24310297178779947,val
30639_d927f360,1787725483.3432581,13.8685283348155,-5.031827578563446,0.5421941622441361,,0.5060393810272217,0.5220835208892822,0.49996161460876465,0.09998345375061035,0.19802451133728027,2.295296661091794,55.80413720962607,37.42168625375828,0.9792940088237253,-0.2024431877884699,val
30639_d927f360,1787725501.089067,9.838965004887585,-5.022911796061253,0.7642506196860152,0.8911525330373291,0.7520310878753662,0.7329225540161133,0.7528953552246094,0.09000039100646973,0.10406804084777832,0.3106050314801999,55.803764307812585,37.42502276785589,0.9970339810106689,-0.076962592926805,val
30639_d927f360,1787725652.643068,7.057297772458402,-5.066278553318427,1.0654836092363107,2.532552770806824,1.2119660377502441,1.2039768695831299,1.1998326778411865,0.19003081321716309,0.09989094734191895,0.7086727895682031,55.80540961088043,37.450183537502696,0.9979623340203103,0.06380579814354365,val
30639_d927f360,1787725666.7708611,4.834900522137186,5.542445360293484,1.5552409129465428,2.484635527651519,1.3740227222442627,1.2732772827148438,1.4000420570373535,0.11989784240722656,0.0980062484741211,2.3925405794900234,55.80545182057219,37.45122153899488,0.9972099425833767,0.07464804359699265,val
30639_d927f360,1787725682.0510623,3.9553612140285623,-7.920971076796041,1.9010741864447211,10.137459367117707,1.8036282062530518,1.7690889835357666,1.8000435829162598,0.08642983436584473,0.09803318977355957,5.764104782524714,55.80548851753028,37.451863614051874,0.9903049634728456,0.13891032834546882,val
30639_d927f360,1787725682.4566448,3.9335730276804233,-8.519549567249742,1.9116042969433484,2.696900963061043,1.8960118293762207,1.9215569496154785,1.9000458717346191,0.09797811508178711,0.08998322486877441,2.9194937341363856,55.805490405625505,37.4518890025839,0.9926397514614782,0.12110459866782462,val
30639_d927f360,1787725876.772079,3.9365326419187943,-5.036766967612776,1.910167090190604,0.639937406407328,2.0879666805267334,2.0926084518432617,2.098717451095581,0.11398530006408691,0.08795857429504395,1.095495104856577,55.80964665179048,37.46145918437732,0.011896738472399146,0.9999292313027554,val
30639_d927f360,1787725950.3650992,3.306886119528599,5.2963752049551855,2.273871802735759,0.922940407819683,2.415964126586914,2.429455041885376,2.3999576568603516,0.10601639747619629,0.12200140953063965,2.1047751432484825,55.81011352383516,37.4617567443896,0.7195746593454255,0.6944150845336778,val
30639_d927f360,1787725959.4629886,3.9415517130391247,6.423942986958252,1.9077347322830152,0.7034178879153596,2.001967668533325,1.9549040794372559,1.9999644756317139,0.10000109672546387,0.09991097450256348,3.8791958028049898,55.8103219275041,37.46221077013534,0.655656220444939,0.7550595477125348,val
30639_2b4a6347,1787727692.2703562,3.385853694299407,5.2847052730265975,2.2208387547029727,0.5670036399427095,2.000059127807617,1.9834980964660645,2.000040054321289,0.09600567817687988,0.10604691505432129,2.289752968609668,55.79960317668338,37.389088068008355,0.6891575331064882,0.7246115473566368,val
30639_2b4a6347,1787727699.5942552,3.1887127649428986,5.448793251187719,2.3581412489465814,2.494578987082173,2.485980987548828,2.477881669998169,2.5000498294830322,0.12797832489013672,0.11591267585754395,2.926944194607652,55.79975168912777,37.38934453004452,0.69082004193577,0.7230267420088008,val
30639_2b4a6347,1787727714.8761072,3.5099557138122837,6.269763037402315,2.142316232784384,0.9178644062463499,1.9939851760864258,1.8618385791778564,2.0001189708709717,0.1080021858215332,0.0920572280883789,2.6638220505834287,55.799885686429086,37.38957376136483,0.6962176285062892,0.7178307695808803,val
30639_2b4a6347,1787727730.8718514,3.0065629722171225,5.582122338965715,2.5010070208206265,2.2417578463485106,2.5980379581451416,2.618345260620117,2.5999462604522705,0.09797835350036621,0.09603643417358398,3.6241138907794,55.80017973611234,37.390079813288985,0.6938989975204545,0.7200723444488812,val
30639_2b4a6347,1787727900.881712,3.2851711890632784,5.105840063502568,2.288902059986231,0.8144092780354185,2.4939680099487305,2.5077085494995117,2.502765417098999,0.1000063419342041,0.09800195693969727,1.7379690439282818,55.79917036010104,37.40185601426183,0.9906104186558398,0.13671502642541378,val
30639_2b4a6347,1787728116.7889626,3.547247297522829,5.424428371048629,2.119794440975527,1.549236274390148,1.9939744472503662,2.01621675491333,2.0000855922698975,0.10199546813964844,0.09400296211242676,1.33304357521003,55.80521264963482,37.41033905296413,0.34946834082032224,0.9369481729339628,val
30639_2b4a6347,1787728133.0007162,4.303749326466872,-5.7089180526493255,1.7471824057716143,3.6657501597034647,1.487983226776123,1.3848881721496582,1.5006577968597412,0.10199975967407227,0.09193277359008789,3.456115013994486,55.80552980873397,37.41090752251651,0.967703290439245,0.25209193099553645,val
30639_2b4a6347,1787728133.3947399,4.305737546819382,-5.959897818518715,1.7463756256135274,2.1339267787316394,1.897960901260376,1.869616985321045,1.9008333683013916,0.10196089744567871,0.10001492500305176,3.303200172883267,55.80553323965078,37.410933846524614,0.9798649844403594,0.19966124377979355,val
30639_2b4a6347,1787728147.6205966,6.929695878463919,-5.315911546095935,1.0851031897984476,2.5595916999493755,1.0799591541290283,1.1408445835113525,1.1000173091888428,0.10601091384887695,0.09990072250366211,2.403804954750271,55.80538602691334,37.41231770092915,0.972803699318051,-0.23163109159418802,val
30639_2b4a6347,1787728199.3919501,8.29915197016911,6.949337386460996,0.9060486094341434,4.9802465362770745,1.007904291152954,1.0070233345031738,1.000030279159546,0.09807777404785156,0.1100149154663086,1.39663293294291,55.80506309562561,37.41466878013196,0.9671706049957098,-0.25412796153165146,val
30639_2b4a6347,1787728358.4178245,4.066525572801183,5.701766132695584,1.8491055736493676,0.5591929533956363,1.6039881706237793,1.6192646026611328,1.5998167991638184,0.11797189712524414,0.1220388412475586,4.702174938266555,55.80449129708694,37.41893399199122,0.9776424101463752,-0.21027438713068888,val
30639_2b4a6347,1787728361.0019073,5.40509536752259,5.518881421576926,1.3911752875325982,1.1632291517724709,1.397831916809082,1.4142541885375977,1.3998398780822754,0.08608651161193848,0.09598660469055176,1.411186144957433,55.804467542248084,37.41913019403332,0.9751180520952812,-0.2216862297886462,val
30639_2b4a6347,1787728586.3229032,3.651374190272059,5.043970509260732,2.059343882664102,1.781545149816205,1.809938907623291,1.777174472808838,1.800309419631958,0.10201883316040039,0.11797690391540527,2.097948401108935,55.80543348755634,37.45070079326097,0.9975683134988358,0.06969547978949929,val
30639_2b4a6347,1787728611.4365187,3.4128941182080443,-5.232335765234621,2.203243007726963,0.7587790716314144,2.2059946060180664,2.2052669525146484,2.1997628211975098,0.11197781562805176,0.10602045059204102,0.7726419498330455,55.80547884172909,37.45163749530649,0.9941400549829714,0.10809972746706908,val
30639_2b4a6347,1787728615.4225802,3.919161371384975,-5.236758866261463,1.9186337048931195,8.121334094820332,2.0139310359954834,2.0755999088287354,1.999784231185913,0.08605170249938965,0.11206531524658203,4.305786554350174,55.80549650410345,37.451894152413225,0.9930976767828082,0.117290256920978,val
30639_2b4a6347,1787728741.4409194,3.3417309634503973,-6.539468640105907,2.2501617228606583,5.875179301480057,2.0938973426818848,2.1091349124908447,2.0997672080993652,0.11202430725097656,0.10999393463134766,1.9265847610180005,55.80958822516529,37.461438083193045,0.3132330497835992,0.9496762903870273,val
30639_2b4a6347,1787728743.3308513,3.8675743399987126,-7.699772106066177,1.9442250984778373,1.9265847610180005,1.7099549770355225,1.8324377536773682,1.6998116970062256,0.10003137588500977,0.11401033401489258,0.9623542847551412,55.809651226814196,37.46145574441169,0.026130318345224734,0.9996585449358082,val
30639_2b4a6347,1787728779.5404196,3.2427901914503017,5.048874020100861,2.318816407512128,1.0079251820949242,2.487966299057007,2.477898597717285,2.499560594558716,0.1080484390258789,0.18204474449157715,1.7624050091097125,55.81024620748407,37.46204988335548,0.7897447018605568,0.6134356574924387,val
30618_01f73500,1787731630.5094151,3.144707579333858,6.585237598884401,2.3911396886216023,1.700855795735912,2.5012850761413574,2.5025620460510254,2.4985365867614746,0.10396718978881836,0.10197710990905762,3.8667874685049104,55.810554050242736,37.462310697545696,-0.30449885745410743,0.9525127011274669,val
30618_01f73500,1787731631.0172696,3.084654607443435,-5.191103822793909,2.4376911061321285,3.493670626276535,2.495293378829956,2.5554468631744385,2.5002799034118652,0.12195920944213867,0.09395694732666016,2.2804543503314902,55.810567643573734,37.46230198361276,-0.34704969046381995,0.9378467424632698,val
30618_01f73500,1787731631.7110755,3.1341171637698784,6.133109280049118,2.3992195279035413,3.8667874685049104,2.4893136024475098,2.497138500213623,2.5002799034118652,0.09997701644897461,0.097991943359375,3.9609076353764063,55.81058581528702,37.462288446867305,-0.4177890697417944,0.9085440513284351,val
30618_01f73500,1787731632.3328903,3.0784850118374654,6.934970751454982,2.442576485881997,3.7570639858113433,2.481309652328491,2.470224618911743,2.5002799034118652,0.1299457550048828,0.10596132278442383,3.9609076353764063,55.810601177382296,37.46227451199884,-0.47854546987285174,0.8780627729633979,val
30618_01f73500,1787731632.908723,3.069638485563741,5.291723617242783,2.449615854576245,3.5010576931389426,2.5073158740997314,2.5849523544311523,2.5002799034118652,0.09996747970581055,0.09197211265563965,1.9581967977201349,55.81061478814116,37.46226013505973,-0.5324500056448728,0.8464614530436545,val
30618_01f73500,1787731659.9131975,3.556233898385904,-6.905259882996299,2.114437721733449,2.6738670301451513,2.2913589477539062,2.3290963172912598,2.2999587059020996,0.09797191619873047,0.0999760627746582,0.15741264552743106,55.81041533036922,37.461306688092314,0.06096203045963234,-0.9981400857806678,val
30618_01f73500,1787731667.3311381,3.3077186784000228,8.74089923822961,2.273299465023302,0.14172811122081877,2.377331018447876,2.3642871379852295,2.3999569416046143,0.11598062515258789,0.11996626853942871,1.9209927178608968,55.81019575784401,37.46133345171115,0.07850471320545194,-0.9969137425096165,val
30618_01f73500,1787731733.02079,3.905702715590206,6.758226590054216,1.9252451222258637,1.0987603962348296,2.181398391723633,2.2100560665130615,2.2000415325164795,0.10197257995605469,0.06999778747558594,2.404986033422007,55.80882169796046,37.46049131677195,-0.5524275145422567,-0.8335609402897096,val
30618_01f73500,1787731756.5702107,7.87440609875307,5.305182624102787,0.9549209181940811,1.5378068018442084,1.0617039203643799,1.077354907989502,1.0500433444976807,0.13796281814575195,0.11795735359191895,0.6338219451835482,55.80724719332068,37.458626731503394,-0.7150868386434358,-0.6990356308507719,val
30618_01f73500,1787731954.2250357,4.581749643563884,7.492133312152801,1.641171099913135,1.9970135202504633,1.8054983615875244,1.8500258922576904,1.7997634410858154,0.10796427726745605,0.10795783996582031,2.234590066978161,55.80552143796818,37.451893145914944,-0.9921103009051496,-0.12536806147457685,val
30618_01f73500,1787731962.4127667,4.129297990129461,-5.985712885239071,1.8209959949678045,0.7102237071930769,1.9314734935760498,1.9416875839233398,1.8997502326965332,0.07397341728210449,0.11398649215698242,3.058422693651736,55.805488951918164,37.451349407274144,-0.9975101928243824,-0.07052244473544432,val
30618_01f73500,1787732152.3497512,8.685238837854142,-5.1641926753837195,0.8657718276302667,2.0765341789137173,0.7717947959899902,0.8465530872344971,0.7980656623840332,0.11398005485534668,0.0899808406829834,0.6779895724667502,55.80399256453241,37.42309480638431,-0.9769979399408126,0.21324874056230306,val
30618_01f73500,1787732403.0417752,4.280355053286604,5.866416695136615,1.7567316282046914,2.761306121474206,1.7195234298706055,1.6739304065704346,1.699951171875,0.07997369766235352,0.10197281837463379,6.532714841272804,55.80549304516859,37.41064486854332,-0.8355926122653934,-0.5493496030102287,val
30618_01f73500,1787732405.7510202,4.450530500917912,5.560821933313668,1.6895592784957854,4.2185045700944075,1.7815046310424805,1.8548557758331299,1.7999482154846191,0.09596562385559082,0.07797980308532715,1.1917760081364008,55.8054258942918,37.41049797478874,-0.6985417474444072,-0.7155693027773857,val
30618_01f73500,1787732696.0240252,7.800656541019956,5.785604247124461,0.9639490038451518,0.3743066367019781,0.8417665958404541,0.8054726123809814,0.8383655548095703,0.16594958305358887,0.08997845649719238,1.1762468703131441,55.799890468702145,37.393201320329766,-0.9325819906501505,0.3609582118680816,val
30618_01f73500,1787732752.1703644,4.377743318924924,5.2981230427461234,1.7176509800261561,3.608588764906888,1.4995880126953125,1.5017597675323486,1.4999325275421143,0.10597562789916992,0.10798358917236328,2.989347541293723,55.80006409126082,37.392382622089464,-0.936344577753443,0.35108237169035755,val
30618_01f73500,1787732753.6699524,4.039384764120917,6.2772065719651975,1.861529797518755,2.9059354163076963,1.9994285106658936,1.952373743057251,2.000873565673828,0.10798358917236328,0.10596632957458496,0.9760364019320732,55.80008407112611,37.392289212791944,-0.9367834380472629,0.34990968863458194,val
30618_01f73500,1787732770.7631729,4.178631728774765,6.436828412690886,1.7994969621932106,0.47730243851065657,1.9074690341949463,1.8851313591003418,1.9000506401062012,0.09597134590148926,0.09998369216918945,1.398980600678483,55.80031988856438,37.39118149071144,-0.9373474805849129,0.34839589641830787,val
30618_dd8d0741,1787734395.8519351,3.0843932875729263,5.376296405669812,2.4378976352822086,3.281252849132337,2.797231912612915,2.723363161087036,2.79809832572937,0.10598111152648926,0.09598231315612793,4.793086873392323,55.8104525423959,37.46232922279278,0.17773696601465208,0.9840780309060387,val
30618_dd8d0741,1787734398.8550997,3.164406798734476,-5.1358638867372735,2.3762542493150884,1.6276269961635534,2.7152352333068848,2.7690303325653076,2.7005655765533447,0.10797810554504395,0.21593451499938965,5.15915889916446,55.81053927435414,37.46231833548405,-0.22625118301419042,0.9740689925178192,val
30618_dd8d0741,1787734399.9587963,3.07546294256491,5.709278550072842,2.444976656354444,5.759679189124356,2.5172946453094482,2.4751410484313965,2.500523567199707,0.10997223854064941,0.12996506690979004,6.3879750519502005,55.8105682364271,37.46230145451309,-0.3546316390623172,0.9350060965448164,val
30618_dd8d0741,1787734400.7525625,3.0032824929070405,-6.801061865642703,2.5037388656622452,5.15915889916446,2.3993422985076904,2.3317086696624756,2.4005026817321777,0.09597516059875488,0.07598233222961426,4.490245730626107,55.81058798967432,37.462286440291905,-0.43078335912721916,0.9024553714722235,val
30618_dd8d0741,1787734810.4523523,5.315505433564599,-6.2627616054864035,1.4146227853654532,2.2995838666527777,1.4236092567443848,1.3892929553985596,1.4003229141235352,0.1699388027191162,0.10397124290466309,1.6069720026468484,55.80518863326199,37.44366577536854,-0.9975811682063128,-0.06951124254484495,val
30618_dd8d0741,1787734950.7612443,7.791329895334144,5.779113913353815,0.9651029032357346,1.1194561477872635,1.0177173614501953,1.0271751880645752,0.9999706745147705,0.17593812942504883,0.07198500633239746,1.743790875255329,55.80422850470692,37.42121648493459,-0.9747873423565896,0.22313591638590388,val
30618_dd8d0741,1787735199.9057941,4.385375562072336,-6.3077195630070255,1.7146616055161759,3.790218455171728,1.6955304145812988,1.685809850692749,1.7002708911895752,0.10596728324890137,0.07396841049194336,3.7086029541106194,55.80538049212672,37.41042864286082,-0.6215195962034988,-0.783398615989995,val
30618_dd8d0741,1787735306.9719572,5.485687456786591,-6.4068205561151945,1.3707370609952854,1.562501798431144,1.4316027164459229,1.4518415927886963,1.4437785148620605,0.16395831108093262,0.07598447799682617,1.1693465796579028,55.80151422681833,37.407756769843886,-0.36544623639366663,-0.9308324491044049,val
30618_dd8d0741,1787735378.877912,5.73843398556616,-5.445308249833121,1.3103636150503661,1.4816992230997372,1.259652853012085,1.2753660678863525,1.2413320541381836,0.16194725036621094,0.11796355247497559,1.609192264585206,55.79975824799581,37.40614127193151,-0.7867155256377755,-0.6173157066853869,val
30618_dd8d0741,1787735623.9176185,3.0348384140381,5.869008717703402,2.4777052601127227,0.3360365260745779,2.7072412967681885,2.6724770069122314,2.7006208896636963,0.09797239303588867,0.07398056983947754,1.1902925335764656,55.80019007501346,37.390027414084294,-0.6964818234561154,-0.7175744348813192,val
30618_a53d5f6f,1787737451.7242978,3.5903174117254366,5.762281893428021,2.094364993328169,1.5472098559010965,2.3053717613220215,2.3214423656463623,2.3002805709838867,0.08596301078796387,0.10597705841064453,1.452102710460119,55.810725063070215,37.46180374961296,-0.9999750431310768,0.007064921443386262,val
30618_a53d5f6f,1787737452.6420414,3.3415467263983825,6.2770370737319245,2.2502857861152887,1.452102710460119,2.3813345432281494,2.3583900928497314,2.4002926349639893,0.11397576332092285,0.09996294975280762,1.171880836070098,55.81072545556625,37.46175296198433,-0.9991051771411834,0.042294739740120935,val
30618_a53d5f6f,1787737463.9249086,3.236699711513244,7.394460981722628,2.3231797115151025,1.6595318491877131,2.5012972354888916,2.395355701446533,2.5006110668182373,0.09998273849487305,0.09996819496154785,1.2487498758996778,55.810563520550716,37.461314347069084,-0.3187550916521927,-0.9478371123488477,val
30618_a53d5f6f,1787737472.8284144,3.531043954786366,-5.135523817057623,2.129521806677508,0.183118815938601,2.0954174995422363,2.1007511615753174,2.100327491760254,0.09397077560424805,0.09597587585449219,2.017555845750829,55.81028958265594,37.46132417103985,0.08993990476392856,-0.9959471941478903,val
30618_a53d5f6f,1787737518.9295738,3.96011278878478,9.607803761867043,1.898793166535493,1.0404234661829352,1.8314886093139648,1.8070595264434814,1.8002510070800781,0.10396432876586914,0.12596726417541504,0.7440676175421282,55.80988697963436,37.46137680405761,0.06914204025790077,-0.9976068254923754,val
30618_a53d5f6f,1787737737.848593,3.78942964873841,6.425523584720965,1.9843184328696406,1.1248514072562341,1.8294942378997803,1.823850393295288,1.8001036643981934,0.0979759693145752,0.13397669792175293,1.192734140953107,55.805584037462204,37.45271828162139,-0.9921823643888233,-0.12479645746496186,val
30618_a53d5f6f,1787737898.5558174,13.383718677729298,-5.082888402965791,0.5618345157364076,2.4465697337551693,0.5058763027191162,0.4815099239349365,0.4998598098754883,0.10796737670898438,0.09999203681945801,2.1473678591903567,55.804454584865105,37.43236707786836,-0.9586876365184426,-0.2844609210184811,val
30618_a53d5f6f,1787737948.9377897,11.475262048494386,5.077898983977366,0.6552734979190251,,0.623828649520874,0.6003820896148682,0.6000628471374512,0.16995549201965332,0.0999748706817627,3.672443929841826,55.803911409064504,37.42373680810964,-0.9781764466924339,0.20777593493030927,val
30618_a53d5f6f,1787737953.0486379,8.560140180721454,-5.158164592343992,0.8784242948484765,1.495007082518536,0.825772762298584,0.9124791622161865,0.8000838756561279,0.1019752025604248,0.10996007919311523,3.5071948995731437,55.80399124516343,37.423099707930824,-0.9768325415421194,0.21400510691187638,val
30618_a53d5f6f,1787737974.1607502,8.30039249840856,5.526428234218478,0.905913196694742,1.4040049351345387,0.8137683868408203,0.7963471412658691,0.7998862266540527,0.09797191619873047,0.11996078491210938,1.4674201256082198,55.804215580719635,37.42131905376373,-0.9758950483523245,0.21824035969869124,val
30618_a53d5f6f,1787738011.4603667,3.905970355005603,5.0593377090221905,1.9251132032832767,2.9559011900106453,1.8894736766815186,1.8239037990570068,1.900491714477539,0.12595391273498535,0.09796762466430664,2.9362995178660305,55.80433843394217,37.42034607960736,-0.9760029257473989,0.2177574084446204,val
30618_a53d5f6f,1787738035.0497956,4.5612084114154925,5.501318228580384,1.6485620528181097,1.1091997004612748,1.825507402420044,1.790113925933838,1.8010625839233398,0.16951227188110352,0.11198639869689941,0.3679924616621764,55.80473104326755,37.417256458811316,-0.9739358804771235,0.2268235012498712,val
30618_a53d5f6f,1787738076.866152,7.779478638917962,5.783525189889092,0.9665731408319957,1.659219897527581,1.003715991973877,0.9976358413696289,0.9999372959136963,0.09398460388183594,0.1839466094970703,0.8119086363692266,55.80512810825904,37.41437824843419,-0.9721708861682569,0.23427284965788553,val
30618_a53d5f6f,1787738173.0753415,4.265739753951792,6.975861173645881,1.762750551082806,3.874587711647244,1.7995071411132812,1.8543908596038818,1.7998621463775635,0.10596418380737305,0.17195677757263184,4.201104195272915,55.80549369584906,37.410646507166675,-0.8380098526242359,-0.5456550988533934,val
30618_a53d5f6f,1787738174.1790369,4.37082152725955,-5.499229112306064,1.7203711144822116,1.1974464463599797,1.8954734802246094,1.9731853008270264,1.8998544216156006,0.10396242141723633,0.10196709632873535,3.907013945944949,55.80546957720266,37.41058309452373,-0.7973069287299385,-0.6035740728354997,val
30618_a53d5f6f,1787738176.0745103,4.079823131392604,-5.882653087570553,1.8430786972590343,3.688407112052116,1.9954330921173096,1.9857304096221924,1.9998466968536377,0.10196709632873535,0.09996557235717773,1.2030529678447588,55.805420454882544,37.41048875105054,-0.6874762005588682,-0.7262069083017202,val
30618_a53d5f6f,1787738249.907936,6.792158405455022,-5.797191390566571,1.1070759327425623,1.5554076580756728,1.1656780242919922,1.2117090225219727,1.1999669075012207,0.12595415115356445,0.0999746322631836,2.3764012668796517,55.80291961569333,37.408722057344846,-0.35620673369088535,-0.9344071718866838,val
30618_a53d5f6f,1787738406.1844234,5.286869189449516,5.301581277702299,1.4222850675140875,0.9147205066847406,1.3016276359558105,1.2818858623504639,1.3005151748657227,0.09398221969604492,0.09597253799438477,2.102293572553407,55.799218729042124,37.40211167392609,-0.9909991833027171,-0.13386791510047447,val
30618_a53d5f6f,1787738425.0491462,12.057054955534893,5.880246521717482,0.6236543774400309,-1.0120877734452165,0.5318582057952881,0.5189206600189209,0.5453996658325195,0.14795732498168945,0.08797836303710938,1.168098631280811,55.79902040543902,37.39966760221138,-0.9896335511719874,-0.14361557852378493,val
30618_a53d5f6f,1787738505.102853,4.375169791932404,5.0297930952814065,1.7186613227947907,0.4077105632857804,1.6975347995758057,1.6527798175811768,1.700430154800415,0.11591863632202148,0.07797479629516602,0.3111951103108453,55.7993815211712,37.395592004308966,-0.9351563815563759,0.3542351507606016,val
30618_a53d5f6f,1787738529.6480157,5.251226285133908,5.066796111533714,1.431938883178904,3.7984637118829165,1.5075795650482178,1.5452167987823486,1.5075795650482178,0.14795517921447754,0.17194318771362305,1.7902148253053178,55.79995012382908,37.39292003638839,-0.933512327901389,0.35854530209741914,val
30618_a53d5f6f,1787738561.5651226,5.933354266504542,-5.258576149253066,1.267316051647832,1.4261956910857518,1.1556851863861084,1.1393721103668213,1.099794626235962,0.16794729232788086,0.13395404815673828,1.9331656768768588,55.800073630982766,37.39233318169178,-0.9357595091792196,0.35263882511808886,val
30618_a53d5f6f,1787738567.1675675,6.477621711318429,5.589832058721669,1.1608327002046988,1.219320735551265,1.1296920776367188,1.1326959133148193,1.1012961864471436,0.17794179916381836,0.10997295379638672,4.719620309359808,55.80019879512991,37.39174222727817,-0.9354457205177177,0.3534703721177884,val
30618_a53d5f6f,1787738577.3207357,3.900916355729547,5.030223225182684,1.927607366153862,4.110201274081023,2.0834274291992188,2.052548885345459,2.1004421710968018,0.04998064041137695,0.10597372055053711,2.9986479344951817,55.800342014669994,37.39105060552176,-0.9284739210204379,0.3713976009412738,val
30618_a53d5f6f,1787738580.1999488,3.6900235795637424,-5.341835815312472,2.0377742688959586,1.469155833825793,1.9014761447906494,1.9414966106414795,1.900400161743164,0.1059870719909668,0.10597562789916992,3.152808166602792,55.80037664090375,37.39087868315906,-0.9660670530476924,0.2582914032943165,val
30618_a53d5f6f,1787738588.1937137,3.0538114087895267,10.572818787115192,2.4623115495645216,1.6175457862660678,2.8072168827056885,2.881612777709961,2.79939341545105,0.10398101806640625,0.09796786308288574,2.641124048555631,55.80038778283737,37.390518997381974,-0.988186056939805,-0.1532589862610361,val
30618_defd0170,1788421637.7589612,3.10378711346351,-5.953554356804867,2.422664579486391,2.7573855455094045,2.3013596534729004,2.227978467941284,2.300698757171631,0.09197568893432617,0.10197710990905762,2.6888310950552827,55.800054059838246,37.38986655564294,0.697195360485997,0.7168811821472235,val
30618_defd0170,1788421638.1508486,3.3498309733901404,5.987494222333491,2.244720752117363,2.123718027812715,2.309356212615967,2.361480712890625,2.300672769546509,0.08997559547424316,0.09997940063476562,2.576408282839377,55.80006248074623,37.38988089292264,0.6880999273148259,0.7256159383787896,val
30618_defd0170,1788421640.7741232,3.15026730324488,7.0659059338137356,2.386919704975221,3.33185740798321,2.587285280227661,2.6043643951416016,2.5998358726501465,0.11597156524658203,0.10197639465332031,2.5187186596882514,55.80011810947125,37.389975293252995,0.6916945687872207,0.7221901574448801,val
30618_defd0170,1788421755.462168,3.2698671768829124,-6.759938169099609,2.299614845280185,1.2630044740369122,2.181398630142212,2.1577517986297607,2.2000439167022705,0.19394326210021973,0.17396187782287598,0.7866614113379883,55.799441476533254,37.395139008653764,0.9367730000490533,-0.34993763212763573,val
30618_defd0170,1788421880.2773793,8.34634621271726,-5.28568708747132,0.9009253762559061,,0.7997961044311523,0.8069429397583008,0.7999570369720459,0.09197092056274414,0.09199094772338867,-0.02712545825831285,55.79981124004985,37.406327661713675,0.7520117055823716,0.659149751321422,val
30618_defd0170,1788422007.5559204,6.224426886488806,-5.702838449406788,1.2080526029435075,0.9833370867117216,1.2276549339294434,1.1678519248962402,1.2300055027008057,0.16396045684814453,0.10196638107299805,-0.053925808325535174,55.80268099629873,37.408611376181014,0.360420864933621,0.9327897941768555,val
30618_defd0170,1788422008.3596904,7.002915158869993,-6.929326776956785,1.0737578467633053,-0.053925808325535174,0.9197494983673096,0.898418664932251,0.9263589382171631,0.16994571685791016,0.09397125244140625,0.603135061323971,55.80272631665931,37.408641414255065,0.3612632258396434,0.9324638768638359,val
30618_defd0170,1788422008.7835753,7.356174236463772,-5.557735793489699,1.0221937192272192,1.657316519436448,1.0137345790863037,1.0090603828430176,1.0002467632293701,0.10196638107299805,0.10599303245544434,1.6188862977313583,55.80275237572378,37.40865838326,0.36077490224131886,0.9326529203904134,val
30618_defd0170,1788422111.360991,4.701303582710864,-5.350753622879937,1.5994361924865317,-1.755779607026129,1.731513500213623,1.7623624801635742,1.6997170448303223,0.1699519157409668,0.10197305679321289,2.8819336659734733,55.80527921059688,37.413060967887894,0.9698005884468878,-0.2438991977192009,val
30618_defd0170,1788422112.1748505,5.449892325555336,-6.690972519847198,1.37974012198271,2.8819336659734733,1.5394904613494873,1.5413551330566406,1.4997503757476807,0.16603660583496094,0.11597156524658203,0.7657551457933293,55.80527014641319,37.413126164278516,0.9743574255016907,-0.2250057940803245,val
30618_defd0170,1788422152.6614866,3.7233110189757075,-5.356734157440299,2.0195559983390723,1.0364034532433797,2.145411729812622,2.2413716316223145,2.1008381843566895,0.1739363670349121,0.08597421646118164,1.3755740180041474,55.804924808502946,37.41559522984829,0.9701989986653923,-0.24230951898072448,val
30618_defd0170,1788422173.8495889,8.499898817683958,5.02162734537457,0.884649954468898,0.5421911694665797,0.9457473754882812,0.9892058372497559,0.9464054107666016,0.15541911125183105,0.09999346733093262,-1.524309673805892,55.80448927685234,37.41889868275335,0.974677651642832,-0.22361456881879166,val
30618_defd0170,1788422227.0087702,3.9075242829554395,-5.271327433529128,1.9243476322985409,3.1893451248240687,1.6555640697479248,1.6500828266143799,1.699903964996338,0.10797595977783203,0.16797971725463867,2.954607160537755,55.80439293329617,37.41968341311719,0.9759580347199702,-0.21795851546919048,val
30618_defd0170,1788422229.6880202,6.533936966986226,6.283583302387725,1.150827615884193,1.929384083607225,1.2316570281982422,1.0920593738555908,1.199932336807251,0.17395353317260742,0.1099698543548584,2.304949983434448,55.80436422682126,37.419905021277636,0.9751783037194941,-0.22142103774205885,val
30618_defd0170,1788422238.1656673,12.116607334698676,-5.784198810093182,0.6205891545664546,0.2825928629703385,0.5318491458892822,0.38906431198120117,0.499971866607666,0.16796064376831055,0.08998227119445801,0.18425330839683435,55.804203318250075,37.42116963579417,0.9744517529472083,-0.22459693047348783,val
30618_defd0170,1788422239.7012296,13.132368857735496,7.645123470639769,0.572587869219429,,0.5858323574066162,0.6724450588226318,0.5999660491943359,0.09796690940856934,0.19993233680725098,0.5338199176222224,55.80416484629687,37.421475245410555,0.9740839454058435,-0.2261867973657739,val
30618_defd0170,1788422245.0097566,14.418170593424408,5.160225166612368,0.5215249086790309,1.1422668756270637,0.585838794708252,0.7005586624145508,0.599937915802002,0.09397554397583008,0.06398248672485352,1.6051848002380513,55.8040186310198,37.4226376924868,0.9759120491221511,-0.2181643242562914,val
30618_defd0170,1788422412.4131217,4.5763343203871925,7.40908961831438,1.6431131503124432,5.943485928301795,1.5055639743804932,1.573563814163208,1.4999849796295166,0.10998010635375977,0.11197495460510254,2.5269426491112705,55.80545722583911,37.45099299810922,0.9983325262631106,0.05772492533659581,val
30618_defd0170,1788422421.614545,4.025109126411734,6.219136591811771,1.8681319849724691,4.380846637031397,2.091416120529175,2.1131856441497803,2.1006758213043213,0.10197687149047852,0.10196900367736816,2.508090908431632,55.80549855070323,37.451826202377504,0.99335545280602,0.1150866820294473,val
30618_defd0170,1788422425.4094946,4.165202179147891,5.927225936306116,1.805298945558668,3.4591975453664614,1.9974339008331299,2.0446736812591553,2.000643491744995,0.10597109794616699,0.09997272491455078,1.1552971505572682,55.80551610245474,37.45206743030922,0.9904699746630188,0.13772882520024132,val
30618_defd0170,1788422438.8197522,3.992765313007384,8.14043750284341,1.8832649836838653,0.34865479424096624,1.893474817276001,1.8551180362701416,1.9006116390228271,0.11197519302368164,0.10597085952758789,1.2208063093121908,55.805567310153876,37.45275078399558,0.9918301749803986,0.1275652930790813,val
30618_defd0170,1788422501.052414,8.425448108146771,9.278313006584746,0.8924670837131653,5.232270863070002,0.7617850303649902,0.7788243293762207,0.7991325855255127,0.13396191596984863,0.10197782516479492,1.674737959906358,55.80608043170662,37.45670376546831,0.8839723408683798,0.4675391968377376,val
30618_defd0170,1788422539.1917784,3.252025033914994,-7.438017148495452,2.3122316168033863,2.2882783644129696,2.229381799697876,2.2290687561035156,2.201348066329956,0.1779494285583496,0.10996174812316895,1.7347447614047986,55.806362646567486,37.457456815181914,0.7688574157680254,0.6394202641600544,val
30618_defd0170,1788422550.2766995,11.39816557709272,-5.023532654531607,0.6597057264342973,,,,,,,-0.07933218671097786,55.80694388143682,37.45832530015603,0.5552156566013353,0.8317064233638863,val
30618_defd0170,1788422569.2874017,4.361732134086736,7.359459633938115,1.7239561877929903,0.859048034299034,1.62953782081604,1.5509743690490723,1.6003177165985107,0.17196178436279297,0.10596585273742676,2.2166771829772753,55.80845466612104,37.46011187798863,0.559533040027221,0.8288080460021465,val
30618_defd0170,1788422570.1891394,3.316444685776683,6.9611371380424165,2.2673181115617993,2.1608318040613463,2.4273359775543213,2.4795706272125244,2.4004764556884766,0.16994857788085938,0.09598469734191895,0.0,55.80848001987494,37.460141756876006,0.555028496924103,0.8318313336260968,val
30618_defd0170,1788422595.1801796,3.4171616189552037,-7.662019208828592,2.2004915015852893,1.062224950973385,2.2433762550354004,2.2536935806274414,2.2409627437591553,0.1579596996307373,0.10996389389038086,1.4704424152544386,55.808563692584535,37.460238366719814,0.5520924062124006,0.8337829303857219,val
